year,state,county_fips,county_name,lei,institution_name,applications,originations,denials,market_share_orig_pct,apps_conventional,apps_fha,apps_va,apps_usda_other,apps_other_loan_type,orig_conventional,orig_fha,orig_va,orig_usda_other,orig_other_loan_type,priority_market
2025,TN,47001,Anderson,549300FGXN1K3HLB1R50,"Rocket Mortgage, LLC",235,177,32,8.41,161,43,31,0,0,127,30,20,0,0,yes
2025,TN,47001,Anderson,549300VNBQD8FDHF7563,"MORTGAGE INVESTORS GROUP, INC.",235,164,5,7.79,139,76,14,6,0,99,50,11,4,0,yes
2025,TN,47001,Anderson,5493004NO7XCFVG4KD53,,259,145,82,6.89,259,0,0,0,0,145,0,0,0,0,yes
2025,TN,47001,Anderson,549300K6L4VXCXWN4205,ORNL,193,111,29,5.27,193,0,0,0,0,111,0,0,0,0,yes
2025,TN,47001,Anderson,549300HW662MN1WU8550,"United Wholesale Mortgage, LLC",127,103,11,4.89,44,52,30,1,0,37,41,25,0,0,yes
2025,TN,47001,Anderson,EQTWLK1G7ODGC2MGLV11,Regions Bank,127,64,42,3.04,122,5,0,0,0,63,1,0,0,0,yes
2025,TN,47001,Anderson,5493001SXWZ4OFP8Z903,"CrossCountry Mortgage, LLC",83,56,9,2.66,39,26,17,1,0,26,17,13,0,0,yes
2025,TN,47001,Anderson,54930074H8866HTIWU69,KNOXVILLE TVA EMPLOYEES CREDIT UNION,58,48,3,2.28,58,0,0,0,0,48,0,0,0,0,yes
2025,TN,47001,Anderson,549300DD5QQUHO6PCH70,"Movement Mortgage, LLC",83,44,8,2.09,3,2,78,0,0,0,1,43,0,0,yes
2025,TN,47001,Anderson,549300MGPZBLQDIL7538,"PrimeLending, a PlainsCapital Company",51,39,0,1.85,40,6,4,1,0,29,5,4,1,0,yes
2025,TN,47001,Anderson,549300LYRWPSYPK6S325,Guild Mortgage Company LLC,74,37,7,1.76,4,39,31,0,0,3,17,17,0,0,yes
2025,TN,47001,Anderson,RVDPPPGHCGZ40J4VQ731,Fairway Independent Mortgage Corporation,61,37,5,1.76,25,18,18,0,0,19,11,7,0,0,yes
2025,TN,47001,Anderson,549300LCT0EFT83E5873,,43,31,0,1.47,43,0,0,0,0,31,0,0,0,0,yes
2025,TN,47001,Anderson,5493001M37Q8TJKTP708,,39,29,6,1.38,39,0,0,0,0,29,0,0,0,0,yes
2025,TN,47001,Anderson,5493000YNV8IX4VD3X12,"VANDERBILT MORTGAGE AND FINANCE, INC.",221,28,103,1.33,221,0,0,0,0,28,0,0,0,0,yes
2025,TN,47001,Anderson,549300LWR6X0ZAV34H19,,27,27,0,1.28,27,0,0,0,0,27,0,0,0,0,yes
2025,TN,47001,Anderson,549300DD4R4SYK5RAQ92,"Cardinal Financial Company, Limited Partnership",39,26,3,1.24,25,8,4,2,0,17,6,2,1,0,yes
2025,TN,47001,Anderson,254900MQ4O1DX3N88207,,29,25,2,1.19,29,0,0,0,0,25,0,0,0,0,yes
2025,TN,47001,Anderson,549300KIOYNU323LVJ37,AMERICAN PACIFIC MORTGAGE CORPORATION,27,24,0,1.14,15,9,3,0,0,13,8,3,0,0,yes
2025,TN,47001,Anderson,549300R0SXC1JU7ZU290,"FIRST COMMUNITY MORTGAGE, INC.",31,24,0,1.14,14,10,5,2,0,11,8,4,1,0,yes
2025,TN,47001,Anderson,549300DG3IV05V4C4E03,,31,23,0,1.09,22,6,2,1,0,14,6,2,1,0,yes
2025,TN,47001,Anderson,549300E2UX99HKDBR481,"Broker Solutions, Inc.",49,23,3,1.09,18,28,2,1,0,11,10,1,1,0,yes
2025,TN,47001,Anderson,549300LBCBNR1OT00651,NATIONSTAR MORTGAGE LLC,32,23,4,1.09,29,1,2,0,0,20,1,2,0,0,yes
2025,TN,47001,Anderson,JJKC32MCHWDI71265Z06,Truist Bank,37,23,9,1.09,37,0,0,0,0,23,0,0,0,0,yes
2025,TN,47001,Anderson,6BYL5QZYBDK8S7L73M02,U.S. Bank National Association,33,19,10,0.9,33,0,0,0,0,19,0,0,0,0,yes
2025,TN,47001,Anderson,5493006VAGP3GQ8FJT49,"Kiavi Funding, Inc.",19,17,1,0.81,19,0,0,0,0,17,0,0,0,0,yes
2025,TN,47001,Anderson,5493002B2WMHY23GFK92,"AMERICAN FINANCIAL RESOURCES, INC.",19,16,1,0.76,7,6,4,2,0,6,5,3,2,0,yes
2025,TN,47001,Anderson,5493003GQDUH26DNNH17,Navy Federal Credit Union,46,16,6,0.76,36,0,10,0,0,13,0,3,0,0,yes
2025,TN,47001,Anderson,549300OBO7DOF2KOP535,FirstBank,53,15,29,0.71,48,3,0,2,0,13,0,0,2,0,yes
2025,TN,47001,Anderson,5493001GDRY0EL7VG372,"ARK-LA-TEX FINANCIAL SERVICES, LLC.",17,14,0,0.67,4,11,0,2,0,3,9,0,2,0,yes
2025,TN,47001,Anderson,5493008NWHQT1R22C024,"AMERICAN FINANCIAL NETWORK, INC.",25,14,0,0.67,7,12,1,5,0,5,6,0,3,0,yes
2025,TN,47001,Anderson,549300CDOC4F7XSRG390,Pinnacle Bank,28,14,6,0.67,28,0,0,0,0,14,0,0,0,0,yes
2025,TN,47001,Anderson,549300GKFNPRWNS0GF29,"AmeriHome Mortgage Company, LLC",22,14,0,0.67,14,3,4,1,0,10,1,2,1,0,yes
2025,TN,47001,Anderson,549300ZPDWAT9R7KRW05,,14,14,0,0.67,14,0,0,0,0,14,0,0,0,0,yes
2025,TN,47001,Anderson,549300QR0KFPEDZPEI42,,18,13,1,0.62,3,9,1,5,0,2,7,0,4,0,yes
2025,TN,47001,Anderson,549300U3721PJGQZYY68,Nationstar Mortgage LLC,27,13,1,0.62,13,8,5,1,0,5,5,2,1,0,yes
2025,TN,47001,Anderson,549300XQVJ1XBNFA5536,21ST MORTGAGE CORPORATION,72,13,32,0.62,72,0,0,0,0,13,0,0,0,0,yes
2025,TN,47001,Anderson,549300AG64NHILB7ZP05,"PennyMac Loan Services, LLC",20,12,4,0.57,5,10,5,0,0,4,4,4,0,0,yes
2025,TN,47001,Anderson,549300CQMDOXGP2WE649,,17,12,2,0.57,17,0,0,0,0,12,0,0,0,0,yes
2025,TN,47001,Anderson,254900UL88QFG0E40516,FIGURE LENDING LLC,23,11,5,0.52,23,0,0,0,0,11,0,0,0,0,yes
2025,TN,47001,Anderson,549300OPCWU6E72WUT29,"MUTUAL OF OMAHA MORTGAGE, INC.",12,11,0,0.52,7,1,4,0,0,6,1,4,0,0,yes
2025,TN,47001,Anderson,549300VZVN841I2ILS84,Freedom Mortgage Corporation,28,11,1,0.52,11,11,3,3,0,8,1,0,2,0,yes
2025,TN,47001,Anderson,549300YIQ7S7Z8PIHE53,AMERISAVE MORTGAGE CORPORATION,32,11,20,0.52,16,14,2,0,0,6,4,1,0,0,yes
2025,TN,47001,Anderson,T68X8LLAQYRNDV034K14,United Community Bank,18,11,6,0.52,17,0,1,0,0,10,0,1,0,0,yes
2025,TN,47001,Anderson,5493001GCBD5XGNIC815,Coastal Community Bank,33,10,0,0.48,33,0,0,0,0,10,0,0,0,0,yes
2025,TN,47001,Anderson,COOWI3L2W9TPYR3WJX37,First Horizon Bank,17,10,5,0.48,17,0,0,0,0,10,0,0,0,0,yes
2025,TN,47001,Anderson,QFROUN1UWUYU0DVIWD51,"Eagle Home Mortgage, LLC",18,10,5,0.48,18,0,0,0,0,10,0,0,0,0,yes
2025,TN,47001,Anderson,549300RPOGWJRH63HS39,UNION HOME MORTGAGE CORP.,12,9,1,0.43,4,1,5,2,0,4,1,2,2,0,yes
2025,TN,47001,Anderson,549300XQ8DRJT0OETE90,,9,9,0,0.43,9,0,0,0,0,9,0,0,0,0,yes
2025,TN,47001,Anderson,549300YW2UBCMDRMBT48,,9,9,0,0.43,3,6,0,0,0,3,6,0,0,0,yes
2025,TN,47001,Anderson,B4TYDEB6GKMZO031MB27,"Guaranteed Rate, Inc.",26,9,9,0.43,24,2,0,0,0,8,1,0,0,0,yes
2025,TN,47001,Anderson,254900DTLHVWQ7NP7R34,"CMG Mortgage, Inc.",9,8,0,0.38,8,1,0,0,0,7,1,0,0,0,yes
2025,TN,47001,Anderson,254900HA4DQWAE0W3342,"AMERIHOME MORTGAGE COMPANY, LLC",11,8,0,0.38,5,6,0,0,0,4,4,0,0,0,yes
2025,TN,47001,Anderson,54930034MNPILHP25H80,Gateway First Bank,13,8,0,0.38,6,5,1,1,0,4,2,1,1,0,yes
2025,TN,47001,Anderson,549300F8C5JA44WNMI75,AMERICAN NEIGHBORHOOD MORTGAGE ACCEPTANCE COMPANY LLC,11,8,1,0.38,6,3,2,0,0,4,2,2,0,0,yes
2025,TN,47001,Anderson,549300III1DMY3SLAW56,Countybank,9,8,1,0.38,6,2,1,0,0,5,2,1,0,0,yes
2025,TN,47001,Anderson,549300ZWNETGFXTBBY03,,12,8,0,0.38,7,2,2,1,0,4,2,1,1,0,yes
2025,TN,47001,Anderson,254900RUCO27MVGTO768,LOAN FUNDER LLC,14,7,0,0.33,14,0,0,0,0,7,0,0,0,0,yes
2025,TN,47001,Anderson,549300ISCZS1R0CJMO47,,10,7,0,0.33,8,0,2,0,0,6,0,1,0,0,yes
2025,TN,47001,Anderson,549300KJ8PAJ7E52HG32,Plains Commerce Bank,11,7,0,0.33,5,3,3,0,0,3,2,2,0,0,yes
2025,TN,47001,Anderson,549300RN01LBYR8ZVX74,"LOWER, LLC",15,7,2,0.33,7,5,3,0,0,3,2,2,0,0,yes
2025,TN,47001,Anderson,X05BVSK68TQ7YTOSNR22,Discover Bank,24,7,12,0.33,24,0,0,0,0,7,0,0,0,0,yes
2025,TN,47001,Anderson,25490066WMF8ZMQXQB18,"Lendage, LLC",9,6,1,0.29,9,0,0,0,0,6,0,0,0,0,yes
2025,TN,47001,Anderson,254900DGJQT6H4M24F92,,8,6,2,0.29,8,0,0,0,0,6,0,0,0,0,yes
2025,TN,47001,Anderson,54930015645SYPOM7220,,8,6,1,0.29,1,7,0,0,0,0,6,0,0,0,yes
2025,TN,47001,Anderson,549300370QILXLFUWD20,"ZILLOW HOME LOANS, LLC",9,6,0,0.29,6,3,0,0,0,3,3,0,0,0,yes
2025,TN,47001,Anderson,5493006JISETNI0GLE61,,7,6,0,0.29,7,0,0,0,0,6,0,0,0,0,yes
2025,TN,47001,Anderson,5493008XX3NZ5S384W16,,9,6,3,0.29,9,0,0,0,0,6,0,0,0,0,yes
2025,TN,47001,Anderson,549300DDLYW49R2HCV81,EASTMAN CREDIT UNION,8,6,2,0.29,8,0,0,0,0,6,0,0,0,0,yes
2025,TN,47001,Anderson,549300DPRWSBUY619V27,,6,6,0,0.29,5,1,0,0,0,5,1,0,0,0,yes
2025,TN,47001,Anderson,549300FNXYY540N23N64,Newrez LLC,30,6,5,0.29,14,10,6,0,0,2,3,1,0,0,yes
2025,TN,47001,Anderson,549300GRGZDEH4ZGQS06,WATERSTONE MORTGAGE CORPORATION,8,6,0,0.29,6,1,1,0,0,4,1,1,0,0,yes
2025,TN,47001,Anderson,549300K4ZLGS7SRDTL86,Equity Prime Mortgage LLC,13,6,0,0.29,0,9,2,2,0,0,3,1,2,0,yes
2025,TN,47001,Anderson,549300MZ8VZJOVC63092,"KIND LENDING, LLC",9,6,2,0.29,1,5,2,1,0,1,2,2,1,0,yes
2025,TN,47001,Anderson,549300VCMRO4ST680C11,VILLAGE CAPITAL & INVESTMENT LLC,16,6,2,0.29,0,4,12,0,0,0,1,5,0,0,yes
2025,TN,47001,Anderson,C5654JQHZUHN0772B561,USAA Federal Savings Bank,14,6,3,0.29,4,0,10,0,0,1,0,5,0,0,yes
2025,TN,47001,Anderson,5493001WHVQBGRSWEU75,"HOMEBRIDGE FINANCIAL SERVICES, INC.",7,5,2,0.24,6,0,1,0,0,4,0,1,0,0,yes
2025,TN,47001,Anderson,54930054ET8KM4O1D485,"SOFI BANK, NATIONAL ASSOCIATION",9,5,1,0.24,8,1,0,0,0,4,1,0,0,0,yes
2025,TN,47001,Anderson,54930091JQKCU3Z6IP44,,10,5,2,0.24,10,0,0,0,0,5,0,0,0,0,yes
2025,TN,47001,Anderson,54930095LY1EDFTWAG29,,5,5,0,0.24,5,0,0,0,0,5,0,0,0,0,yes
2025,TN,47001,Anderson,549300DK8GVTLGSA4H75,,7,5,0,0.24,7,0,0,0,0,5,0,0,0,0,yes
2025,TN,47001,Anderson,549300MCIFZSDHUT8X63,"NFM, INC.",7,5,1,0.24,4,3,0,0,0,3,2,0,0,0,yes
2025,TN,47001,Anderson,549300NOCASXPA34X033,"LAKEVIEW LOAN SERVICING, LLC",26,5,15,0.24,8,15,3,0,0,2,3,0,0,0,yes
2025,TN,47001,Anderson,549300SUCQ1358EGVE89,"NEW DAY FINANCIAL, LLC",20,5,2,0.24,0,0,20,0,0,0,0,5,0,0,yes
2025,TN,47001,Anderson,549300YN94MOAVYW0F52,"GoodLeap, LLC",7,5,0,0.24,2,5,0,0,0,2,3,0,0,0,yes
2025,TN,47001,Anderson,7H6GLXDRUGQFU57RNE97,"JPMorgan Chase Bank, National Association",9,5,1,0.24,8,0,1,0,0,5,0,0,0,0,yes
2025,TN,47001,Anderson,254900WEP08K7U7S3A80,,6,4,1,0.19,1,5,0,0,0,1,3,0,0,0,yes
2025,TN,47001,Anderson,54930030Z1JWTP3SVD16,,4,4,0,0.19,2,2,0,0,0,2,2,0,0,0,yes
2025,TN,47001,Anderson,5493003V40VGM7YDFM54,FIRST COLONY MORTGAGE CORPORATION,10,4,0,0.19,5,4,1,0,0,2,2,0,0,0,yes
2025,TN,47001,Anderson,5493005PKOSG7MYX0B34,"Prosperity Home Mortgage, LLC",4,4,0,0.19,1,2,1,0,0,1,2,1,0,0,yes
2025,TN,47001,Anderson,549300GZY55UGMUMI322,,4,4,0,0.19,4,0,0,0,0,4,0,0,0,0,yes
2025,TN,47001,Anderson,549300NWBS6MQJX15N44,,6,4,1,0.19,5,1,0,0,0,3,1,0,0,0,yes
2025,TN,47001,Anderson,549300PIL8LFAQ04XC20,Better Mortgage Corporation,10,4,4,0.19,10,0,0,0,0,4,0,0,0,0,yes
2025,TN,47001,Anderson,549300PL267CW8182203,,8,4,2,0.19,0,5,3,0,0,0,3,1,0,0,yes
2025,TN,47001,Anderson,549300ZZME37MXI1EF14,,4,4,0,0.19,2,2,0,0,0,2,2,0,0,0,yes
2025,TN,47001,Anderson,254900PVWALA7JTBXA31,WILSON BANK AND TRUST,3,3,0,0.14,3,0,0,0,0,3,0,0,0,0,yes
2025,TN,47001,Anderson,54930021WPEXNHYZUL09,"PLANET HOME LENDING, LLC",5,3,2,0.14,1,1,3,0,0,0,1,2,0,0,yes
2025,TN,47001,Anderson,5493002RF1ERFA2XR050,Renasant Bank,3,3,0,0.14,3,0,0,0,0,3,0,0,0,0,yes
2025,TN,47001,Anderson,54930049L5WINET09Q97,"CLICK N' CLOSE, INC.",7,3,0,0.14,2,4,0,1,0,0,2,0,1,0,yes
2025,TN,47001,Anderson,54930072OCHTUJOZQB56,,3,3,0,0.14,3,0,0,0,0,3,0,0,0,0,yes
2025,TN,47001,Anderson,549300ALNLUNS3Y53T24,,6,3,2,0.14,2,2,2,0,0,2,1,0,0,0,yes
2025,TN,47001,Anderson,549300BLL6VL7AXWYP56,,6,3,1,0.14,5,1,0,0,0,3,0,0,0,0,yes
2025,TN,47001,Anderson,549300E035FX7XMJ6713,,3,3,0,0.14,3,0,0,0,0,3,0,0,0,0,yes
2025,TN,47001,Anderson,549300F1D8U51K67LV24,,4,3,0,0.14,4,0,0,0,0,3,0,0,0,0,yes
2025,TN,47001,Anderson,549300PBTV7FCWLSMM53,,4,3,0,0.14,0,2,2,0,0,0,1,2,0,0,yes
2025,TN,47001,Anderson,549300R77W0P105C3S50,HOMEXPRESS MORTGAGE CORP.,3,3,0,0.14,3,0,0,0,0,3,0,0,0,0,yes
2025,TN,47001,Anderson,549300R7HGHP2I754087,TOWNE MORTGAGE COMPANY,4,3,0,0.14,1,2,0,1,0,1,1,0,1,0,yes
2025,TN,47001,Anderson,549300R9S3MVDV4MGF56,"CARRINGTON MORTGAGE SERVICES, LLC",8,3,4,0.14,1,6,1,0,0,0,2,1,0,0,yes
2025,TN,47001,Anderson,549300RA3E0BUFO7YZ21,"Hometown Equity Mortgage, LLC",4,3,1,0.14,4,0,0,0,0,3,0,0,0,0,yes
2025,TN,47001,Anderson,549300SK2GVCQXPD4S58,"SUN WEST MORTGAGE COMPANY, INC.",6,3,0,0.14,0,5,1,0,0,0,3,0,0,0,yes
2025,TN,47001,Anderson,549300VORTI31GZTJL53,"CARDINAL FINANCIAL COMPANY, LIMITED PARTNERSHIP",3,3,0,0.14,0,2,1,0,0,0,2,1,0,0,yes
2025,TN,47001,Anderson,549300XWUSRVVOHPRY47,Academy Mortgage Corporation,8,3,0,0.14,4,1,2,1,0,1,0,1,1,0,yes
2025,TN,47001,Anderson,984500U2F9A83N391A91,"CHAMPIONS FUNDING, LLC",5,3,0,0.14,5,0,0,0,0,3,0,0,0,0,yes
2025,TN,47001,Anderson,DRMSV1Q0EKMEXLAU1P80,"Citizens Bank, National Association",3,3,0,0.14,3,0,0,0,0,3,0,0,0,0,yes
2025,TN,47001,Anderson,SS1TRMSN6BRNMOREEV51,"Flagstar Bank, National Association",3,3,0,0.14,0,2,1,0,0,0,2,1,0,0,yes
2025,TN,47001,Anderson,254900TTZ395IC926125,,3,2,1,0.1,0,1,2,0,0,0,1,1,0,0,yes
2025,TN,47001,Anderson,549300121SF0K2LN2804,"PRIMELENDING, A PLAINSCAPITAL COMPANY",2,2,0,0.1,1,1,0,0,0,1,1,0,0,0,yes
2025,TN,47001,Anderson,54930021DZJ9CEN11D61,,2,2,0,0.1,2,0,0,0,0,2,0,0,0,0,yes
2025,TN,47001,Anderson,549300249G20MDIDRR27,,13,2,1,0.1,8,4,1,0,0,1,1,0,0,0,yes
2025,TN,47001,Anderson,5493002Y5XYV7DV1ZV88,"GOLD STAR MORTGAGE FINANCIAL GROUP, CORPORATION",2,2,0,0.1,0,0,2,0,0,0,0,2,0,0,yes
2025,TN,47001,Anderson,5493008CPTDVOS570626,"Primary Residential Mortgage, Inc.",5,2,2,0.1,5,0,0,0,0,2,0,0,0,0,yes
2025,TN,47001,Anderson,5493008ZTV4S0W9DCX64,,2,2,0,0.1,1,1,0,0,0,1,1,0,0,0,yes
2025,TN,47001,Anderson,5493009B17HXCVXTD608,"JMAC LENDING, INC.",3,2,0,0.1,3,0,0,0,0,2,0,0,0,0,yes
2025,TN,47001,Anderson,549300A5HHOL2ED18C72,,3,2,0,0.1,3,0,0,0,0,2,0,0,0,0,yes
2025,TN,47001,Anderson,549300AG10BX85DF5S49,MLD MORTGAGE INC.,4,2,1,0.1,4,0,0,0,0,2,0,0,0,0,yes
2025,TN,47001,Anderson,549300AQ3T62GXDU7D76,Ally Bank,2,2,0,0.1,2,0,0,0,0,2,0,0,0,0,yes
2025,TN,47001,Anderson,549300E0S1LZYZ9QNX81,,2,2,0,0.1,2,0,0,0,0,2,0,0,0,0,yes
2025,TN,47001,Anderson,549300E1PJPTI4YS7H26,ASCEND FEDERAL CREDIT UNION,3,2,0,0.1,3,0,0,0,0,2,0,0,0,0,yes
2025,TN,47001,Anderson,549300EMNDEK4BA8WB53,EMM LOANS LLC,2,2,0,0.1,1,1,0,0,0,1,1,0,0,0,yes
2025,TN,47001,Anderson,549300FX7K8PTEQUU487,PENTAGON FEDERAL CREDIT UNION,3,2,1,0.1,1,1,1,0,0,1,0,1,0,0,yes
2025,TN,47001,Anderson,549300JQALY53TH22D13,,2,2,0,0.1,2,0,0,0,0,2,0,0,0,0,yes
2025,TN,47001,Anderson,549300JYXTZDSPJEPI44,"PLAZA HOME MORTGAGE, INC.",3,2,1,0.1,1,1,1,0,0,1,1,0,0,0,yes
2025,TN,47001,Anderson,549300OIJ6O9DNP74L72,,3,2,0,0.1,3,0,0,0,0,2,0,0,0,0,yes
2025,TN,47001,Anderson,549300S5YL3OH0IVCS62,FINANCE OF AMERICA REVERSE LLC,2,2,0,0.1,0,2,0,0,0,0,2,0,0,0,yes
2025,TN,47001,Anderson,549300T9P3WXNMXX0I34,Ixonia Bank,2,2,0,0.1,1,0,1,0,0,1,0,1,0,0,yes
2025,TN,47001,Anderson,549300WN1LQYJX9HOU28,,2,2,0,0.1,2,0,0,0,0,2,0,0,0,0,yes
2025,TN,47001,Anderson,98450087981AP406JG03,,2,2,0,0.1,2,0,0,0,0,2,0,0,0,0,yes
2025,TN,47001,Anderson,984500CD6F0743B8F530,,2,2,0,0.1,0,1,1,0,0,0,1,1,0,0,yes
2025,TN,47001,Anderson,IUGPUX5LWRZ3B6KIZ697,Ameris Bank,4,2,0,0.1,3,0,1,0,0,2,0,0,0,0,yes
2025,TN,47001,Anderson,213800XR2TCBQJSF1X93,,2,1,0,0.05,1,1,0,0,0,1,0,0,0,0,yes
2025,TN,47001,Anderson,2549001SI0EMFPT39035,"Cornerstone First Mortgage, Inc",1,1,0,0.05,0,0,1,0,0,0,0,1,0,0,yes
2025,TN,47001,Anderson,2549005SIVTHG14U2905,A&D Mortgage LLC,2,1,0,0.05,1,1,0,0,0,1,0,0,0,0,yes
2025,TN,47001,Anderson,254900DSZI6CJXJL6Z14,,1,1,0,0.05,1,0,0,0,0,1,0,0,0,0,yes
2025,TN,47001,Anderson,254900E6AIE4Z8YQM970,Citadel Servicing Corporation,1,1,0,0.05,1,0,0,0,0,1,0,0,0,0,yes
2025,TN,47001,Anderson,254900J2RKTTDJSUWD76,,1,1,0,0.05,1,0,0,0,0,1,0,0,0,0,yes
2025,TN,47001,Anderson,254900JH11ROOV921P96,,1,1,0,0.05,0,1,0,0,0,0,1,0,0,0,yes
2025,TN,47001,Anderson,254900M2C4Q6DATP2889,,6,1,2,0.05,2,4,0,0,0,1,0,0,0,0,yes
2025,TN,47001,Anderson,254900RQX8N4HXJIDK44,,2,1,0,0.05,0,0,2,0,0,0,0,1,0,0,yes
2025,TN,47001,Anderson,254900WTZC5SSKIN2M11,,3,1,0,0.05,3,0,0,0,0,1,0,0,0,0,yes
2025,TN,47001,Anderson,5493001XKL0FTNOJ0866,,3,1,0,0.05,2,1,0,0,0,1,0,0,0,0,yes
2025,TN,47001,Anderson,54930022I573MYIIOM33,,1,1,0,0.05,1,0,0,0,0,1,0,0,0,0,yes
2025,TN,47001,Anderson,5493002GI63WHHUTUD85,"KEYSTONE FUNDING, INC.",1,1,0,0.05,0,1,0,0,0,0,1,0,0,0,yes
2025,TN,47001,Anderson,5493002QRULT2T40BH09,,1,1,0,0.05,1,0,0,0,0,1,0,0,0,0,yes
2025,TN,47001,Anderson,5493002TJKC8NLH1ZP82,,2,1,0,0.05,0,0,2,0,0,0,0,1,0,0,yes
2025,TN,47001,Anderson,549300323EON4W3CCM44,"RESICENTRAL, LLC",2,1,0,0.05,2,0,0,0,0,1,0,0,0,0,yes
2025,TN,47001,Anderson,5493004AS1SPBQOFDR49,"Change Lending, LLC",3,1,1,0.05,3,0,0,0,0,1,0,0,0,0,yes
2025,TN,47001,Anderson,54930059GZZ7G4G40O53,Primis Mortgage Company,1,1,0,0.05,1,0,0,0,0,1,0,0,0,0,yes
2025,TN,47001,Anderson,5493005DKMV1IHIM8E20,"Wilmington Savings Fund Society, FSB",1,1,0,0.05,1,0,0,0,0,1,0,0,0,0,yes
2025,TN,47001,Anderson,5493005JPZ3LXXMB0S24,"Carrington Mortgage Services, LLC",1,1,0,0.05,1,0,0,0,0,1,0,0,0,0,yes
2025,TN,47001,Anderson,5493005NU5BA00C1N451,,1,1,0,0.05,0,0,1,0,0,0,0,1,0,0,yes
2025,TN,47001,Anderson,5493005XMJQ1GSXUGT67,,1,1,0,0.05,0,1,0,0,0,0,1,0,0,0,yes
2025,TN,47001,Anderson,5493006P5IHSK77SZ855,,1,1,0,0.05,0,1,0,0,0,0,1,0,0,0,yes
2025,TN,47001,Anderson,5493007669OVCSCATP45,TENNESSEE VALLEY FCU,1,1,0,0.05,1,0,0,0,0,1,0,0,0,0,yes
2025,TN,47001,Anderson,54930077D8KXQADF5Q23,,1,1,0,0.05,0,1,0,0,0,0,1,0,0,0,yes
2025,TN,47001,Anderson,549300A0SVCQJPHVGV20,,2,1,1,0.05,2,0,0,0,0,1,0,0,0,0,yes
2025,TN,47001,Anderson,549300ASIS4D2QDWH380,,1,1,0,0.05,1,0,0,0,0,1,0,0,0,0,yes
2025,TN,47001,Anderson,549300BOXNV8VLRBDT24,,1,1,0,0.05,1,0,0,0,0,1,0,0,0,0,yes
2025,TN,47001,Anderson,549300CB67L6KPJLHE19,"TRIAD FINANCIAL SERVICES, INC.",12,1,7,0.05,12,0,0,0,0,1,0,0,0,0,yes
2025,TN,47001,Anderson,549300CTISSNREVLNO46,,2,1,0,0.05,2,0,0,0,0,1,0,0,0,0,yes
2025,TN,47001,Anderson,549300CUUEEQ66ZVK149,,1,1,0,0.05,1,0,0,0,0,1,0,0,0,0,yes
2025,TN,47001,Anderson,549300DCGBXW5FJMV921,,1,1,0,0.05,1,0,0,0,0,1,0,0,0,0,yes
2025,TN,47001,Anderson,549300DV2WBWN5ZEMV06,,1,1,0,0.05,1,0,0,0,0,1,0,0,0,0,yes
2025,TN,47001,Anderson,549300DZIK106MY5NI60,,1,1,0,0.05,1,0,0,0,0,1,0,0,0,0,yes
2025,TN,47001,Anderson,549300G5DVGM0ZHRQC33,,1,1,0,0.05,0,0,1,0,0,0,0,1,0,0,yes
2025,TN,47001,Anderson,549300HNMUG8WS7JLL28,,1,1,0,0.05,1,0,0,0,0,1,0,0,0,0,yes
2025,TN,47001,Anderson,549300J6N77Q8OHYNF23,,1,1,0,0.05,0,0,1,0,0,0,0,1,0,0,yes
2025,TN,47001,Anderson,549300K8UWGGY4IOR733,,1,1,0,0.05,1,0,0,0,0,1,0,0,0,0,yes
2025,TN,47001,Anderson,549300KXIFQ7HCW3FR89,,1,1,0,0.05,1,0,0,0,0,1,0,0,0,0,yes
2025,TN,47001,Anderson,549300LLESTPOVRG3X73,,1,1,0,0.05,1,0,0,0,0,1,0,0,0,0,yes
2025,TN,47001,Anderson,549300LLQD0X2OTG0Y27,,2,1,1,0.05,0,2,0,0,0,0,1,0,0,0,yes
2025,TN,47001,Anderson,549300LROQOOQU77WS20,,1,1,0,0.05,1,0,0,0,0,1,0,0,0,0,yes
2025,TN,47001,Anderson,549300LZUXCJFE5ONM48,,1,1,0,0.05,0,1,0,0,0,0,1,0,0,0,yes
2025,TN,47001,Anderson,549300MHH03ICJYEPE85,,2,1,0,0.05,0,2,0,0,0,0,1,0,0,0,yes
2025,TN,47001,Anderson,549300MUXFVZKH4XLG17,,1,1,0,0.05,1,0,0,0,0,1,0,0,0,0,yes
2025,TN,47001,Anderson,549300PQLK8E48ILXV41,,2,1,0,0.05,1,1,0,0,0,0,1,0,0,0,yes
2025,TN,47001,Anderson,549300Q10M1VXBG2H889,,7,1,0,0.05,2,5,0,0,0,0,1,0,0,0,yes
2025,TN,47001,Anderson,549300R14I3DX6ZMWL07,,2,1,0,0.05,2,0,0,0,0,1,0,0,0,0,yes
2025,TN,47001,Anderson,549300R4F5COFJE0DN81,,1,1,0,0.05,1,0,0,0,0,1,0,0,0,0,yes
2025,TN,47001,Anderson,549300RBN5KM5RUFOE42,,1,1,0,0.05,0,1,0,0,0,0,1,0,0,0,yes
2025,TN,47001,Anderson,549300RYTR2RVL4SFJ90,,1,1,0,0.05,1,0,0,0,0,1,0,0,0,0,yes
2025,TN,47001,Anderson,549300SHE1JTCOWBP090,STATE EMPLOYEES' CREDIT UNION,1,1,0,0.05,1,0,0,0,0,1,0,0,0,0,yes
2025,TN,47001,Anderson,549300T5QSL6MC8M4D04,"NORWICH COMMERCIAL GROUP, INC.",1,1,0,0.05,0,1,0,0,0,0,1,0,0,0,yes
2025,TN,47001,Anderson,549300T61O0X0RJMQ375,,2,1,0,0.05,2,0,0,0,0,1,0,0,0,0,yes
2025,TN,47001,Anderson,549300TMY3OACQC9U777,,1,1,0,0.05,1,0,0,0,0,1,0,0,0,0,yes
2025,TN,47001,Anderson,549300UG7QXKM7KGV847,,1,1,0,0.05,1,0,0,0,0,1,0,0,0,0,yes
2025,TN,47001,Anderson,549300UPB8ITF7B1GI03,,2,1,0,0.05,1,0,1,0,0,1,0,0,0,0,yes
2025,TN,47001,Anderson,549300UT4EN6IH579Q63,,1,1,0,0.05,0,1,0,0,0,0,1,0,0,0,yes
2025,TN,47001,Anderson,549300VMX06UV1F7NS76,,2,1,0,0.05,1,1,0,0,0,1,0,0,0,0,yes
2025,TN,47001,Anderson,549300WK15ESCDNJ5M35,CORNING FEDERAL CREDIT UNION,1,1,0,0.05,1,0,0,0,0,1,0,0,0,0,yes
2025,TN,47001,Anderson,549300WRDGBHKR1BXL98,,1,1,0,0.05,1,0,0,0,0,1,0,0,0,0,yes
2025,TN,47001,Anderson,549300WYBPIWKK6SQC06,,3,1,0,0.05,3,0,0,0,0,1,0,0,0,0,yes
2025,TN,47001,Anderson,549300WZWPMDWIL12842,,2,1,0,0.05,2,0,0,0,0,1,0,0,0,0,yes
2025,TN,47001,Anderson,549300XCVBRR56D08F03,,3,1,0,0.05,3,0,0,0,0,1,0,0,0,0,yes
2025,TN,47001,Anderson,549300XY701IELCE5Q08,BETTER MORTGAGE CORPORATION,17,1,5,0.05,17,0,0,0,0,1,0,0,0,0,yes
2025,TN,47001,Anderson,549300Y4BSP3BSFW7J29,,1,1,0,0.05,1,0,0,0,0,1,0,0,0,0,yes
2025,TN,47001,Anderson,549300YL0TMLCEU0GW61,,1,1,0,0.05,1,0,0,0,0,1,0,0,0,0,yes
2025,TN,47001,Anderson,549300ZGTRKCDKOVEQ80,,1,1,0,0.05,1,0,0,0,0,1,0,0,0,0,yes
2025,TN,47001,Anderson,549300ZIQ24V0C88AC41,GTE Federal Credit Union,1,1,0,0.05,1,0,0,0,0,1,0,0,0,0,yes
2025,TN,47001,Anderson,894500QC0C65HO7V5165,,1,1,0,0.05,1,0,0,0,0,1,0,0,0,0,yes
2025,TN,47001,Anderson,9845007CY0EC0F59W414,,3,1,0,0.05,3,0,0,0,0,1,0,0,0,0,yes
2025,TN,47001,Anderson,C398JSK21YCXWM603F55,,1,1,0,0.05,0,0,1,0,0,0,0,1,0,0,yes
2025,TN,47001,Anderson,CKVBED0S4DMLKJJ5XH28,,1,1,0,0.05,1,0,0,0,0,1,0,0,0,0,yes
2025,TN,47001,Anderson,PAOOWF3GUFM46FBSP561,,7,1,1,0.05,2,2,3,0,0,0,0,1,0,0,yes
2025,TN,47001,Anderson,WKN6AF1FCL7BBYGTGI83,,2,1,0,0.05,2,0,0,0,0,1,0,0,0,0,yes
2025,TN,47001,Anderson,WWB2V0FCW3A0EE3ZJN75,Manufacturers and Traders Trust Company,2,1,1,0.05,1,1,0,0,0,1,0,0,0,0,yes
2025,TN,47001,Anderson,549300Q3ROEQU3D1IW91,,9,0,9,0.0,9,0,0,0,0,0,0,0,0,0,yes
2025,TN,47001,Anderson,549300Z5MYEIE55LLY49,,10,0,6,0.0,6,4,0,0,0,0,0,0,0,0,yes
2025,TN,47001,Anderson,AD6GFRVSDT01YPT1CS68,"PNC Bank, National Association",5,0,2,0.0,4,0,1,0,0,0,0,0,0,0,yes
2025,TN,47009,Blount,549300FGXN1K3HLB1R50,"Rocket Mortgage, LLC",377,289,52,6.91,243,85,49,0,0,187,61,41,0,0,yes
2025,TN,47009,Blount,549300HW662MN1WU8550,"United Wholesale Mortgage, LLC",340,258,34,6.17,162,98,80,0,0,124,74,60,0,0,yes
2025,TN,47009,Blount,549300VNBQD8FDHF7563,"MORTGAGE INVESTORS GROUP, INC.",342,238,9,5.69,219,72,45,6,0,152,51,31,4,0,yes
2025,TN,47009,Blount,54930074H8866HTIWU69,KNOXVILLE TVA EMPLOYEES CREDIT UNION,208,166,8,3.97,207,1,0,0,0,166,0,0,0,0,yes
2025,TN,47009,Blount,5493004NO7XCFVG4KD53,,238,151,65,3.61,238,0,0,0,0,151,0,0,0,0,yes
2025,TN,47009,Blount,EQTWLK1G7ODGC2MGLV11,Regions Bank,190,123,49,2.94,182,8,0,0,0,118,5,0,0,0,yes
2025,TN,47009,Blount,5493001SXWZ4OFP8Z903,"CrossCountry Mortgage, LLC",167,114,11,2.73,103,34,29,1,0,67,23,23,1,0,yes
2025,TN,47009,Blount,549300DD4R4SYK5RAQ92,"Cardinal Financial Company, Limited Partnership",143,113,2,2.7,101,20,22,0,0,80,14,19,0,0,yes
2025,TN,47009,Blount,549300K6L4VXCXWN4205,ORNL,184,105,21,2.51,184,0,0,0,0,105,0,0,0,0,yes
2025,TN,47009,Blount,COOWI3L2W9TPYR3WJX37,First Horizon Bank,131,97,22,2.32,131,0,0,0,0,97,0,0,0,0,yes
2025,TN,47009,Blount,549300DV2WBWN5ZEMV06,,128,89,17,2.13,128,0,0,0,0,89,0,0,0,0,yes
2025,TN,47009,Blount,549300CDOC4F7XSRG390,Pinnacle Bank,125,83,16,1.99,112,7,6,0,0,77,3,3,0,0,yes
2025,TN,47009,Blount,JJKC32MCHWDI71265Z06,Truist Bank,142,79,48,1.89,138,1,3,0,0,77,0,2,0,0,yes
2025,TN,47009,Blount,5493001M37Q8TJKTP708,,83,74,2,1.77,83,0,0,0,0,74,0,0,0,0,yes
2025,TN,47009,Blount,549300DD5QQUHO6PCH70,"Movement Mortgage, LLC",137,74,24,1.77,9,0,128,0,0,1,0,73,0,0,yes
2025,TN,47009,Blount,549300QR0KFPEDZPEI42,,92,73,6,1.75,48,22,21,1,0,41,14,17,1,0,yes
2025,TN,47009,Blount,549300FNXYY540N23N64,Newrez LLC,115,72,7,1.72,53,22,36,4,0,30,14,26,2,0,yes
2025,TN,47009,Blount,5493000YNV8IX4VD3X12,"VANDERBILT MORTGAGE AND FINANCE, INC.",526,67,204,1.6,519,2,4,1,0,62,1,3,1,0,yes
2025,TN,47009,Blount,549300GZY55UGMUMI322,,81,66,11,1.58,80,0,1,0,0,65,0,1,0,0,yes
2025,TN,47009,Blount,RVDPPPGHCGZ40J4VQ731,Fairway Independent Mortgage Corporation,112,61,9,1.46,38,44,30,0,0,20,23,18,0,0,yes
2025,TN,47009,Blount,549300LYRWPSYPK6S325,Guild Mortgage Company LLC,127,58,10,1.39,17,46,64,0,0,9,16,33,0,0,yes
2025,TN,47009,Blount,549300F1D8U51K67LV24,,66,57,3,1.36,66,0,0,0,0,57,0,0,0,0,yes
2025,TN,47009,Blount,549300Y5CMBB4R90KT81,,65,55,4,1.32,65,0,0,0,0,55,0,0,0,0,yes
2025,TN,47009,Blount,549300MGPZBLQDIL7538,"PrimeLending, a PlainsCapital Company",84,53,5,1.27,58,13,12,1,0,35,9,8,1,0,yes
2025,TN,47009,Blount,5493002RF1ERFA2XR050,Renasant Bank,62,49,5,1.17,58,2,1,1,0,46,1,1,1,0,yes
2025,TN,47009,Blount,549300GKFNPRWNS0GF29,"AmeriHome Mortgage Company, LLC",65,47,1,1.12,36,15,12,2,0,27,11,8,1,0,yes
2025,TN,47009,Blount,5493003GQDUH26DNNH17,Navy Federal Credit Union,84,42,17,1.0,61,0,23,0,0,31,0,11,0,0,yes
2025,TN,47009,Blount,6BYL5QZYBDK8S7L73M02,U.S. Bank National Association,76,40,26,0.96,74,2,0,0,0,39,1,0,0,0,yes
2025,TN,47009,Blount,549300LBCBNR1OT00651,NATIONSTAR MORTGAGE LLC,48,33,4,0.79,38,6,4,0,0,27,3,3,0,0,yes
2025,TN,47009,Blount,549300E2UX99HKDBR481,"Broker Solutions, Inc.",75,31,2,0.74,38,26,11,0,0,14,13,4,0,0,yes
2025,TN,47009,Blount,549300KIOYNU323LVJ37,AMERICAN PACIFIC MORTGAGE CORPORATION,36,31,0,0.74,17,14,3,2,0,14,13,2,2,0,yes
2025,TN,47009,Blount,549300OBO7DOF2KOP535,FirstBank,54,31,12,0.74,50,4,0,0,0,27,4,0,0,0,yes
2025,TN,47009,Blount,5493006VAGP3GQ8FJT49,"Kiavi Funding, Inc.",34,29,3,0.69,34,0,0,0,0,29,0,0,0,0,yes
2025,TN,47009,Blount,549300R0SXC1JU7ZU290,"FIRST COMMUNITY MORTGAGE, INC.",34,29,2,0.69,14,16,3,1,0,12,14,2,1,0,yes
2025,TN,47009,Blount,54930034MNPILHP25H80,Gateway First Bank,52,28,1,0.67,39,12,1,0,0,17,10,1,0,0,yes
2025,TN,47009,Blount,549300RPOGWJRH63HS39,UNION HOME MORTGAGE CORP.,35,28,1,0.67,28,4,3,0,0,22,3,3,0,0,yes
2025,TN,47009,Blount,549300AG64NHILB7ZP05,"PennyMac Loan Services, LLC",52,27,12,0.65,19,22,11,0,0,14,9,4,0,0,yes
2025,TN,47009,Blount,549300PIL8LFAQ04XC20,Better Mortgage Corporation,67,26,28,0.62,67,0,0,0,0,26,0,0,0,0,yes
2025,TN,47009,Blount,549300VZVN841I2ILS84,Freedom Mortgage Corporation,58,26,5,0.62,26,25,7,0,0,12,10,4,0,0,yes
2025,TN,47009,Blount,7H6GLXDRUGQFU57RNE97,"JPMorgan Chase Bank, National Association",42,25,5,0.6,41,1,0,0,0,25,0,0,0,0,yes
2025,TN,47009,Blount,549300F8C5JA44WNMI75,AMERICAN NEIGHBORHOOD MORTGAGE ACCEPTANCE COMPANY LLC,30,24,0,0.57,23,7,0,0,0,21,3,0,0,0,yes
2025,TN,47009,Blount,254900DTLHVWQ7NP7R34,"CMG Mortgage, Inc.",27,21,1,0.5,22,3,0,2,0,18,2,0,1,0,yes
2025,TN,47009,Blount,5493002B2WMHY23GFK92,"AMERICAN FINANCIAL RESOURCES, INC.",27,19,3,0.45,7,13,4,3,0,6,7,3,3,0,yes
2025,TN,47009,Blount,549300MZ8VZJOVC63092,"KIND LENDING, LLC",28,19,7,0.45,13,10,4,1,0,9,7,2,1,0,yes
2025,TN,47009,Blount,549300RN01LBYR8ZVX74,"LOWER, LLC",30,19,1,0.45,21,8,1,0,0,14,4,1,0,0,yes
2025,TN,47009,Blount,QFROUN1UWUYU0DVIWD51,"Eagle Home Mortgage, LLC",33,19,6,0.45,29,2,1,1,0,18,0,0,1,0,yes
2025,TN,47009,Blount,549300K4ZLGS7SRDTL86,Equity Prime Mortgage LLC,29,18,1,0.43,2,19,6,2,0,1,13,2,2,0,yes
2025,TN,47009,Blount,T68X8LLAQYRNDV034K14,United Community Bank,22,17,2,0.41,21,1,0,0,0,16,1,0,0,0,yes
2025,TN,47009,Blount,5493001GCBD5XGNIC815,Coastal Community Bank,60,16,0,0.38,60,0,0,0,0,16,0,0,0,0,yes
2025,TN,47009,Blount,5493001GDRY0EL7VG372,"ARK-LA-TEX FINANCIAL SERVICES, LLC.",20,16,0,0.38,9,6,3,2,0,7,6,1,2,0,yes
2025,TN,47009,Blount,549300YIQ7S7Z8PIHE53,AMERISAVE MORTGAGE CORPORATION,55,16,37,0.38,27,22,6,0,0,13,2,1,0,0,yes
2025,TN,47009,Blount,B4TYDEB6GKMZO031MB27,"Guaranteed Rate, Inc.",45,16,16,0.38,43,2,0,0,0,16,0,0,0,0,yes
2025,TN,47009,Blount,5493006JISETNI0GLE61,,21,15,1,0.36,21,0,0,0,0,15,0,0,0,0,yes
2025,TN,47009,Blount,5493008XX3NZ5S384W16,,20,15,4,0.36,20,0,0,0,0,15,0,0,0,0,yes
2025,TN,47009,Blount,549300OPCWU6E72WUT29,"MUTUAL OF OMAHA MORTGAGE, INC.",29,15,2,0.36,9,9,11,0,0,6,5,4,0,0,yes
2025,TN,47009,Blount,549300XQVJ1XBNFA5536,21ST MORTGAGE CORPORATION,101,15,60,0.36,101,0,0,0,0,15,0,0,0,0,yes
2025,TN,47009,Blount,DRMSV1Q0EKMEXLAU1P80,"Citizens Bank, National Association",22,15,3,0.36,21,1,0,0,0,15,0,0,0,0,yes
2025,TN,47009,Blount,254900UL88QFG0E40516,FIGURE LENDING LLC,29,14,4,0.33,29,0,0,0,0,14,0,0,0,0,yes
2025,TN,47009,Blount,549300CQMDOXGP2WE649,,17,14,1,0.33,17,0,0,0,0,14,0,0,0,0,yes
2025,TN,47009,Blount,549300III1DMY3SLAW56,Countybank,22,14,1,0.33,18,3,1,0,0,11,2,1,0,0,yes
2025,TN,47009,Blount,549300ZWNETGFXTBBY03,,18,14,0,0.33,12,3,3,0,0,8,3,3,0,0,yes
2025,TN,47009,Blount,25490066WMF8ZMQXQB18,"Lendage, LLC",15,13,1,0.31,15,0,0,0,0,13,0,0,0,0,yes
2025,TN,47009,Blount,5493008NWHQT1R22C024,"AMERICAN FINANCIAL NETWORK, INC.",25,13,1,0.31,9,11,5,0,0,3,8,2,0,0,yes
2025,TN,47009,Blount,549300XWUSRVVOHPRY47,Academy Mortgage Corporation,14,13,0,0.31,7,4,3,0,0,7,4,2,0,0,yes
2025,TN,47009,Blount,C5654JQHZUHN0772B561,USAA Federal Savings Bank,24,13,4,0.31,7,0,17,0,0,3,0,10,0,0,yes
2025,TN,47009,Blount,549300NOCASXPA34X033,"LAKEVIEW LOAN SERVICING, LLC",47,12,25,0.29,12,26,9,0,0,3,8,1,0,0,yes
2025,TN,47009,Blount,549300U3721PJGQZYY68,Nationstar Mortgage LLC,30,12,5,0.29,16,7,7,0,0,7,4,1,0,0,yes
2025,TN,47009,Blount,549300LWR6X0ZAV34H19,,11,11,0,0.26,11,0,0,0,0,11,0,0,0,0,yes
2025,TN,47009,Blount,549300BX448ALT10FI43,The Federal Savings Bank,21,10,1,0.24,4,4,13,0,0,2,3,5,0,0,yes
2025,TN,47009,Blount,254900FBWEZ3YUPOBN33,,15,9,3,0.22,15,0,0,0,0,9,0,0,0,0,yes
2025,TN,47009,Blount,254900HA4DQWAE0W3342,"AMERIHOME MORTGAGE COMPANY, LLC",12,9,2,0.22,5,7,0,0,0,3,6,0,0,0,yes
2025,TN,47009,Blount,254900M2C4Q6DATP2889,,20,9,3,0.22,5,10,5,0,0,3,4,2,0,0,yes
2025,TN,47009,Blount,54930054ET8KM4O1D485,"SOFI BANK, NATIONAL ASSOCIATION",26,9,6,0.22,26,0,0,0,0,9,0,0,0,0,yes
2025,TN,47009,Blount,549300DPRWSBUY619V27,,10,9,1,0.22,9,1,0,0,0,9,0,0,0,0,yes
2025,TN,47009,Blount,54930049L5WINET09Q97,"CLICK N' CLOSE, INC.",15,8,0,0.19,6,8,0,1,0,2,5,0,1,0,yes
2025,TN,47009,Blount,54930089R5VSN6GVCK47,,10,8,2,0.19,10,0,0,0,0,8,0,0,0,0,yes
2025,TN,47009,Blount,549300GRGZDEH4ZGQS06,WATERSTONE MORTGAGE CORPORATION,12,8,0,0.19,4,8,0,0,0,3,5,0,0,0,yes
2025,TN,47009,Blount,549300MCIFZSDHUT8X63,"NFM, INC.",12,8,1,0.19,8,3,1,0,0,5,2,1,0,0,yes
2025,TN,47009,Blount,549300R9S3MVDV4MGF56,"CARRINGTON MORTGAGE SERVICES, LLC",29,8,16,0.19,10,15,4,0,0,4,4,0,0,0,yes
2025,TN,47009,Blount,549300VMX06UV1F7NS76,,14,8,1,0.19,9,5,0,0,0,5,3,0,0,0,yes
2025,TN,47009,Blount,549300XY701IELCE5Q08,BETTER MORTGAGE CORPORATION,24,8,6,0.19,20,3,1,0,0,8,0,0,0,0,yes
2025,TN,47009,Blount,549300Z52CLXKDXGPH16,,10,8,1,0.19,10,0,0,0,0,8,0,0,0,0,yes
2025,TN,47009,Blount,549300QVGK8WC4HQ3C28,,12,7,1,0.17,4,5,3,0,0,3,2,2,0,0,yes
2025,TN,47009,Blount,549300SK2GVCQXPD4S58,"SUN WEST MORTGAGE COMPANY, INC.",10,7,0,0.17,2,7,1,0,0,1,5,1,0,0,yes
2025,TN,47009,Blount,KB1H1DSPRFMYMCUFXT09,"Wells Fargo Bank, National Association",21,7,6,0.17,16,0,5,0,0,7,0,0,0,0,yes
2025,TN,47009,Blount,549300249G20MDIDRR27,,28,6,2,0.14,24,4,0,0,0,5,1,0,0,0,yes
2025,TN,47009,Blount,5493004AS1SPBQOFDR49,"Change Lending, LLC",9,6,0,0.14,9,0,0,0,0,6,0,0,0,0,yes
2025,TN,47009,Blount,5493008CPTDVOS570626,"Primary Residential Mortgage, Inc.",9,6,2,0.14,9,0,0,0,0,6,0,0,0,0,yes
2025,TN,47009,Blount,549300DG3IV05V4C4E03,,8,6,0,0.14,6,2,0,0,0,5,1,0,0,0,yes
2025,TN,47009,Blount,549300KJ8PAJ7E52HG32,Plains Commerce Bank,13,6,1,0.14,8,4,1,0,0,4,1,1,0,0,yes
2025,TN,47009,Blount,549300OIJ6O9DNP74L72,,7,6,0,0.14,7,0,0,0,0,6,0,0,0,0,yes
2025,TN,47009,Blount,549300VCMRO4ST680C11,VILLAGE CAPITAL & INVESTMENT LLC,19,6,4,0.14,0,7,12,0,0,0,3,3,0,0,yes
2025,TN,47009,Blount,549300VORTI31GZTJL53,"CARDINAL FINANCIAL COMPANY, LIMITED PARTNERSHIP",9,6,3,0.14,4,3,2,0,0,3,1,2,0,0,yes
2025,TN,47009,Blount,549300Y5Y88FQLI7VE83,DEEPHAVEN MORTGAGE LLC,9,6,3,0.14,9,0,0,0,0,6,0,0,0,0,yes
2025,TN,47009,Blount,549300YW2UBCMDRMBT48,,6,6,0,0.14,4,2,0,0,0,4,2,0,0,0,yes
2025,TN,47009,Blount,AD6GFRVSDT01YPT1CS68,"PNC Bank, National Association",14,6,5,0.14,13,0,1,0,0,6,0,0,0,0,yes
2025,TN,47009,Blount,254900E8KW1VR97KFU45,,5,5,0,0.12,5,0,0,0,0,5,0,0,0,0,yes
2025,TN,47009,Blount,254900MQ4O1DX3N88207,,5,5,0,0.12,5,0,0,0,0,5,0,0,0,0,yes
2025,TN,47009,Blount,254900ZFWS2106HWPH46,"PARAMOUNT RESIDENTIAL MORTGAGE GROUP, INC.",7,5,1,0.12,3,2,1,1,0,2,2,0,1,0,yes
2025,TN,47009,Blount,54930015645SYPOM7220,,8,5,0,0.12,1,7,0,0,0,1,4,0,0,0,yes
2025,TN,47009,Blount,5493001WHVQBGRSWEU75,"HOMEBRIDGE FINANCIAL SERVICES, INC.",6,5,0,0.12,4,1,0,1,0,4,0,0,1,0,yes
2025,TN,47009,Blount,54930030Z1JWTP3SVD16,,6,5,0,0.12,0,6,0,0,0,0,5,0,0,0,yes
2025,TN,47009,Blount,54930072OCHTUJOZQB56,,6,5,0,0.12,5,0,1,0,0,5,0,0,0,0,yes
2025,TN,47009,Blount,549300BUVM9AXNUI6G83,,6,5,0,0.12,6,0,0,0,0,5,0,0,0,0,yes
2025,TN,47009,Blount,549300CB67L6KPJLHE19,"TRIAD FINANCIAL SERVICES, INC.",47,5,34,0.12,47,0,0,0,0,5,0,0,0,0,yes
2025,TN,47009,Blount,549300EMNDEK4BA8WB53,EMM LOANS LLC,6,5,0,0.12,2,1,3,0,0,1,1,3,0,0,yes
2025,TN,47009,Blount,549300JYXTZDSPJEPI44,"PLAZA HOME MORTGAGE, INC.",7,5,2,0.12,3,3,1,0,0,3,1,1,0,0,yes
2025,TN,47009,Blount,549300KHXD7JSQUZIJ22,,6,5,0,0.12,3,2,1,0,0,3,1,1,0,0,yes
2025,TN,47009,Blount,549300PL267CW8182203,,13,5,1,0.12,2,2,9,0,0,1,1,3,0,0,yes
2025,TN,47009,Blount,549300WN1LQYJX9HOU28,,5,5,0,0.12,5,0,0,0,0,5,0,0,0,0,yes
2025,TN,47009,Blount,X05BVSK68TQ7YTOSNR22,Discover Bank,35,5,22,0.12,35,0,0,0,0,5,0,0,0,0,yes
2025,TN,47009,Blount,213800XR2TCBQJSF1X93,,4,4,0,0.1,3,0,1,0,0,3,0,1,0,0,yes
2025,TN,47009,Blount,2549001XVX1R2ITF6935,,7,4,0,0.1,7,0,0,0,0,4,0,0,0,0,yes
2025,TN,47009,Blount,2549005SIVTHG14U2905,A&D Mortgage LLC,5,4,0,0.1,4,1,0,0,0,3,1,0,0,0,yes
2025,TN,47009,Blount,5493002GI63WHHUTUD85,"KEYSTONE FUNDING, INC.",5,4,0,0.1,2,3,0,0,0,1,3,0,0,0,yes
2025,TN,47009,Blount,5493005PKOSG7MYX0B34,"Prosperity Home Mortgage, LLC",4,4,0,0.1,3,0,1,0,0,3,0,1,0,0,yes
2025,TN,47009,Blount,5493007CXTOHZ2JBEJ61,"THE MORTGAGE FIRM, INC.",5,4,1,0.1,4,0,0,1,0,3,0,0,1,0,yes
2025,TN,47009,Blount,5493008VVXQIDO1EZ460,,6,4,0,0.1,4,0,2,0,0,2,0,2,0,0,yes
2025,TN,47009,Blount,549300AQ3T62GXDU7D76,Ally Bank,9,4,1,0.1,6,2,1,0,0,2,1,1,0,0,yes
2025,TN,47009,Blount,549300B4IYL7TZT8FA34,,5,4,0,0.1,2,3,0,0,0,2,2,0,0,0,yes
2025,TN,47009,Blount,549300E035FX7XMJ6713,,4,4,0,0.1,4,0,0,0,0,4,0,0,0,0,yes
2025,TN,47009,Blount,549300KSOOZZVXCMA627,ANGEL OAK MORTGAGE SOLUTIONS LLC,5,4,0,0.1,5,0,0,0,0,4,0,0,0,0,yes
2025,TN,47009,Blount,549300NWBS6MQJX15N44,,7,4,1,0.1,4,2,1,0,0,3,0,1,0,0,yes
2025,TN,47009,Blount,549300PBTV7FCWLSMM53,,5,4,1,0.1,0,1,4,0,0,0,1,3,0,0,yes
2025,TN,47009,Blount,549300S5YL3OH0IVCS62,FINANCE OF AMERICA REVERSE LLC,4,4,0,0.1,0,4,0,0,0,0,4,0,0,0,yes
2025,TN,47009,Blount,549300SUCQ1358EGVE89,"NEW DAY FINANCIAL, LLC",26,4,7,0.1,0,0,26,0,0,0,0,4,0,0,yes
2025,TN,47009,Blount,549300ZPDWAT9R7KRW05,,4,4,0,0.1,4,0,0,0,0,4,0,0,0,0,yes
2025,TN,47009,Blount,984500U2F9A83N391A91,"CHAMPIONS FUNDING, LLC",6,4,2,0.1,6,0,0,0,0,4,0,0,0,0,yes
2025,TN,47009,Blount,IUGPUX5LWRZ3B6KIZ697,Ameris Bank,5,4,0,0.1,4,1,0,0,0,3,1,0,0,0,yes
2025,TN,47009,Blount,L9VVX1KT5TFTKS0MLF66,First-Citizens Bank & Trust Company,5,4,0,0.1,5,0,0,0,0,4,0,0,0,0,yes
2025,TN,47009,Blount,PAOOWF3GUFM46FBSP561,,12,4,1,0.1,6,6,0,0,0,1,3,0,0,0,yes
2025,TN,47009,Blount,254900E6AIE4Z8YQM970,Citadel Servicing Corporation,3,3,0,0.07,3,0,0,0,0,3,0,0,0,0,yes
2025,TN,47009,Blount,254900HEJ9F73IMPX887,,5,3,1,0.07,5,0,0,0,0,3,0,0,0,0,yes
2025,TN,47009,Blount,254900WT4HAMDFWH3048,,4,3,0,0.07,0,4,0,0,0,0,3,0,0,0,yes
2025,TN,47009,Blount,54930021WPEXNHYZUL09,"PLANET HOME LENDING, LLC",5,3,2,0.07,0,4,1,0,0,0,2,1,0,0,yes
2025,TN,47009,Blount,5493002Y5XYV7DV1ZV88,"GOLD STAR MORTGAGE FINANCIAL GROUP, CORPORATION",6,3,0,0.07,3,0,3,0,0,2,0,1,0,0,yes
2025,TN,47009,Blount,549300323EON4W3CCM44,"RESICENTRAL, LLC",5,3,0,0.07,3,1,1,0,0,2,0,1,0,0,yes
2025,TN,47009,Blount,5493003V40VGM7YDFM54,FIRST COLONY MORTGAGE CORPORATION,7,3,0,0.07,2,4,1,0,0,1,1,1,0,0,yes
2025,TN,47009,Blount,54930078TNN7GKZ7NU89,,3,3,0,0.07,1,2,0,0,0,1,2,0,0,0,yes
2025,TN,47009,Blount,549300ALNLUNS3Y53T24,,11,3,5,0.07,2,9,0,0,0,0,3,0,0,0,yes
2025,TN,47009,Blount,549300AT7EB9FJAF0E61,Old National Bank,5,3,1,0.07,3,1,1,0,0,2,1,0,0,0,yes
2025,TN,47009,Blount,549300BM4NS8HDJT3X28,"INTERCOASTAL MORTGAGE, LLC",4,3,0,0.07,3,0,1,0,0,2,0,1,0,0,yes
2025,TN,47009,Blount,549300COIWXM618UBE82,,3,3,0,0.07,3,0,0,0,0,3,0,0,0,0,yes
2025,TN,47009,Blount,549300E0S1LZYZ9QNX81,,8,3,1,0.07,8,0,0,0,0,3,0,0,0,0,yes
2025,TN,47009,Blount,549300FX7K8PTEQUU487,PENTAGON FEDERAL CREDIT UNION,3,3,0,0.07,3,0,0,0,0,3,0,0,0,0,yes
2025,TN,47009,Blount,549300GS0W0TEUQS8571,"Morgan Stanley Private Bank, National Association",4,3,0,0.07,4,0,0,0,0,3,0,0,0,0,yes
2025,TN,47009,Blount,549300GWD9H4FQ2VR805,,4,3,0,0.07,4,0,0,0,0,3,0,0,0,0,yes
2025,TN,47009,Blount,549300LROQOOQU77WS20,,7,3,0,0.07,7,0,0,0,0,3,0,0,0,0,yes
2025,TN,47009,Blount,549300LZUXCJFE5ONM48,,3,3,0,0.07,0,3,0,0,0,0,3,0,0,0,yes
2025,TN,47009,Blount,549300O6Z0I6KYMESL47,AMWEST FUNDING CORP.,3,3,0,0.07,3,0,0,0,0,3,0,0,0,0,yes
2025,TN,47009,Blount,549300OYEKEORA1GI088,,3,3,0,0.07,0,0,3,0,0,0,0,3,0,0,yes
2025,TN,47009,Blount,549300RA3E0BUFO7YZ21,"Hometown Equity Mortgage, LLC",3,3,0,0.07,3,0,0,0,0,3,0,0,0,0,yes
2025,TN,47009,Blount,549300UG7QXKM7KGV847,,4,3,1,0.07,3,1,0,0,0,2,1,0,0,0,yes
2025,TN,47009,Blount,549300XQ8DRJT0OETE90,,3,3,0,0.07,3,0,0,0,0,3,0,0,0,0,yes
2025,TN,47009,Blount,549300ZIQ24V0C88AC41,GTE Federal Credit Union,6,3,3,0.07,6,0,0,0,0,3,0,0,0,0,yes
2025,TN,47009,Blount,2549004FXPNKCLIN8250,,2,2,0,0.05,1,1,0,0,0,1,1,0,0,0,yes
2025,TN,47009,Blount,254900BBWJ82FQDQ6823,,3,2,0,0.05,3,0,0,0,0,2,0,0,0,0,yes
2025,TN,47009,Blount,254900DGJQT6H4M24F92,,2,2,0,0.05,2,0,0,0,0,2,0,0,0,0,yes
2025,TN,47009,Blount,254900DRSIZBQXDCJ875,,2,2,0,0.05,2,0,0,0,0,2,0,0,0,0,yes
2025,TN,47009,Blount,254900TG14TB8RKS3U42,,4,2,0,0.05,2,1,1,0,0,1,0,1,0,0,yes
2025,TN,47009,Blount,254900TTZ395IC926125,,4,2,2,0.05,4,0,0,0,0,2,0,0,0,0,yes
2025,TN,47009,Blount,254900WEP08K7U7S3A80,,2,2,0,0.05,0,1,1,0,0,0,1,1,0,0,yes
2025,TN,47009,Blount,254900WTZC5SSKIN2M11,,3,2,1,0.05,3,0,0,0,0,2,0,0,0,0,yes
2025,TN,47009,Blount,2WHM8VNJH63UN14OL754,The Huntington National Bank,3,2,1,0.05,3,0,0,0,0,2,0,0,0,0,yes
2025,TN,47009,Blount,54930021DZJ9CEN11D61,,4,2,0,0.05,4,0,0,0,0,2,0,0,0,0,yes
2025,TN,47009,Blount,549300370QILXLFUWD20,"ZILLOW HOME LOANS, LLC",2,2,0,0.05,2,0,0,0,0,2,0,0,0,0,yes
2025,TN,47009,Blount,5493003X6Y6JGJKHPA25,,3,2,0,0.05,3,0,0,0,0,2,0,0,0,0,yes
2025,TN,47009,Blount,5493005NU5BA00C1N451,,2,2,0,0.05,1,1,0,0,0,1,1,0,0,0,yes
2025,TN,47009,Blount,5493007PAE4JN4B5BX31,,2,2,0,0.05,2,0,0,0,0,2,0,0,0,0,yes
2025,TN,47009,Blount,54930095LY1EDFTWAG29,,4,2,0,0.05,4,0,0,0,0,2,0,0,0,0,yes
2025,TN,47009,Blount,5493009B17HXCVXTD608,"JMAC LENDING, INC.",2,2,0,0.05,2,0,0,0,0,2,0,0,0,0,yes
2025,TN,47009,Blount,549300AG10BX85DF5S49,MLD MORTGAGE INC.,2,2,0,0.05,2,0,0,0,0,2,0,0,0,0,yes
2025,TN,47009,Blount,549300DDLYW49R2HCV81,EASTMAN CREDIT UNION,5,2,1,0.05,5,0,0,0,0,2,0,0,0,0,yes
2025,TN,47009,Blount,549300HFBEONQN2CK447,,2,2,0,0.05,2,0,0,0,0,2,0,0,0,0,yes
2025,TN,47009,Blount,549300HRLROF7PLJ6735,CLEAREDGE LENDING LLC,4,2,2,0.05,4,0,0,0,0,2,0,0,0,0,yes
2025,TN,47009,Blount,549300INFJ8TYNZ1G568,,3,2,0,0.05,3,0,0,0,0,2,0,0,0,0,yes
2025,TN,47009,Blount,549300J7I82PNDVU8H22,"OCMBC, INC.",5,2,1,0.05,4,1,0,0,0,1,1,0,0,0,yes
2025,TN,47009,Blount,549300PQLK8E48ILXV41,,2,2,0,0.05,2,0,0,0,0,2,0,0,0,0,yes
2025,TN,47009,Blount,549300Q10M1VXBG2H889,,12,2,1,0.05,3,8,1,0,0,1,0,1,0,0,yes
2025,TN,47009,Blount,549300R14I3DX6ZMWL07,,3,2,0,0.05,3,0,0,0,0,2,0,0,0,0,yes
2025,TN,47009,Blount,549300R77W0P105C3S50,HOMEXPRESS MORTGAGE CORP.,2,2,0,0.05,2,0,0,0,0,2,0,0,0,0,yes
2025,TN,47009,Blount,549300RFLICNI75BG067,Luminate Bank,2,2,0,0.05,1,1,0,0,0,1,1,0,0,0,yes
2025,TN,47009,Blount,549300RWXUAFD1WAE410,"ATLANTIC BAY MORTGAGE GROUP, L.L.C.",2,2,0,0.05,0,1,1,0,0,0,1,1,0,0,yes
2025,TN,47009,Blount,549300V6LKROCIL7OI49,,3,2,0,0.05,3,0,0,0,0,2,0,0,0,0,yes
2025,TN,47009,Blount,549300V8CF81JGIV7038,,2,2,0,0.05,1,1,0,0,0,1,1,0,0,0,yes
2025,TN,47009,Blount,549300VVH8HHFMWL8536,,4,2,1,0.05,4,0,0,0,0,2,0,0,0,0,yes
2025,TN,47009,Blount,549300WYBPIWKK6SQC06,,5,2,2,0.05,5,0,0,0,0,2,0,0,0,0,yes
2025,TN,47009,Blount,549300WZWPMDWIL12842,,2,2,0,0.05,2,0,0,0,0,2,0,0,0,0,yes
2025,TN,47009,Blount,549300XCVBRR56D08F03,,6,2,0,0.05,5,1,0,0,0,2,0,0,0,0,yes
2025,TN,47009,Blount,549300ZZME37MXI1EF14,,2,2,0,0.05,1,0,1,0,0,1,0,1,0,0,yes
2025,TN,47009,Blount,984500F6E6940CCB6A60,,2,2,0,0.05,2,0,0,0,0,2,0,0,0,0,yes
2025,TN,47009,Blount,DX0JX77PRMOELF7VG772,Synovus Bank,4,2,2,0.05,4,0,0,0,0,2,0,0,0,0,yes
2025,TN,47009,Blount,2549002VH9C0PKB8K153,,1,1,0,0.02,1,0,0,0,0,1,0,0,0,0,yes
2025,TN,47009,Blount,2549008TT6UNYR7AXF54,,1,1,0,0.02,0,1,0,0,0,0,1,0,0,0,yes
2025,TN,47009,Blount,254900BMXWPEHXG4LF21,,1,1,0,0.02,0,1,0,0,0,0,1,0,0,0,yes
2025,TN,47009,Blount,254900CTT87ZKAUTIJ37,,1,1,0,0.02,1,0,0,0,0,1,0,0,0,0,yes
2025,TN,47009,Blount,254900HIDMT4ZG09RP47,,1,1,0,0.02,0,0,1,0,0,0,0,1,0,0,yes
2025,TN,47009,Blount,254900HO9WPE4LTLQU96,,1,1,0,0.02,1,0,0,0,0,1,0,0,0,0,yes
2025,TN,47009,Blount,254900NZOY3XB2DNSZ34,,1,1,0,0.02,1,0,0,0,0,1,0,0,0,0,yes
2025,TN,47009,Blount,254900QNIR86GUIRYH95,,1,1,0,0.02,1,0,0,0,0,1,0,0,0,0,yes
2025,TN,47009,Blount,254900WH43E1KZKSNH40,,1,1,0,0.02,1,0,0,0,0,1,0,0,0,0,yes
2025,TN,47009,Blount,38CFVD4YYFWD1FV7IM34,,1,1,0,0.02,1,0,0,0,0,1,0,0,0,0,yes
2025,TN,47009,Blount,54930001NSTOD85LT125,"GUARANTEED RATE AFFINITY, LLC",1,1,0,0.02,1,0,0,0,0,1,0,0,0,0,yes
2025,TN,47009,Blount,54930002O9LLXKR6TF11,,1,1,0,0.02,1,0,0,0,0,1,0,0,0,0,yes
2025,TN,47009,Blount,549300032FNX4IOT2T93,,1,1,0,0.02,1,0,0,0,0,1,0,0,0,0,yes
2025,TN,47009,Blount,5493000NYUJT9UC6G261,,1,1,0,0.02,1,0,0,0,0,1,0,0,0,0,yes
2025,TN,47009,Blount,5493000V86JDJLM0OV13,,1,1,0,0.02,1,0,0,0,0,1,0,0,0,0,yes
2025,TN,47009,Blount,5493000XC2Y1SLXRQP11,,1,1,0,0.02,1,0,0,0,0,1,0,0,0,0,yes
2025,TN,47009,Blount,549300121SF0K2LN2804,"PRIMELENDING, A PLAINSCAPITAL COMPANY",1,1,0,0.02,1,0,0,0,0,1,0,0,0,0,yes
2025,TN,47009,Blount,54930022CQGV47Q8PM03,,2,1,0,0.02,2,0,0,0,0,1,0,0,0,0,yes
2025,TN,47009,Blount,5493002G4JO4BZ22MC13,,1,1,0,0.02,1,0,0,0,0,1,0,0,0,0,yes
2025,TN,47009,Blount,5493002OMAT2S3H4OF48,,1,1,0,0.02,1,0,0,0,0,1,0,0,0,0,yes
2025,TN,47009,Blount,5493002QP2ONO47G5R24,,1,1,0,0.02,1,0,0,0,0,1,0,0,0,0,yes
2025,TN,47009,Blount,54930030S6J5KOL5LJ73,FAIRWINDS CREDIT UNION,1,1,0,0.02,1,0,0,0,0,1,0,0,0,0,yes
2025,TN,47009,Blount,54930035U7Q80J7HTS79,,1,1,0,0.02,1,0,0,0,0,1,0,0,0,0,yes
2025,TN,47009,Blount,54930043BMDE130FJ617,"PROVIDENT FUNDING ASSOCIATES, L.P.",2,1,0,0.02,2,0,0,0,0,1,0,0,0,0,yes
2025,TN,47009,Blount,5493004RLLKTQS8K7U51,,2,1,0,0.02,2,0,0,0,0,1,0,0,0,0,yes
2025,TN,47009,Blount,5493004T38NMC864VL66,,1,1,0,0.02,1,0,0,0,0,1,0,0,0,0,yes
2025,TN,47009,Blount,54930059GZZ7G4G40O53,Primis Mortgage Company,3,1,0,0.02,1,0,2,0,0,1,0,0,0,0,yes
2025,TN,47009,Blount,5493005XMJQ1GSXUGT67,,3,1,0,0.02,1,2,0,0,0,0,1,0,0,0,yes
2025,TN,47009,Blount,54930063578UDYE3JR69,,2,1,0,0.02,1,1,0,0,0,0,1,0,0,0,yes
2025,TN,47009,Blount,549300748YYU6VG08N83,,1,1,0,0.02,0,1,0,0,0,0,1,0,0,0,yes
2025,TN,47009,Blount,5493007669OVCSCATP45,TENNESSEE VALLEY FCU,1,1,0,0.02,1,0,0,0,0,1,0,0,0,0,yes
2025,TN,47009,Blount,54930077D8KXQADF5Q23,,1,1,0,0.02,0,0,1,0,0,0,0,1,0,0,yes
2025,TN,47009,Blount,5493007Z7FTUKQGFMZ98,,1,1,0,0.02,1,0,0,0,0,1,0,0,0,0,yes
2025,TN,47009,Blount,54930091JQKCU3Z6IP44,,8,1,1,0.02,8,0,0,0,0,1,0,0,0,0,yes
2025,TN,47009,Blount,5493009LKZIV63KY6458,VIRGINIA FEDERAL CREDIT UNION,1,1,0,0.02,1,0,0,0,0,1,0,0,0,0,yes
2025,TN,47009,Blount,549300A5HHOL2ED18C72,,4,1,0,0.02,4,0,0,0,0,1,0,0,0,0,yes
2025,TN,47009,Blount,549300BG5GYUSWMP2R94,,1,1,0,0.02,1,0,0,0,0,1,0,0,0,0,yes
2025,TN,47009,Blount,549300BLL6VL7AXWYP56,,6,1,0,0.02,4,2,0,0,0,1,0,0,0,0,yes
2025,TN,47009,Blount,549300BOXNV8VLRBDT24,,1,1,0,0.02,1,0,0,0,0,1,0,0,0,0,yes
2025,TN,47009,Blount,549300C04BJ0G297NC13,,2,1,0,0.02,2,0,0,0,0,1,0,0,0,0,yes
2025,TN,47009,Blount,549300CUUEEQ66ZVK149,,3,1,0,0.02,0,3,0,0,0,0,1,0,0,0,yes
2025,TN,47009,Blount,549300EEYVCFG0V6Z057,,5,1,1,0.02,5,0,0,0,0,1,0,0,0,0,yes
2025,TN,47009,Blount,549300G5DVGM0ZHRQC33,,1,1,0,0.02,0,0,1,0,0,0,0,1,0,0,yes
2025,TN,47009,Blount,549300G6RZM5T8NQJW74,,2,1,0,0.02,2,0,0,0,0,1,0,0,0,0,yes
2025,TN,47009,Blount,549300GPO6DWUZR4UY30,FIRST HOME MORTGAGE CORPORATION,1,1,0,0.02,1,0,0,0,0,1,0,0,0,0,yes
2025,TN,47009,Blount,549300GSCUJKJINRJ980,,1,1,0,0.02,1,0,0,0,0,1,0,0,0,0,yes
2025,TN,47009,Blount,549300GTVXJ2PGXNLM73,T2 FINANCIAL LLC,1,1,0,0.02,1,0,0,0,0,1,0,0,0,0,yes
2025,TN,47009,Blount,549300GY4NTTEM7WWB64,,1,1,0,0.02,1,0,0,0,0,1,0,0,0,0,yes
2025,TN,47009,Blount,549300HTMO7FGRKRLV06,"CLIFFCO, INC.",1,1,0,0.02,1,0,0,0,0,1,0,0,0,0,yes
2025,TN,47009,Blount,549300IFOE4SCP384147,University Bank,1,1,0,0.02,1,0,0,0,0,1,0,0,0,0,yes
2025,TN,47009,Blount,549300JX8UXNIMMZYW86,,2,1,0,0.02,2,0,0,0,0,1,0,0,0,0,yes
2025,TN,47009,Blount,549300K2JM6ID3V5LO24,,1,1,0,0.02,1,0,0,0,0,1,0,0,0,0,yes
2025,TN,47009,Blount,549300KPHGEE40YQXO21,,1,1,0,0.02,1,0,0,0,0,1,0,0,0,0,yes
2025,TN,47009,Blount,549300KR4ZW8KJC82O47,,2,1,0,0.02,0,0,2,0,0,0,0,1,0,0,yes
2025,TN,47009,Blount,549300KTR1JGH3K6LU06,FOURLEAF,3,1,0,0.02,3,0,0,0,0,1,0,0,0,0,yes
2025,TN,47009,Blount,549300KWKWPEKL40WD44,,2,1,0,0.02,2,0,0,0,0,1,0,0,0,0,yes
2025,TN,47009,Blount,549300KX4S1573HISS22,,1,1,0,0.02,1,0,0,0,0,1,0,0,0,0,yes
2025,TN,47009,Blount,549300LCT0EFT83E5873,,1,1,0,0.02,1,0,0,0,0,1,0,0,0,0,yes
2025,TN,47009,Blount,549300LXKO1O7CSK5J52,,3,1,0,0.02,1,1,0,1,0,0,0,0,1,0,yes
2025,TN,47009,Blount,549300MSU5WVAU4ZN645,,1,1,0,0.02,1,0,0,0,0,1,0,0,0,0,yes
2025,TN,47009,Blount,549300N1YEXP02MHBR47,,1,1,0,0.02,1,0,0,0,0,1,0,0,0,0,yes
2025,TN,47009,Blount,549300PFJ7GCGDLB2E65,,1,1,0,0.02,1,0,0,0,0,1,0,0,0,0,yes
2025,TN,47009,Blount,549300PIL90PE1ZLKI49,COMMUNITY FIRST CREDIT UNION OF FLO,1,1,0,0.02,1,0,0,0,0,1,0,0,0,0,yes
2025,TN,47009,Blount,549300PLQ5DT613TXQ48,,1,1,0,0.02,1,0,0,0,0,1,0,0,0,0,yes
2025,TN,47009,Blount,549300PXIFIEPL7D7R86,,1,1,0,0.02,0,0,1,0,0,0,0,1,0,0,yes
2025,TN,47009,Blount,549300Q3ROEQU3D1IW91,,13,1,9,0.02,13,0,0,0,0,1,0,0,0,0,yes
2025,TN,47009,Blount,549300Q50XCC0473FG63,,1,1,0,0.02,1,0,0,0,0,1,0,0,0,0,yes
2025,TN,47009,Blount,549300QBX5R3ZBD8FR12,,2,1,0,0.02,1,1,0,0,0,0,1,0,0,0,yes
2025,TN,47009,Blount,549300QKL5FUBZ8LSF50,,1,1,0,0.02,1,0,0,0,0,1,0,0,0,0,yes
2025,TN,47009,Blount,549300R7HGHP2I754087,TOWNE MORTGAGE COMPANY,2,1,0,0.02,0,1,1,0,0,0,1,0,0,0,yes
2025,TN,47009,Blount,549300REENMLD2RN3W58,,3,1,2,0.02,0,0,3,0,0,0,0,1,0,0,yes
2025,TN,47009,Blount,549300RGUEWNDH44ES51,,1,1,0,0.02,1,0,0,0,0,1,0,0,0,0,yes
2025,TN,47009,Blount,549300RYBJHWWDENV610,Alcova Mortgage LLC,2,1,0,0.02,1,1,0,0,0,0,1,0,0,0,yes
2025,TN,47009,Blount,549300RYTR2RVL4SFJ90,,2,1,0,0.02,2,0,0,0,0,1,0,0,0,0,yes
2025,TN,47009,Blount,549300RYWXR8TL5LIK35,,1,1,0,0.02,1,0,0,0,0,1,0,0,0,0,yes
2025,TN,47009,Blount,549300SHE1JTCOWBP090,STATE EMPLOYEES' CREDIT UNION,1,1,0,0.02,1,0,0,0,0,1,0,0,0,0,yes
2025,TN,47009,Blount,549300SI3EZ7U02L5E39,,1,1,0,0.02,1,0,0,0,0,1,0,0,0,0,yes
2025,TN,47009,Blount,549300T3F9S1MKFKHC53,HOMESTEAD FUNDING CORP.,1,1,0,0.02,1,0,0,0,0,1,0,0,0,0,yes
2025,TN,47009,Blount,549300T94GSH3C4U5M59,ALLIANT CREDIT UNION,3,1,0,0.02,1,0,2,0,0,0,0,1,0,0,yes
2025,TN,47009,Blount,549300TA4MQM8WN2XG31,,1,1,0,0.02,1,0,0,0,0,1,0,0,0,0,yes
2025,TN,47009,Blount,549300TWLXP5O4IHG211,,2,1,1,0.02,2,0,0,0,0,1,0,0,0,0,yes
2025,TN,47009,Blount,549300UR5AOWTJJ7KZ64,,1,1,0,0.02,1,0,0,0,0,1,0,0,0,0,yes
2025,TN,47009,Blount,549300UT4EN6IH579Q63,,1,1,0,0.02,1,0,0,0,0,1,0,0,0,0,yes
2025,TN,47009,Blount,549300W4TWSN8U8TGD72,,1,1,0,0.02,1,0,0,0,0,1,0,0,0,0,yes
2025,TN,47009,Blount,549300WK15ESCDNJ5M35,CORNING FEDERAL CREDIT UNION,1,1,0,0.02,1,0,0,0,0,1,0,0,0,0,yes
2025,TN,47009,Blount,549300XARD788LSGZW76,,1,1,0,0.02,1,0,0,0,0,1,0,0,0,0,yes
2025,TN,47009,Blount,549300XBOKNEE2CQJL92,,1,1,0,0.02,1,0,0,0,0,1,0,0,0,0,yes
2025,TN,47009,Blount,549300XRXBA38J60S618,,1,1,0,0.02,1,0,0,0,0,1,0,0,0,0,yes
2025,TN,47009,Blount,549300YD7XJM19TH5O82,,1,1,0,0.02,1,0,0,0,0,1,0,0,0,0,yes
2025,TN,47009,Blount,549300ZPSJZO10ZAX556,"AMERICAN HERITAGE LENDING, LLC",1,1,0,0.02,1,0,0,0,0,1,0,0,0,0,yes
2025,TN,47009,Blount,8I3UVGYULPJQIP7FQV10,"SouthState Bank, National Association",1,1,0,0.02,1,0,0,0,0,1,0,0,0,0,yes
2025,TN,47009,Blount,9845005BP6974AE5D838,,1,1,0,0.02,1,0,0,0,0,1,0,0,0,0,yes
2025,TN,47009,Blount,9845006DE3H5E9VA4012,,2,1,0,0.02,2,0,0,0,0,1,0,0,0,0,yes
2025,TN,47009,Blount,98450087981AP406JG03,,1,1,0,0.02,1,0,0,0,0,1,0,0,0,0,yes
2025,TN,47009,Blount,C398JSK21YCXWM603F55,,4,1,0,0.02,0,0,4,0,0,0,0,1,0,0,yes
2025,TN,47009,Blount,N8T7HW55LK5D2ORCKP39,First National Bank of Pennsylvania,2,1,1,0.02,2,0,0,0,0,1,0,0,0,0,yes
2025,TN,47009,Blount,Q7C315HKI8VX0SSKBS64,Cadence Bank,1,1,0,0.02,1,0,0,0,0,1,0,0,0,0,yes
2025,TN,47009,Blount,SS1TRMSN6BRNMOREEV51,"Flagstar Bank, National Association",1,1,0,0.02,1,0,0,0,0,1,0,0,0,0,yes
2025,TN,47009,Blount,WWB2V0FCW3A0EE3ZJN75,Manufacturers and Traders Trust Company,2,1,0,0.02,2,0,0,0,0,1,0,0,0,0,yes
2025,TN,47009,Blount,549300YN94MOAVYW0F52,"GoodLeap, LLC",5,0,2,0.0,2,2,1,0,0,0,0,0,0,0,yes
2025,TN,47009,Blount,984500F03B9034CQB904,,5,0,2,0.0,5,0,0,0,0,0,0,0,0,0,yes
2025,TN,47011,Bradley,549300FGXN1K3HLB1R50,"Rocket Mortgage, LLC",268,193,42,7.23,161,84,23,0,0,114,65,14,0,0,yes
2025,TN,47011,Bradley,549300GKFNPRWNS0GF29,"AmeriHome Mortgage Company, LLC",183,132,12,4.94,86,57,22,18,0,62,39,17,14,0,yes
2025,TN,47011,Bradley,EQTWLK1G7ODGC2MGLV11,Regions Bank,230,128,69,4.79,224,6,0,0,0,123,5,0,0,0,yes
2025,TN,47011,Bradley,5493007669OVCSCATP45,TENNESSEE VALLEY FCU,212,118,49,4.42,208,3,1,0,0,117,0,1,0,0,yes
2025,TN,47011,Bradley,549300TNGC371911XJ76,,133,116,2,4.34,115,15,3,0,0,103,11,2,0,0,yes
2025,TN,47011,Bradley,549300RZFHIGIM84KN09,,162,111,21,4.16,137,20,4,1,0,97,11,2,1,0,yes
2025,TN,47011,Bradley,5493001SXWZ4OFP8Z903,"CrossCountry Mortgage, LLC",156,94,27,3.52,75,49,31,1,0,44,31,19,0,0,yes
2025,TN,47011,Bradley,549300HW662MN1WU8550,"United Wholesale Mortgage, LLC",132,94,14,3.52,45,38,49,0,0,36,23,35,0,0,yes
2025,TN,47011,Bradley,T68X8LLAQYRNDV034K14,United Community Bank,130,89,19,3.33,104,17,5,4,0,72,11,2,4,0,yes
2025,TN,47011,Bradley,549300OBO7DOF2KOP535,FirstBank,91,67,13,2.51,80,4,7,0,0,57,4,6,0,0,yes
2025,TN,47011,Bradley,54930095LY1EDFTWAG29,,66,58,6,2.17,63,3,0,0,0,55,3,0,0,0,yes
2025,TN,47011,Bradley,549300GZY55UGMUMI322,,65,57,3,2.13,54,9,2,0,0,47,8,2,0,0,yes
2025,TN,47011,Bradley,JJKC32MCHWDI71265Z06,Truist Bank,128,55,56,2.06,121,6,1,0,0,53,1,1,0,0,yes
2025,TN,47011,Bradley,549300DD5QQUHO6PCH70,"Movement Mortgage, LLC",94,54,15,2.02,3,5,86,0,0,1,3,50,0,0,yes
2025,TN,47011,Bradley,549300LYRWPSYPK6S325,Guild Mortgage Company LLC,94,42,7,1.57,11,51,32,0,0,4,19,19,0,0,yes
2025,TN,47011,Bradley,Q7C315HKI8VX0SSKBS64,Cadence Bank,55,40,6,1.5,33,20,1,1,0,22,16,1,1,0,yes
2025,TN,47011,Bradley,54930089R5VSN6GVCK47,,52,39,6,1.46,52,0,0,0,0,39,0,0,0,0,yes
2025,TN,47011,Bradley,549300RPOGWJRH63HS39,UNION HOME MORTGAGE CORP.,71,39,5,1.46,42,23,5,1,0,25,13,1,0,0,yes
2025,TN,47011,Bradley,549300DD4R4SYK5RAQ92,"Cardinal Financial Company, Limited Partnership",39,33,2,1.24,20,11,8,0,0,17,8,8,0,0,yes
2025,TN,47011,Bradley,5493003GQDUH26DNNH17,Navy Federal Credit Union,55,32,6,1.2,36,0,19,0,0,19,0,13,0,0,yes
2025,TN,47011,Bradley,RVDPPPGHCGZ40J4VQ731,Fairway Independent Mortgage Corporation,55,32,5,1.2,17,27,11,0,0,7,20,5,0,0,yes
2025,TN,47011,Bradley,254900DTLHVWQ7NP7R34,"CMG Mortgage, Inc.",37,30,1,1.12,22,9,6,0,0,19,6,5,0,0,yes
2025,TN,47011,Bradley,5493008VVXQIDO1EZ460,,42,29,1,1.09,28,10,4,0,0,21,7,1,0,0,yes
2025,TN,47011,Bradley,549300VNBQD8FDHF7563,"MORTGAGE INVESTORS GROUP, INC.",41,26,0,0.97,17,20,3,1,0,9,15,2,0,0,yes
2025,TN,47011,Bradley,COOWI3L2W9TPYR3WJX37,First Horizon Bank,57,26,28,0.97,56,1,0,0,0,25,1,0,0,0,yes
2025,TN,47011,Bradley,54930021DZJ9CEN11D61,,42,25,1,0.94,13,26,3,0,0,8,15,2,0,0,yes
2025,TN,47011,Bradley,549300CDOC4F7XSRG390,Pinnacle Bank,36,22,6,0.82,36,0,0,0,0,22,0,0,0,0,yes
2025,TN,47011,Bradley,6BYL5QZYBDK8S7L73M02,U.S. Bank National Association,46,21,17,0.79,45,1,0,0,0,21,0,0,0,0,yes
2025,TN,47011,Bradley,DRMSV1Q0EKMEXLAU1P80,"Citizens Bank, National Association",34,21,9,0.79,34,0,0,0,0,21,0,0,0,0,yes
2025,TN,47011,Bradley,254900UL88QFG0E40516,FIGURE LENDING LLC,33,20,8,0.75,33,0,0,0,0,20,0,0,0,0,yes
2025,TN,47011,Bradley,549300LBCBNR1OT00651,NATIONSTAR MORTGAGE LLC,28,20,2,0.75,22,4,2,0,0,15,4,1,0,0,yes
2025,TN,47011,Bradley,5493006VAGP3GQ8FJT49,"Kiavi Funding, Inc.",26,19,2,0.71,26,0,0,0,0,19,0,0,0,0,yes
2025,TN,47011,Bradley,549300AT7EB9FJAF0E61,Old National Bank,41,19,9,0.71,39,2,0,0,0,18,1,0,0,0,yes
2025,TN,47011,Bradley,549300E2UX99HKDBR481,"Broker Solutions, Inc.",52,19,3,0.71,27,18,7,0,0,14,3,2,0,0,yes
2025,TN,47011,Bradley,549300KXIFQ7HCW3FR89,,32,19,1,0.71,32,0,0,0,0,19,0,0,0,0,yes
2025,TN,47011,Bradley,5493000YNV8IX4VD3X12,"VANDERBILT MORTGAGE AND FINANCE, INC.",240,17,92,0.64,240,0,0,0,0,17,0,0,0,0,yes
2025,TN,47011,Bradley,549300D4ZYLSQ5LMTV35,ABSOLUTE HOME MORTGAGE CORPORATION,20,17,2,0.64,12,6,1,1,0,9,6,1,1,0,yes
2025,TN,47011,Bradley,5493000OM9RKJW8W5K82,,23,16,1,0.6,14,9,0,0,0,11,5,0,0,0,yes
2025,TN,47011,Bradley,549300AG64NHILB7ZP05,"PennyMac Loan Services, LLC",20,16,2,0.6,10,8,2,0,0,8,6,2,0,0,yes
2025,TN,47011,Bradley,549300H3IZO24NSOO931,"loanDepot.com, LLC",20,16,2,0.6,9,10,1,0,0,7,9,0,0,0,yes
2025,TN,47011,Bradley,549300VZVN841I2ILS84,Freedom Mortgage Corporation,31,14,1,0.52,9,17,5,0,0,6,5,3,0,0,yes
2025,TN,47011,Bradley,254900HA4DQWAE0W3342,"AMERIHOME MORTGAGE COMPANY, LLC",17,13,1,0.49,1,16,0,0,0,1,12,0,0,0,yes
2025,TN,47011,Bradley,54930078TNN7GKZ7NU89,,17,13,0,0.49,11,5,1,0,0,8,4,1,0,0,yes
2025,TN,47011,Bradley,549300FNXYY540N23N64,Newrez LLC,30,13,0,0.49,15,3,12,0,0,2,2,9,0,0,yes
2025,TN,47011,Bradley,549300NOCASXPA34X033,"LAKEVIEW LOAN SERVICING, LLC",35,13,14,0.49,7,21,7,0,0,1,10,2,0,0,yes
2025,TN,47011,Bradley,5493001GCBD5XGNIC815,Coastal Community Bank,33,12,1,0.45,33,0,0,0,0,12,0,0,0,0,yes
2025,TN,47011,Bradley,5493001GDRY0EL7VG372,"ARK-LA-TEX FINANCIAL SERVICES, LLC.",16,12,0,0.45,9,6,1,0,0,7,4,1,0,0,yes
2025,TN,47011,Bradley,KB1H1DSPRFMYMCUFXT09,"Wells Fargo Bank, National Association",15,12,0,0.45,14,1,0,0,0,12,0,0,0,0,yes
2025,TN,47011,Bradley,54930054ET8KM4O1D485,"SOFI BANK, NATIONAL ASSOCIATION",28,11,3,0.41,27,1,0,0,0,10,1,0,0,0,yes
2025,TN,47011,Bradley,549300R0SXC1JU7ZU290,"FIRST COMMUNITY MORTGAGE, INC.",13,11,1,0.41,8,5,0,0,0,6,5,0,0,0,yes
2025,TN,47011,Bradley,25490066WMF8ZMQXQB18,"Lendage, LLC",16,10,4,0.37,16,0,0,0,0,10,0,0,0,0,yes
2025,TN,47011,Bradley,5493001WHVQBGRSWEU75,"HOMEBRIDGE FINANCIAL SERVICES, INC.",14,10,0,0.37,13,0,1,0,0,9,0,1,0,0,yes
2025,TN,47011,Bradley,5493002B2WMHY23GFK92,"AMERICAN FINANCIAL RESOURCES, INC.",13,10,0,0.37,4,5,4,0,0,2,5,3,0,0,yes
2025,TN,47011,Bradley,549300OPCWU6E72WUT29,"MUTUAL OF OMAHA MORTGAGE, INC.",13,10,1,0.37,2,8,3,0,0,1,7,2,0,0,yes
2025,TN,47011,Bradley,549300PIL8LFAQ04XC20,Better Mortgage Corporation,35,10,17,0.37,35,0,0,0,0,10,0,0,0,0,yes
2025,TN,47011,Bradley,549300VCMRO4ST680C11,VILLAGE CAPITAL & INVESTMENT LLC,28,10,4,0.37,0,4,24,0,0,0,2,8,0,0,yes
2025,TN,47011,Bradley,549300FOHR7SBPQ7WJ92,,10,9,0,0.34,10,0,0,0,0,9,0,0,0,0,yes
2025,TN,47011,Bradley,549300K4ZLGS7SRDTL86,Equity Prime Mortgage LLC,15,9,2,0.34,1,8,5,1,0,1,4,3,1,0,yes
2025,TN,47011,Bradley,549300KIOYNU323LVJ37,AMERICAN PACIFIC MORTGAGE CORPORATION,13,9,2,0.34,5,5,3,0,0,2,5,2,0,0,yes
2025,TN,47011,Bradley,549300YN94MOAVYW0F52,"GoodLeap, LLC",15,9,2,0.34,9,6,0,0,0,8,1,0,0,0,yes
2025,TN,47011,Bradley,7H6GLXDRUGQFU57RNE97,"JPMorgan Chase Bank, National Association",13,9,2,0.34,11,2,0,0,0,8,1,0,0,0,yes
2025,TN,47011,Bradley,B4TYDEB6GKMZO031MB27,"Guaranteed Rate, Inc.",32,9,15,0.34,29,2,1,0,0,8,1,0,0,0,yes
2025,TN,47011,Bradley,549300MHH03ICJYEPE85,,9,8,0,0.3,0,9,0,0,0,0,8,0,0,0,yes
2025,TN,47011,Bradley,549300T9P3WXNMXX0I34,Ixonia Bank,11,8,0,0.3,8,3,0,0,0,6,2,0,0,0,yes
2025,TN,47011,Bradley,549300UR5AOWTJJ7KZ64,,8,8,0,0.3,8,0,0,0,0,8,0,0,0,0,yes
2025,TN,47011,Bradley,54930015645SYPOM7220,,8,7,1,0.26,3,5,0,0,0,3,4,0,0,0,yes
2025,TN,47011,Bradley,549300DG3IV05V4C4E03,,7,7,0,0.26,6,1,0,0,0,6,1,0,0,0,yes
2025,TN,47011,Bradley,549300SK2GVCQXPD4S58,"SUN WEST MORTGAGE COMPANY, INC.",8,7,1,0.26,1,5,1,1,0,1,5,1,0,0,yes
2025,TN,47011,Bradley,549300YIQ7S7Z8PIHE53,AMERISAVE MORTGAGE CORPORATION,27,7,17,0.26,17,7,3,0,0,6,1,0,0,0,yes
2025,TN,47011,Bradley,C5654JQHZUHN0772B561,USAA Federal Savings Bank,15,7,5,0.26,2,0,13,0,0,2,0,5,0,0,yes
2025,TN,47011,Bradley,X05BVSK68TQ7YTOSNR22,Discover Bank,32,7,15,0.26,32,0,0,0,0,7,0,0,0,0,yes
2025,TN,47011,Bradley,5493006JISETNI0GLE61,,8,6,1,0.22,8,0,0,0,0,6,0,0,0,0,yes
2025,TN,47011,Bradley,549300AQ3T62GXDU7D76,Ally Bank,8,6,0,0.22,4,3,1,0,0,4,1,1,0,0,yes
2025,TN,47011,Bradley,549300DPRWSBUY619V27,,8,6,1,0.22,7,1,0,0,0,6,0,0,0,0,yes
2025,TN,47011,Bradley,549300KHXD7JSQUZIJ22,,12,6,3,0.22,9,3,0,0,0,4,2,0,0,0,yes
2025,TN,47011,Bradley,549300R7HGHP2I754087,TOWNE MORTGAGE COMPANY,9,6,0,0.22,2,5,0,2,0,2,3,0,1,0,yes
2025,TN,47011,Bradley,549300U3721PJGQZYY68,Nationstar Mortgage LLC,14,6,0,0.22,6,7,1,0,0,3,3,0,0,0,yes
2025,TN,47011,Bradley,549300VMX06UV1F7NS76,,7,6,0,0.22,2,4,1,0,0,2,3,1,0,0,yes
2025,TN,47011,Bradley,549300XQVJ1XBNFA5536,21ST MORTGAGE CORPORATION,109,6,57,0.22,109,0,0,0,0,6,0,0,0,0,yes
2025,TN,47011,Bradley,AD6GFRVSDT01YPT1CS68,"PNC Bank, National Association",13,6,4,0.22,13,0,0,0,0,6,0,0,0,0,yes
2025,TN,47011,Bradley,549300121SF0K2LN2804,"PRIMELENDING, A PLAINSCAPITAL COMPANY",5,5,0,0.19,4,1,0,0,0,4,1,0,0,0,yes
2025,TN,47011,Bradley,54930030Z1JWTP3SVD16,,11,5,1,0.19,1,9,1,0,0,0,4,1,0,0,yes
2025,TN,47011,Bradley,549300DMYENRV818D594,,6,5,0,0.19,3,2,1,0,0,3,2,0,0,0,yes
2025,TN,47011,Bradley,549300LWR6X0ZAV34H19,,5,5,0,0.19,5,0,0,0,0,5,0,0,0,0,yes
2025,TN,47011,Bradley,549300MZ8VZJOVC63092,"KIND LENDING, LLC",7,5,2,0.19,2,4,1,0,0,2,3,0,0,0,yes
2025,TN,47011,Bradley,549300S5YL3OH0IVCS62,FINANCE OF AMERICA REVERSE LLC,6,5,0,0.19,0,6,0,0,0,0,5,0,0,0,yes
2025,TN,47011,Bradley,549300UT4EN6IH579Q63,,5,5,0,0.19,5,0,0,0,0,5,0,0,0,0,yes
2025,TN,47011,Bradley,QFROUN1UWUYU0DVIWD51,"Eagle Home Mortgage, LLC",6,5,0,0.19,6,0,0,0,0,5,0,0,0,0,yes
2025,TN,47011,Bradley,5493001X0T84TYRJ5Y59,,4,4,0,0.15,4,0,0,0,0,4,0,0,0,0,yes
2025,TN,47011,Bradley,5493002Y5XYV7DV1ZV88,"GOLD STAR MORTGAGE FINANCIAL GROUP, CORPORATION",7,4,0,0.15,6,1,0,0,0,3,1,0,0,0,yes
2025,TN,47011,Bradley,5493008CPTDVOS570626,"Primary Residential Mortgage, Inc.",6,4,0,0.15,6,0,0,0,0,4,0,0,0,0,yes
2025,TN,47011,Bradley,5493008NWHQT1R22C024,"AMERICAN FINANCIAL NETWORK, INC.",8,4,2,0.15,3,4,1,0,0,1,2,1,0,0,yes
2025,TN,47011,Bradley,549300KQHWNSVCE2MY88,,4,4,0,0.15,1,1,2,0,0,1,1,2,0,0,yes
2025,TN,47011,Bradley,549300MCIFZSDHUT8X63,"NFM, INC.",4,4,0,0.15,3,1,0,0,0,3,1,0,0,0,yes
2025,TN,47011,Bradley,549300N4V3ZDLXURNC25,,5,4,0,0.15,5,0,0,0,0,4,0,0,0,0,yes
2025,TN,47011,Bradley,549300RN01LBYR8ZVX74,"LOWER, LLC",6,4,1,0.15,2,3,1,0,0,1,2,1,0,0,yes
2025,TN,47011,Bradley,549300SUCQ1358EGVE89,"NEW DAY FINANCIAL, LLC",17,4,5,0.15,0,0,17,0,0,0,0,4,0,0,yes
2025,TN,47011,Bradley,549300ZWNETGFXTBBY03,,8,4,0,0.15,5,2,1,0,0,3,1,0,0,0,yes
2025,TN,47011,Bradley,254900TTXC2DBWKBNZ05,,10,3,3,0.11,10,0,0,0,0,3,0,0,0,0,yes
2025,TN,47011,Bradley,254900WQCRCK13A7DC81,,5,3,1,0.11,4,0,1,0,0,2,0,1,0,0,yes
2025,TN,47011,Bradley,254900WTZC5SSKIN2M11,,3,3,0,0.11,3,0,0,0,0,3,0,0,0,0,yes
2025,TN,47011,Bradley,5493002QRULT2T40BH09,,3,3,0,0.11,3,0,0,0,0,3,0,0,0,0,yes
2025,TN,47011,Bradley,549300370QILXLFUWD20,"ZILLOW HOME LOANS, LLC",5,3,0,0.11,3,2,0,0,0,2,1,0,0,0,yes
2025,TN,47011,Bradley,5493004AS1SPBQOFDR49,"Change Lending, LLC",4,3,0,0.11,4,0,0,0,0,3,0,0,0,0,yes
2025,TN,47011,Bradley,54930074H8866HTIWU69,KNOXVILLE TVA EMPLOYEES CREDIT UNION,3,3,0,0.11,3,0,0,0,0,3,0,0,0,0,yes
2025,TN,47011,Bradley,5493008ZTV4S0W9DCX64,,6,3,3,0.11,2,4,0,0,0,1,2,0,0,0,yes
2025,TN,47011,Bradley,549300BX448ALT10FI43,The Federal Savings Bank,5,3,0,0.11,1,0,4,0,0,0,0,3,0,0,yes
2025,TN,47011,Bradley,549300E0S1LZYZ9QNX81,,6,3,1,0.11,6,0,0,0,0,3,0,0,0,0,yes
2025,TN,47011,Bradley,549300O6Z0I6KYMESL47,AMWEST FUNDING CORP.,3,3,0,0.11,3,0,0,0,0,3,0,0,0,0,yes
2025,TN,47011,Bradley,549300Q10M1VXBG2H889,,5,3,1,0.11,2,3,0,0,0,1,2,0,0,0,yes
2025,TN,47011,Bradley,549300QR0KFPEDZPEI42,,7,3,3,0.11,7,0,0,0,0,3,0,0,0,0,yes
2025,TN,47011,Bradley,549300R77W0P105C3S50,HOMEXPRESS MORTGAGE CORP.,4,3,1,0.11,4,0,0,0,0,3,0,0,0,0,yes
2025,TN,47011,Bradley,549300VORTI31GZTJL53,"CARDINAL FINANCIAL COMPANY, LIMITED PARTNERSHIP",5,3,1,0.11,4,1,0,0,0,3,0,0,0,0,yes
2025,TN,47011,Bradley,549300XY701IELCE5Q08,BETTER MORTGAGE CORPORATION,11,3,3,0.11,10,1,0,0,0,3,0,0,0,0,yes
2025,TN,47011,Bradley,984500U2F9A83N391A91,"CHAMPIONS FUNDING, LLC",8,3,1,0.11,8,0,0,0,0,3,0,0,0,0,yes
2025,TN,47011,Bradley,Q708HHR4LD2B7XIZNO92,First Federal Bank,5,3,0,0.11,2,0,3,0,0,1,0,2,0,0,yes
2025,TN,47011,Bradley,213800XR2TCBQJSF1X93,,2,2,0,0.07,1,1,0,0,0,1,1,0,0,0,yes
2025,TN,47011,Bradley,254900HEJ9F73IMPX887,,2,2,0,0.07,2,0,0,0,0,2,0,0,0,0,yes
2025,TN,47011,Bradley,254900M2C4Q6DATP2889,,8,2,1,0.07,1,4,3,0,0,0,1,1,0,0,yes
2025,TN,47011,Bradley,254900PVWALA7JTBXA31,WILSON BANK AND TRUST,4,2,2,0.07,4,0,0,0,0,2,0,0,0,0,yes
2025,TN,47011,Bradley,5493000V86JDJLM0OV13,,2,2,0,0.07,2,0,0,0,0,2,0,0,0,0,yes
2025,TN,47011,Bradley,54930021WPEXNHYZUL09,"PLANET HOME LENDING, LLC",3,2,1,0.07,1,0,2,0,0,1,0,1,0,0,yes
2025,TN,47011,Bradley,5493002RF1ERFA2XR050,Renasant Bank,4,2,1,0.07,4,0,0,0,0,2,0,0,0,0,yes
2025,TN,47011,Bradley,54930048P8RWCQHQM310,,2,2,0,0.07,2,0,0,0,0,2,0,0,0,0,yes
2025,TN,47011,Bradley,54930049L5WINET09Q97,"CLICK N' CLOSE, INC.",4,2,0,0.07,2,2,0,0,0,1,1,0,0,0,yes
2025,TN,47011,Bradley,549300BLL6VL7AXWYP56,,7,2,0,0.07,7,0,0,0,0,2,0,0,0,0,yes
2025,TN,47011,Bradley,549300CUUEEQ66ZVK149,,4,2,0,0.07,0,4,0,0,0,0,2,0,0,0,yes
2025,TN,47011,Bradley,549300DDLYW49R2HCV81,EASTMAN CREDIT UNION,3,2,1,0.07,3,0,0,0,0,2,0,0,0,0,yes
2025,TN,47011,Bradley,549300E035FX7XMJ6713,,2,2,0,0.07,2,0,0,0,0,2,0,0,0,0,yes
2025,TN,47011,Bradley,549300EFCZM6KD6B8K69,MORTGAGE ACCESS CORP.,5,2,1,0.07,3,1,1,0,0,2,0,0,0,0,yes
2025,TN,47011,Bradley,549300FX7K8PTEQUU487,PENTAGON FEDERAL CREDIT UNION,2,2,0,0.07,1,0,1,0,0,1,0,1,0,0,yes
2025,TN,47011,Bradley,549300G6RZM5T8NQJW74,,5,2,3,0.07,5,0,0,0,0,2,0,0,0,0,yes
2025,TN,47011,Bradley,549300IJ8KTGYPKLXK63,,3,2,0,0.07,3,0,0,0,0,2,0,0,0,0,yes
2025,TN,47011,Bradley,549300J7I82PNDVU8H22,"OCMBC, INC.",3,2,0,0.07,3,0,0,0,0,2,0,0,0,0,yes
2025,TN,47011,Bradley,549300K6L4VXCXWN4205,ORNL,3,2,0,0.07,3,0,0,0,0,2,0,0,0,0,yes
2025,TN,47011,Bradley,549300KSOOZZVXCMA627,ANGEL OAK MORTGAGE SOLUTIONS LLC,2,2,0,0.07,2,0,0,0,0,2,0,0,0,0,yes
2025,TN,47011,Bradley,549300LZUXCJFE5ONM48,,2,2,0,0.07,0,2,0,0,0,0,2,0,0,0,yes
2025,TN,47011,Bradley,549300MGPZBLQDIL7538,"PrimeLending, a PlainsCapital Company",2,2,0,0.07,0,1,1,0,0,0,1,1,0,0,yes
2025,TN,47011,Bradley,549300PL267CW8182203,,3,2,0,0.07,0,0,3,0,0,0,0,2,0,0,yes
2025,TN,47011,Bradley,549300Q50XCC0473FG63,,2,2,0,0.07,2,0,0,0,0,2,0,0,0,0,yes
2025,TN,47011,Bradley,549300R0L43GUZ8EW811,,2,2,0,0.07,1,1,0,0,0,1,1,0,0,0,yes
2025,TN,47011,Bradley,549300R14I3DX6ZMWL07,,3,2,1,0.07,3,0,0,0,0,2,0,0,0,0,yes
2025,TN,47011,Bradley,549300RWXUAFD1WAE410,"ATLANTIC BAY MORTGAGE GROUP, L.L.C.",2,2,0,0.07,2,0,0,0,0,2,0,0,0,0,yes
2025,TN,47011,Bradley,549300SP39BCL43JUN40,,2,2,0,0.07,2,0,0,0,0,2,0,0,0,0,yes
2025,TN,47011,Bradley,549300T94GSH3C4U5M59,ALLIANT CREDIT UNION,3,2,1,0.07,3,0,0,0,0,2,0,0,0,0,yes
2025,TN,47011,Bradley,549300UG7QXKM7KGV847,,2,2,0,0.07,2,0,0,0,0,2,0,0,0,0,yes
2025,TN,47011,Bradley,549300UVOSI4XZZGUE14,,2,2,0,0.07,0,1,1,0,0,0,1,1,0,0,yes
2025,TN,47011,Bradley,549300V4IWDO6EFUKC70,,3,2,0,0.07,3,0,0,0,0,2,0,0,0,0,yes
2025,TN,47011,Bradley,549300XCVBRR56D08F03,,7,2,0,0.07,5,2,0,0,0,2,0,0,0,0,yes
2025,TN,47011,Bradley,549300ZPSJZO10ZAX556,"AMERICAN HERITAGE LENDING, LLC",2,2,0,0.07,2,0,0,0,0,2,0,0,0,0,yes
2025,TN,47011,Bradley,DX0JX77PRMOELF7VG772,Synovus Bank,4,2,2,0.07,3,1,0,0,0,1,1,0,0,0,yes
2025,TN,47011,Bradley,PAOOWF3GUFM46FBSP561,,12,2,2,0.07,2,9,1,0,0,0,2,0,0,0,yes
2025,TN,47011,Bradley,2549002VH9C0PKB8K153,,1,1,0,0.04,1,0,0,0,0,1,0,0,0,0,yes
2025,TN,47011,Bradley,2549005SIVTHG14U2905,A&D Mortgage LLC,1,1,0,0.04,1,0,0,0,0,1,0,0,0,0,yes
2025,TN,47011,Bradley,254900AHEC0ZH6MGNX19,,2,1,0,0.04,2,0,0,0,0,1,0,0,0,0,yes
2025,TN,47011,Bradley,254900DRSIZBQXDCJ875,,1,1,0,0.04,1,0,0,0,0,1,0,0,0,0,yes
2025,TN,47011,Bradley,254900DSZI6CJXJL6Z14,,1,1,0,0.04,1,0,0,0,0,1,0,0,0,0,yes
2025,TN,47011,Bradley,254900J2RKTTDJSUWD76,,2,1,0,0.04,2,0,0,0,0,1,0,0,0,0,yes
2025,TN,47011,Bradley,254900RFZH9I62FGU045,,1,1,0,0.04,0,0,0,1,0,0,0,0,1,0,yes
2025,TN,47011,Bradley,254900RM3T6WAVE6SA24,,1,1,0,0.04,1,0,0,0,0,1,0,0,0,0,yes
2025,TN,47011,Bradley,254900RQX8N4HXJIDK44,,1,1,0,0.04,0,1,0,0,0,0,1,0,0,0,yes
2025,TN,47011,Bradley,254900TTZ395IC926125,,1,1,0,0.04,1,0,0,0,0,1,0,0,0,0,yes
2025,TN,47011,Bradley,254900WEP08K7U7S3A80,,1,1,0,0.04,1,0,0,0,0,1,0,0,0,0,yes
2025,TN,47011,Bradley,254900WT4HAMDFWH3048,,1,1,0,0.04,0,1,0,0,0,0,1,0,0,0,yes
2025,TN,47011,Bradley,254900XASC5S67PMPM58,,1,1,0,0.04,1,0,0,0,0,1,0,0,0,0,yes
2025,TN,47011,Bradley,254900ZFWS2106HWPH46,"PARAMOUNT RESIDENTIAL MORTGAGE GROUP, INC.",1,1,0,0.04,0,0,1,0,0,0,0,1,0,0,yes
2025,TN,47011,Bradley,254900ZOIZTP7ZF6AH17,,1,1,0,0.04,1,0,0,0,0,1,0,0,0,0,yes
2025,TN,47011,Bradley,54930002HD26G3OGZR79,,1,1,0,0.04,1,0,0,0,0,1,0,0,0,0,yes
2025,TN,47011,Bradley,5493000H6DFDDJRORG89,,1,1,0,0.04,0,1,0,0,0,0,1,0,0,0,yes
2025,TN,47011,Bradley,5493000NYUJT9UC6G261,,4,1,0,0.04,0,1,2,1,0,0,0,1,0,0,yes
2025,TN,47011,Bradley,549300249G20MDIDRR27,,21,1,1,0.04,17,4,0,0,0,1,0,0,0,0,yes
2025,TN,47011,Bradley,5493002YXAOJOQPEGS38,,1,1,0,0.04,0,1,0,0,0,0,1,0,0,0,yes
2025,TN,47011,Bradley,54930034MNPILHP25H80,Gateway First Bank,1,1,0,0.04,1,0,0,0,0,1,0,0,0,0,yes
2025,TN,47011,Bradley,5493004NO7XCFVG4KD53,,2,1,1,0.04,2,0,0,0,0,1,0,0,0,0,yes
2025,TN,47011,Bradley,5493004T38NMC864VL66,,1,1,0,0.04,1,0,0,0,0,1,0,0,0,0,yes
2025,TN,47011,Bradley,5493005NU5BA00C1N451,,1,1,0,0.04,1,0,0,0,0,1,0,0,0,0,yes
2025,TN,47011,Bradley,5493005PD34O8ZT7QT17,,1,1,0,0.04,1,0,0,0,0,1,0,0,0,0,yes
2025,TN,47011,Bradley,5493005PKOSG7MYX0B34,"Prosperity Home Mortgage, LLC",3,1,0,0.04,0,2,1,0,0,0,0,1,0,0,yes
2025,TN,47011,Bradley,54930072OCHTUJOZQB56,,2,1,0,0.04,2,0,0,0,0,1,0,0,0,0,yes
2025,TN,47011,Bradley,5493007CLWQN2S6IZK91,,1,1,0,0.04,0,0,1,0,0,0,0,1,0,0,yes
2025,TN,47011,Bradley,5493007CXTOHZ2JBEJ61,"THE MORTGAGE FIRM, INC.",1,1,0,0.04,1,0,0,0,0,1,0,0,0,0,yes
2025,TN,47011,Bradley,5493008SP1FN4D81IS17,,1,1,0,0.04,1,0,0,0,0,1,0,0,0,0,yes
2025,TN,47011,Bradley,549300A5HHOL2ED18C72,,2,1,0,0.04,2,0,0,0,0,1,0,0,0,0,yes
2025,TN,47011,Bradley,549300B4IYL7TZT8FA34,,2,1,0,0.04,0,1,1,0,0,0,0,1,0,0,yes
2025,TN,47011,Bradley,549300CLRXFVF83ZL806,"NATIONWIDE MORTGAGE BANKERS, INC.",1,1,0,0.04,0,1,0,0,0,0,1,0,0,0,yes
2025,TN,47011,Bradley,549300E1PJPTI4YS7H26,ASCEND FEDERAL CREDIT UNION,1,1,0,0.04,1,0,0,0,0,1,0,0,0,0,yes
2025,TN,47011,Bradley,549300F8C5JA44WNMI75,AMERICAN NEIGHBORHOOD MORTGAGE ACCEPTANCE COMPANY LLC,2,1,0,0.04,1,1,0,0,0,1,0,0,0,0,yes
2025,TN,47011,Bradley,549300G5DVGM0ZHRQC33,,2,1,1,0.04,0,0,2,0,0,0,0,1,0,0,yes
2025,TN,47011,Bradley,549300GS0W0TEUQS8571,"Morgan Stanley Private Bank, National Association",1,1,0,0.04,1,0,0,0,0,1,0,0,0,0,yes
2025,TN,47011,Bradley,549300GSN9VF5S618659,,3,1,1,0.04,1,1,1,0,0,0,1,0,0,0,yes
2025,TN,47011,Bradley,549300GWD9H4FQ2VR805,,1,1,0,0.04,1,0,0,0,0,1,0,0,0,0,yes
2025,TN,47011,Bradley,549300GY4NTTEM7WWB64,,1,1,0,0.04,1,0,0,0,0,1,0,0,0,0,yes
2025,TN,47011,Bradley,549300HRLROF7PLJ6735,CLEAREDGE LENDING LLC,1,1,0,0.04,1,0,0,0,0,1,0,0,0,0,yes
2025,TN,47011,Bradley,549300J6N77Q8OHYNF23,,1,1,0,0.04,0,1,0,0,0,0,1,0,0,0,yes
2025,TN,47011,Bradley,549300JPGMCMBEJEK584,FIRST TECHNOLOGY,1,1,0,0.04,1,0,0,0,0,1,0,0,0,0,yes
2025,TN,47011,Bradley,549300JYXTZDSPJEPI44,"PLAZA HOME MORTGAGE, INC.",2,1,1,0.04,0,1,1,0,0,0,0,1,0,0,yes
2025,TN,47011,Bradley,549300K7224BC1IAX207,DHI Mortgage Company Limited,1,1,0,0.04,1,0,0,0,0,1,0,0,0,0,yes
2025,TN,47011,Bradley,549300KJ8PAJ7E52HG32,Plains Commerce Bank,1,1,0,0.04,1,0,0,0,0,1,0,0,0,0,yes
2025,TN,47011,Bradley,549300KM0M1BH7LBWW77,,1,1,0,0.04,0,0,1,0,0,0,0,1,0,0,yes
2025,TN,47011,Bradley,549300KTR1JGH3K6LU06,FOURLEAF,2,1,1,0.04,2,0,0,0,0,1,0,0,0,0,yes
2025,TN,47011,Bradley,549300LCT0EFT83E5873,,1,1,0,0.04,1,0,0,0,0,1,0,0,0,0,yes
2025,TN,47011,Bradley,549300LROQOOQU77WS20,,2,1,0,0.04,2,0,0,0,0,1,0,0,0,0,yes
2025,TN,47011,Bradley,549300MCPCNPQAOB4032,,3,1,0,0.04,0,3,0,0,0,0,1,0,0,0,yes
2025,TN,47011,Bradley,549300OPB0G5OMY0SM65,,1,1,0,0.04,1,0,0,0,0,1,0,0,0,0,yes
2025,TN,47011,Bradley,549300PBTV7FCWLSMM53,,4,1,1,0.04,0,2,2,0,0,0,0,1,0,0,yes
2025,TN,47011,Bradley,549300PXIFIEPL7D7R86,,1,1,0,0.04,0,1,0,0,0,0,1,0,0,0,yes
2025,TN,47011,Bradley,549300Q6YL1SFVPEGV90,,1,1,0,0.04,0,1,0,0,0,0,1,0,0,0,yes
2025,TN,47011,Bradley,549300QKL5FUBZ8LSF50,,2,1,0,0.04,1,1,0,0,0,1,0,0,0,0,yes
2025,TN,47011,Bradley,549300QVGK8WC4HQ3C28,,1,1,0,0.04,1,0,0,0,0,1,0,0,0,0,yes
2025,TN,47011,Bradley,549300R9S3MVDV4MGF56,"CARRINGTON MORTGAGE SERVICES, LLC",11,1,3,0.04,6,3,2,0,0,1,0,0,0,0,yes
2025,TN,47011,Bradley,549300RBJCM5B02O5U05,,1,1,0,0.04,1,0,0,0,0,1,0,0,0,0,yes
2025,TN,47011,Bradley,549300REENMLD2RN3W58,,1,1,0,0.04,0,1,0,0,0,0,1,0,0,0,yes
2025,TN,47011,Bradley,549300RFLICNI75BG067,Luminate Bank,1,1,0,0.04,0,1,0,0,0,0,1,0,0,0,yes
2025,TN,47011,Bradley,549300RP3DLR09NF6157,,1,1,0,0.04,0,1,0,0,0,0,1,0,0,0,yes
2025,TN,47011,Bradley,549300RUFHC5ZQDL8J10,,1,1,0,0.04,1,0,0,0,0,1,0,0,0,0,yes
2025,TN,47011,Bradley,549300RYTR2RVL4SFJ90,,1,1,0,0.04,1,0,0,0,0,1,0,0,0,0,yes
2025,TN,47011,Bradley,549300S8SHBRCI7UU819,,2,1,1,0.04,2,0,0,0,0,1,0,0,0,0,yes
2025,TN,47011,Bradley,549300SLZFPDLWNB0O94,First Reliance Bank,1,1,0,0.04,1,0,0,0,0,1,0,0,0,0,yes
2025,TN,47011,Bradley,549300T3F9S1MKFKHC53,HOMESTEAD FUNDING CORP.,1,1,0,0.04,1,0,0,0,0,1,0,0,0,0,yes
2025,TN,47011,Bradley,549300T7AIY7RU1YDP31,,1,1,0,0.04,1,0,0,0,0,1,0,0,0,0,yes
2025,TN,47011,Bradley,549300T7HRS5DVBUPQ06,,1,1,0,0.04,1,0,0,0,0,1,0,0,0,0,yes
2025,TN,47011,Bradley,549300TCY9QY8BRDQJ12,,1,1,0,0.04,0,1,0,0,0,0,1,0,0,0,yes
2025,TN,47011,Bradley,549300TOOOOW36EX6R40,SUNCOAST CREDIT UNION,2,1,1,0.04,2,0,0,0,0,1,0,0,0,0,yes
2025,TN,47011,Bradley,549300UB5TJ0YPVPT503,,2,1,0,0.04,0,0,2,0,0,0,0,1,0,0,yes
2025,TN,47011,Bradley,549300UPB8ITF7B1GI03,,1,1,0,0.04,1,0,0,0,0,1,0,0,0,0,yes
2025,TN,47011,Bradley,549300VJQJVZKJBDWS17,"TOTAL MORTGAGE SERVICES, LLC",1,1,0,0.04,1,0,0,0,0,1,0,0,0,0,yes
2025,TN,47011,Bradley,549300VUVWGNUHYOLA93,,1,1,0,0.04,1,0,0,0,0,1,0,0,0,0,yes
2025,TN,47011,Bradley,549300WYBPIWKK6SQC06,,2,1,1,0.04,2,0,0,0,0,1,0,0,0,0,yes
2025,TN,47011,Bradley,549300WZWPMDWIL12842,,1,1,0,0.04,1,0,0,0,0,1,0,0,0,0,yes
2025,TN,47011,Bradley,549300XWUSRVVOHPRY47,Academy Mortgage Corporation,3,1,1,0.04,0,3,0,0,0,0,1,0,0,0,yes
2025,TN,47011,Bradley,549300Y5Y88FQLI7VE83,DEEPHAVEN MORTGAGE LLC,3,1,2,0.04,3,0,0,0,0,1,0,0,0,0,yes
2025,TN,47011,Bradley,549300YW2UBCMDRMBT48,,3,1,0,0.04,1,1,1,0,0,1,0,0,0,0,yes
2025,TN,47011,Bradley,549300ZCR1XCLNEEI724,,2,1,0,0.04,2,0,0,0,0,1,0,0,0,0,yes
2025,TN,47011,Bradley,549300ZZME37MXI1EF14,,1,1,0,0.04,1,0,0,0,0,1,0,0,0,0,yes
2025,TN,47011,Bradley,984500CD6F0743B8F530,,1,1,0,0.04,0,0,1,0,0,0,0,1,0,0,yes
2025,TN,47011,Bradley,QGPGHQ1ENZOOLJRFTH41,,1,1,0,0.04,1,0,0,0,0,1,0,0,0,0,yes
2025,TN,47011,Bradley,SS1TRMSN6BRNMOREEV51,"Flagstar Bank, National Association",3,1,1,0.04,2,1,0,0,0,0,1,0,0,0,yes
2025,TN,47011,Bradley,VNOO6EITDJ2YUEBMSZ83,,1,1,0,0.04,1,0,0,0,0,1,0,0,0,0,yes
2025,TN,47011,Bradley,54930091JQKCU3Z6IP44,,5,0,1,0.0,5,0,0,0,0,0,0,0,0,0,yes
2025,TN,47011,Bradley,549300ALNLUNS3Y53T24,,9,0,3,0.0,3,5,1,0,0,0,0,0,0,0,yes
2025,TN,47011,Bradley,549300CB67L6KPJLHE19,"TRIAD FINANCIAL SERVICES, INC.",7,0,6,0.0,7,0,0,0,0,0,0,0,0,0,yes
2025,TN,47011,Bradley,549300Q3ROEQU3D1IW91,,9,0,9,0.0,9,0,0,0,0,0,0,0,0,0,yes
2025,TN,47011,Bradley,549300RA3E0BUFO7YZ21,"Hometown Equity Mortgage, LLC",5,0,4,0.0,5,0,0,0,0,0,0,0,0,0,yes
2025,TN,47011,Bradley,984500F6E6940CCB6A60,,5,0,1,0.0,5,0,0,0,0,0,0,0,0,0,yes
2025,TN,47037,Davidson,549300FGXN1K3HLB1R50,"Rocket Mortgage, LLC",1281,904,220,5.54,1020,203,58,0,0,724,138,42,0,0,yes
2025,TN,47037,Davidson,549300HW662MN1WU8550,"United Wholesale Mortgage, LLC",1035,729,139,4.46,610,289,136,0,0,435,195,99,0,0,yes
2025,TN,47037,Davidson,EQTWLK1G7ODGC2MGLV11,Regions Bank,1362,640,460,3.92,1316,40,6,0,0,622,15,3,0,0,yes
2025,TN,47037,Davidson,549300CDOC4F7XSRG390,Pinnacle Bank,880,601,139,3.68,871,7,2,0,0,595,5,1,0,0,yes
2025,TN,47037,Davidson,549300GKFNPRWNS0GF29,"AmeriHome Mortgage Company, LLC",897,579,28,3.55,637,204,34,22,0,390,146,27,16,0,yes
2025,TN,47037,Davidson,5493001UYBOONMFYPR30,"Legacy Home Loans, LLC",571,484,2,2.96,527,27,17,0,0,446,24,14,0,0,yes
2025,TN,47037,Davidson,549300OBO7DOF2KOP535,FirstBank,568,458,31,2.81,523,35,10,0,0,422,26,10,0,0,yes
2025,TN,47037,Davidson,549300AT7EB9FJAF0E61,Old National Bank,478,352,57,2.16,455,18,5,0,0,340,9,3,0,0,yes
2025,TN,47037,Davidson,B4TYDEB6GKMZO031MB27,"Guaranteed Rate, Inc.",756,333,226,2.04,752,4,0,0,0,333,0,0,0,0,yes
2025,TN,47037,Davidson,549300VZVN841I2ILS84,Freedom Mortgage Corporation,477,303,24,1.86,383,71,23,0,0,246,40,17,0,0,yes
2025,TN,47037,Davidson,549300U3721PJGQZYY68,Nationstar Mortgage LLC,511,290,11,1.78,426,66,19,0,0,241,39,10,0,0,yes
2025,TN,47037,Davidson,Q7C315HKI8VX0SSKBS64,Cadence Bank,404,290,47,1.78,384,16,4,0,0,278,10,2,0,0,yes
2025,TN,47037,Davidson,6BYL5QZYBDK8S7L73M02,U.S. Bank National Association,649,287,244,1.76,634,11,4,0,0,280,5,2,0,0,yes
2025,TN,47037,Davidson,COOWI3L2W9TPYR3WJX37,First Horizon Bank,430,278,100,1.7,428,2,0,0,0,276,2,0,0,0,yes
2025,TN,47037,Davidson,254900PVWALA7JTBXA31,WILSON BANK AND TRUST,377,264,40,1.62,374,3,0,0,0,261,3,0,0,0,yes
2025,TN,47037,Davidson,7H6GLXDRUGQFU57RNE97,"JPMorgan Chase Bank, National Association",398,263,31,1.61,389,7,2,0,0,258,3,2,0,0,yes
2025,TN,47037,Davidson,549300AG64NHILB7ZP05,"PennyMac Loan Services, LLC",409,252,86,1.54,238,139,32,0,0,151,81,20,0,0,yes
2025,TN,47037,Davidson,549300E1PJPTI4YS7H26,ASCEND FEDERAL CREDIT UNION,439,250,96,1.53,436,1,2,0,0,250,0,0,0,0,yes
2025,TN,47037,Davidson,JJKC32MCHWDI71265Z06,Truist Bank,565,250,250,1.53,559,4,2,0,0,248,2,0,0,0,yes
2025,TN,47037,Davidson,QFROUN1UWUYU0DVIWD51,"Eagle Home Mortgage, LLC",518,247,176,1.51,511,6,1,0,0,244,2,1,0,0,yes
2025,TN,47037,Davidson,RVDPPPGHCGZ40J4VQ731,Fairway Independent Mortgage Corporation,442,221,68,1.35,271,129,42,0,0,149,54,18,0,0,yes
2025,TN,47037,Davidson,5493002RF1ERFA2XR050,Renasant Bank,317,201,37,1.23,298,17,2,0,0,191,9,1,0,0,yes
2025,TN,47037,Davidson,549300DMYENRV818D594,,266,195,6,1.19,231,33,2,0,0,171,22,2,0,0,yes
2025,TN,47037,Davidson,54930059GZZ7G4G40O53,Primis Mortgage Company,272,192,2,1.18,225,36,11,0,0,163,26,3,0,0,yes
2025,TN,47037,Davidson,549300KBWX4NV5Q1E376,"NVR Mortgage Finance, Inc.",252,187,47,1.15,107,126,19,0,0,83,91,13,0,0,yes
2025,TN,47037,Davidson,549300DD4R4SYK5RAQ92,"Cardinal Financial Company, Limited Partnership",272,180,10,1.1,215,53,4,0,0,145,32,3,0,0,yes
2025,TN,47037,Davidson,549300BLL6VL7AXWYP56,,240,145,5,0.89,204,27,9,0,0,125,15,5,0,0,yes
2025,TN,47037,Davidson,549300LYRWPSYPK6S325,Guild Mortgage Company LLC,334,144,24,0.88,53,193,88,0,0,25,75,44,0,0,yes
2025,TN,47037,Davidson,IUGPUX5LWRZ3B6KIZ697,Ameris Bank,203,133,6,0.81,164,25,14,0,0,107,17,9,0,0,yes
2025,TN,47037,Davidson,549300OPCWU6E72WUT29,"MUTUAL OF OMAHA MORTGAGE, INC.",167,113,25,0.69,96,60,11,0,0,72,31,10,0,0,yes
2025,TN,47037,Davidson,T68X8LLAQYRNDV034K14,United Community Bank,180,113,38,0.69,159,21,0,0,0,103,10,0,0,0,yes
2025,TN,47037,Davidson,5493003GQDUH26DNNH17,Navy Federal Credit Union,258,112,67,0.69,223,0,35,0,0,92,0,20,0,0,yes
2025,TN,47037,Davidson,549300LBCBNR1OT00651,NATIONSTAR MORTGAGE LLC,173,111,22,0.68,150,18,5,0,0,101,8,2,0,0,yes
2025,TN,47037,Davidson,549300AQ3T62GXDU7D76,Ally Bank,154,105,2,0.64,115,34,5,0,0,77,24,4,0,0,yes
2025,TN,47037,Davidson,549300FNXYY540N23N64,Newrez LLC,284,104,42,0.64,198,58,28,0,0,69,22,13,0,0,yes
2025,TN,47037,Davidson,549300E2UX99HKDBR481,"Broker Solutions, Inc.",240,99,24,0.61,153,73,14,0,0,72,22,5,0,0,yes
2025,TN,47037,Davidson,54930072OCHTUJOZQB56,,132,96,9,0.59,124,6,2,0,0,91,5,0,0,0,yes
2025,TN,47037,Davidson,254900UL88QFG0E40516,FIGURE LENDING LLC,177,92,40,0.56,177,0,0,0,0,92,0,0,0,0,yes
2025,TN,47037,Davidson,549300R0SXC1JU7ZU290,"FIRST COMMUNITY MORTGAGE, INC.",134,92,13,0.56,95,29,10,0,0,61,22,9,0,0,yes
2025,TN,47037,Davidson,549300MGPZBLQDIL7538,"PrimeLending, a PlainsCapital Company",122,84,5,0.51,92,24,6,0,0,63,16,5,0,0,yes
2025,TN,47037,Davidson,549300PIL8LFAQ04XC20,Better Mortgage Corporation,268,84,137,0.51,268,0,0,0,0,84,0,0,0,0,yes
2025,TN,47037,Davidson,549300UXY7OP0IC38293,,135,80,8,0.49,120,14,1,0,0,70,9,1,0,0,yes
2025,TN,47037,Davidson,549300KIOYNU323LVJ37,AMERICAN PACIFIC MORTGAGE CORPORATION,102,78,5,0.48,84,17,1,0,0,62,15,1,0,0,yes
2025,TN,47037,Davidson,549300SMD444BM2WO947,,117,78,4,0.48,110,6,1,0,0,71,6,1,0,0,yes
2025,TN,47037,Davidson,AD6GFRVSDT01YPT1CS68,"PNC Bank, National Association",134,77,30,0.47,133,1,0,0,0,76,1,0,0,0,yes
2025,TN,47037,Davidson,X6T32LKEPUT8LQMW6755,,136,74,12,0.45,131,3,2,0,0,72,0,2,0,0,yes
2025,TN,47037,Davidson,549300FZ8E0GLIFFYB55,,87,73,9,0.45,87,0,0,0,0,73,0,0,0,0,yes
2025,TN,47037,Davidson,549300DD5QQUHO6PCH70,"Movement Mortgage, LLC",192,71,39,0.43,16,4,172,0,0,2,1,68,0,0,yes
2025,TN,47037,Davidson,549300VNBQD8FDHF7563,"MORTGAGE INVESTORS GROUP, INC.",112,69,3,0.42,86,23,3,0,0,55,12,2,0,0,yes
2025,TN,47037,Davidson,549300GS0W0TEUQS8571,"Morgan Stanley Private Bank, National Association",88,66,1,0.4,88,0,0,0,0,66,0,0,0,0,yes
2025,TN,47037,Davidson,549300YIQ7S7Z8PIHE53,AMERISAVE MORTGAGE CORPORATION,207,66,114,0.4,144,49,13,1,0,52,10,4,0,0,yes
2025,TN,47037,Davidson,549300T9P3WXNMXX0I34,Ixonia Bank,108,65,9,0.4,76,29,3,0,0,48,15,2,0,0,yes
2025,TN,47037,Davidson,5493001GCBD5XGNIC815,Coastal Community Bank,296,62,4,0.38,296,0,0,0,0,62,0,0,0,0,yes
2025,TN,47037,Davidson,254900BBWJ82FQDQ6823,,73,61,4,0.37,73,0,0,0,0,61,0,0,0,0,yes
2025,TN,47037,Davidson,254900DTLHVWQ7NP7R34,"CMG Mortgage, Inc.",90,61,5,0.37,86,4,0,0,0,59,2,0,0,0,yes
2025,TN,47037,Davidson,984500U2F9A83N391A91,"CHAMPIONS FUNDING, LLC",103,61,19,0.37,103,0,0,0,0,61,0,0,0,0,yes
2025,TN,47037,Davidson,5493000YNV8IX4VD3X12,"VANDERBILT MORTGAGE AND FINANCE, INC.",127,59,27,0.36,113,11,3,0,0,45,11,3,0,0,yes
2025,TN,47037,Davidson,549300MZ8VZJOVC63092,"KIND LENDING, LLC",107,56,37,0.34,70,30,7,0,0,36,14,6,0,0,yes
2025,TN,47037,Davidson,DRMSV1Q0EKMEXLAU1P80,"Citizens Bank, National Association",104,56,28,0.34,103,0,1,0,0,55,0,1,0,0,yes
2025,TN,47037,Davidson,54930054ET8KM4O1D485,"SOFI BANK, NATIONAL ASSOCIATION",151,55,14,0.34,143,6,2,0,0,51,3,1,0,0,yes
2025,TN,47037,Davidson,KB1H1DSPRFMYMCUFXT09,"Wells Fargo Bank, National Association",113,55,27,0.34,106,5,2,0,0,52,2,1,0,0,yes
2025,TN,47037,Davidson,549300YRN588YD6VNJ18,,79,53,17,0.32,79,0,0,0,0,53,0,0,0,0,yes
2025,TN,47037,Davidson,549300XSS1CPK8G7B851,,68,52,2,0.32,64,3,1,0,0,48,3,1,0,0,yes
2025,TN,47037,Davidson,5493001WHVQBGRSWEU75,"HOMEBRIDGE FINANCIAL SERVICES, INC.",80,51,19,0.31,70,9,1,0,0,46,4,1,0,0,yes
2025,TN,47037,Davidson,549300KHXD7JSQUZIJ22,,75,51,0,0.31,53,20,2,0,0,35,15,1,0,0,yes
2025,TN,47037,Davidson,549300XY701IELCE5Q08,BETTER MORTGAGE CORPORATION,148,51,32,0.31,135,13,0,0,0,48,3,0,0,0,yes
2025,TN,47037,Davidson,5493000QYMPN362T6V61,,65,50,0,0.31,64,0,1,0,0,49,0,1,0,0,yes
2025,TN,47037,Davidson,54930022I573MYIIOM33,,54,46,2,0.28,51,3,0,0,0,44,2,0,0,0,yes
2025,TN,47037,Davidson,549300J7I82PNDVU8H22,"OCMBC, INC.",84,44,13,0.27,77,6,1,0,0,38,5,1,0,0,yes
2025,TN,47037,Davidson,549300R0L43GUZ8EW811,,50,43,1,0.26,41,5,4,0,0,36,4,3,0,0,yes
2025,TN,47037,Davidson,549300R77W0P105C3S50,HOMEXPRESS MORTGAGE CORP.,75,43,30,0.26,74,1,0,0,0,42,1,0,0,0,yes
2025,TN,47037,Davidson,549300R9S3MVDV4MGF56,"CARRINGTON MORTGAGE SERVICES, LLC",142,42,65,0.26,75,47,20,0,0,22,11,9,0,0,yes
2025,TN,47037,Davidson,549300DPRWSBUY619V27,,63,40,18,0.24,63,0,0,0,0,40,0,0,0,0,yes
2025,TN,47037,Davidson,254900WQCRCK13A7DC81,,74,39,21,0.24,74,0,0,0,0,39,0,0,0,0,yes
2025,TN,47037,Davidson,2549005SIVTHG14U2905,A&D Mortgage LLC,60,38,4,0.23,57,3,0,0,0,35,3,0,0,0,yes
2025,TN,47037,Davidson,549300PC4MFWQBNVKG88,,50,38,1,0.23,41,8,1,0,0,31,6,1,0,0,yes
2025,TN,47037,Davidson,254900CTT87ZKAUTIJ37,,56,37,4,0.23,56,0,0,0,0,37,0,0,0,0,yes
2025,TN,47037,Davidson,254900ZFWS2106HWPH46,"PARAMOUNT RESIDENTIAL MORTGAGE GROUP, INC.",62,37,3,0.23,45,17,0,0,0,29,8,0,0,0,yes
2025,TN,47037,Davidson,5493006VAGP3GQ8FJT49,"Kiavi Funding, Inc.",70,36,2,0.22,70,0,0,0,0,36,0,0,0,0,yes
2025,TN,47037,Davidson,549300C4CKL0HRXJ3085,,47,36,0,0.22,45,1,1,0,0,35,1,0,0,0,yes
2025,TN,47037,Davidson,5493001SXWZ4OFP8Z903,"CrossCountry Mortgage, LLC",59,35,8,0.21,39,19,1,0,0,27,7,1,0,0,yes
2025,TN,47037,Davidson,5493005PD34O8ZT7QT17,,59,35,21,0.21,59,0,0,0,0,35,0,0,0,0,yes
2025,TN,47037,Davidson,549300NOCASXPA34X033,"LAKEVIEW LOAN SERVICING, LLC",148,33,79,0.2,53,74,21,0,0,7,20,6,0,0,yes
2025,TN,47037,Davidson,549300Q50XCC0473FG63,,56,32,17,0.2,56,0,0,0,0,32,0,0,0,0,yes
2025,TN,47037,Davidson,549300RP3DLR09NF6157,,45,32,6,0.2,35,6,4,0,0,26,3,3,0,0,yes
2025,TN,47037,Davidson,5493004OB0KD7VERQW98,,45,31,2,0.19,30,10,5,0,0,22,8,1,0,0,yes
2025,TN,47037,Davidson,54930052M48FOD3CWA54,"PRIMARY RESIDENTIAL MORTGAGE, INC.",59,31,6,0.19,41,13,5,0,0,23,5,3,0,0,yes
2025,TN,47037,Davidson,549300FX7K8PTEQUU487,PENTAGON FEDERAL CREDIT UNION,56,31,18,0.19,46,2,8,0,0,24,1,6,0,0,yes
2025,TN,47037,Davidson,549300QVGK8WC4HQ3C28,,76,31,6,0.19,44,28,4,0,0,16,11,4,0,0,yes
2025,TN,47037,Davidson,549300RYTR2RVL4SFJ90,,41,31,1,0.19,41,0,0,0,0,31,0,0,0,0,yes
2025,TN,47037,Davidson,549300ZWNETGFXTBBY03,,52,31,2,0.19,45,2,5,0,0,25,2,4,0,0,yes
2025,TN,47037,Davidson,549300GWD9H4FQ2VR805,,37,30,1,0.18,37,0,0,0,0,30,0,0,0,0,yes
2025,TN,47037,Davidson,549300CTISSNREVLNO46,,48,29,9,0.18,46,1,1,0,0,27,1,1,0,0,yes
2025,TN,47037,Davidson,549300Y5Y88FQLI7VE83,DEEPHAVEN MORTGAGE LLC,53,29,21,0.18,53,0,0,0,0,29,0,0,0,0,yes
2025,TN,47037,Davidson,DX0JX77PRMOELF7VG772,Synovus Bank,50,29,17,0.18,50,0,0,0,0,29,0,0,0,0,yes
2025,TN,47037,Davidson,2549007JQKHU8KQ0FC19,,32,28,0,0.17,29,1,2,0,0,26,1,1,0,0,yes
2025,TN,47037,Davidson,5493008CPTDVOS570626,"Primary Residential Mortgage, Inc.",52,28,14,0.17,52,0,0,0,0,28,0,0,0,0,yes
2025,TN,47037,Davidson,254900DRSIZBQXDCJ875,,27,27,0,0.17,27,0,0,0,0,27,0,0,0,0,yes
2025,TN,47037,Davidson,549300U76XKUE05DV518,,29,27,0,0.17,29,0,0,0,0,27,0,0,0,0,yes
2025,TN,47037,Davidson,549300YW2UBCMDRMBT48,,32,27,0,0.17,24,8,0,0,0,20,7,0,0,0,yes
2025,TN,47037,Davidson,593C3GZG957YOJPS2Z63,,36,27,1,0.17,36,0,0,0,0,27,0,0,0,0,yes
2025,TN,47037,Davidson,213800XR2TCBQJSF1X93,,43,26,4,0.16,38,2,3,0,0,23,1,2,0,0,yes
2025,TN,47037,Davidson,549300V8CF81JGIV7038,,28,26,0,0.16,19,9,0,0,0,19,7,0,0,0,yes
2025,TN,47037,Davidson,C5654JQHZUHN0772B561,USAA Federal Savings Bank,61,26,20,0.16,39,0,22,0,0,18,0,8,0,0,yes
2025,TN,47037,Davidson,25490066WMF8ZMQXQB18,"Lendage, LLC",44,25,7,0.15,44,0,0,0,0,25,0,0,0,0,yes
2025,TN,47037,Davidson,549300RN01LBYR8ZVX74,"LOWER, LLC",48,25,3,0.15,31,13,4,0,0,19,5,1,0,0,yes
2025,TN,47037,Davidson,549300RPOGWJRH63HS39,UNION HOME MORTGAGE CORP.,39,25,4,0.15,32,6,1,0,0,21,3,1,0,0,yes
2025,TN,47037,Davidson,5493008NWHQT1R22C024,"AMERICAN FINANCIAL NETWORK, INC.",43,24,4,0.15,27,13,3,0,0,12,9,3,0,0,yes
2025,TN,47037,Davidson,549300HTKHBMJL4D9734,,46,24,12,0.15,46,0,0,0,0,24,0,0,0,0,yes
2025,TN,47037,Davidson,549300LROQOOQU77WS20,,49,24,4,0.15,48,0,1,0,0,23,0,1,0,0,yes
2025,TN,47037,Davidson,2138005KH543RLMQHE28,,30,23,2,0.14,29,1,0,0,0,23,0,0,0,0,yes
2025,TN,47037,Davidson,254900HA4DQWAE0W3342,"AMERIHOME MORTGAGE COMPANY, LLC",49,23,4,0.14,12,34,3,0,0,5,17,1,0,0,yes
2025,TN,47037,Davidson,5493002B2WMHY23GFK92,"AMERICAN FINANCIAL RESOURCES, INC.",38,23,7,0.14,19,17,2,0,0,15,7,1,0,0,yes
2025,TN,47037,Davidson,5493008VVXQIDO1EZ460,,38,23,1,0.14,26,12,0,0,0,15,8,0,0,0,yes
2025,TN,47037,Davidson,549300MHH03ICJYEPE85,,29,23,1,0.14,0,29,0,0,0,0,23,0,0,0,yes
2025,TN,47037,Davidson,549300RM1IZYGQDSNL85,,47,23,3,0.14,28,17,2,0,0,13,10,0,0,0,yes
2025,TN,47037,Davidson,5493009BD405QQTMXO12,TOLL BROTHERS MORTGAGE COMPANY,26,22,1,0.13,20,6,0,0,0,17,5,0,0,0,yes
2025,TN,47037,Davidson,549300KQHWNSVCE2MY88,,31,22,0,0.13,26,3,2,0,0,19,1,2,0,0,yes
2025,TN,47037,Davidson,549300RYBJHWWDENV610,Alcova Mortgage LLC,26,21,0,0.13,21,3,2,0,0,16,3,2,0,0,yes
2025,TN,47037,Davidson,549300X8AUU3UC1ULZ79,,29,21,2,0.13,25,0,4,0,0,18,0,3,0,0,yes
2025,TN,47037,Davidson,X05BVSK68TQ7YTOSNR22,Discover Bank,133,21,75,0.13,133,0,0,0,0,21,0,0,0,0,yes
2025,TN,47037,Davidson,549300G6RZM5T8NQJW74,,52,20,17,0.12,49,3,0,0,0,20,0,0,0,0,yes
2025,TN,47037,Davidson,549300MU3SP76R81WW62,,22,20,1,0.12,20,0,2,0,0,18,0,2,0,0,yes
2025,TN,47037,Davidson,549300RA3E0BUFO7YZ21,"Hometown Equity Mortgage, LLC",40,20,17,0.12,37,3,0,0,0,20,0,0,0,0,yes
2025,TN,47037,Davidson,PAOOWF3GUFM46FBSP561,,49,20,2,0.12,31,16,2,0,0,13,5,2,0,0,yes
2025,TN,47037,Davidson,254900M2C4Q6DATP2889,,52,19,10,0.12,12,30,10,0,0,4,12,3,0,0,yes
2025,TN,47037,Davidson,5493003V40VGM7YDFM54,FIRST COLONY MORTGAGE CORPORATION,40,19,4,0.12,37,3,0,0,0,18,1,0,0,0,yes
2025,TN,47037,Davidson,5493004AS1SPBQOFDR49,"Change Lending, LLC",49,19,8,0.12,49,0,0,0,0,19,0,0,0,0,yes
2025,TN,47037,Davidson,549300HRLROF7PLJ6735,CLEAREDGE LENDING LLC,35,19,9,0.12,35,0,0,0,0,19,0,0,0,0,yes
2025,TN,47037,Davidson,549300IJ8KTGYPKLXK63,,23,19,3,0.12,16,6,1,0,0,13,5,1,0,0,yes
2025,TN,47037,Davidson,549300KJ8PAJ7E52HG32,Plains Commerce Bank,41,19,3,0.12,33,8,0,0,0,16,3,0,0,0,yes
2025,TN,47037,Davidson,549300MCIFZSDHUT8X63,"NFM, INC.",30,19,0,0.12,22,8,0,0,0,13,6,0,0,0,yes
2025,TN,47037,Davidson,549300YN94MOAVYW0F52,"GoodLeap, LLC",34,19,5,0.12,27,5,2,0,0,17,2,0,0,0,yes
2025,TN,47037,Davidson,E57ODZWZ7FF32TWEFA76,"Citibank, National Association",31,19,2,0.12,31,0,0,0,0,19,0,0,0,0,yes
2025,TN,47037,Davidson,54930021WPEXNHYZUL09,"PLANET HOME LENDING, LLC",21,18,2,0.11,3,11,7,0,0,3,9,6,0,0,yes
2025,TN,47037,Davidson,549300EKFFG3BU8DNX74,NEXERA HOLDING LLC,30,18,1,0.11,30,0,0,0,0,18,0,0,0,0,yes
2025,TN,47037,Davidson,549300INFJ8TYNZ1G568,,20,18,2,0.11,20,0,0,0,0,18,0,0,0,0,yes
2025,TN,47037,Davidson,549300K4ZLGS7SRDTL86,Equity Prime Mortgage LLC,62,18,4,0.11,0,50,12,0,0,0,13,5,0,0,yes
2025,TN,47037,Davidson,549300QR0KFPEDZPEI42,,29,18,2,0.11,23,6,0,0,0,15,3,0,0,0,yes
2025,TN,47037,Davidson,ZXMJHJK466PBZTM5F379,,28,18,3,0.11,28,0,0,0,0,18,0,0,0,0,yes
2025,TN,47037,Davidson,54930043BMDE130FJ617,"PROVIDENT FUNDING ASSOCIATES, L.P.",29,17,6,0.1,29,0,0,0,0,17,0,0,0,0,yes
2025,TN,47037,Davidson,549300JRDGV1559XM376,,23,17,0,0.1,22,1,0,0,0,16,1,0,0,0,yes
2025,TN,47037,Davidson,549300K2JM6ID3V5LO24,,29,17,4,0.1,29,0,0,0,0,17,0,0,0,0,yes
2025,TN,47037,Davidson,549300121SF0K2LN2804,"PRIMELENDING, A PLAINSCAPITAL COMPANY",24,16,0,0.1,17,6,1,0,0,10,5,1,0,0,yes
2025,TN,47037,Davidson,549300G4ESSS6M0MEG51,,26,16,1,0.1,17,9,0,0,0,10,6,0,0,0,yes
2025,TN,47037,Davidson,549300S5YL3OH0IVCS62,FINANCE OF AMERICA REVERSE LLC,25,16,3,0.1,0,25,0,0,0,0,16,0,0,0,yes
2025,TN,47037,Davidson,549300GTVXJ2PGXNLM73,T2 FINANCIAL LLC,19,15,1,0.09,15,4,0,0,0,11,4,0,0,0,yes
2025,TN,47037,Davidson,549300GZY55UGMUMI322,,21,15,2,0.09,20,1,0,0,0,14,1,0,0,0,yes
2025,TN,47037,Davidson,549300JQEF6V2RNWCC75,,26,15,3,0.09,23,3,0,0,0,13,2,0,0,0,yes
2025,TN,47037,Davidson,549300LXKO1O7CSK5J52,,20,15,0,0.09,18,2,0,0,0,13,2,0,0,0,yes
2025,TN,47037,Davidson,254900ACU16O36WZP625,,14,14,0,0.09,14,0,0,0,0,14,0,0,0,0,yes
2025,TN,47037,Davidson,254900O2K17TNH5CL873,"RF RENOVO MANAGEMENT COMPANY, LLC",21,14,0,0.09,21,0,0,0,0,14,0,0,0,0,yes
2025,TN,47037,Davidson,254900WTZC5SSKIN2M11,,16,14,1,0.09,16,0,0,0,0,14,0,0,0,0,yes
2025,TN,47037,Davidson,549300370QILXLFUWD20,"ZILLOW HOME LOANS, LLC",19,14,0,0.09,17,1,1,0,0,13,0,1,0,0,yes
2025,TN,47037,Davidson,549300AJ6XFK1ACXWQ06,,17,14,0,0.09,17,0,0,0,0,14,0,0,0,0,yes
2025,TN,47037,Davidson,549300KB8NXVYD7BGS97,,51,14,12,0.09,51,0,0,0,0,14,0,0,0,0,yes
2025,TN,47037,Davidson,549300MQEDQYDJR8CP22,,14,14,0,0.09,14,0,0,0,0,14,0,0,0,0,yes
2025,TN,47037,Davidson,549300VCMRO4ST680C11,VILLAGE CAPITAL & INVESTMENT LLC,66,14,15,0.09,0,32,34,0,0,0,3,11,0,0,yes
2025,TN,47037,Davidson,549300VMX06UV1F7NS76,,25,14,0,0.09,18,7,0,0,0,12,2,0,0,0,yes
2025,TN,47037,Davidson,549300YUZCW5UUIYIL79,,24,14,5,0.09,24,0,0,0,0,14,0,0,0,0,yes
2025,TN,47037,Davidson,98450087981AP406JG03,,18,14,0,0.09,18,0,0,0,0,14,0,0,0,0,yes
2025,TN,47037,Davidson,CKVBED0S4DMLKJJ5XH28,,18,14,0,0.09,18,0,0,0,0,14,0,0,0,0,yes
2025,TN,47037,Davidson,L9VVX1KT5TFTKS0MLF66,First-Citizens Bank & Trust Company,23,14,2,0.09,23,0,0,0,0,14,0,0,0,0,yes
2025,TN,47037,Davidson,254900VKT2R0R20CR104,,18,13,3,0.08,18,0,0,0,0,13,0,0,0,0,yes
2025,TN,47037,Davidson,54930015645SYPOM7220,,26,13,0,0.08,18,8,0,0,0,6,7,0,0,0,yes
2025,TN,47037,Davidson,5493001GDRY0EL7VG372,"ARK-LA-TEX FINANCIAL SERVICES, LLC.",18,13,0,0.08,12,5,1,0,0,10,2,1,0,0,yes
2025,TN,47037,Davidson,5493001SDQVS1NWYH012,,17,13,2,0.08,17,0,0,0,0,13,0,0,0,0,yes
2025,TN,47037,Davidson,549300CB67L6KPJLHE19,"TRIAD FINANCIAL SERVICES, INC.",36,13,12,0.08,36,0,0,0,0,13,0,0,0,0,yes
2025,TN,47037,Davidson,549300E0S1LZYZ9QNX81,,20,13,3,0.08,20,0,0,0,0,13,0,0,0,0,yes
2025,TN,47037,Davidson,549300PL8ER6H23P0Z91,,15,13,0,0.08,14,1,0,0,0,12,1,0,0,0,yes
2025,TN,47037,Davidson,549300XWUSRVVOHPRY47,Academy Mortgage Corporation,24,13,3,0.08,13,11,0,0,0,9,4,0,0,0,yes
2025,TN,47037,Davidson,549300ZPSJZO10ZAX556,"AMERICAN HERITAGE LENDING, LLC",30,13,0,0.08,30,0,0,0,0,13,0,0,0,0,yes
2025,TN,47037,Davidson,SS1TRMSN6BRNMOREEV51,"Flagstar Bank, National Association",22,13,7,0.08,17,4,1,0,0,10,3,0,0,0,yes
2025,TN,47037,Davidson,254900WEP08K7U7S3A80,,16,12,3,0.07,12,2,2,0,0,9,2,1,0,0,yes
2025,TN,47037,Davidson,549300JYXTZDSPJEPI44,"PLAZA HOME MORTGAGE, INC.",23,12,9,0.07,16,6,1,0,0,8,3,1,0,0,yes
2025,TN,47037,Davidson,549300L1DBFIJZI8LA40,,15,12,0,0.07,14,1,0,0,0,11,1,0,0,0,yes
2025,TN,47037,Davidson,549300UR5AOWTJJ7KZ64,,29,12,0,0.07,29,0,0,0,0,12,0,0,0,0,yes
2025,TN,47037,Davidson,549300W40F67Y6WWQX34,,12,12,0,0.07,12,0,0,0,0,12,0,0,0,0,yes
2025,TN,47037,Davidson,54930049L5WINET09Q97,"CLICK N' CLOSE, INC.",27,11,2,0.07,12,14,1,0,0,4,6,1,0,0,yes
2025,TN,47037,Davidson,5493004T9SQFCNRQ2L76,,17,11,0,0.07,13,4,0,0,0,9,2,0,0,0,yes
2025,TN,47037,Davidson,5493007VW2EU20PZYU97,INSPIRE HOME LOANS INC.,13,11,1,0.07,8,5,0,0,0,7,4,0,0,0,yes
2025,TN,47037,Davidson,549300KSOOZZVXCMA627,ANGEL OAK MORTGAGE SOLUTIONS LLC,28,11,3,0.07,28,0,0,0,0,11,0,0,0,0,yes
2025,TN,47037,Davidson,549300KTR1JGH3K6LU06,FOURLEAF,29,11,15,0.07,29,0,0,0,0,11,0,0,0,0,yes
2025,TN,47037,Davidson,549300O6Z0I6KYMESL47,AMWEST FUNDING CORP.,19,11,0,0.07,19,0,0,0,0,11,0,0,0,0,yes
2025,TN,47037,Davidson,549300SK2GVCQXPD4S58,"SUN WEST MORTGAGE COMPANY, INC.",29,11,6,0.07,4,20,5,0,0,3,5,3,0,0,yes
2025,TN,47037,Davidson,549300TA4MQM8WN2XG31,,23,11,0,0.07,23,0,0,0,0,11,0,0,0,0,yes
2025,TN,47037,Davidson,549300UKYJZO6CZXIX60,,14,11,0,0.07,14,0,0,0,0,11,0,0,0,0,yes
2025,TN,47037,Davidson,549300VORTI31GZTJL53,"CARDINAL FINANCIAL COMPANY, LIMITED PARTNERSHIP",17,11,2,0.07,10,7,0,0,0,7,4,0,0,0,yes
2025,TN,47037,Davidson,2549001SI0EMFPT39035,"Cornerstone First Mortgage, Inc",13,10,0,0.06,11,1,1,0,0,9,0,1,0,0,yes
2025,TN,47037,Davidson,254900E6AIE4Z8YQM970,Citadel Servicing Corporation,16,10,1,0.06,16,0,0,0,0,10,0,0,0,0,yes
2025,TN,47037,Davidson,5493004IEEY3EWUVQH38,,10,10,0,0.06,10,0,0,0,0,10,0,0,0,0,yes
2025,TN,47037,Davidson,549300LTKCJV903ZQR25,,11,10,0,0.06,11,0,0,0,0,10,0,0,0,0,yes
2025,TN,47037,Davidson,549300NFPC3Y4W3Y7R87,,14,10,0,0.06,6,8,0,0,0,4,6,0,0,0,yes
2025,TN,47037,Davidson,549300PL267CW8182203,,25,10,2,0.06,0,16,9,0,0,0,7,3,0,0,yes
2025,TN,47037,Davidson,549300S8SHBRCI7UU819,,19,10,4,0.06,19,0,0,0,0,10,0,0,0,0,yes
2025,TN,47037,Davidson,549300TWLXP5O4IHG211,,21,10,2,0.06,19,2,0,0,0,10,0,0,0,0,yes
2025,TN,47037,Davidson,984500F6E6940CCB6A60,,16,10,3,0.06,16,0,0,0,0,10,0,0,0,0,yes
2025,TN,47037,Davidson,KD3XUN7C6T14HNAYLU02,,16,10,5,0.06,16,0,0,0,0,10,0,0,0,0,yes
2025,TN,47037,Davidson,254900HEJ9F73IMPX887,,27,9,0,0.06,26,1,0,0,0,9,0,0,0,0,yes
2025,TN,47037,Davidson,2WHM8VNJH63UN14OL754,The Huntington National Bank,12,9,1,0.06,12,0,0,0,0,9,0,0,0,0,yes
2025,TN,47037,Davidson,54930048P8RWCQHQM310,,19,9,2,0.06,19,0,0,0,0,9,0,0,0,0,yes
2025,TN,47037,Davidson,5493008P6YO2KM3EO556,,12,9,0,0.06,9,2,1,0,0,6,2,1,0,0,yes
2025,TN,47037,Davidson,549300RFLICNI75BG067,Luminate Bank,12,9,0,0.06,10,1,1,0,0,7,1,1,0,0,yes
2025,TN,47037,Davidson,549300SUCQ1358EGVE89,"NEW DAY FINANCIAL, LLC",67,9,16,0.06,0,1,66,0,0,0,0,9,0,0,yes
2025,TN,47037,Davidson,549300ZCR1XCLNEEI724,,11,9,1,0.06,11,0,0,0,0,9,0,0,0,0,yes
2025,TN,47037,Davidson,5493004T38NMC864VL66,,8,8,0,0.05,8,0,0,0,0,8,0,0,0,0,yes
2025,TN,47037,Davidson,5493006P5IHSK77SZ855,,15,8,0,0.05,10,5,0,0,0,5,3,0,0,0,yes
2025,TN,47037,Davidson,5493007669OVCSCATP45,TENNESSEE VALLEY FCU,12,8,1,0.05,12,0,0,0,0,8,0,0,0,0,yes
2025,TN,47037,Davidson,549300DCGBXW5FJMV921,,8,8,0,0.05,8,0,0,0,0,8,0,0,0,0,yes
2025,TN,47037,Davidson,549300G5DVGM0ZHRQC33,,11,8,1,0.05,1,0,10,0,0,0,0,8,0,0,yes
2025,TN,47037,Davidson,549300IKNQI45EOJU155,"Capital City Home Loans, LLC",14,8,0,0.05,14,0,0,0,0,8,0,0,0,0,yes
2025,TN,47037,Davidson,549300NWBS6MQJX15N44,,14,8,3,0.05,14,0,0,0,0,8,0,0,0,0,yes
2025,TN,47037,Davidson,549300PQLK8E48ILXV41,,14,8,1,0.05,14,0,0,0,0,8,0,0,0,0,yes
2025,TN,47037,Davidson,549300PXL1KA5TOL2O82,"M/I FINANCIAL, LLC",13,8,1,0.05,10,3,0,0,0,7,1,0,0,0,yes
2025,TN,47037,Davidson,549300RD5IG88VPO6P22,,11,8,0,0.05,11,0,0,0,0,8,0,0,0,0,yes
2025,TN,47037,Davidson,549300W45D2J6BT4LX65,,8,8,0,0.05,8,0,0,0,0,8,0,0,0,0,yes
2025,TN,47037,Davidson,549300W4TWSN8U8TGD72,,8,8,0,0.05,8,0,0,0,0,8,0,0,0,0,yes
2025,TN,47037,Davidson,549300WYBPIWKK6SQC06,,15,8,5,0.05,13,1,1,0,0,7,1,0,0,0,yes
2025,TN,47037,Davidson,549300WZWPMDWIL12842,,8,8,0,0.05,8,0,0,0,0,8,0,0,0,0,yes
2025,TN,47037,Davidson,549300YD7XJM19TH5O82,,8,8,0,0.05,8,0,0,0,0,8,0,0,0,0,yes
2025,TN,47037,Davidson,549300ZIQ24V0C88AC41,GTE Federal Credit Union,12,8,4,0.05,12,0,0,0,0,8,0,0,0,0,yes
2025,TN,47037,Davidson,549300ZZME37MXI1EF14,,9,8,0,0.05,6,3,0,0,0,6,2,0,0,0,yes
2025,TN,47037,Davidson,254900FBWEZ3YUPOBN33,,11,7,4,0.04,11,0,0,0,0,7,0,0,0,0,yes
2025,TN,47037,Davidson,254900NZOY3XB2DNSZ34,,9,7,1,0.04,9,0,0,0,0,7,0,0,0,0,yes
2025,TN,47037,Davidson,549300323EON4W3CCM44,"RESICENTRAL, LLC",10,7,0,0.04,8,1,1,0,0,6,0,1,0,0,yes
2025,TN,47037,Davidson,5493005QMX3SJKDTQZ62,,7,7,0,0.04,6,1,0,0,0,6,1,0,0,0,yes
2025,TN,47037,Davidson,5493008Q3XBC7O0Q4X02,,10,7,3,0.04,7,3,0,0,0,6,1,0,0,0,yes
2025,TN,47037,Davidson,549300BOXNV8VLRBDT24,,12,7,2,0.04,12,0,0,0,0,7,0,0,0,0,yes
2025,TN,47037,Davidson,549300BX448ALT10FI43,The Federal Savings Bank,28,7,5,0.04,5,4,19,0,0,2,0,5,0,0,yes
2025,TN,47037,Davidson,549300LPT41QBMAC7948,,8,7,0,0.04,8,0,0,0,0,7,0,0,0,0,yes
2025,TN,47037,Davidson,549300M8WGW2D17CZD19,,10,7,0,0.04,4,6,0,0,0,3,4,0,0,0,yes
2025,TN,47037,Davidson,549300MUXFVZKH4XLG17,,7,7,0,0.04,4,3,0,0,0,4,3,0,0,0,yes
2025,TN,47037,Davidson,549300OIJ6O9DNP74L72,,20,7,2,0.04,20,0,0,0,0,7,0,0,0,0,yes
2025,TN,47037,Davidson,549300RWXUAFD1WAE410,"ATLANTIC BAY MORTGAGE GROUP, L.L.C.",8,7,0,0.04,6,2,0,0,0,5,2,0,0,0,yes
2025,TN,47037,Davidson,549300T94GSH3C4U5M59,ALLIANT CREDIT UNION,26,7,9,0.04,26,0,0,0,0,7,0,0,0,0,yes
2025,TN,47037,Davidson,549300VQUTI5IU7GXT57,,9,7,1,0.04,5,3,1,0,0,5,2,0,0,0,yes
2025,TN,47037,Davidson,2549004Z576VEJBK3N72,"NQM FUNDING, LLC",8,6,1,0.04,8,0,0,0,0,6,0,0,0,0,yes
2025,TN,47037,Davidson,254900TG14TB8RKS3U42,,15,6,1,0.04,14,1,0,0,0,6,0,0,0,0,yes
2025,TN,47037,Davidson,254900VELJPWWT51WN03,,10,6,1,0.04,10,0,0,0,0,6,0,0,0,0,yes
2025,TN,47037,Davidson,5493002Y5XYV7DV1ZV88,"GOLD STAR MORTGAGE FINANCIAL GROUP, CORPORATION",10,6,1,0.04,8,2,0,0,0,4,2,0,0,0,yes
2025,TN,47037,Davidson,54930030Z1JWTP3SVD16,,13,6,2,0.04,4,8,1,0,0,2,4,0,0,0,yes
2025,TN,47037,Davidson,5493005PKOSG7MYX0B34,"Prosperity Home Mortgage, LLC",16,6,2,0.04,7,4,5,0,0,4,0,2,0,0,yes
2025,TN,47037,Davidson,5493007PAE4JN4B5BX31,,7,6,0,0.04,7,0,0,0,0,6,0,0,0,0,yes
2025,TN,47037,Davidson,54930091JQKCU3Z6IP44,,76,6,5,0.04,76,0,0,0,0,6,0,0,0,0,yes
2025,TN,47037,Davidson,549300B4IYL7TZT8FA34,,10,6,1,0.04,8,2,0,0,0,4,2,0,0,0,yes
2025,TN,47037,Davidson,549300BIIOTBIZJPS834,,6,6,0,0.04,5,1,0,0,0,5,1,0,0,0,yes
2025,TN,47037,Davidson,549300COIWXM618UBE82,,10,6,3,0.04,10,0,0,0,0,6,0,0,0,0,yes
2025,TN,47037,Davidson,549300IHBKY3L5OIDT39,,6,6,0,0.04,6,0,0,0,0,6,0,0,0,0,yes
2025,TN,47037,Davidson,549300LLESTPOVRG3X73,,11,6,2,0.04,10,0,1,0,0,5,0,1,0,0,yes
2025,TN,47037,Davidson,549300PBTV7FCWLSMM53,,10,6,0,0.04,0,2,8,0,0,0,2,4,0,0,yes
2025,TN,47037,Davidson,549300RZFHIGIM84KN09,,20,6,2,0.04,20,0,0,0,0,6,0,0,0,0,yes
2025,TN,47037,Davidson,549300UT4EN6IH579Q63,,16,6,2,0.04,8,7,1,0,0,3,3,0,0,0,yes
2025,TN,47037,Davidson,9845005BP6974AE5D838,,12,6,1,0.04,12,0,0,0,0,6,0,0,0,0,yes
2025,TN,47037,Davidson,Q708HHR4LD2B7XIZNO92,First Federal Bank,20,6,3,0.04,14,2,4,0,0,4,0,2,0,0,yes
2025,TN,47037,Davidson,254900DGJQT6H4M24F92,,6,5,0,0.03,6,0,0,0,0,5,0,0,0,0,yes
2025,TN,47037,Davidson,254900RUCO27MVGTO768,LOAN FUNDER LLC,36,5,9,0.03,36,0,0,0,0,5,0,0,0,0,yes
2025,TN,47037,Davidson,254900U2ZPLWQTSD3158,,6,5,0,0.03,6,0,0,0,0,5,0,0,0,0,yes
2025,TN,47037,Davidson,3Y4U8VZURTYWI1W2K376,,11,5,3,0.03,10,0,1,0,0,4,0,1,0,0,yes
2025,TN,47037,Davidson,54930001NSTOD85LT125,"GUARANTEED RATE AFFINITY, LLC",8,5,0,0.03,5,2,1,0,0,4,0,1,0,0,yes
2025,TN,47037,Davidson,5493002GI63WHHUTUD85,"KEYSTONE FUNDING, INC.",9,5,0,0.03,8,0,1,0,0,4,0,1,0,0,yes
2025,TN,47037,Davidson,5493005NU5BA00C1N451,,8,5,1,0.03,6,1,1,0,0,4,0,1,0,0,yes
2025,TN,47037,Davidson,54930091CYUK2SDZ6D37,,6,5,1,0.03,6,0,0,0,0,5,0,0,0,0,yes
2025,TN,47037,Davidson,549300ALNLUNS3Y53T24,,28,5,13,0.03,15,12,1,0,0,1,4,0,0,0,yes
2025,TN,47037,Davidson,549300DH8EI64ITBY388,,5,5,0,0.03,5,0,0,0,0,5,0,0,0,0,yes
2025,TN,47037,Davidson,549300EMNDEK4BA8WB53,EMM LOANS LLC,6,5,0,0.03,3,3,0,0,0,3,2,0,0,0,yes
2025,TN,47037,Davidson,549300F8C5JA44WNMI75,AMERICAN NEIGHBORHOOD MORTGAGE ACCEPTANCE COMPANY LLC,8,5,0,0.03,4,4,0,0,0,4,1,0,0,0,yes
2025,TN,47037,Davidson,549300IFOE4SCP384147,University Bank,8,5,0,0.03,8,0,0,0,0,5,0,0,0,0,yes
2025,TN,47037,Davidson,549300J6N77Q8OHYNF23,,8,5,0,0.03,6,1,1,0,0,3,1,1,0,0,yes
2025,TN,47037,Davidson,549300LZUXCJFE5ONM48,,8,5,2,0.03,0,8,0,0,0,0,5,0,0,0,yes
2025,TN,47037,Davidson,549300OR2C7AGDZFTS24,,6,5,0,0.03,5,1,0,0,0,4,1,0,0,0,yes
2025,TN,47037,Davidson,549300QKL5FUBZ8LSF50,,13,5,1,0.03,8,5,0,0,0,3,2,0,0,0,yes
2025,TN,47037,Davidson,549300T3F9S1MKFKHC53,HOMESTEAD FUNDING CORP.,8,5,0,0.03,6,0,2,0,0,5,0,0,0,0,yes
2025,TN,47037,Davidson,549300ZTT08EKQRVTR15,Atlantic Union Bank,8,5,1,0.03,8,0,0,0,0,5,0,0,0,0,yes
2025,TN,47037,Davidson,2549004XJQQPBYQSMT39,,5,4,0,0.02,5,0,0,0,0,4,0,0,0,0,yes
2025,TN,47037,Davidson,2549009BJ1OZ4H7KTG46,,10,4,0,0.02,10,0,0,0,0,4,0,0,0,0,yes
2025,TN,47037,Davidson,254900FJRICL380R4T46,Leaders Credit Union,8,4,3,0.02,7,1,0,0,0,3,1,0,0,0,yes
2025,TN,47037,Davidson,254900JZN2V0PWFMW808,,7,4,0,0.02,6,1,0,0,0,3,1,0,0,0,yes
2025,TN,47037,Davidson,254900QNIR86GUIRYH95,,18,4,0,0.02,17,1,0,0,0,4,0,0,0,0,yes
2025,TN,47037,Davidson,254900RQX8N4HXJIDK44,,6,4,0,0.02,6,0,0,0,0,4,0,0,0,0,yes
2025,TN,47037,Davidson,5493000NYUJT9UC6G261,,5,4,1,0.02,5,0,0,0,0,4,0,0,0,0,yes
2025,TN,47037,Davidson,5493001JT9MT3Z3Y3M39,,5,4,0,0.02,5,0,0,0,0,4,0,0,0,0,yes
2025,TN,47037,Davidson,54930021DZJ9CEN11D61,,7,4,0,0.02,5,2,0,0,0,3,1,0,0,0,yes
2025,TN,47037,Davidson,5493004RLLKTQS8K7U51,,9,4,5,0.02,9,0,0,0,0,4,0,0,0,0,yes
2025,TN,47037,Davidson,5493009B17HXCVXTD608,"JMAC LENDING, INC.",6,4,0,0.02,6,0,0,0,0,4,0,0,0,0,yes
2025,TN,47037,Davidson,549300A0SVCQJPHVGV20,,7,4,1,0.02,7,0,0,0,0,4,0,0,0,0,yes
2025,TN,47037,Davidson,549300F6Y1YO2YXN6135,,4,4,0,0.02,4,0,0,0,0,4,0,0,0,0,yes
2025,TN,47037,Davidson,549300HUJ6V0QTROHW53,,5,4,0,0.02,5,0,0,0,0,4,0,0,0,0,yes
2025,TN,47037,Davidson,549300IBT3SCF2K09D58,,5,4,0,0.02,5,0,0,0,0,4,0,0,0,0,yes
2025,TN,47037,Davidson,549300JPGMCMBEJEK584,FIRST TECHNOLOGY,6,4,1,0.02,6,0,0,0,0,4,0,0,0,0,yes
2025,TN,47037,Davidson,549300Q10M1VXBG2H889,,19,4,1,0.02,3,16,0,0,0,1,3,0,0,0,yes
2025,TN,47037,Davidson,549300REENMLD2RN3W58,,5,4,0,0.02,3,1,1,0,0,3,1,0,0,0,yes
2025,TN,47037,Davidson,549300RTWPH3HXUWR160,,5,4,0,0.02,5,0,0,0,0,4,0,0,0,0,yes
2025,TN,47037,Davidson,549300T7HRS5DVBUPQ06,,5,4,0,0.02,3,0,2,0,0,3,0,1,0,0,yes
2025,TN,47037,Davidson,549300UG7QXKM7KGV847,,7,4,1,0.02,7,0,0,0,0,4,0,0,0,0,yes
2025,TN,47037,Davidson,549300VYK2WBD7SST478,,4,4,0,0.02,4,0,0,0,0,4,0,0,0,0,yes
2025,TN,47037,Davidson,549300WRDGBHKR1BXL98,,4,4,0,0.02,4,0,0,0,0,4,0,0,0,0,yes
2025,TN,47037,Davidson,9845006YE04B346EC919,,12,4,1,0.02,6,5,1,0,0,1,2,1,0,0,yes
2025,TN,47037,Davidson,WWB2V0FCW3A0EE3ZJN75,Manufacturers and Traders Trust Company,14,4,2,0.02,11,2,1,0,0,3,1,0,0,0,yes
2025,TN,47037,Davidson,01J4SO3XTWZF4PP38209,,4,3,1,0.02,4,0,0,0,0,3,0,0,0,0,yes
2025,TN,47037,Davidson,1IE8VN30JCEQV1H4R804,,4,3,0,0.02,4,0,0,0,0,3,0,0,0,0,yes
2025,TN,47037,Davidson,254900132A3VX6LLZU43,,3,3,0,0.02,3,0,0,0,0,3,0,0,0,0,yes
2025,TN,47037,Davidson,25490018IFQOT83Q7H49,,3,3,0,0.02,2,1,0,0,0,2,1,0,0,0,yes
2025,TN,47037,Davidson,2549004FXPNKCLIN8250,,6,3,1,0.02,4,0,2,0,0,2,0,1,0,0,yes
2025,TN,47037,Davidson,2549009X2AG1P20YAJ63,,6,3,1,0.02,6,0,0,0,0,3,0,0,0,0,yes
2025,TN,47037,Davidson,254900A1LV2U6NM10498,,9,3,0,0.02,9,0,0,0,0,3,0,0,0,0,yes
2025,TN,47037,Davidson,254900KI7219LQKCI772,,4,3,0,0.02,3,1,0,0,0,2,1,0,0,0,yes
2025,TN,47037,Davidson,254900V6GCDMRQZ34D96,,4,3,0,0.02,4,0,0,0,0,3,0,0,0,0,yes
2025,TN,47037,Davidson,254900WT4HAMDFWH3048,,12,3,1,0.02,0,12,0,0,0,0,3,0,0,0,yes
2025,TN,47037,Davidson,254900YR8UZ7F37G6E87,,3,3,0,0.02,3,0,0,0,0,3,0,0,0,0,yes
2025,TN,47037,Davidson,4EP6JBYBTPTQ47LZOB67,,3,3,0,0.02,3,0,0,0,0,3,0,0,0,0,yes
2025,TN,47037,Davidson,549300095ABBENNWE160,,3,3,0,0.02,3,0,0,0,0,3,0,0,0,0,yes
2025,TN,47037,Davidson,5493000IIYWBLONJVJ30,,5,3,1,0.02,5,0,0,0,0,3,0,0,0,0,yes
2025,TN,47037,Davidson,54930020YWIK7HGH2R34,,4,3,0,0.02,3,1,0,0,0,2,1,0,0,0,yes
2025,TN,47037,Davidson,5493002N5OA6GM61AC70,,3,3,0,0.02,3,0,0,0,0,3,0,0,0,0,yes
2025,TN,47037,Davidson,5493003EW6T31TGECO83,,4,3,0,0.02,4,0,0,0,0,3,0,0,0,0,yes
2025,TN,47037,Davidson,5493003NV9L53LK1XI52,,7,3,0,0.02,7,0,0,0,0,3,0,0,0,0,yes
2025,TN,47037,Davidson,5493005DKMV1IHIM8E20,"Wilmington Savings Fund Society, FSB",5,3,0,0.02,5,0,0,0,0,3,0,0,0,0,yes
2025,TN,47037,Davidson,5493006JISETNI0GLE61,,6,3,0,0.02,6,0,0,0,0,3,0,0,0,0,yes
2025,TN,47037,Davidson,5493007CXTOHZ2JBEJ61,"THE MORTGAGE FIRM, INC.",4,3,1,0.02,4,0,0,0,0,3,0,0,0,0,yes
2025,TN,47037,Davidson,549300A5HHOL2ED18C72,,12,3,0,0.02,12,0,0,0,0,3,0,0,0,0,yes
2025,TN,47037,Davidson,549300A68YW07V5R5G22,,6,3,1,0.02,6,0,0,0,0,3,0,0,0,0,yes
2025,TN,47037,Davidson,549300CNRVR02KBUDD48,,5,3,0,0.02,5,0,0,0,0,3,0,0,0,0,yes
2025,TN,47037,Davidson,549300DDLYW49R2HCV81,EASTMAN CREDIT UNION,5,3,1,0.02,5,0,0,0,0,3,0,0,0,0,yes
2025,TN,47037,Davidson,549300GCUYVW860UOZ07,,3,3,0,0.02,3,0,0,0,0,3,0,0,0,0,yes
2025,TN,47037,Davidson,549300GRGZDEH4ZGQS06,WATERSTONE MORTGAGE CORPORATION,4,3,0,0.02,4,0,0,0,0,3,0,0,0,0,yes
2025,TN,47037,Davidson,549300IBHFWCA2THLC52,,5,3,1,0.02,5,0,0,0,0,3,0,0,0,0,yes
2025,TN,47037,Davidson,549300ISCZS1R0CJMO47,,5,3,0,0.02,4,0,1,0,0,2,0,1,0,0,yes
2025,TN,47037,Davidson,549300KX4S1573HISS22,,14,3,0,0.02,14,0,0,0,0,3,0,0,0,0,yes
2025,TN,47037,Davidson,549300MSU5WVAU4ZN645,,3,3,0,0.02,3,0,0,0,0,3,0,0,0,0,yes
2025,TN,47037,Davidson,549300PKEQ3Q9S0IXW76,,3,3,0,0.02,3,0,0,0,0,3,0,0,0,0,yes
2025,TN,47037,Davidson,549300QIUZLVR1OLDH55,,6,3,3,0.02,6,0,0,0,0,3,0,0,0,0,yes
2025,TN,47037,Davidson,549300QWOZZB97053F11,,3,3,0,0.02,2,1,0,0,0,2,1,0,0,0,yes
2025,TN,47037,Davidson,549300R7HGHP2I754087,TOWNE MORTGAGE COMPANY,4,3,0,0.02,0,4,0,0,0,0,3,0,0,0,yes
2025,TN,47037,Davidson,549300RUFHC5ZQDL8J10,,4,3,1,0.02,4,0,0,0,0,3,0,0,0,0,yes
2025,TN,47037,Davidson,549300RYWXR8TL5LIK35,,7,3,1,0.02,6,1,0,0,0,2,1,0,0,0,yes
2025,TN,47037,Davidson,549300SHE1JTCOWBP090,STATE EMPLOYEES' CREDIT UNION,5,3,0,0.02,5,0,0,0,0,3,0,0,0,0,yes
2025,TN,47037,Davidson,549300UF3FPC7U6RFC59,,6,3,1,0.02,4,0,2,0,0,1,0,2,0,0,yes
2025,TN,47037,Davidson,549300UVOSI4XZZGUE14,,7,3,0,0.02,1,5,1,0,0,1,2,0,0,0,yes
2025,TN,47037,Davidson,549300VJQJVZKJBDWS17,"TOTAL MORTGAGE SERVICES, LLC",7,3,2,0.02,7,0,0,0,0,3,0,0,0,0,yes
2025,TN,47037,Davidson,549300WHVRE44NRBU558,,4,3,1,0.02,2,2,0,0,0,2,1,0,0,0,yes
2025,TN,47037,Davidson,549300WN1LQYJX9HOU28,,6,3,0,0.02,6,0,0,0,0,3,0,0,0,0,yes
2025,TN,47037,Davidson,549300XQVJ1XBNFA5536,21ST MORTGAGE CORPORATION,49,3,17,0.02,49,0,0,0,0,3,0,0,0,0,yes
2025,TN,47037,Davidson,549300Y3R0S9WULTX168,,3,3,0,0.02,3,0,0,0,0,3,0,0,0,0,yes
2025,TN,47037,Davidson,549300ZN5MIVRMVHJS09,,3,3,0,0.02,3,0,0,0,0,3,0,0,0,0,yes
2025,TN,47037,Davidson,984500F03B9034CQB904,,21,3,3,0.02,21,0,0,0,0,3,0,0,0,0,yes
2025,TN,47037,Davidson,984500FAD1FB7FEGTE82,,4,3,0,0.02,4,0,0,0,0,3,0,0,0,0,yes
2025,TN,47037,Davidson,B2S31CFVSWTN3FR00Q90,,3,3,0,0.02,3,0,0,0,0,3,0,0,0,0,yes
2025,TN,47037,Davidson,COINQMNIM6RBU631DD85,,7,3,3,0.02,7,0,0,0,0,3,0,0,0,0,yes
2025,TN,47037,Davidson,FDXQ75GPEQKRPWABYN63,,3,3,0,0.02,3,0,0,0,0,3,0,0,0,0,yes
2025,TN,47037,Davidson,HUX2X73FUCYHUVH1BK78,KeyBank National Association,4,3,0,0.02,4,0,0,0,0,3,0,0,0,0,yes
2025,TN,47037,Davidson,2549000VVDQ9NNW01Q23,,5,2,0,0.01,5,0,0,0,0,2,0,0,0,0,yes
2025,TN,47037,Davidson,254900378RFGMBEKAF12,,4,2,1,0.01,4,0,0,0,0,2,0,0,0,0,yes
2025,TN,47037,Davidson,2549004CU9LAM5CYA280,,2,2,0,0.01,2,0,0,0,0,2,0,0,0,0,yes
2025,TN,47037,Davidson,2549005FUF02T1IFCA22,,3,2,0,0.01,3,0,0,0,0,2,0,0,0,0,yes
2025,TN,47037,Davidson,2549005K0ZG1MFV3R260,Reliable Holdings Manager LLC,4,2,1,0.01,4,0,0,0,0,2,0,0,0,0,yes
2025,TN,47037,Davidson,2549007IU6SKFLLNKZ07,,2,2,0,0.01,1,1,0,0,0,1,1,0,0,0,yes
2025,TN,47037,Davidson,2549008X67CV1MNM7747,,5,2,0,0.01,2,3,0,0,0,2,0,0,0,0,yes
2025,TN,47037,Davidson,254900BDGU9FU91PQA51,,2,2,0,0.01,1,1,0,0,0,1,1,0,0,0,yes
2025,TN,47037,Davidson,254900EZRN0CBEP77K34,,3,2,0,0.01,3,0,0,0,0,2,0,0,0,0,yes
2025,TN,47037,Davidson,254900IUXHAK73AEH918,,3,2,0,0.01,2,1,0,0,0,1,1,0,0,0,yes
2025,TN,47037,Davidson,254900LTD432L5CHIZ48,,4,2,2,0.01,3,1,0,0,0,1,1,0,0,0,yes
2025,TN,47037,Davidson,254900MQ4O1DX3N88207,,3,2,0,0.01,3,0,0,0,0,2,0,0,0,0,yes
2025,TN,47037,Davidson,254900O28OG3UMHXQY81,,5,2,0,0.01,5,0,0,0,0,2,0,0,0,0,yes
2025,TN,47037,Davidson,254900QXDYW5OTSNTL04,,6,2,0,0.01,4,2,0,0,0,1,1,0,0,0,yes
2025,TN,47037,Davidson,254900TTZ395IC926125,,2,2,0,0.01,2,0,0,0,0,2,0,0,0,0,yes
2025,TN,47037,Davidson,254900VE4XTOQUE8NZ77,,15,2,2,0.01,15,0,0,0,0,2,0,0,0,0,yes
2025,TN,47037,Davidson,254900WH43E1KZKSNH40,,3,2,0,0.01,3,0,0,0,0,2,0,0,0,0,yes
2025,TN,47037,Davidson,38CFVD4YYFWD1FV7IM34,,2,2,0,0.01,2,0,0,0,0,2,0,0,0,0,yes
2025,TN,47037,Davidson,54930002HD26G3OGZR79,,2,2,0,0.01,2,0,0,0,0,2,0,0,0,0,yes
2025,TN,47037,Davidson,5493000H6DFDDJRORG89,,8,2,0,0.01,7,0,1,0,0,2,0,0,0,0,yes
2025,TN,47037,Davidson,5493001X0T84TYRJ5Y59,,5,2,2,0.01,5,0,0,0,0,2,0,0,0,0,yes
2025,TN,47037,Davidson,5493001XKL0FTNOJ0866,,4,2,0,0.01,3,1,0,0,0,1,1,0,0,0,yes
2025,TN,47037,Davidson,5493003QDHMW1W0GEH16,,3,2,0,0.01,3,0,0,0,0,2,0,0,0,0,yes
2025,TN,47037,Davidson,5493004K0Z4RFJSPYT52,,6,2,3,0.01,6,0,0,0,0,2,0,0,0,0,yes
2025,TN,47037,Davidson,5493004WMLN60ZJ2ON46,"Paramount Residential Mortgage Group, Inc.",3,2,1,0.01,2,0,1,0,0,1,0,1,0,0,yes
2025,TN,47037,Davidson,54930053SM8COVIPIY54,,3,2,0,0.01,3,0,0,0,0,2,0,0,0,0,yes
2025,TN,47037,Davidson,5493005WWQ2221ORBN75,,2,2,0,0.01,2,0,0,0,0,2,0,0,0,0,yes
2025,TN,47037,Davidson,5493007B7MEWKMDWUZ73,,2,2,0,0.01,2,0,0,0,0,2,0,0,0,0,yes
2025,TN,47037,Davidson,549300ANF834QIIFUE57,,2,2,0,0.01,2,0,0,0,0,2,0,0,0,0,yes
2025,TN,47037,Davidson,549300BEFX6JRSCS5N78,,2,2,0,0.01,2,0,0,0,0,2,0,0,0,0,yes
2025,TN,47037,Davidson,549300BM4NS8HDJT3X28,"INTERCOASTAL MORTGAGE, LLC",5,2,2,0.01,5,0,0,0,0,2,0,0,0,0,yes
2025,TN,47037,Davidson,549300BXWU32AYWT1A56,,5,2,0,0.01,5,0,0,0,0,2,0,0,0,0,yes
2025,TN,47037,Davidson,549300CUUEEQ66ZVK149,,5,2,0,0.01,2,3,0,0,0,1,1,0,0,0,yes
2025,TN,47037,Davidson,549300CYL5ZW4ISL7T55,,2,2,0,0.01,2,0,0,0,0,2,0,0,0,0,yes
2025,TN,47037,Davidson,549300DG3IV05V4C4E03,,5,2,0,0.01,3,2,0,0,0,2,0,0,0,0,yes
2025,TN,47037,Davidson,549300DM6DAOPSF8HL78,,2,2,0,0.01,2,0,0,0,0,2,0,0,0,0,yes
2025,TN,47037,Davidson,549300EM8ID8J7F8OM55,"First Heritage Mortgage, LLC",2,2,0,0.01,2,0,0,0,0,2,0,0,0,0,yes
2025,TN,47037,Davidson,549300FK3AFCFVAPH234,"Leader Bank, National Association",2,2,0,0.01,2,0,0,0,0,2,0,0,0,0,yes
2025,TN,47037,Davidson,549300FKWBMLIMGZ7Q40,,2,2,0,0.01,2,0,0,0,0,2,0,0,0,0,yes
2025,TN,47037,Davidson,549300FOCEH0X0ZOR362,,2,2,0,0.01,2,0,0,0,0,2,0,0,0,0,yes
2025,TN,47037,Davidson,549300GSCUJKJINRJ980,,3,2,1,0.01,1,2,0,0,0,1,1,0,0,0,yes
2025,TN,47037,Davidson,549300H12E7AUMUHP294,,3,2,0,0.01,3,0,0,0,0,2,0,0,0,0,yes
2025,TN,47037,Davidson,549300HCNXMTNGIMAR91,,2,2,0,0.01,2,0,0,0,0,2,0,0,0,0,yes
2025,TN,47037,Davidson,549300HVW3AI97UKTO72,,2,2,0,0.01,2,0,0,0,0,2,0,0,0,0,yes
2025,TN,47037,Davidson,549300I0ICF6REKHOC74,"DIRECT MORTGAGE LOANS, LLC",2,2,0,0.01,2,0,0,0,0,2,0,0,0,0,yes
2025,TN,47037,Davidson,549300I58H1B8G6KOY91,,4,2,0,0.01,4,0,0,0,0,2,0,0,0,0,yes
2025,TN,47037,Davidson,549300III1DMY3SLAW56,Countybank,3,2,0,0.01,3,0,0,0,0,2,0,0,0,0,yes
2025,TN,47037,Davidson,549300IKS3MMB5YK6T18,,5,2,1,0.01,5,0,0,0,0,2,0,0,0,0,yes
2025,TN,47037,Davidson,549300IRXW9RSZM2B951,,2,2,0,0.01,2,0,0,0,0,2,0,0,0,0,yes
2025,TN,47037,Davidson,549300K6K2IS7FRS7S09,,3,2,1,0.01,3,0,0,0,0,2,0,0,0,0,yes
2025,TN,47037,Davidson,549300KPHGEE40YQXO21,,2,2,0,0.01,2,0,0,0,0,2,0,0,0,0,yes
2025,TN,47037,Davidson,549300KWKWPEKL40WD44,,5,2,0,0.01,4,1,0,0,0,2,0,0,0,0,yes
2025,TN,47037,Davidson,549300LP0CV2MNC1GV68,,2,2,0,0.01,2,0,0,0,0,2,0,0,0,0,yes
2025,TN,47037,Davidson,549300M16XETIG2Z5N24,,2,2,0,0.01,2,0,0,0,0,2,0,0,0,0,yes
2025,TN,47037,Davidson,549300MGJ0J02F6KDW38,,2,2,0,0.01,2,0,0,0,0,2,0,0,0,0,yes
2025,TN,47037,Davidson,549300NJVKCDJA5YC939,,2,2,0,0.01,2,0,0,0,0,2,0,0,0,0,yes
2025,TN,47037,Davidson,549300NLJI4QKZ3D0G94,,2,2,0,0.01,2,0,0,0,0,2,0,0,0,0,yes
2025,TN,47037,Davidson,549300PFJ7GCGDLB2E65,,2,2,0,0.01,1,1,0,0,0,1,1,0,0,0,yes
2025,TN,47037,Davidson,549300R4F5COFJE0DN81,,7,2,4,0.01,6,1,0,0,0,1,1,0,0,0,yes
2025,TN,47037,Davidson,549300R8VPSFM828B312,TEACHERS FEDERAL CREDIT UNION,4,2,0,0.01,4,0,0,0,0,2,0,0,0,0,yes
2025,TN,47037,Davidson,549300RN1POVRDD21477,,2,2,0,0.01,2,0,0,0,0,2,0,0,0,0,yes
2025,TN,47037,Davidson,549300ROGHTFGYNKE773,,2,2,0,0.01,2,0,0,0,0,2,0,0,0,0,yes
2025,TN,47037,Davidson,549300SFG15JDKI5MD22,,2,2,0,0.01,2,0,0,0,0,2,0,0,0,0,yes
2025,TN,47037,Davidson,549300TOOOOW36EX6R40,SUNCOAST CREDIT UNION,2,2,0,0.01,2,0,0,0,0,2,0,0,0,0,yes
2025,TN,47037,Davidson,549300UB5TJ0YPVPT503,,2,2,0,0.01,2,0,0,0,0,2,0,0,0,0,yes
2025,TN,47037,Davidson,549300VVH8HHFMWL8536,,4,2,1,0.01,4,0,0,0,0,2,0,0,0,0,yes
2025,TN,47037,Davidson,549300W4FT4H1UWPGU95,,3,2,0,0.01,2,1,0,0,0,1,1,0,0,0,yes
2025,TN,47037,Davidson,549300XCVBRR56D08F03,,17,2,1,0.01,13,4,0,0,0,1,1,0,0,0,yes
2025,TN,47037,Davidson,549300XFNTNQLLW0HY87,,3,2,0,0.01,3,0,0,0,0,2,0,0,0,0,yes
2025,TN,47037,Davidson,549300Y4BSP3BSFW7J29,,3,2,0,0.01,3,0,0,0,0,2,0,0,0,0,yes
2025,TN,47037,Davidson,549300Y6WN08IC7KWH70,TRAILBLAZER MORTGAGE L.L.C.,4,2,0,0.01,4,0,0,0,0,2,0,0,0,0,yes
2025,TN,47037,Davidson,549300YKBMBBIIMQJS94,,2,2,0,0.01,2,0,0,0,0,2,0,0,0,0,yes
2025,TN,47037,Davidson,549300ZEUD3RXQZG2867,,2,2,0,0.01,2,0,0,0,0,2,0,0,0,0,yes
2025,TN,47037,Davidson,549300ZS1TR1B4LHX377,,3,2,1,0.01,3,0,0,0,0,2,0,0,0,0,yes
2025,TN,47037,Davidson,6PTKHDJ8HDUF78PFWH30,,2,2,0,0.01,2,0,0,0,0,2,0,0,0,0,yes
2025,TN,47037,Davidson,8I3UVGYULPJQIP7FQV10,"SouthState Bank, National Association",4,2,0,0.01,4,0,0,0,0,2,0,0,0,0,yes
2025,TN,47037,Davidson,9845001DAE89414CBB55,,14,2,5,0.01,14,0,0,0,0,2,0,0,0,0,yes
2025,TN,47037,Davidson,984500C6D3DC0BE5E321,,2,2,0,0.01,2,0,0,0,0,2,0,0,0,0,yes
2025,TN,47037,Davidson,984500CD6F0743B8F530,,2,2,0,0.01,0,2,0,0,0,0,2,0,0,0,yes
2025,TN,47037,Davidson,AM9FLTUTLEC73M6N7I37,,2,2,0,0.01,2,0,0,0,0,2,0,0,0,0,yes
2025,TN,47037,Davidson,N8T7HW55LK5D2ORCKP39,First National Bank of Pennsylvania,2,2,0,0.01,2,0,0,0,0,2,0,0,0,0,yes
2025,TN,47037,Davidson,QGPGHQ1ENZOOLJRFTH41,,5,2,0,0.01,5,0,0,0,0,2,0,0,0,0,yes
2025,TN,47037,Davidson,WKN6AF1FCL7BBYGTGI83,,4,2,0,0.01,4,0,0,0,0,2,0,0,0,0,yes
2025,TN,47037,Davidson,01ERPZV3DOLNXY2MLB90,,1,1,0,0.01,1,0,0,0,0,1,0,0,0,0,yes
2025,TN,47037,Davidson,213800QUAI2VH5YM6310,"EMBRACE HOME LOANS, INC.",2,1,1,0.01,1,1,0,0,0,1,0,0,0,0,yes
2025,TN,47037,Davidson,254900114YHTRFBALC74,,1,1,0,0.01,1,0,0,0,0,1,0,0,0,0,yes
2025,TN,47037,Davidson,2549002VH9C0PKB8K153,,12,1,2,0.01,12,0,0,0,0,1,0,0,0,0,yes
2025,TN,47037,Davidson,254900561K135J92VD38,,1,1,0,0.01,1,0,0,0,0,1,0,0,0,0,yes
2025,TN,47037,Davidson,2549005Q4HZ55QX7YC64,,1,1,0,0.01,1,0,0,0,0,1,0,0,0,0,yes
2025,TN,47037,Davidson,2549008TT6UNYR7AXF54,,1,1,0,0.01,1,0,0,0,0,1,0,0,0,0,yes
2025,TN,47037,Davidson,254900ABIIEL07U0EA82,,1,1,0,0.01,1,0,0,0,0,1,0,0,0,0,yes
2025,TN,47037,Davidson,254900BMXWPEHXG4LF21,,2,1,1,0.01,0,2,0,0,0,0,1,0,0,0,yes
2025,TN,47037,Davidson,254900DSZI6CJXJL6Z14,,5,1,1,0.01,5,0,0,0,0,1,0,0,0,0,yes
2025,TN,47037,Davidson,254900HL2VMAYA3J5494,,1,1,0,0.01,1,0,0,0,0,1,0,0,0,0,yes
2025,TN,47037,Davidson,254900HO9WPE4LTLQU96,,1,1,0,0.01,1,0,0,0,0,1,0,0,0,0,yes
2025,TN,47037,Davidson,254900I68BOSEM149Q58,,1,1,0,0.01,0,1,0,0,0,0,1,0,0,0,yes
2025,TN,47037,Davidson,254900IEGKUDRDS23V26,,1,1,0,0.01,1,0,0,0,0,1,0,0,0,0,yes
2025,TN,47037,Davidson,254900IRE136HFEI2562,,1,1,0,0.01,1,0,0,0,0,1,0,0,0,0,yes
2025,TN,47037,Davidson,254900J2RKTTDJSUWD76,,1,1,0,0.01,0,1,0,0,0,0,1,0,0,0,yes
2025,TN,47037,Davidson,254900JH11ROOV921P96,,1,1,0,0.01,1,0,0,0,0,1,0,0,0,0,yes
2025,TN,47037,Davidson,254900K39SBWA2QOUF69,,1,1,0,0.01,1,0,0,0,0,1,0,0,0,0,yes
2025,TN,47037,Davidson,254900LNRKOG7TRURB32,,2,1,0,0.01,2,0,0,0,0,1,0,0,0,0,yes
2025,TN,47037,Davidson,254900MY80V94K63ZY41,,1,1,0,0.01,1,0,0,0,0,1,0,0,0,0,yes
2025,TN,47037,Davidson,254900P4A09O6AABF892,,1,1,0,0.01,1,0,0,0,0,1,0,0,0,0,yes
2025,TN,47037,Davidson,254900P7WLDQD9IUL038,Service Federal Credit Union,1,1,0,0.01,1,0,0,0,0,1,0,0,0,0,yes
2025,TN,47037,Davidson,254900QXGTL5RYZXK761,,1,1,0,0.01,1,0,0,0,0,1,0,0,0,0,yes
2025,TN,47037,Davidson,254900SG0DG9VHV3LR79,,1,1,0,0.01,1,0,0,0,0,1,0,0,0,0,yes
2025,TN,47037,Davidson,254900T8N4RLS6G3BF64,,3,1,0,0.01,3,0,0,0,0,1,0,0,0,0,yes
2025,TN,47037,Davidson,254900U1OBL1MC6M6518,,1,1,0,0.01,1,0,0,0,0,1,0,0,0,0,yes
2025,TN,47037,Davidson,254900UD8AEXTVCVAF72,,1,1,0,0.01,1,0,0,0,0,1,0,0,0,0,yes
2025,TN,47037,Davidson,254900XPILOY1LB5CK32,,1,1,0,0.01,1,0,0,0,0,1,0,0,0,0,yes
2025,TN,47037,Davidson,254900Y3KT6SZM11MQ06,,1,1,0,0.01,1,0,0,0,0,1,0,0,0,0,yes
2025,TN,47037,Davidson,254900YA1AQXNM8QVZ06,,1,1,0,0.01,1,0,0,0,0,1,0,0,0,0,yes
2025,TN,47037,Davidson,254900YPPMV9UM5FUW09,,1,1,0,0.01,1,0,0,0,0,1,0,0,0,0,yes
2025,TN,47037,Davidson,254900ZX1UPIG2E7TH11,,1,1,0,0.01,1,0,0,0,0,1,0,0,0,0,yes
2025,TN,47037,Davidson,38PG5GG0OEQK4QMSKE59,,1,1,0,0.01,1,0,0,0,0,1,0,0,0,0,yes
2025,TN,47037,Davidson,4LJGQ9KJ9S0CP4B1FY29,,2,1,0,0.01,2,0,0,0,0,1,0,0,0,0,yes
2025,TN,47037,Davidson,54930002O9LLXKR6TF11,,1,1,0,0.01,1,0,0,0,0,1,0,0,0,0,yes
2025,TN,47037,Davidson,5493000M1X0MV8KPL945,,1,1,0,0.01,1,0,0,0,0,1,0,0,0,0,yes
2025,TN,47037,Davidson,5493000OM9RKJW8W5K82,,6,1,0,0.01,5,1,0,0,0,1,0,0,0,0,yes
2025,TN,47037,Davidson,5493000QUE28T1SH6H86,,1,1,0,0.01,1,0,0,0,0,1,0,0,0,0,yes
2025,TN,47037,Davidson,5493000XC2Y1SLXRQP11,,1,1,0,0.01,1,0,0,0,0,1,0,0,0,0,yes
2025,TN,47037,Davidson,5493001141Z7CINOSB62,,1,1,0,0.01,1,0,0,0,0,1,0,0,0,0,yes
2025,TN,47037,Davidson,5493001AGQGPJ3N3YL33,FOUNDERS FEDERAL CREDIT UNION,1,1,0,0.01,1,0,0,0,0,1,0,0,0,0,yes
2025,TN,47037,Davidson,5493001DKNDZW3UIWI38,,1,1,0,0.01,1,0,0,0,0,1,0,0,0,0,yes
2025,TN,47037,Davidson,5493001EXVWX6Q13MY44,,1,1,0,0.01,1,0,0,0,0,1,0,0,0,0,yes
2025,TN,47037,Davidson,5493001F7QT2YW3K8D98,,2,1,0,0.01,2,0,0,0,0,1,0,0,0,0,yes
2025,TN,47037,Davidson,5493001HBUA9JSUEWO16,First Community Bank,1,1,0,0.01,1,0,0,0,0,1,0,0,0,0,yes
2025,TN,47037,Davidson,549300249G20MDIDRR27,,1,1,0,0.01,1,0,0,0,0,1,0,0,0,0,yes
2025,TN,47037,Davidson,54930025XJJO3T0M1A92,,2,1,1,0.01,2,0,0,0,0,1,0,0,0,0,yes
2025,TN,47037,Davidson,5493002FQ43Q3BNXZW27,,1,1,0,0.01,1,0,0,0,0,1,0,0,0,0,yes
2025,TN,47037,Davidson,5493002HHKWZSFP7AI61,,1,1,0,0.01,1,0,0,0,0,1,0,0,0,0,yes
2025,TN,47037,Davidson,5493002JA8HUVL2CRT33,,1,1,0,0.01,1,0,0,0,0,1,0,0,0,0,yes
2025,TN,47037,Davidson,5493002N5168AC238149,"OceanFirst Bank, National Association",2,1,1,0.01,2,0,0,0,0,1,0,0,0,0,yes
2025,TN,47037,Davidson,5493002XCPKQYCZ56W55,,1,1,0,0.01,1,0,0,0,0,1,0,0,0,0,yes
2025,TN,47037,Davidson,54930030S6J5KOL5LJ73,FAIRWINDS CREDIT UNION,1,1,0,0.01,1,0,0,0,0,1,0,0,0,0,yes
2025,TN,47037,Davidson,54930039IUN6515TBG78,,1,1,0,0.01,0,1,0,0,0,0,1,0,0,0,yes
2025,TN,47037,Davidson,54930044OSTKOJMHF287,"Capital Bank, National Association",1,1,0,0.01,0,1,0,0,0,0,1,0,0,0,yes
2025,TN,47037,Davidson,54930046JONFO0FON766,,1,1,0,0.01,0,0,1,0,0,0,0,1,0,0,yes
2025,TN,47037,Davidson,5493004F7BXDIUFVPV87,,2,1,1,0.01,2,0,0,0,0,1,0,0,0,0,yes
2025,TN,47037,Davidson,5493004UNRG4PWDF2K60,AFFINITY FEDERAL CREDIT UNION,2,1,1,0.01,2,0,0,0,0,1,0,0,0,0,yes
2025,TN,47037,Davidson,5493005GHHD2LL3US857,,1,1,0,0.01,1,0,0,0,0,1,0,0,0,0,yes
2025,TN,47037,Davidson,5493005ICQ3QGEIWV618,UNITED MORTGAGE CORP.,3,1,0,0.01,3,0,0,0,0,1,0,0,0,0,yes
2025,TN,47037,Davidson,5493005JF6BKCN6OY689,,1,1,0,0.01,1,0,0,0,0,1,0,0,0,0,yes
2025,TN,47037,Davidson,5493005JPZ3LXXMB0S24,"Carrington Mortgage Services, LLC",1,1,0,0.01,1,0,0,0,0,1,0,0,0,0,yes
2025,TN,47037,Davidson,5493005PT09Z02WXW551,ALKAN MORTGAGE CORPORATION,1,1,0,0.01,0,1,0,0,0,0,1,0,0,0,yes
2025,TN,47037,Davidson,5493005QK4NV0ZZ5EM64,,4,1,0,0.01,3,1,0,0,0,1,0,0,0,0,yes
2025,TN,47037,Davidson,5493005T71YXBHEO2093,,1,1,0,0.01,1,0,0,0,0,1,0,0,0,0,yes
2025,TN,47037,Davidson,54930063578UDYE3JR69,,1,1,0,0.01,0,1,0,0,0,0,1,0,0,0,yes
2025,TN,47037,Davidson,54930066LN6QXNO8TY84,,1,1,0,0.01,1,0,0,0,0,1,0,0,0,0,yes
2025,TN,47037,Davidson,54930069UB3VEGAQ9661,,2,1,0,0.01,2,0,0,0,0,1,0,0,0,0,yes
2025,TN,47037,Davidson,5493006P0JVBBAHVXV08,,1,1,0,0.01,1,0,0,0,0,1,0,0,0,0,yes
2025,TN,47037,Davidson,54930074H8866HTIWU69,KNOXVILLE TVA EMPLOYEES CREDIT UNION,1,1,0,0.01,1,0,0,0,0,1,0,0,0,0,yes
2025,TN,47037,Davidson,54930078TNN7GKZ7NU89,,1,1,0,0.01,1,0,0,0,0,1,0,0,0,0,yes
2025,TN,47037,Davidson,5493007IES1RWVUDDU23,,1,1,0,0.01,1,0,0,0,0,1,0,0,0,0,yes
2025,TN,47037,Davidson,5493007ZN3JNCBPMI730,,1,1,0,0.01,1,0,0,0,0,1,0,0,0,0,yes
2025,TN,47037,Davidson,54930080168VA6Z8UX21,TOWER Federal Credit Union,5,1,3,0.01,5,0,0,0,0,1,0,0,0,0,yes
2025,TN,47037,Davidson,54930089R5VSN6GVCK47,,1,1,0,0.01,1,0,0,0,0,1,0,0,0,0,yes
2025,TN,47037,Davidson,5493008E4KBJCB6UKR64,,2,1,1,0.01,0,2,0,0,0,0,1,0,0,0,yes
2025,TN,47037,Davidson,5493008JUW0FLRMO0W64,,1,1,0,0.01,1,0,0,0,0,1,0,0,0,0,yes
2025,TN,47037,Davidson,5493008MFIR0PTRGGL44,,1,1,0,0.01,1,0,0,0,0,1,0,0,0,0,yes
2025,TN,47037,Davidson,5493008SP1FN4D81IS17,,1,1,0,0.01,1,0,0,0,0,1,0,0,0,0,yes
2025,TN,47037,Davidson,5493008XX3NZ5S384W16,,1,1,0,0.01,1,0,0,0,0,1,0,0,0,0,yes
2025,TN,47037,Davidson,5493008ZTV4S0W9DCX64,,1,1,0,0.01,0,1,0,0,0,0,1,0,0,0,yes
2025,TN,47037,Davidson,54930095LY1EDFTWAG29,,1,1,0,0.01,1,0,0,0,0,1,0,0,0,0,yes
2025,TN,47037,Davidson,54930095UWUUXAWASB02,"Atlantic Coast Mortgage, LLC",1,1,0,0.01,1,0,0,0,0,1,0,0,0,0,yes
2025,TN,47037,Davidson,5493009D2COWW65B8673,,1,1,0,0.01,1,0,0,0,0,1,0,0,0,0,yes
2025,TN,47037,Davidson,5493009LKZIV63KY6458,VIRGINIA FEDERAL CREDIT UNION,1,1,0,0.01,1,0,0,0,0,1,0,0,0,0,yes
2025,TN,47037,Davidson,5493009Y8ROUG903AQ21,,1,1,0,0.01,1,0,0,0,0,1,0,0,0,0,yes
2025,TN,47037,Davidson,549300AG10BX85DF5S49,MLD MORTGAGE INC.,2,1,0,0.01,2,0,0,0,0,1,0,0,0,0,yes
2025,TN,47037,Davidson,549300ASFUWYQO0RW077,,1,1,0,0.01,1,0,0,0,0,1,0,0,0,0,yes
2025,TN,47037,Davidson,549300AWVW2ZYIVA5297,,1,1,0,0.01,1,0,0,0,0,1,0,0,0,0,yes
2025,TN,47037,Davidson,549300BG31WZXGJRH472,,2,1,1,0.01,2,0,0,0,0,1,0,0,0,0,yes
2025,TN,47037,Davidson,549300BR7OTD25RTS027,,2,1,0,0.01,2,0,0,0,0,1,0,0,0,0,yes
2025,TN,47037,Davidson,549300BRLQAIJ1LJA253,,1,1,0,0.01,1,0,0,0,0,1,0,0,0,0,yes
2025,TN,47037,Davidson,549300C04BJ0G297NC13,,2,1,0,0.01,2,0,0,0,0,1,0,0,0,0,yes
2025,TN,47037,Davidson,549300C20KZIWPASBC15,,1,1,0,0.01,1,0,0,0,0,1,0,0,0,0,yes
2025,TN,47037,Davidson,549300C853H86L248593,,1,1,0,0.01,1,0,0,0,0,1,0,0,0,0,yes
2025,TN,47037,Davidson,549300C8GOC4OYUV0Z32,,4,1,0,0.01,4,0,0,0,0,1,0,0,0,0,yes
2025,TN,47037,Davidson,549300CVK4UVTLHJ0R80,,1,1,0,0.01,1,0,0,0,0,1,0,0,0,0,yes
2025,TN,47037,Davidson,549300CY7WNAHKHYSJ73,,2,1,0,0.01,2,0,0,0,0,1,0,0,0,0,yes
2025,TN,47037,Davidson,549300D2OYT7VTDY6Z20,,1,1,0,0.01,1,0,0,0,0,1,0,0,0,0,yes
2025,TN,47037,Davidson,549300D4ZYLSQ5LMTV35,ABSOLUTE HOME MORTGAGE CORPORATION,1,1,0,0.01,1,0,0,0,0,1,0,0,0,0,yes
2025,TN,47037,Davidson,549300DL7AWRPX6NXO12,,1,1,0,0.01,1,0,0,0,0,1,0,0,0,0,yes
2025,TN,47037,Davidson,549300DNRGCN05KNA737,,1,1,0,0.01,1,0,0,0,0,1,0,0,0,0,yes
2025,TN,47037,Davidson,549300DQLGJ1YQRRHH73,,4,1,3,0.01,4,0,0,0,0,1,0,0,0,0,yes
2025,TN,47037,Davidson,549300DT7CCDCC7O6Z60,,2,1,0,0.01,2,0,0,0,0,1,0,0,0,0,yes
2025,TN,47037,Davidson,549300DT7WZ1SOTNFJ62,,1,1,0,0.01,1,0,0,0,0,1,0,0,0,0,yes
2025,TN,47037,Davidson,549300DX0B304LAKUN93,,1,1,0,0.01,0,1,0,0,0,0,1,0,0,0,yes
2025,TN,47037,Davidson,549300E8HNQO52YYHI82,,1,1,0,0.01,0,1,0,0,0,0,1,0,0,0,yes
2025,TN,47037,Davidson,549300EFCZM6KD6B8K69,MORTGAGE ACCESS CORP.,1,1,0,0.01,1,0,0,0,0,1,0,0,0,0,yes
2025,TN,47037,Davidson,549300F1D8U51K67LV24,,1,1,0,0.01,1,0,0,0,0,1,0,0,0,0,yes
2025,TN,47037,Davidson,549300F570XAWYN8Z237,,1,1,0,0.01,1,0,0,0,0,1,0,0,0,0,yes
2025,TN,47037,Davidson,549300FUMS21JPQM1N03,,1,1,0,0.01,1,0,0,0,0,1,0,0,0,0,yes
2025,TN,47037,Davidson,549300GPO6DWUZR4UY30,FIRST HOME MORTGAGE CORPORATION,1,1,0,0.01,1,0,0,0,0,1,0,0,0,0,yes
2025,TN,47037,Davidson,549300GSN9VF5S618659,,1,1,0,0.01,1,0,0,0,0,1,0,0,0,0,yes
2025,TN,47037,Davidson,549300H3IZO24NSOO931,"loanDepot.com, LLC",1,1,0,0.01,1,0,0,0,0,1,0,0,0,0,yes
2025,TN,47037,Davidson,549300HFBEONQN2CK447,,1,1,0,0.01,1,0,0,0,0,1,0,0,0,0,yes
2025,TN,47037,Davidson,549300HINJH60UG3KG47,,2,1,0,0.01,2,0,0,0,0,1,0,0,0,0,yes
2025,TN,47037,Davidson,549300ID4RCRD8BXYH30,,1,1,0,0.01,1,0,0,0,0,1,0,0,0,0,yes
2025,TN,47037,Davidson,549300IJO7NO6VDZPD35,,1,1,0,0.01,1,0,0,0,0,1,0,0,0,0,yes
2025,TN,47037,Davidson,549300INKSPQCTELMO58,,1,1,0,0.01,1,0,0,0,0,1,0,0,0,0,yes
2025,TN,47037,Davidson,549300JDDZ5OVOP5E294,,1,1,0,0.01,1,0,0,0,0,1,0,0,0,0,yes
2025,TN,47037,Davidson,549300JL3TGNE3Y7PE33,,1,1,0,0.01,1,0,0,0,0,1,0,0,0,0,yes
2025,TN,47037,Davidson,549300KM0M1BH7LBWW77,,1,1,0,0.01,1,0,0,0,0,1,0,0,0,0,yes
2025,TN,47037,Davidson,549300KPBZCTMM3Y0061,,1,1,0,0.01,1,0,0,0,0,1,0,0,0,0,yes
2025,TN,47037,Davidson,549300KR4ZW8KJC82O47,,1,1,0,0.01,0,1,0,0,0,0,1,0,0,0,yes
2025,TN,47037,Davidson,549300KX6E1IE2LM5E30,,1,1,0,0.01,1,0,0,0,0,1,0,0,0,0,yes
2025,TN,47037,Davidson,549300L8JRY60EOROT34,,1,1,0,0.01,0,1,0,0,0,0,1,0,0,0,yes
2025,TN,47037,Davidson,549300LG8MECYD8F2A55,,1,1,0,0.01,1,0,0,0,0,1,0,0,0,0,yes
2025,TN,47037,Davidson,549300LIPY4ISRLGTF16,,2,1,0,0.01,2,0,0,0,0,1,0,0,0,0,yes
2025,TN,47037,Davidson,549300LLKEKXL2RM1F61,CONTOUR MORTGAGE CORPORATION,1,1,0,0.01,1,0,0,0,0,1,0,0,0,0,yes
2025,TN,47037,Davidson,549300LLQD0X2OTG0Y27,,2,1,1,0.01,0,2,0,0,0,0,1,0,0,0,yes
2025,TN,47037,Davidson,549300LTSES0DE01Z405,,1,1,0,0.01,1,0,0,0,0,1,0,0,0,0,yes
2025,TN,47037,Davidson,549300LUF8JLB9HKT321,,1,1,0,0.01,1,0,0,0,0,1,0,0,0,0,yes
2025,TN,47037,Davidson,549300M1N0YC51QQGT24,,1,1,0,0.01,1,0,0,0,0,1,0,0,0,0,yes
2025,TN,47037,Davidson,549300N6U5XCH70TOK35,,1,1,0,0.01,1,0,0,0,0,1,0,0,0,0,yes
2025,TN,47037,Davidson,549300N968Y85YXDX139,,1,1,0,0.01,1,0,0,0,0,1,0,0,0,0,yes
2025,TN,47037,Davidson,549300NBFK4GO76FTE84,,1,1,0,0.01,1,0,0,0,0,1,0,0,0,0,yes
2025,TN,47037,Davidson,549300NGCDNC9174EF79,,2,1,1,0.01,2,0,0,0,0,1,0,0,0,0,yes
2025,TN,47037,Davidson,549300NZI0KZUW6HBT60,,2,1,1,0.01,2,0,0,0,0,1,0,0,0,0,yes
2025,TN,47037,Davidson,549300O2EZG72LO2FX38,,2,1,0,0.01,0,0,2,0,0,0,0,1,0,0,yes
2025,TN,47037,Davidson,549300O7SGM8FH65GQ47,,1,1,0,0.01,1,0,0,0,0,1,0,0,0,0,yes
2025,TN,47037,Davidson,549300OHLAHJ10DFF198,,1,1,0,0.01,1,0,0,0,0,1,0,0,0,0,yes
2025,TN,47037,Davidson,549300OPB0G5OMY0SM65,,4,1,0,0.01,4,0,0,0,0,1,0,0,0,0,yes
2025,TN,47037,Davidson,549300OUFGVRFN8PZB89,,1,1,0,0.01,1,0,0,0,0,1,0,0,0,0,yes
2025,TN,47037,Davidson,549300OULGV8ZW0JV320,,1,1,0,0.01,1,0,0,0,0,1,0,0,0,0,yes
2025,TN,47037,Davidson,549300OYEKEORA1GI088,,1,1,0,0.01,1,0,0,0,0,1,0,0,0,0,yes
2025,TN,47037,Davidson,549300OZ550X4QD5PC74,,1,1,0,0.01,1,0,0,0,0,1,0,0,0,0,yes
2025,TN,47037,Davidson,549300P3JUY6QMZ8DY86,,1,1,0,0.01,1,0,0,0,0,1,0,0,0,0,yes
2025,TN,47037,Davidson,549300PH1RMZ3NKH2953,,1,1,0,0.01,1,0,0,0,0,1,0,0,0,0,yes
2025,TN,47037,Davidson,549300PI8J8CV6B53I58,,1,1,0,0.01,1,0,0,0,0,1,0,0,0,0,yes
2025,TN,47037,Davidson,549300Q2EZNO3H86ED06,,1,1,0,0.01,1,0,0,0,0,1,0,0,0,0,yes
2025,TN,47037,Davidson,549300Q6YL1SFVPEGV90,,5,1,0,0.01,0,5,0,0,0,0,1,0,0,0,yes
2025,TN,47037,Davidson,549300Q76VHK6FGPX546,,1,1,0,0.01,1,0,0,0,0,1,0,0,0,0,yes
2025,TN,47037,Davidson,549300QDGMFASKEN7Z77,,1,1,0,0.01,1,0,0,0,0,1,0,0,0,0,yes
2025,TN,47037,Davidson,549300QLZWERAXKGEP54,,1,1,0,0.01,1,0,0,0,0,1,0,0,0,0,yes
2025,TN,47037,Davidson,549300QWJ3UDIX8KBP64,,1,1,0,0.01,1,0,0,0,0,1,0,0,0,0,yes
2025,TN,47037,Davidson,549300R0DP2GXAIMGB41,,1,1,0,0.01,1,0,0,0,0,1,0,0,0,0,yes
2025,TN,47037,Davidson,549300RAQJBTN6Z28096,,1,1,0,0.01,1,0,0,0,0,1,0,0,0,0,yes
2025,TN,47037,Davidson,549300RFPLMCMJL7BS81,,1,1,0,0.01,1,0,0,0,0,1,0,0,0,0,yes
2025,TN,47037,Davidson,549300S19BPWGHQOYU13,,1,1,0,0.01,1,0,0,0,0,1,0,0,0,0,yes
2025,TN,47037,Davidson,549300SDO5FP7F86HH46,,1,1,0,0.01,1,0,0,0,0,1,0,0,0,0,yes
2025,TN,47037,Davidson,549300SY0ZRUCS4CSY07,,1,1,0,0.01,1,0,0,0,0,1,0,0,0,0,yes
2025,TN,47037,Davidson,549300T61O0X0RJMQ375,,2,1,0,0.01,2,0,0,0,0,1,0,0,0,0,yes
2025,TN,47037,Davidson,549300TCY9QY8BRDQJ12,,3,1,0,0.01,0,3,0,0,0,0,1,0,0,0,yes
2025,TN,47037,Davidson,549300TJF420N3F01V87,,1,1,0,0.01,1,0,0,0,0,1,0,0,0,0,yes
2025,TN,47037,Davidson,549300TTPRGSP8DGY569,,1,1,0,0.01,1,0,0,0,0,1,0,0,0,0,yes
2025,TN,47037,Davidson,549300UM6HPORF7X4415,,1,1,0,0.01,1,0,0,0,0,1,0,0,0,0,yes
2025,TN,47037,Davidson,549300UPB8ITF7B1GI03,,1,1,0,0.01,0,0,1,0,0,0,0,1,0,0,yes
2025,TN,47037,Davidson,549300UV5JQXLGVWIP44,,1,1,0,0.01,1,0,0,0,0,1,0,0,0,0,yes
2025,TN,47037,Davidson,549300WW4OBT30G5DK23,,1,1,0,0.01,1,0,0,0,0,1,0,0,0,0,yes
2025,TN,47037,Davidson,549300XAHXRVSRML8V19,,1,1,0,0.01,1,0,0,0,0,1,0,0,0,0,yes
2025,TN,47037,Davidson,549300XKEC7P1D7OKJ16,,1,1,0,0.01,1,0,0,0,0,1,0,0,0,0,yes
2025,TN,47037,Davidson,549300XQ7B5FIVUNFE29,VAN DYK MORTGAGE CORPORATION,8,1,1,0.01,4,4,0,0,0,1,0,0,0,0,yes
2025,TN,47037,Davidson,549300Y01XP7FO81MC08,,2,1,0,0.01,2,0,0,0,0,1,0,0,0,0,yes
2025,TN,47037,Davidson,549300Y7G2MW6V1OR474,,1,1,0,0.01,1,0,0,0,0,1,0,0,0,0,yes
2025,TN,47037,Davidson,549300Y817BTHHMVNH95,,1,1,0,0.01,0,0,1,0,0,0,0,1,0,0,yes
2025,TN,47037,Davidson,549300YAYQAARPBTRA72,,1,1,0,0.01,1,0,0,0,0,1,0,0,0,0,yes
2025,TN,47037,Davidson,549300YB1H2FRI6JPM51,LAKE MICHIGAN CREDIT UNION,1,1,0,0.01,1,0,0,0,0,1,0,0,0,0,yes
2025,TN,47037,Davidson,549300YL0TMLCEU0GW61,,1,1,0,0.01,1,0,0,0,0,1,0,0,0,0,yes
2025,TN,47037,Davidson,549300YMIOLU51FSTO86,"CONSTRUCTIVE LOANS, LLC",1,1,0,0.01,1,0,0,0,0,1,0,0,0,0,yes
2025,TN,47037,Davidson,549300YX5RPSSMR88K92,,1,1,0,0.01,1,0,0,0,0,1,0,0,0,0,yes
2025,TN,47037,Davidson,549300ZSNURWJMU0YY46,,1,1,0,0.01,1,0,0,0,0,1,0,0,0,0,yes
2025,TN,47037,Davidson,70WY0ID1N53Q4254VH70,,1,1,0,0.01,1,0,0,0,0,1,0,0,0,0,yes
2025,TN,47037,Davidson,894500CFQPXSLHK0OK52,New Story Lending LLC,1,1,0,0.01,1,0,0,0,0,1,0,0,0,0,yes
2025,TN,47037,Davidson,9845007CY0EC0F59W414,,1,1,0,0.01,1,0,0,0,0,1,0,0,0,0,yes
2025,TN,47037,Davidson,984500D61DCEC4E2B661,,2,1,0,0.01,2,0,0,0,0,1,0,0,0,0,yes
2025,TN,47037,Davidson,984500RF83EA742B5589,,4,1,0,0.01,4,0,0,0,0,1,0,0,0,0,yes
2025,TN,47037,Davidson,C398JSK21YCXWM603F55,,3,1,0,0.01,2,0,1,0,0,1,0,0,0,0,yes
2025,TN,47037,Davidson,D8RBTOL3JO2Q6IEO0F34,,1,1,0,0.01,1,0,0,0,0,1,0,0,0,0,yes
2025,TN,47037,Davidson,GDN5JXQ4P5NZE28ZRC90,City National Bank of Florida,2,1,0,0.01,2,0,0,0,0,1,0,0,0,0,yes
2025,TN,47037,Davidson,I70W3N0Z6KOX8FYIH023,,1,1,0,0.01,1,0,0,0,0,1,0,0,0,0,yes
2025,TN,47037,Davidson,MCXHCL35UUWDZK7NCQ61,,1,1,0,0.01,1,0,0,0,0,1,0,0,0,0,yes
2025,TN,47037,Davidson,NSGZD26XPW2CUM2JKU70,,1,1,0,0.01,1,0,0,0,0,1,0,0,0,0,yes
2025,TN,47037,Davidson,S0Q3AHZRL5K6VQE35M07,,1,1,0,0.01,1,0,0,0,0,1,0,0,0,0,yes
2025,TN,47037,Davidson,XC7Z0BA39TU7L1AKOJ12,,1,1,0,0.01,1,0,0,0,0,1,0,0,0,0,yes
2025,TN,47037,Davidson,254900O723MCLR701H50,,8,0,7,0.0,2,6,0,0,0,0,0,0,0,0,yes
2025,TN,47037,Davidson,5493000349C5XXDRQX28,,7,0,1,0.0,6,1,0,0,0,0,0,0,0,0,yes
2025,TN,47037,Davidson,5493006RIR31ORKYB608,,5,0,0,0.0,2,2,1,0,0,0,0,0,0,0,yes
2025,TN,47037,Davidson,549300PWMS2701UFP528,,9,0,0,0.0,1,3,5,0,0,0,0,0,0,0,yes
2025,TN,47037,Davidson,549300XRF9LCZ3RX3Q39,,6,0,1,0.0,0,3,3,0,0,0,0,0,0,0,yes
2025,TN,47037,Davidson,549300Z5MYEIE55LLY49,,14,0,2,0.0,5,9,0,0,0,0,0,0,0,0,yes
2025,TN,47065,Hamilton,5493007669OVCSCATP45,TENNESSEE VALLEY FCU,1184,678,250,6.98,1174,6,4,0,0,674,0,4,0,0,yes
2025,TN,47065,Hamilton,549300FGXN1K3HLB1R50,"Rocket Mortgage, LLC",891,644,128,6.63,679,148,64,0,0,502,101,41,0,0,yes
2025,TN,47065,Hamilton,EQTWLK1G7ODGC2MGLV11,Regions Bank,922,473,321,4.87,904,16,2,0,0,467,4,2,0,0,yes
2025,TN,47065,Hamilton,549300OBO7DOF2KOP535,FirstBank,562,470,37,4.84,504,40,18,0,0,420,34,16,0,0,yes
2025,TN,47065,Hamilton,549300DD4R4SYK5RAQ92,"Cardinal Financial Company, Limited Partnership",524,354,20,3.64,425,55,44,0,0,282,40,32,0,0,yes
2025,TN,47065,Hamilton,549300RPOGWJRH63HS39,UNION HOME MORTGAGE CORP.,465,341,18,3.51,308,121,33,3,0,228,82,29,2,0,yes
2025,TN,47065,Hamilton,549300HW662MN1WU8550,"United Wholesale Mortgage, LLC",465,322,54,3.32,225,117,123,0,0,171,70,81,0,0,yes
2025,TN,47065,Hamilton,549300GKFNPRWNS0GF29,"AmeriHome Mortgage Company, LLC",445,317,12,3.26,309,86,37,13,0,225,60,25,7,0,yes
2025,TN,47065,Hamilton,JJKC32MCHWDI71265Z06,Truist Bank,582,292,210,3.01,569,9,4,0,0,285,4,3,0,0,yes
2025,TN,47065,Hamilton,COOWI3L2W9TPYR3WJX37,First Horizon Bank,305,195,85,2.01,300,5,0,0,0,192,3,0,0,0,yes
2025,TN,47065,Hamilton,549300CDOC4F7XSRG390,Pinnacle Bank,257,190,33,1.96,252,2,3,0,0,186,2,2,0,0,yes
2025,TN,47065,Hamilton,5493008VVXQIDO1EZ460,,301,186,13,1.91,237,54,10,0,0,143,36,7,0,0,yes
2025,TN,47065,Hamilton,5493006VAGP3GQ8FJT49,"Kiavi Funding, Inc.",193,161,18,1.66,193,0,0,0,0,161,0,0,0,0,yes
2025,TN,47065,Hamilton,54930095LY1EDFTWAG29,,179,131,35,1.35,178,1,0,0,0,130,1,0,0,0,yes
2025,TN,47065,Hamilton,5493000OM9RKJW8W5K82,,164,128,0,1.32,117,32,15,0,0,89,27,12,0,0,yes
2025,TN,47065,Hamilton,5493001GDRY0EL7VG372,"ARK-LA-TEX FINANCIAL SERVICES, LLC.",180,128,0,1.32,134,24,22,0,0,91,18,19,0,0,yes
2025,TN,47065,Hamilton,549300AG64NHILB7ZP05,"PennyMac Loan Services, LLC",179,127,29,1.31,88,67,24,0,0,64,43,20,0,0,yes
2025,TN,47065,Hamilton,549300KHXD7JSQUZIJ22,,177,126,6,1.3,124,35,16,2,0,86,27,11,2,0,yes
2025,TN,47065,Hamilton,549300GZY55UGMUMI322,,169,123,20,1.27,154,10,5,0,0,110,9,4,0,0,yes
2025,TN,47065,Hamilton,549300VNBQD8FDHF7563,"MORTGAGE INVESTORS GROUP, INC.",170,122,2,1.26,119,39,11,1,0,82,33,6,1,0,yes
2025,TN,47065,Hamilton,549300LYRWPSYPK6S325,Guild Mortgage Company LLC,286,121,21,1.25,41,153,92,0,0,12,66,43,0,0,yes
2025,TN,47065,Hamilton,549300DD5QQUHO6PCH70,"Movement Mortgage, LLC",261,114,44,1.17,26,6,229,0,0,9,3,102,0,0,yes
2025,TN,47065,Hamilton,RVDPPPGHCGZ40J4VQ731,Fairway Independent Mortgage Corporation,239,111,26,1.14,95,91,52,1,0,39,48,24,0,0,yes
2025,TN,47065,Hamilton,B4TYDEB6GKMZO031MB27,"Guaranteed Rate, Inc.",270,105,91,1.08,268,2,0,0,0,104,1,0,0,0,yes
2025,TN,47065,Hamilton,5493003GQDUH26DNNH17,Navy Federal Credit Union,213,104,29,1.07,163,0,50,0,0,83,0,21,0,0,yes
2025,TN,47065,Hamilton,5493001SXWZ4OFP8Z903,"CrossCountry Mortgage, LLC",152,100,15,1.03,100,38,14,0,0,67,22,11,0,0,yes
2025,TN,47065,Hamilton,549300LBCBNR1OT00651,NATIONSTAR MORTGAGE LLC,130,99,19,1.02,111,15,4,0,0,86,11,2,0,0,yes
2025,TN,47065,Hamilton,549300VZVN841I2ILS84,Freedom Mortgage Corporation,150,96,10,0.99,102,36,11,1,0,62,25,9,0,0,yes
2025,TN,47065,Hamilton,54930089R5VSN6GVCK47,,122,92,13,0.95,122,0,0,0,0,92,0,0,0,0,yes
2025,TN,47065,Hamilton,7H6GLXDRUGQFU57RNE97,"JPMorgan Chase Bank, National Association",129,87,8,0.9,123,5,1,0,0,84,2,1,0,0,yes
2025,TN,47065,Hamilton,254900UL88QFG0E40516,FIGURE LENDING LLC,154,76,32,0.78,154,0,0,0,0,76,0,0,0,0,yes
2025,TN,47065,Hamilton,549300E2UX99HKDBR481,"Broker Solutions, Inc.",224,72,24,0.74,116,98,10,0,0,43,27,2,0,0,yes
2025,TN,47065,Hamilton,549300RUFHC5ZQDL8J10,,72,60,6,0.62,71,1,0,0,0,60,0,0,0,0,yes
2025,TN,47065,Hamilton,549300FNXYY540N23N64,Newrez LLC,181,58,28,0.6,101,42,38,0,0,30,8,20,0,0,yes
2025,TN,47065,Hamilton,549300YIQ7S7Z8PIHE53,AMERISAVE MORTGAGE CORPORATION,143,51,81,0.53,98,34,11,0,0,41,7,3,0,0,yes
2025,TN,47065,Hamilton,5493000NYUJT9UC6G261,,88,48,14,0.49,49,30,7,2,0,27,14,7,0,0,yes
2025,TN,47065,Hamilton,549300TCY9QY8BRDQJ12,,63,47,2,0.48,43,11,9,0,0,32,9,6,0,0,yes
2025,TN,47065,Hamilton,Q7C315HKI8VX0SSKBS64,Cadence Bank,84,46,25,0.47,64,15,5,0,0,35,7,4,0,0,yes
2025,TN,47065,Hamilton,5493001WHVQBGRSWEU75,"HOMEBRIDGE FINANCIAL SERVICES, INC.",67,44,8,0.45,59,5,3,0,0,39,3,2,0,0,yes
2025,TN,47065,Hamilton,549300ZWNETGFXTBBY03,,62,44,2,0.45,50,10,2,0,0,35,7,2,0,0,yes
2025,TN,47065,Hamilton,54930054ET8KM4O1D485,"SOFI BANK, NATIONAL ASSOCIATION",94,41,5,0.42,87,4,3,0,0,36,3,2,0,0,yes
2025,TN,47065,Hamilton,549300PIL8LFAQ04XC20,Better Mortgage Corporation,136,41,75,0.42,136,0,0,0,0,41,0,0,0,0,yes
2025,TN,47065,Hamilton,5493001GCBD5XGNIC815,Coastal Community Bank,170,40,5,0.41,170,0,0,0,0,40,0,0,0,0,yes
2025,TN,47065,Hamilton,549300121SF0K2LN2804,"PRIMELENDING, A PLAINSCAPITAL COMPANY",58,39,4,0.4,44,11,3,0,0,31,6,2,0,0,yes
2025,TN,47065,Hamilton,549300AQ3T62GXDU7D76,Ally Bank,47,39,4,0.4,35,10,2,0,0,30,7,2,0,0,yes
2025,TN,47065,Hamilton,549300IJ8KTGYPKLXK63,,43,38,0,0.39,33,8,2,0,0,30,6,2,0,0,yes
2025,TN,47065,Hamilton,549300RZFHIGIM84KN09,,55,36,13,0.37,50,2,3,0,0,32,2,2,0,0,yes
2025,TN,47065,Hamilton,549300MHH03ICJYEPE85,,40,34,1,0.35,0,40,0,0,0,0,34,0,0,0,yes
2025,TN,47065,Hamilton,6BYL5QZYBDK8S7L73M02,U.S. Bank National Association,74,34,24,0.35,68,5,1,0,0,29,4,1,0,0,yes
2025,TN,47065,Hamilton,254900AHEC0ZH6MGNX19,,40,33,1,0.34,40,0,0,0,0,33,0,0,0,0,yes
2025,TN,47065,Hamilton,549300FOHR7SBPQ7WJ92,,36,33,1,0.34,36,0,0,0,0,33,0,0,0,0,yes
2025,TN,47065,Hamilton,549300R0SXC1JU7ZU290,"FIRST COMMUNITY MORTGAGE, INC.",47,33,4,0.34,28,13,4,2,0,21,8,2,2,0,yes
2025,TN,47065,Hamilton,254900DTLHVWQ7NP7R34,"CMG Mortgage, Inc.",41,32,2,0.33,38,3,0,0,0,29,3,0,0,0,yes
2025,TN,47065,Hamilton,549300IKNQI45EOJU155,"Capital City Home Loans, LLC",46,31,2,0.32,39,4,3,0,0,27,2,2,0,0,yes
2025,TN,47065,Hamilton,549300SP39BCL43JUN40,,38,31,0,0.32,38,0,0,0,0,31,0,0,0,0,yes
2025,TN,47065,Hamilton,54930021DZJ9CEN11D61,,52,30,1,0.31,22,25,4,1,0,13,13,3,1,0,yes
2025,TN,47065,Hamilton,549300MCIFZSDHUT8X63,"NFM, INC.",46,30,0,0.31,30,13,3,0,0,22,6,2,0,0,yes
2025,TN,47065,Hamilton,549300Y5Y88FQLI7VE83,DEEPHAVEN MORTGAGE LLC,42,30,8,0.31,42,0,0,0,0,30,0,0,0,0,yes
2025,TN,47065,Hamilton,5493000YNV8IX4VD3X12,"VANDERBILT MORTGAGE AND FINANCE, INC.",382,29,157,0.3,381,1,0,0,0,29,0,0,0,0,yes
2025,TN,47065,Hamilton,549300U3721PJGQZYY68,Nationstar Mortgage LLC,82,29,3,0.3,65,10,7,0,0,24,3,2,0,0,yes
2025,TN,47065,Hamilton,549300NOCASXPA34X033,"LAKEVIEW LOAN SERVICING, LLC",78,28,30,0.29,36,32,10,0,0,14,12,2,0,0,yes
2025,TN,47065,Hamilton,T68X8LLAQYRNDV034K14,United Community Bank,36,28,5,0.29,33,2,1,0,0,26,1,1,0,0,yes
2025,TN,47065,Hamilton,549300OPCWU6E72WUT29,"MUTUAL OF OMAHA MORTGAGE, INC.",54,27,13,0.28,21,25,8,0,0,11,13,3,0,0,yes
2025,TN,47065,Hamilton,549300QR0KFPEDZPEI42,,43,27,2,0.28,33,8,2,0,0,19,6,2,0,0,yes
2025,TN,47065,Hamilton,549300YN94MOAVYW0F52,"GoodLeap, LLC",63,27,12,0.28,39,20,4,0,0,18,8,1,0,0,yes
2025,TN,47065,Hamilton,KB1H1DSPRFMYMCUFXT09,"Wells Fargo Bank, National Association",45,27,6,0.28,44,1,0,0,0,27,0,0,0,0,yes
2025,TN,47065,Hamilton,549300BLL6VL7AXWYP56,,46,26,0,0.27,36,8,2,0,0,22,3,1,0,0,yes
2025,TN,47065,Hamilton,549300H3IZO24NSOO931,"loanDepot.com, LLC",31,25,4,0.26,18,9,4,0,0,15,6,4,0,0,yes
2025,TN,47065,Hamilton,25490066WMF8ZMQXQB18,"Lendage, LLC",28,24,2,0.25,28,0,0,0,0,24,0,0,0,0,yes
2025,TN,47065,Hamilton,DX0JX77PRMOELF7VG772,Synovus Bank,39,24,3,0.25,35,3,1,0,0,21,2,1,0,0,yes
2025,TN,47065,Hamilton,549300MZ8VZJOVC63092,"KIND LENDING, LLC",30,23,6,0.24,15,9,6,0,0,11,7,5,0,0,yes
2025,TN,47065,Hamilton,254900PVWALA7JTBXA31,WILSON BANK AND TRUST,28,22,3,0.23,28,0,0,0,0,22,0,0,0,0,yes
2025,TN,47065,Hamilton,549300DG3IV05V4C4E03,,30,22,1,0.23,21,8,1,0,0,14,7,1,0,0,yes
2025,TN,47065,Hamilton,549300MGPZBLQDIL7538,"PrimeLending, a PlainsCapital Company",33,22,0,0.23,23,8,2,0,0,14,6,2,0,0,yes
2025,TN,47065,Hamilton,C5654JQHZUHN0772B561,USAA Federal Savings Bank,45,22,12,0.23,26,0,19,0,0,11,0,11,0,0,yes
2025,TN,47065,Hamilton,DRMSV1Q0EKMEXLAU1P80,"Citizens Bank, National Association",46,22,17,0.23,46,0,0,0,0,22,0,0,0,0,yes
2025,TN,47065,Hamilton,549300R0L43GUZ8EW811,,26,21,0,0.22,23,1,2,0,0,18,1,2,0,0,yes
2025,TN,47065,Hamilton,254900HEJ9F73IMPX887,,32,20,1,0.21,31,1,0,0,0,19,1,0,0,0,yes
2025,TN,47065,Hamilton,549300VTVP64BKEO3L58,,23,20,0,0.21,23,0,0,0,0,20,0,0,0,0,yes
2025,TN,47065,Hamilton,X05BVSK68TQ7YTOSNR22,Discover Bank,101,20,49,0.21,101,0,0,0,0,20,0,0,0,0,yes
2025,TN,47065,Hamilton,549300E0S1LZYZ9QNX81,,34,19,9,0.2,32,1,0,1,0,17,1,0,1,0,yes
2025,TN,47065,Hamilton,549300ZN5MIVRMVHJS09,,22,19,0,0.2,12,8,2,0,0,10,7,2,0,0,yes
2025,TN,47065,Hamilton,AD6GFRVSDT01YPT1CS68,"PNC Bank, National Association",42,19,13,0.2,42,0,0,0,0,19,0,0,0,0,yes
2025,TN,47065,Hamilton,5493008CPTDVOS570626,"Primary Residential Mortgage, Inc.",35,18,11,0.19,35,0,0,0,0,18,0,0,0,0,yes
2025,TN,47065,Hamilton,549300R9S3MVDV4MGF56,"CARRINGTON MORTGAGE SERVICES, LLC",65,18,29,0.19,38,20,7,0,0,11,4,3,0,0,yes
2025,TN,47065,Hamilton,549300XY701IELCE5Q08,BETTER MORTGAGE CORPORATION,73,18,16,0.19,64,8,1,0,0,17,1,0,0,0,yes
2025,TN,47065,Hamilton,54930078TNN7GKZ7NU89,,27,17,3,0.18,21,5,0,1,0,13,3,0,1,0,yes
2025,TN,47065,Hamilton,QFROUN1UWUYU0DVIWD51,"Eagle Home Mortgage, LLC",32,17,9,0.18,31,1,0,0,0,16,1,0,0,0,yes
2025,TN,47065,Hamilton,254900HA4DQWAE0W3342,"AMERIHOME MORTGAGE COMPANY, LLC",26,16,1,0.16,4,20,2,0,0,3,11,2,0,0,yes
2025,TN,47065,Hamilton,5493002RF1ERFA2XR050,Renasant Bank,21,16,2,0.16,15,3,3,0,0,13,1,2,0,0,yes
2025,TN,47065,Hamilton,5493008NWHQT1R22C024,"AMERICAN FINANCIAL NETWORK, INC.",21,16,2,0.16,12,5,4,0,0,9,4,3,0,0,yes
2025,TN,47065,Hamilton,549300GS0W0TEUQS8571,"Morgan Stanley Private Bank, National Association",22,16,2,0.16,22,0,0,0,0,16,0,0,0,0,yes
2025,TN,47065,Hamilton,549300LROQOOQU77WS20,,30,16,2,0.16,30,0,0,0,0,16,0,0,0,0,yes
2025,TN,47065,Hamilton,54930072OCHTUJOZQB56,,17,15,0,0.15,16,1,0,0,0,14,1,0,0,0,yes
2025,TN,47065,Hamilton,549300AT7EB9FJAF0E61,Old National Bank,17,15,1,0.15,17,0,0,0,0,15,0,0,0,0,yes
2025,TN,47065,Hamilton,549300SUCQ1358EGVE89,"NEW DAY FINANCIAL, LLC",63,15,19,0.15,0,3,60,0,0,0,0,15,0,0,yes
2025,TN,47065,Hamilton,549300YW2UBCMDRMBT48,,19,15,0,0.15,7,10,2,0,0,6,8,1,0,0,yes
2025,TN,47065,Hamilton,254900RUCO27MVGTO768,LOAN FUNDER LLC,24,14,0,0.14,24,0,0,0,0,14,0,0,0,0,yes
2025,TN,47065,Hamilton,54930021WPEXNHYZUL09,"PLANET HOME LENDING, LLC",19,14,5,0.14,5,6,8,0,0,3,4,7,0,0,yes
2025,TN,47065,Hamilton,5493002B2WMHY23GFK92,"AMERICAN FINANCIAL RESOURCES, INC.",19,14,1,0.14,11,4,3,1,0,10,1,2,1,0,yes
2025,TN,47065,Hamilton,549300370QILXLFUWD20,"ZILLOW HOME LOANS, LLC",19,14,0,0.14,10,7,2,0,0,6,7,1,0,0,yes
2025,TN,47065,Hamilton,549300GSN9VF5S618659,,28,14,0,0.14,21,6,1,0,0,10,3,1,0,0,yes
2025,TN,47065,Hamilton,PAOOWF3GUFM46FBSP561,,33,14,2,0.14,18,13,2,0,0,6,8,0,0,0,yes
2025,TN,47065,Hamilton,549300F8C5JA44WNMI75,AMERICAN NEIGHBORHOOD MORTGAGE ACCEPTANCE COMPANY LLC,18,13,0,0.13,12,3,3,0,0,9,1,3,0,0,yes
2025,TN,47065,Hamilton,5493004AS1SPBQOFDR49,"Change Lending, LLC",14,12,0,0.12,14,0,0,0,0,12,0,0,0,0,yes
2025,TN,47065,Hamilton,54930091JQKCU3Z6IP44,,56,12,8,0.12,56,0,0,0,0,12,0,0,0,0,yes
2025,TN,47065,Hamilton,549300A1ILQC3X3Z1716,,21,12,4,0.12,20,1,0,0,0,12,0,0,0,0,yes
2025,TN,47065,Hamilton,549300GWD9H4FQ2VR805,,16,12,1,0.12,16,0,0,0,0,12,0,0,0,0,yes
2025,TN,47065,Hamilton,549300R77W0P105C3S50,HOMEXPRESS MORTGAGE CORP.,17,12,4,0.12,17,0,0,0,0,12,0,0,0,0,yes
2025,TN,47065,Hamilton,984500U2F9A83N391A91,"CHAMPIONS FUNDING, LLC",22,12,3,0.12,22,0,0,0,0,12,0,0,0,0,yes
2025,TN,47065,Hamilton,213800XR2TCBQJSF1X93,,18,11,1,0.11,17,0,1,0,0,10,0,1,0,0,yes
2025,TN,47065,Hamilton,54930049L5WINET09Q97,"CLICK N' CLOSE, INC.",20,11,2,0.11,10,7,3,0,0,6,4,1,0,0,yes
2025,TN,47065,Hamilton,549300CB67L6KPJLHE19,"TRIAD FINANCIAL SERVICES, INC.",63,11,35,0.11,63,0,0,0,0,11,0,0,0,0,yes
2025,TN,47065,Hamilton,549300FX7K8PTEQUU487,PENTAGON FEDERAL CREDIT UNION,35,11,15,0.11,27,3,5,0,0,10,0,1,0,0,yes
2025,TN,47065,Hamilton,549300KXIFQ7HCW3FR89,,13,11,1,0.11,13,0,0,0,0,11,0,0,0,0,yes
2025,TN,47065,Hamilton,549300OIJ6O9DNP74L72,,14,11,0,0.11,13,1,0,0,0,10,1,0,0,0,yes
2025,TN,47065,Hamilton,549300RWXUAFD1WAE410,"ATLANTIC BAY MORTGAGE GROUP, L.L.C.",13,11,0,0.11,9,4,0,0,0,7,4,0,0,0,yes
2025,TN,47065,Hamilton,549300V4IWDO6EFUKC70,,13,11,1,0.11,13,0,0,0,0,11,0,0,0,0,yes
2025,TN,47065,Hamilton,54930015645SYPOM7220,,11,10,1,0.1,2,9,0,0,0,2,8,0,0,0,yes
2025,TN,47065,Hamilton,549300G6RZM5T8NQJW74,,12,10,1,0.1,11,0,1,0,0,9,0,1,0,0,yes
2025,TN,47065,Hamilton,549300KSOOZZVXCMA627,ANGEL OAK MORTGAGE SOLUTIONS LLC,15,10,0,0.1,15,0,0,0,0,10,0,0,0,0,yes
2025,TN,47065,Hamilton,549300PL267CW8182203,,24,10,1,0.1,2,15,7,0,0,2,6,2,0,0,yes
2025,TN,47065,Hamilton,549300VCMRO4ST680C11,VILLAGE CAPITAL & INVESTMENT LLC,32,10,3,0.1,0,16,16,0,0,0,3,7,0,0,yes
2025,TN,47065,Hamilton,ZXMJHJK466PBZTM5F379,,12,10,0,0.1,12,0,0,0,0,10,0,0,0,0,yes
2025,TN,47065,Hamilton,254900M2C4Q6DATP2889,,24,9,4,0.09,4,11,9,0,0,2,4,3,0,0,yes
2025,TN,47065,Hamilton,254900TG14TB8RKS3U42,,15,9,0,0.09,13,2,0,0,0,8,1,0,0,0,yes
2025,TN,47065,Hamilton,5493001XKL0FTNOJ0866,,10,9,0,0.09,9,1,0,0,0,8,1,0,0,0,yes
2025,TN,47065,Hamilton,549300K4ZLGS7SRDTL86,Equity Prime Mortgage LLC,28,9,4,0.09,2,18,7,1,0,1,4,4,0,0,yes
2025,TN,47065,Hamilton,549300XQVJ1XBNFA5536,21ST MORTGAGE CORPORATION,66,9,41,0.09,66,0,0,0,0,9,0,0,0,0,yes
2025,TN,47065,Hamilton,L9VVX1KT5TFTKS0MLF66,First-Citizens Bank & Trust Company,16,9,5,0.09,16,0,0,0,0,9,0,0,0,0,yes
2025,TN,47065,Hamilton,549300DDLYW49R2HCV81,EASTMAN CREDIT UNION,12,8,3,0.08,12,0,0,0,0,8,0,0,0,0,yes
2025,TN,47065,Hamilton,549300J7I82PNDVU8H22,"OCMBC, INC.",19,8,2,0.08,19,0,0,0,0,8,0,0,0,0,yes
2025,TN,47065,Hamilton,549300KIOYNU323LVJ37,AMERICAN PACIFIC MORTGAGE CORPORATION,10,8,1,0.08,3,6,1,0,0,3,4,1,0,0,yes
2025,TN,47065,Hamilton,549300LXKO1O7CSK5J52,,10,8,0,0.08,7,1,2,0,0,5,1,2,0,0,yes
2025,TN,47065,Hamilton,549300SMD444BM2WO947,,8,8,0,0.08,7,1,0,0,0,7,1,0,0,0,yes
2025,TN,47065,Hamilton,IUGPUX5LWRZ3B6KIZ697,Ameris Bank,10,8,1,0.08,10,0,0,0,0,8,0,0,0,0,yes
2025,TN,47065,Hamilton,254900O2K17TNH5CL873,"RF RENOVO MANAGEMENT COMPANY, LLC",7,7,0,0.07,7,0,0,0,0,7,0,0,0,0,yes
2025,TN,47065,Hamilton,5493001UYBOONMFYPR30,"Legacy Home Loans, LLC",8,7,0,0.07,7,0,1,0,0,6,0,1,0,0,yes
2025,TN,47065,Hamilton,5493005PD34O8ZT7QT17,,11,7,0,0.07,11,0,0,0,0,7,0,0,0,0,yes
2025,TN,47065,Hamilton,54930074H8866HTIWU69,KNOXVILLE TVA EMPLOYEES CREDIT UNION,7,7,0,0.07,7,0,0,0,0,7,0,0,0,0,yes
2025,TN,47065,Hamilton,549300BX448ALT10FI43,The Federal Savings Bank,19,7,0,0.07,3,0,16,0,0,2,0,5,0,0,yes
2025,TN,47065,Hamilton,549300DPRWSBUY619V27,,7,7,0,0.07,6,1,0,0,0,6,1,0,0,0,yes
2025,TN,47065,Hamilton,549300ZPSJZO10ZAX556,"AMERICAN HERITAGE LENDING, LLC",17,7,0,0.07,17,0,0,0,0,7,0,0,0,0,yes
2025,TN,47065,Hamilton,QGPGHQ1ENZOOLJRFTH41,,10,7,2,0.07,10,0,0,0,0,7,0,0,0,0,yes
2025,TN,47065,Hamilton,254900FBWEZ3YUPOBN33,,14,6,3,0.06,14,0,0,0,0,6,0,0,0,0,yes
2025,TN,47065,Hamilton,54930043BMDE130FJ617,"PROVIDENT FUNDING ASSOCIATES, L.P.",14,6,1,0.06,14,0,0,0,0,6,0,0,0,0,yes
2025,TN,47065,Hamilton,5493004T38NMC864VL66,,6,6,0,0.06,6,0,0,0,0,6,0,0,0,0,yes
2025,TN,47065,Hamilton,549300E1PJPTI4YS7H26,ASCEND FEDERAL CREDIT UNION,8,6,1,0.06,8,0,0,0,0,6,0,0,0,0,yes
2025,TN,47065,Hamilton,549300KQHWNSVCE2MY88,,7,6,0,0.06,6,0,1,0,0,5,0,1,0,0,yes
2025,TN,47065,Hamilton,549300MUXFVZKH4XLG17,,7,6,0,0.06,5,1,1,0,0,5,0,1,0,0,yes
2025,TN,47065,Hamilton,549300Q10M1VXBG2H889,,17,6,2,0.06,8,4,5,0,0,3,0,3,0,0,yes
2025,TN,47065,Hamilton,549300Q50XCC0473FG63,,9,6,0,0.06,9,0,0,0,0,6,0,0,0,0,yes
2025,TN,47065,Hamilton,549300R7HGHP2I754087,TOWNE MORTGAGE COMPANY,10,6,1,0.06,8,2,0,0,0,6,0,0,0,0,yes
2025,TN,47065,Hamilton,549300SK2GVCQXPD4S58,"SUN WEST MORTGAGE COMPANY, INC.",12,6,0,0.06,3,7,2,0,0,2,4,0,0,0,yes
2025,TN,47065,Hamilton,549300T3F9S1MKFKHC53,HOMESTEAD FUNDING CORP.,6,6,0,0.06,5,0,1,0,0,5,0,1,0,0,yes
2025,TN,47065,Hamilton,549300T9P3WXNMXX0I34,Ixonia Bank,12,6,0,0.06,8,2,2,0,0,4,1,1,0,0,yes
2025,TN,47065,Hamilton,549300TNGC371911XJ76,,6,6,0,0.06,4,1,1,0,0,4,1,1,0,0,yes
2025,TN,47065,Hamilton,549300VMX06UV1F7NS76,,6,6,0,0.06,3,2,1,0,0,3,2,1,0,0,yes
2025,TN,47065,Hamilton,984500F03B9034CQB904,,13,6,1,0.06,13,0,0,0,0,6,0,0,0,0,yes
2025,TN,47065,Hamilton,CKVBED0S4DMLKJJ5XH28,,6,6,0,0.06,6,0,0,0,0,6,0,0,0,0,yes
2025,TN,47065,Hamilton,254900YA1AQXNM8QVZ06,,5,5,0,0.05,5,0,0,0,0,5,0,0,0,0,yes
2025,TN,47065,Hamilton,54930030Z1JWTP3SVD16,,6,5,0,0.05,2,4,0,0,0,2,3,0,0,0,yes
2025,TN,47065,Hamilton,5493003V40VGM7YDFM54,FIRST COLONY MORTGAGE CORPORATION,7,5,0,0.05,6,1,0,0,0,4,1,0,0,0,yes
2025,TN,47065,Hamilton,54930059GZZ7G4G40O53,Primis Mortgage Company,11,5,0,0.05,8,3,0,0,0,4,1,0,0,0,yes
2025,TN,47065,Hamilton,5493005PKOSG7MYX0B34,"Prosperity Home Mortgage, LLC",8,5,1,0.05,4,1,3,0,0,4,0,1,0,0,yes
2025,TN,47065,Hamilton,549300748YYU6VG08N83,,6,5,0,0.05,0,6,0,0,0,0,5,0,0,0,yes
2025,TN,47065,Hamilton,549300EFCZM6KD6B8K69,MORTGAGE ACCESS CORP.,6,5,0,0.05,6,0,0,0,0,5,0,0,0,0,yes
2025,TN,47065,Hamilton,549300JQEF6V2RNWCC75,,7,5,1,0.05,6,1,0,0,0,5,0,0,0,0,yes
2025,TN,47065,Hamilton,549300KTR1JGH3K6LU06,FOURLEAF,11,5,5,0.05,11,0,0,0,0,5,0,0,0,0,yes
2025,TN,47065,Hamilton,549300MGJ0J02F6KDW38,,5,5,0,0.05,5,0,0,0,0,5,0,0,0,0,yes
2025,TN,47065,Hamilton,549300PL8ER6H23P0Z91,,6,5,0,0.05,4,1,1,0,0,3,1,1,0,0,yes
2025,TN,47065,Hamilton,549300PQLK8E48ILXV41,,13,5,2,0.05,13,0,0,0,0,5,0,0,0,0,yes
2025,TN,47065,Hamilton,549300RA3E0BUFO7YZ21,"Hometown Equity Mortgage, LLC",6,5,1,0.05,6,0,0,0,0,5,0,0,0,0,yes
2025,TN,47065,Hamilton,549300REENMLD2RN3W58,,8,5,1,0.05,6,0,2,0,0,4,0,1,0,0,yes
2025,TN,47065,Hamilton,549300RN01LBYR8ZVX74,"LOWER, LLC",17,5,4,0.05,10,5,2,0,0,5,0,0,0,0,yes
2025,TN,47065,Hamilton,549300S5YL3OH0IVCS62,FINANCE OF AMERICA REVERSE LLC,7,5,0,0.05,0,7,0,0,0,0,5,0,0,0,yes
2025,TN,47065,Hamilton,549300VORTI31GZTJL53,"CARDINAL FINANCIAL COMPANY, LIMITED PARTNERSHIP",6,5,0,0.05,3,1,2,0,0,2,1,2,0,0,yes
2025,TN,47065,Hamilton,549300W09D8JV1ANXX59,,6,5,0,0.05,6,0,0,0,0,5,0,0,0,0,yes
2025,TN,47065,Hamilton,549300W45D2J6BT4LX65,,6,5,1,0.05,6,0,0,0,0,5,0,0,0,0,yes
2025,TN,47065,Hamilton,549300XWUSRVVOHPRY47,Academy Mortgage Corporation,13,5,1,0.05,7,6,0,0,0,1,4,0,0,0,yes
2025,TN,47065,Hamilton,549300ZIQ24V0C88AC41,GTE Federal Credit Union,6,5,0,0.05,6,0,0,0,0,5,0,0,0,0,yes
2025,TN,47065,Hamilton,9845006YE04B346EC919,,9,5,0,0.05,2,6,1,0,0,0,4,1,0,0,yes
2025,TN,47065,Hamilton,984500F6E6940CCB6A60,,7,5,0,0.05,7,0,0,0,0,5,0,0,0,0,yes
2025,TN,47065,Hamilton,C398JSK21YCXWM603F55,,7,5,2,0.05,6,0,1,0,0,5,0,0,0,0,yes
2025,TN,47065,Hamilton,25490018IFQOT83Q7H49,,4,4,0,0.04,4,0,0,0,0,4,0,0,0,0,yes
2025,TN,47065,Hamilton,2549001SI0EMFPT39035,"Cornerstone First Mortgage, Inc",5,4,0,0.04,4,0,1,0,0,3,0,1,0,0,yes
2025,TN,47065,Hamilton,254900DRSIZBQXDCJ875,,4,4,0,0.04,4,0,0,0,0,4,0,0,0,0,yes
2025,TN,47065,Hamilton,254900E6AIE4Z8YQM970,Citadel Servicing Corporation,5,4,0,0.04,5,0,0,0,0,4,0,0,0,0,yes
2025,TN,47065,Hamilton,254900RM3T6WAVE6SA24,,5,4,0,0.04,5,0,0,0,0,4,0,0,0,0,yes
2025,TN,47065,Hamilton,254900WT4HAMDFWH3048,,13,4,0,0.04,0,13,0,0,0,0,4,0,0,0,yes
2025,TN,47065,Hamilton,2WHM8VNJH63UN14OL754,The Huntington National Bank,5,4,1,0.04,5,0,0,0,0,4,0,0,0,0,yes
2025,TN,47065,Hamilton,5493002TJKC8NLH1ZP82,,6,4,0,0.04,3,2,1,0,0,2,1,1,0,0,yes
2025,TN,47065,Hamilton,549300323EON4W3CCM44,"RESICENTRAL, LLC",5,4,1,0.04,4,1,0,0,0,3,1,0,0,0,yes
2025,TN,47065,Hamilton,5493006JISETNI0GLE61,,7,4,1,0.04,7,0,0,0,0,4,0,0,0,0,yes
2025,TN,47065,Hamilton,5493007CXTOHZ2JBEJ61,"THE MORTGAGE FIRM, INC.",5,4,0,0.04,5,0,0,0,0,4,0,0,0,0,yes
2025,TN,47065,Hamilton,549300BM4NS8HDJT3X28,"INTERCOASTAL MORTGAGE, LLC",4,4,0,0.04,3,0,1,0,0,3,0,1,0,0,yes
2025,TN,47065,Hamilton,549300BOXNV8VLRBDT24,,11,4,3,0.04,11,0,0,0,0,4,0,0,0,0,yes
2025,TN,47065,Hamilton,549300DMYENRV818D594,,8,4,0,0.04,7,1,0,0,0,3,1,0,0,0,yes
2025,TN,47065,Hamilton,549300J6N77Q8OHYNF23,,7,4,2,0.04,3,3,1,0,0,2,1,1,0,0,yes
2025,TN,47065,Hamilton,549300JX8UXNIMMZYW86,,4,4,0,0.04,4,0,0,0,0,4,0,0,0,0,yes
2025,TN,47065,Hamilton,549300JYXTZDSPJEPI44,"PLAZA HOME MORTGAGE, INC.",9,4,3,0.04,5,4,0,0,0,2,2,0,0,0,yes
2025,TN,47065,Hamilton,549300KJ8PAJ7E52HG32,Plains Commerce Bank,5,4,0,0.04,4,0,1,0,0,3,0,1,0,0,yes
2025,TN,47065,Hamilton,549300NWBS6MQJX15N44,,5,4,0,0.04,5,0,0,0,0,4,0,0,0,0,yes
2025,TN,47065,Hamilton,549300RFLICNI75BG067,Luminate Bank,6,4,0,0.04,1,5,0,0,0,0,4,0,0,0,yes
2025,TN,47065,Hamilton,549300RP3DLR09NF6157,,7,4,1,0.04,2,5,0,0,0,2,2,0,0,0,yes
2025,TN,47065,Hamilton,549300SHE1JTCOWBP090,STATE EMPLOYEES' CREDIT UNION,5,4,1,0.04,5,0,0,0,0,4,0,0,0,0,yes
2025,TN,47065,Hamilton,549300TA4MQM8WN2XG31,,7,4,0,0.04,7,0,0,0,0,4,0,0,0,0,yes
2025,TN,47065,Hamilton,549300UR5AOWTJJ7KZ64,,4,4,0,0.04,4,0,0,0,0,4,0,0,0,0,yes
2025,TN,47065,Hamilton,549300Y4BSP3BSFW7J29,,6,4,2,0.04,6,0,0,0,0,4,0,0,0,0,yes
2025,TN,47065,Hamilton,Q708HHR4LD2B7XIZNO92,First Federal Bank,7,4,0,0.04,5,0,2,0,0,2,0,2,0,0,yes
2025,TN,47065,Hamilton,SS1TRMSN6BRNMOREEV51,"Flagstar Bank, National Association",9,4,3,0.04,7,1,1,0,0,3,0,1,0,0,yes
2025,TN,47065,Hamilton,254900378RFGMBEKAF12,,4,3,0,0.03,4,0,0,0,0,3,0,0,0,0,yes
2025,TN,47065,Hamilton,254900A1LV2U6NM10498,,3,3,0,0.03,3,0,0,0,0,3,0,0,0,0,yes
2025,TN,47065,Hamilton,254900AD895KKZTSFT42,,3,3,0,0.03,3,0,0,0,0,3,0,0,0,0,yes
2025,TN,47065,Hamilton,254900AHLSHUJOTJG402,,3,3,0,0.03,3,0,0,0,0,3,0,0,0,0,yes
2025,TN,47065,Hamilton,254900CTT87ZKAUTIJ37,,6,3,0,0.03,6,0,0,0,0,3,0,0,0,0,yes
2025,TN,47065,Hamilton,254900DSZI6CJXJL6Z14,,3,3,0,0.03,3,0,0,0,0,3,0,0,0,0,yes
2025,TN,47065,Hamilton,254900JP0RZQA3KX5N51,,3,3,0,0.03,3,0,0,0,0,3,0,0,0,0,yes
2025,TN,47065,Hamilton,254900RQX8N4HXJIDK44,,3,3,0,0.03,3,0,0,0,0,3,0,0,0,0,yes
2025,TN,47065,Hamilton,254900WTZC5SSKIN2M11,,7,3,1,0.03,7,0,0,0,0,3,0,0,0,0,yes
2025,TN,47065,Hamilton,254900XASC5S67PMPM58,,3,3,0,0.03,3,0,0,0,0,3,0,0,0,0,yes
2025,TN,47065,Hamilton,254900ZFWS2106HWPH46,"PARAMOUNT RESIDENTIAL MORTGAGE GROUP, INC.",8,3,0,0.03,5,2,1,0,0,2,0,1,0,0,yes
2025,TN,47065,Hamilton,254900ZX1UPIG2E7TH11,,5,3,0,0.03,5,0,0,0,0,3,0,0,0,0,yes
2025,TN,47065,Hamilton,5493002QRULT2T40BH09,,11,3,7,0.03,11,0,0,0,0,3,0,0,0,0,yes
2025,TN,47065,Hamilton,5493004NO7XCFVG4KD53,,3,3,0,0.03,3,0,0,0,0,3,0,0,0,0,yes
2025,TN,47065,Hamilton,5493004RLLKTQS8K7U51,,3,3,0,0.03,3,0,0,0,0,3,0,0,0,0,yes
2025,TN,47065,Hamilton,54930080168VA6Z8UX21,TOWER Federal Credit Union,3,3,0,0.03,3,0,0,0,0,3,0,0,0,0,yes
2025,TN,47065,Hamilton,5493009B17HXCVXTD608,"JMAC LENDING, INC.",5,3,0,0.03,5,0,0,0,0,3,0,0,0,0,yes
2025,TN,47065,Hamilton,549300ALNLUNS3Y53T24,,27,3,11,0.03,16,8,3,0,0,3,0,0,0,0,yes
2025,TN,47065,Hamilton,549300COIWXM618UBE82,,4,3,1,0.03,4,0,0,0,0,3,0,0,0,0,yes
2025,TN,47065,Hamilton,549300CUUEEQ66ZVK149,,6,3,0,0.03,1,4,1,0,0,1,2,0,0,0,yes
2025,TN,47065,Hamilton,549300D4ZYLSQ5LMTV35,ABSOLUTE HOME MORTGAGE CORPORATION,5,3,0,0.03,3,1,1,0,0,1,1,1,0,0,yes
2025,TN,47065,Hamilton,549300EKFFG3BU8DNX74,NEXERA HOLDING LLC,9,3,1,0.03,8,1,0,0,0,3,0,0,0,0,yes
2025,TN,47065,Hamilton,549300HRLROF7PLJ6735,CLEAREDGE LENDING LLC,7,3,2,0.03,7,0,0,0,0,3,0,0,0,0,yes
2025,TN,47065,Hamilton,549300IBHFWCA2THLC52,,3,3,0,0.03,3,0,0,0,0,3,0,0,0,0,yes
2025,TN,47065,Hamilton,549300INFJ8TYNZ1G568,,3,3,0,0.03,3,0,0,0,0,3,0,0,0,0,yes
2025,TN,47065,Hamilton,549300KWKWPEKL40WD44,,6,3,1,0.03,6,0,0,0,0,3,0,0,0,0,yes
2025,TN,47065,Hamilton,549300LZUXCJFE5ONM48,,3,3,0,0.03,0,3,0,0,0,0,3,0,0,0,yes
2025,TN,47065,Hamilton,549300MQEDQYDJR8CP22,,4,3,0,0.03,4,0,0,0,0,3,0,0,0,0,yes
2025,TN,47065,Hamilton,549300PBTV7FCWLSMM53,,5,3,0,0.03,0,1,4,0,0,0,0,3,0,0,yes
2025,TN,47065,Hamilton,549300PC4MFWQBNVKG88,,3,3,0,0.03,1,1,1,0,0,1,1,1,0,0,yes
2025,TN,47065,Hamilton,549300Q6YL1SFVPEGV90,,6,3,0,0.03,0,4,2,0,0,0,1,2,0,0,yes
2025,TN,47065,Hamilton,549300QKL5FUBZ8LSF50,,6,3,0,0.03,0,1,5,0,0,0,0,3,0,0,yes
2025,TN,47065,Hamilton,549300SFG15JDKI5MD22,,3,3,0,0.03,3,0,0,0,0,3,0,0,0,0,yes
2025,TN,47065,Hamilton,549300TWLXP5O4IHG211,,10,3,3,0.03,10,0,0,0,0,3,0,0,0,0,yes
2025,TN,47065,Hamilton,549300WYBPIWKK6SQC06,,4,3,0,0.03,4,0,0,0,0,3,0,0,0,0,yes
2025,TN,47065,Hamilton,9845005BP6974AE5D838,,4,3,0,0.03,4,0,0,0,0,3,0,0,0,0,yes
2025,TN,47065,Hamilton,E57ODZWZ7FF32TWEFA76,"Citibank, National Association",16,3,3,0.03,15,0,1,0,0,3,0,0,0,0,yes
2025,TN,47065,Hamilton,01J4SO3XTWZF4PP38209,,3,2,0,0.02,3,0,0,0,0,2,0,0,0,0,yes
2025,TN,47065,Hamilton,254900132A3VX6LLZU43,,2,2,0,0.02,2,0,0,0,0,2,0,0,0,0,yes
2025,TN,47065,Hamilton,2549008LUH7QKMXQ8N53,,3,2,0,0.02,2,1,0,0,0,2,0,0,0,0,yes
2025,TN,47065,Hamilton,254900IEGKUDRDS23V26,,2,2,0,0.02,2,0,0,0,0,2,0,0,0,0,yes
2025,TN,47065,Hamilton,254900K39SBWA2QOUF69,,2,2,0,0.02,2,0,0,0,0,2,0,0,0,0,yes
2025,TN,47065,Hamilton,254900P7WLDQD9IUL038,Service Federal Credit Union,3,2,1,0.02,3,0,0,0,0,2,0,0,0,0,yes
2025,TN,47065,Hamilton,254900VELJPWWT51WN03,,3,2,0,0.02,3,0,0,0,0,2,0,0,0,0,yes
2025,TN,47065,Hamilton,254900WEP08K7U7S3A80,,4,2,0,0.02,0,4,0,0,0,0,2,0,0,0,yes
2025,TN,47065,Hamilton,54930001NSTOD85LT125,"GUARANTEED RATE AFFINITY, LLC",2,2,0,0.02,2,0,0,0,0,2,0,0,0,0,yes
2025,TN,47065,Hamilton,5493000V86JDJLM0OV13,,2,2,0,0.02,2,0,0,0,0,2,0,0,0,0,yes
2025,TN,47065,Hamilton,549300249G20MDIDRR27,,15,2,0,0.02,7,8,0,0,0,2,0,0,0,0,yes
2025,TN,47065,Hamilton,5493002G4JO4BZ22MC13,,2,2,0,0.02,2,0,0,0,0,2,0,0,0,0,yes
2025,TN,47065,Hamilton,5493002YXAOJOQPEGS38,,3,2,0,0.02,3,0,0,0,0,2,0,0,0,0,yes
2025,TN,47065,Hamilton,5493004IEEY3EWUVQH38,,3,2,0,0.02,3,0,0,0,0,2,0,0,0,0,yes
2025,TN,47065,Hamilton,5493004UNRG4PWDF2K60,AFFINITY FEDERAL CREDIT UNION,3,2,0,0.02,3,0,0,0,0,2,0,0,0,0,yes
2025,TN,47065,Hamilton,54930052M48FOD3CWA54,"PRIMARY RESIDENTIAL MORTGAGE, INC.",2,2,0,0.02,1,1,0,0,0,1,1,0,0,0,yes
2025,TN,47065,Hamilton,5493005GHHD2LL3US857,,2,2,0,0.02,2,0,0,0,0,2,0,0,0,0,yes
2025,TN,47065,Hamilton,5493005JPZ3LXXMB0S24,"Carrington Mortgage Services, LLC",2,2,0,0.02,2,0,0,0,0,2,0,0,0,0,yes
2025,TN,47065,Hamilton,5493005NU5BA00C1N451,,3,2,0,0.02,1,0,2,0,0,0,0,2,0,0,yes
2025,TN,47065,Hamilton,5493006P5IHSK77SZ855,,2,2,0,0.02,1,1,0,0,0,1,1,0,0,0,yes
2025,TN,47065,Hamilton,5493006RIR31ORKYB608,,2,2,0,0.02,2,0,0,0,0,2,0,0,0,0,yes
2025,TN,47065,Hamilton,5493008Q3XBC7O0Q4X02,,3,2,1,0.02,2,0,1,0,0,2,0,0,0,0,yes
2025,TN,47065,Hamilton,549300ANF834QIIFUE57,,2,2,0,0.02,2,0,0,0,0,2,0,0,0,0,yes
2025,TN,47065,Hamilton,549300BXWU32AYWT1A56,,3,2,0,0.02,3,0,0,0,0,2,0,0,0,0,yes
2025,TN,47065,Hamilton,549300C1ICNCM0V37Y02,,2,2,0,0.02,2,0,0,0,0,2,0,0,0,0,yes
2025,TN,47065,Hamilton,549300C8GOC4OYUV0Z32,,2,2,0,0.02,2,0,0,0,0,2,0,0,0,0,yes
2025,TN,47065,Hamilton,549300DCGBXW5FJMV921,,2,2,0,0.02,2,0,0,0,0,2,0,0,0,0,yes
2025,TN,47065,Hamilton,549300DH8EI64ITBY388,,2,2,0,0.02,2,0,0,0,0,2,0,0,0,0,yes
2025,TN,47065,Hamilton,549300G5DVGM0ZHRQC33,,3,2,0,0.02,0,0,3,0,0,0,0,2,0,0,yes
2025,TN,47065,Hamilton,549300HVW3AI97UKTO72,,2,2,0,0.02,2,0,0,0,0,2,0,0,0,0,yes
2025,TN,47065,Hamilton,549300IFOE4SCP384147,University Bank,3,2,0,0.02,3,0,0,0,0,2,0,0,0,0,yes
2025,TN,47065,Hamilton,549300IRXW9RSZM2B951,,2,2,0,0.02,2,0,0,0,0,2,0,0,0,0,yes
2025,TN,47065,Hamilton,549300K6L4VXCXWN4205,ORNL,3,2,0,0.02,3,0,0,0,0,2,0,0,0,0,yes
2025,TN,47065,Hamilton,549300K8UWGGY4IOR733,,2,2,0,0.02,2,0,0,0,0,2,0,0,0,0,yes
2025,TN,47065,Hamilton,549300LLESTPOVRG3X73,,3,2,0,0.02,2,0,1,0,0,1,0,1,0,0,yes
2025,TN,47065,Hamilton,549300LWR6X0ZAV34H19,,2,2,0,0.02,2,0,0,0,0,2,0,0,0,0,yes
2025,TN,47065,Hamilton,549300OPB0G5OMY0SM65,,3,2,0,0.02,3,0,0,0,0,2,0,0,0,0,yes
2025,TN,47065,Hamilton,549300P3JUY6QMZ8DY86,,2,2,0,0.02,2,0,0,0,0,2,0,0,0,0,yes
2025,TN,47065,Hamilton,549300PXIFIEPL7D7R86,,2,2,0,0.02,0,1,1,0,0,0,1,1,0,0,yes
2025,TN,47065,Hamilton,549300R4F5COFJE0DN81,,2,2,0,0.02,1,1,0,0,0,1,1,0,0,0,yes
2025,TN,47065,Hamilton,549300RFPLMCMJL7BS81,,2,2,0,0.02,2,0,0,0,0,2,0,0,0,0,yes
2025,TN,47065,Hamilton,549300S8SHBRCI7UU819,,3,2,1,0.02,3,0,0,0,0,2,0,0,0,0,yes
2025,TN,47065,Hamilton,549300SK3VKN3E1SZ562,,3,2,0,0.02,3,0,0,0,0,2,0,0,0,0,yes
2025,TN,47065,Hamilton,549300STIW51KDGL2B62,,2,2,0,0.02,2,0,0,0,0,2,0,0,0,0,yes
2025,TN,47065,Hamilton,549300T61O0X0RJMQ375,,3,2,0,0.02,3,0,0,0,0,2,0,0,0,0,yes
2025,TN,47065,Hamilton,549300T94GSH3C4U5M59,ALLIANT CREDIT UNION,7,2,4,0.02,5,2,0,0,0,2,0,0,0,0,yes
2025,TN,47065,Hamilton,549300TE5E6DWAI74K71,,2,2,0,0.02,2,0,0,0,0,2,0,0,0,0,yes
2025,TN,47065,Hamilton,549300TK6RZQSFXZHV09,,13,2,0,0.02,7,6,0,0,0,1,1,0,0,0,yes
2025,TN,47065,Hamilton,549300TTPRGSP8DGY569,,2,2,0,0.02,2,0,0,0,0,2,0,0,0,0,yes
2025,TN,47065,Hamilton,549300UG7QXKM7KGV847,,6,2,2,0.02,4,2,0,0,0,2,0,0,0,0,yes
2025,TN,47065,Hamilton,549300UV5JQXLGVWIP44,,2,2,0,0.02,2,0,0,0,0,2,0,0,0,0,yes
2025,TN,47065,Hamilton,549300UVOSI4XZZGUE14,,4,2,1,0.02,0,3,1,0,0,0,2,0,0,0,yes
2025,TN,47065,Hamilton,549300VYK2WBD7SST478,,2,2,0,0.02,2,0,0,0,0,2,0,0,0,0,yes
2025,TN,47065,Hamilton,549300W40F67Y6WWQX34,,2,2,0,0.02,2,0,0,0,0,2,0,0,0,0,yes
2025,TN,47065,Hamilton,549300W4FT4H1UWPGU95,,2,2,0,0.02,2,0,0,0,0,2,0,0,0,0,yes
2025,TN,47065,Hamilton,549300WZWPMDWIL12842,,3,2,0,0.02,3,0,0,0,0,2,0,0,0,0,yes
2025,TN,47065,Hamilton,549300XCVBRR56D08F03,,20,2,0,0.02,19,1,0,0,0,2,0,0,0,0,yes
2025,TN,47065,Hamilton,549300XED7IBK9VVQH70,"PIKE CREEK MORTGAGE SERVICES, INC.",3,2,0,0.02,3,0,0,0,0,2,0,0,0,0,yes
2025,TN,47065,Hamilton,549300XQ7B5FIVUNFE29,VAN DYK MORTGAGE CORPORATION,5,2,1,0.02,5,0,0,0,0,2,0,0,0,0,yes
2025,TN,47065,Hamilton,549300YL0TMLCEU0GW61,,2,2,0,0.02,2,0,0,0,0,2,0,0,0,0,yes
2025,TN,47065,Hamilton,549300Z52CLXKDXGPH16,,2,2,0,0.02,2,0,0,0,0,2,0,0,0,0,yes
2025,TN,47065,Hamilton,549300ZEUD3RXQZG2867,,2,2,0,0.02,2,0,0,0,0,2,0,0,0,0,yes
2025,TN,47065,Hamilton,6PTKHDJ8HDUF78PFWH30,,2,2,0,0.02,2,0,0,0,0,2,0,0,0,0,yes
2025,TN,47065,Hamilton,98450087981AP406JG03,,2,2,0,0.02,2,0,0,0,0,2,0,0,0,0,yes
2025,TN,47065,Hamilton,984500CD6F0743B8F530,,3,2,1,0.02,0,2,1,0,0,0,1,1,0,0,yes
2025,TN,47065,Hamilton,984500FAD1FB7FEGTE82,,3,2,0,0.02,3,0,0,0,0,2,0,0,0,0,yes
2025,TN,47065,Hamilton,HUX2X73FUCYHUVH1BK78,KeyBank National Association,3,2,0,0.02,3,0,0,0,0,2,0,0,0,0,yes
2025,TN,47065,Hamilton,KD3XUN7C6T14HNAYLU02,,2,2,0,0.02,2,0,0,0,0,2,0,0,0,0,yes
2025,TN,47065,Hamilton,WWB2V0FCW3A0EE3ZJN75,Manufacturers and Traders Trust Company,4,2,1,0.02,2,0,2,0,0,1,0,1,0,0,yes
2025,TN,47065,Hamilton,213800QUAI2VH5YM6310,"EMBRACE HOME LOANS, INC.",1,1,0,0.01,1,0,0,0,0,1,0,0,0,0,yes
2025,TN,47065,Hamilton,2549000VVDQ9NNW01Q23,,1,1,0,0.01,1,0,0,0,0,1,0,0,0,0,yes
2025,TN,47065,Hamilton,2549001NJY765EZWDI06,,1,1,0,0.01,1,0,0,0,0,1,0,0,0,0,yes
2025,TN,47065,Hamilton,2549001XVX1R2ITF6935,,1,1,0,0.01,1,0,0,0,0,1,0,0,0,0,yes
2025,TN,47065,Hamilton,2549004FXPNKCLIN8250,,2,1,0,0.01,2,0,0,0,0,1,0,0,0,0,yes
2025,TN,47065,Hamilton,2549004XJQQPBYQSMT39,,2,1,0,0.01,2,0,0,0,0,1,0,0,0,0,yes
2025,TN,47065,Hamilton,2549005SIVTHG14U2905,A&D Mortgage LLC,10,1,4,0.01,10,0,0,0,0,1,0,0,0,0,yes
2025,TN,47065,Hamilton,2549007JQKHU8KQ0FC19,,1,1,0,0.01,1,0,0,0,0,1,0,0,0,0,yes
2025,TN,47065,Hamilton,2549008TT6UNYR7AXF54,,2,1,0,0.01,2,0,0,0,0,1,0,0,0,0,yes
2025,TN,47065,Hamilton,254900EZRN0CBEP77K34,,3,1,1,0.01,3,0,0,0,0,1,0,0,0,0,yes
2025,TN,47065,Hamilton,254900FJRICL380R4T46,Leaders Credit Union,4,1,1,0.01,3,1,0,0,0,1,0,0,0,0,yes
2025,TN,47065,Hamilton,254900HO9WPE4LTLQU96,,1,1,0,0.01,1,0,0,0,0,1,0,0,0,0,yes
2025,TN,47065,Hamilton,254900MY80V94K63ZY41,,1,1,0,0.01,1,0,0,0,0,1,0,0,0,0,yes
2025,TN,47065,Hamilton,254900N9T42X4VF8F740,,1,1,0,0.01,1,0,0,0,0,1,0,0,0,0,yes
2025,TN,47065,Hamilton,254900NZV7NVKXQW9A64,,1,1,0,0.01,1,0,0,0,0,1,0,0,0,0,yes
2025,TN,47065,Hamilton,254900T576VYG7I55390,,1,1,0,0.01,1,0,0,0,0,1,0,0,0,0,yes
2025,TN,47065,Hamilton,254900T8N4RLS6G3BF64,,1,1,0,0.01,1,0,0,0,0,1,0,0,0,0,yes
2025,TN,47065,Hamilton,254900TTXC2DBWKBNZ05,,4,1,0,0.01,4,0,0,0,0,1,0,0,0,0,yes
2025,TN,47065,Hamilton,254900TTZ395IC926125,,1,1,0,0.01,1,0,0,0,0,1,0,0,0,0,yes
2025,TN,47065,Hamilton,254900UD8AEXTVCVAF72,,2,1,0,0.01,2,0,0,0,0,1,0,0,0,0,yes
2025,TN,47065,Hamilton,254900WQCRCK13A7DC81,,2,1,1,0.01,2,0,0,0,0,1,0,0,0,0,yes
2025,TN,47065,Hamilton,254900YPPMV9UM5FUW09,,2,1,0,0.01,2,0,0,0,0,1,0,0,0,0,yes
2025,TN,47065,Hamilton,254900ZKVJDEYHV22276,,2,1,0,0.01,2,0,0,0,0,1,0,0,0,0,yes
2025,TN,47065,Hamilton,3Y4U8VZURTYWI1W2K376,,5,1,3,0.01,5,0,0,0,0,1,0,0,0,0,yes
2025,TN,47065,Hamilton,5493000349C5XXDRQX28,,1,1,0,0.01,1,0,0,0,0,1,0,0,0,0,yes
2025,TN,47065,Hamilton,5493000CHQ0HEHGLJ573,,1,1,0,0.01,1,0,0,0,0,1,0,0,0,0,yes
2025,TN,47065,Hamilton,5493000H6DFDDJRORG89,,4,1,0,0.01,3,1,0,0,0,1,0,0,0,0,yes
2025,TN,47065,Hamilton,5493000WAJ1FMTFL5D75,,3,1,1,0.01,0,1,2,0,0,0,0,1,0,0,yes
2025,TN,47065,Hamilton,5493001M37Q8TJKTP708,,1,1,0,0.01,1,0,0,0,0,1,0,0,0,0,yes
2025,TN,47065,Hamilton,54930022CQGV47Q8PM03,,2,1,0,0.01,1,0,1,0,0,0,0,1,0,0,yes
2025,TN,47065,Hamilton,54930025XJJO3T0M1A92,,1,1,0,0.01,1,0,0,0,0,1,0,0,0,0,yes
2025,TN,47065,Hamilton,5493002F9OWLKRICTY67,,2,1,0,0.01,2,0,0,0,0,1,0,0,0,0,yes
2025,TN,47065,Hamilton,5493002Y5XYV7DV1ZV88,"GOLD STAR MORTGAGE FINANCIAL GROUP, CORPORATION",5,1,0,0.01,2,3,0,0,0,0,1,0,0,0,yes
2025,TN,47065,Hamilton,54930034MNPILHP25H80,Gateway First Bank,1,1,0,0.01,1,0,0,0,0,1,0,0,0,0,yes
2025,TN,47065,Hamilton,54930039IUN6515TBG78,,1,1,0,0.01,0,0,1,0,0,0,0,1,0,0,yes
2025,TN,47065,Hamilton,54930039UO39UJGI7078,TowneBank,1,1,0,0.01,1,0,0,0,0,1,0,0,0,0,yes
2025,TN,47065,Hamilton,5493003B2LEGQHDWRN55,HANSCOM,1,1,0,0.01,1,0,0,0,0,1,0,0,0,0,yes
2025,TN,47065,Hamilton,5493003QDHMW1W0GEH16,,1,1,0,0.01,1,0,0,0,0,1,0,0,0,0,yes
2025,TN,47065,Hamilton,54930040GLSEV5H11Q12,,1,1,0,0.01,1,0,0,0,0,1,0,0,0,0,yes
2025,TN,47065,Hamilton,54930048P8RWCQHQM310,,2,1,1,0.01,2,0,0,0,0,1,0,0,0,0,yes
2025,TN,47065,Hamilton,5493004K0Z4RFJSPYT52,,1,1,0,0.01,1,0,0,0,0,1,0,0,0,0,yes
2025,TN,47065,Hamilton,5493004R423PBPM6A173,,1,1,0,0.01,0,1,0,0,0,0,1,0,0,0,yes
2025,TN,47065,Hamilton,5493004T9SQFCNRQ2L76,,1,1,0,0.01,0,0,1,0,0,0,0,1,0,0,yes
2025,TN,47065,Hamilton,54930052808NIU3KIW97,,2,1,0,0.01,2,0,0,0,0,1,0,0,0,0,yes
2025,TN,47065,Hamilton,5493005QMX3SJKDTQZ62,,1,1,0,0.01,1,0,0,0,0,1,0,0,0,0,yes
2025,TN,47065,Hamilton,5493005XMJQ1GSXUGT67,,2,1,0,0.01,2,0,0,0,0,1,0,0,0,0,yes
2025,TN,47065,Hamilton,5493006HAFES1LQ18W28,,2,1,0,0.01,2,0,0,0,0,1,0,0,0,0,yes
2025,TN,47065,Hamilton,5493006KQF5UKZ3Y9N07,,1,1,0,0.01,1,0,0,0,0,1,0,0,0,0,yes
2025,TN,47065,Hamilton,54930077D8KXQADF5Q23,,1,1,0,0.01,1,0,0,0,0,1,0,0,0,0,yes
2025,TN,47065,Hamilton,5493007CLWQN2S6IZK91,,3,1,0,0.01,0,2,1,0,0,0,1,0,0,0,yes
2025,TN,47065,Hamilton,5493008SP1FN4D81IS17,,1,1,0,0.01,1,0,0,0,0,1,0,0,0,0,yes
2025,TN,47065,Hamilton,5493008XX3NZ5S384W16,,3,1,1,0.01,3,0,0,0,0,1,0,0,0,0,yes
2025,TN,47065,Hamilton,5493008ZTV4S0W9DCX64,,1,1,0,0.01,0,1,0,0,0,0,1,0,0,0,yes
2025,TN,47065,Hamilton,54930091IM32ECQG7562,,1,1,0,0.01,1,0,0,0,0,1,0,0,0,0,yes
2025,TN,47065,Hamilton,54930095UWUUXAWASB02,"Atlantic Coast Mortgage, LLC",2,1,0,0.01,1,1,0,0,0,1,0,0,0,0,yes
2025,TN,47065,Hamilton,549300A5HHOL2ED18C72,,10,1,0,0.01,10,0,0,0,0,1,0,0,0,0,yes
2025,TN,47065,Hamilton,549300AOB4S7B0DB7863,,1,1,0,0.01,1,0,0,0,0,1,0,0,0,0,yes
2025,TN,47065,Hamilton,549300AUFLERO59VGC71,,1,1,0,0.01,1,0,0,0,0,1,0,0,0,0,yes
2025,TN,47065,Hamilton,549300B4IYL7TZT8FA34,,3,1,0,0.01,1,2,0,0,0,0,1,0,0,0,yes
2025,TN,47065,Hamilton,549300BB4LSE4JRRGV15,,1,1,0,0.01,1,0,0,0,0,1,0,0,0,0,yes
2025,TN,47065,Hamilton,549300BG5GYUSWMP2R94,,1,1,0,0.01,1,0,0,0,0,1,0,0,0,0,yes
2025,TN,47065,Hamilton,549300BUVM9AXNUI6G83,,1,1,0,0.01,1,0,0,0,0,1,0,0,0,0,yes
2025,TN,47065,Hamilton,549300C4CKL0HRXJ3085,,1,1,0,0.01,1,0,0,0,0,1,0,0,0,0,yes
2025,TN,47065,Hamilton,549300CP7747DCRW6U68,,1,1,0,0.01,1,0,0,0,0,1,0,0,0,0,yes
2025,TN,47065,Hamilton,549300CYL5ZW4ISL7T55,,1,1,0,0.01,1,0,0,0,0,1,0,0,0,0,yes
2025,TN,47065,Hamilton,549300DE8TS4EYTPX729,"AFFORDABLE MORTGAGE ADVISORS, LLC",1,1,0,0.01,1,0,0,0,0,1,0,0,0,0,yes
2025,TN,47065,Hamilton,549300DNWSJUNAWUM003,,1,1,0,0.01,1,0,0,0,0,1,0,0,0,0,yes
2025,TN,47065,Hamilton,549300E8HNQO52YYHI82,,1,1,0,0.01,1,0,0,0,0,1,0,0,0,0,yes
2025,TN,47065,Hamilton,549300F1D8U51K67LV24,,1,1,0,0.01,1,0,0,0,0,1,0,0,0,0,yes
2025,TN,47065,Hamilton,549300F6Y1YO2YXN6135,,1,1,0,0.01,1,0,0,0,0,1,0,0,0,0,yes
2025,TN,47065,Hamilton,549300G4ESSS6M0MEG51,,1,1,0,0.01,1,0,0,0,0,1,0,0,0,0,yes
2025,TN,47065,Hamilton,549300GQDT484LGI9C04,,3,1,1,0.01,3,0,0,0,0,1,0,0,0,0,yes
2025,TN,47065,Hamilton,549300GSCUJKJINRJ980,,1,1,0,0.01,0,1,0,0,0,0,1,0,0,0,yes
2025,TN,47065,Hamilton,549300GTVXJ2PGXNLM73,T2 FINANCIAL LLC,2,1,0,0.01,2,0,0,0,0,1,0,0,0,0,yes
2025,TN,47065,Hamilton,549300HFBEONQN2CK447,,1,1,0,0.01,1,0,0,0,0,1,0,0,0,0,yes
2025,TN,47065,Hamilton,549300HINJH60UG3KG47,,1,1,0,0.01,1,0,0,0,0,1,0,0,0,0,yes
2025,TN,47065,Hamilton,549300HIVO8XPBPNVG69,,1,1,0,0.01,1,0,0,0,0,1,0,0,0,0,yes
2025,TN,47065,Hamilton,549300HN58ONH5KNJJ12,,1,1,0,0.01,1,0,0,0,0,1,0,0,0,0,yes
2025,TN,47065,Hamilton,549300HTKHBMJL4D9734,,1,1,0,0.01,1,0,0,0,0,1,0,0,0,0,yes
2025,TN,47065,Hamilton,549300I1HK1BBZLKOB84,,1,1,0,0.01,1,0,0,0,0,1,0,0,0,0,yes
2025,TN,47065,Hamilton,549300IJO7NO6VDZPD35,,2,1,0,0.01,2,0,0,0,0,1,0,0,0,0,yes
2025,TN,47065,Hamilton,549300IKS3MMB5YK6T18,,2,1,0,0.01,2,0,0,0,0,1,0,0,0,0,yes
2025,TN,47065,Hamilton,549300J4330IBZ0BBI43,,1,1,0,0.01,1,0,0,0,0,1,0,0,0,0,yes
2025,TN,47065,Hamilton,549300JPGMCMBEJEK584,FIRST TECHNOLOGY,1,1,0,0.01,1,0,0,0,0,1,0,0,0,0,yes
2025,TN,47065,Hamilton,549300JRDGV1559XM376,,1,1,0,0.01,0,0,1,0,0,0,0,1,0,0,yes
2025,TN,47065,Hamilton,549300KM0M1BH7LBWW77,,1,1,0,0.01,1,0,0,0,0,1,0,0,0,0,yes
2025,TN,47065,Hamilton,549300KPHGEE40YQXO21,,1,1,0,0.01,1,0,0,0,0,1,0,0,0,0,yes
2025,TN,47065,Hamilton,549300KR4ZW8KJC82O47,,1,1,0,0.01,1,0,0,0,0,1,0,0,0,0,yes
2025,TN,47065,Hamilton,549300KW3HYVC06WS898,,1,1,0,0.01,1,0,0,0,0,1,0,0,0,0,yes
2025,TN,47065,Hamilton,549300L1DBFIJZI8LA40,,1,1,0,0.01,1,0,0,0,0,1,0,0,0,0,yes
2025,TN,47065,Hamilton,549300L5PE7ZGYRW5Q15,,1,1,0,0.01,1,0,0,0,0,1,0,0,0,0,yes
2025,TN,47065,Hamilton,549300LI3FDGO7UKFF39,EAST COAST CAPITAL CORP.,1,1,0,0.01,1,0,0,0,0,1,0,0,0,0,yes
2025,TN,47065,Hamilton,549300LLQD0X2OTG0Y27,,1,1,0,0.01,0,1,0,0,0,0,1,0,0,0,yes
2025,TN,47065,Hamilton,549300LP0CV2MNC1GV68,,1,1,0,0.01,1,0,0,0,0,1,0,0,0,0,yes
2025,TN,47065,Hamilton,549300LUF8JLB9HKT321,,2,1,0,0.01,2,0,0,0,0,1,0,0,0,0,yes
2025,TN,47065,Hamilton,549300MCPCNPQAOB4032,,2,1,0,0.01,0,2,0,0,0,0,1,0,0,0,yes
2025,TN,47065,Hamilton,549300N4V3ZDLXURNC25,,1,1,0,0.01,1,0,0,0,0,1,0,0,0,0,yes
2025,TN,47065,Hamilton,549300NFPC3Y4W3Y7R87,,2,1,0,0.01,2,0,0,0,0,1,0,0,0,0,yes
2025,TN,47065,Hamilton,549300NN0PRX3I4QGG46,,1,1,0,0.01,0,0,1,0,0,0,0,1,0,0,yes
2025,TN,47065,Hamilton,549300OGIGNKGO2DX942,,1,1,0,0.01,1,0,0,0,0,1,0,0,0,0,yes
2025,TN,47065,Hamilton,549300OR2C7AGDZFTS24,,1,1,0,0.01,1,0,0,0,0,1,0,0,0,0,yes
2025,TN,47065,Hamilton,549300P8KQYPAVPZL931,,1,1,0,0.01,1,0,0,0,0,1,0,0,0,0,yes
2025,TN,47065,Hamilton,549300PFJ7GCGDLB2E65,,1,1,0,0.01,0,0,1,0,0,0,0,1,0,0,yes
2025,TN,47065,Hamilton,549300PJ2WT35S77Q208,,2,1,1,0.01,2,0,0,0,0,1,0,0,0,0,yes
2025,TN,47065,Hamilton,549300Q3ROEQU3D1IW91,,13,1,10,0.01,13,0,0,0,0,1,0,0,0,0,yes
2025,TN,47065,Hamilton,549300Q55VW95EP3CM33,,1,1,0,0.01,1,0,0,0,0,1,0,0,0,0,yes
2025,TN,47065,Hamilton,549300QVGK8WC4HQ3C28,,1,1,0,0.01,1,0,0,0,0,1,0,0,0,0,yes
2025,TN,47065,Hamilton,549300RYBJHWWDENV610,Alcova Mortgage LLC,1,1,0,0.01,1,0,0,0,0,1,0,0,0,0,yes
2025,TN,47065,Hamilton,549300S5FVOSK5DQJN30,,1,1,0,0.01,1,0,0,0,0,1,0,0,0,0,yes
2025,TN,47065,Hamilton,549300SLZFPDLWNB0O94,First Reliance Bank,1,1,0,0.01,1,0,0,0,0,1,0,0,0,0,yes
2025,TN,47065,Hamilton,549300T7HRS5DVBUPQ06,,2,1,0,0.01,2,0,0,0,0,1,0,0,0,0,yes
2025,TN,47065,Hamilton,549300TQVOMKNKFOH392,,1,1,0,0.01,1,0,0,0,0,1,0,0,0,0,yes
2025,TN,47065,Hamilton,549300UB5TJ0YPVPT503,,1,1,0,0.01,1,0,0,0,0,1,0,0,0,0,yes
2025,TN,47065,Hamilton,549300UF3FPC7U6RFC59,,3,1,0,0.01,2,1,0,0,0,1,0,0,0,0,yes
2025,TN,47065,Hamilton,549300UKYJZO6CZXIX60,,1,1,0,0.01,1,0,0,0,0,1,0,0,0,0,yes
2025,TN,47065,Hamilton,549300UPB8ITF7B1GI03,,1,1,0,0.01,0,0,1,0,0,0,0,1,0,0,yes
2025,TN,47065,Hamilton,549300UXY7OP0IC38293,,4,1,0,0.01,4,0,0,0,0,1,0,0,0,0,yes
2025,TN,47065,Hamilton,549300V6LKROCIL7OI49,,1,1,0,0.01,1,0,0,0,0,1,0,0,0,0,yes
2025,TN,47065,Hamilton,549300VJQJVZKJBDWS17,"TOTAL MORTGAGE SERVICES, LLC",2,1,0,0.01,1,1,0,0,0,1,0,0,0,0,yes
2025,TN,47065,Hamilton,549300VQUTI5IU7GXT57,,2,1,0,0.01,1,1,0,0,0,0,1,0,0,0,yes
2025,TN,47065,Hamilton,549300XRXBA38J60S618,,1,1,0,0.01,0,0,1,0,0,0,0,1,0,0,yes
2025,TN,47065,Hamilton,549300XSS1CPK8G7B851,,2,1,1,0.01,2,0,0,0,0,1,0,0,0,0,yes
2025,TN,47065,Hamilton,549300YR7U7TZTQ1GH77,,2,1,0,0.01,2,0,0,0,0,1,0,0,0,0,yes
2025,TN,47065,Hamilton,549300YUZCW5UUIYIL79,,1,1,0,0.01,1,0,0,0,0,1,0,0,0,0,yes
2025,TN,47065,Hamilton,549300ZZME37MXI1EF14,,1,1,0,0.01,1,0,0,0,0,1,0,0,0,0,yes
2025,TN,47065,Hamilton,593C3GZG957YOJPS2Z63,,2,1,0,0.01,2,0,0,0,0,1,0,0,0,0,yes
2025,TN,47065,Hamilton,875500CPQ9Z7QEFE5G90,,1,1,0,0.01,1,0,0,0,0,1,0,0,0,0,yes
2025,TN,47065,Hamilton,8I3UVGYULPJQIP7FQV10,"SouthState Bank, National Association",1,1,0,0.01,1,0,0,0,0,1,0,0,0,0,yes
2025,TN,47065,Hamilton,9845001DAE89414CBB55,,2,1,1,0.01,2,0,0,0,0,1,0,0,0,0,yes
2025,TN,47065,Hamilton,984500C6D3DC0BE5E321,,1,1,0,0.01,1,0,0,0,0,1,0,0,0,0,yes
2025,TN,47065,Hamilton,D8RBTOL3JO2Q6IEO0F34,,1,1,0,0.01,1,0,0,0,0,1,0,0,0,0,yes
2025,TN,47065,Hamilton,GDN5JXQ4P5NZE28ZRC90,City National Bank of Florida,1,1,0,0.01,1,0,0,0,0,1,0,0,0,0,yes
2025,TN,47065,Hamilton,HIDXEG9BLUJZKBGUT764,Bank-Fund Staff Federal Credit Union,1,1,0,0.01,1,0,0,0,0,1,0,0,0,0,yes
2025,TN,47065,Hamilton,IWRZQFYIRJ0IMURZBB68,,1,1,0,0.01,1,0,0,0,0,1,0,0,0,0,yes
2025,TN,47065,Hamilton,NSGZD26XPW2CUM2JKU70,,1,1,0,0.01,1,0,0,0,0,1,0,0,0,0,yes
2025,TN,47065,Hamilton,WKN6AF1FCL7BBYGTGI83,,3,1,1,0.01,3,0,0,0,0,1,0,0,0,0,yes
2025,TN,47065,Hamilton,X6T32LKEPUT8LQMW6755,,2,1,0,0.01,2,0,0,0,0,1,0,0,0,0,yes
2025,TN,47065,Hamilton,549300PWMS2701UFP528,,5,0,0,0.0,3,0,2,0,0,0,0,0,0,0,yes
2025,TN,47065,Hamilton,549300RM1IZYGQDSNL85,,6,0,0,0.0,0,2,4,0,0,0,0,0,0,0,yes
2025,TN,47065,Hamilton,549300XRF9LCZ3RX3Q39,,6,0,1,0.0,0,1,5,0,0,0,0,0,0,0,yes
2025,TN,47065,Hamilton,549300Z5MYEIE55LLY49,,10,0,3,0.0,5,4,1,0,0,0,0,0,0,0,yes
2025,TN,47093,Knox,549300FGXN1K3HLB1R50,"Rocket Mortgage, LLC",1247,948,160,7.04,942,212,93,0,0,730,149,69,0,0,yes
2025,TN,47093,Knox,549300VNBQD8FDHF7563,"MORTGAGE INVESTORS GROUP, INC.",1187,822,30,6.11,806,294,72,15,0,552,206,52,12,0,yes
2025,TN,47093,Knox,54930074H8866HTIWU69,KNOXVILLE TVA EMPLOYEES CREDIT UNION,880,699,42,5.19,880,0,0,0,0,699,0,0,0,0,yes
2025,TN,47093,Knox,549300HW662MN1WU8550,"United Wholesale Mortgage, LLC",912,691,74,5.13,445,251,213,3,0,349,179,160,3,0,yes
2025,TN,47093,Knox,5493001M37Q8TJKTP708,,671,571,36,4.24,671,0,0,0,0,571,0,0,0,0,yes
2025,TN,47093,Knox,549300K6L4VXCXWN4205,ORNL,848,450,113,3.34,848,0,0,0,0,450,0,0,0,0,yes
2025,TN,47093,Knox,EQTWLK1G7ODGC2MGLV11,Regions Bank,821,431,258,3.2,792,24,5,0,0,419,9,3,0,0,yes
2025,TN,47093,Knox,COOWI3L2W9TPYR3WJX37,First Horizon Bank,512,336,115,2.5,501,7,1,3,0,330,3,1,2,0,yes
2025,TN,47093,Knox,5493004NO7XCFVG4KD53,,529,330,147,2.45,529,0,0,0,0,330,0,0,0,0,yes
2025,TN,47093,Knox,549300MGPZBLQDIL7538,"PrimeLending, a PlainsCapital Company",490,326,20,2.42,372,82,32,4,0,249,55,18,4,0,yes
2025,TN,47093,Knox,JJKC32MCHWDI71265Z06,Truist Bank,493,288,136,2.14,480,11,2,0,0,282,5,1,0,0,yes
2025,TN,47093,Knox,549300GKFNPRWNS0GF29,"AmeriHome Mortgage Company, LLC",317,235,7,1.75,215,58,39,5,0,159,42,30,4,0,yes
2025,TN,47093,Knox,5493001SXWZ4OFP8Z903,"CrossCountry Mortgage, LLC",332,229,21,1.7,184,121,24,3,0,130,81,16,2,0,yes
2025,TN,47093,Knox,549300DD4R4SYK5RAQ92,"Cardinal Financial Company, Limited Partnership",333,219,17,1.63,236,61,36,0,0,155,38,26,0,0,yes
2025,TN,47093,Knox,RVDPPPGHCGZ40J4VQ731,Fairway Independent Mortgage Corporation,405,193,41,1.43,186,136,83,0,0,104,59,30,0,0,yes
2025,TN,47093,Knox,549300R0SXC1JU7ZU290,"FIRST COMMUNITY MORTGAGE, INC.",217,191,5,1.42,119,80,15,3,0,107,66,15,3,0,yes
2025,TN,47093,Knox,549300LYRWPSYPK6S325,Guild Mortgage Company LLC,369,169,27,1.26,44,171,154,0,0,16,75,78,0,0,yes
2025,TN,47093,Knox,549300QR0KFPEDZPEI42,,182,149,5,1.11,112,42,26,2,0,92,33,22,2,0,yes
2025,TN,47093,Knox,549300CDOC4F7XSRG390,Pinnacle Bank,213,145,26,1.08,212,0,1,0,0,144,0,1,0,0,yes
2025,TN,47093,Knox,549300DD5QQUHO6PCH70,"Movement Mortgage, LLC",326,138,57,1.03,28,15,282,1,0,6,4,127,1,0,yes
2025,TN,47093,Knox,549300FNXYY540N23N64,Newrez LLC,302,130,47,0.97,172,68,62,0,0,77,27,26,0,0,yes
2025,TN,47093,Knox,5493003GQDUH26DNNH17,Navy Federal Credit Union,243,128,47,0.95,168,0,75,0,0,85,0,43,0,0,yes
2025,TN,47093,Knox,549300OBO7DOF2KOP535,FirstBank,173,127,26,0.94,155,13,5,0,0,111,11,5,0,0,yes
2025,TN,47093,Knox,549300ZPDWAT9R7KRW05,,126,124,1,0.92,126,0,0,0,0,124,0,0,0,0,yes
2025,TN,47093,Knox,5493000YNV8IX4VD3X12,"VANDERBILT MORTGAGE AND FINANCE, INC.",652,123,233,0.91,649,2,1,0,0,121,1,1,0,0,yes
2025,TN,47093,Knox,5493006VAGP3GQ8FJT49,"Kiavi Funding, Inc.",167,114,13,0.85,167,0,0,0,0,114,0,0,0,0,yes
2025,TN,47093,Knox,549300KIOYNU323LVJ37,AMERICAN PACIFIC MORTGAGE CORPORATION,154,114,8,0.85,87,53,13,1,0,63,39,11,1,0,yes
2025,TN,47093,Knox,B4TYDEB6GKMZO031MB27,"Guaranteed Rate, Inc.",250,112,73,0.83,247,2,1,0,0,111,0,1,0,0,yes
2025,TN,47093,Knox,549300LBCBNR1OT00651,NATIONSTAR MORTGAGE LLC,175,111,27,0.82,145,23,7,0,0,94,11,6,0,0,yes
2025,TN,47093,Knox,6BYL5QZYBDK8S7L73M02,U.S. Bank National Association,205,110,48,0.82,197,7,1,0,0,106,4,0,0,0,yes
2025,TN,47093,Knox,549300III1DMY3SLAW56,Countybank,136,104,7,0.77,120,11,4,1,0,91,10,2,1,0,yes
2025,TN,47093,Knox,549300VZVN841I2ILS84,Freedom Mortgage Corporation,179,103,9,0.77,93,62,23,1,0,49,35,18,1,0,yes
2025,TN,47093,Knox,5493008XX3NZ5S384W16,,143,101,26,0.75,143,0,0,0,0,101,0,0,0,0,yes
2025,TN,47093,Knox,549300E2UX99HKDBR481,"Broker Solutions, Inc.",218,101,15,0.75,125,76,16,1,0,58,36,7,0,0,yes
2025,TN,47093,Knox,549300U3721PJGQZYY68,Nationstar Mortgage LLC,215,96,9,0.71,159,43,13,0,0,74,19,3,0,0,yes
2025,TN,47093,Knox,549300DG3IV05V4C4E03,,109,85,1,0.63,80,28,1,0,0,62,23,0,0,0,yes
2025,TN,47093,Knox,7H6GLXDRUGQFU57RNE97,"JPMorgan Chase Bank, National Association",134,84,8,0.62,129,2,3,0,0,83,1,0,0,0,yes
2025,TN,47093,Knox,549300LWR6X0ZAV34H19,,76,76,0,0.56,76,0,0,0,0,76,0,0,0,0,yes
2025,TN,47093,Knox,54930089R5VSN6GVCK47,,90,75,4,0.56,90,0,0,0,0,75,0,0,0,0,yes
2025,TN,47093,Knox,549300GZY55UGMUMI322,,92,68,12,0.51,86,3,3,0,0,64,3,1,0,0,yes
2025,TN,47093,Knox,549300RPOGWJRH63HS39,UNION HOME MORTGAGE CORP.,94,65,11,0.48,57,21,11,5,0,42,13,9,1,0,yes
2025,TN,47093,Knox,254900DTLHVWQ7NP7R34,"CMG Mortgage, Inc.",85,64,8,0.48,76,7,2,0,0,57,5,2,0,0,yes
2025,TN,47093,Knox,QFROUN1UWUYU0DVIWD51,"Eagle Home Mortgage, LLC",132,61,42,0.45,130,2,0,0,0,60,1,0,0,0,yes
2025,TN,47093,Knox,254900HA4DQWAE0W3342,"AMERIHOME MORTGAGE COMPANY, LLC",78,60,6,0.45,51,23,4,0,0,40,18,2,0,0,yes
2025,TN,47093,Knox,549300OPCWU6E72WUT29,"MUTUAL OF OMAHA MORTGAGE, INC.",92,59,6,0.44,36,46,10,0,0,27,26,6,0,0,yes
2025,TN,47093,Knox,T68X8LLAQYRNDV034K14,United Community Bank,94,59,25,0.44,92,2,0,0,0,58,1,0,0,0,yes
2025,TN,47093,Knox,549300RN01LBYR8ZVX74,"LOWER, LLC",81,58,4,0.43,42,30,8,1,0,30,19,8,1,0,yes
2025,TN,47093,Knox,549300DDLYW49R2HCV81,EASTMAN CREDIT UNION,79,57,13,0.42,79,0,0,0,0,57,0,0,0,0,yes
2025,TN,47093,Knox,549300AG64NHILB7ZP05,"PennyMac Loan Services, LLC",103,56,27,0.42,48,33,22,0,0,26,18,12,0,0,yes
2025,TN,47093,Knox,549300PIL8LFAQ04XC20,Better Mortgage Corporation,192,56,102,0.42,192,0,0,0,0,56,0,0,0,0,yes
2025,TN,47093,Knox,549300MZ8VZJOVC63092,"KIND LENDING, LLC",94,53,28,0.39,53,27,14,0,0,29,14,10,0,0,yes
2025,TN,47093,Knox,549300YIQ7S7Z8PIHE53,AMERISAVE MORTGAGE CORPORATION,156,51,79,0.38,118,33,5,0,0,41,9,1,0,0,yes
2025,TN,47093,Knox,5493001GDRY0EL7VG372,"ARK-LA-TEX FINANCIAL SERVICES, LLC.",69,50,4,0.37,45,15,8,1,0,30,13,6,1,0,yes
2025,TN,47093,Knox,54930054ET8KM4O1D485,"SOFI BANK, NATIONAL ASSOCIATION",105,50,7,0.37,97,5,3,0,0,43,4,3,0,0,yes
2025,TN,47093,Knox,549300WN1LQYJX9HOU28,,59,50,2,0.37,59,0,0,0,0,50,0,0,0,0,yes
2025,TN,47093,Knox,5493001GCBD5XGNIC815,Coastal Community Bank,212,49,4,0.36,212,0,0,0,0,49,0,0,0,0,yes
2025,TN,47093,Knox,5493002B2WMHY23GFK92,"AMERICAN FINANCIAL RESOURCES, INC.",75,49,5,0.36,24,36,14,1,0,16,23,9,1,0,yes
2025,TN,47093,Knox,254900UL88QFG0E40516,FIGURE LENDING LLC,108,48,31,0.36,108,0,0,0,0,48,0,0,0,0,yes
2025,TN,47093,Knox,549300LCT0EFT83E5873,,55,47,1,0.35,55,0,0,0,0,47,0,0,0,0,yes
2025,TN,47093,Knox,549300BUVM9AXNUI6G83,,46,45,0,0.33,46,0,0,0,0,45,0,0,0,0,yes
2025,TN,47093,Knox,549300NOCASXPA34X033,"LAKEVIEW LOAN SERVICING, LLC",121,44,47,0.33,39,53,29,0,0,14,20,10,0,0,yes
2025,TN,47093,Knox,C5654JQHZUHN0772B561,USAA Federal Savings Bank,72,42,11,0.31,29,0,43,0,0,14,0,28,0,0,yes
2025,TN,47093,Knox,549300F1D8U51K67LV24,,54,41,3,0.3,54,0,0,0,0,41,0,0,0,0,yes
2025,TN,47093,Knox,54930049L5WINET09Q97,"CLICK N' CLOSE, INC.",56,39,2,0.29,26,26,4,0,0,16,19,4,0,0,yes
2025,TN,47093,Knox,549300XQVJ1XBNFA5536,21ST MORTGAGE CORPORATION,333,39,208,0.29,333,0,0,0,0,39,0,0,0,0,yes
2025,TN,47093,Knox,549300XQ8DRJT0OETE90,,36,36,0,0.27,36,0,0,0,0,36,0,0,0,0,yes
2025,TN,47093,Knox,5493001WHVQBGRSWEU75,"HOMEBRIDGE FINANCIAL SERVICES, INC.",51,35,9,0.26,42,6,3,0,0,30,3,2,0,0,yes
2025,TN,47093,Knox,25490066WMF8ZMQXQB18,"Lendage, LLC",46,33,4,0.25,46,0,0,0,0,33,0,0,0,0,yes
2025,TN,47093,Knox,54930034MNPILHP25H80,Gateway First Bank,50,33,1,0.25,37,12,1,0,0,27,5,1,0,0,yes
2025,TN,47093,Knox,KB1H1DSPRFMYMCUFXT09,"Wells Fargo Bank, National Association",60,33,10,0.25,53,4,3,0,0,30,2,1,0,0,yes
2025,TN,47093,Knox,549300F8C5JA44WNMI75,AMERICAN NEIGHBORHOOD MORTGAGE ACCEPTANCE COMPANY LLC,46,32,0,0.24,23,18,5,0,0,18,12,2,0,0,yes
2025,TN,47093,Knox,549300E035FX7XMJ6713,,35,31,0,0.23,35,0,0,0,0,31,0,0,0,0,yes
2025,TN,47093,Knox,54930091JQKCU3Z6IP44,,82,30,16,0.22,82,0,0,0,0,30,0,0,0,0,yes
2025,TN,47093,Knox,549300MCIFZSDHUT8X63,"NFM, INC.",37,30,0,0.22,26,8,3,0,0,20,8,2,0,0,yes
2025,TN,47093,Knox,549300XY701IELCE5Q08,BETTER MORTGAGE CORPORATION,77,30,12,0.22,71,6,0,0,0,28,2,0,0,0,yes
2025,TN,47093,Knox,DRMSV1Q0EKMEXLAU1P80,"Citizens Bank, National Association",56,30,15,0.22,56,0,0,0,0,30,0,0,0,0,yes
2025,TN,47093,Knox,PAOOWF3GUFM46FBSP561,,55,30,4,0.22,20,26,9,0,0,8,19,3,0,0,yes
2025,TN,47093,Knox,5493002RF1ERFA2XR050,Renasant Bank,37,29,3,0.22,32,1,3,1,0,25,1,2,1,0,yes
2025,TN,47093,Knox,549300R9S3MVDV4MGF56,"CARRINGTON MORTGAGE SERVICES, LLC",100,28,40,0.21,45,45,10,0,0,11,14,3,0,0,yes
2025,TN,47093,Knox,X05BVSK68TQ7YTOSNR22,Discover Bank,134,28,59,0.21,134,0,0,0,0,28,0,0,0,0,yes
2025,TN,47093,Knox,5493008NWHQT1R22C024,"AMERICAN FINANCIAL NETWORK, INC.",52,27,7,0.2,25,22,4,1,0,11,12,4,0,0,yes
2025,TN,47093,Knox,549300ZWNETGFXTBBY03,,41,27,2,0.2,23,14,3,1,0,15,10,2,0,0,yes
2025,TN,47093,Knox,549300CTISSNREVLNO46,,34,26,2,0.19,32,2,0,0,0,25,1,0,0,0,yes
2025,TN,47093,Knox,549300R14I3DX6ZMWL07,,33,26,3,0.19,33,0,0,0,0,26,0,0,0,0,yes
2025,TN,47093,Knox,5493003V40VGM7YDFM54,FIRST COLONY MORTGAGE CORPORATION,36,25,1,0.19,26,3,7,0,0,16,3,6,0,0,yes
2025,TN,47093,Knox,5493006JISETNI0GLE61,,35,25,0,0.19,35,0,0,0,0,25,0,0,0,0,yes
2025,TN,47093,Knox,549300323EON4W3CCM44,"RESICENTRAL, LLC",32,24,1,0.18,28,3,1,0,0,20,3,1,0,0,yes
2025,TN,47093,Knox,54930095LY1EDFTWAG29,,28,24,3,0.18,28,0,0,0,0,24,0,0,0,0,yes
2025,TN,47093,Knox,549300EMNDEK4BA8WB53,EMM LOANS LLC,29,23,0,0.17,11,16,2,0,0,11,11,1,0,0,yes
2025,TN,47093,Knox,549300QVGK8WC4HQ3C28,,35,23,2,0.17,17,10,7,1,0,14,5,4,0,0,yes
2025,TN,47093,Knox,549300YN94MOAVYW0F52,"GoodLeap, LLC",36,23,5,0.17,18,15,3,0,0,9,13,1,0,0,yes
2025,TN,47093,Knox,213800XR2TCBQJSF1X93,,37,22,2,0.16,33,3,1,0,0,21,0,1,0,0,yes
2025,TN,47093,Knox,54930077D8KXQADF5Q23,,24,22,0,0.16,19,4,1,0,0,17,4,1,0,0,yes
2025,TN,47093,Knox,549300NWBS6MQJX15N44,,29,22,4,0.16,24,2,3,0,0,18,1,3,0,0,yes
2025,TN,47093,Knox,549300CQMDOXGP2WE649,,26,20,2,0.15,26,0,0,0,0,20,0,0,0,0,yes
2025,TN,47093,Knox,549300K4ZLGS7SRDTL86,Equity Prime Mortgage LLC,45,20,2,0.15,1,28,15,1,0,1,11,7,1,0,yes
2025,TN,47093,Knox,549300SUCQ1358EGVE89,"NEW DAY FINANCIAL, LLC",73,20,14,0.15,0,3,70,0,0,0,0,20,0,0,yes
2025,TN,47093,Knox,549300WZWPMDWIL12842,,27,20,3,0.15,27,0,0,0,0,20,0,0,0,0,yes
2025,TN,47093,Knox,549300YW2UBCMDRMBT48,,26,20,1,0.15,10,15,1,0,0,8,11,1,0,0,yes
2025,TN,47093,Knox,984500U2F9A83N391A91,"CHAMPIONS FUNDING, LLC",30,19,6,0.14,30,0,0,0,0,19,0,0,0,0,yes
2025,TN,47093,Knox,2549001XVX1R2ITF6935,,27,18,1,0.13,26,1,0,0,0,18,0,0,0,0,yes
2025,TN,47093,Knox,5493008CPTDVOS570626,"Primary Residential Mortgage, Inc.",42,18,16,0.13,42,0,0,0,0,18,0,0,0,0,yes
2025,TN,47093,Knox,254900MQ4O1DX3N88207,,20,17,1,0.13,20,0,0,0,0,17,0,0,0,0,yes
2025,TN,47093,Knox,254900TTZ395IC926125,,30,17,4,0.13,21,8,1,0,0,11,5,1,0,0,yes
2025,TN,47093,Knox,549300GS0W0TEUQS8571,"Morgan Stanley Private Bank, National Association",22,17,3,0.13,22,0,0,0,0,17,0,0,0,0,yes
2025,TN,47093,Knox,549300Y5Y88FQLI7VE83,DEEPHAVEN MORTGAGE LLC,22,17,5,0.13,22,0,0,0,0,17,0,0,0,0,yes
2025,TN,47093,Knox,AD6GFRVSDT01YPT1CS68,"PNC Bank, National Association",58,17,19,0.13,57,0,1,0,0,17,0,0,0,0,yes
2025,TN,47093,Knox,254900E8KW1VR97KFU45,,23,16,5,0.12,23,0,0,0,0,16,0,0,0,0,yes
2025,TN,47093,Knox,254900M2C4Q6DATP2889,,37,16,6,0.12,5,24,8,0,0,2,10,4,0,0,yes
2025,TN,47093,Knox,549300PQLK8E48ILXV41,,25,16,2,0.12,24,1,0,0,0,15,1,0,0,0,yes
2025,TN,47093,Knox,254900TG14TB8RKS3U42,,22,15,0,0.11,17,1,4,0,0,11,1,3,0,0,yes
2025,TN,47093,Knox,54930021WPEXNHYZUL09,"PLANET HOME LENDING, LLC",21,15,5,0.11,6,8,7,0,0,3,6,6,0,0,yes
2025,TN,47093,Knox,5493004AS1SPBQOFDR49,"Change Lending, LLC",25,15,0,0.11,24,0,1,0,0,15,0,0,0,0,yes
2025,TN,47093,Knox,549300BLL6VL7AXWYP56,,32,15,1,0.11,26,4,2,0,0,13,2,0,0,0,yes
2025,TN,47093,Knox,549300RA3E0BUFO7YZ21,"Hometown Equity Mortgage, LLC",22,15,2,0.11,21,1,0,0,0,15,0,0,0,0,yes
2025,TN,47093,Knox,549300SK2GVCQXPD4S58,"SUN WEST MORTGAGE COMPANY, INC.",27,15,4,0.11,2,16,9,0,0,2,10,3,0,0,yes
2025,TN,47093,Knox,549300VCMRO4ST680C11,VILLAGE CAPITAL & INVESTMENT LLC,45,15,8,0.11,0,16,29,0,0,0,3,12,0,0,yes
2025,TN,47093,Knox,549300VORTI31GZTJL53,"CARDINAL FINANCIAL COMPANY, LIMITED PARTNERSHIP",18,15,1,0.11,6,10,2,0,0,6,8,1,0,0,yes
2025,TN,47093,Knox,SS1TRMSN6BRNMOREEV51,"Flagstar Bank, National Association",17,15,1,0.11,14,3,0,0,0,12,3,0,0,0,yes
2025,TN,47093,Knox,549300DK8GVTLGSA4H75,,15,14,0,0.1,15,0,0,0,0,14,0,0,0,0,yes
2025,TN,47093,Knox,549300VMX06UV1F7NS76,,16,14,0,0.1,10,5,1,0,0,9,4,1,0,0,yes
2025,TN,47093,Knox,IUGPUX5LWRZ3B6KIZ697,Ameris Bank,16,14,0,0.1,14,1,1,0,0,12,1,1,0,0,yes
2025,TN,47093,Knox,L9VVX1KT5TFTKS0MLF66,First-Citizens Bank & Trust Company,26,14,9,0.1,26,0,0,0,0,14,0,0,0,0,yes
2025,TN,47093,Knox,5493005XMJQ1GSXUGT67,,21,13,1,0.1,14,7,0,0,0,8,5,0,0,0,yes
2025,TN,47093,Knox,549300JYXTZDSPJEPI44,"PLAZA HOME MORTGAGE, INC.",19,13,3,0.1,10,6,3,0,0,6,4,3,0,0,yes
2025,TN,47093,Knox,549300UT4EN6IH579Q63,,14,13,0,0.1,9,4,1,0,0,8,4,1,0,0,yes
2025,TN,47093,Knox,549300XWUSRVVOHPRY47,Academy Mortgage Corporation,32,13,2,0.1,19,9,4,0,0,9,3,1,0,0,yes
2025,TN,47093,Knox,254900BBWJ82FQDQ6823,,19,12,1,0.09,19,0,0,0,0,12,0,0,0,0,yes
2025,TN,47093,Knox,549300AT7EB9FJAF0E61,Old National Bank,15,12,1,0.09,12,2,1,0,0,9,2,1,0,0,yes
2025,TN,47093,Knox,549300FX7K8PTEQUU487,PENTAGON FEDERAL CREDIT UNION,24,12,3,0.09,17,1,6,0,0,11,0,1,0,0,yes
2025,TN,47093,Knox,549300ISCZS1R0CJMO47,,16,12,0,0.09,9,1,6,0,0,9,0,3,0,0,yes
2025,TN,47093,Knox,549300PL267CW8182203,,30,12,4,0.09,2,18,10,0,0,0,8,4,0,0,yes
2025,TN,47093,Knox,254900DRSIZBQXDCJ875,,11,11,0,0.08,11,0,0,0,0,11,0,0,0,0,yes
2025,TN,47093,Knox,254900FBWEZ3YUPOBN33,,16,11,2,0.08,16,0,0,0,0,11,0,0,0,0,yes
2025,TN,47093,Knox,54930030Z1JWTP3SVD16,,19,11,3,0.08,6,11,2,0,0,5,5,1,0,0,yes
2025,TN,47093,Knox,5493009B17HXCVXTD608,"JMAC LENDING, INC.",13,11,0,0.08,7,3,0,3,0,6,3,0,2,0,yes
2025,TN,47093,Knox,549300BG5GYUSWMP2R94,,12,11,0,0.08,12,0,0,0,0,11,0,0,0,0,yes
2025,TN,47093,Knox,549300DV2WBWN5ZEMV06,,13,11,0,0.08,13,0,0,0,0,11,0,0,0,0,yes
2025,TN,47093,Knox,549300E0S1LZYZ9QNX81,,15,11,3,0.08,15,0,0,0,0,11,0,0,0,0,yes
2025,TN,47093,Knox,549300GRGZDEH4ZGQS06,WATERSTONE MORTGAGE CORPORATION,14,11,0,0.08,8,4,2,0,0,6,4,1,0,0,yes
2025,TN,47093,Knox,254900DGJQT6H4M24F92,,10,10,0,0.07,10,0,0,0,0,10,0,0,0,0,yes
2025,TN,47093,Knox,254900HEJ9F73IMPX887,,25,10,0,0.07,25,0,0,0,0,10,0,0,0,0,yes
2025,TN,47093,Knox,254900ZFWS2106HWPH46,"PARAMOUNT RESIDENTIAL MORTGAGE GROUP, INC.",13,10,0,0.07,12,0,0,1,0,10,0,0,0,0,yes
2025,TN,47093,Knox,5493001UYBOONMFYPR30,"Legacy Home Loans, LLC",11,10,0,0.07,8,2,1,0,0,7,2,1,0,0,yes
2025,TN,47093,Knox,5493002Y5XYV7DV1ZV88,"GOLD STAR MORTGAGE FINANCIAL GROUP, CORPORATION",17,10,0,0.07,11,4,2,0,0,6,4,0,0,0,yes
2025,TN,47093,Knox,549300370QILXLFUWD20,"ZILLOW HOME LOANS, LLC",16,10,0,0.07,11,5,0,0,0,6,4,0,0,0,yes
2025,TN,47093,Knox,5493005PKOSG7MYX0B34,"Prosperity Home Mortgage, LLC",20,10,5,0.07,9,7,4,0,0,5,2,3,0,0,yes
2025,TN,47093,Knox,549300AQ3T62GXDU7D76,Ally Bank,13,10,0,0.07,5,4,4,0,0,3,3,4,0,0,yes
2025,TN,47093,Knox,549300BX448ALT10FI43,The Federal Savings Bank,22,10,1,0.07,4,1,17,0,0,1,0,9,0,0,yes
2025,TN,47093,Knox,549300DMYENRV818D594,,10,10,0,0.07,9,0,1,0,0,9,0,1,0,0,yes
2025,TN,47093,Knox,549300KJ8PAJ7E52HG32,Plains Commerce Bank,17,10,2,0.07,15,2,0,0,0,9,1,0,0,0,yes
2025,TN,47093,Knox,549300LROQOOQU77WS20,,21,10,1,0.07,21,0,0,0,0,10,0,0,0,0,yes
2025,TN,47093,Knox,549300R77W0P105C3S50,HOMEXPRESS MORTGAGE CORP.,21,10,10,0.07,20,1,0,0,0,10,0,0,0,0,yes
2025,TN,47093,Knox,2549005SIVTHG14U2905,A&D Mortgage LLC,20,9,5,0.07,18,2,0,0,0,8,1,0,0,0,yes
2025,TN,47093,Knox,254900DSZI6CJXJL6Z14,,14,9,1,0.07,14,0,0,0,0,9,0,0,0,0,yes
2025,TN,47093,Knox,2WHM8VNJH63UN14OL754,The Huntington National Bank,13,9,1,0.07,12,0,1,0,0,8,0,1,0,0,yes
2025,TN,47093,Knox,54930021DZJ9CEN11D61,,13,9,0,0.07,7,5,1,0,0,5,3,1,0,0,yes
2025,TN,47093,Knox,54930043BMDE130FJ617,"PROVIDENT FUNDING ASSOCIATES, L.P.",16,9,3,0.07,16,0,0,0,0,9,0,0,0,0,yes
2025,TN,47093,Knox,54930072OCHTUJOZQB56,,13,9,0,0.07,12,0,1,0,0,8,0,1,0,0,yes
2025,TN,47093,Knox,5493008VVXQIDO1EZ460,,12,9,1,0.07,10,1,1,0,0,7,1,1,0,0,yes
2025,TN,47093,Knox,549300DPRWSBUY619V27,,12,9,2,0.07,12,0,0,0,0,9,0,0,0,0,yes
2025,TN,47093,Knox,549300J7I82PNDVU8H22,"OCMBC, INC.",19,9,2,0.07,17,2,0,0,0,8,1,0,0,0,yes
2025,TN,47093,Knox,549300OPB0G5OMY0SM65,,11,9,0,0.07,11,0,0,0,0,9,0,0,0,0,yes
2025,TN,47093,Knox,549300RD5IG88VPO6P22,,13,9,0,0.07,13,0,0,0,0,9,0,0,0,0,yes
2025,TN,47093,Knox,549300S5YL3OH0IVCS62,FINANCE OF AMERICA REVERSE LLC,15,9,2,0.07,0,15,0,0,0,0,9,0,0,0,yes
2025,TN,47093,Knox,549300UG7QXKM7KGV847,,11,9,1,0.07,8,2,1,0,0,6,2,1,0,0,yes
2025,TN,47093,Knox,254900QNIR86GUIRYH95,,11,8,0,0.06,11,0,0,0,0,8,0,0,0,0,yes
2025,TN,47093,Knox,254900RUCO27MVGTO768,LOAN FUNDER LLC,19,8,1,0.06,19,0,0,0,0,8,0,0,0,0,yes
2025,TN,47093,Knox,54930015645SYPOM7220,,14,8,0,0.06,2,11,1,0,0,2,6,0,0,0,yes
2025,TN,47093,Knox,549300AG10BX85DF5S49,MLD MORTGAGE INC.,11,8,0,0.06,7,3,1,0,0,4,3,1,0,0,yes
2025,TN,47093,Knox,549300EEYVCFG0V6Z057,,11,8,1,0.06,11,0,0,0,0,8,0,0,0,0,yes
2025,TN,47093,Knox,549300KHXD7JSQUZIJ22,,10,8,0,0.06,5,3,2,0,0,3,3,2,0,0,yes
2025,TN,47093,Knox,549300R7HGHP2I754087,TOWNE MORTGAGE COMPANY,9,8,0,0.06,2,4,2,1,0,2,3,2,1,0,yes
2025,TN,47093,Knox,549300ZZME37MXI1EF14,,13,8,0,0.06,4,6,3,0,0,3,3,2,0,0,yes
2025,TN,47093,Knox,9845001DAE89414CBB55,,27,8,11,0.06,27,0,0,0,0,8,0,0,0,0,yes
2025,TN,47093,Knox,254900YA1AQXNM8QVZ06,,7,7,0,0.05,3,4,0,0,0,3,4,0,0,0,yes
2025,TN,47093,Knox,5493002G4JO4BZ22MC13,,10,7,0,0.05,10,0,0,0,0,7,0,0,0,0,yes
2025,TN,47093,Knox,5493002GI63WHHUTUD85,"KEYSTONE FUNDING, INC.",8,7,0,0.05,3,3,2,0,0,3,3,1,0,0,yes
2025,TN,47093,Knox,549300C8GOC4OYUV0Z32,,9,7,0,0.05,9,0,0,0,0,7,0,0,0,0,yes
2025,TN,47093,Knox,549300CB67L6KPJLHE19,"TRIAD FINANCIAL SERVICES, INC.",36,7,23,0.05,36,0,0,0,0,7,0,0,0,0,yes
2025,TN,47093,Knox,549300GTVXJ2PGXNLM73,T2 FINANCIAL LLC,8,7,0,0.05,6,2,0,0,0,6,1,0,0,0,yes
2025,TN,47093,Knox,549300GWD9H4FQ2VR805,,11,7,0,0.05,11,0,0,0,0,7,0,0,0,0,yes
2025,TN,47093,Knox,549300KSOOZZVXCMA627,ANGEL OAK MORTGAGE SOLUTIONS LLC,11,7,2,0.05,11,0,0,0,0,7,0,0,0,0,yes
2025,TN,47093,Knox,549300O6Z0I6KYMESL47,AMWEST FUNDING CORP.,8,7,0,0.05,8,0,0,0,0,7,0,0,0,0,yes
2025,TN,47093,Knox,549300PL8ER6H23P0Z91,,8,7,0,0.05,4,4,0,0,0,4,3,0,0,0,yes
2025,TN,47093,Knox,549300T94GSH3C4U5M59,ALLIANT CREDIT UNION,10,7,1,0.05,9,0,1,0,0,6,0,1,0,0,yes
2025,TN,47093,Knox,549300TA4MQM8WN2XG31,,10,7,0,0.05,10,0,0,0,0,7,0,0,0,0,yes
2025,TN,47093,Knox,984500F6E6940CCB6A60,,10,7,0,0.05,10,0,0,0,0,7,0,0,0,0,yes
2025,TN,47093,Knox,254900WTZC5SSKIN2M11,,9,6,0,0.04,9,0,0,0,0,6,0,0,0,0,yes
2025,TN,47093,Knox,5493000349C5XXDRQX28,,6,6,0,0.04,3,3,0,0,0,3,3,0,0,0,yes
2025,TN,47093,Knox,549300121SF0K2LN2804,"PRIMELENDING, A PLAINSCAPITAL COMPANY",7,6,0,0.04,6,0,1,0,0,5,0,1,0,0,yes
2025,TN,47093,Knox,5493002TJKC8NLH1ZP82,,7,6,0,0.04,6,1,0,0,0,5,1,0,0,0,yes
2025,TN,47093,Knox,5493006P5IHSK77SZ855,,10,6,1,0.04,5,5,0,0,0,2,4,0,0,0,yes
2025,TN,47093,Knox,549300COIWXM618UBE82,,12,6,5,0.04,12,0,0,0,0,6,0,0,0,0,yes
2025,TN,47093,Knox,549300INFJ8TYNZ1G568,,7,6,0,0.04,7,0,0,0,0,6,0,0,0,0,yes
2025,TN,47093,Knox,549300KXIFQ7HCW3FR89,,6,6,0,0.04,6,0,0,0,0,6,0,0,0,0,yes
2025,TN,47093,Knox,549300PBTV7FCWLSMM53,,9,6,1,0.04,0,1,8,0,0,0,1,5,0,0,yes
2025,TN,47093,Knox,549300RYTR2RVL4SFJ90,,7,6,0,0.04,7,0,0,0,0,6,0,0,0,0,yes
2025,TN,47093,Knox,549300V6LKROCIL7OI49,,8,6,1,0.04,8,0,0,0,0,6,0,0,0,0,yes
2025,TN,47093,Knox,9845005BP6974AE5D838,,7,6,0,0.04,7,0,0,0,0,6,0,0,0,0,yes
2025,TN,47093,Knox,2549001SI0EMFPT39035,"Cornerstone First Mortgage, Inc",9,5,1,0.04,6,2,1,0,0,3,1,1,0,0,yes
2025,TN,47093,Knox,254900NZOY3XB2DNSZ34,,6,5,0,0.04,6,0,0,0,0,5,0,0,0,0,yes
2025,TN,47093,Knox,254900VELJPWWT51WN03,,6,5,0,0.04,6,0,0,0,0,5,0,0,0,0,yes
2025,TN,47093,Knox,254900WEP08K7U7S3A80,,8,5,2,0.04,3,3,2,0,0,2,2,1,0,0,yes
2025,TN,47093,Knox,5493004T38NMC864VL66,,6,5,1,0.04,6,0,0,0,0,5,0,0,0,0,yes
2025,TN,47093,Knox,5493007669OVCSCATP45,TENNESSEE VALLEY FCU,6,5,0,0.04,6,0,0,0,0,5,0,0,0,0,yes
2025,TN,47093,Knox,54930078TNN7GKZ7NU89,,6,5,0,0.04,3,3,0,0,0,3,2,0,0,0,yes
2025,TN,47093,Knox,549300ALNLUNS3Y53T24,,29,5,15,0.04,11,14,4,0,0,3,2,0,0,0,yes
2025,TN,47093,Knox,549300B4IYL7TZT8FA34,,7,5,0,0.04,6,0,1,0,0,4,0,1,0,0,yes
2025,TN,47093,Knox,549300DNWSJUNAWUM003,,5,5,0,0.04,5,0,0,0,0,5,0,0,0,0,yes
2025,TN,47093,Knox,549300E1PJPTI4YS7H26,ASCEND FEDERAL CREDIT UNION,6,5,0,0.04,5,1,0,0,0,5,0,0,0,0,yes
2025,TN,47093,Knox,549300EKFFG3BU8DNX74,NEXERA HOLDING LLC,15,5,2,0.04,15,0,0,0,0,5,0,0,0,0,yes
2025,TN,47093,Knox,549300HRLROF7PLJ6735,CLEAREDGE LENDING LLC,7,5,2,0.04,7,0,0,0,0,5,0,0,0,0,yes
2025,TN,47093,Knox,549300IFOE4SCP384147,University Bank,6,5,0,0.04,6,0,0,0,0,5,0,0,0,0,yes
2025,TN,47093,Knox,549300K2JM6ID3V5LO24,,8,5,1,0.04,8,0,0,0,0,5,0,0,0,0,yes
2025,TN,47093,Knox,549300MHH03ICJYEPE85,,7,5,1,0.04,0,7,0,0,0,0,5,0,0,0,yes
2025,TN,47093,Knox,549300NFPC3Y4W3Y7R87,,6,5,0,0.04,5,1,0,0,0,4,1,0,0,0,yes
2025,TN,47093,Knox,549300Q10M1VXBG2H889,,22,5,5,0.04,4,18,0,0,0,0,5,0,0,0,yes
2025,TN,47093,Knox,549300RWXUAFD1WAE410,"ATLANTIC BAY MORTGAGE GROUP, L.L.C.",8,5,0,0.04,7,1,0,0,0,4,1,0,0,0,yes
2025,TN,47093,Knox,549300UR5AOWTJJ7KZ64,,11,5,0,0.04,11,0,0,0,0,5,0,0,0,0,yes
2025,TN,47093,Knox,549300VTVP64BKEO3L58,,5,5,0,0.04,5,0,0,0,0,5,0,0,0,0,yes
2025,TN,47093,Knox,549300Y5CMBB4R90KT81,,5,5,0,0.04,5,0,0,0,0,5,0,0,0,0,yes
2025,TN,47093,Knox,549300Z52CLXKDXGPH16,,7,5,1,0.04,7,0,0,0,0,5,0,0,0,0,yes
2025,TN,47093,Knox,549300ZPSJZO10ZAX556,"AMERICAN HERITAGE LENDING, LLC",10,5,1,0.04,10,0,0,0,0,5,0,0,0,0,yes
2025,TN,47093,Knox,8I3UVGYULPJQIP7FQV10,"SouthState Bank, National Association",6,5,0,0.04,5,0,1,0,0,4,0,1,0,0,yes
2025,TN,47093,Knox,98450087981AP406JG03,,6,5,0,0.04,6,0,0,0,0,5,0,0,0,0,yes
2025,TN,47093,Knox,Q7C315HKI8VX0SSKBS64,Cadence Bank,8,5,0,0.04,8,0,0,0,0,5,0,0,0,0,yes
2025,TN,47093,Knox,254900JP0RZQA3KX5N51,,4,4,0,0.03,4,0,0,0,0,4,0,0,0,0,yes
2025,TN,47093,Knox,254900WT4HAMDFWH3048,,4,4,0,0.03,0,4,0,0,0,0,4,0,0,0,yes
2025,TN,47093,Knox,54930001NSTOD85LT125,"GUARANTEED RATE AFFINITY, LLC",5,4,0,0.03,4,1,0,0,0,4,0,0,0,0,yes
2025,TN,47093,Knox,5493000EUC3MM52PJV85,,5,4,0,0.03,5,0,0,0,0,4,0,0,0,0,yes
2025,TN,47093,Knox,54930052M48FOD3CWA54,"PRIMARY RESIDENTIAL MORTGAGE, INC.",5,4,0,0.03,5,0,0,0,0,4,0,0,0,0,yes
2025,TN,47093,Knox,54930059GZZ7G4G40O53,Primis Mortgage Company,7,4,0,0.03,4,0,2,1,0,3,0,1,0,0,yes
2025,TN,47093,Knox,5493005PD34O8ZT7QT17,,4,4,0,0.03,4,0,0,0,0,4,0,0,0,0,yes
2025,TN,47093,Knox,549300748YYU6VG08N83,,6,4,0,0.03,2,3,0,1,0,0,3,0,1,0,yes
2025,TN,47093,Knox,5493007PAE4JN4B5BX31,,4,4,0,0.03,4,0,0,0,0,4,0,0,0,0,yes
2025,TN,47093,Knox,5493008ZTV4S0W9DCX64,,5,4,0,0.03,2,3,0,0,0,2,2,0,0,0,yes
2025,TN,47093,Knox,549300CLRXFVF83ZL806,"NATIONWIDE MORTGAGE BANKERS, INC.",7,4,0,0.03,5,1,1,0,0,3,0,1,0,0,yes
2025,TN,47093,Knox,549300CUUEEQ66ZVK149,,12,4,0,0.03,3,8,1,0,0,1,3,0,0,0,yes
2025,TN,47093,Knox,549300D36J5CQX0I4F44,,6,4,0,0.03,4,2,0,0,0,2,2,0,0,0,yes
2025,TN,47093,Knox,549300J6N77Q8OHYNF23,,6,4,0,0.03,4,1,1,0,0,3,1,0,0,0,yes
2025,TN,47093,Knox,549300KTR1JGH3K6LU06,FOURLEAF,8,4,3,0.03,8,0,0,0,0,4,0,0,0,0,yes
2025,TN,47093,Knox,549300LZUXCJFE5ONM48,,7,4,0,0.03,0,7,0,0,0,0,4,0,0,0,yes
2025,TN,47093,Knox,549300SHE1JTCOWBP090,STATE EMPLOYEES' CREDIT UNION,8,4,4,0.03,8,0,0,0,0,4,0,0,0,0,yes
2025,TN,47093,Knox,549300T3F9S1MKFKHC53,HOMESTEAD FUNDING CORP.,5,4,0,0.03,4,0,1,0,0,3,0,1,0,0,yes
2025,TN,47093,Knox,549300WYBPIWKK6SQC06,,4,4,0,0.03,4,0,0,0,0,4,0,0,0,0,yes
2025,TN,47093,Knox,549300XCVBRR56D08F03,,23,4,0,0.03,17,6,0,0,0,3,1,0,0,0,yes
2025,TN,47093,Knox,549300XSS1CPK8G7B851,,4,4,0,0.03,4,0,0,0,0,4,0,0,0,0,yes
2025,TN,47093,Knox,549300YVF0872060HC60,,4,4,0,0.03,4,0,0,0,0,4,0,0,0,0,yes
2025,TN,47093,Knox,549300ZIQ24V0C88AC41,GTE Federal Credit Union,13,4,3,0.03,13,0,0,0,0,4,0,0,0,0,yes
2025,TN,47093,Knox,984500CD6F0743B8F530,,6,4,1,0.03,0,0,6,0,0,0,0,4,0,0,yes
2025,TN,47093,Knox,E57ODZWZ7FF32TWEFA76,"Citibank, National Association",11,4,3,0.03,11,0,0,0,0,4,0,0,0,0,yes
2025,TN,47093,Knox,Q708HHR4LD2B7XIZNO92,First Federal Bank,9,4,2,0.03,5,1,3,0,0,3,0,1,0,0,yes
2025,TN,47093,Knox,254900E6AIE4Z8YQM970,Citadel Servicing Corporation,10,3,0,0.02,10,0,0,0,0,3,0,0,0,0,yes
2025,TN,47093,Knox,254900VE4XTOQUE8NZ77,,8,3,1,0.02,8,0,0,0,0,3,0,0,0,0,yes
2025,TN,47093,Knox,5493001X0T84TYRJ5Y59,,4,3,0,0.02,4,0,0,0,0,3,0,0,0,0,yes
2025,TN,47093,Knox,549300249G20MDIDRR27,,30,3,6,0.02,19,9,2,0,0,0,2,1,0,0,yes
2025,TN,47093,Knox,549300BM4NS8HDJT3X28,"INTERCOASTAL MORTGAGE, LLC",3,3,0,0.02,2,1,0,0,0,2,1,0,0,0,yes
2025,TN,47093,Knox,549300D3LYUX1NJVC329,,6,3,0,0.02,6,0,0,0,0,3,0,0,0,0,yes
2025,TN,47093,Knox,549300G5DVGM0ZHRQC33,,5,3,0,0.02,0,0,5,0,0,0,0,3,0,0,yes
2025,TN,47093,Knox,549300HVW3AI97UKTO72,,3,3,0,0.02,3,0,0,0,0,3,0,0,0,0,yes
2025,TN,47093,Knox,549300IJ8KTGYPKLXK63,,3,3,0,0.02,3,0,0,0,0,3,0,0,0,0,yes
2025,TN,47093,Knox,549300JPGMCMBEJEK584,FIRST TECHNOLOGY,4,3,0,0.02,4,0,0,0,0,3,0,0,0,0,yes
2025,TN,47093,Knox,549300KQHWNSVCE2MY88,,4,3,0,0.02,4,0,0,0,0,3,0,0,0,0,yes
2025,TN,47093,Knox,549300LLESTPOVRG3X73,,4,3,0,0.02,4,0,0,0,0,3,0,0,0,0,yes
2025,TN,47093,Knox,549300LXKO1O7CSK5J52,,4,3,0,0.02,2,2,0,0,0,2,1,0,0,0,yes
2025,TN,47093,Knox,549300OIJ6O9DNP74L72,,7,3,1,0.02,6,0,1,0,0,3,0,0,0,0,yes
2025,TN,47093,Knox,549300Q50XCC0473FG63,,11,3,6,0.02,11,0,0,0,0,3,0,0,0,0,yes
2025,TN,47093,Knox,549300QIUZLVR1OLDH55,,5,3,0,0.02,5,0,0,0,0,3,0,0,0,0,yes
2025,TN,47093,Knox,549300QKL5FUBZ8LSF50,,3,3,0,0.02,2,1,0,0,0,2,1,0,0,0,yes
2025,TN,47093,Knox,549300R0L43GUZ8EW811,,4,3,0,0.02,4,0,0,0,0,3,0,0,0,0,yes
2025,TN,47093,Knox,549300REENMLD2RN3W58,,6,3,1,0.02,2,0,4,0,0,1,0,2,0,0,yes
2025,TN,47093,Knox,549300RFLICNI75BG067,Luminate Bank,3,3,0,0.02,3,0,0,0,0,3,0,0,0,0,yes
2025,TN,47093,Knox,549300S8SHBRCI7UU819,,5,3,0,0.02,5,0,0,0,0,3,0,0,0,0,yes
2025,TN,47093,Knox,549300SMD444BM2WO947,,3,3,0,0.02,3,0,0,0,0,3,0,0,0,0,yes
2025,TN,47093,Knox,549300UXY7OP0IC38293,,7,3,1,0.02,7,0,0,0,0,3,0,0,0,0,yes
2025,TN,47093,Knox,9845006YE04B346EC919,,8,3,0,0.02,5,1,2,0,0,2,1,0,0,0,yes
2025,TN,47093,Knox,C398JSK21YCXWM603F55,,3,3,0,0.02,1,1,1,0,0,1,1,1,0,0,yes
2025,TN,47093,Knox,CKVBED0S4DMLKJJ5XH28,,3,3,0,0.02,3,0,0,0,0,3,0,0,0,0,yes
2025,TN,47093,Knox,DX0JX77PRMOELF7VG772,Synovus Bank,3,3,0,0.02,3,0,0,0,0,3,0,0,0,0,yes
2025,TN,47093,Knox,WWB2V0FCW3A0EE3ZJN75,Manufacturers and Traders Trust Company,5,3,0,0.02,2,2,1,0,0,1,1,1,0,0,yes
2025,TN,47093,Knox,213800QUAI2VH5YM6310,"EMBRACE HOME LOANS, INC.",2,2,0,0.01,1,1,0,0,0,1,1,0,0,0,yes
2025,TN,47093,Knox,2549002VH9C0PKB8K153,,4,2,0,0.01,4,0,0,0,0,2,0,0,0,0,yes
2025,TN,47093,Knox,2549004CU9LAM5CYA280,,3,2,0,0.01,2,1,0,0,0,1,1,0,0,0,yes
2025,TN,47093,Knox,254900CTT87ZKAUTIJ37,,6,2,4,0.01,6,0,0,0,0,2,0,0,0,0,yes
2025,TN,47093,Knox,254900FJRICL380R4T46,Leaders Credit Union,2,2,0,0.01,2,0,0,0,0,2,0,0,0,0,yes
2025,TN,47093,Knox,254900LTD432L5CHIZ48,,3,2,0,0.01,3,0,0,0,0,2,0,0,0,0,yes
2025,TN,47093,Knox,254900O2K17TNH5CL873,"RF RENOVO MANAGEMENT COMPANY, LLC",3,2,0,0.01,3,0,0,0,0,2,0,0,0,0,yes
2025,TN,47093,Knox,254900U2ZPLWQTSD3158,,2,2,0,0.01,2,0,0,0,0,2,0,0,0,0,yes
2025,TN,47093,Knox,254900V6GCDMRQZ34D96,,3,2,1,0.01,3,0,0,0,0,2,0,0,0,0,yes
2025,TN,47093,Knox,5493001JT9MT3Z3Y3M39,,3,2,0,0.01,3,0,0,0,0,2,0,0,0,0,yes
2025,TN,47093,Knox,5493002N5168AC238149,"OceanFirst Bank, National Association",3,2,0,0.01,3,0,0,0,0,2,0,0,0,0,yes
2025,TN,47093,Knox,5493002WVA17MT4UFH84,,2,2,0,0.01,1,0,1,0,0,1,0,1,0,0,yes
2025,TN,47093,Knox,54930048P8RWCQHQM310,,3,2,0,0.01,3,0,0,0,0,2,0,0,0,0,yes
2025,TN,47093,Knox,54930095UWUUXAWASB02,"Atlantic Coast Mortgage, LLC",2,2,0,0.01,2,0,0,0,0,2,0,0,0,0,yes
2025,TN,47093,Knox,549300A5HHOL2ED18C72,,5,2,1,0.01,4,1,0,0,0,2,0,0,0,0,yes
2025,TN,47093,Knox,549300A7W1NQ3BYZCB68,,2,2,0,0.01,2,0,0,0,0,2,0,0,0,0,yes
2025,TN,47093,Knox,549300BOXNV8VLRBDT24,,4,2,0,0.01,4,0,0,0,0,2,0,0,0,0,yes
2025,TN,47093,Knox,549300BXWU32AYWT1A56,,7,2,1,0.01,7,0,0,0,0,2,0,0,0,0,yes
2025,TN,47093,Knox,549300CY7WNAHKHYSJ73,,2,2,0,0.01,1,0,1,0,0,1,0,1,0,0,yes
2025,TN,47093,Knox,549300D4ZYLSQ5LMTV35,ABSOLUTE HOME MORTGAGE CORPORATION,2,2,0,0.01,0,1,1,0,0,0,1,1,0,0,yes
2025,TN,47093,Knox,549300DCGBXW5FJMV921,,2,2,0,0.01,2,0,0,0,0,2,0,0,0,0,yes
2025,TN,47093,Knox,549300FK3AFCFVAPH234,"Leader Bank, National Association",2,2,0,0.01,2,0,0,0,0,2,0,0,0,0,yes
2025,TN,47093,Knox,549300G6RZM5T8NQJW74,,8,2,1,0.01,8,0,0,0,0,2,0,0,0,0,yes
2025,TN,47093,Knox,549300HCNXMTNGIMAR91,,2,2,0,0.01,2,0,0,0,0,2,0,0,0,0,yes
2025,TN,47093,Knox,549300IKNQI45EOJU155,"Capital City Home Loans, LLC",2,2,0,0.01,2,0,0,0,0,2,0,0,0,0,yes
2025,TN,47093,Knox,549300JQALY53TH22D13,,2,2,0,0.01,2,0,0,0,0,2,0,0,0,0,yes
2025,TN,47093,Knox,549300JX8UXNIMMZYW86,,2,2,0,0.01,2,0,0,0,0,2,0,0,0,0,yes
2025,TN,47093,Knox,549300LP3GMTWS4OB353,,3,2,0,0.01,0,3,0,0,0,0,2,0,0,0,yes
2025,TN,47093,Knox,549300R8VPSFM828B312,TEACHERS FEDERAL CREDIT UNION,2,2,0,0.01,2,0,0,0,0,2,0,0,0,0,yes
2025,TN,47093,Knox,549300RM1IZYGQDSNL85,,4,2,0,0.01,2,2,0,0,0,2,0,0,0,0,yes
2025,TN,47093,Knox,549300RP3DLR09NF6157,,2,2,0,0.01,2,0,0,0,0,2,0,0,0,0,yes
2025,TN,47093,Knox,549300T61O0X0RJMQ375,,4,2,0,0.01,4,0,0,0,0,2,0,0,0,0,yes
2025,TN,47093,Knox,549300T9P3WXNMXX0I34,Ixonia Bank,5,2,1,0.01,4,0,1,0,0,1,0,1,0,0,yes
2025,TN,47093,Knox,549300TELLWSMYL9RE90,,2,2,0,0.01,2,0,0,0,0,2,0,0,0,0,yes
2025,TN,47093,Knox,549300TNGC371911XJ76,,2,2,0,0.01,2,0,0,0,0,2,0,0,0,0,yes
2025,TN,47093,Knox,549300UB5TJ0YPVPT503,,3,2,0,0.01,3,0,0,0,0,2,0,0,0,0,yes
2025,TN,47093,Knox,549300XRXBA38J60S618,,2,2,0,0.01,2,0,0,0,0,2,0,0,0,0,yes
2025,TN,47093,Knox,549300Y4BSP3BSFW7J29,,3,2,0,0.01,3,0,0,0,0,2,0,0,0,0,yes
2025,TN,47093,Knox,549300YL0TMLCEU0GW61,,2,2,0,0.01,2,0,0,0,0,2,0,0,0,0,yes
2025,TN,47093,Knox,549300ZGTRKCDKOVEQ80,,2,2,0,0.01,2,0,0,0,0,2,0,0,0,0,yes
2025,TN,47093,Knox,549300ZS1TR1B4LHX377,,2,2,0,0.01,2,0,0,0,0,2,0,0,0,0,yes
2025,TN,47093,Knox,ZXMJHJK466PBZTM5F379,,3,2,0,0.01,3,0,0,0,0,2,0,0,0,0,yes
2025,TN,47093,Knox,01J4SO3XTWZF4PP38209,,1,1,0,0.01,1,0,0,0,0,1,0,0,0,0,yes
2025,TN,47093,Knox,25490018IFQOT83Q7H49,,2,1,1,0.01,1,1,0,0,0,1,0,0,0,0,yes
2025,TN,47093,Knox,254900378RFGMBEKAF12,,1,1,0,0.01,1,0,0,0,0,1,0,0,0,0,yes
2025,TN,47093,Knox,2549004Z576VEJBK3N72,"NQM FUNDING, LLC",2,1,1,0.01,2,0,0,0,0,1,0,0,0,0,yes
2025,TN,47093,Knox,2549005FUF02T1IFCA22,,2,1,1,0.01,2,0,0,0,0,1,0,0,0,0,yes
2025,TN,47093,Knox,2549005K0ZG1MFV3R260,Reliable Holdings Manager LLC,1,1,0,0.01,1,0,0,0,0,1,0,0,0,0,yes
2025,TN,47093,Knox,2549005Q4HZ55QX7YC64,,1,1,0,0.01,1,0,0,0,0,1,0,0,0,0,yes
2025,TN,47093,Knox,2549006L3U88MNTL7K26,,1,1,0,0.01,1,0,0,0,0,1,0,0,0,0,yes
2025,TN,47093,Knox,2549007JQKHU8KQ0FC19,,1,1,0,0.01,0,1,0,0,0,0,1,0,0,0,yes
2025,TN,47093,Knox,2549008TT6UNYR7AXF54,,1,1,0,0.01,1,0,0,0,0,1,0,0,0,0,yes
2025,TN,47093,Knox,2549009X2AG1P20YAJ63,,1,1,0,0.01,1,0,0,0,0,1,0,0,0,0,yes
2025,TN,47093,Knox,254900EZRN0CBEP77K34,,2,1,0,0.01,2,0,0,0,0,1,0,0,0,0,yes
2025,TN,47093,Knox,254900GBKSHEUZ4PGG08,,3,1,2,0.01,3,0,0,0,0,1,0,0,0,0,yes
2025,TN,47093,Knox,254900HEPQK96AEXHS12,,1,1,0,0.01,1,0,0,0,0,1,0,0,0,0,yes
2025,TN,47093,Knox,254900HIDMT4ZG09RP47,,1,1,0,0.01,0,0,1,0,0,0,0,1,0,0,yes
2025,TN,47093,Knox,254900IEGKUDRDS23V26,,2,1,0,0.01,2,0,0,0,0,1,0,0,0,0,yes
2025,TN,47093,Knox,254900JZN2V0PWFMW808,,2,1,0,0.01,2,0,0,0,0,1,0,0,0,0,yes
2025,TN,47093,Knox,254900L0MIAM922ZEC34,,1,1,0,0.01,1,0,0,0,0,1,0,0,0,0,yes
2025,TN,47093,Knox,254900P7WLDQD9IUL038,Service Federal Credit Union,1,1,0,0.01,1,0,0,0,0,1,0,0,0,0,yes
2025,TN,47093,Knox,254900QXDYW5OTSNTL04,,1,1,0,0.01,0,1,0,0,0,0,1,0,0,0,yes
2025,TN,47093,Knox,254900RQ2FMUUUQUGI02,,3,1,0,0.01,3,0,0,0,0,1,0,0,0,0,yes
2025,TN,47093,Knox,254900RQX8N4HXJIDK44,,3,1,0,0.01,0,3,0,0,0,0,1,0,0,0,yes
2025,TN,47093,Knox,254900U1OBL1MC6M6518,,1,1,0,0.01,0,1,0,0,0,0,1,0,0,0,yes
2025,TN,47093,Knox,254900YPPMV9UM5FUW09,,3,1,0,0.01,1,1,1,0,0,1,0,0,0,0,yes
2025,TN,47093,Knox,254900ZX1UPIG2E7TH11,,1,1,0,0.01,1,0,0,0,0,1,0,0,0,0,yes
2025,TN,47093,Knox,3Y4U8VZURTYWI1W2K376,,3,1,1,0.01,3,0,0,0,0,1,0,0,0,0,yes
2025,TN,47093,Knox,5493000H6DFDDJRORG89,,3,1,0,0.01,3,0,0,0,0,1,0,0,0,0,yes
2025,TN,47093,Knox,5493000IIYWBLONJVJ30,,2,1,1,0.01,2,0,0,0,0,1,0,0,0,0,yes
2025,TN,47093,Knox,5493000JFVFQFL816N45,,1,1,0,0.01,1,0,0,0,0,1,0,0,0,0,yes
2025,TN,47093,Knox,5493000QUE28T1SH6H86,,1,1,0,0.01,1,0,0,0,0,1,0,0,0,0,yes
2025,TN,47093,Knox,549300107HDIK6N8E812,,1,1,0,0.01,1,0,0,0,0,1,0,0,0,0,yes
2025,TN,47093,Knox,5493001141Z7CINOSB62,,2,1,0,0.01,1,1,0,0,0,0,1,0,0,0,yes
2025,TN,47093,Knox,5493001EXVWX6Q13MY44,,1,1,0,0.01,1,0,0,0,0,1,0,0,0,0,yes
2025,TN,47093,Knox,5493001SDQVS1NWYH012,,1,1,0,0.01,0,1,0,0,0,0,1,0,0,0,yes
2025,TN,47093,Knox,5493002F9OWLKRICTY67,,1,1,0,0.01,1,0,0,0,0,1,0,0,0,0,yes
2025,TN,47093,Knox,5493003NV9L53LK1XI52,,1,1,0,0.01,1,0,0,0,0,1,0,0,0,0,yes
2025,TN,47093,Knox,5493003QDHMW1W0GEH16,,1,1,0,0.01,1,0,0,0,0,1,0,0,0,0,yes
2025,TN,47093,Knox,5493004C6NM2VNOH2N94,,1,1,0,0.01,1,0,0,0,0,1,0,0,0,0,yes
2025,TN,47093,Knox,5493004IEEY3EWUVQH38,,1,1,0,0.01,1,0,0,0,0,1,0,0,0,0,yes
2025,TN,47093,Knox,5493004K0Z4RFJSPYT52,,2,1,1,0.01,2,0,0,0,0,1,0,0,0,0,yes
2025,TN,47093,Knox,5493004R423PBPM6A173,,2,1,1,0.01,0,2,0,0,0,0,1,0,0,0,yes
2025,TN,47093,Knox,5493004RLLKTQS8K7U51,,1,1,0,0.01,1,0,0,0,0,1,0,0,0,0,yes
2025,TN,47093,Knox,5493005DKMV1IHIM8E20,"Wilmington Savings Fund Society, FSB",1,1,0,0.01,1,0,0,0,0,1,0,0,0,0,yes
2025,TN,47093,Knox,5493005JPZ3LXXMB0S24,"Carrington Mortgage Services, LLC",1,1,0,0.01,0,1,0,0,0,0,1,0,0,0,yes
2025,TN,47093,Knox,5493005QMX3SJKDTQZ62,,1,1,0,0.01,1,0,0,0,0,1,0,0,0,0,yes
2025,TN,47093,Knox,54930063578UDYE3JR69,,2,1,0,0.01,1,0,1,0,0,1,0,0,0,0,yes
2025,TN,47093,Knox,5493006HFDG31YJ3MM36,,6,1,0,0.01,6,0,0,0,0,1,0,0,0,0,yes
2025,TN,47093,Knox,5493006QG55R8V712J33,,1,1,0,0.01,1,0,0,0,0,1,0,0,0,0,yes
2025,TN,47093,Knox,54930076IPVDX26EBK58,,1,1,0,0.01,1,0,0,0,0,1,0,0,0,0,yes
2025,TN,47093,Knox,5493007CLWQN2S6IZK91,,4,1,1,0.01,0,0,4,0,0,0,0,1,0,0,yes
2025,TN,47093,Knox,54930080168VA6Z8UX21,TOWER Federal Credit Union,1,1,0,0.01,1,0,0,0,0,1,0,0,0,0,yes
2025,TN,47093,Knox,54930091CYUK2SDZ6D37,,1,1,0,0.01,1,0,0,0,0,1,0,0,0,0,yes
2025,TN,47093,Knox,5493009F6BJDCZMZ7Y26,,1,1,0,0.01,1,0,0,0,0,1,0,0,0,0,yes
2025,TN,47093,Knox,5493009Y8ROUG903AQ21,,1,1,0,0.01,1,0,0,0,0,1,0,0,0,0,yes
2025,TN,47093,Knox,549300A68YW07V5R5G22,,2,1,0,0.01,2,0,0,0,0,1,0,0,0,0,yes
2025,TN,47093,Knox,549300AENO88GEUWCZ39,,1,1,0,0.01,1,0,0,0,0,1,0,0,0,0,yes
2025,TN,47093,Knox,549300ASFUWYQO0RW077,,1,1,0,0.01,1,0,0,0,0,1,0,0,0,0,yes
2025,TN,47093,Knox,549300B2JJHSM77T5Y41,,1,1,0,0.01,1,0,0,0,0,1,0,0,0,0,yes
2025,TN,47093,Knox,549300C04BJ0G297NC13,,2,1,0,0.01,2,0,0,0,0,1,0,0,0,0,yes
2025,TN,47093,Knox,549300C1ICNCM0V37Y02,,1,1,0,0.01,1,0,0,0,0,1,0,0,0,0,yes
2025,TN,47093,Knox,549300C5GU86M1X2DG56,,1,1,0,0.01,1,0,0,0,0,1,0,0,0,0,yes
2025,TN,47093,Knox,549300CP7747DCRW6U68,,1,1,0,0.01,1,0,0,0,0,1,0,0,0,0,yes
2025,TN,47093,Knox,549300CRSE0TY73U6X46,,2,1,0,0.01,2,0,0,0,0,1,0,0,0,0,yes
2025,TN,47093,Knox,549300DL7AWRPX6NXO12,,1,1,0,0.01,1,0,0,0,0,1,0,0,0,0,yes
2025,TN,47093,Knox,549300DPWFIO1S3DF358,,1,1,0,0.01,1,0,0,0,0,1,0,0,0,0,yes
2025,TN,47093,Knox,549300E3X7YDJIUENL65,,1,1,0,0.01,1,0,0,0,0,1,0,0,0,0,yes
2025,TN,47093,Knox,549300EKCKDF80ZM4V51,,1,1,0,0.01,1,0,0,0,0,1,0,0,0,0,yes
2025,TN,47093,Knox,549300EM8ID8J7F8OM55,"First Heritage Mortgage, LLC",1,1,0,0.01,0,0,1,0,0,0,0,1,0,0,yes
2025,TN,47093,Knox,549300ENNFGLHCMQ1U82,,1,1,0,0.01,1,0,0,0,0,1,0,0,0,0,yes
2025,TN,47093,Knox,549300FOHR7SBPQ7WJ92,,1,1,0,0.01,1,0,0,0,0,1,0,0,0,0,yes
2025,TN,47093,Knox,549300G4ESSS6M0MEG51,,1,1,0,0.01,1,0,0,0,0,1,0,0,0,0,yes
2025,TN,47093,Knox,549300GCEUZLVML1J263,RADIUS FINANCIAL GROUP INC.,1,1,0,0.01,1,0,0,0,0,1,0,0,0,0,yes
2025,TN,47093,Knox,549300GQDT484LGI9C04,,5,1,0,0.01,2,3,0,0,0,0,1,0,0,0,yes
2025,TN,47093,Knox,549300GSCUJKJINRJ980,,1,1,0,0.01,1,0,0,0,0,1,0,0,0,0,yes
2025,TN,47093,Knox,549300GSN9VF5S618659,,1,1,0,0.01,0,1,0,0,0,0,1,0,0,0,yes
2025,TN,47093,Knox,549300H12E7AUMUHP294,,1,1,0,0.01,0,1,0,0,0,0,1,0,0,0,yes
2025,TN,47093,Knox,549300HTKHBMJL4D9734,,1,1,0,0.01,1,0,0,0,0,1,0,0,0,0,yes
2025,TN,47093,Knox,549300I1HK1BBZLKOB84,,1,1,0,0.01,1,0,0,0,0,1,0,0,0,0,yes
2025,TN,47093,Knox,549300IBHFWCA2THLC52,,1,1,0,0.01,1,0,0,0,0,1,0,0,0,0,yes
2025,TN,47093,Knox,549300IBT3SCF2K09D58,,1,1,0,0.01,1,0,0,0,0,1,0,0,0,0,yes
2025,TN,47093,Knox,549300INKSPQCTELMO58,,2,1,0,0.01,0,2,0,0,0,0,1,0,0,0,yes
2025,TN,47093,Knox,549300IPUHFA5O769M51,"Vellum Mortgage, Inc.",1,1,0,0.01,1,0,0,0,0,1,0,0,0,0,yes
2025,TN,47093,Knox,549300K6K2IS7FRS7S09,,1,1,0,0.01,0,0,1,0,0,0,0,1,0,0,yes
2025,TN,47093,Knox,549300KWKWPEKL40WD44,,1,1,0,0.01,1,0,0,0,0,1,0,0,0,0,yes
2025,TN,47093,Knox,549300KX4S1573HISS22,,1,1,0,0.01,1,0,0,0,0,1,0,0,0,0,yes
2025,TN,47093,Knox,549300L8ZRL1FNUUOA59,,1,1,0,0.01,1,0,0,0,0,1,0,0,0,0,yes
2025,TN,47093,Knox,549300LLKEKXL2RM1F61,CONTOUR MORTGAGE CORPORATION,1,1,0,0.01,1,0,0,0,0,1,0,0,0,0,yes
2025,TN,47093,Knox,549300LLQD0X2OTG0Y27,,1,1,0,0.01,1,0,0,0,0,1,0,0,0,0,yes
2025,TN,47093,Knox,549300LTKCJV903ZQR25,,1,1,0,0.01,0,1,0,0,0,0,1,0,0,0,yes
2025,TN,47093,Knox,549300MD1OK70DH5EZ47,,2,1,0,0.01,2,0,0,0,0,1,0,0,0,0,yes
2025,TN,47093,Knox,549300NB3SBC1KHAWB92,,1,1,0,0.01,0,0,1,0,0,0,0,1,0,0,yes
2025,TN,47093,Knox,549300NJVKCDJA5YC939,,2,1,0,0.01,2,0,0,0,0,1,0,0,0,0,yes
2025,TN,47093,Knox,549300NN5CG5Q640OV05,,1,1,0,0.01,1,0,0,0,0,1,0,0,0,0,yes
2025,TN,47093,Knox,549300NZWZUYUWEOA562,,1,1,0,0.01,1,0,0,0,0,1,0,0,0,0,yes
2025,TN,47093,Knox,549300OHIEQGELZVJP60,,1,1,0,0.01,1,0,0,0,0,1,0,0,0,0,yes
2025,TN,47093,Knox,549300OYEKEORA1GI088,,1,1,0,0.01,0,1,0,0,0,0,1,0,0,0,yes
2025,TN,47093,Knox,549300P3JUY6QMZ8DY86,,1,1,0,0.01,1,0,0,0,0,1,0,0,0,0,yes
2025,TN,47093,Knox,549300P8KQYPAVPZL931,,1,1,0,0.01,1,0,0,0,0,1,0,0,0,0,yes
2025,TN,47093,Knox,549300PLQ5DT613TXQ48,,1,1,0,0.01,1,0,0,0,0,1,0,0,0,0,yes
2025,TN,47093,Knox,549300PXIFIEPL7D7R86,,1,1,0,0.01,0,0,1,0,0,0,0,1,0,0,yes
2025,TN,47093,Knox,549300Q02LGIN9AXKP98,,1,1,0,0.01,1,0,0,0,0,1,0,0,0,0,yes
2025,TN,47093,Knox,549300Q3ROEQU3D1IW91,,17,1,16,0.01,17,0,0,0,0,1,0,0,0,0,yes
2025,TN,47093,Knox,549300Q4JBLTKDC7J303,,1,1,0,0.01,1,0,0,0,0,1,0,0,0,0,yes
2025,TN,47093,Knox,549300Q55VW95EP3CM33,,1,1,0,0.01,1,0,0,0,0,1,0,0,0,0,yes
2025,TN,47093,Knox,549300Q6YL1SFVPEGV90,,3,1,1,0.01,0,3,0,0,0,0,1,0,0,0,yes
2025,TN,47093,Knox,549300QBX5R3ZBD8FR12,,2,1,0,0.01,1,0,1,0,0,1,0,0,0,0,yes
2025,TN,47093,Knox,549300ROGHTFGYNKE773,,1,1,0,0.01,0,1,0,0,0,0,1,0,0,0,yes
2025,TN,47093,Knox,549300RUFHC5ZQDL8J10,,2,1,0,0.01,2,0,0,0,0,1,0,0,0,0,yes
2025,TN,47093,Knox,549300RYBJHWWDENV610,Alcova Mortgage LLC,1,1,0,0.01,0,0,0,1,0,0,0,0,1,0,yes
2025,TN,47093,Knox,549300RZFHIGIM84KN09,,1,1,0,0.01,1,0,0,0,0,1,0,0,0,0,yes
2025,TN,47093,Knox,549300S5FVOSK5DQJN30,,2,1,0,0.01,2,0,0,0,0,1,0,0,0,0,yes
2025,TN,47093,Knox,549300SQKZC6HESYGO25,,2,1,1,0.01,2,0,0,0,0,1,0,0,0,0,yes
2025,TN,47093,Knox,549300T5QSL6MC8M4D04,"NORWICH COMMERCIAL GROUP, INC.",3,1,0,0.01,1,0,2,0,0,0,0,1,0,0,yes
2025,TN,47093,Knox,549300T7AIY7RU1YDP31,,1,1,0,0.01,0,0,1,0,0,0,0,1,0,0,yes
2025,TN,47093,Knox,549300TK6RZQSFXZHV09,,7,1,2,0.01,2,5,0,0,0,0,1,0,0,0,yes
2025,TN,47093,Knox,549300TMY3OACQC9U777,,1,1,0,0.01,1,0,0,0,0,1,0,0,0,0,yes
2025,TN,47093,Knox,549300TWLXP5O4IHG211,,1,1,0,0.01,1,0,0,0,0,1,0,0,0,0,yes
2025,TN,47093,Knox,549300U76XKUE05DV518,,1,1,0,0.01,1,0,0,0,0,1,0,0,0,0,yes
2025,TN,47093,Knox,549300UKYJZO6CZXIX60,,1,1,0,0.01,1,0,0,0,0,1,0,0,0,0,yes
2025,TN,47093,Knox,549300UPB8ITF7B1GI03,,2,1,1,0.01,0,1,1,0,0,0,0,1,0,0,yes
2025,TN,47093,Knox,549300UV5JQXLGVWIP44,,1,1,0,0.01,1,0,0,0,0,1,0,0,0,0,yes
2025,TN,47093,Knox,549300UVOSI4XZZGUE14,,5,1,0,0.01,1,0,4,0,0,1,0,0,0,0,yes
2025,TN,47093,Knox,549300VYK2WBD7SST478,,1,1,0,0.01,1,0,0,0,0,1,0,0,0,0,yes
2025,TN,47093,Knox,549300W1HU6IVVIEJ389,,1,1,0,0.01,1,0,0,0,0,1,0,0,0,0,yes
2025,TN,47093,Knox,549300WIE2SKOKI8PF63,,2,1,0,0.01,2,0,0,0,0,1,0,0,0,0,yes
2025,TN,47093,Knox,549300WMQ4WI6QXK7803,,1,1,0,0.01,1,0,0,0,0,1,0,0,0,0,yes
2025,TN,47093,Knox,549300WS8BW0I0BDA390,,1,1,0,0.01,1,0,0,0,0,1,0,0,0,0,yes
2025,TN,47093,Knox,549300XARD788LSGZW76,,1,1,0,0.01,1,0,0,0,0,1,0,0,0,0,yes
2025,TN,47093,Knox,549300XKEC7P1D7OKJ16,,1,1,0,0.01,1,0,0,0,0,1,0,0,0,0,yes
2025,TN,47093,Knox,549300YD7XJM19TH5O82,,1,1,0,0.01,1,0,0,0,0,1,0,0,0,0,yes
2025,TN,47093,Knox,549300YPBBHUEKV1YC68,,1,1,0,0.01,1,0,0,0,0,1,0,0,0,0,yes
2025,TN,47093,Knox,549300YX5RPSSMR88K92,,2,1,0,0.01,2,0,0,0,0,1,0,0,0,0,yes
2025,TN,47093,Knox,635400IW1QMK3FNFF894,MERIDIAN BANK,1,1,0,0.01,1,0,0,0,0,1,0,0,0,0,yes
2025,TN,47093,Knox,875500CPQ9Z7QEFE5G90,,1,1,0,0.01,1,0,0,0,0,1,0,0,0,0,yes
2025,TN,47093,Knox,984500C6D3DC0BE5E321,,2,1,0,0.01,2,0,0,0,0,1,0,0,0,0,yes
2025,TN,47093,Knox,984500F03B9034CQB904,,9,1,2,0.01,8,0,1,0,0,1,0,0,0,0,yes
2025,TN,47093,Knox,COINQMNIM6RBU631DD85,,1,1,0,0.01,1,0,0,0,0,1,0,0,0,0,yes
2025,TN,47093,Knox,FU7RSW4CQQY98A2O7J66,,1,1,0,0.01,1,0,0,0,0,1,0,0,0,0,yes
2025,TN,47093,Knox,HUX2X73FUCYHUVH1BK78,KeyBank National Association,1,1,0,0.01,1,0,0,0,0,1,0,0,0,0,yes
2025,TN,47093,Knox,LBIZXW7X2N50PETIH863,,1,1,0,0.01,1,0,0,0,0,1,0,0,0,0,yes
2025,TN,47093,Knox,NSGZD26XPW2CUM2JKU70,,1,1,0,0.01,1,0,0,0,0,1,0,0,0,0,yes
2025,TN,47093,Knox,QGPGHQ1ENZOOLJRFTH41,,2,1,1,0.01,2,0,0,0,0,1,0,0,0,0,yes
2025,TN,47093,Knox,S0Q3AHZRL5K6VQE35M07,,1,1,0,0.01,1,0,0,0,0,1,0,0,0,0,yes
2025,TN,47093,Knox,WKN6AF1FCL7BBYGTGI83,,4,1,2,0.01,4,0,0,0,0,1,0,0,0,0,yes
2025,TN,47093,Knox,X6T32LKEPUT8LQMW6755,,1,1,0,0.01,1,0,0,0,0,1,0,0,0,0,yes
2025,TN,47093,Knox,549300XRF9LCZ3RX3Q39,,5,0,3,0.0,0,2,3,0,0,0,0,0,0,0,yes
2025,TN,47093,Knox,549300Z5MYEIE55LLY49,,7,0,0,0.0,3,2,1,1,0,0,0,0,0,0,yes
2025,TN,47105,Loudon,549300FGXN1K3HLB1R50,"Rocket Mortgage, LLC",204,157,27,7.97,145,34,25,0,0,115,23,19,0,0,yes
2025,TN,47105,Loudon,549300VNBQD8FDHF7563,"MORTGAGE INVESTORS GROUP, INC.",178,121,5,6.14,116,37,18,7,0,76,26,12,7,0,yes
2025,TN,47105,Loudon,549300HW662MN1WU8550,"United Wholesale Mortgage, LLC",134,100,16,5.08,64,35,35,0,0,52,21,27,0,0,yes
2025,TN,47105,Loudon,T68X8LLAQYRNDV034K14,United Community Bank,137,97,31,4.92,125,6,6,0,0,91,3,3,0,0,yes
2025,TN,47105,Loudon,549300K6L4VXCXWN4205,ORNL,136,82,16,4.16,136,0,0,0,0,82,0,0,0,0,yes
2025,TN,47105,Loudon,54930074H8866HTIWU69,KNOXVILLE TVA EMPLOYEES CREDIT UNION,81,62,4,3.15,81,0,0,0,0,62,0,0,0,0,yes
2025,TN,47105,Loudon,JJKC32MCHWDI71265Z06,Truist Bank,102,60,29,3.05,100,2,0,0,0,59,1,0,0,0,yes
2025,TN,47105,Loudon,5493004NO7XCFVG4KD53,,64,43,14,2.18,64,0,0,0,0,43,0,0,0,0,yes
2025,TN,47105,Loudon,EQTWLK1G7ODGC2MGLV11,Regions Bank,79,42,22,2.13,76,1,2,0,0,41,1,0,0,0,yes
2025,TN,47105,Loudon,549300MGPZBLQDIL7538,"PrimeLending, a PlainsCapital Company",58,40,3,2.03,45,7,4,2,0,33,4,2,1,0,yes
2025,TN,47105,Loudon,5493001M37Q8TJKTP708,,34,32,0,1.62,34,0,0,0,0,32,0,0,0,0,yes
2025,TN,47105,Loudon,5493000YNV8IX4VD3X12,"VANDERBILT MORTGAGE AND FINANCE, INC.",149,29,46,1.47,145,2,2,0,0,27,2,0,0,0,yes
2025,TN,47105,Loudon,54930089R5VSN6GVCK47,,32,29,2,1.47,32,0,0,0,0,29,0,0,0,0,yes
2025,TN,47105,Loudon,549300DD4R4SYK5RAQ92,"Cardinal Financial Company, Limited Partnership",40,29,2,1.47,24,13,3,0,0,18,8,3,0,0,yes
2025,TN,47105,Loudon,RVDPPPGHCGZ40J4VQ731,Fairway Independent Mortgage Corporation,61,29,7,1.47,31,17,13,0,0,14,8,7,0,0,yes
2025,TN,47105,Loudon,5493003GQDUH26DNNH17,Navy Federal Credit Union,49,26,4,1.32,35,0,14,0,0,21,0,5,0,0,yes
2025,TN,47105,Loudon,549300VZVN841I2ILS84,Freedom Mortgage Corporation,40,26,1,1.32,24,11,2,3,0,15,8,1,2,0,yes
2025,TN,47105,Loudon,549300DD5QQUHO6PCH70,"Movement Mortgage, LLC",60,25,9,1.27,2,1,57,0,0,0,0,25,0,0,yes
2025,TN,47105,Loudon,549300DG3IV05V4C4E03,,31,23,0,1.17,15,14,2,0,0,11,11,1,0,0,yes
2025,TN,47105,Loudon,549300FNXYY540N23N64,Newrez LLC,45,22,6,1.12,19,11,13,2,0,8,7,5,2,0,yes
2025,TN,47105,Loudon,549300GKFNPRWNS0GF29,"AmeriHome Mortgage Company, LLC",30,22,1,1.12,17,2,11,0,0,13,2,7,0,0,yes
2025,TN,47105,Loudon,549300LYRWPSYPK6S325,Guild Mortgage Company LLC,44,21,4,1.07,4,20,20,0,0,2,8,11,0,0,yes
2025,TN,47105,Loudon,549300KIOYNU323LVJ37,AMERICAN PACIFIC MORTGAGE CORPORATION,24,20,0,1.02,14,7,2,1,0,10,7,2,1,0,yes
2025,TN,47105,Loudon,7H6GLXDRUGQFU57RNE97,"JPMorgan Chase Bank, National Association",23,19,1,0.96,22,1,0,0,0,18,1,0,0,0,yes
2025,TN,47105,Loudon,549300III1DMY3SLAW56,Countybank,21,18,1,0.91,15,1,4,1,0,14,1,3,0,0,yes
2025,TN,47105,Loudon,549300QR0KFPEDZPEI42,,28,18,1,0.91,14,11,2,1,0,9,7,1,1,0,yes
2025,TN,47105,Loudon,549300RPOGWJRH63HS39,UNION HOME MORTGAGE CORP.,23,18,1,0.91,17,5,0,1,0,14,3,0,1,0,yes
2025,TN,47105,Loudon,5493006JISETNI0GLE61,,23,17,2,0.86,23,0,0,0,0,17,0,0,0,0,yes
2025,TN,47105,Loudon,549300E2UX99HKDBR481,"Broker Solutions, Inc.",26,16,0,0.81,17,7,2,0,0,12,3,1,0,0,yes
2025,TN,47105,Loudon,549300OBO7DOF2KOP535,FirstBank,23,16,5,0.81,22,0,1,0,0,15,0,1,0,0,yes
2025,TN,47105,Loudon,6BYL5QZYBDK8S7L73M02,U.S. Bank National Association,34,16,10,0.81,33,0,1,0,0,15,0,1,0,0,yes
2025,TN,47105,Loudon,COOWI3L2W9TPYR3WJX37,First Horizon Bank,28,16,10,0.81,27,1,0,0,0,16,0,0,0,0,yes
2025,TN,47105,Loudon,549300F1D8U51K67LV24,,18,14,0,0.71,18,0,0,0,0,14,0,0,0,0,yes
2025,TN,47105,Loudon,549300LBCBNR1OT00651,NATIONSTAR MORTGAGE LLC,23,13,5,0.66,19,3,1,0,0,10,2,1,0,0,yes
2025,TN,47105,Loudon,549300CDOC4F7XSRG390,Pinnacle Bank,23,12,2,0.61,19,0,4,0,0,11,0,1,0,0,yes
2025,TN,47105,Loudon,549300LWR6X0ZAV34H19,,12,12,0,0.61,12,0,0,0,0,12,0,0,0,0,yes
2025,TN,47105,Loudon,549300U3721PJGQZYY68,Nationstar Mortgage LLC,27,12,0,0.61,21,3,3,0,0,9,1,2,0,0,yes
2025,TN,47105,Loudon,B4TYDEB6GKMZO031MB27,"Guaranteed Rate, Inc.",32,12,7,0.61,32,0,0,0,0,12,0,0,0,0,yes
2025,TN,47105,Loudon,254900DTLHVWQ7NP7R34,"CMG Mortgage, Inc.",11,11,0,0.56,11,0,0,0,0,11,0,0,0,0,yes
2025,TN,47105,Loudon,5493002B2WMHY23GFK92,"AMERICAN FINANCIAL RESOURCES, INC.",20,11,1,0.56,5,7,4,4,0,3,3,3,2,0,yes
2025,TN,47105,Loudon,549300AG64NHILB7ZP05,"PennyMac Loan Services, LLC",16,11,2,0.56,6,7,3,0,0,6,4,1,0,0,yes
2025,TN,47105,Loudon,549300R0SXC1JU7ZU290,"FIRST COMMUNITY MORTGAGE, INC.",13,11,0,0.56,7,3,2,1,0,6,3,1,1,0,yes
2025,TN,47105,Loudon,549300VORTI31GZTJL53,"CARDINAL FINANCIAL COMPANY, LIMITED PARTNERSHIP",13,11,1,0.56,4,7,1,1,0,3,6,1,1,0,yes
2025,TN,47105,Loudon,549300GS0W0TEUQS8571,"Morgan Stanley Private Bank, National Association",11,10,0,0.51,11,0,0,0,0,10,0,0,0,0,yes
2025,TN,47105,Loudon,549300PIL8LFAQ04XC20,Better Mortgage Corporation,32,10,16,0.51,32,0,0,0,0,10,0,0,0,0,yes
2025,TN,47105,Loudon,549300RN01LBYR8ZVX74,"LOWER, LLC",14,10,1,0.51,7,4,3,0,0,5,3,2,0,0,yes
2025,TN,47105,Loudon,5493008XX3NZ5S384W16,,11,9,2,0.46,11,0,0,0,0,9,0,0,0,0,yes
2025,TN,47105,Loudon,549300GZY55UGMUMI322,,13,9,2,0.46,13,0,0,0,0,9,0,0,0,0,yes
2025,TN,47105,Loudon,549300MCIFZSDHUT8X63,"NFM, INC.",10,9,0,0.46,8,1,1,0,0,7,1,1,0,0,yes
2025,TN,47105,Loudon,549300NFPC3Y4W3Y7R87,,10,9,0,0.46,9,0,1,0,0,8,0,1,0,0,yes
2025,TN,47105,Loudon,549300Z52CLXKDXGPH16,,11,9,0,0.46,11,0,0,0,0,9,0,0,0,0,yes
2025,TN,47105,Loudon,C5654JQHZUHN0772B561,USAA Federal Savings Bank,12,9,1,0.46,5,0,7,0,0,4,0,5,0,0,yes
2025,TN,47105,Loudon,KB1H1DSPRFMYMCUFXT09,"Wells Fargo Bank, National Association",11,9,1,0.46,11,0,0,0,0,9,0,0,0,0,yes
2025,TN,47105,Loudon,5493001GCBD5XGNIC815,Coastal Community Bank,26,8,0,0.41,26,0,0,0,0,8,0,0,0,0,yes
2025,TN,47105,Loudon,5493002RF1ERFA2XR050,Renasant Bank,9,8,1,0.41,7,0,2,0,0,6,0,2,0,0,yes
2025,TN,47105,Loudon,54930034MNPILHP25H80,Gateway First Bank,16,8,0,0.41,12,3,1,0,0,7,1,0,0,0,yes
2025,TN,47105,Loudon,5493006VAGP3GQ8FJT49,"Kiavi Funding, Inc.",15,8,3,0.41,15,0,0,0,0,8,0,0,0,0,yes
2025,TN,47105,Loudon,254900UL88QFG0E40516,FIGURE LENDING LLC,10,7,2,0.36,10,0,0,0,0,7,0,0,0,0,yes
2025,TN,47105,Loudon,5493001GDRY0EL7VG372,"ARK-LA-TEX FINANCIAL SERVICES, LLC.",10,7,0,0.36,3,1,2,4,0,2,1,2,2,0,yes
2025,TN,47105,Loudon,549300BLL6VL7AXWYP56,,9,7,0,0.36,4,4,1,0,0,3,3,1,0,0,yes
2025,TN,47105,Loudon,549300NOCASXPA34X033,"LAKEVIEW LOAN SERVICING, LLC",21,7,9,0.36,10,9,2,0,0,2,5,0,0,0,yes
2025,TN,47105,Loudon,549300ZPDWAT9R7KRW05,,7,7,0,0.36,7,0,0,0,0,7,0,0,0,0,yes
2025,TN,47105,Loudon,5493008NWHQT1R22C024,"AMERICAN FINANCIAL NETWORK, INC.",9,6,0,0.3,4,3,2,0,0,1,3,2,0,0,yes
2025,TN,47105,Loudon,549300DV2WBWN5ZEMV06,,10,6,2,0.3,10,0,0,0,0,6,0,0,0,0,yes
2025,TN,47105,Loudon,549300MZ8VZJOVC63092,"KIND LENDING, LLC",9,6,1,0.3,3,2,4,0,0,3,2,1,0,0,yes
2025,TN,47105,Loudon,549300OPCWU6E72WUT29,"MUTUAL OF OMAHA MORTGAGE, INC.",11,6,2,0.3,3,8,0,0,0,1,5,0,0,0,yes
2025,TN,47105,Loudon,549300WN1LQYJX9HOU28,,9,6,2,0.3,9,0,0,0,0,6,0,0,0,0,yes
2025,TN,47105,Loudon,549300XWUSRVVOHPRY47,Academy Mortgage Corporation,7,6,0,0.3,3,3,1,0,0,2,3,1,0,0,yes
2025,TN,47105,Loudon,54930049L5WINET09Q97,"CLICK N' CLOSE, INC.",5,5,0,0.25,3,2,0,0,0,3,2,0,0,0,yes
2025,TN,47105,Loudon,54930054ET8KM4O1D485,"SOFI BANK, NATIONAL ASSOCIATION",13,5,0,0.25,12,1,0,0,0,5,0,0,0,0,yes
2025,TN,47105,Loudon,5493008VVXQIDO1EZ460,,7,5,1,0.25,5,2,0,0,0,3,2,0,0,0,yes
2025,TN,47105,Loudon,549300AT7EB9FJAF0E61,Old National Bank,10,5,3,0.25,10,0,0,0,0,5,0,0,0,0,yes
2025,TN,47105,Loudon,549300DK8GVTLGSA4H75,,5,5,0,0.25,5,0,0,0,0,5,0,0,0,0,yes
2025,TN,47105,Loudon,549300DPRWSBUY619V27,,7,5,2,0.25,6,1,0,0,0,4,1,0,0,0,yes
2025,TN,47105,Loudon,549300GRGZDEH4ZGQS06,WATERSTONE MORTGAGE CORPORATION,7,5,0,0.25,7,0,0,0,0,5,0,0,0,0,yes
2025,TN,47105,Loudon,549300LCT0EFT83E5873,,5,5,0,0.25,5,0,0,0,0,5,0,0,0,0,yes
2025,TN,47105,Loudon,549300LXKO1O7CSK5J52,,5,5,0,0.25,3,2,0,0,0,3,2,0,0,0,yes
2025,TN,47105,Loudon,549300XQVJ1XBNFA5536,21ST MORTGAGE CORPORATION,31,5,15,0.25,31,0,0,0,0,5,0,0,0,0,yes
2025,TN,47105,Loudon,549300YIQ7S7Z8PIHE53,AMERISAVE MORTGAGE CORPORATION,17,5,8,0.25,11,4,2,0,0,2,2,1,0,0,yes
2025,TN,47105,Loudon,AD6GFRVSDT01YPT1CS68,"PNC Bank, National Association",8,5,3,0.25,8,0,0,0,0,5,0,0,0,0,yes
2025,TN,47105,Loudon,QFROUN1UWUYU0DVIWD51,"Eagle Home Mortgage, LLC",8,5,2,0.25,8,0,0,0,0,5,0,0,0,0,yes
2025,TN,47105,Loudon,2549001XVX1R2ITF6935,,7,4,0,0.2,7,0,0,0,0,4,0,0,0,0,yes
2025,TN,47105,Loudon,25490066WMF8ZMQXQB18,"Lendage, LLC",5,4,0,0.2,5,0,0,0,0,4,0,0,0,0,yes
2025,TN,47105,Loudon,254900HEJ9F73IMPX887,,6,4,0,0.2,5,1,0,0,0,3,1,0,0,0,yes
2025,TN,47105,Loudon,254900TG14TB8RKS3U42,,9,4,0,0.2,5,3,1,0,0,2,1,1,0,0,yes
2025,TN,47105,Loudon,5493004AS1SPBQOFDR49,"Change Lending, LLC",6,4,0,0.2,6,0,0,0,0,4,0,0,0,0,yes
2025,TN,47105,Loudon,54930091JQKCU3Z6IP44,,6,4,1,0.2,6,0,0,0,0,4,0,0,0,0,yes
2025,TN,47105,Loudon,549300CTISSNREVLNO46,,4,4,0,0.2,4,0,0,0,0,4,0,0,0,0,yes
2025,TN,47105,Loudon,549300DDLYW49R2HCV81,EASTMAN CREDIT UNION,6,4,1,0.2,6,0,0,0,0,4,0,0,0,0,yes
2025,TN,47105,Loudon,549300GWD9H4FQ2VR805,,6,4,0,0.2,6,0,0,0,0,4,0,0,0,0,yes
2025,TN,47105,Loudon,549300JYXTZDSPJEPI44,"PLAZA HOME MORTGAGE, INC.",4,4,0,0.2,2,1,1,0,0,2,1,1,0,0,yes
2025,TN,47105,Loudon,549300LROQOOQU77WS20,,5,4,0,0.2,5,0,0,0,0,4,0,0,0,0,yes
2025,TN,47105,Loudon,549300YW2UBCMDRMBT48,,4,4,0,0.2,2,2,0,0,0,2,2,0,0,0,yes
2025,TN,47105,Loudon,DRMSV1Q0EKMEXLAU1P80,"Citizens Bank, National Association",6,4,2,0.2,5,1,0,0,0,3,1,0,0,0,yes
2025,TN,47105,Loudon,2549005SIVTHG14U2905,A&D Mortgage LLC,3,3,0,0.15,3,0,0,0,0,3,0,0,0,0,yes
2025,TN,47105,Loudon,254900DGJQT6H4M24F92,,4,3,1,0.15,4,0,0,0,0,3,0,0,0,0,yes
2025,TN,47105,Loudon,254900ZFWS2106HWPH46,"PARAMOUNT RESIDENTIAL MORTGAGE GROUP, INC.",4,3,0,0.15,1,2,0,1,0,1,1,0,1,0,yes
2025,TN,47105,Loudon,54930021DZJ9CEN11D61,,4,3,1,0.15,1,1,2,0,0,1,0,2,0,0,yes
2025,TN,47105,Loudon,54930021WPEXNHYZUL09,"PLANET HOME LENDING, LLC",4,3,1,0.15,0,2,2,0,0,0,2,1,0,0,yes
2025,TN,47105,Loudon,549300323EON4W3CCM44,"RESICENTRAL, LLC",6,3,0,0.15,5,1,0,0,0,2,1,0,0,0,yes
2025,TN,47105,Loudon,5493003V40VGM7YDFM54,FIRST COLONY MORTGAGE CORPORATION,4,3,0,0.15,3,0,1,0,0,2,0,1,0,0,yes
2025,TN,47105,Loudon,54930078TNN7GKZ7NU89,,3,3,0,0.15,2,0,1,0,0,2,0,1,0,0,yes
2025,TN,47105,Loudon,5493008CPTDVOS570626,"Primary Residential Mortgage, Inc.",4,3,1,0.15,4,0,0,0,0,3,0,0,0,0,yes
2025,TN,47105,Loudon,549300CQMDOXGP2WE649,,3,3,0,0.15,3,0,0,0,0,3,0,0,0,0,yes
2025,TN,47105,Loudon,549300E0S1LZYZ9QNX81,,5,3,2,0.15,5,0,0,0,0,3,0,0,0,0,yes
2025,TN,47105,Loudon,549300EKFFG3BU8DNX74,NEXERA HOLDING LLC,3,3,0,0.15,3,0,0,0,0,3,0,0,0,0,yes
2025,TN,47105,Loudon,549300ISCZS1R0CJMO47,,4,3,0,0.15,3,0,1,0,0,2,0,1,0,0,yes
2025,TN,47105,Loudon,549300KXIFQ7HCW3FR89,,3,3,0,0.15,3,0,0,0,0,3,0,0,0,0,yes
2025,TN,47105,Loudon,549300SUCQ1358EGVE89,"NEW DAY FINANCIAL, LLC",15,3,1,0.15,0,0,15,0,0,0,0,3,0,0,yes
2025,TN,47105,Loudon,549300UT4EN6IH579Q63,,3,3,0,0.15,1,2,0,0,0,1,2,0,0,0,yes
2025,TN,47105,Loudon,549300VCMRO4ST680C11,VILLAGE CAPITAL & INVESTMENT LLC,7,3,2,0.15,0,2,5,0,0,0,1,2,0,0,yes
2025,TN,47105,Loudon,549300VMX06UV1F7NS76,,4,3,0,0.15,4,0,0,0,0,3,0,0,0,0,yes
2025,TN,47105,Loudon,549300WYBPIWKK6SQC06,,3,3,0,0.15,1,0,2,0,0,1,0,2,0,0,yes
2025,TN,47105,Loudon,2549001SI0EMFPT39035,"Cornerstone First Mortgage, Inc",2,2,0,0.1,2,0,0,0,0,2,0,0,0,0,yes
2025,TN,47105,Loudon,2549004FXPNKCLIN8250,,4,2,0,0.1,4,0,0,0,0,2,0,0,0,0,yes
2025,TN,47105,Loudon,254900HA4DQWAE0W3342,"AMERIHOME MORTGAGE COMPANY, LLC",5,2,1,0.1,3,2,0,0,0,1,1,0,0,0,yes
2025,TN,47105,Loudon,254900TTZ395IC926125,,4,2,2,0.1,2,2,0,0,0,1,1,0,0,0,yes
2025,TN,47105,Loudon,549300121SF0K2LN2804,"PRIMELENDING, A PLAINSCAPITAL COMPANY",4,2,0,0.1,4,0,0,0,0,2,0,0,0,0,yes
2025,TN,47105,Loudon,54930015645SYPOM7220,,2,2,0,0.1,1,0,1,0,0,1,0,1,0,0,yes
2025,TN,47105,Loudon,5493001WHVQBGRSWEU75,"HOMEBRIDGE FINANCIAL SERVICES, INC.",4,2,0,0.1,2,0,2,0,0,1,0,1,0,0,yes
2025,TN,47105,Loudon,549300249G20MDIDRR27,,10,2,2,0.1,8,2,0,0,0,1,1,0,0,0,yes
2025,TN,47105,Loudon,54930030Z1JWTP3SVD16,,2,2,0,0.1,0,1,1,0,0,0,1,1,0,0,yes
2025,TN,47105,Loudon,5493004T38NMC864VL66,,2,2,0,0.1,2,0,0,0,0,2,0,0,0,0,yes
2025,TN,47105,Loudon,54930095LY1EDFTWAG29,,2,2,0,0.1,2,0,0,0,0,2,0,0,0,0,yes
2025,TN,47105,Loudon,5493009B17HXCVXTD608,"JMAC LENDING, INC.",2,2,0,0.1,1,1,0,0,0,1,1,0,0,0,yes
2025,TN,47105,Loudon,549300COIWXM618UBE82,,2,2,0,0.1,2,0,0,0,0,2,0,0,0,0,yes
2025,TN,47105,Loudon,549300E035FX7XMJ6713,,2,2,0,0.1,2,0,0,0,0,2,0,0,0,0,yes
2025,TN,47105,Loudon,549300G6RZM5T8NQJW74,,2,2,0,0.1,2,0,0,0,0,2,0,0,0,0,yes
2025,TN,47105,Loudon,549300GTVXJ2PGXNLM73,T2 FINANCIAL LLC,3,2,0,0.1,0,2,1,0,0,0,1,1,0,0,yes
2025,TN,47105,Loudon,549300IJ8KTGYPKLXK63,,2,2,0,0.1,2,0,0,0,0,2,0,0,0,0,yes
2025,TN,47105,Loudon,549300INFJ8TYNZ1G568,,2,2,0,0.1,2,0,0,0,0,2,0,0,0,0,yes
2025,TN,47105,Loudon,549300KJ8PAJ7E52HG32,Plains Commerce Bank,3,2,1,0.1,3,0,0,0,0,2,0,0,0,0,yes
2025,TN,47105,Loudon,549300N4V3ZDLXURNC25,,3,2,1,0.1,3,0,0,0,0,2,0,0,0,0,yes
2025,TN,47105,Loudon,549300NWBS6MQJX15N44,,2,2,0,0.1,2,0,0,0,0,2,0,0,0,0,yes
2025,TN,47105,Loudon,549300PFJ7GCGDLB2E65,,2,2,0,0.1,2,0,0,0,0,2,0,0,0,0,yes
2025,TN,47105,Loudon,549300QVGK8WC4HQ3C28,,5,2,2,0.1,4,0,0,1,0,2,0,0,0,0,yes
2025,TN,47105,Loudon,549300RYWXR8TL5LIK35,,3,2,0,0.1,2,0,1,0,0,1,0,1,0,0,yes
2025,TN,47105,Loudon,549300T94GSH3C4U5M59,ALLIANT CREDIT UNION,3,2,1,0.1,3,0,0,0,0,2,0,0,0,0,yes
2025,TN,47105,Loudon,549300V6LKROCIL7OI49,,2,2,0,0.1,2,0,0,0,0,2,0,0,0,0,yes
2025,TN,47105,Loudon,549300WZWPMDWIL12842,,2,2,0,0.1,2,0,0,0,0,2,0,0,0,0,yes
2025,TN,47105,Loudon,549300XQ8DRJT0OETE90,,2,2,0,0.1,2,0,0,0,0,2,0,0,0,0,yes
2025,TN,47105,Loudon,549300XY701IELCE5Q08,BETTER MORTGAGE CORPORATION,8,2,1,0.1,7,1,0,0,0,2,0,0,0,0,yes
2025,TN,47105,Loudon,549300YN94MOAVYW0F52,"GoodLeap, LLC",4,2,1,0.1,3,1,0,0,0,2,0,0,0,0,yes
2025,TN,47105,Loudon,9845006YE04B346EC919,,2,2,0,0.1,0,1,1,0,0,0,1,1,0,0,yes
2025,TN,47105,Loudon,CKVBED0S4DMLKJJ5XH28,,2,2,0,0.1,2,0,0,0,0,2,0,0,0,0,yes
2025,TN,47105,Loudon,Q708HHR4LD2B7XIZNO92,First Federal Bank,2,2,0,0.1,1,0,1,0,0,1,0,1,0,0,yes
2025,TN,47105,Loudon,X05BVSK68TQ7YTOSNR22,Discover Bank,17,2,5,0.1,17,0,0,0,0,2,0,0,0,0,yes
2025,TN,47105,Loudon,ZXMJHJK466PBZTM5F379,,2,2,0,0.1,2,0,0,0,0,2,0,0,0,0,yes
2025,TN,47105,Loudon,01J4SO3XTWZF4PP38209,,1,1,0,0.05,0,0,1,0,0,0,0,1,0,0,yes
2025,TN,47105,Loudon,213800XR2TCBQJSF1X93,,2,1,0,0.05,2,0,0,0,0,1,0,0,0,0,yes
2025,TN,47105,Loudon,2549007E9BI08H1N1T92,,1,1,0,0.05,0,0,1,0,0,0,0,1,0,0,yes
2025,TN,47105,Loudon,254900DNPJINSUKFZ002,,1,1,0,0.05,1,0,0,0,0,1,0,0,0,0,yes
2025,TN,47105,Loudon,254900DTLB5WWMBJAD86,,1,1,0,0.05,1,0,0,0,0,1,0,0,0,0,yes
2025,TN,47105,Loudon,254900E8KW1VR97KFU45,,1,1,0,0.05,1,0,0,0,0,1,0,0,0,0,yes
2025,TN,47105,Loudon,254900FJRICL380R4T46,Leaders Credit Union,1,1,0,0.05,1,0,0,0,0,1,0,0,0,0,yes
2025,TN,47105,Loudon,254900GBKSHEUZ4PGG08,,1,1,0,0.05,1,0,0,0,0,1,0,0,0,0,yes
2025,TN,47105,Loudon,254900M2C4Q6DATP2889,,3,1,0,0.05,2,1,0,0,0,1,0,0,0,0,yes
2025,TN,47105,Loudon,254900MQ4O1DX3N88207,,2,1,0,0.05,2,0,0,0,0,1,0,0,0,0,yes
2025,TN,47105,Loudon,254900NZOY3XB2DNSZ34,,1,1,0,0.05,1,0,0,0,0,1,0,0,0,0,yes
2025,TN,47105,Loudon,254900O28OG3UMHXQY81,,1,1,0,0.05,0,0,1,0,0,0,0,1,0,0,yes
2025,TN,47105,Loudon,254900PVWALA7JTBXA31,WILSON BANK AND TRUST,1,1,0,0.05,1,0,0,0,0,1,0,0,0,0,yes
2025,TN,47105,Loudon,254900YPPMV9UM5FUW09,,1,1,0,0.05,1,0,0,0,0,1,0,0,0,0,yes
2025,TN,47105,Loudon,254900ZX1UPIG2E7TH11,,1,1,0,0.05,1,0,0,0,0,1,0,0,0,0,yes
2025,TN,47105,Loudon,2WHM8VNJH63UN14OL754,The Huntington National Bank,3,1,0,0.05,3,0,0,0,0,1,0,0,0,0,yes
2025,TN,47105,Loudon,3Y4U8VZURTYWI1W2K376,,2,1,0,0.05,2,0,0,0,0,1,0,0,0,0,yes
2025,TN,47105,Loudon,4EP6JBYBTPTQ47LZOB67,,1,1,0,0.05,1,0,0,0,0,1,0,0,0,0,yes
2025,TN,47105,Loudon,5493000349C5XXDRQX28,,1,1,0,0.05,1,0,0,0,0,1,0,0,0,0,yes
2025,TN,47105,Loudon,5493001141Z7CINOSB62,,1,1,0,0.05,0,0,0,1,0,0,0,0,1,0,yes
2025,TN,47105,Loudon,5493001JT9MT3Z3Y3M39,,1,1,0,0.05,1,0,0,0,0,1,0,0,0,0,yes
2025,TN,47105,Loudon,5493001UYBOONMFYPR30,"Legacy Home Loans, LLC",1,1,0,0.05,1,0,0,0,0,1,0,0,0,0,yes
2025,TN,47105,Loudon,5493002GI63WHHUTUD85,"KEYSTONE FUNDING, INC.",1,1,0,0.05,1,0,0,0,0,1,0,0,0,0,yes
2025,TN,47105,Loudon,5493002WVA17MT4UFH84,,1,1,0,0.05,1,0,0,0,0,1,0,0,0,0,yes
2025,TN,47105,Loudon,54930030S6J5KOL5LJ73,FAIRWINDS CREDIT UNION,1,1,0,0.05,1,0,0,0,0,1,0,0,0,0,yes
2025,TN,47105,Loudon,54930039UO39UJGI7078,TowneBank,1,1,0,0.05,1,0,0,0,0,1,0,0,0,0,yes
2025,TN,47105,Loudon,54930043BMDE130FJ617,"PROVIDENT FUNDING ASSOCIATES, L.P.",2,1,0,0.05,2,0,0,0,0,1,0,0,0,0,yes
2025,TN,47105,Loudon,5493004UNRG4PWDF2K60,AFFINITY FEDERAL CREDIT UNION,1,1,0,0.05,1,0,0,0,0,1,0,0,0,0,yes
2025,TN,47105,Loudon,54930052M48FOD3CWA54,"PRIMARY RESIDENTIAL MORTGAGE, INC.",1,1,0,0.05,0,0,1,0,0,0,0,1,0,0,yes
2025,TN,47105,Loudon,54930053SM8COVIPIY54,,1,1,0,0.05,1,0,0,0,0,1,0,0,0,0,yes
2025,TN,47105,Loudon,5493005PKOSG7MYX0B34,"Prosperity Home Mortgage, LLC",1,1,0,0.05,0,1,0,0,0,0,1,0,0,0,yes
2025,TN,47105,Loudon,5493005QMX3SJKDTQZ62,,1,1,0,0.05,1,0,0,0,0,1,0,0,0,0,yes
2025,TN,47105,Loudon,5493005R34FLBMCPWB41,"TIDEWATER MORTGAGE SERVICES, INC.",1,1,0,0.05,1,0,0,0,0,1,0,0,0,0,yes
2025,TN,47105,Loudon,5493005XMJQ1GSXUGT67,,1,1,0,0.05,0,1,0,0,0,0,1,0,0,0,yes
2025,TN,47105,Loudon,5493006P5IHSK77SZ855,,1,1,0,0.05,0,0,1,0,0,0,0,1,0,0,yes
2025,TN,47105,Loudon,5493007669OVCSCATP45,TENNESSEE VALLEY FCU,2,1,0,0.05,2,0,0,0,0,1,0,0,0,0,yes
2025,TN,47105,Loudon,54930077D8KXQADF5Q23,,1,1,0,0.05,1,0,0,0,0,1,0,0,0,0,yes
2025,TN,47105,Loudon,5493007CXTOHZ2JBEJ61,"THE MORTGAGE FIRM, INC.",1,1,0,0.05,0,1,0,0,0,0,1,0,0,0,yes
2025,TN,47105,Loudon,549300A0SVCQJPHVGV20,,2,1,1,0.05,2,0,0,0,0,1,0,0,0,0,yes
2025,TN,47105,Loudon,549300AG10BX85DF5S49,MLD MORTGAGE INC.,1,1,0,0.05,1,0,0,0,0,1,0,0,0,0,yes
2025,TN,47105,Loudon,549300AQ3T62GXDU7D76,Ally Bank,2,1,0,0.05,2,0,0,0,0,1,0,0,0,0,yes
2025,TN,47105,Loudon,549300ASFUWYQO0RW077,,1,1,0,0.05,1,0,0,0,0,1,0,0,0,0,yes
2025,TN,47105,Loudon,549300BM4NS8HDJT3X28,"INTERCOASTAL MORTGAGE, LLC",1,1,0,0.05,0,0,1,0,0,0,0,1,0,0,yes
2025,TN,47105,Loudon,549300BUVM9AXNUI6G83,,1,1,0,0.05,1,0,0,0,0,1,0,0,0,0,yes
2025,TN,47105,Loudon,549300BX448ALT10FI43,The Federal Savings Bank,4,1,0,0.05,0,0,4,0,0,0,0,1,0,0,yes
2025,TN,47105,Loudon,549300C1ICNCM0V37Y02,,1,1,0,0.05,1,0,0,0,0,1,0,0,0,0,yes
2025,TN,47105,Loudon,549300C8GOC4OYUV0Z32,,1,1,0,0.05,1,0,0,0,0,1,0,0,0,0,yes
2025,TN,47105,Loudon,549300CUUEEQ66ZVK149,,1,1,0,0.05,1,0,0,0,0,1,0,0,0,0,yes
2025,TN,47105,Loudon,549300DMYENRV818D594,,1,1,0,0.05,0,1,0,0,0,0,1,0,0,0,yes
2025,TN,47105,Loudon,549300E1PJPTI4YS7H26,ASCEND FEDERAL CREDIT UNION,1,1,0,0.05,1,0,0,0,0,1,0,0,0,0,yes
2025,TN,47105,Loudon,549300EEYVCFG0V6Z057,,1,1,0,0.05,1,0,0,0,0,1,0,0,0,0,yes
2025,TN,47105,Loudon,549300EFCZM6KD6B8K69,MORTGAGE ACCESS CORP.,2,1,0,0.05,2,0,0,0,0,1,0,0,0,0,yes
2025,TN,47105,Loudon,549300F8C5JA44WNMI75,AMERICAN NEIGHBORHOOD MORTGAGE ACCEPTANCE COMPANY LLC,3,1,0,0.05,2,1,0,0,0,1,0,0,0,0,yes
2025,TN,47105,Loudon,549300FX7K8PTEQUU487,PENTAGON FEDERAL CREDIT UNION,3,1,1,0.05,1,0,2,0,0,0,0,1,0,0,yes
2025,TN,47105,Loudon,549300HIVO8XPBPNVG69,,1,1,0,0.05,1,0,0,0,0,1,0,0,0,0,yes
2025,TN,47105,Loudon,549300IFOE4SCP384147,University Bank,2,1,1,0.05,2,0,0,0,0,1,0,0,0,0,yes
2025,TN,47105,Loudon,549300INKSPQCTELMO58,,1,1,0,0.05,0,0,1,0,0,0,0,1,0,0,yes
2025,TN,47105,Loudon,549300K2JM6ID3V5LO24,,1,1,0,0.05,1,0,0,0,0,1,0,0,0,0,yes
2025,TN,47105,Loudon,549300K4ZLGS7SRDTL86,Equity Prime Mortgage LLC,7,1,1,0.05,0,4,3,0,0,0,1,0,0,0,yes
2025,TN,47105,Loudon,549300K6K2IS7FRS7S09,,1,1,0,0.05,0,0,1,0,0,0,0,1,0,0,yes
2025,TN,47105,Loudon,549300K8UWGGY4IOR733,,1,1,0,0.05,1,0,0,0,0,1,0,0,0,0,yes
2025,TN,47105,Loudon,549300KM0M1BH7LBWW77,,1,1,0,0.05,1,0,0,0,0,1,0,0,0,0,yes
2025,TN,47105,Loudon,549300KQHWNSVCE2MY88,,1,1,0,0.05,0,0,1,0,0,0,0,1,0,0,yes
2025,TN,47105,Loudon,549300KR4ZW8KJC82O47,,1,1,0,0.05,0,0,1,0,0,0,0,1,0,0,yes
2025,TN,47105,Loudon,549300KSOOZZVXCMA627,ANGEL OAK MORTGAGE SOLUTIONS LLC,1,1,0,0.05,1,0,0,0,0,1,0,0,0,0,yes
2025,TN,47105,Loudon,549300LI3FDGO7UKFF39,EAST COAST CAPITAL CORP.,1,1,0,0.05,1,0,0,0,0,1,0,0,0,0,yes
2025,TN,47105,Loudon,549300MCPCNPQAOB4032,,1,1,0,0.05,1,0,0,0,0,1,0,0,0,0,yes
2025,TN,47105,Loudon,549300MHH03ICJYEPE85,,1,1,0,0.05,0,1,0,0,0,0,1,0,0,0,yes
2025,TN,47105,Loudon,549300MSU5WVAU4ZN645,,1,1,0,0.05,1,0,0,0,0,1,0,0,0,0,yes
2025,TN,47105,Loudon,549300N1YEXP02MHBR47,,1,1,0,0.05,1,0,0,0,0,1,0,0,0,0,yes
2025,TN,47105,Loudon,549300O6Z0I6KYMESL47,AMWEST FUNDING CORP.,1,1,0,0.05,1,0,0,0,0,1,0,0,0,0,yes
2025,TN,47105,Loudon,549300OIJ6O9DNP74L72,,4,1,2,0.05,4,0,0,0,0,1,0,0,0,0,yes
2025,TN,47105,Loudon,549300OPB0G5OMY0SM65,,2,1,0,0.05,2,0,0,0,0,1,0,0,0,0,yes
2025,TN,47105,Loudon,549300OS8C7J7ZWMNL70,,1,1,0,0.05,1,0,0,0,0,1,0,0,0,0,yes
2025,TN,47105,Loudon,549300PL267CW8182203,,1,1,0,0.05,0,1,0,0,0,0,1,0,0,0,yes
2025,TN,47105,Loudon,549300PL8ER6H23P0Z91,,1,1,0,0.05,1,0,0,0,0,1,0,0,0,0,yes
2025,TN,47105,Loudon,549300PQLK8E48ILXV41,,2,1,1,0.05,2,0,0,0,0,1,0,0,0,0,yes
2025,TN,47105,Loudon,549300Q10M1VXBG2H889,,7,1,3,0.05,2,5,0,0,0,0,1,0,0,0,yes
2025,TN,47105,Loudon,549300Q3ROEQU3D1IW91,,6,1,5,0.05,6,0,0,0,0,1,0,0,0,0,yes
2025,TN,47105,Loudon,549300Q50XCC0473FG63,,2,1,0,0.05,2,0,0,0,0,1,0,0,0,0,yes
2025,TN,47105,Loudon,549300QIUZLVR1OLDH55,,1,1,0,0.05,1,0,0,0,0,1,0,0,0,0,yes
2025,TN,47105,Loudon,549300R14I3DX6ZMWL07,,1,1,0,0.05,1,0,0,0,0,1,0,0,0,0,yes
2025,TN,47105,Loudon,549300R77W0P105C3S50,HOMEXPRESS MORTGAGE CORP.,3,1,2,0.05,3,0,0,0,0,1,0,0,0,0,yes
2025,TN,47105,Loudon,549300R9S3MVDV4MGF56,"CARRINGTON MORTGAGE SERVICES, LLC",3,1,1,0.05,2,1,0,0,0,1,0,0,0,0,yes
2025,TN,47105,Loudon,549300RA3E0BUFO7YZ21,"Hometown Equity Mortgage, LLC",1,1,0,0.05,1,0,0,0,0,1,0,0,0,0,yes
2025,TN,47105,Loudon,549300REENMLD2RN3W58,,1,1,0,0.05,0,0,1,0,0,0,0,1,0,0,yes
2025,TN,47105,Loudon,549300S5YL3OH0IVCS62,FINANCE OF AMERICA REVERSE LLC,1,1,0,0.05,0,1,0,0,0,0,1,0,0,0,yes
2025,TN,47105,Loudon,549300SHE1JTCOWBP090,STATE EMPLOYEES' CREDIT UNION,1,1,0,0.05,1,0,0,0,0,1,0,0,0,0,yes
2025,TN,47105,Loudon,549300T9P3WXNMXX0I34,Ixonia Bank,2,1,0,0.05,2,0,0,0,0,1,0,0,0,0,yes
2025,TN,47105,Loudon,549300TA4MQM8WN2XG31,,2,1,0,0.05,2,0,0,0,0,1,0,0,0,0,yes
2025,TN,47105,Loudon,549300TOOOOW36EX6R40,SUNCOAST CREDIT UNION,1,1,0,0.05,1,0,0,0,0,1,0,0,0,0,yes
2025,TN,47105,Loudon,549300W5A6PQ1VJG3497,,1,1,0,0.05,1,0,0,0,0,1,0,0,0,0,yes
2025,TN,47105,Loudon,549300WK15ESCDNJ5M35,CORNING FEDERAL CREDIT UNION,1,1,0,0.05,1,0,0,0,0,1,0,0,0,0,yes
2025,TN,47105,Loudon,549300XSS1CPK8G7B851,,1,1,0,0.05,1,0,0,0,0,1,0,0,0,0,yes
2025,TN,47105,Loudon,549300Y5Y88FQLI7VE83,DEEPHAVEN MORTGAGE LLC,2,1,0,0.05,2,0,0,0,0,1,0,0,0,0,yes
2025,TN,47105,Loudon,549300YDBNK66R6ZES34,,1,1,0,0.05,1,0,0,0,0,1,0,0,0,0,yes
2025,TN,47105,Loudon,549300YSLPB4FWL34Z59,,1,1,0,0.05,1,0,0,0,0,1,0,0,0,0,yes
2025,TN,47105,Loudon,549300ZIQ24V0C88AC41,GTE Federal Credit Union,1,1,0,0.05,1,0,0,0,0,1,0,0,0,0,yes
2025,TN,47105,Loudon,549300ZWNETGFXTBBY03,,2,1,0,0.05,1,1,0,0,0,1,0,0,0,0,yes
2025,TN,47105,Loudon,549300ZZME37MXI1EF14,,2,1,0,0.05,1,0,1,0,0,0,0,1,0,0,yes
2025,TN,47105,Loudon,8I3UVGYULPJQIP7FQV10,"SouthState Bank, National Association",1,1,0,0.05,1,0,0,0,0,1,0,0,0,0,yes
2025,TN,47105,Loudon,98450087981AP406JG03,,1,1,0,0.05,1,0,0,0,0,1,0,0,0,0,yes
2025,TN,47105,Loudon,984500CD6F0743B8F530,,1,1,0,0.05,0,1,0,0,0,0,1,0,0,0,yes
2025,TN,47105,Loudon,IUGPUX5LWRZ3B6KIZ697,Ameris Bank,1,1,0,0.05,1,0,0,0,0,1,0,0,0,0,yes
2025,TN,47105,Loudon,L9VVX1KT5TFTKS0MLF66,First-Citizens Bank & Trust Company,2,1,0,0.05,2,0,0,0,0,1,0,0,0,0,yes
2025,TN,47105,Loudon,MV4O55SH8HO6KQSGW013,,1,1,0,0.05,1,0,0,0,0,1,0,0,0,0,yes
2025,TN,47105,Loudon,Q7C315HKI8VX0SSKBS64,Cadence Bank,1,1,0,0.05,1,0,0,0,0,1,0,0,0,0,yes
2025,TN,47105,Loudon,X6T32LKEPUT8LQMW6755,,1,1,0,0.05,1,0,0,0,0,1,0,0,0,0,yes
2025,TN,47105,Loudon,XC7Z0BA39TU7L1AKOJ12,,1,1,0,0.05,1,0,0,0,0,1,0,0,0,0,yes
2025,TN,47105,Loudon,549300ALNLUNS3Y53T24,,8,0,4,0.0,3,4,1,0,0,0,0,0,0,0,yes
2025,TN,47105,Loudon,549300CB67L6KPJLHE19,"TRIAD FINANCIAL SERVICES, INC.",5,0,5,0.0,5,0,0,0,0,0,0,0,0,0,yes
2025,TN,47113,Madison,254900FJRICL380R4T46,Leaders Credit Union,662,458,85,21.14,540,98,7,17,0,380,64,5,9,0,yes
2025,TN,47113,Madison,549300FGXN1K3HLB1R50,"Rocket Mortgage, LLC",203,137,33,6.33,128,56,19,0,0,91,32,14,0,0,yes
2025,TN,47113,Madison,Q7C315HKI8VX0SSKBS64,Cadence Bank,196,128,45,5.91,181,13,2,0,0,117,9,2,0,0,yes
2025,TN,47113,Madison,EQTWLK1G7ODGC2MGLV11,Regions Bank,274,124,115,5.72,250,20,4,0,0,110,11,3,0,0,yes
2025,TN,47113,Madison,549300OBO7DOF2KOP535,FirstBank,129,97,16,4.48,113,14,1,1,0,87,8,1,1,0,yes
2025,TN,47113,Madison,549300P3JUY6QMZ8DY86,,87,72,3,3.32,85,1,1,0,0,72,0,0,0,0,yes
2025,TN,47113,Madison,549300R0SXC1JU7ZU290,"FIRST COMMUNITY MORTGAGE, INC.",97,72,7,3.32,24,63,5,5,0,17,46,4,5,0,yes
2025,TN,47113,Madison,549300VNBQD8FDHF7563,"MORTGAGE INVESTORS GROUP, INC.",80,70,2,3.23,40,31,7,2,0,37,26,5,2,0,yes
2025,TN,47113,Madison,549300HW662MN1WU8550,"United Wholesale Mortgage, LLC",116,65,20,3.0,33,38,45,0,0,14,22,29,0,0,yes
2025,TN,47113,Madison,549300DPRWSBUY619V27,,90,61,20,2.82,74,13,2,1,0,49,10,1,1,0,yes
2025,TN,47113,Madison,5493002HHKWZSFP7AI61,,52,50,0,2.31,52,0,0,0,0,50,0,0,0,0,yes
2025,TN,47113,Madison,549300YR7U7TZTQ1GH77,,60,50,1,2.31,60,0,0,0,0,50,0,0,0,0,yes
2025,TN,47113,Madison,549300DD5QQUHO6PCH70,"Movement Mortgage, LLC",77,38,19,1.75,3,3,71,0,0,1,1,36,0,0,yes
2025,TN,47113,Madison,RVDPPPGHCGZ40J4VQ731,Fairway Independent Mortgage Corporation,67,30,9,1.39,16,39,12,0,0,8,16,6,0,0,yes
2025,TN,47113,Madison,5493001SXWZ4OFP8Z903,"CrossCountry Mortgage, LLC",34,27,1,1.25,6,23,5,0,0,5,19,3,0,0,yes
2025,TN,47113,Madison,254900S61OCEX8MXZI58,,35,26,5,1.2,32,3,0,0,0,26,0,0,0,0,yes
2025,TN,47113,Madison,549300RN1POVRDD21477,,22,22,0,1.02,22,0,0,0,0,22,0,0,0,0,yes
2025,TN,47113,Madison,5493003GQDUH26DNNH17,Navy Federal Credit Union,39,21,6,0.97,24,0,15,0,0,13,0,8,0,0,yes
2025,TN,47113,Madison,549300LYRWPSYPK6S325,Guild Mortgage Company LLC,60,20,3,0.92,3,42,15,0,0,1,12,7,0,0,yes
2025,TN,47113,Madison,549300RZFHIGIM84KN09,,26,19,2,0.88,24,1,0,1,0,18,1,0,0,0,yes
2025,TN,47113,Madison,5493001TKHVR1XBO7H51,,26,18,5,0.83,26,0,0,0,0,18,0,0,0,0,yes
2025,TN,47113,Madison,549300K2JM6ID3V5LO24,,29,18,3,0.83,28,1,0,0,0,18,0,0,0,0,yes
2025,TN,47113,Madison,COOWI3L2W9TPYR3WJX37,First Horizon Bank,42,18,13,0.83,38,3,1,0,0,15,2,1,0,0,yes
2025,TN,47113,Madison,549300FNXYY540N23N64,Newrez LLC,51,16,9,0.74,26,13,12,0,0,9,1,6,0,0,yes
2025,TN,47113,Madison,549300LBCBNR1OT00651,NATIONSTAR MORTGAGE LLC,19,13,3,0.6,17,1,1,0,0,11,1,1,0,0,yes
2025,TN,47113,Madison,7H6GLXDRUGQFU57RNE97,"JPMorgan Chase Bank, National Association",21,13,0,0.6,17,2,2,0,0,12,0,1,0,0,yes
2025,TN,47113,Madison,549300MGPZBLQDIL7538,"PrimeLending, a PlainsCapital Company",15,12,1,0.55,6,6,3,0,0,5,5,2,0,0,yes
2025,TN,47113,Madison,549300YIQ7S7Z8PIHE53,AMERISAVE MORTGAGE CORPORATION,47,12,28,0.55,21,21,4,1,0,4,5,3,0,0,yes
2025,TN,47113,Madison,549300PONSHZ2J8TRD25,,10,10,0,0.46,10,0,0,0,0,10,0,0,0,0,yes
2025,TN,47113,Madison,549300R0L43GUZ8EW811,,12,10,1,0.46,7,3,2,0,0,6,3,1,0,0,yes
2025,TN,47113,Madison,549300SUCQ1358EGVE89,"NEW DAY FINANCIAL, LLC",43,10,13,0.46,0,4,39,0,0,0,0,10,0,0,yes
2025,TN,47113,Madison,54930049L5WINET09Q97,"CLICK N' CLOSE, INC.",14,8,1,0.37,3,5,1,5,0,2,3,0,3,0,yes
2025,TN,47113,Madison,5493007VODM6C3GLTV93,,12,8,1,0.37,12,0,0,0,0,8,0,0,0,0,yes
2025,TN,47113,Madison,549300E2UX99HKDBR481,"Broker Solutions, Inc.",33,8,6,0.37,11,21,1,0,0,3,5,0,0,0,yes
2025,TN,47113,Madison,549300PIL8LFAQ04XC20,Better Mortgage Corporation,27,8,13,0.37,27,0,0,0,0,8,0,0,0,0,yes
2025,TN,47113,Madison,549300RPOGWJRH63HS39,UNION HOME MORTGAGE CORP.,10,8,0,0.37,4,3,3,0,0,3,3,2,0,0,yes
2025,TN,47113,Madison,549300U3721PJGQZYY68,Nationstar Mortgage LLC,11,8,0,0.37,7,3,1,0,0,5,2,1,0,0,yes
2025,TN,47113,Madison,DRMSV1Q0EKMEXLAU1P80,"Citizens Bank, National Association",17,8,5,0.37,12,5,0,0,0,6,2,0,0,0,yes
2025,TN,47113,Madison,254900HA4DQWAE0W3342,"AMERIHOME MORTGAGE COMPANY, LLC",11,7,1,0.32,2,8,1,0,0,2,4,1,0,0,yes
2025,TN,47113,Madison,5493000YNV8IX4VD3X12,"VANDERBILT MORTGAGE AND FINANCE, INC.",94,7,42,0.32,94,0,0,0,0,7,0,0,0,0,yes
2025,TN,47113,Madison,5493001GCBD5XGNIC815,Coastal Community Bank,31,7,0,0.32,31,0,0,0,0,7,0,0,0,0,yes
2025,TN,47113,Madison,549300AG64NHILB7ZP05,"PennyMac Loan Services, LLC",14,7,6,0.32,5,9,0,0,0,3,4,0,0,0,yes
2025,TN,47113,Madison,549300O6Z0I6KYMESL47,AMWEST FUNDING CORP.,8,7,0,0.32,8,0,0,0,0,7,0,0,0,0,yes
2025,TN,47113,Madison,549300YN94MOAVYW0F52,"GoodLeap, LLC",21,7,8,0.32,13,7,1,0,0,5,2,0,0,0,yes
2025,TN,47113,Madison,984500ET710674536D72,,10,7,1,0.32,10,0,0,0,0,7,0,0,0,0,yes
2025,TN,47113,Madison,254900UL88QFG0E40516,FIGURE LENDING LLC,21,6,9,0.28,21,0,0,0,0,6,0,0,0,0,yes
2025,TN,47113,Madison,549300RFLICNI75BG067,Luminate Bank,17,6,0,0.28,8,8,1,0,0,3,2,1,0,0,yes
2025,TN,47113,Madison,549300VZVN841I2ILS84,Freedom Mortgage Corporation,13,6,3,0.28,3,10,0,0,0,1,5,0,0,0,yes
2025,TN,47113,Madison,549300XM1P1O0WI4KO86,,6,6,0,0.28,6,0,0,0,0,6,0,0,0,0,yes
2025,TN,47113,Madison,6BYL5QZYBDK8S7L73M02,U.S. Bank National Association,15,6,5,0.28,14,1,0,0,0,6,0,0,0,0,yes
2025,TN,47113,Madison,254900M2C4Q6DATP2889,,12,5,4,0.23,3,7,2,0,0,1,3,1,0,0,yes
2025,TN,47113,Madison,54930059GZZ7G4G40O53,Primis Mortgage Company,8,5,0,0.23,2,6,0,0,0,0,5,0,0,0,yes
2025,TN,47113,Madison,549300GKFNPRWNS0GF29,"AmeriHome Mortgage Company, LLC",10,5,0,0.23,6,2,2,0,0,3,0,2,0,0,yes
2025,TN,47113,Madison,549300NOCASXPA34X033,"LAKEVIEW LOAN SERVICING, LLC",12,5,6,0.23,5,6,1,0,0,2,2,1,0,0,yes
2025,TN,47113,Madison,549300OPCWU6E72WUT29,"MUTUAL OF OMAHA MORTGAGE, INC.",12,5,4,0.23,3,5,4,0,0,2,2,1,0,0,yes
2025,TN,47113,Madison,549300RN01LBYR8ZVX74,"LOWER, LLC",11,5,2,0.23,4,5,2,0,0,3,1,1,0,0,yes
2025,TN,47113,Madison,PAOOWF3GUFM46FBSP561,,13,5,1,0.23,7,5,1,0,0,4,0,1,0,0,yes
2025,TN,47113,Madison,25490066WMF8ZMQXQB18,"Lendage, LLC",6,4,2,0.18,6,0,0,0,0,4,0,0,0,0,yes
2025,TN,47113,Madison,254900DTLHVWQ7NP7R34,"CMG Mortgage, Inc.",5,4,0,0.18,5,0,0,0,0,4,0,0,0,0,yes
2025,TN,47113,Madison,254900S72Y8VX4GAD318,,4,4,0,0.18,4,0,0,0,0,4,0,0,0,0,yes
2025,TN,47113,Madison,254900U2ZPLWQTSD3158,,6,4,0,0.18,5,0,1,0,0,4,0,0,0,0,yes
2025,TN,47113,Madison,5493002B2WMHY23GFK92,"AMERICAN FINANCIAL RESOURCES, INC.",8,4,1,0.18,1,3,3,1,0,1,2,1,0,0,yes
2025,TN,47113,Madison,549300BLL6VL7AXWYP56,,5,4,0,0.18,3,0,2,0,0,3,0,1,0,0,yes
2025,TN,47113,Madison,549300R7HGHP2I754087,TOWNE MORTGAGE COMPANY,4,4,0,0.18,1,3,0,0,0,1,3,0,0,0,yes
2025,TN,47113,Madison,549300R9S3MVDV4MGF56,"CARRINGTON MORTGAGE SERVICES, LLC",23,4,12,0.18,11,11,1,0,0,3,1,0,0,0,yes
2025,TN,47113,Madison,549300RP3DLR09NF6157,,4,4,0,0.18,2,2,0,0,0,2,2,0,0,0,yes
2025,TN,47113,Madison,549300VORTI31GZTJL53,"CARDINAL FINANCIAL COMPANY, LIMITED PARTNERSHIP",4,4,0,0.18,1,2,1,0,0,1,2,1,0,0,yes
2025,TN,47113,Madison,549300Y5Y88FQLI7VE83,DEEPHAVEN MORTGAGE LLC,4,4,0,0.18,4,0,0,0,0,4,0,0,0,0,yes
2025,TN,47113,Madison,984500RF83EA742B5589,,7,4,0,0.18,7,0,0,0,0,4,0,0,0,0,yes
2025,TN,47113,Madison,C5654JQHZUHN0772B561,USAA Federal Savings Bank,5,4,1,0.18,2,0,3,0,0,2,0,2,0,0,yes
2025,TN,47113,Madison,254900ZFWS2106HWPH46,"PARAMOUNT RESIDENTIAL MORTGAGE GROUP, INC.",3,3,0,0.14,2,1,0,0,0,2,1,0,0,0,yes
2025,TN,47113,Madison,549300095ABBENNWE160,,3,3,0,0.14,3,0,0,0,0,3,0,0,0,0,yes
2025,TN,47113,Madison,5493001WHVQBGRSWEU75,"HOMEBRIDGE FINANCIAL SERVICES, INC.",4,3,1,0.14,3,0,1,0,0,2,0,1,0,0,yes
2025,TN,47113,Madison,549300370QILXLFUWD20,"ZILLOW HOME LOANS, LLC",5,3,0,0.14,3,2,0,0,0,2,1,0,0,0,yes
2025,TN,47113,Madison,5493003QDHMW1W0GEH16,,4,3,0,0.14,4,0,0,0,0,3,0,0,0,0,yes
2025,TN,47113,Madison,5493006JISETNI0GLE61,,4,3,1,0.14,4,0,0,0,0,3,0,0,0,0,yes
2025,TN,47113,Madison,549300AQ3T62GXDU7D76,Ally Bank,3,3,0,0.14,1,1,1,0,0,1,1,1,0,0,yes
2025,TN,47113,Madison,549300CY7WNAHKHYSJ73,,3,3,0,0.14,3,0,0,0,0,3,0,0,0,0,yes
2025,TN,47113,Madison,549300GTVXJ2PGXNLM73,T2 FINANCIAL LLC,3,3,0,0.14,1,2,0,0,0,1,2,0,0,0,yes
2025,TN,47113,Madison,549300K4ZLGS7SRDTL86,Equity Prime Mortgage LLC,11,3,1,0.14,0,5,6,0,0,0,0,3,0,0,yes
2025,TN,47113,Madison,549300PCSJGT8XU10K84,,4,3,0,0.14,4,0,0,0,0,3,0,0,0,0,yes
2025,TN,47113,Madison,549300PXIFIEPL7D7R86,,4,3,0,0.14,1,3,0,0,0,1,2,0,0,0,yes
2025,TN,47113,Madison,549300QR0KFPEDZPEI42,,6,3,1,0.14,3,3,0,0,0,3,0,0,0,0,yes
2025,TN,47113,Madison,549300RTWPH3HXUWR160,,4,3,0,0.14,4,0,0,0,0,3,0,0,0,0,yes
2025,TN,47113,Madison,549300TA4MQM8WN2XG31,,6,3,0,0.14,6,0,0,0,0,3,0,0,0,0,yes
2025,TN,47113,Madison,549300VCMRO4ST680C11,VILLAGE CAPITAL & INVESTMENT LLC,18,3,4,0.14,0,11,7,0,0,0,0,3,0,0,yes
2025,TN,47113,Madison,549300XQVJ1XBNFA5536,21ST MORTGAGE CORPORATION,62,3,30,0.14,62,0,0,0,0,3,0,0,0,0,yes
2025,TN,47113,Madison,549300YW2UBCMDRMBT48,,3,3,0,0.14,1,2,0,0,0,1,2,0,0,0,yes
2025,TN,47113,Madison,KB1H1DSPRFMYMCUFXT09,"Wells Fargo Bank, National Association",6,3,0,0.14,4,1,1,0,0,1,1,1,0,0,yes
2025,TN,47113,Madison,254900CTT87ZKAUTIJ37,,3,2,0,0.09,3,0,0,0,0,2,0,0,0,0,yes
2025,TN,47113,Madison,254900O2K17TNH5CL873,"RF RENOVO MANAGEMENT COMPANY, LLC",2,2,0,0.09,2,0,0,0,0,2,0,0,0,0,yes
2025,TN,47113,Madison,254900YR8UZ7F37G6E87,,2,2,0,0.09,2,0,0,0,0,2,0,0,0,0,yes
2025,TN,47113,Madison,54930021WPEXNHYZUL09,"PLANET HOME LENDING, LLC",3,2,1,0.09,0,1,2,0,0,0,1,1,0,0,yes
2025,TN,47113,Madison,5493002XCPKQYCZ56W55,,2,2,0,0.09,2,0,0,0,0,2,0,0,0,0,yes
2025,TN,47113,Madison,5493004T38NMC864VL66,,2,2,0,0.09,2,0,0,0,0,2,0,0,0,0,yes
2025,TN,47113,Madison,5493004VB8XJ1L0EOO76,,2,2,0,0.09,2,0,0,0,0,2,0,0,0,0,yes
2025,TN,47113,Madison,54930054ET8KM4O1D485,"SOFI BANK, NATIONAL ASSOCIATION",11,2,1,0.09,11,0,0,0,0,2,0,0,0,0,yes
2025,TN,47113,Madison,5493006P5IHSK77SZ855,,2,2,0,0.09,1,1,0,0,0,1,1,0,0,0,yes
2025,TN,47113,Madison,5493008CPTDVOS570626,"Primary Residential Mortgage, Inc.",2,2,0,0.09,2,0,0,0,0,2,0,0,0,0,yes
2025,TN,47113,Madison,5493008NWHQT1R22C024,"AMERICAN FINANCIAL NETWORK, INC.",4,2,0,0.09,1,3,0,0,0,0,2,0,0,0,yes
2025,TN,47113,Madison,549300AENO88GEUWCZ39,,2,2,0,0.09,1,1,0,0,0,1,1,0,0,0,yes
2025,TN,47113,Madison,549300DCGBXW5FJMV921,,2,2,0,0.09,2,0,0,0,0,2,0,0,0,0,yes
2025,TN,47113,Madison,549300DD4R4SYK5RAQ92,"Cardinal Financial Company, Limited Partnership",2,2,0,0.09,2,0,0,0,0,2,0,0,0,0,yes
2025,TN,47113,Madison,549300DU662K57XBSH20,,2,2,0,0.09,2,0,0,0,0,2,0,0,0,0,yes
2025,TN,47113,Madison,549300E1PJPTI4YS7H26,ASCEND FEDERAL CREDIT UNION,2,2,0,0.09,2,0,0,0,0,2,0,0,0,0,yes
2025,TN,47113,Madison,549300FX7K8PTEQUU487,PENTAGON FEDERAL CREDIT UNION,3,2,1,0.09,3,0,0,0,0,2,0,0,0,0,yes
2025,TN,47113,Madison,549300HTKHBMJL4D9734,,2,2,0,0.09,2,0,0,0,0,2,0,0,0,0,yes
2025,TN,47113,Madison,549300IJ8KTGYPKLXK63,,2,2,0,0.09,1,1,0,0,0,1,1,0,0,0,yes
2025,TN,47113,Madison,549300KJ8PAJ7E52HG32,Plains Commerce Bank,2,2,0,0.09,1,1,0,0,0,1,1,0,0,0,yes
2025,TN,47113,Madison,549300KSOOZZVXCMA627,ANGEL OAK MORTGAGE SOLUTIONS LLC,3,2,0,0.09,3,0,0,0,0,2,0,0,0,0,yes
2025,TN,47113,Madison,549300LZUXCJFE5ONM48,,3,2,0,0.09,0,3,0,0,0,0,2,0,0,0,yes
2025,TN,47113,Madison,549300PBTV7FCWLSMM53,,3,2,0,0.09,0,1,2,0,0,0,1,1,0,0,yes
2025,TN,47113,Madison,549300PJ2WT35S77Q208,,2,2,0,0.09,0,1,0,1,0,0,1,0,1,0,yes
2025,TN,47113,Madison,549300Q50XCC0473FG63,,3,2,1,0.09,3,0,0,0,0,2,0,0,0,0,yes
2025,TN,47113,Madison,549300RYBJHWWDENV610,Alcova Mortgage LLC,2,2,0,0.09,0,2,0,0,0,0,2,0,0,0,yes
2025,TN,47113,Madison,549300S8SHBRCI7UU819,,2,2,0,0.09,2,0,0,0,0,2,0,0,0,0,yes
2025,TN,47113,Madison,549300SK2GVCQXPD4S58,"SUN WEST MORTGAGE COMPANY, INC.",13,2,2,0.09,9,1,3,0,0,0,1,1,0,0,yes
2025,TN,47113,Madison,549300TGWKRP2P13MO72,,2,2,0,0.09,2,0,0,0,0,2,0,0,0,0,yes
2025,TN,47113,Madison,549300UT4EN6IH579Q63,,3,2,1,0.09,0,3,0,0,0,0,2,0,0,0,yes
2025,TN,47113,Madison,549300XY701IELCE5Q08,BETTER MORTGAGE CORPORATION,5,2,2,0.09,4,1,0,0,0,1,1,0,0,0,yes
2025,TN,47113,Madison,984500F03B9034CQB904,,3,2,0,0.09,3,0,0,0,0,2,0,0,0,0,yes
2025,TN,47113,Madison,AD6GFRVSDT01YPT1CS68,"PNC Bank, National Association",5,2,1,0.09,4,0,1,0,0,1,0,1,0,0,yes
2025,TN,47113,Madison,B4TYDEB6GKMZO031MB27,"Guaranteed Rate, Inc.",11,2,5,0.09,10,1,0,0,0,2,0,0,0,0,yes
2025,TN,47113,Madison,X05BVSK68TQ7YTOSNR22,Discover Bank,17,2,12,0.09,17,0,0,0,0,2,0,0,0,0,yes
2025,TN,47113,Madison,2549004FXPNKCLIN8250,,2,1,0,0.05,0,2,0,0,0,0,1,0,0,0,yes
2025,TN,47113,Madison,2549004Z576VEJBK3N72,"NQM FUNDING, LLC",2,1,1,0.05,2,0,0,0,0,1,0,0,0,0,yes
2025,TN,47113,Madison,2549007JQKHU8KQ0FC19,,1,1,0,0.05,1,0,0,0,0,1,0,0,0,0,yes
2025,TN,47113,Madison,2549007UK2BZOOSF6C76,,1,1,0,0.05,1,0,0,0,0,1,0,0,0,0,yes
2025,TN,47113,Madison,254900E6AIE4Z8YQM970,Citadel Servicing Corporation,1,1,0,0.05,1,0,0,0,0,1,0,0,0,0,yes
2025,TN,47113,Madison,254900RQX8N4HXJIDK44,,1,1,0,0.05,0,1,0,0,0,0,1,0,0,0,yes
2025,TN,47113,Madison,254900RUCO27MVGTO768,LOAN FUNDER LLC,7,1,1,0.05,7,0,0,0,0,1,0,0,0,0,yes
2025,TN,47113,Madison,254900SG0DG9VHV3LR79,,1,1,0,0.05,1,0,0,0,0,1,0,0,0,0,yes
2025,TN,47113,Madison,254900TTZ395IC926125,,1,1,0,0.05,1,0,0,0,0,1,0,0,0,0,yes
2025,TN,47113,Madison,254900V9842QPBGIO804,,2,1,1,0.05,2,0,0,0,0,1,0,0,0,0,yes
2025,TN,47113,Madison,254900WO60HTEULEHM24,,1,1,0,0.05,1,0,0,0,0,1,0,0,0,0,yes
2025,TN,47113,Madison,254900WTZC5SSKIN2M11,,1,1,0,0.05,1,0,0,0,0,1,0,0,0,0,yes
2025,TN,47113,Madison,3Y4U8VZURTYWI1W2K376,,2,1,1,0.05,2,0,0,0,0,1,0,0,0,0,yes
2025,TN,47113,Madison,54930001NSTOD85LT125,"GUARANTEED RATE AFFINITY, LLC",2,1,0,0.05,1,0,1,0,0,0,0,1,0,0,yes
2025,TN,47113,Madison,54930002O9LLXKR6TF11,,1,1,0,0.05,1,0,0,0,0,1,0,0,0,0,yes
2025,TN,47113,Madison,5493000EUC3MM52PJV85,,1,1,0,0.05,1,0,0,0,0,1,0,0,0,0,yes
2025,TN,47113,Madison,5493001GDRY0EL7VG372,"ARK-LA-TEX FINANCIAL SERVICES, LLC.",2,1,0,0.05,0,2,0,0,0,0,1,0,0,0,yes
2025,TN,47113,Madison,5493001UYBOONMFYPR30,"Legacy Home Loans, LLC",1,1,0,0.05,1,0,0,0,0,1,0,0,0,0,yes
2025,TN,47113,Madison,54930021DZJ9CEN11D61,,1,1,0,0.05,1,0,0,0,0,1,0,0,0,0,yes
2025,TN,47113,Madison,5493002N5OA6GM61AC70,,1,1,0,0.05,1,0,0,0,0,1,0,0,0,0,yes
2025,TN,47113,Madison,54930030Z1JWTP3SVD16,,2,1,0,0.05,0,2,0,0,0,0,1,0,0,0,yes
2025,TN,47113,Madison,54930043BMDE130FJ617,"PROVIDENT FUNDING ASSOCIATES, L.P.",1,1,0,0.05,1,0,0,0,0,1,0,0,0,0,yes
2025,TN,47113,Madison,5493005NU5BA00C1N451,,1,1,0,0.05,0,0,1,0,0,0,0,1,0,0,yes
2025,TN,47113,Madison,5493005PKOSG7MYX0B34,"Prosperity Home Mortgage, LLC",1,1,0,0.05,1,0,0,0,0,1,0,0,0,0,yes
2025,TN,47113,Madison,5493005QK4NV0ZZ5EM64,,1,1,0,0.05,1,0,0,0,0,1,0,0,0,0,yes
2025,TN,47113,Madison,5493005XMJQ1GSXUGT67,,1,1,0,0.05,0,1,0,0,0,0,1,0,0,0,yes
2025,TN,47113,Madison,5493006VAGP3GQ8FJT49,"Kiavi Funding, Inc.",1,1,0,0.05,1,0,0,0,0,1,0,0,0,0,yes
2025,TN,47113,Madison,54930072OCHTUJOZQB56,,1,1,0,0.05,1,0,0,0,0,1,0,0,0,0,yes
2025,TN,47113,Madison,5493008Q3XBC7O0Q4X02,,2,1,1,0.05,2,0,0,0,0,1,0,0,0,0,yes
2025,TN,47113,Madison,5493008SP1FN4D81IS17,,1,1,0,0.05,1,0,0,0,0,1,0,0,0,0,yes
2025,TN,47113,Madison,549300A5HHOL2ED18C72,,1,1,0,0.05,1,0,0,0,0,1,0,0,0,0,yes
2025,TN,47113,Madison,549300ALNLUNS3Y53T24,,5,1,1,0.05,2,2,1,0,0,0,1,0,0,0,yes
2025,TN,47113,Madison,549300AT7EB9FJAF0E61,Old National Bank,1,1,0,0.05,1,0,0,0,0,1,0,0,0,0,yes
2025,TN,47113,Madison,549300B2JJHSM77T5Y41,,1,1,0,0.05,1,0,0,0,0,1,0,0,0,0,yes
2025,TN,47113,Madison,549300BEXTNMA3CARO05,,1,1,0,0.05,1,0,0,0,0,1,0,0,0,0,yes
2025,TN,47113,Madison,549300BX448ALT10FI43,The Federal Savings Bank,4,1,0,0.05,0,0,4,0,0,0,0,1,0,0,yes
2025,TN,47113,Madison,549300CDOC4F7XSRG390,Pinnacle Bank,1,1,0,0.05,1,0,0,0,0,1,0,0,0,0,yes
2025,TN,47113,Madison,549300CUUEEQ66ZVK149,,2,1,0,0.05,0,1,1,0,0,0,0,1,0,0,yes
2025,TN,47113,Madison,549300DDLYW49R2HCV81,EASTMAN CREDIT UNION,1,1,0,0.05,1,0,0,0,0,1,0,0,0,0,yes
2025,TN,47113,Madison,549300EFCZM6KD6B8K69,MORTGAGE ACCESS CORP.,1,1,0,0.05,1,0,0,0,0,1,0,0,0,0,yes
2025,TN,47113,Madison,549300GRGZDEH4ZGQS06,WATERSTONE MORTGAGE CORPORATION,1,1,0,0.05,1,0,0,0,0,1,0,0,0,0,yes
2025,TN,47113,Madison,549300GYK7N8U42X9587,,1,1,0,0.05,1,0,0,0,0,1,0,0,0,0,yes
2025,TN,47113,Madison,549300HGDJQ37M5BE268,,1,1,0,0.05,1,0,0,0,0,1,0,0,0,0,yes
2025,TN,47113,Madison,549300HVW3AI97UKTO72,,1,1,0,0.05,1,0,0,0,0,1,0,0,0,0,yes
2025,TN,47113,Madison,549300IRXW9RSZM2B951,,3,1,1,0.05,2,1,0,0,0,0,1,0,0,0,yes
2025,TN,47113,Madison,549300J7I82PNDVU8H22,"OCMBC, INC.",1,1,0,0.05,1,0,0,0,0,1,0,0,0,0,yes
2025,TN,47113,Madison,549300JQEF6V2RNWCC75,,1,1,0,0.05,1,0,0,0,0,1,0,0,0,0,yes
2025,TN,47113,Madison,549300JYXTZDSPJEPI44,"PLAZA HOME MORTGAGE, INC.",2,1,0,0.05,1,1,0,0,0,0,1,0,0,0,yes
2025,TN,47113,Madison,549300KM0M1BH7LBWW77,,2,1,1,0.05,0,1,1,0,0,0,0,1,0,0,yes
2025,TN,47113,Madison,549300MCIFZSDHUT8X63,"NFM, INC.",1,1,0,0.05,0,0,1,0,0,0,0,1,0,0,yes
2025,TN,47113,Madison,549300MUMD1WPCSXT518,,1,1,0,0.05,1,0,0,0,0,1,0,0,0,0,yes
2025,TN,47113,Madison,549300MZ8VZJOVC63092,"KIND LENDING, LLC",2,1,1,0.05,0,2,0,0,0,0,1,0,0,0,yes
2025,TN,47113,Madison,549300NWBS6MQJX15N44,,1,1,0,0.05,1,0,0,0,0,1,0,0,0,0,yes
2025,TN,47113,Madison,549300OIJ6O9DNP74L72,,2,1,1,0.05,2,0,0,0,0,1,0,0,0,0,yes
2025,TN,47113,Madison,549300OYEKEORA1GI088,,1,1,0,0.05,0,0,1,0,0,0,0,1,0,0,yes
2025,TN,47113,Madison,549300PQLK8E48ILXV41,,1,1,0,0.05,1,0,0,0,0,1,0,0,0,0,yes
2025,TN,47113,Madison,549300Q3ROEQU3D1IW91,,1,1,0,0.05,1,0,0,0,0,1,0,0,0,0,yes
2025,TN,47113,Madison,549300RBN5KM5RUFOE42,,1,1,0,0.05,0,1,0,0,0,0,1,0,0,0,yes
2025,TN,47113,Madison,549300REENMLD2RN3W58,,1,1,0,0.05,0,0,0,1,0,0,0,0,1,0,yes
2025,TN,47113,Madison,549300S5YL3OH0IVCS62,FINANCE OF AMERICA REVERSE LLC,2,1,0,0.05,0,2,0,0,0,0,1,0,0,0,yes
2025,TN,47113,Madison,549300SHE1JTCOWBP090,STATE EMPLOYEES' CREDIT UNION,1,1,0,0.05,1,0,0,0,0,1,0,0,0,0,yes
2025,TN,47113,Madison,549300T9P3WXNMXX0I34,Ixonia Bank,1,1,0,0.05,0,1,0,0,0,0,1,0,0,0,yes
2025,TN,47113,Madison,549300TWLXP5O4IHG211,,1,1,0,0.05,1,0,0,0,0,1,0,0,0,0,yes
2025,TN,47113,Madison,549300VQUTI5IU7GXT57,,1,1,0,0.05,1,0,0,0,0,1,0,0,0,0,yes
2025,TN,47113,Madison,549300WYBPIWKK6SQC06,,1,1,0,0.05,1,0,0,0,0,1,0,0,0,0,yes
2025,TN,47113,Madison,549300XCVBRR56D08F03,,3,1,0,0.05,3,0,0,0,0,1,0,0,0,0,yes
2025,TN,47113,Madison,549300Y4BSP3BSFW7J29,,1,1,0,0.05,1,0,0,0,0,1,0,0,0,0,yes
2025,TN,47113,Madison,549300YD7XJM19TH5O82,,2,1,0,0.05,2,0,0,0,0,1,0,0,0,0,yes
2025,TN,47113,Madison,549300YDBNK66R6ZES34,,1,1,0,0.05,1,0,0,0,0,1,0,0,0,0,yes
2025,TN,47113,Madison,549300YMIOLU51FSTO86,"CONSTRUCTIVE LOANS, LLC",1,1,0,0.05,1,0,0,0,0,1,0,0,0,0,yes
2025,TN,47113,Madison,549300ZGTXNHL5BKQZ27,,1,1,0,0.05,0,1,0,0,0,0,1,0,0,0,yes
2025,TN,47113,Madison,549300ZIQ24V0C88AC41,GTE Federal Credit Union,1,1,0,0.05,1,0,0,0,0,1,0,0,0,0,yes
2025,TN,47113,Madison,549300ZPSJZO10ZAX556,"AMERICAN HERITAGE LENDING, LLC",1,1,0,0.05,1,0,0,0,0,1,0,0,0,0,yes
2025,TN,47113,Madison,984500C6D3DC0BE5E321,,1,1,0,0.05,1,0,0,0,0,1,0,0,0,0,yes
2025,TN,47113,Madison,984500U2F9A83N391A91,"CHAMPIONS FUNDING, LLC",1,1,0,0.05,1,0,0,0,0,1,0,0,0,0,yes
2025,TN,47113,Madison,JJKC32MCHWDI71265Z06,Truist Bank,6,1,4,0.05,6,0,0,0,0,1,0,0,0,0,yes
2025,TN,47113,Madison,L9VVX1KT5TFTKS0MLF66,First-Citizens Bank & Trust Company,2,1,1,0.05,2,0,0,0,0,1,0,0,0,0,yes
2025,TN,47113,Madison,SS1TRMSN6BRNMOREEV51,"Flagstar Bank, National Association",4,1,2,0.05,1,3,0,0,0,0,1,0,0,0,yes
2025,TN,47113,Madison,T68X8LLAQYRNDV034K14,United Community Bank,3,1,2,0.05,3,0,0,0,0,1,0,0,0,0,yes
2025,TN,47113,Madison,ZXMJHJK466PBZTM5F379,,1,1,0,0.05,1,0,0,0,0,1,0,0,0,0,yes
2025,TN,47113,Madison,54930091JQKCU3Z6IP44,,7,0,0,0.0,7,0,0,0,0,0,0,0,0,0,yes
2025,TN,47113,Madison,549300CB67L6KPJLHE19,"TRIAD FINANCIAL SERVICES, INC.",15,0,9,0.0,15,0,0,0,0,0,0,0,0,0,yes
2025,TN,47113,Madison,549300Q10M1VXBG2H889,,8,0,1,0.0,2,3,3,0,0,0,0,0,0,0,yes
2025,TN,47119,Maury,549300FGXN1K3HLB1R50,"Rocket Mortgage, LLC",367,268,60,7.22,278,57,32,0,0,206,41,21,0,0,yes
2025,TN,47119,Maury,549300HW662MN1WU8550,"United Wholesale Mortgage, LLC",289,232,17,6.25,152,77,58,2,0,129,55,46,2,0,yes
2025,TN,47119,Maury,549300H3IZO24NSOO931,"loanDepot.com, LLC",170,131,15,3.53,113,48,9,0,0,84,39,8,0,0,yes
2025,TN,47119,Maury,549300GKFNPRWNS0GF29,"AmeriHome Mortgage Company, LLC",170,125,3,3.37,93,51,16,10,0,70,36,12,7,0,yes
2025,TN,47119,Maury,EQTWLK1G7ODGC2MGLV11,Regions Bank,232,116,87,3.13,224,7,1,0,0,112,3,1,0,0,yes
2025,TN,47119,Maury,T68X8LLAQYRNDV034K14,United Community Bank,172,114,44,3.07,164,8,0,0,0,110,4,0,0,0,yes
2025,TN,47119,Maury,549300OBO7DOF2KOP535,FirstBank,96,84,3,2.26,87,5,3,1,0,77,3,3,1,0,yes
2025,TN,47119,Maury,549300E1PJPTI4YS7H26,ASCEND FEDERAL CREDIT UNION,128,82,22,2.21,126,2,0,0,0,81,1,0,0,0,yes
2025,TN,47119,Maury,254900VKT2R0R20CR104,,107,81,16,2.18,107,0,0,0,0,81,0,0,0,0,yes
2025,TN,47119,Maury,5493004WMLN60ZJ2ON46,"Paramount Residential Mortgage Group, Inc.",106,79,9,2.13,76,22,8,0,0,58,16,5,0,0,yes
2025,TN,47119,Maury,549300R0SXC1JU7ZU290,"FIRST COMMUNITY MORTGAGE, INC.",88,79,4,2.13,59,27,2,0,0,55,22,2,0,0,yes
2025,TN,47119,Maury,549300KBWX4NV5Q1E376,"NVR Mortgage Finance, Inc.",81,77,1,2.08,40,32,9,0,0,38,31,8,0,0,yes
2025,TN,47119,Maury,549300MGPZBLQDIL7538,"PrimeLending, a PlainsCapital Company",112,64,3,1.73,50,49,13,0,0,33,26,5,0,0,yes
2025,TN,47119,Maury,549300VZVN841I2ILS84,Freedom Mortgage Corporation,106,63,8,1.7,66,31,9,0,0,41,14,8,0,0,yes
2025,TN,47119,Maury,RVDPPPGHCGZ40J4VQ731,Fairway Independent Mortgage Corporation,121,56,9,1.51,58,44,18,1,0,30,21,5,0,0,yes
2025,TN,47119,Maury,2549000VVDQ9NNW01Q23,,64,55,4,1.48,64,0,0,0,0,55,0,0,0,0,yes
2025,TN,47119,Maury,5493001HHBUTXHS7TZ96,HOMEAMERICAN MORTGAGE CORPORATION,73,55,5,1.48,35,31,7,0,0,26,23,6,0,0,yes
2025,TN,47119,Maury,6BYL5QZYBDK8S7L73M02,U.S. Bank National Association,94,50,32,1.35,92,2,0,0,0,48,2,0,0,0,yes
2025,TN,47119,Maury,54930072OCHTUJOZQB56,,59,48,3,1.29,54,3,1,1,0,45,1,1,1,0,yes
2025,TN,47119,Maury,549300LYRWPSYPK6S325,Guild Mortgage Company LLC,105,45,12,1.21,17,56,32,0,0,9,22,14,0,0,yes
2025,TN,47119,Maury,QFROUN1UWUYU0DVIWD51,"Eagle Home Mortgage, LLC",94,44,30,1.19,92,1,1,0,0,44,0,0,0,0,yes
2025,TN,47119,Maury,COOWI3L2W9TPYR3WJX37,First Horizon Bank,66,43,18,1.16,64,1,1,0,0,42,1,0,0,0,yes
2025,TN,47119,Maury,549300AG64NHILB7ZP05,"PennyMac Loan Services, LLC",74,42,17,1.13,38,27,9,0,0,21,16,5,0,0,yes
2025,TN,47119,Maury,5493000YNV8IX4VD3X12,"VANDERBILT MORTGAGE AND FINANCE, INC.",134,40,38,1.08,126,6,2,0,0,34,4,2,0,0,yes
2025,TN,47119,Maury,549300BLL6VL7AXWYP56,,63,40,0,1.08,53,6,4,0,0,34,4,2,0,0,yes
2025,TN,47119,Maury,549300E2UX99HKDBR481,"Broker Solutions, Inc.",83,39,4,1.05,45,35,3,0,0,25,13,1,0,0,yes
2025,TN,47119,Maury,5493006JISETNI0GLE61,,49,33,8,0.89,49,0,0,0,0,33,0,0,0,0,yes
2025,TN,47119,Maury,5493001UYBOONMFYPR30,"Legacy Home Loans, LLC",44,32,3,0.86,34,9,1,0,0,29,3,0,0,0,yes
2025,TN,47119,Maury,5493007VW2EU20PZYU97,INSPIRE HOME LOANS INC.,37,31,1,0.84,18,19,0,0,0,15,16,0,0,0,yes
2025,TN,47119,Maury,549300DD5QQUHO6PCH70,"Movement Mortgage, LLC",92,30,17,0.81,9,1,82,0,0,0,1,29,0,0,yes
2025,TN,47119,Maury,549300KHXD7JSQUZIJ22,,39,30,0,0.81,25,13,1,0,0,19,10,1,0,0,yes
2025,TN,47119,Maury,549300LBCBNR1OT00651,NATIONSTAR MORTGAGE LLC,43,29,5,0.78,36,4,3,0,0,26,2,1,0,0,yes
2025,TN,47119,Maury,549300LTKCJV903ZQR25,,34,29,0,0.78,33,1,0,0,0,28,1,0,0,0,yes
2025,TN,47119,Maury,254900UL88QFG0E40516,FIGURE LENDING LLC,44,28,6,0.75,44,0,0,0,0,28,0,0,0,0,yes
2025,TN,47119,Maury,5493000QUE28T1SH6H86,,41,28,5,0.75,39,0,0,2,0,28,0,0,0,0,yes
2025,TN,47119,Maury,549300FNXYY540N23N64,Newrez LLC,72,28,8,0.75,38,17,16,1,0,14,5,8,1,0,yes
2025,TN,47119,Maury,549300U3721PJGQZYY68,Nationstar Mortgage LLC,53,27,5,0.73,33,16,4,0,0,16,8,3,0,0,yes
2025,TN,47119,Maury,54930059GZZ7G4G40O53,Primis Mortgage Company,35,25,1,0.67,18,13,3,1,0,14,8,3,0,0,yes
2025,TN,47119,Maury,549300TYV7NDBX6FUR63,"JET HOMELOANS, LP",39,24,1,0.65,31,7,1,0,0,20,4,0,0,0,yes
2025,TN,47119,Maury,254900DTLHVWQ7NP7R34,"CMG Mortgage, Inc.",23,22,0,0.59,23,0,0,0,0,22,0,0,0,0,yes
2025,TN,47119,Maury,5493003GQDUH26DNNH17,Navy Federal Credit Union,42,22,10,0.59,30,0,12,0,0,16,0,6,0,0,yes
2025,TN,47119,Maury,549300PIL8LFAQ04XC20,Better Mortgage Corporation,57,22,27,0.59,57,0,0,0,0,22,0,0,0,0,yes
2025,TN,47119,Maury,549300Y6WN08IC7KWH70,TRAILBLAZER MORTGAGE L.L.C.,33,22,3,0.59,5,26,2,0,0,5,16,1,0,0,yes
2025,TN,47119,Maury,B4TYDEB6GKMZO031MB27,"Guaranteed Rate, Inc.",56,22,23,0.59,56,0,0,0,0,22,0,0,0,0,yes
2025,TN,47119,Maury,549300PXL1KA5TOL2O82,"M/I FINANCIAL, LLC",25,21,0,0.57,9,15,1,0,0,8,12,1,0,0,yes
2025,TN,47119,Maury,549300DMYENRV818D594,,29,20,5,0.54,25,4,0,0,0,17,3,0,0,0,yes
2025,TN,47119,Maury,549300CDOC4F7XSRG390,Pinnacle Bank,35,19,10,0.51,33,2,0,0,0,18,1,0,0,0,yes
2025,TN,47119,Maury,549300YIQ7S7Z8PIHE53,AMERISAVE MORTGAGE CORPORATION,49,19,28,0.51,34,14,1,0,0,12,7,0,0,0,yes
2025,TN,47119,Maury,549300AT7EB9FJAF0E61,Old National Bank,22,18,2,0.49,19,1,1,1,0,16,0,1,1,0,yes
2025,TN,47119,Maury,549300OPCWU6E72WUT29,"MUTUAL OF OMAHA MORTGAGE, INC.",29,17,8,0.46,15,12,2,0,0,11,4,2,0,0,yes
2025,TN,47119,Maury,549300VNBQD8FDHF7563,"MORTGAGE INVESTORS GROUP, INC.",21,17,1,0.46,17,3,0,1,0,14,3,0,0,0,yes
2025,TN,47119,Maury,549300X8AUU3UC1ULZ79,,28,17,3,0.46,21,4,3,0,0,14,2,1,0,0,yes
2025,TN,47119,Maury,7H6GLXDRUGQFU57RNE97,"JPMorgan Chase Bank, National Association",39,17,2,0.46,36,1,2,0,0,14,1,2,0,0,yes
2025,TN,47119,Maury,JJKC32MCHWDI71265Z06,Truist Bank,36,17,12,0.46,35,0,1,0,0,16,0,1,0,0,yes
2025,TN,47119,Maury,Q7C315HKI8VX0SSKBS64,Cadence Bank,26,17,3,0.46,22,4,0,0,0,15,2,0,0,0,yes
2025,TN,47119,Maury,5493001GCBD5XGNIC815,Coastal Community Bank,53,16,3,0.43,53,0,0,0,0,16,0,0,0,0,yes
2025,TN,47119,Maury,549300DD4R4SYK5RAQ92,"Cardinal Financial Company, Limited Partnership",24,16,0,0.43,20,2,1,1,0,13,2,0,1,0,yes
2025,TN,47119,Maury,549300WYBPIWKK6SQC06,,20,16,2,0.43,15,4,1,0,0,12,4,0,0,0,yes
2025,TN,47119,Maury,254900PVWALA7JTBXA31,WILSON BANK AND TRUST,20,14,2,0.38,20,0,0,0,0,14,0,0,0,0,yes
2025,TN,47119,Maury,549300MZ8VZJOVC63092,"KIND LENDING, LLC",23,14,6,0.38,8,6,7,2,0,5,4,3,2,0,yes
2025,TN,47119,Maury,549300KIOYNU323LVJ37,AMERICAN PACIFIC MORTGAGE CORPORATION,18,13,2,0.35,15,1,2,0,0,10,1,2,0,0,yes
2025,TN,47119,Maury,549300ZWNETGFXTBBY03,,23,13,1,0.35,10,9,4,0,0,5,5,3,0,0,yes
2025,TN,47119,Maury,5493001WHVQBGRSWEU75,"HOMEBRIDGE FINANCIAL SERVICES, INC.",16,12,2,0.32,15,0,1,0,0,11,0,1,0,0,yes
2025,TN,47119,Maury,549300QWOZZB97053F11,,12,12,0,0.32,6,5,1,0,0,6,5,1,0,0,yes
2025,TN,47119,Maury,549300R9S3MVDV4MGF56,"CARRINGTON MORTGAGE SERVICES, LLC",25,12,10,0.32,8,13,4,0,0,5,5,2,0,0,yes
2025,TN,47119,Maury,549300RP3DLR09NF6157,,16,12,1,0.32,6,6,4,0,0,4,5,3,0,0,yes
2025,TN,47119,Maury,X6T32LKEPUT8LQMW6755,,19,12,2,0.32,18,1,0,0,0,12,0,0,0,0,yes
2025,TN,47119,Maury,5493002B2WMHY23GFK92,"AMERICAN FINANCIAL RESOURCES, INC.",18,11,1,0.3,9,5,4,0,0,6,2,3,0,0,yes
2025,TN,47119,Maury,549300CB67L6KPJLHE19,"TRIAD FINANCIAL SERVICES, INC.",16,11,3,0.3,16,0,0,0,0,11,0,0,0,0,yes
2025,TN,47119,Maury,DRMSV1Q0EKMEXLAU1P80,"Citizens Bank, National Association",17,11,4,0.3,15,0,2,0,0,10,0,1,0,0,yes
2025,TN,47119,Maury,549300B4IYL7TZT8FA34,,12,10,0,0.27,5,6,1,0,0,4,5,1,0,0,yes
2025,TN,47119,Maury,549300RN01LBYR8ZVX74,"LOWER, LLC",15,10,1,0.27,12,2,1,0,0,9,0,1,0,0,yes
2025,TN,47119,Maury,549300V8CF81JGIV7038,,11,10,0,0.27,8,3,0,0,0,7,3,0,0,0,yes
2025,TN,47119,Maury,549300VCMRO4ST680C11,VILLAGE CAPITAL & INVESTMENT LLC,23,10,3,0.27,1,4,18,0,0,0,2,8,0,0,yes
2025,TN,47119,Maury,IUGPUX5LWRZ3B6KIZ697,Ameris Bank,14,10,0,0.27,11,1,2,0,0,8,0,2,0,0,yes
2025,TN,47119,Maury,25490066WMF8ZMQXQB18,"Lendage, LLC",13,9,2,0.24,13,0,0,0,0,9,0,0,0,0,yes
2025,TN,47119,Maury,254900ZFWS2106HWPH46,"PARAMOUNT RESIDENTIAL MORTGAGE GROUP, INC.",13,9,0,0.24,9,2,1,1,0,6,2,0,1,0,yes
2025,TN,47119,Maury,549300A0SVCQJPHVGV20,,9,9,0,0.24,9,0,0,0,0,9,0,0,0,0,yes
2025,TN,47119,Maury,549300G6RZM5T8NQJW74,,13,9,1,0.24,12,0,1,0,0,9,0,0,0,0,yes
2025,TN,47119,Maury,549300NOCASXPA34X033,"LAKEVIEW LOAN SERVICING, LLC",48,9,22,0.24,23,19,6,0,0,2,7,0,0,0,yes
2025,TN,47119,Maury,549300RPOGWJRH63HS39,UNION HOME MORTGAGE CORP.,13,9,0,0.24,11,2,0,0,0,7,2,0,0,0,yes
2025,TN,47119,Maury,549300XY701IELCE5Q08,BETTER MORTGAGE CORPORATION,25,9,3,0.24,21,4,0,0,0,8,1,0,0,0,yes
2025,TN,47119,Maury,254900YR8UZ7F37G6E87,,8,8,0,0.22,8,0,0,0,0,8,0,0,0,0,yes
2025,TN,47119,Maury,549300K4ZLGS7SRDTL86,Equity Prime Mortgage LLC,13,8,1,0.22,0,5,5,3,0,0,2,3,3,0,yes
2025,TN,47119,Maury,AD6GFRVSDT01YPT1CS68,"PNC Bank, National Association",17,8,4,0.22,17,0,0,0,0,8,0,0,0,0,yes
2025,TN,47119,Maury,54930021WPEXNHYZUL09,"PLANET HOME LENDING, LLC",7,7,0,0.19,4,2,1,0,0,4,2,1,0,0,yes
2025,TN,47119,Maury,5493002RF1ERFA2XR050,Renasant Bank,8,7,0,0.19,8,0,0,0,0,7,0,0,0,0,yes
2025,TN,47119,Maury,5493003V40VGM7YDFM54,FIRST COLONY MORTGAGE CORPORATION,9,7,0,0.19,7,2,0,0,0,6,1,0,0,0,yes
2025,TN,47119,Maury,54930049L5WINET09Q97,"CLICK N' CLOSE, INC.",10,7,0,0.19,6,4,0,0,0,4,3,0,0,0,yes
2025,TN,47119,Maury,54930054ET8KM4O1D485,"SOFI BANK, NATIONAL ASSOCIATION",26,7,3,0.19,24,0,2,0,0,7,0,0,0,0,yes
2025,TN,47119,Maury,5493008CPTDVOS570626,"Primary Residential Mortgage, Inc.",9,7,1,0.19,9,0,0,0,0,7,0,0,0,0,yes
2025,TN,47119,Maury,549300IJ8KTGYPKLXK63,,9,7,0,0.19,6,2,1,0,0,5,1,1,0,0,yes
2025,TN,47119,Maury,549300MCIFZSDHUT8X63,"NFM, INC.",9,7,0,0.19,8,1,0,0,0,6,1,0,0,0,yes
2025,TN,47119,Maury,549300RM1IZYGQDSNL85,,10,7,0,0.19,7,2,1,0,0,6,0,1,0,0,yes
2025,TN,47119,Maury,549300T9P3WXNMXX0I34,Ixonia Bank,9,7,0,0.19,7,0,2,0,0,6,0,1,0,0,yes
2025,TN,47119,Maury,549300VMX06UV1F7NS76,,11,7,0,0.19,6,4,1,0,0,5,1,1,0,0,yes
2025,TN,47119,Maury,KB1H1DSPRFMYMCUFXT09,"Wells Fargo Bank, National Association",15,7,3,0.19,13,1,1,0,0,7,0,0,0,0,yes
2025,TN,47119,Maury,254900M2C4Q6DATP2889,,8,6,1,0.16,2,4,2,0,0,2,3,1,0,0,yes
2025,TN,47119,Maury,5493005NU5BA00C1N451,,8,6,0,0.16,5,2,1,0,0,4,1,1,0,0,yes
2025,TN,47119,Maury,5493008NWHQT1R22C024,"AMERICAN FINANCIAL NETWORK, INC.",13,6,2,0.16,5,8,0,0,0,1,5,0,0,0,yes
2025,TN,47119,Maury,549300FZ8E0GLIFFYB55,,7,6,1,0.16,7,0,0,0,0,6,0,0,0,0,yes
2025,TN,47119,Maury,549300RYBJHWWDENV610,Alcova Mortgage LLC,6,6,0,0.16,5,0,0,1,0,5,0,0,1,0,yes
2025,TN,47119,Maury,C5654JQHZUHN0772B561,USAA Federal Savings Bank,14,6,3,0.16,4,0,10,0,0,1,0,5,0,0,yes
2025,TN,47119,Maury,PAOOWF3GUFM46FBSP561,,16,6,0,0.16,6,4,6,0,0,2,2,2,0,0,yes
2025,TN,47119,Maury,254900IUXHAK73AEH918,,8,5,1,0.13,8,0,0,0,0,5,0,0,0,0,yes
2025,TN,47119,Maury,5493004T9SQFCNRQ2L76,,5,5,0,0.13,1,4,0,0,0,1,4,0,0,0,yes
2025,TN,47119,Maury,54930052M48FOD3CWA54,"PRIMARY RESIDENTIAL MORTGAGE, INC.",5,5,0,0.13,4,0,1,0,0,4,0,1,0,0,yes
2025,TN,47119,Maury,5493006VAGP3GQ8FJT49,"Kiavi Funding, Inc.",8,5,1,0.13,8,0,0,0,0,5,0,0,0,0,yes
2025,TN,47119,Maury,549300ALNLUNS3Y53T24,,16,5,5,0.13,3,9,4,0,0,1,3,1,0,0,yes
2025,TN,47119,Maury,549300J7I82PNDVU8H22,"OCMBC, INC.",11,5,0,0.13,11,0,0,0,0,5,0,0,0,0,yes
2025,TN,47119,Maury,549300LROQOOQU77WS20,,8,5,0,0.13,8,0,0,0,0,5,0,0,0,0,yes
2025,TN,47119,Maury,549300LXKO1O7CSK5J52,,8,5,0,0.13,6,2,0,0,0,4,1,0,0,0,yes
2025,TN,47119,Maury,549300MHH03ICJYEPE85,,8,5,2,0.13,0,8,0,0,0,0,5,0,0,0,yes
2025,TN,47119,Maury,549300QR0KFPEDZPEI42,,12,5,1,0.13,11,1,0,0,0,4,1,0,0,0,yes
2025,TN,47119,Maury,549300R0L43GUZ8EW811,,5,5,0,0.13,4,0,1,0,0,4,0,1,0,0,yes
2025,TN,47119,Maury,549300RTWPH3HXUWR160,,6,5,0,0.13,6,0,0,0,0,5,0,0,0,0,yes
2025,TN,47119,Maury,549300XQVJ1XBNFA5536,21ST MORTGAGE CORPORATION,27,5,7,0.13,27,0,0,0,0,5,0,0,0,0,yes
2025,TN,47119,Maury,549300XSS1CPK8G7B851,,6,5,0,0.13,5,1,0,0,0,4,1,0,0,0,yes
2025,TN,47119,Maury,984500U2F9A83N391A91,"CHAMPIONS FUNDING, LLC",9,5,3,0.13,9,0,0,0,0,5,0,0,0,0,yes
2025,TN,47119,Maury,213800XR2TCBQJSF1X93,,6,4,0,0.11,5,0,1,0,0,3,0,1,0,0,yes
2025,TN,47119,Maury,254900WTZC5SSKIN2M11,,5,4,0,0.11,5,0,0,0,0,4,0,0,0,0,yes
2025,TN,47119,Maury,2WHM8VNJH63UN14OL754,The Huntington National Bank,5,4,0,0.11,5,0,0,0,0,4,0,0,0,0,yes
2025,TN,47119,Maury,54930030Z1JWTP3SVD16,,6,4,0,0.11,3,3,0,0,0,2,2,0,0,0,yes
2025,TN,47119,Maury,5493005ICQ3QGEIWV618,UNITED MORTGAGE CORP.,4,4,0,0.11,1,1,2,0,0,1,1,2,0,0,yes
2025,TN,47119,Maury,5493008VVXQIDO1EZ460,,6,4,1,0.11,5,1,0,0,0,3,1,0,0,0,yes
2025,TN,47119,Maury,549300CTISSNREVLNO46,,6,4,1,0.11,6,0,0,0,0,4,0,0,0,0,yes
2025,TN,47119,Maury,549300GTVXJ2PGXNLM73,T2 FINANCIAL LLC,6,4,2,0.11,3,3,0,0,0,2,2,0,0,0,yes
2025,TN,47119,Maury,549300ISCZS1R0CJMO47,,5,4,0,0.11,4,0,1,0,0,3,0,1,0,0,yes
2025,TN,47119,Maury,549300KJ8PAJ7E52HG32,Plains Commerce Bank,12,4,2,0.11,8,2,2,0,0,2,1,1,0,0,yes
2025,TN,47119,Maury,549300Q50XCC0473FG63,,7,4,2,0.11,7,0,0,0,0,4,0,0,0,0,yes
2025,TN,47119,Maury,549300RZFHIGIM84KN09,,8,4,0,0.11,5,2,1,0,0,3,0,1,0,0,yes
2025,TN,47119,Maury,549300S8SHBRCI7UU819,,6,4,1,0.11,6,0,0,0,0,4,0,0,0,0,yes
2025,TN,47119,Maury,549300TWLXP5O4IHG211,,4,4,0,0.11,4,0,0,0,0,4,0,0,0,0,yes
2025,TN,47119,Maury,549300UG7QXKM7KGV847,,5,4,0,0.11,5,0,0,0,0,4,0,0,0,0,yes
2025,TN,47119,Maury,549300UXY7OP0IC38293,,9,4,1,0.11,7,2,0,0,0,3,1,0,0,0,yes
2025,TN,47119,Maury,549300VORTI31GZTJL53,"CARDINAL FINANCIAL COMPANY, LIMITED PARTNERSHIP",5,4,0,0.11,0,4,1,0,0,0,3,1,0,0,yes
2025,TN,47119,Maury,549300YN94MOAVYW0F52,"GoodLeap, LLC",4,4,0,0.11,1,1,2,0,0,1,1,2,0,0,yes
2025,TN,47119,Maury,254900WEP08K7U7S3A80,,4,3,1,0.08,2,2,0,0,0,2,1,0,0,0,yes
2025,TN,47119,Maury,254900WQCRCK13A7DC81,,3,3,0,0.08,3,0,0,0,0,3,0,0,0,0,yes
2025,TN,47119,Maury,5493000QYMPN362T6V61,,5,3,0,0.08,4,0,1,0,0,3,0,0,0,0,yes
2025,TN,47119,Maury,54930015645SYPOM7220,,3,3,0,0.08,1,2,0,0,0,1,2,0,0,0,yes
2025,TN,47119,Maury,5493004AS1SPBQOFDR49,"Change Lending, LLC",5,3,1,0.08,5,0,0,0,0,3,0,0,0,0,yes
2025,TN,47119,Maury,5493004OB0KD7VERQW98,,4,3,0,0.08,4,0,0,0,0,3,0,0,0,0,yes
2025,TN,47119,Maury,5493005QMX3SJKDTQZ62,,3,3,0,0.08,3,0,0,0,0,3,0,0,0,0,yes
2025,TN,47119,Maury,5493009RSCJ6Y7LUWJ31,,3,3,0,0.08,3,0,0,0,0,3,0,0,0,0,yes
2025,TN,47119,Maury,549300AQ3T62GXDU7D76,Ally Bank,6,3,0,0.08,2,4,0,0,0,1,2,0,0,0,yes
2025,TN,47119,Maury,549300DPRWSBUY619V27,,6,3,2,0.08,6,0,0,0,0,3,0,0,0,0,yes
2025,TN,47119,Maury,549300F8C5JA44WNMI75,AMERICAN NEIGHBORHOOD MORTGAGE ACCEPTANCE COMPANY LLC,5,3,0,0.08,0,5,0,0,0,0,3,0,0,0,yes
2025,TN,47119,Maury,549300FX7K8PTEQUU487,PENTAGON FEDERAL CREDIT UNION,8,3,5,0.08,8,0,0,0,0,3,0,0,0,0,yes
2025,TN,47119,Maury,549300G5DVGM0ZHRQC33,,4,3,0,0.08,0,0,4,0,0,0,0,3,0,0,yes
2025,TN,47119,Maury,549300K2JM6ID3V5LO24,,3,3,0,0.08,3,0,0,0,0,3,0,0,0,0,yes
2025,TN,47119,Maury,549300RYWXR8TL5LIK35,,3,3,0,0.08,1,1,1,0,0,1,1,1,0,0,yes
2025,TN,47119,Maury,549300S5YL3OH0IVCS62,FINANCE OF AMERICA REVERSE LLC,4,3,1,0.08,0,4,0,0,0,0,3,0,0,0,yes
2025,TN,47119,Maury,549300SMD444BM2WO947,,3,3,0,0.08,3,0,0,0,0,3,0,0,0,0,yes
2025,TN,47119,Maury,549300SUCQ1358EGVE89,"NEW DAY FINANCIAL, LLC",19,3,3,0.08,0,1,18,0,0,0,0,3,0,0,yes
2025,TN,47119,Maury,549300Y5Y88FQLI7VE83,DEEPHAVEN MORTGAGE LLC,9,3,5,0.08,9,0,0,0,0,3,0,0,0,0,yes
2025,TN,47119,Maury,549300YRN588YD6VNJ18,,4,3,1,0.08,4,0,0,0,0,3,0,0,0,0,yes
2025,TN,47119,Maury,549300ZPSJZO10ZAX556,"AMERICAN HERITAGE LENDING, LLC",4,3,0,0.08,4,0,0,0,0,3,0,0,0,0,yes
2025,TN,47119,Maury,98450087981AP406JG03,,3,3,0,0.08,3,0,0,0,0,3,0,0,0,0,yes
2025,TN,47119,Maury,Q708HHR4LD2B7XIZNO92,First Federal Bank,3,3,0,0.08,1,0,2,0,0,1,0,2,0,0,yes
2025,TN,47119,Maury,WKN6AF1FCL7BBYGTGI83,,5,3,2,0.08,5,0,0,0,0,3,0,0,0,0,yes
2025,TN,47119,Maury,2549001SI0EMFPT39035,"Cornerstone First Mortgage, Inc",4,2,1,0.05,3,1,0,0,0,2,0,0,0,0,yes
2025,TN,47119,Maury,2549004FXPNKCLIN8250,,2,2,0,0.05,2,0,0,0,0,2,0,0,0,0,yes
2025,TN,47119,Maury,2549005SIVTHG14U2905,A&D Mortgage LLC,3,2,0,0.05,3,0,0,0,0,2,0,0,0,0,yes
2025,TN,47119,Maury,254900AD895KKZTSFT42,,2,2,0,0.05,2,0,0,0,0,2,0,0,0,0,yes
2025,TN,47119,Maury,254900CTT87ZKAUTIJ37,,5,2,1,0.05,5,0,0,0,0,2,0,0,0,0,yes
2025,TN,47119,Maury,254900E6AIE4Z8YQM970,Citadel Servicing Corporation,2,2,0,0.05,2,0,0,0,0,2,0,0,0,0,yes
2025,TN,47119,Maury,254900HA4DQWAE0W3342,"AMERIHOME MORTGAGE COMPANY, LLC",9,2,1,0.05,3,5,1,0,0,1,1,0,0,0,yes
2025,TN,47119,Maury,254900HEJ9F73IMPX887,,7,2,0,0.05,7,0,0,0,0,2,0,0,0,0,yes
2025,TN,47119,Maury,254900QXDYW5OTSNTL04,,3,2,0,0.05,1,2,0,0,0,0,2,0,0,0,yes
2025,TN,47119,Maury,254900RUCO27MVGTO768,LOAN FUNDER LLC,6,2,0,0.05,6,0,0,0,0,2,0,0,0,0,yes
2025,TN,47119,Maury,254900WT4HAMDFWH3048,,4,2,0,0.05,0,4,0,0,0,0,2,0,0,0,yes
2025,TN,47119,Maury,254900YA1AQXNM8QVZ06,,2,2,0,0.05,2,0,0,0,0,2,0,0,0,0,yes
2025,TN,47119,Maury,54930034MNPILHP25H80,Gateway First Bank,2,2,0,0.05,2,0,0,0,0,2,0,0,0,0,yes
2025,TN,47119,Maury,5493005PKOSG7MYX0B34,"Prosperity Home Mortgage, LLC",4,2,0,0.05,2,2,0,0,0,1,1,0,0,0,yes
2025,TN,47119,Maury,5493006MRGHEPWMR2015,,3,2,0,0.05,3,0,0,0,0,2,0,0,0,0,yes
2025,TN,47119,Maury,5493008P6YO2KM3EO556,,3,2,0,0.05,3,0,0,0,0,2,0,0,0,0,yes
2025,TN,47119,Maury,5493008Q3XBC7O0Q4X02,,2,2,0,0.05,2,0,0,0,0,2,0,0,0,0,yes
2025,TN,47119,Maury,549300CUUEEQ66ZVK149,,4,2,0,0.05,0,4,0,0,0,0,2,0,0,0,yes
2025,TN,47119,Maury,549300H12E7AUMUHP294,,2,2,0,0.05,1,1,0,0,0,1,1,0,0,0,yes
2025,TN,47119,Maury,549300IFOE4SCP384147,University Bank,3,2,0,0.05,2,1,0,0,0,1,1,0,0,0,yes
2025,TN,47119,Maury,549300INFJ8TYNZ1G568,,2,2,0,0.05,2,0,0,0,0,2,0,0,0,0,yes
2025,TN,47119,Maury,549300JQEF6V2RNWCC75,,2,2,0,0.05,2,0,0,0,0,2,0,0,0,0,yes
2025,TN,47119,Maury,549300JYXTZDSPJEPI44,"PLAZA HOME MORTGAGE, INC.",3,2,1,0.05,2,1,0,0,0,2,0,0,0,0,yes
2025,TN,47119,Maury,549300KWKWPEKL40WD44,,2,2,0,0.05,2,0,0,0,0,2,0,0,0,0,yes
2025,TN,47119,Maury,549300KX4S1573HISS22,,5,2,0,0.05,5,0,0,0,0,2,0,0,0,0,yes
2025,TN,47119,Maury,549300NFPC3Y4W3Y7R87,,3,2,0,0.05,1,2,0,0,0,0,2,0,0,0,yes
2025,TN,47119,Maury,549300NWBS6MQJX15N44,,2,2,0,0.05,2,0,0,0,0,2,0,0,0,0,yes
2025,TN,47119,Maury,549300O6Z0I6KYMESL47,AMWEST FUNDING CORP.,2,2,0,0.05,2,0,0,0,0,2,0,0,0,0,yes
2025,TN,47119,Maury,549300OWLJ3NG26J9N79,,2,2,0,0.05,2,0,0,0,0,2,0,0,0,0,yes
2025,TN,47119,Maury,549300PBTV7FCWLSMM53,,3,2,1,0.05,0,1,2,0,0,0,1,1,0,0,yes
2025,TN,47119,Maury,549300PL267CW8182203,,7,2,2,0.05,0,3,4,0,0,0,0,2,0,0,yes
2025,TN,47119,Maury,549300QIUZLVR1OLDH55,,2,2,0,0.05,2,0,0,0,0,2,0,0,0,0,yes
2025,TN,47119,Maury,549300R77W0P105C3S50,HOMEXPRESS MORTGAGE CORP.,3,2,1,0.05,3,0,0,0,0,2,0,0,0,0,yes
2025,TN,47119,Maury,549300R7HGHP2I754087,TOWNE MORTGAGE COMPANY,2,2,0,0.05,0,2,0,0,0,0,2,0,0,0,yes
2025,TN,47119,Maury,549300SK2GVCQXPD4S58,"SUN WEST MORTGAGE COMPANY, INC.",8,2,2,0.05,0,3,5,0,0,0,1,1,0,0,yes
2025,TN,47119,Maury,549300SY0ZRUCS4CSY07,,2,2,0,0.05,2,0,0,0,0,2,0,0,0,0,yes
2025,TN,47119,Maury,549300UR5AOWTJJ7KZ64,,3,2,0,0.05,3,0,0,0,0,2,0,0,0,0,yes
2025,TN,47119,Maury,549300UVOSI4XZZGUE14,,4,2,1,0.05,0,4,0,0,0,0,2,0,0,0,yes
2025,TN,47119,Maury,549300V6F7N9BL5STN83,,2,2,0,0.05,0,2,0,0,0,0,2,0,0,0,yes
2025,TN,47119,Maury,549300VQUTI5IU7GXT57,,5,2,0,0.05,4,1,0,0,0,2,0,0,0,0,yes
2025,TN,47119,Maury,549300VXXDSMSH313G18,,4,2,2,0.05,4,0,0,0,0,2,0,0,0,0,yes
2025,TN,47119,Maury,549300XWUSRVVOHPRY47,Academy Mortgage Corporation,4,2,0,0.05,3,1,0,0,0,1,1,0,0,0,yes
2025,TN,47119,Maury,549300YW2UBCMDRMBT48,,3,2,0,0.05,1,2,0,0,0,0,2,0,0,0,yes
2025,TN,47119,Maury,549300ZGTRKCDKOVEQ80,,5,2,0,0.05,4,1,0,0,0,1,1,0,0,0,yes
2025,TN,47119,Maury,549300ZIQ24V0C88AC41,GTE Federal Credit Union,2,2,0,0.05,2,0,0,0,0,2,0,0,0,0,yes
2025,TN,47119,Maury,593C3GZG957YOJPS2Z63,,2,2,0,0.05,2,0,0,0,0,2,0,0,0,0,yes
2025,TN,47119,Maury,CKVBED0S4DMLKJJ5XH28,,2,2,0,0.05,2,0,0,0,0,2,0,0,0,0,yes
2025,TN,47119,Maury,E57ODZWZ7FF32TWEFA76,"Citibank, National Association",2,2,0,0.05,2,0,0,0,0,2,0,0,0,0,yes
2025,TN,47119,Maury,SS1TRMSN6BRNMOREEV51,"Flagstar Bank, National Association",4,2,1,0.05,3,0,1,0,0,1,0,1,0,0,yes
2025,TN,47119,Maury,X05BVSK68TQ7YTOSNR22,Discover Bank,27,2,13,0.05,27,0,0,0,0,2,0,0,0,0,yes
2025,TN,47119,Maury,01J4SO3XTWZF4PP38209,,2,1,0,0.03,1,1,0,0,0,0,1,0,0,0,yes
2025,TN,47119,Maury,2549007JQKHU8KQ0FC19,,1,1,0,0.03,1,0,0,0,0,1,0,0,0,0,yes
2025,TN,47119,Maury,254900ACU16O36WZP625,,1,1,0,0.03,1,0,0,0,0,1,0,0,0,0,yes
2025,TN,47119,Maury,254900BX43CTU32Z6G15,,1,1,0,0.03,1,0,0,0,0,1,0,0,0,0,yes
2025,TN,47119,Maury,254900DTLB5WWMBJAD86,,1,1,0,0.03,1,0,0,0,0,1,0,0,0,0,yes
2025,TN,47119,Maury,254900FBWEZ3YUPOBN33,,2,1,1,0.03,2,0,0,0,0,1,0,0,0,0,yes
2025,TN,47119,Maury,254900FJRICL380R4T46,Leaders Credit Union,2,1,1,0.03,2,0,0,0,0,1,0,0,0,0,yes
2025,TN,47119,Maury,254900HL2VMAYA3J5494,,1,1,0,0.03,1,0,0,0,0,1,0,0,0,0,yes
2025,TN,47119,Maury,254900JH11ROOV921P96,,2,1,0,0.03,0,0,2,0,0,0,0,1,0,0,yes
2025,TN,47119,Maury,254900LP2WHZQ61VBS60,,1,1,0,0.03,1,0,0,0,0,1,0,0,0,0,yes
2025,TN,47119,Maury,254900MQ4O1DX3N88207,,1,1,0,0.03,1,0,0,0,0,1,0,0,0,0,yes
2025,TN,47119,Maury,254900O28OG3UMHXQY81,,1,1,0,0.03,0,1,0,0,0,0,1,0,0,0,yes
2025,TN,47119,Maury,254900O723MCLR701H50,,4,1,3,0.03,2,2,0,0,0,1,0,0,0,0,yes
2025,TN,47119,Maury,254900RQX8N4HXJIDK44,,3,1,0,0.03,2,1,0,0,0,0,1,0,0,0,yes
2025,TN,47119,Maury,254900TTZ395IC926125,,2,1,1,0.03,2,0,0,0,0,1,0,0,0,0,yes
2025,TN,47119,Maury,54930002O9LLXKR6TF11,,1,1,0,0.03,0,0,1,0,0,0,0,1,0,0,yes
2025,TN,47119,Maury,5493000EUC3MM52PJV85,,1,1,0,0.03,1,0,0,0,0,1,0,0,0,0,yes
2025,TN,47119,Maury,5493000H6DFDDJRORG89,,2,1,0,0.03,1,1,0,0,0,1,0,0,0,0,yes
2025,TN,47119,Maury,5493000XC2Y1SLXRQP11,,1,1,0,0.03,0,1,0,0,0,0,1,0,0,0,yes
2025,TN,47119,Maury,5493001TKHVR1XBO7H51,,1,1,0,0.03,1,0,0,0,0,1,0,0,0,0,yes
2025,TN,47119,Maury,5493002N5OA6GM61AC70,,1,1,0,0.03,1,0,0,0,0,1,0,0,0,0,yes
2025,TN,47119,Maury,5493002QRULT2T40BH09,,1,1,0,0.03,1,0,0,0,0,1,0,0,0,0,yes
2025,TN,47119,Maury,5493002TJKC8NLH1ZP82,,3,1,1,0.03,0,1,2,0,0,0,0,1,0,0,yes
2025,TN,47119,Maury,54930030S6J5KOL5LJ73,FAIRWINDS CREDIT UNION,1,1,0,0.03,1,0,0,0,0,1,0,0,0,0,yes
2025,TN,47119,Maury,549300323EON4W3CCM44,"RESICENTRAL, LLC",2,1,0,0.03,2,0,0,0,0,1,0,0,0,0,yes
2025,TN,47119,Maury,54930039UO39UJGI7078,TowneBank,1,1,0,0.03,1,0,0,0,0,1,0,0,0,0,yes
2025,TN,47119,Maury,54930043BMDE130FJ617,"PROVIDENT FUNDING ASSOCIATES, L.P.",3,1,1,0.03,3,0,0,0,0,1,0,0,0,0,yes
2025,TN,47119,Maury,54930048P8RWCQHQM310,,2,1,0,0.03,2,0,0,0,0,1,0,0,0,0,yes
2025,TN,47119,Maury,5493004K0Z4RFJSPYT52,,1,1,0,0.03,1,0,0,0,0,1,0,0,0,0,yes
2025,TN,47119,Maury,5493004T38NMC864VL66,,1,1,0,0.03,1,0,0,0,0,1,0,0,0,0,yes
2025,TN,47119,Maury,5493005XMJQ1GSXUGT67,,1,1,0,0.03,1,0,0,0,0,1,0,0,0,0,yes
2025,TN,47119,Maury,5493006P5IHSK77SZ855,,1,1,0,0.03,0,1,0,0,0,0,1,0,0,0,yes
2025,TN,47119,Maury,5493007CLWQN2S6IZK91,,1,1,0,0.03,1,0,0,0,0,1,0,0,0,0,yes
2025,TN,47119,Maury,5493007CXTOHZ2JBEJ61,"THE MORTGAGE FIRM, INC.",2,1,0,0.03,1,1,0,0,0,1,0,0,0,0,yes
2025,TN,47119,Maury,54930080168VA6Z8UX21,TOWER Federal Credit Union,2,1,1,0.03,2,0,0,0,0,1,0,0,0,0,yes
2025,TN,47119,Maury,5493008RSN6F31BTGT93,,1,1,0,0.03,1,0,0,0,0,1,0,0,0,0,yes
2025,TN,47119,Maury,54930091CYUK2SDZ6D37,,1,1,0,0.03,1,0,0,0,0,1,0,0,0,0,yes
2025,TN,47119,Maury,54930091JQKCU3Z6IP44,,6,1,1,0.03,6,0,0,0,0,1,0,0,0,0,yes
2025,TN,47119,Maury,5493009B17HXCVXTD608,"JMAC LENDING, INC.",2,1,0,0.03,0,1,1,0,0,0,1,0,0,0,yes
2025,TN,47119,Maury,5493009F6BJDCZMZ7Y26,,1,1,0,0.03,1,0,0,0,0,1,0,0,0,0,yes
2025,TN,47119,Maury,549300A5HHOL2ED18C72,,2,1,0,0.03,2,0,0,0,0,1,0,0,0,0,yes
2025,TN,47119,Maury,549300AG10BX85DF5S49,MLD MORTGAGE INC.,1,1,0,0.03,1,0,0,0,0,1,0,0,0,0,yes
2025,TN,47119,Maury,549300AJ6XFK1ACXWQ06,,1,1,0,0.03,1,0,0,0,0,1,0,0,0,0,yes
2025,TN,47119,Maury,549300BM4NS8HDJT3X28,"INTERCOASTAL MORTGAGE, LLC",1,1,0,0.03,0,0,1,0,0,0,0,1,0,0,yes
2025,TN,47119,Maury,549300BOXNV8VLRBDT24,,2,1,0,0.03,2,0,0,0,0,1,0,0,0,0,yes
2025,TN,47119,Maury,549300BRSSSUNB0U6552,,1,1,0,0.03,1,0,0,0,0,1,0,0,0,0,yes
2025,TN,47119,Maury,549300BX448ALT10FI43,The Federal Savings Bank,8,1,0,0.03,1,2,5,0,0,1,0,0,0,0,yes
2025,TN,47119,Maury,549300C8GOC4OYUV0Z32,,1,1,0,0.03,1,0,0,0,0,1,0,0,0,0,yes
2025,TN,47119,Maury,549300COIWXM618UBE82,,3,1,2,0.03,3,0,0,0,0,1,0,0,0,0,yes
2025,TN,47119,Maury,549300DG3IV05V4C4E03,,2,1,0,0.03,2,0,0,0,0,1,0,0,0,0,yes
2025,TN,47119,Maury,549300E0S1LZYZ9QNX81,,3,1,1,0.03,3,0,0,0,0,1,0,0,0,0,yes
2025,TN,47119,Maury,549300EFCZM6KD6B8K69,MORTGAGE ACCESS CORP.,2,1,0,0.03,2,0,0,0,0,1,0,0,0,0,yes
2025,TN,47119,Maury,549300EKFFG3BU8DNX74,NEXERA HOLDING LLC,1,1,0,0.03,1,0,0,0,0,1,0,0,0,0,yes
2025,TN,47119,Maury,549300GCUYVW860UOZ07,,1,1,0,0.03,1,0,0,0,0,1,0,0,0,0,yes
2025,TN,47119,Maury,549300GS0W0TEUQS8571,"Morgan Stanley Private Bank, National Association",1,1,0,0.03,1,0,0,0,0,1,0,0,0,0,yes
2025,TN,47119,Maury,549300HRLROF7PLJ6735,CLEAREDGE LENDING LLC,2,1,0,0.03,2,0,0,0,0,1,0,0,0,0,yes
2025,TN,47119,Maury,549300III1DMY3SLAW56,Countybank,1,1,0,0.03,1,0,0,0,0,1,0,0,0,0,yes
2025,TN,47119,Maury,549300IKNQI45EOJU155,"Capital City Home Loans, LLC",1,1,0,0.03,1,0,0,0,0,1,0,0,0,0,yes
2025,TN,47119,Maury,549300IPUHFA5O769M51,"Vellum Mortgage, Inc.",1,1,0,0.03,1,0,0,0,0,1,0,0,0,0,yes
2025,TN,47119,Maury,549300JE6M4A1G4LPS75,,1,1,0,0.03,1,0,0,0,0,1,0,0,0,0,yes
2025,TN,47119,Maury,549300JRDGV1559XM376,,4,1,0,0.03,3,0,1,0,0,0,0,1,0,0,yes
2025,TN,47119,Maury,549300K6L4VXCXWN4205,ORNL,1,1,0,0.03,1,0,0,0,0,1,0,0,0,0,yes
2025,TN,47119,Maury,549300KPHGEE40YQXO21,,1,1,0,0.03,1,0,0,0,0,1,0,0,0,0,yes
2025,TN,47119,Maury,549300KTR1JGH3K6LU06,FOURLEAF,3,1,1,0.03,3,0,0,0,0,1,0,0,0,0,yes
2025,TN,47119,Maury,549300KX6E1IE2LM5E30,,1,1,0,0.03,1,0,0,0,0,1,0,0,0,0,yes
2025,TN,47119,Maury,549300L7HZ4C5U35BO37,,1,1,0,0.03,1,0,0,0,0,1,0,0,0,0,yes
2025,TN,47119,Maury,549300LLESTPOVRG3X73,,3,1,0,0.03,3,0,0,0,0,1,0,0,0,0,yes
2025,TN,47119,Maury,549300LZUXCJFE5ONM48,,1,1,0,0.03,0,1,0,0,0,0,1,0,0,0,yes
2025,TN,47119,Maury,549300MCPCNPQAOB4032,,2,1,0,0.03,0,2,0,0,0,0,1,0,0,0,yes
2025,TN,47119,Maury,549300MPZDD9EFQ1E963,,2,1,0,0.03,1,1,0,0,0,1,0,0,0,0,yes
2025,TN,47119,Maury,549300MU3SP76R81WW62,,1,1,0,0.03,1,0,0,0,0,1,0,0,0,0,yes
2025,TN,47119,Maury,549300N1YEXP02MHBR47,,1,1,0,0.03,1,0,0,0,0,1,0,0,0,0,yes
2025,TN,47119,Maury,549300NN0PRX3I4QGG46,,1,1,0,0.03,0,0,1,0,0,0,0,1,0,0,yes
2025,TN,47119,Maury,549300O5WDIJU8S7OI05,,1,1,0,0.03,1,0,0,0,0,1,0,0,0,0,yes
2025,TN,47119,Maury,549300PQLK8E48ILXV41,,1,1,0,0.03,1,0,0,0,0,1,0,0,0,0,yes
2025,TN,47119,Maury,549300Q10M1VXBG2H889,,5,1,1,0.03,2,3,0,0,0,1,0,0,0,0,yes
2025,TN,47119,Maury,549300QKL5FUBZ8LSF50,,1,1,0,0.03,1,0,0,0,0,1,0,0,0,0,yes
2025,TN,47119,Maury,549300QVGK8WC4HQ3C28,,3,1,0,0.03,1,2,0,0,0,1,0,0,0,0,yes
2025,TN,47119,Maury,549300R4F5COFJE0DN81,,1,1,0,0.03,1,0,0,0,0,1,0,0,0,0,yes
2025,TN,47119,Maury,549300R5DOGZK0VWYL76,,1,1,0,0.03,1,0,0,0,0,1,0,0,0,0,yes
2025,TN,47119,Maury,549300RA3E0BUFO7YZ21,"Hometown Equity Mortgage, LLC",2,1,1,0.03,2,0,0,0,0,1,0,0,0,0,yes
2025,TN,47119,Maury,549300RD5IG88VPO6P22,,1,1,0,0.03,1,0,0,0,0,1,0,0,0,0,yes
2025,TN,47119,Maury,549300REENMLD2RN3W58,,2,1,0,0.03,2,0,0,0,0,1,0,0,0,0,yes
2025,TN,47119,Maury,549300SDO5FP7F86HH46,,1,1,0,0.03,1,0,0,0,0,1,0,0,0,0,yes
2025,TN,47119,Maury,549300SHE1JTCOWBP090,STATE EMPLOYEES' CREDIT UNION,1,1,0,0.03,1,0,0,0,0,1,0,0,0,0,yes
2025,TN,47119,Maury,549300SI3EZ7U02L5E39,,2,1,0,0.03,2,0,0,0,0,1,0,0,0,0,yes
2025,TN,47119,Maury,549300T94GSH3C4U5M59,ALLIANT CREDIT UNION,3,1,1,0.03,3,0,0,0,0,1,0,0,0,0,yes
2025,TN,47119,Maury,549300UT4EN6IH579Q63,,1,1,0,0.03,0,1,0,0,0,0,1,0,0,0,yes
2025,TN,47119,Maury,549300V6LKROCIL7OI49,,1,1,0,0.03,1,0,0,0,0,1,0,0,0,0,yes
2025,TN,47119,Maury,549300W1HU6IVVIEJ389,,1,1,0,0.03,0,1,0,0,0,0,1,0,0,0,yes
2025,TN,47119,Maury,549300W45D2J6BT4LX65,,1,1,0,0.03,1,0,0,0,0,1,0,0,0,0,yes
2025,TN,47119,Maury,549300XHEKTWE48VS407,,3,1,1,0.03,0,2,1,0,0,0,0,1,0,0,yes
2025,TN,47119,Maury,549300XRF9LCZ3RX3Q39,,2,1,1,0.03,0,1,1,0,0,0,0,1,0,0,yes
2025,TN,47119,Maury,9845006YE04B346EC919,,4,1,0,0.03,1,1,2,0,0,0,0,1,0,0,yes
2025,TN,47119,Maury,DX0JX77PRMOELF7VG772,Synovus Bank,3,1,1,0.03,3,0,0,0,0,1,0,0,0,0,yes
2025,TN,47119,Maury,KI0VI4JRMCIJ329YTN75,Valley National Bank,1,1,0,0.03,1,0,0,0,0,1,0,0,0,0,yes
2025,TN,47119,Maury,L9VVX1KT5TFTKS0MLF66,First-Citizens Bank & Trust Company,1,1,0,0.03,1,0,0,0,0,1,0,0,0,0,yes
2025,TN,47119,Maury,WWB2V0FCW3A0EE3ZJN75,Manufacturers and Traders Trust Company,2,1,0,0.03,0,1,1,0,0,0,1,0,0,0,yes
2025,TN,47119,Maury,549300XCVBRR56D08F03,,7,0,0,0.0,2,4,1,0,0,0,0,0,0,0,yes
2025,TN,47125,Montgomery,549300DD5QQUHO6PCH70,"Movement Mortgage, LLC",1285,793,151,9.55,104,60,1119,2,0,62,38,692,1,0,yes
2025,TN,47125,Montgomery,549300HW662MN1WU8550,"United Wholesale Mortgage, LLC",845,622,73,7.49,142,140,561,2,0,107,93,421,1,0,yes
2025,TN,47125,Montgomery,254900WQCRCK13A7DC81,,813,515,213,6.2,776,0,37,0,0,492,0,23,0,0,yes
2025,TN,47125,Montgomery,549300U3721PJGQZYY68,Nationstar Mortgage LLC,672,455,16,5.48,129,99,443,1,0,69,66,319,1,0,yes
2025,TN,47125,Montgomery,549300FGXN1K3HLB1R50,"Rocket Mortgage, LLC",613,434,104,5.23,286,100,227,0,0,209,61,164,0,0,yes
2025,TN,47125,Montgomery,5493003GQDUH26DNNH17,Navy Federal Credit Union,551,254,142,3.06,389,0,162,0,0,168,0,86,0,0,yes
2025,TN,47125,Montgomery,549300LYRWPSYPK6S325,Guild Mortgage Company LLC,504,249,32,3.0,16,88,400,0,0,10,33,206,0,0,yes
2025,TN,47125,Montgomery,549300A0SVCQJPHVGV20,,265,204,28,2.46,246,10,9,0,0,189,7,8,0,0,yes
2025,TN,47125,Montgomery,RVDPPPGHCGZ40J4VQ731,Fairway Independent Mortgage Corporation,398,204,42,2.46,65,87,245,1,0,34,44,126,0,0,yes
2025,TN,47125,Montgomery,549300E2UX99HKDBR481,"Broker Solutions, Inc.",295,187,11,2.25,79,79,133,4,0,48,41,96,2,0,yes
2025,TN,47125,Montgomery,549300YRN588YD6VNJ18,,216,174,29,2.1,216,0,0,0,0,174,0,0,0,0,yes
2025,TN,47125,Montgomery,549300H3IZO24NSOO931,"loanDepot.com, LLC",222,167,19,2.01,81,32,109,0,0,58,24,85,0,0,yes
2025,TN,47125,Montgomery,549300VZVN841I2ILS84,Freedom Mortgage Corporation,224,157,8,1.89,46,47,131,0,0,31,31,95,0,0,yes
2025,TN,47125,Montgomery,549300R0L43GUZ8EW811,,179,155,1,1.87,80,39,60,0,0,69,36,50,0,0,yes
2025,TN,47125,Montgomery,549300NB3SBC1KHAWB92,,190,148,12,1.78,28,75,86,1,0,19,57,71,1,0,yes
2025,TN,47125,Montgomery,549300FNXYY540N23N64,Newrez LLC,291,126,32,1.52,61,27,203,0,0,15,7,104,0,0,yes
2025,TN,47125,Montgomery,549300GKFNPRWNS0GF29,"AmeriHome Mortgage Company, LLC",170,121,4,1.46,84,43,34,9,0,57,30,27,7,0,yes
2025,TN,47125,Montgomery,549300AG64NHILB7ZP05,"PennyMac Loan Services, LLC",167,120,26,1.45,46,48,73,0,0,33,30,57,0,0,yes
2025,TN,47125,Montgomery,EQTWLK1G7ODGC2MGLV11,Regions Bank,253,113,87,1.36,234,15,4,0,0,106,6,1,0,0,yes
2025,TN,47125,Montgomery,6BYL5QZYBDK8S7L73M02,U.S. Bank National Association,244,111,86,1.34,226,13,5,0,0,96,10,5,0,0,yes
2025,TN,47125,Montgomery,549300CNRVR02KBUDD48,,115,104,2,1.25,101,4,10,0,0,92,3,9,0,0,yes
2025,TN,47125,Montgomery,5493001UYBOONMFYPR30,"Legacy Home Loans, LLC",129,102,3,1.23,48,28,52,1,0,38,20,44,0,0,yes
2025,TN,47125,Montgomery,T68X8LLAQYRNDV034K14,United Community Bank,161,99,40,1.19,129,16,16,0,0,80,9,10,0,0,yes
2025,TN,47125,Montgomery,549300R0SXC1JU7ZU290,"FIRST COMMUNITY MORTGAGE, INC.",114,97,5,1.17,20,33,60,1,0,15,27,54,1,0,yes
2025,TN,47125,Montgomery,5493006P5IHSK77SZ855,,114,89,2,1.07,7,24,83,0,0,4,15,70,0,0,yes
2025,TN,47125,Montgomery,549300LBCBNR1OT00651,NATIONSTAR MORTGAGE LLC,116,77,14,0.93,66,9,41,0,0,42,5,30,0,0,yes
2025,TN,47125,Montgomery,549300IHBKY3L5OIDT39,,69,66,2,0.79,69,0,0,0,0,66,0,0,0,0,yes
2025,TN,47125,Montgomery,549300RPOGWJRH63HS39,UNION HOME MORTGAGE CORP.,71,60,2,0.72,17,11,43,0,0,15,8,37,0,0,yes
2025,TN,47125,Montgomery,549300BM4NS8HDJT3X28,"INTERCOASTAL MORTGAGE, LLC",71,57,4,0.69,18,15,38,0,0,14,13,30,0,0,yes
2025,TN,47125,Montgomery,549300VCMRO4ST680C11,VILLAGE CAPITAL & INVESTMENT LLC,151,54,26,0.65,0,16,135,0,0,0,4,50,0,0,yes
2025,TN,47125,Montgomery,549300KBWX4NV5Q1E376,"NVR Mortgage Finance, Inc.",65,52,12,0.63,11,14,40,0,0,11,8,33,0,0,yes
2025,TN,47125,Montgomery,549300R9S3MVDV4MGF56,"CARRINGTON MORTGAGE SERVICES, LLC",151,47,72,0.57,45,30,76,0,0,9,12,26,0,0,yes
2025,TN,47125,Montgomery,549300DMYENRV818D594,,55,45,1,0.54,24,21,10,0,0,19,17,9,0,0,yes
2025,TN,47125,Montgomery,549300OBO7DOF2KOP535,FirstBank,51,42,2,0.51,28,17,6,0,0,25,12,5,0,0,yes
2025,TN,47125,Montgomery,549300YIQ7S7Z8PIHE53,AMERISAVE MORTGAGE CORPORATION,117,41,67,0.49,50,34,33,0,0,25,3,13,0,0,yes
2025,TN,47125,Montgomery,C5654JQHZUHN0772B561,USAA Federal Savings Bank,90,40,8,0.48,18,0,72,0,0,8,0,32,0,0,yes
2025,TN,47125,Montgomery,254900UL88QFG0E40516,FIGURE LENDING LLC,69,39,12,0.47,69,0,0,0,0,39,0,0,0,0,yes
2025,TN,47125,Montgomery,549300NOCASXPA34X033,"LAKEVIEW LOAN SERVICING, LLC",138,38,54,0.46,19,37,82,0,0,3,9,26,0,0,yes
2025,TN,47125,Montgomery,2549004FXPNKCLIN8250,,52,37,3,0.45,18,11,23,0,0,14,9,14,0,0,yes
2025,TN,47125,Montgomery,549300XQ7B5FIVUNFE29,VAN DYK MORTGAGE CORPORATION,54,37,1,0.45,10,12,31,1,0,8,7,22,0,0,yes
2025,TN,47125,Montgomery,549300OPCWU6E72WUT29,"MUTUAL OF OMAHA MORTGAGE, INC.",55,35,8,0.42,15,23,17,0,0,10,13,12,0,0,yes
2025,TN,47125,Montgomery,549300FX7K8PTEQUU487,PENTAGON FEDERAL CREDIT UNION,56,34,12,0.41,21,4,31,0,0,11,2,21,0,0,yes
2025,TN,47125,Montgomery,549300SUCQ1358EGVE89,"NEW DAY FINANCIAL, LLC",153,33,29,0.4,0,4,149,0,0,0,1,32,0,0,yes
2025,TN,47125,Montgomery,549300DD4R4SYK5RAQ92,"Cardinal Financial Company, Limited Partnership",44,32,3,0.39,14,7,23,0,0,10,5,17,0,0,yes
2025,TN,47125,Montgomery,7H6GLXDRUGQFU57RNE97,"JPMorgan Chase Bank, National Association",49,32,3,0.39,45,1,3,0,0,30,1,1,0,0,yes
2025,TN,47125,Montgomery,549300K4ZLGS7SRDTL86,Equity Prime Mortgage LLC,60,31,3,0.37,0,35,25,0,0,0,16,15,0,0,yes
2025,TN,47125,Montgomery,54930021WPEXNHYZUL09,"PLANET HOME LENDING, LLC",39,30,7,0.36,2,5,31,1,0,1,4,25,0,0,yes
2025,TN,47125,Montgomery,549300QR0KFPEDZPEI42,,52,30,4,0.36,13,15,24,0,0,7,9,14,0,0,yes
2025,TN,47125,Montgomery,B4TYDEB6GKMZO031MB27,"Guaranteed Rate, Inc.",113,29,49,0.35,110,3,0,0,0,27,2,0,0,0,yes
2025,TN,47125,Montgomery,549300YN94MOAVYW0F52,"GoodLeap, LLC",42,27,6,0.33,15,5,22,0,0,9,4,14,0,0,yes
2025,TN,47125,Montgomery,5493001GCBD5XGNIC815,Coastal Community Bank,87,26,3,0.31,87,0,0,0,0,26,0,0,0,0,yes
2025,TN,47125,Montgomery,549300PIL8LFAQ04XC20,Better Mortgage Corporation,92,26,50,0.31,92,0,0,0,0,26,0,0,0,0,yes
2025,TN,47125,Montgomery,COOWI3L2W9TPYR3WJX37,First Horizon Bank,43,26,14,0.31,40,1,2,0,0,24,1,1,0,0,yes
2025,TN,47125,Montgomery,54930049L5WINET09Q97,"CLICK N' CLOSE, INC.",41,24,4,0.29,15,21,5,0,0,10,12,2,0,0,yes
2025,TN,47125,Montgomery,54930078TNN7GKZ7NU89,,28,24,4,0.29,4,8,16,0,0,3,8,13,0,0,yes
2025,TN,47125,Montgomery,549300MZ8VZJOVC63092,"KIND LENDING, LLC",25,21,2,0.25,7,10,7,1,0,6,10,4,1,0,yes
2025,TN,47125,Montgomery,549300SK2GVCQXPD4S58,"SUN WEST MORTGAGE COMPANY, INC.",40,21,6,0.25,1,15,24,0,0,1,9,11,0,0,yes
2025,TN,47125,Montgomery,549300VORTI31GZTJL53,"CARDINAL FINANCIAL COMPANY, LIMITED PARTNERSHIP",31,21,3,0.25,10,14,7,0,0,9,10,2,0,0,yes
2025,TN,47125,Montgomery,DRMSV1Q0EKMEXLAU1P80,"Citizens Bank, National Association",34,21,11,0.25,32,1,1,0,0,20,0,1,0,0,yes
2025,TN,47125,Montgomery,5493006VAGP3GQ8FJT49,"Kiavi Funding, Inc.",28,20,3,0.24,28,0,0,0,0,20,0,0,0,0,yes
2025,TN,47125,Montgomery,549300BX448ALT10FI43,The Federal Savings Bank,62,20,7,0.24,3,1,58,0,0,1,1,18,0,0,yes
2025,TN,47125,Montgomery,549300MGPZBLQDIL7538,"PrimeLending, a PlainsCapital Company",32,20,2,0.24,14,11,7,0,0,9,6,5,0,0,yes
2025,TN,47125,Montgomery,54930059GZZ7G4G40O53,Primis Mortgage Company,26,19,1,0.23,8,12,6,0,0,7,7,5,0,0,yes
2025,TN,47125,Montgomery,549300E1PJPTI4YS7H26,ASCEND FEDERAL CREDIT UNION,30,19,5,0.23,30,0,0,0,0,19,0,0,0,0,yes
2025,TN,47125,Montgomery,549300PBTV7FCWLSMM53,,31,19,0,0.23,0,2,29,0,0,0,1,18,0,0,yes
2025,TN,47125,Montgomery,549300IJ8KTGYPKLXK63,,21,17,0,0.2,8,6,6,1,0,7,5,4,1,0,yes
2025,TN,47125,Montgomery,213800XR2TCBQJSF1X93,,19,16,1,0.19,7,1,11,0,0,6,1,9,0,0,yes
2025,TN,47125,Montgomery,254900DRSIZBQXDCJ875,,16,16,0,0.19,16,0,0,0,0,16,0,0,0,0,yes
2025,TN,47125,Montgomery,254900DTLHVWQ7NP7R34,"CMG Mortgage, Inc.",20,16,1,0.19,16,4,0,0,0,15,1,0,0,0,yes
2025,TN,47125,Montgomery,549300BLL6VL7AXWYP56,,24,16,2,0.19,15,4,5,0,0,11,3,2,0,0,yes
2025,TN,47125,Montgomery,X05BVSK68TQ7YTOSNR22,Discover Bank,65,16,35,0.19,65,0,0,0,0,16,0,0,0,0,yes
2025,TN,47125,Montgomery,2549001SI0EMFPT39035,"Cornerstone First Mortgage, Inc",21,15,1,0.18,18,1,2,0,0,12,1,2,0,0,yes
2025,TN,47125,Montgomery,25490066WMF8ZMQXQB18,"Lendage, LLC",22,15,1,0.18,22,0,0,0,0,15,0,0,0,0,yes
2025,TN,47125,Montgomery,2549007JQKHU8KQ0FC19,,18,15,1,0.18,7,8,3,0,0,6,6,3,0,0,yes
2025,TN,47125,Montgomery,549300I58H1B8G6KOY91,,16,15,1,0.18,16,0,0,0,0,15,0,0,0,0,yes
2025,TN,47125,Montgomery,549300KJ8PAJ7E52HG32,Plains Commerce Bank,23,15,1,0.18,7,4,12,0,0,5,2,8,0,0,yes
2025,TN,47125,Montgomery,KB1H1DSPRFMYMCUFXT09,"Wells Fargo Bank, National Association",38,15,10,0.18,31,1,6,0,0,11,0,4,0,0,yes
2025,TN,47125,Montgomery,SS1TRMSN6BRNMOREEV51,"Flagstar Bank, National Association",25,15,9,0.18,4,15,6,0,0,3,8,4,0,0,yes
2025,TN,47125,Montgomery,5493008NWHQT1R22C024,"AMERICAN FINANCIAL NETWORK, INC.",23,14,1,0.17,4,11,8,0,0,2,6,6,0,0,yes
2025,TN,47125,Montgomery,549300AQ3T62GXDU7D76,Ally Bank,16,14,0,0.17,4,4,8,0,0,3,3,8,0,0,yes
2025,TN,47125,Montgomery,549300AT7EB9FJAF0E61,Old National Bank,29,14,7,0.17,17,6,6,0,0,7,4,3,0,0,yes
2025,TN,47125,Montgomery,549300E0S1LZYZ9QNX81,,21,14,7,0.17,21,0,0,0,0,14,0,0,0,0,yes
2025,TN,47125,Montgomery,549300KIOYNU323LVJ37,AMERICAN PACIFIC MORTGAGE CORPORATION,15,14,0,0.17,6,4,5,0,0,5,4,5,0,0,yes
2025,TN,47125,Montgomery,254900HA4DQWAE0W3342,"AMERIHOME MORTGAGE COMPANY, LLC",30,13,5,0.16,3,18,9,0,0,1,9,3,0,0,yes
2025,TN,47125,Montgomery,254900M2C4Q6DATP2889,,39,13,7,0.16,2,9,28,0,0,0,2,11,0,0,yes
2025,TN,47125,Montgomery,54930052M48FOD3CWA54,"PRIMARY RESIDENTIAL MORTGAGE, INC.",15,13,0,0.16,6,7,2,0,0,5,7,1,0,0,yes
2025,TN,47125,Montgomery,54930054ET8KM4O1D485,"SOFI BANK, NATIONAL ASSOCIATION",38,13,1,0.16,32,2,4,0,0,10,1,2,0,0,yes
2025,TN,47125,Montgomery,5493001WHVQBGRSWEU75,"HOMEBRIDGE FINANCIAL SERVICES, INC.",25,12,9,0.14,8,3,14,0,0,5,0,7,0,0,yes
2025,TN,47125,Montgomery,5493005PD34O8ZT7QT17,,22,12,0,0.14,22,0,0,0,0,12,0,0,0,0,yes
2025,TN,47125,Montgomery,5493005PKOSG7MYX0B34,"Prosperity Home Mortgage, LLC",21,12,3,0.14,3,5,13,0,0,2,2,8,0,0,yes
2025,TN,47125,Montgomery,549300T9P3WXNMXX0I34,Ixonia Bank,22,12,2,0.14,13,7,2,0,0,4,6,2,0,0,yes
2025,TN,47125,Montgomery,549300KHXD7JSQUZIJ22,,18,11,1,0.13,6,5,7,0,0,3,4,4,0,0,yes
2025,TN,47125,Montgomery,549300Y5Y88FQLI7VE83,DEEPHAVEN MORTGAGE LLC,14,11,2,0.13,14,0,0,0,0,11,0,0,0,0,yes
2025,TN,47125,Montgomery,254900WEP08K7U7S3A80,,11,10,0,0.12,1,4,6,0,0,1,4,5,0,0,yes
2025,TN,47125,Montgomery,54930072OCHTUJOZQB56,,12,10,0,0.12,8,2,2,0,0,7,2,1,0,0,yes
2025,TN,47125,Montgomery,549300RA3E0BUFO7YZ21,"Hometown Equity Mortgage, LLC",14,10,4,0.12,14,0,0,0,0,10,0,0,0,0,yes
2025,TN,47125,Montgomery,JJKC32MCHWDI71265Z06,Truist Bank,26,10,16,0.12,26,0,0,0,0,10,0,0,0,0,yes
2025,TN,47125,Montgomery,549300PL267CW8182203,,43,9,2,0.11,0,10,33,0,0,0,2,7,0,0,yes
2025,TN,47125,Montgomery,549300T7HRS5DVBUPQ06,,10,9,0,0.11,0,0,10,0,0,0,0,9,0,0,yes
2025,TN,47125,Montgomery,549300ZPSJZO10ZAX556,"AMERICAN HERITAGE LENDING, LLC",15,9,0,0.11,15,0,0,0,0,9,0,0,0,0,yes
2025,TN,47125,Montgomery,IUGPUX5LWRZ3B6KIZ697,Ameris Bank,14,9,0,0.11,5,4,5,0,0,2,3,4,0,0,yes
2025,TN,47125,Montgomery,54930015645SYPOM7220,,11,8,1,0.1,1,7,3,0,0,1,5,2,0,0,yes
2025,TN,47125,Montgomery,5493002RF1ERFA2XR050,Renasant Bank,9,8,0,0.1,6,2,1,0,0,6,1,1,0,0,yes
2025,TN,47125,Montgomery,5493003V40VGM7YDFM54,FIRST COLONY MORTGAGE CORPORATION,16,8,2,0.1,10,3,1,2,0,6,2,0,0,0,yes
2025,TN,47125,Montgomery,5493007CLWQN2S6IZK91,,10,8,1,0.1,0,0,10,0,0,0,0,8,0,0,yes
2025,TN,47125,Montgomery,549300JYXTZDSPJEPI44,"PLAZA HOME MORTGAGE, INC.",19,8,7,0.1,2,5,12,0,0,1,3,4,0,0,yes
2025,TN,47125,Montgomery,549300OYEKEORA1GI088,,9,8,0,0.1,0,0,9,0,0,0,0,8,0,0,yes
2025,TN,47125,Montgomery,549300R77W0P105C3S50,HOMEXPRESS MORTGAGE CORP.,14,8,6,0.1,13,1,0,0,0,7,1,0,0,0,yes
2025,TN,47125,Montgomery,549300VNBQD8FDHF7563,"MORTGAGE INVESTORS GROUP, INC.",12,8,0,0.1,5,2,5,0,0,2,2,4,0,0,yes
2025,TN,47125,Montgomery,549300XWUSRVVOHPRY47,Academy Mortgage Corporation,16,8,0,0.1,9,4,3,0,0,5,1,2,0,0,yes
2025,TN,47125,Montgomery,549300XY701IELCE5Q08,BETTER MORTGAGE CORPORATION,31,8,7,0.1,21,9,1,0,0,8,0,0,0,0,yes
2025,TN,47125,Montgomery,PAOOWF3GUFM46FBSP561,,25,8,0,0.1,7,3,15,0,0,2,1,5,0,0,yes
2025,TN,47125,Montgomery,5493002B2WMHY23GFK92,"AMERICAN FINANCIAL RESOURCES, INC.",14,7,1,0.08,3,5,6,0,0,3,2,2,0,0,yes
2025,TN,47125,Montgomery,5493004OB0KD7VERQW98,,8,7,0,0.08,5,3,0,0,0,5,2,0,0,0,yes
2025,TN,47125,Montgomery,5493005NU5BA00C1N451,,8,7,0,0.08,1,1,6,0,0,1,1,5,0,0,yes
2025,TN,47125,Montgomery,5493006JISETNI0GLE61,,13,7,1,0.08,13,0,0,0,0,7,0,0,0,0,yes
2025,TN,47125,Montgomery,549300B4IYL7TZT8FA34,,7,7,0,0.08,2,2,3,0,0,2,2,3,0,0,yes
2025,TN,47125,Montgomery,549300J7I82PNDVU8H22,"OCMBC, INC.",17,7,7,0.08,8,7,2,0,0,2,4,1,0,0,yes
2025,TN,47125,Montgomery,549300RM1IZYGQDSNL85,,20,7,0,0.08,8,1,11,0,0,3,1,3,0,0,yes
2025,TN,47125,Montgomery,549300YW2UBCMDRMBT48,,10,7,0,0.08,4,5,1,0,0,4,2,1,0,0,yes
2025,TN,47125,Montgomery,9845001DAE89414CBB55,,20,7,5,0.08,20,0,0,0,0,7,0,0,0,0,yes
2025,TN,47125,Montgomery,AD6GFRVSDT01YPT1CS68,"PNC Bank, National Association",14,7,4,0.08,14,0,0,0,0,7,0,0,0,0,yes
2025,TN,47125,Montgomery,C398JSK21YCXWM603F55,,9,7,0,0.08,1,0,8,0,0,1,0,6,0,0,yes
2025,TN,47125,Montgomery,QFROUN1UWUYU0DVIWD51,"Eagle Home Mortgage, LLC",17,7,6,0.08,16,0,1,0,0,6,0,1,0,0,yes
2025,TN,47125,Montgomery,254900CTT87ZKAUTIJ37,,6,6,0,0.07,6,0,0,0,0,6,0,0,0,0,yes
2025,TN,47125,Montgomery,254900RUCO27MVGTO768,LOAN FUNDER LLC,11,6,0,0.07,11,0,0,0,0,6,0,0,0,0,yes
2025,TN,47125,Montgomery,549300121SF0K2LN2804,"PRIMELENDING, A PLAINSCAPITAL COMPANY",9,6,3,0.07,2,4,3,0,0,1,3,2,0,0,yes
2025,TN,47125,Montgomery,549300370QILXLFUWD20,"ZILLOW HOME LOANS, LLC",10,6,0,0.07,5,5,0,0,0,3,3,0,0,0,yes
2025,TN,47125,Montgomery,5493004AS1SPBQOFDR49,"Change Lending, LLC",8,6,1,0.07,5,1,2,0,0,4,0,2,0,0,yes
2025,TN,47125,Montgomery,549300C4CKL0HRXJ3085,,6,6,0,0.07,6,0,0,0,0,6,0,0,0,0,yes
2025,TN,47125,Montgomery,549300CDOC4F7XSRG390,Pinnacle Bank,12,6,4,0.07,12,0,0,0,0,6,0,0,0,0,yes
2025,TN,47125,Montgomery,549300LXKO1O7CSK5J52,,6,6,0,0.07,4,2,0,0,0,4,2,0,0,0,yes
2025,TN,47125,Montgomery,549300Q10M1VXBG2H889,,18,6,2,0.07,1,10,7,0,0,1,3,2,0,0,yes
2025,TN,47125,Montgomery,549300REENMLD2RN3W58,,8,6,1,0.07,0,1,7,0,0,0,1,5,0,0,yes
2025,TN,47125,Montgomery,549300RN01LBYR8ZVX74,"LOWER, LLC",15,6,3,0.07,2,5,8,0,0,1,3,2,0,0,yes
2025,TN,47125,Montgomery,549300ZWNETGFXTBBY03,,10,6,0,0.07,6,3,1,0,0,3,2,1,0,0,yes
2025,TN,47125,Montgomery,Q708HHR4LD2B7XIZNO92,First Federal Bank,9,6,2,0.07,1,2,6,0,0,0,0,6,0,0,yes
2025,TN,47125,Montgomery,2549005SIVTHG14U2905,A&D Mortgage LLC,10,5,2,0.06,9,0,1,0,0,4,0,1,0,0,yes
2025,TN,47125,Montgomery,254900ZFWS2106HWPH46,"PARAMOUNT RESIDENTIAL MORTGAGE GROUP, INC.",10,5,1,0.06,4,1,4,1,0,4,0,1,0,0,yes
2025,TN,47125,Montgomery,5493000YNV8IX4VD3X12,"VANDERBILT MORTGAGE AND FINANCE, INC.",69,5,30,0.06,66,1,2,0,0,2,1,2,0,0,yes
2025,TN,47125,Montgomery,5493001GDRY0EL7VG372,"ARK-LA-TEX FINANCIAL SERVICES, LLC.",9,5,0,0.06,2,2,5,0,0,2,2,1,0,0,yes
2025,TN,47125,Montgomery,54930020YWIK7HGH2R34,,8,5,0,0.06,3,5,0,0,0,2,3,0,0,0,yes
2025,TN,47125,Montgomery,5493008CPTDVOS570626,"Primary Residential Mortgage, Inc.",6,5,1,0.06,6,0,0,0,0,5,0,0,0,0,yes
2025,TN,47125,Montgomery,549300F570XAWYN8Z237,,5,5,0,0.06,5,0,0,0,0,5,0,0,0,0,yes
2025,TN,47125,Montgomery,549300F8C5JA44WNMI75,AMERICAN NEIGHBORHOOD MORTGAGE ACCEPTANCE COMPANY LLC,8,5,0,0.06,2,3,3,0,0,1,2,2,0,0,yes
2025,TN,47125,Montgomery,549300GTVXJ2PGXNLM73,T2 FINANCIAL LLC,5,5,0,0.06,1,2,2,0,0,1,2,2,0,0,yes
2025,TN,47125,Montgomery,549300O6Z0I6KYMESL47,AMWEST FUNDING CORP.,6,5,0,0.06,6,0,0,0,0,5,0,0,0,0,yes
2025,TN,47125,Montgomery,549300PL8ER6H23P0Z91,,8,5,0,0.06,3,3,2,0,0,2,3,0,0,0,yes
2025,TN,47125,Montgomery,549300XQVJ1XBNFA5536,21ST MORTGAGE CORPORATION,20,5,12,0.06,20,0,0,0,0,5,0,0,0,0,yes
2025,TN,47125,Montgomery,549300XSS1CPK8G7B851,,6,5,0,0.06,4,2,0,0,0,3,2,0,0,0,yes
2025,TN,47125,Montgomery,984500U2F9A83N391A91,"CHAMPIONS FUNDING, LLC",14,5,4,0.06,14,0,0,0,0,5,0,0,0,0,yes
2025,TN,47125,Montgomery,254900BBWJ82FQDQ6823,,6,4,1,0.05,6,0,0,0,0,4,0,0,0,0,yes
2025,TN,47125,Montgomery,254900WTZC5SSKIN2M11,,4,4,0,0.05,4,0,0,0,0,4,0,0,0,0,yes
2025,TN,47125,Montgomery,54930030Z1JWTP3SVD16,,12,4,2,0.05,3,7,2,0,0,2,2,0,0,0,yes
2025,TN,47125,Montgomery,5493008VVXQIDO1EZ460,,4,4,0,0.05,3,1,0,0,0,3,1,0,0,0,yes
2025,TN,47125,Montgomery,549300G6RZM5T8NQJW74,,6,4,1,0.05,4,1,1,0,0,2,1,1,0,0,yes
2025,TN,47125,Montgomery,549300HTKHBMJL4D9734,,12,4,4,0.05,12,0,0,0,0,4,0,0,0,0,yes
2025,TN,47125,Montgomery,549300JLXD89NGKXMS84,,6,4,0,0.05,4,1,0,1,0,2,1,0,1,0,yes
2025,TN,47125,Montgomery,549300L1DBFIJZI8LA40,,5,4,0,0.05,4,1,0,0,0,3,1,0,0,0,yes
2025,TN,47125,Montgomery,549300RP3DLR09NF6157,,5,4,1,0.05,3,2,0,0,0,3,1,0,0,0,yes
2025,TN,47125,Montgomery,549300UG7QXKM7KGV847,,5,4,1,0.05,4,0,1,0,0,3,0,1,0,0,yes
2025,TN,47125,Montgomery,98450087981AP406JG03,,4,4,0,0.05,4,0,0,0,0,4,0,0,0,0,yes
2025,TN,47125,Montgomery,984500CD6F0743B8F530,,5,4,1,0.05,0,0,5,0,0,0,0,4,0,0,yes
2025,TN,47125,Montgomery,WWB2V0FCW3A0EE3ZJN75,Manufacturers and Traders Trust Company,10,4,1,0.05,0,3,7,0,0,0,1,3,0,0,yes
2025,TN,47125,Montgomery,2549007IU6SKFLLNKZ07,,3,3,0,0.04,0,3,0,0,0,0,3,0,0,0,yes
2025,TN,47125,Montgomery,254900QXDYW5OTSNTL04,,4,3,0,0.04,1,2,1,0,0,1,2,0,0,0,yes
2025,TN,47125,Montgomery,5493005ICQ3QGEIWV618,UNITED MORTGAGE CORP.,5,3,0,0.04,1,3,1,0,0,1,2,0,0,0,yes
2025,TN,47125,Montgomery,549300ALNLUNS3Y53T24,,26,3,17,0.04,4,11,11,0,0,1,0,2,0,0,yes
2025,TN,47125,Montgomery,549300CUUEEQ66ZVK149,,9,3,0,0.04,2,5,2,0,0,1,1,1,0,0,yes
2025,TN,47125,Montgomery,549300LROQOOQU77WS20,,12,3,0,0.04,9,2,1,0,0,3,0,0,0,0,yes
2025,TN,47125,Montgomery,549300MCIFZSDHUT8X63,"NFM, INC.",6,3,0,0.04,2,0,4,0,0,0,0,3,0,0,yes
2025,TN,47125,Montgomery,549300MHH03ICJYEPE85,,4,3,0,0.04,0,4,0,0,0,0,3,0,0,0,yes
2025,TN,47125,Montgomery,549300PQLK8E48ILXV41,,3,3,0,0.04,2,1,0,0,0,2,1,0,0,0,yes
2025,TN,47125,Montgomery,549300RZFHIGIM84KN09,,5,3,0,0.04,5,0,0,0,0,3,0,0,0,0,yes
2025,TN,47125,Montgomery,549300S5YL3OH0IVCS62,FINANCE OF AMERICA REVERSE LLC,5,3,0,0.04,0,5,0,0,0,0,3,0,0,0,yes
2025,TN,47125,Montgomery,549300UR5AOWTJJ7KZ64,,8,3,0,0.04,8,0,0,0,0,3,0,0,0,0,yes
2025,TN,47125,Montgomery,549300UT4EN6IH579Q63,,5,3,1,0.04,2,3,0,0,0,2,1,0,0,0,yes
2025,TN,47125,Montgomery,549300UXY7OP0IC38293,,3,3,0,0.04,1,2,0,0,0,1,2,0,0,0,yes
2025,TN,47125,Montgomery,549300V8CF81JGIV7038,,3,3,0,0.04,2,1,0,0,0,2,1,0,0,0,yes
2025,TN,47125,Montgomery,549300VMX06UV1F7NS76,,7,3,0,0.04,2,4,1,0,0,1,1,1,0,0,yes
2025,TN,47125,Montgomery,549300ZSNURWJMU0YY46,,3,3,0,0.04,3,0,0,0,0,3,0,0,0,0,yes
2025,TN,47125,Montgomery,9845006YE04B346EC919,,6,3,0,0.04,0,1,5,0,0,0,1,2,0,0,yes
2025,TN,47125,Montgomery,984500F6E6940CCB6A60,,3,3,0,0.04,3,0,0,0,0,3,0,0,0,0,yes
2025,TN,47125,Montgomery,Q7C315HKI8VX0SSKBS64,Cadence Bank,5,3,1,0.04,3,1,1,0,0,2,1,0,0,0,yes
2025,TN,47125,Montgomery,2549007E9BI08H1N1T92,,2,2,0,0.02,0,1,1,0,0,0,1,1,0,0,yes
2025,TN,47125,Montgomery,254900ACU16O36WZP625,,2,2,0,0.02,2,0,0,0,0,2,0,0,0,0,yes
2025,TN,47125,Montgomery,254900FJRICL380R4T46,Leaders Credit Union,4,2,2,0.02,3,1,0,0,0,1,1,0,0,0,yes
2025,TN,47125,Montgomery,254900HEJ9F73IMPX887,,8,2,1,0.02,6,2,0,0,0,1,1,0,0,0,yes
2025,TN,47125,Montgomery,254900HIDMT4ZG09RP47,,4,2,0,0.02,0,0,4,0,0,0,0,2,0,0,yes
2025,TN,47125,Montgomery,254900P7WLDQD9IUL038,Service Federal Credit Union,10,2,6,0.02,7,0,3,0,0,1,0,1,0,0,yes
2025,TN,47125,Montgomery,254900PVWALA7JTBXA31,WILSON BANK AND TRUST,6,2,1,0.02,6,0,0,0,0,2,0,0,0,0,yes
2025,TN,47125,Montgomery,54930002HD26G3OGZR79,,4,2,0,0.02,4,0,0,0,0,2,0,0,0,0,yes
2025,TN,47125,Montgomery,5493000NYUJT9UC6G261,,2,2,0,0.02,2,0,0,0,0,2,0,0,0,0,yes
2025,TN,47125,Montgomery,5493001SDQVS1NWYH012,,3,2,0,0.02,1,0,2,0,0,1,0,1,0,0,yes
2025,TN,47125,Montgomery,5493001XKL0FTNOJ0866,,4,2,0,0.02,1,2,1,0,0,1,0,1,0,0,yes
2025,TN,47125,Montgomery,5493002TJKC8NLH1ZP82,,3,2,0,0.02,0,0,3,0,0,0,0,2,0,0,yes
2025,TN,47125,Montgomery,5493002Y5XYV7DV1ZV88,"GOLD STAR MORTGAGE FINANCIAL GROUP, CORPORATION",5,2,0,0.02,1,4,0,0,0,1,1,0,0,0,yes
2025,TN,47125,Montgomery,54930034MNPILHP25H80,Gateway First Bank,2,2,0,0.02,1,0,1,0,0,1,0,1,0,0,yes
2025,TN,47125,Montgomery,5493003NV9L53LK1XI52,,2,2,0,0.02,2,0,0,0,0,2,0,0,0,0,yes
2025,TN,47125,Montgomery,5493003QDHMW1W0GEH16,,2,2,0,0.02,1,0,1,0,0,1,0,1,0,0,yes
2025,TN,47125,Montgomery,5493004R423PBPM6A173,,2,2,0,0.02,0,2,0,0,0,0,2,0,0,0,yes
2025,TN,47125,Montgomery,5493004T9SQFCNRQ2L76,,2,2,0,0.02,1,0,1,0,0,1,0,1,0,0,yes
2025,TN,47125,Montgomery,549300BOXNV8VLRBDT24,,4,2,1,0.02,4,0,0,0,0,2,0,0,0,0,yes
2025,TN,47125,Montgomery,549300COIWXM618UBE82,,3,2,0,0.02,3,0,0,0,0,2,0,0,0,0,yes
2025,TN,47125,Montgomery,549300DDLYW49R2HCV81,EASTMAN CREDIT UNION,2,2,0,0.02,2,0,0,0,0,2,0,0,0,0,yes
2025,TN,47125,Montgomery,549300DG3IV05V4C4E03,,2,2,0,0.02,0,1,1,0,0,0,1,1,0,0,yes
2025,TN,47125,Montgomery,549300EKFFG3BU8DNX74,NEXERA HOLDING LLC,4,2,0,0.02,4,0,0,0,0,2,0,0,0,0,yes
2025,TN,47125,Montgomery,549300FZ8E0GLIFFYB55,,2,2,0,0.02,2,0,0,0,0,2,0,0,0,0,yes
2025,TN,47125,Montgomery,549300G5DVGM0ZHRQC33,,7,2,2,0.02,0,0,7,0,0,0,0,2,0,0,yes
2025,TN,47125,Montgomery,549300GRGZDEH4ZGQS06,WATERSTONE MORTGAGE CORPORATION,4,2,2,0.02,1,2,1,0,0,1,0,1,0,0,yes
2025,TN,47125,Montgomery,549300GYK7N8U42X9587,,2,2,0,0.02,2,0,0,0,0,2,0,0,0,0,yes
2025,TN,47125,Montgomery,549300HRLROF7PLJ6735,CLEAREDGE LENDING LLC,2,2,0,0.02,2,0,0,0,0,2,0,0,0,0,yes
2025,TN,47125,Montgomery,549300ISCZS1R0CJMO47,,2,2,0,0.02,2,0,0,0,0,2,0,0,0,0,yes
2025,TN,47125,Montgomery,549300JRDGV1559XM376,,3,2,0,0.02,0,3,0,0,0,0,2,0,0,0,yes
2025,TN,47125,Montgomery,549300KSOOZZVXCMA627,ANGEL OAK MORTGAGE SOLUTIONS LLC,2,2,0,0.02,2,0,0,0,0,2,0,0,0,0,yes
2025,TN,47125,Montgomery,549300LPT41QBMAC7948,,4,2,0,0.02,4,0,0,0,0,2,0,0,0,0,yes
2025,TN,47125,Montgomery,549300M8WGW2D17CZD19,,2,2,0,0.02,0,2,0,0,0,0,2,0,0,0,yes
2025,TN,47125,Montgomery,549300NN0PRX3I4QGG46,,6,2,0,0.02,0,0,6,0,0,0,0,2,0,0,yes
2025,TN,47125,Montgomery,549300PEWJWBNEOSS013,,4,2,0,0.02,1,0,3,0,0,0,0,2,0,0,yes
2025,TN,47125,Montgomery,549300PXIFIEPL7D7R86,,2,2,0,0.02,0,0,2,0,0,0,0,2,0,0,yes
2025,TN,47125,Montgomery,549300Q50XCC0473FG63,,6,2,4,0.02,6,0,0,0,0,2,0,0,0,0,yes
2025,TN,47125,Montgomery,549300QKL5FUBZ8LSF50,,2,2,0,0.02,2,0,0,0,0,2,0,0,0,0,yes
2025,TN,47125,Montgomery,549300T5QSL6MC8M4D04,"NORWICH COMMERCIAL GROUP, INC.",5,2,0,0.02,0,1,4,0,0,0,1,1,0,0,yes
2025,TN,47125,Montgomery,549300T94GSH3C4U5M59,ALLIANT CREDIT UNION,4,2,1,0.02,2,0,2,0,0,1,0,1,0,0,yes
2025,TN,47125,Montgomery,549300TULDV69V2XKY60,,2,2,0,0.02,2,0,0,0,0,2,0,0,0,0,yes
2025,TN,47125,Montgomery,549300UVOSI4XZZGUE14,,4,2,0,0.02,0,1,3,0,0,0,0,2,0,0,yes
2025,TN,47125,Montgomery,549300VJQJVZKJBDWS17,"TOTAL MORTGAGE SERVICES, LLC",3,2,0,0.02,0,2,1,0,0,0,1,1,0,0,yes
2025,TN,47125,Montgomery,549300VQUTI5IU7GXT57,,4,2,0,0.02,1,2,1,0,0,1,1,0,0,0,yes
2025,TN,47125,Montgomery,549300WHVRE44NRBU558,,2,2,0,0.02,1,1,0,0,0,1,1,0,0,0,yes
2025,TN,47125,Montgomery,549300WYBPIWKK6SQC06,,4,2,1,0.02,2,1,1,0,0,1,0,1,0,0,yes
2025,TN,47125,Montgomery,984500P059VACEAAFA22,,3,2,0,0.02,1,1,1,0,0,1,1,0,0,0,yes
2025,TN,47125,Montgomery,CKVBED0S4DMLKJJ5XH28,,2,2,0,0.02,2,0,0,0,0,2,0,0,0,0,yes
2025,TN,47125,Montgomery,01J4SO3XTWZF4PP38209,,1,1,0,0.01,1,0,0,0,0,1,0,0,0,0,yes
2025,TN,47125,Montgomery,2138005KH543RLMQHE28,,1,1,0,0.01,1,0,0,0,0,1,0,0,0,0,yes
2025,TN,47125,Montgomery,2549004Z576VEJBK3N72,"NQM FUNDING, LLC",1,1,0,0.01,1,0,0,0,0,1,0,0,0,0,yes
2025,TN,47125,Montgomery,2549005Z23HAAZ6QDM98,,1,1,0,0.01,0,0,1,0,0,0,0,1,0,0,yes
2025,TN,47125,Montgomery,2549007JZSAICH4GZJ60,POINT MORTGAGE CORPORATION,1,1,0,0.01,0,0,1,0,0,0,0,1,0,0,yes
2025,TN,47125,Montgomery,254900E6AIE4Z8YQM970,Citadel Servicing Corporation,3,1,1,0.01,3,0,0,0,0,1,0,0,0,0,yes
2025,TN,47125,Montgomery,254900FI363837PZX856,,1,1,0,0.01,1,0,0,0,0,1,0,0,0,0,yes
2025,TN,47125,Montgomery,254900HO9WPE4LTLQU96,,3,1,1,0.01,0,0,3,0,0,0,0,1,0,0,yes
2025,TN,47125,Montgomery,254900JPFVLN18XNDG98,,1,1,0,0.01,1,0,0,0,0,1,0,0,0,0,yes
2025,TN,47125,Montgomery,254900KI7219LQKCI772,,1,1,0,0.01,1,0,0,0,0,1,0,0,0,0,yes
2025,TN,47125,Montgomery,254900LTD432L5CHIZ48,,1,1,0,0.01,1,0,0,0,0,1,0,0,0,0,yes
2025,TN,47125,Montgomery,254900MHHOS58M9D0445,,1,1,0,0.01,1,0,0,0,0,1,0,0,0,0,yes
2025,TN,47125,Montgomery,254900MY80V94K63ZY41,,1,1,0,0.01,1,0,0,0,0,1,0,0,0,0,yes
2025,TN,47125,Montgomery,254900O28OG3UMHXQY81,,2,1,0,0.01,1,0,1,0,0,0,0,1,0,0,yes
2025,TN,47125,Montgomery,254900O2K17TNH5CL873,"RF RENOVO MANAGEMENT COMPANY, LLC",2,1,0,0.01,2,0,0,0,0,1,0,0,0,0,yes
2025,TN,47125,Montgomery,254900O723MCLR701H50,,4,1,1,0.01,2,2,0,0,0,1,0,0,0,0,yes
2025,TN,47125,Montgomery,254900RM3T6WAVE6SA24,,1,1,0,0.01,1,0,0,0,0,1,0,0,0,0,yes
2025,TN,47125,Montgomery,254900S72Y8VX4GAD318,,1,1,0,0.01,1,0,0,0,0,1,0,0,0,0,yes
2025,TN,47125,Montgomery,254900TG14TB8RKS3U42,,5,1,1,0.01,0,1,4,0,0,0,0,1,0,0,yes
2025,TN,47125,Montgomery,254900TTZ395IC926125,,2,1,0,0.01,2,0,0,0,0,1,0,0,0,0,yes
2025,TN,47125,Montgomery,254900VE4XTOQUE8NZ77,,2,1,0,0.01,2,0,0,0,0,1,0,0,0,0,yes
2025,TN,47125,Montgomery,254900WT4HAMDFWH3048,,2,1,0,0.01,0,2,0,0,0,0,1,0,0,0,yes
2025,TN,47125,Montgomery,337KMNHEWWWR6B7Q7W10,,1,1,0,0.01,0,0,0,1,0,0,0,0,1,0,yes
2025,TN,47125,Montgomery,54930001NSTOD85LT125,"GUARANTEED RATE AFFINITY, LLC",1,1,0,0.01,0,0,1,0,0,0,0,1,0,0,yes
2025,TN,47125,Montgomery,5493000H6DFDDJRORG89,,2,1,0,0.01,1,0,1,0,0,1,0,0,0,0,yes
2025,TN,47125,Montgomery,5493000M1X0MV8KPL945,,2,1,0,0.01,2,0,0,0,0,1,0,0,0,0,yes
2025,TN,47125,Montgomery,5493000OM9RKJW8W5K82,,2,1,0,0.01,2,0,0,0,0,1,0,0,0,0,yes
2025,TN,47125,Montgomery,5493001X0T84TYRJ5Y59,,2,1,1,0.01,2,0,0,0,0,1,0,0,0,0,yes
2025,TN,47125,Montgomery,54930021DZJ9CEN11D61,,2,1,0,0.01,0,0,2,0,0,0,0,1,0,0,yes
2025,TN,47125,Montgomery,5493002JDOI3GTNVUD76,,1,1,0,0.01,1,0,0,0,0,1,0,0,0,0,yes
2025,TN,47125,Montgomery,5493002N5168AC238149,"OceanFirst Bank, National Association",1,1,0,0.01,1,0,0,0,0,1,0,0,0,0,yes
2025,TN,47125,Montgomery,549300323EON4W3CCM44,"RESICENTRAL, LLC",1,1,0,0.01,1,0,0,0,0,1,0,0,0,0,yes
2025,TN,47125,Montgomery,54930032OCUOR526IR93,,1,1,0,0.01,0,0,1,0,0,0,0,1,0,0,yes
2025,TN,47125,Montgomery,54930039UO39UJGI7078,TowneBank,1,1,0,0.01,0,0,1,0,0,0,0,1,0,0,yes
2025,TN,47125,Montgomery,5493003EW6T31TGECO83,,1,1,0,0.01,1,0,0,0,0,1,0,0,0,0,yes
2025,TN,47125,Montgomery,5493004T38NMC864VL66,,1,1,0,0.01,1,0,0,0,0,1,0,0,0,0,yes
2025,TN,47125,Montgomery,54930063578UDYE3JR69,,1,1,0,0.01,0,1,0,0,0,0,1,0,0,0,yes
2025,TN,47125,Montgomery,5493006KQF5UKZ3Y9N07,,2,1,0,0.01,0,2,0,0,0,0,1,0,0,0,yes
2025,TN,47125,Montgomery,5493006MRGHEPWMR2015,,1,1,0,0.01,1,0,0,0,0,1,0,0,0,0,yes
2025,TN,47125,Montgomery,5493006RIR31ORKYB608,,1,1,0,0.01,0,1,0,0,0,0,1,0,0,0,yes
2025,TN,47125,Montgomery,5493007VODM6C3GLTV93,,1,1,0,0.01,1,0,0,0,0,1,0,0,0,0,yes
2025,TN,47125,Montgomery,5493008Q3XBC7O0Q4X02,,1,1,0,0.01,1,0,0,0,0,1,0,0,0,0,yes
2025,TN,47125,Montgomery,5493009B17HXCVXTD608,"JMAC LENDING, INC.",3,1,1,0.01,1,1,1,0,0,0,1,0,0,0,yes
2025,TN,47125,Montgomery,5493009D2COWW65B8673,,1,1,0,0.01,1,0,0,0,0,1,0,0,0,0,yes
2025,TN,47125,Montgomery,549300A5HHOL2ED18C72,,2,1,0,0.01,1,1,0,0,0,0,1,0,0,0,yes
2025,TN,47125,Montgomery,549300AEULLVYD8L9B04,,1,1,0,0.01,0,1,0,0,0,0,1,0,0,0,yes
2025,TN,47125,Montgomery,549300B2JJHSM77T5Y41,,2,1,0,0.01,0,2,0,0,0,0,1,0,0,0,yes
2025,TN,47125,Montgomery,549300BEXTNMA3CARO05,,1,1,0,0.01,1,0,0,0,0,1,0,0,0,0,yes
2025,TN,47125,Montgomery,549300BG5GYUSWMP2R94,,1,1,0,0.01,1,0,0,0,0,1,0,0,0,0,yes
2025,TN,47125,Montgomery,549300BIIOTBIZJPS834,,1,1,0,0.01,1,0,0,0,0,1,0,0,0,0,yes
2025,TN,47125,Montgomery,549300BXWU32AYWT1A56,,1,1,0,0.01,1,0,0,0,0,1,0,0,0,0,yes
2025,TN,47125,Montgomery,549300C04BJ0G297NC13,,1,1,0,0.01,1,0,0,0,0,1,0,0,0,0,yes
2025,TN,47125,Montgomery,549300C8GOC4OYUV0Z32,,5,1,0,0.01,5,0,0,0,0,1,0,0,0,0,yes
2025,TN,47125,Montgomery,549300CB67L6KPJLHE19,"TRIAD FINANCIAL SERVICES, INC.",6,1,3,0.01,6,0,0,0,0,1,0,0,0,0,yes
2025,TN,47125,Montgomery,549300CTISSNREVLNO46,,5,1,2,0.01,2,1,2,0,0,0,0,1,0,0,yes
2025,TN,47125,Montgomery,549300CY7WNAHKHYSJ73,,1,1,0,0.01,1,0,0,0,0,1,0,0,0,0,yes
2025,TN,47125,Montgomery,549300DPRWSBUY619V27,,1,1,0,0.01,1,0,0,0,0,1,0,0,0,0,yes
2025,TN,47125,Montgomery,549300DRA4BDXW23LD45,,1,1,0,0.01,1,0,0,0,0,1,0,0,0,0,yes
2025,TN,47125,Montgomery,549300DZIK106MY5NI60,,1,1,0,0.01,1,0,0,0,0,1,0,0,0,0,yes
2025,TN,47125,Montgomery,549300EM8ID8J7F8OM55,"First Heritage Mortgage, LLC",1,1,0,0.01,1,0,0,0,0,1,0,0,0,0,yes
2025,TN,47125,Montgomery,549300EMNDEK4BA8WB53,EMM LOANS LLC,2,1,0,0.01,0,2,0,0,0,0,1,0,0,0,yes
2025,TN,47125,Montgomery,549300GY4NTTEM7WWB64,,1,1,0,0.01,0,1,0,0,0,0,1,0,0,0,yes
2025,TN,47125,Montgomery,549300GZY55UGMUMI322,,1,1,0,0.01,1,0,0,0,0,1,0,0,0,0,yes
2025,TN,47125,Montgomery,549300H12E7AUMUHP294,,2,1,0,0.01,1,1,0,0,0,1,0,0,0,0,yes
2025,TN,47125,Montgomery,549300HIVO8XPBPNVG69,,2,1,0,0.01,0,0,2,0,0,0,0,1,0,0,yes
2025,TN,47125,Montgomery,549300HVW3AI97UKTO72,,3,1,2,0.01,3,0,0,0,0,1,0,0,0,0,yes
2025,TN,47125,Montgomery,549300IFOE4SCP384147,University Bank,1,1,0,0.01,1,0,0,0,0,1,0,0,0,0,yes
2025,TN,47125,Montgomery,549300III1DMY3SLAW56,Countybank,1,1,0,0.01,1,0,0,0,0,1,0,0,0,0,yes
2025,TN,47125,Montgomery,549300INFJ8TYNZ1G568,,1,1,0,0.01,1,0,0,0,0,1,0,0,0,0,yes
2025,TN,47125,Montgomery,549300IPUHFA5O769M51,"Vellum Mortgage, Inc.",1,1,0,0.01,1,0,0,0,0,1,0,0,0,0,yes
2025,TN,47125,Montgomery,549300J6N77Q8OHYNF23,,1,1,0,0.01,1,0,0,0,0,1,0,0,0,0,yes
2025,TN,47125,Montgomery,549300JQEF6V2RNWCC75,,1,1,0,0.01,1,0,0,0,0,1,0,0,0,0,yes
2025,TN,47125,Montgomery,549300K6K2IS7FRS7S09,,1,1,0,0.01,0,0,1,0,0,0,0,1,0,0,yes
2025,TN,47125,Montgomery,549300KB8NXVYD7BGS97,,3,1,0,0.01,3,0,0,0,0,1,0,0,0,0,yes
2025,TN,47125,Montgomery,549300KTR1JGH3K6LU06,FOURLEAF,3,1,2,0.01,3,0,0,0,0,1,0,0,0,0,yes
2025,TN,47125,Montgomery,549300KX4S1573HISS22,,1,1,0,0.01,1,0,0,0,0,1,0,0,0,0,yes
2025,TN,47125,Montgomery,549300LLESTPOVRG3X73,,1,1,0,0.01,1,0,0,0,0,1,0,0,0,0,yes
2025,TN,47125,Montgomery,549300LLKEKXL2RM1F61,CONTOUR MORTGAGE CORPORATION,1,1,0,0.01,0,1,0,0,0,0,1,0,0,0,yes
2025,TN,47125,Montgomery,549300LNXSV7JTOU7K53,,1,1,0,0.01,1,0,0,0,0,1,0,0,0,0,yes
2025,TN,47125,Montgomery,549300MQEDQYDJR8CP22,,1,1,0,0.01,1,0,0,0,0,1,0,0,0,0,yes
2025,TN,47125,Montgomery,549300MSU5WVAU4ZN645,,1,1,0,0.01,1,0,0,0,0,1,0,0,0,0,yes
2025,TN,47125,Montgomery,549300MU3SP76R81WW62,,1,1,0,0.01,1,0,0,0,0,1,0,0,0,0,yes
2025,TN,47125,Montgomery,549300MUXFVZKH4XLG17,,1,1,0,0.01,0,0,1,0,0,0,0,1,0,0,yes
2025,TN,47125,Montgomery,549300NJVKCDJA5YC939,,2,1,0,0.01,0,0,2,0,0,0,0,1,0,0,yes
2025,TN,47125,Montgomery,549300NWBS6MQJX15N44,,1,1,0,0.01,0,0,1,0,0,0,0,1,0,0,yes
2025,TN,47125,Montgomery,549300OHIEQGELZVJP60,,1,1,0,0.01,1,0,0,0,0,1,0,0,0,0,yes
2025,TN,47125,Montgomery,549300OIJ6O9DNP74L72,,2,1,0,0.01,2,0,0,0,0,1,0,0,0,0,yes
2025,TN,47125,Montgomery,549300OPB0G5OMY0SM65,,3,1,0,0.01,3,0,0,0,0,1,0,0,0,0,yes
2025,TN,47125,Montgomery,549300P8KQYPAVPZL931,,1,1,0,0.01,1,0,0,0,0,1,0,0,0,0,yes
2025,TN,47125,Montgomery,549300PC4MFWQBNVKG88,,1,1,0,0.01,0,0,1,0,0,0,0,1,0,0,yes
2025,TN,47125,Montgomery,549300PGV74J5SPHTG47,,1,1,0,0.01,1,0,0,0,0,1,0,0,0,0,yes
2025,TN,47125,Montgomery,549300Q6YL1SFVPEGV90,,3,1,1,0.01,0,3,0,0,0,0,1,0,0,0,yes
2025,TN,47125,Montgomery,549300QCJE0X5P8H4Z85,,1,1,0,0.01,1,0,0,0,0,1,0,0,0,0,yes
2025,TN,47125,Montgomery,549300QHPJ9CLOLCVE82,,3,1,0,0.01,2,0,1,0,0,0,0,1,0,0,yes
2025,TN,47125,Montgomery,549300QIUZLVR1OLDH55,,2,1,0,0.01,2,0,0,0,0,1,0,0,0,0,yes
2025,TN,47125,Montgomery,549300QWOZZB97053F11,,1,1,0,0.01,1,0,0,0,0,1,0,0,0,0,yes
2025,TN,47125,Montgomery,549300R7HGHP2I754087,TOWNE MORTGAGE COMPANY,1,1,0,0.01,0,1,0,0,0,0,1,0,0,0,yes
2025,TN,47125,Montgomery,549300RFLICNI75BG067,Luminate Bank,1,1,0,0.01,1,0,0,0,0,1,0,0,0,0,yes
2025,TN,47125,Montgomery,549300RWXUAFD1WAE410,"ATLANTIC BAY MORTGAGE GROUP, L.L.C.",1,1,0,0.01,0,0,1,0,0,0,0,1,0,0,yes
2025,TN,47125,Montgomery,549300RYTR2RVL4SFJ90,,1,1,0,0.01,1,0,0,0,0,1,0,0,0,0,yes
2025,TN,47125,Montgomery,549300RYWXR8TL5LIK35,,2,1,0,0.01,1,0,1,0,0,0,0,1,0,0,yes
2025,TN,47125,Montgomery,549300SDO5FP7F86HH46,,1,1,0,0.01,1,0,0,0,0,1,0,0,0,0,yes
2025,TN,47125,Montgomery,549300SK3VKN3E1SZ562,,1,1,0,0.01,1,0,0,0,0,1,0,0,0,0,yes
2025,TN,47125,Montgomery,549300SMD444BM2WO947,,2,1,0,0.01,0,1,1,0,0,0,0,1,0,0,yes
2025,TN,47125,Montgomery,549300T3F9S1MKFKHC53,HOMESTEAD FUNDING CORP.,1,1,0,0.01,0,0,1,0,0,0,0,1,0,0,yes
2025,TN,47125,Montgomery,549300TA4MQM8WN2XG31,,3,1,0,0.01,3,0,0,0,0,1,0,0,0,0,yes
2025,TN,47125,Montgomery,549300TSIYX9RDYWC806,,1,1,0,0.01,1,0,0,0,0,1,0,0,0,0,yes
2025,TN,47125,Montgomery,549300UB5TJ0YPVPT503,,1,1,0,0.01,0,1,0,0,0,0,1,0,0,0,yes
2025,TN,47125,Montgomery,549300UF3FPC7U6RFC59,,1,1,0,0.01,1,0,0,0,0,1,0,0,0,0,yes
2025,TN,47125,Montgomery,549300UPB8ITF7B1GI03,,1,1,0,0.01,0,0,1,0,0,0,0,1,0,0,yes
2025,TN,47125,Montgomery,549300V36YE6JCCEJB76,,1,1,0,0.01,0,0,1,0,0,0,0,1,0,0,yes
2025,TN,47125,Montgomery,549300VVH8HHFMWL8536,,2,1,1,0.01,2,0,0,0,0,1,0,0,0,0,yes
2025,TN,47125,Montgomery,549300VYK2WBD7SST478,,2,1,1,0.01,2,0,0,0,0,1,0,0,0,0,yes
2025,TN,47125,Montgomery,549300W4FT4H1UWPGU95,,1,1,0,0.01,1,0,0,0,0,1,0,0,0,0,yes
2025,TN,47125,Montgomery,549300WC12JROIUVWY16,SOUTH CAROLINA FEDERAL CREDIT UNION,1,1,0,0.01,1,0,0,0,0,1,0,0,0,0,yes
2025,TN,47125,Montgomery,549300WRDGBHKR1BXL98,,1,1,0,0.01,1,0,0,0,0,1,0,0,0,0,yes
2025,TN,47125,Montgomery,549300X2FI65C4A30O27,,1,1,0,0.01,0,1,0,0,0,0,1,0,0,0,yes
2025,TN,47125,Montgomery,549300XCVBRR56D08F03,,13,1,0,0.01,7,3,3,0,0,0,0,1,0,0,yes
2025,TN,47125,Montgomery,549300XED7IBK9VVQH70,"PIKE CREEK MORTGAGE SERVICES, INC.",1,1,0,0.01,0,0,1,0,0,0,0,1,0,0,yes
2025,TN,47125,Montgomery,549300Y7G2MW6V1OR474,,2,1,0,0.01,0,0,2,0,0,0,0,1,0,0,yes
2025,TN,47125,Montgomery,549300YD7XJM19TH5O82,,1,1,0,0.01,1,0,0,0,0,1,0,0,0,0,yes
2025,TN,47125,Montgomery,549300Z2FPZZD55OG155,,1,1,0,0.01,1,0,0,0,0,1,0,0,0,0,yes
2025,TN,47125,Montgomery,549300ZGTRKCDKOVEQ80,,1,1,0,0.01,1,0,0,0,0,1,0,0,0,0,yes
2025,TN,47125,Montgomery,549300ZIQ24V0C88AC41,GTE Federal Credit Union,2,1,1,0.01,2,0,0,0,0,1,0,0,0,0,yes
2025,TN,47125,Montgomery,549300ZN5MIVRMVHJS09,,1,1,0,0.01,0,1,0,0,0,0,1,0,0,0,yes
2025,TN,47125,Montgomery,549300ZZME37MXI1EF14,,1,1,0,0.01,0,1,0,0,0,0,1,0,0,0,yes
2025,TN,47125,Montgomery,984500C6D3DC0BE5E321,,2,1,0,0.01,2,0,0,0,0,1,0,0,0,0,yes
2025,TN,47125,Montgomery,D8RBTOL3JO2Q6IEO0F34,,1,1,0,0.01,1,0,0,0,0,1,0,0,0,0,yes
2025,TN,47125,Montgomery,KD3XUN7C6T14HNAYLU02,,3,1,2,0.01,3,0,0,0,0,1,0,0,0,0,yes
2025,TN,47125,Montgomery,L9VVX1KT5TFTKS0MLF66,First-Citizens Bank & Trust Company,1,1,0,0.01,1,0,0,0,0,1,0,0,0,0,yes
2025,TN,47125,Montgomery,RA4FKR1AA05ZK88M8034,,2,1,0,0.01,0,0,2,0,0,0,0,1,0,0,yes
2025,TN,47125,Montgomery,S0Q3AHZRL5K6VQE35M07,,1,1,0,0.01,1,0,0,0,0,1,0,0,0,0,yes
2025,TN,47125,Montgomery,ZXMJHJK466PBZTM5F379,,1,1,0,0.01,1,0,0,0,0,1,0,0,0,0,yes
2025,TN,47125,Montgomery,2549007AU24FVDMNUB40,,6,0,4,0.0,6,0,0,0,0,0,0,0,0,0,yes
2025,TN,47125,Montgomery,5493000WAJ1FMTFL5D75,,9,0,4,0.0,0,0,9,0,0,0,0,0,0,0,yes
2025,TN,47125,Montgomery,54930091JQKCU3Z6IP44,,19,0,2,0.0,19,0,0,0,0,0,0,0,0,0,yes
2025,TN,47125,Montgomery,549300XRF9LCZ3RX3Q39,,10,0,4,0.0,0,1,9,0,0,0,0,0,0,0,yes
2025,TN,47125,Montgomery,549300Z5MYEIE55LLY49,,5,0,2,0.0,2,2,1,0,0,0,0,0,0,0,yes
2025,TN,47141,Putnam,254900DGJQT6H4M24F92,,244,234,7,12.7,244,0,0,0,0,234,0,0,0,0,yes
2025,TN,47141,Putnam,549300FGXN1K3HLB1R50,"Rocket Mortgage, LLC",176,124,30,6.73,115,38,23,0,0,90,20,14,0,0,yes
2025,TN,47141,Putnam,549300W4TWSN8U8TGD72,,110,107,1,5.81,110,0,0,0,0,107,0,0,0,0,yes
2025,TN,47141,Putnam,549300HW662MN1WU8550,"United Wholesale Mortgage, LLC",131,95,9,5.16,51,47,32,1,0,39,32,23,1,0,yes
2025,TN,47141,Putnam,549300RPOGWJRH63HS39,UNION HOME MORTGAGE CORP.,102,88,6,4.78,64,24,10,4,0,55,22,9,2,0,yes
2025,TN,47141,Putnam,EQTWLK1G7ODGC2MGLV11,Regions Bank,137,72,46,3.91,132,3,1,1,0,70,2,0,0,0,yes
2025,TN,47141,Putnam,5493001SXWZ4OFP8Z903,"CrossCountry Mortgage, LLC",72,56,4,3.04,30,33,7,2,0,21,26,7,2,0,yes
2025,TN,47141,Putnam,549300UB5TJ0YPVPT503,,65,54,2,2.93,40,24,0,1,0,32,21,0,1,0,yes
2025,TN,47141,Putnam,549300OBO7DOF2KOP535,FirstBank,70,47,14,2.55,63,5,2,0,0,42,3,2,0,0,yes
2025,TN,47141,Putnam,254900PVWALA7JTBXA31,WILSON BANK AND TRUST,68,46,9,2.5,68,0,0,0,0,46,0,0,0,0,yes
2025,TN,47141,Putnam,549300DD5QQUHO6PCH70,"Movement Mortgage, LLC",65,42,10,2.28,3,2,60,0,0,0,2,40,0,0,yes
2025,TN,47141,Putnam,COOWI3L2W9TPYR3WJX37,First Horizon Bank,56,42,13,2.28,56,0,0,0,0,42,0,0,0,0,yes
2025,TN,47141,Putnam,6BYL5QZYBDK8S7L73M02,U.S. Bank National Association,65,38,17,2.06,59,2,3,1,0,34,1,2,1,0,yes
2025,TN,47141,Putnam,549300VNBQD8FDHF7563,"MORTGAGE INVESTORS GROUP, INC.",46,32,3,1.74,23,15,4,4,0,17,9,3,3,0,yes
2025,TN,47141,Putnam,RVDPPPGHCGZ40J4VQ731,Fairway Independent Mortgage Corporation,46,28,3,1.52,16,21,9,0,0,10,12,6,0,0,yes
2025,TN,47141,Putnam,549300GKFNPRWNS0GF29,"AmeriHome Mortgage Company, LLC",38,26,0,1.41,20,12,5,1,0,11,10,4,1,0,yes
2025,TN,47141,Putnam,549300VMX06UV1F7NS76,,31,22,0,1.19,20,10,1,0,0,15,7,0,0,0,yes
2025,TN,47141,Putnam,549300E1PJPTI4YS7H26,ASCEND FEDERAL CREDIT UNION,37,21,11,1.14,37,0,0,0,0,21,0,0,0,0,yes
2025,TN,47141,Putnam,54930089R5VSN6GVCK47,,25,20,2,1.09,25,0,0,0,0,20,0,0,0,0,yes
2025,TN,47141,Putnam,549300GZY55UGMUMI322,,27,20,3,1.09,27,0,0,0,0,20,0,0,0,0,yes
2025,TN,47141,Putnam,549300LYRWPSYPK6S325,Guild Mortgage Company LLC,42,20,2,1.09,3,29,10,0,0,2,13,5,0,0,yes
2025,TN,47141,Putnam,254900RQ2FMUUUQUGI02,,18,18,0,0.98,18,0,0,0,0,18,0,0,0,0,yes
2025,TN,47141,Putnam,549300LBCBNR1OT00651,NATIONSTAR MORTGAGE LLC,25,18,3,0.98,19,4,2,0,0,14,2,2,0,0,yes
2025,TN,47141,Putnam,549300GSN9VF5S618659,,22,17,0,0.92,9,8,5,0,0,8,5,4,0,0,yes
2025,TN,47141,Putnam,549300OPCWU6E72WUT29,"MUTUAL OF OMAHA MORTGAGE, INC.",27,17,3,0.92,14,12,1,0,0,11,6,0,0,0,yes
2025,TN,47141,Putnam,549300E2UX99HKDBR481,"Broker Solutions, Inc.",38,16,1,0.87,13,21,4,0,0,3,11,2,0,0,yes
2025,TN,47141,Putnam,549300MGPZBLQDIL7538,"PrimeLending, a PlainsCapital Company",21,16,0,0.87,16,4,1,0,0,12,3,1,0,0,yes
2025,TN,47141,Putnam,549300R0SXC1JU7ZU290,"FIRST COMMUNITY MORTGAGE, INC.",20,15,3,0.81,17,3,0,0,0,14,1,0,0,0,yes
2025,TN,47141,Putnam,54930095LY1EDFTWAG29,,17,13,4,0.71,17,0,0,0,0,13,0,0,0,0,yes
2025,TN,47141,Putnam,549300AG64NHILB7ZP05,"PennyMac Loan Services, LLC",20,13,5,0.71,11,4,5,0,0,9,2,2,0,0,yes
2025,TN,47141,Putnam,549300VZVN841I2ILS84,Freedom Mortgage Corporation,23,12,0,0.65,7,8,7,1,0,5,2,4,1,0,yes
2025,TN,47141,Putnam,549300KIOYNU323LVJ37,AMERICAN PACIFIC MORTGAGE CORPORATION,18,11,2,0.6,9,5,3,1,0,5,2,3,1,0,yes
2025,TN,47141,Putnam,549300PIL8LFAQ04XC20,Better Mortgage Corporation,32,11,16,0.6,32,0,0,0,0,11,0,0,0,0,yes
2025,TN,47141,Putnam,T68X8LLAQYRNDV034K14,United Community Bank,12,11,1,0.6,11,1,0,0,0,10,1,0,0,0,yes
2025,TN,47141,Putnam,5493006JISETNI0GLE61,,15,10,2,0.54,15,0,0,0,0,10,0,0,0,0,yes
2025,TN,47141,Putnam,549300OIJ6O9DNP74L72,,26,10,1,0.54,26,0,0,0,0,10,0,0,0,0,yes
2025,TN,47141,Putnam,7H6GLXDRUGQFU57RNE97,"JPMorgan Chase Bank, National Association",14,10,0,0.54,14,0,0,0,0,10,0,0,0,0,yes
2025,TN,47141,Putnam,254900UL88QFG0E40516,FIGURE LENDING LLC,23,9,9,0.49,23,0,0,0,0,9,0,0,0,0,yes
2025,TN,47141,Putnam,5493000YNV8IX4VD3X12,"VANDERBILT MORTGAGE AND FINANCE, INC.",53,9,12,0.49,53,0,0,0,0,9,0,0,0,0,yes
2025,TN,47141,Putnam,54930015645SYPOM7220,,12,9,0,0.49,5,5,1,1,0,4,4,0,1,0,yes
2025,TN,47141,Putnam,549300FNXYY540N23N64,Newrez LLC,27,9,5,0.49,5,13,9,0,0,2,2,5,0,0,yes
2025,TN,47141,Putnam,5493001GCBD5XGNIC815,Coastal Community Bank,27,8,0,0.43,27,0,0,0,0,8,0,0,0,0,yes
2025,TN,47141,Putnam,5493001GDRY0EL7VG372,"ARK-LA-TEX FINANCIAL SERVICES, LLC.",10,8,1,0.43,4,6,0,0,0,3,5,0,0,0,yes
2025,TN,47141,Putnam,5493003GQDUH26DNNH17,Navy Federal Credit Union,19,8,7,0.43,13,0,6,0,0,5,0,3,0,0,yes
2025,TN,47141,Putnam,549300XQVJ1XBNFA5536,21ST MORTGAGE CORPORATION,46,8,18,0.43,46,0,0,0,0,8,0,0,0,0,yes
2025,TN,47141,Putnam,549300R9S3MVDV4MGF56,"CARRINGTON MORTGAGE SERVICES, LLC",19,7,8,0.38,12,3,4,0,0,5,0,2,0,0,yes
2025,TN,47141,Putnam,549300XQ7B5FIVUNFE29,VAN DYK MORTGAGE CORPORATION,13,7,0,0.38,3,4,5,1,0,1,3,2,1,0,yes
2025,TN,47141,Putnam,549300YIQ7S7Z8PIHE53,AMERISAVE MORTGAGE CORPORATION,24,7,12,0.38,12,10,2,0,0,6,1,0,0,0,yes
2025,TN,47141,Putnam,549300AQ3T62GXDU7D76,Ally Bank,8,6,0,0.33,4,2,1,1,0,2,2,1,1,0,yes
2025,TN,47141,Putnam,549300B4IYL7TZT8FA34,,10,6,1,0.33,3,7,0,0,0,1,5,0,0,0,yes
2025,TN,47141,Putnam,C5654JQHZUHN0772B561,USAA Federal Savings Bank,8,6,0,0.33,1,0,7,0,0,1,0,5,0,0,yes
2025,TN,47141,Putnam,DRMSV1Q0EKMEXLAU1P80,"Citizens Bank, National Association",11,6,4,0.33,11,0,0,0,0,6,0,0,0,0,yes
2025,TN,47141,Putnam,5493001UYBOONMFYPR30,"Legacy Home Loans, LLC",5,5,0,0.27,5,0,0,0,0,5,0,0,0,0,yes
2025,TN,47141,Putnam,5493002B2WMHY23GFK92,"AMERICAN FINANCIAL RESOURCES, INC.",7,5,0,0.27,4,3,0,0,0,2,3,0,0,0,yes
2025,TN,47141,Putnam,549300BLL6VL7AXWYP56,,7,5,0,0.27,6,1,0,0,0,5,0,0,0,0,yes
2025,TN,47141,Putnam,549300CDOC4F7XSRG390,Pinnacle Bank,5,5,0,0.27,5,0,0,0,0,5,0,0,0,0,yes
2025,TN,47141,Putnam,549300U3721PJGQZYY68,Nationstar Mortgage LLC,10,5,1,0.27,5,3,2,0,0,3,1,1,0,0,yes
2025,TN,47141,Putnam,213800QUAI2VH5YM6310,"EMBRACE HOME LOANS, INC.",7,4,1,0.22,4,2,1,0,0,3,1,0,0,0,yes
2025,TN,47141,Putnam,254900DTLHVWQ7NP7R34,"CMG Mortgage, Inc.",6,4,1,0.22,5,1,0,0,0,3,1,0,0,0,yes
2025,TN,47141,Putnam,5493001WHVQBGRSWEU75,"HOMEBRIDGE FINANCIAL SERVICES, INC.",4,4,0,0.22,4,0,0,0,0,4,0,0,0,0,yes
2025,TN,47141,Putnam,549300249G20MDIDRR27,,21,4,1,0.22,17,4,0,0,0,2,2,0,0,0,yes
2025,TN,47141,Putnam,54930054ET8KM4O1D485,"SOFI BANK, NATIONAL ASSOCIATION",6,4,0,0.22,6,0,0,0,0,4,0,0,0,0,yes
2025,TN,47141,Putnam,549300HUJ6V0QTROHW53,,4,4,0,0.22,4,0,0,0,0,4,0,0,0,0,yes
2025,TN,47141,Putnam,549300LROQOOQU77WS20,,5,4,0,0.22,5,0,0,0,0,4,0,0,0,0,yes
2025,TN,47141,Putnam,549300RP3DLR09NF6157,,6,4,0,0.22,3,1,1,1,0,1,1,1,1,0,yes
2025,TN,47141,Putnam,549300SUCQ1358EGVE89,"NEW DAY FINANCIAL, LLC",17,4,2,0.22,0,1,16,0,0,0,0,4,0,0,yes
2025,TN,47141,Putnam,549300YN94MOAVYW0F52,"GoodLeap, LLC",6,4,0,0.22,3,1,2,0,0,3,0,1,0,0,yes
2025,TN,47141,Putnam,549300ZZME37MXI1EF14,,4,4,0,0.22,3,1,0,0,0,3,1,0,0,0,yes
2025,TN,47141,Putnam,KB1H1DSPRFMYMCUFXT09,"Wells Fargo Bank, National Association",9,4,1,0.22,6,1,2,0,0,3,1,0,0,0,yes
2025,TN,47141,Putnam,Q708HHR4LD2B7XIZNO92,First Federal Bank,6,4,0,0.22,2,0,4,0,0,2,0,2,0,0,yes
2025,TN,47141,Putnam,25490066WMF8ZMQXQB18,"Lendage, LLC",3,3,0,0.16,3,0,0,0,0,3,0,0,0,0,yes
2025,TN,47141,Putnam,254900ZFWS2106HWPH46,"PARAMOUNT RESIDENTIAL MORTGAGE GROUP, INC.",3,3,0,0.16,1,0,1,1,0,1,0,1,1,0,yes
2025,TN,47141,Putnam,5493001JT9MT3Z3Y3M39,,3,3,0,0.16,3,0,0,0,0,3,0,0,0,0,yes
2025,TN,47141,Putnam,5493002RF1ERFA2XR050,Renasant Bank,3,3,0,0.16,1,2,0,0,0,1,2,0,0,0,yes
2025,TN,47141,Putnam,549300ALNLUNS3Y53T24,,8,3,2,0.16,6,2,0,0,0,3,0,0,0,0,yes
2025,TN,47141,Putnam,549300FX7K8PTEQUU487,PENTAGON FEDERAL CREDIT UNION,4,3,0,0.16,4,0,0,0,0,3,0,0,0,0,yes
2025,TN,47141,Putnam,549300PBTV7FCWLSMM53,,5,3,0,0.16,0,0,5,0,0,0,0,3,0,0,yes
2025,TN,47141,Putnam,549300RM1IZYGQDSNL85,,6,3,1,0.16,1,3,2,0,0,1,1,1,0,0,yes
2025,TN,47141,Putnam,549300RN01LBYR8ZVX74,"LOWER, LLC",3,3,0,0.16,2,1,0,0,0,2,1,0,0,0,yes
2025,TN,47141,Putnam,549300RZFHIGIM84KN09,,3,3,0,0.16,3,0,0,0,0,3,0,0,0,0,yes
2025,TN,47141,Putnam,549300VORTI31GZTJL53,"CARDINAL FINANCIAL COMPANY, LIMITED PARTNERSHIP",5,3,0,0.16,4,1,0,0,0,2,1,0,0,0,yes
2025,TN,47141,Putnam,549300XWUSRVVOHPRY47,Academy Mortgage Corporation,4,3,0,0.16,1,2,0,1,0,1,1,0,1,0,yes
2025,TN,47141,Putnam,B4TYDEB6GKMZO031MB27,"Guaranteed Rate, Inc.",11,3,3,0.16,11,0,0,0,0,3,0,0,0,0,yes
2025,TN,47141,Putnam,JJKC32MCHWDI71265Z06,Truist Bank,7,3,0,0.16,7,0,0,0,0,3,0,0,0,0,yes
2025,TN,47141,Putnam,QFROUN1UWUYU0DVIWD51,"Eagle Home Mortgage, LLC",3,3,0,0.16,2,1,0,0,0,2,1,0,0,0,yes
2025,TN,47141,Putnam,213800XR2TCBQJSF1X93,,2,2,0,0.11,2,0,0,0,0,2,0,0,0,0,yes
2025,TN,47141,Putnam,2549005SIVTHG14U2905,A&D Mortgage LLC,2,2,0,0.11,2,0,0,0,0,2,0,0,0,0,yes
2025,TN,47141,Putnam,254900E6AIE4Z8YQM970,Citadel Servicing Corporation,2,2,0,0.11,2,0,0,0,0,2,0,0,0,0,yes
2025,TN,47141,Putnam,254900FJRICL380R4T46,Leaders Credit Union,2,2,0,0.11,2,0,0,0,0,2,0,0,0,0,yes
2025,TN,47141,Putnam,254900HA4DQWAE0W3342,"AMERIHOME MORTGAGE COMPANY, LLC",2,2,0,0.11,0,2,0,0,0,0,2,0,0,0,yes
2025,TN,47141,Putnam,254900M2C4Q6DATP2889,,6,2,0,0.11,2,2,2,0,0,0,1,1,0,0,yes
2025,TN,47141,Putnam,2WHM8VNJH63UN14OL754,The Huntington National Bank,2,2,0,0.11,2,0,0,0,0,2,0,0,0,0,yes
2025,TN,47141,Putnam,5493000H6DFDDJRORG89,,3,2,0,0.11,3,0,0,0,0,2,0,0,0,0,yes
2025,TN,47141,Putnam,549300121SF0K2LN2804,"PRIMELENDING, A PLAINSCAPITAL COMPANY",2,2,0,0.11,2,0,0,0,0,2,0,0,0,0,yes
2025,TN,47141,Putnam,54930021WPEXNHYZUL09,"PLANET HOME LENDING, LLC",2,2,0,0.11,0,0,2,0,0,0,0,2,0,0,yes
2025,TN,47141,Putnam,5493004NO7XCFVG4KD53,,3,2,0,0.11,3,0,0,0,0,2,0,0,0,0,yes
2025,TN,47141,Putnam,54930052M48FOD3CWA54,"PRIMARY RESIDENTIAL MORTGAGE, INC.",3,2,0,0.11,1,2,0,0,0,1,1,0,0,0,yes
2025,TN,47141,Putnam,54930059GZZ7G4G40O53,Primis Mortgage Company,3,2,0,0.11,2,0,1,0,0,1,0,1,0,0,yes
2025,TN,47141,Putnam,54930072OCHTUJOZQB56,,3,2,0,0.11,3,0,0,0,0,2,0,0,0,0,yes
2025,TN,47141,Putnam,5493008CPTDVOS570626,"Primary Residential Mortgage, Inc.",3,2,1,0.11,3,0,0,0,0,2,0,0,0,0,yes
2025,TN,47141,Putnam,5493008NWHQT1R22C024,"AMERICAN FINANCIAL NETWORK, INC.",2,2,0,0.11,0,2,0,0,0,0,2,0,0,0,yes
2025,TN,47141,Putnam,549300KHXD7JSQUZIJ22,,3,2,0,0.11,1,2,0,0,0,1,1,0,0,0,yes
2025,TN,47141,Putnam,549300L1DBFIJZI8LA40,,2,2,0,0.11,1,0,1,0,0,1,0,1,0,0,yes
2025,TN,47141,Putnam,549300MHH03ICJYEPE85,,3,2,0,0.11,0,3,0,0,0,0,2,0,0,0,yes
2025,TN,47141,Putnam,549300MZ8VZJOVC63092,"KIND LENDING, LLC",5,2,3,0.11,2,2,1,0,0,0,1,1,0,0,yes
2025,TN,47141,Putnam,549300NOCASXPA34X033,"LAKEVIEW LOAN SERVICING, LLC",8,2,6,0.11,1,4,3,0,0,0,0,2,0,0,yes
2025,TN,47141,Putnam,549300PL267CW8182203,,5,2,0,0.11,1,2,2,0,0,1,0,1,0,0,yes
2025,TN,47141,Putnam,549300Q3ROEQU3D1IW91,,6,2,4,0.11,6,0,0,0,0,2,0,0,0,0,yes
2025,TN,47141,Putnam,549300Q50XCC0473FG63,,3,2,0,0.11,3,0,0,0,0,2,0,0,0,0,yes
2025,TN,47141,Putnam,549300R7HGHP2I754087,TOWNE MORTGAGE COMPANY,3,2,1,0.11,0,1,1,1,0,0,0,1,1,0,yes
2025,TN,47141,Putnam,549300SK2GVCQXPD4S58,"SUN WEST MORTGAGE COMPANY, INC.",2,2,0,0.11,0,0,2,0,0,0,0,2,0,0,yes
2025,TN,47141,Putnam,549300YUZCW5UUIYIL79,,3,2,1,0.11,3,0,0,0,0,2,0,0,0,0,yes
2025,TN,47141,Putnam,549300YW2UBCMDRMBT48,,3,2,0,0.11,2,1,0,0,0,1,1,0,0,0,yes
2025,TN,47141,Putnam,C398JSK21YCXWM603F55,,4,2,0,0.11,3,0,1,0,0,2,0,0,0,0,yes
2025,TN,47141,Putnam,IUGPUX5LWRZ3B6KIZ697,Ameris Bank,2,2,0,0.11,2,0,0,0,0,2,0,0,0,0,yes
2025,TN,47141,Putnam,Q7C315HKI8VX0SSKBS64,Cadence Bank,2,2,0,0.11,2,0,0,0,0,2,0,0,0,0,yes
2025,TN,47141,Putnam,X05BVSK68TQ7YTOSNR22,Discover Bank,16,2,11,0.11,16,0,0,0,0,2,0,0,0,0,yes
2025,TN,47141,Putnam,2549007IU6SKFLLNKZ07,,1,1,0,0.05,1,0,0,0,0,1,0,0,0,0,yes
2025,TN,47141,Putnam,254900A9IPKYRVXEJ156,,1,1,0,0.05,0,0,1,0,0,0,0,1,0,0,yes
2025,TN,47141,Putnam,254900BBWJ82FQDQ6823,,1,1,0,0.05,1,0,0,0,0,1,0,0,0,0,yes
2025,TN,47141,Putnam,254900HEJ9F73IMPX887,,1,1,0,0.05,1,0,0,0,0,1,0,0,0,0,yes
2025,TN,47141,Putnam,254900RM3T6WAVE6SA24,,1,1,0,0.05,1,0,0,0,0,1,0,0,0,0,yes
2025,TN,47141,Putnam,254900RQX8N4HXJIDK44,,1,1,0,0.05,1,0,0,0,0,1,0,0,0,0,yes
2025,TN,47141,Putnam,254900RUCO27MVGTO768,LOAN FUNDER LLC,2,1,0,0.05,2,0,0,0,0,1,0,0,0,0,yes
2025,TN,47141,Putnam,254900S61OCEX8MXZI58,,1,1,0,0.05,1,0,0,0,0,1,0,0,0,0,yes
2025,TN,47141,Putnam,254900TG14TB8RKS3U42,,1,1,0,0.05,1,0,0,0,0,1,0,0,0,0,yes
2025,TN,47141,Putnam,254900WTZC5SSKIN2M11,,1,1,0,0.05,1,0,0,0,0,1,0,0,0,0,yes
2025,TN,47141,Putnam,254900YR8UZ7F37G6E87,,1,1,0,0.05,1,0,0,0,0,1,0,0,0,0,yes
2025,TN,47141,Putnam,54930001NSTOD85LT125,"GUARANTEED RATE AFFINITY, LLC",1,1,0,0.05,1,0,0,0,0,1,0,0,0,0,yes
2025,TN,47141,Putnam,549300095ABBENNWE160,,1,1,0,0.05,1,0,0,0,0,1,0,0,0,0,yes
2025,TN,47141,Putnam,54930022I573MYIIOM33,,3,1,0,0.05,3,0,0,0,0,1,0,0,0,0,yes
2025,TN,47141,Putnam,5493002FQ43Q3BNXZW27,,1,1,0,0.05,1,0,0,0,0,1,0,0,0,0,yes
2025,TN,47141,Putnam,5493002Y5XYV7DV1ZV88,"GOLD STAR MORTGAGE FINANCIAL GROUP, CORPORATION",2,1,0,0.05,2,0,0,0,0,1,0,0,0,0,yes
2025,TN,47141,Putnam,549300323EON4W3CCM44,"RESICENTRAL, LLC",1,1,0,0.05,1,0,0,0,0,1,0,0,0,0,yes
2025,TN,47141,Putnam,5493003V40VGM7YDFM54,FIRST COLONY MORTGAGE CORPORATION,1,1,0,0.05,1,0,0,0,0,1,0,0,0,0,yes
2025,TN,47141,Putnam,5493003WLEYGXGNTI654,,1,1,0,0.05,1,0,0,0,0,1,0,0,0,0,yes
2025,TN,47141,Putnam,54930043BMDE130FJ617,"PROVIDENT FUNDING ASSOCIATES, L.P.",3,1,0,0.05,3,0,0,0,0,1,0,0,0,0,yes
2025,TN,47141,Putnam,54930049L5WINET09Q97,"CLICK N' CLOSE, INC.",1,1,0,0.05,0,0,1,0,0,0,0,1,0,0,yes
2025,TN,47141,Putnam,5493004IEEY3EWUVQH38,,1,1,0,0.05,1,0,0,0,0,1,0,0,0,0,yes
2025,TN,47141,Putnam,5493004T38NMC864VL66,,1,1,0,0.05,1,0,0,0,0,1,0,0,0,0,yes
2025,TN,47141,Putnam,5493005QMX3SJKDTQZ62,,1,1,0,0.05,1,0,0,0,0,1,0,0,0,0,yes
2025,TN,47141,Putnam,54930065B0NVUO52TY13,,2,1,1,0.05,1,1,0,0,0,0,1,0,0,0,yes
2025,TN,47141,Putnam,5493006RIR31ORKYB608,,1,1,0,0.05,1,0,0,0,0,1,0,0,0,0,yes
2025,TN,47141,Putnam,5493007669OVCSCATP45,TENNESSEE VALLEY FCU,3,1,0,0.05,3,0,0,0,0,1,0,0,0,0,yes
2025,TN,47141,Putnam,5493008E4KBJCB6UKR64,,1,1,0,0.05,0,1,0,0,0,0,1,0,0,0,yes
2025,TN,47141,Putnam,5493008XX3NZ5S384W16,,1,1,0,0.05,1,0,0,0,0,1,0,0,0,0,yes
2025,TN,47141,Putnam,54930095UWUUXAWASB02,"Atlantic Coast Mortgage, LLC",1,1,0,0.05,1,0,0,0,0,1,0,0,0,0,yes
2025,TN,47141,Putnam,549300A5HHOL2ED18C72,,1,1,0,0.05,1,0,0,0,0,1,0,0,0,0,yes
2025,TN,47141,Putnam,549300AT7EB9FJAF0E61,Old National Bank,3,1,2,0.05,2,1,0,0,0,1,0,0,0,0,yes
2025,TN,47141,Putnam,549300BOXNV8VLRBDT24,,1,1,0,0.05,1,0,0,0,0,1,0,0,0,0,yes
2025,TN,47141,Putnam,549300BX448ALT10FI43,The Federal Savings Bank,5,1,2,0.05,0,1,4,0,0,0,0,1,0,0,yes
2025,TN,47141,Putnam,549300C4CKL0HRXJ3085,,1,1,0,0.05,0,1,0,0,0,0,1,0,0,0,yes
2025,TN,47141,Putnam,549300CLRXFVF83ZL806,"NATIONWIDE MORTGAGE BANKERS, INC.",1,1,0,0.05,0,0,1,0,0,0,0,1,0,0,yes
2025,TN,47141,Putnam,549300COIWXM618UBE82,,1,1,0,0.05,1,0,0,0,0,1,0,0,0,0,yes
2025,TN,47141,Putnam,549300CUUEEQ66ZVK149,,2,1,0,0.05,1,1,0,0,0,1,0,0,0,0,yes
2025,TN,47141,Putnam,549300DD4R4SYK5RAQ92,"Cardinal Financial Company, Limited Partnership",5,1,1,0.05,2,2,1,0,0,1,0,0,0,0,yes
2025,TN,47141,Putnam,549300DMYENRV818D594,,2,1,0,0.05,2,0,0,0,0,1,0,0,0,0,yes
2025,TN,47141,Putnam,549300DPRWSBUY619V27,,1,1,0,0.05,1,0,0,0,0,1,0,0,0,0,yes
2025,TN,47141,Putnam,549300E035FX7XMJ6713,,1,1,0,0.05,1,0,0,0,0,1,0,0,0,0,yes
2025,TN,47141,Putnam,549300EFCZM6KD6B8K69,MORTGAGE ACCESS CORP.,1,1,0,0.05,1,0,0,0,0,1,0,0,0,0,yes
2025,TN,47141,Putnam,549300JPGMCMBEJEK584,FIRST TECHNOLOGY,1,1,0,0.05,1,0,0,0,0,1,0,0,0,0,yes
2025,TN,47141,Putnam,549300JQALY53TH22D13,,1,1,0,0.05,1,0,0,0,0,1,0,0,0,0,yes
2025,TN,47141,Putnam,549300JYXTZDSPJEPI44,"PLAZA HOME MORTGAGE, INC.",2,1,1,0.05,0,2,0,0,0,0,1,0,0,0,yes
2025,TN,47141,Putnam,549300K2JM6ID3V5LO24,,2,1,0,0.05,2,0,0,0,0,1,0,0,0,0,yes
2025,TN,47141,Putnam,549300KB8NXVYD7BGS97,,2,1,0,0.05,2,0,0,0,0,1,0,0,0,0,yes
2025,TN,47141,Putnam,549300KTR1JGH3K6LU06,FOURLEAF,3,1,1,0.05,3,0,0,0,0,1,0,0,0,0,yes
2025,TN,47141,Putnam,549300KUIZTYQRC0R888,,1,1,0,0.05,0,1,0,0,0,0,1,0,0,0,yes
2025,TN,47141,Putnam,549300MCIFZSDHUT8X63,"NFM, INC.",1,1,0,0.05,1,0,0,0,0,1,0,0,0,0,yes
2025,TN,47141,Putnam,549300MCPCNPQAOB4032,,1,1,0,0.05,0,1,0,0,0,0,1,0,0,0,yes
2025,TN,47141,Putnam,549300NWBS6MQJX15N44,,1,1,0,0.05,1,0,0,0,0,1,0,0,0,0,yes
2025,TN,47141,Putnam,549300OSZK2W0WJYS771,,1,1,0,0.05,1,0,0,0,0,1,0,0,0,0,yes
2025,TN,47141,Putnam,549300PQLK8E48ILXV41,,1,1,0,0.05,1,0,0,0,0,1,0,0,0,0,yes
2025,TN,47141,Putnam,549300QIUZLVR1OLDH55,,1,1,0,0.05,1,0,0,0,0,1,0,0,0,0,yes
2025,TN,47141,Putnam,549300QR0KFPEDZPEI42,,5,1,0,0.05,4,0,1,0,0,1,0,0,0,0,yes
2025,TN,47141,Putnam,549300R0L43GUZ8EW811,,1,1,0,0.05,0,1,0,0,0,0,1,0,0,0,yes
2025,TN,47141,Putnam,549300RA3E0BUFO7YZ21,"Hometown Equity Mortgage, LLC",1,1,0,0.05,1,0,0,0,0,1,0,0,0,0,yes
2025,TN,47141,Putnam,549300RBJCM5B02O5U05,,1,1,0,0.05,1,0,0,0,0,1,0,0,0,0,yes
2025,TN,47141,Putnam,549300RD5IG88VPO6P22,,1,1,0,0.05,1,0,0,0,0,1,0,0,0,0,yes
2025,TN,47141,Putnam,549300RUFHC5ZQDL8J10,,2,1,0,0.05,2,0,0,0,0,1,0,0,0,0,yes
2025,TN,47141,Putnam,549300RYTR2RVL4SFJ90,,1,1,0,0.05,1,0,0,0,0,1,0,0,0,0,yes
2025,TN,47141,Putnam,549300SHE1JTCOWBP090,STATE EMPLOYEES' CREDIT UNION,1,1,0,0.05,1,0,0,0,0,1,0,0,0,0,yes
2025,TN,47141,Putnam,549300T7AIY7RU1YDP31,,1,1,0,0.05,0,0,1,0,0,0,0,1,0,0,yes
2025,TN,47141,Putnam,549300T9P3WXNMXX0I34,Ixonia Bank,1,1,0,0.05,1,0,0,0,0,1,0,0,0,0,yes
2025,TN,47141,Putnam,549300TCY9QY8BRDQJ12,,1,1,0,0.05,0,1,0,0,0,0,1,0,0,0,yes
2025,TN,47141,Putnam,549300TE5E6DWAI74K71,,1,1,0,0.05,1,0,0,0,0,1,0,0,0,0,yes
2025,TN,47141,Putnam,549300TV5ZED3EINI708,,1,1,0,0.05,1,0,0,0,0,1,0,0,0,0,yes
2025,TN,47141,Putnam,549300UG7QXKM7KGV847,,4,1,1,0.05,2,2,0,0,0,1,0,0,0,0,yes
2025,TN,47141,Putnam,549300UR5AOWTJJ7KZ64,,2,1,0,0.05,2,0,0,0,0,1,0,0,0,0,yes
2025,TN,47141,Putnam,549300V8CF81JGIV7038,,1,1,0,0.05,1,0,0,0,0,1,0,0,0,0,yes
2025,TN,47141,Putnam,549300VCMRO4ST680C11,VILLAGE CAPITAL & INVESTMENT LLC,7,1,2,0.05,0,5,2,0,0,0,1,0,0,0,yes
2025,TN,47141,Putnam,549300W09D8JV1ANXX59,,1,1,0,0.05,1,0,0,0,0,1,0,0,0,0,yes
2025,TN,47141,Putnam,549300XA6P3X1GTJEY80,,1,1,0,0.05,1,0,0,0,0,1,0,0,0,0,yes
2025,TN,47141,Putnam,549300XM1P1O0WI4KO86,,1,1,0,0.05,1,0,0,0,0,1,0,0,0,0,yes
2025,TN,47141,Putnam,549300XY701IELCE5Q08,BETTER MORTGAGE CORPORATION,6,1,2,0.05,5,1,0,0,0,1,0,0,0,0,yes
2025,TN,47141,Putnam,549300YD7XJM19TH5O82,,2,1,0,0.05,2,0,0,0,0,1,0,0,0,0,yes
2025,TN,47141,Putnam,549300YRN588YD6VNJ18,,1,1,0,0.05,1,0,0,0,0,1,0,0,0,0,yes
2025,TN,47141,Putnam,549300ZEUD3RXQZG2867,,1,1,0,0.05,1,0,0,0,0,1,0,0,0,0,yes
2025,TN,47141,Putnam,549300ZSNURWJMU0YY46,,1,1,0,0.05,1,0,0,0,0,1,0,0,0,0,yes
2025,TN,47141,Putnam,9845006YE04B346EC919,,3,1,0,0.05,0,2,1,0,0,0,1,0,0,0,yes
2025,TN,47141,Putnam,984500P059VACEAAFA22,,1,1,0,0.05,0,1,0,0,0,0,1,0,0,0,yes
2025,TN,47141,Putnam,AD6GFRVSDT01YPT1CS68,"PNC Bank, National Association",3,1,2,0.05,3,0,0,0,0,1,0,0,0,0,yes
2025,TN,47141,Putnam,B94HV8SXGDD3J5XESU08,,1,1,0,0.05,1,0,0,0,0,1,0,0,0,0,yes
2025,TN,47141,Putnam,CKVBED0S4DMLKJJ5XH28,,1,1,0,0.05,1,0,0,0,0,1,0,0,0,0,yes
2025,TN,47141,Putnam,E57ODZWZ7FF32TWEFA76,"Citibank, National Association",2,1,0,0.05,2,0,0,0,0,1,0,0,0,0,yes
2025,TN,47141,Putnam,N8T7HW55LK5D2ORCKP39,First National Bank of Pennsylvania,1,1,0,0.05,1,0,0,0,0,1,0,0,0,0,yes
2025,TN,47141,Putnam,PAOOWF3GUFM46FBSP561,,2,1,0,0.05,2,0,0,0,0,1,0,0,0,0,yes
2025,TN,47141,Putnam,SS1TRMSN6BRNMOREEV51,"Flagstar Bank, National Association",1,1,0,0.05,0,1,0,0,0,0,1,0,0,0,yes
2025,TN,47141,Putnam,ZXMJHJK466PBZTM5F379,,1,1,0,0.05,1,0,0,0,0,1,0,0,0,0,yes
2025,TN,47141,Putnam,54930091JQKCU3Z6IP44,,5,0,0,0.0,5,0,0,0,0,0,0,0,0,0,yes
2025,TN,47141,Putnam,549300K4ZLGS7SRDTL86,Equity Prime Mortgage LLC,6,0,1,0.0,0,5,1,0,0,0,0,0,0,0,yes
2025,TN,47147,Robertson,549300HW662MN1WU8550,"United Wholesale Mortgage, LLC",263,207,16,8.17,99,93,66,5,0,84,69,50,4,0,yes
2025,TN,47147,Robertson,549300FGXN1K3HLB1R50,"Rocket Mortgage, LLC",242,174,45,6.87,177,46,19,0,0,130,27,17,0,0,yes
2025,TN,47147,Robertson,5493001SXWZ4OFP8Z903,"CrossCountry Mortgage, LLC",145,112,7,4.42,72,44,24,5,0,56,33,18,5,0,yes
2025,TN,47147,Robertson,549300C4CKL0HRXJ3085,,118,99,8,3.91,111,3,4,0,0,94,2,3,0,0,yes
2025,TN,47147,Robertson,549300KBWX4NV5Q1E376,"NVR Mortgage Finance, Inc.",116,95,15,3.75,34,57,14,11,0,30,44,13,8,0,yes
2025,TN,47147,Robertson,254900ERGGNLW2R5J379,,99,86,1,3.4,56,28,15,0,0,47,26,13,0,0,yes
2025,TN,47147,Robertson,2549007JQKHU8KQ0FC19,,93,78,1,3.08,56,29,7,1,0,50,23,4,1,0,yes
2025,TN,47147,Robertson,EQTWLK1G7ODGC2MGLV11,Regions Bank,150,68,60,2.68,146,4,0,0,0,67,1,0,0,0,yes
2025,TN,47147,Robertson,549300YRN588YD6VNJ18,,78,65,8,2.57,78,0,0,0,0,65,0,0,0,0,yes
2025,TN,47147,Robertson,549300GKFNPRWNS0GF29,"AmeriHome Mortgage Company, LLC",91,64,0,2.53,56,25,5,5,0,40,19,2,3,0,yes
2025,TN,47147,Robertson,6BYL5QZYBDK8S7L73M02,U.S. Bank National Association,105,54,35,2.13,102,3,0,0,0,52,2,0,0,0,yes
2025,TN,47147,Robertson,T68X8LLAQYRNDV034K14,United Community Bank,76,48,22,1.89,66,9,1,0,0,42,6,0,0,0,yes
2025,TN,47147,Robertson,549300DD5QQUHO6PCH70,"Movement Mortgage, LLC",94,47,8,1.86,6,10,77,1,0,3,4,40,0,0,yes
2025,TN,47147,Robertson,549300LYRWPSYPK6S325,Guild Mortgage Company LLC,85,43,6,1.7,13,40,31,1,0,4,18,20,1,0,yes
2025,TN,47147,Robertson,54930020YWIK7HGH2R34,,55,42,2,1.66,26,26,3,0,0,20,19,3,0,0,yes
2025,TN,47147,Robertson,549300VZVN841I2ILS84,Freedom Mortgage Corporation,45,31,0,1.22,23,14,7,1,0,17,8,6,0,0,yes
2025,TN,47147,Robertson,549300FZ8E0GLIFFYB55,,40,29,9,1.14,40,0,0,0,0,29,0,0,0,0,yes
2025,TN,47147,Robertson,549300LBCBNR1OT00651,NATIONSTAR MORTGAGE LLC,38,28,4,1.11,30,8,0,0,0,22,6,0,0,0,yes
2025,TN,47147,Robertson,RVDPPPGHCGZ40J4VQ731,Fairway Independent Mortgage Corporation,75,27,10,1.07,20,32,23,0,0,8,12,7,0,0,yes
2025,TN,47147,Robertson,54930052M48FOD3CWA54,"PRIMARY RESIDENTIAL MORTGAGE, INC.",28,25,0,0.99,11,13,4,0,0,10,11,4,0,0,yes
2025,TN,47147,Robertson,549300MGPZBLQDIL7538,"PrimeLending, a PlainsCapital Company",38,25,1,0.99,17,11,8,2,0,12,7,5,1,0,yes
2025,TN,47147,Robertson,549300OBO7DOF2KOP535,FirstBank,29,25,2,0.99,23,3,2,1,0,20,2,2,1,0,yes
2025,TN,47147,Robertson,549300AG64NHILB7ZP05,"PennyMac Loan Services, LLC",37,24,7,0.95,20,9,8,0,0,18,4,2,0,0,yes
2025,TN,47147,Robertson,549300AT7EB9FJAF0E61,Old National Bank,34,24,3,0.95,18,3,9,4,0,13,1,8,2,0,yes
2025,TN,47147,Robertson,549300PIL8LFAQ04XC20,Better Mortgage Corporation,47,22,16,0.87,47,0,0,0,0,22,0,0,0,0,yes
2025,TN,47147,Robertson,549300U3721PJGQZYY68,Nationstar Mortgage LLC,45,22,4,0.87,25,12,8,0,0,11,6,5,0,0,yes
2025,TN,47147,Robertson,B4TYDEB6GKMZO031MB27,"Guaranteed Rate, Inc.",64,21,25,0.83,64,0,0,0,0,21,0,0,0,0,yes
2025,TN,47147,Robertson,5493003GQDUH26DNNH17,Navy Federal Credit Union,52,19,13,0.75,42,0,10,0,0,18,0,1,0,0,yes
2025,TN,47147,Robertson,549300E2UX99HKDBR481,"Broker Solutions, Inc.",42,19,2,0.75,18,20,4,0,0,10,8,1,0,0,yes
2025,TN,47147,Robertson,JJKC32MCHWDI71265Z06,Truist Bank,48,19,19,0.75,48,0,0,0,0,19,0,0,0,0,yes
2025,TN,47147,Robertson,254900UL88QFG0E40516,FIGURE LENDING LLC,30,17,4,0.67,30,0,0,0,0,17,0,0,0,0,yes
2025,TN,47147,Robertson,5493000YNV8IX4VD3X12,"VANDERBILT MORTGAGE AND FINANCE, INC.",31,17,5,0.67,20,9,2,0,0,9,6,2,0,0,yes
2025,TN,47147,Robertson,549300H3IZO24NSOO931,"loanDepot.com, LLC",28,17,1,0.67,24,3,0,1,0,15,1,0,1,0,yes
2025,TN,47147,Robertson,5493006JISETNI0GLE61,,20,16,2,0.63,20,0,0,0,0,16,0,0,0,0,yes
2025,TN,47147,Robertson,549300AJ6XFK1ACXWQ06,,17,16,1,0.63,17,0,0,0,0,16,0,0,0,0,yes
2025,TN,47147,Robertson,549300E1PJPTI4YS7H26,ASCEND FEDERAL CREDIT UNION,27,16,7,0.63,27,0,0,0,0,16,0,0,0,0,yes
2025,TN,47147,Robertson,7H6GLXDRUGQFU57RNE97,"JPMorgan Chase Bank, National Association",24,16,3,0.63,24,0,0,0,0,16,0,0,0,0,yes
2025,TN,47147,Robertson,5493001UYBOONMFYPR30,"Legacy Home Loans, LLC",15,15,0,0.59,12,3,0,0,0,12,3,0,0,0,yes
2025,TN,47147,Robertson,549300DPRWSBUY619V27,,23,15,4,0.59,23,0,0,0,0,15,0,0,0,0,yes
2025,TN,47147,Robertson,549300KHXD7JSQUZIJ22,,18,15,0,0.59,12,5,1,0,0,10,4,1,0,0,yes
2025,TN,47147,Robertson,549300A0SVCQJPHVGV20,,17,14,0,0.55,15,0,2,0,0,12,0,2,0,0,yes
2025,TN,47147,Robertson,549300KIOYNU323LVJ37,AMERICAN PACIFIC MORTGAGE CORPORATION,18,14,0,0.55,8,8,2,0,0,6,7,1,0,0,yes
2025,TN,47147,Robertson,254900HA4DQWAE0W3342,"AMERIHOME MORTGAGE COMPANY, LLC",15,13,1,0.51,0,14,1,0,0,0,12,1,0,0,yes
2025,TN,47147,Robertson,549300LXKO1O7CSK5J52,,14,13,0,0.51,8,5,0,1,0,8,4,0,1,0,yes
2025,TN,47147,Robertson,549300T9P3WXNMXX0I34,Ixonia Bank,16,13,2,0.51,8,6,1,1,0,6,5,1,1,0,yes
2025,TN,47147,Robertson,549300YIQ7S7Z8PIHE53,AMERISAVE MORTGAGE CORPORATION,50,13,30,0.51,32,15,3,0,0,8,4,1,0,0,yes
2025,TN,47147,Robertson,549300BLL6VL7AXWYP56,,17,12,1,0.47,14,3,0,0,0,10,2,0,0,0,yes
2025,TN,47147,Robertson,549300DD4R4SYK5RAQ92,"Cardinal Financial Company, Limited Partnership",17,12,0,0.47,10,7,0,0,0,6,6,0,0,0,yes
2025,TN,47147,Robertson,549300DG3IV05V4C4E03,,16,12,0,0.47,11,4,0,1,0,8,4,0,0,0,yes
2025,TN,47147,Robertson,549300FNXYY540N23N64,Newrez LLC,45,12,10,0.47,15,14,14,2,0,3,4,4,1,0,yes
2025,TN,47147,Robertson,549300R0SXC1JU7ZU290,"FIRST COMMUNITY MORTGAGE, INC.",18,12,3,0.47,13,4,1,0,0,10,2,0,0,0,yes
2025,TN,47147,Robertson,549300L1DBFIJZI8LA40,,16,11,0,0.43,7,7,2,0,0,6,4,1,0,0,yes
2025,TN,47147,Robertson,QFROUN1UWUYU0DVIWD51,"Eagle Home Mortgage, LLC",31,11,12,0.43,30,1,0,0,0,10,1,0,0,0,yes
2025,TN,47147,Robertson,5493001GCBD5XGNIC815,Coastal Community Bank,38,10,2,0.39,38,0,0,0,0,10,0,0,0,0,yes
2025,TN,47147,Robertson,5493001WHVQBGRSWEU75,"HOMEBRIDGE FINANCIAL SERVICES, INC.",10,10,0,0.39,8,1,1,0,0,8,1,1,0,0,yes
2025,TN,47147,Robertson,54930072OCHTUJOZQB56,,11,10,1,0.39,11,0,0,0,0,10,0,0,0,0,yes
2025,TN,47147,Robertson,549300R77W0P105C3S50,HOMEXPRESS MORTGAGE CORP.,12,10,1,0.39,11,1,0,0,0,9,1,0,0,0,yes
2025,TN,47147,Robertson,COOWI3L2W9TPYR3WJX37,First Horizon Bank,19,10,7,0.39,19,0,0,0,0,10,0,0,0,0,yes
2025,TN,47147,Robertson,54930015645SYPOM7220,,14,9,2,0.36,4,8,2,0,0,3,6,0,0,0,yes
2025,TN,47147,Robertson,549300AQ3T62GXDU7D76,Ally Bank,10,9,0,0.36,7,2,1,0,0,6,2,1,0,0,yes
2025,TN,47147,Robertson,549300BX448ALT10FI43,The Federal Savings Bank,13,9,2,0.36,2,2,9,0,0,2,2,5,0,0,yes
2025,TN,47147,Robertson,549300CDOC4F7XSRG390,Pinnacle Bank,19,9,7,0.36,18,1,0,0,0,8,1,0,0,0,yes
2025,TN,47147,Robertson,549300NOCASXPA34X033,"LAKEVIEW LOAN SERVICING, LLC",37,9,16,0.36,12,13,12,0,0,3,3,3,0,0,yes
2025,TN,47147,Robertson,549300R0L43GUZ8EW811,,14,9,0,0.36,10,4,0,0,0,6,3,0,0,0,yes
2025,TN,47147,Robertson,549300VNBQD8FDHF7563,"MORTGAGE INVESTORS GROUP, INC.",12,9,0,0.36,7,5,0,0,0,4,5,0,0,0,yes
2025,TN,47147,Robertson,549300YW2UBCMDRMBT48,,11,9,1,0.36,6,5,0,0,0,5,4,0,0,0,yes
2025,TN,47147,Robertson,PAOOWF3GUFM46FBSP561,,18,9,2,0.36,12,4,2,0,0,6,2,1,0,0,yes
2025,TN,47147,Robertson,25490066WMF8ZMQXQB18,"Lendage, LLC",8,8,0,0.32,8,0,0,0,0,8,0,0,0,0,yes
2025,TN,47147,Robertson,254900PVWALA7JTBXA31,WILSON BANK AND TRUST,11,8,1,0.32,11,0,0,0,0,8,0,0,0,0,yes
2025,TN,47147,Robertson,54930059GZZ7G4G40O53,Primis Mortgage Company,10,8,0,0.32,6,3,1,0,0,5,2,1,0,0,yes
2025,TN,47147,Robertson,549300DMYENRV818D594,,15,8,1,0.32,9,5,0,1,0,5,3,0,0,0,yes
2025,TN,47147,Robertson,549300OPCWU6E72WUT29,"MUTUAL OF OMAHA MORTGAGE, INC.",16,8,4,0.32,4,11,1,0,0,2,5,1,0,0,yes
2025,TN,47147,Robertson,549300YN94MOAVYW0F52,"GoodLeap, LLC",11,8,2,0.32,8,3,0,0,0,6,2,0,0,0,yes
2025,TN,47147,Robertson,IUGPUX5LWRZ3B6KIZ697,Ameris Bank,13,8,0,0.32,6,5,1,1,0,2,5,1,0,0,yes
2025,TN,47147,Robertson,5493002B2WMHY23GFK92,"AMERICAN FINANCIAL RESOURCES, INC.",7,7,0,0.28,4,2,1,0,0,4,2,1,0,0,yes
2025,TN,47147,Robertson,5493003EW6T31TGECO83,,7,7,0,0.28,7,0,0,0,0,7,0,0,0,0,yes
2025,TN,47147,Robertson,5493003V40VGM7YDFM54,FIRST COLONY MORTGAGE CORPORATION,9,7,0,0.28,8,1,0,0,0,6,1,0,0,0,yes
2025,TN,47147,Robertson,54930049L5WINET09Q97,"CLICK N' CLOSE, INC.",11,7,1,0.28,3,8,0,0,0,3,4,0,0,0,yes
2025,TN,47147,Robertson,549300VORTI31GZTJL53,"CARDINAL FINANCIAL COMPANY, LIMITED PARTNERSHIP",9,7,1,0.28,4,4,1,0,0,3,3,1,0,0,yes
2025,TN,47147,Robertson,DRMSV1Q0EKMEXLAU1P80,"Citizens Bank, National Association",18,7,5,0.28,17,1,0,0,0,7,0,0,0,0,yes
2025,TN,47147,Robertson,254900WQCRCK13A7DC81,,11,6,2,0.24,11,0,0,0,0,6,0,0,0,0,yes
2025,TN,47147,Robertson,549300121SF0K2LN2804,"PRIMELENDING, A PLAINSCAPITAL COMPANY",7,6,0,0.24,3,0,4,0,0,3,0,3,0,0,yes
2025,TN,47147,Robertson,54930021WPEXNHYZUL09,"PLANET HOME LENDING, LLC",7,6,0,0.24,0,3,4,0,0,0,2,4,0,0,yes
2025,TN,47147,Robertson,549300FX7K8PTEQUU487,PENTAGON FEDERAL CREDIT UNION,15,6,6,0.24,9,2,4,0,0,3,1,2,0,0,yes
2025,TN,47147,Robertson,549300K4ZLGS7SRDTL86,Equity Prime Mortgage LLC,9,6,1,0.24,0,8,1,0,0,0,5,1,0,0,yes
2025,TN,47147,Robertson,549300RN01LBYR8ZVX74,"LOWER, LLC",11,6,2,0.24,5,5,1,0,0,3,3,0,0,0,yes
2025,TN,47147,Robertson,549300VCMRO4ST680C11,VILLAGE CAPITAL & INVESTMENT LLC,11,6,2,0.24,0,4,7,0,0,0,2,4,0,0,yes
2025,TN,47147,Robertson,Q7C315HKI8VX0SSKBS64,Cadence Bank,9,6,0,0.24,7,2,0,0,0,5,1,0,0,0,yes
2025,TN,47147,Robertson,2549005SIVTHG14U2905,A&D Mortgage LLC,6,5,0,0.2,6,0,0,0,0,5,0,0,0,0,yes
2025,TN,47147,Robertson,254900DTLHVWQ7NP7R34,"CMG Mortgage, Inc.",9,5,2,0.2,8,1,0,0,0,5,0,0,0,0,yes
2025,TN,47147,Robertson,549300KQHWNSVCE2MY88,,5,5,0,0.2,4,0,1,0,0,4,0,1,0,0,yes
2025,TN,47147,Robertson,549300MZ8VZJOVC63092,"KIND LENDING, LLC",8,5,3,0.2,5,3,0,0,0,4,1,0,0,0,yes
2025,TN,47147,Robertson,549300Q10M1VXBG2H889,,11,5,1,0.2,2,9,0,0,0,1,4,0,0,0,yes
2025,TN,47147,Robertson,549300Q50XCC0473FG63,,8,5,3,0.2,8,0,0,0,0,5,0,0,0,0,yes
2025,TN,47147,Robertson,549300R9S3MVDV4MGF56,"CARRINGTON MORTGAGE SERVICES, LLC",23,5,15,0.2,12,11,0,0,0,2,3,0,0,0,yes
2025,TN,47147,Robertson,549300SUCQ1358EGVE89,"NEW DAY FINANCIAL, LLC",15,5,1,0.2,0,0,15,0,0,0,0,5,0,0,yes
2025,TN,47147,Robertson,549300ZWNETGFXTBBY03,,11,5,0,0.2,4,4,3,0,0,1,3,1,0,0,yes
2025,TN,47147,Robertson,AD6GFRVSDT01YPT1CS68,"PNC Bank, National Association",9,5,3,0.2,9,0,0,0,0,5,0,0,0,0,yes
2025,TN,47147,Robertson,C5654JQHZUHN0772B561,USAA Federal Savings Bank,9,5,1,0.2,1,0,8,0,0,1,0,4,0,0,yes
2025,TN,47147,Robertson,2549001SI0EMFPT39035,"Cornerstone First Mortgage, Inc",4,4,0,0.16,4,0,0,0,0,4,0,0,0,0,yes
2025,TN,47147,Robertson,5493002JDOI3GTNVUD76,,4,4,0,0.16,4,0,0,0,0,4,0,0,0,0,yes
2025,TN,47147,Robertson,5493004OB0KD7VERQW98,,7,4,0,0.16,5,0,2,0,0,3,0,1,0,0,yes
2025,TN,47147,Robertson,549300C853H86L248593,,4,4,0,0.16,4,0,0,0,0,4,0,0,0,0,yes
2025,TN,47147,Robertson,549300CTISSNREVLNO46,,4,4,0,0.16,4,0,0,0,0,4,0,0,0,0,yes
2025,TN,47147,Robertson,549300GTVXJ2PGXNLM73,T2 FINANCIAL LLC,5,4,1,0.16,2,3,0,0,0,1,3,0,0,0,yes
2025,TN,47147,Robertson,549300IJ8KTGYPKLXK63,,7,4,2,0.16,2,1,4,0,0,1,0,3,0,0,yes
2025,TN,47147,Robertson,549300RPOGWJRH63HS39,UNION HOME MORTGAGE CORP.,7,4,0,0.16,4,0,3,0,0,3,0,1,0,0,yes
2025,TN,47147,Robertson,549300VMX06UV1F7NS76,,4,4,0,0.16,4,0,0,0,0,4,0,0,0,0,yes
2025,TN,47147,Robertson,549300WYBPIWKK6SQC06,,5,4,0,0.16,2,0,2,1,0,2,0,1,1,0,yes
2025,TN,47147,Robertson,549300XY701IELCE5Q08,BETTER MORTGAGE CORPORATION,14,4,4,0.16,5,9,0,0,0,4,0,0,0,0,yes
2025,TN,47147,Robertson,549300ZPSJZO10ZAX556,"AMERICAN HERITAGE LENDING, LLC",4,4,0,0.16,4,0,0,0,0,4,0,0,0,0,yes
2025,TN,47147,Robertson,X05BVSK68TQ7YTOSNR22,Discover Bank,22,4,8,0.16,22,0,0,0,0,4,0,0,0,0,yes
2025,TN,47147,Robertson,2138005KH543RLMQHE28,,4,3,0,0.12,4,0,0,0,0,3,0,0,0,0,yes
2025,TN,47147,Robertson,254900M2C4Q6DATP2889,,5,3,0,0.12,2,2,1,0,0,1,2,0,0,0,yes
2025,TN,47147,Robertson,254900ZFWS2106HWPH46,"PARAMOUNT RESIDENTIAL MORTGAGE GROUP, INC.",3,3,0,0.12,2,1,0,0,0,2,1,0,0,0,yes
2025,TN,47147,Robertson,5493002RF1ERFA2XR050,Renasant Bank,3,3,0,0.12,3,0,0,0,0,3,0,0,0,0,yes
2025,TN,47147,Robertson,54930030Z1JWTP3SVD16,,3,3,0,0.12,1,2,0,0,0,1,2,0,0,0,yes
2025,TN,47147,Robertson,54930054ET8KM4O1D485,"SOFI BANK, NATIONAL ASSOCIATION",13,3,2,0.12,12,1,0,0,0,2,1,0,0,0,yes
2025,TN,47147,Robertson,5493005PKOSG7MYX0B34,"Prosperity Home Mortgage, LLC",3,3,0,0.12,0,0,3,0,0,0,0,3,0,0,yes
2025,TN,47147,Robertson,5493008NWHQT1R22C024,"AMERICAN FINANCIAL NETWORK, INC.",5,3,2,0.12,2,3,0,0,0,1,2,0,0,0,yes
2025,TN,47147,Robertson,549300IFOE4SCP384147,University Bank,3,3,0,0.12,3,0,0,0,0,3,0,0,0,0,yes
2025,TN,47147,Robertson,549300LPT41QBMAC7948,,3,3,0,0.12,3,0,0,0,0,3,0,0,0,0,yes
2025,TN,47147,Robertson,549300NFPC3Y4W3Y7R87,,4,3,0,0.12,1,1,2,0,0,1,1,1,0,0,yes
2025,TN,47147,Robertson,549300PL267CW8182203,,8,3,1,0.12,0,6,2,0,0,0,3,0,0,0,yes
2025,TN,47147,Robertson,549300QR0KFPEDZPEI42,,8,3,0,0.12,3,5,0,0,0,2,1,0,0,0,yes
2025,TN,47147,Robertson,549300XQVJ1XBNFA5536,21ST MORTGAGE CORPORATION,9,3,2,0.12,9,0,0,0,0,3,0,0,0,0,yes
2025,TN,47147,Robertson,549300YUZCW5UUIYIL79,,3,3,0,0.12,3,0,0,0,0,3,0,0,0,0,yes
2025,TN,47147,Robertson,549300ZZME37MXI1EF14,,3,3,0,0.12,1,1,1,0,0,1,1,1,0,0,yes
2025,TN,47147,Robertson,KB1H1DSPRFMYMCUFXT09,"Wells Fargo Bank, National Association",7,3,2,0.12,5,1,1,0,0,3,0,0,0,0,yes
2025,TN,47147,Robertson,254900DRSIZBQXDCJ875,,2,2,0,0.08,2,0,0,0,0,2,0,0,0,0,yes
2025,TN,47147,Robertson,254900HIDMT4ZG09RP47,,2,2,0,0.08,0,0,2,0,0,0,0,2,0,0,yes
2025,TN,47147,Robertson,254900WTZC5SSKIN2M11,,2,2,0,0.08,2,0,0,0,0,2,0,0,0,0,yes
2025,TN,47147,Robertson,5493001GDRY0EL7VG372,"ARK-LA-TEX FINANCIAL SERVICES, LLC.",2,2,0,0.08,1,0,1,0,0,1,0,1,0,0,yes
2025,TN,47147,Robertson,549300370QILXLFUWD20,"ZILLOW HOME LOANS, LLC",2,2,0,0.08,2,0,0,0,0,2,0,0,0,0,yes
2025,TN,47147,Robertson,5493004T9SQFCNRQ2L76,,2,2,0,0.08,2,0,0,0,0,2,0,0,0,0,yes
2025,TN,47147,Robertson,5493006P5IHSK77SZ855,,2,2,0,0.08,0,0,2,0,0,0,0,2,0,0,yes
2025,TN,47147,Robertson,5493008CPTDVOS570626,"Primary Residential Mortgage, Inc.",2,2,0,0.08,2,0,0,0,0,2,0,0,0,0,yes
2025,TN,47147,Robertson,549300BIIOTBIZJPS834,,3,2,1,0.08,3,0,0,0,0,2,0,0,0,0,yes
2025,TN,47147,Robertson,549300CUUEEQ66ZVK149,,3,2,0,0.08,1,2,0,0,0,1,1,0,0,0,yes
2025,TN,47147,Robertson,549300E0S1LZYZ9QNX81,,4,2,1,0.08,4,0,0,0,0,2,0,0,0,0,yes
2025,TN,47147,Robertson,549300G6RZM5T8NQJW74,,3,2,1,0.08,3,0,0,0,0,2,0,0,0,0,yes
2025,TN,47147,Robertson,549300J7I82PNDVU8H22,"OCMBC, INC.",3,2,0,0.08,1,1,1,0,0,0,1,1,0,0,yes
2025,TN,47147,Robertson,549300JRDGV1559XM376,,4,2,0,0.08,3,1,0,0,0,2,0,0,0,0,yes
2025,TN,47147,Robertson,549300MCIFZSDHUT8X63,"NFM, INC.",2,2,0,0.08,0,2,0,0,0,0,2,0,0,0,yes
2025,TN,47147,Robertson,549300MUXFVZKH4XLG17,,2,2,0,0.08,0,2,0,0,0,0,2,0,0,0,yes
2025,TN,47147,Robertson,549300NB3SBC1KHAWB92,,3,2,0,0.08,1,1,1,0,0,1,1,0,0,0,yes
2025,TN,47147,Robertson,549300OR2C7AGDZFTS24,,2,2,0,0.08,0,2,0,0,0,0,2,0,0,0,yes
2025,TN,47147,Robertson,549300PL8ER6H23P0Z91,,2,2,0,0.08,1,1,0,0,0,1,1,0,0,0,yes
2025,TN,47147,Robertson,549300R7HGHP2I754087,TOWNE MORTGAGE COMPANY,3,2,0,0.08,0,1,2,0,0,0,0,2,0,0,yes
2025,TN,47147,Robertson,549300RYBJHWWDENV610,Alcova Mortgage LLC,3,2,0,0.08,1,2,0,0,0,0,2,0,0,0,yes
2025,TN,47147,Robertson,549300V8CF81JGIV7038,,2,2,0,0.08,2,0,0,0,0,2,0,0,0,0,yes
2025,TN,47147,Robertson,549300WHVRE44NRBU558,,2,2,0,0.08,1,1,0,0,0,1,1,0,0,0,yes
2025,TN,47147,Robertson,549300ZIQ24V0C88AC41,GTE Federal Credit Union,2,2,0,0.08,2,0,0,0,0,2,0,0,0,0,yes
2025,TN,47147,Robertson,593C3GZG957YOJPS2Z63,,2,2,0,0.08,2,0,0,0,0,2,0,0,0,0,yes
2025,TN,47147,Robertson,2549000VVDQ9NNW01Q23,,1,1,0,0.04,1,0,0,0,0,1,0,0,0,0,yes
2025,TN,47147,Robertson,254900FJRICL380R4T46,Leaders Credit Union,4,1,1,0.04,4,0,0,0,0,1,0,0,0,0,yes
2025,TN,47147,Robertson,254900HEJ9F73IMPX887,,2,1,0,0.04,1,1,0,0,0,0,1,0,0,0,yes
2025,TN,47147,Robertson,254900O28OG3UMHXQY81,,2,1,0,0.04,1,0,1,0,0,0,0,1,0,0,yes
2025,TN,47147,Robertson,254900QNIR86GUIRYH95,,1,1,0,0.04,0,1,0,0,0,0,1,0,0,0,yes
2025,TN,47147,Robertson,254900RQ2FMUUUQUGI02,,1,1,0,0.04,1,0,0,0,0,1,0,0,0,0,yes
2025,TN,47147,Robertson,254900TG14TB8RKS3U42,,3,1,0,0.04,1,1,1,0,0,1,0,0,0,0,yes
2025,TN,47147,Robertson,254900V6GCDMRQZ34D96,,1,1,0,0.04,1,0,0,0,0,1,0,0,0,0,yes
2025,TN,47147,Robertson,254900VHUBSJJKOMBF27,,1,1,0,0.04,1,0,0,0,0,1,0,0,0,0,yes
2025,TN,47147,Robertson,254900VKT2R0R20CR104,,1,1,0,0.04,1,0,0,0,0,1,0,0,0,0,yes
2025,TN,47147,Robertson,254900WEP08K7U7S3A80,,1,1,0,0.04,1,0,0,0,0,1,0,0,0,0,yes
2025,TN,47147,Robertson,254900YA1AQXNM8QVZ06,,1,1,0,0.04,1,0,0,0,0,1,0,0,0,0,yes
2025,TN,47147,Robertson,4LJGQ9KJ9S0CP4B1FY29,,1,1,0,0.04,1,0,0,0,0,1,0,0,0,0,yes
2025,TN,47147,Robertson,54930002HD26G3OGZR79,,1,1,0,0.04,1,0,0,0,0,1,0,0,0,0,yes
2025,TN,47147,Robertson,5493000IIYWBLONJVJ30,,1,1,0,0.04,1,0,0,0,0,1,0,0,0,0,yes
2025,TN,47147,Robertson,54930022I573MYIIOM33,,1,1,0,0.04,0,0,1,0,0,0,0,1,0,0,yes
2025,TN,47147,Robertson,5493003X6Y6JGJKHPA25,,1,1,0,0.04,1,0,0,0,0,1,0,0,0,0,yes
2025,TN,47147,Robertson,54930043BMDE130FJ617,"PROVIDENT FUNDING ASSOCIATES, L.P.",2,1,0,0.04,2,0,0,0,0,1,0,0,0,0,yes
2025,TN,47147,Robertson,5493004AS1SPBQOFDR49,"Change Lending, LLC",1,1,0,0.04,1,0,0,0,0,1,0,0,0,0,yes
2025,TN,47147,Robertson,5493004IEEY3EWUVQH38,,1,1,0,0.04,1,0,0,0,0,1,0,0,0,0,yes
2025,TN,47147,Robertson,5493004NO7XCFVG4KD53,,1,1,0,0.04,1,0,0,0,0,1,0,0,0,0,yes
2025,TN,47147,Robertson,5493004R423PBPM6A173,,1,1,0,0.04,0,1,0,0,0,0,1,0,0,0,yes
2025,TN,47147,Robertson,5493005ICQ3QGEIWV618,UNITED MORTGAGE CORP.,1,1,0,0.04,0,1,0,0,0,0,1,0,0,0,yes
2025,TN,47147,Robertson,5493005NU5BA00C1N451,,1,1,0,0.04,0,0,1,0,0,0,0,1,0,0,yes
2025,TN,47147,Robertson,5493006VAGP3GQ8FJT49,"Kiavi Funding, Inc.",3,1,0,0.04,3,0,0,0,0,1,0,0,0,0,yes
2025,TN,47147,Robertson,54930078TNN7GKZ7NU89,,1,1,0,0.04,0,0,0,1,0,0,0,0,1,0,yes
2025,TN,47147,Robertson,54930080168VA6Z8UX21,TOWER Federal Credit Union,1,1,0,0.04,1,0,0,0,0,1,0,0,0,0,yes
2025,TN,47147,Robertson,5493008E4KBJCB6UKR64,,1,1,0,0.04,0,1,0,0,0,0,1,0,0,0,yes
2025,TN,47147,Robertson,5493008MFIR0PTRGGL44,,1,1,0,0.04,1,0,0,0,0,1,0,0,0,0,yes
2025,TN,47147,Robertson,5493008Q3XBC7O0Q4X02,,1,1,0,0.04,1,0,0,0,0,1,0,0,0,0,yes
2025,TN,47147,Robertson,54930095UWUUXAWASB02,"Atlantic Coast Mortgage, LLC",1,1,0,0.04,0,1,0,0,0,0,1,0,0,0,yes
2025,TN,47147,Robertson,5493009B17HXCVXTD608,"JMAC LENDING, INC.",1,1,0,0.04,0,0,1,0,0,0,0,1,0,0,yes
2025,TN,47147,Robertson,549300ALNLUNS3Y53T24,,7,1,3,0.04,2,5,0,0,0,0,1,0,0,0,yes
2025,TN,47147,Robertson,549300BM4NS8HDJT3X28,"INTERCOASTAL MORTGAGE, LLC",3,1,0,0.04,3,0,0,0,0,1,0,0,0,0,yes
2025,TN,47147,Robertson,549300DQLGJ1YQRRHH73,,1,1,0,0.04,1,0,0,0,0,1,0,0,0,0,yes
2025,TN,47147,Robertson,549300EKCKDF80ZM4V51,,1,1,0,0.04,1,0,0,0,0,1,0,0,0,0,yes
2025,TN,47147,Robertson,549300EKFFG3BU8DNX74,NEXERA HOLDING LLC,1,1,0,0.04,1,0,0,0,0,1,0,0,0,0,yes
2025,TN,47147,Robertson,549300GS0W0TEUQS8571,"Morgan Stanley Private Bank, National Association",1,1,0,0.04,1,0,0,0,0,1,0,0,0,0,yes
2025,TN,47147,Robertson,549300HTKHBMJL4D9734,,3,1,1,0.04,3,0,0,0,0,1,0,0,0,0,yes
2025,TN,47147,Robertson,549300HVW3AI97UKTO72,,1,1,0,0.04,1,0,0,0,0,1,0,0,0,0,yes
2025,TN,47147,Robertson,549300IHBKY3L5OIDT39,,1,1,0,0.04,1,0,0,0,0,1,0,0,0,0,yes
2025,TN,47147,Robertson,549300JYXTZDSPJEPI44,"PLAZA HOME MORTGAGE, INC.",2,1,1,0.04,1,1,0,0,0,0,1,0,0,0,yes
2025,TN,47147,Robertson,549300K6K2IS7FRS7S09,,1,1,0,0.04,0,0,1,0,0,0,0,1,0,0,yes
2025,TN,47147,Robertson,549300KB8NXVYD7BGS97,,2,1,1,0.04,2,0,0,0,0,1,0,0,0,0,yes
2025,TN,47147,Robertson,549300KTR1JGH3K6LU06,FOURLEAF,1,1,0,0.04,1,0,0,0,0,1,0,0,0,0,yes
2025,TN,47147,Robertson,549300KX6E1IE2LM5E30,,1,1,0,0.04,1,0,0,0,0,1,0,0,0,0,yes
2025,TN,47147,Robertson,549300LDBCZGR7DW6211,,1,1,0,0.04,1,0,0,0,0,1,0,0,0,0,yes
2025,TN,47147,Robertson,549300LLQD0X2OTG0Y27,,1,1,0,0.04,0,1,0,0,0,0,1,0,0,0,yes
2025,TN,47147,Robertson,549300LROQOOQU77WS20,,2,1,0,0.04,2,0,0,0,0,1,0,0,0,0,yes
2025,TN,47147,Robertson,549300MHH03ICJYEPE85,,1,1,0,0.04,0,1,0,0,0,0,1,0,0,0,yes
2025,TN,47147,Robertson,549300NWBS6MQJX15N44,,1,1,0,0.04,0,1,0,0,0,0,1,0,0,0,yes
2025,TN,47147,Robertson,549300OIJ6O9DNP74L72,,4,1,0,0.04,4,0,0,0,0,1,0,0,0,0,yes
2025,TN,47147,Robertson,549300PBTV7FCWLSMM53,,1,1,0,0.04,0,0,1,0,0,0,0,1,0,0,yes
2025,TN,47147,Robertson,549300PQLK8E48ILXV41,,3,1,0,0.04,3,0,0,0,0,1,0,0,0,0,yes
2025,TN,47147,Robertson,549300QVGK8WC4HQ3C28,,1,1,0,0.04,0,1,0,0,0,0,1,0,0,0,yes
2025,TN,47147,Robertson,549300R4F5COFJE0DN81,,2,1,0,0.04,0,2,0,0,0,0,1,0,0,0,yes
2025,TN,47147,Robertson,549300RM1IZYGQDSNL85,,2,1,0,0.04,2,0,0,0,0,1,0,0,0,0,yes
2025,TN,47147,Robertson,549300RZFHIGIM84KN09,,1,1,0,0.04,1,0,0,0,0,1,0,0,0,0,yes
2025,TN,47147,Robertson,549300SK2GVCQXPD4S58,"SUN WEST MORTGAGE COMPANY, INC.",5,1,0,0.04,2,3,0,0,0,1,0,0,0,0,yes
2025,TN,47147,Robertson,549300SMD444BM2WO947,,1,1,0,0.04,1,0,0,0,0,1,0,0,0,0,yes
2025,TN,47147,Robertson,549300T5QSL6MC8M4D04,"NORWICH COMMERCIAL GROUP, INC.",1,1,0,0.04,0,0,1,0,0,0,0,1,0,0,yes
2025,TN,47147,Robertson,549300T94GSH3C4U5M59,ALLIANT CREDIT UNION,1,1,0,0.04,1,0,0,0,0,1,0,0,0,0,yes
2025,TN,47147,Robertson,549300U7UH8QCS8WQ406,,1,1,0,0.04,1,0,0,0,0,1,0,0,0,0,yes
2025,TN,47147,Robertson,549300UB5TJ0YPVPT503,,2,1,1,0.04,0,2,0,0,0,0,1,0,0,0,yes
2025,TN,47147,Robertson,549300UG7QXKM7KGV847,,1,1,0,0.04,1,0,0,0,0,1,0,0,0,0,yes
2025,TN,47147,Robertson,549300UXY7OP0IC38293,,4,1,1,0.04,4,0,0,0,0,1,0,0,0,0,yes
2025,TN,47147,Robertson,549300VIKSC6B00SLF36,,1,1,0,0.04,1,0,0,0,0,1,0,0,0,0,yes
2025,TN,47147,Robertson,549300VQUTI5IU7GXT57,,2,1,0,0.04,0,2,0,0,0,0,1,0,0,0,yes
2025,TN,47147,Robertson,549300VYK2WBD7SST478,,1,1,0,0.04,1,0,0,0,0,1,0,0,0,0,yes
2025,TN,47147,Robertson,549300W45D2J6BT4LX65,,1,1,0,0.04,1,0,0,0,0,1,0,0,0,0,yes
2025,TN,47147,Robertson,549300XQ7B5FIVUNFE29,VAN DYK MORTGAGE CORPORATION,2,1,0,0.04,0,0,2,0,0,0,0,1,0,0,yes
2025,TN,47147,Robertson,549300XWUSRVVOHPRY47,Academy Mortgage Corporation,3,1,0,0.04,3,0,0,0,0,1,0,0,0,0,yes
2025,TN,47147,Robertson,549300YD7XJM19TH5O82,,1,1,0,0.04,1,0,0,0,0,1,0,0,0,0,yes
2025,TN,47147,Robertson,549300ZS1TR1B4LHX377,,1,1,0,0.04,1,0,0,0,0,1,0,0,0,0,yes
2025,TN,47147,Robertson,9845006YE04B346EC919,,2,1,1,0.04,0,1,1,0,0,0,0,1,0,0,yes
2025,TN,47147,Robertson,984500U2F9A83N391A91,"CHAMPIONS FUNDING, LLC",1,1,0,0.04,1,0,0,0,0,1,0,0,0,0,yes
2025,TN,47147,Robertson,C398JSK21YCXWM603F55,,1,1,0,0.04,0,1,0,0,0,0,1,0,0,0,yes
2025,TN,47147,Robertson,COINQMNIM6RBU631DD85,,1,1,0,0.04,1,0,0,0,0,1,0,0,0,0,yes
2025,TN,47147,Robertson,D8RBTOL3JO2Q6IEO0F34,,1,1,0,0.04,1,0,0,0,0,1,0,0,0,0,yes
2025,TN,47147,Robertson,DX0JX77PRMOELF7VG772,Synovus Bank,1,1,0,0.04,1,0,0,0,0,1,0,0,0,0,yes
2025,TN,47147,Robertson,PS6WLKTYGZOKK05G5O59,,1,1,0,0.04,1,0,0,0,0,1,0,0,0,0,yes
2025,TN,47147,Robertson,SS1TRMSN6BRNMOREEV51,"Flagstar Bank, National Association",3,1,1,0.04,1,2,0,0,0,0,1,0,0,0,yes
2025,TN,47147,Robertson,X6T32LKEPUT8LQMW6755,,9,1,1,0.04,9,0,0,0,0,1,0,0,0,0,yes
2025,TN,47147,Robertson,ZXMJHJK466PBZTM5F379,,1,1,0,0.04,1,0,0,0,0,1,0,0,0,0,yes
2025,TN,47147,Robertson,254900O723MCLR701H50,,7,0,7,0.0,4,3,0,0,0,0,0,0,0,0,yes
2025,TN,47149,Rutherford,549300FGXN1K3HLB1R50,"Rocket Mortgage, LLC",884,662,114,6.96,649,161,74,0,0,504,107,51,0,0,yes
2025,TN,47149,Rutherford,549300E1PJPTI4YS7H26,ASCEND FEDERAL CREDIT UNION,740,478,131,5.02,739,1,0,0,0,478,0,0,0,0,yes
2025,TN,47149,Rutherford,549300GKFNPRWNS0GF29,"AmeriHome Mortgage Company, LLC",604,476,13,5.0,344,175,45,40,0,257,145,39,35,0,yes
2025,TN,47149,Rutherford,549300HW662MN1WU8550,"United Wholesale Mortgage, LLC",664,475,70,4.99,279,230,155,0,0,189,167,119,0,0,yes
2025,TN,47149,Rutherford,549300OBO7DOF2KOP535,FirstBank,445,374,31,3.93,386,43,15,1,0,324,38,11,1,0,yes
2025,TN,47149,Rutherford,549300CDOC4F7XSRG390,Pinnacle Bank,477,338,62,3.55,467,8,2,0,0,332,4,2,0,0,yes
2025,TN,47149,Rutherford,549300R0SXC1JU7ZU290,"FIRST COMMUNITY MORTGAGE, INC.",368,287,21,3.02,194,152,19,3,0,151,119,14,3,0,yes
2025,TN,47149,Rutherford,54930059GZZ7G4G40O53,Primis Mortgage Company,374,266,9,2.79,227,108,38,1,0,159,80,26,1,0,yes
2025,TN,47149,Rutherford,EQTWLK1G7ODGC2MGLV11,Regions Bank,490,253,157,2.66,468,14,8,0,0,243,6,4,0,0,yes
2025,TN,47149,Rutherford,549300AG64NHILB7ZP05,"PennyMac Loan Services, LLC",314,218,61,2.29,160,124,30,0,0,117,78,23,0,0,yes
2025,TN,47149,Rutherford,549300KBWX4NV5Q1E376,"NVR Mortgage Finance, Inc.",243,192,34,2.02,99,121,16,7,0,78,97,11,6,0,yes
2025,TN,47149,Rutherford,254900PVWALA7JTBXA31,WILSON BANK AND TRUST,279,190,41,2.0,273,4,2,0,0,188,1,1,0,0,yes
2025,TN,47149,Rutherford,549300G6RZM5T8NQJW74,,317,171,85,1.8,307,5,5,0,0,165,2,4,0,0,yes
2025,TN,47149,Rutherford,RVDPPPGHCGZ40J4VQ731,Fairway Independent Mortgage Corporation,318,163,32,1.71,121,132,64,1,0,75,58,29,1,0,yes
2025,TN,47149,Rutherford,549300LYRWPSYPK6S325,Guild Mortgage Company LLC,354,158,23,1.66,39,196,119,0,0,16,88,54,0,0,yes
2025,TN,47149,Rutherford,549300DMYENRV818D594,,185,134,9,1.41,142,34,9,0,0,103,25,6,0,0,yes
2025,TN,47149,Rutherford,B4TYDEB6GKMZO031MB27,"Guaranteed Rate, Inc.",293,132,93,1.39,290,3,0,0,0,130,2,0,0,0,yes
2025,TN,47149,Rutherford,549300RP3DLR09NF6157,,162,131,9,1.38,109,40,9,4,0,89,31,8,3,0,yes
2025,TN,47149,Rutherford,549300VZVN841I2ILS84,Freedom Mortgage Corporation,197,130,10,1.37,115,49,33,0,0,78,31,21,0,0,yes
2025,TN,47149,Rutherford,6BYL5QZYBDK8S7L73M02,U.S. Bank National Association,277,121,119,1.27,269,8,0,0,0,116,5,0,0,0,yes
2025,TN,47149,Rutherford,549300H3IZO24NSOO931,"loanDepot.com, LLC",168,113,28,1.19,112,42,14,0,0,79,25,9,0,0,yes
2025,TN,47149,Rutherford,549300LBCBNR1OT00651,NATIONSTAR MORTGAGE LLC,156,112,13,1.18,126,24,6,0,0,93,15,4,0,0,yes
2025,TN,47149,Rutherford,QFROUN1UWUYU0DVIWD51,"Eagle Home Mortgage, LLC",220,104,80,1.09,214,4,2,0,0,100,2,2,0,0,yes
2025,TN,47149,Rutherford,JJKC32MCHWDI71265Z06,Truist Bank,209,99,80,1.04,208,1,0,0,0,98,1,0,0,0,yes
2025,TN,47149,Rutherford,5493003GQDUH26DNNH17,Navy Federal Credit Union,192,97,43,1.02,142,0,50,0,0,68,0,29,0,0,yes
2025,TN,47149,Rutherford,COOWI3L2W9TPYR3WJX37,First Horizon Bank,151,94,47,0.99,147,1,2,1,0,90,1,2,1,0,yes
2025,TN,47149,Rutherford,54930072OCHTUJOZQB56,,133,91,11,0.96,126,5,2,0,0,85,4,2,0,0,yes
2025,TN,47149,Rutherford,549300Y6WN08IC7KWH70,TRAILBLAZER MORTGAGE L.L.C.,119,83,4,0.87,34,73,12,0,0,28,47,8,0,0,yes
2025,TN,47149,Rutherford,549300PIL8LFAQ04XC20,Better Mortgage Corporation,219,78,101,0.82,219,0,0,0,0,78,0,0,0,0,yes
2025,TN,47149,Rutherford,5493001UYBOONMFYPR30,"Legacy Home Loans, LLC",100,77,0,0.81,76,19,5,0,0,61,11,5,0,0,yes
2025,TN,47149,Rutherford,549300T9P3WXNMXX0I34,Ixonia Bank,117,77,6,0.81,66,45,5,1,0,39,35,2,1,0,yes
2025,TN,47149,Rutherford,254900UL88QFG0E40516,FIGURE LENDING LLC,143,76,31,0.8,143,0,0,0,0,76,0,0,0,0,yes
2025,TN,47149,Rutherford,549300E2UX99HKDBR481,"Broker Solutions, Inc.",195,76,12,0.8,112,66,17,0,0,47,25,4,0,0,yes
2025,TN,47149,Rutherford,549300DD5QQUHO6PCH70,"Movement Mortgage, LLC",185,69,39,0.73,18,2,165,0,0,5,1,63,0,0,yes
2025,TN,47149,Rutherford,549300U3721PJGQZYY68,Nationstar Mortgage LLC,136,67,7,0.7,86,38,12,0,0,37,24,6,0,0,yes
2025,TN,47149,Rutherford,5493001SXWZ4OFP8Z903,"CrossCountry Mortgage, LLC",91,63,13,0.66,54,35,2,0,0,40,21,2,0,0,yes
2025,TN,47149,Rutherford,549300DD4R4SYK5RAQ92,"Cardinal Financial Company, Limited Partnership",88,62,2,0.65,54,24,10,0,0,38,17,7,0,0,yes
2025,TN,47149,Rutherford,5493004WMLN60ZJ2ON46,"Paramount Residential Mortgage Group, Inc.",110,60,17,0.63,81,15,14,0,0,44,7,9,0,0,yes
2025,TN,47149,Rutherford,5493001GCBD5XGNIC815,Coastal Community Bank,172,57,1,0.6,172,0,0,0,0,57,0,0,0,0,yes
2025,TN,47149,Rutherford,549300FNXYY540N23N64,Newrez LLC,194,55,34,0.58,90,64,40,0,0,31,10,14,0,0,yes
2025,TN,47149,Rutherford,7H6GLXDRUGQFU57RNE97,"JPMorgan Chase Bank, National Association",97,54,10,0.57,91,4,2,0,0,52,2,0,0,0,yes
2025,TN,47149,Rutherford,AD6GFRVSDT01YPT1CS68,"PNC Bank, National Association",106,54,34,0.57,105,1,0,0,0,53,1,0,0,0,yes
2025,TN,47149,Rutherford,549300YIQ7S7Z8PIHE53,AMERISAVE MORTGAGE CORPORATION,117,53,55,0.56,91,22,4,0,0,42,10,1,0,0,yes
2025,TN,47149,Rutherford,549300AT7EB9FJAF0E61,Old National Bank,83,48,20,0.5,67,12,4,0,0,39,6,3,0,0,yes
2025,TN,47149,Rutherford,IUGPUX5LWRZ3B6KIZ697,Ameris Bank,64,47,3,0.49,49,10,5,0,0,36,8,3,0,0,yes
2025,TN,47149,Rutherford,549300BLL6VL7AXWYP56,,65,46,1,0.48,47,12,6,0,0,37,6,3,0,0,yes
2025,TN,47149,Rutherford,549300MGPZBLQDIL7538,"PrimeLending, a PlainsCapital Company",76,46,3,0.48,42,28,6,0,0,27,15,4,0,0,yes
2025,TN,47149,Rutherford,X6T32LKEPUT8LQMW6755,,74,44,7,0.46,69,3,2,0,0,42,1,1,0,0,yes
2025,TN,47149,Rutherford,54930015645SYPOM7220,,55,41,2,0.43,27,21,6,1,0,21,16,3,1,0,yes
2025,TN,47149,Rutherford,T68X8LLAQYRNDV034K14,United Community Bank,61,41,9,0.43,49,12,0,0,0,33,8,0,0,0,yes
2025,TN,47149,Rutherford,549300OPCWU6E72WUT29,"MUTUAL OF OMAHA MORTGAGE, INC.",61,38,12,0.4,25,31,5,0,0,21,12,5,0,0,yes
2025,TN,47149,Rutherford,549300R9S3MVDV4MGF56,"CARRINGTON MORTGAGE SERVICES, LLC",115,38,46,0.4,49,50,16,0,0,19,14,5,0,0,yes
2025,TN,47149,Rutherford,5493000YNV8IX4VD3X12,"VANDERBILT MORTGAGE AND FINANCE, INC.",102,36,28,0.38,88,13,1,0,0,25,10,1,0,0,yes
2025,TN,47149,Rutherford,5493007VW2EU20PZYU97,INSPIRE HOME LOANS INC.,47,32,5,0.34,30,13,4,0,0,20,11,1,0,0,yes
2025,TN,47149,Rutherford,549300NOCASXPA34X033,"LAKEVIEW LOAN SERVICING, LLC",123,32,53,0.34,31,73,19,0,0,5,18,9,0,0,yes
2025,TN,47149,Rutherford,254900DTLHVWQ7NP7R34,"CMG Mortgage, Inc.",39,31,2,0.33,36,3,0,0,0,28,3,0,0,0,yes
2025,TN,47149,Rutherford,2549005SIVTHG14U2905,A&D Mortgage LLC,43,30,4,0.32,37,5,1,0,0,27,3,0,0,0,yes
2025,TN,47149,Rutherford,5493006JISETNI0GLE61,,36,29,1,0.3,36,0,0,0,0,29,0,0,0,0,yes
2025,TN,47149,Rutherford,549300FZ8E0GLIFFYB55,,33,29,2,0.3,33,0,0,0,0,29,0,0,0,0,yes
2025,TN,47149,Rutherford,549300MZ8VZJOVC63092,"KIND LENDING, LLC",54,29,15,0.3,33,14,6,1,0,19,6,3,1,0,yes
2025,TN,47149,Rutherford,549300ZWNETGFXTBBY03,,37,29,0,0.3,20,11,5,1,0,18,7,4,0,0,yes
2025,TN,47149,Rutherford,54930022I573MYIIOM33,,31,28,0,0.29,31,0,0,0,0,28,0,0,0,0,yes
2025,TN,47149,Rutherford,549300TYV7NDBX6FUR63,"JET HOMELOANS, LP",38,28,0,0.29,18,20,0,0,0,11,17,0,0,0,yes
2025,TN,47149,Rutherford,5493008NWHQT1R22C024,"AMERICAN FINANCIAL NETWORK, INC.",38,27,4,0.28,15,18,4,1,0,11,12,3,1,0,yes
2025,TN,47149,Rutherford,549300KHXD7JSQUZIJ22,,31,27,0,0.28,21,7,3,0,0,18,6,3,0,0,yes
2025,TN,47149,Rutherford,5493001WHVQBGRSWEU75,"HOMEBRIDGE FINANCIAL SERVICES, INC.",43,25,9,0.26,38,3,2,0,0,22,2,1,0,0,yes
2025,TN,47149,Rutherford,549300RPOGWJRH63HS39,UNION HOME MORTGAGE CORP.,37,25,2,0.26,27,7,3,0,0,18,5,2,0,0,yes
2025,TN,47149,Rutherford,25490066WMF8ZMQXQB18,"Lendage, LLC",33,24,5,0.25,33,0,0,0,0,24,0,0,0,0,yes
2025,TN,47149,Rutherford,549300RM1IZYGQDSNL85,,39,24,0,0.25,28,10,1,0,0,19,4,1,0,0,yes
2025,TN,47149,Rutherford,KB1H1DSPRFMYMCUFXT09,"Wells Fargo Bank, National Association",37,23,3,0.24,33,3,1,0,0,21,1,1,0,0,yes
2025,TN,47149,Rutherford,Q7C315HKI8VX0SSKBS64,Cadence Bank,37,23,5,0.24,33,2,2,0,0,20,1,2,0,0,yes
2025,TN,47149,Rutherford,549300GZY55UGMUMI322,,30,22,3,0.23,29,1,0,0,0,22,0,0,0,0,yes
2025,TN,47149,Rutherford,549300KIOYNU323LVJ37,AMERICAN PACIFIC MORTGAGE CORPORATION,31,22,2,0.23,19,9,3,0,0,14,6,2,0,0,yes
2025,TN,47149,Rutherford,549300PXL1KA5TOL2O82,"M/I FINANCIAL, LLC",28,22,2,0.23,9,17,2,0,0,8,12,2,0,0,yes
2025,TN,47149,Rutherford,5493006MRGHEPWMR2015,,31,21,5,0.22,31,0,0,0,0,21,0,0,0,0,yes
2025,TN,47149,Rutherford,DRMSV1Q0EKMEXLAU1P80,"Citizens Bank, National Association",42,21,12,0.22,40,1,1,0,0,20,0,1,0,0,yes
2025,TN,47149,Rutherford,254900YR8UZ7F37G6E87,,21,20,0,0.21,21,0,0,0,0,20,0,0,0,0,yes
2025,TN,47149,Rutherford,549300J7I82PNDVU8H22,"OCMBC, INC.",44,20,10,0.21,34,9,1,0,0,15,5,0,0,0,yes
2025,TN,47149,Rutherford,549300K4ZLGS7SRDTL86,Equity Prime Mortgage LLC,44,20,6,0.21,1,30,13,0,0,0,12,8,0,0,yes
2025,TN,47149,Rutherford,54930021WPEXNHYZUL09,"PLANET HOME LENDING, LLC",20,19,1,0.2,0,13,7,0,0,0,12,7,0,0,yes
2025,TN,47149,Rutherford,549300UXY7OP0IC38293,,32,19,6,0.2,16,16,0,0,0,8,11,0,0,0,yes
2025,TN,47149,Rutherford,5493002RF1ERFA2XR050,Renasant Bank,29,17,3,0.18,23,5,1,0,0,16,0,1,0,0,yes
2025,TN,47149,Rutherford,54930052M48FOD3CWA54,"PRIMARY RESIDENTIAL MORTGAGE, INC.",20,17,0,0.18,6,12,2,0,0,6,9,2,0,0,yes
2025,TN,47149,Rutherford,54930054ET8KM4O1D485,"SOFI BANK, NATIONAL ASSOCIATION",57,17,5,0.18,54,3,0,0,0,15,2,0,0,0,yes
2025,TN,47149,Rutherford,549300LROQOOQU77WS20,,29,17,1,0.18,29,0,0,0,0,17,0,0,0,0,yes
2025,TN,47149,Rutherford,549300VNBQD8FDHF7563,"MORTGAGE INVESTORS GROUP, INC.",26,17,4,0.18,16,10,0,0,0,9,8,0,0,0,yes
2025,TN,47149,Rutherford,549300XQVJ1XBNFA5536,21ST MORTGAGE CORPORATION,100,17,59,0.18,100,0,0,0,0,17,0,0,0,0,yes
2025,TN,47149,Rutherford,549300YW2UBCMDRMBT48,,20,17,0,0.18,11,7,2,0,0,9,7,1,0,0,yes
2025,TN,47149,Rutherford,X05BVSK68TQ7YTOSNR22,Discover Bank,98,17,53,0.18,98,0,0,0,0,17,0,0,0,0,yes
2025,TN,47149,Rutherford,254900M2C4Q6DATP2889,,42,16,10,0.17,7,23,12,0,0,2,6,8,0,0,yes
2025,TN,47149,Rutherford,5493003V40VGM7YDFM54,FIRST COLONY MORTGAGE CORPORATION,19,16,1,0.17,13,5,1,0,0,11,4,1,0,0,yes
2025,TN,47149,Rutherford,5493006P5IHSK77SZ855,,24,16,1,0.17,8,13,3,0,0,5,8,3,0,0,yes
2025,TN,47149,Rutherford,549300FX7K8PTEQUU487,PENTAGON FEDERAL CREDIT UNION,26,16,4,0.17,18,0,8,0,0,12,0,4,0,0,yes
2025,TN,47149,Rutherford,5493004OB0KD7VERQW98,,17,15,0,0.16,7,7,3,0,0,7,5,3,0,0,yes
2025,TN,47149,Rutherford,549300AQ3T62GXDU7D76,Ally Bank,22,15,1,0.16,8,9,5,0,0,6,6,3,0,0,yes
2025,TN,47149,Rutherford,549300RTWPH3HXUWR160,,19,14,3,0.15,19,0,0,0,0,14,0,0,0,0,yes
2025,TN,47149,Rutherford,C5654JQHZUHN0772B561,USAA Federal Savings Bank,34,14,7,0.15,13,0,21,0,0,5,0,9,0,0,yes
2025,TN,47149,Rutherford,5493008VVXQIDO1EZ460,,20,13,2,0.14,12,5,3,0,0,7,3,3,0,0,yes
2025,TN,47149,Rutherford,254900HA4DQWAE0W3342,"AMERIHOME MORTGAGE COMPANY, LLC",26,12,2,0.13,7,17,2,0,0,4,7,1,0,0,yes
2025,TN,47149,Rutherford,254900ZFWS2106HWPH46,"PARAMOUNT RESIDENTIAL MORTGAGE GROUP, INC.",15,12,0,0.13,10,4,1,0,0,7,4,1,0,0,yes
2025,TN,47149,Rutherford,5493001SDQVS1NWYH012,,13,12,0,0.13,13,0,0,0,0,12,0,0,0,0,yes
2025,TN,47149,Rutherford,549300IJ8KTGYPKLXK63,,16,12,0,0.13,13,3,0,0,0,10,2,0,0,0,yes
2025,TN,47149,Rutherford,984500U2F9A83N391A91,"CHAMPIONS FUNDING, LLC",17,12,1,0.13,17,0,0,0,0,12,0,0,0,0,yes
2025,TN,47149,Rutherford,254900WQCRCK13A7DC81,,19,11,7,0.12,18,0,1,0,0,11,0,0,0,0,yes
2025,TN,47149,Rutherford,5493001GDRY0EL7VG372,"ARK-LA-TEX FINANCIAL SERVICES, LLC.",15,11,2,0.12,6,7,2,0,0,2,7,2,0,0,yes
2025,TN,47149,Rutherford,5493002B2WMHY23GFK92,"AMERICAN FINANCIAL RESOURCES, INC.",15,11,2,0.12,8,5,2,0,0,6,4,1,0,0,yes
2025,TN,47149,Rutherford,5493008CPTDVOS570626,"Primary Residential Mortgage, Inc.",24,11,6,0.12,24,0,0,0,0,11,0,0,0,0,yes
2025,TN,47149,Rutherford,549300DPRWSBUY619V27,,17,11,6,0.12,16,1,0,0,0,10,1,0,0,0,yes
2025,TN,47149,Rutherford,549300JQEF6V2RNWCC75,,21,11,0,0.12,18,3,0,0,0,10,1,0,0,0,yes
2025,TN,47149,Rutherford,549300PL267CW8182203,,21,11,1,0.12,4,7,10,0,0,3,2,6,0,0,yes
2025,TN,47149,Rutherford,549300Q50XCC0473FG63,,19,11,5,0.12,19,0,0,0,0,11,0,0,0,0,yes
2025,TN,47149,Rutherford,549300RN01LBYR8ZVX74,"LOWER, LLC",25,11,5,0.12,9,12,4,0,0,4,5,2,0,0,yes
2025,TN,47149,Rutherford,549300VCMRO4ST680C11,VILLAGE CAPITAL & INVESTMENT LLC,57,11,17,0.12,0,19,38,0,0,0,3,8,0,0,yes
2025,TN,47149,Rutherford,549300YN94MOAVYW0F52,"GoodLeap, LLC",26,11,6,0.12,15,5,6,0,0,9,1,1,0,0,yes
2025,TN,47149,Rutherford,213800XR2TCBQJSF1X93,,13,10,2,0.11,12,0,1,0,0,10,0,0,0,0,yes
2025,TN,47149,Rutherford,254900BBWJ82FQDQ6823,,11,10,0,0.11,11,0,0,0,0,10,0,0,0,0,yes
2025,TN,47149,Rutherford,5493001HHBUTXHS7TZ96,HOMEAMERICAN MORTGAGE CORPORATION,14,10,1,0.11,8,6,0,0,0,6,4,0,0,0,yes
2025,TN,47149,Rutherford,5493009BD405QQTMXO12,TOLL BROTHERS MORTGAGE COMPANY,18,10,4,0.11,14,3,1,0,0,9,0,1,0,0,yes
2025,TN,47149,Rutherford,549300B4IYL7TZT8FA34,,11,10,0,0.11,8,3,0,0,0,7,3,0,0,0,yes
2025,TN,47149,Rutherford,549300XY701IELCE5Q08,BETTER MORTGAGE CORPORATION,38,10,10,0.11,30,8,0,0,0,9,1,0,0,0,yes
2025,TN,47149,Rutherford,549300YRN588YD6VNJ18,,18,10,5,0.11,18,0,0,0,0,10,0,0,0,0,yes
2025,TN,47149,Rutherford,549300ZIQ24V0C88AC41,GTE Federal Credit Union,17,10,5,0.11,17,0,0,0,0,10,0,0,0,0,yes
2025,TN,47149,Rutherford,54930049L5WINET09Q97,"CLICK N' CLOSE, INC.",16,9,0,0.09,8,8,0,0,0,4,5,0,0,0,yes
2025,TN,47149,Rutherford,5493006VAGP3GQ8FJT49,"Kiavi Funding, Inc.",11,9,1,0.09,11,0,0,0,0,9,0,0,0,0,yes
2025,TN,47149,Rutherford,549300HTKHBMJL4D9734,,18,9,4,0.09,18,0,0,0,0,9,0,0,0,0,yes
2025,TN,47149,Rutherford,549300R0L43GUZ8EW811,,12,9,0,0.09,12,0,0,0,0,9,0,0,0,0,yes
2025,TN,47149,Rutherford,549300R77W0P105C3S50,HOMEXPRESS MORTGAGE CORP.,13,9,4,0.09,12,1,0,0,0,9,0,0,0,0,yes
2025,TN,47149,Rutherford,PAOOWF3GUFM46FBSP561,,30,9,4,0.09,15,14,1,0,0,4,4,1,0,0,yes
2025,TN,47149,Rutherford,5493001F7QT2YW3K8D98,,13,8,1,0.08,6,4,3,0,0,3,4,1,0,0,yes
2025,TN,47149,Rutherford,5493004AS1SPBQOFDR49,"Change Lending, LLC",13,8,0,0.08,12,1,0,0,0,8,0,0,0,0,yes
2025,TN,47149,Rutherford,5493005QMX3SJKDTQZ62,,8,8,0,0.08,7,0,1,0,0,7,0,1,0,0,yes
2025,TN,47149,Rutherford,549300EKFFG3BU8DNX74,NEXERA HOLDING LLC,11,8,3,0.08,10,1,0,0,0,7,1,0,0,0,yes
2025,TN,47149,Rutherford,549300S8SHBRCI7UU819,,15,8,7,0.08,15,0,0,0,0,8,0,0,0,0,yes
2025,TN,47149,Rutherford,549300SK2GVCQXPD4S58,"SUN WEST MORTGAGE COMPANY, INC.",15,8,3,0.08,3,10,2,0,0,2,5,1,0,0,yes
2025,TN,47149,Rutherford,549300VMX06UV1F7NS76,,11,8,0,0.08,5,4,2,0,0,5,2,1,0,0,yes
2025,TN,47149,Rutherford,549300X8AUU3UC1ULZ79,,13,8,0,0.08,12,0,1,0,0,8,0,0,0,0,yes
2025,TN,47149,Rutherford,549300GTVXJ2PGXNLM73,T2 FINANCIAL LLC,8,7,0,0.07,4,4,0,0,0,3,4,0,0,0,yes
2025,TN,47149,Rutherford,549300RUFHC5ZQDL8J10,,9,7,2,0.07,8,0,1,0,0,6,0,1,0,0,yes
2025,TN,47149,Rutherford,549300W40F67Y6WWQX34,,8,7,1,0.07,8,0,0,0,0,7,0,0,0,0,yes
2025,TN,47149,Rutherford,549300XSS1CPK8G7B851,,8,7,0,0.07,7,1,0,0,0,6,1,0,0,0,yes
2025,TN,47149,Rutherford,2138005KH543RLMQHE28,,6,6,0,0.06,6,0,0,0,0,6,0,0,0,0,yes
2025,TN,47149,Rutherford,2549001SI0EMFPT39035,"Cornerstone First Mortgage, Inc",13,6,1,0.06,7,1,5,0,0,3,1,2,0,0,yes
2025,TN,47149,Rutherford,254900E6AIE4Z8YQM970,Citadel Servicing Corporation,8,6,0,0.06,8,0,0,0,0,6,0,0,0,0,yes
2025,TN,47149,Rutherford,254900ERGGNLW2R5J379,,8,6,1,0.06,6,2,0,0,0,4,2,0,0,0,yes
2025,TN,47149,Rutherford,254900WTZC5SSKIN2M11,,11,6,0,0.06,11,0,0,0,0,6,0,0,0,0,yes
2025,TN,47149,Rutherford,54930030Z1JWTP3SVD16,,9,6,0,0.06,3,5,1,0,0,3,2,1,0,0,yes
2025,TN,47149,Rutherford,54930043BMDE130FJ617,"PROVIDENT FUNDING ASSOCIATES, L.P.",15,6,1,0.06,15,0,0,0,0,6,0,0,0,0,yes
2025,TN,47149,Rutherford,549300BX448ALT10FI43,The Federal Savings Bank,33,6,5,0.06,3,3,27,0,0,1,1,4,0,0,yes
2025,TN,47149,Rutherford,549300JRDGV1559XM376,,8,6,0,0.06,3,4,1,0,0,1,4,1,0,0,yes
2025,TN,47149,Rutherford,549300MUXFVZKH4XLG17,,9,6,0,0.06,8,1,0,0,0,5,1,0,0,0,yes
2025,TN,47149,Rutherford,549300QR0KFPEDZPEI42,,12,6,1,0.06,5,6,1,0,0,3,2,1,0,0,yes
2025,TN,47149,Rutherford,549300T94GSH3C4U5M59,ALLIANT CREDIT UNION,9,6,2,0.06,9,0,0,0,0,6,0,0,0,0,yes
2025,TN,47149,Rutherford,549300WYBPIWKK6SQC06,,8,6,1,0.06,6,0,2,0,0,4,0,2,0,0,yes
2025,TN,47149,Rutherford,549300XWUSRVVOHPRY47,Academy Mortgage Corporation,14,6,0,0.06,9,3,2,0,0,2,2,2,0,0,yes
2025,TN,47149,Rutherford,SS1TRMSN6BRNMOREEV51,"Flagstar Bank, National Association",9,6,2,0.06,6,3,0,0,0,5,1,0,0,0,yes
2025,TN,47149,Rutherford,2549007JQKHU8KQ0FC19,,7,5,0,0.05,7,0,0,0,0,5,0,0,0,0,yes
2025,TN,47149,Rutherford,254900DRSIZBQXDCJ875,,5,5,0,0.05,5,0,0,0,0,5,0,0,0,0,yes
2025,TN,47149,Rutherford,254900TG14TB8RKS3U42,,17,5,0,0.05,13,4,0,0,0,4,1,0,0,0,yes
2025,TN,47149,Rutherford,5493000QYMPN362T6V61,,6,5,0,0.05,6,0,0,0,0,5,0,0,0,0,yes
2025,TN,47149,Rutherford,5493008ZTV4S0W9DCX64,,7,5,0,0.05,3,4,0,0,0,2,3,0,0,0,yes
2025,TN,47149,Rutherford,549300G4ESSS6M0MEG51,,6,5,1,0.05,5,0,1,0,0,4,0,1,0,0,yes
2025,TN,47149,Rutherford,549300JYXTZDSPJEPI44,"PLAZA HOME MORTGAGE, INC.",10,5,4,0.05,6,4,0,0,0,2,3,0,0,0,yes
2025,TN,47149,Rutherford,549300KSOOZZVXCMA627,ANGEL OAK MORTGAGE SOLUTIONS LLC,7,5,1,0.05,7,0,0,0,0,5,0,0,0,0,yes
2025,TN,47149,Rutherford,549300PL8ER6H23P0Z91,,10,5,2,0.05,6,3,1,0,0,3,2,0,0,0,yes
2025,TN,47149,Rutherford,549300PQLK8E48ILXV41,,5,5,0,0.05,5,0,0,0,0,5,0,0,0,0,yes
2025,TN,47149,Rutherford,549300QVGK8WC4HQ3C28,,9,5,0,0.05,2,5,1,1,0,1,4,0,0,0,yes
2025,TN,47149,Rutherford,549300SMD444BM2WO947,,7,5,0,0.05,4,1,2,0,0,3,1,1,0,0,yes
2025,TN,47149,Rutherford,549300SUCQ1358EGVE89,"NEW DAY FINANCIAL, LLC",67,5,17,0.05,0,5,62,0,0,0,0,5,0,0,yes
2025,TN,47149,Rutherford,549300V6F7N9BL5STN83,,6,5,0,0.05,5,0,1,0,0,4,0,1,0,0,yes
2025,TN,47149,Rutherford,549300V8CF81JGIV7038,,6,5,0,0.05,4,2,0,0,0,4,1,0,0,0,yes
2025,TN,47149,Rutherford,549300VORTI31GZTJL53,"CARDINAL FINANCIAL COMPANY, LIMITED PARTNERSHIP",10,5,1,0.05,6,3,1,0,0,3,1,1,0,0,yes
2025,TN,47149,Rutherford,549300WHVRE44NRBU558,,8,5,1,0.05,2,6,0,0,0,2,3,0,0,0,yes
2025,TN,47149,Rutherford,254900378RFGMBEKAF12,,4,4,0,0.04,4,0,0,0,0,4,0,0,0,0,yes
2025,TN,47149,Rutherford,2549004Z576VEJBK3N72,"NQM FUNDING, LLC",6,4,1,0.04,6,0,0,0,0,4,0,0,0,0,yes
2025,TN,47149,Rutherford,254900NZOY3XB2DNSZ34,,5,4,1,0.04,5,0,0,0,0,4,0,0,0,0,yes
2025,TN,47149,Rutherford,254900O2K17TNH5CL873,"RF RENOVO MANAGEMENT COMPANY, LLC",4,4,0,0.04,4,0,0,0,0,4,0,0,0,0,yes
2025,TN,47149,Rutherford,254900VELJPWWT51WN03,,4,4,0,0.04,4,0,0,0,0,4,0,0,0,0,yes
2025,TN,47149,Rutherford,5493004T38NMC864VL66,,4,4,0,0.04,4,0,0,0,0,4,0,0,0,0,yes
2025,TN,47149,Rutherford,5493008Q3XBC7O0Q4X02,,6,4,2,0.04,5,1,0,0,0,4,0,0,0,0,yes
2025,TN,47149,Rutherford,549300BG31WZXGJRH472,,4,4,0,0.04,4,0,0,0,0,4,0,0,0,0,yes
2025,TN,47149,Rutherford,549300CB67L6KPJLHE19,"TRIAD FINANCIAL SERVICES, INC.",9,4,2,0.04,9,0,0,0,0,4,0,0,0,0,yes
2025,TN,47149,Rutherford,549300CUUEEQ66ZVK149,,7,4,1,0.04,4,3,0,0,0,2,2,0,0,0,yes
2025,TN,47149,Rutherford,549300DG3IV05V4C4E03,,5,4,0,0.04,3,2,0,0,0,3,1,0,0,0,yes
2025,TN,47149,Rutherford,549300E0S1LZYZ9QNX81,,4,4,0,0.04,4,0,0,0,0,4,0,0,0,0,yes
2025,TN,47149,Rutherford,549300LXKO1O7CSK5J52,,5,4,0,0.04,4,1,0,0,0,3,1,0,0,0,yes
2025,TN,47149,Rutherford,549300M8WGW2D17CZD19,,4,4,0,0.04,1,3,0,0,0,1,3,0,0,0,yes
2025,TN,47149,Rutherford,549300Q10M1VXBG2H889,,15,4,3,0.04,3,11,1,0,0,1,3,0,0,0,yes
2025,TN,47149,Rutherford,549300UG7QXKM7KGV847,,7,4,2,0.04,7,0,0,0,0,4,0,0,0,0,yes
2025,TN,47149,Rutherford,C398JSK21YCXWM603F55,,5,4,0,0.04,2,0,3,0,0,1,0,3,0,0,yes
2025,TN,47149,Rutherford,2549009X2AG1P20YAJ63,,4,3,0,0.03,4,0,0,0,0,3,0,0,0,0,yes
2025,TN,47149,Rutherford,254900CTT87ZKAUTIJ37,,6,3,2,0.03,6,0,0,0,0,3,0,0,0,0,yes
2025,TN,47149,Rutherford,254900RUCO27MVGTO768,LOAN FUNDER LLC,7,3,0,0.03,7,0,0,0,0,3,0,0,0,0,yes
2025,TN,47149,Rutherford,5493000IIYWBLONJVJ30,,4,3,0,0.03,2,2,0,0,0,2,1,0,0,0,yes
2025,TN,47149,Rutherford,549300121SF0K2LN2804,"PRIMELENDING, A PLAINSCAPITAL COMPANY",5,3,0,0.03,4,0,1,0,0,2,0,1,0,0,yes
2025,TN,47149,Rutherford,5493001XKL0FTNOJ0866,,5,3,0,0.03,3,2,0,0,0,3,0,0,0,0,yes
2025,TN,47149,Rutherford,549300370QILXLFUWD20,"ZILLOW HOME LOANS, LLC",9,3,0,0.03,8,0,1,0,0,3,0,0,0,0,yes
2025,TN,47149,Rutherford,5493004T9SQFCNRQ2L76,,5,3,0,0.03,1,1,3,0,0,0,1,2,0,0,yes
2025,TN,47149,Rutherford,5493005ICQ3QGEIWV618,UNITED MORTGAGE CORP.,4,3,0,0.03,1,3,0,0,0,1,2,0,0,0,yes
2025,TN,47149,Rutherford,5493005NU5BA00C1N451,,3,3,0,0.03,0,0,3,0,0,0,0,3,0,0,yes
2025,TN,47149,Rutherford,54930074H8866HTIWU69,KNOXVILLE TVA EMPLOYEES CREDIT UNION,3,3,0,0.03,3,0,0,0,0,3,0,0,0,0,yes
2025,TN,47149,Rutherford,5493007669OVCSCATP45,TENNESSEE VALLEY FCU,4,3,1,0.03,4,0,0,0,0,3,0,0,0,0,yes
2025,TN,47149,Rutherford,5493009B17HXCVXTD608,"JMAC LENDING, INC.",4,3,0,0.03,3,0,1,0,0,2,0,1,0,0,yes
2025,TN,47149,Rutherford,549300A0SVCQJPHVGV20,,4,3,0,0.03,3,1,0,0,0,2,1,0,0,0,yes
2025,TN,47149,Rutherford,549300COIWXM618UBE82,,10,3,6,0.03,10,0,0,0,0,3,0,0,0,0,yes
2025,TN,47149,Rutherford,549300DCGBXW5FJMV921,,3,3,0,0.03,3,0,0,0,0,3,0,0,0,0,yes
2025,TN,47149,Rutherford,549300INFJ8TYNZ1G568,,3,3,0,0.03,3,0,0,0,0,3,0,0,0,0,yes
2025,TN,47149,Rutherford,549300ISCZS1R0CJMO47,,6,3,0,0.03,3,3,0,0,0,1,2,0,0,0,yes
2025,TN,47149,Rutherford,549300L1DBFIJZI8LA40,,3,3,0,0.03,2,0,1,0,0,2,0,1,0,0,yes
2025,TN,47149,Rutherford,549300LPT41QBMAC7948,,5,3,0,0.03,5,0,0,0,0,3,0,0,0,0,yes
2025,TN,47149,Rutherford,549300LWR6X0ZAV34H19,,3,3,0,0.03,3,0,0,0,0,3,0,0,0,0,yes
2025,TN,47149,Rutherford,549300MHH03ICJYEPE85,,8,3,0,0.03,0,8,0,0,0,0,3,0,0,0,yes
2025,TN,47149,Rutherford,549300NFPC3Y4W3Y7R87,,5,3,1,0.03,2,3,0,0,0,1,2,0,0,0,yes
2025,TN,47149,Rutherford,549300O6Z0I6KYMESL47,AMWEST FUNDING CORP.,3,3,0,0.03,3,0,0,0,0,3,0,0,0,0,yes
2025,TN,47149,Rutherford,549300PBTV7FCWLSMM53,,6,3,0,0.03,0,2,4,0,0,0,1,2,0,0,yes
2025,TN,47149,Rutherford,549300PC4MFWQBNVKG88,,4,3,0,0.03,3,0,1,0,0,2,0,1,0,0,yes
2025,TN,47149,Rutherford,549300RA3E0BUFO7YZ21,"Hometown Equity Mortgage, LLC",5,3,2,0.03,5,0,0,0,0,3,0,0,0,0,yes
2025,TN,47149,Rutherford,549300RD5IG88VPO6P22,,4,3,0,0.03,4,0,0,0,0,3,0,0,0,0,yes
2025,TN,47149,Rutherford,549300RYTR2RVL4SFJ90,,3,3,0,0.03,3,0,0,0,0,3,0,0,0,0,yes
2025,TN,47149,Rutherford,549300RZFHIGIM84KN09,,6,3,1,0.03,6,0,0,0,0,3,0,0,0,0,yes
2025,TN,47149,Rutherford,549300S5YL3OH0IVCS62,FINANCE OF AMERICA REVERSE LLC,5,3,0,0.03,0,5,0,0,0,0,3,0,0,0,yes
2025,TN,47149,Rutherford,549300UR5AOWTJJ7KZ64,,5,3,0,0.03,5,0,0,0,0,3,0,0,0,0,yes
2025,TN,47149,Rutherford,549300W4TWSN8U8TGD72,,4,3,0,0.03,4,0,0,0,0,3,0,0,0,0,yes
2025,TN,47149,Rutherford,549300WN1LQYJX9HOU28,,3,3,0,0.03,3,0,0,0,0,3,0,0,0,0,yes
2025,TN,47149,Rutherford,549300Y5Y88FQLI7VE83,DEEPHAVEN MORTGAGE LLC,3,3,0,0.03,3,0,0,0,0,3,0,0,0,0,yes
2025,TN,47149,Rutherford,DX0JX77PRMOELF7VG772,Synovus Bank,8,3,3,0.03,8,0,0,0,0,3,0,0,0,0,yes
2025,TN,47149,Rutherford,L9VVX1KT5TFTKS0MLF66,First-Citizens Bank & Trust Company,4,3,1,0.03,4,0,0,0,0,3,0,0,0,0,yes
2025,TN,47149,Rutherford,01J4SO3XTWZF4PP38209,,2,2,0,0.02,2,0,0,0,0,2,0,0,0,0,yes
2025,TN,47149,Rutherford,2549007IU6SKFLLNKZ07,,2,2,0,0.02,2,0,0,0,0,2,0,0,0,0,yes
2025,TN,47149,Rutherford,254900QNIR86GUIRYH95,,5,2,1,0.02,5,0,0,0,0,2,0,0,0,0,yes
2025,TN,47149,Rutherford,254900QXDYW5OTSNTL04,,2,2,0,0.02,2,0,0,0,0,2,0,0,0,0,yes
2025,TN,47149,Rutherford,254900RQX8N4HXJIDK44,,2,2,0,0.02,0,2,0,0,0,0,2,0,0,0,yes
2025,TN,47149,Rutherford,254900WEP08K7U7S3A80,,2,2,0,0.02,1,1,0,0,0,1,1,0,0,0,yes
2025,TN,47149,Rutherford,254900ZKVJDEYHV22276,,2,2,0,0.02,2,0,0,0,0,2,0,0,0,0,yes
2025,TN,47149,Rutherford,2WHM8VNJH63UN14OL754,The Huntington National Bank,4,2,1,0.02,3,1,0,0,0,2,0,0,0,0,yes
2025,TN,47149,Rutherford,54930001NSTOD85LT125,"GUARANTEED RATE AFFINITY, LLC",2,2,0,0.02,1,0,1,0,0,1,0,1,0,0,yes
2025,TN,47149,Rutherford,54930002O9LLXKR6TF11,,2,2,0,0.02,2,0,0,0,0,2,0,0,0,0,yes
2025,TN,47149,Rutherford,54930021DZJ9CEN11D61,,3,2,0,0.02,0,0,3,0,0,0,0,2,0,0,yes
2025,TN,47149,Rutherford,5493002Y5XYV7DV1ZV88,"GOLD STAR MORTGAGE FINANCIAL GROUP, CORPORATION",4,2,0,0.02,1,2,1,0,0,1,1,0,0,0,yes
2025,TN,47149,Rutherford,5493004RLLKTQS8K7U51,,3,2,0,0.02,3,0,0,0,0,2,0,0,0,0,yes
2025,TN,47149,Rutherford,5493005PKOSG7MYX0B34,"Prosperity Home Mortgage, LLC",6,2,1,0.02,1,3,2,0,0,1,1,0,0,0,yes
2025,TN,47149,Rutherford,549300748YYU6VG08N83,,2,2,0,0.02,0,2,0,0,0,0,2,0,0,0,yes
2025,TN,47149,Rutherford,549300A5HHOL2ED18C72,,6,2,0,0.02,6,0,0,0,0,2,0,0,0,0,yes
2025,TN,47149,Rutherford,549300ASFUWYQO0RW077,,2,2,0,0.02,2,0,0,0,0,2,0,0,0,0,yes
2025,TN,47149,Rutherford,549300CTISSNREVLNO46,,5,2,2,0.02,1,2,2,0,0,0,1,1,0,0,yes
2025,TN,47149,Rutherford,549300CY7WNAHKHYSJ73,,4,2,0,0.02,3,1,0,0,0,1,1,0,0,0,yes
2025,TN,47149,Rutherford,549300DDLYW49R2HCV81,EASTMAN CREDIT UNION,4,2,1,0.02,4,0,0,0,0,2,0,0,0,0,yes
2025,TN,47149,Rutherford,549300EMNDEK4BA8WB53,EMM LOANS LLC,3,2,0,0.02,0,3,0,0,0,0,2,0,0,0,yes
2025,TN,47149,Rutherford,549300GWD9H4FQ2VR805,,2,2,0,0.02,2,0,0,0,0,2,0,0,0,0,yes
2025,TN,47149,Rutherford,549300H12E7AUMUHP294,,2,2,0,0.02,0,2,0,0,0,0,2,0,0,0,yes
2025,TN,47149,Rutherford,549300HRLROF7PLJ6735,CLEAREDGE LENDING LLC,5,2,1,0.02,5,0,0,0,0,2,0,0,0,0,yes
2025,TN,47149,Rutherford,549300HVW3AI97UKTO72,,2,2,0,0.02,2,0,0,0,0,2,0,0,0,0,yes
2025,TN,47149,Rutherford,549300IBT3SCF2K09D58,,2,2,0,0.02,2,0,0,0,0,2,0,0,0,0,yes
2025,TN,47149,Rutherford,549300IPUHFA5O769M51,"Vellum Mortgage, Inc.",2,2,0,0.02,2,0,0,0,0,2,0,0,0,0,yes
2025,TN,47149,Rutherford,549300J6N77Q8OHYNF23,,4,2,0,0.02,1,0,3,0,0,1,0,1,0,0,yes
2025,TN,47149,Rutherford,549300K2JM6ID3V5LO24,,6,2,2,0.02,6,0,0,0,0,2,0,0,0,0,yes
2025,TN,47149,Rutherford,549300KB8NXVYD7BGS97,,6,2,2,0.02,6,0,0,0,0,2,0,0,0,0,yes
2025,TN,47149,Rutherford,549300KJ8PAJ7E52HG32,Plains Commerce Bank,2,2,0,0.02,2,0,0,0,0,2,0,0,0,0,yes
2025,TN,47149,Rutherford,549300NJVKCDJA5YC939,,3,2,1,0.02,1,1,1,0,0,0,1,1,0,0,yes
2025,TN,47149,Rutherford,549300NN0PRX3I4QGG46,,3,2,0,0.02,0,0,3,0,0,0,0,2,0,0,yes
2025,TN,47149,Rutherford,549300OIJ6O9DNP74L72,,2,2,0,0.02,2,0,0,0,0,2,0,0,0,0,yes
2025,TN,47149,Rutherford,549300OR2C7AGDZFTS24,,2,2,0,0.02,0,2,0,0,0,0,2,0,0,0,yes
2025,TN,47149,Rutherford,549300OSZK2W0WJYS771,,3,2,0,0.02,3,0,0,0,0,2,0,0,0,0,yes
2025,TN,47149,Rutherford,549300PXIFIEPL7D7R86,,2,2,0,0.02,1,1,0,0,0,1,1,0,0,0,yes
2025,TN,47149,Rutherford,549300Q6YL1SFVPEGV90,,2,2,0,0.02,0,2,0,0,0,0,2,0,0,0,yes
2025,TN,47149,Rutherford,549300REENMLD2RN3W58,,3,2,1,0.02,0,1,2,0,0,0,0,2,0,0,yes
2025,TN,47149,Rutherford,549300T7HRS5DVBUPQ06,,2,2,0,0.02,2,0,0,0,0,2,0,0,0,0,yes
2025,TN,47149,Rutherford,549300TOOOOW36EX6R40,SUNCOAST CREDIT UNION,3,2,1,0.02,3,0,0,0,0,2,0,0,0,0,yes
2025,TN,47149,Rutherford,549300UB5TJ0YPVPT503,,2,2,0,0.02,2,0,0,0,0,2,0,0,0,0,yes
2025,TN,47149,Rutherford,549300VQUTI5IU7GXT57,,5,2,1,0.02,2,3,0,0,0,2,0,0,0,0,yes
2025,TN,47149,Rutherford,549300XCVBRR56D08F03,,14,2,0,0.02,7,5,2,0,0,1,0,1,0,0,yes
2025,TN,47149,Rutherford,549300XQ7B5FIVUNFE29,VAN DYK MORTGAGE CORPORATION,2,2,0,0.02,1,1,0,0,0,1,1,0,0,0,yes
2025,TN,47149,Rutherford,549300Y4BSP3BSFW7J29,,4,2,2,0.02,4,0,0,0,0,2,0,0,0,0,yes
2025,TN,47149,Rutherford,549300ZGTRKCDKOVEQ80,,2,2,0,0.02,2,0,0,0,0,2,0,0,0,0,yes
2025,TN,47149,Rutherford,984500C6D3DC0BE5E321,,3,2,0,0.02,3,0,0,0,0,2,0,0,0,0,yes
2025,TN,47149,Rutherford,984500CD6F0743B8F530,,2,2,0,0.02,0,1,1,0,0,0,1,1,0,0,yes
2025,TN,47149,Rutherford,984500DB378C704F4610,,3,2,0,0.02,3,0,0,0,0,2,0,0,0,0,yes
2025,TN,47149,Rutherford,984500F6E6940CCB6A60,,2,2,0,0.02,2,0,0,0,0,2,0,0,0,0,yes
2025,TN,47149,Rutherford,COINQMNIM6RBU631DD85,,3,2,0,0.02,3,0,0,0,0,2,0,0,0,0,yes
2025,TN,47149,Rutherford,E57ODZWZ7FF32TWEFA76,"Citibank, National Association",6,2,1,0.02,6,0,0,0,0,2,0,0,0,0,yes
2025,TN,47149,Rutherford,Q708HHR4LD2B7XIZNO92,First Federal Bank,4,2,0,0.02,1,1,2,0,0,1,0,1,0,0,yes
2025,TN,47149,Rutherford,WWB2V0FCW3A0EE3ZJN75,Manufacturers and Traders Trust Company,5,2,1,0.02,1,4,0,0,0,1,1,0,0,0,yes
2025,TN,47149,Rutherford,213800QUAI2VH5YM6310,"EMBRACE HOME LOANS, INC.",1,1,0,0.01,1,0,0,0,0,1,0,0,0,0,yes
2025,TN,47149,Rutherford,2549000VVDQ9NNW01Q23,,1,1,0,0.01,1,0,0,0,0,1,0,0,0,0,yes
2025,TN,47149,Rutherford,2549002VH9C0PKB8K153,,1,1,0,0.01,1,0,0,0,0,1,0,0,0,0,yes
2025,TN,47149,Rutherford,25490046GL77VSFSYG24,,1,1,0,0.01,1,0,0,0,0,1,0,0,0,0,yes
2025,TN,47149,Rutherford,2549005K0ZG1MFV3R260,Reliable Holdings Manager LLC,2,1,0,0.01,2,0,0,0,0,1,0,0,0,0,yes
2025,TN,47149,Rutherford,254900DGJQT6H4M24F92,,1,1,0,0.01,1,0,0,0,0,1,0,0,0,0,yes
2025,TN,47149,Rutherford,254900DSZI6CJXJL6Z14,,1,1,0,0.01,1,0,0,0,0,1,0,0,0,0,yes
2025,TN,47149,Rutherford,254900EZRN0CBEP77K34,,2,1,0,0.01,2,0,0,0,0,1,0,0,0,0,yes
2025,TN,47149,Rutherford,254900FBWEZ3YUPOBN33,,3,1,2,0.01,3,0,0,0,0,1,0,0,0,0,yes
2025,TN,47149,Rutherford,254900HO9WPE4LTLQU96,,1,1,0,0.01,0,0,1,0,0,0,0,1,0,0,yes
2025,TN,47149,Rutherford,254900IEGKUDRDS23V26,,1,1,0,0.01,1,0,0,0,0,1,0,0,0,0,yes
2025,TN,47149,Rutherford,254900O28OG3UMHXQY81,,5,1,1,0.01,2,2,1,0,0,1,0,0,0,0,yes
2025,TN,47149,Rutherford,254900O723MCLR701H50,,5,1,2,0.01,3,2,0,0,0,1,0,0,0,0,yes
2025,TN,47149,Rutherford,254900P7WLDQD9IUL038,Service Federal Credit Union,1,1,0,0.01,0,0,1,0,0,0,0,1,0,0,yes
2025,TN,47149,Rutherford,254900SG0DG9VHV3LR79,,1,1,0,0.01,1,0,0,0,0,1,0,0,0,0,yes
2025,TN,47149,Rutherford,254900TTZ395IC926125,,1,1,0,0.01,1,0,0,0,0,1,0,0,0,0,yes
2025,TN,47149,Rutherford,254900VE4XTOQUE8NZ77,,2,1,0,0.01,2,0,0,0,0,1,0,0,0,0,yes
2025,TN,47149,Rutherford,254900WT4HAMDFWH3048,,4,1,0,0.01,0,4,0,0,0,0,1,0,0,0,yes
2025,TN,47149,Rutherford,254900YA1AQXNM8QVZ06,,1,1,0,0.01,1,0,0,0,0,1,0,0,0,0,yes
2025,TN,47149,Rutherford,254900YPPMV9UM5FUW09,,1,1,0,0.01,1,0,0,0,0,1,0,0,0,0,yes
2025,TN,47149,Rutherford,5493000349C5XXDRQX28,,3,1,0,0.01,1,2,0,0,0,0,1,0,0,0,yes
2025,TN,47149,Rutherford,5493000OM9RKJW8W5K82,,1,1,0,0.01,1,0,0,0,0,1,0,0,0,0,yes
2025,TN,47149,Rutherford,5493001141Z7CINOSB62,,1,1,0,0.01,1,0,0,0,0,1,0,0,0,0,yes
2025,TN,47149,Rutherford,5493001JT9MT3Z3Y3M39,,1,1,0,0.01,1,0,0,0,0,1,0,0,0,0,yes
2025,TN,47149,Rutherford,5493001X0T84TYRJ5Y59,,3,1,1,0.01,3,0,0,0,0,1,0,0,0,0,yes
2025,TN,47149,Rutherford,54930020YWIK7HGH2R34,,1,1,0,0.01,0,1,0,0,0,0,1,0,0,0,yes
2025,TN,47149,Rutherford,54930022CQGV47Q8PM03,,2,1,0,0.01,1,1,0,0,0,1,0,0,0,0,yes
2025,TN,47149,Rutherford,549300249G20MDIDRR27,,3,1,0,0.01,2,1,0,0,0,1,0,0,0,0,yes
2025,TN,47149,Rutherford,5493002N5168AC238149,"OceanFirst Bank, National Association",1,1,0,0.01,1,0,0,0,0,1,0,0,0,0,yes
2025,TN,47149,Rutherford,5493002QRULT2T40BH09,,1,1,0,0.01,1,0,0,0,0,1,0,0,0,0,yes
2025,TN,47149,Rutherford,549300323EON4W3CCM44,"RESICENTRAL, LLC",1,1,0,0.01,1,0,0,0,0,1,0,0,0,0,yes
2025,TN,47149,Rutherford,54930034MNPILHP25H80,Gateway First Bank,1,1,0,0.01,1,0,0,0,0,1,0,0,0,0,yes
2025,TN,47149,Rutherford,54930039UO39UJGI7078,TowneBank,1,1,0,0.01,0,0,1,0,0,0,0,1,0,0,yes
2025,TN,47149,Rutherford,5493003BXKRGHQHRJV38,,1,1,0,0.01,1,0,0,0,0,1,0,0,0,0,yes
2025,TN,47149,Rutherford,5493003QDHMW1W0GEH16,,1,1,0,0.01,1,0,0,0,0,1,0,0,0,0,yes
2025,TN,47149,Rutherford,54930048P8RWCQHQM310,,1,1,0,0.01,1,0,0,0,0,1,0,0,0,0,yes
2025,TN,47149,Rutherford,5493004VB8XJ1L0EOO76,,1,1,0,0.01,1,0,0,0,0,1,0,0,0,0,yes
2025,TN,47149,Rutherford,5493005H0NK3SWWY4384,,1,1,0,0.01,1,0,0,0,0,1,0,0,0,0,yes
2025,TN,47149,Rutherford,5493005JPZ3LXXMB0S24,"Carrington Mortgage Services, LLC",2,1,0,0.01,1,0,1,0,0,0,0,1,0,0,yes
2025,TN,47149,Rutherford,5493005T71YXBHEO2093,,2,1,0,0.01,2,0,0,0,0,1,0,0,0,0,yes
2025,TN,47149,Rutherford,5493007074TOVS4FJF21,,1,1,0,0.01,1,0,0,0,0,1,0,0,0,0,yes
2025,TN,47149,Rutherford,54930078TNN7GKZ7NU89,,1,1,0,0.01,1,0,0,0,0,1,0,0,0,0,yes
2025,TN,47149,Rutherford,5493007CLWQN2S6IZK91,,3,1,0,0.01,1,0,2,0,0,0,0,1,0,0,yes
2025,TN,47149,Rutherford,54930080168VA6Z8UX21,TOWER Federal Credit Union,1,1,0,0.01,1,0,0,0,0,1,0,0,0,0,yes
2025,TN,47149,Rutherford,54930089R5VSN6GVCK47,,1,1,0,0.01,1,0,0,0,0,1,0,0,0,0,yes
2025,TN,47149,Rutherford,54930091JQKCU3Z6IP44,,17,1,3,0.01,17,0,0,0,0,1,0,0,0,0,yes
2025,TN,47149,Rutherford,549300A7W1NQ3BYZCB68,,1,1,0,0.01,1,0,0,0,0,1,0,0,0,0,yes
2025,TN,47149,Rutherford,549300AJ6XFK1ACXWQ06,,2,1,0,0.01,2,0,0,0,0,1,0,0,0,0,yes
2025,TN,47149,Rutherford,549300ALNLUNS3Y53T24,,26,1,16,0.01,7,18,1,0,0,0,1,0,0,0,yes
2025,TN,47149,Rutherford,549300BIIOTBIZJPS834,,1,1,0,0.01,0,1,0,0,0,0,1,0,0,0,yes
2025,TN,47149,Rutherford,549300BM4NS8HDJT3X28,"INTERCOASTAL MORTGAGE, LLC",2,1,1,0.01,1,1,0,0,0,1,0,0,0,0,yes
2025,TN,47149,Rutherford,549300BOXNV8VLRBDT24,,3,1,0,0.01,3,0,0,0,0,1,0,0,0,0,yes
2025,TN,47149,Rutherford,549300BXWU32AYWT1A56,,2,1,0,0.01,2,0,0,0,0,1,0,0,0,0,yes
2025,TN,47149,Rutherford,549300C4CKL0HRXJ3085,,1,1,0,0.01,1,0,0,0,0,1,0,0,0,0,yes
2025,TN,47149,Rutherford,549300C853H86L248593,,1,1,0,0.01,1,0,0,0,0,1,0,0,0,0,yes
2025,TN,47149,Rutherford,549300C8GOC4OYUV0Z32,,2,1,0,0.01,2,0,0,0,0,1,0,0,0,0,yes
2025,TN,47149,Rutherford,549300CLRXFVF83ZL806,"NATIONWIDE MORTGAGE BANKERS, INC.",1,1,0,0.01,0,1,0,0,0,0,1,0,0,0,yes
2025,TN,47149,Rutherford,549300CYL5ZW4ISL7T55,,1,1,0,0.01,1,0,0,0,0,1,0,0,0,0,yes
2025,TN,47149,Rutherford,549300DL7AWRPX6NXO12,,1,1,0,0.01,1,0,0,0,0,1,0,0,0,0,yes
2025,TN,47149,Rutherford,549300E035FX7XMJ6713,,1,1,0,0.01,1,0,0,0,0,1,0,0,0,0,yes
2025,TN,47149,Rutherford,549300EKCKDF80ZM4V51,,1,1,0,0.01,1,0,0,0,0,1,0,0,0,0,yes
2025,TN,47149,Rutherford,549300F6Y1YO2YXN6135,,1,1,0,0.01,1,0,0,0,0,1,0,0,0,0,yes
2025,TN,47149,Rutherford,549300F8C5JA44WNMI75,AMERICAN NEIGHBORHOOD MORTGAGE ACCEPTANCE COMPANY LLC,1,1,0,0.01,0,1,0,0,0,0,1,0,0,0,yes
2025,TN,47149,Rutherford,549300G5DVGM0ZHRQC33,,3,1,0,0.01,0,0,3,0,0,0,0,1,0,0,yes
2025,TN,47149,Rutherford,549300GCEUZLVML1J263,RADIUS FINANCIAL GROUP INC.,2,1,0,0.01,2,0,0,0,0,1,0,0,0,0,yes
2025,TN,47149,Rutherford,549300GSCUJKJINRJ980,,2,1,0,0.01,0,2,0,0,0,0,1,0,0,0,yes
2025,TN,47149,Rutherford,549300GY4NTTEM7WWB64,,1,1,0,0.01,0,1,0,0,0,0,1,0,0,0,yes
2025,TN,47149,Rutherford,549300HCNXMTNGIMAR91,,1,1,0,0.01,1,0,0,0,0,1,0,0,0,0,yes
2025,TN,47149,Rutherford,549300HTMO7FGRKRLV06,"CLIFFCO, INC.",1,1,0,0.01,1,0,0,0,0,1,0,0,0,0,yes
2025,TN,47149,Rutherford,549300HUJ6V0QTROHW53,,1,1,0,0.01,1,0,0,0,0,1,0,0,0,0,yes
2025,TN,47149,Rutherford,549300HVFLWKU7133506,,1,1,0,0.01,1,0,0,0,0,1,0,0,0,0,yes
2025,TN,47149,Rutherford,549300I1HK1BBZLKOB84,,1,1,0,0.01,1,0,0,0,0,1,0,0,0,0,yes
2025,TN,47149,Rutherford,549300IBHFWCA2THLC52,,1,1,0,0.01,1,0,0,0,0,1,0,0,0,0,yes
2025,TN,47149,Rutherford,549300IFOE4SCP384147,University Bank,1,1,0,0.01,1,0,0,0,0,1,0,0,0,0,yes
2025,TN,47149,Rutherford,549300IKS3MMB5YK6T18,,1,1,0,0.01,1,0,0,0,0,1,0,0,0,0,yes
2025,TN,47149,Rutherford,549300KPHGEE40YQXO21,,2,1,1,0.01,2,0,0,0,0,1,0,0,0,0,yes
2025,TN,47149,Rutherford,549300KQHWNSVCE2MY88,,2,1,0,0.01,2,0,0,0,0,1,0,0,0,0,yes
2025,TN,47149,Rutherford,549300KR4ZW8KJC82O47,,1,1,0,0.01,1,0,0,0,0,1,0,0,0,0,yes
2025,TN,47149,Rutherford,549300KTR1JGH3K6LU06,FOURLEAF,7,1,5,0.01,7,0,0,0,0,1,0,0,0,0,yes
2025,TN,47149,Rutherford,549300KW3HYVC06WS898,,1,1,0,0.01,1,0,0,0,0,1,0,0,0,0,yes
2025,TN,47149,Rutherford,549300KX4S1573HISS22,,2,1,0,0.01,2,0,0,0,0,1,0,0,0,0,yes
2025,TN,47149,Rutherford,549300L8JRY60EOROT34,,1,1,0,0.01,1,0,0,0,0,1,0,0,0,0,yes
2025,TN,47149,Rutherford,549300LTKCJV903ZQR25,,1,1,0,0.01,1,0,0,0,0,1,0,0,0,0,yes
2025,TN,47149,Rutherford,549300LZUXCJFE5ONM48,,2,1,0,0.01,0,2,0,0,0,0,1,0,0,0,yes
2025,TN,47149,Rutherford,549300MCIFZSDHUT8X63,"NFM, INC.",4,1,0,0.01,3,0,1,0,0,1,0,0,0,0,yes
2025,TN,47149,Rutherford,549300NB3SBC1KHAWB92,,2,1,0,0.01,1,0,1,0,0,0,0,1,0,0,yes
2025,TN,47149,Rutherford,549300OBJRCHJ0G6XU24,,1,1,0,0.01,1,0,0,0,0,1,0,0,0,0,yes
2025,TN,47149,Rutherford,549300OPB0G5OMY0SM65,,1,1,0,0.01,1,0,0,0,0,1,0,0,0,0,yes
2025,TN,47149,Rutherford,549300OYEKEORA1GI088,,1,1,0,0.01,0,0,1,0,0,0,0,1,0,0,yes
2025,TN,47149,Rutherford,549300Q55VW95EP3CM33,,1,1,0,0.01,1,0,0,0,0,1,0,0,0,0,yes
2025,TN,47149,Rutherford,549300QIUZLVR1OLDH55,,1,1,0,0.01,1,0,0,0,0,1,0,0,0,0,yes
2025,TN,47149,Rutherford,549300QKL5FUBZ8LSF50,,1,1,0,0.01,0,0,1,0,0,0,0,1,0,0,yes
2025,TN,47149,Rutherford,549300R14I3DX6ZMWL07,,1,1,0,0.01,1,0,0,0,0,1,0,0,0,0,yes
2025,TN,47149,Rutherford,549300R4F5COFJE0DN81,,3,1,1,0.01,3,0,0,0,0,1,0,0,0,0,yes
2025,TN,47149,Rutherford,549300R7HGHP2I754087,TOWNE MORTGAGE COMPANY,3,1,0,0.01,0,3,0,0,0,0,1,0,0,0,yes
2025,TN,47149,Rutherford,549300RYBJHWWDENV610,Alcova Mortgage LLC,1,1,0,0.01,0,0,1,0,0,0,0,1,0,0,yes
2025,TN,47149,Rutherford,549300S8CJG5MSY8BH57,,1,1,0,0.01,1,0,0,0,0,1,0,0,0,0,yes
2025,TN,47149,Rutherford,549300SQRR7T3EUSDD87,,1,1,0,0.01,1,0,0,0,0,1,0,0,0,0,yes
2025,TN,47149,Rutherford,549300T3F9S1MKFKHC53,HOMESTEAD FUNDING CORP.,3,1,0,0.01,3,0,0,0,0,1,0,0,0,0,yes
2025,TN,47149,Rutherford,549300TK6RZQSFXZHV09,,1,1,0,0.01,0,0,1,0,0,0,0,1,0,0,yes
2025,TN,47149,Rutherford,549300TWLXP5O4IHG211,,3,1,1,0.01,3,0,0,0,0,1,0,0,0,0,yes
2025,TN,47149,Rutherford,549300UKYJZO6CZXIX60,,1,1,0,0.01,1,0,0,0,0,1,0,0,0,0,yes
2025,TN,47149,Rutherford,549300UT4EN6IH579Q63,,6,1,2,0.01,4,2,0,0,0,1,0,0,0,0,yes
2025,TN,47149,Rutherford,549300UVOSI4XZZGUE14,,4,1,0,0.01,0,3,1,0,0,0,1,0,0,0,yes
2025,TN,47149,Rutherford,549300VVH8HHFMWL8536,,1,1,0,0.01,1,0,0,0,0,1,0,0,0,0,yes
2025,TN,47149,Rutherford,549300W45D2J6BT4LX65,,1,1,0,0.01,1,0,0,0,0,1,0,0,0,0,yes
2025,TN,47149,Rutherford,549300WRDGBHKR1BXL98,,1,1,0,0.01,1,0,0,0,0,1,0,0,0,0,yes
2025,TN,47149,Rutherford,549300WS8BW0I0BDA390,,1,1,0,0.01,1,0,0,0,0,1,0,0,0,0,yes
2025,TN,47149,Rutherford,549300XBOKNEE2CQJL92,,1,1,0,0.01,1,0,0,0,0,1,0,0,0,0,yes
2025,TN,47149,Rutherford,549300XED7IBK9VVQH70,"PIKE CREEK MORTGAGE SERVICES, INC.",1,1,0,0.01,0,1,0,0,0,0,1,0,0,0,yes
2025,TN,47149,Rutherford,549300YD7XJM19TH5O82,,2,1,0,0.01,2,0,0,0,0,1,0,0,0,0,yes
2025,TN,47149,Rutherford,549300YUZCW5UUIYIL79,,1,1,0,0.01,1,0,0,0,0,1,0,0,0,0,yes
2025,TN,47149,Rutherford,549300ZEUD3RXQZG2867,,1,1,0,0.01,1,0,0,0,0,1,0,0,0,0,yes
2025,TN,47149,Rutherford,549300ZPSJZO10ZAX556,"AMERICAN HERITAGE LENDING, LLC",5,1,0,0.01,5,0,0,0,0,1,0,0,0,0,yes
2025,TN,47149,Rutherford,549300ZS1TR1B4LHX377,,3,1,1,0.01,3,0,0,0,0,1,0,0,0,0,yes
2025,TN,47149,Rutherford,549300ZTT08EKQRVTR15,Atlantic Union Bank,1,1,0,0.01,1,0,0,0,0,1,0,0,0,0,yes
2025,TN,47149,Rutherford,549300ZZME37MXI1EF14,,3,1,0,0.01,2,1,0,0,0,0,1,0,0,0,yes
2025,TN,47149,Rutherford,9845005BP6974AE5D838,,3,1,0,0.01,3,0,0,0,0,1,0,0,0,0,yes
2025,TN,47149,Rutherford,9845006YE04B346EC919,,7,1,0,0.01,3,1,3,0,0,0,0,1,0,0,yes
2025,TN,47149,Rutherford,984500FAD1FB7FEGTE82,,2,1,0,0.01,2,0,0,0,0,1,0,0,0,0,yes
2025,TN,47149,Rutherford,AM9FLTUTLEC73M6N7I37,,1,1,0,0.01,1,0,0,0,0,1,0,0,0,0,yes
2025,TN,47149,Rutherford,CKVBED0S4DMLKJJ5XH28,,2,1,0,0.01,2,0,0,0,0,1,0,0,0,0,yes
2025,TN,47149,Rutherford,GDN5JXQ4P5NZE28ZRC90,City National Bank of Florida,1,1,0,0.01,1,0,0,0,0,1,0,0,0,0,yes
2025,TN,47149,Rutherford,HUX2X73FUCYHUVH1BK78,KeyBank National Association,1,1,0,0.01,1,0,0,0,0,1,0,0,0,0,yes
2025,TN,47149,Rutherford,N8T7HW55LK5D2ORCKP39,First National Bank of Pennsylvania,1,1,0,0.01,1,0,0,0,0,1,0,0,0,0,yes
2025,TN,47149,Rutherford,QGPGHQ1ENZOOLJRFTH41,,3,1,2,0.01,3,0,0,0,0,1,0,0,0,0,yes
2025,TN,47149,Rutherford,RM2F4G3WBQ8R9OKYRH19,,1,1,0,0.01,1,0,0,0,0,1,0,0,0,0,yes
2025,TN,47149,Rutherford,WKN6AF1FCL7BBYGTGI83,,1,1,0,0.01,1,0,0,0,0,1,0,0,0,0,yes
2025,TN,47149,Rutherford,ZXMJHJK466PBZTM5F379,,1,1,0,0.01,1,0,0,0,0,1,0,0,0,0,yes
2025,TN,47149,Rutherford,254900HEJ9F73IMPX887,,13,0,0,0.0,13,0,0,0,0,0,0,0,0,0,yes
2025,TN,47149,Rutherford,549300PWMS2701UFP528,,5,0,0,0.0,2,3,0,0,0,0,0,0,0,0,yes
2025,TN,47149,Rutherford,549300Q3ROEQU3D1IW91,,5,0,3,0.0,5,0,0,0,0,0,0,0,0,0,yes
2025,TN,47149,Rutherford,549300XRF9LCZ3RX3Q39,,5,0,3,0.0,0,2,3,0,0,0,0,0,0,0,yes
2025,TN,47149,Rutherford,549300Z5MYEIE55LLY49,,6,0,0,0.0,3,2,1,0,0,0,0,0,0,0,yes
2025,TN,47155,Sevier,549300FGXN1K3HLB1R50,"Rocket Mortgage, LLC",346,240,63,7.03,273,46,27,0,0,192,31,17,0,0,yes
2025,TN,47155,Sevier,549300HW662MN1WU8550,"United Wholesale Mortgage, LLC",277,190,40,5.57,179,54,43,1,0,124,30,35,1,0,yes
2025,TN,47155,Sevier,549300DD4R4SYK5RAQ92,"Cardinal Financial Company, Limited Partnership",252,166,7,4.86,240,9,2,1,0,158,7,1,0,0,yes
2025,TN,47155,Sevier,54930074H8866HTIWU69,KNOXVILLE TVA EMPLOYEES CREDIT UNION,153,118,4,3.46,153,0,0,0,0,118,0,0,0,0,yes
2025,TN,47155,Sevier,549300OBO7DOF2KOP535,FirstBank,150,107,29,3.14,119,27,3,1,0,80,23,3,1,0,yes
2025,TN,47155,Sevier,5493001SXWZ4OFP8Z903,"CrossCountry Mortgage, LLC",136,93,14,2.72,79,39,16,2,0,59,21,12,1,0,yes
2025,TN,47155,Sevier,549300VNBQD8FDHF7563,"MORTGAGE INVESTORS GROUP, INC.",141,93,12,2.72,98,29,10,4,0,64,22,4,3,0,yes
2025,TN,47155,Sevier,RVDPPPGHCGZ40J4VQ731,Fairway Independent Mortgage Corporation,147,89,14,2.61,103,31,13,0,0,62,18,9,0,0,yes
2025,TN,47155,Sevier,549300GZY55UGMUMI322,,102,74,17,2.17,101,0,0,1,0,73,0,0,1,0,yes
2025,TN,47155,Sevier,549300VZVN841I2ILS84,Freedom Mortgage Corporation,108,70,3,2.05,83,18,7,0,0,54,11,5,0,0,yes
2025,TN,47155,Sevier,549300FNXYY540N23N64,Newrez LLC,102,52,13,1.52,78,18,6,0,0,39,10,3,0,0,yes
2025,TN,47155,Sevier,5493001M37Q8TJKTP708,,60,50,5,1.46,60,0,0,0,0,50,0,0,0,0,yes
2025,TN,47155,Sevier,5493004NO7XCFVG4KD53,,76,50,20,1.46,76,0,0,0,0,50,0,0,0,0,yes
2025,TN,47155,Sevier,254900DTLHVWQ7NP7R34,"CMG Mortgage, Inc.",73,49,3,1.44,72,0,1,0,0,48,0,1,0,0,yes
2025,TN,47155,Sevier,549300T94GSH3C4U5M59,ALLIANT CREDIT UNION,70,47,2,1.38,69,0,1,0,0,47,0,0,0,0,yes
2025,TN,47155,Sevier,549300DDLYW49R2HCV81,EASTMAN CREDIT UNION,59,42,6,1.23,59,0,0,0,0,42,0,0,0,0,yes
2025,TN,47155,Sevier,549300RA3E0BUFO7YZ21,"Hometown Equity Mortgage, LLC",65,40,13,1.17,65,0,0,0,0,40,0,0,0,0,yes
2025,TN,47155,Sevier,549300GKFNPRWNS0GF29,"AmeriHome Mortgage Company, LLC",55,38,5,1.11,45,6,2,2,0,30,4,2,2,0,yes
2025,TN,47155,Sevier,549300DD5QQUHO6PCH70,"Movement Mortgage, LLC",93,36,22,1.05,14,5,74,0,0,1,1,34,0,0,yes
2025,TN,47155,Sevier,549300YL0TMLCEU0GW61,,42,36,4,1.05,42,0,0,0,0,36,0,0,0,0,yes
2025,TN,47155,Sevier,5493000YNV8IX4VD3X12,"VANDERBILT MORTGAGE AND FINANCE, INC.",265,34,98,1.0,265,0,0,0,0,34,0,0,0,0,yes
2025,TN,47155,Sevier,549300LBCBNR1OT00651,NATIONSTAR MORTGAGE LLC,49,33,6,0.97,41,7,1,0,0,29,3,1,0,0,yes
2025,TN,47155,Sevier,7H6GLXDRUGQFU57RNE97,"JPMorgan Chase Bank, National Association",48,33,6,0.97,48,0,0,0,0,33,0,0,0,0,yes
2025,TN,47155,Sevier,JJKC32MCHWDI71265Z06,Truist Bank,72,33,26,0.97,70,2,0,0,0,31,2,0,0,0,yes
2025,TN,47155,Sevier,6BYL5QZYBDK8S7L73M02,U.S. Bank National Association,74,32,37,0.94,72,2,0,0,0,32,0,0,0,0,yes
2025,TN,47155,Sevier,EQTWLK1G7ODGC2MGLV11,Regions Bank,63,32,23,0.94,59,3,0,1,0,29,2,0,1,0,yes
2025,TN,47155,Sevier,254900BBWJ82FQDQ6823,,31,30,1,0.88,31,0,0,0,0,30,0,0,0,0,yes
2025,TN,47155,Sevier,549300EEYVCFG0V6Z057,,71,30,20,0.88,71,0,0,0,0,30,0,0,0,0,yes
2025,TN,47155,Sevier,549300R0SXC1JU7ZU290,"FIRST COMMUNITY MORTGAGE, INC.",32,30,0,0.88,19,8,4,1,0,18,8,3,1,0,yes
2025,TN,47155,Sevier,54930034MNPILHP25H80,Gateway First Bank,49,29,1,0.85,46,2,1,0,0,27,1,1,0,0,yes
2025,TN,47155,Sevier,549300K6L4VXCXWN4205,ORNL,63,26,13,0.76,63,0,0,0,0,26,0,0,0,0,yes
2025,TN,47155,Sevier,549300XQVJ1XBNFA5536,21ST MORTGAGE CORPORATION,187,25,115,0.73,187,0,0,0,0,25,0,0,0,0,yes
2025,TN,47155,Sevier,5493003GQDUH26DNNH17,Navy Federal Credit Union,55,24,10,0.7,43,0,12,0,0,16,0,8,0,0,yes
2025,TN,47155,Sevier,549300UXY7OP0IC38293,,39,23,2,0.67,39,0,0,0,0,23,0,0,0,0,yes
2025,TN,47155,Sevier,549300LYRWPSYPK6S325,Guild Mortgage Company LLC,71,22,6,0.64,8,37,26,0,0,1,10,11,0,0,yes
2025,TN,47155,Sevier,549300U3721PJGQZYY68,Nationstar Mortgage LLC,49,22,3,0.64,46,3,0,0,0,21,1,0,0,0,yes
2025,TN,47155,Sevier,549300MGPZBLQDIL7538,"PrimeLending, a PlainsCapital Company",36,20,3,0.59,27,7,2,0,0,16,2,2,0,0,yes
2025,TN,47155,Sevier,549300MZ8VZJOVC63092,"KIND LENDING, LLC",33,20,9,0.59,26,7,0,0,0,14,6,0,0,0,yes
2025,TN,47155,Sevier,COOWI3L2W9TPYR3WJX37,First Horizon Bank,41,20,17,0.59,41,0,0,0,0,20,0,0,0,0,yes
2025,TN,47155,Sevier,5493007XAKU2Q6LGXD23,,23,19,0,0.56,23,0,0,0,0,19,0,0,0,0,yes
2025,TN,47155,Sevier,549300PIL8LFAQ04XC20,Better Mortgage Corporation,62,19,34,0.56,62,0,0,0,0,19,0,0,0,0,yes
2025,TN,47155,Sevier,984500U2F9A83N391A91,"CHAMPIONS FUNDING, LLC",44,19,13,0.56,44,0,0,0,0,19,0,0,0,0,yes
2025,TN,47155,Sevier,5493002B2WMHY23GFK92,"AMERICAN FINANCIAL RESOURCES, INC.",28,18,2,0.53,17,6,3,2,0,12,4,2,0,0,yes
2025,TN,47155,Sevier,549300QR0KFPEDZPEI42,,41,18,7,0.53,18,14,8,1,0,6,7,4,1,0,yes
2025,TN,47155,Sevier,549300AG64NHILB7ZP05,"PennyMac Loan Services, LLC",37,17,12,0.5,30,3,4,0,0,13,1,3,0,0,yes
2025,TN,47155,Sevier,549300WN1LQYJX9HOU28,,20,17,0,0.5,20,0,0,0,0,17,0,0,0,0,yes
2025,TN,47155,Sevier,254900UL88QFG0E40516,FIGURE LENDING LLC,32,16,4,0.47,32,0,0,0,0,16,0,0,0,0,yes
2025,TN,47155,Sevier,5493006JISETNI0GLE61,,24,16,3,0.47,24,0,0,0,0,16,0,0,0,0,yes
2025,TN,47155,Sevier,549300BX448ALT10FI43,The Federal Savings Bank,24,16,3,0.47,16,0,8,0,0,13,0,3,0,0,yes
2025,TN,47155,Sevier,549300E2UX99HKDBR481,"Broker Solutions, Inc.",46,16,5,0.47,26,13,7,0,0,8,5,3,0,0,yes
2025,TN,47155,Sevier,549300R14I3DX6ZMWL07,,17,15,1,0.44,17,0,0,0,0,15,0,0,0,0,yes
2025,TN,47155,Sevier,549300R77W0P105C3S50,HOMEXPRESS MORTGAGE CORP.,21,15,6,0.44,21,0,0,0,0,15,0,0,0,0,yes
2025,TN,47155,Sevier,9845005BP6974AE5D838,,18,15,3,0.44,18,0,0,0,0,15,0,0,0,0,yes
2025,TN,47155,Sevier,5493004AS1SPBQOFDR49,"Change Lending, LLC",23,14,4,0.41,23,0,0,0,0,14,0,0,0,0,yes
2025,TN,47155,Sevier,54930072OCHTUJOZQB56,,15,14,1,0.41,15,0,0,0,0,14,0,0,0,0,yes
2025,TN,47155,Sevier,549300KIOYNU323LVJ37,AMERICAN PACIFIC MORTGAGE CORPORATION,19,14,0,0.41,10,4,5,0,0,8,4,2,0,0,yes
2025,TN,47155,Sevier,549300OPCWU6E72WUT29,"MUTUAL OF OMAHA MORTGAGE, INC.",22,14,4,0.41,11,8,3,0,0,8,4,2,0,0,yes
2025,TN,47155,Sevier,5493001GCBD5XGNIC815,Coastal Community Bank,48,13,2,0.38,48,0,0,0,0,13,0,0,0,0,yes
2025,TN,47155,Sevier,549300NWBS6MQJX15N44,,19,13,3,0.38,19,0,0,0,0,13,0,0,0,0,yes
2025,TN,47155,Sevier,984500F6E6940CCB6A60,,29,13,4,0.38,29,0,0,0,0,13,0,0,0,0,yes
2025,TN,47155,Sevier,549300RPOGWJRH63HS39,UNION HOME MORTGAGE CORP.,24,12,2,0.35,15,4,3,2,0,7,2,2,1,0,yes
2025,TN,47155,Sevier,549300Y5Y88FQLI7VE83,DEEPHAVEN MORTGAGE LLC,19,12,5,0.35,19,0,0,0,0,12,0,0,0,0,yes
2025,TN,47155,Sevier,549300YIQ7S7Z8PIHE53,AMERISAVE MORTGAGE CORPORATION,47,12,27,0.35,34,11,2,0,0,10,1,1,0,0,yes
2025,TN,47155,Sevier,KB1H1DSPRFMYMCUFXT09,"Wells Fargo Bank, National Association",15,12,1,0.35,14,0,1,0,0,12,0,0,0,0,yes
2025,TN,47155,Sevier,549300F8C5JA44WNMI75,AMERICAN NEIGHBORHOOD MORTGAGE ACCEPTANCE COMPANY LLC,18,11,0,0.32,15,3,0,0,0,8,3,0,0,0,yes
2025,TN,47155,Sevier,549300XQ8DRJT0OETE90,,12,11,1,0.32,12,0,0,0,0,11,0,0,0,0,yes
2025,TN,47155,Sevier,549300XY701IELCE5Q08,BETTER MORTGAGE CORPORATION,34,11,12,0.32,33,1,0,0,0,10,1,0,0,0,yes
2025,TN,47155,Sevier,5493001GDRY0EL7VG372,"ARK-LA-TEX FINANCIAL SERVICES, LLC.",15,10,0,0.29,8,5,2,0,0,5,3,2,0,0,yes
2025,TN,47155,Sevier,549300AQ3T62GXDU7D76,Ally Bank,15,10,2,0.29,10,3,2,0,0,8,1,1,0,0,yes
2025,TN,47155,Sevier,549300KSOOZZVXCMA627,ANGEL OAK MORTGAGE SOLUTIONS LLC,12,10,1,0.29,12,0,0,0,0,10,0,0,0,0,yes
2025,TN,47155,Sevier,254900VELJPWWT51WN03,,9,9,0,0.26,9,0,0,0,0,9,0,0,0,0,yes
2025,TN,47155,Sevier,5493003V40VGM7YDFM54,FIRST COLONY MORTGAGE CORPORATION,19,9,1,0.26,16,1,1,1,0,6,1,1,1,0,yes
2025,TN,47155,Sevier,549300F1D8U51K67LV24,,11,9,0,0.26,11,0,0,0,0,9,0,0,0,0,yes
2025,TN,47155,Sevier,549300JYXTZDSPJEPI44,"PLAZA HOME MORTGAGE, INC.",16,9,5,0.26,10,5,1,0,0,5,4,0,0,0,yes
2025,TN,47155,Sevier,L9VVX1KT5TFTKS0MLF66,First-Citizens Bank & Trust Company,11,9,0,0.26,11,0,0,0,0,9,0,0,0,0,yes
2025,TN,47155,Sevier,254900MQ4O1DX3N88207,,12,8,3,0.23,12,0,0,0,0,8,0,0,0,0,yes
2025,TN,47155,Sevier,2WHM8VNJH63UN14OL754,The Huntington National Bank,11,8,1,0.23,11,0,0,0,0,8,0,0,0,0,yes
2025,TN,47155,Sevier,549300CDOC4F7XSRG390,Pinnacle Bank,16,8,3,0.23,16,0,0,0,0,8,0,0,0,0,yes
2025,TN,47155,Sevier,549300GS0W0TEUQS8571,"Morgan Stanley Private Bank, National Association",9,8,0,0.23,9,0,0,0,0,8,0,0,0,0,yes
2025,TN,47155,Sevier,549300KJ8PAJ7E52HG32,Plains Commerce Bank,13,8,2,0.23,12,1,0,0,0,7,1,0,0,0,yes
2025,TN,47155,Sevier,549300R9S3MVDV4MGF56,"CARRINGTON MORTGAGE SERVICES, LLC",30,8,11,0.23,19,10,1,0,0,6,1,1,0,0,yes
2025,TN,47155,Sevier,549300RN01LBYR8ZVX74,"LOWER, LLC",18,8,4,0.23,11,6,1,0,0,8,0,0,0,0,yes
2025,TN,47155,Sevier,549300WYBPIWKK6SQC06,,9,8,0,0.23,9,0,0,0,0,8,0,0,0,0,yes
2025,TN,47155,Sevier,549300YW2UBCMDRMBT48,,9,8,0,0.23,5,1,3,0,0,5,0,3,0,0,yes
2025,TN,47155,Sevier,549300Z52CLXKDXGPH16,,8,8,0,0.23,8,0,0,0,0,8,0,0,0,0,yes
2025,TN,47155,Sevier,549300ZPSJZO10ZAX556,"AMERICAN HERITAGE LENDING, LLC",14,8,1,0.23,14,0,0,0,0,8,0,0,0,0,yes
2025,TN,47155,Sevier,DRMSV1Q0EKMEXLAU1P80,"Citizens Bank, National Association",21,8,9,0.23,21,0,0,0,0,8,0,0,0,0,yes
2025,TN,47155,Sevier,QFROUN1UWUYU0DVIWD51,"Eagle Home Mortgage, LLC",22,8,8,0.23,22,0,0,0,0,8,0,0,0,0,yes
2025,TN,47155,Sevier,254900HEJ9F73IMPX887,,19,7,2,0.21,19,0,0,0,0,7,0,0,0,0,yes
2025,TN,47155,Sevier,254900TG14TB8RKS3U42,,13,7,0,0.21,11,2,0,0,0,6,1,0,0,0,yes
2025,TN,47155,Sevier,5493005XMJQ1GSXUGT67,,14,7,0,0.21,8,4,2,0,0,3,2,2,0,0,yes
2025,TN,47155,Sevier,5493006VAGP3GQ8FJT49,"Kiavi Funding, Inc.",15,7,0,0.21,15,0,0,0,0,7,0,0,0,0,yes
2025,TN,47155,Sevier,549300INFJ8TYNZ1G568,,7,7,0,0.21,7,0,0,0,0,7,0,0,0,0,yes
2025,TN,47155,Sevier,549300NFPC3Y4W3Y7R87,,14,7,3,0.21,12,2,0,0,0,7,0,0,0,0,yes
2025,TN,47155,Sevier,549300SUCQ1358EGVE89,"NEW DAY FINANCIAL, LLC",25,7,3,0.21,0,1,24,0,0,0,0,7,0,0,yes
2025,TN,47155,Sevier,B4TYDEB6GKMZO031MB27,"Guaranteed Rate, Inc.",26,7,10,0.21,25,1,0,0,0,7,0,0,0,0,yes
2025,TN,47155,Sevier,2549001SI0EMFPT39035,"Cornerstone First Mortgage, Inc",10,6,0,0.18,10,0,0,0,0,6,0,0,0,0,yes
2025,TN,47155,Sevier,254900E8KW1VR97KFU45,,8,6,1,0.18,8,0,0,0,0,6,0,0,0,0,yes
2025,TN,47155,Sevier,549300LXKO1O7CSK5J52,,7,6,0,0.18,5,1,0,1,0,5,1,0,0,0,yes
2025,TN,47155,Sevier,549300PFJ7GCGDLB2E65,,12,6,0,0.18,10,2,0,0,0,5,1,0,0,0,yes
2025,TN,47155,Sevier,549300QVGK8WC4HQ3C28,,10,6,1,0.18,4,6,0,0,0,3,3,0,0,0,yes
2025,TN,47155,Sevier,549300V6LKROCIL7OI49,,6,6,0,0.18,6,0,0,0,0,6,0,0,0,0,yes
2025,TN,47155,Sevier,PAOOWF3GUFM46FBSP561,,11,6,2,0.18,5,4,2,0,0,2,2,2,0,0,yes
2025,TN,47155,Sevier,254900HA4DQWAE0W3342,"AMERIHOME MORTGAGE COMPANY, LLC",8,5,0,0.15,3,5,0,0,0,2,3,0,0,0,yes
2025,TN,47155,Sevier,54930021WPEXNHYZUL09,"PLANET HOME LENDING, LLC",5,5,0,0.15,1,2,2,0,0,1,2,2,0,0,yes
2025,TN,47155,Sevier,54930059GZZ7G4G40O53,Primis Mortgage Company,6,5,0,0.15,5,1,0,0,0,4,1,0,0,0,yes
2025,TN,47155,Sevier,5493008NWHQT1R22C024,"AMERICAN FINANCIAL NETWORK, INC.",10,5,0,0.15,6,3,1,0,0,3,1,1,0,0,yes
2025,TN,47155,Sevier,5493008XX3NZ5S384W16,,7,5,1,0.15,7,0,0,0,0,5,0,0,0,0,yes
2025,TN,47155,Sevier,549300DG3IV05V4C4E03,,10,5,0,0.15,7,3,0,0,0,2,3,0,0,0,yes
2025,TN,47155,Sevier,549300KX4S1573HISS22,,8,5,0,0.15,7,1,0,0,0,4,1,0,0,0,yes
2025,TN,47155,Sevier,549300MCIFZSDHUT8X63,"NFM, INC.",8,5,0,0.15,8,0,0,0,0,5,0,0,0,0,yes
2025,TN,47155,Sevier,549300NOCASXPA34X033,"LAKEVIEW LOAN SERVICING, LLC",23,5,12,0.15,8,13,2,0,0,1,4,0,0,0,yes
2025,TN,47155,Sevier,X05BVSK68TQ7YTOSNR22,Discover Bank,28,5,11,0.15,28,0,0,0,0,5,0,0,0,0,yes
2025,TN,47155,Sevier,25490066WMF8ZMQXQB18,"Lendage, LLC",4,4,0,0.12,4,0,0,0,0,4,0,0,0,0,yes
2025,TN,47155,Sevier,254900FBWEZ3YUPOBN33,,12,4,5,0.12,12,0,0,0,0,4,0,0,0,0,yes
2025,TN,47155,Sevier,254900WTZC5SSKIN2M11,,5,4,0,0.12,5,0,0,0,0,4,0,0,0,0,yes
2025,TN,47155,Sevier,254900ZFWS2106HWPH46,"PARAMOUNT RESIDENTIAL MORTGAGE GROUP, INC.",5,4,0,0.12,4,1,0,0,0,4,0,0,0,0,yes
2025,TN,47155,Sevier,549300249G20MDIDRR27,,20,4,1,0.12,17,3,0,0,0,2,2,0,0,0,yes
2025,TN,47155,Sevier,5493005PKOSG7MYX0B34,"Prosperity Home Mortgage, LLC",5,4,1,0.12,4,0,1,0,0,3,0,1,0,0,yes
2025,TN,47155,Sevier,5493009B17HXCVXTD608,"JMAC LENDING, INC.",5,4,0,0.12,4,1,0,0,0,3,1,0,0,0,yes
2025,TN,47155,Sevier,549300AT7EB9FJAF0E61,Old National Bank,4,4,0,0.12,4,0,0,0,0,4,0,0,0,0,yes
2025,TN,47155,Sevier,549300CLRXFVF83ZL806,"NATIONWIDE MORTGAGE BANKERS, INC.",5,4,1,0.12,4,1,0,0,0,3,1,0,0,0,yes
2025,TN,47155,Sevier,549300DV2WBWN5ZEMV06,,5,4,1,0.12,5,0,0,0,0,4,0,0,0,0,yes
2025,TN,47155,Sevier,549300F6Y1YO2YXN6135,,4,4,0,0.12,4,0,0,0,0,4,0,0,0,0,yes
2025,TN,47155,Sevier,549300PBTV7FCWLSMM53,,4,4,0,0.12,0,1,3,0,0,0,1,3,0,0,yes
2025,TN,47155,Sevier,549300PL267CW8182203,,9,4,0,0.12,0,3,6,0,0,0,1,3,0,0,yes
2025,TN,47155,Sevier,549300RFLICNI75BG067,Luminate Bank,6,4,0,0.12,6,0,0,0,0,4,0,0,0,0,yes
2025,TN,47155,Sevier,549300RWXUAFD1WAE410,"ATLANTIC BAY MORTGAGE GROUP, L.L.C.",7,4,0,0.12,6,0,1,0,0,3,0,1,0,0,yes
2025,TN,47155,Sevier,549300SHE1JTCOWBP090,STATE EMPLOYEES' CREDIT UNION,9,4,1,0.12,9,0,0,0,0,4,0,0,0,0,yes
2025,TN,47155,Sevier,549300SK2GVCQXPD4S58,"SUN WEST MORTGAGE COMPANY, INC.",7,4,0,0.12,2,2,3,0,0,1,1,2,0,0,yes
2025,TN,47155,Sevier,549300T61O0X0RJMQ375,,4,4,0,0.12,4,0,0,0,0,4,0,0,0,0,yes
2025,TN,47155,Sevier,549300UG7QXKM7KGV847,,6,4,0,0.12,6,0,0,0,0,4,0,0,0,0,yes
2025,TN,47155,Sevier,549300UR5AOWTJJ7KZ64,,11,4,0,0.12,11,0,0,0,0,4,0,0,0,0,yes
2025,TN,47155,Sevier,549300XQ7B5FIVUNFE29,VAN DYK MORTGAGE CORPORATION,4,4,0,0.12,3,1,0,0,0,3,1,0,0,0,yes
2025,TN,47155,Sevier,549300XWUSRVVOHPRY47,Academy Mortgage Corporation,9,4,0,0.12,6,2,1,0,0,3,1,0,0,0,yes
2025,TN,47155,Sevier,549300YN94MOAVYW0F52,"GoodLeap, LLC",12,4,3,0.12,10,1,1,0,0,2,1,1,0,0,yes
2025,TN,47155,Sevier,549300ZWNETGFXTBBY03,,9,4,0,0.12,5,3,1,0,0,4,0,0,0,0,yes
2025,TN,47155,Sevier,8I3UVGYULPJQIP7FQV10,"SouthState Bank, National Association",7,4,1,0.12,7,0,0,0,0,4,0,0,0,0,yes
2025,TN,47155,Sevier,9845006YE04B346EC919,,4,4,0,0.12,2,1,1,0,0,2,1,1,0,0,yes
2025,TN,47155,Sevier,AD6GFRVSDT01YPT1CS68,"PNC Bank, National Association",9,4,2,0.12,9,0,0,0,0,4,0,0,0,0,yes
2025,TN,47155,Sevier,Q7C315HKI8VX0SSKBS64,Cadence Bank,5,4,0,0.12,5,0,0,0,0,4,0,0,0,0,yes
2025,TN,47155,Sevier,T68X8LLAQYRNDV034K14,United Community Bank,5,4,1,0.12,4,0,0,1,0,3,0,0,1,0,yes
2025,TN,47155,Sevier,213800XR2TCBQJSF1X93,,8,3,2,0.09,7,0,1,0,0,2,0,1,0,0,yes
2025,TN,47155,Sevier,2549001XVX1R2ITF6935,,5,3,1,0.09,5,0,0,0,0,3,0,0,0,0,yes
2025,TN,47155,Sevier,2549005FUF02T1IFCA22,,7,3,3,0.09,7,0,0,0,0,3,0,0,0,0,yes
2025,TN,47155,Sevier,2549005SIVTHG14U2905,A&D Mortgage LLC,12,3,2,0.09,12,0,0,0,0,3,0,0,0,0,yes
2025,TN,47155,Sevier,254900CTT87ZKAUTIJ37,,5,3,0,0.09,5,0,0,0,0,3,0,0,0,0,yes
2025,TN,47155,Sevier,254900E6AIE4Z8YQM970,Citadel Servicing Corporation,5,3,2,0.09,5,0,0,0,0,3,0,0,0,0,yes
2025,TN,47155,Sevier,254900GBKSHEUZ4PGG08,,3,3,0,0.09,3,0,0,0,0,3,0,0,0,0,yes
2025,TN,47155,Sevier,254900M2C4Q6DATP2889,,5,3,2,0.09,0,4,1,0,0,0,2,1,0,0,yes
2025,TN,47155,Sevier,254900PVWALA7JTBXA31,WILSON BANK AND TRUST,4,3,0,0.09,4,0,0,0,0,3,0,0,0,0,yes
2025,TN,47155,Sevier,254900RUCO27MVGTO768,LOAN FUNDER LLC,10,3,2,0.09,10,0,0,0,0,3,0,0,0,0,yes
2025,TN,47155,Sevier,254900TTZ395IC926125,,5,3,1,0.09,5,0,0,0,0,3,0,0,0,0,yes
2025,TN,47155,Sevier,549300121SF0K2LN2804,"PRIMELENDING, A PLAINSCAPITAL COMPANY",3,3,0,0.09,3,0,0,0,0,3,0,0,0,0,yes
2025,TN,47155,Sevier,5493002RF1ERFA2XR050,Renasant Bank,5,3,1,0.09,4,0,1,0,0,2,0,1,0,0,yes
2025,TN,47155,Sevier,549300370QILXLFUWD20,"ZILLOW HOME LOANS, LLC",4,3,0,0.09,4,0,0,0,0,3,0,0,0,0,yes
2025,TN,47155,Sevier,5493005PD34O8ZT7QT17,,6,3,0,0.09,6,0,0,0,0,3,0,0,0,0,yes
2025,TN,47155,Sevier,5493005QK4NV0ZZ5EM64,,3,3,0,0.09,3,0,0,0,0,3,0,0,0,0,yes
2025,TN,47155,Sevier,549300BLL6VL7AXWYP56,,5,3,0,0.09,4,1,0,0,0,2,1,0,0,0,yes
2025,TN,47155,Sevier,549300DNWSJUNAWUM003,,3,3,0,0.09,3,0,0,0,0,3,0,0,0,0,yes
2025,TN,47155,Sevier,549300E035FX7XMJ6713,,3,3,0,0.09,3,0,0,0,0,3,0,0,0,0,yes
2025,TN,47155,Sevier,549300EKFFG3BU8DNX74,NEXERA HOLDING LLC,7,3,2,0.09,7,0,0,0,0,3,0,0,0,0,yes
2025,TN,47155,Sevier,549300FX7K8PTEQUU487,PENTAGON FEDERAL CREDIT UNION,8,3,3,0.09,6,0,2,0,0,3,0,0,0,0,yes
2025,TN,47155,Sevier,549300J7I82PNDVU8H22,"OCMBC, INC.",11,3,1,0.09,10,1,0,0,0,2,1,0,0,0,yes
2025,TN,47155,Sevier,549300LROQOOQU77WS20,,12,3,1,0.09,12,0,0,0,0,3,0,0,0,0,yes
2025,TN,47155,Sevier,549300MHH03ICJYEPE85,,7,3,0,0.09,0,7,0,0,0,0,3,0,0,0,yes
2025,TN,47155,Sevier,549300MQEDQYDJR8CP22,,6,3,0,0.09,6,0,0,0,0,3,0,0,0,0,yes
2025,TN,47155,Sevier,549300PQLK8E48ILXV41,,5,3,1,0.09,5,0,0,0,0,3,0,0,0,0,yes
2025,TN,47155,Sevier,549300QWJ3UDIX8KBP64,,6,3,0,0.09,6,0,0,0,0,3,0,0,0,0,yes
2025,TN,47155,Sevier,549300R8VPSFM828B312,TEACHERS FEDERAL CREDIT UNION,3,3,0,0.09,3,0,0,0,0,3,0,0,0,0,yes
2025,TN,47155,Sevier,549300S5YL3OH0IVCS62,FINANCE OF AMERICA REVERSE LLC,4,3,0,0.09,0,4,0,0,0,0,3,0,0,0,yes
2025,TN,47155,Sevier,549300XSS1CPK8G7B851,,3,3,0,0.09,3,0,0,0,0,3,0,0,0,0,yes
2025,TN,47155,Sevier,549300Y5CMBB4R90KT81,,3,3,0,0.09,3,0,0,0,0,3,0,0,0,0,yes
2025,TN,47155,Sevier,984500F03B9034CQB904,,14,3,1,0.09,14,0,0,0,0,3,0,0,0,0,yes
2025,TN,47155,Sevier,C5654JQHZUHN0772B561,USAA Federal Savings Bank,10,3,3,0.09,6,0,4,0,0,1,0,2,0,0,yes
2025,TN,47155,Sevier,2549002VH9C0PKB8K153,,3,2,0,0.06,3,0,0,0,0,2,0,0,0,0,yes
2025,TN,47155,Sevier,2549004XDCE3LGQW7H72,,2,2,0,0.06,2,0,0,0,0,2,0,0,0,0,yes
2025,TN,47155,Sevier,254900DRSIZBQXDCJ875,,2,2,0,0.06,2,0,0,0,0,2,0,0,0,0,yes
2025,TN,47155,Sevier,254900EZRN0CBEP77K34,,2,2,0,0.06,2,0,0,0,0,2,0,0,0,0,yes
2025,TN,47155,Sevier,254900JZN2V0PWFMW808,,4,2,1,0.06,4,0,0,0,0,2,0,0,0,0,yes
2025,TN,47155,Sevier,254900LTD432L5CHIZ48,,3,2,0,0.06,3,0,0,0,0,2,0,0,0,0,yes
2025,TN,47155,Sevier,254900YA1AQXNM8QVZ06,,2,2,0,0.06,2,0,0,0,0,2,0,0,0,0,yes
2025,TN,47155,Sevier,337KMNHEWWWR6B7Q7W10,,2,2,0,0.06,1,1,0,0,0,1,1,0,0,0,yes
2025,TN,47155,Sevier,54930002O9LLXKR6TF11,,2,2,0,0.06,2,0,0,0,0,2,0,0,0,0,yes
2025,TN,47155,Sevier,5493000349C5XXDRQX28,,2,2,0,0.06,2,0,0,0,0,2,0,0,0,0,yes
2025,TN,47155,Sevier,5493001UYBOONMFYPR30,"Legacy Home Loans, LLC",6,2,0,0.06,6,0,0,0,0,2,0,0,0,0,yes
2025,TN,47155,Sevier,5493001WHVQBGRSWEU75,"HOMEBRIDGE FINANCIAL SERVICES, INC.",9,2,6,0.06,7,1,1,0,0,2,0,0,0,0,yes
2025,TN,47155,Sevier,5493001X0T84TYRJ5Y59,,3,2,0,0.06,3,0,0,0,0,2,0,0,0,0,yes
2025,TN,47155,Sevier,54930021DZJ9CEN11D61,,2,2,0,0.06,1,0,1,0,0,1,0,1,0,0,yes
2025,TN,47155,Sevier,54930048P8RWCQHQM310,,3,2,0,0.06,3,0,0,0,0,2,0,0,0,0,yes
2025,TN,47155,Sevier,54930052M48FOD3CWA54,"PRIMARY RESIDENTIAL MORTGAGE, INC.",3,2,0,0.06,2,0,1,0,0,2,0,0,0,0,yes
2025,TN,47155,Sevier,54930054ET8KM4O1D485,"SOFI BANK, NATIONAL ASSOCIATION",15,2,3,0.06,12,2,1,0,0,1,1,0,0,0,yes
2025,TN,47155,Sevier,5493005NU5BA00C1N451,,3,2,0,0.06,2,0,1,0,0,1,0,1,0,0,yes
2025,TN,47155,Sevier,5493007669OVCSCATP45,TENNESSEE VALLEY FCU,2,2,0,0.06,2,0,0,0,0,2,0,0,0,0,yes
2025,TN,47155,Sevier,54930077D8KXQADF5Q23,,2,2,0,0.06,1,1,0,0,0,1,1,0,0,0,yes
2025,TN,47155,Sevier,5493007B7MEWKMDWUZ73,,2,2,0,0.06,2,0,0,0,0,2,0,0,0,0,yes
2025,TN,47155,Sevier,5493008VVXQIDO1EZ460,,2,2,0,0.06,2,0,0,0,0,2,0,0,0,0,yes
2025,TN,47155,Sevier,549300C8GOC4OYUV0Z32,,3,2,0,0.06,3,0,0,0,0,2,0,0,0,0,yes
2025,TN,47155,Sevier,549300CUUEEQ66ZVK149,,4,2,0,0.06,2,2,0,0,0,1,1,0,0,0,yes
2025,TN,47155,Sevier,549300GRGZDEH4ZGQS06,WATERSTONE MORTGAGE CORPORATION,3,2,0,0.06,3,0,0,0,0,2,0,0,0,0,yes
2025,TN,47155,Sevier,549300GTVXJ2PGXNLM73,T2 FINANCIAL LLC,7,2,3,0.06,6,1,0,0,0,2,0,0,0,0,yes
2025,TN,47155,Sevier,549300JGK6WNKYXQ0821,,2,2,0,0.06,2,0,0,0,0,2,0,0,0,0,yes
2025,TN,47155,Sevier,549300K4ZLGS7SRDTL86,Equity Prime Mortgage LLC,6,2,0,0.06,1,4,1,0,0,0,1,1,0,0,yes
2025,TN,47155,Sevier,549300KTR1JGH3K6LU06,FOURLEAF,2,2,0,0.06,2,0,0,0,0,2,0,0,0,0,yes
2025,TN,47155,Sevier,549300LLESTPOVRG3X73,,12,2,2,0.06,12,0,0,0,0,2,0,0,0,0,yes
2025,TN,47155,Sevier,549300LWR6X0ZAV34H19,,2,2,0,0.06,2,0,0,0,0,2,0,0,0,0,yes
2025,TN,47155,Sevier,549300LZUXCJFE5ONM48,,2,2,0,0.06,0,2,0,0,0,0,2,0,0,0,yes
2025,TN,47155,Sevier,549300N1YEXP02MHBR47,,3,2,1,0.06,3,0,0,0,0,2,0,0,0,0,yes
2025,TN,47155,Sevier,549300PKEQ3Q9S0IXW76,,2,2,0,0.06,2,0,0,0,0,2,0,0,0,0,yes
2025,TN,47155,Sevier,549300Q10M1VXBG2H889,,9,2,0,0.06,3,6,0,0,0,0,2,0,0,0,yes
2025,TN,47155,Sevier,549300Q50XCC0473FG63,,2,2,0,0.06,2,0,0,0,0,2,0,0,0,0,yes
2025,TN,47155,Sevier,549300QWWDI5EBFCNL02,,2,2,0,0.06,2,0,0,0,0,2,0,0,0,0,yes
2025,TN,47155,Sevier,549300R0L43GUZ8EW811,,3,2,0,0.06,3,0,0,0,0,2,0,0,0,0,yes
2025,TN,47155,Sevier,549300RYBJHWWDENV610,Alcova Mortgage LLC,3,2,0,0.06,2,1,0,0,0,1,1,0,0,0,yes
2025,TN,47155,Sevier,549300RYTR2RVL4SFJ90,,3,2,1,0.06,3,0,0,0,0,2,0,0,0,0,yes
2025,TN,47155,Sevier,549300SFG15JDKI5MD22,,3,2,1,0.06,3,0,0,0,0,2,0,0,0,0,yes
2025,TN,47155,Sevier,549300T5QSL6MC8M4D04,"NORWICH COMMERCIAL GROUP, INC.",2,2,0,0.06,0,0,2,0,0,0,0,2,0,0,yes
2025,TN,47155,Sevier,549300TA4MQM8WN2XG31,,5,2,0,0.06,5,0,0,0,0,2,0,0,0,0,yes
2025,TN,47155,Sevier,549300TK6RZQSFXZHV09,,3,2,0,0.06,3,0,0,0,0,2,0,0,0,0,yes
2025,TN,47155,Sevier,549300U2ACJ0QKSFKY48,,2,2,0,0.06,2,0,0,0,0,2,0,0,0,0,yes
2025,TN,47155,Sevier,549300UT4EN6IH579Q63,,2,2,0,0.06,2,0,0,0,0,2,0,0,0,0,yes
2025,TN,47155,Sevier,549300UVOSI4XZZGUE14,,4,2,1,0.06,0,4,0,0,0,0,2,0,0,0,yes
2025,TN,47155,Sevier,549300VMX06UV1F7NS76,,3,2,1,0.06,2,1,0,0,0,2,0,0,0,0,yes
2025,TN,47155,Sevier,549300VORTI31GZTJL53,"CARDINAL FINANCIAL COMPANY, LIMITED PARTNERSHIP",6,2,0,0.06,4,1,1,0,0,1,0,1,0,0,yes
2025,TN,47155,Sevier,549300WZWPMDWIL12842,,4,2,0,0.06,4,0,0,0,0,2,0,0,0,0,yes
2025,TN,47155,Sevier,549300YRN588YD6VNJ18,,2,2,0,0.06,2,0,0,0,0,2,0,0,0,0,yes
2025,TN,47155,Sevier,549300ZPDWAT9R7KRW05,,2,2,0,0.06,2,0,0,0,0,2,0,0,0,0,yes
2025,TN,47155,Sevier,CKVBED0S4DMLKJJ5XH28,,3,2,0,0.06,3,0,0,0,0,2,0,0,0,0,yes
2025,TN,47155,Sevier,IUGPUX5LWRZ3B6KIZ697,Ameris Bank,5,2,1,0.06,4,0,1,0,0,1,0,1,0,0,yes
2025,TN,47155,Sevier,S0Q3AHZRL5K6VQE35M07,,4,2,0,0.06,4,0,0,0,0,2,0,0,0,0,yes
2025,TN,47155,Sevier,WWB2V0FCW3A0EE3ZJN75,Manufacturers and Traders Trust Company,3,2,0,0.06,3,0,0,0,0,2,0,0,0,0,yes
2025,TN,47155,Sevier,ZXMJHJK466PBZTM5F379,,3,2,1,0.06,3,0,0,0,0,2,0,0,0,0,yes
2025,TN,47155,Sevier,25490018IFQOT83Q7H49,,1,1,0,0.03,0,0,1,0,0,0,0,1,0,0,yes
2025,TN,47155,Sevier,2549001R6R928Y08SC30,,1,1,0,0.03,1,0,0,0,0,1,0,0,0,0,yes
2025,TN,47155,Sevier,2549004CU9LAM5CYA280,,1,1,0,0.03,1,0,0,0,0,1,0,0,0,0,yes
2025,TN,47155,Sevier,2549004FXPNKCLIN8250,,1,1,0,0.03,1,0,0,0,0,1,0,0,0,0,yes
2025,TN,47155,Sevier,2549004Z576VEJBK3N72,"NQM FUNDING, LLC",3,1,1,0.03,3,0,0,0,0,1,0,0,0,0,yes
2025,TN,47155,Sevier,2549005B6S44QVVMBU11,,1,1,0,0.03,1,0,0,0,0,1,0,0,0,0,yes
2025,TN,47155,Sevier,2549005K0ZG1MFV3R260,Reliable Holdings Manager LLC,1,1,0,0.03,1,0,0,0,0,1,0,0,0,0,yes
2025,TN,47155,Sevier,2549007JQKHU8KQ0FC19,,1,1,0,0.03,1,0,0,0,0,1,0,0,0,0,yes
2025,TN,47155,Sevier,254900ARL5FDX2OOH702,,1,1,0,0.03,1,0,0,0,0,1,0,0,0,0,yes
2025,TN,47155,Sevier,254900DSZI6CJXJL6Z14,,2,1,0,0.03,2,0,0,0,0,1,0,0,0,0,yes
2025,TN,47155,Sevier,254900E9QYJ6OX8QXL76,,1,1,0,0.03,1,0,0,0,0,1,0,0,0,0,yes
2025,TN,47155,Sevier,254900IEGKUDRDS23V26,,1,1,0,0.03,1,0,0,0,0,1,0,0,0,0,yes
2025,TN,47155,Sevier,254900J2RKTTDJSUWD76,,2,1,0,0.03,0,2,0,0,0,0,1,0,0,0,yes
2025,TN,47155,Sevier,254900O28OG3UMHXQY81,,3,1,0,0.03,3,0,0,0,0,1,0,0,0,0,yes
2025,TN,47155,Sevier,254900P7WLDQD9IUL038,Service Federal Credit Union,1,1,0,0.03,1,0,0,0,0,1,0,0,0,0,yes
2025,TN,47155,Sevier,254900QIXIWRRJZY1H73,,1,1,0,0.03,1,0,0,0,0,1,0,0,0,0,yes
2025,TN,47155,Sevier,254900QNIR86GUIRYH95,,2,1,1,0.03,2,0,0,0,0,1,0,0,0,0,yes
2025,TN,47155,Sevier,254900QRD0ZXHH08TX87,,2,1,0,0.03,2,0,0,0,0,1,0,0,0,0,yes
2025,TN,47155,Sevier,254900SG0DG9VHV3LR79,,1,1,0,0.03,1,0,0,0,0,1,0,0,0,0,yes
2025,TN,47155,Sevier,254900T8N4RLS6G3BF64,,1,1,0,0.03,1,0,0,0,0,1,0,0,0,0,yes
2025,TN,47155,Sevier,254900UD8AEXTVCVAF72,,1,1,0,0.03,1,0,0,0,0,1,0,0,0,0,yes
2025,TN,47155,Sevier,254900V6GCDMRQZ34D96,,3,1,0,0.03,3,0,0,0,0,1,0,0,0,0,yes
2025,TN,47155,Sevier,254900WEP08K7U7S3A80,,1,1,0,0.03,0,1,0,0,0,0,1,0,0,0,yes
2025,TN,47155,Sevier,254900WQCRCK13A7DC81,,1,1,0,0.03,1,0,0,0,0,1,0,0,0,0,yes
2025,TN,47155,Sevier,254900WT4HAMDFWH3048,,2,1,0,0.03,0,2,0,0,0,0,1,0,0,0,yes
2025,TN,47155,Sevier,254900YPPMV9UM5FUW09,,1,1,0,0.03,1,0,0,0,0,1,0,0,0,0,yes
2025,TN,47155,Sevier,3Y4U8VZURTYWI1W2K376,,5,1,1,0.03,5,0,0,0,0,1,0,0,0,0,yes
2025,TN,47155,Sevier,54930001NSTOD85LT125,"GUARANTEED RATE AFFINITY, LLC",1,1,0,0.03,0,0,1,0,0,0,0,1,0,0,yes
2025,TN,47155,Sevier,5493000F6NFDOVVZP043,,1,1,0,0.03,1,0,0,0,0,1,0,0,0,0,yes
2025,TN,47155,Sevier,5493000H6DFDDJRORG89,,3,1,0,0.03,2,1,0,0,0,0,1,0,0,0,yes
2025,TN,47155,Sevier,5493000IIYWBLONJVJ30,,1,1,0,0.03,1,0,0,0,0,1,0,0,0,0,yes
2025,TN,47155,Sevier,5493000NYUJT9UC6G261,,1,1,0,0.03,1,0,0,0,0,1,0,0,0,0,yes
2025,TN,47155,Sevier,54930015645SYPOM7220,,1,1,0,0.03,0,1,0,0,0,0,1,0,0,0,yes
2025,TN,47155,Sevier,54930025XJJO3T0M1A92,,2,1,1,0.03,2,0,0,0,0,1,0,0,0,0,yes
2025,TN,47155,Sevier,5493002G4JO4BZ22MC13,,1,1,0,0.03,1,0,0,0,0,1,0,0,0,0,yes
2025,TN,47155,Sevier,5493002GOGIUXB84JB89,,1,1,0,0.03,1,0,0,0,0,1,0,0,0,0,yes
2025,TN,47155,Sevier,5493002HHKWZSFP7AI61,,1,1,0,0.03,1,0,0,0,0,1,0,0,0,0,yes
2025,TN,47155,Sevier,5493002TJKC8NLH1ZP82,,1,1,0,0.03,1,0,0,0,0,1,0,0,0,0,yes
2025,TN,47155,Sevier,54930030Z1JWTP3SVD16,,1,1,0,0.03,0,1,0,0,0,0,1,0,0,0,yes
2025,TN,47155,Sevier,549300323EON4W3CCM44,"RESICENTRAL, LLC",1,1,0,0.03,1,0,0,0,0,1,0,0,0,0,yes
2025,TN,47155,Sevier,54930039UO39UJGI7078,TowneBank,3,1,1,0.03,3,0,0,0,0,1,0,0,0,0,yes
2025,TN,47155,Sevier,5493003NV9L53LK1XI52,,1,1,0,0.03,1,0,0,0,0,1,0,0,0,0,yes
2025,TN,47155,Sevier,54930043BMDE130FJ617,"PROVIDENT FUNDING ASSOCIATES, L.P.",3,1,0,0.03,3,0,0,0,0,1,0,0,0,0,yes
2025,TN,47155,Sevier,54930044OSTKOJMHF287,"Capital Bank, National Association",1,1,0,0.03,1,0,0,0,0,1,0,0,0,0,yes
2025,TN,47155,Sevier,54930046JONFO0FON766,,2,1,0,0.03,2,0,0,0,0,1,0,0,0,0,yes
2025,TN,47155,Sevier,5493005DKMV1IHIM8E20,"Wilmington Savings Fund Society, FSB",1,1,0,0.03,1,0,0,0,0,1,0,0,0,0,yes
2025,TN,47155,Sevier,5493005QMX3SJKDTQZ62,,1,1,0,0.03,1,0,0,0,0,1,0,0,0,0,yes
2025,TN,47155,Sevier,54930060AO2QGPQGPO07,,1,1,0,0.03,1,0,0,0,0,1,0,0,0,0,yes
2025,TN,47155,Sevier,54930065TMWOWFAXBL88,,1,1,0,0.03,1,0,0,0,0,1,0,0,0,0,yes
2025,TN,47155,Sevier,54930080168VA6Z8UX21,TOWER Federal Credit Union,1,1,0,0.03,1,0,0,0,0,1,0,0,0,0,yes
2025,TN,47155,Sevier,54930084WKZ9NTQ0QS94,,1,1,0,0.03,1,0,0,0,0,1,0,0,0,0,yes
2025,TN,47155,Sevier,54930089R5VSN6GVCK47,,1,1,0,0.03,1,0,0,0,0,1,0,0,0,0,yes
2025,TN,47155,Sevier,5493008CPTDVOS570626,"Primary Residential Mortgage, Inc.",3,1,2,0.03,3,0,0,0,0,1,0,0,0,0,yes
2025,TN,47155,Sevier,5493008Q3XBC7O0Q4X02,,1,1,0,0.03,1,0,0,0,0,1,0,0,0,0,yes
2025,TN,47155,Sevier,54930095UWUUXAWASB02,"Atlantic Coast Mortgage, LLC",1,1,0,0.03,0,0,1,0,0,0,0,1,0,0,yes
2025,TN,47155,Sevier,549300AENO88GEUWCZ39,,1,1,0,0.03,1,0,0,0,0,1,0,0,0,0,yes
2025,TN,47155,Sevier,549300AUFLERO59VGC71,,1,1,0,0.03,1,0,0,0,0,1,0,0,0,0,yes
2025,TN,47155,Sevier,549300BEXTNMA3CARO05,,1,1,0,0.03,1,0,0,0,0,1,0,0,0,0,yes
2025,TN,47155,Sevier,549300BG5GYUSWMP2R94,,3,1,2,0.03,3,0,0,0,0,1,0,0,0,0,yes
2025,TN,47155,Sevier,549300BM4NS8HDJT3X28,"INTERCOASTAL MORTGAGE, LLC",5,1,1,0.03,5,0,0,0,0,1,0,0,0,0,yes
2025,TN,47155,Sevier,549300BOXNV8VLRBDT24,,3,1,2,0.03,3,0,0,0,0,1,0,0,0,0,yes
2025,TN,47155,Sevier,549300BXWU32AYWT1A56,,1,1,0,0.03,1,0,0,0,0,1,0,0,0,0,yes
2025,TN,47155,Sevier,549300C3C8C6TSYT1R20,,1,1,0,0.03,1,0,0,0,0,1,0,0,0,0,yes
2025,TN,47155,Sevier,549300C4CKL0HRXJ3085,,1,1,0,0.03,1,0,0,0,0,1,0,0,0,0,yes
2025,TN,47155,Sevier,549300CQMDOXGP2WE649,,1,1,0,0.03,1,0,0,0,0,1,0,0,0,0,yes
2025,TN,47155,Sevier,549300CTISSNREVLNO46,,2,1,0,0.03,2,0,0,0,0,1,0,0,0,0,yes
2025,TN,47155,Sevier,549300CY7WNAHKHYSJ73,,2,1,0,0.03,2,0,0,0,0,1,0,0,0,0,yes
2025,TN,47155,Sevier,549300DE8TS4EYTPX729,"AFFORDABLE MORTGAGE ADVISORS, LLC",1,1,0,0.03,1,0,0,0,0,1,0,0,0,0,yes
2025,TN,47155,Sevier,549300DH8EI64ITBY388,,1,1,0,0.03,1,0,0,0,0,1,0,0,0,0,yes
2025,TN,47155,Sevier,549300DK8GVTLGSA4H75,,1,1,0,0.03,1,0,0,0,0,1,0,0,0,0,yes
2025,TN,47155,Sevier,549300DMYENRV818D594,,1,1,0,0.03,0,1,0,0,0,0,1,0,0,0,yes
2025,TN,47155,Sevier,549300DPRWSBUY619V27,,1,1,0,0.03,1,0,0,0,0,1,0,0,0,0,yes
2025,TN,47155,Sevier,549300E0S1LZYZ9QNX81,,2,1,1,0.03,2,0,0,0,0,1,0,0,0,0,yes
2025,TN,47155,Sevier,549300E1PJPTI4YS7H26,ASCEND FEDERAL CREDIT UNION,2,1,1,0.03,2,0,0,0,0,1,0,0,0,0,yes
2025,TN,47155,Sevier,549300EMGY2NJUW3A749,,1,1,0,0.03,1,0,0,0,0,1,0,0,0,0,yes
2025,TN,47155,Sevier,549300EMNDEK4BA8WB53,EMM LOANS LLC,2,1,0,0.03,0,1,1,0,0,0,0,1,0,0,yes
2025,TN,47155,Sevier,549300EQED7LF41GHV46,,1,1,0,0.03,1,0,0,0,0,1,0,0,0,0,yes
2025,TN,47155,Sevier,549300FOHR7SBPQ7WJ92,,1,1,0,0.03,1,0,0,0,0,1,0,0,0,0,yes
2025,TN,47155,Sevier,549300FOXIQQV5UZD367,"SOUTHERN TRUST MORTGAGE, LLC",1,1,0,0.03,1,0,0,0,0,1,0,0,0,0,yes
2025,TN,47155,Sevier,549300G2EZKPVQQ0D852,,1,1,0,0.03,1,0,0,0,0,1,0,0,0,0,yes
2025,TN,47155,Sevier,549300G4ESSS6M0MEG51,,1,1,0,0.03,1,0,0,0,0,1,0,0,0,0,yes
2025,TN,47155,Sevier,549300G5DVGM0ZHRQC33,,1,1,0,0.03,0,0,1,0,0,0,0,1,0,0,yes
2025,TN,47155,Sevier,549300G5ZQEXZC4Y5G44,,3,1,0,0.03,3,0,0,0,0,1,0,0,0,0,yes
2025,TN,47155,Sevier,549300H8JJI69WD7I525,,1,1,0,0.03,1,0,0,0,0,1,0,0,0,0,yes
2025,TN,47155,Sevier,549300HNMUG8WS7JLL28,,1,1,0,0.03,1,0,0,0,0,1,0,0,0,0,yes
2025,TN,47155,Sevier,549300HVW3AI97UKTO72,,1,1,0,0.03,1,0,0,0,0,1,0,0,0,0,yes
2025,TN,47155,Sevier,549300IFOE4SCP384147,University Bank,3,1,1,0.03,2,1,0,0,0,1,0,0,0,0,yes
2025,TN,47155,Sevier,549300III1DMY3SLAW56,Countybank,2,1,0,0.03,1,0,1,0,0,1,0,0,0,0,yes
2025,TN,47155,Sevier,549300IJ8KTGYPKLXK63,,1,1,0,0.03,1,0,0,0,0,1,0,0,0,0,yes
2025,TN,47155,Sevier,549300IVURCTJ6QVMD67,,1,1,0,0.03,1,0,0,0,0,1,0,0,0,0,yes
2025,TN,47155,Sevier,549300K2JM6ID3V5LO24,,2,1,0,0.03,2,0,0,0,0,1,0,0,0,0,yes
2025,TN,47155,Sevier,549300K6K2IS7FRS7S09,,1,1,0,0.03,1,0,0,0,0,1,0,0,0,0,yes
2025,TN,47155,Sevier,549300K7224BC1IAX207,DHI Mortgage Company Limited,1,1,0,0.03,1,0,0,0,0,1,0,0,0,0,yes
2025,TN,47155,Sevier,549300KHXD7JSQUZIJ22,,1,1,0,0.03,1,0,0,0,0,1,0,0,0,0,yes
2025,TN,47155,Sevier,549300KR4ZW8KJC82O47,,1,1,0,0.03,1,0,0,0,0,1,0,0,0,0,yes
2025,TN,47155,Sevier,549300KW3HYVC06WS898,,2,1,0,0.03,2,0,0,0,0,1,0,0,0,0,yes
2025,TN,47155,Sevier,549300LCT0EFT83E5873,,3,1,0,0.03,3,0,0,0,0,1,0,0,0,0,yes
2025,TN,47155,Sevier,549300LPT41QBMAC7948,,1,1,0,0.03,1,0,0,0,0,1,0,0,0,0,yes
2025,TN,47155,Sevier,549300MD1OK70DH5EZ47,,1,1,0,0.03,1,0,0,0,0,1,0,0,0,0,yes
2025,TN,47155,Sevier,549300MGJ0J02F6KDW38,,1,1,0,0.03,1,0,0,0,0,1,0,0,0,0,yes
2025,TN,47155,Sevier,549300NBFK4GO76FTE84,,2,1,0,0.03,2,0,0,0,0,1,0,0,0,0,yes
2025,TN,47155,Sevier,549300NN0PRX3I4QGG46,,1,1,0,0.03,0,0,1,0,0,0,0,1,0,0,yes
2025,TN,47155,Sevier,549300O6Z0I6KYMESL47,AMWEST FUNDING CORP.,2,1,0,0.03,1,0,1,0,0,0,0,1,0,0,yes
2025,TN,47155,Sevier,549300OHIEQGELZVJP60,,1,1,0,0.03,1,0,0,0,0,1,0,0,0,0,yes
2025,TN,47155,Sevier,549300OULGV8ZW0JV320,,1,1,0,0.03,1,0,0,0,0,1,0,0,0,0,yes
2025,TN,47155,Sevier,549300OVUSU8E87XZV67,,2,1,0,0.03,2,0,0,0,0,1,0,0,0,0,yes
2025,TN,47155,Sevier,549300OYEKEORA1GI088,,1,1,0,0.03,0,0,1,0,0,0,0,1,0,0,yes
2025,TN,47155,Sevier,549300PEWJWBNEOSS013,,3,1,1,0.03,2,0,0,1,0,0,0,0,1,0,yes
2025,TN,47155,Sevier,549300POCKENHFN8BN88,,1,1,0,0.03,1,0,0,0,0,1,0,0,0,0,yes
2025,TN,47155,Sevier,549300Q02LGIN9AXKP98,,1,1,0,0.03,1,0,0,0,0,1,0,0,0,0,yes
2025,TN,47155,Sevier,549300Q4JBLTKDC7J303,,1,1,0,0.03,1,0,0,0,0,1,0,0,0,0,yes
2025,TN,47155,Sevier,549300QAJ2SD5X8T7X10,,1,1,0,0.03,1,0,0,0,0,1,0,0,0,0,yes
2025,TN,47155,Sevier,549300QIUZLVR1OLDH55,,1,1,0,0.03,1,0,0,0,0,1,0,0,0,0,yes
2025,TN,47155,Sevier,549300R7HGHP2I754087,TOWNE MORTGAGE COMPANY,2,1,0,0.03,1,0,0,1,0,1,0,0,0,0,yes
2025,TN,47155,Sevier,549300RD5IG88VPO6P22,,2,1,0,0.03,2,0,0,0,0,1,0,0,0,0,yes
2025,TN,47155,Sevier,549300RM1IZYGQDSNL85,,1,1,0,0.03,1,0,0,0,0,1,0,0,0,0,yes
2025,TN,47155,Sevier,549300RP3DLR09NF6157,,2,1,0,0.03,2,0,0,0,0,1,0,0,0,0,yes
2025,TN,47155,Sevier,549300SC9Z72JZIKY819,,1,1,0,0.03,1,0,0,0,0,1,0,0,0,0,yes
2025,TN,47155,Sevier,549300SY0ZRUCS4CSY07,,2,1,0,0.03,2,0,0,0,0,1,0,0,0,0,yes
2025,TN,47155,Sevier,549300T3MSPBPSPZLR85,,1,1,0,0.03,1,0,0,0,0,1,0,0,0,0,yes
2025,TN,47155,Sevier,549300TNGC371911XJ76,,1,1,0,0.03,1,0,0,0,0,1,0,0,0,0,yes
2025,TN,47155,Sevier,549300UPB8ITF7B1GI03,,1,1,0,0.03,1,0,0,0,0,1,0,0,0,0,yes
2025,TN,47155,Sevier,549300UV5JQXLGVWIP44,,1,1,0,0.03,1,0,0,0,0,1,0,0,0,0,yes
2025,TN,47155,Sevier,549300V3N91EH05UWL23,,1,1,0,0.03,1,0,0,0,0,1,0,0,0,0,yes
2025,TN,47155,Sevier,549300VCMRO4ST680C11,VILLAGE CAPITAL & INVESTMENT LLC,8,1,1,0.03,0,1,7,0,0,0,0,1,0,0,yes
2025,TN,47155,Sevier,549300VTVP64BKEO3L58,,1,1,0,0.03,1,0,0,0,0,1,0,0,0,0,yes
2025,TN,47155,Sevier,549300W1HU6IVVIEJ389,,1,1,0,0.03,0,1,0,0,0,0,1,0,0,0,yes
2025,TN,47155,Sevier,549300W20M87S246SZ26,,1,1,0,0.03,1,0,0,0,0,1,0,0,0,0,yes
2025,TN,47155,Sevier,549300W6GQTN13GWDQ17,,2,1,0,0.03,2,0,0,0,0,1,0,0,0,0,yes
2025,TN,47155,Sevier,549300WIE2SKOKI8PF63,,2,1,0,0.03,2,0,0,0,0,1,0,0,0,0,yes
2025,TN,47155,Sevier,549300XCVBRR56D08F03,,10,1,0,0.03,7,3,0,0,0,1,0,0,0,0,yes
2025,TN,47155,Sevier,549300XPGZ2ODNN94697,,1,1,0,0.03,1,0,0,0,0,1,0,0,0,0,yes
2025,TN,47155,Sevier,549300XYX207IABFXL60,,1,1,0,0.03,1,0,0,0,0,1,0,0,0,0,yes
2025,TN,47155,Sevier,549300YD7XJM19TH5O82,,1,1,0,0.03,1,0,0,0,0,1,0,0,0,0,yes
2025,TN,47155,Sevier,549300YM15OICCNPH537,,1,1,0,0.03,1,0,0,0,0,1,0,0,0,0,yes
2025,TN,47155,Sevier,549300YNUT7D0FWKU636,,1,1,0,0.03,1,0,0,0,0,1,0,0,0,0,yes
2025,TN,47155,Sevier,549300ZIQ24V0C88AC41,GTE Federal Credit Union,3,1,1,0.03,3,0,0,0,0,1,0,0,0,0,yes
2025,TN,47155,Sevier,549300ZZME37MXI1EF14,,2,1,1,0.03,2,0,0,0,0,1,0,0,0,0,yes
2025,TN,47155,Sevier,875500CPQ9Z7QEFE5G90,,2,1,1,0.03,2,0,0,0,0,1,0,0,0,0,yes
2025,TN,47155,Sevier,894500CFQPXSLHK0OK52,New Story Lending LLC,1,1,0,0.03,1,0,0,0,0,1,0,0,0,0,yes
2025,TN,47155,Sevier,894500QC0C65HO7V5165,,1,1,0,0.03,1,0,0,0,0,1,0,0,0,0,yes
2025,TN,47155,Sevier,98450087981AP406JG03,,1,1,0,0.03,1,0,0,0,0,1,0,0,0,0,yes
2025,TN,47155,Sevier,C398JSK21YCXWM603F55,,3,1,0,0.03,3,0,0,0,0,1,0,0,0,0,yes
2025,TN,47155,Sevier,DX0JX77PRMOELF7VG772,Synovus Bank,1,1,0,0.03,1,0,0,0,0,1,0,0,0,0,yes
2025,TN,47155,Sevier,N8T7HW55LK5D2ORCKP39,First National Bank of Pennsylvania,1,1,0,0.03,1,0,0,0,0,1,0,0,0,0,yes
2025,TN,47155,Sevier,SS1TRMSN6BRNMOREEV51,"Flagstar Bank, National Association",2,1,1,0.03,2,0,0,0,0,1,0,0,0,0,yes
2025,TN,47155,Sevier,X6T32LKEPUT8LQMW6755,,1,1,0,0.03,1,0,0,0,0,1,0,0,0,0,yes
2025,TN,47155,Sevier,54930091JQKCU3Z6IP44,,22,0,7,0.0,22,0,0,0,0,0,0,0,0,0,yes
2025,TN,47155,Sevier,549300A5HHOL2ED18C72,,7,0,2,0.0,5,2,0,0,0,0,0,0,0,0,yes
2025,TN,47155,Sevier,549300ALNLUNS3Y53T24,,5,0,3,0.0,2,2,1,0,0,0,0,0,0,0,yes
2025,TN,47155,Sevier,549300B4IYL7TZT8FA34,,6,0,0,0.0,4,2,0,0,0,0,0,0,0,0,yes
2025,TN,47155,Sevier,549300CB67L6KPJLHE19,"TRIAD FINANCIAL SERVICES, INC.",21,0,16,0.0,21,0,0,0,0,0,0,0,0,0,yes
2025,TN,47155,Sevier,549300Q3ROEQU3D1IW91,,15,0,12,0.0,15,0,0,0,0,0,0,0,0,0,yes
2025,TN,47155,Sevier,549300ZCR1XCLNEEI724,,9,0,4,0.0,9,0,0,0,0,0,0,0,0,0,yes
2025,TN,47155,Sevier,9845001DAE89414CBB55,,8,0,6,0.0,8,0,0,0,0,0,0,0,0,0,yes
2025,TN,47157,Shelby,549300FGXN1K3HLB1R50,"Rocket Mortgage, LLC",1300,838,300,5.76,854,319,127,0,0,594,171,73,0,0,yes
2025,TN,47157,Shelby,549300CDOC4F7XSRG390,Pinnacle Bank,1049,767,110,5.27,985,48,16,0,0,722,32,13,0,0,yes
2025,TN,47157,Shelby,549300HW662MN1WU8550,"United Wholesale Mortgage, LLC",955,640,171,4.4,394,345,216,0,0,272,209,159,0,0,yes
2025,TN,47157,Shelby,549300IJ8KTGYPKLXK63,,694,563,16,3.87,429,214,50,1,0,352,172,38,1,0,yes
2025,TN,47157,Shelby,EQTWLK1G7ODGC2MGLV11,Regions Bank,1591,546,779,3.75,1511,73,5,2,0,520,23,2,1,0,yes
2025,TN,47157,Shelby,Q7C315HKI8VX0SSKBS64,Cadence Bank,752,537,124,3.69,680,56,16,0,0,491,35,11,0,0,yes
2025,TN,47157,Shelby,COOWI3L2W9TPYR3WJX37,First Horizon Bank,865,463,314,3.18,836,23,6,0,0,446,14,3,0,0,yes
2025,TN,47157,Shelby,549300U3721PJGQZYY68,Nationstar Mortgage LLC,546,331,32,2.28,289,208,49,0,0,162,138,31,0,0,yes
2025,TN,47157,Shelby,549300VZVN841I2ILS84,Freedom Mortgage Corporation,460,296,20,2.04,275,155,28,2,0,201,78,16,1,0,yes
2025,TN,47157,Shelby,549300KM0M1BH7LBWW77,,368,287,26,1.97,265,81,21,1,0,208,63,15,1,0,yes
2025,TN,47157,Shelby,5493003GQDUH26DNNH17,Navy Federal Credit Union,759,286,221,1.97,632,0,127,0,0,224,0,62,0,0,yes
2025,TN,47157,Shelby,01J4SO3XTWZF4PP38209,,410,255,98,1.75,325,77,7,1,0,212,36,6,1,0,yes
2025,TN,47157,Shelby,254900U2ZPLWQTSD3158,,329,250,10,1.72,283,42,4,0,0,222,28,0,0,0,yes
2025,TN,47157,Shelby,5493002RF1ERFA2XR050,Renasant Bank,333,239,28,1.64,280,46,6,1,0,203,31,5,0,0,yes
2025,TN,47157,Shelby,5493006VAGP3GQ8FJT49,"Kiavi Funding, Inc.",398,217,40,1.49,398,0,0,0,0,217,0,0,0,0,yes
2025,TN,47157,Shelby,549300LYRWPSYPK6S325,Guild Mortgage Company LLC,495,215,41,1.48,46,249,200,0,0,14,100,101,0,0,yes
2025,TN,47157,Shelby,549300DD5QQUHO6PCH70,"Movement Mortgage, LLC",460,210,104,1.44,43,27,390,0,0,6,9,195,0,0,yes
2025,TN,47157,Shelby,5493001EXVWX6Q13MY44,,471,206,191,1.42,471,0,0,0,0,206,0,0,0,0,yes
2025,TN,47157,Shelby,254900FJRICL380R4T46,Leaders Credit Union,297,205,28,1.41,240,40,16,1,0,163,28,13,1,0,yes
2025,TN,47157,Shelby,549300VNBQD8FDHF7563,"MORTGAGE INVESTORS GROUP, INC.",239,187,4,1.29,156,71,10,2,0,120,57,8,2,0,yes
2025,TN,47157,Shelby,549300CRSE0TY73U6X46,,225,172,5,1.18,134,85,5,1,0,99,68,4,1,0,yes
2025,TN,47157,Shelby,549300K2JM6ID3V5LO24,,313,171,76,1.18,304,8,1,0,0,164,6,1,0,0,yes
2025,TN,47157,Shelby,RVDPPPGHCGZ40J4VQ731,Fairway Independent Mortgage Corporation,469,170,44,1.17,157,206,106,0,0,61,77,32,0,0,yes
2025,TN,47157,Shelby,549300BEXTNMA3CARO05,,182,162,2,1.11,177,2,3,0,0,159,1,2,0,0,yes
2025,TN,47157,Shelby,B4TYDEB6GKMZO031MB27,"Guaranteed Rate, Inc.",567,162,279,1.11,562,5,0,0,0,157,5,0,0,0,yes
2025,TN,47157,Shelby,549300DPRWSBUY619V27,,251,155,63,1.07,233,16,2,0,0,141,12,2,0,0,yes
2025,TN,47157,Shelby,JJKC32MCHWDI71265Z06,Truist Bank,412,149,200,1.02,402,8,2,0,0,143,4,2,0,0,yes
2025,TN,47157,Shelby,549300IRXW9RSZM2B951,,191,145,11,1.0,122,52,17,0,0,92,41,12,0,0,yes
2025,TN,47157,Shelby,549300E2UX99HKDBR481,"Broker Solutions, Inc.",372,139,39,0.96,131,220,21,0,0,51,81,7,0,0,yes
2025,TN,47157,Shelby,5493005PD34O8ZT7QT17,,181,125,24,0.86,181,0,0,0,0,125,0,0,0,0,yes
2025,TN,47157,Shelby,549300LBCBNR1OT00651,NATIONSTAR MORTGAGE LLC,197,125,35,0.86,155,28,14,0,0,98,19,8,0,0,yes
2025,TN,47157,Shelby,549300AG64NHILB7ZP05,"PennyMac Loan Services, LLC",214,124,61,0.85,90,96,28,0,0,64,43,17,0,0,yes
2025,TN,47157,Shelby,549300FNXYY540N23N64,Newrez LLC,491,112,138,0.77,257,157,77,0,0,55,23,34,0,0,yes
2025,TN,47157,Shelby,7H6GLXDRUGQFU57RNE97,"JPMorgan Chase Bank, National Association",181,105,22,0.72,171,7,3,0,0,104,1,0,0,0,yes
2025,TN,47157,Shelby,549300P3JUY6QMZ8DY86,,113,100,11,0.69,113,0,0,0,0,100,0,0,0,0,yes
2025,TN,47157,Shelby,254900RUCO27MVGTO768,LOAN FUNDER LLC,188,96,24,0.66,188,0,0,0,0,96,0,0,0,0,yes
2025,TN,47157,Shelby,549300XWUSRVVOHPRY47,Academy Mortgage Corporation,153,96,5,0.66,104,39,10,0,0,64,23,9,0,0,yes
2025,TN,47157,Shelby,54930043BMDE130FJ617,"PROVIDENT FUNDING ASSOCIATES, L.P.",121,94,2,0.65,121,0,0,0,0,94,0,0,0,0,yes
2025,TN,47157,Shelby,549300TGWKRP2P13MO72,,98,85,3,0.58,98,0,0,0,0,85,0,0,0,0,yes
2025,TN,47157,Shelby,549300R0SXC1JU7ZU290,"FIRST COMMUNITY MORTGAGE, INC.",127,84,16,0.58,58,58,10,1,0,41,35,7,1,0,yes
2025,TN,47157,Shelby,254900FBWEZ3YUPOBN33,,105,83,13,0.57,105,0,0,0,0,83,0,0,0,0,yes
2025,TN,47157,Shelby,549300RBN5KM5RUFOE42,,101,80,5,0.55,81,14,6,0,0,66,9,5,0,0,yes
2025,TN,47157,Shelby,549300DU662K57XBSH20,,126,76,24,0.52,126,0,0,0,0,76,0,0,0,0,yes
2025,TN,47157,Shelby,5493001SXWZ4OFP8Z903,"CrossCountry Mortgage, LLC",124,75,14,0.52,25,45,54,0,0,14,20,41,0,0,yes
2025,TN,47157,Shelby,549300OGIGNKGO2DX942,,104,73,10,0.5,104,0,0,0,0,73,0,0,0,0,yes
2025,TN,47157,Shelby,549300YN94MOAVYW0F52,"GoodLeap, LLC",151,71,38,0.49,89,58,4,0,0,49,22,0,0,0,yes
2025,TN,47157,Shelby,254900CTT87ZKAUTIJ37,,107,70,15,0.48,107,0,0,0,0,70,0,0,0,0,yes
2025,TN,47157,Shelby,549300AQ3T62GXDU7D76,Ally Bank,110,70,7,0.48,83,21,6,0,0,52,14,4,0,0,yes
2025,TN,47157,Shelby,549300YIQ7S7Z8PIHE53,AMERISAVE MORTGAGE CORPORATION,393,70,280,0.48,220,146,27,0,0,49,17,4,0,0,yes
2025,TN,47157,Shelby,549300QR0KFPEDZPEI42,,123,69,14,0.47,50,61,11,1,0,29,34,6,0,0,yes
2025,TN,47157,Shelby,5493001GCBD5XGNIC815,Coastal Community Bank,294,66,7,0.45,294,0,0,0,0,66,0,0,0,0,yes
2025,TN,47157,Shelby,5493004VB8XJ1L0EOO76,,78,64,4,0.44,78,0,0,0,0,64,0,0,0,0,yes
2025,TN,47157,Shelby,254900UL88QFG0E40516,FIGURE LENDING LLC,148,63,48,0.43,148,0,0,0,0,63,0,0,0,0,yes
2025,TN,47157,Shelby,549300OPCWU6E72WUT29,"MUTUAL OF OMAHA MORTGAGE, INC.",118,61,24,0.42,51,51,16,0,0,33,19,9,0,0,yes
2025,TN,47157,Shelby,DRMSV1Q0EKMEXLAU1P80,"Citizens Bank, National Association",104,61,33,0.42,100,3,1,0,0,58,2,1,0,0,yes
2025,TN,47157,Shelby,5493005QK4NV0ZZ5EM64,,74,60,7,0.41,72,2,0,0,0,58,2,0,0,0,yes
2025,TN,47157,Shelby,549300121SF0K2LN2804,"PRIMELENDING, A PLAINSCAPITAL COMPANY",75,56,7,0.39,38,29,8,0,0,30,19,7,0,0,yes
2025,TN,47157,Shelby,KB1H1DSPRFMYMCUFXT09,"Wells Fargo Bank, National Association",120,56,24,0.39,98,18,4,0,0,49,6,1,0,0,yes
2025,TN,47157,Shelby,549300R9S3MVDV4MGF56,"CARRINGTON MORTGAGE SERVICES, LLC",216,55,114,0.38,82,111,23,0,0,15,29,11,0,0,yes
2025,TN,47157,Shelby,984500U2F9A83N391A91,"CHAMPIONS FUNDING, LLC",123,55,35,0.38,123,0,0,0,0,55,0,0,0,0,yes
2025,TN,47157,Shelby,549300ZPSJZO10ZAX556,"AMERICAN HERITAGE LENDING, LLC",80,54,2,0.37,80,0,0,0,0,54,0,0,0,0,yes
2025,TN,47157,Shelby,549300PIL8LFAQ04XC20,Better Mortgage Corporation,165,53,79,0.36,165,0,0,0,0,53,0,0,0,0,yes
2025,TN,47157,Shelby,549300RZFHIGIM84KN09,,79,52,10,0.36,76,1,2,0,0,49,1,2,0,0,yes
2025,TN,47157,Shelby,6BYL5QZYBDK8S7L73M02,U.S. Bank National Association,138,51,58,0.35,129,4,5,0,0,47,1,3,0,0,yes
2025,TN,47157,Shelby,254900WEP08K7U7S3A80,,57,50,3,0.34,17,37,3,0,0,16,32,2,0,0,yes
2025,TN,47157,Shelby,5493003QDHMW1W0GEH16,,90,50,4,0.34,86,3,1,0,0,49,0,1,0,0,yes
2025,TN,47157,Shelby,549300O6Z0I6KYMESL47,AMWEST FUNDING CORP.,65,46,1,0.32,64,1,0,0,0,46,0,0,0,0,yes
2025,TN,47157,Shelby,549300PXIFIEPL7D7R86,,52,45,1,0.31,32,13,7,0,0,27,11,7,0,0,yes
2025,TN,47157,Shelby,549300KIOYNU323LVJ37,AMERICAN PACIFIC MORTGAGE CORPORATION,63,44,10,0.3,23,35,5,0,0,15,25,4,0,0,yes
2025,TN,47157,Shelby,549300K4ZLGS7SRDTL86,Equity Prime Mortgage LLC,121,42,18,0.29,6,95,20,0,0,1,35,6,0,0,yes
2025,TN,47157,Shelby,549300PGV74J5SPHTG47,,42,42,0,0.29,42,0,0,0,0,42,0,0,0,0,yes
2025,TN,47157,Shelby,5493008Q3XBC7O0Q4X02,,70,41,26,0.28,63,5,2,0,0,39,1,1,0,0,yes
2025,TN,47157,Shelby,549300Y5Y88FQLI7VE83,DEEPHAVEN MORTGAGE LLC,78,41,28,0.28,78,0,0,0,0,41,0,0,0,0,yes
2025,TN,47157,Shelby,5493005XMJQ1GSXUGT67,,84,40,5,0.28,48,23,11,2,0,24,10,5,1,0,yes
2025,TN,47157,Shelby,549300RPOGWJRH63HS39,UNION HOME MORTGAGE CORP.,48,40,1,0.28,28,14,6,0,0,25,10,5,0,0,yes
2025,TN,47157,Shelby,5493009F6BJDCZMZ7Y26,,55,38,0,0.26,33,21,1,0,0,22,16,0,0,0,yes
2025,TN,47157,Shelby,549300GKFNPRWNS0GF29,"AmeriHome Mortgage Company, LLC",60,37,1,0.25,38,10,12,0,0,22,5,10,0,0,yes
2025,TN,47157,Shelby,549300SK2GVCQXPD4S58,"SUN WEST MORTGAGE COMPANY, INC.",64,36,8,0.25,16,37,11,0,0,10,21,5,0,0,yes
2025,TN,47157,Shelby,2549001SI0EMFPT39035,"Cornerstone First Mortgage, Inc",60,35,2,0.24,32,24,4,0,0,14,17,4,0,0,yes
2025,TN,47157,Shelby,25490066WMF8ZMQXQB18,"Lendage, LLC",47,32,5,0.22,47,0,0,0,0,32,0,0,0,0,yes
2025,TN,47157,Shelby,54930091JQKCU3Z6IP44,,177,32,30,0.22,177,0,0,0,0,32,0,0,0,0,yes
2025,TN,47157,Shelby,549300GTVXJ2PGXNLM73,T2 FINANCIAL LLC,46,32,3,0.22,9,29,8,0,0,7,19,6,0,0,yes
2025,TN,47157,Shelby,54930054ET8KM4O1D485,"SOFI BANK, NATIONAL ASSOCIATION",116,31,10,0.21,104,7,5,0,0,25,4,2,0,0,yes
2025,TN,47157,Shelby,5493007B7MEWKMDWUZ73,,40,31,5,0.21,37,3,0,0,0,28,3,0,0,0,yes
2025,TN,47157,Shelby,549300RFLICNI75BG067,Luminate Bank,46,31,1,0.21,31,13,2,0,0,21,10,0,0,0,yes
2025,TN,47157,Shelby,254900ZFWS2106HWPH46,"PARAMOUNT RESIDENTIAL MORTGAGE GROUP, INC.",65,30,5,0.21,24,39,2,0,0,11,18,1,0,0,yes
2025,TN,47157,Shelby,549300R77W0P105C3S50,HOMEXPRESS MORTGAGE CORP.,76,30,45,0.21,75,1,0,0,0,30,0,0,0,0,yes
2025,TN,47157,Shelby,C5654JQHZUHN0772B561,USAA Federal Savings Bank,67,30,18,0.21,27,0,40,0,0,11,0,19,0,0,yes
2025,TN,47157,Shelby,549300VORTI31GZTJL53,"CARDINAL FINANCIAL COMPANY, LIMITED PARTNERSHIP",42,29,4,0.2,21,20,1,0,0,15,13,1,0,0,yes
2025,TN,47157,Shelby,549300ZGTXNHL5BKQZ27,,39,29,1,0.2,7,29,3,0,0,3,24,2,0,0,yes
2025,TN,47157,Shelby,5493004AS1SPBQOFDR49,"Change Lending, LLC",54,28,8,0.19,52,1,1,0,0,27,0,1,0,0,yes
2025,TN,47157,Shelby,549300B4IYL7TZT8FA34,,50,28,6,0.19,23,24,3,0,0,11,14,3,0,0,yes
2025,TN,47157,Shelby,549300J7I82PNDVU8H22,"OCMBC, INC.",62,28,8,0.19,58,4,0,0,0,28,0,0,0,0,yes
2025,TN,47157,Shelby,549300OBO7DOF2KOP535,FirstBank,37,28,3,0.19,26,9,2,0,0,19,7,2,0,0,yes
2025,TN,47157,Shelby,549300RA3E0BUFO7YZ21,"Hometown Equity Mortgage, LLC",59,27,31,0.19,41,17,1,0,0,15,11,1,0,0,yes
2025,TN,47157,Shelby,549300TA4MQM8WN2XG31,,45,27,0,0.19,45,0,0,0,0,27,0,0,0,0,yes
2025,TN,47157,Shelby,549300NOCASXPA34X033,"LAKEVIEW LOAN SERVICING, LLC",103,26,50,0.18,18,56,29,0,0,4,14,8,0,0,yes
2025,TN,47157,Shelby,549300XY701IELCE5Q08,BETTER MORTGAGE CORPORATION,101,26,28,0.18,83,17,1,0,0,23,3,0,0,0,yes
2025,TN,47157,Shelby,PAOOWF3GUFM46FBSP561,,89,26,7,0.18,49,26,14,0,0,15,5,6,0,0,yes
2025,TN,47157,Shelby,54930049L5WINET09Q97,"CLICK N' CLOSE, INC.",44,24,3,0.17,24,20,0,0,0,13,11,0,0,0,yes
2025,TN,47157,Shelby,5493006P5IHSK77SZ855,,37,24,3,0.17,15,22,0,0,0,7,17,0,0,0,yes
2025,TN,47157,Shelby,549300SUCQ1358EGVE89,"NEW DAY FINANCIAL, LLC",149,24,37,0.17,0,3,146,0,0,0,0,24,0,0,yes
2025,TN,47157,Shelby,984500F6E6940CCB6A60,,46,24,6,0.17,46,0,0,0,0,24,0,0,0,0,yes
2025,TN,47157,Shelby,X05BVSK68TQ7YTOSNR22,Discover Bank,149,24,77,0.17,149,0,0,0,0,24,0,0,0,0,yes
2025,TN,47157,Shelby,5493002B2WMHY23GFK92,"AMERICAN FINANCIAL RESOURCES, INC.",39,23,4,0.16,9,26,4,0,0,8,13,2,0,0,yes
2025,TN,47157,Shelby,5493008CPTDVOS570626,"Primary Residential Mortgage, Inc.",42,23,9,0.16,42,0,0,0,0,23,0,0,0,0,yes
2025,TN,47157,Shelby,549300MZ8VZJOVC63092,"KIND LENDING, LLC",47,23,13,0.16,35,6,6,0,0,17,3,3,0,0,yes
2025,TN,47157,Shelby,5493001WHVQBGRSWEU75,"HOMEBRIDGE FINANCIAL SERVICES, INC.",39,22,10,0.15,31,5,3,0,0,20,1,1,0,0,yes
2025,TN,47157,Shelby,549300YW2UBCMDRMBT48,,25,22,0,0.15,9,12,4,0,0,9,9,4,0,0,yes
2025,TN,47157,Shelby,AD6GFRVSDT01YPT1CS68,"PNC Bank, National Association",50,22,10,0.15,49,1,0,0,0,22,0,0,0,0,yes
2025,TN,47157,Shelby,2549001R901BOUXDJQ68,,23,21,0,0.14,23,0,0,0,0,21,0,0,0,0,yes
2025,TN,47157,Shelby,254900DTLHVWQ7NP7R34,"CMG Mortgage, Inc.",45,21,7,0.14,42,3,0,0,0,20,1,0,0,0,yes
2025,TN,47157,Shelby,5493008NWHQT1R22C024,"AMERICAN FINANCIAL NETWORK, INC.",45,20,8,0.14,14,22,9,0,0,3,9,8,0,0,yes
2025,TN,47157,Shelby,549300R7HGHP2I754087,TOWNE MORTGAGE COMPANY,27,20,2,0.14,8,13,6,0,0,5,10,5,0,0,yes
2025,TN,47157,Shelby,549300UG7QXKM7KGV847,,36,20,11,0.14,28,8,0,0,0,17,3,0,0,0,yes
2025,TN,47157,Shelby,254900HA4DQWAE0W3342,"AMERIHOME MORTGAGE COMPANY, LLC",40,19,5,0.13,3,29,8,0,0,2,14,3,0,0,yes
2025,TN,47157,Shelby,549300VCMRO4ST680C11,VILLAGE CAPITAL & INVESTMENT LLC,93,19,27,0.13,0,37,56,0,0,0,6,13,0,0,yes
2025,TN,47157,Shelby,549300VQUTI5IU7GXT57,,47,19,7,0.13,35,10,2,0,0,12,5,2,0,0,yes
2025,TN,47157,Shelby,54930021WPEXNHYZUL09,"PLANET HOME LENDING, LLC",28,18,7,0.12,2,15,11,0,0,0,11,7,0,0,yes
2025,TN,47157,Shelby,549300370QILXLFUWD20,"ZILLOW HOME LOANS, LLC",25,18,1,0.12,14,11,0,0,0,10,8,0,0,0,yes
2025,TN,47157,Shelby,5493005PKOSG7MYX0B34,"Prosperity Home Mortgage, LLC",27,18,3,0.12,9,13,5,0,0,8,7,3,0,0,yes
2025,TN,47157,Shelby,549300C8GOC4OYUV0Z32,,40,18,0,0.12,40,0,0,0,0,18,0,0,0,0,yes
2025,TN,47157,Shelby,549300FX7K8PTEQUU487,PENTAGON FEDERAL CREDIT UNION,41,17,13,0.12,33,4,4,0,0,13,3,1,0,0,yes
2025,TN,47157,Shelby,5493001XKL0FTNOJ0866,,22,16,0,0.11,21,1,0,0,0,16,0,0,0,0,yes
2025,TN,47157,Shelby,549300KSOOZZVXCMA627,ANGEL OAK MORTGAGE SOLUTIONS LLC,31,16,2,0.11,31,0,0,0,0,16,0,0,0,0,yes
2025,TN,47157,Shelby,549300XSS1CPK8G7B851,,17,16,1,0.11,17,0,0,0,0,16,0,0,0,0,yes
2025,TN,47157,Shelby,98450087981AP406JG03,,16,16,0,0.11,16,0,0,0,0,16,0,0,0,0,yes
2025,TN,47157,Shelby,CKVBED0S4DMLKJJ5XH28,,20,16,0,0.11,20,0,0,0,0,16,0,0,0,0,yes
2025,TN,47157,Shelby,549300BLL6VL7AXWYP56,,26,15,0,0.1,20,6,0,0,0,11,4,0,0,0,yes
2025,TN,47157,Shelby,549300JQEF6V2RNWCC75,,34,15,2,0.1,30,3,1,0,0,14,1,0,0,0,yes
2025,TN,47157,Shelby,549300QFP6J5QSZVF805,,17,15,0,0.1,16,0,1,0,0,14,0,1,0,0,yes
2025,TN,47157,Shelby,2549007JQKHU8KQ0FC19,,18,14,0,0.1,9,6,3,0,0,6,6,2,0,0,yes
2025,TN,47157,Shelby,254900M2C4Q6DATP2889,,37,14,5,0.1,3,21,13,0,0,2,8,4,0,0,yes
2025,TN,47157,Shelby,549300GY4NTTEM7WWB64,,17,14,0,0.1,6,9,2,0,0,4,8,2,0,0,yes
2025,TN,47157,Shelby,549300MCIFZSDHUT8X63,"NFM, INC.",22,14,3,0.1,20,2,0,0,0,12,2,0,0,0,yes
2025,TN,47157,Shelby,549300UHLXT004ITEJ56,,14,14,0,0.1,14,0,0,0,0,14,0,0,0,0,yes
2025,TN,47157,Shelby,549300KQHWNSVCE2MY88,,25,13,1,0.09,25,0,0,0,0,13,0,0,0,0,yes
2025,TN,47157,Shelby,549300MGPZBLQDIL7538,"PrimeLending, a PlainsCapital Company",19,13,0,0.09,10,8,1,0,0,6,6,1,0,0,yes
2025,TN,47157,Shelby,549300PBTV7FCWLSMM53,,22,13,3,0.09,1,4,17,0,0,0,2,11,0,0,yes
2025,TN,47157,Shelby,254900SG0DG9VHV3LR79,,13,12,0,0.08,13,0,0,0,0,12,0,0,0,0,yes
2025,TN,47157,Shelby,5493005JPZ3LXXMB0S24,"Carrington Mortgage Services, LLC",13,12,0,0.08,0,8,5,0,0,0,7,5,0,0,yes
2025,TN,47157,Shelby,5493007VODM6C3GLTV93,,13,12,0,0.08,13,0,0,0,0,12,0,0,0,0,yes
2025,TN,47157,Shelby,5493008XX3NZ5S384W16,,15,12,2,0.08,15,0,0,0,0,12,0,0,0,0,yes
2025,TN,47157,Shelby,549300DD4R4SYK5RAQ92,"Cardinal Financial Company, Limited Partnership",24,12,4,0.08,21,3,0,0,0,11,1,0,0,0,yes
2025,TN,47157,Shelby,549300PL267CW8182203,,41,12,8,0.08,2,22,17,0,0,0,5,7,0,0,yes
2025,TN,47157,Shelby,549300RN01LBYR8ZVX74,"LOWER, LLC",21,12,1,0.08,12,6,2,1,0,8,3,0,1,0,yes
2025,TN,47157,Shelby,984500RF83EA742B5589,,15,12,0,0.08,15,0,0,0,0,12,0,0,0,0,yes
2025,TN,47157,Shelby,549300BX448ALT10FI43,The Federal Savings Bank,44,11,2,0.08,6,11,27,0,0,2,1,8,0,0,yes
2025,TN,47157,Shelby,549300YMIOLU51FSTO86,"CONSTRUCTIVE LOANS, LLC",12,11,0,0.08,12,0,0,0,0,11,0,0,0,0,yes
2025,TN,47157,Shelby,984500F03B9034CQB904,,29,11,3,0.08,29,0,0,0,0,11,0,0,0,0,yes
2025,TN,47157,Shelby,254900WTZC5SSKIN2M11,,13,10,1,0.07,13,0,0,0,0,10,0,0,0,0,yes
2025,TN,47157,Shelby,549300095ABBENNWE160,,10,10,0,0.07,10,0,0,0,0,10,0,0,0,0,yes
2025,TN,47157,Shelby,5493003V40VGM7YDFM54,FIRST COLONY MORTGAGE CORPORATION,16,10,2,0.07,15,1,0,0,0,9,1,0,0,0,yes
2025,TN,47157,Shelby,549300EKFFG3BU8DNX74,NEXERA HOLDING LLC,15,10,0,0.07,15,0,0,0,0,10,0,0,0,0,yes
2025,TN,47157,Shelby,549300EMNDEK4BA8WB53,EMM LOANS LLC,13,10,1,0.07,2,11,0,0,0,2,8,0,0,0,yes
2025,TN,47157,Shelby,549300LROQOOQU77WS20,,27,10,2,0.07,23,2,2,0,0,7,1,2,0,0,yes
2025,TN,47157,Shelby,549300RD5IG88VPO6P22,,15,10,0,0.07,15,0,0,0,0,10,0,0,0,0,yes
2025,TN,47157,Shelby,549300SFG15JDKI5MD22,,16,10,2,0.07,16,0,0,0,0,10,0,0,0,0,yes
2025,TN,47157,Shelby,Q708HHR4LD2B7XIZNO92,First Federal Bank,18,10,2,0.07,8,3,7,0,0,4,2,4,0,0,yes
2025,TN,47157,Shelby,QFROUN1UWUYU0DVIWD51,"Eagle Home Mortgage, LLC",31,10,15,0.07,30,0,1,0,0,9,0,1,0,0,yes
2025,TN,47157,Shelby,549300J6N77Q8OHYNF23,,18,9,1,0.06,10,7,1,0,0,5,4,0,0,0,yes
2025,TN,47157,Shelby,549300S5YL3OH0IVCS62,FINANCE OF AMERICA REVERSE LLC,11,9,1,0.06,0,11,0,0,0,0,9,0,0,0,yes
2025,TN,47157,Shelby,ZXMJHJK466PBZTM5F379,,13,9,0,0.06,13,0,0,0,0,9,0,0,0,0,yes
2025,TN,47157,Shelby,213800XR2TCBQJSF1X93,,17,8,3,0.06,13,3,1,0,0,5,2,1,0,0,yes
2025,TN,47157,Shelby,2549005SIVTHG14U2905,A&D Mortgage LLC,25,8,4,0.06,20,5,0,0,0,6,2,0,0,0,yes
2025,TN,47157,Shelby,254900TTZ395IC926125,,11,8,0,0.06,11,0,0,0,0,8,0,0,0,0,yes
2025,TN,47157,Shelby,5493001X0T84TYRJ5Y59,,8,8,0,0.06,8,0,0,0,0,8,0,0,0,0,yes
2025,TN,47157,Shelby,549300BOXNV8VLRBDT24,,15,8,3,0.06,15,0,0,0,0,8,0,0,0,0,yes
2025,TN,47157,Shelby,549300F8C5JA44WNMI75,AMERICAN NEIGHBORHOOD MORTGAGE ACCEPTANCE COMPANY LLC,14,8,0,0.06,6,4,4,0,0,3,3,2,0,0,yes
2025,TN,47157,Shelby,549300G5DVGM0ZHRQC33,,10,8,2,0.06,0,0,10,0,0,0,0,8,0,0,yes
2025,TN,47157,Shelby,549300H12E7AUMUHP294,,10,8,0,0.06,10,0,0,0,0,8,0,0,0,0,yes
2025,TN,47157,Shelby,549300MHH03ICJYEPE85,,14,8,2,0.06,0,14,0,0,0,0,8,0,0,0,yes
2025,TN,47157,Shelby,549300T94GSH3C4U5M59,ALLIANT CREDIT UNION,21,8,10,0.06,17,1,3,0,0,5,1,2,0,0,yes
2025,TN,47157,Shelby,5493008ZTV4S0W9DCX64,,8,7,1,0.05,3,5,0,0,0,3,4,0,0,0,yes
2025,TN,47157,Shelby,549300E1PJPTI4YS7H26,ASCEND FEDERAL CREDIT UNION,10,7,2,0.05,10,0,0,0,0,7,0,0,0,0,yes
2025,TN,47157,Shelby,549300KHXD7JSQUZIJ22,,10,7,0,0.05,10,0,0,0,0,7,0,0,0,0,yes
2025,TN,47157,Shelby,549300WO9TX4YEFAC338,,7,7,0,0.05,5,2,0,0,0,5,2,0,0,0,yes
2025,TN,47157,Shelby,549300XFNTNQLLW0HY87,,7,7,0,0.05,5,2,0,0,0,5,2,0,0,0,yes
2025,TN,47157,Shelby,COINQMNIM6RBU631DD85,,9,7,1,0.05,7,2,0,0,0,6,1,0,0,0,yes
2025,TN,47157,Shelby,SS1TRMSN6BRNMOREEV51,"Flagstar Bank, National Association",14,7,3,0.05,5,9,0,0,0,2,5,0,0,0,yes
2025,TN,47157,Shelby,254900E6AIE4Z8YQM970,Citadel Servicing Corporation,10,6,0,0.04,10,0,0,0,0,6,0,0,0,0,yes
2025,TN,47157,Shelby,254900TG14TB8RKS3U42,,15,6,0,0.04,8,7,0,0,0,4,2,0,0,0,yes
2025,TN,47157,Shelby,5493008VVXQIDO1EZ460,,10,6,2,0.04,8,2,0,0,0,5,1,0,0,0,yes
2025,TN,47157,Shelby,549300A5HHOL2ED18C72,,6,6,0,0.04,4,2,0,0,0,4,2,0,0,0,yes
2025,TN,47157,Shelby,549300HVW3AI97UKTO72,,9,6,1,0.04,9,0,0,0,0,6,0,0,0,0,yes
2025,TN,47157,Shelby,549300MQEDQYDJR8CP22,,16,6,2,0.04,16,0,0,0,0,6,0,0,0,0,yes
2025,TN,47157,Shelby,549300Q10M1VXBG2H889,,37,6,7,0.04,9,21,7,0,0,1,4,1,0,0,yes
2025,TN,47157,Shelby,549300RYTR2RVL4SFJ90,,8,6,1,0.04,8,0,0,0,0,6,0,0,0,0,yes
2025,TN,47157,Shelby,549300UXY7OP0IC38293,,9,6,1,0.04,8,0,1,0,0,5,0,1,0,0,yes
2025,TN,47157,Shelby,984500ET710674536D72,,6,6,0,0.04,6,0,0,0,0,6,0,0,0,0,yes
2025,TN,47157,Shelby,C398JSK21YCXWM603F55,,10,6,2,0.04,1,1,8,0,0,0,1,5,0,0,yes
2025,TN,47157,Shelby,2138005KH543RLMQHE28,,6,5,0,0.03,6,0,0,0,0,5,0,0,0,0,yes
2025,TN,47157,Shelby,254900IEGKUDRDS23V26,,6,5,0,0.03,6,0,0,0,0,5,0,0,0,0,yes
2025,TN,47157,Shelby,254900WQCRCK13A7DC81,,9,5,3,0.03,9,0,0,0,0,5,0,0,0,0,yes
2025,TN,47157,Shelby,5493000OM9RKJW8W5K82,,5,5,0,0.03,5,0,0,0,0,5,0,0,0,0,yes
2025,TN,47157,Shelby,5493001GDRY0EL7VG372,"ARK-LA-TEX FINANCIAL SERVICES, LLC.",7,5,0,0.03,3,2,1,1,0,1,2,1,1,0,yes
2025,TN,47157,Shelby,54930030Z1JWTP3SVD16,,17,5,0,0.03,1,15,1,0,0,0,5,0,0,0,yes
2025,TN,47157,Shelby,5493004T38NMC864VL66,,6,5,1,0.03,6,0,0,0,0,5,0,0,0,0,yes
2025,TN,47157,Shelby,549300ALNLUNS3Y53T24,,52,5,29,0.03,18,26,8,0,0,4,1,0,0,0,yes
2025,TN,47157,Shelby,549300CB67L6KPJLHE19,"TRIAD FINANCIAL SERVICES, INC.",23,5,14,0.03,23,0,0,0,0,5,0,0,0,0,yes
2025,TN,47157,Shelby,549300G6RZM5T8NQJW74,,8,5,1,0.03,8,0,0,0,0,5,0,0,0,0,yes
2025,TN,47157,Shelby,549300T61O0X0RJMQ375,,7,5,0,0.03,7,0,0,0,0,5,0,0,0,0,yes
2025,TN,47157,Shelby,549300W45D2J6BT4LX65,,5,5,0,0.03,5,0,0,0,0,5,0,0,0,0,yes
2025,TN,47157,Shelby,549300XQVJ1XBNFA5536,21ST MORTGAGE CORPORATION,38,5,20,0.03,38,0,0,0,0,5,0,0,0,0,yes
2025,TN,47157,Shelby,984500CD6F0743B8F530,,5,5,0,0.03,0,2,3,0,0,0,2,3,0,0,yes
2025,TN,47157,Shelby,WWB2V0FCW3A0EE3ZJN75,Manufacturers and Traders Trust Company,18,5,4,0.03,10,6,2,0,0,3,1,1,0,0,yes
2025,TN,47157,Shelby,2549004FXPNKCLIN8250,,4,4,0,0.03,4,0,0,0,0,4,0,0,0,0,yes
2025,TN,47157,Shelby,254900WT4HAMDFWH3048,,13,4,0,0.03,0,13,0,0,0,0,4,0,0,0,yes
2025,TN,47157,Shelby,5493001TKHVR1XBO7H51,,5,4,1,0.03,5,0,0,0,0,4,0,0,0,0,yes
2025,TN,47157,Shelby,5493002YXAOJOQPEGS38,,8,4,1,0.03,0,8,0,0,0,0,4,0,0,0,yes
2025,TN,47157,Shelby,5493004R423PBPM6A173,,5,4,0,0.03,0,5,0,0,0,0,4,0,0,0,yes
2025,TN,47157,Shelby,54930052M48FOD3CWA54,"PRIMARY RESIDENTIAL MORTGAGE, INC.",13,4,4,0.03,6,5,2,0,0,3,1,0,0,0,yes
2025,TN,47157,Shelby,54930072OCHTUJOZQB56,,5,4,0,0.03,4,1,0,0,0,3,1,0,0,0,yes
2025,TN,47157,Shelby,549300AT7EB9FJAF0E61,Old National Bank,5,4,0,0.03,5,0,0,0,0,4,0,0,0,0,yes
2025,TN,47157,Shelby,549300BR7OTD25RTS027,,4,4,0,0.03,4,0,0,0,0,4,0,0,0,0,yes
2025,TN,47157,Shelby,549300DCGBXW5FJMV921,,4,4,0,0.03,3,1,0,0,0,3,1,0,0,0,yes
2025,TN,47157,Shelby,549300DMYENRV818D594,,6,4,1,0.03,4,2,0,0,0,2,2,0,0,0,yes
2025,TN,47157,Shelby,549300HRLROF7PLJ6735,CLEAREDGE LENDING LLC,5,4,1,0.03,5,0,0,0,0,4,0,0,0,0,yes
2025,TN,47157,Shelby,549300INFJ8TYNZ1G568,,4,4,0,0.03,4,0,0,0,0,4,0,0,0,0,yes
2025,TN,47157,Shelby,549300ISCZS1R0CJMO47,,5,4,1,0.03,4,1,0,0,0,4,0,0,0,0,yes
2025,TN,47157,Shelby,549300J4330IBZ0BBI43,,7,4,2,0.03,7,0,0,0,0,4,0,0,0,0,yes
2025,TN,47157,Shelby,549300JPGMCMBEJEK584,FIRST TECHNOLOGY,11,4,1,0.03,11,0,0,0,0,4,0,0,0,0,yes
2025,TN,47157,Shelby,549300JYXTZDSPJEPI44,"PLAZA HOME MORTGAGE, INC.",16,4,11,0.03,9,2,5,0,0,2,0,2,0,0,yes
2025,TN,47157,Shelby,549300RP3DLR09NF6157,,5,4,0,0.03,1,2,2,0,0,1,2,1,0,0,yes
2025,TN,47157,Shelby,549300S8SHBRCI7UU819,,5,4,0,0.03,5,0,0,0,0,4,0,0,0,0,yes
2025,TN,47157,Shelby,549300T3F9S1MKFKHC53,HOMESTEAD FUNDING CORP.,4,4,0,0.03,3,0,1,0,0,3,0,1,0,0,yes
2025,TN,47157,Shelby,984500P059VACEAAFA22,,4,4,0,0.03,1,3,0,0,0,1,3,0,0,0,yes
2025,TN,47157,Shelby,X6T32LKEPUT8LQMW6755,,5,4,1,0.03,4,0,1,0,0,3,0,1,0,0,yes
2025,TN,47157,Shelby,1IE8VN30JCEQV1H4R804,,3,3,0,0.02,3,0,0,0,0,3,0,0,0,0,yes
2025,TN,47157,Shelby,25490018IFQOT83Q7H49,,4,3,0,0.02,3,0,1,0,0,2,0,1,0,0,yes
2025,TN,47157,Shelby,2549005FUF02T1IFCA22,,3,3,0,0.02,3,0,0,0,0,3,0,0,0,0,yes
2025,TN,47157,Shelby,2549007UK2BZOOSF6C76,,3,3,0,0.02,3,0,0,0,0,3,0,0,0,0,yes
2025,TN,47157,Shelby,254900HEJ9F73IMPX887,,21,3,3,0.02,19,1,1,0,0,3,0,0,0,0,yes
2025,TN,47157,Shelby,254900J2RKTTDJSUWD76,,3,3,0,0.02,0,2,1,0,0,0,2,1,0,0,yes
2025,TN,47157,Shelby,254900LTD432L5CHIZ48,,5,3,0,0.02,5,0,0,0,0,3,0,0,0,0,yes
2025,TN,47157,Shelby,254900VELJPWWT51WN03,,4,3,0,0.02,4,0,0,0,0,3,0,0,0,0,yes
2025,TN,47157,Shelby,254900YA1AQXNM8QVZ06,,4,3,0,0.02,4,0,0,0,0,3,0,0,0,0,yes
2025,TN,47157,Shelby,2WHM8VNJH63UN14OL754,The Huntington National Bank,6,3,2,0.02,6,0,0,0,0,3,0,0,0,0,yes
2025,TN,47157,Shelby,54930001NSTOD85LT125,"GUARANTEED RATE AFFINITY, LLC",7,3,2,0.02,5,0,2,0,0,2,0,1,0,0,yes
2025,TN,47157,Shelby,5493000349C5XXDRQX28,,7,3,0,0.02,7,0,0,0,0,3,0,0,0,0,yes
2025,TN,47157,Shelby,5493000H6DFDDJRORG89,,6,3,1,0.02,2,3,1,0,0,2,0,1,0,0,yes
2025,TN,47157,Shelby,5493000IIYWBLONJVJ30,,3,3,0,0.02,3,0,0,0,0,3,0,0,0,0,yes
2025,TN,47157,Shelby,54930032OCUOR526IR93,,3,3,0,0.02,0,3,0,0,0,0,3,0,0,0,yes
2025,TN,47157,Shelby,549300BXWU32AYWT1A56,,3,3,0,0.02,3,0,0,0,0,3,0,0,0,0,yes
2025,TN,47157,Shelby,549300C1YZ5ZORJBI935,,3,3,0,0.02,3,0,0,0,0,3,0,0,0,0,yes
2025,TN,47157,Shelby,549300D7OB5W5CJHFO55,,3,3,0,0.02,3,0,0,0,0,3,0,0,0,0,yes
2025,TN,47157,Shelby,549300DG3IV05V4C4E03,,4,3,0,0.02,3,1,0,0,0,2,1,0,0,0,yes
2025,TN,47157,Shelby,549300KJ8PAJ7E52HG32,Plains Commerce Bank,13,3,4,0.02,6,4,3,0,0,2,1,0,0,0,yes
2025,TN,47157,Shelby,549300KTR1JGH3K6LU06,FOURLEAF,6,3,2,0.02,5,1,0,0,0,2,1,0,0,0,yes
2025,TN,47157,Shelby,549300LXKO1O7CSK5J52,,3,3,0,0.02,1,2,0,0,0,1,2,0,0,0,yes
2025,TN,47157,Shelby,549300NWBS6MQJX15N44,,4,3,0,0.02,4,0,0,0,0,3,0,0,0,0,yes
2025,TN,47157,Shelby,549300OJTK0IPSNDA832,,8,3,4,0.02,4,4,0,0,0,2,1,0,0,0,yes
2025,TN,47157,Shelby,549300QKL5FUBZ8LSF50,,4,3,1,0.02,1,3,0,0,0,1,2,0,0,0,yes
2025,TN,47157,Shelby,549300REENMLD2RN3W58,,5,3,1,0.02,0,0,5,0,0,0,0,3,0,0,yes
2025,TN,47157,Shelby,549300TK6RZQSFXZHV09,,9,3,0,0.02,4,5,0,0,0,1,2,0,0,0,yes
2025,TN,47157,Shelby,549300XCVBRR56D08F03,,32,3,0,0.02,20,10,2,0,0,3,0,0,0,0,yes
2025,TN,47157,Shelby,549300YX5RPSSMR88K92,,3,3,0,0.02,3,0,0,0,0,3,0,0,0,0,yes
2025,TN,47157,Shelby,8I3UVGYULPJQIP7FQV10,"SouthState Bank, National Association",3,3,0,0.02,3,0,0,0,0,3,0,0,0,0,yes
2025,TN,47157,Shelby,E57ODZWZ7FF32TWEFA76,"Citibank, National Association",14,3,4,0.02,14,0,0,0,0,3,0,0,0,0,yes
2025,TN,47157,Shelby,HUX2X73FUCYHUVH1BK78,KeyBank National Association,3,3,0,0.02,3,0,0,0,0,3,0,0,0,0,yes
2025,TN,47157,Shelby,WKN6AF1FCL7BBYGTGI83,,3,3,0,0.02,3,0,0,0,0,3,0,0,0,0,yes
2025,TN,47157,Shelby,2549004Z576VEJBK3N72,"NQM FUNDING, LLC",2,2,0,0.01,2,0,0,0,0,2,0,0,0,0,yes
2025,TN,47157,Shelby,254900A1LV2U6NM10498,,2,2,0,0.01,2,0,0,0,0,2,0,0,0,0,yes
2025,TN,47157,Shelby,254900BBWJ82FQDQ6823,,3,2,0,0.01,3,0,0,0,0,2,0,0,0,0,yes
2025,TN,47157,Shelby,254900DRSIZBQXDCJ875,,2,2,0,0.01,2,0,0,0,0,2,0,0,0,0,yes
2025,TN,47157,Shelby,254900QNIR86GUIRYH95,,14,2,1,0.01,10,4,0,0,0,2,0,0,0,0,yes
2025,TN,47157,Shelby,254900S61OCEX8MXZI58,,5,2,3,0.01,2,3,0,0,0,2,0,0,0,0,yes
2025,TN,47157,Shelby,337KMNHEWWWR6B7Q7W10,,2,2,0,0.01,0,2,0,0,0,0,2,0,0,0,yes
2025,TN,47157,Shelby,5493000V86JDJLM0OV13,,2,2,0,0.01,2,0,0,0,0,2,0,0,0,0,yes
2025,TN,47157,Shelby,5493000WAJ1FMTFL5D75,,13,2,3,0.01,0,0,13,0,0,0,0,2,0,0,yes
2025,TN,47157,Shelby,5493000YNV8IX4VD3X12,"VANDERBILT MORTGAGE AND FINANCE, INC.",26,2,18,0.01,26,0,0,0,0,2,0,0,0,0,yes
2025,TN,47157,Shelby,5493002TJKC8NLH1ZP82,,2,2,0,0.01,1,1,0,0,0,1,1,0,0,0,yes
2025,TN,47157,Shelby,549300323EON4W3CCM44,"RESICENTRAL, LLC",3,2,1,0.01,2,0,1,0,0,2,0,0,0,0,yes
2025,TN,47157,Shelby,5493003EW6T31TGECO83,,2,2,0,0.01,2,0,0,0,0,2,0,0,0,0,yes
2025,TN,47157,Shelby,54930048P8RWCQHQM310,,3,2,1,0.01,3,0,0,0,0,2,0,0,0,0,yes
2025,TN,47157,Shelby,5493004RLLKTQS8K7U51,,3,2,1,0.01,3,0,0,0,0,2,0,0,0,0,yes
2025,TN,47157,Shelby,54930059GZZ7G4G40O53,Primis Mortgage Company,2,2,0,0.01,1,1,0,0,0,1,1,0,0,0,yes
2025,TN,47157,Shelby,5493005DKMV1IHIM8E20,"Wilmington Savings Fund Society, FSB",2,2,0,0.01,2,0,0,0,0,2,0,0,0,0,yes
2025,TN,47157,Shelby,54930063578UDYE3JR69,,5,2,0,0.01,0,5,0,0,0,0,2,0,0,0,yes
2025,TN,47157,Shelby,5493007Z7FTUKQGFMZ98,,2,2,0,0.01,2,0,0,0,0,2,0,0,0,0,yes
2025,TN,47157,Shelby,54930080168VA6Z8UX21,TOWER Federal Credit Union,3,2,1,0.01,3,0,0,0,0,2,0,0,0,0,yes
2025,TN,47157,Shelby,549300AENO88GEUWCZ39,,5,2,0,0.01,4,1,0,0,0,2,0,0,0,0,yes
2025,TN,47157,Shelby,549300ASFUWYQO0RW077,,5,2,2,0.01,5,0,0,0,0,2,0,0,0,0,yes
2025,TN,47157,Shelby,549300COIWXM618UBE82,,2,2,0,0.01,2,0,0,0,0,2,0,0,0,0,yes
2025,TN,47157,Shelby,549300CYL5ZW4ISL7T55,,2,2,0,0.01,1,1,0,0,0,1,1,0,0,0,yes
2025,TN,47157,Shelby,549300DDLYW49R2HCV81,EASTMAN CREDIT UNION,3,2,0,0.01,3,0,0,0,0,2,0,0,0,0,yes
2025,TN,47157,Shelby,549300DT7CCDCC7O6Z60,,3,2,0,0.01,3,0,0,0,0,2,0,0,0,0,yes
2025,TN,47157,Shelby,549300EFCZM6KD6B8K69,MORTGAGE ACCESS CORP.,4,2,0,0.01,4,0,0,0,0,2,0,0,0,0,yes
2025,TN,47157,Shelby,549300FOXIQQV5UZD367,"SOUTHERN TRUST MORTGAGE, LLC",2,2,0,0.01,1,1,0,0,0,1,1,0,0,0,yes
2025,TN,47157,Shelby,549300IKNQI45EOJU155,"Capital City Home Loans, LLC",3,2,0,0.01,3,0,0,0,0,2,0,0,0,0,yes
2025,TN,47157,Shelby,549300K6K2IS7FRS7S09,,2,2,0,0.01,1,1,0,0,0,1,1,0,0,0,yes
2025,TN,47157,Shelby,549300L1DBFIJZI8LA40,,3,2,0,0.01,1,2,0,0,0,0,2,0,0,0,yes
2025,TN,47157,Shelby,549300LP3GMTWS4OB353,,4,2,0,0.01,0,4,0,0,0,0,2,0,0,0,yes
2025,TN,47157,Shelby,549300MCPCNPQAOB4032,,4,2,0,0.01,3,0,1,0,0,2,0,0,0,0,yes
2025,TN,47157,Shelby,549300N1R0R39PYT7O68,,2,2,0,0.01,2,0,0,0,0,2,0,0,0,0,yes
2025,TN,47157,Shelby,549300NB3SBC1KHAWB92,,2,2,0,0.01,0,2,0,0,0,0,2,0,0,0,yes
2025,TN,47157,Shelby,549300OSZK2W0WJYS771,,3,2,0,0.01,3,0,0,0,0,2,0,0,0,0,yes
2025,TN,47157,Shelby,549300P55E0GN57DEV03,,2,2,0,0.01,0,2,0,0,0,0,2,0,0,0,yes
2025,TN,47157,Shelby,549300PQLK8E48ILXV41,,4,2,1,0.01,4,0,0,0,0,2,0,0,0,0,yes
2025,TN,47157,Shelby,549300Q50XCC0473FG63,,11,2,7,0.01,11,0,0,0,0,2,0,0,0,0,yes
2025,TN,47157,Shelby,549300R4F5COFJE0DN81,,3,2,0,0.01,1,2,0,0,0,0,2,0,0,0,yes
2025,TN,47157,Shelby,549300RM1IZYGQDSNL85,,22,2,3,0.01,12,3,7,0,0,1,1,0,0,0,yes
2025,TN,47157,Shelby,549300RWXUAFD1WAE410,"ATLANTIC BAY MORTGAGE GROUP, L.L.C.",2,2,0,0.01,2,0,0,0,0,2,0,0,0,0,yes
2025,TN,47157,Shelby,549300SMD444BM2WO947,,3,2,0,0.01,2,1,0,0,0,1,1,0,0,0,yes
2025,TN,47157,Shelby,549300UR5AOWTJJ7KZ64,,9,2,1,0.01,9,0,0,0,0,2,0,0,0,0,yes
2025,TN,47157,Shelby,549300UV5JQXLGVWIP44,,2,2,0,0.01,2,0,0,0,0,2,0,0,0,0,yes
2025,TN,47157,Shelby,549300VYK2WBD7SST478,,3,2,0,0.01,3,0,0,0,0,2,0,0,0,0,yes
2025,TN,47157,Shelby,549300WRDGBHKR1BXL98,,2,2,0,0.01,2,0,0,0,0,2,0,0,0,0,yes
2025,TN,47157,Shelby,549300ZIQ24V0C88AC41,GTE Federal Credit Union,3,2,0,0.01,3,0,0,0,0,2,0,0,0,0,yes
2025,TN,47157,Shelby,549300ZZME37MXI1EF14,,2,2,0,0.01,2,0,0,0,0,2,0,0,0,0,yes
2025,TN,47157,Shelby,L9VVX1KT5TFTKS0MLF66,First-Citizens Bank & Trust Company,3,2,0,0.01,3,0,0,0,0,2,0,0,0,0,yes
2025,TN,47157,Shelby,NJ1Z0LLF4RLDWG2WCN80,,2,2,0,0.01,2,0,0,0,0,2,0,0,0,0,yes
2025,TN,47157,Shelby,T68X8LLAQYRNDV034K14,United Community Bank,3,2,0,0.01,0,2,1,0,0,0,2,0,0,0,yes
2025,TN,47157,Shelby,VNOO6EITDJ2YUEBMSZ83,,2,2,0,0.01,2,0,0,0,0,2,0,0,0,0,yes
2025,TN,47157,Shelby,2549004XDCE3LGQW7H72,,1,1,0,0.01,1,0,0,0,0,1,0,0,0,0,yes
2025,TN,47157,Shelby,2549009X2AG1P20YAJ63,,2,1,0,0.01,2,0,0,0,0,1,0,0,0,0,yes
2025,TN,47157,Shelby,254900BMXWPEHXG4LF21,,1,1,0,0.01,0,1,0,0,0,0,1,0,0,0,yes
2025,TN,47157,Shelby,254900DSZI6CJXJL6Z14,,2,1,0,0.01,2,0,0,0,0,1,0,0,0,0,yes
2025,TN,47157,Shelby,254900E9QYJ6OX8QXL76,,2,1,0,0.01,2,0,0,0,0,1,0,0,0,0,yes
2025,TN,47157,Shelby,254900EZRN0CBEP77K34,,1,1,0,0.01,1,0,0,0,0,1,0,0,0,0,yes
2025,TN,47157,Shelby,254900HL2VMAYA3J5494,,2,1,0,0.01,2,0,0,0,0,1,0,0,0,0,yes
2025,TN,47157,Shelby,254900HO9WPE4LTLQU96,,2,1,0,0.01,0,0,2,0,0,0,0,1,0,0,yes
2025,TN,47157,Shelby,254900N1AXKYPB987I06,,1,1,0,0.01,1,0,0,0,0,1,0,0,0,0,yes
2025,TN,47157,Shelby,254900O28OG3UMHXQY81,,2,1,0,0.01,1,1,0,0,0,0,1,0,0,0,yes
2025,TN,47157,Shelby,254900O2K17TNH5CL873,"RF RENOVO MANAGEMENT COMPANY, LLC",2,1,0,0.01,2,0,0,0,0,1,0,0,0,0,yes
2025,TN,47157,Shelby,254900PVWALA7JTBXA31,WILSON BANK AND TRUST,1,1,0,0.01,1,0,0,0,0,1,0,0,0,0,yes
2025,TN,47157,Shelby,254900RM3T6WAVE6SA24,,2,1,0,0.01,1,1,0,0,0,1,0,0,0,0,yes
2025,TN,47157,Shelby,254900YPPMV9UM5FUW09,,3,1,0,0.01,2,1,0,0,0,0,1,0,0,0,yes
2025,TN,47157,Shelby,38CFVD4YYFWD1FV7IM34,,2,1,0,0.01,2,0,0,0,0,1,0,0,0,0,yes
2025,TN,47157,Shelby,38PG5GG0OEQK4QMSKE59,,1,1,0,0.01,1,0,0,0,0,1,0,0,0,0,yes
2025,TN,47157,Shelby,3Y4U8VZURTYWI1W2K376,,6,1,3,0.01,6,0,0,0,0,1,0,0,0,0,yes
2025,TN,47157,Shelby,54930002O9LLXKR6TF11,,1,1,0,0.01,1,0,0,0,0,1,0,0,0,0,yes
2025,TN,47157,Shelby,5493000F6NFDOVVZP043,,1,1,0,0.01,1,0,0,0,0,1,0,0,0,0,yes
2025,TN,47157,Shelby,5493000JFVFQFL816N45,,1,1,0,0.01,1,0,0,0,0,1,0,0,0,0,yes
2025,TN,47157,Shelby,5493000NYUJT9UC6G261,,3,1,0,0.01,3,0,0,0,0,1,0,0,0,0,yes
2025,TN,47157,Shelby,5493000XC2Y1SLXRQP11,,1,1,0,0.01,1,0,0,0,0,1,0,0,0,0,yes
2025,TN,47157,Shelby,54930015645SYPOM7220,,1,1,0,0.01,0,1,0,0,0,0,1,0,0,0,yes
2025,TN,47157,Shelby,5493001SDQVS1NWYH012,,1,1,0,0.01,1,0,0,0,0,1,0,0,0,0,yes
2025,TN,47157,Shelby,5493001UYBOONMFYPR30,"Legacy Home Loans, LLC",1,1,0,0.01,0,0,1,0,0,0,0,1,0,0,yes
2025,TN,47157,Shelby,54930020YWIK7HGH2R34,,1,1,0,0.01,1,0,0,0,0,1,0,0,0,0,yes
2025,TN,47157,Shelby,54930021DZJ9CEN11D61,,1,1,0,0.01,0,0,1,0,0,0,0,1,0,0,yes
2025,TN,47157,Shelby,54930022CQGV47Q8PM03,,2,1,1,0.01,0,2,0,0,0,0,1,0,0,0,yes
2025,TN,47157,Shelby,5493002HHKWZSFP7AI61,,1,1,0,0.01,1,0,0,0,0,1,0,0,0,0,yes
2025,TN,47157,Shelby,5493002Y5XYV7DV1ZV88,"GOLD STAR MORTGAGE FINANCIAL GROUP, CORPORATION",1,1,0,0.01,0,0,1,0,0,0,0,1,0,0,yes
2025,TN,47157,Shelby,5493003BXKRGHQHRJV38,,2,1,1,0.01,2,0,0,0,0,1,0,0,0,0,yes
2025,TN,47157,Shelby,5493003X9FWFI47DPO39,,1,1,0,0.01,1,0,0,0,0,1,0,0,0,0,yes
2025,TN,47157,Shelby,54930044OSTKOJMHF287,"Capital Bank, National Association",1,1,0,0.01,1,0,0,0,0,1,0,0,0,0,yes
2025,TN,47157,Shelby,5493004F7BXDIUFVPV87,,1,1,0,0.01,1,0,0,0,0,1,0,0,0,0,yes
2025,TN,47157,Shelby,5493004K0Z4RFJSPYT52,,3,1,0,0.01,3,0,0,0,0,1,0,0,0,0,yes
2025,TN,47157,Shelby,5493004T9SQFCNRQ2L76,,2,1,0,0.01,2,0,0,0,0,1,0,0,0,0,yes
2025,TN,47157,Shelby,5493004UNRG4PWDF2K60,AFFINITY FEDERAL CREDIT UNION,1,1,0,0.01,1,0,0,0,0,1,0,0,0,0,yes
2025,TN,47157,Shelby,54930053SM8COVIPIY54,,1,1,0,0.01,1,0,0,0,0,1,0,0,0,0,yes
2025,TN,47157,Shelby,5493005T71YXBHEO2093,,3,1,2,0.01,3,0,0,0,0,1,0,0,0,0,yes
2025,TN,47157,Shelby,54930065B0NVUO52TY13,,1,1,0,0.01,1,0,0,0,0,1,0,0,0,0,yes
2025,TN,47157,Shelby,5493006JISETNI0GLE61,,1,1,0,0.01,1,0,0,0,0,1,0,0,0,0,yes
2025,TN,47157,Shelby,5493006RIR31ORKYB608,,1,1,0,0.01,1,0,0,0,0,1,0,0,0,0,yes
2025,TN,47157,Shelby,5493006TJ2N1MYD0XD45,,1,1,0,0.01,1,0,0,0,0,1,0,0,0,0,yes
2025,TN,47157,Shelby,549300748YYU6VG08N83,,3,1,0,0.01,0,3,0,0,0,0,1,0,0,0,yes
2025,TN,47157,Shelby,54930074H8866HTIWU69,KNOXVILLE TVA EMPLOYEES CREDIT UNION,1,1,0,0.01,1,0,0,0,0,1,0,0,0,0,yes
2025,TN,47157,Shelby,5493007669OVCSCATP45,TENNESSEE VALLEY FCU,2,1,0,0.01,2,0,0,0,0,1,0,0,0,0,yes
2025,TN,47157,Shelby,54930078TNN7GKZ7NU89,,1,1,0,0.01,0,0,1,0,0,0,0,1,0,0,yes
2025,TN,47157,Shelby,5493008ETVHBTJEF0O91,,1,1,0,0.01,1,0,0,0,0,1,0,0,0,0,yes
2025,TN,47157,Shelby,5493008L9O5NV7EAK360,,2,1,1,0.01,2,0,0,0,0,1,0,0,0,0,yes
2025,TN,47157,Shelby,5493008SP1FN4D81IS17,,1,1,0,0.01,1,0,0,0,0,1,0,0,0,0,yes
2025,TN,47157,Shelby,54930095UWUUXAWASB02,"Atlantic Coast Mortgage, LLC",2,1,1,0.01,1,1,0,0,0,1,0,0,0,0,yes
2025,TN,47157,Shelby,54930098QK48NVYBZC62,,1,1,0,0.01,0,1,0,0,0,0,1,0,0,0,yes
2025,TN,47157,Shelby,549300AEULLVYD8L9B04,,1,1,0,0.01,0,1,0,0,0,0,1,0,0,0,yes
2025,TN,47157,Shelby,549300AR337B2RGP3C69,,1,1,0,0.01,1,0,0,0,0,1,0,0,0,0,yes
2025,TN,47157,Shelby,549300BEFX6JRSCS5N78,,1,1,0,0.01,1,0,0,0,0,1,0,0,0,0,yes
2025,TN,47157,Shelby,549300BHPLBG0CXKTL06,,1,1,0,0.01,1,0,0,0,0,1,0,0,0,0,yes
2025,TN,47157,Shelby,549300C04BJ0G297NC13,,4,1,0,0.01,4,0,0,0,0,1,0,0,0,0,yes
2025,TN,47157,Shelby,549300CTISSNREVLNO46,,1,1,0,0.01,1,0,0,0,0,1,0,0,0,0,yes
2025,TN,47157,Shelby,549300CUUEEQ66ZVK149,,3,1,1,0.01,0,3,0,0,0,0,1,0,0,0,yes
2025,TN,47157,Shelby,549300DH8EI64ITBY388,,3,1,0,0.01,1,2,0,0,0,1,0,0,0,0,yes
2025,TN,47157,Shelby,549300DM6DAOPSF8HL78,,1,1,0,0.01,1,0,0,0,0,1,0,0,0,0,yes
2025,TN,47157,Shelby,549300DNWSJUNAWUM003,,1,1,0,0.01,1,0,0,0,0,1,0,0,0,0,yes
2025,TN,47157,Shelby,549300DT7WZ1SOTNFJ62,,1,1,0,0.01,1,0,0,0,0,1,0,0,0,0,yes
2025,TN,47157,Shelby,549300F6Y1YO2YXN6135,,1,1,0,0.01,1,0,0,0,0,1,0,0,0,0,yes
2025,TN,47157,Shelby,549300GS0W0TEUQS8571,"Morgan Stanley Private Bank, National Association",3,1,0,0.01,3,0,0,0,0,1,0,0,0,0,yes
2025,TN,47157,Shelby,549300GSN9VF5S618659,,1,1,0,0.01,1,0,0,0,0,1,0,0,0,0,yes
2025,TN,47157,Shelby,549300GWD9H4FQ2VR805,,1,1,0,0.01,1,0,0,0,0,1,0,0,0,0,yes
2025,TN,47157,Shelby,549300HFBEONQN2CK447,,4,1,1,0.01,4,0,0,0,0,1,0,0,0,0,yes
2025,TN,47157,Shelby,549300HIKKZQ0TVJWA08,,3,1,2,0.01,3,0,0,0,0,1,0,0,0,0,yes
2025,TN,47157,Shelby,549300HINJH60UG3KG47,,2,1,0,0.01,2,0,0,0,0,1,0,0,0,0,yes
2025,TN,47157,Shelby,549300IPUHFA5O769M51,"Vellum Mortgage, Inc.",1,1,0,0.01,1,0,0,0,0,1,0,0,0,0,yes
2025,TN,47157,Shelby,549300JGMQJ4R419LR70,,1,1,0,0.01,1,0,0,0,0,1,0,0,0,0,yes
2025,TN,47157,Shelby,549300KPBZCTMM3Y0061,,3,1,0,0.01,2,0,1,0,0,1,0,0,0,0,yes
2025,TN,47157,Shelby,549300KR4ZW8KJC82O47,,2,1,0,0.01,2,0,0,0,0,1,0,0,0,0,yes
2025,TN,47157,Shelby,549300L7HZ4C5U35BO37,,1,1,0,0.01,1,0,0,0,0,1,0,0,0,0,yes
2025,TN,47157,Shelby,549300LLESTPOVRG3X73,,4,1,0,0.01,4,0,0,0,0,1,0,0,0,0,yes
2025,TN,47157,Shelby,549300LLKEKXL2RM1F61,CONTOUR MORTGAGE CORPORATION,1,1,0,0.01,0,1,0,0,0,0,1,0,0,0,yes
2025,TN,47157,Shelby,549300LUF8JLB9HKT321,,1,1,0,0.01,1,0,0,0,0,1,0,0,0,0,yes
2025,TN,47157,Shelby,549300LZUXCJFE5ONM48,,1,1,0,0.01,0,1,0,0,0,0,1,0,0,0,yes
2025,TN,47157,Shelby,549300MUXFVZKH4XLG17,,1,1,0,0.01,0,1,0,0,0,0,1,0,0,0,yes
2025,TN,47157,Shelby,549300N1YEXP02MHBR47,,2,1,0,0.01,2,0,0,0,0,1,0,0,0,0,yes
2025,TN,47157,Shelby,549300N3JBQ15RQ7AV97,,2,1,0,0.01,0,0,2,0,0,0,0,1,0,0,yes
2025,TN,47157,Shelby,549300NN0PRX3I4QGG46,,3,1,1,0.01,0,0,3,0,0,0,0,1,0,0,yes
2025,TN,47157,Shelby,549300OHLAHJ10DFF198,,1,1,0,0.01,0,1,0,0,0,0,1,0,0,0,yes
2025,TN,47157,Shelby,549300OPB0G5OMY0SM65,,2,1,0,0.01,2,0,0,0,0,1,0,0,0,0,yes
2025,TN,47157,Shelby,549300PC4MFWQBNVKG88,,2,1,1,0.01,0,2,0,0,0,0,1,0,0,0,yes
2025,TN,47157,Shelby,549300PFJ7GCGDLB2E65,,2,1,1,0.01,1,1,0,0,0,0,1,0,0,0,yes
2025,TN,47157,Shelby,549300PJ2WT35S77Q208,,2,1,1,0.01,0,2,0,0,0,0,1,0,0,0,yes
2025,TN,47157,Shelby,549300Q6YL1SFVPEGV90,,6,1,0,0.01,0,6,0,0,0,0,1,0,0,0,yes
2025,TN,47157,Shelby,549300QIUZLVR1OLDH55,,1,1,0,0.01,1,0,0,0,0,1,0,0,0,0,yes
2025,TN,47157,Shelby,549300QURAICH2YGJV94,,1,1,0,0.01,1,0,0,0,0,1,0,0,0,0,yes
2025,TN,47157,Shelby,549300RC1JITZLHVLH66,,1,1,0,0.01,1,0,0,0,0,1,0,0,0,0,yes
2025,TN,47157,Shelby,549300RIPPSJXAQKZ383,,1,1,0,0.01,1,0,0,0,0,1,0,0,0,0,yes
2025,TN,47157,Shelby,549300ROGHTFGYNKE773,,1,1,0,0.01,1,0,0,0,0,1,0,0,0,0,yes
2025,TN,47157,Shelby,549300RYWXR8TL5LIK35,,2,1,0,0.01,1,0,1,0,0,0,0,1,0,0,yes
2025,TN,47157,Shelby,549300S5FVOSK5DQJN30,,2,1,0,0.01,2,0,0,0,0,1,0,0,0,0,yes
2025,TN,47157,Shelby,549300SHE1JTCOWBP090,STATE EMPLOYEES' CREDIT UNION,1,1,0,0.01,1,0,0,0,0,1,0,0,0,0,yes
2025,TN,47157,Shelby,549300SQKZC6HESYGO25,,2,1,0,0.01,2,0,0,0,0,1,0,0,0,0,yes
2025,TN,47157,Shelby,549300SXT4VBB68QCC26,,1,1,0,0.01,1,0,0,0,0,1,0,0,0,0,yes
2025,TN,47157,Shelby,549300SY0ZRUCS4CSY07,,2,1,0,0.01,2,0,0,0,0,1,0,0,0,0,yes
2025,TN,47157,Shelby,549300T5QSL6MC8M4D04,"NORWICH COMMERCIAL GROUP, INC.",2,1,0,0.01,0,0,2,0,0,0,0,1,0,0,yes
2025,TN,47157,Shelby,549300T9P3WXNMXX0I34,Ixonia Bank,6,1,0,0.01,6,0,0,0,0,1,0,0,0,0,yes
2025,TN,47157,Shelby,549300TMY3OACQC9U777,,1,1,0,0.01,1,0,0,0,0,1,0,0,0,0,yes
2025,TN,47157,Shelby,549300TULDV69V2XKY60,,1,1,0,0.01,1,0,0,0,0,1,0,0,0,0,yes
2025,TN,47157,Shelby,549300TWLXP5O4IHG211,,2,1,0,0.01,1,1,0,0,0,1,0,0,0,0,yes
2025,TN,47157,Shelby,549300U6DW7DX671T306,,1,1,0,0.01,1,0,0,0,0,1,0,0,0,0,yes
2025,TN,47157,Shelby,549300U76XKUE05DV518,,1,1,0,0.01,1,0,0,0,0,1,0,0,0,0,yes
2025,TN,47157,Shelby,549300UPB8ITF7B1GI03,,2,1,0,0.01,2,0,0,0,0,1,0,0,0,0,yes
2025,TN,47157,Shelby,549300UVOSI4XZZGUE14,,4,1,0,0.01,1,2,1,0,0,0,1,0,0,0,yes
2025,TN,47157,Shelby,549300VMX06UV1F7NS76,,1,1,0,0.01,0,0,1,0,0,0,0,1,0,0,yes
2025,TN,47157,Shelby,549300VVH8HHFMWL8536,,1,1,0,0.01,1,0,0,0,0,1,0,0,0,0,yes
2025,TN,47157,Shelby,549300WHACUOETOKO184,,1,1,0,0.01,1,0,0,0,0,1,0,0,0,0,yes
2025,TN,47157,Shelby,549300XED7IBK9VVQH70,"PIKE CREEK MORTGAGE SERVICES, INC.",3,1,0,0.01,0,0,3,0,0,0,0,1,0,0,yes
2025,TN,47157,Shelby,549300YB1H2FRI6JPM51,LAKE MICHIGAN CREDIT UNION,1,1,0,0.01,1,0,0,0,0,1,0,0,0,0,yes
2025,TN,47157,Shelby,549300YD7XJM19TH5O82,,2,1,0,0.01,2,0,0,0,0,1,0,0,0,0,yes
2025,TN,47157,Shelby,549300YDBNK66R6ZES34,,2,1,1,0.01,2,0,0,0,0,1,0,0,0,0,yes
2025,TN,47157,Shelby,549300YKBMBBIIMQJS94,,1,1,0,0.01,1,0,0,0,0,1,0,0,0,0,yes
2025,TN,47157,Shelby,549300YM15OICCNPH537,,2,1,0,0.01,1,1,0,0,0,1,0,0,0,0,yes
2025,TN,47157,Shelby,549300YPBBHUEKV1YC68,,2,1,0,0.01,0,0,2,0,0,0,0,1,0,0,yes
2025,TN,47157,Shelby,549300YUZCW5UUIYIL79,,1,1,0,0.01,1,0,0,0,0,1,0,0,0,0,yes
2025,TN,47157,Shelby,549300ZCR1XCLNEEI724,,4,1,1,0.01,4,0,0,0,0,1,0,0,0,0,yes
2025,TN,47157,Shelby,549300ZS1TR1B4LHX377,,4,1,1,0.01,4,0,0,0,0,1,0,0,0,0,yes
2025,TN,47157,Shelby,549300ZWNETGFXTBBY03,,5,1,0,0.01,3,2,0,0,0,0,1,0,0,0,yes
2025,TN,47157,Shelby,9845007CY0EC0F59W414,,2,1,0,0.01,2,0,0,0,0,1,0,0,0,0,yes
2025,TN,47157,Shelby,B94HV8SXGDD3J5XESU08,,1,1,0,0.01,1,0,0,0,0,1,0,0,0,0,yes
2025,TN,47157,Shelby,HIDXEG9BLUJZKBGUT764,Bank-Fund Staff Federal Credit Union,1,1,0,0.01,1,0,0,0,0,1,0,0,0,0,yes
2025,TN,47157,Shelby,N8T7HW55LK5D2ORCKP39,First National Bank of Pennsylvania,2,1,0,0.01,2,0,0,0,0,1,0,0,0,0,yes
2025,TN,47157,Shelby,PS6WLKTYGZOKK05G5O59,,1,1,0,0.01,1,0,0,0,0,1,0,0,0,0,yes
2025,TN,47157,Shelby,254900O723MCLR701H50,,59,0,43,0.0,59,0,0,0,0,0,0,0,0,0,yes
2025,TN,47157,Shelby,254900VE4XTOQUE8NZ77,,16,0,5,0.0,16,0,0,0,0,0,0,0,0,0,yes
2025,TN,47157,Shelby,549300249G20MDIDRR27,,6,0,0,0.0,3,3,0,0,0,0,0,0,0,0,yes
2025,TN,47157,Shelby,549300PWMS2701UFP528,,5,0,0,0.0,4,0,1,0,0,0,0,0,0,0,yes
2025,TN,47157,Shelby,549300XRF9LCZ3RX3Q39,,9,0,3,0.0,0,1,8,0,0,0,0,0,0,0,yes
2025,TN,47157,Shelby,549300Z5MYEIE55LLY49,,30,0,7,0.0,14,14,2,0,0,0,0,0,0,0,yes
2025,TN,47163,Sullivan,549300DDLYW49R2HCV81,EASTMAN CREDIT UNION,1537,1014,298,24.11,1535,0,2,0,0,1013,0,1,0,0,yes
2025,TN,47163,Sullivan,549300FGXN1K3HLB1R50,"Rocket Mortgage, LLC",378,261,67,6.21,236,103,39,0,0,171,65,25,0,0,yes
2025,TN,47163,Sullivan,549300HW662MN1WU8550,"United Wholesale Mortgage, LLC",326,227,28,5.4,110,121,94,1,0,82,79,65,1,0,yes
2025,TN,47163,Sullivan,549300DD4R4SYK5RAQ92,"Cardinal Financial Company, Limited Partnership",277,192,7,4.57,175,87,14,1,0,121,62,8,1,0,yes
2025,TN,47163,Sullivan,5493001SXWZ4OFP8Z903,"CrossCountry Mortgage, LLC",177,134,13,3.19,102,45,30,0,0,81,32,21,0,0,yes
2025,TN,47163,Sullivan,EQTWLK1G7ODGC2MGLV11,Regions Bank,189,101,60,2.4,184,3,2,0,0,98,2,1,0,0,yes
2025,TN,47163,Sullivan,549300VNBQD8FDHF7563,"MORTGAGE INVESTORS GROUP, INC.",140,96,5,2.28,73,50,16,1,0,46,36,13,1,0,yes
2025,TN,47163,Sullivan,549300VORTI31GZTJL53,"CARDINAL FINANCIAL COMPANY, LIMITED PARTNERSHIP",134,91,17,2.16,76,45,13,0,0,53,27,11,0,0,yes
2025,TN,47163,Sullivan,549300DD5QQUHO6PCH70,"Movement Mortgage, LLC",177,87,25,2.07,12,4,161,0,0,3,3,81,0,0,yes
2025,TN,47163,Sullivan,COOWI3L2W9TPYR3WJX37,First Horizon Bank,129,76,41,1.81,123,5,1,0,0,74,1,1,0,0,yes
2025,TN,47163,Sullivan,54930077D8KXQADF5Q23,,101,72,6,1.71,39,57,4,1,0,28,40,3,1,0,yes
2025,TN,47163,Sullivan,549300V6LKROCIL7OI49,,85,70,4,1.66,83,2,0,0,0,70,0,0,0,0,yes
2025,TN,47163,Sullivan,549300CTISSNREVLNO46,,86,59,11,1.4,79,7,0,0,0,55,4,0,0,0,yes
2025,TN,47163,Sullivan,549300LYRWPSYPK6S325,Guild Mortgage Company LLC,117,56,8,1.33,9,53,55,0,0,4,23,29,0,0,yes
2025,TN,47163,Sullivan,5493001GDRY0EL7VG372,"ARK-LA-TEX FINANCIAL SERVICES, LLC.",78,54,0,1.28,49,20,8,1,0,29,17,8,0,0,yes
2025,TN,47163,Sullivan,549300AQ3T62GXDU7D76,Ally Bank,58,46,1,1.09,30,21,7,0,0,25,15,6,0,0,yes
2025,TN,47163,Sullivan,5493004C6NM2VNOH2N94,,52,44,3,1.05,52,0,0,0,0,44,0,0,0,0,yes
2025,TN,47163,Sullivan,5493005NU5BA00C1N451,,64,43,4,1.02,35,13,16,0,0,23,10,10,0,0,yes
2025,TN,47163,Sullivan,549300E2UX99HKDBR481,"Broker Solutions, Inc.",88,43,6,1.02,31,43,14,0,0,17,19,7,0,0,yes
2025,TN,47163,Sullivan,RVDPPPGHCGZ40J4VQ731,Fairway Independent Mortgage Corporation,101,43,9,1.02,22,45,34,0,0,13,16,14,0,0,yes
2025,TN,47163,Sullivan,549300XWUSRVVOHPRY47,Academy Mortgage Corporation,60,42,3,1.0,37,17,6,0,0,24,15,3,0,0,yes
2025,TN,47163,Sullivan,JJKC32MCHWDI71265Z06,Truist Bank,77,41,21,0.98,75,2,0,0,0,41,0,0,0,0,yes
2025,TN,47163,Sullivan,5493000YNV8IX4VD3X12,"VANDERBILT MORTGAGE AND FINANCE, INC.",332,37,126,0.88,332,0,0,0,0,37,0,0,0,0,yes
2025,TN,47163,Sullivan,5493002RF1ERFA2XR050,Renasant Bank,46,36,6,0.86,43,2,0,1,0,33,2,0,1,0,yes
2025,TN,47163,Sullivan,54930074H8866HTIWU69,KNOXVILLE TVA EMPLOYEES CREDIT UNION,52,36,5,0.86,51,1,0,0,0,36,0,0,0,0,yes
2025,TN,47163,Sullivan,549300E035FX7XMJ6713,,40,36,2,0.86,40,0,0,0,0,36,0,0,0,0,yes
2025,TN,47163,Sullivan,549300LBCBNR1OT00651,NATIONSTAR MORTGAGE LLC,52,36,8,0.86,35,15,2,0,0,25,9,2,0,0,yes
2025,TN,47163,Sullivan,254900TTZ395IC926125,,49,33,7,0.78,27,19,2,1,0,20,12,0,1,0,yes
2025,TN,47163,Sullivan,5493008VVXQIDO1EZ460,,41,31,3,0.74,20,17,4,0,0,15,13,3,0,0,yes
2025,TN,47163,Sullivan,5493003GQDUH26DNNH17,Navy Federal Credit Union,63,28,11,0.67,37,0,26,0,0,13,0,15,0,0,yes
2025,TN,47163,Sullivan,549300FNXYY540N23N64,Newrez LLC,66,28,10,0.67,26,24,16,0,0,6,7,15,0,0,yes
2025,TN,47163,Sullivan,549300XQVJ1XBNFA5536,21ST MORTGAGE CORPORATION,92,28,34,0.67,92,0,0,0,0,28,0,0,0,0,yes
2025,TN,47163,Sullivan,549300KIOYNU323LVJ37,AMERICAN PACIFIC MORTGAGE CORPORATION,37,26,3,0.62,21,13,3,0,0,17,8,1,0,0,yes
2025,TN,47163,Sullivan,5493004T9SQFCNRQ2L76,,31,25,0,0.59,18,10,2,1,0,15,8,2,0,0,yes
2025,TN,47163,Sullivan,549300MZ8VZJOVC63092,"KIND LENDING, LLC",37,25,7,0.59,22,14,1,0,0,16,8,1,0,0,yes
2025,TN,47163,Sullivan,549300AG64NHILB7ZP05,"PennyMac Loan Services, LLC",51,23,14,0.55,18,24,9,0,0,7,9,7,0,0,yes
2025,TN,47163,Sullivan,254900GBKSHEUZ4PGG08,,27,22,3,0.52,27,0,0,0,0,22,0,0,0,0,yes
2025,TN,47163,Sullivan,549300TELLWSMYL9RE90,,23,18,2,0.43,23,0,0,0,0,18,0,0,0,0,yes
2025,TN,47163,Sullivan,549300RPOGWJRH63HS39,UNION HOME MORTGAGE CORP.,20,17,1,0.4,6,10,3,1,0,6,9,2,0,0,yes
2025,TN,47163,Sullivan,5493001GCBD5XGNIC815,Coastal Community Bank,61,16,0,0.38,61,0,0,0,0,16,0,0,0,0,yes
2025,TN,47163,Sullivan,549300IUMIMR7KEN9Z07,,16,16,0,0.38,16,0,0,0,0,16,0,0,0,0,yes
2025,TN,47163,Sullivan,549300VZVN841I2ILS84,Freedom Mortgage Corporation,39,16,3,0.38,12,19,8,0,0,5,7,4,0,0,yes
2025,TN,47163,Sullivan,254900V7NEE9M236MZ98,,22,15,5,0.36,22,0,0,0,0,15,0,0,0,0,yes
2025,TN,47163,Sullivan,5493001WHVQBGRSWEU75,"HOMEBRIDGE FINANCIAL SERVICES, INC.",19,15,1,0.36,13,4,2,0,0,10,3,2,0,0,yes
2025,TN,47163,Sullivan,549300R14I3DX6ZMWL07,,20,15,2,0.36,20,0,0,0,0,15,0,0,0,0,yes
2025,TN,47163,Sullivan,KB1H1DSPRFMYMCUFXT09,"Wells Fargo Bank, National Association",20,15,2,0.36,20,0,0,0,0,15,0,0,0,0,yes
2025,TN,47163,Sullivan,5493008NWHQT1R22C024,"AMERICAN FINANCIAL NETWORK, INC.",22,14,2,0.33,5,16,1,0,0,2,12,0,0,0,yes
2025,TN,47163,Sullivan,549300OPCWU6E72WUT29,"MUTUAL OF OMAHA MORTGAGE, INC.",21,14,2,0.33,7,10,4,0,0,4,8,2,0,0,yes
2025,TN,47163,Sullivan,549300R9S3MVDV4MGF56,"CARRINGTON MORTGAGE SERVICES, LLC",33,14,15,0.33,10,13,10,0,0,4,4,6,0,0,yes
2025,TN,47163,Sullivan,5493002B2WMHY23GFK92,"AMERICAN FINANCIAL RESOURCES, INC.",21,13,2,0.31,5,13,3,0,0,2,9,2,0,0,yes
2025,TN,47163,Sullivan,549300GKFNPRWNS0GF29,"AmeriHome Mortgage Company, LLC",24,13,3,0.31,6,5,10,3,0,3,4,4,2,0,yes
2025,TN,47163,Sullivan,549300YIQ7S7Z8PIHE53,AMERISAVE MORTGAGE CORPORATION,50,13,32,0.31,22,24,4,0,0,6,7,0,0,0,yes
2025,TN,47163,Sullivan,54930030Z1JWTP3SVD16,,19,12,1,0.29,11,6,1,1,0,8,3,1,0,0,yes
2025,TN,47163,Sullivan,5493007TJ86W1ZK4LZ15,,16,12,3,0.29,16,0,0,0,0,12,0,0,0,0,yes
2025,TN,47163,Sullivan,549300COIWXM618UBE82,,19,12,3,0.29,19,0,0,0,0,12,0,0,0,0,yes
2025,TN,47163,Sullivan,549300NOCASXPA34X033,"LAKEVIEW LOAN SERVICING, LLC",38,12,17,0.29,10,16,12,0,0,3,6,3,0,0,yes
2025,TN,47163,Sullivan,549300R0SXC1JU7ZU290,"FIRST COMMUNITY MORTGAGE, INC.",15,12,1,0.29,8,1,5,1,0,7,1,4,0,0,yes
2025,TN,47163,Sullivan,254900HA4DQWAE0W3342,"AMERIHOME MORTGAGE COMPANY, LLC",12,11,1,0.26,0,11,1,0,0,0,10,1,0,0,yes
2025,TN,47163,Sullivan,549300GIR2ODBIF9VF65,,15,10,0,0.24,14,1,0,0,0,10,0,0,0,0,yes
2025,TN,47163,Sullivan,549300R7HGHP2I754087,TOWNE MORTGAGE COMPANY,10,10,0,0.24,3,4,3,0,0,3,4,3,0,0,yes
2025,TN,47163,Sullivan,25490030Z1TAY4VPEL47,,9,9,0,0.21,9,0,0,0,0,9,0,0,0,0,yes
2025,TN,47163,Sullivan,54930054ET8KM4O1D485,"SOFI BANK, NATIONAL ASSOCIATION",21,9,1,0.21,20,1,0,0,0,8,1,0,0,0,yes
2025,TN,47163,Sullivan,549300B4IYL7TZT8FA34,,15,9,0,0.21,8,7,0,0,0,5,4,0,0,0,yes
2025,TN,47163,Sullivan,549300XY701IELCE5Q08,BETTER MORTGAGE CORPORATION,19,9,4,0.21,15,4,0,0,0,9,0,0,0,0,yes
2025,TN,47163,Sullivan,25490014T1E9ZF0ODZ87,,11,8,1,0.19,10,1,0,0,0,7,1,0,0,0,yes
2025,TN,47163,Sullivan,25490066WMF8ZMQXQB18,"Lendage, LLC",11,8,2,0.19,11,0,0,0,0,8,0,0,0,0,yes
2025,TN,47163,Sullivan,5493000NYUJT9UC6G261,,10,8,1,0.19,6,2,2,0,0,5,2,1,0,0,yes
2025,TN,47163,Sullivan,5493005PD34O8ZT7QT17,,9,8,0,0.19,9,0,0,0,0,8,0,0,0,0,yes
2025,TN,47163,Sullivan,549300BLL6VL7AXWYP56,,11,8,0,0.19,10,1,0,0,0,7,1,0,0,0,yes
2025,TN,47163,Sullivan,549300CY7WNAHKHYSJ73,,8,8,0,0.19,3,5,0,0,0,3,5,0,0,0,yes
2025,TN,47163,Sullivan,549300O6Z0I6KYMESL47,AMWEST FUNDING CORP.,13,8,0,0.19,13,0,0,0,0,8,0,0,0,0,yes
2025,TN,47163,Sullivan,549300R77W0P105C3S50,HOMEXPRESS MORTGAGE CORP.,9,8,1,0.19,9,0,0,0,0,8,0,0,0,0,yes
2025,TN,47163,Sullivan,7H6GLXDRUGQFU57RNE97,"JPMorgan Chase Bank, National Association",18,8,1,0.19,17,0,1,0,0,7,0,1,0,0,yes
2025,TN,47163,Sullivan,254900UL88QFG0E40516,FIGURE LENDING LLC,29,7,17,0.17,29,0,0,0,0,7,0,0,0,0,yes
2025,TN,47163,Sullivan,549300ELHXETOZMAKX33,,9,7,0,0.17,9,0,0,0,0,7,0,0,0,0,yes
2025,TN,47163,Sullivan,549300PBTV7FCWLSMM53,,10,7,0,0.17,0,3,7,0,0,0,1,6,0,0,yes
2025,TN,47163,Sullivan,549300U3721PJGQZYY68,Nationstar Mortgage LLC,24,7,0,0.17,14,5,5,0,0,6,1,0,0,0,yes
2025,TN,47163,Sullivan,549300VCMRO4ST680C11,VILLAGE CAPITAL & INVESTMENT LLC,20,7,2,0.17,0,4,16,0,0,0,2,5,0,0,yes
2025,TN,47163,Sullivan,6BYL5QZYBDK8S7L73M02,U.S. Bank National Association,20,7,7,0.17,20,0,0,0,0,7,0,0,0,0,yes
2025,TN,47163,Sullivan,AD6GFRVSDT01YPT1CS68,"PNC Bank, National Association",16,7,2,0.17,16,0,0,0,0,7,0,0,0,0,yes
2025,TN,47163,Sullivan,254900DTLHVWQ7NP7R34,"CMG Mortgage, Inc.",8,6,2,0.14,7,1,0,0,0,5,1,0,0,0,yes
2025,TN,47163,Sullivan,5493002Y5XYV7DV1ZV88,"GOLD STAR MORTGAGE FINANCIAL GROUP, CORPORATION",7,6,0,0.14,2,3,2,0,0,2,3,1,0,0,yes
2025,TN,47163,Sullivan,549300K4ZLGS7SRDTL86,Equity Prime Mortgage LLC,15,6,4,0.14,1,3,10,1,0,1,0,4,1,0,yes
2025,TN,47163,Sullivan,549300Q10M1VXBG2H889,,9,6,1,0.14,1,6,2,0,0,1,4,1,0,0,yes
2025,TN,47163,Sullivan,C5654JQHZUHN0772B561,USAA Federal Savings Bank,15,6,3,0.14,7,0,8,0,0,1,0,5,0,0,yes
2025,TN,47163,Sullivan,PAOOWF3GUFM46FBSP561,,11,6,0,0.14,6,4,1,0,0,4,1,1,0,0,yes
2025,TN,47163,Sullivan,254900M2C4Q6DATP2889,,11,5,3,0.12,5,3,3,0,0,1,1,3,0,0,yes
2025,TN,47163,Sullivan,54930021WPEXNHYZUL09,"PLANET HOME LENDING, LLC",8,5,2,0.12,3,5,0,0,0,2,3,0,0,0,yes
2025,TN,47163,Sullivan,54930049L5WINET09Q97,"CLICK N' CLOSE, INC.",9,5,1,0.12,4,5,0,0,0,2,3,0,0,0,yes
2025,TN,47163,Sullivan,5493005PKOSG7MYX0B34,"Prosperity Home Mortgage, LLC",9,5,1,0.12,1,4,4,0,0,0,2,3,0,0,yes
2025,TN,47163,Sullivan,5493006JISETNI0GLE61,,13,5,4,0.12,13,0,0,0,0,5,0,0,0,0,yes
2025,TN,47163,Sullivan,5493006VAGP3GQ8FJT49,"Kiavi Funding, Inc.",10,5,1,0.12,10,0,0,0,0,5,0,0,0,0,yes
2025,TN,47163,Sullivan,549300CB67L6KPJLHE19,"TRIAD FINANCIAL SERVICES, INC.",28,5,18,0.12,28,0,0,0,0,5,0,0,0,0,yes
2025,TN,47163,Sullivan,549300EFCZM6KD6B8K69,MORTGAGE ACCESS CORP.,6,5,0,0.12,5,0,1,0,0,4,0,1,0,0,yes
2025,TN,47163,Sullivan,549300KXIFQ7HCW3FR89,,9,5,4,0.12,9,0,0,0,0,5,0,0,0,0,yes
2025,TN,47163,Sullivan,549300MHH03ICJYEPE85,,8,5,0,0.12,0,8,0,0,0,0,5,0,0,0,yes
2025,TN,47163,Sullivan,549300OBO7DOF2KOP535,FirstBank,9,5,2,0.12,7,1,1,0,0,3,1,1,0,0,yes
2025,TN,47163,Sullivan,549300RN01LBYR8ZVX74,"LOWER, LLC",16,5,3,0.12,7,6,3,0,0,2,2,1,0,0,yes
2025,TN,47163,Sullivan,549300SHE1JTCOWBP090,STATE EMPLOYEES' CREDIT UNION,8,5,1,0.12,8,0,0,0,0,5,0,0,0,0,yes
2025,TN,47163,Sullivan,549300UG7QXKM7KGV847,,8,5,1,0.12,5,3,0,0,0,3,2,0,0,0,yes
2025,TN,47163,Sullivan,549300XQ8DRJT0OETE90,,5,5,0,0.12,5,0,0,0,0,5,0,0,0,0,yes
2025,TN,47163,Sullivan,894500QC0C65HO7V5165,,5,5,0,0.12,5,0,0,0,0,5,0,0,0,0,yes
2025,TN,47163,Sullivan,DRMSV1Q0EKMEXLAU1P80,"Citizens Bank, National Association",11,5,4,0.12,9,2,0,0,0,3,2,0,0,0,yes
2025,TN,47163,Sullivan,254900WEP08K7U7S3A80,,5,4,0,0.1,0,5,0,0,0,0,4,0,0,0,yes
2025,TN,47163,Sullivan,54930015645SYPOM7220,,4,4,0,0.1,0,4,0,0,0,0,4,0,0,0,yes
2025,TN,47163,Sullivan,5493008CPTDVOS570626,"Primary Residential Mortgage, Inc.",6,4,2,0.1,6,0,0,0,0,4,0,0,0,0,yes
2025,TN,47163,Sullivan,549300A5HHOL2ED18C72,,4,4,0,0.1,4,0,0,0,0,4,0,0,0,0,yes
2025,TN,47163,Sullivan,549300J7I82PNDVU8H22,"OCMBC, INC.",4,4,0,0.1,3,1,0,0,0,3,1,0,0,0,yes
2025,TN,47163,Sullivan,549300OIJ6O9DNP74L72,,4,4,0,0.1,4,0,0,0,0,4,0,0,0,0,yes
2025,TN,47163,Sullivan,549300PIL8LFAQ04XC20,Better Mortgage Corporation,30,4,20,0.1,30,0,0,0,0,4,0,0,0,0,yes
2025,TN,47163,Sullivan,549300RP7VACH3GG5E95,,4,4,0,0.1,4,0,0,0,0,4,0,0,0,0,yes
2025,TN,47163,Sullivan,549300SUCQ1358EGVE89,"NEW DAY FINANCIAL, LLC",38,4,13,0.1,0,3,35,0,0,0,0,4,0,0,yes
2025,TN,47163,Sullivan,549300WN1LQYJX9HOU28,,6,4,0,0.1,6,0,0,0,0,4,0,0,0,0,yes
2025,TN,47163,Sullivan,549300YW2UBCMDRMBT48,,7,4,1,0.1,4,3,0,0,0,3,1,0,0,0,yes
2025,TN,47163,Sullivan,549300ZTT08EKQRVTR15,Atlantic Union Bank,5,4,0,0.1,2,1,2,0,0,2,1,1,0,0,yes
2025,TN,47163,Sullivan,984500CD6F0743B8F530,,5,4,1,0.1,0,3,2,0,0,0,2,2,0,0,yes
2025,TN,47163,Sullivan,B4TYDEB6GKMZO031MB27,"Guaranteed Rate, Inc.",15,4,9,0.1,15,0,0,0,0,4,0,0,0,0,yes
2025,TN,47163,Sullivan,L9VVX1KT5TFTKS0MLF66,First-Citizens Bank & Trust Company,5,4,0,0.1,5,0,0,0,0,4,0,0,0,0,yes
2025,TN,47163,Sullivan,QFROUN1UWUYU0DVIWD51,"Eagle Home Mortgage, LLC",5,4,0,0.1,4,1,0,0,0,3,1,0,0,0,yes
2025,TN,47163,Sullivan,X05BVSK68TQ7YTOSNR22,Discover Bank,31,4,20,0.1,31,0,0,0,0,4,0,0,0,0,yes
2025,TN,47163,Sullivan,254900ZFWS2106HWPH46,"PARAMOUNT RESIDENTIAL MORTGAGE GROUP, INC.",4,3,0,0.07,2,2,0,0,0,2,1,0,0,0,yes
2025,TN,47163,Sullivan,549300121SF0K2LN2804,"PRIMELENDING, A PLAINSCAPITAL COMPANY",4,3,0,0.07,2,1,1,0,0,1,1,1,0,0,yes
2025,TN,47163,Sullivan,5493001HYUPH0X6FT603,,5,3,0,0.07,5,0,0,0,0,3,0,0,0,0,yes
2025,TN,47163,Sullivan,549300323EON4W3CCM44,"RESICENTRAL, LLC",4,3,0,0.07,4,0,0,0,0,3,0,0,0,0,yes
2025,TN,47163,Sullivan,549300370QILXLFUWD20,"ZILLOW HOME LOANS, LLC",6,3,1,0.07,3,2,1,0,0,2,0,1,0,0,yes
2025,TN,47163,Sullivan,549300ALNLUNS3Y53T24,,18,3,8,0.07,4,13,1,0,0,0,2,1,0,0,yes
2025,TN,47163,Sullivan,549300FX7K8PTEQUU487,PENTAGON FEDERAL CREDIT UNION,9,3,6,0.07,5,1,3,0,0,2,0,1,0,0,yes
2025,TN,47163,Sullivan,549300LZUXCJFE5ONM48,,3,3,0,0.07,0,3,0,0,0,0,3,0,0,0,yes
2025,TN,47163,Sullivan,549300PQLK8E48ILXV41,,5,3,1,0.07,4,1,0,0,0,3,0,0,0,0,yes
2025,TN,47163,Sullivan,549300SK2GVCQXPD4S58,"SUN WEST MORTGAGE COMPANY, INC.",6,3,0,0.07,0,3,3,0,0,0,2,1,0,0,yes
2025,TN,47163,Sullivan,254900CTT87ZKAUTIJ37,,2,2,0,0.05,2,0,0,0,0,2,0,0,0,0,yes
2025,TN,47163,Sullivan,254900E6AIE4Z8YQM970,Citadel Servicing Corporation,3,2,0,0.05,3,0,0,0,0,2,0,0,0,0,yes
2025,TN,47163,Sullivan,254900FBWEZ3YUPOBN33,,3,2,1,0.05,3,0,0,0,0,2,0,0,0,0,yes
2025,TN,47163,Sullivan,254900RUCO27MVGTO768,LOAN FUNDER LLC,8,2,2,0.05,8,0,0,0,0,2,0,0,0,0,yes
2025,TN,47163,Sullivan,549300249G20MDIDRR27,,14,2,0,0.05,10,3,1,0,0,1,1,0,0,0,yes
2025,TN,47163,Sullivan,5493003V40VGM7YDFM54,FIRST COLONY MORTGAGE CORPORATION,6,2,1,0.05,2,2,2,0,0,0,2,0,0,0,yes
2025,TN,47163,Sullivan,54930063578UDYE3JR69,,2,2,0,0.05,0,1,1,0,0,0,1,1,0,0,yes
2025,TN,47163,Sullivan,54930072OCHTUJOZQB56,,2,2,0,0.05,2,0,0,0,0,2,0,0,0,0,yes
2025,TN,47163,Sullivan,549300748YYU6VG08N83,,3,2,0,0.05,0,1,0,2,0,0,1,0,1,0,yes
2025,TN,47163,Sullivan,5493008HXD04SBQ82S85,,4,2,0,0.05,4,0,0,0,0,2,0,0,0,0,yes
2025,TN,47163,Sullivan,54930095LY1EDFTWAG29,,2,2,0,0.05,2,0,0,0,0,2,0,0,0,0,yes
2025,TN,47163,Sullivan,549300BX448ALT10FI43,The Federal Savings Bank,14,2,2,0.05,1,0,13,0,0,0,0,2,0,0,yes
2025,TN,47163,Sullivan,549300C8GOC4OYUV0Z32,,4,2,0,0.05,4,0,0,0,0,2,0,0,0,0,yes
2025,TN,47163,Sullivan,549300CUUEEQ66ZVK149,,3,2,0,0.05,0,3,0,0,0,0,2,0,0,0,yes
2025,TN,47163,Sullivan,549300GS0W0TEUQS8571,"Morgan Stanley Private Bank, National Association",3,2,0,0.05,3,0,0,0,0,2,0,0,0,0,yes
2025,TN,47163,Sullivan,549300JYXTZDSPJEPI44,"PLAZA HOME MORTGAGE, INC.",4,2,2,0.05,1,3,0,0,0,0,2,0,0,0,yes
2025,TN,47163,Sullivan,549300KJ8PAJ7E52HG32,Plains Commerce Bank,5,2,2,0.05,4,1,0,0,0,2,0,0,0,0,yes
2025,TN,47163,Sullivan,549300KTR1JGH3K6LU06,FOURLEAF,5,2,2,0.05,5,0,0,0,0,2,0,0,0,0,yes
2025,TN,47163,Sullivan,549300LROQOOQU77WS20,,13,2,2,0.05,13,0,0,0,0,2,0,0,0,0,yes
2025,TN,47163,Sullivan,549300MCIFZSDHUT8X63,"NFM, INC.",3,2,1,0.05,1,1,1,0,0,1,1,0,0,0,yes
2025,TN,47163,Sullivan,549300OSY236S7MBKO83,,2,2,0,0.05,2,0,0,0,0,2,0,0,0,0,yes
2025,TN,47163,Sullivan,549300PJ2WT35S77Q208,,2,2,0,0.05,1,0,0,1,0,1,0,0,1,0,yes
2025,TN,47163,Sullivan,549300QR0KFPEDZPEI42,,7,2,0,0.05,5,1,1,0,0,2,0,0,0,0,yes
2025,TN,47163,Sullivan,549300RFLICNI75BG067,Luminate Bank,5,2,0,0.05,2,3,0,0,0,1,1,0,0,0,yes
2025,TN,47163,Sullivan,549300RWXUAFD1WAE410,"ATLANTIC BAY MORTGAGE GROUP, L.L.C.",2,2,0,0.05,1,1,0,0,0,1,1,0,0,0,yes
2025,TN,47163,Sullivan,549300RYBJHWWDENV610,Alcova Mortgage LLC,4,2,0,0.05,1,3,0,0,0,0,2,0,0,0,yes
2025,TN,47163,Sullivan,549300TA4MQM8WN2XG31,,3,2,0,0.05,3,0,0,0,0,2,0,0,0,0,yes
2025,TN,47163,Sullivan,549300UT4EN6IH579Q63,,3,2,0,0.05,1,2,0,0,0,1,1,0,0,0,yes
2025,TN,47163,Sullivan,549300WYBPIWKK6SQC06,,3,2,0,0.05,3,0,0,0,0,2,0,0,0,0,yes
2025,TN,47163,Sullivan,984500RF83EA742B5589,,3,2,0,0.05,3,0,0,0,0,2,0,0,0,0,yes
2025,TN,47163,Sullivan,984500U2F9A83N391A91,"CHAMPIONS FUNDING, LLC",2,2,0,0.05,2,0,0,0,0,2,0,0,0,0,yes
2025,TN,47163,Sullivan,Q708HHR4LD2B7XIZNO92,First Federal Bank,4,2,0,0.05,3,1,0,0,0,1,1,0,0,0,yes
2025,TN,47163,Sullivan,T68X8LLAQYRNDV034K14,United Community Bank,2,2,0,0.05,2,0,0,0,0,2,0,0,0,0,yes
2025,TN,47163,Sullivan,WWB2V0FCW3A0EE3ZJN75,Manufacturers and Traders Trust Company,4,2,0,0.05,1,1,2,0,0,0,1,1,0,0,yes
2025,TN,47163,Sullivan,213800XR2TCBQJSF1X93,,2,1,1,0.02,1,1,0,0,0,1,0,0,0,0,yes
2025,TN,47163,Sullivan,2549001SI0EMFPT39035,"Cornerstone First Mortgage, Inc",2,1,0,0.02,2,0,0,0,0,1,0,0,0,0,yes
2025,TN,47163,Sullivan,2549001XVX1R2ITF6935,,1,1,0,0.02,1,0,0,0,0,1,0,0,0,0,yes
2025,TN,47163,Sullivan,2549004FXPNKCLIN8250,,1,1,0,0.02,1,0,0,0,0,1,0,0,0,0,yes
2025,TN,47163,Sullivan,254900DRSIZBQXDCJ875,,1,1,0,0.02,1,0,0,0,0,1,0,0,0,0,yes
2025,TN,47163,Sullivan,254900DSZI6CJXJL6Z14,,1,1,0,0.02,1,0,0,0,0,1,0,0,0,0,yes
2025,TN,47163,Sullivan,254900HEJ9F73IMPX887,,4,1,0,0.02,4,0,0,0,0,1,0,0,0,0,yes
2025,TN,47163,Sullivan,254900HIDMT4ZG09RP47,,1,1,0,0.02,0,0,1,0,0,0,0,1,0,0,yes
2025,TN,47163,Sullivan,254900IEGKUDRDS23V26,,1,1,0,0.02,1,0,0,0,0,1,0,0,0,0,yes
2025,TN,47163,Sullivan,254900LP2WHZQ61VBS60,,1,1,0,0.02,1,0,0,0,0,1,0,0,0,0,yes
2025,TN,47163,Sullivan,254900OPB6J0NM26JY33,,1,1,0,0.02,1,0,0,0,0,1,0,0,0,0,yes
2025,TN,47163,Sullivan,254900QIXIWRRJZY1H73,,1,1,0,0.02,1,0,0,0,0,1,0,0,0,0,yes
2025,TN,47163,Sullivan,254900QNIR86GUIRYH95,,1,1,0,0.02,1,0,0,0,0,1,0,0,0,0,yes
2025,TN,47163,Sullivan,254900QTT4Z8ZFTP7G09,,2,1,1,0.02,2,0,0,0,0,1,0,0,0,0,yes
2025,TN,47163,Sullivan,254900R1UY5PAEIHXX38,,1,1,0,0.02,1,0,0,0,0,1,0,0,0,0,yes
2025,TN,47163,Sullivan,254900RNI3GHT6051L54,,1,1,0,0.02,1,0,0,0,0,1,0,0,0,0,yes
2025,TN,47163,Sullivan,254900TG14TB8RKS3U42,,5,1,1,0.02,3,0,2,0,0,1,0,0,0,0,yes
2025,TN,47163,Sullivan,254900U1OBL1MC6M6518,,1,1,0,0.02,1,0,0,0,0,1,0,0,0,0,yes
2025,TN,47163,Sullivan,254900WT4HAMDFWH3048,,4,1,1,0.02,0,4,0,0,0,0,1,0,0,0,yes
2025,TN,47163,Sullivan,254900YA1AQXNM8QVZ06,,1,1,0,0.02,0,1,0,0,0,0,1,0,0,0,yes
2025,TN,47163,Sullivan,2WHM8VNJH63UN14OL754,The Huntington National Bank,1,1,0,0.02,1,0,0,0,0,1,0,0,0,0,yes
2025,TN,47163,Sullivan,54930001NSTOD85LT125,"GUARANTEED RATE AFFINITY, LLC",2,1,0,0.02,2,0,0,0,0,1,0,0,0,0,yes
2025,TN,47163,Sullivan,5493000349C5XXDRQX28,,1,1,0,0.02,1,0,0,0,0,1,0,0,0,0,yes
2025,TN,47163,Sullivan,5493000H6DFDDJRORG89,,2,1,0,0.02,0,2,0,0,0,0,1,0,0,0,yes
2025,TN,47163,Sullivan,5493000V86JDJLM0OV13,,1,1,0,0.02,1,0,0,0,0,1,0,0,0,0,yes
2025,TN,47163,Sullivan,5493001SDQVS1NWYH012,,1,1,0,0.02,0,1,0,0,0,0,1,0,0,0,yes
2025,TN,47163,Sullivan,5493001X0T84TYRJ5Y59,,1,1,0,0.02,1,0,0,0,0,1,0,0,0,0,yes
2025,TN,47163,Sullivan,54930021DZJ9CEN11D61,,1,1,0,0.02,1,0,0,0,0,1,0,0,0,0,yes
2025,TN,47163,Sullivan,54930034MNPILHP25H80,Gateway First Bank,1,1,0,0.02,0,0,1,0,0,0,0,1,0,0,yes
2025,TN,47163,Sullivan,54930043BMDE130FJ617,"PROVIDENT FUNDING ASSOCIATES, L.P.",1,1,0,0.02,1,0,0,0,0,1,0,0,0,0,yes
2025,TN,47163,Sullivan,54930046JONFO0FON766,,1,1,0,0.02,1,0,0,0,0,1,0,0,0,0,yes
2025,TN,47163,Sullivan,5493004AS1SPBQOFDR49,"Change Lending, LLC",2,1,0,0.02,2,0,0,0,0,1,0,0,0,0,yes
2025,TN,47163,Sullivan,5493004NO7XCFVG4KD53,,2,1,0,0.02,2,0,0,0,0,1,0,0,0,0,yes
2025,TN,47163,Sullivan,5493004R423PBPM6A173,,1,1,0,0.02,0,1,0,0,0,0,1,0,0,0,yes
2025,TN,47163,Sullivan,54930052M48FOD3CWA54,"PRIMARY RESIDENTIAL MORTGAGE, INC.",1,1,0,0.02,0,1,0,0,0,0,1,0,0,0,yes
2025,TN,47163,Sullivan,54930059GZZ7G4G40O53,Primis Mortgage Company,1,1,0,0.02,1,0,0,0,0,1,0,0,0,0,yes
2025,TN,47163,Sullivan,5493005XMJQ1GSXUGT67,,2,1,0,0.02,2,0,0,0,0,1,0,0,0,0,yes
2025,TN,47163,Sullivan,5493007CLWQN2S6IZK91,,2,1,0,0.02,0,0,2,0,0,0,0,1,0,0,yes
2025,TN,47163,Sullivan,5493008SP1FN4D81IS17,,1,1,0,0.02,1,0,0,0,0,1,0,0,0,0,yes
2025,TN,47163,Sullivan,54930091CYUK2SDZ6D37,,2,1,1,0.02,1,1,0,0,0,0,1,0,0,0,yes
2025,TN,47163,Sullivan,54930095UWUUXAWASB02,"Atlantic Coast Mortgage, LLC",1,1,0,0.02,0,1,0,0,0,0,1,0,0,0,yes
2025,TN,47163,Sullivan,549300A7W1NQ3BYZCB68,,1,1,0,0.02,1,0,0,0,0,1,0,0,0,0,yes
2025,TN,47163,Sullivan,549300B2JJHSM77T5Y41,,1,1,0,0.02,1,0,0,0,0,1,0,0,0,0,yes
2025,TN,47163,Sullivan,549300BBKMRS6J0CB539,,1,1,0,0.02,1,0,0,0,0,1,0,0,0,0,yes
2025,TN,47163,Sullivan,549300BEXTNMA3CARO05,,1,1,0,0.02,1,0,0,0,0,1,0,0,0,0,yes
2025,TN,47163,Sullivan,549300BM4NS8HDJT3X28,"INTERCOASTAL MORTGAGE, LLC",1,1,0,0.02,0,1,0,0,0,0,1,0,0,0,yes
2025,TN,47163,Sullivan,549300CDOC4F7XSRG390,Pinnacle Bank,2,1,0,0.02,2,0,0,0,0,1,0,0,0,0,yes
2025,TN,47163,Sullivan,549300DCGBXW5FJMV921,,1,1,0,0.02,1,0,0,0,0,1,0,0,0,0,yes
2025,TN,47163,Sullivan,549300E0S1LZYZ9QNX81,,1,1,0,0.02,1,0,0,0,0,1,0,0,0,0,yes
2025,TN,47163,Sullivan,549300E8HNQO52YYHI82,,1,1,0,0.02,1,0,0,0,0,1,0,0,0,0,yes
2025,TN,47163,Sullivan,549300F1D8U51K67LV24,,1,1,0,0.02,1,0,0,0,0,1,0,0,0,0,yes
2025,TN,47163,Sullivan,549300FK3AFCFVAPH234,"Leader Bank, National Association",2,1,0,0.02,2,0,0,0,0,1,0,0,0,0,yes
2025,TN,47163,Sullivan,549300G5DVGM0ZHRQC33,,3,1,0,0.02,0,0,3,0,0,0,0,1,0,0,yes
2025,TN,47163,Sullivan,549300H12E7AUMUHP294,,1,1,0,0.02,0,1,0,0,0,0,1,0,0,0,yes
2025,TN,47163,Sullivan,549300HTKHBMJL4D9734,,1,1,0,0.02,1,0,0,0,0,1,0,0,0,0,yes
2025,TN,47163,Sullivan,549300III1DMY3SLAW56,Countybank,2,1,0,0.02,2,0,0,0,0,1,0,0,0,0,yes
2025,TN,47163,Sullivan,549300INFJ8TYNZ1G568,,1,1,0,0.02,1,0,0,0,0,1,0,0,0,0,yes
2025,TN,47163,Sullivan,549300INKSPQCTELMO58,,1,1,0,0.02,0,0,1,0,0,0,0,1,0,0,yes
2025,TN,47163,Sullivan,549300ISCZS1R0CJMO47,,1,1,0,0.02,1,0,0,0,0,1,0,0,0,0,yes
2025,TN,47163,Sullivan,549300K7224BC1IAX207,DHI Mortgage Company Limited,1,1,0,0.02,1,0,0,0,0,1,0,0,0,0,yes
2025,TN,47163,Sullivan,549300KQHWNSVCE2MY88,,1,1,0,0.02,1,0,0,0,0,1,0,0,0,0,yes
2025,TN,47163,Sullivan,549300KSOOZZVXCMA627,ANGEL OAK MORTGAGE SOLUTIONS LLC,1,1,0,0.02,1,0,0,0,0,1,0,0,0,0,yes
2025,TN,47163,Sullivan,549300KWKWPEKL40WD44,,1,1,0,0.02,1,0,0,0,0,1,0,0,0,0,yes
2025,TN,47163,Sullivan,549300KX4S1573HISS22,,3,1,0,0.02,3,0,0,0,0,1,0,0,0,0,yes
2025,TN,47163,Sullivan,549300LCT0EFT83E5873,,1,1,0,0.02,1,0,0,0,0,1,0,0,0,0,yes
2025,TN,47163,Sullivan,549300LP0CV2MNC1GV68,,1,1,0,0.02,1,0,0,0,0,1,0,0,0,0,yes
2025,TN,47163,Sullivan,549300LWR6X0ZAV34H19,,1,1,0,0.02,1,0,0,0,0,1,0,0,0,0,yes
2025,TN,47163,Sullivan,549300MGPZBLQDIL7538,"PrimeLending, a PlainsCapital Company",2,1,1,0.02,1,1,0,0,0,1,0,0,0,0,yes
2025,TN,47163,Sullivan,549300NFPC3Y4W3Y7R87,,1,1,0,0.02,1,0,0,0,0,1,0,0,0,0,yes
2025,TN,47163,Sullivan,549300NN0PRX3I4QGG46,,1,1,0,0.02,0,0,1,0,0,0,0,1,0,0,yes
2025,TN,47163,Sullivan,549300NWBS6MQJX15N44,,1,1,0,0.02,1,0,0,0,0,1,0,0,0,0,yes
2025,TN,47163,Sullivan,549300OPB0G5OMY0SM65,,2,1,0,0.02,2,0,0,0,0,1,0,0,0,0,yes
2025,TN,47163,Sullivan,549300PL267CW8182203,,7,1,1,0.02,0,3,4,0,0,0,1,0,0,0,yes
2025,TN,47163,Sullivan,549300Q6YL1SFVPEGV90,,3,1,0,0.02,2,1,0,0,0,1,0,0,0,0,yes
2025,TN,47163,Sullivan,549300Q745S62Q6QNW78,,2,1,0,0.02,2,0,0,0,0,1,0,0,0,0,yes
2025,TN,47163,Sullivan,549300QVGK8WC4HQ3C28,,1,1,0,0.02,0,0,1,0,0,0,0,1,0,0,yes
2025,TN,47163,Sullivan,549300R8VPSFM828B312,TEACHERS FEDERAL CREDIT UNION,1,1,0,0.02,1,0,0,0,0,1,0,0,0,0,yes
2025,TN,47163,Sullivan,549300RA3E0BUFO7YZ21,"Hometown Equity Mortgage, LLC",2,1,1,0.02,2,0,0,0,0,1,0,0,0,0,yes
2025,TN,47163,Sullivan,549300RYWXR8TL5LIK35,,3,1,1,0.02,1,2,0,0,0,0,1,0,0,0,yes
2025,TN,47163,Sullivan,549300S5FVOSK5DQJN30,,1,1,0,0.02,0,0,1,0,0,0,0,1,0,0,yes
2025,TN,47163,Sullivan,549300S5YL3OH0IVCS62,FINANCE OF AMERICA REVERSE LLC,2,1,0,0.02,0,2,0,0,0,0,1,0,0,0,yes
2025,TN,47163,Sullivan,549300S8SHBRCI7UU819,,2,1,1,0.02,2,0,0,0,0,1,0,0,0,0,yes
2025,TN,47163,Sullivan,549300SLZFPDLWNB0O94,First Reliance Bank,1,1,0,0.02,1,0,0,0,0,1,0,0,0,0,yes
2025,TN,47163,Sullivan,549300T7AIY7RU1YDP31,,1,1,0,0.02,1,0,0,0,0,1,0,0,0,0,yes
2025,TN,47163,Sullivan,549300TG5MQ8D4SYP955,,1,1,0,0.02,1,0,0,0,0,1,0,0,0,0,yes
2025,TN,47163,Sullivan,549300UR5AOWTJJ7KZ64,,1,1,0,0.02,1,0,0,0,0,1,0,0,0,0,yes
2025,TN,47163,Sullivan,549300UVOSI4XZZGUE14,,2,1,0,0.02,0,0,2,0,0,0,0,1,0,0,yes
2025,TN,47163,Sullivan,549300VMX06UV1F7NS76,,1,1,0,0.02,0,1,0,0,0,0,1,0,0,0,yes
2025,TN,47163,Sullivan,549300W1HU6IVVIEJ389,,1,1,0,0.02,0,1,0,0,0,0,1,0,0,0,yes
2025,TN,47163,Sullivan,549300WZWPMDWIL12842,,1,1,0,0.02,1,0,0,0,0,1,0,0,0,0,yes
2025,TN,47163,Sullivan,549300XCVBRR56D08F03,,10,1,0,0.02,6,1,3,0,0,1,0,0,0,0,yes
2025,TN,47163,Sullivan,549300XQM4M89ZBZLQ02,,1,1,0,0.02,1,0,0,0,0,1,0,0,0,0,yes
2025,TN,47163,Sullivan,549300Y5Y88FQLI7VE83,DEEPHAVEN MORTGAGE LLC,1,1,0,0.02,1,0,0,0,0,1,0,0,0,0,yes
2025,TN,47163,Sullivan,549300YN94MOAVYW0F52,"GoodLeap, LLC",4,1,0,0.02,0,4,0,0,0,0,1,0,0,0,yes
2025,TN,47163,Sullivan,549300YUZCW5UUIYIL79,,1,1,0,0.02,1,0,0,0,0,1,0,0,0,0,yes
2025,TN,47163,Sullivan,549300ZPSJZO10ZAX556,"AMERICAN HERITAGE LENDING, LLC",1,1,0,0.02,1,0,0,0,0,1,0,0,0,0,yes
2025,TN,47163,Sullivan,9845007CY0EC0F59W414,,3,1,0,0.02,3,0,0,0,0,1,0,0,0,0,yes
2025,TN,47163,Sullivan,984500F6E6940CCB6A60,,5,1,0,0.02,5,0,0,0,0,1,0,0,0,0,yes
2025,TN,47163,Sullivan,C398JSK21YCXWM603F55,,3,1,0,0.02,0,0,3,0,0,0,0,1,0,0,yes
2025,TN,47163,Sullivan,COINQMNIM6RBU631DD85,,1,1,0,0.02,1,0,0,0,0,1,0,0,0,0,yes
2025,TN,47163,Sullivan,Q7C315HKI8VX0SSKBS64,Cadence Bank,1,1,0,0.02,0,1,0,0,0,0,1,0,0,0,yes
2025,TN,47163,Sullivan,SS1TRMSN6BRNMOREEV51,"Flagstar Bank, National Association",1,1,0,0.02,1,0,0,0,0,1,0,0,0,0,yes
2025,TN,47163,Sullivan,VNOO6EITDJ2YUEBMSZ83,,1,1,0,0.02,1,0,0,0,0,1,0,0,0,0,yes
2025,TN,47163,Sullivan,WKN6AF1FCL7BBYGTGI83,,4,1,1,0.02,4,0,0,0,0,1,0,0,0,0,yes
2025,TN,47163,Sullivan,54930091JQKCU3Z6IP44,,6,0,2,0.0,6,0,0,0,0,0,0,0,0,0,yes
2025,TN,47163,Sullivan,549300Q3ROEQU3D1IW91,,27,0,25,0.0,27,0,0,0,0,0,0,0,0,0,yes
2025,TN,47163,Sullivan,9845006YE04B346EC919,,5,0,0,0.0,0,2,3,0,0,0,0,0,0,0,yes
2025,TN,47163,Sullivan,984500F03B9034CQB904,,5,0,1,0.0,4,0,1,0,0,0,0,0,0,0,yes
2025,TN,47165,Sumner,549300FGXN1K3HLB1R50,"Rocket Mortgage, LLC",646,459,100,7.11,489,101,56,0,0,368,54,37,0,0,yes
2025,TN,47165,Sumner,549300HW662MN1WU8550,"United Wholesale Mortgage, LLC",602,459,60,7.11,322,154,120,6,0,256,104,96,3,0,yes
2025,TN,47165,Sumner,549300GKFNPRWNS0GF29,"AmeriHome Mortgage Company, LLC",390,290,6,4.49,239,104,34,13,0,174,79,28,9,0,yes
2025,TN,47165,Sumner,EQTWLK1G7ODGC2MGLV11,Regions Bank,328,162,105,2.51,314,12,2,0,0,156,5,1,0,0,yes
2025,TN,47165,Sumner,549300C4CKL0HRXJ3085,,173,142,9,2.2,165,5,3,0,0,139,1,2,0,0,yes
2025,TN,47165,Sumner,549300KBWX4NV5Q1E376,"NVR Mortgage Finance, Inc.",176,129,38,2.0,55,104,16,1,0,46,73,10,0,0,yes
2025,TN,47165,Sumner,549300FZ8E0GLIFFYB55,,149,122,19,1.89,149,0,0,0,0,122,0,0,0,0,yes
2025,TN,47165,Sumner,549300VZVN841I2ILS84,Freedom Mortgage Corporation,185,120,5,1.86,122,45,18,0,0,81,25,14,0,0,yes
2025,TN,47165,Sumner,2549007JQKHU8KQ0FC19,,136,117,0,1.81,95,28,13,0,0,80,25,12,0,0,yes
2025,TN,47165,Sumner,549300AG64NHILB7ZP05,"PennyMac Loan Services, LLC",146,117,15,1.81,90,40,16,0,0,78,28,11,0,0,yes
2025,TN,47165,Sumner,254900PVWALA7JTBXA31,WILSON BANK AND TRUST,164,107,23,1.66,160,1,3,0,0,106,1,0,0,0,yes
2025,TN,47165,Sumner,549300LYRWPSYPK6S325,Guild Mortgage Company LLC,191,105,14,1.63,32,90,68,1,0,14,50,40,1,0,yes
2025,TN,47165,Sumner,549300E1PJPTI4YS7H26,ASCEND FEDERAL CREDIT UNION,161,103,26,1.6,158,3,0,0,0,102,1,0,0,0,yes
2025,TN,47165,Sumner,5493001SXWZ4OFP8Z903,"CrossCountry Mortgage, LLC",152,102,11,1.58,83,34,28,7,0,58,19,21,4,0,yes
2025,TN,47165,Sumner,COOWI3L2W9TPYR3WJX37,First Horizon Bank,151,99,40,1.53,149,2,0,0,0,97,2,0,0,0,yes
2025,TN,47165,Sumner,5493000YNV8IX4VD3X12,"VANDERBILT MORTGAGE AND FINANCE, INC.",178,97,29,1.5,136,32,10,0,0,65,26,6,0,0,yes
2025,TN,47165,Sumner,549300MGPZBLQDIL7538,"PrimeLending, a PlainsCapital Company",152,97,12,1.5,91,48,13,0,0,54,32,11,0,0,yes
2025,TN,47165,Sumner,6BYL5QZYBDK8S7L73M02,U.S. Bank National Association,189,92,63,1.43,182,6,1,0,0,87,4,1,0,0,yes
2025,TN,47165,Sumner,B4TYDEB6GKMZO031MB27,"Guaranteed Rate, Inc.",185,92,53,1.43,183,2,0,0,0,91,1,0,0,0,yes
2025,TN,47165,Sumner,549300CDOC4F7XSRG390,Pinnacle Bank,146,91,22,1.41,140,4,2,0,0,89,2,0,0,0,yes
2025,TN,47165,Sumner,RVDPPPGHCGZ40J4VQ731,Fairway Independent Mortgage Corporation,182,82,23,1.27,92,62,28,0,0,44,25,13,0,0,yes
2025,TN,47165,Sumner,549300H3IZO24NSOO931,"loanDepot.com, LLC",112,79,10,1.22,59,38,7,8,0,44,24,7,4,0,yes
2025,TN,47165,Sumner,549300AT7EB9FJAF0E61,Old National Bank,123,75,23,1.16,108,10,5,0,0,67,5,3,0,0,yes
2025,TN,47165,Sumner,QFROUN1UWUYU0DVIWD51,"Eagle Home Mortgage, LLC",133,74,33,1.15,132,0,0,1,0,73,0,0,1,0,yes
2025,TN,47165,Sumner,549300OBO7DOF2KOP535,FirstBank,89,70,7,1.08,66,16,4,3,0,52,12,4,2,0,yes
2025,TN,47165,Sumner,54930052M48FOD3CWA54,"PRIMARY RESIDENTIAL MORTGAGE, INC.",110,69,5,1.07,64,35,8,3,0,42,18,7,2,0,yes
2025,TN,47165,Sumner,5493001UYBOONMFYPR30,"Legacy Home Loans, LLC",83,67,0,1.04,66,10,7,0,0,55,7,5,0,0,yes
2025,TN,47165,Sumner,549300DD5QQUHO6PCH70,"Movement Mortgage, LLC",180,65,31,1.01,20,8,151,1,0,5,2,57,1,0,yes
2025,TN,47165,Sumner,549300L1DBFIJZI8LA40,,84,62,5,0.96,42,27,12,3,0,32,20,8,2,0,yes
2025,TN,47165,Sumner,549300LBCBNR1OT00651,NATIONSTAR MORTGAGE LLC,95,62,14,0.96,80,12,3,0,0,54,6,2,0,0,yes
2025,TN,47165,Sumner,549300YRN588YD6VNJ18,,75,61,10,0.95,75,0,0,0,0,61,0,0,0,0,yes
2025,TN,47165,Sumner,5493004OB0KD7VERQW98,,65,60,0,0.93,35,24,5,1,0,32,23,5,0,0,yes
2025,TN,47165,Sumner,549300KHXD7JSQUZIJ22,,79,57,0,0.88,60,13,6,0,0,44,10,3,0,0,yes
2025,TN,47165,Sumner,549300AJ6XFK1ACXWQ06,,67,56,2,0.87,65,0,0,2,0,55,0,0,1,0,yes
2025,TN,47165,Sumner,JJKC32MCHWDI71265Z06,Truist Bank,111,56,40,0.87,111,0,0,0,0,56,0,0,0,0,yes
2025,TN,47165,Sumner,7H6GLXDRUGQFU57RNE97,"JPMorgan Chase Bank, National Association",87,54,5,0.84,83,3,1,0,0,51,2,1,0,0,yes
2025,TN,47165,Sumner,549300MZ8VZJOVC63092,"KIND LENDING, LLC",75,51,13,0.79,47,23,0,5,0,30,17,0,4,0,yes
2025,TN,47165,Sumner,254900UL88QFG0E40516,FIGURE LENDING LLC,77,49,12,0.76,77,0,0,0,0,49,0,0,0,0,yes
2025,TN,47165,Sumner,549300R0SXC1JU7ZU290,"FIRST COMMUNITY MORTGAGE, INC.",65,47,2,0.73,42,18,4,1,0,31,12,3,1,0,yes
2025,TN,47165,Sumner,549300U3721PJGQZYY68,Nationstar Mortgage LLC,78,47,6,0.73,42,21,14,1,0,27,11,8,1,0,yes
2025,TN,47165,Sumner,5493003GQDUH26DNNH17,Navy Federal Credit Union,97,45,17,0.7,74,0,23,0,0,34,0,11,0,0,yes
2025,TN,47165,Sumner,549300PIL8LFAQ04XC20,Better Mortgage Corporation,131,44,63,0.68,131,0,0,0,0,44,0,0,0,0,yes
2025,TN,47165,Sumner,549300DMYENRV818D594,,57,43,0,0.67,52,2,1,2,0,38,2,1,2,0,yes
2025,TN,47165,Sumner,549300E2UX99HKDBR481,"Broker Solutions, Inc.",103,42,10,0.65,48,46,9,0,0,23,13,6,0,0,yes
2025,TN,47165,Sumner,IUGPUX5LWRZ3B6KIZ697,Ameris Bank,60,42,0,0.65,37,12,11,0,0,26,10,6,0,0,yes
2025,TN,47165,Sumner,549300KIOYNU323LVJ37,AMERICAN PACIFIC MORTGAGE CORPORATION,51,40,1,0.62,30,18,1,2,0,24,14,0,2,0,yes
2025,TN,47165,Sumner,549300VNBQD8FDHF7563,"MORTGAGE INVESTORS GROUP, INC.",45,40,0,0.62,30,12,3,0,0,26,11,3,0,0,yes
2025,TN,47165,Sumner,549300W4TWSN8U8TGD72,,35,35,0,0.54,35,0,0,0,0,35,0,0,0,0,yes
2025,TN,47165,Sumner,5493003EW6T31TGECO83,,39,33,0,0.51,39,0,0,0,0,33,0,0,0,0,yes
2025,TN,47165,Sumner,54930049L5WINET09Q97,"CLICK N' CLOSE, INC.",47,32,1,0.5,20,25,2,0,0,15,15,2,0,0,yes
2025,TN,47165,Sumner,5493004WMLN60ZJ2ON46,"Paramount Residential Mortgage Group, Inc.",54,32,8,0.5,43,4,7,0,0,26,2,4,0,0,yes
2025,TN,47165,Sumner,549300FNXYY540N23N64,Newrez LLC,127,32,25,0.5,69,32,24,2,0,20,3,8,1,0,yes
2025,TN,47165,Sumner,DRMSV1Q0EKMEXLAU1P80,"Citizens Bank, National Association",56,32,15,0.5,53,2,1,0,0,31,0,1,0,0,yes
2025,TN,47165,Sumner,549300PC4MFWQBNVKG88,,35,31,0,0.48,27,8,0,0,0,24,7,0,0,0,yes
2025,TN,47165,Sumner,549300T9P3WXNMXX0I34,Ixonia Bank,44,30,0,0.46,26,12,3,3,0,17,8,3,2,0,yes
2025,TN,47165,Sumner,549300YIQ7S7Z8PIHE53,AMERISAVE MORTGAGE CORPORATION,86,30,44,0.46,60,18,8,0,0,23,4,3,0,0,yes
2025,TN,47165,Sumner,549300DPRWSBUY619V27,,46,29,14,0.45,46,0,0,0,0,29,0,0,0,0,yes
2025,TN,47165,Sumner,5493001GCBD5XGNIC815,Coastal Community Bank,107,28,5,0.43,107,0,0,0,0,28,0,0,0,0,yes
2025,TN,47165,Sumner,54930059GZZ7G4G40O53,Primis Mortgage Company,33,27,0,0.42,17,12,4,0,0,13,11,3,0,0,yes
2025,TN,47165,Sumner,549300NOCASXPA34X033,"LAKEVIEW LOAN SERVICING, LLC",74,27,31,0.42,22,33,19,0,0,9,13,5,0,0,yes
2025,TN,47165,Sumner,549300OPCWU6E72WUT29,"MUTUAL OF OMAHA MORTGAGE, INC.",44,27,8,0.42,14,25,5,0,0,9,15,3,0,0,yes
2025,TN,47165,Sumner,54930072OCHTUJOZQB56,,33,26,1,0.4,30,1,1,1,0,23,1,1,1,0,yes
2025,TN,47165,Sumner,549300DD4R4SYK5RAQ92,"Cardinal Financial Company, Limited Partnership",37,24,1,0.37,29,7,1,0,0,20,4,0,0,0,yes
2025,TN,47165,Sumner,AD6GFRVSDT01YPT1CS68,"PNC Bank, National Association",34,24,3,0.37,34,0,0,0,0,24,0,0,0,0,yes
2025,TN,47165,Sumner,T68X8LLAQYRNDV034K14,United Community Bank,47,24,15,0.37,45,2,0,0,0,24,0,0,0,0,yes
2025,TN,47165,Sumner,254900DTLHVWQ7NP7R34,"CMG Mortgage, Inc.",35,23,4,0.36,34,0,0,1,0,22,0,0,1,0,yes
2025,TN,47165,Sumner,54930020YWIK7HGH2R34,,31,22,1,0.34,14,13,2,2,0,7,11,2,2,0,yes
2025,TN,47165,Sumner,549300121SF0K2LN2804,"PRIMELENDING, A PLAINSCAPITAL COMPANY",29,21,2,0.33,22,5,1,1,0,15,4,1,1,0,yes
2025,TN,47165,Sumner,54930054ET8KM4O1D485,"SOFI BANK, NATIONAL ASSOCIATION",62,21,6,0.33,60,2,0,0,0,20,1,0,0,0,yes
2025,TN,47165,Sumner,549300BLL6VL7AXWYP56,,34,21,1,0.33,25,4,5,0,0,16,3,2,0,0,yes
2025,TN,47165,Sumner,549300R9S3MVDV4MGF56,"CARRINGTON MORTGAGE SERVICES, LLC",48,21,14,0.33,20,20,8,0,0,7,10,4,0,0,yes
2025,TN,47165,Sumner,KB1H1DSPRFMYMCUFXT09,"Wells Fargo Bank, National Association",31,21,6,0.33,28,3,0,0,0,20,1,0,0,0,yes
2025,TN,47165,Sumner,Q7C315HKI8VX0SSKBS64,Cadence Bank,34,20,9,0.31,28,6,0,0,0,18,2,0,0,0,yes
2025,TN,47165,Sumner,5493006JISETNI0GLE61,,30,19,3,0.29,30,0,0,0,0,19,0,0,0,0,yes
2025,TN,47165,Sumner,549300RM1IZYGQDSNL85,,27,19,1,0.29,19,5,2,1,0,15,2,1,1,0,yes
2025,TN,47165,Sumner,254900ERGGNLW2R5J379,,21,18,0,0.28,10,10,1,0,0,9,8,1,0,0,yes
2025,TN,47165,Sumner,549300JRDGV1559XM376,,28,17,0,0.26,22,5,1,0,0,15,2,0,0,0,yes
2025,TN,47165,Sumner,549300SMD444BM2WO947,,22,17,1,0.26,20,2,0,0,0,15,2,0,0,0,yes
2025,TN,47165,Sumner,549300ZWNETGFXTBBY03,,26,17,0,0.26,17,6,2,1,0,14,2,1,0,0,yes
2025,TN,47165,Sumner,549300DG3IV05V4C4E03,,28,16,0,0.25,17,5,3,3,0,9,4,2,1,0,yes
2025,TN,47165,Sumner,X05BVSK68TQ7YTOSNR22,Discover Bank,66,16,25,0.25,66,0,0,0,0,16,0,0,0,0,yes
2025,TN,47165,Sumner,5493001WHVQBGRSWEU75,"HOMEBRIDGE FINANCIAL SERVICES, INC.",23,15,4,0.23,20,2,1,0,0,12,2,1,0,0,yes
2025,TN,47165,Sumner,549300AQ3T62GXDU7D76,Ally Bank,20,15,0,0.23,11,7,2,0,0,8,5,2,0,0,yes
2025,TN,47165,Sumner,549300VCMRO4ST680C11,VILLAGE CAPITAL & INVESTMENT LLC,34,15,7,0.23,0,9,25,0,0,0,6,9,0,0,yes
2025,TN,47165,Sumner,25490066WMF8ZMQXQB18,"Lendage, LLC",21,14,4,0.22,21,0,0,0,0,14,0,0,0,0,yes
2025,TN,47165,Sumner,549300LXKO1O7CSK5J52,,15,14,0,0.22,10,3,2,0,0,9,3,2,0,0,yes
2025,TN,47165,Sumner,549300YW2UBCMDRMBT48,,19,14,0,0.22,9,6,3,1,0,8,4,2,0,0,yes
2025,TN,47165,Sumner,X6T32LKEPUT8LQMW6755,,34,14,2,0.22,30,4,0,0,0,13,1,0,0,0,yes
2025,TN,47165,Sumner,54930015645SYPOM7220,,21,13,1,0.2,5,12,3,1,0,4,7,2,0,0,yes
2025,TN,47165,Sumner,549300RPOGWJRH63HS39,UNION HOME MORTGAGE CORP.,19,13,1,0.2,10,3,5,1,0,7,3,3,0,0,yes
2025,TN,47165,Sumner,54930021WPEXNHYZUL09,"PLANET HOME LENDING, LLC",15,12,2,0.19,3,8,4,0,0,2,7,3,0,0,yes
2025,TN,47165,Sumner,549300K4ZLGS7SRDTL86,Equity Prime Mortgage LLC,25,12,2,0.19,0,16,8,1,0,0,8,4,0,0,yes
2025,TN,47165,Sumner,549300CTISSNREVLNO46,,17,11,1,0.17,14,2,1,0,0,8,2,1,0,0,yes
2025,TN,47165,Sumner,549300UXY7OP0IC38293,,17,11,1,0.17,13,4,0,0,0,8,3,0,0,0,yes
2025,TN,47165,Sumner,549300XY701IELCE5Q08,BETTER MORTGAGE CORPORATION,34,11,7,0.17,28,5,1,0,0,7,3,1,0,0,yes
2025,TN,47165,Sumner,254900WQCRCK13A7DC81,,18,10,5,0.15,17,0,1,0,0,9,0,1,0,0,yes
2025,TN,47165,Sumner,5493008CPTDVOS570626,"Primary Residential Mortgage, Inc.",20,10,7,0.15,20,0,0,0,0,10,0,0,0,0,yes
2025,TN,47165,Sumner,549300S5YL3OH0IVCS62,FINANCE OF AMERICA REVERSE LLC,14,10,1,0.15,0,14,0,0,0,0,10,0,0,0,yes
2025,TN,47165,Sumner,549300SK2GVCQXPD4S58,"SUN WEST MORTGAGE COMPANY, INC.",23,10,7,0.15,3,12,8,0,0,2,5,3,0,0,yes
2025,TN,47165,Sumner,549300YUZCW5UUIYIL79,,13,10,2,0.15,13,0,0,0,0,10,0,0,0,0,yes
2025,TN,47165,Sumner,984500U2F9A83N391A91,"CHAMPIONS FUNDING, LLC",14,10,1,0.15,14,0,0,0,0,10,0,0,0,0,yes
2025,TN,47165,Sumner,54930030Z1JWTP3SVD16,,11,9,0,0.14,4,7,0,0,0,4,5,0,0,0,yes
2025,TN,47165,Sumner,549300FX7K8PTEQUU487,PENTAGON FEDERAL CREDIT UNION,21,9,7,0.14,16,0,5,0,0,6,0,3,0,0,yes
2025,TN,47165,Sumner,549300HTKHBMJL4D9734,,20,9,9,0.14,20,0,0,0,0,9,0,0,0,0,yes
2025,TN,47165,Sumner,549300MHH03ICJYEPE85,,10,9,0,0.14,0,10,0,0,0,0,9,0,0,0,yes
2025,TN,47165,Sumner,549300PQLK8E48ILXV41,,9,9,0,0.14,8,1,0,0,0,8,1,0,0,0,yes
2025,TN,47165,Sumner,549300VMX06UV1F7NS76,,14,9,1,0.14,6,4,4,0,0,4,2,3,0,0,yes
2025,TN,47165,Sumner,549300VORTI31GZTJL53,"CARDINAL FINANCIAL COMPANY, LIMITED PARTNERSHIP",14,9,0,0.14,6,8,0,0,0,4,5,0,0,0,yes
2025,TN,47165,Sumner,549300XWUSRVVOHPRY47,Academy Mortgage Corporation,21,9,1,0.14,12,5,4,0,0,4,4,1,0,0,yes
2025,TN,47165,Sumner,54930022I573MYIIOM33,,8,8,0,0.12,6,2,0,0,0,6,2,0,0,0,yes
2025,TN,47165,Sumner,5493002B2WMHY23GFK92,"AMERICAN FINANCIAL RESOURCES, INC.",15,8,1,0.12,7,4,3,1,0,5,2,1,0,0,yes
2025,TN,47165,Sumner,5493002RF1ERFA2XR050,Renasant Bank,15,8,2,0.12,13,0,0,2,0,7,0,0,1,0,yes
2025,TN,47165,Sumner,5493003V40VGM7YDFM54,FIRST COLONY MORTGAGE CORPORATION,15,8,3,0.12,8,6,0,1,0,3,5,0,0,0,yes
2025,TN,47165,Sumner,549300IFOE4SCP384147,University Bank,9,8,0,0.12,9,0,0,0,0,8,0,0,0,0,yes
2025,TN,47165,Sumner,549300R0L43GUZ8EW811,,12,8,1,0.12,9,1,2,0,0,7,0,1,0,0,yes
2025,TN,47165,Sumner,549300RP3DLR09NF6157,,10,8,2,0.12,4,4,1,1,0,2,4,1,1,0,yes
2025,TN,47165,Sumner,254900M2C4Q6DATP2889,,29,7,6,0.11,3,19,7,0,0,1,5,1,0,0,yes
2025,TN,47165,Sumner,54930043BMDE130FJ617,"PROVIDENT FUNDING ASSOCIATES, L.P.",8,7,0,0.11,8,0,0,0,0,7,0,0,0,0,yes
2025,TN,47165,Sumner,5493008NWHQT1R22C024,"AMERICAN FINANCIAL NETWORK, INC.",14,7,0,0.11,4,8,2,0,0,2,4,1,0,0,yes
2025,TN,47165,Sumner,549300G6RZM5T8NQJW74,,9,7,2,0.11,7,1,1,0,0,5,1,1,0,0,yes
2025,TN,47165,Sumner,549300LROQOOQU77WS20,,12,7,0,0.11,12,0,0,0,0,7,0,0,0,0,yes
2025,TN,47165,Sumner,549300QR0KFPEDZPEI42,,11,7,0,0.11,8,2,1,0,0,5,2,0,0,0,yes
2025,TN,47165,Sumner,549300RYBJHWWDENV610,Alcova Mortgage LLC,8,7,0,0.11,7,1,0,0,0,6,1,0,0,0,yes
2025,TN,47165,Sumner,549300XQVJ1XBNFA5536,21ST MORTGAGE CORPORATION,37,7,19,0.11,37,0,0,0,0,7,0,0,0,0,yes
2025,TN,47165,Sumner,549300Y5Y88FQLI7VE83,DEEPHAVEN MORTGAGE LLC,11,7,3,0.11,11,0,0,0,0,7,0,0,0,0,yes
2025,TN,47165,Sumner,C5654JQHZUHN0772B561,USAA Federal Savings Bank,19,7,4,0.11,8,0,11,0,0,2,0,5,0,0,yes
2025,TN,47165,Sumner,CKVBED0S4DMLKJJ5XH28,,7,7,0,0.11,7,0,0,0,0,7,0,0,0,0,yes
2025,TN,47165,Sumner,PAOOWF3GUFM46FBSP561,,24,7,3,0.11,14,9,1,0,0,3,3,1,0,0,yes
2025,TN,47165,Sumner,254900HA4DQWAE0W3342,"AMERIHOME MORTGAGE COMPANY, LLC",12,6,2,0.09,2,9,1,0,0,2,4,0,0,0,yes
2025,TN,47165,Sumner,254900HEJ9F73IMPX887,,10,6,0,0.09,10,0,0,0,0,6,0,0,0,0,yes
2025,TN,47165,Sumner,254900YR8UZ7F37G6E87,,6,6,0,0.09,6,0,0,0,0,6,0,0,0,0,yes
2025,TN,47165,Sumner,254900ZFWS2106HWPH46,"PARAMOUNT RESIDENTIAL MORTGAGE GROUP, INC.",9,6,1,0.09,3,6,0,0,0,2,4,0,0,0,yes
2025,TN,47165,Sumner,5493004AS1SPBQOFDR49,"Change Lending, LLC",8,6,1,0.09,8,0,0,0,0,6,0,0,0,0,yes
2025,TN,47165,Sumner,5493006P5IHSK77SZ855,,6,6,0,0.09,2,3,1,0,0,2,3,1,0,0,yes
2025,TN,47165,Sumner,549300BX448ALT10FI43,The Federal Savings Bank,17,6,2,0.09,4,2,11,0,0,1,1,4,0,0,yes
2025,TN,47165,Sumner,549300PL267CW8182203,,19,6,1,0.09,2,4,13,0,0,0,2,4,0,0,yes
2025,TN,47165,Sumner,549300Q10M1VXBG2H889,,15,6,0,0.09,6,9,0,0,0,3,3,0,0,0,yes
2025,TN,47165,Sumner,549300YN94MOAVYW0F52,"GoodLeap, LLC",11,6,3,0.09,3,7,1,0,0,1,5,0,0,0,yes
2025,TN,47165,Sumner,254900DRSIZBQXDCJ875,,5,5,0,0.08,5,0,0,0,0,5,0,0,0,0,yes
2025,TN,47165,Sumner,254900TG14TB8RKS3U42,,9,5,0,0.08,8,0,1,0,0,4,0,1,0,0,yes
2025,TN,47165,Sumner,549300095ABBENNWE160,,5,5,0,0.08,5,0,0,0,0,5,0,0,0,0,yes
2025,TN,47165,Sumner,5493002FQ43Q3BNXZW27,,8,5,3,0.08,8,0,0,0,0,5,0,0,0,0,yes
2025,TN,47165,Sumner,5493002GI63WHHUTUD85,"KEYSTONE FUNDING, INC.",5,5,0,0.08,3,2,0,0,0,3,2,0,0,0,yes
2025,TN,47165,Sumner,5493009B17HXCVXTD608,"JMAC LENDING, INC.",8,5,0,0.08,3,3,2,0,0,2,1,2,0,0,yes
2025,TN,47165,Sumner,549300COIWXM618UBE82,,5,5,0,0.08,5,0,0,0,0,5,0,0,0,0,yes
2025,TN,47165,Sumner,549300J7I82PNDVU8H22,"OCMBC, INC.",8,5,2,0.08,4,4,0,0,0,3,2,0,0,0,yes
2025,TN,47165,Sumner,549300MCIFZSDHUT8X63,"NFM, INC.",7,5,0,0.08,6,0,1,0,0,5,0,0,0,0,yes
2025,TN,47165,Sumner,549300NFPC3Y4W3Y7R87,,7,5,0,0.08,1,4,2,0,0,1,4,0,0,0,yes
2025,TN,47165,Sumner,549300PBTV7FCWLSMM53,,9,5,1,0.08,0,2,7,0,0,0,1,4,0,0,yes
2025,TN,47165,Sumner,549300Q50XCC0473FG63,,8,5,2,0.08,8,0,0,0,0,5,0,0,0,0,yes
2025,TN,47165,Sumner,549300RN01LBYR8ZVX74,"LOWER, LLC",15,5,1,0.08,4,7,4,0,0,2,3,0,0,0,yes
2025,TN,47165,Sumner,549300V8CF81JGIV7038,,6,5,0,0.08,5,1,0,0,0,4,1,0,0,0,yes
2025,TN,47165,Sumner,549300ZZME37MXI1EF14,,6,5,0,0.08,5,0,1,0,0,4,0,1,0,0,yes
2025,TN,47165,Sumner,254900O2K17TNH5CL873,"RF RENOVO MANAGEMENT COMPANY, LLC",4,4,0,0.06,4,0,0,0,0,4,0,0,0,0,yes
2025,TN,47165,Sumner,254900WEP08K7U7S3A80,,4,4,0,0.06,1,3,0,0,0,1,3,0,0,0,yes
2025,TN,47165,Sumner,5493005NU5BA00C1N451,,9,4,1,0.06,2,4,3,0,0,0,2,2,0,0,yes
2025,TN,47165,Sumner,549300A0SVCQJPHVGV20,,4,4,0,0.06,4,0,0,0,0,4,0,0,0,0,yes
2025,TN,47165,Sumner,549300B4IYL7TZT8FA34,,4,4,0,0.06,3,1,0,0,0,3,1,0,0,0,yes
2025,TN,47165,Sumner,549300GS0W0TEUQS8571,"Morgan Stanley Private Bank, National Association",8,4,1,0.06,8,0,0,0,0,4,0,0,0,0,yes
2025,TN,47165,Sumner,549300IJ8KTGYPKLXK63,,6,4,0,0.06,4,1,1,0,0,3,0,1,0,0,yes
2025,TN,47165,Sumner,549300JYXTZDSPJEPI44,"PLAZA HOME MORTGAGE, INC.",6,4,1,0.06,3,2,1,0,0,3,1,0,0,0,yes
2025,TN,47165,Sumner,549300KQHWNSVCE2MY88,,10,4,0,0.06,9,0,1,0,0,4,0,0,0,0,yes
2025,TN,47165,Sumner,549300QVGK8WC4HQ3C28,,8,4,0,0.06,1,6,1,0,0,1,2,1,0,0,yes
2025,TN,47165,Sumner,549300ZIQ24V0C88AC41,GTE Federal Credit Union,6,4,1,0.06,6,0,0,0,0,4,0,0,0,0,yes
2025,TN,47165,Sumner,2138005KH543RLMQHE28,,4,3,1,0.05,4,0,0,0,0,3,0,0,0,0,yes
2025,TN,47165,Sumner,254900CTT87ZKAUTIJ37,,7,3,2,0.05,7,0,0,0,0,3,0,0,0,0,yes
2025,TN,47165,Sumner,254900E6AIE4Z8YQM970,Citadel Servicing Corporation,6,3,0,0.05,6,0,0,0,0,3,0,0,0,0,yes
2025,TN,47165,Sumner,254900RUCO27MVGTO768,LOAN FUNDER LLC,11,3,7,0.05,11,0,0,0,0,3,0,0,0,0,yes
2025,TN,47165,Sumner,254900V6GCDMRQZ34D96,,4,3,0,0.05,4,0,0,0,0,3,0,0,0,0,yes
2025,TN,47165,Sumner,5493000349C5XXDRQX28,,5,3,0,0.05,0,2,3,0,0,0,2,1,0,0,yes
2025,TN,47165,Sumner,5493000QYMPN362T6V61,,4,3,0,0.05,4,0,0,0,0,3,0,0,0,0,yes
2025,TN,47165,Sumner,5493001GDRY0EL7VG372,"ARK-LA-TEX FINANCIAL SERVICES, LLC.",4,3,0,0.05,4,0,0,0,0,3,0,0,0,0,yes
2025,TN,47165,Sumner,5493002JDOI3GTNVUD76,,6,3,2,0.05,6,0,0,0,0,3,0,0,0,0,yes
2025,TN,47165,Sumner,5493002Y5XYV7DV1ZV88,"GOLD STAR MORTGAGE FINANCIAL GROUP, CORPORATION",4,3,0,0.05,2,0,2,0,0,2,0,1,0,0,yes
2025,TN,47165,Sumner,5493004IEEY3EWUVQH38,,3,3,0,0.05,3,0,0,0,0,3,0,0,0,0,yes
2025,TN,47165,Sumner,5493005PKOSG7MYX0B34,"Prosperity Home Mortgage, LLC",4,3,1,0.05,2,2,0,0,0,2,1,0,0,0,yes
2025,TN,47165,Sumner,5493007669OVCSCATP45,TENNESSEE VALLEY FCU,5,3,1,0.05,5,0,0,0,0,3,0,0,0,0,yes
2025,TN,47165,Sumner,5493008ZTV4S0W9DCX64,,3,3,0,0.05,1,1,1,0,0,1,1,1,0,0,yes
2025,TN,47165,Sumner,549300ALNLUNS3Y53T24,,18,3,8,0.05,8,10,0,0,0,1,2,0,0,0,yes
2025,TN,47165,Sumner,549300GTVXJ2PGXNLM73,T2 FINANCIAL LLC,5,3,2,0.05,2,1,2,0,0,1,1,1,0,0,yes
2025,TN,47165,Sumner,549300ISCZS1R0CJMO47,,3,3,0,0.05,3,0,0,0,0,3,0,0,0,0,yes
2025,TN,47165,Sumner,549300KJ8PAJ7E52HG32,Plains Commerce Bank,12,3,2,0.05,10,2,0,0,0,3,0,0,0,0,yes
2025,TN,47165,Sumner,549300KSOOZZVXCMA627,ANGEL OAK MORTGAGE SOLUTIONS LLC,4,3,1,0.05,4,0,0,0,0,3,0,0,0,0,yes
2025,TN,47165,Sumner,549300KTR1JGH3K6LU06,FOURLEAF,10,3,7,0.05,10,0,0,0,0,3,0,0,0,0,yes
2025,TN,47165,Sumner,549300PXL1KA5TOL2O82,"M/I FINANCIAL, LLC",3,3,0,0.05,0,2,1,0,0,0,2,1,0,0,yes
2025,TN,47165,Sumner,549300QKL5FUBZ8LSF50,,7,3,0,0.05,3,3,1,0,0,1,1,1,0,0,yes
2025,TN,47165,Sumner,549300R77W0P105C3S50,HOMEXPRESS MORTGAGE CORP.,7,3,4,0.05,6,1,0,0,0,3,0,0,0,0,yes
2025,TN,47165,Sumner,549300REENMLD2RN3W58,,5,3,1,0.05,0,1,4,0,0,0,0,3,0,0,yes
2025,TN,47165,Sumner,549300RFLICNI75BG067,Luminate Bank,3,3,0,0.05,1,2,0,0,0,1,2,0,0,0,yes
2025,TN,47165,Sumner,549300RYTR2RVL4SFJ90,,3,3,0,0.05,3,0,0,0,0,3,0,0,0,0,yes
2025,TN,47165,Sumner,549300SUCQ1358EGVE89,"NEW DAY FINANCIAL, LLC",36,3,12,0.05,0,3,33,0,0,0,0,3,0,0,yes
2025,TN,47165,Sumner,549300T3F9S1MKFKHC53,HOMESTEAD FUNDING CORP.,4,3,0,0.05,4,0,0,0,0,3,0,0,0,0,yes
2025,TN,47165,Sumner,549300WHVRE44NRBU558,,3,3,0,0.05,2,1,0,0,0,2,1,0,0,0,yes
2025,TN,47165,Sumner,549300X8AUU3UC1ULZ79,,4,3,0,0.05,4,0,0,0,0,3,0,0,0,0,yes
2025,TN,47165,Sumner,549300XQ7B5FIVUNFE29,VAN DYK MORTGAGE CORPORATION,6,3,1,0.05,2,0,4,0,0,1,0,2,0,0,yes
2025,TN,47165,Sumner,549300XSS1CPK8G7B851,,4,3,0,0.05,2,2,0,0,0,1,2,0,0,0,yes
2025,TN,47165,Sumner,549300ZN5MIVRMVHJS09,,4,3,0,0.05,3,0,1,0,0,2,0,1,0,0,yes
2025,TN,47165,Sumner,984500CD6F0743B8F530,,3,3,0,0.05,0,0,3,0,0,0,0,3,0,0,yes
2025,TN,47165,Sumner,C398JSK21YCXWM603F55,,3,3,0,0.05,3,0,0,0,0,3,0,0,0,0,yes
2025,TN,47165,Sumner,DX0JX77PRMOELF7VG772,Synovus Bank,4,3,1,0.05,4,0,0,0,0,3,0,0,0,0,yes
2025,TN,47165,Sumner,SS1TRMSN6BRNMOREEV51,"Flagstar Bank, National Association",10,3,4,0.05,8,2,0,0,0,2,1,0,0,0,yes
2025,TN,47165,Sumner,WKN6AF1FCL7BBYGTGI83,,3,3,0,0.05,3,0,0,0,0,3,0,0,0,0,yes
2025,TN,47165,Sumner,213800QUAI2VH5YM6310,"EMBRACE HOME LOANS, INC.",2,2,0,0.03,0,2,0,0,0,0,2,0,0,0,yes
2025,TN,47165,Sumner,2549004FXPNKCLIN8250,,2,2,0,0.03,1,1,0,0,0,1,1,0,0,0,yes
2025,TN,47165,Sumner,2549004Z576VEJBK3N72,"NQM FUNDING, LLC",2,2,0,0.03,2,0,0,0,0,2,0,0,0,0,yes
2025,TN,47165,Sumner,2549005SIVTHG14U2905,A&D Mortgage LLC,5,2,0,0.03,5,0,0,0,0,2,0,0,0,0,yes
2025,TN,47165,Sumner,2549007IU6SKFLLNKZ07,,2,2,0,0.03,2,0,0,0,0,2,0,0,0,0,yes
2025,TN,47165,Sumner,254900FJRICL380R4T46,Leaders Credit Union,3,2,0,0.03,3,0,0,0,0,2,0,0,0,0,yes
2025,TN,47165,Sumner,254900QXDYW5OTSNTL04,,3,2,0,0.03,0,3,0,0,0,0,2,0,0,0,yes
2025,TN,47165,Sumner,254900VKT2R0R20CR104,,2,2,0,0.03,2,0,0,0,0,2,0,0,0,0,yes
2025,TN,47165,Sumner,254900WTZC5SSKIN2M11,,4,2,1,0.03,4,0,0,0,0,2,0,0,0,0,yes
2025,TN,47165,Sumner,254900YPPMV9UM5FUW09,,4,2,0,0.03,4,0,0,0,0,2,0,0,0,0,yes
2025,TN,47165,Sumner,5493000IIYWBLONJVJ30,,2,2,0,0.03,2,0,0,0,0,2,0,0,0,0,yes
2025,TN,47165,Sumner,5493000OM9RKJW8W5K82,,2,2,0,0.03,2,0,0,0,0,2,0,0,0,0,yes
2025,TN,47165,Sumner,549300370QILXLFUWD20,"ZILLOW HOME LOANS, LLC",3,2,0,0.03,1,2,0,0,0,1,1,0,0,0,yes
2025,TN,47165,Sumner,5493003NV9L53LK1XI52,,3,2,0,0.03,2,1,0,0,0,2,0,0,0,0,yes
2025,TN,47165,Sumner,5493004RLLKTQS8K7U51,,2,2,0,0.03,2,0,0,0,0,2,0,0,0,0,yes
2025,TN,47165,Sumner,5493004T9SQFCNRQ2L76,,5,2,0,0.03,2,2,1,0,0,2,0,0,0,0,yes
2025,TN,47165,Sumner,5493004UNRG4PWDF2K60,AFFINITY FEDERAL CREDIT UNION,2,2,0,0.03,2,0,0,0,0,2,0,0,0,0,yes
2025,TN,47165,Sumner,5493006RIR31ORKYB608,,5,2,1,0.03,1,3,1,0,0,1,1,0,0,0,yes
2025,TN,47165,Sumner,5493006VAGP3GQ8FJT49,"Kiavi Funding, Inc.",5,2,0,0.03,5,0,0,0,0,2,0,0,0,0,yes
2025,TN,47165,Sumner,5493008MFIR0PTRGGL44,,2,2,0,0.03,2,0,0,0,0,2,0,0,0,0,yes
2025,TN,47165,Sumner,5493008P6YO2KM3EO556,,4,2,0,0.03,4,0,0,0,0,2,0,0,0,0,yes
2025,TN,47165,Sumner,5493008VVXQIDO1EZ460,,4,2,0,0.03,3,0,1,0,0,1,0,1,0,0,yes
2025,TN,47165,Sumner,549300CUUEEQ66ZVK149,,4,2,0,0.03,1,3,0,0,0,1,1,0,0,0,yes
2025,TN,47165,Sumner,549300DDLYW49R2HCV81,EASTMAN CREDIT UNION,2,2,0,0.03,2,0,0,0,0,2,0,0,0,0,yes
2025,TN,47165,Sumner,549300DQLGJ1YQRRHH73,,2,2,0,0.03,2,0,0,0,0,2,0,0,0,0,yes
2025,TN,47165,Sumner,549300EKFFG3BU8DNX74,NEXERA HOLDING LLC,6,2,0,0.03,6,0,0,0,0,2,0,0,0,0,yes
2025,TN,47165,Sumner,549300GZY55UGMUMI322,,2,2,0,0.03,1,0,1,0,0,1,0,1,0,0,yes
2025,TN,47165,Sumner,549300HN58ONH5KNJJ12,,2,2,0,0.03,2,0,0,0,0,2,0,0,0,0,yes
2025,TN,47165,Sumner,549300HRLROF7PLJ6735,CLEAREDGE LENDING LLC,4,2,2,0.03,4,0,0,0,0,2,0,0,0,0,yes
2025,TN,47165,Sumner,549300HV02VPA0FYR272,,2,2,0,0.03,2,0,0,0,0,2,0,0,0,0,yes
2025,TN,47165,Sumner,549300III1DMY3SLAW56,Countybank,2,2,0,0.03,2,0,0,0,0,2,0,0,0,0,yes
2025,TN,47165,Sumner,549300IRXW9RSZM2B951,,2,2,0,0.03,2,0,0,0,0,2,0,0,0,0,yes
2025,TN,47165,Sumner,549300KB8NXVYD7BGS97,,4,2,0,0.03,4,0,0,0,0,2,0,0,0,0,yes
2025,TN,47165,Sumner,549300LI3FDGO7UKFF39,EAST COAST CAPITAL CORP.,2,2,0,0.03,2,0,0,0,0,2,0,0,0,0,yes
2025,TN,47165,Sumner,549300MU3SP76R81WW62,,2,2,0,0.03,2,0,0,0,0,2,0,0,0,0,yes
2025,TN,47165,Sumner,549300OIJ6O9DNP74L72,,4,2,1,0.03,3,1,0,0,0,2,0,0,0,0,yes
2025,TN,47165,Sumner,549300PL8ER6H23P0Z91,,4,2,0,0.03,2,2,0,0,0,1,1,0,0,0,yes
2025,TN,47165,Sumner,549300Q6YL1SFVPEGV90,,5,2,0,0.03,0,3,2,0,0,0,0,2,0,0,yes
2025,TN,47165,Sumner,549300R7HGHP2I754087,TOWNE MORTGAGE COMPANY,2,2,0,0.03,1,1,0,0,0,1,1,0,0,0,yes
2025,TN,47165,Sumner,549300RYWXR8TL5LIK35,,2,2,0,0.03,0,2,0,0,0,0,2,0,0,0,yes
2025,TN,47165,Sumner,549300RZFHIGIM84KN09,,4,2,1,0.03,4,0,0,0,0,2,0,0,0,0,yes
2025,TN,47165,Sumner,549300S8SHBRCI7UU819,,7,2,3,0.03,7,0,0,0,0,2,0,0,0,0,yes
2025,TN,47165,Sumner,549300TWLXP5O4IHG211,,8,2,0,0.03,8,0,0,0,0,2,0,0,0,0,yes
2025,TN,47165,Sumner,549300VQUTI5IU7GXT57,,3,2,0,0.03,1,2,0,0,0,0,2,0,0,0,yes
2025,TN,47165,Sumner,549300VVH8HHFMWL8536,,2,2,0,0.03,2,0,0,0,0,2,0,0,0,0,yes
2025,TN,47165,Sumner,549300W45D2J6BT4LX65,,2,2,0,0.03,2,0,0,0,0,2,0,0,0,0,yes
2025,TN,47165,Sumner,549300YD7XJM19TH5O82,,2,2,0,0.03,2,0,0,0,0,2,0,0,0,0,yes
2025,TN,47165,Sumner,549300ZPSJZO10ZAX556,"AMERICAN HERITAGE LENDING, LLC",6,2,0,0.03,6,0,0,0,0,2,0,0,0,0,yes
2025,TN,47165,Sumner,549300ZS1TR1B4LHX377,,3,2,0,0.03,3,0,0,0,0,2,0,0,0,0,yes
2025,TN,47165,Sumner,549300ZUA8339ZH6W934,,2,2,0,0.03,2,0,0,0,0,2,0,0,0,0,yes
2025,TN,47165,Sumner,8I3UVGYULPJQIP7FQV10,"SouthState Bank, National Association",2,2,0,0.03,2,0,0,0,0,2,0,0,0,0,yes
2025,TN,47165,Sumner,MV4O55SH8HO6KQSGW013,,2,2,0,0.03,2,0,0,0,0,2,0,0,0,0,yes
2025,TN,47165,Sumner,Q708HHR4LD2B7XIZNO92,First Federal Bank,3,2,0,0.03,2,0,1,0,0,2,0,0,0,0,yes
2025,TN,47165,Sumner,WWB2V0FCW3A0EE3ZJN75,Manufacturers and Traders Trust Company,4,2,0,0.03,1,2,1,0,0,1,0,1,0,0,yes
2025,TN,47165,Sumner,ZXMJHJK466PBZTM5F379,,2,2,0,0.03,2,0,0,0,0,2,0,0,0,0,yes
2025,TN,47165,Sumner,01J4SO3XTWZF4PP38209,,1,1,0,0.02,1,0,0,0,0,1,0,0,0,0,yes
2025,TN,47165,Sumner,213800XR2TCBQJSF1X93,,3,1,0,0.02,3,0,0,0,0,1,0,0,0,0,yes
2025,TN,47165,Sumner,2549001SI0EMFPT39035,"Cornerstone First Mortgage, Inc",3,1,0,0.02,2,1,0,0,0,1,0,0,0,0,yes
2025,TN,47165,Sumner,2549004IXUWDS2CYU578,,1,1,0,0.02,1,0,0,0,0,1,0,0,0,0,yes
2025,TN,47165,Sumner,2549005K0ZG1MFV3R260,Reliable Holdings Manager LLC,1,1,0,0.02,1,0,0,0,0,1,0,0,0,0,yes
2025,TN,47165,Sumner,2549005Q4HZ55QX7YC64,,1,1,0,0.02,1,0,0,0,0,1,0,0,0,0,yes
2025,TN,47165,Sumner,2549007AU24FVDMNUB40,,2,1,1,0.02,2,0,0,0,0,1,0,0,0,0,yes
2025,TN,47165,Sumner,254900ACU16O36WZP625,,1,1,0,0.02,1,0,0,0,0,1,0,0,0,0,yes
2025,TN,47165,Sumner,254900DSZI6CJXJL6Z14,,1,1,0,0.02,1,0,0,0,0,1,0,0,0,0,yes
2025,TN,47165,Sumner,254900DTLB5WWMBJAD86,,2,1,0,0.02,2,0,0,0,0,1,0,0,0,0,yes
2025,TN,47165,Sumner,254900E9QYJ6OX8QXL76,,1,1,0,0.02,1,0,0,0,0,1,0,0,0,0,yes
2025,TN,47165,Sumner,254900HGO0ML9XQH7267,,1,1,0,0.02,1,0,0,0,0,1,0,0,0,0,yes
2025,TN,47165,Sumner,254900J2RKTTDJSUWD76,,1,1,0,0.02,1,0,0,0,0,1,0,0,0,0,yes
2025,TN,47165,Sumner,254900MY80V94K63ZY41,,1,1,0,0.02,1,0,0,0,0,1,0,0,0,0,yes
2025,TN,47165,Sumner,254900N51OM1EJ4TQZ22,,2,1,0,0.02,2,0,0,0,0,1,0,0,0,0,yes
2025,TN,47165,Sumner,254900NZOY3XB2DNSZ34,,1,1,0,0.02,1,0,0,0,0,1,0,0,0,0,yes
2025,TN,47165,Sumner,254900P7WLDQD9IUL038,Service Federal Credit Union,1,1,0,0.02,1,0,0,0,0,1,0,0,0,0,yes
2025,TN,47165,Sumner,254900RQ2FMUUUQUGI02,,1,1,0,0.02,1,0,0,0,0,1,0,0,0,0,yes
2025,TN,47165,Sumner,254900TTZ395IC926125,,3,1,1,0.02,3,0,0,0,0,1,0,0,0,0,yes
2025,TN,47165,Sumner,254900U2ZPLWQTSD3158,,1,1,0,0.02,1,0,0,0,0,1,0,0,0,0,yes
2025,TN,47165,Sumner,254900WT4HAMDFWH3048,,3,1,0,0.02,0,3,0,0,0,0,1,0,0,0,yes
2025,TN,47165,Sumner,254900YA1AQXNM8QVZ06,,1,1,0,0.02,1,0,0,0,0,1,0,0,0,0,yes
2025,TN,47165,Sumner,337KMNHEWWWR6B7Q7W10,,1,1,0,0.02,0,0,1,0,0,0,0,1,0,0,yes
2025,TN,47165,Sumner,3Y4U8VZURTYWI1W2K376,,2,1,1,0.02,2,0,0,0,0,1,0,0,0,0,yes
2025,TN,47165,Sumner,4EP6JBYBTPTQ47LZOB67,,1,1,0,0.02,1,0,0,0,0,1,0,0,0,0,yes
2025,TN,47165,Sumner,4LJGQ9KJ9S0CP4B1FY29,,1,1,0,0.02,1,0,0,0,0,1,0,0,0,0,yes
2025,TN,47165,Sumner,5493000EUC3MM52PJV85,,1,1,0,0.02,1,0,0,0,0,1,0,0,0,0,yes
2025,TN,47165,Sumner,5493000H6DFDDJRORG89,,3,1,0,0.02,2,1,0,0,0,1,0,0,0,0,yes
2025,TN,47165,Sumner,5493001JT9MT3Z3Y3M39,,1,1,0,0.02,1,0,0,0,0,1,0,0,0,0,yes
2025,TN,47165,Sumner,5493001TKHVR1XBO7H51,,1,1,0,0.02,1,0,0,0,0,1,0,0,0,0,yes
2025,TN,47165,Sumner,5493001XKL0FTNOJ0866,,1,1,0,0.02,0,1,0,0,0,0,1,0,0,0,yes
2025,TN,47165,Sumner,549300217ZPIHWEYT887,,1,1,0,0.02,1,0,0,0,0,1,0,0,0,0,yes
2025,TN,47165,Sumner,549300249G20MDIDRR27,,2,1,0,0.02,1,1,0,0,0,0,1,0,0,0,yes
2025,TN,47165,Sumner,549300323EON4W3CCM44,"RESICENTRAL, LLC",2,1,0,0.02,2,0,0,0,0,1,0,0,0,0,yes
2025,TN,47165,Sumner,5493003BXKRGHQHRJV38,,1,1,0,0.02,1,0,0,0,0,1,0,0,0,0,yes
2025,TN,47165,Sumner,5493003X6Y6JGJKHPA25,,1,1,0,0.02,1,0,0,0,0,1,0,0,0,0,yes
2025,TN,47165,Sumner,54930048P8RWCQHQM310,,1,1,0,0.02,1,0,0,0,0,1,0,0,0,0,yes
2025,TN,47165,Sumner,5493004VB8XJ1L0EOO76,,1,1,0,0.02,1,0,0,0,0,1,0,0,0,0,yes
2025,TN,47165,Sumner,5493005PD34O8ZT7QT17,,1,1,0,0.02,1,0,0,0,0,1,0,0,0,0,yes
2025,TN,47165,Sumner,5493005QMX3SJKDTQZ62,,1,1,0,0.02,1,0,0,0,0,1,0,0,0,0,yes
2025,TN,47165,Sumner,549300748YYU6VG08N83,,1,1,0,0.02,0,1,0,0,0,0,1,0,0,0,yes
2025,TN,47165,Sumner,5493007CLWQN2S6IZK91,,2,1,1,0.02,0,0,2,0,0,0,0,1,0,0,yes
2025,TN,47165,Sumner,54930080168VA6Z8UX21,TOWER Federal Credit Union,3,1,1,0.02,3,0,0,0,0,1,0,0,0,0,yes
2025,TN,47165,Sumner,5493008PQSMR41Y70C36,,1,1,0,0.02,1,0,0,0,0,1,0,0,0,0,yes
2025,TN,47165,Sumner,5493008Q3XBC7O0Q4X02,,3,1,2,0.02,1,1,1,0,0,0,0,1,0,0,yes
2025,TN,47165,Sumner,5493008SP1FN4D81IS17,,1,1,0,0.02,1,0,0,0,0,1,0,0,0,0,yes
2025,TN,47165,Sumner,54930091CYUK2SDZ6D37,,1,1,0,0.02,1,0,0,0,0,1,0,0,0,0,yes
2025,TN,47165,Sumner,54930091JQKCU3Z6IP44,,14,1,0,0.02,14,0,0,0,0,1,0,0,0,0,yes
2025,TN,47165,Sumner,549300A5HHOL2ED18C72,,6,1,0,0.02,3,2,1,0,0,0,0,1,0,0,yes
2025,TN,47165,Sumner,549300AG10BX85DF5S49,MLD MORTGAGE INC.,1,1,0,0.02,1,0,0,0,0,1,0,0,0,0,yes
2025,TN,47165,Sumner,549300BG31WZXGJRH472,,1,1,0,0.02,1,0,0,0,0,1,0,0,0,0,yes
2025,TN,47165,Sumner,549300BIIOTBIZJPS834,,1,1,0,0.02,1,0,0,0,0,1,0,0,0,0,yes
2025,TN,47165,Sumner,549300BM4NS8HDJT3X28,"INTERCOASTAL MORTGAGE, LLC",1,1,0,0.02,1,0,0,0,0,1,0,0,0,0,yes
2025,TN,47165,Sumner,549300BWXUPDS3PDOL40,,1,1,0,0.02,1,0,0,0,0,1,0,0,0,0,yes
2025,TN,47165,Sumner,549300BXWU32AYWT1A56,,1,1,0,0.02,1,0,0,0,0,1,0,0,0,0,yes
2025,TN,47165,Sumner,549300C1ICNCM0V37Y02,,1,1,0,0.02,1,0,0,0,0,1,0,0,0,0,yes
2025,TN,47165,Sumner,549300C853H86L248593,,1,1,0,0.02,1,0,0,0,0,1,0,0,0,0,yes
2025,TN,47165,Sumner,549300CNRVR02KBUDD48,,1,1,0,0.02,1,0,0,0,0,1,0,0,0,0,yes
2025,TN,47165,Sumner,549300CQG2T7TCGY8Q67,,1,1,0,0.02,1,0,0,0,0,1,0,0,0,0,yes
2025,TN,47165,Sumner,549300CRSE0TY73U6X46,,1,1,0,0.02,0,1,0,0,0,0,1,0,0,0,yes
2025,TN,47165,Sumner,549300CVK4UVTLHJ0R80,,1,1,0,0.02,1,0,0,0,0,1,0,0,0,0,yes
2025,TN,47165,Sumner,549300DCGBXW5FJMV921,,1,1,0,0.02,1,0,0,0,0,1,0,0,0,0,yes
2025,TN,47165,Sumner,549300E0S1LZYZ9QNX81,,2,1,0,0.02,2,0,0,0,0,1,0,0,0,0,yes
2025,TN,47165,Sumner,549300E8HNQO52YYHI82,,1,1,0,0.02,1,0,0,0,0,1,0,0,0,0,yes
2025,TN,47165,Sumner,549300EFCZM6KD6B8K69,MORTGAGE ACCESS CORP.,1,1,0,0.02,1,0,0,0,0,1,0,0,0,0,yes
2025,TN,47165,Sumner,549300HINJH60UG3KG47,,1,1,0,0.02,1,0,0,0,0,1,0,0,0,0,yes
2025,TN,47165,Sumner,549300HUJ6V0QTROHW53,,1,1,0,0.02,1,0,0,0,0,1,0,0,0,0,yes
2025,TN,47165,Sumner,549300IHBKY3L5OIDT39,,1,1,0,0.02,1,0,0,0,0,1,0,0,0,0,yes
2025,TN,47165,Sumner,549300IKNQI45EOJU155,"Capital City Home Loans, LLC",1,1,0,0.02,1,0,0,0,0,1,0,0,0,0,yes
2025,TN,47165,Sumner,549300IPUHFA5O769M51,"Vellum Mortgage, Inc.",1,1,0,0.02,1,0,0,0,0,1,0,0,0,0,yes
2025,TN,47165,Sumner,549300J6N77Q8OHYNF23,,1,1,0,0.02,0,1,0,0,0,0,1,0,0,0,yes
2025,TN,47165,Sumner,549300JQEF6V2RNWCC75,,3,1,0,0.02,3,0,0,0,0,1,0,0,0,0,yes
2025,TN,47165,Sumner,549300K2JM6ID3V5LO24,,3,1,1,0.02,3,0,0,0,0,1,0,0,0,0,yes
2025,TN,47165,Sumner,549300K6L4VXCXWN4205,ORNL,2,1,0,0.02,2,0,0,0,0,1,0,0,0,0,yes
2025,TN,47165,Sumner,549300LLESTPOVRG3X73,,5,1,0,0.02,5,0,0,0,0,1,0,0,0,0,yes
2025,TN,47165,Sumner,549300LLKEKXL2RM1F61,CONTOUR MORTGAGE CORPORATION,1,1,0,0.02,0,0,1,0,0,0,0,1,0,0,yes
2025,TN,47165,Sumner,549300LPT41QBMAC7948,,2,1,0,0.02,2,0,0,0,0,1,0,0,0,0,yes
2025,TN,47165,Sumner,549300M8WGW2D17CZD19,,1,1,0,0.02,0,1,0,0,0,0,1,0,0,0,yes
2025,TN,47165,Sumner,549300NN0PRX3I4QGG46,,2,1,0,0.02,0,0,2,0,0,0,0,1,0,0,yes
2025,TN,47165,Sumner,549300NWBS6MQJX15N44,,3,1,0,0.02,3,0,0,0,0,1,0,0,0,0,yes
2025,TN,47165,Sumner,549300O6Z0I6KYMESL47,AMWEST FUNDING CORP.,2,1,0,0.02,2,0,0,0,0,1,0,0,0,0,yes
2025,TN,47165,Sumner,549300OBJRCHJ0G6XU24,,1,1,0,0.02,1,0,0,0,0,1,0,0,0,0,yes
2025,TN,47165,Sumner,549300OPB0G5OMY0SM65,,2,1,0,0.02,2,0,0,0,0,1,0,0,0,0,yes
2025,TN,47165,Sumner,549300OYEKEORA1GI088,,1,1,0,0.02,0,0,1,0,0,0,0,1,0,0,yes
2025,TN,47165,Sumner,549300PXIFIEPL7D7R86,,1,1,0,0.02,0,0,1,0,0,0,0,1,0,0,yes
2025,TN,47165,Sumner,549300QCJE0X5P8H4Z85,,2,1,1,0.02,2,0,0,0,0,1,0,0,0,0,yes
2025,TN,47165,Sumner,549300RA3E0BUFO7YZ21,"Hometown Equity Mortgage, LLC",3,1,2,0.02,3,0,0,0,0,1,0,0,0,0,yes
2025,TN,47165,Sumner,549300RTWPH3HXUWR160,,1,1,0,0.02,1,0,0,0,0,1,0,0,0,0,yes
2025,TN,47165,Sumner,549300SFG15JDKI5MD22,,2,1,0,0.02,2,0,0,0,0,1,0,0,0,0,yes
2025,TN,47165,Sumner,549300T94GSH3C4U5M59,ALLIANT CREDIT UNION,4,1,3,0.02,4,0,0,0,0,1,0,0,0,0,yes
2025,TN,47165,Sumner,549300TA4MQM8WN2XG31,,3,1,0,0.02,3,0,0,0,0,1,0,0,0,0,yes
2025,TN,47165,Sumner,549300TCY9QY8BRDQJ12,,1,1,0,0.02,0,1,0,0,0,0,1,0,0,0,yes
2025,TN,47165,Sumner,549300TULDV69V2XKY60,,1,1,0,0.02,1,0,0,0,0,1,0,0,0,0,yes
2025,TN,47165,Sumner,549300UF3FPC7U6RFC59,,3,1,0,0.02,2,1,0,0,0,0,1,0,0,0,yes
2025,TN,47165,Sumner,549300UKYJZO6CZXIX60,,3,1,1,0.02,2,1,0,0,0,1,0,0,0,0,yes
2025,TN,47165,Sumner,549300UM6HPORF7X4415,,1,1,0,0.02,1,0,0,0,0,1,0,0,0,0,yes
2025,TN,47165,Sumner,549300UR5AOWTJJ7KZ64,,4,1,0,0.02,4,0,0,0,0,1,0,0,0,0,yes
2025,TN,47165,Sumner,549300UVOSI4XZZGUE14,,1,1,0,0.02,0,0,1,0,0,0,0,1,0,0,yes
2025,TN,47165,Sumner,549300VIZR4H7AB15496,,1,1,0,0.02,1,0,0,0,0,1,0,0,0,0,yes
2025,TN,47165,Sumner,549300VJ7C5JB4W87F48,,1,1,0,0.02,1,0,0,0,0,1,0,0,0,0,yes
2025,TN,47165,Sumner,549300VXXDSMSH313G18,,2,1,1,0.02,2,0,0,0,0,1,0,0,0,0,yes
2025,TN,47165,Sumner,549300WKFR15017V9850,,1,1,0,0.02,1,0,0,0,0,1,0,0,0,0,yes
2025,TN,47165,Sumner,549300WN1LQYJX9HOU28,,2,1,0,0.02,2,0,0,0,0,1,0,0,0,0,yes
2025,TN,47165,Sumner,549300WYBPIWKK6SQC06,,5,1,2,0.02,4,0,1,0,0,1,0,0,0,0,yes
2025,TN,47165,Sumner,549300X844WCY1CCL322,,1,1,0,0.02,1,0,0,0,0,1,0,0,0,0,yes
2025,TN,47165,Sumner,549300XCVBRR56D08F03,,13,1,0,0.02,7,5,1,0,0,1,0,0,0,0,yes
2025,TN,47165,Sumner,549300Y4BSP3BSFW7J29,,3,1,0,0.02,3,0,0,0,0,1,0,0,0,0,yes
2025,TN,47165,Sumner,549300Z7EP1HO5CH1C36,First Palmetto Bank,1,1,0,0.02,1,0,0,0,0,1,0,0,0,0,yes
2025,TN,47165,Sumner,549300ZGTRKCDKOVEQ80,,1,1,0,0.02,1,0,0,0,0,1,0,0,0,0,yes
2025,TN,47165,Sumner,593C3GZG957YOJPS2Z63,,1,1,0,0.02,1,0,0,0,0,1,0,0,0,0,yes
2025,TN,47165,Sumner,9845006YE04B346EC919,,2,1,0,0.02,1,0,1,0,0,0,0,1,0,0,yes
2025,TN,47165,Sumner,98450087981AP406JG03,,1,1,0,0.02,1,0,0,0,0,1,0,0,0,0,yes
2025,TN,47165,Sumner,984500F6E6940CCB6A60,,1,1,0,0.02,1,0,0,0,0,1,0,0,0,0,yes
2025,TN,47165,Sumner,984500P059VACEAAFA22,,1,1,0,0.02,1,0,0,0,0,1,0,0,0,0,yes
2025,TN,47165,Sumner,984500RF83EA742B5589,,1,1,0,0.02,1,0,0,0,0,1,0,0,0,0,yes
2025,TN,47165,Sumner,D8RBTOL3JO2Q6IEO0F34,,1,1,0,0.02,1,0,0,0,0,1,0,0,0,0,yes
2025,TN,47165,Sumner,E57ODZWZ7FF32TWEFA76,"Citibank, National Association",4,1,0,0.02,4,0,0,0,0,1,0,0,0,0,yes
2025,TN,47165,Sumner,GDN5JXQ4P5NZE28ZRC90,City National Bank of Florida,1,1,0,0.02,0,0,1,0,0,0,0,1,0,0,yes
2025,TN,47165,Sumner,HIDXEG9BLUJZKBGUT764,Bank-Fund Staff Federal Credit Union,1,1,0,0.02,1,0,0,0,0,1,0,0,0,0,yes
2025,TN,47165,Sumner,HUX2X73FUCYHUVH1BK78,KeyBank National Association,1,1,0,0.02,1,0,0,0,0,1,0,0,0,0,yes
2025,TN,47165,Sumner,L9VVX1KT5TFTKS0MLF66,First-Citizens Bank & Trust Company,1,1,0,0.02,1,0,0,0,0,1,0,0,0,0,yes
2025,TN,47165,Sumner,S0Q3AHZRL5K6VQE35M07,,1,1,0,0.02,1,0,0,0,0,1,0,0,0,0,yes
2025,TN,47165,Sumner,2549009BJ1OZ4H7KTG46,,7,0,4,0.0,7,0,0,0,0,0,0,0,0,0,yes
2025,TN,47165,Sumner,254900O723MCLR701H50,,5,0,3,0.0,1,1,2,1,0,0,0,0,0,0,yes
2025,TN,47165,Sumner,549300Z5MYEIE55LLY49,,8,0,0,0.0,5,3,0,0,0,0,0,0,0,0,yes
2025,TN,47165,Sumner,984500F03B9034CQB904,,6,0,0,0.0,6,0,0,0,0,0,0,0,0,0,yes
2025,TN,47179,Washington,549300DDLYW49R2HCV81,EASTMAN CREDIT UNION,1214,769,250,22.52,1213,1,0,0,0,769,0,0,0,0,yes
2025,TN,47179,Washington,549300FGXN1K3HLB1R50,"Rocket Mortgage, LLC",282,211,40,6.18,199,50,33,0,0,150,39,22,0,0,yes
2025,TN,47179,Washington,549300HW662MN1WU8550,"United Wholesale Mortgage, LLC",233,177,18,5.18,112,54,66,1,0,88,39,49,1,0,yes
2025,TN,47179,Washington,549300DD4R4SYK5RAQ92,"Cardinal Financial Company, Limited Partnership",253,171,5,5.01,178,39,34,2,0,116,28,26,1,0,yes
2025,TN,47179,Washington,5493001SXWZ4OFP8Z903,"CrossCountry Mortgage, LLC",183,116,11,3.4,122,39,21,1,0,83,21,12,0,0,yes
2025,TN,47179,Washington,549300VORTI31GZTJL53,"CARDINAL FINANCIAL COMPANY, LIMITED PARTNERSHIP",131,96,6,2.81,92,28,11,0,0,67,18,11,0,0,yes
2025,TN,47179,Washington,COOWI3L2W9TPYR3WJX37,First Horizon Bank,147,90,40,2.64,144,3,0,0,0,89,1,0,0,0,yes
2025,TN,47179,Washington,EQTWLK1G7ODGC2MGLV11,Regions Bank,127,75,38,2.2,123,3,0,1,0,74,1,0,0,0,yes
2025,TN,47179,Washington,254900TTZ395IC926125,,79,60,10,1.76,50,16,9,4,0,37,13,7,3,0,yes
2025,TN,47179,Washington,549300LYRWPSYPK6S325,Guild Mortgage Company LLC,131,60,15,1.76,13,57,61,0,0,3,23,34,0,0,yes
2025,TN,47179,Washington,54930077D8KXQADF5Q23,,69,54,5,1.58,33,27,8,1,0,26,21,6,1,0,yes
2025,TN,47179,Washington,549300IUMIMR7KEN9Z07,,59,54,0,1.58,59,0,0,0,0,54,0,0,0,0,yes
2025,TN,47179,Washington,549300DD5QQUHO6PCH70,"Movement Mortgage, LLC",125,53,14,1.55,10,0,114,1,0,1,0,51,1,0,yes
2025,TN,47179,Washington,5493001GDRY0EL7VG372,"ARK-LA-TEX FINANCIAL SERVICES, LLC.",63,48,3,1.41,43,11,7,2,0,32,7,7,2,0,yes
2025,TN,47179,Washington,549300CTISSNREVLNO46,,87,48,14,1.41,74,11,2,0,0,42,5,1,0,0,yes
2025,TN,47179,Washington,5493005NU5BA00C1N451,,54,42,4,1.23,27,15,12,0,0,24,9,9,0,0,yes
2025,TN,47179,Washington,JJKC32MCHWDI71265Z06,Truist Bank,79,42,23,1.23,79,0,0,0,0,42,0,0,0,0,yes
2025,TN,47179,Washington,549300VNBQD8FDHF7563,"MORTGAGE INVESTORS GROUP, INC.",53,40,4,1.17,28,19,6,0,0,23,12,5,0,0,yes
2025,TN,47179,Washington,RVDPPPGHCGZ40J4VQ731,Fairway Independent Mortgage Corporation,87,40,6,1.17,29,32,26,0,0,12,12,16,0,0,yes
2025,TN,47179,Washington,549300R14I3DX6ZMWL07,,49,38,5,1.11,49,0,0,0,0,38,0,0,0,0,yes
2025,TN,47179,Washington,549300V6LKROCIL7OI49,,39,36,3,1.05,39,0,0,0,0,36,0,0,0,0,yes
2025,TN,47179,Washington,5493000YNV8IX4VD3X12,"VANDERBILT MORTGAGE AND FINANCE, INC.",189,25,61,0.73,189,0,0,0,0,25,0,0,0,0,yes
2025,TN,47179,Washington,5493002RF1ERFA2XR050,Renasant Bank,29,25,2,0.73,28,1,0,0,0,24,1,0,0,0,yes
2025,TN,47179,Washington,549300AQ3T62GXDU7D76,Ally Bank,34,25,2,0.73,22,7,5,0,0,17,4,4,0,0,yes
2025,TN,47179,Washington,549300E2UX99HKDBR481,"Broker Solutions, Inc.",60,25,6,0.73,31,21,6,2,0,18,4,1,2,0,yes
2025,TN,47179,Washington,549300FNXYY540N23N64,Newrez LLC,51,25,1,0.73,26,8,17,0,0,9,5,11,0,0,yes
2025,TN,47179,Washington,549300MZ8VZJOVC63092,"KIND LENDING, LLC",34,25,3,0.73,22,9,2,1,0,17,6,2,0,0,yes
2025,TN,47179,Washington,5493003GQDUH26DNNH17,Navy Federal Credit Union,46,24,7,0.7,28,0,18,0,0,14,0,10,0,0,yes
2025,TN,47179,Washington,5493004C6NM2VNOH2N94,,27,24,0,0.7,27,0,0,0,0,24,0,0,0,0,yes
2025,TN,47179,Washington,549300AG64NHILB7ZP05,"PennyMac Loan Services, LLC",34,23,6,0.67,19,10,5,0,0,12,6,5,0,0,yes
2025,TN,47179,Washington,549300VZVN841I2ILS84,Freedom Mortgage Corporation,46,23,1,0.67,20,23,3,0,0,10,12,1,0,0,yes
2025,TN,47179,Washington,549300COIWXM618UBE82,,35,22,8,0.64,35,0,0,0,0,22,0,0,0,0,yes
2025,TN,47179,Washington,B4TYDEB6GKMZO031MB27,"Guaranteed Rate, Inc.",35,21,9,0.61,35,0,0,0,0,21,0,0,0,0,yes
2025,TN,47179,Washington,54930074H8866HTIWU69,KNOXVILLE TVA EMPLOYEES CREDIT UNION,24,20,1,0.59,24,0,0,0,0,20,0,0,0,0,yes
2025,TN,47179,Washington,549300GKFNPRWNS0GF29,"AmeriHome Mortgage Company, LLC",29,20,1,0.59,16,6,4,3,0,11,5,2,2,0,yes
2025,TN,47179,Washington,549300LBCBNR1OT00651,NATIONSTAR MORTGAGE LLC,26,18,2,0.53,22,3,1,0,0,16,1,1,0,0,yes
2025,TN,47179,Washington,549300E035FX7XMJ6713,,20,17,1,0.5,20,0,0,0,0,17,0,0,0,0,yes
2025,TN,47179,Washington,5493006JISETNI0GLE61,,33,16,8,0.47,33,0,0,0,0,16,0,0,0,0,yes
2025,TN,47179,Washington,549300OPCWU6E72WUT29,"MUTUAL OF OMAHA MORTGAGE, INC.",29,16,3,0.47,10,12,7,0,0,5,7,4,0,0,yes
2025,TN,47179,Washington,25490014T1E9ZF0ODZ87,,23,15,1,0.44,22,1,0,0,0,14,1,0,0,0,yes
2025,TN,47179,Washington,549300KXIFQ7HCW3FR89,,17,15,0,0.44,17,0,0,0,0,15,0,0,0,0,yes
2025,TN,47179,Washington,549300TELLWSMYL9RE90,,16,15,1,0.44,16,0,0,0,0,15,0,0,0,0,yes
2025,TN,47179,Washington,549300XWUSRVVOHPRY47,Academy Mortgage Corporation,18,15,0,0.44,14,3,1,0,0,11,3,1,0,0,yes
2025,TN,47179,Washington,5493004T9SQFCNRQ2L76,,17,14,0,0.41,9,7,0,1,0,8,5,0,1,0,yes
2025,TN,47179,Washington,549300XQVJ1XBNFA5536,21ST MORTGAGE CORPORATION,61,14,28,0.41,61,0,0,0,0,14,0,0,0,0,yes
2025,TN,47179,Washington,549300YIQ7S7Z8PIHE53,AMERISAVE MORTGAGE CORPORATION,44,14,27,0.41,32,9,3,0,0,12,1,1,0,0,yes
2025,TN,47179,Washington,254900RNI3GHT6051L54,,13,13,0,0.38,13,0,0,0,0,13,0,0,0,0,yes
2025,TN,47179,Washington,5493001GCBD5XGNIC815,Coastal Community Bank,54,13,0,0.38,54,0,0,0,0,13,0,0,0,0,yes
2025,TN,47179,Washington,54930030Z1JWTP3SVD16,,23,13,0,0.38,16,6,1,0,0,8,4,1,0,0,yes
2025,TN,47179,Washington,L9VVX1KT5TFTKS0MLF66,First-Citizens Bank & Trust Company,22,13,6,0.38,21,0,1,0,0,12,0,1,0,0,yes
2025,TN,47179,Washington,549300KIOYNU323LVJ37,AMERICAN PACIFIC MORTGAGE CORPORATION,17,12,0,0.35,13,1,3,0,0,8,1,3,0,0,yes
2025,TN,47179,Washington,549300U3721PJGQZYY68,Nationstar Mortgage LLC,27,12,2,0.35,17,8,1,1,0,6,4,1,1,0,yes
2025,TN,47179,Washington,C5654JQHZUHN0772B561,USAA Federal Savings Bank,27,12,5,0.35,8,0,19,0,0,3,0,9,0,0,yes
2025,TN,47179,Washington,KB1H1DSPRFMYMCUFXT09,"Wells Fargo Bank, National Association",18,12,2,0.35,17,1,0,0,0,12,0,0,0,0,yes
2025,TN,47179,Washington,254900UL88QFG0E40516,FIGURE LENDING LLC,24,11,5,0.32,24,0,0,0,0,11,0,0,0,0,yes
2025,TN,47179,Washington,894500QC0C65HO7V5165,,10,10,0,0.29,10,0,0,0,0,10,0,0,0,0,yes
2025,TN,47179,Washington,549300WN1LQYJX9HOU28,,12,9,1,0.26,12,0,0,0,0,9,0,0,0,0,yes
2025,TN,47179,Washington,254900P86CWA5DCK0Y27,,9,8,0,0.23,9,0,0,0,0,8,0,0,0,0,yes
2025,TN,47179,Washington,5493006VAGP3GQ8FJT49,"Kiavi Funding, Inc.",9,8,0,0.23,9,0,0,0,0,8,0,0,0,0,yes
2025,TN,47179,Washington,5493008VVXQIDO1EZ460,,9,8,0,0.23,8,1,0,0,0,7,1,0,0,0,yes
2025,TN,47179,Washington,549300RPOGWJRH63HS39,UNION HOME MORTGAGE CORP.,13,8,1,0.23,5,4,3,1,0,5,3,0,0,0,yes
2025,TN,47179,Washington,6BYL5QZYBDK8S7L73M02,U.S. Bank National Association,16,8,5,0.23,16,0,0,0,0,8,0,0,0,0,yes
2025,TN,47179,Washington,5493002B2WMHY23GFK92,"AMERICAN FINANCIAL RESOURCES, INC.",12,7,2,0.2,3,8,1,0,0,2,4,1,0,0,yes
2025,TN,47179,Washington,549300PIL8LFAQ04XC20,Better Mortgage Corporation,28,7,18,0.2,28,0,0,0,0,7,0,0,0,0,yes
2025,TN,47179,Washington,549300R0SXC1JU7ZU290,"FIRST COMMUNITY MORTGAGE, INC.",8,7,0,0.2,6,2,0,0,0,5,2,0,0,0,yes
2025,TN,47179,Washington,549300RN01LBYR8ZVX74,"LOWER, LLC",11,7,1,0.2,6,3,2,0,0,4,2,1,0,0,yes
2025,TN,47179,Washington,7H6GLXDRUGQFU57RNE97,"JPMorgan Chase Bank, National Association",13,7,4,0.2,13,0,0,0,0,7,0,0,0,0,yes
2025,TN,47179,Washington,QFROUN1UWUYU0DVIWD51,"Eagle Home Mortgage, LLC",11,7,2,0.2,11,0,0,0,0,7,0,0,0,0,yes
2025,TN,47179,Washington,254900DTLHVWQ7NP7R34,"CMG Mortgage, Inc.",8,6,1,0.18,8,0,0,0,0,6,0,0,0,0,yes
2025,TN,47179,Washington,549300GIR2ODBIF9VF65,,7,6,1,0.18,7,0,0,0,0,6,0,0,0,0,yes
2025,TN,47179,Washington,549300MGPZBLQDIL7538,"PrimeLending, a PlainsCapital Company",8,6,0,0.18,4,3,1,0,0,3,2,1,0,0,yes
2025,TN,47179,Washington,549300O6Z0I6KYMESL47,AMWEST FUNDING CORP.,7,6,0,0.18,7,0,0,0,0,6,0,0,0,0,yes
2025,TN,47179,Washington,549300OBO7DOF2KOP535,FirstBank,8,6,1,0.18,8,0,0,0,0,6,0,0,0,0,yes
2025,TN,47179,Washington,549300R9S3MVDV4MGF56,"CARRINGTON MORTGAGE SERVICES, LLC",26,6,8,0.18,7,12,7,0,0,2,2,2,0,0,yes
2025,TN,47179,Washington,549300SK2GVCQXPD4S58,"SUN WEST MORTGAGE COMPANY, INC.",9,6,1,0.18,0,4,5,0,0,0,3,3,0,0,yes
2025,TN,47179,Washington,5493001WHVQBGRSWEU75,"HOMEBRIDGE FINANCIAL SERVICES, INC.",7,5,2,0.15,7,0,0,0,0,5,0,0,0,0,yes
2025,TN,47179,Washington,549300323EON4W3CCM44,"RESICENTRAL, LLC",5,5,0,0.15,5,0,0,0,0,5,0,0,0,0,yes
2025,TN,47179,Washington,5493004NO7XCFVG4KD53,,7,5,2,0.15,7,0,0,0,0,5,0,0,0,0,yes
2025,TN,47179,Washington,549300ALNLUNS3Y53T24,,12,5,4,0.15,4,7,1,0,0,2,2,1,0,0,yes
2025,TN,47179,Washington,549300BX448ALT10FI43,The Federal Savings Bank,15,5,1,0.15,1,0,14,0,0,1,0,4,0,0,yes
2025,TN,47179,Washington,549300C8GOC4OYUV0Z32,,7,5,0,0.15,7,0,0,0,0,5,0,0,0,0,yes
2025,TN,47179,Washington,549300FX7K8PTEQUU487,PENTAGON FEDERAL CREDIT UNION,11,5,3,0.15,8,2,1,0,0,4,1,0,0,0,yes
2025,TN,47179,Washington,549300K4ZLGS7SRDTL86,Equity Prime Mortgage LLC,15,5,4,0.15,0,10,5,0,0,0,4,1,0,0,yes
2025,TN,47179,Washington,549300MHH03ICJYEPE85,,6,5,0,0.15,0,6,0,0,0,0,5,0,0,0,yes
2025,TN,47179,Washington,549300NOCASXPA34X033,"LAKEVIEW LOAN SERVICING, LLC",14,5,6,0.15,4,6,4,0,0,2,1,2,0,0,yes
2025,TN,47179,Washington,549300PL267CW8182203,,9,5,1,0.15,0,4,5,0,0,0,3,2,0,0,yes
2025,TN,47179,Washington,549300VCMRO4ST680C11,VILLAGE CAPITAL & INVESTMENT LLC,15,5,6,0.15,0,5,10,0,0,0,1,4,0,0,yes
2025,TN,47179,Washington,549300XY701IELCE5Q08,BETTER MORTGAGE CORPORATION,18,5,5,0.15,16,2,0,0,0,5,0,0,0,0,yes
2025,TN,47179,Washington,DRMSV1Q0EKMEXLAU1P80,"Citizens Bank, National Association",12,5,5,0.15,11,1,0,0,0,4,1,0,0,0,yes
2025,TN,47179,Washington,254900M2C4Q6DATP2889,,5,4,0,0.12,0,2,3,0,0,0,1,3,0,0,yes
2025,TN,47179,Washington,254900WEP08K7U7S3A80,,6,4,1,0.12,0,4,2,0,0,0,3,1,0,0,yes
2025,TN,47179,Washington,54930054ET8KM4O1D485,"SOFI BANK, NATIONAL ASSOCIATION",16,4,2,0.12,14,2,0,0,0,2,2,0,0,0,yes
2025,TN,47179,Washington,54930072OCHTUJOZQB56,,4,4,0,0.12,3,0,1,0,0,3,0,1,0,0,yes
2025,TN,47179,Washington,5493008NWHQT1R22C024,"AMERICAN FINANCIAL NETWORK, INC.",11,4,1,0.12,4,5,2,0,0,1,2,1,0,0,yes
2025,TN,47179,Washington,549300EFCZM6KD6B8K69,MORTGAGE ACCESS CORP.,5,4,0,0.12,5,0,0,0,0,4,0,0,0,0,yes
2025,TN,47179,Washington,549300JYXTZDSPJEPI44,"PLAZA HOME MORTGAGE, INC.",8,4,1,0.12,5,2,1,0,0,3,0,1,0,0,yes
2025,TN,47179,Washington,549300OIJ6O9DNP74L72,,4,4,0,0.12,4,0,0,0,0,4,0,0,0,0,yes
2025,TN,47179,Washington,549300SUCQ1358EGVE89,"NEW DAY FINANCIAL, LLC",31,4,8,0.12,0,2,29,0,0,0,0,4,0,0,yes
2025,TN,47179,Washington,549300WYBPIWKK6SQC06,,5,4,0,0.12,5,0,0,0,0,4,0,0,0,0,yes
2025,TN,47179,Washington,549300YW2UBCMDRMBT48,,6,4,0,0.12,3,3,0,0,0,2,2,0,0,0,yes
2025,TN,47179,Washington,AD6GFRVSDT01YPT1CS68,"PNC Bank, National Association",8,4,3,0.12,8,0,0,0,0,4,0,0,0,0,yes
2025,TN,47179,Washington,CKVBED0S4DMLKJJ5XH28,,4,4,0,0.12,4,0,0,0,0,4,0,0,0,0,yes
2025,TN,47179,Washington,T68X8LLAQYRNDV034K14,United Community Bank,7,4,1,0.12,5,1,1,0,0,3,0,1,0,0,yes
2025,TN,47179,Washington,213800XR2TCBQJSF1X93,,8,3,2,0.09,4,1,3,0,0,2,1,0,0,0,yes
2025,TN,47179,Washington,25490030Z1TAY4VPEL47,,3,3,0,0.09,3,0,0,0,0,3,0,0,0,0,yes
2025,TN,47179,Washington,254900V7NEE9M236MZ98,,4,3,1,0.09,4,0,0,0,0,3,0,0,0,0,yes
2025,TN,47179,Washington,254900ZFWS2106HWPH46,"PARAMOUNT RESIDENTIAL MORTGAGE GROUP, INC.",7,3,0,0.09,2,0,5,0,0,2,0,1,0,0,yes
2025,TN,47179,Washington,54930021WPEXNHYZUL09,"PLANET HOME LENDING, LLC",5,3,1,0.09,1,2,2,0,0,1,1,1,0,0,yes
2025,TN,47179,Washington,5493004AS1SPBQOFDR49,"Change Lending, LLC",3,3,0,0.09,3,0,0,0,0,3,0,0,0,0,yes
2025,TN,47179,Washington,549300748YYU6VG08N83,,3,3,0,0.09,2,1,0,0,0,2,1,0,0,0,yes
2025,TN,47179,Washington,549300BM4NS8HDJT3X28,"INTERCOASTAL MORTGAGE, LLC",4,3,0,0.09,4,0,0,0,0,3,0,0,0,0,yes
2025,TN,47179,Washington,549300K6L4VXCXWN4205,ORNL,4,3,1,0.09,4,0,0,0,0,3,0,0,0,0,yes
2025,TN,47179,Washington,549300QR0KFPEDZPEI42,,10,3,3,0.09,4,2,4,0,0,0,1,2,0,0,yes
2025,TN,47179,Washington,549300RD5IG88VPO6P22,,4,3,0,0.09,4,0,0,0,0,3,0,0,0,0,yes
2025,TN,47179,Washington,549300RP7VACH3GG5E95,,3,3,0,0.09,3,0,0,0,0,3,0,0,0,0,yes
2025,TN,47179,Washington,549300SHE1JTCOWBP090,STATE EMPLOYEES' CREDIT UNION,7,3,1,0.09,7,0,0,0,0,3,0,0,0,0,yes
2025,TN,47179,Washington,549300Y5Y88FQLI7VE83,DEEPHAVEN MORTGAGE LLC,3,3,0,0.09,3,0,0,0,0,3,0,0,0,0,yes
2025,TN,47179,Washington,549300ZPSJZO10ZAX556,"AMERICAN HERITAGE LENDING, LLC",5,3,0,0.09,5,0,0,0,0,3,0,0,0,0,yes
2025,TN,47179,Washington,Q7C315HKI8VX0SSKBS64,Cadence Bank,3,3,0,0.09,3,0,0,0,0,3,0,0,0,0,yes
2025,TN,47179,Washington,254900CTT87ZKAUTIJ37,,2,2,0,0.06,2,0,0,0,0,2,0,0,0,0,yes
2025,TN,47179,Washington,254900GBKSHEUZ4PGG08,,3,2,1,0.06,3,0,0,0,0,2,0,0,0,0,yes
2025,TN,47179,Washington,254900HA4DQWAE0W3342,"AMERIHOME MORTGAGE COMPANY, LLC",4,2,0,0.06,1,1,2,0,0,0,1,1,0,0,yes
2025,TN,47179,Washington,254900HIDMT4ZG09RP47,,3,2,0,0.06,0,0,3,0,0,0,0,2,0,0,yes
2025,TN,47179,Washington,254900IEGKUDRDS23V26,,2,2,0,0.06,2,0,0,0,0,2,0,0,0,0,yes
2025,TN,47179,Washington,254900OPB6J0NM26JY33,,5,2,2,0.06,5,0,0,0,0,2,0,0,0,0,yes
2025,TN,47179,Washington,5493002Y5XYV7DV1ZV88,"GOLD STAR MORTGAGE FINANCIAL GROUP, CORPORATION",3,2,0,0.06,1,2,0,0,0,1,1,0,0,0,yes
2025,TN,47179,Washington,549300370QILXLFUWD20,"ZILLOW HOME LOANS, LLC",2,2,0,0.06,1,1,0,0,0,1,1,0,0,0,yes
2025,TN,47179,Washington,5493004RLLKTQS8K7U51,,2,2,0,0.06,2,0,0,0,0,2,0,0,0,0,yes
2025,TN,47179,Washington,5493005PKOSG7MYX0B34,"Prosperity Home Mortgage, LLC",6,2,0,0.06,1,1,4,0,0,0,0,2,0,0,yes
2025,TN,47179,Washington,5493007TJ86W1ZK4LZ15,,3,2,0,0.06,3,0,0,0,0,2,0,0,0,0,yes
2025,TN,47179,Washington,5493008CPTDVOS570626,"Primary Residential Mortgage, Inc.",5,2,2,0.06,5,0,0,0,0,2,0,0,0,0,yes
2025,TN,47179,Washington,54930091JQKCU3Z6IP44,,8,2,2,0.06,8,0,0,0,0,2,0,0,0,0,yes
2025,TN,47179,Washington,549300BLL6VL7AXWYP56,,5,2,0,0.06,3,2,0,0,0,2,0,0,0,0,yes
2025,TN,47179,Washington,549300CY7WNAHKHYSJ73,,4,2,1,0.06,1,1,1,1,0,0,1,1,0,0,yes
2025,TN,47179,Washington,549300GS0W0TEUQS8571,"Morgan Stanley Private Bank, National Association",2,2,0,0.06,2,0,0,0,0,2,0,0,0,0,yes
2025,TN,47179,Washington,549300KJ8PAJ7E52HG32,Plains Commerce Bank,5,2,1,0.06,5,0,0,0,0,2,0,0,0,0,yes
2025,TN,47179,Washington,549300KSOOZZVXCMA627,ANGEL OAK MORTGAGE SOLUTIONS LLC,2,2,0,0.06,2,0,0,0,0,2,0,0,0,0,yes
2025,TN,47179,Washington,549300LLESTPOVRG3X73,,2,2,0,0.06,2,0,0,0,0,2,0,0,0,0,yes
2025,TN,47179,Washington,549300LXKO1O7CSK5J52,,2,2,0,0.06,1,0,1,0,0,1,0,1,0,0,yes
2025,TN,47179,Washington,549300OPB0G5OMY0SM65,,2,2,0,0.06,2,0,0,0,0,2,0,0,0,0,yes
2025,TN,47179,Washington,549300PBTV7FCWLSMM53,,3,2,0,0.06,0,0,3,0,0,0,0,2,0,0,yes
2025,TN,47179,Washington,549300Q10M1VXBG2H889,,8,2,1,0.06,1,6,1,0,0,0,1,1,0,0,yes
2025,TN,47179,Washington,549300R7HGHP2I754087,TOWNE MORTGAGE COMPANY,2,2,0,0.06,1,1,0,0,0,1,1,0,0,0,yes
2025,TN,47179,Washington,549300RWXUAFD1WAE410,"ATLANTIC BAY MORTGAGE GROUP, L.L.C.",4,2,0,0.06,3,0,1,0,0,1,0,1,0,0,yes
2025,TN,47179,Washington,549300S5YL3OH0IVCS62,FINANCE OF AMERICA REVERSE LLC,2,2,0,0.06,0,2,0,0,0,0,2,0,0,0,yes
2025,TN,47179,Washington,549300UF3FPC7U6RFC59,,5,2,0,0.06,2,1,2,0,0,1,1,0,0,0,yes
2025,TN,47179,Washington,549300UXY7OP0IC38293,,4,2,1,0.06,4,0,0,0,0,2,0,0,0,0,yes
2025,TN,47179,Washington,549300XQ8DRJT0OETE90,,2,2,0,0.06,2,0,0,0,0,2,0,0,0,0,yes
2025,TN,47179,Washington,549300YN94MOAVYW0F52,"GoodLeap, LLC",5,2,1,0.06,4,0,1,0,0,1,0,1,0,0,yes
2025,TN,47179,Washington,C398JSK21YCXWM603F55,,3,2,0,0.06,0,0,3,0,0,0,0,2,0,0,yes
2025,TN,47179,Washington,DX0JX77PRMOELF7VG772,Synovus Bank,2,2,0,0.06,1,1,0,0,0,1,1,0,0,0,yes
2025,TN,47179,Washington,PAOOWF3GUFM46FBSP561,,9,2,0,0.06,4,2,3,0,0,1,1,0,0,0,yes
2025,TN,47179,Washington,1IE8VN30JCEQV1H4R804,,1,1,0,0.03,1,0,0,0,0,1,0,0,0,0,yes
2025,TN,47179,Washington,1TMVIO1SD0RLIPEIW803,,1,1,0,0.03,1,0,0,0,0,1,0,0,0,0,yes
2025,TN,47179,Washington,254900114YHTRFBALC74,,1,1,0,0.03,1,0,0,0,0,1,0,0,0,0,yes
2025,TN,47179,Washington,254900378RFGMBEKAF12,,1,1,0,0.03,1,0,0,0,0,1,0,0,0,0,yes
2025,TN,47179,Washington,2549004CU9LAM5CYA280,,1,1,0,0.03,1,0,0,0,0,1,0,0,0,0,yes
2025,TN,47179,Washington,2549005K0ZG1MFV3R260,Reliable Holdings Manager LLC,1,1,0,0.03,1,0,0,0,0,1,0,0,0,0,yes
2025,TN,47179,Washington,25490066WMF8ZMQXQB18,"Lendage, LLC",2,1,1,0.03,2,0,0,0,0,1,0,0,0,0,yes
2025,TN,47179,Washington,2549007AU24FVDMNUB40,,1,1,0,0.03,1,0,0,0,0,1,0,0,0,0,yes
2025,TN,47179,Washington,2549008TT6UNYR7AXF54,,1,1,0,0.03,1,0,0,0,0,1,0,0,0,0,yes
2025,TN,47179,Washington,2549008X67CV1MNM7747,,1,1,0,0.03,1,0,0,0,0,1,0,0,0,0,yes
2025,TN,47179,Washington,254900AHLSHUJOTJG402,,1,1,0,0.03,0,0,1,0,0,0,0,1,0,0,yes
2025,TN,47179,Washington,254900DGJQT6H4M24F92,,1,1,0,0.03,1,0,0,0,0,1,0,0,0,0,yes
2025,TN,47179,Washington,254900E6AIE4Z8YQM970,Citadel Servicing Corporation,1,1,0,0.03,1,0,0,0,0,1,0,0,0,0,yes
2025,TN,47179,Washington,254900FBWEZ3YUPOBN33,,2,1,1,0.03,2,0,0,0,0,1,0,0,0,0,yes
2025,TN,47179,Washington,254900HEJ9F73IMPX887,,4,1,0,0.03,4,0,0,0,0,1,0,0,0,0,yes
2025,TN,47179,Washington,254900P7WLDQD9IUL038,Service Federal Credit Union,3,1,0,0.03,3,0,0,0,0,1,0,0,0,0,yes
2025,TN,47179,Washington,254900TG14TB8RKS3U42,,2,1,0,0.03,2,0,0,0,0,1,0,0,0,0,yes
2025,TN,47179,Washington,254900U1OBL1MC6M6518,,1,1,0,0.03,1,0,0,0,0,1,0,0,0,0,yes
2025,TN,47179,Washington,254900WT4HAMDFWH3048,,4,1,0,0.03,0,4,0,0,0,0,1,0,0,0,yes
2025,TN,47179,Washington,2WHM8VNJH63UN14OL754,The Huntington National Bank,1,1,0,0.03,1,0,0,0,0,1,0,0,0,0,yes
2025,TN,47179,Washington,54930001NSTOD85LT125,"GUARANTEED RATE AFFINITY, LLC",2,1,0,0.03,2,0,0,0,0,1,0,0,0,0,yes
2025,TN,47179,Washington,5493000IIYWBLONJVJ30,,1,1,0,0.03,1,0,0,0,0,1,0,0,0,0,yes
2025,TN,47179,Washington,5493000NYUJT9UC6G261,,1,1,0,0.03,1,0,0,0,0,1,0,0,0,0,yes
2025,TN,47179,Washington,5493000OM9RKJW8W5K82,,1,1,0,0.03,1,0,0,0,0,1,0,0,0,0,yes
2025,TN,47179,Washington,5493001JT9MT3Z3Y3M39,,1,1,0,0.03,1,0,0,0,0,1,0,0,0,0,yes
2025,TN,47179,Washington,5493002FQ43Q3BNXZW27,,1,1,0,0.03,1,0,0,0,0,1,0,0,0,0,yes
2025,TN,47179,Washington,54930034MNPILHP25H80,Gateway First Bank,1,1,0,0.03,1,0,0,0,0,1,0,0,0,0,yes
2025,TN,47179,Washington,5493003NV9L53LK1XI52,,1,1,0,0.03,1,0,0,0,0,1,0,0,0,0,yes
2025,TN,47179,Washington,54930043BMDE130FJ617,"PROVIDENT FUNDING ASSOCIATES, L.P.",2,1,0,0.03,2,0,0,0,0,1,0,0,0,0,yes
2025,TN,47179,Washington,5493004NH61PL6YYNH25,Provident Bank,1,1,0,0.03,1,0,0,0,0,1,0,0,0,0,yes
2025,TN,47179,Washington,5493004R423PBPM6A173,,1,1,0,0.03,0,1,0,0,0,0,1,0,0,0,yes
2025,TN,47179,Washington,54930052M48FOD3CWA54,"PRIMARY RESIDENTIAL MORTGAGE, INC.",1,1,0,0.03,1,0,0,0,0,1,0,0,0,0,yes
2025,TN,47179,Washington,5493005PD34O8ZT7QT17,,2,1,0,0.03,2,0,0,0,0,1,0,0,0,0,yes
2025,TN,47179,Washington,5493005PT09Z02WXW551,ALKAN MORTGAGE CORPORATION,1,1,0,0.03,1,0,0,0,0,1,0,0,0,0,yes
2025,TN,47179,Washington,5493005XMJQ1GSXUGT67,,1,1,0,0.03,0,0,1,0,0,0,0,1,0,0,yes
2025,TN,47179,Washington,54930063578UDYE3JR69,,1,1,0,0.03,0,1,0,0,0,0,1,0,0,0,yes
2025,TN,47179,Washington,5493007CLWQN2S6IZK91,,1,1,0,0.03,0,0,1,0,0,0,0,1,0,0,yes
2025,TN,47179,Washington,5493008XX3NZ5S384W16,,2,1,1,0.03,2,0,0,0,0,1,0,0,0,0,yes
2025,TN,47179,Washington,54930095UWUUXAWASB02,"Atlantic Coast Mortgage, LLC",1,1,0,0.03,0,1,0,0,0,0,1,0,0,0,yes
2025,TN,47179,Washington,549300AOB4S7B0DB7863,,2,1,0,0.03,2,0,0,0,0,1,0,0,0,0,yes
2025,TN,47179,Washington,549300AT7EB9FJAF0E61,Old National Bank,3,1,1,0.03,3,0,0,0,0,1,0,0,0,0,yes
2025,TN,47179,Washington,549300BOXNV8VLRBDT24,,1,1,0,0.03,1,0,0,0,0,1,0,0,0,0,yes
2025,TN,47179,Washington,549300BXWU32AYWT1A56,,1,1,0,0.03,1,0,0,0,0,1,0,0,0,0,yes
2025,TN,47179,Washington,549300C1ICNCM0V37Y02,,1,1,0,0.03,1,0,0,0,0,1,0,0,0,0,yes
2025,TN,47179,Washington,549300CB67L6KPJLHE19,"TRIAD FINANCIAL SERVICES, INC.",4,1,1,0.03,4,0,0,0,0,1,0,0,0,0,yes
2025,TN,47179,Washington,549300CDOC4F7XSRG390,Pinnacle Bank,2,1,0,0.03,2,0,0,0,0,1,0,0,0,0,yes
2025,TN,47179,Washington,549300DG3IV05V4C4E03,,1,1,0,0.03,1,0,0,0,0,1,0,0,0,0,yes
2025,TN,47179,Washington,549300DMYENRV818D594,,1,1,0,0.03,1,0,0,0,0,1,0,0,0,0,yes
2025,TN,47179,Washington,549300DPRWSBUY619V27,,1,1,0,0.03,1,0,0,0,0,1,0,0,0,0,yes
2025,TN,47179,Washington,549300E1PJPTI4YS7H26,ASCEND FEDERAL CREDIT UNION,1,1,0,0.03,1,0,0,0,0,1,0,0,0,0,yes
2025,TN,47179,Washington,549300EMNDEK4BA8WB53,EMM LOANS LLC,1,1,0,0.03,0,1,0,0,0,0,1,0,0,0,yes
2025,TN,47179,Washington,549300FK3AFCFVAPH234,"Leader Bank, National Association",1,1,0,0.03,1,0,0,0,0,1,0,0,0,0,yes
2025,TN,47179,Washington,549300GPO6DWUZR4UY30,FIRST HOME MORTGAGE CORPORATION,1,1,0,0.03,0,0,1,0,0,0,0,1,0,0,yes
2025,TN,47179,Washington,549300GRGZDEH4ZGQS06,WATERSTONE MORTGAGE CORPORATION,1,1,0,0.03,1,0,0,0,0,1,0,0,0,0,yes
2025,TN,47179,Washington,549300INFJ8TYNZ1G568,,1,1,0,0.03,1,0,0,0,0,1,0,0,0,0,yes
2025,TN,47179,Washington,549300IPUHFA5O769M51,"Vellum Mortgage, Inc.",1,1,0,0.03,1,0,0,0,0,1,0,0,0,0,yes
2025,TN,47179,Washington,549300J7I82PNDVU8H22,"OCMBC, INC.",2,1,0,0.03,2,0,0,0,0,1,0,0,0,0,yes
2025,TN,47179,Washington,549300K2JM6ID3V5LO24,,1,1,0,0.03,1,0,0,0,0,1,0,0,0,0,yes
2025,TN,47179,Washington,549300LCT0EFT83E5873,,1,1,0,0.03,1,0,0,0,0,1,0,0,0,0,yes
2025,TN,47179,Washington,549300LROQOOQU77WS20,,6,1,1,0.03,5,1,0,0,0,1,0,0,0,0,yes
2025,TN,47179,Washington,549300LZUXCJFE5ONM48,,1,1,0,0.03,0,1,0,0,0,0,1,0,0,0,yes
2025,TN,47179,Washington,549300MCIFZSDHUT8X63,"NFM, INC.",1,1,0,0.03,0,0,1,0,0,0,0,1,0,0,yes
2025,TN,47179,Washington,549300NWBS6MQJX15N44,,1,1,0,0.03,1,0,0,0,0,1,0,0,0,0,yes
2025,TN,47179,Washington,549300OGIGNKGO2DX942,,1,1,0,0.03,1,0,0,0,0,1,0,0,0,0,yes
2025,TN,47179,Washington,549300PC4MFWQBNVKG88,,1,1,0,0.03,0,1,0,0,0,0,1,0,0,0,yes
2025,TN,47179,Washington,549300PQLK8E48ILXV41,,1,1,0,0.03,1,0,0,0,0,1,0,0,0,0,yes
2025,TN,47179,Washington,549300Q02LGIN9AXKP98,,1,1,0,0.03,1,0,0,0,0,1,0,0,0,0,yes
2025,TN,47179,Washington,549300Q50XCC0473FG63,,3,1,2,0.03,3,0,0,0,0,1,0,0,0,0,yes
2025,TN,47179,Washington,549300QIUZLVR1OLDH55,,1,1,0,0.03,1,0,0,0,0,1,0,0,0,0,yes
2025,TN,47179,Washington,549300REENMLD2RN3W58,,3,1,0,0.03,1,1,1,0,0,1,0,0,0,0,yes
2025,TN,47179,Washington,549300RIPPSJXAQKZ383,,1,1,0,0.03,1,0,0,0,0,1,0,0,0,0,yes
2025,TN,47179,Washington,549300RYBJHWWDENV610,Alcova Mortgage LLC,1,1,0,0.03,0,1,0,0,0,0,1,0,0,0,yes
2025,TN,47179,Washington,549300RZFHIGIM84KN09,,1,1,0,0.03,1,0,0,0,0,1,0,0,0,0,yes
2025,TN,47179,Washington,549300SMD444BM2WO947,,1,1,0,0.03,1,0,0,0,0,1,0,0,0,0,yes
2025,TN,47179,Washington,549300T61O0X0RJMQ375,,1,1,0,0.03,0,1,0,0,0,0,1,0,0,0,yes
2025,TN,47179,Washington,549300TA4MQM8WN2XG31,,2,1,1,0.03,2,0,0,0,0,1,0,0,0,0,yes
2025,TN,47179,Washington,549300TOOOOW36EX6R40,SUNCOAST CREDIT UNION,1,1,0,0.03,1,0,0,0,0,1,0,0,0,0,yes
2025,TN,47179,Washington,549300UG7QXKM7KGV847,,3,1,2,0.03,2,0,1,0,0,0,0,1,0,0,yes
2025,TN,47179,Washington,549300UR5AOWTJJ7KZ64,,1,1,0,0.03,1,0,0,0,0,1,0,0,0,0,yes
2025,TN,47179,Washington,549300V8CF81JGIV7038,,1,1,0,0.03,1,0,0,0,0,1,0,0,0,0,yes
2025,TN,47179,Washington,549300VMX06UV1F7NS76,,1,1,0,0.03,1,0,0,0,0,1,0,0,0,0,yes
2025,TN,47179,Washington,549300VQUTI5IU7GXT57,,1,1,0,0.03,1,0,0,0,0,1,0,0,0,0,yes
2025,TN,47179,Washington,549300WZWPMDWIL12842,,1,1,0,0.03,1,0,0,0,0,1,0,0,0,0,yes
2025,TN,47179,Washington,549300XCVBRR56D08F03,,8,1,0,0.03,4,4,0,0,0,1,0,0,0,0,yes
2025,TN,47179,Washington,549300XRXBA38J60S618,,1,1,0,0.03,1,0,0,0,0,1,0,0,0,0,yes
2025,TN,47179,Washington,549300YKBMBBIIMQJS94,,1,1,0,0.03,1,0,0,0,0,1,0,0,0,0,yes
2025,TN,47179,Washington,549300YMIOLU51FSTO86,"CONSTRUCTIVE LOANS, LLC",2,1,0,0.03,2,0,0,0,0,1,0,0,0,0,yes
2025,TN,47179,Washington,549300YUZCW5UUIYIL79,,1,1,0,0.03,1,0,0,0,0,1,0,0,0,0,yes
2025,TN,47179,Washington,549300ZIQ24V0C88AC41,GTE Federal Credit Union,1,1,0,0.03,1,0,0,0,0,1,0,0,0,0,yes
2025,TN,47179,Washington,549300ZS1TR1B4LHX377,,2,1,0,0.03,2,0,0,0,0,1,0,0,0,0,yes
2025,TN,47179,Washington,549300ZWNETGFXTBBY03,,1,1,0,0.03,1,0,0,0,0,1,0,0,0,0,yes
2025,TN,47179,Washington,549300ZZME37MXI1EF14,,1,1,0,0.03,1,0,0,0,0,1,0,0,0,0,yes
2025,TN,47179,Washington,8I3UVGYULPJQIP7FQV10,"SouthState Bank, National Association",1,1,0,0.03,1,0,0,0,0,1,0,0,0,0,yes
2025,TN,47179,Washington,984500CD6F0743B8F530,,1,1,0,0.03,0,0,1,0,0,0,0,1,0,0,yes
2025,TN,47179,Washington,984500F03B9034CQB904,,3,1,1,0.03,3,0,0,0,0,1,0,0,0,0,yes
2025,TN,47179,Washington,984500U2F9A83N391A91,"CHAMPIONS FUNDING, LLC",1,1,0,0.03,1,0,0,0,0,1,0,0,0,0,yes
2025,TN,47179,Washington,COINQMNIM6RBU631DD85,,2,1,0,0.03,2,0,0,0,0,1,0,0,0,0,yes
2025,TN,47179,Washington,DZC62HF6UIZYJ08V1J90,"Fulton Bank, National Association",1,1,0,0.03,1,0,0,0,0,1,0,0,0,0,yes
2025,TN,47179,Washington,GDN5JXQ4P5NZE28ZRC90,City National Bank of Florida,1,1,0,0.03,1,0,0,0,0,1,0,0,0,0,yes
2025,TN,47179,Washington,IUGPUX5LWRZ3B6KIZ697,Ameris Bank,1,1,0,0.03,1,0,0,0,0,1,0,0,0,0,yes
2025,TN,47179,Washington,Q708HHR4LD2B7XIZNO92,First Federal Bank,2,1,0,0.03,1,0,1,0,0,0,0,1,0,0,yes
2025,TN,47179,Washington,SS1TRMSN6BRNMOREEV51,"Flagstar Bank, National Association",3,1,1,0.03,3,0,0,0,0,1,0,0,0,0,yes
2025,TN,47179,Washington,VNOO6EITDJ2YUEBMSZ83,,1,1,0,0.03,1,0,0,0,0,1,0,0,0,0,yes
2025,TN,47179,Washington,WWB2V0FCW3A0EE3ZJN75,Manufacturers and Traders Trust Company,3,1,1,0.03,1,2,0,0,0,0,1,0,0,0,yes
2025,TN,47179,Washington,X05BVSK68TQ7YTOSNR22,Discover Bank,23,1,15,0.03,23,0,0,0,0,1,0,0,0,0,yes
2025,TN,47179,Washington,549300249G20MDIDRR27,,6,0,0,0.0,5,1,0,0,0,0,0,0,0,0,yes
2025,TN,47179,Washington,549300Q3ROEQU3D1IW91,,10,0,8,0.0,10,0,0,0,0,0,0,0,0,0,yes
2025,TN,47187,Williamson,549300FGXN1K3HLB1R50,"Rocket Mortgage, LLC",598,454,79,5.53,526,43,29,0,0,403,30,21,0,0,yes
2025,TN,47187,Williamson,549300HW662MN1WU8550,"United Wholesale Mortgage, LLC",606,453,65,5.52,481,62,63,0,0,364,41,48,0,0,yes
2025,TN,47187,Williamson,549300OBO7DOF2KOP535,FirstBank,474,393,32,4.79,454,11,9,0,0,377,8,8,0,0,yes
2025,TN,47187,Williamson,EQTWLK1G7ODGC2MGLV11,Regions Bank,550,323,120,3.94,546,3,1,0,0,322,0,1,0,0,yes
2025,TN,47187,Williamson,5493001UYBOONMFYPR30,"Legacy Home Loans, LLC",275,230,2,2.8,254,10,11,0,0,210,9,11,0,0,yes
2025,TN,47187,Williamson,B4TYDEB6GKMZO031MB27,"Guaranteed Rate, Inc.",422,220,93,2.68,422,0,0,0,0,220,0,0,0,0,yes
2025,TN,47187,Williamson,549300GKFNPRWNS0GF29,"AmeriHome Mortgage Company, LLC",310,199,7,2.43,269,25,14,2,0,174,16,8,1,0,yes
2025,TN,47187,Williamson,QFROUN1UWUYU0DVIWD51,"Eagle Home Mortgage, LLC",369,197,93,2.4,368,0,1,0,0,196,0,1,0,0,yes
2025,TN,47187,Williamson,549300CDOC4F7XSRG390,Pinnacle Bank,278,185,41,2.25,278,0,0,0,0,185,0,0,0,0,yes
2025,TN,47187,Williamson,COOWI3L2W9TPYR3WJX37,First Horizon Bank,261,177,66,2.16,259,0,2,0,0,176,0,1,0,0,yes
2025,TN,47187,Williamson,54930072OCHTUJOZQB56,,205,155,17,1.89,202,3,0,0,0,153,2,0,0,0,yes
2025,TN,47187,Williamson,7H6GLXDRUGQFU57RNE97,"JPMorgan Chase Bank, National Association",241,153,21,1.86,237,2,2,0,0,151,0,2,0,0,yes
2025,TN,47187,Williamson,6BYL5QZYBDK8S7L73M02,U.S. Bank National Association,275,147,71,1.79,274,0,1,0,0,146,0,1,0,0,yes
2025,TN,47187,Williamson,549300VZVN841I2ILS84,Freedom Mortgage Corporation,229,140,14,1.71,201,19,9,0,0,121,12,7,0,0,yes
2025,TN,47187,Williamson,JJKC32MCHWDI71265Z06,Truist Bank,266,133,96,1.62,266,0,0,0,0,133,0,0,0,0,yes
2025,TN,47187,Williamson,Q7C315HKI8VX0SSKBS64,Cadence Bank,186,129,32,1.57,181,3,2,0,0,125,2,2,0,0,yes
2025,TN,47187,Williamson,549300AT7EB9FJAF0E61,Old National Bank,180,128,18,1.56,173,5,2,0,0,123,3,2,0,0,yes
2025,TN,47187,Williamson,549300E1PJPTI4YS7H26,ASCEND FEDERAL CREDIT UNION,204,121,37,1.47,204,0,0,0,0,121,0,0,0,0,yes
2025,TN,47187,Williamson,549300U3721PJGQZYY68,Nationstar Mortgage LLC,236,121,11,1.47,221,11,4,0,0,113,6,2,0,0,yes
2025,TN,47187,Williamson,RVDPPPGHCGZ40J4VQ731,Fairway Independent Mortgage Corporation,189,108,15,1.32,142,26,21,0,0,81,15,12,0,0,yes
2025,TN,47187,Williamson,549300BLL6VL7AXWYP56,,150,100,0,1.22,128,17,5,0,0,83,13,4,0,0,yes
2025,TN,47187,Williamson,549300TYV7NDBX6FUR63,"JET HOMELOANS, LP",172,99,2,1.21,149,18,5,0,0,86,10,3,0,0,yes
2025,TN,47187,Williamson,549300AG64NHILB7ZP05,"PennyMac Loan Services, LLC",152,94,25,1.15,118,27,7,0,0,74,14,6,0,0,yes
2025,TN,47187,Williamson,DRMSV1Q0EKMEXLAU1P80,"Citizens Bank, National Association",113,75,24,0.91,112,1,0,0,0,74,1,0,0,0,yes
2025,TN,47187,Williamson,54930059GZZ7G4G40O53,Primis Mortgage Company,90,69,0,0.84,82,2,6,0,0,63,1,5,0,0,yes
2025,TN,47187,Williamson,549300PIL8LFAQ04XC20,Better Mortgage Corporation,173,66,74,0.8,173,0,0,0,0,66,0,0,0,0,yes
2025,TN,47187,Williamson,549300MGPZBLQDIL7538,"PrimeLending, a PlainsCapital Company",95,64,2,0.78,81,11,3,0,0,54,7,3,0,0,yes
2025,TN,47187,Williamson,549300FZ8E0GLIFFYB55,,71,62,4,0.76,71,0,0,0,0,62,0,0,0,0,yes
2025,TN,47187,Williamson,254900UL88QFG0E40516,FIGURE LENDING LLC,125,61,24,0.74,125,0,0,0,0,61,0,0,0,0,yes
2025,TN,47187,Williamson,T68X8LLAQYRNDV034K14,United Community Bank,98,59,37,0.72,98,0,0,0,0,59,0,0,0,0,yes
2025,TN,47187,Williamson,254900PVWALA7JTBXA31,WILSON BANK AND TRUST,99,58,17,0.71,96,1,2,0,0,56,0,2,0,0,yes
2025,TN,47187,Williamson,549300OPCWU6E72WUT29,"MUTUAL OF OMAHA MORTGAGE, INC.",81,58,9,0.71,57,17,7,0,0,44,10,4,0,0,yes
2025,TN,47187,Williamson,X6T32LKEPUT8LQMW6755,,91,58,6,0.71,91,0,0,0,0,58,0,0,0,0,yes
2025,TN,47187,Williamson,549300X8AUU3UC1ULZ79,,92,56,6,0.68,84,1,7,0,0,49,0,7,0,0,yes
2025,TN,47187,Williamson,5493003GQDUH26DNNH17,Navy Federal Credit Union,112,55,20,0.67,98,0,14,0,0,48,0,7,0,0,yes
2025,TN,47187,Williamson,5493002RF1ERFA2XR050,Renasant Bank,73,53,5,0.65,72,1,0,0,0,52,1,0,0,0,yes
2025,TN,47187,Williamson,549300DD4R4SYK5RAQ92,"Cardinal Financial Company, Limited Partnership",79,53,1,0.65,71,3,5,0,0,49,2,2,0,0,yes
2025,TN,47187,Williamson,549300LBCBNR1OT00651,NATIONSTAR MORTGAGE LLC,76,53,12,0.65,65,10,1,0,0,49,4,0,0,0,yes
2025,TN,47187,Williamson,KB1H1DSPRFMYMCUFXT09,"Wells Fargo Bank, National Association",74,52,5,0.63,73,1,0,0,0,51,1,0,0,0,yes
2025,TN,47187,Williamson,549300DPRWSBUY619V27,,64,50,13,0.61,64,0,0,0,0,50,0,0,0,0,yes
2025,TN,47187,Williamson,5493008CPTDVOS570626,"Primary Residential Mortgage, Inc.",94,49,25,0.6,94,0,0,0,0,49,0,0,0,0,yes
2025,TN,47187,Williamson,549300E2UX99HKDBR481,"Broker Solutions, Inc.",107,49,2,0.6,78,26,3,0,0,40,8,1,0,0,yes
2025,TN,47187,Williamson,549300DMYENRV818D594,,62,46,0,0.56,59,1,2,0,0,43,1,2,0,0,yes
2025,TN,47187,Williamson,549300FNXYY540N23N64,Newrez LLC,137,46,17,0.56,109,12,16,0,0,35,2,9,0,0,yes
2025,TN,47187,Williamson,549300R0SXC1JU7ZU290,"FIRST COMMUNITY MORTGAGE, INC.",73,46,5,0.56,61,11,1,0,0,37,8,1,0,0,yes
2025,TN,47187,Williamson,549300MZ8VZJOVC63092,"KIND LENDING, LLC",75,44,22,0.54,60,9,5,1,0,34,4,5,1,0,yes
2025,TN,47187,Williamson,AD6GFRVSDT01YPT1CS68,"PNC Bank, National Association",90,44,19,0.54,90,0,0,0,0,44,0,0,0,0,yes
2025,TN,47187,Williamson,549300YRN588YD6VNJ18,,54,41,10,0.5,54,0,0,0,0,41,0,0,0,0,yes
2025,TN,47187,Williamson,549300GS0W0TEUQS8571,"Morgan Stanley Private Bank, National Association",52,38,1,0.46,52,0,0,0,0,38,0,0,0,0,yes
2025,TN,47187,Williamson,593C3GZG957YOJPS2Z63,,58,38,7,0.46,58,0,0,0,0,38,0,0,0,0,yes
2025,TN,47187,Williamson,549300INFJ8TYNZ1G568,,39,37,1,0.45,39,0,0,0,0,37,0,0,0,0,yes
2025,TN,47187,Williamson,549300KHXD7JSQUZIJ22,,57,37,0,0.45,55,1,1,0,0,35,1,1,0,0,yes
2025,TN,47187,Williamson,5493001GCBD5XGNIC815,Coastal Community Bank,134,36,3,0.44,134,0,0,0,0,36,0,0,0,0,yes
2025,TN,47187,Williamson,254900DTLHVWQ7NP7R34,"CMG Mortgage, Inc.",47,35,3,0.43,45,2,0,0,0,33,2,0,0,0,yes
2025,TN,47187,Williamson,549300LYRWPSYPK6S325,Guild Mortgage Company LLC,103,33,7,0.4,22,46,35,0,0,4,17,12,0,0,yes
2025,TN,47187,Williamson,549300XSS1CPK8G7B851,,38,31,1,0.38,38,0,0,0,0,31,0,0,0,0,yes
2025,TN,47187,Williamson,5493001WHVQBGRSWEU75,"HOMEBRIDGE FINANCIAL SERVICES, INC.",37,29,3,0.35,36,0,1,0,0,28,0,1,0,0,yes
2025,TN,47187,Williamson,54930054ET8KM4O1D485,"SOFI BANK, NATIONAL ASSOCIATION",83,28,6,0.34,81,2,0,0,0,28,0,0,0,0,yes
2025,TN,47187,Williamson,549300FX7K8PTEQUU487,PENTAGON FEDERAL CREDIT UNION,44,28,6,0.34,38,0,6,0,0,26,0,2,0,0,yes
2025,TN,47187,Williamson,549300SMD444BM2WO947,,35,28,0,0.34,32,0,3,0,0,27,0,1,0,0,yes
2025,TN,47187,Williamson,549300XY701IELCE5Q08,BETTER MORTGAGE CORPORATION,84,28,18,0.34,81,3,0,0,0,27,1,0,0,0,yes
2025,TN,47187,Williamson,5493004WMLN60ZJ2ON46,"Paramount Residential Mortgage Group, Inc.",48,27,9,0.33,40,4,3,1,0,21,3,2,1,0,yes
2025,TN,47187,Williamson,549300V8CF81JGIV7038,,32,26,0,0.32,28,2,2,0,0,23,2,1,0,0,yes
2025,TN,47187,Williamson,DX0JX77PRMOELF7VG772,Synovus Bank,39,26,11,0.32,39,0,0,0,0,26,0,0,0,0,yes
2025,TN,47187,Williamson,IUGPUX5LWRZ3B6KIZ697,Ameris Bank,34,26,2,0.32,29,2,3,0,0,21,2,3,0,0,yes
2025,TN,47187,Williamson,549300KBWX4NV5Q1E376,"NVR Mortgage Finance, Inc.",28,25,0,0.3,19,7,2,0,0,17,7,1,0,0,yes
2025,TN,47187,Williamson,25490066WMF8ZMQXQB18,"Lendage, LLC",28,24,2,0.29,28,0,0,0,0,24,0,0,0,0,yes
2025,TN,47187,Williamson,549300KIOYNU323LVJ37,AMERICAN PACIFIC MORTGAGE CORPORATION,36,23,3,0.28,29,4,3,0,0,20,3,0,0,0,yes
2025,TN,47187,Williamson,549300Q50XCC0473FG63,,37,23,10,0.28,37,0,0,0,0,23,0,0,0,0,yes
2025,TN,47187,Williamson,549300AQ3T62GXDU7D76,Ally Bank,30,22,0,0.27,26,4,0,0,0,18,4,0,0,0,yes
2025,TN,47187,Williamson,549300RPOGWJRH63HS39,UNION HOME MORTGAGE CORP.,31,22,1,0.27,27,3,1,0,0,20,1,1,0,0,yes
2025,TN,47187,Williamson,254900VKT2R0R20CR104,,35,21,9,0.26,35,0,0,0,0,21,0,0,0,0,yes
2025,TN,47187,Williamson,5493006JISETNI0GLE61,,30,21,4,0.26,30,0,0,0,0,21,0,0,0,0,yes
2025,TN,47187,Williamson,549300YIQ7S7Z8PIHE53,AMERISAVE MORTGAGE CORPORATION,86,21,54,0.26,71,15,0,0,0,19,2,0,0,0,yes
2025,TN,47187,Williamson,5493000QYMPN362T6V61,,24,20,0,0.24,22,0,2,0,0,18,0,2,0,0,yes
2025,TN,47187,Williamson,5493000YNV8IX4VD3X12,"VANDERBILT MORTGAGE AND FINANCE, INC.",33,20,3,0.24,32,1,0,0,0,19,1,0,0,0,yes
2025,TN,47187,Williamson,5493004OB0KD7VERQW98,,30,20,0,0.24,21,7,2,0,0,16,3,1,0,0,yes
2025,TN,47187,Williamson,549300KTR1JGH3K6LU06,FOURLEAF,31,20,8,0.24,31,0,0,0,0,20,0,0,0,0,yes
2025,TN,47187,Williamson,549300LROQOOQU77WS20,,33,20,1,0.24,31,1,1,0,0,20,0,0,0,0,yes
2025,TN,47187,Williamson,549300VNBQD8FDHF7563,"MORTGAGE INVESTORS GROUP, INC.",30,20,0,0.24,26,3,1,0,0,18,2,0,0,0,yes
2025,TN,47187,Williamson,549300ZIQ24V0C88AC41,GTE Federal Credit Union,24,20,0,0.24,24,0,0,0,0,20,0,0,0,0,yes
2025,TN,47187,Williamson,549300ZWNETGFXTBBY03,,38,20,0,0.24,31,4,3,0,0,17,3,0,0,0,yes
2025,TN,47187,Williamson,E57ODZWZ7FF32TWEFA76,"Citibank, National Association",42,20,3,0.24,41,0,1,0,0,19,0,1,0,0,yes
2025,TN,47187,Williamson,549300DD5QQUHO6PCH70,"Movement Mortgage, LLC",63,19,11,0.23,9,1,53,0,0,1,1,17,0,0,yes
2025,TN,47187,Williamson,549300UXY7OP0IC38293,,31,19,0,0.23,30,1,0,0,0,18,1,0,0,0,yes
2025,TN,47187,Williamson,549300GWD9H4FQ2VR805,,20,18,0,0.22,20,0,0,0,0,18,0,0,0,0,yes
2025,TN,47187,Williamson,549300T94GSH3C4U5M59,ALLIANT CREDIT UNION,32,18,8,0.22,31,1,0,0,0,18,0,0,0,0,yes
2025,TN,47187,Williamson,549300CTISSNREVLNO46,,26,17,4,0.21,25,1,0,0,0,17,0,0,0,0,yes
2025,TN,47187,Williamson,549300EKFFG3BU8DNX74,NEXERA HOLDING LLC,24,17,1,0.21,24,0,0,0,0,17,0,0,0,0,yes
2025,TN,47187,Williamson,549300MCIFZSDHUT8X63,"NFM, INC.",18,17,0,0.21,17,1,0,0,0,16,1,0,0,0,yes
2025,TN,47187,Williamson,549300RP3DLR09NF6157,,20,17,2,0.21,18,2,0,0,0,15,2,0,0,0,yes
2025,TN,47187,Williamson,549300RZFHIGIM84KN09,,25,17,6,0.21,25,0,0,0,0,17,0,0,0,0,yes
2025,TN,47187,Williamson,549300T9P3WXNMXX0I34,Ixonia Bank,18,17,0,0.21,15,3,0,0,0,14,3,0,0,0,yes
2025,TN,47187,Williamson,549300COIWXM618UBE82,,22,16,4,0.19,22,0,0,0,0,16,0,0,0,0,yes
2025,TN,47187,Williamson,549300G6RZM5T8NQJW74,,33,16,10,0.19,32,0,1,0,0,15,0,1,0,0,yes
2025,TN,47187,Williamson,549300GZY55UGMUMI322,,20,16,1,0.19,18,0,2,0,0,15,0,1,0,0,yes
2025,TN,47187,Williamson,549300JPGMCMBEJEK584,FIRST TECHNOLOGY,23,16,0,0.19,23,0,0,0,0,16,0,0,0,0,yes
2025,TN,47187,Williamson,549300KQHWNSVCE2MY88,,19,16,0,0.19,17,0,2,0,0,15,0,1,0,0,yes
2025,TN,47187,Williamson,549300RN01LBYR8ZVX74,"LOWER, LLC",25,16,2,0.19,23,1,1,0,0,15,0,1,0,0,yes
2025,TN,47187,Williamson,X05BVSK68TQ7YTOSNR22,Discover Bank,78,16,33,0.19,78,0,0,0,0,16,0,0,0,0,yes
2025,TN,47187,Williamson,549300V6F7N9BL5STN83,,24,15,1,0.18,20,1,3,0,0,13,1,1,0,0,yes
2025,TN,47187,Williamson,213800XR2TCBQJSF1X93,,23,14,4,0.17,17,0,6,0,0,10,0,4,0,0,yes
2025,TN,47187,Williamson,5493008VVXQIDO1EZ460,,18,14,2,0.17,16,2,0,0,0,14,0,0,0,0,yes
2025,TN,47187,Williamson,549300NOCASXPA34X033,"LAKEVIEW LOAN SERVICING, LLC",54,14,26,0.17,32,14,8,0,0,6,5,3,0,0,yes
2025,TN,47187,Williamson,549300NWBS6MQJX15N44,,14,14,0,0.17,14,0,0,0,0,14,0,0,0,0,yes
2025,TN,47187,Williamson,CKVBED0S4DMLKJJ5XH28,,14,14,0,0.17,14,0,0,0,0,14,0,0,0,0,yes
2025,TN,47187,Williamson,5493004AS1SPBQOFDR49,"Change Lending, LLC",23,13,2,0.16,22,1,0,0,0,13,0,0,0,0,yes
2025,TN,47187,Williamson,549300QR0KFPEDZPEI42,,31,13,2,0.16,21,9,1,0,0,9,3,1,0,0,yes
2025,TN,47187,Williamson,2549005SIVTHG14U2905,A&D Mortgage LLC,19,12,2,0.15,18,1,0,0,0,11,1,0,0,0,yes
2025,TN,47187,Williamson,5493001HHBUTXHS7TZ96,HOMEAMERICAN MORTGAGE CORPORATION,17,12,0,0.15,15,1,1,0,0,11,0,1,0,0,yes
2025,TN,47187,Williamson,54930043BMDE130FJ617,"PROVIDENT FUNDING ASSOCIATES, L.P.",18,12,1,0.15,18,0,0,0,0,12,0,0,0,0,yes
2025,TN,47187,Williamson,549300IKNQI45EOJU155,"Capital City Home Loans, LLC",16,12,2,0.15,15,1,0,0,0,11,1,0,0,0,yes
2025,TN,47187,Williamson,549300KJ8PAJ7E52HG32,Plains Commerce Bank,19,12,0,0.15,19,0,0,0,0,12,0,0,0,0,yes
2025,TN,47187,Williamson,549300S8SHBRCI7UU819,,22,12,3,0.15,22,0,0,0,0,12,0,0,0,0,yes
2025,TN,47187,Williamson,L9VVX1KT5TFTKS0MLF66,First-Citizens Bank & Trust Company,15,12,2,0.15,15,0,0,0,0,12,0,0,0,0,yes
2025,TN,47187,Williamson,254900ZFWS2106HWPH46,"PARAMOUNT RESIDENTIAL MORTGAGE GROUP, INC.",17,11,1,0.13,14,2,0,1,0,8,2,0,1,0,yes
2025,TN,47187,Williamson,549300HRLROF7PLJ6735,CLEAREDGE LENDING LLC,19,11,2,0.13,19,0,0,0,0,11,0,0,0,0,yes
2025,TN,47187,Williamson,549300R77W0P105C3S50,HOMEXPRESS MORTGAGE CORP.,17,11,5,0.13,17,0,0,0,0,11,0,0,0,0,yes
2025,TN,47187,Williamson,549300SK2GVCQXPD4S58,"SUN WEST MORTGAGE COMPANY, INC.",14,11,0,0.13,12,2,0,0,0,10,1,0,0,0,yes
2025,TN,47187,Williamson,549300WYBPIWKK6SQC06,,16,11,2,0.13,13,1,2,0,0,8,1,2,0,0,yes
2025,TN,47187,Williamson,PAOOWF3GUFM46FBSP561,,27,11,2,0.13,23,4,0,0,0,9,2,0,0,0,yes
2025,TN,47187,Williamson,549300HTKHBMJL4D9734,,23,10,7,0.12,23,0,0,0,0,10,0,0,0,0,yes
2025,TN,47187,Williamson,549300ISCZS1R0CJMO47,,13,10,2,0.12,12,1,0,0,0,9,1,0,0,0,yes
2025,TN,47187,Williamson,549300K2JM6ID3V5LO24,,26,10,7,0.12,26,0,0,0,0,10,0,0,0,0,yes
2025,TN,47187,Williamson,549300O6Z0I6KYMESL47,AMWEST FUNDING CORP.,14,10,1,0.12,14,0,0,0,0,10,0,0,0,0,yes
2025,TN,47187,Williamson,549300QVGK8WC4HQ3C28,,23,10,1,0.12,18,3,2,0,0,7,3,0,0,0,yes
2025,TN,47187,Williamson,549300YD7XJM19TH5O82,,12,10,0,0.12,12,0,0,0,0,10,0,0,0,0,yes
2025,TN,47187,Williamson,549300YUZCW5UUIYIL79,,13,10,0,0.12,13,0,0,0,0,10,0,0,0,0,yes
2025,TN,47187,Williamson,984500U2F9A83N391A91,"CHAMPIONS FUNDING, LLC",17,10,2,0.12,17,0,0,0,0,10,0,0,0,0,yes
2025,TN,47187,Williamson,2549000VVDQ9NNW01Q23,,10,9,1,0.11,10,0,0,0,0,9,0,0,0,0,yes
2025,TN,47187,Williamson,2WHM8VNJH63UN14OL754,The Huntington National Bank,10,9,0,0.11,10,0,0,0,0,9,0,0,0,0,yes
2025,TN,47187,Williamson,54930015645SYPOM7220,,12,9,0,0.11,7,3,2,0,0,4,3,2,0,0,yes
2025,TN,47187,Williamson,5493002B2WMHY23GFK92,"AMERICAN FINANCIAL RESOURCES, INC.",11,9,0,0.11,9,1,1,0,0,8,0,1,0,0,yes
2025,TN,47187,Williamson,549300RYBJHWWDENV610,Alcova Mortgage LLC,11,9,0,0.11,9,0,2,0,0,8,0,1,0,0,yes
2025,TN,47187,Williamson,549300XWUSRVVOHPRY47,Academy Mortgage Corporation,22,9,0,0.11,22,0,0,0,0,9,0,0,0,0,yes
2025,TN,47187,Williamson,ZXMJHJK466PBZTM5F379,,13,9,1,0.11,13,0,0,0,0,9,0,0,0,0,yes
2025,TN,47187,Williamson,2549001SI0EMFPT39035,"Cornerstone First Mortgage, Inc",11,8,0,0.1,8,1,2,0,0,5,1,2,0,0,yes
2025,TN,47187,Williamson,254900HA4DQWAE0W3342,"AMERIHOME MORTGAGE COMPANY, LLC",12,8,1,0.1,7,5,0,0,0,6,2,0,0,0,yes
2025,TN,47187,Williamson,549300121SF0K2LN2804,"PRIMELENDING, A PLAINSCAPITAL COMPANY",11,8,0,0.1,10,1,0,0,0,7,1,0,0,0,yes
2025,TN,47187,Williamson,5493003V40VGM7YDFM54,FIRST COLONY MORTGAGE CORPORATION,15,8,0,0.1,13,2,0,0,0,7,1,0,0,0,yes
2025,TN,47187,Williamson,5493008NWHQT1R22C024,"AMERICAN FINANCIAL NETWORK, INC.",18,8,4,0.1,12,3,3,0,0,7,0,1,0,0,yes
2025,TN,47187,Williamson,549300R0L43GUZ8EW811,,11,8,0,0.1,10,1,0,0,0,7,1,0,0,0,yes
2025,TN,47187,Williamson,549300RM1IZYGQDSNL85,,9,8,0,0.1,6,2,1,0,0,5,2,1,0,0,yes
2025,TN,47187,Williamson,549300RTWPH3HXUWR160,,12,8,2,0.1,12,0,0,0,0,8,0,0,0,0,yes
2025,TN,47187,Williamson,C5654JQHZUHN0772B561,USAA Federal Savings Bank,24,8,9,0.1,17,0,7,0,0,5,0,3,0,0,yes
2025,TN,47187,Williamson,254900QXDYW5OTSNTL04,,11,7,0,0.09,6,4,1,0,0,3,3,1,0,0,yes
2025,TN,47187,Williamson,5493005NU5BA00C1N451,,8,7,0,0.09,3,3,2,0,0,3,2,2,0,0,yes
2025,TN,47187,Williamson,549300G4ESSS6M0MEG51,,15,7,0,0.09,15,0,0,0,0,7,0,0,0,0,yes
2025,TN,47187,Williamson,549300MHH03ICJYEPE85,,9,7,1,0.09,0,9,0,0,0,0,7,0,0,0,yes
2025,TN,47187,Williamson,549300R9S3MVDV4MGF56,"CARRINGTON MORTGAGE SERVICES, LLC",26,7,10,0.09,12,11,3,0,0,3,2,2,0,0,yes
2025,TN,47187,Williamson,549300YN94MOAVYW0F52,"GoodLeap, LLC",11,7,2,0.09,9,2,0,0,0,6,1,0,0,0,yes
2025,TN,47187,Williamson,C398JSK21YCXWM603F55,,8,7,0,0.09,7,1,0,0,0,7,0,0,0,0,yes
2025,TN,47187,Williamson,Q708HHR4LD2B7XIZNO92,First Federal Bank,12,7,1,0.09,6,1,5,0,0,2,1,4,0,0,yes
2025,TN,47187,Williamson,254900HEJ9F73IMPX887,,24,6,3,0.07,24,0,0,0,0,6,0,0,0,0,yes
2025,TN,47187,Williamson,254900WQCRCK13A7DC81,,9,6,2,0.07,9,0,0,0,0,6,0,0,0,0,yes
2025,TN,47187,Williamson,54930049L5WINET09Q97,"CLICK N' CLOSE, INC.",9,6,0,0.07,5,4,0,0,0,3,3,0,0,0,yes
2025,TN,47187,Williamson,5493004T9SQFCNRQ2L76,,6,6,0,0.07,6,0,0,0,0,6,0,0,0,0,yes
2025,TN,47187,Williamson,5493008P6YO2KM3EO556,,7,6,0,0.07,6,1,0,0,0,5,1,0,0,0,yes
2025,TN,47187,Williamson,549300DCGBXW5FJMV921,,6,6,0,0.07,6,0,0,0,0,6,0,0,0,0,yes
2025,TN,47187,Williamson,549300JRDGV1559XM376,,10,6,2,0.07,9,0,1,0,0,6,0,0,0,0,yes
2025,TN,47187,Williamson,549300KSOOZZVXCMA627,ANGEL OAK MORTGAGE SOLUTIONS LLC,12,6,1,0.07,12,0,0,0,0,6,0,0,0,0,yes
2025,TN,47187,Williamson,549300LTKCJV903ZQR25,,8,6,1,0.07,8,0,0,0,0,6,0,0,0,0,yes
2025,TN,47187,Williamson,549300VCMRO4ST680C11,VILLAGE CAPITAL & INVESTMENT LLC,16,6,1,0.07,0,7,9,0,0,0,2,4,0,0,yes
2025,TN,47187,Williamson,549300WN1LQYJX9HOU28,,7,6,1,0.07,7,0,0,0,0,6,0,0,0,0,yes
2025,TN,47187,Williamson,549300Y5Y88FQLI7VE83,DEEPHAVEN MORTGAGE LLC,13,6,6,0.07,13,0,0,0,0,6,0,0,0,0,yes
2025,TN,47187,Williamson,1IE8VN30JCEQV1H4R804,,6,5,1,0.06,6,0,0,0,0,5,0,0,0,0,yes
2025,TN,47187,Williamson,254900VELJPWWT51WN03,,6,5,0,0.06,6,0,0,0,0,5,0,0,0,0,yes
2025,TN,47187,Williamson,4EP6JBYBTPTQ47LZOB67,,5,5,0,0.06,5,0,0,0,0,5,0,0,0,0,yes
2025,TN,47187,Williamson,5493000EUC3MM52PJV85,,7,5,0,0.06,7,0,0,0,0,5,0,0,0,0,yes
2025,TN,47187,Williamson,54930022I573MYIIOM33,,11,5,2,0.06,11,0,0,0,0,5,0,0,0,0,yes
2025,TN,47187,Williamson,54930048P8RWCQHQM310,,6,5,0,0.06,6,0,0,0,0,5,0,0,0,0,yes
2025,TN,47187,Williamson,5493005PKOSG7MYX0B34,"Prosperity Home Mortgage, LLC",7,5,0,0.06,2,3,2,0,0,1,3,1,0,0,yes
2025,TN,47187,Williamson,549300A68YW07V5R5G22,,6,5,1,0.06,6,0,0,0,0,5,0,0,0,0,yes
2025,TN,47187,Williamson,549300BOXNV8VLRBDT24,,11,5,1,0.06,11,0,0,0,0,5,0,0,0,0,yes
2025,TN,47187,Williamson,549300CNRVR02KBUDD48,,6,5,1,0.06,6,0,0,0,0,5,0,0,0,0,yes
2025,TN,47187,Williamson,549300GTVXJ2PGXNLM73,T2 FINANCIAL LLC,5,5,0,0.06,5,0,0,0,0,5,0,0,0,0,yes
2025,TN,47187,Williamson,549300IFOE4SCP384147,University Bank,5,5,0,0.06,5,0,0,0,0,5,0,0,0,0,yes
2025,TN,47187,Williamson,549300K4ZLGS7SRDTL86,Equity Prime Mortgage LLC,11,5,1,0.06,0,9,2,0,0,0,3,2,0,0,yes
2025,TN,47187,Williamson,549300NFPC3Y4W3Y7R87,,6,5,1,0.06,2,3,1,0,0,1,3,1,0,0,yes
2025,TN,47187,Williamson,549300PQLK8E48ILXV41,,10,5,3,0.06,8,2,0,0,0,5,0,0,0,0,yes
2025,TN,47187,Williamson,549300QIUZLVR1OLDH55,,7,5,1,0.06,7,0,0,0,0,5,0,0,0,0,yes
2025,TN,47187,Williamson,549300RA3E0BUFO7YZ21,"Hometown Equity Mortgage, LLC",14,5,8,0.06,13,1,0,0,0,4,1,0,0,0,yes
2025,TN,47187,Williamson,549300RFLICNI75BG067,Luminate Bank,6,5,0,0.06,5,1,0,0,0,4,1,0,0,0,yes
2025,TN,47187,Williamson,549300U76XKUE05DV518,,5,5,0,0.06,5,0,0,0,0,5,0,0,0,0,yes
2025,TN,47187,Williamson,549300YW2UBCMDRMBT48,,6,5,1,0.06,5,1,0,0,0,4,1,0,0,0,yes
2025,TN,47187,Williamson,2549004FXPNKCLIN8250,,7,4,1,0.05,7,0,0,0,0,4,0,0,0,0,yes
2025,TN,47187,Williamson,2549007JQKHU8KQ0FC19,,4,4,0,0.05,3,1,0,0,0,3,1,0,0,0,yes
2025,TN,47187,Williamson,254900BBWJ82FQDQ6823,,4,4,0,0.05,4,0,0,0,0,4,0,0,0,0,yes
2025,TN,47187,Williamson,254900CTT87ZKAUTIJ37,,8,4,4,0.05,8,0,0,0,0,4,0,0,0,0,yes
2025,TN,47187,Williamson,254900FJRICL380R4T46,Leaders Credit Union,4,4,0,0.05,4,0,0,0,0,4,0,0,0,0,yes
2025,TN,47187,Williamson,254900M2C4Q6DATP2889,,11,4,0,0.05,0,7,4,0,0,0,2,2,0,0,yes
2025,TN,47187,Williamson,254900O28OG3UMHXQY81,,7,4,1,0.05,6,1,0,0,0,4,0,0,0,0,yes
2025,TN,47187,Williamson,254900YR8UZ7F37G6E87,,4,4,0,0.05,4,0,0,0,0,4,0,0,0,0,yes
2025,TN,47187,Williamson,549300095ABBENNWE160,,5,4,0,0.05,5,0,0,0,0,4,0,0,0,0,yes
2025,TN,47187,Williamson,5493001GDRY0EL7VG372,"ARK-LA-TEX FINANCIAL SERVICES, LLC.",7,4,0,0.05,6,1,0,0,0,4,0,0,0,0,yes
2025,TN,47187,Williamson,5493007669OVCSCATP45,TENNESSEE VALLEY FCU,6,4,2,0.05,6,0,0,0,0,4,0,0,0,0,yes
2025,TN,47187,Williamson,54930091CYUK2SDZ6D37,,4,4,0,0.05,4,0,0,0,0,4,0,0,0,0,yes
2025,TN,47187,Williamson,549300BX448ALT10FI43,The Federal Savings Bank,7,4,1,0.05,2,3,2,0,0,1,1,2,0,0,yes
2025,TN,47187,Williamson,549300DDLYW49R2HCV81,EASTMAN CREDIT UNION,5,4,1,0.05,5,0,0,0,0,4,0,0,0,0,yes
2025,TN,47187,Williamson,549300IJ8KTGYPKLXK63,,7,4,0,0.05,7,0,0,0,0,4,0,0,0,0,yes
2025,TN,47187,Williamson,549300J7I82PNDVU8H22,"OCMBC, INC.",18,4,3,0.05,17,1,0,0,0,4,0,0,0,0,yes
2025,TN,47187,Williamson,549300KX4S1573HISS22,,4,4,0,0.05,4,0,0,0,0,4,0,0,0,0,yes
2025,TN,47187,Williamson,549300MUXFVZKH4XLG17,,6,4,0,0.05,5,1,0,0,0,3,1,0,0,0,yes
2025,TN,47187,Williamson,549300S5YL3OH0IVCS62,FINANCE OF AMERICA REVERSE LLC,7,4,2,0.05,0,7,0,0,0,0,4,0,0,0,yes
2025,TN,47187,Williamson,549300TWLXP5O4IHG211,,8,4,1,0.05,8,0,0,0,0,4,0,0,0,0,yes
2025,TN,47187,Williamson,549300VORTI31GZTJL53,"CARDINAL FINANCIAL COMPANY, LIMITED PARTNERSHIP",9,4,0,0.05,6,3,0,0,0,2,2,0,0,0,yes
2025,TN,47187,Williamson,549300W4TWSN8U8TGD72,,4,4,0,0.05,4,0,0,0,0,4,0,0,0,0,yes
2025,TN,47187,Williamson,984500C6D3DC0BE5E321,,4,4,0,0.05,4,0,0,0,0,4,0,0,0,0,yes
2025,TN,47187,Williamson,KD3XUN7C6T14HNAYLU02,,5,4,0,0.05,5,0,0,0,0,4,0,0,0,0,yes
2025,TN,47187,Williamson,QGPGHQ1ENZOOLJRFTH41,,5,4,1,0.05,5,0,0,0,0,4,0,0,0,0,yes
2025,TN,47187,Williamson,01J4SO3XTWZF4PP38209,,3,3,0,0.04,3,0,0,0,0,3,0,0,0,0,yes
2025,TN,47187,Williamson,2549005FUF02T1IFCA22,,3,3,0,0.04,3,0,0,0,0,3,0,0,0,0,yes
2025,TN,47187,Williamson,2549009X2AG1P20YAJ63,,6,3,1,0.04,6,0,0,0,0,3,0,0,0,0,yes
2025,TN,47187,Williamson,254900DGJQT6H4M24F92,,3,3,0,0.04,3,0,0,0,0,3,0,0,0,0,yes
2025,TN,47187,Williamson,254900DRSIZBQXDCJ875,,3,3,0,0.04,3,0,0,0,0,3,0,0,0,0,yes
2025,TN,47187,Williamson,254900NZOY3XB2DNSZ34,,4,3,0,0.04,4,0,0,0,0,3,0,0,0,0,yes
2025,TN,47187,Williamson,254900RQX8N4HXJIDK44,,4,3,0,0.04,3,1,0,0,0,3,0,0,0,0,yes
2025,TN,47187,Williamson,254900TG14TB8RKS3U42,,14,3,0,0.04,12,2,0,0,0,2,1,0,0,0,yes
2025,TN,47187,Williamson,254900TTZ395IC926125,,4,3,1,0.04,4,0,0,0,0,3,0,0,0,0,yes
2025,TN,47187,Williamson,254900WEP08K7U7S3A80,,3,3,0,0.04,1,1,1,0,0,1,1,1,0,0,yes
2025,TN,47187,Williamson,254900ZX1UPIG2E7TH11,,5,3,0,0.04,5,0,0,0,0,3,0,0,0,0,yes
2025,TN,47187,Williamson,337KMNHEWWWR6B7Q7W10,,4,3,0,0.04,4,0,0,0,0,3,0,0,0,0,yes
2025,TN,47187,Williamson,3Y4U8VZURTYWI1W2K376,,8,3,4,0.04,8,0,0,0,0,3,0,0,0,0,yes
2025,TN,47187,Williamson,5493001141Z7CINOSB62,,3,3,0,0.04,3,0,0,0,0,3,0,0,0,0,yes
2025,TN,47187,Williamson,5493001JT9MT3Z3Y3M39,,4,3,1,0.04,4,0,0,0,0,3,0,0,0,0,yes
2025,TN,47187,Williamson,549300323EON4W3CCM44,"RESICENTRAL, LLC",4,3,0,0.04,3,1,0,0,0,2,1,0,0,0,yes
2025,TN,47187,Williamson,5493004RLLKTQS8K7U51,,7,3,0,0.04,7,0,0,0,0,3,0,0,0,0,yes
2025,TN,47187,Williamson,5493004T38NMC864VL66,,3,3,0,0.04,3,0,0,0,0,3,0,0,0,0,yes
2025,TN,47187,Williamson,54930052M48FOD3CWA54,"PRIMARY RESIDENTIAL MORTGAGE, INC.",4,3,0,0.04,4,0,0,0,0,3,0,0,0,0,yes
2025,TN,47187,Williamson,5493007PAE4JN4B5BX31,,3,3,0,0.04,3,0,0,0,0,3,0,0,0,0,yes
2025,TN,47187,Williamson,549300CUUEEQ66ZVK149,,4,3,0,0.04,3,1,0,0,0,3,0,0,0,0,yes
2025,TN,47187,Williamson,549300CY7WNAHKHYSJ73,,3,3,0,0.04,3,0,0,0,0,3,0,0,0,0,yes
2025,TN,47187,Williamson,549300DG3IV05V4C4E03,,4,3,0,0.04,3,1,0,0,0,3,0,0,0,0,yes
2025,TN,47187,Williamson,549300H3IZO24NSOO931,"loanDepot.com, LLC",5,3,1,0.04,3,2,0,0,0,3,0,0,0,0,yes
2025,TN,47187,Williamson,549300L1DBFIJZI8LA40,,3,3,0,0.04,3,0,0,0,0,3,0,0,0,0,yes
2025,TN,47187,Williamson,549300LXKO1O7CSK5J52,,5,3,0,0.04,4,1,0,0,0,2,1,0,0,0,yes
2025,TN,47187,Williamson,549300PL267CW8182203,,3,3,0,0.04,1,2,0,0,0,1,2,0,0,0,yes
2025,TN,47187,Williamson,549300REENMLD2RN3W58,,3,3,0,0.04,2,0,1,0,0,2,0,1,0,0,yes
2025,TN,47187,Williamson,549300RUFHC5ZQDL8J10,,3,3,0,0.04,3,0,0,0,0,3,0,0,0,0,yes
2025,TN,47187,Williamson,549300SFG15JDKI5MD22,,3,3,0,0.04,3,0,0,0,0,3,0,0,0,0,yes
2025,TN,47187,Williamson,549300UKYJZO6CZXIX60,,3,3,0,0.04,3,0,0,0,0,3,0,0,0,0,yes
2025,TN,47187,Williamson,549300UR5AOWTJJ7KZ64,,8,3,0,0.04,8,0,0,0,0,3,0,0,0,0,yes
2025,TN,47187,Williamson,549300VMX06UV1F7NS76,,8,3,0,0.04,6,1,1,0,0,3,0,0,0,0,yes
2025,TN,47187,Williamson,549300W4FT4H1UWPGU95,,4,3,0,0.04,4,0,0,0,0,3,0,0,0,0,yes
2025,TN,47187,Williamson,984500FAD1FB7FEGTE82,,3,3,0,0.04,3,0,0,0,0,3,0,0,0,0,yes
2025,TN,47187,Williamson,COINQMNIM6RBU631DD85,,4,3,1,0.04,4,0,0,0,0,3,0,0,0,0,yes
2025,TN,47187,Williamson,SS1TRMSN6BRNMOREEV51,"Flagstar Bank, National Association",8,3,3,0.04,7,1,0,0,0,3,0,0,0,0,yes
2025,TN,47187,Williamson,XC7Z0BA39TU7L1AKOJ12,,4,3,1,0.04,4,0,0,0,0,3,0,0,0,0,yes
2025,TN,47187,Williamson,2549002VH9C0PKB8K153,,5,2,0,0.02,5,0,0,0,0,2,0,0,0,0,yes
2025,TN,47187,Williamson,254900378RFGMBEKAF12,,2,2,0,0.02,2,0,0,0,0,2,0,0,0,0,yes
2025,TN,47187,Williamson,2549004CU9LAM5CYA280,,4,2,0,0.02,4,0,0,0,0,2,0,0,0,0,yes
2025,TN,47187,Williamson,2549004XJQQPBYQSMT39,,2,2,0,0.02,2,0,0,0,0,2,0,0,0,0,yes
2025,TN,47187,Williamson,2549005Q4HZ55QX7YC64,,2,2,0,0.02,2,0,0,0,0,2,0,0,0,0,yes
2025,TN,47187,Williamson,254900O2K17TNH5CL873,"RF RENOVO MANAGEMENT COMPANY, LLC",2,2,0,0.02,2,0,0,0,0,2,0,0,0,0,yes
2025,TN,47187,Williamson,54930001NSTOD85LT125,"GUARANTEED RATE AFFINITY, LLC",4,2,0,0.02,3,0,1,0,0,1,0,1,0,0,yes
2025,TN,47187,Williamson,54930002O9LLXKR6TF11,,3,2,0,0.02,3,0,0,0,0,2,0,0,0,0,yes
2025,TN,47187,Williamson,5493000IIYWBLONJVJ30,,2,2,0,0.02,2,0,0,0,0,2,0,0,0,0,yes
2025,TN,47187,Williamson,5493000OM9RKJW8W5K82,,6,2,0,0.02,6,0,0,0,0,2,0,0,0,0,yes
2025,TN,47187,Williamson,5493001X0T84TYRJ5Y59,,3,2,1,0.02,3,0,0,0,0,2,0,0,0,0,yes
2025,TN,47187,Williamson,54930021DZJ9CEN11D61,,2,2,0,0.02,1,1,0,0,0,1,1,0,0,0,yes
2025,TN,47187,Williamson,54930021WPEXNHYZUL09,"PLANET HOME LENDING, LLC",6,2,3,0.02,0,5,1,0,0,0,2,0,0,0,yes
2025,TN,47187,Williamson,54930030Z1JWTP3SVD16,,2,2,0,0.02,2,0,0,0,0,2,0,0,0,0,yes
2025,TN,47187,Williamson,5493004K0Z4RFJSPYT52,,2,2,0,0.02,2,0,0,0,0,2,0,0,0,0,yes
2025,TN,47187,Williamson,5493004MWCDBCBTXE044,,2,2,0,0.02,2,0,0,0,0,2,0,0,0,0,yes
2025,TN,47187,Williamson,5493005DKMV1IHIM8E20,"Wilmington Savings Fund Society, FSB",5,2,1,0.02,5,0,0,0,0,2,0,0,0,0,yes
2025,TN,47187,Williamson,5493005JPZ3LXXMB0S24,"Carrington Mortgage Services, LLC",2,2,0,0.02,2,0,0,0,0,2,0,0,0,0,yes
2025,TN,47187,Williamson,54930078TNN7GKZ7NU89,,4,2,1,0.02,3,0,1,0,0,2,0,0,0,0,yes
2025,TN,47187,Williamson,5493007ZN3JNCBPMI730,,3,2,0,0.02,3,0,0,0,0,2,0,0,0,0,yes
2025,TN,47187,Williamson,54930091JQKCU3Z6IP44,,8,2,1,0.02,8,0,0,0,0,2,0,0,0,0,yes
2025,TN,47187,Williamson,549300A5HHOL2ED18C72,,4,2,0,0.02,4,0,0,0,0,2,0,0,0,0,yes
2025,TN,47187,Williamson,549300B4IYL7TZT8FA34,,2,2,0,0.02,2,0,0,0,0,2,0,0,0,0,yes
2025,TN,47187,Williamson,549300BWXUPDS3PDOL40,,2,2,0,0.02,2,0,0,0,0,2,0,0,0,0,yes
2025,TN,47187,Williamson,549300BXWU32AYWT1A56,,2,2,0,0.02,2,0,0,0,0,2,0,0,0,0,yes
2025,TN,47187,Williamson,549300C1ICNCM0V37Y02,,2,2,0,0.02,2,0,0,0,0,2,0,0,0,0,yes
2025,TN,47187,Williamson,549300E0S1LZYZ9QNX81,,5,2,1,0.02,5,0,0,0,0,2,0,0,0,0,yes
2025,TN,47187,Williamson,549300EFCZM6KD6B8K69,MORTGAGE ACCESS CORP.,4,2,0,0.02,4,0,0,0,0,2,0,0,0,0,yes
2025,TN,47187,Williamson,549300GCUYVW860UOZ07,,2,2,0,0.02,2,0,0,0,0,2,0,0,0,0,yes
2025,TN,47187,Williamson,549300HCNXMTNGIMAR91,,2,2,0,0.02,2,0,0,0,0,2,0,0,0,0,yes
2025,TN,47187,Williamson,549300HVW3AI97UKTO72,,3,2,0,0.02,3,0,0,0,0,2,0,0,0,0,yes
2025,TN,47187,Williamson,549300I1HK1BBZLKOB84,,2,2,0,0.02,2,0,0,0,0,2,0,0,0,0,yes
2025,TN,47187,Williamson,549300IBHFWCA2THLC52,,3,2,1,0.02,3,0,0,0,0,2,0,0,0,0,yes
2025,TN,47187,Williamson,549300III1DMY3SLAW56,Countybank,3,2,0,0.02,3,0,0,0,0,2,0,0,0,0,yes
2025,TN,47187,Williamson,549300IKS3MMB5YK6T18,,2,2,0,0.02,2,0,0,0,0,2,0,0,0,0,yes
2025,TN,47187,Williamson,549300IPUHFA5O769M51,"Vellum Mortgage, Inc.",3,2,0,0.02,3,0,0,0,0,2,0,0,0,0,yes
2025,TN,47187,Williamson,549300JQEF6V2RNWCC75,,4,2,0,0.02,4,0,0,0,0,2,0,0,0,0,yes
2025,TN,47187,Williamson,549300JYXTZDSPJEPI44,"PLAZA HOME MORTGAGE, INC.",6,2,4,0.02,4,2,0,0,0,2,0,0,0,0,yes
2025,TN,47187,Williamson,549300OBJRCHJ0G6XU24,,2,2,0,0.02,2,0,0,0,0,2,0,0,0,0,yes
2025,TN,47187,Williamson,549300OR2C7AGDZFTS24,,2,2,0,0.02,1,1,0,0,0,1,1,0,0,0,yes
2025,TN,47187,Williamson,549300OSZK2W0WJYS771,,2,2,0,0.02,2,0,0,0,0,2,0,0,0,0,yes
2025,TN,47187,Williamson,549300OYEKEORA1GI088,,2,2,0,0.02,0,0,2,0,0,0,0,2,0,0,yes
2025,TN,47187,Williamson,549300PC4MFWQBNVKG88,,2,2,0,0.02,2,0,0,0,0,2,0,0,0,0,yes
2025,TN,47187,Williamson,549300PKEQ3Q9S0IXW76,,2,2,0,0.02,2,0,0,0,0,2,0,0,0,0,yes
2025,TN,47187,Williamson,549300PL8ER6H23P0Z91,,3,2,0,0.02,3,0,0,0,0,2,0,0,0,0,yes
2025,TN,47187,Williamson,549300R4F5COFJE0DN81,,2,2,0,0.02,2,0,0,0,0,2,0,0,0,0,yes
2025,TN,47187,Williamson,549300RWXUAFD1WAE410,"ATLANTIC BAY MORTGAGE GROUP, L.L.C.",2,2,0,0.02,2,0,0,0,0,2,0,0,0,0,yes
2025,TN,47187,Williamson,549300RYTR2RVL4SFJ90,,3,2,0,0.02,3,0,0,0,0,2,0,0,0,0,yes
2025,TN,47187,Williamson,549300SUCQ1358EGVE89,"NEW DAY FINANCIAL, LLC",17,2,6,0.02,0,1,16,0,0,0,0,2,0,0,yes
2025,TN,47187,Williamson,549300T3F9S1MKFKHC53,HOMESTEAD FUNDING CORP.,4,2,0,0.02,4,0,0,0,0,2,0,0,0,0,yes
2025,TN,47187,Williamson,549300T61O0X0RJMQ375,,2,2,0,0.02,2,0,0,0,0,2,0,0,0,0,yes
2025,TN,47187,Williamson,549300UF3FPC7U6RFC59,,4,2,0,0.02,2,0,2,0,0,1,0,1,0,0,yes
2025,TN,47187,Williamson,549300XED7IBK9VVQH70,"PIKE CREEK MORTGAGE SERVICES, INC.",4,2,0,0.02,3,1,0,0,0,2,0,0,0,0,yes
2025,TN,47187,Williamson,549300XQ7B5FIVUNFE29,VAN DYK MORTGAGE CORPORATION,2,2,0,0.02,1,0,1,0,0,1,0,1,0,0,yes
2025,TN,47187,Williamson,549300XRXBA38J60S618,,3,2,0,0.02,3,0,0,0,0,2,0,0,0,0,yes
2025,TN,47187,Williamson,549300Y4BSP3BSFW7J29,,4,2,0,0.02,4,0,0,0,0,2,0,0,0,0,yes
2025,TN,47187,Williamson,549300Y7G2MW6V1OR474,,2,2,0,0.02,2,0,0,0,0,2,0,0,0,0,yes
2025,TN,47187,Williamson,549300ZPSJZO10ZAX556,"AMERICAN HERITAGE LENDING, LLC",8,2,2,0.02,8,0,0,0,0,2,0,0,0,0,yes
2025,TN,47187,Williamson,549300ZS1TR1B4LHX377,,3,2,0,0.02,3,0,0,0,0,2,0,0,0,0,yes
2025,TN,47187,Williamson,8I3UVGYULPJQIP7FQV10,"SouthState Bank, National Association",3,2,0,0.02,3,0,0,0,0,2,0,0,0,0,yes
2025,TN,47187,Williamson,9845005BP6974AE5D838,,3,2,0,0.02,3,0,0,0,0,2,0,0,0,0,yes
2025,TN,47187,Williamson,984500RF83EA742B5589,,2,2,0,0.02,2,0,0,0,0,2,0,0,0,0,yes
2025,TN,47187,Williamson,213800QUAI2VH5YM6310,"EMBRACE HOME LOANS, INC.",1,1,0,0.01,1,0,0,0,0,1,0,0,0,0,yes
2025,TN,47187,Williamson,25490018IFQOT83Q7H49,,1,1,0,0.01,1,0,0,0,0,1,0,0,0,0,yes
2025,TN,47187,Williamson,25490041Y3ITG7RD6H37,,1,1,0,0.01,1,0,0,0,0,1,0,0,0,0,yes
2025,TN,47187,Williamson,2549004Z576VEJBK3N72,"NQM FUNDING, LLC",1,1,0,0.01,1,0,0,0,0,1,0,0,0,0,yes
2025,TN,47187,Williamson,2549005Z23HAAZ6QDM98,,1,1,0,0.01,1,0,0,0,0,1,0,0,0,0,yes
2025,TN,47187,Williamson,2549008X67CV1MNM7747,,1,1,0,0.01,1,0,0,0,0,1,0,0,0,0,yes
2025,TN,47187,Williamson,254900AD895KKZTSFT42,,2,1,0,0.01,2,0,0,0,0,1,0,0,0,0,yes
2025,TN,47187,Williamson,254900AHEC0ZH6MGNX19,,1,1,0,0.01,1,0,0,0,0,1,0,0,0,0,yes
2025,TN,47187,Williamson,254900BMXWPEHXG4LF21,,1,1,0,0.01,0,1,0,0,0,0,1,0,0,0,yes
2025,TN,47187,Williamson,254900E6AIE4Z8YQM970,Citadel Servicing Corporation,5,1,0,0.01,5,0,0,0,0,1,0,0,0,0,yes
2025,TN,47187,Williamson,254900HIDMT4ZG09RP47,,1,1,0,0.01,0,0,1,0,0,0,0,1,0,0,yes
2025,TN,47187,Williamson,254900IEGKUDRDS23V26,,1,1,0,0.01,1,0,0,0,0,1,0,0,0,0,yes
2025,TN,47187,Williamson,254900IRE136HFEI2562,,1,1,0,0.01,1,0,0,0,0,1,0,0,0,0,yes
2025,TN,47187,Williamson,254900IUXHAK73AEH918,,2,1,0,0.01,2,0,0,0,0,1,0,0,0,0,yes
2025,TN,47187,Williamson,254900LDLCTUL5TXVH85,,1,1,0,0.01,1,0,0,0,0,1,0,0,0,0,yes
2025,TN,47187,Williamson,254900LTD432L5CHIZ48,,1,1,0,0.01,1,0,0,0,0,1,0,0,0,0,yes
2025,TN,47187,Williamson,254900OYJ23M4J7IJI76,,1,1,0,0.01,1,0,0,0,0,1,0,0,0,0,yes
2025,TN,47187,Williamson,254900P7WLDQD9IUL038,Service Federal Credit Union,1,1,0,0.01,1,0,0,0,0,1,0,0,0,0,yes
2025,TN,47187,Williamson,254900QNIR86GUIRYH95,,3,1,0,0.01,3,0,0,0,0,1,0,0,0,0,yes
2025,TN,47187,Williamson,254900QRD0ZXHH08TX87,,1,1,0,0.01,1,0,0,0,0,1,0,0,0,0,yes
2025,TN,47187,Williamson,254900T8N4RLS6G3BF64,,2,1,1,0.01,2,0,0,0,0,1,0,0,0,0,yes
2025,TN,47187,Williamson,254900U1OBL1MC6M6518,,1,1,0,0.01,0,1,0,0,0,0,1,0,0,0,yes
2025,TN,47187,Williamson,254900VE4XTOQUE8NZ77,,1,1,0,0.01,1,0,0,0,0,1,0,0,0,0,yes
2025,TN,47187,Williamson,254900WT4HAMDFWH3048,,1,1,0,0.01,0,1,0,0,0,0,1,0,0,0,yes
2025,TN,47187,Williamson,254900WTZC5SSKIN2M11,,2,1,0,0.01,2,0,0,0,0,1,0,0,0,0,yes
2025,TN,47187,Williamson,254900YA1AQXNM8QVZ06,,1,1,0,0.01,1,0,0,0,0,1,0,0,0,0,yes
2025,TN,47187,Williamson,254900YPPMV9UM5FUW09,,1,1,0,0.01,1,0,0,0,0,1,0,0,0,0,yes
2025,TN,47187,Williamson,254900ZELVKWROFNEC29,,1,1,0,0.01,1,0,0,0,0,1,0,0,0,0,yes
2025,TN,47187,Williamson,38PG5GG0OEQK4QMSKE59,,1,1,0,0.01,1,0,0,0,0,1,0,0,0,0,yes
2025,TN,47187,Williamson,4LJGQ9KJ9S0CP4B1FY29,,1,1,0,0.01,1,0,0,0,0,1,0,0,0,0,yes
2025,TN,47187,Williamson,5493000349C5XXDRQX28,,4,1,0,0.01,4,0,0,0,0,1,0,0,0,0,yes
2025,TN,47187,Williamson,5493000M1X0MV8KPL945,,2,1,0,0.01,2,0,0,0,0,1,0,0,0,0,yes
2025,TN,47187,Williamson,5493001LHLYJE6PHUL18,,1,1,0,0.01,1,0,0,0,0,1,0,0,0,0,yes
2025,TN,47187,Williamson,5493001SDQVS1NWYH012,,1,1,0,0.01,1,0,0,0,0,1,0,0,0,0,yes
2025,TN,47187,Williamson,5493001XKL0FTNOJ0866,,1,1,0,0.01,1,0,0,0,0,1,0,0,0,0,yes
2025,TN,47187,Williamson,5493002GI63WHHUTUD85,"KEYSTONE FUNDING, INC.",1,1,0,0.01,1,0,0,0,0,1,0,0,0,0,yes
2025,TN,47187,Williamson,5493002N5168AC238149,"OceanFirst Bank, National Association",1,1,0,0.01,1,0,0,0,0,1,0,0,0,0,yes
2025,TN,47187,Williamson,5493002QRULT2T40BH09,,2,1,0,0.01,2,0,0,0,0,1,0,0,0,0,yes
2025,TN,47187,Williamson,5493002Y5XYV7DV1ZV88,"GOLD STAR MORTGAGE FINANCIAL GROUP, CORPORATION",5,1,0,0.01,5,0,0,0,0,1,0,0,0,0,yes
2025,TN,47187,Williamson,549300370QILXLFUWD20,"ZILLOW HOME LOANS, LLC",2,1,0,0.01,2,0,0,0,0,1,0,0,0,0,yes
2025,TN,47187,Williamson,54930039OWZFM2IGRN69,,1,1,0,0.01,1,0,0,0,0,1,0,0,0,0,yes
2025,TN,47187,Williamson,5493003IRCQIQ6T3QS04,,1,1,0,0.01,1,0,0,0,0,1,0,0,0,0,yes
2025,TN,47187,Williamson,5493003NV9L53LK1XI52,,2,1,0,0.01,1,0,1,0,0,0,0,1,0,0,yes
2025,TN,47187,Williamson,5493004LYI6NSVMGYH15,,1,1,0,0.01,1,0,0,0,0,1,0,0,0,0,yes
2025,TN,47187,Williamson,5493004VB8XJ1L0EOO76,,1,1,0,0.01,1,0,0,0,0,1,0,0,0,0,yes
2025,TN,47187,Williamson,5493005ICQ3QGEIWV618,UNITED MORTGAGE CORP.,1,1,0,0.01,1,0,0,0,0,1,0,0,0,0,yes
2025,TN,47187,Williamson,5493005R34FLBMCPWB41,"TIDEWATER MORTGAGE SERVICES, INC.",2,1,0,0.01,2,0,0,0,0,1,0,0,0,0,yes
2025,TN,47187,Williamson,5493005T71YXBHEO2093,,2,1,0,0.01,2,0,0,0,0,1,0,0,0,0,yes
2025,TN,47187,Williamson,5493006MA7WP1WL8U431,,1,1,0,0.01,1,0,0,0,0,1,0,0,0,0,yes
2025,TN,47187,Williamson,5493006MRGHEPWMR2015,,1,1,0,0.01,1,0,0,0,0,1,0,0,0,0,yes
2025,TN,47187,Williamson,5493006VAGP3GQ8FJT49,"Kiavi Funding, Inc.",4,1,0,0.01,4,0,0,0,0,1,0,0,0,0,yes
2025,TN,47187,Williamson,5493007CLWQN2S6IZK91,,4,1,0,0.01,3,0,1,0,0,1,0,0,0,0,yes
2025,TN,47187,Williamson,54930087FQP1S845Z665,,1,1,0,0.01,1,0,0,0,0,1,0,0,0,0,yes
2025,TN,47187,Williamson,5493008E4KBJCB6UKR64,,2,1,0,0.01,2,0,0,0,0,1,0,0,0,0,yes
2025,TN,47187,Williamson,5493008Q3XBC7O0Q4X02,,2,1,1,0.01,2,0,0,0,0,1,0,0,0,0,yes
2025,TN,47187,Williamson,5493008SP1FN4D81IS17,,2,1,0,0.01,2,0,0,0,0,1,0,0,0,0,yes
2025,TN,47187,Williamson,5493008ZTV4S0W9DCX64,,1,1,0,0.01,1,0,0,0,0,1,0,0,0,0,yes
2025,TN,47187,Williamson,5493009B17HXCVXTD608,"JMAC LENDING, INC.",2,1,0,0.01,2,0,0,0,0,1,0,0,0,0,yes
2025,TN,47187,Williamson,5493009LKZIV63KY6458,VIRGINIA FEDERAL CREDIT UNION,1,1,0,0.01,1,0,0,0,0,1,0,0,0,0,yes
2025,TN,47187,Williamson,5493009Y8ROUG903AQ21,,1,1,0,0.01,1,0,0,0,0,1,0,0,0,0,yes
2025,TN,47187,Williamson,549300ALNLUNS3Y53T24,,21,1,12,0.01,10,11,0,0,0,0,1,0,0,0,yes
2025,TN,47187,Williamson,549300BBKMRS6J0CB539,,3,1,1,0.01,2,0,1,0,0,1,0,0,0,0,yes
2025,TN,47187,Williamson,549300BIIOTBIZJPS834,,1,1,0,0.01,1,0,0,0,0,1,0,0,0,0,yes
2025,TN,47187,Williamson,549300BM4NS8HDJT3X28,"INTERCOASTAL MORTGAGE, LLC",2,1,0,0.01,0,1,1,0,0,0,1,0,0,0,yes
2025,TN,47187,Williamson,549300BTTR873E71L054,,1,1,0,0.01,1,0,0,0,0,1,0,0,0,0,yes
2025,TN,47187,Williamson,549300D003QRZFSQ4N43,,1,1,0,0.01,1,0,0,0,0,1,0,0,0,0,yes
2025,TN,47187,Williamson,549300D3LYUX1NJVC329,,1,1,0,0.01,1,0,0,0,0,1,0,0,0,0,yes
2025,TN,47187,Williamson,549300DMHEHNYZ2OLB41,,1,1,0,0.01,1,0,0,0,0,1,0,0,0,0,yes
2025,TN,47187,Williamson,549300DNWSJUNAWUM003,,1,1,0,0.01,1,0,0,0,0,1,0,0,0,0,yes
2025,TN,47187,Williamson,549300DX0B304LAKUN93,,1,1,0,0.01,1,0,0,0,0,1,0,0,0,0,yes
2025,TN,47187,Williamson,549300E4YLQ3BVQ4GW30,,1,1,0,0.01,1,0,0,0,0,1,0,0,0,0,yes
2025,TN,47187,Williamson,549300E8HNQO52YYHI82,,1,1,0,0.01,0,1,0,0,0,0,1,0,0,0,yes
2025,TN,47187,Williamson,549300EM8ID8J7F8OM55,"First Heritage Mortgage, LLC",1,1,0,0.01,1,0,0,0,0,1,0,0,0,0,yes
2025,TN,47187,Williamson,549300EMNDEK4BA8WB53,EMM LOANS LLC,1,1,0,0.01,0,1,0,0,0,0,1,0,0,0,yes
2025,TN,47187,Williamson,549300FF2P6I0N4FHD29,,1,1,0,0.01,1,0,0,0,0,1,0,0,0,0,yes
2025,TN,47187,Williamson,549300FK3AFCFVAPH234,"Leader Bank, National Association",1,1,0,0.01,1,0,0,0,0,1,0,0,0,0,yes
2025,TN,47187,Williamson,549300FOCEH0X0ZOR362,,2,1,1,0.01,2,0,0,0,0,1,0,0,0,0,yes
2025,TN,47187,Williamson,549300FX2QBKG7ZTBX37,,1,1,0,0.01,1,0,0,0,0,1,0,0,0,0,yes
2025,TN,47187,Williamson,549300G5DVGM0ZHRQC33,,2,1,0,0.01,0,0,2,0,0,0,0,1,0,0,yes
2025,TN,47187,Williamson,549300GE8KIGZVQV1223,,1,1,0,0.01,1,0,0,0,0,1,0,0,0,0,yes
2025,TN,47187,Williamson,549300GFM3T3SN2KS138,ACHIEVA CREDIT UNION,4,1,2,0.01,4,0,0,0,0,1,0,0,0,0,yes
2025,TN,47187,Williamson,549300H68PK1CZUVUQ73,,1,1,0,0.01,1,0,0,0,0,1,0,0,0,0,yes
2025,TN,47187,Williamson,549300HINJH60UG3KG47,,1,1,0,0.01,1,0,0,0,0,1,0,0,0,0,yes
2025,TN,47187,Williamson,549300HIVO8XPBPNVG69,,2,1,0,0.01,2,0,0,0,0,1,0,0,0,0,yes
2025,TN,47187,Williamson,549300HZMPZC336WP721,,1,1,0,0.01,1,0,0,0,0,1,0,0,0,0,yes
2025,TN,47187,Williamson,549300I7G0WB7Z0BCX80,,1,1,0,0.01,1,0,0,0,0,1,0,0,0,0,yes
2025,TN,47187,Williamson,549300IHBKY3L5OIDT39,,1,1,0,0.01,1,0,0,0,0,1,0,0,0,0,yes
2025,TN,47187,Williamson,549300J6N77Q8OHYNF23,,1,1,0,0.01,1,0,0,0,0,1,0,0,0,0,yes
2025,TN,47187,Williamson,549300KB8NXVYD7BGS97,,2,1,0,0.01,2,0,0,0,0,1,0,0,0,0,yes
2025,TN,47187,Williamson,549300KST6N97GYH0O45,,1,1,0,0.01,1,0,0,0,0,1,0,0,0,0,yes
2025,TN,47187,Williamson,549300KWKWPEKL40WD44,,2,1,0,0.01,2,0,0,0,0,1,0,0,0,0,yes
2025,TN,47187,Williamson,549300KX6E1IE2LM5E30,,1,1,0,0.01,1,0,0,0,0,1,0,0,0,0,yes
2025,TN,47187,Williamson,549300LE3ZOZXUS7W648,,1,1,0,0.01,1,0,0,0,0,1,0,0,0,0,yes
2025,TN,47187,Williamson,549300LIPY4ISRLGTF16,,1,1,0,0.01,1,0,0,0,0,1,0,0,0,0,yes
2025,TN,47187,Williamson,549300LLKEKXL2RM1F61,CONTOUR MORTGAGE CORPORATION,1,1,0,0.01,1,0,0,0,0,1,0,0,0,0,yes
2025,TN,47187,Williamson,549300LZUXCJFE5ONM48,,2,1,0,0.01,0,2,0,0,0,0,1,0,0,0,yes
2025,TN,47187,Williamson,549300M8WGW2D17CZD19,,1,1,0,0.01,0,1,0,0,0,0,1,0,0,0,yes
2025,TN,47187,Williamson,549300MSU5WVAU4ZN645,,1,1,0,0.01,1,0,0,0,0,1,0,0,0,0,yes
2025,TN,47187,Williamson,549300N3JBQ15RQ7AV97,,1,1,0,0.01,1,0,0,0,0,1,0,0,0,0,yes
2025,TN,47187,Williamson,549300NN5CG5Q640OV05,,1,1,0,0.01,1,0,0,0,0,1,0,0,0,0,yes
2025,TN,47187,Williamson,549300NWKILSNQAIG053,,2,1,0,0.01,2,0,0,0,0,1,0,0,0,0,yes
2025,TN,47187,Williamson,549300NZWZUYUWEOA562,,1,1,0,0.01,1,0,0,0,0,1,0,0,0,0,yes
2025,TN,47187,Williamson,549300O4KTZGM04CCZ47,,1,1,0,0.01,1,0,0,0,0,1,0,0,0,0,yes
2025,TN,47187,Williamson,549300OIJ6O9DNP74L72,,3,1,0,0.01,3,0,0,0,0,1,0,0,0,0,yes
2025,TN,47187,Williamson,549300OPB0G5OMY0SM65,,1,1,0,0.01,1,0,0,0,0,1,0,0,0,0,yes
2025,TN,47187,Williamson,549300OUFGVRFN8PZB89,,1,1,0,0.01,1,0,0,0,0,1,0,0,0,0,yes
2025,TN,47187,Williamson,549300P55E0GN57DEV03,,1,1,0,0.01,1,0,0,0,0,1,0,0,0,0,yes
2025,TN,47187,Williamson,549300PBTV7FCWLSMM53,,4,1,0,0.01,0,4,0,0,0,0,1,0,0,0,yes
2025,TN,47187,Williamson,549300PXIFIEPL7D7R86,,1,1,0,0.01,1,0,0,0,0,1,0,0,0,0,yes
2025,TN,47187,Williamson,549300QLZWERAXKGEP54,,2,1,0,0.01,2,0,0,0,0,1,0,0,0,0,yes
2025,TN,47187,Williamson,549300RD5IG88VPO6P22,,1,1,0,0.01,1,0,0,0,0,1,0,0,0,0,yes
2025,TN,47187,Williamson,549300SQKZC6HESYGO25,,2,1,0,0.01,2,0,0,0,0,1,0,0,0,0,yes
2025,TN,47187,Williamson,549300SQRR7T3EUSDD87,,1,1,0,0.01,1,0,0,0,0,1,0,0,0,0,yes
2025,TN,47187,Williamson,549300TA4MQM8WN2XG31,,2,1,0,0.01,2,0,0,0,0,1,0,0,0,0,yes
2025,TN,47187,Williamson,549300TB3TMP4RV5T078,"NEW FED MORTGAGE, CORP.",1,1,0,0.01,1,0,0,0,0,1,0,0,0,0,yes
2025,TN,47187,Williamson,549300TCY9QY8BRDQJ12,,1,1,0,0.01,1,0,0,0,0,1,0,0,0,0,yes
2025,TN,47187,Williamson,549300TOOOOW36EX6R40,SUNCOAST CREDIT UNION,1,1,0,0.01,1,0,0,0,0,1,0,0,0,0,yes
2025,TN,47187,Williamson,549300UPB8ITF7B1GI03,,1,1,0,0.01,0,1,0,0,0,0,1,0,0,0,yes
2025,TN,47187,Williamson,549300VVH8HHFMWL8536,,1,1,0,0.01,1,0,0,0,0,1,0,0,0,0,yes
2025,TN,47187,Williamson,549300W07W12OUENKR02,,2,1,0,0.01,2,0,0,0,0,1,0,0,0,0,yes
2025,TN,47187,Williamson,549300WRDGBHKR1BXL98,,2,1,0,0.01,2,0,0,0,0,1,0,0,0,0,yes
2025,TN,47187,Williamson,549300WZWPMDWIL12842,,1,1,0,0.01,1,0,0,0,0,1,0,0,0,0,yes
2025,TN,47187,Williamson,549300X9F6RDCRU0HK78,,1,1,0,0.01,1,0,0,0,0,1,0,0,0,0,yes
2025,TN,47187,Williamson,549300XQVJ1XBNFA5536,21ST MORTGAGE CORPORATION,4,1,3,0.01,4,0,0,0,0,1,0,0,0,0,yes
2025,TN,47187,Williamson,549300YX5RPSSMR88K92,,1,1,0,0.01,1,0,0,0,0,1,0,0,0,0,yes
2025,TN,47187,Williamson,549300Z4E78BSM0XM758,,1,1,0,0.01,1,0,0,0,0,1,0,0,0,0,yes
2025,TN,47187,Williamson,6PTKHDJ8HDUF78PFWH30,,1,1,0,0.01,1,0,0,0,0,1,0,0,0,0,yes
2025,TN,47187,Williamson,9845006DE3H5E9VA4012,,2,1,0,0.01,2,0,0,0,0,1,0,0,0,0,yes
2025,TN,47187,Williamson,98450087981AP406JG03,,2,1,0,0.01,2,0,0,0,0,1,0,0,0,0,yes
2025,TN,47187,Williamson,984500CD6F0743B8F530,,1,1,0,0.01,1,0,0,0,0,1,0,0,0,0,yes
2025,TN,47187,Williamson,HDU55UX4CXD9YSL1U194,,1,1,0,0.01,1,0,0,0,0,1,0,0,0,0,yes
2025,TN,47187,Williamson,HUX2X73FUCYHUVH1BK78,KeyBank National Association,1,1,0,0.01,1,0,0,0,0,1,0,0,0,0,yes
2025,TN,47187,Williamson,KI0VI4JRMCIJ329YTN75,Valley National Bank,1,1,0,0.01,1,0,0,0,0,1,0,0,0,0,yes
2025,TN,47187,Williamson,P7GC0W65KB5CEIHLDX81,,1,1,0,0.01,1,0,0,0,0,1,0,0,0,0,yes
2025,TN,47187,Williamson,R7JQ9JTCFHXBQU4XIT26,,1,1,0,0.01,1,0,0,0,0,1,0,0,0,0,yes
2025,TN,47187,Williamson,WKN6AF1FCL7BBYGTGI83,,2,1,1,0.01,2,0,0,0,0,1,0,0,0,0,yes
2025,TN,47187,Williamson,ZF85QS7OXKPBG52R7N18,,2,1,0,0.01,2,0,0,0,0,1,0,0,0,0,yes
2025,TN,47187,Williamson,254900RUCO27MVGTO768,LOAN FUNDER LLC,5,0,1,0.0,5,0,0,0,0,0,0,0,0,0,yes
2025,TN,47187,Williamson,5493000H6DFDDJRORG89,,5,0,0,0.0,5,0,0,0,0,0,0,0,0,0,yes
2025,TN,47187,Williamson,549300XCVBRR56D08F03,,13,0,0,0.0,11,2,0,0,0,0,0,0,0,0,yes
2025,TN,47187,Williamson,984500F03B9034CQB904,,5,0,2,0.0,4,0,1,0,0,0,0,0,0,0,yes
2025,TN,47189,Wilson,254900PVWALA7JTBXA31,WILSON BANK AND TRUST,522,366,47,6.9,513,6,2,1,0,362,3,1,0,0,yes
2025,TN,47189,Wilson,549300FGXN1K3HLB1R50,"Rocket Mortgage, LLC",435,327,54,6.16,324,68,43,0,0,243,54,30,0,0,yes
2025,TN,47189,Wilson,549300HW662MN1WU8550,"United Wholesale Mortgage, LLC",348,269,31,5.07,171,97,80,0,0,139,72,58,0,0,yes
2025,TN,47189,Wilson,5493001SXWZ4OFP8Z903,"CrossCountry Mortgage, LLC",316,236,35,4.45,184,94,29,9,0,144,63,22,7,0,yes
2025,TN,47189,Wilson,549300OBO7DOF2KOP535,FirstBank,180,144,15,2.71,140,27,11,2,0,108,23,11,2,0,yes
2025,TN,47189,Wilson,549300GKFNPRWNS0GF29,"AmeriHome Mortgage Company, LLC",175,127,1,2.39,106,49,17,3,0,77,34,13,3,0,yes
2025,TN,47189,Wilson,EQTWLK1G7ODGC2MGLV11,Regions Bank,228,125,68,2.36,222,2,4,0,0,123,0,2,0,0,yes
2025,TN,47189,Wilson,5493007VW2EU20PZYU97,INSPIRE HOME LOANS INC.,143,122,8,2.3,76,47,20,0,0,67,36,19,0,0,yes
2025,TN,47189,Wilson,5493000YNV8IX4VD3X12,"VANDERBILT MORTGAGE AND FINANCE, INC.",179,117,12,2.2,157,14,8,0,0,97,13,7,0,0,yes
2025,TN,47189,Wilson,549300AG64NHILB7ZP05,"PennyMac Loan Services, LLC",165,113,25,2.13,88,54,23,0,0,62,33,18,0,0,yes
2025,TN,47189,Wilson,6BYL5QZYBDK8S7L73M02,U.S. Bank National Association,200,111,53,2.09,190,5,5,0,0,102,5,4,0,0,yes
2025,TN,47189,Wilson,549300CDOC4F7XSRG390,Pinnacle Bank,137,95,19,1.79,127,5,5,0,0,89,1,5,0,0,yes
2025,TN,47189,Wilson,549300E1PJPTI4YS7H26,ASCEND FEDERAL CREDIT UNION,134,91,27,1.71,134,0,0,0,0,91,0,0,0,0,yes
2025,TN,47189,Wilson,RVDPPPGHCGZ40J4VQ731,Fairway Independent Mortgage Corporation,153,80,13,1.51,83,34,36,0,0,45,16,19,0,0,yes
2025,TN,47189,Wilson,549300KIOYNU323LVJ37,AMERICAN PACIFIC MORTGAGE CORPORATION,104,78,8,1.47,70,24,10,0,0,52,20,6,0,0,yes
2025,TN,47189,Wilson,549300H3IZO24NSOO931,"loanDepot.com, LLC",92,74,7,1.39,65,18,9,0,0,54,13,7,0,0,yes
2025,TN,47189,Wilson,B4TYDEB6GKMZO031MB27,"Guaranteed Rate, Inc.",134,67,28,1.26,134,0,0,0,0,67,0,0,0,0,yes
2025,TN,47189,Wilson,549300VZVN841I2ILS84,Freedom Mortgage Corporation,106,66,4,1.24,64,31,8,3,0,39,20,5,2,0,yes
2025,TN,47189,Wilson,549300KBWX4NV5Q1E376,"NVR Mortgage Finance, Inc.",81,60,16,1.13,28,50,3,0,0,19,39,2,0,0,yes
2025,TN,47189,Wilson,54930022I573MYIIOM33,,74,59,2,1.11,55,10,9,0,0,42,10,7,0,0,yes
2025,TN,47189,Wilson,549300LYRWPSYPK6S325,Guild Mortgage Company LLC,135,57,13,1.07,18,71,46,0,0,4,29,24,0,0,yes
2025,TN,47189,Wilson,54930059GZZ7G4G40O53,Primis Mortgage Company,77,54,3,1.02,50,20,7,0,0,35,14,5,0,0,yes
2025,TN,47189,Wilson,COOWI3L2W9TPYR3WJX37,First Horizon Bank,96,54,32,1.02,94,2,0,0,0,53,1,0,0,0,yes
2025,TN,47189,Wilson,JJKC32MCHWDI71265Z06,Truist Bank,95,49,34,0.92,93,2,0,0,0,49,0,0,0,0,yes
2025,TN,47189,Wilson,5493003GQDUH26DNNH17,Navy Federal Credit Union,88,47,12,0.89,62,0,26,0,0,38,0,9,0,0,yes
2025,TN,47189,Wilson,549300DMYENRV818D594,,55,47,2,0.89,44,6,5,0,0,37,5,5,0,0,yes
2025,TN,47189,Wilson,549300LBCBNR1OT00651,NATIONSTAR MORTGAGE LLC,66,46,6,0.87,57,7,2,0,0,40,4,2,0,0,yes
2025,TN,47189,Wilson,549300DD4R4SYK5RAQ92,"Cardinal Financial Company, Limited Partnership",70,45,4,0.85,47,18,5,0,0,30,10,5,0,0,yes
2025,TN,47189,Wilson,549300PC4MFWQBNVKG88,,60,45,4,0.85,46,8,6,0,0,36,6,3,0,0,yes
2025,TN,47189,Wilson,549300W4TWSN8U8TGD72,,45,45,0,0.85,45,0,0,0,0,45,0,0,0,0,yes
2025,TN,47189,Wilson,549300Y6WN08IC7KWH70,TRAILBLAZER MORTGAGE L.L.C.,51,44,0,0.83,21,20,10,0,0,18,17,9,0,0,yes
2025,TN,47189,Wilson,5493001UYBOONMFYPR30,"Legacy Home Loans, LLC",56,43,1,0.81,45,6,5,0,0,35,4,4,0,0,yes
2025,TN,47189,Wilson,7H6GLXDRUGQFU57RNE97,"JPMorgan Chase Bank, National Association",63,40,3,0.75,62,0,1,0,0,39,0,1,0,0,yes
2025,TN,47189,Wilson,549300U3721PJGQZYY68,Nationstar Mortgage LLC,84,39,5,0.73,61,18,5,0,0,25,11,3,0,0,yes
2025,TN,47189,Wilson,549300OPCWU6E72WUT29,"MUTUAL OF OMAHA MORTGAGE, INC.",50,38,5,0.72,25,20,5,0,0,21,13,4,0,0,yes
2025,TN,47189,Wilson,54930052M48FOD3CWA54,"PRIMARY RESIDENTIAL MORTGAGE, INC.",46,37,2,0.7,27,15,4,0,0,21,12,4,0,0,yes
2025,TN,47189,Wilson,549300RPOGWJRH63HS39,UNION HOME MORTGAGE CORP.,49,36,4,0.68,26,15,7,1,0,20,12,4,0,0,yes
2025,TN,47189,Wilson,IUGPUX5LWRZ3B6KIZ697,Ameris Bank,46,34,1,0.64,33,6,7,0,0,25,5,4,0,0,yes
2025,TN,47189,Wilson,549300MGPZBLQDIL7538,"PrimeLending, a PlainsCapital Company",46,33,0,0.62,35,8,3,0,0,26,5,2,0,0,yes
2025,TN,47189,Wilson,QFROUN1UWUYU0DVIWD51,"Eagle Home Mortgage, LLC",68,33,18,0.62,68,0,0,0,0,33,0,0,0,0,yes
2025,TN,47189,Wilson,549300DD5QQUHO6PCH70,"Movement Mortgage, LLC",97,30,23,0.57,7,1,89,0,0,1,1,28,0,0,yes
2025,TN,47189,Wilson,549300FNXYY540N23N64,Newrez LLC,91,30,16,0.57,60,18,13,0,0,22,4,4,0,0,yes
2025,TN,47189,Wilson,254900UL88QFG0E40516,FIGURE LENDING LLC,59,29,19,0.55,59,0,0,0,0,29,0,0,0,0,yes
2025,TN,47189,Wilson,549300PIL8LFAQ04XC20,Better Mortgage Corporation,104,29,61,0.55,104,0,0,0,0,29,0,0,0,0,yes
2025,TN,47189,Wilson,549300R0SXC1JU7ZU290,"FIRST COMMUNITY MORTGAGE, INC.",37,29,3,0.55,25,9,3,0,0,21,6,2,0,0,yes
2025,TN,47189,Wilson,549300VNBQD8FDHF7563,"MORTGAGE INVESTORS GROUP, INC.",35,28,0,0.53,31,3,1,0,0,24,3,1,0,0,yes
2025,TN,47189,Wilson,549300AT7EB9FJAF0E61,Old National Bank,44,26,9,0.49,36,5,3,0,0,23,2,1,0,0,yes
2025,TN,47189,Wilson,549300BLL6VL7AXWYP56,,40,26,1,0.49,32,8,0,0,0,19,7,0,0,0,yes
2025,TN,47189,Wilson,549300E2UX99HKDBR481,"Broker Solutions, Inc.",72,26,5,0.49,38,26,8,0,0,14,7,5,0,0,yes
2025,TN,47189,Wilson,5493001HHBUTXHS7TZ96,HOMEAMERICAN MORTGAGE CORPORATION,32,25,4,0.47,18,9,5,0,0,16,6,3,0,0,yes
2025,TN,47189,Wilson,5493006JISETNI0GLE61,,36,25,5,0.47,36,0,0,0,0,25,0,0,0,0,yes
2025,TN,47189,Wilson,549300YIQ7S7Z8PIHE53,AMERISAVE MORTGAGE CORPORATION,62,25,32,0.47,45,13,4,0,0,25,0,0,0,0,yes
2025,TN,47189,Wilson,549300YRN588YD6VNJ18,,28,25,2,0.47,28,0,0,0,0,25,0,0,0,0,yes
2025,TN,47189,Wilson,549300FZ8E0GLIFFYB55,,29,24,3,0.45,29,0,0,0,0,24,0,0,0,0,yes
2025,TN,47189,Wilson,DRMSV1Q0EKMEXLAU1P80,"Citizens Bank, National Association",40,24,9,0.45,40,0,0,0,0,24,0,0,0,0,yes
2025,TN,47189,Wilson,5493009BD405QQTMXO12,TOLL BROTHERS MORTGAGE COMPANY,32,23,1,0.43,25,2,5,0,0,18,1,4,0,0,yes
2025,TN,47189,Wilson,549300HUJ6V0QTROHW53,,23,23,0,0.43,23,0,0,0,0,23,0,0,0,0,yes
2025,TN,47189,Wilson,549300VMX06UV1F7NS76,,30,23,0,0.43,10,15,5,0,0,8,12,3,0,0,yes
2025,TN,47189,Wilson,5493004OB0KD7VERQW98,,28,22,2,0.41,15,8,5,0,0,10,7,5,0,0,yes
2025,TN,47189,Wilson,54930072OCHTUJOZQB56,,33,22,0,0.41,32,0,1,0,0,22,0,0,0,0,yes
2025,TN,47189,Wilson,5493004IEEY3EWUVQH38,,25,21,1,0.4,25,0,0,0,0,21,0,0,0,0,yes
2025,TN,47189,Wilson,549300AQ3T62GXDU7D76,Ally Bank,32,21,0,0.4,24,4,3,1,0,16,1,3,1,0,yes
2025,TN,47189,Wilson,549300PXL1KA5TOL2O82,"M/I FINANCIAL, LLC",29,20,0,0.38,15,9,5,0,0,14,4,2,0,0,yes
2025,TN,47189,Wilson,549300T9P3WXNMXX0I34,Ixonia Bank,41,20,2,0.38,27,10,3,1,0,12,5,2,1,0,yes
2025,TN,47189,Wilson,Q7C315HKI8VX0SSKBS64,Cadence Bank,28,19,4,0.36,28,0,0,0,0,19,0,0,0,0,yes
2025,TN,47189,Wilson,5493005PD34O8ZT7QT17,,18,18,0,0.34,18,0,0,0,0,18,0,0,0,0,yes
2025,TN,47189,Wilson,5493001GCBD5XGNIC815,Coastal Community Bank,74,16,1,0.3,74,0,0,0,0,16,0,0,0,0,yes
2025,TN,47189,Wilson,5493002RF1ERFA2XR050,Renasant Bank,21,16,1,0.3,18,2,1,0,0,13,2,1,0,0,yes
2025,TN,47189,Wilson,54930054ET8KM4O1D485,"SOFI BANK, NATIONAL ASSOCIATION",37,16,3,0.3,36,1,0,0,0,16,0,0,0,0,yes
2025,TN,47189,Wilson,549300GTVXJ2PGXNLM73,T2 FINANCIAL LLC,23,16,3,0.3,13,10,0,0,0,8,8,0,0,0,yes
2025,TN,47189,Wilson,549300NOCASXPA34X033,"LAKEVIEW LOAN SERVICING, LLC",63,15,29,0.28,29,27,7,0,0,8,5,2,0,0,yes
2025,TN,47189,Wilson,549300RP3DLR09NF6157,,19,14,1,0.26,10,7,0,2,0,8,6,0,0,0,yes
2025,TN,47189,Wilson,549300ZWNETGFXTBBY03,,29,14,2,0.26,18,3,7,1,0,7,2,5,0,0,yes
2025,TN,47189,Wilson,X05BVSK68TQ7YTOSNR22,Discover Bank,62,14,33,0.26,62,0,0,0,0,14,0,0,0,0,yes
2025,TN,47189,Wilson,254900DTLHVWQ7NP7R34,"CMG Mortgage, Inc.",20,13,4,0.24,20,0,0,0,0,13,0,0,0,0,yes
2025,TN,47189,Wilson,5493004WMLN60ZJ2ON46,"Paramount Residential Mortgage Group, Inc.",25,13,2,0.24,22,0,3,0,0,11,0,2,0,0,yes
2025,TN,47189,Wilson,KB1H1DSPRFMYMCUFXT09,"Wells Fargo Bank, National Association",24,13,4,0.24,21,2,1,0,0,12,0,1,0,0,yes
2025,TN,47189,Wilson,549300KHXD7JSQUZIJ22,,16,12,0,0.23,12,3,1,0,0,11,1,0,0,0,yes
2025,TN,47189,Wilson,AD6GFRVSDT01YPT1CS68,"PNC Bank, National Association",19,12,4,0.23,19,0,0,0,0,12,0,0,0,0,yes
2025,TN,47189,Wilson,25490066WMF8ZMQXQB18,"Lendage, LLC",17,11,1,0.21,17,0,0,0,0,11,0,0,0,0,yes
2025,TN,47189,Wilson,549300K4ZLGS7SRDTL86,Equity Prime Mortgage LLC,22,11,0,0.21,0,8,13,1,0,0,5,5,1,0,yes
2025,TN,47189,Wilson,549300Q50XCC0473FG63,,20,11,2,0.21,20,0,0,0,0,11,0,0,0,0,yes
2025,TN,47189,Wilson,549300R9S3MVDV4MGF56,"CARRINGTON MORTGAGE SERVICES, LLC",32,11,14,0.21,16,11,5,0,0,5,5,1,0,0,yes
2025,TN,47189,Wilson,549300XY701IELCE5Q08,BETTER MORTGAGE CORPORATION,31,11,7,0.21,28,2,1,0,0,9,1,1,0,0,yes
2025,TN,47189,Wilson,T68X8LLAQYRNDV034K14,United Community Bank,19,11,4,0.21,16,2,0,1,0,11,0,0,0,0,yes
2025,TN,47189,Wilson,X6T32LKEPUT8LQMW6755,,19,11,0,0.21,17,1,1,0,0,9,1,1,0,0,yes
2025,TN,47189,Wilson,213800XR2TCBQJSF1X93,,11,10,0,0.19,10,0,1,0,0,9,0,1,0,0,yes
2025,TN,47189,Wilson,549300095ABBENNWE160,,10,10,0,0.19,10,0,0,0,0,10,0,0,0,0,yes
2025,TN,47189,Wilson,5493001WHVQBGRSWEU75,"HOMEBRIDGE FINANCIAL SERVICES, INC.",13,10,1,0.19,13,0,0,0,0,10,0,0,0,0,yes
2025,TN,47189,Wilson,54930049L5WINET09Q97,"CLICK N' CLOSE, INC.",13,10,2,0.19,7,6,0,0,0,6,4,0,0,0,yes
2025,TN,47189,Wilson,549300G6RZM5T8NQJW74,,20,10,6,0.19,20,0,0,0,0,10,0,0,0,0,yes
2025,TN,47189,Wilson,549300LROQOOQU77WS20,,17,10,1,0.19,16,1,0,0,0,10,0,0,0,0,yes
2025,TN,47189,Wilson,549300QVGK8WC4HQ3C28,,17,10,0,0.19,11,4,2,0,0,5,3,2,0,0,yes
2025,TN,47189,Wilson,549300UXY7OP0IC38293,,18,10,2,0.19,13,3,2,0,0,8,1,1,0,0,yes
2025,TN,47189,Wilson,254900WQCRCK13A7DC81,,12,9,3,0.17,12,0,0,0,0,9,0,0,0,0,yes
2025,TN,47189,Wilson,54930021WPEXNHYZUL09,"PLANET HOME LENDING, LLC",10,9,1,0.17,0,5,5,0,0,0,5,4,0,0,yes
2025,TN,47189,Wilson,5493008CPTDVOS570626,"Primary Residential Mortgage, Inc.",18,9,8,0.17,18,0,0,0,0,9,0,0,0,0,yes
2025,TN,47189,Wilson,549300BX448ALT10FI43,The Federal Savings Bank,14,9,1,0.17,4,1,9,0,0,3,1,5,0,0,yes
2025,TN,47189,Wilson,549300CTISSNREVLNO46,,10,9,0,0.17,10,0,0,0,0,9,0,0,0,0,yes
2025,TN,47189,Wilson,549300DPRWSBUY619V27,,15,9,4,0.17,15,0,0,0,0,9,0,0,0,0,yes
2025,TN,47189,Wilson,549300RN01LBYR8ZVX74,"LOWER, LLC",15,9,2,0.17,6,7,2,0,0,4,4,1,0,0,yes
2025,TN,47189,Wilson,549300XQVJ1XBNFA5536,21ST MORTGAGE CORPORATION,41,9,17,0.17,41,0,0,0,0,9,0,0,0,0,yes
2025,TN,47189,Wilson,254900HA4DQWAE0W3342,"AMERIHOME MORTGAGE COMPANY, LLC",13,8,0,0.15,3,8,2,0,0,2,4,2,0,0,yes
2025,TN,47189,Wilson,254900RQ2FMUUUQUGI02,,8,8,0,0.15,8,0,0,0,0,8,0,0,0,0,yes
2025,TN,47189,Wilson,5493000QYMPN362T6V61,,13,8,0,0.15,12,0,1,0,0,7,0,1,0,0,yes
2025,TN,47189,Wilson,549300KB8NXVYD7BGS97,,19,8,6,0.15,18,0,1,0,0,7,0,1,0,0,yes
2025,TN,47189,Wilson,549300MZ8VZJOVC63092,"KIND LENDING, LLC",21,8,6,0.15,15,6,0,0,0,5,3,0,0,0,yes
2025,TN,47189,Wilson,549300R0L43GUZ8EW811,,10,8,0,0.15,8,2,0,0,0,7,1,0,0,0,yes
2025,TN,47189,Wilson,549300SUCQ1358EGVE89,"NEW DAY FINANCIAL, LLC",32,8,5,0.15,0,0,32,0,0,0,0,8,0,0,yes
2025,TN,47189,Wilson,549300VORTI31GZTJL53,"CARDINAL FINANCIAL COMPANY, LIMITED PARTNERSHIP",9,8,0,0.15,4,5,0,0,0,4,4,0,0,0,yes
2025,TN,47189,Wilson,984500U2F9A83N391A91,"CHAMPIONS FUNDING, LLC",12,8,3,0.15,12,0,0,0,0,8,0,0,0,0,yes
2025,TN,47189,Wilson,54930015645SYPOM7220,,12,7,0,0.13,5,7,0,0,0,3,4,0,0,0,yes
2025,TN,47189,Wilson,5493006RIR31ORKYB608,,8,7,0,0.13,4,4,0,0,0,3,4,0,0,0,yes
2025,TN,47189,Wilson,549300CB67L6KPJLHE19,"TRIAD FINANCIAL SERVICES, INC.",29,7,15,0.13,29,0,0,0,0,7,0,0,0,0,yes
2025,TN,47189,Wilson,549300IJ8KTGYPKLXK63,,8,7,0,0.13,8,0,0,0,0,7,0,0,0,0,yes
2025,TN,47189,Wilson,549300KQHWNSVCE2MY88,,10,7,0,0.13,10,0,0,0,0,7,0,0,0,0,yes
2025,TN,47189,Wilson,549300L1DBFIJZI8LA40,,8,7,0,0.13,5,3,0,0,0,4,3,0,0,0,yes
2025,TN,47189,Wilson,549300XSS1CPK8G7B851,,10,7,1,0.13,10,0,0,0,0,7,0,0,0,0,yes
2025,TN,47189,Wilson,549300YN94MOAVYW0F52,"GoodLeap, LLC",20,7,8,0.13,18,2,0,0,0,7,0,0,0,0,yes
2025,TN,47189,Wilson,549300ZIQ24V0C88AC41,GTE Federal Credit Union,8,7,1,0.13,8,0,0,0,0,7,0,0,0,0,yes
2025,TN,47189,Wilson,C5654JQHZUHN0772B561,USAA Federal Savings Bank,19,7,8,0.13,9,0,10,0,0,3,0,4,0,0,yes
2025,TN,47189,Wilson,254900WTZC5SSKIN2M11,,7,6,1,0.11,7,0,0,0,0,6,0,0,0,0,yes
2025,TN,47189,Wilson,549300121SF0K2LN2804,"PRIMELENDING, A PLAINSCAPITAL COMPANY",8,6,0,0.11,6,1,1,0,0,4,1,1,0,0,yes
2025,TN,47189,Wilson,549300GZY55UGMUMI322,,6,6,0,0.11,6,0,0,0,0,6,0,0,0,0,yes
2025,TN,47189,Wilson,549300JPGMCMBEJEK584,FIRST TECHNOLOGY,8,6,1,0.11,8,0,0,0,0,6,0,0,0,0,yes
2025,TN,47189,Wilson,549300JYXTZDSPJEPI44,"PLAZA HOME MORTGAGE, INC.",7,6,1,0.11,4,3,0,0,0,3,3,0,0,0,yes
2025,TN,47189,Wilson,549300KJ8PAJ7E52HG32,Plains Commerce Bank,9,6,0,0.11,6,0,3,0,0,4,0,2,0,0,yes
2025,TN,47189,Wilson,549300PL267CW8182203,,11,6,1,0.11,1,8,2,0,0,1,4,1,0,0,yes
2025,TN,47189,Wilson,549300REENMLD2RN3W58,,6,6,0,0.11,4,0,2,0,0,4,0,2,0,0,yes
2025,TN,47189,Wilson,549300RM1IZYGQDSNL85,,14,6,2,0.11,10,2,2,0,0,3,1,2,0,0,yes
2025,TN,47189,Wilson,549300RZFHIGIM84KN09,,7,6,0,0.11,7,0,0,0,0,6,0,0,0,0,yes
2025,TN,47189,Wilson,549300S8SHBRCI7UU819,,7,6,0,0.11,7,0,0,0,0,6,0,0,0,0,yes
2025,TN,47189,Wilson,549300SK2GVCQXPD4S58,"SUN WEST MORTGAGE COMPANY, INC.",9,6,0,0.11,3,4,2,0,0,2,2,2,0,0,yes
2025,TN,47189,Wilson,549300SMD444BM2WO947,,9,6,0,0.11,8,1,0,0,0,6,0,0,0,0,yes
2025,TN,47189,Wilson,549300TWLXP5O4IHG211,,7,6,1,0.11,7,0,0,0,0,6,0,0,0,0,yes
2025,TN,47189,Wilson,549300VCMRO4ST680C11,VILLAGE CAPITAL & INVESTMENT LLC,28,6,7,0.11,0,14,14,0,0,0,2,4,0,0,yes
2025,TN,47189,Wilson,549300WYBPIWKK6SQC06,,10,6,2,0.11,10,0,0,0,0,6,0,0,0,0,yes
2025,TN,47189,Wilson,549300YW2UBCMDRMBT48,,7,6,0,0.11,5,2,0,0,0,4,2,0,0,0,yes
2025,TN,47189,Wilson,2549005SIVTHG14U2905,A&D Mortgage LLC,6,5,0,0.09,4,2,0,0,0,4,1,0,0,0,yes
2025,TN,47189,Wilson,2549007JQKHU8KQ0FC19,,10,5,0,0.09,8,0,2,0,0,5,0,0,0,0,yes
2025,TN,47189,Wilson,254900ZFWS2106HWPH46,"PARAMOUNT RESIDENTIAL MORTGAGE GROUP, INC.",8,5,0,0.09,4,3,1,0,0,2,2,1,0,0,yes
2025,TN,47189,Wilson,5493004AS1SPBQOFDR49,"Change Lending, LLC",8,5,0,0.09,8,0,0,0,0,5,0,0,0,0,yes
2025,TN,47189,Wilson,5493005PKOSG7MYX0B34,"Prosperity Home Mortgage, LLC",5,5,0,0.09,2,3,0,0,0,2,3,0,0,0,yes
2025,TN,47189,Wilson,5493005QMX3SJKDTQZ62,,5,5,0,0.09,4,1,0,0,0,4,1,0,0,0,yes
2025,TN,47189,Wilson,5493008VVXQIDO1EZ460,,5,5,0,0.09,3,1,1,0,0,3,1,1,0,0,yes
2025,TN,47189,Wilson,549300BM4NS8HDJT3X28,"INTERCOASTAL MORTGAGE, LLC",5,5,0,0.09,3,1,1,0,0,3,1,1,0,0,yes
2025,TN,47189,Wilson,549300E0S1LZYZ9QNX81,,7,5,1,0.09,5,1,1,0,0,3,1,1,0,0,yes
2025,TN,47189,Wilson,549300T3F9S1MKFKHC53,HOMESTEAD FUNDING CORP.,6,5,0,0.09,6,0,0,0,0,5,0,0,0,0,yes
2025,TN,47189,Wilson,549300V8CF81JGIV7038,,6,5,0,0.09,3,3,0,0,0,2,3,0,0,0,yes
2025,TN,47189,Wilson,254900TG14TB8RKS3U42,,8,4,0,0.08,6,1,1,0,0,2,1,1,0,0,yes
2025,TN,47189,Wilson,5493000349C5XXDRQX28,,5,4,1,0.08,3,2,0,0,0,2,2,0,0,0,yes
2025,TN,47189,Wilson,5493001GDRY0EL7VG372,"ARK-LA-TEX FINANCIAL SERVICES, LLC.",6,4,1,0.08,2,3,1,0,0,1,2,1,0,0,yes
2025,TN,47189,Wilson,54930043BMDE130FJ617,"PROVIDENT FUNDING ASSOCIATES, L.P.",7,4,1,0.08,7,0,0,0,0,4,0,0,0,0,yes
2025,TN,47189,Wilson,5493008NWHQT1R22C024,"AMERICAN FINANCIAL NETWORK, INC.",6,4,1,0.08,4,2,0,0,0,2,2,0,0,0,yes
2025,TN,47189,Wilson,549300BOXNV8VLRBDT24,,6,4,0,0.08,6,0,0,0,0,4,0,0,0,0,yes
2025,TN,47189,Wilson,549300FX7K8PTEQUU487,PENTAGON FEDERAL CREDIT UNION,12,4,7,0.08,9,1,2,0,0,3,0,1,0,0,yes
2025,TN,47189,Wilson,549300GS0W0TEUQS8571,"Morgan Stanley Private Bank, National Association",5,4,0,0.08,5,0,0,0,0,4,0,0,0,0,yes
2025,TN,47189,Wilson,549300J7I82PNDVU8H22,"OCMBC, INC.",9,4,1,0.08,7,2,0,0,0,3,1,0,0,0,yes
2025,TN,47189,Wilson,549300LXKO1O7CSK5J52,,4,4,0,0.08,3,1,0,0,0,3,1,0,0,0,yes
2025,TN,47189,Wilson,549300LZUXCJFE5ONM48,,4,4,0,0.08,0,4,0,0,0,0,4,0,0,0,yes
2025,TN,47189,Wilson,549300S5YL3OH0IVCS62,FINANCE OF AMERICA REVERSE LLC,4,4,0,0.08,0,4,0,0,0,0,4,0,0,0,yes
2025,TN,47189,Wilson,549300XWUSRVVOHPRY47,Academy Mortgage Corporation,12,4,0,0.08,9,3,0,0,0,3,1,0,0,0,yes
2025,TN,47189,Wilson,549300Y5Y88FQLI7VE83,DEEPHAVEN MORTGAGE LLC,4,4,0,0.08,4,0,0,0,0,4,0,0,0,0,yes
2025,TN,47189,Wilson,CKVBED0S4DMLKJJ5XH28,,5,4,0,0.08,5,0,0,0,0,4,0,0,0,0,yes
2025,TN,47189,Wilson,COINQMNIM6RBU631DD85,,6,4,0,0.08,5,1,0,0,0,3,1,0,0,0,yes
2025,TN,47189,Wilson,DX0JX77PRMOELF7VG772,Synovus Bank,7,4,3,0.08,7,0,0,0,0,4,0,0,0,0,yes
2025,TN,47189,Wilson,PAOOWF3GUFM46FBSP561,,20,4,1,0.08,13,5,2,0,0,3,0,1,0,0,yes
2025,TN,47189,Wilson,2549004CU9LAM5CYA280,,4,3,0,0.06,4,0,0,0,0,3,0,0,0,0,yes
2025,TN,47189,Wilson,254900ACU16O36WZP625,,3,3,0,0.06,3,0,0,0,0,3,0,0,0,0,yes
2025,TN,47189,Wilson,254900DSZI6CJXJL6Z14,,4,3,0,0.06,4,0,0,0,0,3,0,0,0,0,yes
2025,TN,47189,Wilson,254900HEJ9F73IMPX887,,11,3,0,0.06,10,1,0,0,0,3,0,0,0,0,yes
2025,TN,47189,Wilson,254900M2C4Q6DATP2889,,10,3,0,0.06,1,7,2,0,0,0,2,1,0,0,yes
2025,TN,47189,Wilson,254900RQX8N4HXJIDK44,,4,3,0,0.06,2,2,0,0,0,2,1,0,0,0,yes
2025,TN,47189,Wilson,254900WEP08K7U7S3A80,,3,3,0,0.06,3,0,0,0,0,3,0,0,0,0,yes
2025,TN,47189,Wilson,5493000IIYWBLONJVJ30,,4,3,1,0.06,2,2,0,0,0,2,1,0,0,0,yes
2025,TN,47189,Wilson,5493001SDQVS1NWYH012,,3,3,0,0.06,3,0,0,0,0,3,0,0,0,0,yes
2025,TN,47189,Wilson,5493002B2WMHY23GFK92,"AMERICAN FINANCIAL RESOURCES, INC.",6,3,0,0.06,1,3,1,1,0,0,3,0,0,0,yes
2025,TN,47189,Wilson,549300323EON4W3CCM44,"RESICENTRAL, LLC",4,3,0,0.06,3,1,0,0,0,2,1,0,0,0,yes
2025,TN,47189,Wilson,5493003V40VGM7YDFM54,FIRST COLONY MORTGAGE CORPORATION,9,3,2,0.06,6,2,1,0,0,3,0,0,0,0,yes
2025,TN,47189,Wilson,5493004RLLKTQS8K7U51,,3,3,0,0.06,3,0,0,0,0,3,0,0,0,0,yes
2025,TN,47189,Wilson,549300ALNLUNS3Y53T24,,10,3,4,0.06,1,6,3,0,0,0,1,2,0,0,yes
2025,TN,47189,Wilson,549300CUUEEQ66ZVK149,,3,3,0,0.06,1,2,0,0,0,1,2,0,0,0,yes
2025,TN,47189,Wilson,549300DDLYW49R2HCV81,EASTMAN CREDIT UNION,3,3,0,0.06,3,0,0,0,0,3,0,0,0,0,yes
2025,TN,47189,Wilson,549300INFJ8TYNZ1G568,,4,3,1,0.06,4,0,0,0,0,3,0,0,0,0,yes
2025,TN,47189,Wilson,549300ISCZS1R0CJMO47,,5,3,1,0.06,4,0,1,0,0,2,0,1,0,0,yes
2025,TN,47189,Wilson,549300K2JM6ID3V5LO24,,8,3,3,0.06,8,0,0,0,0,3,0,0,0,0,yes
2025,TN,47189,Wilson,549300MHH03ICJYEPE85,,4,3,0,0.06,0,4,0,0,0,0,3,0,0,0,yes
2025,TN,47189,Wilson,549300MU3SP76R81WW62,,3,3,0,0.06,2,0,1,0,0,2,0,1,0,0,yes
2025,TN,47189,Wilson,549300MUXFVZKH4XLG17,,5,3,0,0.06,5,0,0,0,0,3,0,0,0,0,yes
2025,TN,47189,Wilson,549300NFPC3Y4W3Y7R87,,3,3,0,0.06,2,1,0,0,0,2,1,0,0,0,yes
2025,TN,47189,Wilson,549300PL8ER6H23P0Z91,,5,3,0,0.06,3,1,1,0,0,2,1,0,0,0,yes
2025,TN,47189,Wilson,549300PQLK8E48ILXV41,,5,3,2,0.06,5,0,0,0,0,3,0,0,0,0,yes
2025,TN,47189,Wilson,549300R77W0P105C3S50,HOMEXPRESS MORTGAGE CORP.,8,3,5,0.06,8,0,0,0,0,3,0,0,0,0,yes
2025,TN,47189,Wilson,549300RFLICNI75BG067,Luminate Bank,5,3,0,0.06,4,1,0,0,0,2,1,0,0,0,yes
2025,TN,47189,Wilson,549300VQUTI5IU7GXT57,,4,3,0,0.06,2,2,0,0,0,1,2,0,0,0,yes
2025,TN,47189,Wilson,9845006YE04B346EC919,,6,3,1,0.06,2,1,3,0,0,0,0,3,0,0,yes
2025,TN,47189,Wilson,01J4SO3XTWZF4PP38209,,2,2,0,0.04,1,0,1,0,0,1,0,1,0,0,yes
2025,TN,47189,Wilson,2549007IU6SKFLLNKZ07,,2,2,0,0.04,1,1,0,0,0,1,1,0,0,0,yes
2025,TN,47189,Wilson,254900CTT87ZKAUTIJ37,,2,2,0,0.04,2,0,0,0,0,2,0,0,0,0,yes
2025,TN,47189,Wilson,254900DGJQT6H4M24F92,,2,2,0,0.04,2,0,0,0,0,2,0,0,0,0,yes
2025,TN,47189,Wilson,254900FJRICL380R4T46,Leaders Credit Union,3,2,0,0.04,3,0,0,0,0,2,0,0,0,0,yes
2025,TN,47189,Wilson,54930001NSTOD85LT125,"GUARANTEED RATE AFFINITY, LLC",2,2,0,0.04,2,0,0,0,0,2,0,0,0,0,yes
2025,TN,47189,Wilson,5493000M1X0MV8KPL945,,2,2,0,0.04,2,0,0,0,0,2,0,0,0,0,yes
2025,TN,47189,Wilson,54930021DZJ9CEN11D61,,4,2,0,0.04,2,1,1,0,0,1,0,1,0,0,yes
2025,TN,47189,Wilson,5493002FQ43Q3BNXZW27,,2,2,0,0.04,2,0,0,0,0,2,0,0,0,0,yes
2025,TN,47189,Wilson,5493003EW6T31TGECO83,,2,2,0,0.04,2,0,0,0,0,2,0,0,0,0,yes
2025,TN,47189,Wilson,54930048P8RWCQHQM310,,2,2,0,0.04,2,0,0,0,0,2,0,0,0,0,yes
2025,TN,47189,Wilson,5493004T9SQFCNRQ2L76,,2,2,0,0.04,0,0,2,0,0,0,0,2,0,0,yes
2025,TN,47189,Wilson,5493005XMJQ1GSXUGT67,,2,2,0,0.04,2,0,0,0,0,2,0,0,0,0,yes
2025,TN,47189,Wilson,5493006P5IHSK77SZ855,,5,2,0,0.04,1,3,1,0,0,1,1,0,0,0,yes
2025,TN,47189,Wilson,54930074H8866HTIWU69,KNOXVILLE TVA EMPLOYEES CREDIT UNION,3,2,0,0.04,3,0,0,0,0,2,0,0,0,0,yes
2025,TN,47189,Wilson,5493007669OVCSCATP45,TENNESSEE VALLEY FCU,2,2,0,0.04,2,0,0,0,0,2,0,0,0,0,yes
2025,TN,47189,Wilson,54930091JQKCU3Z6IP44,,7,2,3,0.04,7,0,0,0,0,2,0,0,0,0,yes
2025,TN,47189,Wilson,549300A0SVCQJPHVGV20,,2,2,0,0.04,1,0,1,0,0,1,0,1,0,0,yes
2025,TN,47189,Wilson,549300AG10BX85DF5S49,MLD MORTGAGE INC.,3,2,0,0.04,2,0,1,0,0,2,0,0,0,0,yes
2025,TN,47189,Wilson,549300B4IYL7TZT8FA34,,4,2,0,0.04,4,0,0,0,0,2,0,0,0,0,yes
2025,TN,47189,Wilson,549300COIWXM618UBE82,,3,2,1,0.04,3,0,0,0,0,2,0,0,0,0,yes
2025,TN,47189,Wilson,549300HTKHBMJL4D9734,,3,2,0,0.04,3,0,0,0,0,2,0,0,0,0,yes
2025,TN,47189,Wilson,549300IBHFWCA2THLC52,,2,2,0,0.04,2,0,0,0,0,2,0,0,0,0,yes
2025,TN,47189,Wilson,549300KSOOZZVXCMA627,ANGEL OAK MORTGAGE SOLUTIONS LLC,2,2,0,0.04,2,0,0,0,0,2,0,0,0,0,yes
2025,TN,47189,Wilson,549300KTR1JGH3K6LU06,FOURLEAF,4,2,2,0.04,4,0,0,0,0,2,0,0,0,0,yes
2025,TN,47189,Wilson,549300LLESTPOVRG3X73,,2,2,0,0.04,2,0,0,0,0,2,0,0,0,0,yes
2025,TN,47189,Wilson,549300LP0CV2MNC1GV68,,2,2,0,0.04,2,0,0,0,0,2,0,0,0,0,yes
2025,TN,47189,Wilson,549300LTKCJV903ZQR25,,2,2,0,0.04,1,1,0,0,0,1,1,0,0,0,yes
2025,TN,47189,Wilson,549300MCIFZSDHUT8X63,"NFM, INC.",3,2,0,0.04,2,1,0,0,0,1,1,0,0,0,yes
2025,TN,47189,Wilson,549300NWBS6MQJX15N44,,2,2,0,0.04,2,0,0,0,0,2,0,0,0,0,yes
2025,TN,47189,Wilson,549300OIJ6O9DNP74L72,,4,2,0,0.04,4,0,0,0,0,2,0,0,0,0,yes
2025,TN,47189,Wilson,549300QR0KFPEDZPEI42,,7,2,1,0.04,4,3,0,0,0,2,0,0,0,0,yes
2025,TN,47189,Wilson,549300R7HGHP2I754087,TOWNE MORTGAGE COMPANY,2,2,0,0.04,0,1,1,0,0,0,1,1,0,0,yes
2025,TN,47189,Wilson,549300RFPLMCMJL7BS81,,2,2,0,0.04,2,0,0,0,0,2,0,0,0,0,yes
2025,TN,47189,Wilson,549300RWXUAFD1WAE410,"ATLANTIC BAY MORTGAGE GROUP, L.L.C.",3,2,0,0.04,2,0,1,0,0,1,0,1,0,0,yes
2025,TN,47189,Wilson,549300RYBJHWWDENV610,Alcova Mortgage LLC,3,2,0,0.04,3,0,0,0,0,2,0,0,0,0,yes
2025,TN,47189,Wilson,549300SHE1JTCOWBP090,STATE EMPLOYEES' CREDIT UNION,2,2,0,0.04,2,0,0,0,0,2,0,0,0,0,yes
2025,TN,47189,Wilson,549300TA4MQM8WN2XG31,,2,2,0,0.04,2,0,0,0,0,2,0,0,0,0,yes
2025,TN,47189,Wilson,549300UKYJZO6CZXIX60,,2,2,0,0.04,2,0,0,0,0,2,0,0,0,0,yes
2025,TN,47189,Wilson,549300W40F67Y6WWQX34,,2,2,0,0.04,2,0,0,0,0,2,0,0,0,0,yes
2025,TN,47189,Wilson,549300XCVBRR56D08F03,,5,2,0,0.04,3,2,0,0,0,1,1,0,0,0,yes
2025,TN,47189,Wilson,549300Y4BSP3BSFW7J29,,3,2,1,0.04,3,0,0,0,0,2,0,0,0,0,yes
2025,TN,47189,Wilson,549300ZN5MIVRMVHJS09,,4,2,2,0.04,3,1,0,0,0,2,0,0,0,0,yes
2025,TN,47189,Wilson,549300ZS1TR1B4LHX377,,3,2,1,0.04,3,0,0,0,0,2,0,0,0,0,yes
2025,TN,47189,Wilson,549300ZZME37MXI1EF14,,2,2,0,0.04,2,0,0,0,0,2,0,0,0,0,yes
2025,TN,47189,Wilson,8I3UVGYULPJQIP7FQV10,"SouthState Bank, National Association",3,2,1,0.04,3,0,0,0,0,2,0,0,0,0,yes
2025,TN,47189,Wilson,C398JSK21YCXWM603F55,,2,2,0,0.04,1,0,1,0,0,1,0,1,0,0,yes
2025,TN,47189,Wilson,QGPGHQ1ENZOOLJRFTH41,,2,2,0,0.04,2,0,0,0,0,2,0,0,0,0,yes
2025,TN,47189,Wilson,WWB2V0FCW3A0EE3ZJN75,Manufacturers and Traders Trust Company,2,2,0,0.04,1,0,1,0,0,1,0,1,0,0,yes
2025,TN,47189,Wilson,ZXMJHJK466PBZTM5F379,,2,2,0,0.04,2,0,0,0,0,2,0,0,0,0,yes
2025,TN,47189,Wilson,2138005KH543RLMQHE28,,1,1,0,0.02,1,0,0,0,0,1,0,0,0,0,yes
2025,TN,47189,Wilson,213800QUAI2VH5YM6310,"EMBRACE HOME LOANS, INC.",1,1,0,0.02,1,0,0,0,0,1,0,0,0,0,yes
2025,TN,47189,Wilson,254900132A3VX6LLZU43,,1,1,0,0.02,1,0,0,0,0,1,0,0,0,0,yes
2025,TN,47189,Wilson,2549001SI0EMFPT39035,"Cornerstone First Mortgage, Inc",2,1,0,0.02,1,1,0,0,0,0,1,0,0,0,yes
2025,TN,47189,Wilson,2549001XVX1R2ITF6935,,1,1,0,0.02,1,0,0,0,0,1,0,0,0,0,yes
2025,TN,47189,Wilson,2549002VH9C0PKB8K153,,2,1,0,0.02,2,0,0,0,0,1,0,0,0,0,yes
2025,TN,47189,Wilson,2549004Z576VEJBK3N72,"NQM FUNDING, LLC",1,1,0,0.02,1,0,0,0,0,1,0,0,0,0,yes
2025,TN,47189,Wilson,2549005FUF02T1IFCA22,,2,1,1,0.02,2,0,0,0,0,1,0,0,0,0,yes
2025,TN,47189,Wilson,2549005Q4HZ55QX7YC64,,1,1,0,0.02,1,0,0,0,0,1,0,0,0,0,yes
2025,TN,47189,Wilson,2549007E9BI08H1N1T92,,1,1,0,0.02,0,0,1,0,0,0,0,1,0,0,yes
2025,TN,47189,Wilson,2549008LUH7QKMXQ8N53,,1,1,0,0.02,1,0,0,0,0,1,0,0,0,0,yes
2025,TN,47189,Wilson,254900BMXWPEHXG4LF21,,1,1,0,0.02,0,1,0,0,0,0,1,0,0,0,yes
2025,TN,47189,Wilson,254900DRSIZBQXDCJ875,,1,1,0,0.02,1,0,0,0,0,1,0,0,0,0,yes
2025,TN,47189,Wilson,254900E6AIE4Z8YQM970,Citadel Servicing Corporation,1,1,0,0.02,1,0,0,0,0,1,0,0,0,0,yes
2025,TN,47189,Wilson,254900IUXHAK73AEH918,,2,1,0,0.02,0,2,0,0,0,0,1,0,0,0,yes
2025,TN,47189,Wilson,254900JZN2V0PWFMW808,,3,1,0,0.02,3,0,0,0,0,1,0,0,0,0,yes
2025,TN,47189,Wilson,254900KKWIJLOTNP7667,,1,1,0,0.02,1,0,0,0,0,1,0,0,0,0,yes
2025,TN,47189,Wilson,254900MQ4O1DX3N88207,,1,1,0,0.02,1,0,0,0,0,1,0,0,0,0,yes
2025,TN,47189,Wilson,254900NZOY3XB2DNSZ34,,1,1,0,0.02,1,0,0,0,0,1,0,0,0,0,yes
2025,TN,47189,Wilson,254900O28OG3UMHXQY81,,1,1,0,0.02,0,0,1,0,0,0,0,1,0,0,yes
2025,TN,47189,Wilson,254900O2K17TNH5CL873,"RF RENOVO MANAGEMENT COMPANY, LLC",1,1,0,0.02,1,0,0,0,0,1,0,0,0,0,yes
2025,TN,47189,Wilson,254900QNIR86GUIRYH95,,2,1,0,0.02,2,0,0,0,0,1,0,0,0,0,yes
2025,TN,47189,Wilson,254900V6GCDMRQZ34D96,,1,1,0,0.02,1,0,0,0,0,1,0,0,0,0,yes
2025,TN,47189,Wilson,254900VKT2R0R20CR104,,5,1,3,0.02,3,2,0,0,0,1,0,0,0,0,yes
2025,TN,47189,Wilson,254900WT4HAMDFWH3048,,2,1,0,0.02,0,2,0,0,0,0,1,0,0,0,yes
2025,TN,47189,Wilson,254900YR8UZ7F37G6E87,,1,1,0,0.02,1,0,0,0,0,1,0,0,0,0,yes
2025,TN,47189,Wilson,2WHM8VNJH63UN14OL754,The Huntington National Bank,3,1,0,0.02,3,0,0,0,0,1,0,0,0,0,yes
2025,TN,47189,Wilson,337KMNHEWWWR6B7Q7W10,,1,1,0,0.02,0,1,0,0,0,0,1,0,0,0,yes
2025,TN,47189,Wilson,5493000H6DFDDJRORG89,,3,1,1,0.02,3,0,0,0,0,1,0,0,0,0,yes
2025,TN,47189,Wilson,5493000V86JDJLM0OV13,,1,1,0,0.02,1,0,0,0,0,1,0,0,0,0,yes
2025,TN,47189,Wilson,5493001JT9MT3Z3Y3M39,,5,1,4,0.02,5,0,0,0,0,1,0,0,0,0,yes
2025,TN,47189,Wilson,549300249G20MDIDRR27,,5,1,0,0.02,4,1,0,0,0,1,0,0,0,0,yes
2025,TN,47189,Wilson,5493002LPXKMOZNXUY90,,1,1,0,0.02,1,0,0,0,0,1,0,0,0,0,yes
2025,TN,47189,Wilson,5493002QRULT2T40BH09,,2,1,0,0.02,2,0,0,0,0,1,0,0,0,0,yes
2025,TN,47189,Wilson,5493002TJKC8NLH1ZP82,,3,1,0,0.02,1,0,2,0,0,0,0,1,0,0,yes
2025,TN,47189,Wilson,5493002Y5XYV7DV1ZV88,"GOLD STAR MORTGAGE FINANCIAL GROUP, CORPORATION",2,1,0,0.02,1,0,1,0,0,1,0,0,0,0,yes
2025,TN,47189,Wilson,54930030Z1JWTP3SVD16,,3,1,0,0.02,0,3,0,0,0,0,1,0,0,0,yes
2025,TN,47189,Wilson,549300370QILXLFUWD20,"ZILLOW HOME LOANS, LLC",1,1,0,0.02,1,0,0,0,0,1,0,0,0,0,yes
2025,TN,47189,Wilson,54930039IUN6515TBG78,,1,1,0,0.02,1,0,0,0,0,1,0,0,0,0,yes
2025,TN,47189,Wilson,5493003NV9L53LK1XI52,,1,1,0,0.02,1,0,0,0,0,1,0,0,0,0,yes
2025,TN,47189,Wilson,5493003X0GM1DHJIWC22,,1,1,0,0.02,1,0,0,0,0,1,0,0,0,0,yes
2025,TN,47189,Wilson,5493004K0Z4RFJSPYT52,,1,1,0,0.02,1,0,0,0,0,1,0,0,0,0,yes
2025,TN,47189,Wilson,5493005ICQ3QGEIWV618,UNITED MORTGAGE CORP.,2,1,0,0.02,0,0,2,0,0,0,0,1,0,0,yes
2025,TN,47189,Wilson,5493005NU5BA00C1N451,,3,1,0,0.02,1,1,1,0,0,0,0,1,0,0,yes
2025,TN,47189,Wilson,54930063578UDYE3JR69,,2,1,1,0.02,0,2,0,0,0,0,1,0,0,0,yes
2025,TN,47189,Wilson,5493006VAGP3GQ8FJT49,"Kiavi Funding, Inc.",2,1,0,0.02,2,0,0,0,0,1,0,0,0,0,yes
2025,TN,47189,Wilson,54930078TNN7GKZ7NU89,,1,1,0,0.02,1,0,0,0,0,1,0,0,0,0,yes
2025,TN,47189,Wilson,5493007CLWQN2S6IZK91,,1,1,0,0.02,1,0,0,0,0,1,0,0,0,0,yes
2025,TN,47189,Wilson,5493007PAE4JN4B5BX31,,1,1,0,0.02,1,0,0,0,0,1,0,0,0,0,yes
2025,TN,47189,Wilson,5493007ZN3JNCBPMI730,,1,1,0,0.02,1,0,0,0,0,1,0,0,0,0,yes
2025,TN,47189,Wilson,5493009B17HXCVXTD608,"JMAC LENDING, INC.",1,1,0,0.02,0,1,0,0,0,0,1,0,0,0,yes
2025,TN,47189,Wilson,549300AENO88GEUWCZ39,,2,1,0,0.02,2,0,0,0,0,1,0,0,0,0,yes
2025,TN,47189,Wilson,549300BBKMRS6J0CB539,,2,1,1,0.02,0,1,1,0,0,0,0,1,0,0,yes
2025,TN,47189,Wilson,549300BIIOTBIZJPS834,,1,1,0,0.02,1,0,0,0,0,1,0,0,0,0,yes
2025,TN,47189,Wilson,549300BR7OTD25RTS027,,1,1,0,0.02,1,0,0,0,0,1,0,0,0,0,yes
2025,TN,47189,Wilson,549300CY7WNAHKHYSJ73,,1,1,0,0.02,1,0,0,0,0,1,0,0,0,0,yes
2025,TN,47189,Wilson,549300DCGBXW5FJMV921,,1,1,0,0.02,0,1,0,0,0,0,1,0,0,0,yes
2025,TN,47189,Wilson,549300DQLGJ1YQRRHH73,,2,1,1,0.02,2,0,0,0,0,1,0,0,0,0,yes
2025,TN,47189,Wilson,549300DT7WZ1SOTNFJ62,,1,1,0,0.02,1,0,0,0,0,1,0,0,0,0,yes
2025,TN,47189,Wilson,549300DX0B304LAKUN93,,1,1,0,0.02,0,1,0,0,0,0,1,0,0,0,yes
2025,TN,47189,Wilson,549300EKFFG3BU8DNX74,NEXERA HOLDING LLC,1,1,0,0.02,1,0,0,0,0,1,0,0,0,0,yes
2025,TN,47189,Wilson,549300EMNDEK4BA8WB53,EMM LOANS LLC,3,1,0,0.02,1,2,0,0,0,1,0,0,0,0,yes
2025,TN,47189,Wilson,549300EQED7LF41GHV46,,1,1,0,0.02,0,1,0,0,0,0,1,0,0,0,yes
2025,TN,47189,Wilson,549300F8C5JA44WNMI75,AMERICAN NEIGHBORHOOD MORTGAGE ACCEPTANCE COMPANY LLC,4,1,0,0.02,1,3,0,0,0,1,0,0,0,0,yes
2025,TN,47189,Wilson,549300FK3AFCFVAPH234,"Leader Bank, National Association",1,1,0,0.02,1,0,0,0,0,1,0,0,0,0,yes
2025,TN,47189,Wilson,549300G5DVGM0ZHRQC33,,3,1,0,0.02,0,0,3,0,0,0,0,1,0,0,yes
2025,TN,47189,Wilson,549300GRGZDEH4ZGQS06,WATERSTONE MORTGAGE CORPORATION,1,1,0,0.02,1,0,0,0,0,1,0,0,0,0,yes
2025,TN,47189,Wilson,549300GWD9H4FQ2VR805,,1,1,0,0.02,1,0,0,0,0,1,0,0,0,0,yes
2025,TN,47189,Wilson,549300H12E7AUMUHP294,,1,1,0,0.02,0,1,0,0,0,0,1,0,0,0,yes
2025,TN,47189,Wilson,549300HFBEONQN2CK447,,1,1,0,0.02,1,0,0,0,0,1,0,0,0,0,yes
2025,TN,47189,Wilson,549300HV02VPA0FYR272,,1,1,0,0.02,0,1,0,0,0,0,1,0,0,0,yes
2025,TN,47189,Wilson,549300IHBKY3L5OIDT39,,1,1,0,0.02,1,0,0,0,0,1,0,0,0,0,yes
2025,TN,47189,Wilson,549300IKS3MMB5YK6T18,,1,1,0,0.02,1,0,0,0,0,1,0,0,0,0,yes
2025,TN,47189,Wilson,549300JQEF6V2RNWCC75,,2,1,0,0.02,2,0,0,0,0,1,0,0,0,0,yes
2025,TN,47189,Wilson,549300JRDGV1559XM376,,2,1,0,0.02,1,1,0,0,0,1,0,0,0,0,yes
2025,TN,47189,Wilson,549300K6K2IS7FRS7S09,,1,1,0,0.02,1,0,0,0,0,1,0,0,0,0,yes
2025,TN,47189,Wilson,549300K6L4VXCXWN4205,ORNL,1,1,0,0.02,1,0,0,0,0,1,0,0,0,0,yes
2025,TN,47189,Wilson,549300KPBZCTMM3Y0061,,1,1,0,0.02,1,0,0,0,0,1,0,0,0,0,yes
2025,TN,47189,Wilson,549300LUF8JLB9HKT321,,1,1,0,0.02,1,0,0,0,0,1,0,0,0,0,yes
2025,TN,47189,Wilson,549300M8WGW2D17CZD19,,2,1,0,0.02,2,0,0,0,0,1,0,0,0,0,yes
2025,TN,47189,Wilson,549300N1YEXP02MHBR47,,2,1,0,0.02,2,0,0,0,0,1,0,0,0,0,yes
2025,TN,47189,Wilson,549300NGCDNC9174EF79,,2,1,0,0.02,2,0,0,0,0,1,0,0,0,0,yes
2025,TN,47189,Wilson,549300NN0PRX3I4QGG46,,1,1,0,0.02,0,0,1,0,0,0,0,1,0,0,yes
2025,TN,47189,Wilson,549300O6Z0I6KYMESL47,AMWEST FUNDING CORP.,2,1,0,0.02,2,0,0,0,0,1,0,0,0,0,yes
2025,TN,47189,Wilson,549300OGIGNKGO2DX942,,2,1,0,0.02,2,0,0,0,0,1,0,0,0,0,yes
2025,TN,47189,Wilson,549300OR2C7AGDZFTS24,,1,1,0,0.02,1,0,0,0,0,1,0,0,0,0,yes
2025,TN,47189,Wilson,549300PBTV7FCWLSMM53,,1,1,0,0.02,0,0,1,0,0,0,0,1,0,0,yes
2025,TN,47189,Wilson,549300Q6YL1SFVPEGV90,,1,1,0,0.02,0,1,0,0,0,0,1,0,0,0,yes
2025,TN,47189,Wilson,549300QKL5FUBZ8LSF50,,2,1,1,0.02,2,0,0,0,0,1,0,0,0,0,yes
2025,TN,47189,Wilson,549300SQRR7T3EUSDD87,,1,1,0,0.02,1,0,0,0,0,1,0,0,0,0,yes
2025,TN,47189,Wilson,549300T94GSH3C4U5M59,ALLIANT CREDIT UNION,4,1,3,0.02,4,0,0,0,0,1,0,0,0,0,yes
2025,TN,47189,Wilson,549300UB5TJ0YPVPT503,,1,1,0,0.02,1,0,0,0,0,1,0,0,0,0,yes
2025,TN,47189,Wilson,549300UG7QXKM7KGV847,,2,1,0,0.02,2,0,0,0,0,1,0,0,0,0,yes
2025,TN,47189,Wilson,549300UR5AOWTJJ7KZ64,,2,1,0,0.02,2,0,0,0,0,1,0,0,0,0,yes
2025,TN,47189,Wilson,549300UT4EN6IH579Q63,,2,1,0,0.02,1,1,0,0,0,1,0,0,0,0,yes
2025,TN,47189,Wilson,549300W45D2J6BT4LX65,,1,1,0,0.02,1,0,0,0,0,1,0,0,0,0,yes
2025,TN,47189,Wilson,549300WK15ESCDNJ5M35,CORNING FEDERAL CREDIT UNION,1,1,0,0.02,1,0,0,0,0,1,0,0,0,0,yes
2025,TN,47189,Wilson,549300X8AUU3UC1ULZ79,,4,1,0,0.02,3,0,1,0,0,1,0,0,0,0,yes
2025,TN,47189,Wilson,549300XBOKNEE2CQJL92,,2,1,0,0.02,2,0,0,0,0,1,0,0,0,0,yes
2025,TN,47189,Wilson,549300XED7IBK9VVQH70,"PIKE CREEK MORTGAGE SERVICES, INC.",1,1,0,0.02,1,0,0,0,0,1,0,0,0,0,yes
2025,TN,47189,Wilson,549300ZEUD3RXQZG2867,,1,1,0,0.02,1,0,0,0,0,1,0,0,0,0,yes
2025,TN,47189,Wilson,549300ZGTRKCDKOVEQ80,,1,1,0,0.02,1,0,0,0,0,1,0,0,0,0,yes
2025,TN,47189,Wilson,549300ZGTXNHL5BKQZ27,,1,1,0,0.02,0,1,0,0,0,0,1,0,0,0,yes
2025,TN,47189,Wilson,549300ZPSJZO10ZAX556,"AMERICAN HERITAGE LENDING, LLC",3,1,0,0.02,3,0,0,0,0,1,0,0,0,0,yes
2025,TN,47189,Wilson,984500FAD1FB7FEGTE82,,3,1,0,0.02,3,0,0,0,0,1,0,0,0,0,yes
2025,TN,47189,Wilson,HUX2X73FUCYHUVH1BK78,KeyBank National Association,1,1,0,0.02,1,0,0,0,0,1,0,0,0,0,yes
2025,TN,47189,Wilson,II61D6IY86YZ37HBBL25,,1,1,0,0.02,1,0,0,0,0,1,0,0,0,0,yes
2025,TN,47189,Wilson,L9VVX1KT5TFTKS0MLF66,First-Citizens Bank & Trust Company,2,1,0,0.02,2,0,0,0,0,1,0,0,0,0,yes
2025,TN,47189,Wilson,Q708HHR4LD2B7XIZNO92,First Federal Bank,4,1,0,0.02,3,1,0,0,0,1,0,0,0,0,yes
2025,TN,47189,Wilson,SS1TRMSN6BRNMOREEV51,"Flagstar Bank, National Association",4,1,2,0.02,4,0,0,0,0,1,0,0,0,0,yes
2025,TN,47189,Wilson,254900RUCO27MVGTO768,LOAN FUNDER LLC,5,0,4,0.0,5,0,0,0,0,0,0,0,0,0,yes
2025,TN,47189,Wilson,549300Q10M1VXBG2H889,,7,0,2,0.0,2,5,0,0,0,0,0,0,0,0,yes
2025,TN,47189,Wilson,549300Q3ROEQU3D1IW91,,5,0,5,0.0,5,0,0,0,0,0,0,0,0,0,yes
