year,state,county_fips,county_name,lei,institution_name,applications,originations,denials,market_share_orig_pct,apps_conventional,apps_fha,apps_va,apps_usda_other,apps_other_loan_type,orig_conventional,orig_fha,orig_va,orig_usda_other,orig_other_loan_type,priority_market
2025,LA,22005,Ascension,549300HW662MN1WU8550,"United Wholesale Mortgage, LLC",323,248,37,9.26,149,112,54,8,0,116,82,44,6,0,national
2025,LA,22005,Ascension,549300MCPCNPQAOB4032,GMFS LLC,280,196,6,7.32,181,64,19,16,0,119,51,16,10,0,national
2025,LA,22005,Ascension,NSGZD26XPW2CUM2JKU70,HANCOCK WHITNEY BANK,216,168,24,6.27,182,26,6,2,0,140,21,5,2,0,national
2025,LA,22005,Ascension,549300FGXN1K3HLB1R50,"Rocket Mortgage, LLC",216,142,49,5.3,145,52,19,0,0,101,28,13,0,0,national
2025,LA,22005,Ascension,5493001F7QT2YW3K8D98,"DSLD MORTGAGE, LLC",160,116,10,4.33,78,60,15,7,0,64,38,10,4,0,national
2025,LA,22005,Ascension,2549004FXPNKCLIN8250,"Synergy One Lending, Inc.",140,112,3,4.18,82,39,10,9,0,68,28,8,8,0,national
2025,LA,22005,Ascension,549300U18MOAH5F95P15,EFCU FINANCIAL,166,102,36,3.81,166,0,0,0,0,102,0,0,0,0,national
2025,LA,22005,Ascension,EQTWLK1G7ODGC2MGLV11,Regions Bank,151,76,57,2.84,134,15,2,0,0,68,7,1,0,0,national
2025,LA,22005,Ascension,549300FNXYY540N23N64,Newrez LLC,128,59,22,2.2,74,33,11,10,0,30,14,9,6,0,national
2025,LA,22005,Ascension,5493001QMUDK2ML5S840,,123,53,46,1.98,123,0,0,0,0,53,0,0,0,0,national
2025,LA,22005,Ascension,549300LYRWPSYPK6S325,FREEDOM MORTGAGE CORPORATION,116,53,3,1.98,7,75,34,0,0,3,34,16,0,0,national
2025,LA,22005,Ascension,549300ZWNETGFXTBBY03,"CANOPY MORTGAGE, LLC",66,49,3,1.83,19,32,5,10,0,12,25,4,8,0,national
2025,LA,22005,Ascension,549300ZTLWGMV712KR44,,65,45,10,1.68,65,0,0,0,0,45,0,0,0,0,national
2025,LA,22005,Ascension,RVDPPPGHCGZ40J4VQ731,"PENNYMAC LOAN SERVICES, LLC",100,43,14,1.61,30,55,13,2,0,16,22,5,0,0,national
2025,LA,22005,Ascension,254900ZX1UPIG2E7TH11,"ASSURANCE FINANCIAL GROUP, L.L.C.",52,41,0,1.53,32,12,8,0,0,25,8,8,0,0,national
2025,LA,22005,Ascension,549300DG3IV05V4C4E03,EUSTIS MORTGAGE CORPORATION,58,41,1,1.53,21,26,3,8,0,13,19,3,6,0,national
2025,LA,22005,Ascension,7H6GLXDRUGQFU57RNE97,"JPMorgan Chase Bank, National Association",59,40,5,1.49,55,2,2,0,0,36,2,2,0,0,national
2025,LA,22005,Ascension,549300Z78KW88BIQNR50,First American Bank and Trust,48,39,5,1.46,48,0,0,0,0,39,0,0,0,0,national
2025,LA,22005,Ascension,549300LE3ZOZXUS7W648,FIDELITY BANK,44,37,1,1.38,25,17,2,0,0,20,15,2,0,0,national
2025,LA,22005,Ascension,549300AG64NHILB7ZP05,"LOANDEPOT.COM, LLC",64,34,19,1.27,47,14,3,0,0,25,8,1,0,0,national
2025,LA,22005,Ascension,549300DD4R4SYK5RAQ92,"MOVEMENT MORTGAGE, LLC",45,33,3,1.23,19,22,3,1,0,15,15,3,0,0,national
2025,LA,22005,Ascension,549300LBCBNR1OT00651,NATIONSTAR MORTGAGE LLC,44,30,7,1.12,38,5,1,0,0,26,3,1,0,0,national
2025,LA,22005,Ascension,5493000YNV8IX4VD3X12,"VANDERBILT MORTGAGE AND FINANCE, INC.",231,29,108,1.08,231,0,0,0,0,29,0,0,0,0,national
2025,LA,22005,Ascension,549300DD5QQUHO6PCH70,"MORTGAGE RESEARCH CENTER, LLC",72,27,23,1.01,4,4,64,0,0,3,1,23,0,0,national
2025,LA,22005,Ascension,5493008RSN6F31BTGT93,Gulf Coast Bank and Trust Company,38,26,4,0.97,24,10,3,1,0,16,7,2,1,0,national
2025,LA,22005,Ascension,549300R9S3MVDV4MGF56,"CARRINGTON MORTGAGE SERVICES, LLC",103,23,52,0.86,44,35,20,4,0,11,6,6,0,0,national
2025,LA,22005,Ascension,549300XQVJ1XBNFA5536,21ST MORTGAGE CORPORATION,101,23,42,0.86,101,0,0,0,0,23,0,0,0,0,national
2025,LA,22005,Ascension,5493001GDRY0EL7VG372,"ARK-LA-TEX FINANCIAL SERVICES, LLC.",28,22,0,0.82,15,10,2,1,0,10,10,1,1,0,national
2025,LA,22005,Ascension,5493003GQDUH26DNNH17,Navy Federal Credit Union,46,22,6,0.82,37,0,9,0,0,16,0,6,0,0,national
2025,LA,22005,Ascension,Q7C315HKI8VX0SSKBS64,Cadence Bank,28,22,2,0.82,26,0,1,1,0,20,0,1,1,0,national
2025,LA,22005,Ascension,54930045J8O98TUGTW86,b1BANK,22,19,0,0.71,22,0,0,0,0,19,0,0,0,0,national
2025,LA,22005,Ascension,5493006QG55R8V712J33,Red River Bank,24,19,2,0.71,20,2,1,1,0,16,2,0,1,0,national
2025,LA,22005,Ascension,549300RN01LBYR8ZVX74,"LOWER, LLC",33,18,3,0.67,19,9,5,0,0,12,4,2,0,0,national
2025,LA,22005,Ascension,549300VORTI31GZTJL53,"CARDINAL FINANCIAL COMPANY, LIMITED PARTNERSHIP",25,18,3,0.67,11,10,3,1,0,9,7,1,1,0,national
2025,LA,22005,Ascension,549300PQLK8E48ILXV41,,25,17,1,0.63,24,1,0,0,0,17,0,0,0,0,national
2025,LA,22005,Ascension,5493002B2WMHY23GFK92,"AMERICAN FINANCIAL RESOURCES, INC.",22,16,0,0.6,5,10,1,6,0,3,7,1,5,0,national
2025,LA,22005,Ascension,5493007CXTOHZ2JBEJ61,"THE MORTGAGE FIRM, INC.",20,16,0,0.6,9,8,2,1,0,8,5,2,1,0,national
2025,LA,22005,Ascension,5493001WHVQBGRSWEU75,"HOMEBRIDGE FINANCIAL SERVICES, INC.",20,15,3,0.56,15,4,1,0,0,11,4,0,0,0,national
2025,LA,22005,Ascension,5493001XKL0FTNOJ0866,,24,15,0,0.56,6,13,0,5,0,2,8,0,5,0,national
2025,LA,22005,Ascension,549300AQ3T62GXDU7D76,GUILD MORTGAGE COMPANY LLC,23,15,0,0.56,10,9,2,2,0,5,7,1,2,0,national
2025,LA,22005,Ascension,549300CB67L6KPJLHE19,"TRIAD FINANCIAL SERVICES, INC.",55,15,21,0.56,55,0,0,0,0,15,0,0,0,0,national
2025,LA,22005,Ascension,25490058TX0QV62WQ461,,21,14,3,0.52,21,0,0,0,0,14,0,0,0,0,national
2025,LA,22005,Ascension,549300PIL8LFAQ04XC20,Better Mortgage Corporation,42,14,20,0.52,42,0,0,0,0,14,0,0,0,0,national
2025,LA,22005,Ascension,COOWI3L2W9TPYR3WJX37,First Horizon Bank,24,14,6,0.52,22,2,0,0,0,13,1,0,0,0,national
2025,LA,22005,Ascension,54930021WPEXNHYZUL09,"PLANET HOME LENDING, LLC",16,13,3,0.49,3,9,4,0,0,3,8,2,0,0,national
2025,LA,22005,Ascension,549300K4ZLGS7SRDTL86,Equity Prime Mortgage LLC,22,12,1,0.45,0,4,6,12,0,0,3,3,6,0,national
2025,LA,22005,Ascension,549300VZVN841I2ILS84,"CROSSCOUNTRY MORTGAGE, LLC",24,12,1,0.45,10,8,6,0,0,5,3,4,0,0,national
2025,LA,22005,Ascension,254900ZKVJDEYHV22276,OnPath Federal Credit Union,11,11,0,0.41,11,0,0,0,0,11,0,0,0,0,national
2025,LA,22005,Ascension,549300OPCWU6E72WUT29,"MUTUAL OF OMAHA MORTGAGE, INC.",24,11,5,0.41,6,14,4,0,0,3,7,1,0,0,national
2025,LA,22005,Ascension,254900DTLHVWQ7NP7R34,"CMG Mortgage, Inc.",13,10,1,0.37,12,1,0,0,0,9,1,0,0,0,national
2025,LA,22005,Ascension,5493001GCBD5XGNIC815,Coastal Community Bank,51,10,0,0.37,51,0,0,0,0,10,0,0,0,0,national
2025,LA,22005,Ascension,549300V1ZDKDQXFW3339,,18,10,5,0.37,18,0,0,0,0,10,0,0,0,0,national
2025,LA,22005,Ascension,549300VCMRO4ST680C11,VILLAGE CAPITAL & INVESTMENT LLC,29,10,11,0.37,0,10,16,3,0,0,3,7,0,0,national
2025,LA,22005,Ascension,549300YIQ7S7Z8PIHE53,AMERISAVE MORTGAGE CORPORATION,30,10,17,0.37,17,12,1,0,0,9,1,0,0,0,national
2025,LA,22005,Ascension,B4TYDEB6GKMZO031MB27,"Bank of America, National Association",27,10,9,0.37,27,0,0,0,0,10,0,0,0,0,national
2025,LA,22005,Ascension,254900WEP08K7U7S3A80,,13,9,3,0.34,4,8,1,0,0,4,5,0,0,0,national
2025,LA,22005,Ascension,54930027GUR70U427Y19,,14,9,0,0.34,14,0,0,0,0,9,0,0,0,0,national
2025,LA,22005,Ascension,5493006VAGP3GQ8FJT49,"Kiavi Funding, Inc.",11,9,1,0.34,11,0,0,0,0,9,0,0,0,0,national
2025,LA,22005,Ascension,KB1H1DSPRFMYMCUFXT09,"Wells Fargo Bank, National Association",13,9,0,0.34,12,1,0,0,0,8,1,0,0,0,national
2025,LA,22005,Ascension,54930052M48FOD3CWA54,"PRIMARY RESIDENTIAL MORTGAGE, INC.",10,8,0,0.3,7,2,1,0,0,5,2,1,0,0,national
2025,LA,22005,Ascension,549300SK2GVCQXPD4S58,"SUN WEST MORTGAGE COMPANY, INC.",13,8,1,0.3,4,7,2,0,0,2,5,1,0,0,national
2025,LA,22005,Ascension,254900HA4DQWAE0W3342,"AMERIHOME MORTGAGE COMPANY, LLC",12,7,0,0.26,4,8,0,0,0,2,5,0,0,0,national
2025,LA,22005,Ascension,5493005XMJQ1GSXUGT67,,8,7,0,0.26,5,3,0,0,0,4,3,0,0,0,national
2025,LA,22005,Ascension,549300ISCZS1R0CJMO47,,8,7,0,0.26,4,2,2,0,0,4,2,1,0,0,national
2025,LA,22005,Ascension,549300NOCASXPA34X033,"LAKEVIEW LOAN SERVICING, LLC",33,7,18,0.26,11,16,6,0,0,3,3,1,0,0,national
2025,LA,22005,Ascension,549300PFJ7GCGDLB2E65,,10,7,0,0.26,5,3,0,2,0,4,3,0,0,0,national
2025,LA,22005,Ascension,549300R0SXC1JU7ZU290,"FIRST COMMUNITY MORTGAGE, INC.",11,7,3,0.26,8,2,0,1,0,6,0,0,1,0,national
2025,LA,22005,Ascension,549300XY701IELCE5Q08,BETTER MORTGAGE CORPORATION,19,7,2,0.26,13,6,0,0,0,4,3,0,0,0,national
2025,LA,22005,Ascension,2549004JE61TGJKFJQ92,,10,6,0,0.22,10,0,0,0,0,6,0,0,0,0,national
2025,LA,22005,Ascension,254900QRD0ZXHH08TX87,,12,6,1,0.22,7,5,0,0,0,4,2,0,0,0,national
2025,LA,22005,Ascension,254900RM3T6WAVE6SA24,,6,6,0,0.22,6,0,0,0,0,6,0,0,0,0,national
2025,LA,22005,Ascension,254900ZFWS2106HWPH46,"PARAMOUNT RESIDENTIAL MORTGAGE GROUP, INC.",8,6,0,0.22,2,2,0,4,0,2,1,0,3,0,national
2025,LA,22005,Ascension,54930054ET8KM4O1D485,"SOFI BANK, NATIONAL ASSOCIATION",20,6,2,0.22,17,3,0,0,0,6,0,0,0,0,national
2025,LA,22005,Ascension,549300O2UK5FUZXQJO34,,7,6,1,0.22,7,0,0,0,0,6,0,0,0,0,national
2025,LA,22005,Ascension,549300SFG15JDKI5MD22,,9,6,0,0.22,9,0,0,0,0,6,0,0,0,0,national
2025,LA,22005,Ascension,549300SUCQ1358EGVE89,"NEW DAY FINANCIAL, LLC",25,6,2,0.22,0,1,24,0,0,0,0,6,0,0,national
2025,LA,22005,Ascension,254900UL88QFG0E40516,FIGURE LENDING LLC,12,5,3,0.19,12,0,0,0,0,5,0,0,0,0,national
2025,LA,22005,Ascension,549300194LW0QMECAH75,,5,5,0,0.19,5,0,0,0,0,5,0,0,0,0,national
2025,LA,22005,Ascension,549300A5HHOL2ED18C72,,6,5,0,0.19,0,5,0,1,0,0,4,0,1,0,national
2025,LA,22005,Ascension,549300II7Y8V2KY9TM28,,7,5,1,0.19,7,0,0,0,0,5,0,0,0,0,national
2025,LA,22005,Ascension,549300MGPZBLQDIL7538,FAIRWAY INDEPENDENT MORTGAGE CORPORATION,6,5,0,0.19,2,3,1,0,0,2,2,1,0,0,national
2025,LA,22005,Ascension,549300MZ53GGF2499G54,,5,5,0,0.19,5,0,0,0,0,5,0,0,0,0,national
2025,LA,22005,Ascension,549300VVH8HHFMWL8536,,7,5,2,0.19,7,0,0,0,0,5,0,0,0,0,national
2025,LA,22005,Ascension,6BYL5QZYBDK8S7L73M02,U.S. Bank National Association,11,5,5,0.19,11,0,0,0,0,5,0,0,0,0,national
2025,LA,22005,Ascension,C5654JQHZUHN0772B561,USAA Federal Savings Bank,9,5,1,0.19,3,0,6,0,0,2,0,3,0,0,national
2025,LA,22005,Ascension,254900J71IJLMJZJV608,,4,4,0,0.15,4,0,0,0,0,4,0,0,0,0,national
2025,LA,22005,Ascension,54930001NSTOD85LT125,"GUARANTEED RATE AFFINITY, LLC",4,4,0,0.15,3,1,0,0,0,3,1,0,0,0,national
2025,LA,22005,Ascension,54930049L5WINET09Q97,"CLICK N' CLOSE, INC.",5,4,0,0.15,2,3,0,0,0,1,3,0,0,0,national
2025,LA,22005,Ascension,5493006P5IHSK77SZ855,,6,4,0,0.15,2,3,0,1,0,2,1,0,1,0,national
2025,LA,22005,Ascension,5493008VVXQIDO1EZ460,"SUMMIT FUNDING, INC.",4,4,0,0.15,1,2,1,0,0,1,2,1,0,0,national
2025,LA,22005,Ascension,549300RPOGWJRH63HS39,UNION HOME MORTGAGE CORP.,5,4,0,0.15,4,1,0,0,0,3,1,0,0,0,national
2025,LA,22005,Ascension,549300U3721PJGQZYY68,"GUARANTEED RATE, INC.",10,4,1,0.15,4,4,2,0,0,0,3,1,0,0,national
2025,LA,22005,Ascension,549300Y5Y88FQLI7VE83,DEEPHAVEN MORTGAGE LLC,6,4,2,0.15,6,0,0,0,0,4,0,0,0,0,national
2025,LA,22005,Ascension,2549001SI0EMFPT39035,"Cornerstone First Mortgage, Inc",4,3,0,0.11,1,1,1,1,0,1,0,1,1,0,national
2025,LA,22005,Ascension,25490066WMF8ZMQXQB18,"Lendage, LLC",9,3,1,0.11,9,0,0,0,0,3,0,0,0,0,national
2025,LA,22005,Ascension,254900B631B05UVLUA59,,3,3,0,0.11,3,0,0,0,0,3,0,0,0,0,national
2025,LA,22005,Ascension,254900YPPMV9UM5FUW09,,3,3,0,0.11,3,0,0,0,0,3,0,0,0,0,national
2025,LA,22005,Ascension,5493001SXWZ4OFP8Z903,"DHI MORTGAGE COMPANY, LTD.",6,3,2,0.11,0,5,1,0,0,0,2,1,0,0,national
2025,LA,22005,Ascension,5493008NWHQT1R22C024,"AMERICAN FINANCIAL NETWORK, INC.",18,3,7,0.11,7,8,2,1,0,1,2,0,0,0,national
2025,LA,22005,Ascension,5493008ZTV4S0W9DCX64,,4,3,0,0.11,1,3,0,0,0,0,3,0,0,0,national
2025,LA,22005,Ascension,549300GKFNPRWNS0GF29,"AmeriHome Mortgage Company, LLC",4,3,0,0.11,1,1,1,1,0,1,0,1,1,0,national
2025,LA,22005,Ascension,549300J7I82PNDVU8H22,"OCMBC, INC.",11,3,3,0.11,5,6,0,0,0,0,3,0,0,0,national
2025,LA,22005,Ascension,549300KHXD7JSQUZIJ22,,3,3,0,0.11,2,0,0,1,0,2,0,0,1,0,national
2025,LA,22005,Ascension,549300L0RZ1NED0NV967,,3,3,0,0.11,3,0,0,0,0,3,0,0,0,0,national
2025,LA,22005,Ascension,549300M03EN3OQEDU087,,4,3,1,0.11,4,0,0,0,0,3,0,0,0,0,national
2025,LA,22005,Ascension,549300MZ8VZJOVC63092,"KIND LENDING, LLC",8,3,3,0.11,4,3,1,0,0,0,2,1,0,0,national
2025,LA,22005,Ascension,549300PL267CW8182203,,4,3,0,0.11,0,0,4,0,0,0,0,3,0,0,national
2025,LA,22005,Ascension,549300S5YL3OH0IVCS62,FINANCE OF AMERICA REVERSE LLC,4,3,1,0.11,0,4,0,0,0,0,3,0,0,0,national
2025,LA,22005,Ascension,254900CTT87ZKAUTIJ37,,2,2,0,0.07,2,0,0,0,0,2,0,0,0,0,national
2025,LA,22005,Ascension,254900E9OABDJHASZ507,,3,2,1,0.07,3,0,0,0,0,2,0,0,0,0,national
2025,LA,22005,Ascension,254900WTZC5SSKIN2M11,,3,2,0,0.07,3,0,0,0,0,2,0,0,0,0,national
2025,LA,22005,Ascension,549300121SF0K2LN2804,"PRIMELENDING, A PLAINSCAPITAL COMPANY",4,2,2,0.07,2,2,0,0,0,1,1,0,0,0,national
2025,LA,22005,Ascension,5493002F9OWLKRICTY67,STANDARD MORTGAGE CORPORATION,3,2,0,0.07,3,0,0,0,0,2,0,0,0,0,national
2025,LA,22005,Ascension,5493002RF1ERFA2XR050,Renasant Bank,3,2,0,0.07,2,1,0,0,0,2,0,0,0,0,national
2025,LA,22005,Ascension,5493004AS1SPBQOFDR49,"Change Lending, LLC",4,2,0,0.07,4,0,0,0,0,2,0,0,0,0,national
2025,LA,22005,Ascension,549300BLL6VL7AXWYP56,,2,2,0,0.07,2,0,0,0,0,2,0,0,0,0,national
2025,LA,22005,Ascension,549300BX448ALT10FI43,The Federal Savings Bank,12,2,4,0.07,0,1,11,0,0,0,0,2,0,0,national
2025,LA,22005,Ascension,549300C8GOC4OYUV0Z32,,2,2,0,0.07,2,0,0,0,0,2,0,0,0,0,national
2025,LA,22005,Ascension,549300DMYENRV818D594,,2,2,0,0.07,2,0,0,0,0,2,0,0,0,0,national
2025,LA,22005,Ascension,549300EFCZM6KD6B8K69,MORTGAGE ACCESS CORP.,2,2,0,0.07,2,0,0,0,0,2,0,0,0,0,national
2025,LA,22005,Ascension,549300EMNDEK4BA8WB53,EMM LOANS LLC,2,2,0,0.07,1,1,0,0,0,1,1,0,0,0,national
2025,LA,22005,Ascension,549300G4ESSS6M0MEG51,ORIGINPOINT LLC,2,2,0,0.07,1,1,0,0,0,1,1,0,0,0,national
2025,LA,22005,Ascension,549300G5DVGM0ZHRQC33,,2,2,0,0.07,2,0,0,0,0,2,0,0,0,0,national
2025,LA,22005,Ascension,549300GTVXJ2PGXNLM73,T2 FINANCIAL LLC,2,2,0,0.07,0,2,0,0,0,0,2,0,0,0,national
2025,LA,22005,Ascension,549300IFU5D50EZHEU18,,3,2,0,0.07,3,0,0,0,0,2,0,0,0,0,national
2025,LA,22005,Ascension,549300JYXTZDSPJEPI44,"PLAZA HOME MORTGAGE, INC.",6,2,4,0.07,2,3,1,0,0,1,0,1,0,0,national
2025,LA,22005,Ascension,549300KPBBGW1ZTEPR29,,3,2,1,0.07,3,0,0,0,0,2,0,0,0,0,national
2025,LA,22005,Ascension,549300NFPC3Y4W3Y7R87,,3,2,0,0.07,1,2,0,0,0,1,1,0,0,0,national
2025,LA,22005,Ascension,549300OJTK0IPSNDA832,,4,2,2,0.07,1,3,0,0,0,1,1,0,0,0,national
2025,LA,22005,Ascension,549300OMHGOGEWTCI138,,2,2,0,0.07,2,0,0,0,0,2,0,0,0,0,national
2025,LA,22005,Ascension,549300R7HGHP2I754087,TOWNE MORTGAGE COMPANY,2,2,0,0.07,0,1,0,1,0,0,1,0,1,0,national
2025,LA,22005,Ascension,549300RA3E0BUFO7YZ21,"Hometown Equity Mortgage, LLC",5,2,3,0.07,4,0,0,1,0,2,0,0,0,0,national
2025,LA,22005,Ascension,549300UXY7OP0IC38293,Northpointe Bank,3,2,1,0.07,3,0,0,0,0,2,0,0,0,0,national
2025,LA,22005,Ascension,AD6GFRVSDT01YPT1CS68,"PNC Bank, National Association",2,2,0,0.07,1,1,0,0,0,1,1,0,0,0,national
2025,LA,22005,Ascension,SS1TRMSN6BRNMOREEV51,"Flagstar Bank, National Association",3,2,1,0.07,1,1,1,0,0,0,1,1,0,0,national
2025,LA,22005,Ascension,X05BVSK68TQ7YTOSNR22,Discover Bank,30,2,19,0.07,30,0,0,0,0,2,0,0,0,0,national
2025,LA,22005,Ascension,01J4SO3XTWZF4PP38209,Trustmark Bank,1,1,0,0.04,1,0,0,0,0,1,0,0,0,0,national
2025,LA,22005,Ascension,213800XR2TCBQJSF1X93,,1,1,0,0.04,1,0,0,0,0,1,0,0,0,0,national
2025,LA,22005,Ascension,254900378RFGMBEKAF12,,2,1,1,0.04,2,0,0,0,0,1,0,0,0,0,national
2025,LA,22005,Ascension,2549003E1YOW83GR2Q12,,1,1,0,0.04,1,0,0,0,0,1,0,0,0,0,national
2025,LA,22005,Ascension,2549004Z576VEJBK3N72,"NQM FUNDING, LLC",1,1,0,0.04,1,0,0,0,0,1,0,0,0,0,national
2025,LA,22005,Ascension,2549005SIVTHG14U2905,A&D Mortgage LLC,3,1,1,0.04,2,1,0,0,0,1,0,0,0,0,national
2025,LA,22005,Ascension,254900GVA8WBFNUQTV33,,1,1,0,0.04,1,0,0,0,0,1,0,0,0,0,national
2025,LA,22005,Ascension,254900HEJ9F73IMPX887,,3,1,0,0.04,3,0,0,0,0,1,0,0,0,0,national
2025,LA,22005,Ascension,254900M2C4Q6DATP2889,,9,1,5,0.04,0,4,5,0,0,0,0,1,0,0,national
2025,LA,22005,Ascension,254900VELJPWWT51WN03,,1,1,0,0.04,1,0,0,0,0,1,0,0,0,0,national
2025,LA,22005,Ascension,254900YA1AQXNM8QVZ06,,1,1,0,0.04,1,0,0,0,0,1,0,0,0,0,national
2025,LA,22005,Ascension,5493000V86JDJLM0OV13,,1,1,0,0.04,1,0,0,0,0,1,0,0,0,0,national
2025,LA,22005,Ascension,54930021DZJ9CEN11D61,,2,1,0,0.04,0,0,2,0,0,0,0,1,0,0,national
2025,LA,22005,Ascension,54930030Z1JWTP3SVD16,,2,1,0,0.04,1,1,0,0,0,1,0,0,0,0,national
2025,LA,22005,Ascension,54930034MNPILHP25H80,Gateway First Bank,1,1,0,0.04,1,0,0,0,0,1,0,0,0,0,national
2025,LA,22005,Ascension,549300370QILXLFUWD20,"ZILLOW HOME LOANS, LLC",1,1,0,0.04,0,1,0,0,0,0,1,0,0,0,national
2025,LA,22005,Ascension,54930039UO39UJGI7078,TowneBank,1,1,0,0.04,0,1,0,0,0,0,1,0,0,0,national
2025,LA,22005,Ascension,5493006HFDG31YJ3MM36,,1,1,0,0.04,0,1,0,0,0,0,1,0,0,0,national
2025,LA,22005,Ascension,54930080168VA6Z8UX21,TOWER Federal Credit Union,2,1,1,0.04,2,0,0,0,0,1,0,0,0,0,national
2025,LA,22005,Ascension,5493009F6BJDCZMZ7Y26,,4,1,0,0.04,2,1,0,1,0,1,0,0,0,0,national
2025,LA,22005,Ascension,5493009PLGT79KQ6HO15,,2,1,0,0.04,2,0,0,0,0,1,0,0,0,0,national
2025,LA,22005,Ascension,549300ALNLUNS3Y53T24,AMERICAN FINANCING CORPORATION,5,1,2,0.04,1,4,0,0,0,1,0,0,0,0,national
2025,LA,22005,Ascension,549300AT7EB9FJAF0E61,Old National Bank,2,1,0,0.04,2,0,0,0,0,1,0,0,0,0,national
2025,LA,22005,Ascension,549300BOXNV8VLRBDT24,,1,1,0,0.04,1,0,0,0,0,1,0,0,0,0,national
2025,LA,22005,Ascension,549300DNWSJUNAWUM003,,2,1,0,0.04,2,0,0,0,0,1,0,0,0,0,national
2025,LA,22005,Ascension,549300F8C5JA44WNMI75,AMERICAN NEIGHBORHOOD MORTGAGE ACCEPTANCE COMPANY LLC,2,1,0,0.04,0,2,0,0,0,0,1,0,0,0,national
2025,LA,22005,Ascension,549300FX7K8PTEQUU487,PENTAGON FEDERAL CREDIT UNION,6,1,2,0.04,4,1,1,0,0,1,0,0,0,0,national
2025,LA,22005,Ascension,549300INFJ8TYNZ1G568,,1,1,0,0.04,1,0,0,0,0,1,0,0,0,0,national
2025,LA,22005,Ascension,549300KIOYNU323LVJ37,AMERICAN PACIFIC MORTGAGE CORPORATION,1,1,0,0.04,1,0,0,0,0,1,0,0,0,0,national
2025,LA,22005,Ascension,549300KQHWNSVCE2MY88,,2,1,0,0.04,2,0,0,0,0,1,0,0,0,0,national
2025,LA,22005,Ascension,549300KSOOZZVXCMA627,ANGEL OAK MORTGAGE SOLUTIONS LLC,1,1,0,0.04,1,0,0,0,0,1,0,0,0,0,national
2025,LA,22005,Ascension,549300KTR1JGH3K6LU06,FOURLEAF,1,1,0,0.04,1,0,0,0,0,1,0,0,0,0,national
2025,LA,22005,Ascension,549300LROQOOQU77WS20,,6,1,3,0.04,4,2,0,0,0,1,0,0,0,0,national
2025,LA,22005,Ascension,549300M63SGBHKKBOE21,,1,1,0,0.04,1,0,0,0,0,1,0,0,0,0,national
2025,LA,22005,Ascension,549300MVSM4XYFQL3X62,BARKSDALE,1,1,0,0.04,1,0,0,0,0,1,0,0,0,0,national
2025,LA,22005,Ascension,549300O6Z0I6KYMESL47,AMWEST FUNDING CORP.,1,1,0,0.04,1,0,0,0,0,1,0,0,0,0,national
2025,LA,22005,Ascension,549300OEQLAPVDI0LD92,,1,1,0,0.04,1,0,0,0,0,1,0,0,0,0,national
2025,LA,22005,Ascension,549300OPB0G5OMY0SM65,,1,1,0,0.04,1,0,0,0,0,1,0,0,0,0,national
2025,LA,22005,Ascension,549300PBTV7FCWLSMM53,,3,1,0,0.04,0,3,0,0,0,0,1,0,0,0,national
2025,LA,22005,Ascension,549300PJ2WT35S77Q208,,1,1,0,0.04,0,1,0,0,0,0,1,0,0,0,national
2025,LA,22005,Ascension,549300QAJ2SD5X8T7X10,Synergy Bank,4,1,2,0.04,4,0,0,0,0,1,0,0,0,0,national
2025,LA,22005,Ascension,549300QFP6J5QSZVF805,Eagle Bank and Trust Company,1,1,0,0.04,1,0,0,0,0,1,0,0,0,0,national
2025,LA,22005,Ascension,549300QKL5FUBZ8LSF50,"NATIONS DIRECT MORTGAGE, LLC",3,1,0,0.04,1,2,0,0,0,0,1,0,0,0,national
2025,LA,22005,Ascension,549300RYWXR8TL5LIK35,,1,1,0,0.04,0,1,0,0,0,0,1,0,0,0,national
2025,LA,22005,Ascension,549300T1KLQQ7B84EZ41,,1,1,0,0.04,1,0,0,0,0,1,0,0,0,0,national
2025,LA,22005,Ascension,549300U55IW4J0F8P008,,1,1,0,0.04,1,0,0,0,0,1,0,0,0,0,national
2025,LA,22005,Ascension,549300UG7QXKM7KGV847,,2,1,1,0.04,2,0,0,0,0,1,0,0,0,0,national
2025,LA,22005,Ascension,549300X08QKYUH256I80,,1,1,0,0.04,0,0,1,0,0,0,0,1,0,0,national
2025,LA,22005,Ascension,549300XCVBRR56D08F03,,3,1,0,0.04,1,2,0,0,0,0,1,0,0,0,national
2025,LA,22005,Ascension,549300ZPSJZO10ZAX556,"AMERICAN HERITAGE LENDING, LLC",1,1,0,0.04,1,0,0,0,0,1,0,0,0,0,national
2025,LA,22005,Ascension,549300ZZME37MXI1EF14,"DAS ACQUISITION COMPANY, LLC",1,1,0,0.04,1,0,0,0,0,1,0,0,0,0,national
2025,LA,22005,Ascension,984500P059VACEAAFA22,,1,1,0,0.04,0,1,0,0,0,0,1,0,0,0,national
2025,LA,22005,Ascension,984500U2F9A83N391A91,"CHAMPIONS FUNDING, LLC",1,1,0,0.04,1,0,0,0,0,1,0,0,0,0,national
2025,LA,22005,Ascension,C398JSK21YCXWM603F55,"Barrington Bank & Trust Company, National Association",2,1,0,0.04,0,0,2,0,0,0,0,1,0,0,national
2025,LA,22005,Ascension,PINLJ7T7GLTF48NFP863,,1,1,0,0.04,1,0,0,0,0,1,0,0,0,0,national
2025,LA,22005,Ascension,Q708HHR4LD2B7XIZNO92,First Federal Bank,3,1,0,0.04,1,2,0,0,0,1,0,0,0,0,national
2025,LA,22005,Ascension,WWB2V0FCW3A0EE3ZJN75,Manufacturers and Traders Trust Company,1,1,0,0.04,0,0,1,0,0,0,0,1,0,0,national
2025,LA,22005,Ascension,54930091JQKCU3Z6IP44,,6,0,0,0.0,6,0,0,0,0,0,0,0,0,0,national
2025,LA,22005,Ascension,549300E2UX99HKDBR481,"NEW AMERICAN FUNDING, LLC",36,0,4,0.0,8,27,1,0,0,0,0,0,0,0,national
2025,LA,22005,Ascension,549300FFVDRROF85IC57,,5,0,5,0.0,5,0,0,0,0,0,0,0,0,0,national
2025,LA,22005,Ascension,549300Q3ROEQU3D1IW91,,27,0,25,0.0,27,0,0,0,0,0,0,0,0,0,national
2025,LA,22005,Ascension,549300XRF9LCZ3RX3Q39,,6,0,2,0.0,0,1,5,0,0,0,0,0,0,0,national
2025,LA,22015,Bossier,5493001F7QT2YW3K8D98,"DSLD MORTGAGE, LLC",238,183,6,6.86,68,59,98,13,0,50,47,78,8,0,national
2025,LA,22015,Bossier,549300HW662MN1WU8550,"United Wholesale Mortgage, LLC",212,169,17,6.34,43,60,106,3,0,38,50,80,1,0,national
2025,LA,22015,Bossier,549300MVSM4XYFQL3X62,BARKSDALE,268,163,39,6.11,255,10,3,0,0,162,0,1,0,0,national
2025,LA,22015,Bossier,549300FGXN1K3HLB1R50,"Rocket Mortgage, LLC",178,126,32,4.73,110,37,31,0,0,76,27,23,0,0,national
2025,LA,22015,Bossier,5493003GQDUH26DNNH17,Navy Federal Credit Union,185,119,19,4.46,54,0,131,0,0,23,0,96,0,0,national
2025,LA,22015,Bossier,549300DD5QQUHO6PCH70,"MORTGAGE RESEARCH CENTER, LLC",161,96,20,3.6,4,5,152,0,0,3,2,91,0,0,national
2025,LA,22015,Bossier,549300B8JQ9XD5FQQH32,,88,82,0,3.08,31,29,21,7,0,28,27,20,7,0,national
2025,LA,22015,Bossier,549300DD4R4SYK5RAQ92,"MOVEMENT MORTGAGE, LLC",95,78,2,2.93,32,35,27,1,0,26,31,20,1,0,national
2025,LA,22015,Bossier,54930021WPEXNHYZUL09,"PLANET HOME LENDING, LLC",99,76,13,2.85,21,39,34,5,0,18,28,27,3,0,national
2025,LA,22015,Bossier,Q7C315HKI8VX0SSKBS64,Cadence Bank,92,73,12,2.74,83,6,3,0,0,68,3,2,0,0,national
2025,LA,22015,Bossier,254900ZX1UPIG2E7TH11,"ASSURANCE FINANCIAL GROUP, L.L.C.",92,68,4,2.55,36,26,28,2,0,25,19,22,2,0,national
2025,LA,22015,Bossier,549300LYRWPSYPK6S325,FREEDOM MORTGAGE CORPORATION,145,67,9,2.51,6,42,97,0,0,2,19,46,0,0,national
2025,LA,22015,Bossier,D8RBTOL3JO2Q6IEO0F34,Origin Bank,78,67,1,2.51,47,6,25,0,0,41,5,21,0,0,national
2025,LA,22015,Bossier,549300K2EV48DVSYNV15,,63,61,2,2.29,57,6,0,0,0,55,6,0,0,0,national
2025,LA,22015,Bossier,549300T1KLQQ7B84EZ41,,72,61,2,2.29,65,0,4,3,0,55,0,4,2,0,national
2025,LA,22015,Bossier,549300DG3IV05V4C4E03,EUSTIS MORTGAGE CORPORATION,63,52,1,1.95,20,25,13,5,0,15,19,13,5,0,national
2025,LA,22015,Bossier,EQTWLK1G7ODGC2MGLV11,Regions Bank,116,47,56,1.76,102,9,5,0,0,37,5,5,0,0,national
2025,LA,22015,Bossier,89450088V2BYQUO61B62,,59,43,7,1.61,59,0,0,0,0,43,0,0,0,0,national
2025,LA,22015,Bossier,2549004FXPNKCLIN8250,"Synergy One Lending, Inc.",55,41,3,1.54,23,17,12,3,0,15,14,11,1,0,national
2025,LA,22015,Bossier,5493006QG55R8V712J33,Red River Bank,51,41,2,1.54,39,6,5,1,0,31,5,4,1,0,national
2025,LA,22015,Bossier,RVDPPPGHCGZ40J4VQ731,"PENNYMAC LOAN SERVICES, LLC",101,38,9,1.43,31,12,57,1,0,11,4,23,0,0,national
2025,LA,22015,Bossier,549300FNXYY540N23N64,Newrez LLC,122,37,27,1.39,51,33,36,2,0,13,12,11,1,0,national
2025,LA,22015,Bossier,549300LE3ZOZXUS7W648,FIDELITY BANK,52,36,8,1.35,18,20,13,1,0,15,10,10,1,0,national
2025,LA,22015,Bossier,549300XQVJ1XBNFA5536,21ST MORTGAGE CORPORATION,254,35,152,1.31,254,0,0,0,0,35,0,0,0,0,national
2025,LA,22015,Bossier,549300AG64NHILB7ZP05,"LOANDEPOT.COM, LLC",66,30,22,1.13,38,24,4,0,0,23,6,1,0,0,national
2025,LA,22015,Bossier,549300MGPZBLQDIL7538,FAIRWAY INDEPENDENT MORTGAGE CORPORATION,37,27,1,1.01,10,11,13,3,0,7,7,11,2,0,national
2025,LA,22015,Bossier,C5654JQHZUHN0772B561,USAA Federal Savings Bank,49,27,9,1.01,13,0,36,0,0,6,0,21,0,0,national
2025,LA,22015,Bossier,549300JVGOSG4QV2ZU37,,28,25,0,0.94,18,4,4,2,0,17,3,4,1,0,national
2025,LA,22015,Bossier,7H6GLXDRUGQFU57RNE97,"JPMorgan Chase Bank, National Association",45,25,9,0.94,38,2,5,0,0,20,2,3,0,0,national
2025,LA,22015,Bossier,549300RPOGWJRH63HS39,UNION HOME MORTGAGE CORP.,27,23,0,0.86,13,7,7,0,0,10,7,6,0,0,national
2025,LA,22015,Bossier,54930045J8O98TUGTW86,b1BANK,22,22,0,0.83,22,0,0,0,0,22,0,0,0,0,national
2025,LA,22015,Bossier,01J4SO3XTWZF4PP38209,Trustmark Bank,22,21,0,0.79,9,4,9,0,0,8,4,9,0,0,national
2025,LA,22015,Bossier,549300AQ3T62GXDU7D76,GUILD MORTGAGE COMPANY LLC,36,21,3,0.79,15,17,2,2,0,10,9,2,0,0,national
2025,LA,22015,Bossier,254900XSTAR7AIPG0A39,,22,20,1,0.75,22,0,0,0,0,20,0,0,0,0,national
2025,LA,22015,Bossier,549300VQUTI5IU7GXT57,SECURITYNATIONAL MORTGAGE COMPANY,25,20,5,0.75,9,10,5,1,0,7,7,5,1,0,national
2025,LA,22015,Bossier,549300LDX1HCIL448282,,22,18,0,0.68,22,0,0,0,0,18,0,0,0,0,national
2025,LA,22015,Bossier,54930094EUD08LZEJR51,,22,17,1,0.64,22,0,0,0,0,17,0,0,0,0,national
2025,LA,22015,Bossier,549300VMX06UV1F7NS76,,17,17,0,0.64,5,6,4,2,0,5,6,4,2,0,national
2025,LA,22015,Bossier,549300JYXTZDSPJEPI44,"PLAZA HOME MORTGAGE, INC.",17,15,1,0.56,4,5,7,1,0,4,4,6,1,0,national
2025,LA,22015,Bossier,549300MZ8VZJOVC63092,"KIND LENDING, LLC",16,15,1,0.56,7,3,5,1,0,6,3,5,1,0,national
2025,LA,22015,Bossier,9845006EEFF0EDFA9E57,,15,15,0,0.56,15,0,0,0,0,15,0,0,0,0,national
2025,LA,22015,Bossier,5493002F9OWLKRICTY67,STANDARD MORTGAGE CORPORATION,19,14,0,0.53,12,3,4,0,0,9,2,3,0,0,national
2025,LA,22015,Bossier,549300BX448ALT10FI43,The Federal Savings Bank,18,12,0,0.45,2,1,15,0,0,2,1,9,0,0,national
2025,LA,22015,Bossier,549300K4ZLGS7SRDTL86,Equity Prime Mortgage LLC,27,12,5,0.45,1,7,12,7,0,0,2,6,4,0,national
2025,LA,22015,Bossier,549300LBCBNR1OT00651,NATIONSTAR MORTGAGE LLC,25,12,4,0.45,18,5,2,0,0,10,1,1,0,0,national
2025,LA,22015,Bossier,549300R9S3MVDV4MGF56,"CARRINGTON MORTGAGE SERVICES, LLC",29,11,11,0.41,9,14,6,0,0,2,4,5,0,0,national
2025,LA,22015,Bossier,2549007JQKHU8KQ0FC19,,12,10,0,0.38,4,2,5,1,0,3,1,5,1,0,national
2025,LA,22015,Bossier,5493001GCBD5XGNIC815,Coastal Community Bank,38,10,1,0.38,38,0,0,0,0,10,0,0,0,0,national
2025,LA,22015,Bossier,894500TYEZ2FD95KS426,,12,10,0,0.38,12,0,0,0,0,10,0,0,0,0,national
2025,LA,22015,Bossier,54930074GUKXKBKNQI12,,12,9,0,0.34,12,0,0,0,0,9,0,0,0,0,national
2025,LA,22015,Bossier,549300OPCWU6E72WUT29,"MUTUAL OF OMAHA MORTGAGE, INC.",13,9,2,0.34,6,6,1,0,0,4,5,0,0,0,national
2025,LA,22015,Bossier,549300PBTV7FCWLSMM53,,14,9,2,0.34,0,2,12,0,0,0,1,8,0,0,national
2025,LA,22015,Bossier,549300VCMRO4ST680C11,VILLAGE CAPITAL & INVESTMENT LLC,28,9,5,0.34,0,2,26,0,0,0,1,8,0,0,national
2025,LA,22015,Bossier,254900UL88QFG0E40516,FIGURE LENDING LLC,17,8,6,0.3,17,0,0,0,0,8,0,0,0,0,national
2025,LA,22015,Bossier,549300C5503CI7DSIP33,,12,8,0,0.3,12,0,0,0,0,8,0,0,0,0,national
2025,LA,22015,Bossier,549300EAO0HUFDR48U74,,10,8,2,0.3,10,0,0,0,0,8,0,0,0,0,national
2025,LA,22015,Bossier,549300PIL8LFAQ04XC20,Better Mortgage Corporation,27,8,16,0.3,27,0,0,0,0,8,0,0,0,0,national
2025,LA,22015,Bossier,549300YWKMUD8J4EF956,,10,8,1,0.3,10,0,0,0,0,8,0,0,0,0,national
2025,LA,22015,Bossier,25490066WMF8ZMQXQB18,"Lendage, LLC",10,7,2,0.26,10,0,0,0,0,7,0,0,0,0,national
2025,LA,22015,Bossier,5493001WL16YUSR2TI47,,17,7,2,0.26,16,1,0,0,0,7,0,0,0,0,national
2025,LA,22015,Bossier,5493002B2WMHY23GFK92,"AMERICAN FINANCIAL RESOURCES, INC.",10,7,0,0.26,0,3,4,3,0,0,2,3,2,0,national
2025,LA,22015,Bossier,549300CKG3JGNHH34D61,,7,7,0,0.26,7,0,0,0,0,7,0,0,0,0,national
2025,LA,22015,Bossier,549300MCPCNPQAOB4032,GMFS LLC,11,7,0,0.26,7,2,0,2,0,4,1,0,2,0,national
2025,LA,22015,Bossier,549300U3721PJGQZYY68,"GUARANTEED RATE, INC.",21,7,3,0.26,10,8,3,0,0,2,4,1,0,0,national
2025,LA,22015,Bossier,549300VZVN841I2ILS84,"CROSSCOUNTRY MORTGAGE, LLC",15,7,1,0.26,3,8,4,0,0,0,4,3,0,0,national
2025,LA,22015,Bossier,549300YIQ7S7Z8PIHE53,AMERISAVE MORTGAGE CORPORATION,28,7,16,0.26,9,14,5,0,0,2,4,1,0,0,national
2025,LA,22015,Bossier,5493001WHVQBGRSWEU75,"HOMEBRIDGE FINANCIAL SERVICES, INC.",7,6,1,0.23,2,5,0,0,0,2,4,0,0,0,national
2025,LA,22015,Bossier,5493008NWHQT1R22C024,"AMERICAN FINANCIAL NETWORK, INC.",14,6,2,0.23,5,6,1,2,0,2,3,1,0,0,national
2025,LA,22015,Bossier,5493009F6BJDCZMZ7Y26,,6,6,0,0.23,5,0,0,1,0,5,0,0,1,0,national
2025,LA,22015,Bossier,PINLJ7T7GLTF48NFP863,,8,6,0,0.23,8,0,0,0,0,6,0,0,0,0,national
2025,LA,22015,Bossier,54930054ET8KM4O1D485,"SOFI BANK, NATIONAL ASSOCIATION",11,5,0,0.19,9,1,1,0,0,3,1,1,0,0,national
2025,LA,22015,Bossier,549300NOCASXPA34X033,"LAKEVIEW LOAN SERVICING, LLC",28,5,14,0.19,7,14,7,0,0,1,3,1,0,0,national
2025,LA,22015,Bossier,549300SUCQ1358EGVE89,"NEW DAY FINANCIAL, LLC",29,5,4,0.19,0,0,29,0,0,0,0,5,0,0,national
2025,LA,22015,Bossier,549300VORTI31GZTJL53,"CARDINAL FINANCIAL COMPANY, LIMITED PARTNERSHIP",5,5,0,0.19,0,4,1,0,0,0,4,1,0,0,national
2025,LA,22015,Bossier,COOWI3L2W9TPYR3WJX37,First Horizon Bank,7,5,2,0.19,7,0,0,0,0,5,0,0,0,0,national
2025,LA,22015,Bossier,KB1H1DSPRFMYMCUFXT09,"Wells Fargo Bank, National Association",14,5,1,0.19,11,1,2,0,0,4,1,0,0,0,national
2025,LA,22015,Bossier,254900DTLHVWQ7NP7R34,"CMG Mortgage, Inc.",4,4,0,0.15,2,2,0,0,0,2,2,0,0,0,national
2025,LA,22015,Bossier,54930039IUN6515TBG78,,5,4,0,0.15,3,0,2,0,0,2,0,2,0,0,national
2025,LA,22015,Bossier,549300CB67L6KPJLHE19,"TRIAD FINANCIAL SERVICES, INC.",65,4,45,0.15,65,0,0,0,0,4,0,0,0,0,national
2025,LA,22015,Bossier,549300E2UX99HKDBR481,"NEW AMERICAN FUNDING, LLC",24,4,3,0.15,5,18,1,0,0,0,4,0,0,0,national
2025,LA,22015,Bossier,549300O6Z0I6KYMESL47,AMWEST FUNDING CORP.,7,4,1,0.15,7,0,0,0,0,4,0,0,0,0,national
2025,LA,22015,Bossier,549300UG7QXKM7KGV847,,7,4,2,0.15,5,2,0,0,0,4,0,0,0,0,national
2025,LA,22015,Bossier,NSGZD26XPW2CUM2JKU70,HANCOCK WHITNEY BANK,8,4,2,0.15,5,2,1,0,0,3,1,0,0,0,national
2025,LA,22015,Bossier,2549001S0U8EFNDOG816,,3,3,0,0.11,3,0,0,0,0,3,0,0,0,0,national
2025,LA,22015,Bossier,254900HA4DQWAE0W3342,"AMERIHOME MORTGAGE COMPANY, LLC",6,3,0,0.11,1,4,1,0,0,1,2,0,0,0,national
2025,LA,22015,Bossier,5493000YNV8IX4VD3X12,"VANDERBILT MORTGAGE AND FINANCE, INC.",71,3,29,0.11,71,0,0,0,0,3,0,0,0,0,national
2025,LA,22015,Bossier,549300121SF0K2LN2804,"PRIMELENDING, A PLAINSCAPITAL COMPANY",4,3,0,0.11,1,1,2,0,0,1,1,1,0,0,national
2025,LA,22015,Bossier,5493006P5IHSK77SZ855,,4,3,0,0.11,1,0,1,2,0,1,0,1,1,0,national
2025,LA,22015,Bossier,549300KJ8PAJ7E52HG32,Plains Commerce Bank,4,3,0,0.11,1,1,1,1,0,1,1,0,1,0,national
2025,LA,22015,Bossier,549300YBAW8FZJWPB842,,5,3,1,0.11,0,1,4,0,0,0,0,3,0,0,national
2025,LA,22015,Bossier,B4TYDEB6GKMZO031MB27,"Bank of America, National Association",16,3,7,0.11,16,0,0,0,0,3,0,0,0,0,national
2025,LA,22015,Bossier,COINQMNIM6RBU631DD85,Arvest Bank,3,3,0,0.11,2,0,1,0,0,2,0,1,0,0,national
2025,LA,22015,Bossier,Q708HHR4LD2B7XIZNO92,First Federal Bank,5,3,1,0.11,1,0,4,0,0,1,0,2,0,0,national
2025,LA,22015,Bossier,254900GNK8YXIZQ6LW40,,3,2,0,0.08,3,0,0,0,0,2,0,0,0,0,national
2025,LA,22015,Bossier,254900O2K17TNH5CL873,"RF RENOVO MANAGEMENT COMPANY, LLC",2,2,0,0.08,2,0,0,0,0,2,0,0,0,0,national
2025,LA,22015,Bossier,254900RM3T6WAVE6SA24,,4,2,0,0.08,4,0,0,0,0,2,0,0,0,0,national
2025,LA,22015,Bossier,5493001GDRY0EL7VG372,"ARK-LA-TEX FINANCIAL SERVICES, LLC.",2,2,0,0.08,1,1,0,0,0,1,1,0,0,0,national
2025,LA,22015,Bossier,549300249G20MDIDRR27,,13,2,3,0.08,10,3,0,0,0,1,1,0,0,0,national
2025,LA,22015,Bossier,54930027GUR70U427Y19,,3,2,0,0.08,3,0,0,0,0,2,0,0,0,0,national
2025,LA,22015,Bossier,549300370QILXLFUWD20,"ZILLOW HOME LOANS, LLC",6,2,2,0.08,5,1,0,0,0,2,0,0,0,0,national
2025,LA,22015,Bossier,5493004RLLKTQS8K7U51,,3,2,1,0.08,3,0,0,0,0,2,0,0,0,0,national
2025,LA,22015,Bossier,5493005EWJNDWPLNG328,,2,2,0,0.08,2,0,0,0,0,2,0,0,0,0,national
2025,LA,22015,Bossier,5493005PKOSG7MYX0B34,"Prosperity Home Mortgage, LLC",2,2,0,0.08,0,0,2,0,0,0,0,2,0,0,national
2025,LA,22015,Bossier,5493006RIR31ORKYB608,,4,2,0,0.08,2,2,0,0,0,2,0,0,0,0,national
2025,LA,22015,Bossier,549300DDLYW49R2HCV81,EASTMAN CREDIT UNION,2,2,0,0.08,2,0,0,0,0,2,0,0,0,0,national
2025,LA,22015,Bossier,549300DMYENRV818D594,,3,2,1,0.08,1,2,0,0,0,1,1,0,0,0,national
2025,LA,22015,Bossier,549300G8SAGXEDF5FK39,,3,2,0,0.08,3,0,0,0,0,2,0,0,0,0,national
2025,LA,22015,Bossier,549300HTRLFU2IIL4380,,10,2,1,0.08,10,0,0,0,0,2,0,0,0,0,national
2025,LA,22015,Bossier,549300KIOYNU323LVJ37,AMERICAN PACIFIC MORTGAGE CORPORATION,4,2,2,0.08,2,2,0,0,0,1,1,0,0,0,national
2025,LA,22015,Bossier,549300R0SXC1JU7ZU290,"FIRST COMMUNITY MORTGAGE, INC.",2,2,0,0.08,0,1,1,0,0,0,1,1,0,0,national
2025,LA,22015,Bossier,549300S5YL3OH0IVCS62,FINANCE OF AMERICA REVERSE LLC,2,2,0,0.08,0,2,0,0,0,0,2,0,0,0,national
2025,LA,22015,Bossier,549300SK2GVCQXPD4S58,"SUN WEST MORTGAGE COMPANY, INC.",5,2,2,0.08,1,4,0,0,0,1,1,0,0,0,national
2025,LA,22015,Bossier,549300UV5JQXLGVWIP44,,2,2,0,0.08,2,0,0,0,0,2,0,0,0,0,national
2025,LA,22015,Bossier,549300XWUSRVVOHPRY47,Academy Mortgage Corporation,2,2,0,0.08,1,1,0,0,0,1,1,0,0,0,national
2025,LA,22015,Bossier,549300Y5Y88FQLI7VE83,DEEPHAVEN MORTGAGE LLC,6,2,2,0.08,6,0,0,0,0,2,0,0,0,0,national
2025,LA,22015,Bossier,6BYL5QZYBDK8S7L73M02,U.S. Bank National Association,10,2,5,0.08,10,0,0,0,0,2,0,0,0,0,national
2025,LA,22015,Bossier,SS1TRMSN6BRNMOREEV51,"Flagstar Bank, National Association",4,2,0,0.08,2,0,2,0,0,0,0,2,0,0,national
2025,LA,22015,Bossier,2549005Z23HAAZ6QDM98,,1,1,0,0.04,0,0,1,0,0,0,0,1,0,0,national
2025,LA,22015,Bossier,254900GVA8WBFNUQTV33,,1,1,0,0.04,1,0,0,0,0,1,0,0,0,0,national
2025,LA,22015,Bossier,254900HEJ9F73IMPX887,,3,1,0,0.04,3,0,0,0,0,1,0,0,0,0,national
2025,LA,22015,Bossier,254900M2C4Q6DATP2889,,4,1,1,0.04,0,1,3,0,0,0,0,1,0,0,national
2025,LA,22015,Bossier,254900RFZH9I62FGU045,,1,1,0,0.04,0,0,1,0,0,0,0,1,0,0,national
2025,LA,22015,Bossier,254900RUCO27MVGTO768,LOAN FUNDER LLC,2,1,0,0.04,2,0,0,0,0,1,0,0,0,0,national
2025,LA,22015,Bossier,254900YA1AQXNM8QVZ06,,1,1,0,0.04,1,0,0,0,0,1,0,0,0,0,national
2025,LA,22015,Bossier,254900ZFWS2106HWPH46,"PARAMOUNT RESIDENTIAL MORTGAGE GROUP, INC.",1,1,0,0.04,1,0,0,0,0,1,0,0,0,0,national
2025,LA,22015,Bossier,5493001JT9MT3Z3Y3M39,,1,1,0,0.04,1,0,0,0,0,1,0,0,0,0,national
2025,LA,22015,Bossier,5493001SP13TNR6TUJ97,,1,1,0,0.04,1,0,0,0,0,1,0,0,0,0,national
2025,LA,22015,Bossier,5493001X0T84TYRJ5Y59,,1,1,0,0.04,1,0,0,0,0,1,0,0,0,0,national
2025,LA,22015,Bossier,5493002RF1ERFA2XR050,Renasant Bank,1,1,0,0.04,1,0,0,0,0,1,0,0,0,0,national
2025,LA,22015,Bossier,54930030Z1JWTP3SVD16,,4,1,0,0.04,0,4,0,0,0,0,1,0,0,0,national
2025,LA,22015,Bossier,54930034MNPILHP25H80,Gateway First Bank,1,1,0,0.04,1,0,0,0,0,1,0,0,0,0,national
2025,LA,22015,Bossier,5493004R423PBPM6A173,,1,1,0,0.04,0,1,0,0,0,0,1,0,0,0,national
2025,LA,22015,Bossier,5493005PD34O8ZT7QT17,,1,1,0,0.04,1,0,0,0,0,1,0,0,0,0,national
2025,LA,22015,Bossier,5493005QK4NV0ZZ5EM64,,1,1,0,0.04,1,0,0,0,0,1,0,0,0,0,national
2025,LA,22015,Bossier,5493007B7MEWKMDWUZ73,,1,1,0,0.04,0,1,0,0,0,0,1,0,0,0,national
2025,LA,22015,Bossier,5493007PAE4JN4B5BX31,,1,1,0,0.04,1,0,0,0,0,1,0,0,0,0,national
2025,LA,22015,Bossier,54930091CYUK2SDZ6D37,,1,1,0,0.04,0,1,0,0,0,0,1,0,0,0,national
2025,LA,22015,Bossier,549300ALNLUNS3Y53T24,AMERICAN FINANCING CORPORATION,10,1,7,0.04,1,8,1,0,0,0,1,0,0,0,national
2025,LA,22015,Bossier,549300AT7EB9FJAF0E61,Old National Bank,1,1,0,0.04,1,0,0,0,0,1,0,0,0,0,national
2025,LA,22015,Bossier,549300BBKMRS6J0CB539,,1,1,0,0.04,0,1,0,0,0,0,1,0,0,0,national
2025,LA,22015,Bossier,549300BEM32ZRV7MJ178,,1,1,0,0.04,1,0,0,0,0,1,0,0,0,0,national
2025,LA,22015,Bossier,549300DCGBXW5FJMV921,,1,1,0,0.04,1,0,0,0,0,1,0,0,0,0,national
2025,LA,22015,Bossier,549300DM6DAOPSF8HL78,,1,1,0,0.04,1,0,0,0,0,1,0,0,0,0,national
2025,LA,22015,Bossier,549300FX7K8PTEQUU487,PENTAGON FEDERAL CREDIT UNION,3,1,1,0.04,1,0,2,0,0,1,0,0,0,0,national
2025,LA,22015,Bossier,549300G5DVGM0ZHRQC33,,1,1,0,0.04,0,0,1,0,0,0,0,1,0,0,national
2025,LA,22015,Bossier,549300GKNMX0ZXKVPE54,,1,1,0,0.04,1,0,0,0,0,1,0,0,0,0,national
2025,LA,22015,Bossier,549300GYK7N8U42X9587,,1,1,0,0.04,1,0,0,0,0,1,0,0,0,0,national
2025,LA,22015,Bossier,549300HRLROF7PLJ6735,CLEAREDGE LENDING LLC,2,1,0,0.04,2,0,0,0,0,1,0,0,0,0,national
2025,LA,22015,Bossier,549300KHXD7JSQUZIJ22,,1,1,0,0.04,1,0,0,0,0,1,0,0,0,0,national
2025,LA,22015,Bossier,549300KPBZCTMM3Y0061,,1,1,0,0.04,1,0,0,0,0,1,0,0,0,0,national
2025,LA,22015,Bossier,549300KQHWNSVCE2MY88,,1,1,0,0.04,1,0,0,0,0,1,0,0,0,0,national
2025,LA,22015,Bossier,549300KTR1JGH3K6LU06,FOURLEAF,1,1,0,0.04,1,0,0,0,0,1,0,0,0,0,national
2025,LA,22015,Bossier,549300KW705BBINDIZ26,,1,1,0,0.04,1,0,0,0,0,1,0,0,0,0,national
2025,LA,22015,Bossier,549300LG8MECYD8F2A55,,2,1,0,0.04,1,1,0,0,0,1,0,0,0,0,national
2025,LA,22015,Bossier,549300LP3GMTWS4OB353,,3,1,0,0.04,3,0,0,0,0,1,0,0,0,0,national
2025,LA,22015,Bossier,549300LROQOOQU77WS20,,1,1,0,0.04,1,0,0,0,0,1,0,0,0,0,national
2025,LA,22015,Bossier,549300LXKO1O7CSK5J52,"FLAT BRANCH MORTGAGE, INC.",1,1,0,0.04,1,0,0,0,0,1,0,0,0,0,national
2025,LA,22015,Bossier,549300M03EN3OQEDU087,,2,1,0,0.04,0,0,2,0,0,0,0,1,0,0,national
2025,LA,22015,Bossier,549300NDNZ6EWP8BJI88,,1,1,0,0.04,1,0,0,0,0,1,0,0,0,0,national
2025,LA,22015,Bossier,549300OR2C7AGDZFTS24,,1,1,0,0.04,1,0,0,0,0,1,0,0,0,0,national
2025,LA,22015,Bossier,549300PJ2WT35S77Q208,,1,1,0,0.04,0,1,0,0,0,0,1,0,0,0,national
2025,LA,22015,Bossier,549300PL267CW8182203,,5,1,2,0.04,0,2,3,0,0,0,1,0,0,0,national
2025,LA,22015,Bossier,549300PQLK8E48ILXV41,,1,1,0,0.04,0,1,0,0,0,0,1,0,0,0,national
2025,LA,22015,Bossier,549300Q4JBLTKDC7J303,,2,1,0,0.04,2,0,0,0,0,1,0,0,0,0,national
2025,LA,22015,Bossier,549300QKL5FUBZ8LSF50,"NATIONS DIRECT MORTGAGE, LLC",2,1,1,0.04,0,1,1,0,0,0,0,1,0,0,national
2025,LA,22015,Bossier,549300R7HGHP2I754087,TOWNE MORTGAGE COMPANY,3,1,1,0.04,0,1,0,2,0,0,0,0,1,0,national
2025,LA,22015,Bossier,549300RA3E0BUFO7YZ21,"Hometown Equity Mortgage, LLC",1,1,0,0.04,1,0,0,0,0,1,0,0,0,0,national
2025,LA,22015,Bossier,549300REENMLD2RN3W58,"Magnolia Bank, Incorporated",1,1,0,0.04,0,0,1,0,0,0,0,1,0,0,national
2025,LA,22015,Bossier,549300RN01LBYR8ZVX74,"LOWER, LLC",8,1,2,0.04,0,3,5,0,0,0,0,1,0,0,national
2025,LA,22015,Bossier,549300SQKZC6HESYGO25,,1,1,0,0.04,1,0,0,0,0,1,0,0,0,0,national
2025,LA,22015,Bossier,549300TA4MQM8WN2XG31,,1,1,0,0.04,1,0,0,0,0,1,0,0,0,0,national
2025,LA,22015,Bossier,549300U18MOAH5F95P15,EFCU FINANCIAL,1,1,0,0.04,1,0,0,0,0,1,0,0,0,0,national
2025,LA,22015,Bossier,549300V1ZDKDQXFW3339,,5,1,3,0.04,5,0,0,0,0,1,0,0,0,0,national
2025,LA,22015,Bossier,549300VYK2WBD7SST478,,1,1,0,0.04,1,0,0,0,0,1,0,0,0,0,national
2025,LA,22015,Bossier,549300WRDGBHKR1BXL98,,3,1,0,0.04,3,0,0,0,0,1,0,0,0,0,national
2025,LA,22015,Bossier,549300XY701IELCE5Q08,BETTER MORTGAGE CORPORATION,10,1,4,0.04,8,1,1,0,0,1,0,0,0,0,national
2025,LA,22015,Bossier,549300ZWNETGFXTBBY03,"CANOPY MORTGAGE, LLC",2,1,0,0.04,0,2,0,0,0,0,1,0,0,0,national
2025,LA,22015,Bossier,984500CD6F0743B8F530,,1,1,0,0.04,0,0,1,0,0,0,0,1,0,0,national
2025,LA,22015,Bossier,984500U2F9A83N391A91,"CHAMPIONS FUNDING, LLC",1,1,0,0.04,1,0,0,0,0,1,0,0,0,0,national
2025,LA,22015,Bossier,C398JSK21YCXWM603F55,"Barrington Bank & Trust Company, National Association",2,1,0,0.04,0,1,1,0,0,0,0,1,0,0,national
2025,LA,22015,Bossier,FU7RSW4CQQY98A2O7J66,"BOKF, National Association",1,1,0,0.04,1,0,0,0,0,1,0,0,0,0,national
2025,LA,22015,Bossier,PAOOWF3GUFM46FBSP561,,3,1,2,0.04,2,1,0,0,0,1,0,0,0,0,national
2025,LA,22015,Bossier,WWB2V0FCW3A0EE3ZJN75,Manufacturers and Traders Trust Company,1,1,0,0.04,0,0,1,0,0,0,0,1,0,0,national
2025,LA,22015,Bossier,549300FFVDRROF85IC57,,12,0,11,0.0,12,0,0,0,0,0,0,0,0,0,national
2025,LA,22015,Bossier,549300Q3ROEQU3D1IW91,,22,0,18,0.0,22,0,0,0,0,0,0,0,0,0,national
2025,LA,22015,Bossier,X05BVSK68TQ7YTOSNR22,Discover Bank,13,0,9,0.0,13,0,0,0,0,0,0,0,0,0,national
2025,LA,22017,Caddo,54930021WPEXNHYZUL09,"PLANET HOME LENDING, LLC",229,188,25,5.51,82,122,24,1,0,63,103,21,1,0,national
2025,LA,22017,Caddo,549300MVSM4XYFQL3X62,BARKSDALE,309,165,74,4.83,287,15,7,0,0,159,4,2,0,0,national
2025,LA,22017,Caddo,549300B8JQ9XD5FQQH32,,166,160,1,4.69,107,44,11,4,0,101,44,11,4,0,national
2025,LA,22017,Caddo,Q7C315HKI8VX0SSKBS64,Cadence Bank,235,154,47,4.51,214,19,2,0,0,142,11,1,0,0,national
2025,LA,22017,Caddo,549300FGXN1K3HLB1R50,"Rocket Mortgage, LLC",259,153,82,4.48,143,75,41,0,0,91,35,27,0,0,national
2025,LA,22017,Caddo,549300HW662MN1WU8550,"United Wholesale Mortgage, LLC",186,125,34,3.66,36,80,68,2,0,26,54,43,2,0,national
2025,LA,22017,Caddo,549300DD4R4SYK5RAQ92,"MOVEMENT MORTGAGE, LLC",169,123,1,3.6,57,82,25,5,0,38,62,19,4,0,national
2025,LA,22017,Caddo,EQTWLK1G7ODGC2MGLV11,Regions Bank,373,121,186,3.54,320,44,7,2,0,104,16,1,0,0,national
2025,LA,22017,Caddo,254900ZX1UPIG2E7TH11,"ASSURANCE FINANCIAL GROUP, L.L.C.",127,107,2,3.13,70,35,21,1,0,60,31,16,0,0,national
2025,LA,22017,Caddo,549300K2EV48DVSYNV15,,108,100,6,2.93,95,10,1,2,0,89,8,1,2,0,national
2025,LA,22017,Caddo,D8RBTOL3JO2Q6IEO0F34,Origin Bank,110,86,5,2.52,96,3,10,1,0,76,3,6,1,0,national
2025,LA,22017,Caddo,549300AG64NHILB7ZP05,"LOANDEPOT.COM, LLC",200,80,57,2.34,104,87,9,0,0,43,34,3,0,0,national
2025,LA,22017,Caddo,549300DG3IV05V4C4E03,EUSTIS MORTGAGE CORPORATION,93,79,2,2.31,24,53,10,6,0,21,42,10,6,0,national
2025,LA,22017,Caddo,5493006QG55R8V712J33,Red River Bank,128,73,14,2.14,91,32,4,1,0,62,10,0,1,0,national
2025,LA,22017,Caddo,549300DD5QQUHO6PCH70,"MORTGAGE RESEARCH CENTER, LLC",160,73,26,2.14,9,10,141,0,0,3,3,67,0,0,national
2025,LA,22017,Caddo,549300LE3ZOZXUS7W648,FIDELITY BANK,99,63,9,1.84,31,57,10,1,0,19,36,7,1,0,national
2025,LA,22017,Caddo,5493001F7QT2YW3K8D98,"DSLD MORTGAGE, LLC",75,62,4,1.82,32,18,20,5,0,30,12,18,2,0,national
2025,LA,22017,Caddo,2549004FXPNKCLIN8250,"Synergy One Lending, Inc.",80,58,3,1.7,30,36,8,6,0,20,29,6,3,0,national
2025,LA,22017,Caddo,7H6GLXDRUGQFU57RNE97,"JPMorgan Chase Bank, National Association",74,50,5,1.46,67,4,3,0,0,46,2,2,0,0,national
2025,LA,22017,Caddo,5493003GQDUH26DNNH17,Navy Federal Credit Union,106,48,23,1.41,59,0,47,0,0,21,0,27,0,0,national
2025,LA,22017,Caddo,549300YWKMUD8J4EF956,,46,44,0,1.29,46,0,0,0,0,44,0,0,0,0,national
2025,LA,22017,Caddo,549300MGPZBLQDIL7538,FAIRWAY INDEPENDENT MORTGAGE CORPORATION,71,42,2,1.23,33,19,16,3,0,18,14,8,2,0,national
2025,LA,22017,Caddo,549300AQ3T62GXDU7D76,GUILD MORTGAGE COMPANY LLC,79,41,10,1.2,29,39,7,4,0,16,19,5,1,0,national
2025,LA,22017,Caddo,549300FNXYY540N23N64,Newrez LLC,154,41,43,1.2,71,58,22,3,0,17,13,8,3,0,national
2025,LA,22017,Caddo,5493002F9OWLKRICTY67,STANDARD MORTGAGE CORPORATION,48,36,3,1.05,33,9,6,0,0,27,5,4,0,0,national
2025,LA,22017,Caddo,549300EAO0HUFDR48U74,,47,36,8,1.05,47,0,0,0,0,36,0,0,0,0,national
2025,LA,22017,Caddo,549300LYRWPSYPK6S325,FREEDOM MORTGAGE CORPORATION,111,36,12,1.05,4,46,61,0,0,0,10,26,0,0,national
2025,LA,22017,Caddo,549300CKG3JGNHH34D61,,35,34,0,1.0,35,0,0,0,0,34,0,0,0,0,national
2025,LA,22017,Caddo,549300K4ZLGS7SRDTL86,Equity Prime Mortgage LLC,74,34,10,1.0,0,42,20,12,0,0,22,7,5,0,national
2025,LA,22017,Caddo,549300T1KLQQ7B84EZ41,,41,34,3,1.0,41,0,0,0,0,34,0,0,0,0,national
2025,LA,22017,Caddo,89450088V2BYQUO61B62,,62,34,10,1.0,62,0,0,0,0,34,0,0,0,0,national
2025,LA,22017,Caddo,254900XSTAR7AIPG0A39,,35,32,1,0.94,35,0,0,0,0,32,0,0,0,0,national
2025,LA,22017,Caddo,RVDPPPGHCGZ40J4VQ731,"PENNYMAC LOAN SERVICES, LLC",95,32,12,0.94,28,34,31,2,0,12,9,11,0,0,national
2025,LA,22017,Caddo,549300XQVJ1XBNFA5536,21ST MORTGAGE CORPORATION,343,31,192,0.91,343,0,0,0,0,31,0,0,0,0,national
2025,LA,22017,Caddo,549300JVGOSG4QV2ZU37,,34,30,1,0.88,22,7,4,1,0,19,6,4,1,0,national
2025,LA,22017,Caddo,54930074GUKXKBKNQI12,,36,29,4,0.85,36,0,0,0,0,29,0,0,0,0,national
2025,LA,22017,Caddo,54930094EUD08LZEJR51,,38,29,3,0.85,38,0,0,0,0,29,0,0,0,0,national
2025,LA,22017,Caddo,5493001WL16YUSR2TI47,,33,28,2,0.82,33,0,0,0,0,28,0,0,0,0,national
2025,LA,22017,Caddo,9845006EEFF0EDFA9E57,,27,27,0,0.79,27,0,0,0,0,27,0,0,0,0,national
2025,LA,22017,Caddo,54930045J8O98TUGTW86,b1BANK,31,25,3,0.73,31,0,0,0,0,25,0,0,0,0,national
2025,LA,22017,Caddo,894500TYEZ2FD95KS426,,25,25,0,0.73,25,0,0,0,0,25,0,0,0,0,national
2025,LA,22017,Caddo,549300LBCBNR1OT00651,NATIONSTAR MORTGAGE LLC,35,23,6,0.67,25,6,4,0,0,15,4,4,0,0,national
2025,LA,22017,Caddo,549300RPOGWJRH63HS39,UNION HOME MORTGAGE CORP.,26,19,5,0.56,8,12,6,0,0,4,10,5,0,0,national
2025,LA,22017,Caddo,549300E2UX99HKDBR481,"NEW AMERICAN FUNDING, LLC",78,17,15,0.5,20,50,8,0,0,6,10,1,0,0,national
2025,LA,22017,Caddo,549300SUCQ1358EGVE89,"NEW DAY FINANCIAL, LLC",75,17,19,0.5,0,0,75,0,0,0,0,17,0,0,national
2025,LA,22017,Caddo,5493008NWHQT1R22C024,"AMERICAN FINANCIAL NETWORK, INC.",28,16,7,0.47,8,16,4,0,0,5,9,2,0,0,national
2025,LA,22017,Caddo,549300LDX1HCIL448282,,17,16,0,0.47,17,0,0,0,0,16,0,0,0,0,national
2025,LA,22017,Caddo,549300VCMRO4ST680C11,VILLAGE CAPITAL & INVESTMENT LLC,38,14,8,0.41,0,9,29,0,0,0,1,13,0,0,national
2025,LA,22017,Caddo,KB1H1DSPRFMYMCUFXT09,"Wells Fargo Bank, National Association",23,13,4,0.38,16,7,0,0,0,10,3,0,0,0,national
2025,LA,22017,Caddo,5493001XKL0FTNOJ0866,,14,12,0,0.35,4,10,0,0,0,4,8,0,0,0,national
2025,LA,22017,Caddo,5493002B2WMHY23GFK92,"AMERICAN FINANCIAL RESOURCES, INC.",18,12,2,0.35,1,13,2,2,0,1,8,1,2,0,national
2025,LA,22017,Caddo,549300U3721PJGQZYY68,"GUARANTEED RATE, INC.",30,12,8,0.35,11,16,2,1,0,3,6,2,1,0,national
2025,LA,22017,Caddo,549300YBAW8FZJWPB842,,21,12,1,0.35,11,7,3,0,0,5,5,2,0,0,national
2025,LA,22017,Caddo,2549007JQKHU8KQ0FC19,,20,11,2,0.32,9,4,6,1,0,3,3,5,0,0,national
2025,LA,22017,Caddo,549300R9S3MVDV4MGF56,"CARRINGTON MORTGAGE SERVICES, LLC",54,11,29,0.32,23,24,7,0,0,8,2,1,0,0,national
2025,LA,22017,Caddo,549300VQUTI5IU7GXT57,SECURITYNATIONAL MORTGAGE COMPANY,15,11,1,0.32,6,8,0,1,0,4,6,0,1,0,national
2025,LA,22017,Caddo,254900UL88QFG0E40516,FIGURE LENDING LLC,26,10,7,0.29,26,0,0,0,0,10,0,0,0,0,national
2025,LA,22017,Caddo,549300YIQ7S7Z8PIHE53,AMERISAVE MORTGAGE CORPORATION,80,10,61,0.29,32,33,15,0,0,9,1,0,0,0,national
2025,LA,22017,Caddo,25490066WMF8ZMQXQB18,"Lendage, LLC",11,9,1,0.26,11,0,0,0,0,9,0,0,0,0,national
2025,LA,22017,Caddo,5493001GCBD5XGNIC815,Coastal Community Bank,58,9,1,0.26,58,0,0,0,0,9,0,0,0,0,national
2025,LA,22017,Caddo,54930091JQKCU3Z6IP44,,37,9,6,0.26,37,0,0,0,0,9,0,0,0,0,national
2025,LA,22017,Caddo,549300CB67L6KPJLHE19,"TRIAD FINANCIAL SERVICES, INC.",100,9,60,0.26,100,0,0,0,0,9,0,0,0,0,national
2025,LA,22017,Caddo,549300MCPCNPQAOB4032,GMFS LLC,15,9,0,0.26,8,5,1,1,0,4,3,1,1,0,national
2025,LA,22017,Caddo,549300NOCASXPA34X033,"LAKEVIEW LOAN SERVICING, LLC",30,9,15,0.26,12,7,11,0,0,4,2,3,0,0,national
2025,LA,22017,Caddo,5493000YNV8IX4VD3X12,"VANDERBILT MORTGAGE AND FINANCE, INC.",96,8,46,0.23,96,0,0,0,0,8,0,0,0,0,national
2025,LA,22017,Caddo,5493001WHVQBGRSWEU75,"HOMEBRIDGE FINANCIAL SERVICES, INC.",10,8,0,0.23,4,5,1,0,0,3,4,1,0,0,national
2025,LA,22017,Caddo,5493005PD34O8ZT7QT17,,10,8,1,0.23,10,0,0,0,0,8,0,0,0,0,national
2025,LA,22017,Caddo,549300PBTV7FCWLSMM53,,11,8,0,0.23,1,1,9,0,0,1,1,6,0,0,national
2025,LA,22017,Caddo,COOWI3L2W9TPYR3WJX37,First Horizon Bank,14,8,5,0.23,14,0,0,0,0,8,0,0,0,0,national
2025,LA,22017,Caddo,54930027GUR70U427Y19,,10,7,2,0.2,10,0,0,0,0,7,0,0,0,0,national
2025,LA,22017,Caddo,549300PIL8LFAQ04XC20,Better Mortgage Corporation,19,7,8,0.2,19,0,0,0,0,7,0,0,0,0,national
2025,LA,22017,Caddo,549300UG7QXKM7KGV847,,8,7,1,0.2,6,1,1,0,0,6,0,1,0,0,national
2025,LA,22017,Caddo,B4TYDEB6GKMZO031MB27,"Bank of America, National Association",27,7,12,0.2,27,0,0,0,0,7,0,0,0,0,national
2025,LA,22017,Caddo,C5654JQHZUHN0772B561,USAA Federal Savings Bank,19,7,4,0.2,7,0,12,0,0,2,0,5,0,0,national
2025,LA,22017,Caddo,254900DTLHVWQ7NP7R34,"CMG Mortgage, Inc.",9,6,2,0.18,7,2,0,0,0,4,2,0,0,0,national
2025,LA,22017,Caddo,549300G5DVGM0ZHRQC33,,7,6,0,0.18,0,0,7,0,0,0,0,6,0,0,national
2025,LA,22017,Caddo,549300MZ8VZJOVC63092,"KIND LENDING, LLC",11,6,5,0.18,4,2,4,1,0,3,2,1,0,0,national
2025,LA,22017,Caddo,549300TA4MQM8WN2XG31,,9,6,0,0.18,9,0,0,0,0,6,0,0,0,0,national
2025,LA,22017,Caddo,X05BVSK68TQ7YTOSNR22,Discover Bank,29,6,17,0.18,29,0,0,0,0,6,0,0,0,0,national
2025,LA,22017,Caddo,01J4SO3XTWZF4PP38209,Trustmark Bank,5,5,0,0.15,2,1,2,0,0,2,1,2,0,0,national
2025,LA,22017,Caddo,54930054ET8KM4O1D485,"SOFI BANK, NATIONAL ASSOCIATION",15,5,1,0.15,14,1,0,0,0,5,0,0,0,0,national
2025,LA,22017,Caddo,549300C8GOC4OYUV0Z32,,7,5,0,0.15,7,0,0,0,0,5,0,0,0,0,national
2025,LA,22017,Caddo,549300JYXTZDSPJEPI44,"PLAZA HOME MORTGAGE, INC.",12,5,6,0.15,4,6,2,0,0,2,2,1,0,0,national
2025,LA,22017,Caddo,549300VMX06UV1F7NS76,,5,5,0,0.15,2,2,1,0,0,2,2,1,0,0,national
2025,LA,22017,Caddo,549300VORTI31GZTJL53,"CARDINAL FINANCIAL COMPANY, LIMITED PARTNERSHIP",6,5,0,0.15,2,4,0,0,0,2,3,0,0,0,national
2025,LA,22017,Caddo,6BYL5QZYBDK8S7L73M02,U.S. Bank National Association,25,5,20,0.15,25,0,0,0,0,5,0,0,0,0,national
2025,LA,22017,Caddo,254900GVA8WBFNUQTV33,,4,4,0,0.12,4,0,0,0,0,4,0,0,0,0,national
2025,LA,22017,Caddo,254900RUCO27MVGTO768,LOAN FUNDER LLC,9,4,4,0.12,9,0,0,0,0,4,0,0,0,0,national
2025,LA,22017,Caddo,549300BX448ALT10FI43,The Federal Savings Bank,20,4,7,0.12,0,2,18,0,0,0,0,4,0,0,national
2025,LA,22017,Caddo,549300VZVN841I2ILS84,"CROSSCOUNTRY MORTGAGE, LLC",17,4,1,0.12,3,9,5,0,0,1,2,1,0,0,national
2025,LA,22017,Caddo,25490058TX0QV62WQ461,,4,3,0,0.09,4,0,0,0,0,3,0,0,0,0,national
2025,LA,22017,Caddo,254900B7OQXWTD0I4K81,,3,3,0,0.09,3,0,0,0,0,3,0,0,0,0,national
2025,LA,22017,Caddo,254900CTT87ZKAUTIJ37,,3,3,0,0.09,3,0,0,0,0,3,0,0,0,0,national
2025,LA,22017,Caddo,254900DSZI6CJXJL6Z14,,5,3,1,0.09,5,0,0,0,0,3,0,0,0,0,national
2025,LA,22017,Caddo,254900HA4DQWAE0W3342,"AMERIHOME MORTGAGE COMPANY, LLC",6,3,0,0.09,1,5,0,0,0,1,2,0,0,0,national
2025,LA,22017,Caddo,5493000V86JDJLM0OV13,,3,3,0,0.09,3,0,0,0,0,3,0,0,0,0,national
2025,LA,22017,Caddo,5493005EWJNDWPLNG328,,3,3,0,0.09,3,0,0,0,0,3,0,0,0,0,national
2025,LA,22017,Caddo,5493005PKOSG7MYX0B34,"Prosperity Home Mortgage, LLC",5,3,0,0.09,0,2,3,0,0,0,2,1,0,0,national
2025,LA,22017,Caddo,5493006VAGP3GQ8FJT49,"Kiavi Funding, Inc.",5,3,0,0.09,5,0,0,0,0,3,0,0,0,0,national
2025,LA,22017,Caddo,549300ALNLUNS3Y53T24,AMERICAN FINANCING CORPORATION,13,3,4,0.09,6,6,1,0,0,1,1,1,0,0,national
2025,LA,22017,Caddo,549300C5503CI7DSIP33,,5,3,0,0.09,5,0,0,0,0,3,0,0,0,0,national
2025,LA,22017,Caddo,549300FX7K8PTEQUU487,PENTAGON FEDERAL CREDIT UNION,13,3,6,0.09,12,0,1,0,0,3,0,0,0,0,national
2025,LA,22017,Caddo,549300G8SAGXEDF5FK39,,14,3,5,0.09,14,0,0,0,0,3,0,0,0,0,national
2025,LA,22017,Caddo,549300J7I82PNDVU8H22,"OCMBC, INC.",4,3,1,0.09,4,0,0,0,0,3,0,0,0,0,national
2025,LA,22017,Caddo,549300KQHWNSVCE2MY88,,4,3,0,0.09,4,0,0,0,0,3,0,0,0,0,national
2025,LA,22017,Caddo,549300LP3GMTWS4OB353,,7,3,1,0.09,4,3,0,0,0,3,0,0,0,0,national
2025,LA,22017,Caddo,549300OPCWU6E72WUT29,"MUTUAL OF OMAHA MORTGAGE, INC.",19,3,8,0.09,2,13,4,0,0,0,2,1,0,0,national
2025,LA,22017,Caddo,549300RYTR2RVL4SFJ90,,3,3,0,0.09,3,0,0,0,0,3,0,0,0,0,national
2025,LA,22017,Caddo,549300Y5Y88FQLI7VE83,DEEPHAVEN MORTGAGE LLC,5,3,2,0.09,5,0,0,0,0,3,0,0,0,0,national
2025,LA,22017,Caddo,C398JSK21YCXWM603F55,"Barrington Bank & Trust Company, National Association",4,3,0,0.09,1,1,2,0,0,0,1,2,0,0,national
2025,LA,22017,Caddo,E57ODZWZ7FF32TWEFA76,"Citibank, National Association",6,3,0,0.09,6,0,0,0,0,3,0,0,0,0,national
2025,LA,22017,Caddo,NSGZD26XPW2CUM2JKU70,HANCOCK WHITNEY BANK,6,3,1,0.09,6,0,0,0,0,3,0,0,0,0,national
2025,LA,22017,Caddo,WWB2V0FCW3A0EE3ZJN75,Manufacturers and Traders Trust Company,4,3,0,0.09,1,0,3,0,0,1,0,2,0,0,national
2025,LA,22017,Caddo,254900GNK8YXIZQ6LW40,,2,2,0,0.06,1,1,0,0,0,1,1,0,0,0,national
2025,LA,22017,Caddo,254900RM3T6WAVE6SA24,,2,2,0,0.06,1,1,0,0,0,1,1,0,0,0,national
2025,LA,22017,Caddo,5493001GDRY0EL7VG372,"ARK-LA-TEX FINANCIAL SERVICES, LLC.",2,2,0,0.06,1,1,0,0,0,1,1,0,0,0,national
2025,LA,22017,Caddo,549300249G20MDIDRR27,,17,2,1,0.06,15,2,0,0,0,2,0,0,0,0,national
2025,LA,22017,Caddo,5493002RF1ERFA2XR050,Renasant Bank,2,2,0,0.06,2,0,0,0,0,2,0,0,0,0,national
2025,LA,22017,Caddo,54930030Z1JWTP3SVD16,,3,2,0,0.06,0,3,0,0,0,0,2,0,0,0,national
2025,LA,22017,Caddo,54930039IUN6515TBG78,,5,2,0,0.06,4,0,1,0,0,1,0,1,0,0,national
2025,LA,22017,Caddo,54930039UO39UJGI7078,TowneBank,4,2,0,0.06,1,3,0,0,0,1,1,0,0,0,national
2025,LA,22017,Caddo,5493005DKMV1IHIM8E20,"Wilmington Savings Fund Society, FSB",3,2,0,0.06,3,0,0,0,0,2,0,0,0,0,national
2025,LA,22017,Caddo,5493005QK4NV0ZZ5EM64,,4,2,0,0.06,3,1,0,0,0,2,0,0,0,0,national
2025,LA,22017,Caddo,549300684I276INJKK63,,2,2,0,0.06,2,0,0,0,0,2,0,0,0,0,national
2025,LA,22017,Caddo,5493006RIR31ORKYB608,,7,2,0,0.06,5,1,0,1,0,2,0,0,0,0,national
2025,LA,22017,Caddo,549300BLL6VL7AXWYP56,,3,2,0,0.06,2,0,1,0,0,1,0,1,0,0,national
2025,LA,22017,Caddo,549300KJ8PAJ7E52HG32,Plains Commerce Bank,5,2,1,0.06,1,2,2,0,0,0,2,0,0,0,national
2025,LA,22017,Caddo,549300PQLK8E48ILXV41,,3,2,1,0.06,2,1,0,0,0,2,0,0,0,0,national
2025,LA,22017,Caddo,549300QCYEU2QLIWN517,,4,2,0,0.06,3,1,0,0,0,2,0,0,0,0,national
2025,LA,22017,Caddo,549300QFP6J5QSZVF805,Eagle Bank and Trust Company,2,2,0,0.06,1,1,0,0,0,1,1,0,0,0,national
2025,LA,22017,Caddo,549300R0SXC1JU7ZU290,"FIRST COMMUNITY MORTGAGE, INC.",4,2,0,0.06,0,3,0,1,0,0,2,0,0,0,national
2025,LA,22017,Caddo,549300RA3E0BUFO7YZ21,"Hometown Equity Mortgage, LLC",3,2,1,0.06,3,0,0,0,0,2,0,0,0,0,national
2025,LA,22017,Caddo,549300REENMLD2RN3W58,"Magnolia Bank, Incorporated",4,2,0,0.06,0,0,4,0,0,0,0,2,0,0,national
2025,LA,22017,Caddo,549300RN01LBYR8ZVX74,"LOWER, LLC",8,2,4,0.06,1,2,5,0,0,0,1,1,0,0,national
2025,LA,22017,Caddo,549300SK2GVCQXPD4S58,"SUN WEST MORTGAGE COMPANY, INC.",10,2,1,0.06,2,7,1,0,0,0,2,0,0,0,national
2025,LA,22017,Caddo,549300XY701IELCE5Q08,BETTER MORTGAGE CORPORATION,11,2,7,0.06,8,3,0,0,0,0,2,0,0,0,national
2025,LA,22017,Caddo,549300YK8RG6J51VOI08,,2,2,0,0.06,2,0,0,0,0,2,0,0,0,0,national
2025,LA,22017,Caddo,549300YW2UBCMDRMBT48,,2,2,0,0.06,0,2,0,0,0,0,2,0,0,0,national
2025,LA,22017,Caddo,549300ZPJVCRRFETOG85,,6,2,1,0.06,1,2,0,3,0,0,1,0,1,0,national
2025,LA,22017,Caddo,549300ZPSJZO10ZAX556,"AMERICAN HERITAGE LENDING, LLC",5,2,1,0.06,5,0,0,0,0,2,0,0,0,0,national
2025,LA,22017,Caddo,984500CD6F0743B8F530,,3,2,1,0.06,0,0,3,0,0,0,0,2,0,0,national
2025,LA,22017,Caddo,PAOOWF3GUFM46FBSP561,,9,2,0,0.06,6,1,2,0,0,2,0,0,0,0,national
2025,LA,22017,Caddo,PINLJ7T7GLTF48NFP863,,2,2,0,0.06,2,0,0,0,0,2,0,0,0,0,national
2025,LA,22017,Caddo,SS1TRMSN6BRNMOREEV51,"Flagstar Bank, National Association",6,2,1,0.06,3,1,2,0,0,1,1,0,0,0,national
2025,LA,22017,Caddo,WKN6AF1FCL7BBYGTGI83,,2,2,0,0.06,2,0,0,0,0,2,0,0,0,0,national
2025,LA,22017,Caddo,ZXMJHJK466PBZTM5F379,,2,2,0,0.06,2,0,0,0,0,2,0,0,0,0,national
2025,LA,22017,Caddo,213800XR2TCBQJSF1X93,,5,1,0,0.03,5,0,0,0,0,1,0,0,0,0,national
2025,LA,22017,Caddo,25490018IFQOT83Q7H49,,1,1,0,0.03,0,1,0,0,0,0,1,0,0,0,national
2025,LA,22017,Caddo,254900CNZPI5WN45KW48,,1,1,0,0.03,1,0,0,0,0,1,0,0,0,0,national
2025,LA,22017,Caddo,254900IEGKUDRDS23V26,,1,1,0,0.03,1,0,0,0,0,1,0,0,0,0,national
2025,LA,22017,Caddo,254900M2C4Q6DATP2889,,4,1,2,0.03,0,2,2,0,0,0,0,1,0,0,national
2025,LA,22017,Caddo,254900ZFWS2106HWPH46,"PARAMOUNT RESIDENTIAL MORTGAGE GROUP, INC.",2,1,0,0.03,0,2,0,0,0,0,1,0,0,0,national
2025,LA,22017,Caddo,2WHM8VNJH63UN14OL754,The Huntington National Bank,1,1,0,0.03,1,0,0,0,0,1,0,0,0,0,national
2025,LA,22017,Caddo,549300121SF0K2LN2804,"PRIMELENDING, A PLAINSCAPITAL COMPANY",2,1,0,0.03,2,0,0,0,0,1,0,0,0,0,national
2025,LA,22017,Caddo,54930020YWIK7HGH2R34,,1,1,0,0.03,0,1,0,0,0,0,1,0,0,0,national
2025,LA,22017,Caddo,549300323EON4W3CCM44,"RESICENTRAL, LLC",2,1,0,0.03,2,0,0,0,0,1,0,0,0,0,national
2025,LA,22017,Caddo,5493003V40VGM7YDFM54,FIRST COLONY MORTGAGE CORPORATION,1,1,0,0.03,1,0,0,0,0,1,0,0,0,0,national
2025,LA,22017,Caddo,54930049L5WINET09Q97,"CLICK N' CLOSE, INC.",4,1,0,0.03,3,1,0,0,0,1,0,0,0,0,national
2025,LA,22017,Caddo,5493006P5IHSK77SZ855,,2,1,0,0.03,1,0,0,1,0,0,0,0,1,0,national
2025,LA,22017,Caddo,5493007L4GYNO2PUBS09,,1,1,0,0.03,1,0,0,0,0,1,0,0,0,0,national
2025,LA,22017,Caddo,54930080168VA6Z8UX21,TOWER Federal Credit Union,1,1,0,0.03,1,0,0,0,0,1,0,0,0,0,national
2025,LA,22017,Caddo,5493008R64K2UUN2NP30,,1,1,0,0.03,1,0,0,0,0,1,0,0,0,0,national
2025,LA,22017,Caddo,5493009F6BJDCZMZ7Y26,,2,1,0,0.03,1,0,0,1,0,0,0,0,1,0,national
2025,LA,22017,Caddo,549300AT7EB9FJAF0E61,Old National Bank,1,1,0,0.03,1,0,0,0,0,1,0,0,0,0,national
2025,LA,22017,Caddo,549300B4IYL7TZT8FA34,,1,1,0,0.03,1,0,0,0,0,1,0,0,0,0,national
2025,LA,22017,Caddo,549300BBKMRS6J0CB539,,1,1,0,0.03,0,1,0,0,0,0,1,0,0,0,national
2025,LA,22017,Caddo,549300BOXNV8VLRBDT24,,1,1,0,0.03,1,0,0,0,0,1,0,0,0,0,national
2025,LA,22017,Caddo,549300DDLYW49R2HCV81,EASTMAN CREDIT UNION,2,1,1,0.03,2,0,0,0,0,1,0,0,0,0,national
2025,LA,22017,Caddo,549300DMYENRV818D594,,4,1,1,0.03,2,2,0,0,0,1,0,0,0,0,national
2025,LA,22017,Caddo,549300EKFFG3BU8DNX74,NEXERA HOLDING LLC,1,1,0,0.03,1,0,0,0,0,1,0,0,0,0,national
2025,LA,22017,Caddo,549300GKFNPRWNS0GF29,"AmeriHome Mortgage Company, LLC",4,1,0,0.03,1,0,2,1,0,0,0,1,0,0,national
2025,LA,22017,Caddo,549300GKNMX0ZXKVPE54,,1,1,0,0.03,1,0,0,0,0,1,0,0,0,0,national
2025,LA,22017,Caddo,549300GTVXJ2PGXNLM73,T2 FINANCIAL LLC,1,1,0,0.03,1,0,0,0,0,1,0,0,0,0,national
2025,LA,22017,Caddo,549300GWD9H4FQ2VR805,,1,1,0,0.03,1,0,0,0,0,1,0,0,0,0,national
2025,LA,22017,Caddo,549300GY4NTTEM7WWB64,,2,1,0,0.03,1,0,1,0,0,1,0,0,0,0,national
2025,LA,22017,Caddo,549300HGDJQ37M5BE268,,2,1,0,0.03,2,0,0,0,0,1,0,0,0,0,national
2025,LA,22017,Caddo,549300HTMO7FGRKRLV06,"CLIFFCO, INC.",1,1,0,0.03,1,0,0,0,0,1,0,0,0,0,national
2025,LA,22017,Caddo,549300INFJ8TYNZ1G568,,1,1,0,0.03,1,0,0,0,0,1,0,0,0,0,national
2025,LA,22017,Caddo,549300ISCZS1R0CJMO47,,1,1,0,0.03,1,0,0,0,0,1,0,0,0,0,national
2025,LA,22017,Caddo,549300JQEF6V2RNWCC75,,1,1,0,0.03,1,0,0,0,0,1,0,0,0,0,national
2025,LA,22017,Caddo,549300LLESTPOVRG3X73,,1,1,0,0.03,1,0,0,0,0,1,0,0,0,0,national
2025,LA,22017,Caddo,549300LROQOOQU77WS20,,2,1,0,0.03,2,0,0,0,0,1,0,0,0,0,national
2025,LA,22017,Caddo,549300M03EN3OQEDU087,,2,1,1,0.03,2,0,0,0,0,1,0,0,0,0,national
2025,LA,22017,Caddo,549300MCIFZSDHUT8X63,"NFM, INC.",2,1,0,0.03,2,0,0,0,0,1,0,0,0,0,national
2025,LA,22017,Caddo,549300MHH03ICJYEPE85,,1,1,0,0.03,0,1,0,0,0,0,1,0,0,0,national
2025,LA,22017,Caddo,549300O1FOCD65WZ9873,,1,1,0,0.03,1,0,0,0,0,1,0,0,0,0,national
2025,LA,22017,Caddo,549300O6Z0I6KYMESL47,AMWEST FUNDING CORP.,1,1,0,0.03,1,0,0,0,0,1,0,0,0,0,national
2025,LA,22017,Caddo,549300OJTK0IPSNDA832,,2,1,0,0.03,1,1,0,0,0,1,0,0,0,0,national
2025,LA,22017,Caddo,549300PXIFIEPL7D7R86,,1,1,0,0.03,0,0,1,0,0,0,0,1,0,0,national
2025,LA,22017,Caddo,549300Q3ROEQU3D1IW91,,23,1,21,0.03,23,0,0,0,0,1,0,0,0,0,national
2025,LA,22017,Caddo,549300Q4JBLTKDC7J303,,1,1,0,0.03,1,0,0,0,0,1,0,0,0,0,national
2025,LA,22017,Caddo,549300QKL5FUBZ8LSF50,"NATIONS DIRECT MORTGAGE, LLC",7,1,3,0.03,1,4,2,0,0,0,0,1,0,0,national
2025,LA,22017,Caddo,549300R77W0P105C3S50,HOMEXPRESS MORTGAGE CORP.,3,1,2,0.03,3,0,0,0,0,1,0,0,0,0,national
2025,LA,22017,Caddo,549300RO0FORROX83086,,1,1,0,0.03,1,0,0,0,0,1,0,0,0,0,national
2025,LA,22017,Caddo,549300S0KM4FY7WGCT56,,2,1,0,0.03,2,0,0,0,0,1,0,0,0,0,national
2025,LA,22017,Caddo,549300S5YL3OH0IVCS62,FINANCE OF AMERICA REVERSE LLC,4,1,1,0.03,0,4,0,0,0,0,1,0,0,0,national
2025,LA,22017,Caddo,549300SFG15JDKI5MD22,,1,1,0,0.03,1,0,0,0,0,1,0,0,0,0,national
2025,LA,22017,Caddo,549300UV5JQXLGVWIP44,,2,1,0,0.03,2,0,0,0,0,1,0,0,0,0,national
2025,LA,22017,Caddo,549300V1ZDKDQXFW3339,,2,1,0,0.03,2,0,0,0,0,1,0,0,0,0,national
2025,LA,22017,Caddo,549300VVH8HHFMWL8536,,2,1,0,0.03,2,0,0,0,0,1,0,0,0,0,national
2025,LA,22017,Caddo,549300WRDGBHKR1BXL98,,3,1,1,0.03,2,1,0,0,0,1,0,0,0,0,national
2025,LA,22017,Caddo,549300XCVBRR56D08F03,,6,1,0,0.03,4,2,0,0,0,0,1,0,0,0,national
2025,LA,22017,Caddo,549300XWUSRVVOHPRY47,Academy Mortgage Corporation,4,1,1,0.03,0,4,0,0,0,0,1,0,0,0,national
2025,LA,22017,Caddo,549300YD7XJM19TH5O82,CITIZENS EQUITY FIRST CREDIT UNION,1,1,0,0.03,1,0,0,0,0,1,0,0,0,0,national
2025,LA,22017,Caddo,549300YPBBHUEKV1YC68,,1,1,0,0.03,0,1,0,0,0,0,1,0,0,0,national
2025,LA,22017,Caddo,549300Z78KW88BIQNR50,First American Bank and Trust,1,1,0,0.03,1,0,0,0,0,1,0,0,0,0,national
2025,LA,22017,Caddo,549300ZWNETGFXTBBY03,"CANOPY MORTGAGE, LLC",3,1,0,0.03,3,0,0,0,0,1,0,0,0,0,national
2025,LA,22017,Caddo,8I3UVGYULPJQIP7FQV10,"SouthState Bank, National Association",1,1,0,0.03,1,0,0,0,0,1,0,0,0,0,national
2025,LA,22017,Caddo,984500U2F9A83N391A91,"CHAMPIONS FUNDING, LLC",1,1,0,0.03,1,0,0,0,0,1,0,0,0,0,national
2025,LA,22017,Caddo,DRMSV1Q0EKMEXLAU1P80,"Citizens Bank, National Association",2,1,1,0.03,2,0,0,0,0,1,0,0,0,0,national
2025,LA,22017,Caddo,FU7RSW4CQQY98A2O7J66,"BOKF, National Association",1,1,0,0.03,1,0,0,0,0,1,0,0,0,0,national
2025,LA,22017,Caddo,Q708HHR4LD2B7XIZNO92,First Federal Bank,1,1,0,0.03,1,0,0,0,0,1,0,0,0,0,national
2025,LA,22017,Caddo,549300370QILXLFUWD20,"ZILLOW HOME LOANS, LLC",6,0,0,0.0,3,3,0,0,0,0,0,0,0,0,national
2025,LA,22017,Caddo,5493007L3DI2JM8OHN91,,11,0,4,0.0,8,2,1,0,0,0,0,0,0,0,national
2025,LA,22017,Caddo,5493009XSE00M8B9R434,,5,0,4,0.0,3,2,0,0,0,0,0,0,0,0,national
2025,LA,22017,Caddo,549300FFVDRROF85IC57,,37,0,29,0.0,37,0,0,0,0,0,0,0,0,0,national
2025,LA,22017,Caddo,549300HTRLFU2IIL4380,,13,0,7,0.0,13,0,0,0,0,0,0,0,0,0,national
2025,LA,22017,Caddo,549300PL267CW8182203,,6,0,2,0.0,0,0,6,0,0,0,0,0,0,0,national
2025,LA,22019,Calcasieu,549300HW662MN1WU8550,"United Wholesale Mortgage, LLC",248,187,27,6.62,100,106,36,6,0,82,76,25,4,0,national
2025,LA,22019,Calcasieu,549300FGXN1K3HLB1R50,"Rocket Mortgage, LLC",268,161,79,5.7,187,69,12,0,0,116,35,10,0,0,national
2025,LA,22019,Calcasieu,549300LE3ZOZXUS7W648,FIDELITY BANK,210,157,3,5.56,123,73,10,4,0,87,59,8,3,0,national
2025,LA,22019,Calcasieu,549300O1FOCD65WZ9873,,135,110,14,3.89,130,5,0,0,0,106,4,0,0,0,national
2025,LA,22019,Calcasieu,549300RN01LBYR8ZVX74,"LOWER, LLC",135,98,9,3.47,61,48,15,11,0,45,35,9,9,0,national
2025,LA,22019,Calcasieu,5493005HN78XQ5US3306,,175,91,40,3.22,160,13,1,1,0,91,0,0,0,0,national
2025,LA,22019,Calcasieu,5493001F7QT2YW3K8D98,"DSLD MORTGAGE, LLC",107,84,5,2.97,32,55,11,9,0,26,40,10,8,0,national
2025,LA,22019,Calcasieu,5493001SXWZ4OFP8Z903,"DHI MORTGAGE COMPANY, LTD.",142,74,34,2.62,30,93,16,3,0,18,47,8,1,0,national
2025,LA,22019,Calcasieu,7H6GLXDRUGQFU57RNE97,"JPMorgan Chase Bank, National Association",106,74,10,2.62,100,6,0,0,0,69,5,0,0,0,national
2025,LA,22019,Calcasieu,549300MCPCNPQAOB4032,GMFS LLC,101,70,2,2.48,59,25,10,7,0,40,20,6,4,0,national
2025,LA,22019,Calcasieu,549300RO0FORROX83086,,112,68,24,2.41,112,0,0,0,0,68,0,0,0,0,national
2025,LA,22019,Calcasieu,549300XQVJ1XBNFA5536,21ST MORTGAGE CORPORATION,289,67,130,2.37,289,0,0,0,0,67,0,0,0,0,national
2025,LA,22019,Calcasieu,549300DE8TS4EYTPX729,"AFFORDABLE MORTGAGE ADVISORS, LLC",107,66,1,2.34,25,66,8,8,0,17,37,7,5,0,national
2025,LA,22019,Calcasieu,549300LYRWPSYPK6S325,FREEDOM MORTGAGE CORPORATION,135,66,16,2.34,11,74,50,0,0,7,37,22,0,0,national
2025,LA,22019,Calcasieu,COOWI3L2W9TPYR3WJX37,First Horizon Bank,137,66,47,2.34,118,10,4,5,0,55,7,2,2,0,national
2025,LA,22019,Calcasieu,54930021WPEXNHYZUL09,"PLANET HOME LENDING, LLC",75,61,12,2.16,25,41,3,6,0,21,32,3,5,0,national
2025,LA,22019,Calcasieu,549300FNXYY540N23N64,Newrez LLC,122,59,12,2.09,62,43,17,0,0,29,21,9,0,0,national
2025,LA,22019,Calcasieu,549300AQ3T62GXDU7D76,GUILD MORTGAGE COMPANY LLC,75,57,2,2.02,34,30,4,7,0,25,24,2,6,0,national
2025,LA,22019,Calcasieu,54930045J8O98TUGTW86,b1BANK,73,53,6,1.88,73,0,0,0,0,53,0,0,0,0,national
2025,LA,22019,Calcasieu,549300JFKW9425KOPI17,,67,53,13,1.88,67,0,0,0,0,53,0,0,0,0,national
2025,LA,22019,Calcasieu,Q7C315HKI8VX0SSKBS64,Cadence Bank,73,53,9,1.88,70,2,1,0,0,53,0,0,0,0,national
2025,LA,22019,Calcasieu,254900R51FSMCPO6HB07,The Evangeline Bank & Trust Company,58,51,2,1.8,58,0,0,0,0,51,0,0,0,0,national
2025,LA,22019,Calcasieu,549300DD5QQUHO6PCH70,"MORTGAGE RESEARCH CENTER, LLC",117,49,29,1.73,11,1,105,0,0,2,1,46,0,0,national
2025,LA,22019,Calcasieu,549300RPOGWJRH63HS39,UNION HOME MORTGAGE CORP.,60,46,3,1.63,46,13,0,1,0,39,6,0,1,0,national
2025,LA,22019,Calcasieu,5493002B2WMHY23GFK92,"AMERICAN FINANCIAL RESOURCES, INC.",52,44,1,1.56,13,27,4,8,0,12,22,3,7,0,national
2025,LA,22019,Calcasieu,5493006QG55R8V712J33,Red River Bank,57,42,7,1.49,43,10,1,3,0,33,6,1,2,0,national
2025,LA,22019,Calcasieu,549300GTVXJ2PGXNLM73,T2 FINANCIAL LLC,62,42,4,1.49,22,30,7,3,0,12,22,5,3,0,national
2025,LA,22019,Calcasieu,NSGZD26XPW2CUM2JKU70,HANCOCK WHITNEY BANK,53,36,10,1.27,45,5,2,1,0,31,2,2,1,0,national
2025,LA,22019,Calcasieu,5493003GQDUH26DNNH17,Navy Federal Credit Union,63,30,10,1.06,44,0,19,0,0,22,0,8,0,0,national
2025,LA,22019,Calcasieu,549300KHXD7JSQUZIJ22,,47,30,0,1.06,16,25,1,5,0,8,19,0,3,0,national
2025,LA,22019,Calcasieu,549300NG6J01HLGSZW49,,36,30,6,1.06,36,0,0,0,0,30,0,0,0,0,national
2025,LA,22019,Calcasieu,RVDPPPGHCGZ40J4VQ731,"PENNYMAC LOAN SERVICES, LLC",79,29,11,1.03,20,39,19,1,0,10,14,5,0,0,national
2025,LA,22019,Calcasieu,254900DTLHVWQ7NP7R34,"CMG Mortgage, Inc.",32,27,3,0.96,30,1,1,0,0,26,0,1,0,0,national
2025,LA,22019,Calcasieu,549300DB8DXY0GE82T18,,41,27,3,0.96,40,0,1,0,0,27,0,0,0,0,national
2025,LA,22019,Calcasieu,549300B95782G2DYRD47,,36,21,10,0.74,36,0,0,0,0,21,0,0,0,0,national
2025,LA,22019,Calcasieu,549300AG64NHILB7ZP05,"LOANDEPOT.COM, LLC",61,20,23,0.71,29,29,3,0,0,8,9,3,0,0,national
2025,LA,22019,Calcasieu,5493000YNV8IX4VD3X12,"VANDERBILT MORTGAGE AND FINANCE, INC.",159,19,64,0.67,159,0,0,0,0,19,0,0,0,0,national
2025,LA,22019,Calcasieu,549300Q2Y7B8UEC43S54,,20,19,1,0.67,20,0,0,0,0,19,0,0,0,0,national
2025,LA,22019,Calcasieu,549300LBCBNR1OT00651,NATIONSTAR MORTGAGE LLC,29,18,7,0.64,20,7,2,0,0,13,4,1,0,0,national
2025,LA,22019,Calcasieu,549300CB67L6KPJLHE19,"TRIAD FINANCIAL SERVICES, INC.",125,17,67,0.6,125,0,0,0,0,17,0,0,0,0,national
2025,LA,22019,Calcasieu,549300M4E3MK3F5GQW40,,19,17,0,0.6,19,0,0,0,0,17,0,0,0,0,national
2025,LA,22019,Calcasieu,254900GNK8YXIZQ6LW40,,14,14,0,0.5,14,0,0,0,0,14,0,0,0,0,national
2025,LA,22019,Calcasieu,549300K4ZLGS7SRDTL86,Equity Prime Mortgage LLC,32,14,0,0.5,2,12,8,10,0,0,5,3,6,0,national
2025,LA,22019,Calcasieu,549300WRDGBHKR1BXL98,,16,12,1,0.42,16,0,0,0,0,12,0,0,0,0,national
2025,LA,22019,Calcasieu,2549004FXPNKCLIN8250,"Synergy One Lending, Inc.",20,10,2,0.35,11,6,0,3,0,5,3,0,2,0,national
2025,LA,22019,Calcasieu,25490058TX0QV62WQ461,,15,10,2,0.35,15,0,0,0,0,10,0,0,0,0,national
2025,LA,22019,Calcasieu,254900WEP08K7U7S3A80,,17,9,2,0.32,5,6,4,2,0,3,3,1,2,0,national
2025,LA,22019,Calcasieu,549300E2UX99HKDBR481,"NEW AMERICAN FUNDING, LLC",42,9,3,0.32,9,27,6,0,0,5,3,1,0,0,national
2025,LA,22019,Calcasieu,549300KIOYNU323LVJ37,AMERICAN PACIFIC MORTGAGE CORPORATION,11,9,1,0.32,3,7,0,1,0,3,6,0,0,0,national
2025,LA,22019,Calcasieu,5493001GCBD5XGNIC815,Coastal Community Bank,41,8,3,0.28,41,0,0,0,0,8,0,0,0,0,national
2025,LA,22019,Calcasieu,5493008ZTV4S0W9DCX64,,19,8,7,0.28,8,11,0,0,0,4,4,0,0,0,national
2025,LA,22019,Calcasieu,549300YIQ7S7Z8PIHE53,AMERISAVE MORTGAGE CORPORATION,55,8,41,0.28,30,23,2,0,0,6,2,0,0,0,national
2025,LA,22019,Calcasieu,C5654JQHZUHN0772B561,USAA Federal Savings Bank,20,8,5,0.28,15,0,5,0,0,5,0,3,0,0,national
2025,LA,22019,Calcasieu,254900UL88QFG0E40516,FIGURE LENDING LLC,24,7,11,0.25,24,0,0,0,0,7,0,0,0,0,national
2025,LA,22019,Calcasieu,549300NOCASXPA34X033,"LAKEVIEW LOAN SERVICING, LLC",21,7,9,0.25,6,11,4,0,0,3,3,1,0,0,national
2025,LA,22019,Calcasieu,549300SUCQ1358EGVE89,"NEW DAY FINANCIAL, LLC",38,7,7,0.25,0,4,34,0,0,0,0,7,0,0,national
2025,LA,22019,Calcasieu,549300VCMRO4ST680C11,VILLAGE CAPITAL & INVESTMENT LLC,26,7,5,0.25,0,7,19,0,0,0,2,5,0,0,national
2025,LA,22019,Calcasieu,549300ZZME37MXI1EF14,"DAS ACQUISITION COMPANY, LLC",9,7,0,0.25,3,6,0,0,0,2,5,0,0,0,national
2025,LA,22019,Calcasieu,549300370QILXLFUWD20,"ZILLOW HOME LOANS, LLC",9,6,2,0.21,5,3,1,0,0,4,2,0,0,0,national
2025,LA,22019,Calcasieu,5493009F6BJDCZMZ7Y26,,11,6,1,0.21,5,2,0,4,0,2,0,0,4,0,national
2025,LA,22019,Calcasieu,549300DG3IV05V4C4E03,EUSTIS MORTGAGE CORPORATION,6,6,0,0.21,0,4,1,1,0,0,4,1,1,0,national
2025,LA,22019,Calcasieu,549300OPCWU6E72WUT29,"MUTUAL OF OMAHA MORTGAGE, INC.",14,6,3,0.21,2,12,0,0,0,0,6,0,0,0,national
2025,LA,22019,Calcasieu,549300PBTV7FCWLSMM53,,13,6,2,0.21,1,2,10,0,0,1,1,4,0,0,national
2025,LA,22019,Calcasieu,549300PIL8LFAQ04XC20,Better Mortgage Corporation,19,6,12,0.21,19,0,0,0,0,6,0,0,0,0,national
2025,LA,22019,Calcasieu,549300R9S3MVDV4MGF56,"CARRINGTON MORTGAGE SERVICES, LLC",30,6,17,0.21,18,11,1,0,0,4,2,0,0,0,national
2025,LA,22019,Calcasieu,549300VZVN841I2ILS84,"CROSSCOUNTRY MORTGAGE, LLC",14,6,0,0.21,4,9,1,0,0,3,2,1,0,0,national
2025,LA,22019,Calcasieu,B4TYDEB6GKMZO031MB27,"Bank of America, National Association",22,6,11,0.21,21,1,0,0,0,5,1,0,0,0,national
2025,LA,22019,Calcasieu,5493007CXTOHZ2JBEJ61,"THE MORTGAGE FIRM, INC.",5,5,0,0.18,2,3,0,0,0,2,3,0,0,0,national
2025,LA,22019,Calcasieu,549300PQLK8E48ILXV41,,8,5,1,0.18,8,0,0,0,0,5,0,0,0,0,national
2025,LA,22019,Calcasieu,254900HA4DQWAE0W3342,"AMERIHOME MORTGAGE COMPANY, LLC",11,4,1,0.14,0,9,2,0,0,0,3,1,0,0,national
2025,LA,22019,Calcasieu,254900ZX1UPIG2E7TH11,"ASSURANCE FINANCIAL GROUP, L.L.C.",7,4,0,0.14,0,3,1,3,0,0,3,1,0,0,national
2025,LA,22019,Calcasieu,549300121SF0K2LN2804,"PRIMELENDING, A PLAINSCAPITAL COMPANY",5,4,1,0.14,5,0,0,0,0,4,0,0,0,0,national
2025,LA,22019,Calcasieu,549300249G20MDIDRR27,,14,4,2,0.14,13,1,0,0,0,4,0,0,0,0,national
2025,LA,22019,Calcasieu,549300A5HHOL2ED18C72,,7,4,1,0.14,7,0,0,0,0,4,0,0,0,0,national
2025,LA,22019,Calcasieu,549300ALNLUNS3Y53T24,AMERICAN FINANCING CORPORATION,11,4,7,0.14,2,7,2,0,0,1,2,1,0,0,national
2025,LA,22019,Calcasieu,549300FX7K8PTEQUU487,PENTAGON FEDERAL CREDIT UNION,10,4,4,0.14,10,0,0,0,0,4,0,0,0,0,national
2025,LA,22019,Calcasieu,549300MVSM4XYFQL3X62,BARKSDALE,7,4,1,0.14,7,0,0,0,0,4,0,0,0,0,national
2025,LA,22019,Calcasieu,549300MZ8VZJOVC63092,"KIND LENDING, LLC",6,4,1,0.14,1,3,2,0,0,1,1,2,0,0,national
2025,LA,22019,Calcasieu,549300Y5Y88FQLI7VE83,DEEPHAVEN MORTGAGE LLC,6,4,2,0.14,6,0,0,0,0,4,0,0,0,0,national
2025,LA,22019,Calcasieu,6BYL5QZYBDK8S7L73M02,U.S. Bank National Association,14,4,6,0.14,14,0,0,0,0,4,0,0,0,0,national
2025,LA,22019,Calcasieu,EQTWLK1G7ODGC2MGLV11,Regions Bank,18,4,11,0.14,18,0,0,0,0,4,0,0,0,0,national
2025,LA,22019,Calcasieu,X05BVSK68TQ7YTOSNR22,Discover Bank,25,4,15,0.14,25,0,0,0,0,4,0,0,0,0,national
2025,LA,22019,Calcasieu,25490066WMF8ZMQXQB18,"Lendage, LLC",5,3,1,0.11,5,0,0,0,0,3,0,0,0,0,national
2025,LA,22019,Calcasieu,5493001WHVQBGRSWEU75,"HOMEBRIDGE FINANCIAL SERVICES, INC.",5,3,0,0.11,5,0,0,0,0,3,0,0,0,0,national
2025,LA,22019,Calcasieu,54930030Z1JWTP3SVD16,,9,3,1,0.11,2,7,0,0,0,0,3,0,0,0,national
2025,LA,22019,Calcasieu,5493005PD34O8ZT7QT17,,4,3,0,0.11,4,0,0,0,0,3,0,0,0,0,national
2025,LA,22019,Calcasieu,5493006RIR31ORKYB608,,3,3,0,0.11,3,0,0,0,0,3,0,0,0,0,national
2025,LA,22019,Calcasieu,54930091JQKCU3Z6IP44,,17,3,4,0.11,17,0,0,0,0,3,0,0,0,0,national
2025,LA,22019,Calcasieu,549300PJ2WT35S77Q208,,5,3,0,0.11,0,3,0,2,0,0,2,0,1,0,national
2025,LA,22019,Calcasieu,549300PL267CW8182203,,7,3,0,0.11,3,1,3,0,0,1,0,2,0,0,national
2025,LA,22019,Calcasieu,549300VVH8HHFMWL8536,,3,3,0,0.11,3,0,0,0,0,3,0,0,0,0,national
2025,LA,22019,Calcasieu,549300XED7IBK9VVQH70,"PIKE CREEK MORTGAGE SERVICES, INC.",6,3,1,0.11,5,1,0,0,0,2,1,0,0,0,national
2025,LA,22019,Calcasieu,984500U2F9A83N391A91,"CHAMPIONS FUNDING, LLC",4,3,1,0.11,4,0,0,0,0,3,0,0,0,0,national
2025,LA,22019,Calcasieu,C398JSK21YCXWM603F55,"Barrington Bank & Trust Company, National Association",6,3,1,0.11,0,0,6,0,0,0,0,3,0,0,national
2025,LA,22019,Calcasieu,KB1H1DSPRFMYMCUFXT09,"Wells Fargo Bank, National Association",7,3,1,0.11,7,0,0,0,0,3,0,0,0,0,national
2025,LA,22019,Calcasieu,254900M2C4Q6DATP2889,,6,2,2,0.07,0,0,6,0,0,0,0,2,0,0,national
2025,LA,22019,Calcasieu,254900RM3T6WAVE6SA24,,2,2,0,0.07,2,0,0,0,0,2,0,0,0,0,national
2025,LA,22019,Calcasieu,254900RUCO27MVGTO768,LOAN FUNDER LLC,4,2,1,0.07,4,0,0,0,0,2,0,0,0,0,national
2025,LA,22019,Calcasieu,5493002RF1ERFA2XR050,Renasant Bank,2,2,0,0.07,2,0,0,0,0,2,0,0,0,0,national
2025,LA,22019,Calcasieu,54930034MNPILHP25H80,Gateway First Bank,2,2,0,0.07,2,0,0,0,0,2,0,0,0,0,national
2025,LA,22019,Calcasieu,54930049L5WINET09Q97,"CLICK N' CLOSE, INC.",2,2,0,0.07,0,2,0,0,0,0,2,0,0,0,national
2025,LA,22019,Calcasieu,5493005JPZ3LXXMB0S24,"Carrington Mortgage Services, LLC",2,2,0,0.07,1,1,0,0,0,1,1,0,0,0,national
2025,LA,22019,Calcasieu,5493005XMJQ1GSXUGT67,,2,2,0,0.07,0,2,0,0,0,0,2,0,0,0,national
2025,LA,22019,Calcasieu,5493006VAGP3GQ8FJT49,"Kiavi Funding, Inc.",3,2,0,0.07,3,0,0,0,0,2,0,0,0,0,national
2025,LA,22019,Calcasieu,5493008NWHQT1R22C024,"AMERICAN FINANCIAL NETWORK, INC.",4,2,0,0.07,2,1,1,0,0,1,1,0,0,0,national
2025,LA,22019,Calcasieu,549300BX448ALT10FI43,The Federal Savings Bank,5,2,2,0.07,0,0,5,0,0,0,0,2,0,0,national
2025,LA,22019,Calcasieu,549300C8GOC4OYUV0Z32,,3,2,0,0.07,3,0,0,0,0,2,0,0,0,0,national
2025,LA,22019,Calcasieu,549300FFVDRROF85IC57,,27,2,21,0.07,27,0,0,0,0,2,0,0,0,0,national
2025,LA,22019,Calcasieu,549300G5DVGM0ZHRQC33,,4,2,1,0.07,0,0,4,0,0,0,0,2,0,0,national
2025,LA,22019,Calcasieu,549300GKFNPRWNS0GF29,"AmeriHome Mortgage Company, LLC",3,2,1,0.07,2,1,0,0,0,1,1,0,0,0,national
2025,LA,22019,Calcasieu,549300GS0W0TEUQS8571,"Morgan Stanley Private Bank, National Association",2,2,0,0.07,2,0,0,0,0,2,0,0,0,0,national
2025,LA,22019,Calcasieu,549300ISCZS1R0CJMO47,,2,2,0,0.07,1,1,0,0,0,1,1,0,0,0,national
2025,LA,22019,Calcasieu,549300JYXTZDSPJEPI44,"PLAZA HOME MORTGAGE, INC.",6,2,4,0.07,3,3,0,0,0,1,1,0,0,0,national
2025,LA,22019,Calcasieu,549300LROQOOQU77WS20,,2,2,0,0.07,2,0,0,0,0,2,0,0,0,0,national
2025,LA,22019,Calcasieu,549300MGPZBLQDIL7538,FAIRWAY INDEPENDENT MORTGAGE CORPORATION,3,2,0,0.07,2,1,0,0,0,1,1,0,0,0,national
2025,LA,22019,Calcasieu,549300O6Z0I6KYMESL47,AMWEST FUNDING CORP.,5,2,1,0.07,5,0,0,0,0,2,0,0,0,0,national
2025,LA,22019,Calcasieu,549300R0SXC1JU7ZU290,"FIRST COMMUNITY MORTGAGE, INC.",2,2,0,0.07,1,1,0,0,0,1,1,0,0,0,national
2025,LA,22019,Calcasieu,549300R7HGHP2I754087,TOWNE MORTGAGE COMPANY,2,2,0,0.07,1,0,0,1,0,1,0,0,1,0,national
2025,LA,22019,Calcasieu,549300S5YL3OH0IVCS62,FINANCE OF AMERICA REVERSE LLC,3,2,0,0.07,0,3,0,0,0,0,2,0,0,0,national
2025,LA,22019,Calcasieu,549300TA4MQM8WN2XG31,,3,2,0,0.07,3,0,0,0,0,2,0,0,0,0,national
2025,LA,22019,Calcasieu,549300XY701IELCE5Q08,BETTER MORTGAGE CORPORATION,12,2,4,0.07,11,1,0,0,0,1,1,0,0,0,national
2025,LA,22019,Calcasieu,549300ZWNETGFXTBBY03,"CANOPY MORTGAGE, LLC",5,2,0,0.07,3,1,0,1,0,1,1,0,0,0,national
2025,LA,22019,Calcasieu,E57ODZWZ7FF32TWEFA76,"Citibank, National Association",3,2,1,0.07,3,0,0,0,0,2,0,0,0,0,national
2025,LA,22019,Calcasieu,2549005Z23HAAZ6QDM98,,2,1,0,0.04,2,0,0,0,0,1,0,0,0,0,national
2025,LA,22019,Calcasieu,2549007AU24FVDMNUB40,,1,1,0,0.04,1,0,0,0,0,1,0,0,0,0,national
2025,LA,22019,Calcasieu,254900E6AIE4Z8YQM970,Citadel Servicing Corporation,3,1,0,0.04,3,0,0,0,0,1,0,0,0,0,national
2025,LA,22019,Calcasieu,254900U1OBL1MC6M6518,,1,1,0,0.04,0,1,0,0,0,0,1,0,0,0,national
2025,LA,22019,Calcasieu,254900U5VN6O84EWQL12,,2,1,0,0.04,2,0,0,0,0,1,0,0,0,0,national
2025,LA,22019,Calcasieu,254900WTZC5SSKIN2M11,,1,1,0,0.04,1,0,0,0,0,1,0,0,0,0,national
2025,LA,22019,Calcasieu,254900ZFWS2106HWPH46,"PARAMOUNT RESIDENTIAL MORTGAGE GROUP, INC.",1,1,0,0.04,0,1,0,0,0,0,1,0,0,0,national
2025,LA,22019,Calcasieu,54930001NSTOD85LT125,"GUARANTEED RATE AFFINITY, LLC",1,1,0,0.04,0,0,1,0,0,0,0,1,0,0,national
2025,LA,22019,Calcasieu,5493000D7DINI9PZN749,,1,1,0,0.04,0,0,1,0,0,0,0,1,0,0,national
2025,LA,22019,Calcasieu,5493000IIYWBLONJVJ30,,1,1,0,0.04,1,0,0,0,0,1,0,0,0,0,national
2025,LA,22019,Calcasieu,5493001X0T84TYRJ5Y59,,1,1,0,0.04,1,0,0,0,0,1,0,0,0,0,national
2025,LA,22019,Calcasieu,54930020YWIK7HGH2R34,,1,1,0,0.04,0,0,1,0,0,0,0,1,0,0,national
2025,LA,22019,Calcasieu,5493002F9OWLKRICTY67,STANDARD MORTGAGE CORPORATION,1,1,0,0.04,1,0,0,0,0,1,0,0,0,0,national
2025,LA,22019,Calcasieu,549300323EON4W3CCM44,"RESICENTRAL, LLC",1,1,0,0.04,1,0,0,0,0,1,0,0,0,0,national
2025,LA,22019,Calcasieu,5493003BXKRGHQHRJV38,,1,1,0,0.04,1,0,0,0,0,1,0,0,0,0,national
2025,LA,22019,Calcasieu,54930052M48FOD3CWA54,"PRIMARY RESIDENTIAL MORTGAGE, INC.",1,1,0,0.04,0,0,1,0,0,0,0,1,0,0,national
2025,LA,22019,Calcasieu,5493007CLWQN2S6IZK91,,2,1,0,0.04,0,0,2,0,0,0,0,1,0,0,national
2025,LA,22019,Calcasieu,5493007VW2EU20PZYU97,INSPIRE HOME LOANS INC.,1,1,0,0.04,1,0,0,0,0,1,0,0,0,0,national
2025,LA,22019,Calcasieu,54930082VCNY40XPOB62,,1,1,0,0.04,1,0,0,0,0,1,0,0,0,0,national
2025,LA,22019,Calcasieu,5493009I5VHHGVFQ1O54,,1,1,0,0.04,1,0,0,0,0,1,0,0,0,0,national
2025,LA,22019,Calcasieu,5493009XSE00M8B9R434,,3,1,2,0.04,3,0,0,0,0,1,0,0,0,0,national
2025,LA,22019,Calcasieu,549300AT7EB9FJAF0E61,Old National Bank,1,1,0,0.04,1,0,0,0,0,1,0,0,0,0,national
2025,LA,22019,Calcasieu,549300BOXNV8VLRBDT24,,1,1,0,0.04,1,0,0,0,0,1,0,0,0,0,national
2025,LA,22019,Calcasieu,549300CPKDUJKREQRG38,,1,1,0,0.04,1,0,0,0,0,1,0,0,0,0,national
2025,LA,22019,Calcasieu,549300CY7WNAHKHYSJ73,,1,1,0,0.04,0,0,1,0,0,0,0,1,0,0,national
2025,LA,22019,Calcasieu,549300DD4R4SYK5RAQ92,"MOVEMENT MORTGAGE, LLC",1,1,0,0.04,0,1,0,0,0,0,1,0,0,0,national
2025,LA,22019,Calcasieu,549300EFCZM6KD6B8K69,MORTGAGE ACCESS CORP.,1,1,0,0.04,1,0,0,0,0,1,0,0,0,0,national
2025,LA,22019,Calcasieu,549300EMNDEK4BA8WB53,EMM LOANS LLC,1,1,0,0.04,1,0,0,0,0,1,0,0,0,0,national
2025,LA,22019,Calcasieu,549300F8C5JA44WNMI75,AMERICAN NEIGHBORHOOD MORTGAGE ACCEPTANCE COMPANY LLC,2,1,0,0.04,0,2,0,0,0,0,1,0,0,0,national
2025,LA,22019,Calcasieu,549300FJ9SHI3GDB7327,,2,1,0,0.04,2,0,0,0,0,1,0,0,0,0,national
2025,LA,22019,Calcasieu,549300HVW3AI97UKTO72,Wings Financial Credit Union,1,1,0,0.04,1,0,0,0,0,1,0,0,0,0,national
2025,LA,22019,Calcasieu,549300IB375I8TZ2FA87,,1,1,0,0.04,1,0,0,0,0,1,0,0,0,0,national
2025,LA,22019,Calcasieu,549300IVURCTJ6QVMD67,,2,1,0,0.04,2,0,0,0,0,1,0,0,0,0,national
2025,LA,22019,Calcasieu,549300KJ8PAJ7E52HG32,Plains Commerce Bank,3,1,0,0.04,0,3,0,0,0,0,1,0,0,0,national
2025,LA,22019,Calcasieu,549300KNRT5UGNCSXM31,,1,1,0,0.04,1,0,0,0,0,1,0,0,0,0,national
2025,LA,22019,Calcasieu,549300KQHWNSVCE2MY88,,1,1,0,0.04,1,0,0,0,0,1,0,0,0,0,national
2025,LA,22019,Calcasieu,549300KSOOZZVXCMA627,ANGEL OAK MORTGAGE SOLUTIONS LLC,2,1,1,0.04,2,0,0,0,0,1,0,0,0,0,national
2025,LA,22019,Calcasieu,549300KW705BBINDIZ26,,1,1,0,0.04,1,0,0,0,0,1,0,0,0,0,national
2025,LA,22019,Calcasieu,549300LDX1HCIL448282,,1,1,0,0.04,1,0,0,0,0,1,0,0,0,0,national
2025,LA,22019,Calcasieu,549300LLQD0X2OTG0Y27,,4,1,2,0.04,0,4,0,0,0,0,1,0,0,0,national
2025,LA,22019,Calcasieu,549300OBO7DOF2KOP535,FirstBank,1,1,0,0.04,0,1,0,0,0,0,1,0,0,0,national
2025,LA,22019,Calcasieu,549300P6FMUCIYH31R36,,1,1,0,0.04,1,0,0,0,0,1,0,0,0,0,national
2025,LA,22019,Calcasieu,549300Q3ROEQU3D1IW91,,18,1,12,0.04,18,0,0,0,0,1,0,0,0,0,national
2025,LA,22019,Calcasieu,549300Q50XCC0473FG63,,2,1,1,0.04,2,0,0,0,0,1,0,0,0,0,national
2025,LA,22019,Calcasieu,549300QCYEU2QLIWN517,,1,1,0,0.04,1,0,0,0,0,1,0,0,0,0,national
2025,LA,22019,Calcasieu,549300QR0KFPEDZPEI42,STOCKTON MORTGAGE CORPORATION,2,1,0,0.04,0,2,0,0,0,0,1,0,0,0,national
2025,LA,22019,Calcasieu,549300R77W0P105C3S50,HOMEXPRESS MORTGAGE CORP.,2,1,1,0.04,2,0,0,0,0,1,0,0,0,0,national
2025,LA,22019,Calcasieu,549300RA3E0BUFO7YZ21,"Hometown Equity Mortgage, LLC",2,1,0,0.04,1,1,0,0,0,1,0,0,0,0,national
2025,LA,22019,Calcasieu,549300REENMLD2RN3W58,"Magnolia Bank, Incorporated",1,1,0,0.04,0,0,1,0,0,0,0,1,0,0,national
2025,LA,22019,Calcasieu,549300RFLICNI75BG067,Luminate Bank,1,1,0,0.04,1,0,0,0,0,1,0,0,0,0,national
2025,LA,22019,Calcasieu,549300RYWXR8TL5LIK35,,1,1,0,0.04,1,0,0,0,0,1,0,0,0,0,national
2025,LA,22019,Calcasieu,549300SFG15JDKI5MD22,,1,1,0,0.04,0,0,1,0,0,0,0,1,0,0,national
2025,LA,22019,Calcasieu,549300SK2GVCQXPD4S58,"SUN WEST MORTGAGE COMPANY, INC.",2,1,0,0.04,1,0,1,0,0,0,0,1,0,0,national
2025,LA,22019,Calcasieu,549300T7HRS5DVBUPQ06,,1,1,0,0.04,1,0,0,0,0,1,0,0,0,0,national
2025,LA,22019,Calcasieu,549300T9P3WXNMXX0I34,Ixonia Bank,1,1,0,0.04,0,1,0,0,0,0,1,0,0,0,national
2025,LA,22019,Calcasieu,549300U3721PJGQZYY68,"GUARANTEED RATE, INC.",9,1,1,0.04,6,3,0,0,0,1,0,0,0,0,national
2025,LA,22019,Calcasieu,549300UG7QXKM7KGV847,,7,1,5,0.04,7,0,0,0,0,1,0,0,0,0,national
2025,LA,22019,Calcasieu,549300VORTI31GZTJL53,"CARDINAL FINANCIAL COMPANY, LIMITED PARTNERSHIP",4,1,0,0.04,0,4,0,0,0,0,1,0,0,0,national
2025,LA,22019,Calcasieu,549300W45D2J6BT4LX65,,1,1,0,0.04,1,0,0,0,0,1,0,0,0,0,national
2025,LA,22019,Calcasieu,549300W76QLF060CER73,,1,1,0,0.04,1,0,0,0,0,1,0,0,0,0,national
2025,LA,22019,Calcasieu,549300XWUSRVVOHPRY47,Academy Mortgage Corporation,1,1,0,0.04,0,0,1,0,0,0,0,1,0,0,national
2025,LA,22019,Calcasieu,549300ZTLWGMV712KR44,,1,1,0,0.04,1,0,0,0,0,1,0,0,0,0,national
2025,LA,22019,Calcasieu,875500CPQ9Z7QEFE5G90,,1,1,0,0.04,1,0,0,0,0,1,0,0,0,0,national
2025,LA,22019,Calcasieu,9845006EEFF0EDFA9E57,,1,1,0,0.04,1,0,0,0,0,1,0,0,0,0,national
2025,LA,22019,Calcasieu,984500CD6F0743B8F530,,2,1,1,0.04,0,0,2,0,0,0,0,1,0,0,national
2025,LA,22019,Calcasieu,984500F03B9034CQB904,,3,1,1,0.04,3,0,0,0,0,1,0,0,0,0,national
2025,LA,22019,Calcasieu,984500F6E6940CCB6A60,,1,1,0,0.04,1,0,0,0,0,1,0,0,0,0,national
2025,LA,22019,Calcasieu,AD6GFRVSDT01YPT1CS68,"PNC Bank, National Association",1,1,0,0.04,1,0,0,0,0,1,0,0,0,0,national
2025,LA,22019,Calcasieu,JJKC32MCHWDI71265Z06,Truist Bank,2,1,1,0.04,2,0,0,0,0,1,0,0,0,0,national
2025,LA,22019,Calcasieu,PAOOWF3GUFM46FBSP561,,4,1,0,0.04,2,2,0,0,0,1,0,0,0,0,national
2025,LA,22019,Calcasieu,SS1TRMSN6BRNMOREEV51,"Flagstar Bank, National Association",2,1,1,0.04,0,1,0,1,0,0,1,0,0,0,national
2025,LA,22019,Calcasieu,ZXMJHJK466PBZTM5F379,,2,1,1,0.04,2,0,0,0,0,1,0,0,0,0,national
2025,LA,22019,Calcasieu,54930054ET8KM4O1D485,"SOFI BANK, NATIONAL ASSOCIATION",11,0,3,0.0,11,0,0,0,0,0,0,0,0,0,national
2025,LA,22019,Calcasieu,549300XCVBRR56D08F03,,11,0,0,0.0,8,3,0,0,0,0,0,0,0,0,national
2025,LA,22033,East Baton Rouge,549300HW662MN1WU8550,"United Wholesale Mortgage, LLC",673,464,94,6.55,364,227,70,12,0,247,154,53,10,0,national
2025,LA,22033,East Baton Rouge,NSGZD26XPW2CUM2JKU70,HANCOCK WHITNEY BANK,584,396,100,5.59,522,51,8,3,0,353,34,7,2,0,national
2025,LA,22033,East Baton Rouge,549300MCPCNPQAOB4032,GMFS LLC,520,356,9,5.02,370,113,12,25,0,253,76,7,20,0,national
2025,LA,22033,East Baton Rouge,549300FGXN1K3HLB1R50,"Rocket Mortgage, LLC",523,309,138,4.36,391,103,29,0,0,236,57,16,0,0,national
2025,LA,22033,East Baton Rouge,2549004FXPNKCLIN8250,"Synergy One Lending, Inc.",355,265,11,3.74,237,85,17,16,0,180,59,14,12,0,national
2025,LA,22033,East Baton Rouge,254900ZX1UPIG2E7TH11,"ASSURANCE FINANCIAL GROUP, L.L.C.",284,213,10,3.01,229,44,9,2,0,172,31,9,1,0,national
2025,LA,22033,East Baton Rouge,EQTWLK1G7ODGC2MGLV11,Regions Bank,422,196,161,2.77,400,20,1,1,0,184,12,0,0,0,national
2025,LA,22033,East Baton Rouge,549300U18MOAH5F95P15,EFCU FINANCIAL,286,174,76,2.46,286,0,0,0,0,174,0,0,0,0,national
2025,LA,22033,East Baton Rouge,7H6GLXDRUGQFU57RNE97,"JPMorgan Chase Bank, National Association",297,174,35,2.46,278,19,0,0,0,166,8,0,0,0,national
2025,LA,22033,East Baton Rouge,549300DG3IV05V4C4E03,EUSTIS MORTGAGE CORPORATION,213,157,5,2.22,104,87,8,14,0,71,69,6,11,0,national
2025,LA,22033,East Baton Rouge,COOWI3L2W9TPYR3WJX37,First Horizon Bank,180,135,21,1.91,176,2,2,0,0,132,1,2,0,0,national
2025,LA,22033,East Baton Rouge,5493008RSN6F31BTGT93,Gulf Coast Bank and Trust Company,207,127,28,1.79,125,75,6,1,0,87,36,3,1,0,national
2025,LA,22033,East Baton Rouge,5493001QMUDK2ML5S840,,389,125,208,1.76,389,0,0,0,0,125,0,0,0,0,national
2025,LA,22033,East Baton Rouge,5493001SXWZ4OFP8Z903,"DHI MORTGAGE COMPANY, LTD.",214,116,52,1.64,42,130,22,20,0,27,65,15,9,0,national
2025,LA,22033,East Baton Rouge,5493001F7QT2YW3K8D98,"DSLD MORTGAGE, LLC",163,110,14,1.55,76,66,12,9,0,52,44,8,6,0,national
2025,LA,22033,East Baton Rouge,5493006QG55R8V712J33,Red River Bank,177,108,30,1.52,135,36,2,4,0,92,12,1,3,0,national
2025,LA,22033,East Baton Rouge,5493001XKL0FTNOJ0866,,161,104,4,1.47,52,64,7,38,0,33,43,4,24,0,national
2025,LA,22033,East Baton Rouge,549300LE3ZOZXUS7W648,FIDELITY BANK,147,98,21,1.38,111,25,7,4,0,74,16,5,3,0,national
2025,LA,22033,East Baton Rouge,549300RN01LBYR8ZVX74,"LOWER, LLC",128,91,5,1.28,83,35,7,3,0,61,23,5,2,0,national
2025,LA,22033,East Baton Rouge,5493001GDRY0EL7VG372,"ARK-LA-TEX FINANCIAL SERVICES, LLC.",101,88,2,1.24,44,46,4,7,0,39,40,4,5,0,national
2025,LA,22033,East Baton Rouge,RVDPPPGHCGZ40J4VQ731,"PENNYMAC LOAN SERVICES, LLC",213,82,31,1.16,87,88,34,4,0,36,35,10,1,0,national
2025,LA,22033,East Baton Rouge,549300QAJ2SD5X8T7X10,Synergy Bank,91,80,0,1.13,91,0,0,0,0,80,0,0,0,0,national
2025,LA,22033,East Baton Rouge,54930027GUR70U427Y19,,108,79,10,1.12,108,0,0,0,0,79,0,0,0,0,national
2025,LA,22033,East Baton Rouge,Q7C315HKI8VX0SSKBS64,Cadence Bank,125,79,25,1.12,113,10,1,1,0,73,4,1,1,0,national
2025,LA,22033,East Baton Rouge,549300FNXYY540N23N64,Newrez LLC,231,77,48,1.09,140,61,22,8,0,44,15,12,6,0,national
2025,LA,22033,East Baton Rouge,549300M63SGBHKKBOE21,,84,73,3,1.03,84,0,0,0,0,73,0,0,0,0,national
2025,LA,22033,East Baton Rouge,549300LYRWPSYPK6S325,FREEDOM MORTGAGE CORPORATION,214,71,21,1.0,12,126,76,0,0,3,44,24,0,0,national
2025,LA,22033,East Baton Rouge,549300SFG15JDKI5MD22,,92,71,4,1.0,91,1,0,0,0,71,0,0,0,0,national
2025,LA,22033,East Baton Rouge,5493003GQDUH26DNNH17,Navy Federal Credit Union,157,70,45,0.99,131,0,26,0,0,56,0,14,0,0,national
2025,LA,22033,East Baton Rouge,549300AQ3T62GXDU7D76,GUILD MORTGAGE COMPANY LLC,97,66,2,0.93,61,30,0,6,0,41,21,0,4,0,national
2025,LA,22033,East Baton Rouge,549300K4ZLGS7SRDTL86,Equity Prime Mortgage LLC,151,65,15,0.92,9,63,13,66,0,5,29,5,26,0,national
2025,LA,22033,East Baton Rouge,549300DD4R4SYK5RAQ92,"MOVEMENT MORTGAGE, LLC",85,61,1,0.86,44,30,8,3,0,30,24,5,2,0,national
2025,LA,22033,East Baton Rouge,549300GKFNPRWNS0GF29,"AmeriHome Mortgage Company, LLC",78,60,5,0.85,15,32,3,28,0,8,30,2,20,0,national
2025,LA,22033,East Baton Rouge,5493007CXTOHZ2JBEJ61,"THE MORTGAGE FIRM, INC.",65,59,3,0.83,52,10,2,1,0,50,7,2,0,0,national
2025,LA,22033,East Baton Rouge,549300DD5QQUHO6PCH70,"MORTGAGE RESEARCH CENTER, LLC",135,58,41,0.82,17,10,108,0,0,3,6,49,0,0,national
2025,LA,22033,East Baton Rouge,54930045J8O98TUGTW86,b1BANK,57,50,1,0.71,57,0,0,0,0,50,0,0,0,0,national
2025,LA,22033,East Baton Rouge,549300LBCBNR1OT00651,NATIONSTAR MORTGAGE LLC,88,50,19,0.71,73,11,4,0,0,42,4,4,0,0,national
2025,LA,22033,East Baton Rouge,254900J71IJLMJZJV608,,63,47,9,0.66,63,0,0,0,0,47,0,0,0,0,national
2025,LA,22033,East Baton Rouge,549300AG64NHILB7ZP05,"LOANDEPOT.COM, LLC",135,43,58,0.61,84,46,5,0,0,30,10,3,0,0,national
2025,LA,22033,East Baton Rouge,254900DTLHVWQ7NP7R34,"CMG Mortgage, Inc.",60,41,2,0.58,55,5,0,0,0,37,4,0,0,0,national
2025,LA,22033,East Baton Rouge,549300L0RZ1NED0NV967,,47,40,3,0.56,47,0,0,0,0,40,0,0,0,0,national
2025,LA,22033,East Baton Rouge,54930052M48FOD3CWA54,"PRIMARY RESIDENTIAL MORTGAGE, INC.",52,39,1,0.55,28,18,4,2,0,22,12,4,1,0,national
2025,LA,22033,East Baton Rouge,549300PFJ7GCGDLB2E65,,59,38,1,0.54,39,18,2,0,0,26,10,2,0,0,national
2025,LA,22033,East Baton Rouge,549300VZVN841I2ILS84,"CROSSCOUNTRY MORTGAGE, LLC",54,37,3,0.52,31,19,3,1,0,23,10,3,1,0,national
2025,LA,22033,East Baton Rouge,549300PQLK8E48ILXV41,,62,35,11,0.49,60,2,0,0,0,35,0,0,0,0,national
2025,LA,22033,East Baton Rouge,254900RM3T6WAVE6SA24,,42,34,0,0.48,38,3,1,0,0,30,3,1,0,0,national
2025,LA,22033,East Baton Rouge,549300MGPZBLQDIL7538,FAIRWAY INDEPENDENT MORTGAGE CORPORATION,46,34,4,0.48,25,16,3,2,0,17,13,2,2,0,national
2025,LA,22033,East Baton Rouge,25490058TX0QV62WQ461,,67,33,19,0.47,67,0,0,0,0,33,0,0,0,0,national
2025,LA,22033,East Baton Rouge,254900E9OABDJHASZ507,,34,32,1,0.45,34,0,0,0,0,32,0,0,0,0,national
2025,LA,22033,East Baton Rouge,5493001WHVQBGRSWEU75,"HOMEBRIDGE FINANCIAL SERVICES, INC.",42,31,7,0.44,32,6,3,1,0,27,3,1,0,0,national
2025,LA,22033,East Baton Rouge,549300MZ53GGF2499G54,,34,30,2,0.42,34,0,0,0,0,30,0,0,0,0,national
2025,LA,22033,East Baton Rouge,549300MZ8VZJOVC63092,"KIND LENDING, LLC",35,30,2,0.42,16,14,4,1,0,13,12,4,1,0,national
2025,LA,22033,East Baton Rouge,549300TA4MQM8WN2XG31,,41,30,0,0.42,41,0,0,0,0,30,0,0,0,0,national
2025,LA,22033,East Baton Rouge,5493006VAGP3GQ8FJT49,"Kiavi Funding, Inc.",50,28,1,0.4,50,0,0,0,0,28,0,0,0,0,national
2025,LA,22033,East Baton Rouge,549300R9S3MVDV4MGF56,"CARRINGTON MORTGAGE SERVICES, LLC",133,27,73,0.38,59,52,21,1,0,13,11,3,0,0,national
2025,LA,22033,East Baton Rouge,549300A5HHOL2ED18C72,,75,26,1,0.37,5,65,1,4,0,0,25,0,1,0,national
2025,LA,22033,East Baton Rouge,549300YIQ7S7Z8PIHE53,AMERISAVE MORTGAGE CORPORATION,160,26,109,0.37,80,68,12,0,0,19,6,1,0,0,national
2025,LA,22033,East Baton Rouge,549300JYXTZDSPJEPI44,"PLAZA HOME MORTGAGE, INC.",48,25,14,0.35,21,25,1,1,0,9,14,1,1,0,national
2025,LA,22033,East Baton Rouge,254900ZFWS2106HWPH46,"PARAMOUNT RESIDENTIAL MORTGAGE GROUP, INC.",36,24,1,0.34,12,10,2,12,0,9,6,0,9,0,national
2025,LA,22033,East Baton Rouge,549300R0SXC1JU7ZU290,"FIRST COMMUNITY MORTGAGE, INC.",33,24,4,0.34,20,10,2,1,0,16,6,1,1,0,national
2025,LA,22033,East Baton Rouge,549300V1ZDKDQXFW3339,,58,24,19,0.34,58,0,0,0,0,24,0,0,0,0,national
2025,LA,22033,East Baton Rouge,54930049L5WINET09Q97,"CLICK N' CLOSE, INC.",45,23,6,0.32,21,22,0,2,0,12,10,0,1,0,national
2025,LA,22033,East Baton Rouge,549300PBTV7FCWLSMM53,,35,23,0,0.32,8,11,15,1,0,6,7,10,0,0,national
2025,LA,22033,East Baton Rouge,549300PIL8LFAQ04XC20,Better Mortgage Corporation,78,23,40,0.32,78,0,0,0,0,23,0,0,0,0,national
2025,LA,22033,East Baton Rouge,B4TYDEB6GKMZO031MB27,"Bank of America, National Association",70,23,27,0.32,70,0,0,0,0,23,0,0,0,0,national
2025,LA,22033,East Baton Rouge,5493002B2WMHY23GFK92,"AMERICAN FINANCIAL RESOURCES, INC.",42,22,4,0.31,4,22,6,10,0,2,10,4,6,0,national
2025,LA,22033,East Baton Rouge,549300ZWNETGFXTBBY03,"CANOPY MORTGAGE, LLC",51,22,0,0.31,29,16,3,3,0,13,6,0,3,0,national
2025,LA,22033,East Baton Rouge,5493001GCBD5XGNIC815,Coastal Community Bank,119,21,6,0.3,119,0,0,0,0,21,0,0,0,0,national
2025,LA,22033,East Baton Rouge,54930021WPEXNHYZUL09,"PLANET HOME LENDING, LLC",28,21,7,0.3,3,17,6,2,0,3,11,6,1,0,national
2025,LA,22033,East Baton Rouge,5493005PD34O8ZT7QT17,,27,21,2,0.3,27,0,0,0,0,21,0,0,0,0,national
2025,LA,22033,East Baton Rouge,549300KPBBGW1ZTEPR29,,28,21,1,0.3,28,0,0,0,0,21,0,0,0,0,national
2025,LA,22033,East Baton Rouge,549300VORTI31GZTJL53,"CARDINAL FINANCIAL COMPANY, LIMITED PARTNERSHIP",33,21,3,0.3,16,12,2,3,0,10,8,1,2,0,national
2025,LA,22033,East Baton Rouge,254900UL88QFG0E40516,FIGURE LENDING LLC,66,20,20,0.28,66,0,0,0,0,20,0,0,0,0,national
2025,LA,22033,East Baton Rouge,254900WEP08K7U7S3A80,,29,20,4,0.28,11,16,1,1,0,6,12,1,1,0,national
2025,LA,22033,East Baton Rouge,549300OPCWU6E72WUT29,"MUTUAL OF OMAHA MORTGAGE, INC.",50,20,12,0.28,12,26,11,1,0,5,11,4,0,0,national
2025,LA,22033,East Baton Rouge,5493002RF1ERFA2XR050,Renasant Bank,20,19,0,0.27,19,1,0,0,0,18,1,0,0,0,national
2025,LA,22033,East Baton Rouge,549300SK2GVCQXPD4S58,"SUN WEST MORTGAGE COMPANY, INC.",56,19,19,0.27,7,34,9,6,0,2,12,4,1,0,national
2025,LA,22033,East Baton Rouge,549300VCMRO4ST680C11,VILLAGE CAPITAL & INVESTMENT LLC,58,19,15,0.27,0,34,24,0,0,0,6,13,0,0,national
2025,LA,22033,East Baton Rouge,549300Z78KW88BIQNR50,First American Bank and Trust,28,19,5,0.27,28,0,0,0,0,19,0,0,0,0,national
2025,LA,22033,East Baton Rouge,254900YPPMV9UM5FUW09,,26,18,0,0.25,21,4,1,0,0,15,2,1,0,0,national
2025,LA,22033,East Baton Rouge,5493004AS1SPBQOFDR49,"Change Lending, LLC",24,18,1,0.25,24,0,0,0,0,18,0,0,0,0,national
2025,LA,22033,East Baton Rouge,5493008NWHQT1R22C024,"AMERICAN FINANCIAL NETWORK, INC.",38,18,9,0.25,9,28,0,1,0,5,13,0,0,0,national
2025,LA,22033,East Baton Rouge,549300OMHGOGEWTCI138,,18,18,0,0.25,18,0,0,0,0,18,0,0,0,0,national
2025,LA,22033,East Baton Rouge,549300U3721PJGQZYY68,"GUARANTEED RATE, INC.",42,17,6,0.24,20,15,6,1,0,10,6,1,0,0,national
2025,LA,22033,East Baton Rouge,KB1H1DSPRFMYMCUFXT09,"Wells Fargo Bank, National Association",32,17,4,0.24,27,4,1,0,0,15,2,0,0,0,national
2025,LA,22033,East Baton Rouge,254900RUCO27MVGTO768,LOAN FUNDER LLC,35,16,5,0.23,35,0,0,0,0,16,0,0,0,0,national
2025,LA,22033,East Baton Rouge,5493005XMJQ1GSXUGT67,,28,16,0,0.23,22,6,0,0,0,11,5,0,0,0,national
2025,LA,22033,East Baton Rouge,549300II7Y8V2KY9TM28,,27,16,4,0.23,27,0,0,0,0,16,0,0,0,0,national
2025,LA,22033,East Baton Rouge,549300Y5Y88FQLI7VE83,DEEPHAVEN MORTGAGE LLC,27,16,8,0.23,27,0,0,0,0,16,0,0,0,0,national
2025,LA,22033,East Baton Rouge,PINLJ7T7GLTF48NFP863,,18,16,1,0.23,18,0,0,0,0,16,0,0,0,0,national
2025,LA,22033,East Baton Rouge,X05BVSK68TQ7YTOSNR22,Discover Bank,75,16,41,0.23,75,0,0,0,0,16,0,0,0,0,national
2025,LA,22033,East Baton Rouge,2549001SI0EMFPT39035,"Cornerstone First Mortgage, Inc",33,15,4,0.21,11,21,1,0,0,6,9,0,0,0,national
2025,LA,22033,East Baton Rouge,254900HA4DQWAE0W3342,"AMERIHOME MORTGAGE COMPANY, LLC",22,15,0,0.21,1,18,3,0,0,1,13,1,0,0,national
2025,LA,22033,East Baton Rouge,5493002F9OWLKRICTY67,STANDARD MORTGAGE CORPORATION,32,15,4,0.21,20,8,3,1,0,9,4,2,0,0,national
2025,LA,22033,East Baton Rouge,25490066WMF8ZMQXQB18,"Lendage, LLC",22,14,6,0.2,22,0,0,0,0,14,0,0,0,0,national
2025,LA,22033,East Baton Rouge,254900WTZC5SSKIN2M11,,18,14,1,0.2,18,0,0,0,0,14,0,0,0,0,national
2025,LA,22033,East Baton Rouge,549300CPKDUJKREQRG38,,14,14,0,0.2,14,0,0,0,0,14,0,0,0,0,national
2025,LA,22033,East Baton Rouge,549300RP00N9TM7RLE66,,19,14,0,0.2,19,0,0,0,0,14,0,0,0,0,national
2025,LA,22033,East Baton Rouge,549300DMYENRV818D594,,17,13,0,0.18,10,5,2,0,0,7,4,2,0,0,national
2025,LA,22033,East Baton Rouge,549300KHXD7JSQUZIJ22,,15,13,0,0.18,13,1,1,0,0,11,1,1,0,0,national
2025,LA,22033,East Baton Rouge,549300O6Z0I6KYMESL47,AMWEST FUNDING CORP.,17,13,0,0.18,17,0,0,0,0,13,0,0,0,0,national
2025,LA,22033,East Baton Rouge,C5654JQHZUHN0772B561,USAA Federal Savings Bank,32,13,11,0.18,17,0,15,0,0,8,0,5,0,0,national
2025,LA,22033,East Baton Rouge,54930001NSTOD85LT125,"GUARANTEED RATE AFFINITY, LLC",13,12,1,0.17,12,0,1,0,0,11,0,1,0,0,national
2025,LA,22033,East Baton Rouge,549300OJTK0IPSNDA832,,21,12,8,0.17,4,16,1,0,0,2,9,1,0,0,national
2025,LA,22033,East Baton Rouge,549300SUCQ1358EGVE89,"NEW DAY FINANCIAL, LLC",80,12,17,0.17,0,1,79,0,0,0,0,12,0,0,national
2025,LA,22033,East Baton Rouge,6BYL5QZYBDK8S7L73M02,U.S. Bank National Association,55,12,38,0.17,53,2,0,0,0,12,0,0,0,0,national
2025,LA,22033,East Baton Rouge,2549004JE61TGJKFJQ92,,23,11,6,0.16,23,0,0,0,0,11,0,0,0,0,national
2025,LA,22033,East Baton Rouge,5493009F6BJDCZMZ7Y26,,15,11,0,0.16,10,3,0,2,0,7,3,0,1,0,national
2025,LA,22033,East Baton Rouge,549300E2UX99HKDBR481,"NEW AMERICAN FUNDING, LLC",84,11,15,0.16,23,55,5,1,0,7,3,0,1,0,national
2025,LA,22033,East Baton Rouge,549300G4ESSS6M0MEG51,ORIGINPOINT LLC,19,11,0,0.16,9,9,1,0,0,6,4,1,0,0,national
2025,LA,22033,East Baton Rouge,549300O2UK5FUZXQJO34,,11,11,0,0.16,11,0,0,0,0,11,0,0,0,0,national
2025,LA,22033,East Baton Rouge,549300ZTLWGMV712KR44,,17,11,2,0.16,17,0,0,0,0,11,0,0,0,0,national
2025,LA,22033,East Baton Rouge,254900ZKVJDEYHV22276,OnPath Federal Credit Union,11,10,1,0.14,11,0,0,0,0,10,0,0,0,0,national
2025,LA,22033,East Baton Rouge,549300GS0W0TEUQS8571,"Morgan Stanley Private Bank, National Association",11,9,0,0.13,11,0,0,0,0,9,0,0,0,0,national
2025,LA,22033,East Baton Rouge,549300J7I82PNDVU8H22,"OCMBC, INC.",37,9,16,0.13,15,22,0,0,0,3,6,0,0,0,national
2025,LA,22033,East Baton Rouge,549300NOCASXPA34X033,"LAKEVIEW LOAN SERVICING, LLC",51,9,27,0.13,18,30,3,0,0,6,2,1,0,0,national
2025,LA,22033,East Baton Rouge,5493008VVXQIDO1EZ460,"SUMMIT FUNDING, INC.",18,8,0,0.11,11,4,1,2,0,4,3,1,0,0,national
2025,LA,22033,East Baton Rouge,549300CB67L6KPJLHE19,"TRIAD FINANCIAL SERVICES, INC.",47,8,17,0.11,47,0,0,0,0,8,0,0,0,0,national
2025,LA,22033,East Baton Rouge,549300OBO7DOF2KOP535,FirstBank,12,8,0,0.11,11,1,0,0,0,7,1,0,0,0,national
2025,LA,22033,East Baton Rouge,549300RA3E0BUFO7YZ21,"Hometown Equity Mortgage, LLC",13,8,5,0.11,8,5,0,0,0,5,3,0,0,0,national
2025,LA,22033,East Baton Rouge,549300UG7QXKM7KGV847,,16,8,4,0.11,14,2,0,0,0,7,1,0,0,0,national
2025,LA,22033,East Baton Rouge,2549003E1YOW83GR2Q12,,8,7,1,0.1,8,0,0,0,0,7,0,0,0,0,national
2025,LA,22033,East Baton Rouge,254900FBWEZ3YUPOBN33,,8,7,0,0.1,8,0,0,0,0,7,0,0,0,0,national
2025,LA,22033,East Baton Rouge,254900QRD0ZXHH08TX87,,12,7,2,0.1,4,8,0,0,0,2,5,0,0,0,national
2025,LA,22033,East Baton Rouge,549300194LW0QMECAH75,,10,7,1,0.1,10,0,0,0,0,7,0,0,0,0,national
2025,LA,22033,East Baton Rouge,549300370QILXLFUWD20,"ZILLOW HOME LOANS, LLC",11,7,0,0.1,7,4,0,0,0,5,2,0,0,0,national
2025,LA,22033,East Baton Rouge,54930054ET8KM4O1D485,"SOFI BANK, NATIONAL ASSOCIATION",38,7,5,0.1,36,1,1,0,0,7,0,0,0,0,national
2025,LA,22033,East Baton Rouge,549300RO0FORROX83086,,9,7,0,0.1,9,0,0,0,0,7,0,0,0,0,national
2025,LA,22033,East Baton Rouge,549300RPOGWJRH63HS39,UNION HOME MORTGAGE CORP.,15,7,3,0.1,10,3,1,1,0,5,1,0,1,0,national
2025,LA,22033,East Baton Rouge,549300XWUSRVVOHPRY47,Academy Mortgage Corporation,11,7,2,0.1,4,5,2,0,0,2,4,1,0,0,national
2025,LA,22033,East Baton Rouge,549300XY701IELCE5Q08,BETTER MORTGAGE CORPORATION,42,7,14,0.1,36,6,0,0,0,7,0,0,0,0,national
2025,LA,22033,East Baton Rouge,213800XR2TCBQJSF1X93,,10,6,1,0.08,9,0,1,0,0,5,0,1,0,0,national
2025,LA,22033,East Baton Rouge,54930074GUKXKBKNQI12,,7,6,0,0.08,7,0,0,0,0,6,0,0,0,0,national
2025,LA,22033,East Baton Rouge,54930091CYUK2SDZ6D37,,11,6,1,0.08,3,5,3,0,0,1,3,2,0,0,national
2025,LA,22033,East Baton Rouge,549300FX7K8PTEQUU487,PENTAGON FEDERAL CREDIT UNION,18,6,11,0.08,14,3,1,0,0,6,0,0,0,0,national
2025,LA,22033,East Baton Rouge,549300XQVJ1XBNFA5536,21ST MORTGAGE CORPORATION,66,6,35,0.08,66,0,0,0,0,6,0,0,0,0,national
2025,LA,22033,East Baton Rouge,549300ZPSJZO10ZAX556,"AMERICAN HERITAGE LENDING, LLC",10,6,1,0.08,10,0,0,0,0,6,0,0,0,0,national
2025,LA,22033,East Baton Rouge,5493000YNV8IX4VD3X12,"VANDERBILT MORTGAGE AND FINANCE, INC.",101,5,57,0.07,101,0,0,0,0,5,0,0,0,0,national
2025,LA,22033,East Baton Rouge,5493006P5IHSK77SZ855,,9,5,2,0.07,3,6,0,0,0,1,4,0,0,0,national
2025,LA,22033,East Baton Rouge,549300C8GOC4OYUV0Z32,,11,5,0,0.07,11,0,0,0,0,5,0,0,0,0,national
2025,LA,22033,East Baton Rouge,549300EKFFG3BU8DNX74,NEXERA HOLDING LLC,7,5,0,0.07,7,0,0,0,0,5,0,0,0,0,national
2025,LA,22033,East Baton Rouge,549300LROQOOQU77WS20,,10,5,0,0.07,10,0,0,0,0,5,0,0,0,0,national
2025,LA,22033,East Baton Rouge,549300M03EN3OQEDU087,,8,5,2,0.07,8,0,0,0,0,5,0,0,0,0,national
2025,LA,22033,East Baton Rouge,549300R77W0P105C3S50,HOMEXPRESS MORTGAGE CORP.,8,5,3,0.07,8,0,0,0,0,5,0,0,0,0,national
2025,LA,22033,East Baton Rouge,PAOOWF3GUFM46FBSP561,,20,5,3,0.07,6,13,1,0,0,2,2,1,0,0,national
2025,LA,22033,East Baton Rouge,Q708HHR4LD2B7XIZNO92,First Federal Bank,9,5,0,0.07,7,1,1,0,0,4,1,0,0,0,national
2025,LA,22033,East Baton Rouge,SS1TRMSN6BRNMOREEV51,"Flagstar Bank, National Association",10,5,3,0.07,2,7,0,1,0,1,3,0,1,0,national
2025,LA,22033,East Baton Rouge,2549005SIVTHG14U2905,A&D Mortgage LLC,11,4,2,0.06,10,1,0,0,0,3,1,0,0,0,national
2025,LA,22033,East Baton Rouge,254900HEJ9F73IMPX887,,11,4,1,0.06,10,0,1,0,0,3,0,1,0,0,national
2025,LA,22033,East Baton Rouge,254900M2C4Q6DATP2889,,12,4,4,0.06,0,7,5,0,0,0,2,2,0,0,national
2025,LA,22033,East Baton Rouge,254900U5VN6O84EWQL12,,8,4,1,0.06,8,0,0,0,0,4,0,0,0,0,national
2025,LA,22033,East Baton Rouge,5493001P1J1K386Q4G58,,4,4,0,0.06,4,0,0,0,0,4,0,0,0,0,national
2025,LA,22033,East Baton Rouge,549300EFCZM6KD6B8K69,MORTGAGE ACCESS CORP.,6,4,0,0.06,6,0,0,0,0,4,0,0,0,0,national
2025,LA,22033,East Baton Rouge,549300GTVXJ2PGXNLM73,T2 FINANCIAL LLC,5,4,0,0.06,4,1,0,0,0,3,1,0,0,0,national
2025,LA,22033,East Baton Rouge,549300KJ8PAJ7E52HG32,Plains Commerce Bank,5,4,0,0.06,4,1,0,0,0,3,1,0,0,0,national
2025,LA,22033,East Baton Rouge,549300OPB0G5OMY0SM65,,4,4,0,0.06,4,0,0,0,0,4,0,0,0,0,national
2025,LA,22033,East Baton Rouge,549300T1KLQQ7B84EZ41,,5,4,1,0.06,5,0,0,0,0,4,0,0,0,0,national
2025,LA,22033,East Baton Rouge,549300YW2UBCMDRMBT48,,4,4,0,0.06,2,1,1,0,0,2,1,1,0,0,national
2025,LA,22033,East Baton Rouge,WWB2V0FCW3A0EE3ZJN75,Manufacturers and Traders Trust Company,8,4,3,0.06,5,2,1,0,0,1,2,1,0,0,national
2025,LA,22033,East Baton Rouge,549300121SF0K2LN2804,"PRIMELENDING, A PLAINSCAPITAL COMPANY",9,3,2,0.04,5,4,0,0,0,2,1,0,0,0,national
2025,LA,22033,East Baton Rouge,5493002G4JO4BZ22MC13,,3,3,0,0.04,3,0,0,0,0,3,0,0,0,0,national
2025,LA,22033,East Baton Rouge,54930030Z1JWTP3SVD16,,5,3,1,0.04,0,5,0,0,0,0,3,0,0,0,national
2025,LA,22033,East Baton Rouge,5493004R423PBPM6A173,,4,3,0,0.04,0,4,0,0,0,0,3,0,0,0,national
2025,LA,22033,East Baton Rouge,549300BWRXVFSDCUUY93,,3,3,0,0.04,3,0,0,0,0,3,0,0,0,0,national
2025,LA,22033,East Baton Rouge,549300E8WNDXIPI7FA49,,3,3,0,0.04,3,0,0,0,0,3,0,0,0,0,national
2025,LA,22033,East Baton Rouge,549300H12E7AUMUHP294,,9,3,0,0.04,0,8,0,1,0,0,3,0,0,0,national
2025,LA,22033,East Baton Rouge,549300IFU5D50EZHEU18,,7,3,1,0.04,7,0,0,0,0,3,0,0,0,0,national
2025,LA,22033,East Baton Rouge,549300IJO7NO6VDZPD35,,3,3,0,0.04,1,2,0,0,0,1,2,0,0,0,national
2025,LA,22033,East Baton Rouge,549300KSOOZZVXCMA627,ANGEL OAK MORTGAGE SOLUTIONS LLC,5,3,1,0.04,5,0,0,0,0,3,0,0,0,0,national
2025,LA,22033,East Baton Rouge,549300OEQLAPVDI0LD92,,3,3,0,0.04,3,0,0,0,0,3,0,0,0,0,national
2025,LA,22033,East Baton Rouge,549300U55IW4J0F8P008,,7,3,3,0.04,7,0,0,0,0,3,0,0,0,0,national
2025,LA,22033,East Baton Rouge,549300VVH8HHFMWL8536,,4,3,0,0.04,4,0,0,0,0,3,0,0,0,0,national
2025,LA,22033,East Baton Rouge,894500TYEZ2FD95KS426,,3,3,0,0.04,3,0,0,0,0,3,0,0,0,0,national
2025,LA,22033,East Baton Rouge,AD6GFRVSDT01YPT1CS68,"PNC Bank, National Association",3,3,0,0.04,3,0,0,0,0,3,0,0,0,0,national
2025,LA,22033,East Baton Rouge,D8RBTOL3JO2Q6IEO0F34,Origin Bank,3,3,0,0.04,3,0,0,0,0,3,0,0,0,0,national
2025,LA,22033,East Baton Rouge,WKN6AF1FCL7BBYGTGI83,,4,3,0,0.04,4,0,0,0,0,3,0,0,0,0,national
2025,LA,22033,East Baton Rouge,254900B631B05UVLUA59,,2,2,0,0.03,2,0,0,0,0,2,0,0,0,0,national
2025,LA,22033,East Baton Rouge,254900BBWJ82FQDQ6823,,5,2,3,0.03,5,0,0,0,0,2,0,0,0,0,national
2025,LA,22033,East Baton Rouge,254900CTT87ZKAUTIJ37,,3,2,0,0.03,3,0,0,0,0,2,0,0,0,0,national
2025,LA,22033,East Baton Rouge,254900DSZI6CJXJL6Z14,,2,2,0,0.03,2,0,0,0,0,2,0,0,0,0,national
2025,LA,22033,East Baton Rouge,254900GVA8WBFNUQTV33,,2,2,0,0.03,2,0,0,0,0,2,0,0,0,0,national
2025,LA,22033,East Baton Rouge,254900R51FSMCPO6HB07,The Evangeline Bank & Trust Company,3,2,0,0.03,3,0,0,0,0,2,0,0,0,0,national
2025,LA,22033,East Baton Rouge,254900YA1AQXNM8QVZ06,,2,2,0,0.03,2,0,0,0,0,2,0,0,0,0,national
2025,LA,22033,East Baton Rouge,5493001WL16YUSR2TI47,,2,2,0,0.03,2,0,0,0,0,2,0,0,0,0,national
2025,LA,22033,East Baton Rouge,5493002Y5XYV7DV1ZV88,"GOLD STAR MORTGAGE FINANCIAL GROUP, CORPORATION",2,2,0,0.03,1,1,0,0,0,1,1,0,0,0,national
2025,LA,22033,East Baton Rouge,54930039UO39UJGI7078,TowneBank,2,2,0,0.03,1,0,1,0,0,1,0,1,0,0,national
2025,LA,22033,East Baton Rouge,5493005DKMV1IHIM8E20,"Wilmington Savings Fund Society, FSB",3,2,1,0.03,3,0,0,0,0,2,0,0,0,0,national
2025,LA,22033,East Baton Rouge,54930082VCNY40XPOB62,,2,2,0,0.03,2,0,0,0,0,2,0,0,0,0,national
2025,LA,22033,East Baton Rouge,5493008ZTV4S0W9DCX64,,16,2,9,0.03,4,11,0,1,0,1,1,0,0,0,national
2025,LA,22033,East Baton Rouge,549300A2N0IEBKSB5I23,,2,2,0,0.03,2,0,0,0,0,2,0,0,0,0,national
2025,LA,22033,East Baton Rouge,549300BREPLU2KKPI102,,2,2,0,0.03,2,0,0,0,0,2,0,0,0,0,national
2025,LA,22033,East Baton Rouge,549300BX448ALT10FI43,The Federal Savings Bank,17,2,3,0.03,1,4,12,0,0,0,2,0,0,0,national
2025,LA,22033,East Baton Rouge,549300CY7WNAHKHYSJ73,,2,2,0,0.03,1,0,1,0,0,1,0,1,0,0,national
2025,LA,22033,East Baton Rouge,549300DDLYW49R2HCV81,EASTMAN CREDIT UNION,3,2,1,0.03,3,0,0,0,0,2,0,0,0,0,national
2025,LA,22033,East Baton Rouge,549300EMNDEK4BA8WB53,EMM LOANS LLC,3,2,0,0.03,0,1,1,1,0,0,1,0,1,0,national
2025,LA,22033,East Baton Rouge,549300G8SAGXEDF5FK39,,4,2,0,0.03,4,0,0,0,0,2,0,0,0,0,national
2025,LA,22033,East Baton Rouge,549300GQDT484LGI9C04,,3,2,1,0.03,1,0,2,0,0,0,0,2,0,0,national
2025,LA,22033,East Baton Rouge,549300GWD9H4FQ2VR805,,3,2,1,0.03,3,0,0,0,0,2,0,0,0,0,national
2025,LA,22033,East Baton Rouge,549300GY4NTTEM7WWB64,,2,2,0,0.03,2,0,0,0,0,2,0,0,0,0,national
2025,LA,22033,East Baton Rouge,549300HINJH60UG3KG47,,2,2,0,0.03,2,0,0,0,0,2,0,0,0,0,national
2025,LA,22033,East Baton Rouge,549300I6BXTT1NLNPE10,,2,2,0,0.03,2,0,0,0,0,2,0,0,0,0,national
2025,LA,22033,East Baton Rouge,549300IB375I8TZ2FA87,,2,2,0,0.03,2,0,0,0,0,2,0,0,0,0,national
2025,LA,22033,East Baton Rouge,549300JPGMCMBEJEK584,FIRST TECHNOLOGY,2,2,0,0.03,2,0,0,0,0,2,0,0,0,0,national
2025,LA,22033,East Baton Rouge,549300K2EV48DVSYNV15,,2,2,0,0.03,2,0,0,0,0,2,0,0,0,0,national
2025,LA,22033,East Baton Rouge,549300LLQD0X2OTG0Y27,,3,2,0,0.03,0,3,0,0,0,0,2,0,0,0,national
2025,LA,22033,East Baton Rouge,549300LZUXCJFE5ONM48,,2,2,0,0.03,0,2,0,0,0,0,2,0,0,0,national
2025,LA,22033,East Baton Rouge,549300MJ3JU3Z2PH5H92,,2,2,0,0.03,2,0,0,0,0,2,0,0,0,0,national
2025,LA,22033,East Baton Rouge,549300O1FOCD65WZ9873,,2,2,0,0.03,2,0,0,0,0,2,0,0,0,0,national
2025,LA,22033,East Baton Rouge,549300PC4MFWQBNVKG88,"V.I.P. MORTGAGE, INC.",3,2,0,0.03,1,2,0,0,0,0,2,0,0,0,national
2025,LA,22033,East Baton Rouge,549300PJ2WT35S77Q208,,5,2,3,0.03,0,4,1,0,0,0,2,0,0,0,national
2025,LA,22033,East Baton Rouge,549300Q3ROEQU3D1IW91,,18,2,15,0.03,18,0,0,0,0,2,0,0,0,0,national
2025,LA,22033,East Baton Rouge,549300S5YL3OH0IVCS62,FINANCE OF AMERICA REVERSE LLC,5,2,1,0.03,0,5,0,0,0,0,2,0,0,0,national
2025,LA,22033,East Baton Rouge,549300T94GSH3C4U5M59,ALLIANT CREDIT UNION,5,2,0,0.03,5,0,0,0,0,2,0,0,0,0,national
2025,LA,22033,East Baton Rouge,549300UV5JQXLGVWIP44,,4,2,1,0.03,4,0,0,0,0,2,0,0,0,0,national
2025,LA,22033,East Baton Rouge,984500F6E6940CCB6A60,,3,2,0,0.03,3,0,0,0,0,2,0,0,0,0,national
2025,LA,22033,East Baton Rouge,984500P059VACEAAFA22,,5,2,0,0.03,1,4,0,0,0,0,2,0,0,0,national
2025,LA,22033,East Baton Rouge,984500U2F9A83N391A91,"CHAMPIONS FUNDING, LLC",5,2,3,0.03,5,0,0,0,0,2,0,0,0,0,national
2025,LA,22033,East Baton Rouge,DRMSV1Q0EKMEXLAU1P80,"Citizens Bank, National Association",4,2,1,0.03,3,1,0,0,0,1,1,0,0,0,national
2025,LA,22033,East Baton Rouge,E57ODZWZ7FF32TWEFA76,"Citibank, National Association",8,2,1,0.03,8,0,0,0,0,2,0,0,0,0,national
2025,LA,22033,East Baton Rouge,2549001S0U8EFNDOG816,,1,1,0,0.01,1,0,0,0,0,1,0,0,0,0,national
2025,LA,22033,East Baton Rouge,254900378RFGMBEKAF12,,2,1,0,0.01,2,0,0,0,0,1,0,0,0,0,national
2025,LA,22033,East Baton Rouge,2549005FUF02T1IFCA22,,1,1,0,0.01,1,0,0,0,0,1,0,0,0,0,national
2025,LA,22033,East Baton Rouge,2549007JQKHU8KQ0FC19,,1,1,0,0.01,1,0,0,0,0,1,0,0,0,0,national
2025,LA,22033,East Baton Rouge,254900BMXWPEHXG4LF21,,1,1,0,0.01,0,1,0,0,0,0,1,0,0,0,national
2025,LA,22033,East Baton Rouge,254900E6AIE4Z8YQM970,Citadel Servicing Corporation,5,1,0,0.01,5,0,0,0,0,1,0,0,0,0,national
2025,LA,22033,East Baton Rouge,254900EZRN0CBEP77K34,,2,1,1,0.01,2,0,0,0,0,1,0,0,0,0,national
2025,LA,22033,East Baton Rouge,254900GNK8YXIZQ6LW40,,1,1,0,0.01,1,0,0,0,0,1,0,0,0,0,national
2025,LA,22033,East Baton Rouge,254900RFZH9I62FGU045,,1,1,0,0.01,1,0,0,0,0,1,0,0,0,0,national
2025,LA,22033,East Baton Rouge,254900SG0DG9VHV3LR79,,1,1,0,0.01,1,0,0,0,0,1,0,0,0,0,national
2025,LA,22033,East Baton Rouge,254900T8N4RLS6G3BF64,,6,1,5,0.01,6,0,0,0,0,1,0,0,0,0,national
2025,LA,22033,East Baton Rouge,254900VECGAWC5CPU773,,1,1,0,0.01,1,0,0,0,0,1,0,0,0,0,national
2025,LA,22033,East Baton Rouge,254900VX7NAZSPBPUE16,,1,1,0,0.01,1,0,0,0,0,1,0,0,0,0,national
2025,LA,22033,East Baton Rouge,549300032FNX4IOT2T93,,1,1,0,0.01,1,0,0,0,0,1,0,0,0,0,national
2025,LA,22033,East Baton Rouge,5493000V86JDJLM0OV13,,1,1,0,0.01,1,0,0,0,0,1,0,0,0,0,national
2025,LA,22033,East Baton Rouge,5493001JT9MT3Z3Y3M39,,1,1,0,0.01,1,0,0,0,0,1,0,0,0,0,national
2025,LA,22033,East Baton Rouge,5493001LHLYJE6PHUL18,,1,1,0,0.01,0,0,1,0,0,0,0,1,0,0,national
2025,LA,22033,East Baton Rouge,54930020YWIK7HGH2R34,,1,1,0,0.01,1,0,0,0,0,1,0,0,0,0,national
2025,LA,22033,East Baton Rouge,54930039IUN6515TBG78,,4,1,1,0.01,2,2,0,0,0,1,0,0,0,0,national
2025,LA,22033,East Baton Rouge,5493003JBN8UEVOU8O42,,2,1,0,0.01,2,0,0,0,0,1,0,0,0,0,national
2025,LA,22033,East Baton Rouge,5493003SOHU5A9BPKB06,,2,1,1,0.01,2,0,0,0,0,1,0,0,0,0,national
2025,LA,22033,East Baton Rouge,5493003V40VGM7YDFM54,FIRST COLONY MORTGAGE CORPORATION,1,1,0,0.01,1,0,0,0,0,1,0,0,0,0,national
2025,LA,22033,East Baton Rouge,5493003X0GM1DHJIWC22,,1,1,0,0.01,1,0,0,0,0,1,0,0,0,0,national
2025,LA,22033,East Baton Rouge,5493004RLLKTQS8K7U51,,2,1,1,0.01,2,0,0,0,0,1,0,0,0,0,national
2025,LA,22033,East Baton Rouge,5493005EWJNDWPLNG328,,1,1,0,0.01,1,0,0,0,0,1,0,0,0,0,national
2025,LA,22033,East Baton Rouge,5493007CLWQN2S6IZK91,,3,1,1,0.01,2,0,1,0,0,0,0,1,0,0,national
2025,LA,22033,East Baton Rouge,5493007JVSQYT5Y2V066,,1,1,0,0.01,1,0,0,0,0,1,0,0,0,0,national
2025,LA,22033,East Baton Rouge,5493007VW2EU20PZYU97,INSPIRE HOME LOANS INC.,1,1,0,0.01,0,1,0,0,0,0,1,0,0,0,national
2025,LA,22033,East Baton Rouge,54930091JQKCU3Z6IP44,,59,1,5,0.01,59,0,0,0,0,1,0,0,0,0,national
2025,LA,22033,East Baton Rouge,549300ALNLUNS3Y53T24,AMERICAN FINANCING CORPORATION,15,1,8,0.01,6,9,0,0,0,0,1,0,0,0,national
2025,LA,22033,East Baton Rouge,549300B8JSCK4ZNVX087,MAX Credit Union,1,1,0,0.01,1,0,0,0,0,1,0,0,0,0,national
2025,LA,22033,East Baton Rouge,549300BLL6VL7AXWYP56,,3,1,0,0.01,3,0,0,0,0,1,0,0,0,0,national
2025,LA,22033,East Baton Rouge,549300BOXNV8VLRBDT24,,3,1,2,0.01,3,0,0,0,0,1,0,0,0,0,national
2025,LA,22033,East Baton Rouge,549300CKG3JGNHH34D61,,1,1,0,0.01,1,0,0,0,0,1,0,0,0,0,national
2025,LA,22033,East Baton Rouge,549300DB8DXY0GE82T18,,1,1,0,0.01,1,0,0,0,0,1,0,0,0,0,national
2025,LA,22033,East Baton Rouge,549300DNWSJUNAWUM003,,1,1,0,0.01,1,0,0,0,0,1,0,0,0,0,national
2025,LA,22033,East Baton Rouge,549300E3X7YDJIUENL65,,1,1,0,0.01,1,0,0,0,0,1,0,0,0,0,national
2025,LA,22033,East Baton Rouge,549300ELLMUEKP1JHB70,,1,1,0,0.01,1,0,0,0,0,1,0,0,0,0,national
2025,LA,22033,East Baton Rouge,549300ESV371MYVWQV54,,2,1,1,0.01,2,0,0,0,0,1,0,0,0,0,national
2025,LA,22033,East Baton Rouge,549300F376WY63AY7896,,1,1,0,0.01,1,0,0,0,0,1,0,0,0,0,national
2025,LA,22033,East Baton Rouge,549300FFVDRROF85IC57,,27,1,23,0.01,27,0,0,0,0,1,0,0,0,0,national
2025,LA,22033,East Baton Rouge,549300FJ9SHI3GDB7327,,1,1,0,0.01,1,0,0,0,0,1,0,0,0,0,national
2025,LA,22033,East Baton Rouge,549300G5DVGM0ZHRQC33,,1,1,0,0.01,0,0,1,0,0,0,0,1,0,0,national
2025,LA,22033,East Baton Rouge,549300I1HK1BBZLKOB84,,1,1,0,0.01,1,0,0,0,0,1,0,0,0,0,national
2025,LA,22033,East Baton Rouge,549300IBT3SCF2K09D58,,1,1,0,0.01,1,0,0,0,0,1,0,0,0,0,national
2025,LA,22033,East Baton Rouge,549300J6N77Q8OHYNF23,,1,1,0,0.01,1,0,0,0,0,1,0,0,0,0,national
2025,LA,22033,East Baton Rouge,549300JGK6WNKYXQ0821,,2,1,0,0.01,2,0,0,0,0,1,0,0,0,0,national
2025,LA,22033,East Baton Rouge,549300JXWG67QZF4I652,,1,1,0,0.01,1,0,0,0,0,1,0,0,0,0,national
2025,LA,22033,East Baton Rouge,549300KIOYNU323LVJ37,AMERICAN PACIFIC MORTGAGE CORPORATION,2,1,0,0.01,1,0,1,0,0,0,0,1,0,0,national
2025,LA,22033,East Baton Rouge,549300KPBZCTMM3Y0061,,2,1,0,0.01,2,0,0,0,0,1,0,0,0,0,national
2025,LA,22033,East Baton Rouge,549300KQHWNSVCE2MY88,,1,1,0,0.01,1,0,0,0,0,1,0,0,0,0,national
2025,LA,22033,East Baton Rouge,549300KTR1JGH3K6LU06,FOURLEAF,3,1,2,0.01,3,0,0,0,0,1,0,0,0,0,national
2025,LA,22033,East Baton Rouge,549300KX4S1573HISS22,,1,1,0,0.01,1,0,0,0,0,1,0,0,0,0,national
2025,LA,22033,East Baton Rouge,549300LDX1HCIL448282,,2,1,1,0.01,2,0,0,0,0,1,0,0,0,0,national
2025,LA,22033,East Baton Rouge,549300MEK4ETDCVHFB89,,2,1,0,0.01,2,0,0,0,0,1,0,0,0,0,national
2025,LA,22033,East Baton Rouge,549300N968Y85YXDX139,,1,1,0,0.01,1,0,0,0,0,1,0,0,0,0,national
2025,LA,22033,East Baton Rouge,549300NT030LXB2A8T82,"MY MORTGAGE, INC.",1,1,0,0.01,0,1,0,0,0,0,1,0,0,0,national
2025,LA,22033,East Baton Rouge,549300NWBS6MQJX15N44,,1,1,0,0.01,1,0,0,0,0,1,0,0,0,0,national
2025,LA,22033,East Baton Rouge,549300OSY236S7MBKO83,,1,1,0,0.01,0,1,0,0,0,0,1,0,0,0,national
2025,LA,22033,East Baton Rouge,549300PD2JKG2Z95GK78,,1,1,0,0.01,1,0,0,0,0,1,0,0,0,0,national
2025,LA,22033,East Baton Rouge,549300PGV74J5SPHTG47,,1,1,0,0.01,1,0,0,0,0,1,0,0,0,0,national
2025,LA,22033,East Baton Rouge,549300PI7Z6DG3QE2087,,1,1,0,0.01,1,0,0,0,0,1,0,0,0,0,national
2025,LA,22033,East Baton Rouge,549300PL267CW8182203,,3,1,0,0.01,0,0,3,0,0,0,0,1,0,0,national
2025,LA,22033,East Baton Rouge,549300PL8ER6H23P0Z91,,1,1,0,0.01,1,0,0,0,0,1,0,0,0,0,national
2025,LA,22033,East Baton Rouge,549300Q2Y7B8UEC43S54,,1,1,0,0.01,1,0,0,0,0,1,0,0,0,0,national
2025,LA,22033,East Baton Rouge,549300R7HGHP2I754087,TOWNE MORTGAGE COMPANY,1,1,0,0.01,1,0,0,0,0,1,0,0,0,0,national
2025,LA,22033,East Baton Rouge,549300REENMLD2RN3W58,"Magnolia Bank, Incorporated",3,1,2,0.01,0,0,3,0,0,0,0,1,0,0,national
2025,LA,22033,East Baton Rouge,549300RFLICNI75BG067,Luminate Bank,1,1,0,0.01,0,1,0,0,0,0,1,0,0,0,national
2025,LA,22033,East Baton Rouge,549300RZIWJWJ035S336,,1,1,0,0.01,1,0,0,0,0,1,0,0,0,0,national
2025,LA,22033,East Baton Rouge,549300SI3EZ7U02L5E39,,1,1,0,0.01,1,0,0,0,0,1,0,0,0,0,national
2025,LA,22033,East Baton Rouge,549300T5QSL6MC8M4D04,"NORWICH COMMERCIAL GROUP, INC.",4,1,0,0.01,0,0,4,0,0,0,0,1,0,0,national
2025,LA,22033,East Baton Rouge,549300T9P3WXNMXX0I34,Ixonia Bank,1,1,0,0.01,1,0,0,0,0,1,0,0,0,0,national
2025,LA,22033,East Baton Rouge,549300UXY7OP0IC38293,Northpointe Bank,2,1,0,0.01,0,2,0,0,0,0,1,0,0,0,national
2025,LA,22033,East Baton Rouge,549300VQUTI5IU7GXT57,SECURITYNATIONAL MORTGAGE COMPANY,1,1,0,0.01,1,0,0,0,0,1,0,0,0,0,national
2025,LA,22033,East Baton Rouge,549300WRDGBHKR1BXL98,,2,1,0,0.01,1,1,0,0,0,0,1,0,0,0,national
2025,LA,22033,East Baton Rouge,549300WYBPIWKK6SQC06,Bell Bank,1,1,0,0.01,1,0,0,0,0,1,0,0,0,0,national
2025,LA,22033,East Baton Rouge,549300XQ7B5FIVUNFE29,VAN DYK MORTGAGE CORPORATION,1,1,0,0.01,0,1,0,0,0,0,1,0,0,0,national
2025,LA,22033,East Baton Rouge,549300YM15OICCNPH537,,1,1,0,0.01,1,0,0,0,0,1,0,0,0,0,national
2025,LA,22033,East Baton Rouge,549300YX5RPSSMR88K92,,1,1,0,0.01,1,0,0,0,0,1,0,0,0,0,national
2025,LA,22033,East Baton Rouge,549300ZMSSTP768USP32,,3,1,0,0.01,1,0,2,0,0,0,0,1,0,0,national
2025,LA,22033,East Baton Rouge,89450088V2BYQUO61B62,,1,1,0,0.01,1,0,0,0,0,1,0,0,0,0,national
2025,LA,22033,East Baton Rouge,984500CD6F0743B8F530,,1,1,0,0.01,0,0,1,0,0,0,0,1,0,0,national
2025,LA,22033,East Baton Rouge,COINQMNIM6RBU631DD85,Arvest Bank,1,1,0,0.01,1,0,0,0,0,1,0,0,0,0,national
2025,LA,22033,East Baton Rouge,JJKC32MCHWDI71265Z06,Truist Bank,8,1,0,0.01,7,0,1,0,0,1,0,0,0,0,national
2025,LA,22033,East Baton Rouge,R6KJ2D7C3UT8OVTWHS39,,2,1,1,0.01,2,0,0,0,0,1,0,0,0,0,national
2025,LA,22033,East Baton Rouge,ZXMJHJK466PBZTM5F379,,2,1,0,0.01,2,0,0,0,0,1,0,0,0,0,national
2025,LA,22033,East Baton Rouge,2549009X2AG1P20YAJ63,,6,0,2,0.0,6,0,0,0,0,0,0,0,0,0,national
2025,LA,22033,East Baton Rouge,549300Q50XCC0473FG63,,5,0,4,0.0,5,0,0,0,0,0,0,0,0,0,national
2025,LA,22033,East Baton Rouge,549300XCVBRR56D08F03,,15,0,2,0.0,5,10,0,0,0,0,0,0,0,0,national
2025,LA,22033,East Baton Rouge,984500F03B9034CQB904,,7,0,1,0.0,7,0,0,0,0,0,0,0,0,0,national
2025,LA,22033,East Baton Rouge,C398JSK21YCXWM603F55,"Barrington Bank & Trust Company, National Association",5,0,0,0.0,1,2,2,0,0,0,0,0,0,0,national
2025,LA,22051,Jefferson,5493008RSN6F31BTGT93,Gulf Coast Bank and Trust Company,520,395,49,7.59,427,79,12,2,0,328,57,10,0,0,national
2025,LA,22051,Jefferson,549300FGXN1K3HLB1R50,"Rocket Mortgage, LLC",553,357,127,6.86,366,141,46,0,0,241,85,31,0,0,national
2025,LA,22051,Jefferson,549300HW662MN1WU8550,"United Wholesale Mortgage, LLC",500,332,92,6.38,264,170,64,2,0,186,105,39,2,0,national
2025,LA,22051,Jefferson,NSGZD26XPW2CUM2JKU70,HANCOCK WHITNEY BANK,528,320,116,6.15,495,27,5,1,0,303,13,4,0,0,national
2025,LA,22051,Jefferson,549300DD4R4SYK5RAQ92,"MOVEMENT MORTGAGE, LLC",308,214,16,4.11,196,92,16,4,0,138,61,14,1,0,national
2025,LA,22051,Jefferson,549300LE3ZOZXUS7W648,FIDELITY BANK,335,210,46,4.04,282,36,15,2,0,180,19,9,2,0,national
2025,LA,22051,Jefferson,COOWI3L2W9TPYR3WJX37,First Horizon Bank,293,198,40,3.81,258,26,8,1,0,174,17,6,1,0,national
2025,LA,22051,Jefferson,EQTWLK1G7ODGC2MGLV11,Regions Bank,425,159,194,3.06,401,21,3,0,0,150,8,1,0,0,national
2025,LA,22051,Jefferson,549300DG3IV05V4C4E03,EUSTIS MORTGAGE CORPORATION,198,134,8,2.58,115,69,12,2,0,77,51,5,1,0,national
2025,LA,22051,Jefferson,7H6GLXDRUGQFU57RNE97,"JPMorgan Chase Bank, National Association",216,120,33,2.31,203,10,3,0,0,112,6,2,0,0,national
2025,LA,22051,Jefferson,549300MCPCNPQAOB4032,GMFS LLC,171,114,5,2.19,95,60,5,11,0,57,47,3,7,0,national
2025,LA,22051,Jefferson,549300LYRWPSYPK6S325,FREEDOM MORTGAGE CORPORATION,231,107,17,2.06,26,138,67,0,0,6,65,36,0,0,national
2025,LA,22051,Jefferson,254900ZKVJDEYHV22276,OnPath Federal Credit Union,91,84,6,1.61,91,0,0,0,0,84,0,0,0,0,national
2025,LA,22051,Jefferson,RVDPPPGHCGZ40J4VQ731,"PENNYMAC LOAN SERVICES, LLC",195,82,24,1.58,96,69,27,3,0,41,24,17,0,0,national
2025,LA,22051,Jefferson,5493003GQDUH26DNNH17,Navy Federal Credit Union,223,79,64,1.52,188,0,35,0,0,63,0,16,0,0,national
2025,LA,22051,Jefferson,549300DD5QQUHO6PCH70,"MORTGAGE RESEARCH CENTER, LLC",148,62,37,1.19,20,9,118,1,0,4,4,54,0,0,national
2025,LA,22051,Jefferson,549300LBCBNR1OT00651,NATIONSTAR MORTGAGE LLC,93,62,13,1.19,79,13,1,0,0,55,7,0,0,0,national
2025,LA,22051,Jefferson,254900ACUWEGW702BR80,"FM Home Loans, LLC",71,60,0,1.15,71,0,0,0,0,60,0,0,0,0,national
2025,LA,22051,Jefferson,549300AG64NHILB7ZP05,"LOANDEPOT.COM, LLC",133,55,43,1.06,99,25,9,0,0,41,10,4,0,0,national
2025,LA,22051,Jefferson,549300FNXYY540N23N64,Newrez LLC,213,55,64,1.06,126,65,21,1,0,33,10,11,1,0,national
2025,LA,22051,Jefferson,549300K3SVNVK97FCP36,,80,54,18,1.04,80,0,0,0,0,54,0,0,0,0,national
2025,LA,22051,Jefferson,5493001F7QT2YW3K8D98,"DSLD MORTGAGE, LLC",80,50,10,0.96,26,38,10,6,0,19,19,8,4,0,national
2025,LA,22051,Jefferson,549300VZVN841I2ILS84,"CROSSCOUNTRY MORTGAGE, LLC",79,48,3,0.92,45,32,1,1,0,26,20,1,1,0,national
2025,LA,22051,Jefferson,549300Z78KW88BIQNR50,First American Bank and Trust,49,39,5,0.75,49,0,0,0,0,39,0,0,0,0,national
2025,LA,22051,Jefferson,5493002F9OWLKRICTY67,STANDARD MORTGAGE CORPORATION,69,38,12,0.73,50,13,3,3,0,29,7,1,1,0,national
2025,LA,22051,Jefferson,54930049L5WINET09Q97,"CLICK N' CLOSE, INC.",51,38,1,0.73,25,20,1,5,0,20,14,0,4,0,national
2025,LA,22051,Jefferson,5493002RF1ERFA2XR050,Renasant Bank,44,37,2,0.71,44,0,0,0,0,37,0,0,0,0,national
2025,LA,22051,Jefferson,5493006P5IHSK77SZ855,,50,37,2,0.71,13,35,1,1,0,7,29,0,1,0,national
2025,LA,22051,Jefferson,549300M03EN3OQEDU087,,119,36,63,0.69,106,8,3,2,0,32,2,1,1,0,national
2025,LA,22051,Jefferson,254900DTLHVWQ7NP7R34,"CMG Mortgage, Inc.",58,32,6,0.62,48,8,0,2,0,26,4,0,2,0,national
2025,LA,22051,Jefferson,549300121SF0K2LN2804,"PRIMELENDING, A PLAINSCAPITAL COMPANY",37,32,3,0.62,21,12,4,0,0,18,10,4,0,0,national
2025,LA,22051,Jefferson,549300Q3ROEQU3D1IW91,,48,32,8,0.62,48,0,0,0,0,32,0,0,0,0,national
2025,LA,22051,Jefferson,549300GKFNPRWNS0GF29,"AmeriHome Mortgage Company, LLC",49,31,4,0.6,25,20,2,2,0,16,13,2,0,0,national
2025,LA,22051,Jefferson,549300R77W0P105C3S50,HOMEXPRESS MORTGAGE CORP.,40,31,8,0.6,38,2,0,0,0,31,0,0,0,0,national
2025,LA,22051,Jefferson,549300II7Y8V2KY9TM28,,42,29,5,0.56,42,0,0,0,0,29,0,0,0,0,national
2025,LA,22051,Jefferson,549300SFG15JDKI5MD22,,41,28,7,0.54,40,1,0,0,0,28,0,0,0,0,national
2025,LA,22051,Jefferson,B4TYDEB6GKMZO031MB27,"Bank of America, National Association",85,28,30,0.54,85,0,0,0,0,28,0,0,0,0,national
2025,LA,22051,Jefferson,549300GTVXJ2PGXNLM73,T2 FINANCIAL LLC,35,27,1,0.52,19,11,3,2,0,15,9,1,2,0,national
2025,LA,22051,Jefferson,549300K4ZLGS7SRDTL86,Equity Prime Mortgage LLC,50,27,4,0.52,4,34,4,8,0,3,15,3,6,0,national
2025,LA,22051,Jefferson,5493007CXTOHZ2JBEJ61,"THE MORTGAGE FIRM, INC.",38,26,2,0.5,31,6,1,0,0,20,5,1,0,0,national
2025,LA,22051,Jefferson,5493008Q3XBC7O0Q4X02,,33,26,7,0.5,31,2,0,0,0,25,1,0,0,0,national
2025,LA,22051,Jefferson,549300OPCWU6E72WUT29,"MUTUAL OF OMAHA MORTGAGE, INC.",55,26,13,0.5,20,32,3,0,0,10,13,3,0,0,national
2025,LA,22051,Jefferson,254900UL88QFG0E40516,FIGURE LENDING LLC,64,25,17,0.48,64,0,0,0,0,25,0,0,0,0,national
2025,LA,22051,Jefferson,549300E2UX99HKDBR481,"NEW AMERICAN FUNDING, LLC",107,25,16,0.48,37,65,3,2,0,17,7,1,0,0,national
2025,LA,22051,Jefferson,549300O6Z0I6KYMESL47,AMWEST FUNDING CORP.,29,25,0,0.48,29,0,0,0,0,25,0,0,0,0,national
2025,LA,22051,Jefferson,549300JXWG67QZF4I652,,41,23,9,0.44,41,0,0,0,0,23,0,0,0,0,national
2025,LA,22051,Jefferson,54930021WPEXNHYZUL09,"PLANET HOME LENDING, LLC",31,22,8,0.42,2,16,11,2,0,1,11,8,2,0,national
2025,LA,22051,Jefferson,549300MUEGVFZ2155D91,,27,21,3,0.4,27,0,0,0,0,21,0,0,0,0,national
2025,LA,22051,Jefferson,254900RM3T6WAVE6SA24,,26,20,0,0.38,22,4,0,0,0,18,2,0,0,0,national
2025,LA,22051,Jefferson,5493001SXWZ4OFP8Z903,"DHI MORTGAGE COMPANY, LTD.",46,20,15,0.38,13,24,8,1,0,4,9,7,0,0,national
2025,LA,22051,Jefferson,549300MZ8VZJOVC63092,"KIND LENDING, LLC",31,20,7,0.38,15,11,4,1,0,9,7,3,1,0,national
2025,LA,22051,Jefferson,549300U3721PJGQZYY68,"GUARANTEED RATE, INC.",43,20,5,0.38,32,7,2,2,0,17,1,0,2,0,national
2025,LA,22051,Jefferson,KB1H1DSPRFMYMCUFXT09,"Wells Fargo Bank, National Association",37,20,11,0.38,33,3,1,0,0,18,2,0,0,0,national
2025,LA,22051,Jefferson,Q7C315HKI8VX0SSKBS64,Cadence Bank,23,20,1,0.38,23,0,0,0,0,20,0,0,0,0,national
2025,LA,22051,Jefferson,549300VORTI31GZTJL53,"CARDINAL FINANCIAL COMPANY, LIMITED PARTNERSHIP",31,19,1,0.37,21,9,0,1,0,12,6,0,1,0,national
2025,LA,22051,Jefferson,549300YIQ7S7Z8PIHE53,AMERISAVE MORTGAGE CORPORATION,101,19,68,0.37,64,34,3,0,0,13,5,1,0,0,national
2025,LA,22051,Jefferson,549300R9S3MVDV4MGF56,"CARRINGTON MORTGAGE SERVICES, LLC",90,18,45,0.35,49,32,7,2,0,11,6,1,0,0,national
2025,LA,22051,Jefferson,254900RUCO27MVGTO768,LOAN FUNDER LLC,30,17,6,0.33,30,0,0,0,0,17,0,0,0,0,national
2025,LA,22051,Jefferson,5493003JBN8UEVOU8O42,,30,17,5,0.33,30,0,0,0,0,17,0,0,0,0,national
2025,LA,22051,Jefferson,54930045J8O98TUGTW86,b1BANK,20,17,1,0.33,20,0,0,0,0,17,0,0,0,0,national
2025,LA,22051,Jefferson,5493008VVXQIDO1EZ460,"SUMMIT FUNDING, INC.",27,17,0,0.33,13,9,2,3,0,8,7,1,1,0,national
2025,LA,22051,Jefferson,549300OMHGOGEWTCI138,,18,17,1,0.33,18,0,0,0,0,17,0,0,0,0,national
2025,LA,22051,Jefferson,5493001WHVQBGRSWEU75,"HOMEBRIDGE FINANCIAL SERVICES, INC.",23,16,6,0.31,20,3,0,0,0,13,3,0,0,0,national
2025,LA,22051,Jefferson,5493006QG55R8V712J33,Red River Bank,20,16,4,0.31,19,1,0,0,0,16,0,0,0,0,national
2025,LA,22051,Jefferson,549300J7I82PNDVU8H22,"OCMBC, INC.",32,16,6,0.31,29,2,0,1,0,16,0,0,0,0,national
2025,LA,22051,Jefferson,549300PIL8LFAQ04XC20,Better Mortgage Corporation,79,16,42,0.31,79,0,0,0,0,16,0,0,0,0,national
2025,LA,22051,Jefferson,254900YPPMV9UM5FUW09,,20,15,0,0.29,15,5,0,0,0,12,3,0,0,0,national
2025,LA,22051,Jefferson,549300PQLK8E48ILXV41,,29,15,6,0.29,28,1,0,0,0,15,0,0,0,0,national
2025,LA,22051,Jefferson,549300RN01LBYR8ZVX74,"LOWER, LLC",21,15,1,0.29,11,9,1,0,0,7,7,1,0,0,national
2025,LA,22051,Jefferson,549300RPOGWJRH63HS39,UNION HOME MORTGAGE CORP.,22,15,2,0.29,15,5,1,1,0,13,2,0,0,0,national
2025,LA,22051,Jefferson,549300OEQLAPVDI0LD92,,16,14,1,0.27,16,0,0,0,0,14,0,0,0,0,national
2025,LA,22051,Jefferson,254900WTZC5SSKIN2M11,,15,13,1,0.25,15,0,0,0,0,13,0,0,0,0,national
2025,LA,22051,Jefferson,5493005PD34O8ZT7QT17,,16,13,2,0.25,16,0,0,0,0,13,0,0,0,0,national
2025,LA,22051,Jefferson,5493006GFSNOUCCL1W91,,18,13,1,0.25,18,0,0,0,0,13,0,0,0,0,national
2025,LA,22051,Jefferson,5493006VAGP3GQ8FJT49,"Kiavi Funding, Inc.",142,13,0,0.25,142,0,0,0,0,13,0,0,0,0,national
2025,LA,22051,Jefferson,549300F376WY63AY7896,,14,13,1,0.25,13,0,0,1,0,12,0,0,1,0,national
2025,LA,22051,Jefferson,2549004FXPNKCLIN8250,"Synergy One Lending, Inc.",21,12,1,0.23,11,9,1,0,0,7,4,1,0,0,national
2025,LA,22051,Jefferson,25490066WMF8ZMQXQB18,"Lendage, LLC",19,12,4,0.23,19,0,0,0,0,12,0,0,0,0,national
2025,LA,22051,Jefferson,X05BVSK68TQ7YTOSNR22,Discover Bank,101,12,61,0.23,101,0,0,0,0,12,0,0,0,0,national
2025,LA,22051,Jefferson,549300B1HO0P8G3WYQ31,,18,11,0,0.21,18,0,0,0,0,11,0,0,0,0,national
2025,LA,22051,Jefferson,549300XWUSRVVOHPRY47,Academy Mortgage Corporation,22,11,2,0.21,15,7,0,0,0,8,3,0,0,0,national
2025,LA,22051,Jefferson,549300Y5Y88FQLI7VE83,DEEPHAVEN MORTGAGE LLC,22,11,8,0.21,22,0,0,0,0,11,0,0,0,0,national
2025,LA,22051,Jefferson,C5654JQHZUHN0772B561,USAA Federal Savings Bank,30,11,13,0.21,22,0,8,0,0,10,0,1,0,0,national
2025,LA,22051,Jefferson,54930054ET8KM4O1D485,"SOFI BANK, NATIONAL ASSOCIATION",45,10,3,0.19,44,1,0,0,0,9,1,0,0,0,national
2025,LA,22051,Jefferson,549300AQ3T62GXDU7D76,GUILD MORTGAGE COMPANY LLC,18,10,0,0.19,7,10,1,0,0,6,3,1,0,0,national
2025,LA,22051,Jefferson,549300NOCASXPA34X033,"LAKEVIEW LOAN SERVICING, LLC",51,10,23,0.19,29,21,1,0,0,6,4,0,0,0,national
2025,LA,22051,Jefferson,549300PBTV7FCWLSMM53,,21,10,1,0.19,5,13,3,0,0,3,5,2,0,0,national
2025,LA,22051,Jefferson,549300SHK8JZR89HEF81,,11,10,0,0.19,11,0,0,0,0,10,0,0,0,0,national
2025,LA,22051,Jefferson,549300VCMRO4ST680C11,VILLAGE CAPITAL & INVESTMENT LLC,35,10,7,0.19,0,19,16,0,0,0,4,6,0,0,national
2025,LA,22051,Jefferson,549300XY701IELCE5Q08,BETTER MORTGAGE CORPORATION,37,10,7,0.19,27,8,2,0,0,8,2,0,0,0,national
2025,LA,22051,Jefferson,213800XR2TCBQJSF1X93,,13,9,0,0.17,11,1,1,0,0,8,1,0,0,0,national
2025,LA,22051,Jefferson,254900WEP08K7U7S3A80,,12,9,2,0.17,4,6,2,0,0,4,4,1,0,0,national
2025,LA,22051,Jefferson,254900YA1AQXNM8QVZ06,,9,9,0,0.17,9,0,0,0,0,9,0,0,0,0,national
2025,LA,22051,Jefferson,SS1TRMSN6BRNMOREEV51,"Flagstar Bank, National Association",13,9,4,0.17,7,5,0,1,0,4,5,0,0,0,national
2025,LA,22051,Jefferson,2549001SI0EMFPT39035,"Cornerstone First Mortgage, Inc",14,8,0,0.15,6,6,0,2,0,3,3,0,2,0,national
2025,LA,22051,Jefferson,5493008NWHQT1R22C024,"AMERICAN FINANCIAL NETWORK, INC.",18,8,5,0.15,5,10,1,2,0,2,4,1,1,0,national
2025,LA,22051,Jefferson,549300FX7K8PTEQUU487,PENTAGON FEDERAL CREDIT UNION,19,8,10,0.15,16,1,2,0,0,8,0,0,0,0,national
2025,LA,22051,Jefferson,549300KJ8PAJ7E52HG32,Plains Commerce Bank,11,8,1,0.15,5,6,0,0,0,5,3,0,0,0,national
2025,LA,22051,Jefferson,549300PGV74J5SPHTG47,,10,8,0,0.15,10,0,0,0,0,8,0,0,0,0,national
2025,LA,22051,Jefferson,549300R7HGHP2I754087,TOWNE MORTGAGE COMPANY,9,8,0,0.15,3,4,1,1,0,3,4,1,0,0,national
2025,LA,22051,Jefferson,549300T1KLQQ7B84EZ41,,10,8,1,0.15,9,0,0,1,0,7,0,0,1,0,national
2025,LA,22051,Jefferson,549300V1ZDKDQXFW3339,,25,8,11,0.15,25,0,0,0,0,8,0,0,0,0,national
2025,LA,22051,Jefferson,25490095CTOC97LRQD90,,10,7,2,0.13,10,0,0,0,0,7,0,0,0,0,national
2025,LA,22051,Jefferson,5493004OB0KD7VERQW98,,12,7,0,0.13,7,3,2,0,0,3,2,2,0,0,national
2025,LA,22051,Jefferson,549300EKFFG3BU8DNX74,NEXERA HOLDING LLC,14,7,0,0.13,14,0,0,0,0,7,0,0,0,0,national
2025,LA,22051,Jefferson,549300OJTK0IPSNDA832,,11,7,2,0.13,8,3,0,0,0,6,1,0,0,0,national
2025,LA,22051,Jefferson,549300TA4MQM8WN2XG31,,16,7,0,0.13,16,0,0,0,0,7,0,0,0,0,national
2025,LA,22051,Jefferson,6BYL5QZYBDK8S7L73M02,U.S. Bank National Association,28,7,18,0.13,27,0,1,0,0,7,0,0,0,0,national
2025,LA,22051,Jefferson,254900FBWEZ3YUPOBN33,,10,6,1,0.12,10,0,0,0,0,6,0,0,0,0,national
2025,LA,22051,Jefferson,5493002B2WMHY23GFK92,"AMERICAN FINANCIAL RESOURCES, INC.",11,6,1,0.12,5,5,0,1,0,2,3,0,1,0,national
2025,LA,22051,Jefferson,549300G5DVGM0ZHRQC33,,7,6,1,0.12,0,0,7,0,0,0,0,6,0,0,national
2025,LA,22051,Jefferson,549300GS0W0TEUQS8571,"Morgan Stanley Private Bank, National Association",9,6,0,0.12,9,0,0,0,0,6,0,0,0,0,national
2025,LA,22051,Jefferson,549300JYXTZDSPJEPI44,"PLAZA HOME MORTGAGE, INC.",13,6,5,0.12,5,6,2,0,0,2,2,2,0,0,national
2025,LA,22051,Jefferson,549300SUCQ1358EGVE89,"NEW DAY FINANCIAL, LLC",60,6,22,0.12,0,5,55,0,0,0,0,6,0,0,national
2025,LA,22051,Jefferson,549300UG7QXKM7KGV847,,14,6,6,0.12,13,1,0,0,0,5,1,0,0,0,national
2025,LA,22051,Jefferson,549300XCVBRR56D08F03,,26,6,0,0.12,18,8,0,0,0,5,1,0,0,0,national
2025,LA,22051,Jefferson,549300YMIOLU51FSTO86,"CONSTRUCTIVE LOANS, LLC",7,6,0,0.12,7,0,0,0,0,6,0,0,0,0,national
2025,LA,22051,Jefferson,CKVBED0S4DMLKJJ5XH28,Stifel Bank and Trust,6,6,0,0.12,6,0,0,0,0,6,0,0,0,0,national
2025,LA,22051,Jefferson,2549005SIVTHG14U2905,A&D Mortgage LLC,10,5,0,0.1,10,0,0,0,0,5,0,0,0,0,national
2025,LA,22051,Jefferson,254900HA4DQWAE0W3342,"AMERIHOME MORTGAGE COMPANY, LLC",17,5,2,0.1,2,15,0,0,0,0,5,0,0,0,national
2025,LA,22051,Jefferson,254900ZX1UPIG2E7TH11,"ASSURANCE FINANCIAL GROUP, L.L.C.",11,5,1,0.1,6,4,1,0,0,4,1,0,0,0,national
2025,LA,22051,Jefferson,54930027GUR70U427Y19,,8,5,0,0.1,8,0,0,0,0,5,0,0,0,0,national
2025,LA,22051,Jefferson,549300370QILXLFUWD20,"ZILLOW HOME LOANS, LLC",7,5,0,0.1,7,0,0,0,0,5,0,0,0,0,national
2025,LA,22051,Jefferson,5493006RIR31ORKYB608,,6,5,0,0.1,0,6,0,0,0,0,5,0,0,0,national
2025,LA,22051,Jefferson,549300ALNLUNS3Y53T24,AMERICAN FINANCING CORPORATION,17,5,5,0.1,10,7,0,0,0,4,1,0,0,0,national
2025,LA,22051,Jefferson,549300KSOOZZVXCMA627,ANGEL OAK MORTGAGE SOLUTIONS LLC,9,5,0,0.1,9,0,0,0,0,5,0,0,0,0,national
2025,LA,22051,Jefferson,549300Q50XCC0473FG63,,7,5,1,0.1,7,0,0,0,0,5,0,0,0,0,national
2025,LA,22051,Jefferson,549300U18MOAH5F95P15,EFCU FINANCIAL,6,5,1,0.1,6,0,0,0,0,5,0,0,0,0,national
2025,LA,22051,Jefferson,549300UR5AOWTJJ7KZ64,,9,5,0,0.1,9,0,0,0,0,5,0,0,0,0,national
2025,LA,22051,Jefferson,549300ZWNETGFXTBBY03,"CANOPY MORTGAGE, LLC",8,5,1,0.1,4,3,0,1,0,4,0,0,1,0,national
2025,LA,22051,Jefferson,254900LTD432L5CHIZ48,,4,4,0,0.08,4,0,0,0,0,4,0,0,0,0,national
2025,LA,22051,Jefferson,254900WT4HAMDFWH3048,,4,4,0,0.08,0,4,0,0,0,0,4,0,0,0,national
2025,LA,22051,Jefferson,254900ZFWS2106HWPH46,"PARAMOUNT RESIDENTIAL MORTGAGE GROUP, INC.",6,4,0,0.08,3,1,0,2,0,2,0,0,2,0,national
2025,LA,22051,Jefferson,5493001GDRY0EL7VG372,"ARK-LA-TEX FINANCIAL SERVICES, LLC.",11,4,1,0.08,3,5,1,2,0,2,2,0,0,0,national
2025,LA,22051,Jefferson,5493004U68X0X5LVHY72,,9,4,2,0.08,9,0,0,0,0,4,0,0,0,0,national
2025,LA,22051,Jefferson,5493009F6BJDCZMZ7Y26,,6,4,0,0.08,1,4,0,1,0,0,3,0,1,0,national
2025,LA,22051,Jefferson,549300A5HHOL2ED18C72,,10,4,0,0.08,8,2,0,0,0,3,1,0,0,0,national
2025,LA,22051,Jefferson,549300EI8WIPSALARU71,,5,4,0,0.08,5,0,0,0,0,4,0,0,0,0,national
2025,LA,22051,Jefferson,549300GWD9H4FQ2VR805,,5,4,0,0.08,5,0,0,0,0,4,0,0,0,0,national
2025,LA,22051,Jefferson,549300PFJ7GCGDLB2E65,,6,4,0,0.08,4,2,0,0,0,3,1,0,0,0,national
2025,LA,22051,Jefferson,549300QKL5FUBZ8LSF50,"NATIONS DIRECT MORTGAGE, LLC",6,4,0,0.08,3,3,0,0,0,3,1,0,0,0,national
2025,LA,22051,Jefferson,549300S5YL3OH0IVCS62,FINANCE OF AMERICA REVERSE LLC,6,4,0,0.08,0,6,0,0,0,0,4,0,0,0,national
2025,LA,22051,Jefferson,549300UV5JQXLGVWIP44,,7,4,2,0.08,7,0,0,0,0,4,0,0,0,0,national
2025,LA,22051,Jefferson,549300XPGZ2ODNN94697,,5,4,1,0.08,5,0,0,0,0,4,0,0,0,0,national
2025,LA,22051,Jefferson,2549002YTHQ90AS4OM73,,4,3,0,0.06,1,3,0,0,0,1,2,0,0,0,national
2025,LA,22051,Jefferson,254900E6AIE4Z8YQM970,Citadel Servicing Corporation,9,3,0,0.06,9,0,0,0,0,3,0,0,0,0,national
2025,LA,22051,Jefferson,254900HEJ9F73IMPX887,,8,3,1,0.06,8,0,0,0,0,3,0,0,0,0,national
2025,LA,22051,Jefferson,5493000EUC3MM52PJV85,,3,3,0,0.06,1,2,0,0,0,1,2,0,0,0,national
2025,LA,22051,Jefferson,5493000IIYWBLONJVJ30,,4,3,1,0.06,4,0,0,0,0,3,0,0,0,0,national
2025,LA,22051,Jefferson,54930091JQKCU3Z6IP44,,38,3,6,0.06,38,0,0,0,0,3,0,0,0,0,national
2025,LA,22051,Jefferson,549300CPKDUJKREQRG38,,4,3,1,0.06,4,0,0,0,0,3,0,0,0,0,national
2025,LA,22051,Jefferson,549300LROQOOQU77WS20,,6,3,2,0.06,4,2,0,0,0,3,0,0,0,0,national
2025,LA,22051,Jefferson,549300QAJ2SD5X8T7X10,Synergy Bank,3,3,0,0.06,3,0,0,0,0,3,0,0,0,0,national
2025,LA,22051,Jefferson,549300RA3E0BUFO7YZ21,"Hometown Equity Mortgage, LLC",10,3,6,0.06,9,1,0,0,0,3,0,0,0,0,national
2025,LA,22051,Jefferson,549300RM1IZYGQDSNL85,,7,3,0,0.06,4,1,2,0,0,1,1,1,0,0,national
2025,LA,22051,Jefferson,549300SK2GVCQXPD4S58,"SUN WEST MORTGAGE COMPANY, INC.",6,3,0,0.06,2,2,1,1,0,2,0,1,0,0,national
2025,LA,22051,Jefferson,549300VVH8HHFMWL8536,,4,3,1,0.06,4,0,0,0,0,3,0,0,0,0,national
2025,LA,22051,Jefferson,549300XQVJ1XBNFA5536,21ST MORTGAGE CORPORATION,20,3,10,0.06,20,0,0,0,0,3,0,0,0,0,national
2025,LA,22051,Jefferson,984500P059VACEAAFA22,,7,3,0,0.06,5,2,0,0,0,2,1,0,0,0,national
2025,LA,22051,Jefferson,C398JSK21YCXWM603F55,"Barrington Bank & Trust Company, National Association",5,3,2,0.06,1,0,4,0,0,0,0,3,0,0,national
2025,LA,22051,Jefferson,PINLJ7T7GLTF48NFP863,,3,3,0,0.06,3,0,0,0,0,3,0,0,0,0,national
2025,LA,22051,Jefferson,2549004Z576VEJBK3N72,"NQM FUNDING, LLC",2,2,0,0.04,2,0,0,0,0,2,0,0,0,0,national
2025,LA,22051,Jefferson,25490058TX0QV62WQ461,,3,2,0,0.04,3,0,0,0,0,2,0,0,0,0,national
2025,LA,22051,Jefferson,254900CTT87ZKAUTIJ37,,5,2,1,0.04,5,0,0,0,0,2,0,0,0,0,national
2025,LA,22051,Jefferson,254900TG14TB8RKS3U42,,3,2,0,0.04,3,0,0,0,0,2,0,0,0,0,national
2025,LA,22051,Jefferson,5493002Y5XYV7DV1ZV88,"GOLD STAR MORTGAGE FINANCIAL GROUP, CORPORATION",3,2,0,0.04,0,3,0,0,0,0,2,0,0,0,national
2025,LA,22051,Jefferson,54930052M48FOD3CWA54,"PRIMARY RESIDENTIAL MORTGAGE, INC.",3,2,0,0.04,2,0,0,1,0,2,0,0,0,0,national
2025,LA,22051,Jefferson,549300AENO88GEUWCZ39,,2,2,0,0.04,1,1,0,0,0,1,1,0,0,0,national
2025,LA,22051,Jefferson,549300CB67L6KPJLHE19,"TRIAD FINANCIAL SERVICES, INC.",12,2,6,0.04,12,0,0,0,0,2,0,0,0,0,national
2025,LA,22051,Jefferson,549300IJO7NO6VDZPD35,,5,2,0,0.04,3,2,0,0,0,1,1,0,0,0,national
2025,LA,22051,Jefferson,549300ISCZS1R0CJMO47,,3,2,0,0.04,3,0,0,0,0,2,0,0,0,0,national
2025,LA,22051,Jefferson,549300J6N77Q8OHYNF23,,2,2,0,0.04,1,1,0,0,0,1,1,0,0,0,national
2025,LA,22051,Jefferson,549300LI3FDGO7UKFF39,EAST COAST CAPITAL CORP.,2,2,0,0.04,1,1,0,0,0,1,1,0,0,0,national
2025,LA,22051,Jefferson,549300MHH03ICJYEPE85,,7,2,1,0.04,1,6,0,0,0,0,2,0,0,0,national
2025,LA,22051,Jefferson,549300PJ2WT35S77Q208,,6,2,2,0.04,1,4,0,1,0,1,1,0,0,0,national
2025,LA,22051,Jefferson,549300QBX5R3ZBD8FR12,,2,2,0,0.04,2,0,0,0,0,2,0,0,0,0,national
2025,LA,22051,Jefferson,549300R0SXC1JU7ZU290,"FIRST COMMUNITY MORTGAGE, INC.",2,2,0,0.04,1,1,0,0,0,1,1,0,0,0,national
2025,LA,22051,Jefferson,549300T94GSH3C4U5M59,ALLIANT CREDIT UNION,3,2,0,0.04,3,0,0,0,0,2,0,0,0,0,national
2025,LA,22051,Jefferson,549300W45D2J6BT4LX65,,2,2,0,0.04,2,0,0,0,0,2,0,0,0,0,national
2025,LA,22051,Jefferson,549300YW2UBCMDRMBT48,,2,2,0,0.04,1,1,0,0,0,1,1,0,0,0,national
2025,LA,22051,Jefferson,549300YX5RPSSMR88K92,,2,2,0,0.04,2,0,0,0,0,2,0,0,0,0,national
2025,LA,22051,Jefferson,549300ZPSJZO10ZAX556,"AMERICAN HERITAGE LENDING, LLC",2,2,0,0.04,2,0,0,0,0,2,0,0,0,0,national
2025,LA,22051,Jefferson,984500CD6F0743B8F530,,2,2,0,0.04,0,0,2,0,0,0,0,2,0,0,national
2025,LA,22051,Jefferson,AD6GFRVSDT01YPT1CS68,"PNC Bank, National Association",2,2,0,0.04,2,0,0,0,0,2,0,0,0,0,national
2025,LA,22051,Jefferson,D8RBTOL3JO2Q6IEO0F34,Origin Bank,2,2,0,0.04,2,0,0,0,0,2,0,0,0,0,national
2025,LA,22051,Jefferson,E57ODZWZ7FF32TWEFA76,"Citibank, National Association",6,2,0,0.04,6,0,0,0,0,2,0,0,0,0,national
2025,LA,22051,Jefferson,WWB2V0FCW3A0EE3ZJN75,Manufacturers and Traders Trust Company,4,2,2,0.04,3,1,0,0,0,2,0,0,0,0,national
2025,LA,22051,Jefferson,ZXMJHJK466PBZTM5F379,,3,2,1,0.04,3,0,0,0,0,2,0,0,0,0,national
2025,LA,22051,Jefferson,01J4SO3XTWZF4PP38209,Trustmark Bank,2,1,0,0.02,2,0,0,0,0,1,0,0,0,0,national
2025,LA,22051,Jefferson,1IE8VN30JCEQV1H4R804,,1,1,0,0.02,1,0,0,0,0,1,0,0,0,0,national
2025,LA,22051,Jefferson,2549002VH9C0PKB8K153,,2,1,1,0.02,2,0,0,0,0,1,0,0,0,0,national
2025,LA,22051,Jefferson,2549004XDCE3LGQW7H72,,1,1,0,0.02,1,0,0,0,0,1,0,0,0,0,national
2025,LA,22051,Jefferson,2549006MTEQ1VE0AAQ20,,1,1,0,0.02,1,0,0,0,0,1,0,0,0,0,national
2025,LA,22051,Jefferson,254900E9OABDJHASZ507,,1,1,0,0.02,1,0,0,0,0,1,0,0,0,0,national
2025,LA,22051,Jefferson,254900GVA8WBFNUQTV33,,1,1,0,0.02,1,0,0,0,0,1,0,0,0,0,national
2025,LA,22051,Jefferson,254900IEGKUDRDS23V26,,3,1,0,0.02,3,0,0,0,0,1,0,0,0,0,national
2025,LA,22051,Jefferson,254900KI7219LQKCI772,First Western Trust Bank,1,1,0,0.02,1,0,0,0,0,1,0,0,0,0,national
2025,LA,22051,Jefferson,254900M2C4Q6DATP2889,,13,1,4,0.02,2,7,4,0,0,0,1,0,0,0,national
2025,LA,22051,Jefferson,254900R51FSMCPO6HB07,The Evangeline Bank & Trust Company,1,1,0,0.02,1,0,0,0,0,1,0,0,0,0,national
2025,LA,22051,Jefferson,2WHM8VNJH63UN14OL754,The Huntington National Bank,2,1,0,0.02,2,0,0,0,0,1,0,0,0,0,national
2025,LA,22051,Jefferson,5493000JFVFQFL816N45,,1,1,0,0.02,1,0,0,0,0,1,0,0,0,0,national
2025,LA,22051,Jefferson,5493000YNV8IX4VD3X12,"VANDERBILT MORTGAGE AND FINANCE, INC.",24,1,14,0.02,24,0,0,0,0,1,0,0,0,0,national
2025,LA,22051,Jefferson,5493002QP2ONO47G5R24,,1,1,0,0.02,1,0,0,0,0,1,0,0,0,0,national
2025,LA,22051,Jefferson,5493002TJKC8NLH1ZP82,,1,1,0,0.02,1,0,0,0,0,1,0,0,0,0,national
2025,LA,22051,Jefferson,54930030Z1JWTP3SVD16,,9,1,0,0.02,0,9,0,0,0,0,1,0,0,0,national
2025,LA,22051,Jefferson,54930039UO39UJGI7078,TowneBank,1,1,0,0.02,0,0,1,0,0,0,0,1,0,0,national
2025,LA,22051,Jefferson,5493003SOHU5A9BPKB06,,3,1,0,0.02,3,0,0,0,0,1,0,0,0,0,national
2025,LA,22051,Jefferson,54930045EHC4UJU3BP73,,2,1,0,0.02,2,0,0,0,0,1,0,0,0,0,national
2025,LA,22051,Jefferson,54930048P8RWCQHQM310,,1,1,0,0.02,1,0,0,0,0,1,0,0,0,0,national
2025,LA,22051,Jefferson,5493004F7BXDIUFVPV87,,2,1,0,0.02,2,0,0,0,0,1,0,0,0,0,national
2025,LA,22051,Jefferson,5493004RLLKTQS8K7U51,,1,1,0,0.02,1,0,0,0,0,1,0,0,0,0,national
2025,LA,22051,Jefferson,5493004T9SQFCNRQ2L76,,2,1,0,0.02,2,0,0,0,0,1,0,0,0,0,national
2025,LA,22051,Jefferson,5493007CLWQN2S6IZK91,,1,1,0,0.02,0,0,1,0,0,0,0,1,0,0,national
2025,LA,22051,Jefferson,5493007L4GYNO2PUBS09,,4,1,0,0.02,1,3,0,0,0,0,1,0,0,0,national
2025,LA,22051,Jefferson,54930080168VA6Z8UX21,TOWER Federal Credit Union,1,1,0,0.02,1,0,0,0,0,1,0,0,0,0,national
2025,LA,22051,Jefferson,54930082VCNY40XPOB62,,1,1,0,0.02,1,0,0,0,0,1,0,0,0,0,national
2025,LA,22051,Jefferson,549300AEULLVYD8L9B04,,1,1,0,0.02,1,0,0,0,0,1,0,0,0,0,national
2025,LA,22051,Jefferson,549300AT7EB9FJAF0E61,Old National Bank,1,1,0,0.02,0,0,1,0,0,0,0,1,0,0,national
2025,LA,22051,Jefferson,549300BEM32ZRV7MJ178,,1,1,0,0.02,1,0,0,0,0,1,0,0,0,0,national
2025,LA,22051,Jefferson,549300BLL6VL7AXWYP56,,2,1,0,0.02,1,0,1,0,0,1,0,0,0,0,national
2025,LA,22051,Jefferson,549300BX448ALT10FI43,The Federal Savings Bank,18,1,3,0.02,2,2,14,0,0,0,0,1,0,0,national
2025,LA,22051,Jefferson,549300CY7WNAHKHYSJ73,,2,1,0,0.02,0,2,0,0,0,0,1,0,0,0,national
2025,LA,22051,Jefferson,549300DISOL963J03Q15,,1,1,0,0.02,1,0,0,0,0,1,0,0,0,0,national
2025,LA,22051,Jefferson,549300DMYENRV818D594,,2,1,1,0.02,1,0,1,0,0,0,0,1,0,0,national
2025,LA,22051,Jefferson,549300F6Y1YO2YXN6135,,1,1,0,0.02,1,0,0,0,0,1,0,0,0,0,national
2025,LA,22051,Jefferson,549300GRGZDEH4ZGQS06,WATERSTONE MORTGAGE CORPORATION,1,1,0,0.02,1,0,0,0,0,1,0,0,0,0,national
2025,LA,22051,Jefferson,549300IFOE4SCP384147,University Bank,1,1,0,0.02,1,0,0,0,0,1,0,0,0,0,national
2025,LA,22051,Jefferson,549300INFJ8TYNZ1G568,,1,1,0,0.02,1,0,0,0,0,1,0,0,0,0,national
2025,LA,22051,Jefferson,549300JGK6WNKYXQ0821,,1,1,0,0.02,1,0,0,0,0,1,0,0,0,0,national
2025,LA,22051,Jefferson,549300K2EV48DVSYNV15,,1,1,0,0.02,1,0,0,0,0,1,0,0,0,0,national
2025,LA,22051,Jefferson,549300KHXD7JSQUZIJ22,,1,1,0,0.02,1,0,0,0,0,1,0,0,0,0,national
2025,LA,22051,Jefferson,549300KQHWNSVCE2MY88,,2,1,1,0.02,2,0,0,0,0,1,0,0,0,0,national
2025,LA,22051,Jefferson,549300L0RZ1NED0NV967,,1,1,0,0.02,1,0,0,0,0,1,0,0,0,0,national
2025,LA,22051,Jefferson,549300LZUXCJFE5ONM48,,1,1,0,0.02,0,1,0,0,0,0,1,0,0,0,national
2025,LA,22051,Jefferson,549300MGPZBLQDIL7538,FAIRWAY INDEPENDENT MORTGAGE CORPORATION,2,1,0,0.02,0,2,0,0,0,0,1,0,0,0,national
2025,LA,22051,Jefferson,549300MVSM4XYFQL3X62,BARKSDALE,1,1,0,0.02,1,0,0,0,0,1,0,0,0,0,national
2025,LA,22051,Jefferson,549300MZ53GGF2499G54,,1,1,0,0.02,1,0,0,0,0,1,0,0,0,0,national
2025,LA,22051,Jefferson,549300NWBS6MQJX15N44,,1,1,0,0.02,1,0,0,0,0,1,0,0,0,0,national
2025,LA,22051,Jefferson,549300O0BQZ8YGYRA730,,1,1,0,0.02,1,0,0,0,0,1,0,0,0,0,national
2025,LA,22051,Jefferson,549300O2UK5FUZXQJO34,,1,1,0,0.02,1,0,0,0,0,1,0,0,0,0,national
2025,LA,22051,Jefferson,549300OPB0G5OMY0SM65,,1,1,0,0.02,1,0,0,0,0,1,0,0,0,0,national
2025,LA,22051,Jefferson,549300PC4MFWQBNVKG88,"V.I.P. MORTGAGE, INC.",2,1,0,0.02,0,2,0,0,0,0,1,0,0,0,national
2025,LA,22051,Jefferson,549300QCYEU2QLIWN517,,1,1,0,0.02,1,0,0,0,0,1,0,0,0,0,national
2025,LA,22051,Jefferson,549300QDGMFASKEN7Z77,BLAZE CREDIT UNION,1,1,0,0.02,1,0,0,0,0,1,0,0,0,0,national
2025,LA,22051,Jefferson,549300RFLICNI75BG067,Luminate Bank,2,1,0,0.02,0,2,0,0,0,0,1,0,0,0,national
2025,LA,22051,Jefferson,549300S8SHBRCI7UU819,,1,1,0,0.02,1,0,0,0,0,1,0,0,0,0,national
2025,LA,22051,Jefferson,549300T5QSL6MC8M4D04,"NORWICH COMMERCIAL GROUP, INC.",1,1,0,0.02,0,0,1,0,0,0,0,1,0,0,national
2025,LA,22051,Jefferson,549300TK6RZQSFXZHV09,,1,1,0,0.02,1,0,0,0,0,1,0,0,0,0,national
2025,LA,22051,Jefferson,549300TULDV69V2XKY60,,1,1,0,0.02,1,0,0,0,0,1,0,0,0,0,national
2025,LA,22051,Jefferson,549300U55IW4J0F8P008,,1,1,0,0.02,1,0,0,0,0,1,0,0,0,0,national
2025,LA,22051,Jefferson,549300UXY7OP0IC38293,Northpointe Bank,1,1,0,0.02,1,0,0,0,0,1,0,0,0,0,national
2025,LA,22051,Jefferson,549300VJQJVZKJBDWS17,"TOTAL MORTGAGE SERVICES, LLC",1,1,0,0.02,1,0,0,0,0,1,0,0,0,0,national
2025,LA,22051,Jefferson,549300X6ESK4SUBRYL85,,1,1,0,0.02,1,0,0,0,0,1,0,0,0,0,national
2025,LA,22051,Jefferson,549300YBAW8FZJWPB842,,2,1,0,0.02,2,0,0,0,0,1,0,0,0,0,national
2025,LA,22051,Jefferson,549300ZIXM1VUXPG4D03,,1,1,0,0.02,1,0,0,0,0,1,0,0,0,0,national
2025,LA,22051,Jefferson,549300ZMSSTP768USP32,,1,1,0,0.02,0,1,0,0,0,0,1,0,0,0,national
2025,LA,22051,Jefferson,9845005BP6974AE5D838,,2,1,0,0.02,2,0,0,0,0,1,0,0,0,0,national
2025,LA,22051,Jefferson,FU7RSW4CQQY98A2O7J66,"BOKF, National Association",2,1,1,0.02,2,0,0,0,0,1,0,0,0,0,national
2025,LA,22051,Jefferson,JJKC32MCHWDI71265Z06,Truist Bank,2,1,0,0.02,1,0,1,0,0,1,0,0,0,0,national
2025,LA,22051,Jefferson,KD3XUN7C6T14HNAYLU02,,1,1,0,0.02,1,0,0,0,0,1,0,0,0,0,national
2025,LA,22051,Jefferson,PAOOWF3GUFM46FBSP561,,9,1,0,0.02,6,3,0,0,0,0,1,0,0,0,national
2025,LA,22051,Jefferson,QFROUN1UWUYU0DVIWD51,"Eagle Home Mortgage, LLC",3,1,0,0.02,2,1,0,0,0,1,0,0,0,0,national
2025,LA,22051,Jefferson,984500F03B9034CQB904,,5,0,0,0.0,5,0,0,0,0,0,0,0,0,0,national
2025,LA,22055,Lafayette,549300HW662MN1WU8550,"United Wholesale Mortgage, LLC",659,506,69,10.46,348,195,100,16,0,279,137,75,15,0,national
2025,LA,22055,Lafayette,5493001F7QT2YW3K8D98,"DSLD MORTGAGE, LLC",493,369,36,7.63,219,170,49,55,0,167,128,41,33,0,national
2025,LA,22055,Lafayette,549300FGXN1K3HLB1R50,"Rocket Mortgage, LLC",381,261,69,5.4,281,68,32,0,0,192,47,22,0,0,national
2025,LA,22055,Lafayette,COOWI3L2W9TPYR3WJX37,First Horizon Bank,282,169,80,3.49,274,5,3,0,0,163,4,2,0,0,national
2025,LA,22055,Lafayette,NSGZD26XPW2CUM2JKU70,HANCOCK WHITNEY BANK,241,168,50,3.47,217,16,5,3,0,151,9,5,3,0,national
2025,LA,22055,Lafayette,5493001SXWZ4OFP8Z903,"DHI MORTGAGE COMPANY, LTD.",302,161,81,3.33,36,192,37,37,0,19,97,19,26,0,national
2025,LA,22055,Lafayette,254900ZX1UPIG2E7TH11,"ASSURANCE FINANCIAL GROUP, L.L.C.",177,139,5,2.87,118,37,11,11,0,92,30,10,7,0,national
2025,LA,22055,Lafayette,RVDPPPGHCGZ40J4VQ731,"PENNYMAC LOAN SERVICES, LLC",218,125,21,2.58,94,96,24,4,0,57,55,13,0,0,national
2025,LA,22055,Lafayette,549300MCPCNPQAOB4032,GMFS LLC,147,101,5,2.09,101,26,10,10,0,64,21,8,8,0,national
2025,LA,22055,Lafayette,5493002F9OWLKRICTY67,STANDARD MORTGAGE CORPORATION,117,88,5,1.82,85,22,8,2,0,62,18,6,2,0,national
2025,LA,22055,Lafayette,Q7C315HKI8VX0SSKBS64,Cadence Bank,128,84,20,1.74,117,10,1,0,0,77,7,0,0,0,national
2025,LA,22055,Lafayette,549300DG3IV05V4C4E03,EUSTIS MORTGAGE CORPORATION,106,83,1,1.72,41,37,14,14,0,31,27,13,12,0,national
2025,LA,22055,Lafayette,7H6GLXDRUGQFU57RNE97,"JPMorgan Chase Bank, National Association",117,83,12,1.72,108,7,2,0,0,76,6,1,0,0,national
2025,LA,22055,Lafayette,254900DTLHVWQ7NP7R34,"CMG Mortgage, Inc.",111,81,3,1.67,103,7,0,1,0,75,5,0,1,0,national
2025,LA,22055,Lafayette,549300MZ8VZJOVC63092,"KIND LENDING, LLC",111,81,23,1.67,52,40,14,5,0,39,27,11,4,0,national
2025,LA,22055,Lafayette,549300FNXYY540N23N64,Newrez LLC,162,75,25,1.55,95,31,29,7,0,44,10,17,4,0,national
2025,LA,22055,Lafayette,549300II7Y8V2KY9TM28,,99,75,6,1.55,98,0,0,1,0,74,0,0,1,0,national
2025,LA,22055,Lafayette,549300VZVN841I2ILS84,"CROSSCOUNTRY MORTGAGE, LLC",97,70,4,1.45,61,20,8,8,0,42,15,7,6,0,national
2025,LA,22055,Lafayette,549300LE3ZOZXUS7W648,FIDELITY BANK,95,67,8,1.39,61,26,1,7,0,43,18,0,6,0,national
2025,LA,22055,Lafayette,549300R7HGHP2I754087,TOWNE MORTGAGE COMPANY,74,61,3,1.26,12,37,10,15,0,9,32,8,12,0,national
2025,LA,22055,Lafayette,549300DD5QQUHO6PCH70,"MORTGAGE RESEARCH CENTER, LLC",135,57,32,1.18,10,2,123,0,0,2,0,55,0,0,national
2025,LA,22055,Lafayette,54930082VCNY40XPOB62,,64,54,5,1.12,64,0,0,0,0,54,0,0,0,0,national
2025,LA,22055,Lafayette,549300LYRWPSYPK6S325,FREEDOM MORTGAGE CORPORATION,144,50,12,1.03,22,64,58,0,0,8,17,25,0,0,national
2025,LA,22055,Lafayette,549300R0SXC1JU7ZU290,"FIRST COMMUNITY MORTGAGE, INC.",67,50,1,1.03,34,18,4,11,0,26,13,3,8,0,national
2025,LA,22055,Lafayette,54930049L5WINET09Q97,"CLICK N' CLOSE, INC.",74,48,7,0.99,23,28,1,22,0,15,18,1,14,0,national
2025,LA,22055,Lafayette,549300DISOL963J03Q15,,51,48,2,0.99,51,0,0,0,0,48,0,0,0,0,national
2025,LA,22055,Lafayette,549300K4ZLGS7SRDTL86,Equity Prime Mortgage LLC,96,45,12,0.93,9,47,18,22,0,1,24,5,15,0,national
2025,LA,22055,Lafayette,549300E8WNDXIPI7FA49,,48,43,0,0.89,48,0,0,0,0,43,0,0,0,0,national
2025,LA,22055,Lafayette,5493002B2WMHY23GFK92,"AMERICAN FINANCIAL RESOURCES, INC.",54,42,0,0.87,26,17,7,4,0,23,12,5,2,0,national
2025,LA,22055,Lafayette,5493001GDRY0EL7VG372,"ARK-LA-TEX FINANCIAL SERVICES, LLC.",53,41,1,0.85,19,24,0,10,0,14,20,0,7,0,national
2025,LA,22055,Lafayette,549300LBCBNR1OT00651,NATIONSTAR MORTGAGE LLC,74,40,18,0.83,57,12,5,0,0,30,5,5,0,0,national
2025,LA,22055,Lafayette,254900R51FSMCPO6HB07,The Evangeline Bank & Trust Company,43,38,1,0.79,43,0,0,0,0,38,0,0,0,0,national
2025,LA,22055,Lafayette,549300BWRXVFSDCUUY93,,42,36,0,0.74,42,0,0,0,0,36,0,0,0,0,national
2025,LA,22055,Lafayette,54930020YWIK7HGH2R34,,44,35,2,0.72,28,5,5,6,0,23,4,3,5,0,national
2025,LA,22055,Lafayette,549300FJ9SHI3GDB7327,,38,34,1,0.7,38,0,0,0,0,34,0,0,0,0,national
2025,LA,22055,Lafayette,549300RN01LBYR8ZVX74,"LOWER, LLC",38,34,1,0.7,23,11,2,2,0,19,11,2,2,0,national
2025,LA,22055,Lafayette,549300AG64NHILB7ZP05,"LOANDEPOT.COM, LLC",74,31,28,0.64,45,21,8,0,0,23,3,5,0,0,national
2025,LA,22055,Lafayette,549300RP00N9TM7RLE66,,45,31,3,0.64,45,0,0,0,0,31,0,0,0,0,national
2025,LA,22055,Lafayette,5493003GQDUH26DNNH17,Navy Federal Credit Union,80,30,16,0.62,63,0,17,0,0,22,0,8,0,0,national
2025,LA,22055,Lafayette,549300KIOYNU323LVJ37,AMERICAN PACIFIC MORTGAGE CORPORATION,41,30,4,0.62,18,14,2,7,0,12,9,2,7,0,national
2025,LA,22055,Lafayette,54930045J8O98TUGTW86,b1BANK,32,28,2,0.58,32,0,0,0,0,28,0,0,0,0,national
2025,LA,22055,Lafayette,5493006QG55R8V712J33,Red River Bank,35,28,2,0.58,31,2,0,2,0,25,2,0,1,0,national
2025,LA,22055,Lafayette,549300MJ3JU3Z2PH5H92,,28,28,0,0.58,28,0,0,0,0,28,0,0,0,0,national
2025,LA,22055,Lafayette,EQTWLK1G7ODGC2MGLV11,Regions Bank,80,28,37,0.58,75,3,0,2,0,26,1,0,1,0,national
2025,LA,22055,Lafayette,549300XV2UKEPAMX9H12,,36,26,5,0.54,36,0,0,0,0,26,0,0,0,0,national
2025,LA,22055,Lafayette,549300XQVJ1XBNFA5536,21ST MORTGAGE CORPORATION,318,24,207,0.5,318,0,0,0,0,24,0,0,0,0,national
2025,LA,22055,Lafayette,5493000YNV8IX4VD3X12,"VANDERBILT MORTGAGE AND FINANCE, INC.",362,23,181,0.48,362,0,0,0,0,23,0,0,0,0,national
2025,LA,22055,Lafayette,5493001GCBD5XGNIC815,Coastal Community Bank,75,22,2,0.45,75,0,0,0,0,22,0,0,0,0,national
2025,LA,22055,Lafayette,549300333JQWIP8NLK67,,37,22,6,0.45,37,0,0,0,0,22,0,0,0,0,national
2025,LA,22055,Lafayette,549300CB67L6KPJLHE19,"TRIAD FINANCIAL SERVICES, INC.",201,22,117,0.45,201,0,0,0,0,22,0,0,0,0,national
2025,LA,22055,Lafayette,549300IB375I8TZ2FA87,,27,22,2,0.45,27,0,0,0,0,22,0,0,0,0,national
2025,LA,22055,Lafayette,54930052M48FOD3CWA54,"PRIMARY RESIDENTIAL MORTGAGE, INC.",35,21,0,0.43,13,18,2,2,0,9,9,2,1,0,national
2025,LA,22055,Lafayette,549300I1HK1BBZLKOB84,,32,20,5,0.41,32,0,0,0,0,20,0,0,0,0,national
2025,LA,22055,Lafayette,549300E2UX99HKDBR481,"NEW AMERICAN FUNDING, LLC",67,19,8,0.39,21,38,7,1,0,9,5,4,1,0,national
2025,LA,22055,Lafayette,549300PBTV7FCWLSMM53,,38,18,3,0.37,10,20,8,0,0,1,11,6,0,0,national
2025,LA,22055,Lafayette,549300M4E3MK3F5GQW40,,18,17,0,0.35,18,0,0,0,0,17,0,0,0,0,national
2025,LA,22055,Lafayette,549300Q2Y7B8UEC43S54,,18,17,0,0.35,18,0,0,0,0,17,0,0,0,0,national
2025,LA,22055,Lafayette,549300RPOGWJRH63HS39,UNION HOME MORTGAGE CORP.,26,17,2,0.35,19,3,2,2,0,15,1,0,1,0,national
2025,LA,22055,Lafayette,254900ZFWS2106HWPH46,"PARAMOUNT RESIDENTIAL MORTGAGE GROUP, INC.",22,16,0,0.33,4,11,3,4,0,3,8,2,3,0,national
2025,LA,22055,Lafayette,549300I6BXTT1NLNPE10,,17,16,1,0.33,17,0,0,0,0,16,0,0,0,0,national
2025,LA,22055,Lafayette,549300RO0FORROX83086,,25,16,4,0.33,25,0,0,0,0,16,0,0,0,0,national
2025,LA,22055,Lafayette,549300JYXTZDSPJEPI44,"PLAZA HOME MORTGAGE, INC.",21,14,3,0.29,9,9,1,2,0,7,7,0,0,0,national
2025,LA,22055,Lafayette,549300KNRT5UGNCSXM31,,15,14,0,0.29,15,0,0,0,0,14,0,0,0,0,national
2025,LA,22055,Lafayette,254900E9OABDJHASZ507,,13,13,0,0.27,13,0,0,0,0,13,0,0,0,0,national
2025,LA,22055,Lafayette,549300OPCWU6E72WUT29,"MUTUAL OF OMAHA MORTGAGE, INC.",23,13,7,0.27,8,12,3,0,0,5,7,1,0,0,national
2025,LA,22055,Lafayette,549300T7HRS5DVBUPQ06,,15,13,0,0.27,8,5,2,0,0,7,5,1,0,0,national
2025,LA,22055,Lafayette,549300YIQ7S7Z8PIHE53,AMERISAVE MORTGAGE CORPORATION,83,13,61,0.27,42,32,9,0,0,8,4,1,0,0,national
2025,LA,22055,Lafayette,PINLJ7T7GLTF48NFP863,,15,13,1,0.27,15,0,0,0,0,13,0,0,0,0,national
2025,LA,22055,Lafayette,5493008RSN6F31BTGT93,Gulf Coast Bank and Trust Company,17,12,1,0.25,11,6,0,0,0,8,4,0,0,0,national
2025,LA,22055,Lafayette,25490058TX0QV62WQ461,,17,11,2,0.23,17,0,0,0,0,11,0,0,0,0,national
2025,LA,22055,Lafayette,254900UL88QFG0E40516,FIGURE LENDING LLC,37,11,16,0.23,37,0,0,0,0,11,0,0,0,0,national
2025,LA,22055,Lafayette,54930021WPEXNHYZUL09,"PLANET HOME LENDING, LLC",18,11,5,0.23,5,7,6,0,0,2,5,4,0,0,national
2025,LA,22055,Lafayette,549300AQ3T62GXDU7D76,GUILD MORTGAGE COMPANY LLC,15,11,0,0.23,5,6,3,1,0,2,6,2,1,0,national
2025,LA,22055,Lafayette,549300PIL8LFAQ04XC20,Better Mortgage Corporation,41,11,25,0.23,41,0,0,0,0,11,0,0,0,0,national
2025,LA,22055,Lafayette,549300PQLK8E48ILXV41,,15,11,2,0.23,15,0,0,0,0,11,0,0,0,0,national
2025,LA,22055,Lafayette,B4TYDEB6GKMZO031MB27,"Bank of America, National Association",35,11,11,0.23,35,0,0,0,0,11,0,0,0,0,national
2025,LA,22055,Lafayette,KB1H1DSPRFMYMCUFXT09,"Wells Fargo Bank, National Association",28,11,10,0.23,21,6,1,0,0,8,2,1,0,0,national
2025,LA,22055,Lafayette,5493001WHVQBGRSWEU75,"HOMEBRIDGE FINANCIAL SERVICES, INC.",15,10,5,0.21,8,5,2,0,0,6,3,1,0,0,national
2025,LA,22055,Lafayette,54930054ET8KM4O1D485,"SOFI BANK, NATIONAL ASSOCIATION",30,10,1,0.21,28,2,0,0,0,9,1,0,0,0,national
2025,LA,22055,Lafayette,6BYL5QZYBDK8S7L73M02,U.S. Bank National Association,22,10,9,0.21,20,1,1,0,0,8,1,1,0,0,national
2025,LA,22055,Lafayette,C5654JQHZUHN0772B561,USAA Federal Savings Bank,25,10,9,0.21,14,0,11,0,0,6,0,4,0,0,national
2025,LA,22055,Lafayette,54930045EHC4UJU3BP73,,10,9,1,0.19,10,0,0,0,0,9,0,0,0,0,national
2025,LA,22055,Lafayette,5493008NWHQT1R22C024,"AMERICAN FINANCIAL NETWORK, INC.",30,9,18,0.19,26,4,0,0,0,6,3,0,0,0,national
2025,LA,22055,Lafayette,549300A5HHOL2ED18C72,,20,9,0,0.19,5,9,6,0,0,2,4,3,0,0,national
2025,LA,22055,Lafayette,549300J24Z0NH1T4DR15,,11,9,0,0.19,11,0,0,0,0,9,0,0,0,0,national
2025,LA,22055,Lafayette,549300PI7Z6DG3QE2087,,9,9,0,0.19,9,0,0,0,0,9,0,0,0,0,national
2025,LA,22055,Lafayette,549300R9S3MVDV4MGF56,"CARRINGTON MORTGAGE SERVICES, LLC",68,9,37,0.19,31,31,5,1,0,3,5,1,0,0,national
2025,LA,22055,Lafayette,254900HA4DQWAE0W3342,"AMERIHOME MORTGAGE COMPANY, LLC",14,8,3,0.17,1,12,1,0,0,1,7,0,0,0,national
2025,LA,22055,Lafayette,549300323EON4W3CCM44,"RESICENTRAL, LLC",10,8,0,0.17,10,0,0,0,0,8,0,0,0,0,national
2025,LA,22055,Lafayette,549300NOCASXPA34X033,"LAKEVIEW LOAN SERVICING, LLC",47,8,23,0.17,15,24,8,0,0,5,1,2,0,0,national
2025,LA,22055,Lafayette,549300U18MOAH5F95P15,EFCU FINANCIAL,12,8,3,0.17,12,0,0,0,0,8,0,0,0,0,national
2025,LA,22055,Lafayette,549300VORTI31GZTJL53,"CARDINAL FINANCIAL COMPANY, LIMITED PARTNERSHIP",12,8,1,0.17,6,6,0,0,0,3,5,0,0,0,national
2025,LA,22055,Lafayette,2549004FXPNKCLIN8250,"Synergy One Lending, Inc.",16,7,0,0.14,12,2,0,2,0,6,1,0,0,0,national
2025,LA,22055,Lafayette,25490066WMF8ZMQXQB18,"Lendage, LLC",11,7,1,0.14,11,0,0,0,0,7,0,0,0,0,national
2025,LA,22055,Lafayette,5493005XMJQ1GSXUGT67,,10,7,0,0.14,7,2,1,0,0,4,2,1,0,0,national
2025,LA,22055,Lafayette,549300IJO7NO6VDZPD35,,9,7,0,0.14,3,6,0,0,0,3,4,0,0,0,national
2025,LA,22055,Lafayette,549300KW705BBINDIZ26,,9,7,2,0.14,8,0,0,1,0,7,0,0,0,0,national
2025,LA,22055,Lafayette,549300SUCQ1358EGVE89,"NEW DAY FINANCIAL, LLC",49,7,11,0.14,1,4,44,0,0,0,0,7,0,0,national
2025,LA,22055,Lafayette,549300UR5AOWTJJ7KZ64,,7,7,0,0.14,7,0,0,0,0,7,0,0,0,0,national
2025,LA,22055,Lafayette,X05BVSK68TQ7YTOSNR22,Discover Bank,49,7,29,0.14,49,0,0,0,0,7,0,0,0,0,national
2025,LA,22055,Lafayette,2549001SI0EMFPT39035,"Cornerstone First Mortgage, Inc",7,6,1,0.12,4,2,1,0,0,4,1,1,0,0,national
2025,LA,22055,Lafayette,254900RM3T6WAVE6SA24,,8,6,0,0.12,8,0,0,0,0,6,0,0,0,0,national
2025,LA,22055,Lafayette,5493000V86JDJLM0OV13,,6,6,0,0.12,6,0,0,0,0,6,0,0,0,0,national
2025,LA,22055,Lafayette,549300370QILXLFUWD20,"ZILLOW HOME LOANS, LLC",8,6,1,0.12,5,3,0,0,0,4,2,0,0,0,national
2025,LA,22055,Lafayette,549300EKFFG3BU8DNX74,NEXERA HOLDING LLC,8,6,0,0.12,8,0,0,0,0,6,0,0,0,0,national
2025,LA,22055,Lafayette,549300NO5XZV44V0UV76,,6,6,0,0.12,6,0,0,0,0,6,0,0,0,0,national
2025,LA,22055,Lafayette,549300SK2GVCQXPD4S58,"SUN WEST MORTGAGE COMPANY, INC.",15,6,2,0.12,2,7,6,0,0,1,4,1,0,0,national
2025,LA,22055,Lafayette,549300YBDQ281GX1LB13,,9,6,2,0.12,9,0,0,0,0,6,0,0,0,0,national
2025,LA,22055,Lafayette,5493006VAGP3GQ8FJT49,"Kiavi Funding, Inc.",9,5,3,0.1,9,0,0,0,0,5,0,0,0,0,national
2025,LA,22055,Lafayette,549300DD4R4SYK5RAQ92,"MOVEMENT MORTGAGE, LLC",5,5,0,0.1,5,0,0,0,0,5,0,0,0,0,national
2025,LA,22055,Lafayette,549300LLQD0X2OTG0Y27,,10,5,1,0.1,0,10,0,0,0,0,5,0,0,0,national
2025,LA,22055,Lafayette,549300LROQOOQU77WS20,,8,5,1,0.1,8,0,0,0,0,5,0,0,0,0,national
2025,LA,22055,Lafayette,549300VCMRO4ST680C11,VILLAGE CAPITAL & INVESTMENT LLC,30,5,7,0.1,1,13,16,0,0,1,0,4,0,0,national
2025,LA,22055,Lafayette,SS1TRMSN6BRNMOREEV51,"Flagstar Bank, National Association",8,5,1,0.1,3,4,0,1,0,1,3,0,1,0,national
2025,LA,22055,Lafayette,213800XR2TCBQJSF1X93,,5,4,0,0.08,5,0,0,0,0,4,0,0,0,0,national
2025,LA,22055,Lafayette,54930030Z1JWTP3SVD16,,6,4,1,0.08,1,4,1,0,0,1,2,1,0,0,national
2025,LA,22055,Lafayette,5493008ZTV4S0W9DCX64,,14,4,7,0.08,5,7,0,2,0,1,3,0,0,0,national
2025,LA,22055,Lafayette,549300C8GOC4OYUV0Z32,,4,4,0,0.08,4,0,0,0,0,4,0,0,0,0,national
2025,LA,22055,Lafayette,549300G5DVGM0ZHRQC33,,5,4,1,0.08,0,0,5,0,0,0,0,4,0,0,national
2025,LA,22055,Lafayette,549300GKFNPRWNS0GF29,"AmeriHome Mortgage Company, LLC",5,4,0,0.08,5,0,0,0,0,4,0,0,0,0,national
2025,LA,22055,Lafayette,549300J7I82PNDVU8H22,"OCMBC, INC.",6,4,1,0.08,5,1,0,0,0,3,1,0,0,0,national
2025,LA,22055,Lafayette,549300RA3E0BUFO7YZ21,"Hometown Equity Mortgage, LLC",5,4,1,0.08,5,0,0,0,0,4,0,0,0,0,national
2025,LA,22055,Lafayette,549300SFG15JDKI5MD22,,4,4,0,0.08,4,0,0,0,0,4,0,0,0,0,national
2025,LA,22055,Lafayette,549300XY701IELCE5Q08,BETTER MORTGAGE CORPORATION,19,4,9,0.08,17,2,0,0,0,4,0,0,0,0,national
2025,LA,22055,Lafayette,549300Y5Y88FQLI7VE83,DEEPHAVEN MORTGAGE LLC,5,4,1,0.08,5,0,0,0,0,4,0,0,0,0,national
2025,LA,22055,Lafayette,PAOOWF3GUFM46FBSP561,,6,4,0,0.08,5,0,1,0,0,3,0,1,0,0,national
2025,LA,22055,Lafayette,Q708HHR4LD2B7XIZNO92,First Federal Bank,4,4,0,0.08,3,0,1,0,0,3,0,1,0,0,national
2025,LA,22055,Lafayette,25490029ZGGK0O5HP605,,3,3,0,0.06,3,0,0,0,0,3,0,0,0,0,national
2025,LA,22055,Lafayette,254900HEJ9F73IMPX887,,6,3,1,0.06,5,1,0,0,0,3,0,0,0,0,national
2025,LA,22055,Lafayette,254900QNIR86GUIRYH95,,3,3,0,0.06,2,1,0,0,0,2,1,0,0,0,national
2025,LA,22055,Lafayette,254900WEP08K7U7S3A80,,8,3,4,0.06,4,3,1,0,0,2,1,0,0,0,national
2025,LA,22055,Lafayette,5493001P1J1K386Q4G58,,3,3,0,0.06,3,0,0,0,0,3,0,0,0,0,national
2025,LA,22055,Lafayette,549300ALNLUNS3Y53T24,AMERICAN FINANCING CORPORATION,11,3,6,0.06,2,6,3,0,0,0,1,2,0,0,national
2025,LA,22055,Lafayette,549300BBKMRS6J0CB539,,5,3,1,0.06,1,3,0,1,0,1,2,0,0,0,national
2025,LA,22055,Lafayette,549300BOXNV8VLRBDT24,,3,3,0,0.06,3,0,0,0,0,3,0,0,0,0,national
2025,LA,22055,Lafayette,549300GS0W0TEUQS8571,"Morgan Stanley Private Bank, National Association",4,3,1,0.06,4,0,0,0,0,3,0,0,0,0,national
2025,LA,22055,Lafayette,549300ISCZS1R0CJMO47,,5,3,1,0.06,4,1,0,0,0,3,0,0,0,0,national
2025,LA,22055,Lafayette,549300KJ8PAJ7E52HG32,Plains Commerce Bank,7,3,2,0.06,4,3,0,0,0,1,2,0,0,0,national
2025,LA,22055,Lafayette,549300M03EN3OQEDU087,,6,3,2,0.06,6,0,0,0,0,3,0,0,0,0,national
2025,LA,22055,Lafayette,549300MHH03ICJYEPE85,,5,3,0,0.06,0,5,0,0,0,0,3,0,0,0,national
2025,LA,22055,Lafayette,549300O6Z0I6KYMESL47,AMWEST FUNDING CORP.,3,3,0,0.06,3,0,0,0,0,3,0,0,0,0,national
2025,LA,22055,Lafayette,549300QBX5R3ZBD8FR12,,5,3,0,0.06,3,0,2,0,0,2,0,1,0,0,national
2025,LA,22055,Lafayette,549300S5YL3OH0IVCS62,FINANCE OF AMERICA REVERSE LLC,5,3,0,0.06,2,3,0,0,0,2,1,0,0,0,national
2025,LA,22055,Lafayette,549300TA4MQM8WN2XG31,,3,3,0,0.06,3,0,0,0,0,3,0,0,0,0,national
2025,LA,22055,Lafayette,549300UG7QXKM7KGV847,,8,3,3,0.06,7,1,0,0,0,2,1,0,0,0,national
2025,LA,22055,Lafayette,549300UXY7OP0IC38293,Northpointe Bank,3,3,0,0.06,3,0,0,0,0,3,0,0,0,0,national
2025,LA,22055,Lafayette,549300V1ZDKDQXFW3339,,10,3,5,0.06,10,0,0,0,0,3,0,0,0,0,national
2025,LA,22055,Lafayette,549300VVH8HHFMWL8536,,3,3,0,0.06,3,0,0,0,0,3,0,0,0,0,national
2025,LA,22055,Lafayette,2549001S0U8EFNDOG816,,2,2,0,0.04,2,0,0,0,0,2,0,0,0,0,national
2025,LA,22055,Lafayette,254900CTT87ZKAUTIJ37,,3,2,1,0.04,3,0,0,0,0,2,0,0,0,0,national
2025,LA,22055,Lafayette,254900TG14TB8RKS3U42,,6,2,1,0.04,4,2,0,0,0,1,1,0,0,0,national
2025,LA,22055,Lafayette,254900ZKVJDEYHV22276,OnPath Federal Credit Union,3,2,1,0.04,3,0,0,0,0,2,0,0,0,0,national
2025,LA,22055,Lafayette,54930001NSTOD85LT125,"GUARANTEED RATE AFFINITY, LLC",2,2,0,0.04,2,0,0,0,0,2,0,0,0,0,national
2025,LA,22055,Lafayette,5493000JFVFQFL816N45,,2,2,0,0.04,2,0,0,0,0,2,0,0,0,0,national
2025,LA,22055,Lafayette,54930027GUR70U427Y19,,3,2,0,0.04,3,0,0,0,0,2,0,0,0,0,national
2025,LA,22055,Lafayette,5493002RF1ERFA2XR050,Renasant Bank,2,2,0,0.04,2,0,0,0,0,2,0,0,0,0,national
2025,LA,22055,Lafayette,5493004R423PBPM6A173,,2,2,0,0.04,0,2,0,0,0,0,2,0,0,0,national
2025,LA,22055,Lafayette,5493006HFDG31YJ3MM36,,2,2,0,0.04,0,2,0,0,0,0,2,0,0,0,national
2025,LA,22055,Lafayette,54930091JQKCU3Z6IP44,,26,2,5,0.04,26,0,0,0,0,2,0,0,0,0,national
2025,LA,22055,Lafayette,549300CPKDUJKREQRG38,,2,2,0,0.04,2,0,0,0,0,2,0,0,0,0,national
2025,LA,22055,Lafayette,549300DOQN3O7NL3CA31,,2,2,0,0.04,2,0,0,0,0,2,0,0,0,0,national
2025,LA,22055,Lafayette,549300FX7K8PTEQUU487,PENTAGON FEDERAL CREDIT UNION,8,2,3,0.04,4,0,4,0,0,1,0,1,0,0,national
2025,LA,22055,Lafayette,549300G8SAGXEDF5FK39,,3,2,0,0.04,3,0,0,0,0,2,0,0,0,0,national
2025,LA,22055,Lafayette,549300IFOE4SCP384147,University Bank,2,2,0,0.04,2,0,0,0,0,2,0,0,0,0,national
2025,LA,22055,Lafayette,549300KSOOZZVXCMA627,ANGEL OAK MORTGAGE SOLUTIONS LLC,2,2,0,0.04,2,0,0,0,0,2,0,0,0,0,national
2025,LA,22055,Lafayette,549300KX4S1573HISS22,,3,2,0,0.04,3,0,0,0,0,2,0,0,0,0,national
2025,LA,22055,Lafayette,549300MQEDQYDJR8CP22,,3,2,0,0.04,3,0,0,0,0,2,0,0,0,0,national
2025,LA,22055,Lafayette,549300O1FOCD65WZ9873,,3,2,1,0.04,3,0,0,0,0,2,0,0,0,0,national
2025,LA,22055,Lafayette,549300OJTK0IPSNDA832,,2,2,0,0.04,1,1,0,0,0,1,1,0,0,0,national
2025,LA,22055,Lafayette,549300Q3ROEQU3D1IW91,,52,2,43,0.04,52,0,0,0,0,2,0,0,0,0,national
2025,LA,22055,Lafayette,549300R77W0P105C3S50,HOMEXPRESS MORTGAGE CORP.,2,2,0,0.04,2,0,0,0,0,2,0,0,0,0,national
2025,LA,22055,Lafayette,549300RM1IZYGQDSNL85,,3,2,0,0.04,0,1,2,0,0,0,1,1,0,0,national
2025,LA,22055,Lafayette,549300RYTR2RVL4SFJ90,,2,2,0,0.04,2,0,0,0,0,2,0,0,0,0,national
2025,LA,22055,Lafayette,549300VQUTI5IU7GXT57,SECURITYNATIONAL MORTGAGE COMPANY,2,2,0,0.04,1,1,0,0,0,1,1,0,0,0,national
2025,LA,22055,Lafayette,549300XCVBRR56D08F03,,14,2,0,0.04,7,5,2,0,0,1,0,1,0,0,national
2025,LA,22055,Lafayette,549300XED7IBK9VVQH70,"PIKE CREEK MORTGAGE SERVICES, INC.",2,2,0,0.04,2,0,0,0,0,2,0,0,0,0,national
2025,LA,22055,Lafayette,549300Z78KW88BIQNR50,First American Bank and Trust,2,2,0,0.04,2,0,0,0,0,2,0,0,0,0,national
2025,LA,22055,Lafayette,549300ZPSJZO10ZAX556,"AMERICAN HERITAGE LENDING, LLC",3,2,0,0.04,3,0,0,0,0,2,0,0,0,0,national
2025,LA,22055,Lafayette,549300ZWNETGFXTBBY03,"CANOPY MORTGAGE, LLC",6,2,0,0.04,3,1,2,0,0,0,0,2,0,0,national
2025,LA,22055,Lafayette,AD6GFRVSDT01YPT1CS68,"PNC Bank, National Association",2,2,0,0.04,2,0,0,0,0,2,0,0,0,0,national
2025,LA,22055,Lafayette,C398JSK21YCXWM603F55,"Barrington Bank & Trust Company, National Association",2,2,0,0.04,0,1,1,0,0,0,1,1,0,0,national
2025,LA,22055,Lafayette,DRMSV1Q0EKMEXLAU1P80,"Citizens Bank, National Association",3,2,1,0.04,3,0,0,0,0,2,0,0,0,0,national
2025,LA,22055,Lafayette,E57ODZWZ7FF32TWEFA76,"Citibank, National Association",8,2,2,0.04,8,0,0,0,0,2,0,0,0,0,national
2025,LA,22055,Lafayette,JJKC32MCHWDI71265Z06,Truist Bank,3,2,1,0.04,2,1,0,0,0,2,0,0,0,0,national
2025,LA,22055,Lafayette,01J4SO3XTWZF4PP38209,Trustmark Bank,1,1,0,0.02,0,1,0,0,0,0,1,0,0,0,national
2025,LA,22055,Lafayette,254900378RFGMBEKAF12,,1,1,0,0.02,1,0,0,0,0,1,0,0,0,0,national
2025,LA,22055,Lafayette,2549005SIVTHG14U2905,A&D Mortgage LLC,2,1,0,0.02,2,0,0,0,0,1,0,0,0,0,national
2025,LA,22055,Lafayette,25490095CTOC97LRQD90,,1,1,0,0.02,1,0,0,0,0,1,0,0,0,0,national
2025,LA,22055,Lafayette,254900FBWEZ3YUPOBN33,,1,1,0,0.02,1,0,0,0,0,1,0,0,0,0,national
2025,LA,22055,Lafayette,254900GVA8WBFNUQTV33,,1,1,0,0.02,1,0,0,0,0,1,0,0,0,0,national
2025,LA,22055,Lafayette,254900LTD432L5CHIZ48,,1,1,0,0.02,1,0,0,0,0,1,0,0,0,0,national
2025,LA,22055,Lafayette,254900M2C4Q6DATP2889,,6,1,1,0.02,0,4,2,0,0,0,1,0,0,0,national
2025,LA,22055,Lafayette,254900QRD0ZXHH08TX87,,1,1,0,0.02,0,0,0,1,0,0,0,0,1,0,national
2025,LA,22055,Lafayette,254900TTZ395IC926125,,1,1,0,0.02,1,0,0,0,0,1,0,0,0,0,national
2025,LA,22055,Lafayette,254900YA1AQXNM8QVZ06,,1,1,0,0.02,1,0,0,0,0,1,0,0,0,0,national
2025,LA,22055,Lafayette,254900YPPMV9UM5FUW09,,3,1,0,0.02,1,2,0,0,0,0,1,0,0,0,national
2025,LA,22055,Lafayette,337KMNHEWWWR6B7Q7W10,,1,1,0,0.02,0,1,0,0,0,0,1,0,0,0,national
2025,LA,22055,Lafayette,3Y4U8VZURTYWI1W2K376,BMO Bank National Association,2,1,1,0.02,2,0,0,0,0,1,0,0,0,0,national
2025,LA,22055,Lafayette,5493000IIYWBLONJVJ30,,2,1,0,0.02,2,0,0,0,0,1,0,0,0,0,national
2025,LA,22055,Lafayette,549300121SF0K2LN2804,"PRIMELENDING, A PLAINSCAPITAL COMPANY",3,1,1,0.02,3,0,0,0,0,1,0,0,0,0,national
2025,LA,22055,Lafayette,549300194LW0QMECAH75,,1,1,0,0.02,1,0,0,0,0,1,0,0,0,0,national
2025,LA,22055,Lafayette,5493001XKL0FTNOJ0866,,4,1,0,0.02,2,1,1,0,0,0,1,0,0,0,national
2025,LA,22055,Lafayette,5493001YIUWLFRXQUO81,,1,1,0,0.02,1,0,0,0,0,1,0,0,0,0,national
2025,LA,22055,Lafayette,54930048P8RWCQHQM310,,1,1,0,0.02,1,0,0,0,0,1,0,0,0,0,national
2025,LA,22055,Lafayette,5493004RLLKTQS8K7U51,,1,1,0,0.02,1,0,0,0,0,1,0,0,0,0,national
2025,LA,22055,Lafayette,5493004T9SQFCNRQ2L76,,1,1,0,0.02,1,0,0,0,0,1,0,0,0,0,national
2025,LA,22055,Lafayette,5493005JPZ3LXXMB0S24,"Carrington Mortgage Services, LLC",1,1,0,0.02,1,0,0,0,0,1,0,0,0,0,national
2025,LA,22055,Lafayette,5493005PD34O8ZT7QT17,,2,1,0,0.02,2,0,0,0,0,1,0,0,0,0,national
2025,LA,22055,Lafayette,5493005QK4NV0ZZ5EM64,,1,1,0,0.02,1,0,0,0,0,1,0,0,0,0,national
2025,LA,22055,Lafayette,549300684I276INJKK63,,2,1,0,0.02,2,0,0,0,0,1,0,0,0,0,national
2025,LA,22055,Lafayette,5493006RIR31ORKYB608,,1,1,0,0.02,1,0,0,0,0,1,0,0,0,0,national
2025,LA,22055,Lafayette,5493007CXTOHZ2JBEJ61,"THE MORTGAGE FIRM, INC.",2,1,0,0.02,2,0,0,0,0,1,0,0,0,0,national
2025,LA,22055,Lafayette,5493007Z7FTUKQGFMZ98,,1,1,0,0.02,1,0,0,0,0,1,0,0,0,0,national
2025,LA,22055,Lafayette,5493008VVXQIDO1EZ460,"SUMMIT FUNDING, INC.",2,1,0,0.02,1,1,0,0,0,0,1,0,0,0,national
2025,LA,22055,Lafayette,54930094EUD08LZEJR51,,1,1,0,0.02,1,0,0,0,0,1,0,0,0,0,national
2025,LA,22055,Lafayette,549300A0SVCQJPHVGV20,ALTRA Federal Credit Union,1,1,0,0.02,1,0,0,0,0,1,0,0,0,0,national
2025,LA,22055,Lafayette,549300BLL6VL7AXWYP56,,4,1,0,0.02,4,0,0,0,0,1,0,0,0,0,national
2025,LA,22055,Lafayette,549300CLRXFVF83ZL806,"NATIONWIDE MORTGAGE BANKERS, INC.",1,1,0,0.02,0,1,0,0,0,0,1,0,0,0,national
2025,LA,22055,Lafayette,549300CY7WNAHKHYSJ73,,1,1,0,0.02,1,0,0,0,0,1,0,0,0,0,national
2025,LA,22055,Lafayette,549300CYL5ZW4ISL7T55,,1,1,0,0.02,1,0,0,0,0,1,0,0,0,0,national
2025,LA,22055,Lafayette,549300DM6DAOPSF8HL78,,1,1,0,0.02,1,0,0,0,0,1,0,0,0,0,national
2025,LA,22055,Lafayette,549300EFCZM6KD6B8K69,MORTGAGE ACCESS CORP.,1,1,0,0.02,1,0,0,0,0,1,0,0,0,0,national
2025,LA,22055,Lafayette,549300G4ESSS6M0MEG51,ORIGINPOINT LLC,1,1,0,0.02,1,0,0,0,0,1,0,0,0,0,national
2025,LA,22055,Lafayette,549300GTVXJ2PGXNLM73,T2 FINANCIAL LLC,7,1,3,0.02,1,5,0,1,0,0,0,0,1,0,national
2025,LA,22055,Lafayette,549300GWD9H4FQ2VR805,,1,1,0,0.02,1,0,0,0,0,1,0,0,0,0,national
2025,LA,22055,Lafayette,549300HINJH60UG3KG47,,1,1,0,0.02,1,0,0,0,0,1,0,0,0,0,national
2025,LA,22055,Lafayette,549300HTRLFU2IIL4380,,1,1,0,0.02,1,0,0,0,0,1,0,0,0,0,national
2025,LA,22055,Lafayette,549300INFJ8TYNZ1G568,,1,1,0,0.02,1,0,0,0,0,1,0,0,0,0,national
2025,LA,22055,Lafayette,549300JVGOSG4QV2ZU37,,1,1,0,0.02,1,0,0,0,0,1,0,0,0,0,national
2025,LA,22055,Lafayette,549300KHXD7JSQUZIJ22,,1,1,0,0.02,1,0,0,0,0,1,0,0,0,0,national
2025,LA,22055,Lafayette,549300KTR1JGH3K6LU06,FOURLEAF,3,1,2,0.02,3,0,0,0,0,1,0,0,0,0,national
2025,LA,22055,Lafayette,549300LDX1HCIL448282,,1,1,0,0.02,1,0,0,0,0,1,0,0,0,0,national
2025,LA,22055,Lafayette,549300M63SGBHKKBOE21,,1,1,0,0.02,1,0,0,0,0,1,0,0,0,0,national
2025,LA,22055,Lafayette,549300MCIFZSDHUT8X63,"NFM, INC.",1,1,0,0.02,0,1,0,0,0,0,1,0,0,0,national
2025,LA,22055,Lafayette,549300MGPZBLQDIL7538,FAIRWAY INDEPENDENT MORTGAGE CORPORATION,1,1,0,0.02,1,0,0,0,0,1,0,0,0,0,national
2025,LA,22055,Lafayette,549300O0BQZ8YGYRA730,,1,1,0,0.02,1,0,0,0,0,1,0,0,0,0,national
2025,LA,22055,Lafayette,549300Q6YL1SFVPEGV90,,1,1,0,0.02,0,1,0,0,0,0,1,0,0,0,national
2025,LA,22055,Lafayette,549300QKL5FUBZ8LSF50,"NATIONS DIRECT MORTGAGE, LLC",3,1,1,0.02,0,3,0,0,0,0,1,0,0,0,national
2025,LA,22055,Lafayette,549300QVGK8WC4HQ3C28,,1,1,0,0.02,1,0,0,0,0,1,0,0,0,0,national
2025,LA,22055,Lafayette,549300SY0ZRUCS4CSY07,,2,1,1,0.02,2,0,0,0,0,1,0,0,0,0,national
2025,LA,22055,Lafayette,549300T94GSH3C4U5M59,ALLIANT CREDIT UNION,1,1,0,0.02,1,0,0,0,0,1,0,0,0,0,national
2025,LA,22055,Lafayette,549300U2B1ZNGX3H8U54,,1,1,0,0.02,1,0,0,0,0,1,0,0,0,0,national
2025,LA,22055,Lafayette,549300U3721PJGQZYY68,"GUARANTEED RATE, INC.",7,1,3,0.02,4,3,0,0,0,0,1,0,0,0,national
2025,LA,22055,Lafayette,549300UE4FFDNV7ELD54,,1,1,0,0.02,1,0,0,0,0,1,0,0,0,0,national
2025,LA,22055,Lafayette,549300VYK2WBD7SST478,,2,1,0,0.02,2,0,0,0,0,1,0,0,0,0,national
2025,LA,22055,Lafayette,549300W45D2J6BT4LX65,,1,1,0,0.02,1,0,0,0,0,1,0,0,0,0,national
2025,LA,22055,Lafayette,549300WRDGBHKR1BXL98,,1,1,0,0.02,1,0,0,0,0,1,0,0,0,0,national
2025,LA,22055,Lafayette,549300XAJENHWRM32Z86,,1,1,0,0.02,1,0,0,0,0,1,0,0,0,0,national
2025,LA,22055,Lafayette,549300XPGZ2ODNN94697,,1,1,0,0.02,1,0,0,0,0,1,0,0,0,0,national
2025,LA,22055,Lafayette,549300ZMSSTP768USP32,,1,1,0,0.02,1,0,0,0,0,1,0,0,0,0,national
2025,LA,22055,Lafayette,70WY0ID1N53Q4254VH70,,1,1,0,0.02,1,0,0,0,0,1,0,0,0,0,national
2025,LA,22055,Lafayette,984500F03B9034CQB904,,6,1,3,0.02,5,0,1,0,0,1,0,0,0,0,national
2025,LA,22055,Lafayette,984500FAD1FB7FEGTE82,,1,1,0,0.02,1,0,0,0,0,1,0,0,0,0,national
2025,LA,22055,Lafayette,984500RF83EA742B5589,,1,1,0,0.02,1,0,0,0,0,1,0,0,0,0,national
2025,LA,22055,Lafayette,D8RBTOL3JO2Q6IEO0F34,Origin Bank,1,1,0,0.02,1,0,0,0,0,1,0,0,0,0,national
2025,LA,22055,Lafayette,KD3XUN7C6T14HNAYLU02,,1,1,0,0.02,1,0,0,0,0,1,0,0,0,0,national
2025,LA,22055,Lafayette,WKN6AF1FCL7BBYGTGI83,,1,1,0,0.02,1,0,0,0,0,1,0,0,0,0,national
2025,LA,22055,Lafayette,X6T32LKEPUT8LQMW6755,Republic Bank & Trust Company,1,1,0,0.02,1,0,0,0,0,1,0,0,0,0,national
2025,LA,22055,Lafayette,549300249G20MDIDRR27,,21,0,3,0.0,21,0,0,0,0,0,0,0,0,0,national
2025,LA,22055,Lafayette,5493009XSE00M8B9R434,,6,0,4,0.0,6,0,0,0,0,0,0,0,0,0,national
2025,LA,22055,Lafayette,549300BX448ALT10FI43,The Federal Savings Bank,7,0,1,0.0,0,2,5,0,0,0,0,0,0,0,national
2025,LA,22055,Lafayette,549300FFVDRROF85IC57,,86,0,79,0.0,86,0,0,0,0,0,0,0,0,0,national
2025,LA,22057,Lafourche,549300HW662MN1WU8550,"United Wholesale Mortgage, LLC",279,229,21,17.72,118,103,32,26,0,101,84,25,19,0,national
2025,LA,22057,Lafourche,549300DG3IV05V4C4E03,EUSTIS MORTGAGE CORPORATION,104,85,1,6.58,43,24,9,28,0,34,20,8,23,0,national
2025,LA,22057,Lafourche,549300Z78KW88BIQNR50,First American Bank and Trust,105,82,8,6.35,105,0,0,0,0,82,0,0,0,0,national
2025,LA,22057,Lafourche,NSGZD26XPW2CUM2JKU70,HANCOCK WHITNEY BANK,111,68,34,5.26,83,22,3,3,0,45,18,3,2,0,national
2025,LA,22057,Lafourche,549300MCPCNPQAOB4032,GMFS LLC,78,57,3,4.41,36,26,4,12,0,26,23,3,5,0,national
2025,LA,22057,Lafourche,549300FGXN1K3HLB1R50,"Rocket Mortgage, LLC",89,55,24,4.26,51,30,8,0,0,34,18,3,0,0,national
2025,LA,22057,Lafourche,254900ZX1UPIG2E7TH11,"ASSURANCE FINANCIAL GROUP, L.L.C.",74,51,2,3.95,24,27,6,17,0,16,20,4,11,0,national
2025,LA,22057,Lafourche,5493001F7QT2YW3K8D98,"DSLD MORTGAGE, LLC",63,51,4,3.95,13,41,7,2,0,11,32,6,2,0,national
2025,LA,22057,Lafourche,549300QAJ2SD5X8T7X10,Synergy Bank,56,49,2,3.79,56,0,0,0,0,49,0,0,0,0,national
2025,LA,22057,Lafourche,549300XQVJ1XBNFA5536,21ST MORTGAGE CORPORATION,211,41,115,3.17,211,0,0,0,0,41,0,0,0,0,national
2025,LA,22057,Lafourche,7H6GLXDRUGQFU57RNE97,"JPMorgan Chase Bank, National Association",52,34,10,2.63,44,5,3,0,0,31,1,2,0,0,national
2025,LA,22057,Lafourche,549300SHK8JZR89HEF81,,46,28,7,2.17,46,0,0,0,0,28,0,0,0,0,national
2025,LA,22057,Lafourche,EQTWLK1G7ODGC2MGLV11,Regions Bank,69,27,20,2.09,61,7,1,0,0,25,1,1,0,0,national
2025,LA,22057,Lafourche,54930045J8O98TUGTW86,b1BANK,40,25,3,1.93,40,0,0,0,0,25,0,0,0,0,national
2025,LA,22057,Lafourche,549300O2UK5FUZXQJO34,,24,21,2,1.63,24,0,0,0,0,21,0,0,0,0,national
2025,LA,22057,Lafourche,549300FNXYY540N23N64,Newrez LLC,42,18,8,1.39,22,10,5,5,0,9,3,3,3,0,national
2025,LA,22057,Lafourche,549300DD5QQUHO6PCH70,"MORTGAGE RESEARCH CENTER, LLC",40,16,7,1.24,3,2,34,1,0,0,1,15,0,0,national
2025,LA,22057,Lafourche,549300LBCBNR1OT00651,NATIONSTAR MORTGAGE LLC,27,16,4,1.24,21,3,3,0,0,14,1,1,0,0,national
2025,LA,22057,Lafourche,549300RPOGWJRH63HS39,UNION HOME MORTGAGE CORP.,19,15,1,1.16,14,3,1,1,0,11,2,1,1,0,national
2025,LA,22057,Lafourche,549300R7HGHP2I754087,TOWNE MORTGAGE COMPANY,17,13,1,1.01,3,11,0,3,0,3,8,0,2,0,national
2025,LA,22057,Lafourche,5493000YNV8IX4VD3X12,"VANDERBILT MORTGAGE AND FINANCE, INC.",87,12,39,0.93,87,0,0,0,0,12,0,0,0,0,national
2025,LA,22057,Lafourche,54930052M48FOD3CWA54,"PRIMARY RESIDENTIAL MORTGAGE, INC.",17,12,0,0.93,12,5,0,0,0,9,3,0,0,0,national
2025,LA,22057,Lafourche,COOWI3L2W9TPYR3WJX37,First Horizon Bank,16,12,2,0.93,16,0,0,0,0,12,0,0,0,0,national
2025,LA,22057,Lafourche,5493006P5IHSK77SZ855,,15,11,1,0.85,2,9,3,1,0,2,5,3,1,0,national
2025,LA,22057,Lafourche,549300CB67L6KPJLHE19,"TRIAD FINANCIAL SERVICES, INC.",88,11,42,0.85,88,0,0,0,0,11,0,0,0,0,national
2025,LA,22057,Lafourche,549300K4ZLGS7SRDTL86,Equity Prime Mortgage LLC,18,11,0,0.85,2,4,0,12,0,1,1,0,9,0,national
2025,LA,22057,Lafourche,549300LYRWPSYPK6S325,FREEDOM MORTGAGE CORPORATION,28,10,3,0.77,4,19,5,0,0,3,4,3,0,0,national
2025,LA,22057,Lafourche,5493001P1J1K386Q4G58,,9,8,1,0.62,9,0,0,0,0,8,0,0,0,0,national
2025,LA,22057,Lafourche,5493003GQDUH26DNNH17,Navy Federal Credit Union,16,8,3,0.62,13,0,3,0,0,7,0,1,0,0,national
2025,LA,22057,Lafourche,549300AG64NHILB7ZP05,"LOANDEPOT.COM, LLC",19,8,7,0.62,12,6,1,0,0,7,1,0,0,0,national
2025,LA,22057,Lafourche,549300R9S3MVDV4MGF56,"CARRINGTON MORTGAGE SERVICES, LLC",23,8,10,0.62,11,10,2,0,0,5,3,0,0,0,national
2025,LA,22057,Lafourche,RVDPPPGHCGZ40J4VQ731,"PENNYMAC LOAN SERVICES, LLC",30,8,7,0.62,8,15,6,1,0,5,3,0,0,0,national
2025,LA,22057,Lafourche,549300OPCWU6E72WUT29,"MUTUAL OF OMAHA MORTGAGE, INC.",14,7,2,0.54,1,11,1,1,0,0,6,0,1,0,national
2025,LA,22057,Lafourche,2549004FXPNKCLIN8250,"Synergy One Lending, Inc.",10,5,0,0.39,7,2,0,1,0,4,1,0,0,0,national
2025,LA,22057,Lafourche,5493001XKL0FTNOJ0866,,10,5,1,0.39,2,6,0,2,0,1,3,0,1,0,national
2025,LA,22057,Lafourche,254900378RFGMBEKAF12,,9,4,3,0.31,9,0,0,0,0,4,0,0,0,0,national
2025,LA,22057,Lafourche,254900DTLHVWQ7NP7R34,"CMG Mortgage, Inc.",6,4,0,0.31,4,1,0,1,0,3,0,0,1,0,national
2025,LA,22057,Lafourche,254900UL88QFG0E40516,FIGURE LENDING LLC,8,4,2,0.31,8,0,0,0,0,4,0,0,0,0,national
2025,LA,22057,Lafourche,254900ZKVJDEYHV22276,OnPath Federal Credit Union,5,4,1,0.31,4,1,0,0,0,4,0,0,0,0,national
2025,LA,22057,Lafourche,5493001GCBD5XGNIC815,Coastal Community Bank,18,4,1,0.31,18,0,0,0,0,4,0,0,0,0,national
2025,LA,22057,Lafourche,5493008RSN6F31BTGT93,Gulf Coast Bank and Trust Company,7,4,0,0.31,7,0,0,0,0,4,0,0,0,0,national
2025,LA,22057,Lafourche,549300FFVDRROF85IC57,,41,4,32,0.31,41,0,0,0,0,4,0,0,0,0,national
2025,LA,22057,Lafourche,549300R0SXC1JU7ZU290,"FIRST COMMUNITY MORTGAGE, INC.",4,4,0,0.31,2,2,0,0,0,2,2,0,0,0,national
2025,LA,22057,Lafourche,549300VCMRO4ST680C11,VILLAGE CAPITAL & INVESTMENT LLC,8,4,2,0.31,0,4,4,0,0,0,2,2,0,0,national
2025,LA,22057,Lafourche,549300VZVN841I2ILS84,"CROSSCOUNTRY MORTGAGE, LLC",11,4,1,0.31,7,4,0,0,0,2,2,0,0,0,national
2025,LA,22057,Lafourche,549300YIQ7S7Z8PIHE53,AMERISAVE MORTGAGE CORPORATION,28,4,22,0.31,17,9,2,0,0,2,2,0,0,0,national
2025,LA,22057,Lafourche,25490058TX0QV62WQ461,,5,3,0,0.23,5,0,0,0,0,3,0,0,0,0,national
2025,LA,22057,Lafourche,5493002B2WMHY23GFK92,"AMERICAN FINANCIAL RESOURCES, INC.",5,3,0,0.23,1,2,1,1,0,1,1,0,1,0,national
2025,LA,22057,Lafourche,549300370QILXLFUWD20,"ZILLOW HOME LOANS, LLC",4,3,1,0.23,2,2,0,0,0,2,1,0,0,0,national
2025,LA,22057,Lafourche,54930082VCNY40XPOB62,,3,3,0,0.23,3,0,0,0,0,3,0,0,0,0,national
2025,LA,22057,Lafourche,549300E2UX99HKDBR481,"NEW AMERICAN FUNDING, LLC",21,3,3,0.23,6,14,0,1,0,2,1,0,0,0,national
2025,LA,22057,Lafourche,549300GKFNPRWNS0GF29,"AmeriHome Mortgage Company, LLC",4,3,0,0.23,1,1,1,1,0,1,0,1,1,0,national
2025,LA,22057,Lafourche,549300JYXTZDSPJEPI44,"PLAZA HOME MORTGAGE, INC.",4,3,1,0.23,2,2,0,0,0,2,1,0,0,0,national
2025,LA,22057,Lafourche,549300KW705BBINDIZ26,,3,3,0,0.23,2,1,0,0,0,2,1,0,0,0,national
2025,LA,22057,Lafourche,549300M03EN3OQEDU087,,8,3,3,0.23,7,1,0,0,0,3,0,0,0,0,national
2025,LA,22057,Lafourche,549300PIL8LFAQ04XC20,Better Mortgage Corporation,15,3,7,0.23,15,0,0,0,0,3,0,0,0,0,national
2025,LA,22057,Lafourche,549300SFG15JDKI5MD22,,3,3,0,0.23,2,1,0,0,0,2,1,0,0,0,national
2025,LA,22057,Lafourche,549300SUCQ1358EGVE89,"NEW DAY FINANCIAL, LLC",14,3,1,0.23,0,0,14,0,0,0,0,3,0,0,national
2025,LA,22057,Lafourche,549300U18MOAH5F95P15,EFCU FINANCIAL,3,3,0,0.23,3,0,0,0,0,3,0,0,0,0,national
2025,LA,22057,Lafourche,B4TYDEB6GKMZO031MB27,"Bank of America, National Association",11,3,5,0.23,11,0,0,0,0,3,0,0,0,0,national
2025,LA,22057,Lafourche,549300121SF0K2LN2804,"PRIMELENDING, A PLAINSCAPITAL COMPANY",2,2,0,0.15,2,0,0,0,0,2,0,0,0,0,national
2025,LA,22057,Lafourche,5493001QMUDK2ML5S840,,3,2,1,0.15,3,0,0,0,0,2,0,0,0,0,national
2025,LA,22057,Lafourche,5493001WHVQBGRSWEU75,"HOMEBRIDGE FINANCIAL SERVICES, INC.",3,2,1,0.15,2,1,0,0,0,2,0,0,0,0,national
2025,LA,22057,Lafourche,54930021WPEXNHYZUL09,"PLANET HOME LENDING, LLC",3,2,1,0.15,1,2,0,0,0,0,2,0,0,0,national
2025,LA,22057,Lafourche,5493002F9OWLKRICTY67,STANDARD MORTGAGE CORPORATION,3,2,0,0.15,3,0,0,0,0,2,0,0,0,0,national
2025,LA,22057,Lafourche,54930045EHC4UJU3BP73,,4,2,2,0.15,4,0,0,0,0,2,0,0,0,0,national
2025,LA,22057,Lafourche,549300ALNLUNS3Y53T24,AMERICAN FINANCING CORPORATION,6,2,1,0.15,3,2,1,0,0,2,0,0,0,0,national
2025,LA,22057,Lafourche,549300AQ3T62GXDU7D76,GUILD MORTGAGE COMPANY LLC,2,2,0,0.15,1,1,0,0,0,1,1,0,0,0,national
2025,LA,22057,Lafourche,549300BLL6VL7AXWYP56,,2,2,0,0.15,2,0,0,0,0,2,0,0,0,0,national
2025,LA,22057,Lafourche,549300MGPZBLQDIL7538,FAIRWAY INDEPENDENT MORTGAGE CORPORATION,2,2,0,0.15,1,1,0,0,0,1,1,0,0,0,national
2025,LA,22057,Lafourche,549300NOCASXPA34X033,"LAKEVIEW LOAN SERVICING, LLC",8,2,4,0.15,3,4,1,0,0,1,0,1,0,0,national
2025,LA,22057,Lafourche,549300PBTV7FCWLSMM53,,5,2,0,0.15,0,5,0,0,0,0,2,0,0,0,national
2025,LA,22057,Lafourche,549300PQLK8E48ILXV41,,4,2,1,0.15,4,0,0,0,0,2,0,0,0,0,national
2025,LA,22057,Lafourche,549300SK2GVCQXPD4S58,"SUN WEST MORTGAGE COMPANY, INC.",2,2,0,0.15,1,1,0,0,0,1,1,0,0,0,national
2025,LA,22057,Lafourche,549300UG7QXKM7KGV847,,4,2,0,0.15,4,0,0,0,0,2,0,0,0,0,national
2025,LA,22057,Lafourche,C5654JQHZUHN0772B561,USAA Federal Savings Bank,6,2,2,0.15,0,0,6,0,0,0,0,2,0,0,national
2025,LA,22057,Lafourche,PAOOWF3GUFM46FBSP561,,2,2,0,0.15,1,1,0,0,0,1,1,0,0,0,national
2025,LA,22057,Lafourche,2549002YTHQ90AS4OM73,,2,1,0,0.08,0,2,0,0,0,0,1,0,0,0,national
2025,LA,22057,Lafourche,2549003E1YOW83GR2Q12,,1,1,0,0.08,1,0,0,0,0,1,0,0,0,0,national
2025,LA,22057,Lafourche,2549005SIVTHG14U2905,A&D Mortgage LLC,1,1,0,0.08,1,0,0,0,0,1,0,0,0,0,national
2025,LA,22057,Lafourche,25490066WMF8ZMQXQB18,"Lendage, LLC",1,1,0,0.08,1,0,0,0,0,1,0,0,0,0,national
2025,LA,22057,Lafourche,2549007AU24FVDMNUB40,,1,1,0,0.08,1,0,0,0,0,1,0,0,0,0,national
2025,LA,22057,Lafourche,254900HA4DQWAE0W3342,"AMERIHOME MORTGAGE COMPANY, LLC",3,1,0,0.08,0,3,0,0,0,0,1,0,0,0,national
2025,LA,22057,Lafourche,254900HEJ9F73IMPX887,,1,1,0,0.08,1,0,0,0,0,1,0,0,0,0,national
2025,LA,22057,Lafourche,254900M2C4Q6DATP2889,,1,1,0,0.08,0,0,1,0,0,0,0,1,0,0,national
2025,LA,22057,Lafourche,254900QRD0ZXHH08TX87,,2,1,0,0.08,0,2,0,0,0,0,1,0,0,0,national
2025,LA,22057,Lafourche,254900ZFWS2106HWPH46,"PARAMOUNT RESIDENTIAL MORTGAGE GROUP, INC.",2,1,0,0.08,2,0,0,0,0,1,0,0,0,0,national
2025,LA,22057,Lafourche,5493000V86JDJLM0OV13,,1,1,0,0.08,1,0,0,0,0,1,0,0,0,0,national
2025,LA,22057,Lafourche,54930030Z1JWTP3SVD16,,2,1,1,0.08,1,1,0,0,0,1,0,0,0,0,national
2025,LA,22057,Lafourche,5493003V40VGM7YDFM54,FIRST COLONY MORTGAGE CORPORATION,1,1,0,0.08,1,0,0,0,0,1,0,0,0,0,national
2025,LA,22057,Lafourche,54930054ET8KM4O1D485,"SOFI BANK, NATIONAL ASSOCIATION",7,1,1,0.08,5,2,0,0,0,1,0,0,0,0,national
2025,LA,22057,Lafourche,5493006GFSNOUCCL1W91,,1,1,0,0.08,1,0,0,0,0,1,0,0,0,0,national
2025,LA,22057,Lafourche,5493007CXTOHZ2JBEJ61,"THE MORTGAGE FIRM, INC.",1,1,0,0.08,1,0,0,0,0,1,0,0,0,0,national
2025,LA,22057,Lafourche,549300C8GOC4OYUV0Z32,,4,1,0,0.08,4,0,0,0,0,1,0,0,0,0,national
2025,LA,22057,Lafourche,549300DD4R4SYK5RAQ92,"MOVEMENT MORTGAGE, LLC",1,1,0,0.08,1,0,0,0,0,1,0,0,0,0,national
2025,LA,22057,Lafourche,549300EI8WIPSALARU71,,1,1,0,0.08,1,0,0,0,0,1,0,0,0,0,national
2025,LA,22057,Lafourche,549300ESV371MYVWQV54,,1,1,0,0.08,1,0,0,0,0,1,0,0,0,0,national
2025,LA,22057,Lafourche,549300GS0W0TEUQS8571,"Morgan Stanley Private Bank, National Association",1,1,0,0.08,1,0,0,0,0,1,0,0,0,0,national
2025,LA,22057,Lafourche,549300GTVXJ2PGXNLM73,T2 FINANCIAL LLC,1,1,0,0.08,0,0,0,1,0,0,0,0,1,0,national
2025,LA,22057,Lafourche,549300IFOE4SCP384147,University Bank,1,1,0,0.08,1,0,0,0,0,1,0,0,0,0,national
2025,LA,22057,Lafourche,549300K6K2IS7FRS7S09,,1,1,0,0.08,1,0,0,0,0,1,0,0,0,0,national
2025,LA,22057,Lafourche,549300LE3ZOZXUS7W648,FIDELITY BANK,1,1,0,0.08,0,1,0,0,0,0,1,0,0,0,national
2025,LA,22057,Lafourche,549300LLQD0X2OTG0Y27,,1,1,0,0.08,0,1,0,0,0,0,1,0,0,0,national
2025,LA,22057,Lafourche,549300LROQOOQU77WS20,,4,1,0,0.08,4,0,0,0,0,1,0,0,0,0,national
2025,LA,22057,Lafourche,549300MZ8VZJOVC63092,"KIND LENDING, LLC",1,1,0,0.08,0,1,0,0,0,0,1,0,0,0,national
2025,LA,22057,Lafourche,549300O0BQZ8YGYRA730,,1,1,0,0.08,1,0,0,0,0,1,0,0,0,0,national
2025,LA,22057,Lafourche,549300OJTK0IPSNDA832,,1,1,0,0.08,1,0,0,0,0,1,0,0,0,0,national
2025,LA,22057,Lafourche,549300Q3ROEQU3D1IW91,,25,1,21,0.08,25,0,0,0,0,1,0,0,0,0,national
2025,LA,22057,Lafourche,549300RM1IZYGQDSNL85,,3,1,0,0.08,0,2,1,0,0,0,1,0,0,0,national
2025,LA,22057,Lafourche,549300RN01LBYR8ZVX74,"LOWER, LLC",1,1,0,0.08,0,0,1,0,0,0,0,1,0,0,national
2025,LA,22057,Lafourche,549300ROGHTFGYNKE773,"First Federal Bank, A FSB",1,1,0,0.08,1,0,0,0,0,1,0,0,0,0,national
2025,LA,22057,Lafourche,549300S0KM4FY7WGCT56,,1,1,0,0.08,1,0,0,0,0,1,0,0,0,0,national
2025,LA,22057,Lafourche,549300T9P3WXNMXX0I34,Ixonia Bank,1,1,0,0.08,0,1,0,0,0,0,1,0,0,0,national
2025,LA,22057,Lafourche,549300TTPRGSP8DGY569,,1,1,0,0.08,1,0,0,0,0,1,0,0,0,0,national
2025,LA,22057,Lafourche,549300U3721PJGQZYY68,"GUARANTEED RATE, INC.",4,1,2,0.08,3,1,0,0,0,1,0,0,0,0,national
2025,LA,22057,Lafourche,549300UE4FFDNV7ELD54,,1,1,0,0.08,1,0,0,0,0,1,0,0,0,0,national
2025,LA,22057,Lafourche,549300V1ZDKDQXFW3339,,8,1,4,0.08,8,0,0,0,0,1,0,0,0,0,national
2025,LA,22057,Lafourche,549300VORTI31GZTJL53,"CARDINAL FINANCIAL COMPANY, LIMITED PARTNERSHIP",3,1,0,0.08,0,3,0,0,0,0,1,0,0,0,national
2025,LA,22057,Lafourche,549300XY701IELCE5Q08,BETTER MORTGAGE CORPORATION,1,1,0,0.08,1,0,0,0,0,1,0,0,0,0,national
2025,LA,22057,Lafourche,549300ZTLWGMV712KR44,,1,1,0,0.08,1,0,0,0,0,1,0,0,0,0,national
2025,LA,22057,Lafourche,549300ZWNETGFXTBBY03,"CANOPY MORTGAGE, LLC",3,1,0,0.08,1,1,0,1,0,0,0,0,1,0,national
2025,LA,22057,Lafourche,6BYL5QZYBDK8S7L73M02,U.S. Bank National Association,4,1,2,0.08,4,0,0,0,0,1,0,0,0,0,national
2025,LA,22057,Lafourche,984500CD6F0743B8F530,,1,1,0,0.08,0,0,1,0,0,0,0,1,0,0,national
2025,LA,22057,Lafourche,C398JSK21YCXWM603F55,"Barrington Bank & Trust Company, National Association",3,1,1,0.08,0,0,3,0,0,0,0,1,0,0,national
2025,LA,22057,Lafourche,COINQMNIM6RBU631DD85,Arvest Bank,1,1,0,0.08,1,0,0,0,0,1,0,0,0,0,national
2025,LA,22057,Lafourche,DRMSV1Q0EKMEXLAU1P80,"Citizens Bank, National Association",2,1,0,0.08,1,1,0,0,0,0,1,0,0,0,national
2025,LA,22057,Lafourche,JJKC32MCHWDI71265Z06,Truist Bank,1,1,0,0.08,1,0,0,0,0,1,0,0,0,0,national
2025,LA,22057,Lafourche,KB1H1DSPRFMYMCUFXT09,"Wells Fargo Bank, National Association",4,1,1,0.08,3,1,0,0,0,1,0,0,0,0,national
2025,LA,22057,Lafourche,Q708HHR4LD2B7XIZNO92,First Federal Bank,1,1,0,0.08,1,0,0,0,0,1,0,0,0,0,national
2025,LA,22057,Lafourche,WWB2V0FCW3A0EE3ZJN75,Manufacturers and Traders Trust Company,1,1,0,0.08,0,1,0,0,0,0,1,0,0,0,national
2025,LA,22057,Lafourche,X05BVSK68TQ7YTOSNR22,Discover Bank,10,1,7,0.08,10,0,0,0,0,1,0,0,0,0,national
2025,LA,22057,Lafourche,ZXMJHJK466PBZTM5F379,,1,1,0,0.08,1,0,0,0,0,1,0,0,0,0,national
2025,LA,22057,Lafourche,549300XCVBRR56D08F03,,6,0,0,0.0,5,1,0,0,0,0,0,0,0,0,national
2025,LA,22063,Livingston,549300HW662MN1WU8550,"United Wholesale Mortgage, LLC",270,195,36,6.27,80,133,47,10,0,60,94,32,9,0,national
2025,LA,22063,Livingston,5493001F7QT2YW3K8D98,"DSLD MORTGAGE, LLC",250,190,19,6.11,75,126,15,34,0,61,91,12,26,0,national
2025,LA,22063,Livingston,549300MCPCNPQAOB4032,GMFS LLC,284,173,4,5.57,158,75,11,40,0,92,46,8,27,0,national
2025,LA,22063,Livingston,549300FGXN1K3HLB1R50,"Rocket Mortgage, LLC",229,142,60,4.57,145,68,16,0,0,87,42,13,0,0,national
2025,LA,22063,Livingston,5493001SXWZ4OFP8Z903,"DHI MORTGAGE COMPANY, LTD.",209,131,39,4.21,26,130,17,36,0,20,78,12,21,0,national
2025,LA,22063,Livingston,549300DD4R4SYK5RAQ92,"MOVEMENT MORTGAGE, LLC",169,131,2,4.21,60,79,15,15,0,44,64,13,10,0,national
2025,LA,22063,Livingston,NSGZD26XPW2CUM2JKU70,HANCOCK WHITNEY BANK,207,131,49,4.21,177,24,2,4,0,110,19,1,1,0,national
2025,LA,22063,Livingston,549300U18MOAH5F95P15,EFCU FINANCIAL,168,125,24,4.02,168,0,0,0,0,125,0,0,0,0,national
2025,LA,22063,Livingston,2549004FXPNKCLIN8250,"Synergy One Lending, Inc.",147,110,8,3.54,68,52,6,21,0,53,36,5,16,0,national
2025,LA,22063,Livingston,549300LYRWPSYPK6S325,FREEDOM MORTGAGE CORPORATION,143,80,20,2.57,8,89,46,0,0,5,44,31,0,0,national
2025,LA,22063,Livingston,254900ZX1UPIG2E7TH11,"ASSURANCE FINANCIAL GROUP, L.L.C.",73,60,0,1.93,34,29,2,8,0,25,26,2,7,0,national
2025,LA,22063,Livingston,5493001GDRY0EL7VG372,"ARK-LA-TEX FINANCIAL SERVICES, LLC.",73,60,0,1.93,28,34,2,9,0,23,29,2,6,0,national
2025,LA,22063,Livingston,5493001QMUDK2ML5S840,,167,53,92,1.71,167,0,0,0,0,53,0,0,0,0,national
2025,LA,22063,Livingston,549300MGPZBLQDIL7538,FAIRWAY INDEPENDENT MORTGAGE CORPORATION,65,48,2,1.54,29,32,3,1,0,22,22,3,1,0,national
2025,LA,22063,Livingston,549300XQVJ1XBNFA5536,21ST MORTGAGE CORPORATION,227,47,97,1.51,227,0,0,0,0,47,0,0,0,0,national
2025,LA,22063,Livingston,549300K4ZLGS7SRDTL86,Equity Prime Mortgage LLC,81,46,4,1.48,3,34,12,32,0,2,20,5,19,0,national
2025,LA,22063,Livingston,EQTWLK1G7ODGC2MGLV11,Regions Bank,110,45,48,1.45,101,7,1,1,0,40,3,1,1,0,national
2025,LA,22063,Livingston,549300FNXYY540N23N64,Newrez LLC,98,44,13,1.42,50,24,18,6,0,21,10,8,5,0,national
2025,LA,22063,Livingston,RVDPPPGHCGZ40J4VQ731,"PENNYMAC LOAN SERVICES, LLC",110,44,14,1.42,43,53,11,3,0,19,20,5,0,0,national
2025,LA,22063,Livingston,549300CB67L6KPJLHE19,"TRIAD FINANCIAL SERVICES, INC.",181,41,81,1.32,181,0,0,0,0,41,0,0,0,0,national
2025,LA,22063,Livingston,25490058TX0QV62WQ461,,50,37,5,1.19,50,0,0,0,0,37,0,0,0,0,national
2025,LA,22063,Livingston,5493008RSN6F31BTGT93,Gulf Coast Bank and Trust Company,68,37,10,1.19,37,23,5,3,0,21,12,3,1,0,national
2025,LA,22063,Livingston,549300LE3ZOZXUS7W648,FIDELITY BANK,44,33,4,1.06,28,11,3,2,0,22,7,2,2,0,national
2025,LA,22063,Livingston,5493002B2WMHY23GFK92,"AMERICAN FINANCIAL RESOURCES, INC.",36,30,1,0.97,7,16,1,12,0,5,13,1,11,0,national
2025,LA,22063,Livingston,549300DG3IV05V4C4E03,EUSTIS MORTGAGE CORPORATION,43,30,1,0.97,9,23,6,5,0,4,17,6,3,0,national
2025,LA,22063,Livingston,549300AG64NHILB7ZP05,"LOANDEPOT.COM, LLC",61,29,22,0.93,39,19,3,0,0,19,8,2,0,0,national
2025,LA,22063,Livingston,549300DD5QQUHO6PCH70,"MORTGAGE RESEARCH CENTER, LLC",81,29,22,0.93,9,6,66,0,0,2,0,27,0,0,national
2025,LA,22063,Livingston,549300VZVN841I2ILS84,"CROSSCOUNTRY MORTGAGE, LLC",46,29,1,0.93,12,26,1,7,0,6,18,0,5,0,national
2025,LA,22063,Livingston,549300ZWNETGFXTBBY03,"CANOPY MORTGAGE, LLC",46,29,0,0.93,12,18,1,15,0,6,11,0,12,0,national
2025,LA,22063,Livingston,254900J71IJLMJZJV608,,31,26,3,0.84,31,0,0,0,0,26,0,0,0,0,national
2025,LA,22063,Livingston,5493000YNV8IX4VD3X12,"VANDERBILT MORTGAGE AND FINANCE, INC.",199,26,65,0.84,199,0,0,0,0,26,0,0,0,0,national
2025,LA,22063,Livingston,549300SFG15JDKI5MD22,,31,24,2,0.77,30,1,0,0,0,23,1,0,0,0,national
2025,LA,22063,Livingston,5493005XMJQ1GSXUGT67,,27,22,0,0.71,14,13,0,0,0,11,11,0,0,0,national
2025,LA,22063,Livingston,549300LBCBNR1OT00651,NATIONSTAR MORTGAGE LLC,45,22,7,0.71,35,8,2,0,0,20,0,2,0,0,national
2025,LA,22063,Livingston,549300VORTI31GZTJL53,"CARDINAL FINANCIAL COMPANY, LIMITED PARTNERSHIP",31,21,6,0.68,9,16,5,1,0,9,9,2,1,0,national
2025,LA,22063,Livingston,549300PIL8LFAQ04XC20,Better Mortgage Corporation,50,20,25,0.64,50,0,0,0,0,20,0,0,0,0,national
2025,LA,22063,Livingston,5493001XKL0FTNOJ0866,,29,19,1,0.61,4,11,2,12,0,2,8,1,8,0,national
2025,LA,22063,Livingston,549300R9S3MVDV4MGF56,"CARRINGTON MORTGAGE SERVICES, LLC",70,19,29,0.61,33,29,7,1,0,11,6,2,0,0,national
2025,LA,22063,Livingston,54930021WPEXNHYZUL09,"PLANET HOME LENDING, LLC",22,18,4,0.58,4,9,6,3,0,3,7,5,3,0,national
2025,LA,22063,Livingston,7H6GLXDRUGQFU57RNE97,"JPMorgan Chase Bank, National Association",28,17,3,0.55,26,1,1,0,0,15,1,1,0,0,national
2025,LA,22063,Livingston,549300AQ3T62GXDU7D76,GUILD MORTGAGE COMPANY LLC,24,16,0,0.51,10,9,0,5,0,6,6,0,4,0,national
2025,LA,22063,Livingston,549300QAJ2SD5X8T7X10,Synergy Bank,16,16,0,0.51,16,0,0,0,0,16,0,0,0,0,national
2025,LA,22063,Livingston,5493006QG55R8V712J33,Red River Bank,21,15,4,0.48,12,5,1,3,0,10,3,1,1,0,national
2025,LA,22063,Livingston,549300OPCWU6E72WUT29,"MUTUAL OF OMAHA MORTGAGE, INC.",22,15,4,0.48,9,10,3,0,0,6,7,2,0,0,national
2025,LA,22063,Livingston,549300PQLK8E48ILXV41,,28,15,4,0.48,28,0,0,0,0,15,0,0,0,0,national
2025,LA,22063,Livingston,5493003GQDUH26DNNH17,Navy Federal Credit Union,38,14,10,0.45,33,0,5,0,0,13,0,1,0,0,national
2025,LA,22063,Livingston,5493006P5IHSK77SZ855,,20,14,2,0.45,2,16,2,0,0,1,11,2,0,0,national
2025,LA,22063,Livingston,549300PFJ7GCGDLB2E65,,16,14,0,0.45,6,7,2,1,0,5,6,2,1,0,national
2025,LA,22063,Livingston,549300VCMRO4ST680C11,VILLAGE CAPITAL & INVESTMENT LLC,40,14,9,0.45,0,24,16,0,0,0,8,6,0,0,national
2025,LA,22063,Livingston,COOWI3L2W9TPYR3WJX37,First Horizon Bank,18,14,2,0.45,17,1,0,0,0,13,1,0,0,0,national
2025,LA,22063,Livingston,5493001WHVQBGRSWEU75,"HOMEBRIDGE FINANCIAL SERVICES, INC.",17,13,4,0.42,10,5,0,2,0,9,2,0,2,0,national
2025,LA,22063,Livingston,549300Z78KW88BIQNR50,First American Bank and Trust,16,13,0,0.42,16,0,0,0,0,13,0,0,0,0,national
2025,LA,22063,Livingston,549300MZ8VZJOVC63092,"KIND LENDING, LLC",14,12,2,0.39,4,8,1,1,0,4,6,1,1,0,national
2025,LA,22063,Livingston,549300R0SXC1JU7ZU290,"FIRST COMMUNITY MORTGAGE, INC.",13,12,0,0.39,4,5,0,4,0,4,5,0,3,0,national
2025,LA,22063,Livingston,549300YIQ7S7Z8PIHE53,AMERISAVE MORTGAGE CORPORATION,52,12,35,0.39,25,21,6,0,0,5,7,0,0,0,national
2025,LA,22063,Livingston,5493002RF1ERFA2XR050,Renasant Bank,14,11,3,0.35,12,1,1,0,0,11,0,0,0,0,national
2025,LA,22063,Livingston,549300A5HHOL2ED18C72,,21,11,0,0.35,2,16,0,3,0,0,9,0,2,0,national
2025,LA,22063,Livingston,549300RN01LBYR8ZVX74,"LOWER, LLC",18,11,0,0.35,6,10,1,1,0,5,6,0,0,0,national
2025,LA,22063,Livingston,549300SK2GVCQXPD4S58,"SUN WEST MORTGAGE COMPANY, INC.",19,11,2,0.35,4,11,3,1,0,2,6,2,1,0,national
2025,LA,22063,Livingston,549300ZTLWGMV712KR44,,19,11,3,0.35,18,0,1,0,0,11,0,0,0,0,national
2025,LA,22063,Livingston,549300GKFNPRWNS0GF29,"AmeriHome Mortgage Company, LLC",16,10,0,0.32,1,8,1,6,0,0,5,0,5,0,national
2025,LA,22063,Livingston,549300L0RZ1NED0NV967,,11,10,0,0.32,11,0,0,0,0,10,0,0,0,0,national
2025,LA,22063,Livingston,549300V1ZDKDQXFW3339,,19,10,8,0.32,19,0,0,0,0,10,0,0,0,0,national
2025,LA,22063,Livingston,254900DTLHVWQ7NP7R34,"CMG Mortgage, Inc.",21,9,4,0.29,18,3,0,0,0,8,1,0,0,0,national
2025,LA,22063,Livingston,254900UL88QFG0E40516,FIGURE LENDING LLC,25,9,5,0.29,25,0,0,0,0,9,0,0,0,0,national
2025,LA,22063,Livingston,254900ZFWS2106HWPH46,"PARAMOUNT RESIDENTIAL MORTGAGE GROUP, INC.",14,9,0,0.29,1,5,1,7,0,0,3,1,5,0,national
2025,LA,22063,Livingston,54930045J8O98TUGTW86,b1BANK,10,9,1,0.29,10,0,0,0,0,9,0,0,0,0,national
2025,LA,22063,Livingston,54930049L5WINET09Q97,"CLICK N' CLOSE, INC.",18,9,2,0.29,4,8,2,4,0,2,4,1,2,0,national
2025,LA,22063,Livingston,549300E2UX99HKDBR481,"NEW AMERICAN FUNDING, LLC",44,9,7,0.29,17,24,2,1,0,3,5,1,0,0,national
2025,LA,22063,Livingston,549300G8SAGXEDF5FK39,,12,9,0,0.29,12,0,0,0,0,9,0,0,0,0,national
2025,LA,22063,Livingston,549300M63SGBHKKBOE21,,10,9,1,0.29,10,0,0,0,0,9,0,0,0,0,national
2025,LA,22063,Livingston,Q7C315HKI8VX0SSKBS64,Cadence Bank,16,9,4,0.29,16,0,0,0,0,9,0,0,0,0,national
2025,LA,22063,Livingston,25490066WMF8ZMQXQB18,"Lendage, LLC",10,8,1,0.26,10,0,0,0,0,8,0,0,0,0,national
2025,LA,22063,Livingston,5493002F9OWLKRICTY67,STANDARD MORTGAGE CORPORATION,13,8,3,0.26,6,5,0,2,0,2,5,0,1,0,national
2025,LA,22063,Livingston,C5654JQHZUHN0772B561,USAA Federal Savings Bank,17,8,3,0.26,6,0,11,0,0,2,0,6,0,0,national
2025,LA,22063,Livingston,KB1H1DSPRFMYMCUFXT09,"Wells Fargo Bank, National Association",14,8,4,0.26,10,3,1,0,0,6,1,1,0,0,national
2025,LA,22063,Livingston,254900E9OABDJHASZ507,,7,7,0,0.23,7,0,0,0,0,7,0,0,0,0,national
2025,LA,22063,Livingston,254900QRD0ZXHH08TX87,,8,7,0,0.23,2,3,1,2,0,2,3,0,2,0,national
2025,LA,22063,Livingston,254900RM3T6WAVE6SA24,,7,7,0,0.23,5,1,1,0,0,5,1,1,0,0,national
2025,LA,22063,Livingston,5493001GCBD5XGNIC815,Coastal Community Bank,31,7,0,0.23,31,0,0,0,0,7,0,0,0,0,national
2025,LA,22063,Livingston,5493008NWHQT1R22C024,"AMERICAN FINANCIAL NETWORK, INC.",11,7,1,0.23,3,8,0,0,0,2,5,0,0,0,national
2025,LA,22063,Livingston,254900YPPMV9UM5FUW09,,6,6,0,0.19,3,3,0,0,0,3,3,0,0,0,national
2025,LA,22063,Livingston,549300JYXTZDSPJEPI44,"PLAZA HOME MORTGAGE, INC.",12,6,3,0.19,5,5,1,1,0,2,3,0,1,0,national
2025,LA,22063,Livingston,B4TYDEB6GKMZO031MB27,"Bank of America, National Association",20,6,9,0.19,20,0,0,0,0,6,0,0,0,0,national
2025,LA,22063,Livingston,2549001SI0EMFPT39035,"Cornerstone First Mortgage, Inc",7,5,0,0.16,0,3,0,4,0,0,3,0,2,0,national
2025,LA,22063,Livingston,549300EMNDEK4BA8WB53,EMM LOANS LLC,5,5,0,0.16,0,4,1,0,0,0,4,1,0,0,national
2025,LA,22063,Livingston,549300J7I82PNDVU8H22,"OCMBC, INC.",16,5,5,0.16,6,7,0,3,0,2,3,0,0,0,national
2025,LA,22063,Livingston,549300NOCASXPA34X033,"LAKEVIEW LOAN SERVICING, LLC",29,5,18,0.16,6,19,4,0,0,2,3,0,0,0,national
2025,LA,22063,Livingston,549300PBTV7FCWLSMM53,,11,5,1,0.16,1,5,5,0,0,1,2,2,0,0,national
2025,LA,22063,Livingston,549300SUCQ1358EGVE89,"NEW DAY FINANCIAL, LLC",18,5,6,0.16,0,4,14,0,0,0,0,5,0,0,national
2025,LA,22063,Livingston,2549004JE61TGJKFJQ92,,12,4,6,0.13,12,0,0,0,0,4,0,0,0,0,national
2025,LA,22063,Livingston,254900M2C4Q6DATP2889,,10,4,3,0.13,2,4,4,0,0,2,1,1,0,0,national
2025,LA,22063,Livingston,254900WEP08K7U7S3A80,,4,4,0,0.13,1,2,1,0,0,1,2,1,0,0,national
2025,LA,22063,Livingston,254900ZKVJDEYHV22276,OnPath Federal Credit Union,6,4,2,0.13,6,0,0,0,0,4,0,0,0,0,national
2025,LA,22063,Livingston,54930039UO39UJGI7078,TowneBank,6,4,0,0.13,3,1,2,0,0,1,1,2,0,0,national
2025,LA,22063,Livingston,549300G4ESSS6M0MEG51,ORIGINPOINT LLC,6,4,0,0.13,2,4,0,0,0,1,3,0,0,0,national
2025,LA,22063,Livingston,549300KPBBGW1ZTEPR29,,5,4,0,0.13,5,0,0,0,0,4,0,0,0,0,national
2025,LA,22063,Livingston,549300MZ53GGF2499G54,,5,4,1,0.13,5,0,0,0,0,4,0,0,0,0,national
2025,LA,22063,Livingston,549300O0BQZ8YGYRA730,,4,4,0,0.13,4,0,0,0,0,4,0,0,0,0,national
2025,LA,22063,Livingston,549300O6Z0I6KYMESL47,AMWEST FUNDING CORP.,5,4,0,0.13,5,0,0,0,0,4,0,0,0,0,national
2025,LA,22063,Livingston,549300R7HGHP2I754087,TOWNE MORTGAGE COMPANY,5,4,0,0.13,1,3,0,1,0,1,2,0,1,0,national
2025,LA,22063,Livingston,549300RA3E0BUFO7YZ21,"Hometown Equity Mortgage, LLC",9,4,4,0.13,3,4,0,2,0,2,2,0,0,0,national
2025,LA,22063,Livingston,549300RPOGWJRH63HS39,UNION HOME MORTGAGE CORP.,5,4,0,0.13,3,1,1,0,0,2,1,1,0,0,national
2025,LA,22063,Livingston,549300U3721PJGQZYY68,"GUARANTEED RATE, INC.",11,4,0,0.13,5,2,3,1,0,0,1,2,1,0,national
2025,LA,22063,Livingston,254900HA4DQWAE0W3342,"AMERIHOME MORTGAGE COMPANY, LLC",9,3,1,0.1,2,6,1,0,0,1,2,0,0,0,national
2025,LA,22063,Livingston,5493000V86JDJLM0OV13,,3,3,0,0.1,3,0,0,0,0,3,0,0,0,0,national
2025,LA,22063,Livingston,54930027GUR70U427Y19,,5,3,0,0.1,5,0,0,0,0,3,0,0,0,0,national
2025,LA,22063,Livingston,5493003JBN8UEVOU8O42,,7,3,2,0.1,7,0,0,0,0,3,0,0,0,0,national
2025,LA,22063,Livingston,54930052M48FOD3CWA54,"PRIMARY RESIDENTIAL MORTGAGE, INC.",5,3,1,0.1,2,3,0,0,0,1,2,0,0,0,national
2025,LA,22063,Livingston,5493005PD34O8ZT7QT17,,4,3,0,0.1,4,0,0,0,0,3,0,0,0,0,national
2025,LA,22063,Livingston,5493006RIR31ORKYB608,,3,3,0,0.1,3,0,0,0,0,3,0,0,0,0,national
2025,LA,22063,Livingston,5493007CXTOHZ2JBEJ61,"THE MORTGAGE FIRM, INC.",4,3,0,0.1,3,0,0,1,0,2,0,0,1,0,national
2025,LA,22063,Livingston,549300ALNLUNS3Y53T24,AMERICAN FINANCING CORPORATION,16,3,7,0.1,8,8,0,0,0,3,0,0,0,0,national
2025,LA,22063,Livingston,549300BX448ALT10FI43,The Federal Savings Bank,15,3,1,0.1,0,2,13,0,0,0,1,2,0,0,national
2025,LA,22063,Livingston,549300II7Y8V2KY9TM28,,4,3,0,0.1,4,0,0,0,0,3,0,0,0,0,national
2025,LA,22063,Livingston,549300KSOOZZVXCMA627,ANGEL OAK MORTGAGE SOLUTIONS LLC,5,3,0,0.1,5,0,0,0,0,3,0,0,0,0,national
2025,LA,22063,Livingston,549300M03EN3OQEDU087,,5,3,2,0.1,2,3,0,0,0,1,2,0,0,0,national
2025,LA,22063,Livingston,549300NWBS6MQJX15N44,,3,3,0,0.1,3,0,0,0,0,3,0,0,0,0,national
2025,LA,22063,Livingston,549300OJTK0IPSNDA832,,4,3,1,0.1,0,4,0,0,0,0,3,0,0,0,national
2025,LA,22063,Livingston,549300REENMLD2RN3W58,"Magnolia Bank, Incorporated",5,3,0,0.1,0,1,2,2,0,0,1,1,1,0,national
2025,LA,22063,Livingston,WWB2V0FCW3A0EE3ZJN75,Manufacturers and Traders Trust Company,5,3,1,0.1,3,2,0,0,0,2,1,0,0,0,national
2025,LA,22063,Livingston,01J4SO3XTWZF4PP38209,Trustmark Bank,2,2,0,0.06,2,0,0,0,0,2,0,0,0,0,national
2025,LA,22063,Livingston,213800XR2TCBQJSF1X93,,2,2,0,0.06,1,0,1,0,0,1,0,1,0,0,national
2025,LA,22063,Livingston,254900CTT87ZKAUTIJ37,,3,2,0,0.06,3,0,0,0,0,2,0,0,0,0,national
2025,LA,22063,Livingston,5493000IIYWBLONJVJ30,,2,2,0,0.06,2,0,0,0,0,2,0,0,0,0,national
2025,LA,22063,Livingston,549300121SF0K2LN2804,"PRIMELENDING, A PLAINSCAPITAL COMPANY",7,2,3,0.06,5,2,0,0,0,2,0,0,0,0,national
2025,LA,22063,Livingston,549300194LW0QMECAH75,,6,2,2,0.06,6,0,0,0,0,2,0,0,0,0,national
2025,LA,22063,Livingston,5493003SOHU5A9BPKB06,,3,2,1,0.06,3,0,0,0,0,2,0,0,0,0,national
2025,LA,22063,Livingston,5493004AS1SPBQOFDR49,"Change Lending, LLC",3,2,1,0.06,3,0,0,0,0,2,0,0,0,0,national
2025,LA,22063,Livingston,54930054ET8KM4O1D485,"SOFI BANK, NATIONAL ASSOCIATION",21,2,2,0.06,20,1,0,0,0,2,0,0,0,0,national
2025,LA,22063,Livingston,5493006GFSNOUCCL1W91,,2,2,0,0.06,2,0,0,0,0,2,0,0,0,0,national
2025,LA,22063,Livingston,5493006VAGP3GQ8FJT49,"Kiavi Funding, Inc.",3,2,1,0.06,3,0,0,0,0,2,0,0,0,0,national
2025,LA,22063,Livingston,5493008VVXQIDO1EZ460,"SUMMIT FUNDING, INC.",2,2,0,0.06,1,1,0,0,0,1,1,0,0,0,national
2025,LA,22063,Livingston,5493009F6BJDCZMZ7Y26,,3,2,0,0.06,1,1,0,1,0,1,1,0,0,0,national
2025,LA,22063,Livingston,549300LLQD0X2OTG0Y27,,4,2,1,0.06,0,4,0,0,0,0,2,0,0,0,national
2025,LA,22063,Livingston,549300LROQOOQU77WS20,,3,2,0,0.06,2,0,1,0,0,2,0,0,0,0,national
2025,LA,22063,Livingston,549300QKL5FUBZ8LSF50,"NATIONS DIRECT MORTGAGE, LLC",2,2,0,0.06,1,1,0,0,0,1,1,0,0,0,national
2025,LA,22063,Livingston,549300T1KLQQ7B84EZ41,,3,2,1,0.06,3,0,0,0,0,2,0,0,0,0,national
2025,LA,22063,Livingston,549300XY701IELCE5Q08,BETTER MORTGAGE CORPORATION,9,2,4,0.06,7,2,0,0,0,2,0,0,0,0,national
2025,LA,22063,Livingston,6BYL5QZYBDK8S7L73M02,U.S. Bank National Association,16,2,11,0.06,15,1,0,0,0,2,0,0,0,0,national
2025,LA,22063,Livingston,984500P059VACEAAFA22,,2,2,0,0.06,1,1,0,0,0,1,1,0,0,0,national
2025,LA,22063,Livingston,PAOOWF3GUFM46FBSP561,,3,2,0,0.06,0,3,0,0,0,0,2,0,0,0,national
2025,LA,22063,Livingston,PINLJ7T7GLTF48NFP863,,3,2,0,0.06,3,0,0,0,0,2,0,0,0,0,national
2025,LA,22063,Livingston,2549003E1YOW83GR2Q12,,1,1,0,0.03,1,0,0,0,0,1,0,0,0,0,national
2025,LA,22063,Livingston,254900B631B05UVLUA59,,1,1,0,0.03,1,0,0,0,0,1,0,0,0,0,national
2025,LA,22063,Livingston,254900E6AIE4Z8YQM970,Citadel Servicing Corporation,2,1,0,0.03,2,0,0,0,0,1,0,0,0,0,national
2025,LA,22063,Livingston,254900HEJ9F73IMPX887,,2,1,0,0.03,2,0,0,0,0,1,0,0,0,0,national
2025,LA,22063,Livingston,254900RUCO27MVGTO768,LOAN FUNDER LLC,1,1,0,0.03,1,0,0,0,0,1,0,0,0,0,national
2025,LA,22063,Livingston,254900U5VN6O84EWQL12,,1,1,0,0.03,1,0,0,0,0,1,0,0,0,0,national
2025,LA,22063,Livingston,254900V6GCDMRQZ34D96,,1,1,0,0.03,1,0,0,0,0,1,0,0,0,0,national
2025,LA,22063,Livingston,254900WT4HAMDFWH3048,,5,1,0,0.03,0,5,0,0,0,0,1,0,0,0,national
2025,LA,22063,Livingston,54930020YWIK7HGH2R34,,1,1,0,0.03,0,1,0,0,0,0,1,0,0,0,national
2025,LA,22063,Livingston,549300249G20MDIDRR27,,11,1,2,0.03,10,1,0,0,0,1,0,0,0,0,national
2025,LA,22063,Livingston,5493002Y5XYV7DV1ZV88,"GOLD STAR MORTGAGE FINANCIAL GROUP, CORPORATION",1,1,0,0.03,0,1,0,0,0,0,1,0,0,0,national
2025,LA,22063,Livingston,54930034MNPILHP25H80,Gateway First Bank,1,1,0,0.03,0,0,1,0,0,0,0,1,0,0,national
2025,LA,22063,Livingston,5493004OB0KD7VERQW98,,1,1,0,0.03,0,0,0,1,0,0,0,0,1,0,national
2025,LA,22063,Livingston,5493005DKMV1IHIM8E20,"Wilmington Savings Fund Society, FSB",1,1,0,0.03,1,0,0,0,0,1,0,0,0,0,national
2025,LA,22063,Livingston,5493007Z7FTUKQGFMZ98,,1,1,0,0.03,1,0,0,0,0,1,0,0,0,0,national
2025,LA,22063,Livingston,5493008ZTV4S0W9DCX64,,2,1,0,0.03,1,0,0,1,0,0,0,0,1,0,national
2025,LA,22063,Livingston,54930091CYUK2SDZ6D37,,1,1,0,0.03,0,0,1,0,0,0,0,1,0,0,national
2025,LA,22063,Livingston,549300BLL6VL7AXWYP56,,2,1,0,0.03,1,1,0,0,0,1,0,0,0,0,national
2025,LA,22063,Livingston,549300CPKDUJKREQRG38,,1,1,0,0.03,1,0,0,0,0,1,0,0,0,0,national
2025,LA,22063,Livingston,549300DMHEHNYZ2OLB41,,1,1,0,0.03,1,0,0,0,0,1,0,0,0,0,national
2025,LA,22063,Livingston,549300DMYENRV818D594,,1,1,0,0.03,1,0,0,0,0,1,0,0,0,0,national
2025,LA,22063,Livingston,549300E8WNDXIPI7FA49,,1,1,0,0.03,1,0,0,0,0,1,0,0,0,0,national
2025,LA,22063,Livingston,549300EI8WIPSALARU71,,1,1,0,0.03,1,0,0,0,0,1,0,0,0,0,national
2025,LA,22063,Livingston,549300ESV371MYVWQV54,,1,1,0,0.03,1,0,0,0,0,1,0,0,0,0,national
2025,LA,22063,Livingston,549300FX7K8PTEQUU487,PENTAGON FEDERAL CREDIT UNION,5,1,2,0.03,5,0,0,0,0,1,0,0,0,0,national
2025,LA,22063,Livingston,549300G5DVGM0ZHRQC33,,2,1,0,0.03,0,0,2,0,0,0,0,1,0,0,national
2025,LA,22063,Livingston,549300H12E7AUMUHP294,,2,1,0,0.03,0,2,0,0,0,0,1,0,0,0,national
2025,LA,22063,Livingston,549300IFOE4SCP384147,University Bank,1,1,0,0.03,0,0,1,0,0,0,0,1,0,0,national
2025,LA,22063,Livingston,549300IFU5D50EZHEU18,,3,1,0,0.03,3,0,0,0,0,1,0,0,0,0,national
2025,LA,22063,Livingston,549300ISCZS1R0CJMO47,,1,1,0,0.03,1,0,0,0,0,1,0,0,0,0,national
2025,LA,22063,Livingston,549300J24Z0NH1T4DR15,,2,1,0,0.03,2,0,0,0,0,1,0,0,0,0,national
2025,LA,22063,Livingston,549300MHH03ICJYEPE85,,1,1,0,0.03,0,1,0,0,0,0,1,0,0,0,national
2025,LA,22063,Livingston,549300N3JBQ15RQ7AV97,,1,1,0,0.03,0,0,1,0,0,0,0,1,0,0,national
2025,LA,22063,Livingston,549300OBO7DOF2KOP535,FirstBank,1,1,0,0.03,1,0,0,0,0,1,0,0,0,0,national
2025,LA,22063,Livingston,549300OMHGOGEWTCI138,,1,1,0,0.03,1,0,0,0,0,1,0,0,0,0,national
2025,LA,22063,Livingston,549300PL267CW8182203,,2,1,1,0.03,0,0,2,0,0,0,0,1,0,0,national
2025,LA,22063,Livingston,549300PL8ER6H23P0Z91,,1,1,0,0.03,0,1,0,0,0,0,1,0,0,0,national
2025,LA,22063,Livingston,549300Q50XCC0473FG63,,2,1,1,0.03,2,0,0,0,0,1,0,0,0,0,national
2025,LA,22063,Livingston,549300QBX5R3ZBD8FR12,,1,1,0,0.03,1,0,0,0,0,1,0,0,0,0,national
2025,LA,22063,Livingston,549300R77W0P105C3S50,HOMEXPRESS MORTGAGE CORP.,1,1,0,0.03,1,0,0,0,0,1,0,0,0,0,national
2025,LA,22063,Livingston,549300TA4MQM8WN2XG31,,2,1,0,0.03,2,0,0,0,0,1,0,0,0,0,national
2025,LA,22063,Livingston,549300U55IW4J0F8P008,,1,1,0,0.03,1,0,0,0,0,1,0,0,0,0,national
2025,LA,22063,Livingston,549300UG7QXKM7KGV847,,4,1,3,0.03,3,1,0,0,0,1,0,0,0,0,national
2025,LA,22063,Livingston,549300VMX06UV1F7NS76,,1,1,0,0.03,1,0,0,0,0,1,0,0,0,0,national
2025,LA,22063,Livingston,549300XWUSRVVOHPRY47,Academy Mortgage Corporation,2,1,0,0.03,2,0,0,0,0,1,0,0,0,0,national
2025,LA,22063,Livingston,549300Y5Y88FQLI7VE83,DEEPHAVEN MORTGAGE LLC,1,1,0,0.03,1,0,0,0,0,1,0,0,0,0,national
2025,LA,22063,Livingston,549300YOEBGKPKU43Q28,,1,1,0,0.03,1,0,0,0,0,1,0,0,0,0,national
2025,LA,22063,Livingston,549300ZMSSTP768USP32,,1,1,0,0.03,1,0,0,0,0,1,0,0,0,0,national
2025,LA,22063,Livingston,984500F03B9034CQB904,,2,1,0,0.03,2,0,0,0,0,1,0,0,0,0,national
2025,LA,22063,Livingston,CKVBED0S4DMLKJJ5XH28,Stifel Bank and Trust,1,1,0,0.03,1,0,0,0,0,1,0,0,0,0,national
2025,LA,22063,Livingston,D8RBTOL3JO2Q6IEO0F34,Origin Bank,1,1,0,0.03,1,0,0,0,0,1,0,0,0,0,national
2025,LA,22063,Livingston,E57ODZWZ7FF32TWEFA76,"Citibank, National Association",1,1,0,0.03,1,0,0,0,0,1,0,0,0,0,national
2025,LA,22063,Livingston,SS1TRMSN6BRNMOREEV51,"Flagstar Bank, National Association",3,1,1,0.03,1,1,0,1,0,0,0,0,1,0,national
2025,LA,22063,Livingston,X05BVSK68TQ7YTOSNR22,Discover Bank,20,1,14,0.03,20,0,0,0,0,1,0,0,0,0,national
2025,LA,22063,Livingston,549300FFVDRROF85IC57,,22,0,16,0.0,22,0,0,0,0,0,0,0,0,0,national
2025,LA,22063,Livingston,549300Q3ROEQU3D1IW91,,55,0,53,0.0,55,0,0,0,0,0,0,0,0,0,national
2025,LA,22071,Orleans,COOWI3L2W9TPYR3WJX37,First Horizon Bank,480,335,53,7.17,436,34,10,0,0,314,14,7,0,0,national
2025,LA,22071,Orleans,549300LE3ZOZXUS7W648,FIDELITY BANK,455,307,45,6.57,399,49,7,0,0,269,33,5,0,0,national
2025,LA,22071,Orleans,5493008RSN6F31BTGT93,Gulf Coast Bank and Trust Company,426,275,59,5.89,379,38,8,1,0,247,21,7,0,0,national
2025,LA,22071,Orleans,NSGZD26XPW2CUM2JKU70,HANCOCK WHITNEY BANK,465,263,113,5.63,431,28,6,0,0,244,15,4,0,0,national
2025,LA,22071,Orleans,549300HW662MN1WU8550,"United Wholesale Mortgage, LLC",403,254,64,5.44,217,144,42,0,0,148,78,28,0,0,national
2025,LA,22071,Orleans,549300FGXN1K3HLB1R50,"Rocket Mortgage, LLC",438,241,138,5.16,312,95,31,0,0,178,46,17,0,0,national
2025,LA,22071,Orleans,549300DG3IV05V4C4E03,EUSTIS MORTGAGE CORPORATION,276,178,10,3.81,205,60,11,0,0,131,40,7,0,0,national
2025,LA,22071,Orleans,7H6GLXDRUGQFU57RNE97,"JPMorgan Chase Bank, National Association",283,151,36,3.23,269,11,3,0,0,143,6,2,0,0,national
2025,LA,22071,Orleans,254900ZKVJDEYHV22276,OnPath Federal Credit Union,124,118,4,2.53,124,0,0,0,0,118,0,0,0,0,national
2025,LA,22071,Orleans,549300DD4R4SYK5RAQ92,"MOVEMENT MORTGAGE, LLC",144,96,3,2.06,101,36,7,0,0,67,23,6,0,0,national
2025,LA,22071,Orleans,5493003GQDUH26DNNH17,Navy Federal Credit Union,343,82,133,1.76,290,0,53,0,0,62,0,20,0,0,national
2025,LA,22071,Orleans,RVDPPPGHCGZ40J4VQ731,"PENNYMAC LOAN SERVICES, LLC",175,74,25,1.58,82,68,25,0,0,29,31,14,0,0,national
2025,LA,22071,Orleans,EQTWLK1G7ODGC2MGLV11,Regions Bank,248,68,128,1.46,230,16,2,0,0,62,4,2,0,0,national
2025,LA,22071,Orleans,549300OJTK0IPSNDA832,,79,57,13,1.22,58,20,1,0,0,42,14,1,0,0,national
2025,LA,22071,Orleans,549300XWUSRVVOHPRY47,Academy Mortgage Corporation,83,54,1,1.16,68,13,2,0,0,42,11,1,0,0,national
2025,LA,22071,Orleans,549300VZVN841I2ILS84,"CROSSCOUNTRY MORTGAGE, LLC",96,49,9,1.05,72,18,6,0,0,38,7,4,0,0,national
2025,LA,22071,Orleans,549300SFG15JDKI5MD22,,71,48,10,1.03,69,2,0,0,0,48,0,0,0,0,national
2025,LA,22071,Orleans,549300DD5QQUHO6PCH70,"MORTGAGE RESEARCH CENTER, LLC",122,47,31,1.01,15,4,103,0,0,1,1,45,0,0,national
2025,LA,22071,Orleans,549300TA4MQM8WN2XG31,,79,47,1,1.01,79,0,0,0,0,47,0,0,0,0,national
2025,LA,22071,Orleans,549300FNXYY540N23N64,Newrez LLC,188,46,51,0.99,127,47,14,0,0,38,3,5,0,0,national
2025,LA,22071,Orleans,549300OMHGOGEWTCI138,,47,43,2,0.92,47,0,0,0,0,43,0,0,0,0,national
2025,LA,22071,Orleans,549300LYRWPSYPK6S325,FREEDOM MORTGAGE CORPORATION,138,42,18,0.9,13,78,47,0,0,4,18,20,0,0,national
2025,LA,22071,Orleans,549300MCPCNPQAOB4032,GMFS LLC,70,42,3,0.9,45,20,5,0,0,25,13,4,0,0,national
2025,LA,22071,Orleans,549300J7I82PNDVU8H22,"OCMBC, INC.",82,40,6,0.86,81,1,0,0,0,40,0,0,0,0,national
2025,LA,22071,Orleans,549300OEQLAPVDI0LD92,,53,40,6,0.86,53,0,0,0,0,40,0,0,0,0,national
2025,LA,22071,Orleans,B4TYDEB6GKMZO031MB27,"Bank of America, National Association",99,39,34,0.84,96,3,0,0,0,39,0,0,0,0,national
2025,LA,22071,Orleans,549300II7Y8V2KY9TM28,,52,37,3,0.79,52,0,0,0,0,37,0,0,0,0,national
2025,LA,22071,Orleans,549300Q3ROEQU3D1IW91,,61,37,13,0.79,61,0,0,0,0,37,0,0,0,0,national
2025,LA,22071,Orleans,549300Y5Y88FQLI7VE83,DEEPHAVEN MORTGAGE LLC,76,37,31,0.79,76,0,0,0,0,37,0,0,0,0,national
2025,LA,22071,Orleans,549300LBCBNR1OT00651,NATIONSTAR MORTGAGE LLC,65,35,14,0.75,57,7,1,0,0,32,2,1,0,0,national
2025,LA,22071,Orleans,5493004OB0KD7VERQW98,,43,34,1,0.73,30,10,3,0,0,23,8,3,0,0,national
2025,LA,22071,Orleans,549300AG64NHILB7ZP05,"LOANDEPOT.COM, LLC",102,33,49,0.71,54,40,8,0,0,17,11,5,0,0,national
2025,LA,22071,Orleans,549300E2UX99HKDBR481,"NEW AMERICAN FUNDING, LLC",106,32,20,0.69,47,58,1,0,0,20,12,0,0,0,national
2025,LA,22071,Orleans,549300Z78KW88BIQNR50,First American Bank and Trust,47,32,7,0.69,47,0,0,0,0,32,0,0,0,0,national
2025,LA,22071,Orleans,984500U2F9A83N391A91,"CHAMPIONS FUNDING, LLC",53,30,13,0.64,53,0,0,0,0,30,0,0,0,0,national
2025,LA,22071,Orleans,549300R77W0P105C3S50,HOMEXPRESS MORTGAGE CORP.,55,28,26,0.6,55,0,0,0,0,28,0,0,0,0,national
2025,LA,22071,Orleans,5493006QG55R8V712J33,Red River Bank,39,27,6,0.58,35,4,0,0,0,25,2,0,0,0,national
2025,LA,22071,Orleans,54930045J8O98TUGTW86,b1BANK,28,24,0,0.51,28,0,0,0,0,24,0,0,0,0,national
2025,LA,22071,Orleans,54930049L5WINET09Q97,"CLICK N' CLOSE, INC.",47,24,3,0.51,18,29,0,0,0,10,14,0,0,0,national
2025,LA,22071,Orleans,549300GKFNPRWNS0GF29,"AmeriHome Mortgage Company, LLC",50,24,3,0.51,42,7,0,1,0,21,3,0,0,0,national
2025,LA,22071,Orleans,549300OPCWU6E72WUT29,"MUTUAL OF OMAHA MORTGAGE, INC.",55,24,9,0.51,22,31,2,0,0,14,9,1,0,0,national
2025,LA,22071,Orleans,5493002RF1ERFA2XR050,Renasant Bank,30,22,2,0.47,29,0,1,0,0,21,0,1,0,0,national
2025,LA,22071,Orleans,254900RUCO27MVGTO768,LOAN FUNDER LLC,70,21,12,0.45,70,0,0,0,0,21,0,0,0,0,national
2025,LA,22071,Orleans,254900UL88QFG0E40516,FIGURE LENDING LLC,69,21,24,0.45,69,0,0,0,0,21,0,0,0,0,national
2025,LA,22071,Orleans,5493002F9OWLKRICTY67,STANDARD MORTGAGE CORPORATION,37,20,10,0.43,31,6,0,0,0,17,3,0,0,0,national
2025,LA,22071,Orleans,549300RN01LBYR8ZVX74,"LOWER, LLC",39,20,6,0.43,23,14,2,0,0,15,5,0,0,0,national
2025,LA,22071,Orleans,5493006VAGP3GQ8FJT49,"Kiavi Funding, Inc.",24,19,1,0.41,24,0,0,0,0,19,0,0,0,0,national
2025,LA,22071,Orleans,549300K3SVNVK97FCP36,,28,19,7,0.41,28,0,0,0,0,19,0,0,0,0,national
2025,LA,22071,Orleans,549300M03EN3OQEDU087,,67,18,41,0.39,60,7,0,0,0,16,2,0,0,0,national
2025,LA,22071,Orleans,549300MUEGVFZ2155D91,,34,18,7,0.39,34,0,0,0,0,18,0,0,0,0,national
2025,LA,22071,Orleans,549300PIL8LFAQ04XC20,Better Mortgage Corporation,66,18,34,0.39,66,0,0,0,0,18,0,0,0,0,national
2025,LA,22071,Orleans,5493007CXTOHZ2JBEJ61,"THE MORTGAGE FIRM, INC.",31,17,3,0.36,23,3,5,0,0,12,2,3,0,0,national
2025,LA,22071,Orleans,549300GS0W0TEUQS8571,"Morgan Stanley Private Bank, National Association",27,17,4,0.36,27,0,0,0,0,17,0,0,0,0,national
2025,LA,22071,Orleans,549300K4ZLGS7SRDTL86,Equity Prime Mortgage LLC,53,17,8,0.36,5,39,9,0,0,0,13,4,0,0,national
2025,LA,22071,Orleans,549300R9S3MVDV4MGF56,"CARRINGTON MORTGAGE SERVICES, LLC",83,17,42,0.36,38,38,7,0,0,12,4,1,0,0,national
2025,LA,22071,Orleans,6BYL5QZYBDK8S7L73M02,U.S. Bank National Association,47,17,27,0.36,46,0,1,0,0,16,0,1,0,0,national
2025,LA,22071,Orleans,549300RPOGWJRH63HS39,UNION HOME MORTGAGE CORP.,25,16,1,0.34,20,4,0,1,0,12,4,0,0,0,national
2025,LA,22071,Orleans,549300UR5AOWTJJ7KZ64,,20,16,0,0.34,20,0,0,0,0,16,0,0,0,0,national
2025,LA,22071,Orleans,549300VORTI31GZTJL53,"CARDINAL FINANCIAL COMPANY, LIMITED PARTNERSHIP",28,16,4,0.34,14,13,1,0,0,9,7,0,0,0,national
2025,LA,22071,Orleans,254900DTLHVWQ7NP7R34,"CMG Mortgage, Inc.",30,15,2,0.32,28,2,0,0,0,14,1,0,0,0,national
2025,LA,22071,Orleans,549300YIQ7S7Z8PIHE53,AMERISAVE MORTGAGE CORPORATION,145,15,117,0.32,98,42,5,0,0,11,4,0,0,0,national
2025,LA,22071,Orleans,C5654JQHZUHN0772B561,USAA Federal Savings Bank,58,15,21,0.32,38,0,20,0,0,10,0,5,0,0,national
2025,LA,22071,Orleans,5493008Q3XBC7O0Q4X02,,23,14,9,0.3,18,5,0,0,0,11,3,0,0,0,national
2025,LA,22071,Orleans,5493008VVXQIDO1EZ460,"SUMMIT FUNDING, INC.",20,14,0,0.3,11,8,1,0,0,7,6,1,0,0,national
2025,LA,22071,Orleans,KB1H1DSPRFMYMCUFXT09,"Wells Fargo Bank, National Association",39,14,16,0.3,34,4,1,0,0,14,0,0,0,0,national
2025,LA,22071,Orleans,5493001GCBD5XGNIC815,Coastal Community Bank,79,13,2,0.28,79,0,0,0,0,13,0,0,0,0,national
2025,LA,22071,Orleans,549300AQ3T62GXDU7D76,GUILD MORTGAGE COMPANY LLC,30,12,3,0.26,15,14,1,0,0,4,8,0,0,0,national
2025,LA,22071,Orleans,549300PGV74J5SPHTG47,,13,12,0,0.26,13,0,0,0,0,12,0,0,0,0,national
2025,LA,22071,Orleans,549300V1ZDKDQXFW3339,,38,12,17,0.26,38,0,0,0,0,12,0,0,0,0,national
2025,LA,22071,Orleans,549300XY701IELCE5Q08,BETTER MORTGAGE CORPORATION,56,12,18,0.26,51,5,0,0,0,11,1,0,0,0,national
2025,LA,22071,Orleans,5493001WHVQBGRSWEU75,"HOMEBRIDGE FINANCIAL SERVICES, INC.",20,11,6,0.24,19,0,1,0,0,10,0,1,0,0,national
2025,LA,22071,Orleans,5493004AS1SPBQOFDR49,"Change Lending, LLC",16,11,1,0.24,16,0,0,0,0,11,0,0,0,0,national
2025,LA,22071,Orleans,5493006P5IHSK77SZ855,,28,11,3,0.24,12,14,2,0,0,2,8,1,0,0,national
2025,LA,22071,Orleans,549300GTVXJ2PGXNLM73,T2 FINANCIAL LLC,17,11,2,0.24,9,4,4,0,0,7,2,2,0,0,national
2025,LA,22071,Orleans,549300RA3E0BUFO7YZ21,"Hometown Equity Mortgage, LLC",28,11,15,0.24,25,3,0,0,0,9,2,0,0,0,national
2025,LA,22071,Orleans,549300U3721PJGQZYY68,"GUARANTEED RATE, INC.",39,11,1,0.24,35,2,2,0,0,11,0,0,0,0,national
2025,LA,22071,Orleans,Q7C315HKI8VX0SSKBS64,Cadence Bank,13,11,1,0.24,12,1,0,0,0,11,0,0,0,0,national
2025,LA,22071,Orleans,254900ZX1UPIG2E7TH11,"ASSURANCE FINANCIAL GROUP, L.L.C.",15,10,3,0.21,12,3,0,0,0,8,2,0,0,0,national
2025,LA,22071,Orleans,549300121SF0K2LN2804,"PRIMELENDING, A PLAINSCAPITAL COMPANY",21,10,5,0.21,16,5,0,0,0,7,3,0,0,0,national
2025,LA,22071,Orleans,549300KSOOZZVXCMA627,ANGEL OAK MORTGAGE SOLUTIONS LLC,11,10,0,0.21,11,0,0,0,0,10,0,0,0,0,national
2025,LA,22071,Orleans,549300PBTV7FCWLSMM53,,19,10,1,0.21,3,5,11,0,0,2,2,6,0,0,national
2025,LA,22071,Orleans,2549005SIVTHG14U2905,A&D Mortgage LLC,13,9,1,0.19,13,0,0,0,0,9,0,0,0,0,national
2025,LA,22071,Orleans,254900HA4DQWAE0W3342,"AMERIHOME MORTGAGE COMPANY, LLC",16,9,1,0.19,5,11,0,0,0,1,8,0,0,0,national
2025,LA,22071,Orleans,254900YPPMV9UM5FUW09,,14,9,1,0.19,11,2,1,0,0,7,1,1,0,0,national
2025,LA,22071,Orleans,54930027GUR70U427Y19,,16,9,5,0.19,16,0,0,0,0,9,0,0,0,0,national
2025,LA,22071,Orleans,549300CPKDUJKREQRG38,,13,9,4,0.19,13,0,0,0,0,9,0,0,0,0,national
2025,LA,22071,Orleans,549300O6Z0I6KYMESL47,AMWEST FUNDING CORP.,10,9,0,0.19,10,0,0,0,0,9,0,0,0,0,national
2025,LA,22071,Orleans,254900WEP08K7U7S3A80,,10,8,1,0.17,3,7,0,0,0,2,6,0,0,0,national
2025,LA,22071,Orleans,254900WTZC5SSKIN2M11,,12,8,2,0.17,12,0,0,0,0,8,0,0,0,0,national
2025,LA,22071,Orleans,5493001GDRY0EL7VG372,"ARK-LA-TEX FINANCIAL SERVICES, LLC.",10,8,0,0.17,4,5,1,0,0,4,3,1,0,0,national
2025,LA,22071,Orleans,5493002B2WMHY23GFK92,"AMERICAN FINANCIAL RESOURCES, INC.",11,8,2,0.17,6,5,0,0,0,4,4,0,0,0,national
2025,LA,22071,Orleans,54930054ET8KM4O1D485,"SOFI BANK, NATIONAL ASSOCIATION",51,8,4,0.17,47,4,0,0,0,7,1,0,0,0,national
2025,LA,22071,Orleans,5493005PD34O8ZT7QT17,,11,8,2,0.17,11,0,0,0,0,8,0,0,0,0,national
2025,LA,22071,Orleans,549300G4ESSS6M0MEG51,ORIGINPOINT LLC,12,8,0,0.17,10,2,0,0,0,7,1,0,0,0,national
2025,LA,22071,Orleans,549300INFJ8TYNZ1G568,,9,8,1,0.17,9,0,0,0,0,8,0,0,0,0,national
2025,LA,22071,Orleans,549300JXWG67QZF4I652,,14,8,3,0.17,14,0,0,0,0,8,0,0,0,0,national
2025,LA,22071,Orleans,549300PQLK8E48ILXV41,,13,8,2,0.17,13,0,0,0,0,8,0,0,0,0,national
2025,LA,22071,Orleans,984500P059VACEAAFA22,,20,8,7,0.17,9,9,2,0,0,5,3,0,0,0,national
2025,LA,22071,Orleans,25490066WMF8ZMQXQB18,"Lendage, LLC",10,7,0,0.15,10,0,0,0,0,7,0,0,0,0,national
2025,LA,22071,Orleans,254900CTT87ZKAUTIJ37,,14,7,5,0.15,14,0,0,0,0,7,0,0,0,0,national
2025,LA,22071,Orleans,254900FBWEZ3YUPOBN33,,26,7,6,0.15,26,0,0,0,0,7,0,0,0,0,national
2025,LA,22071,Orleans,54930021WPEXNHYZUL09,"PLANET HOME LENDING, LLC",16,7,8,0.15,3,9,4,0,0,1,3,3,0,0,national
2025,LA,22071,Orleans,54930091JQKCU3Z6IP44,,124,7,11,0.15,124,0,0,0,0,7,0,0,0,0,national
2025,LA,22071,Orleans,549300LROQOOQU77WS20,,17,7,2,0.15,17,0,0,0,0,7,0,0,0,0,national
2025,LA,22071,Orleans,549300MZ8VZJOVC63092,"KIND LENDING, LLC",26,7,14,0.15,14,10,2,0,0,5,2,0,0,0,national
2025,LA,22071,Orleans,E57ODZWZ7FF32TWEFA76,"Citibank, National Association",18,7,3,0.15,18,0,0,0,0,7,0,0,0,0,national
2025,LA,22071,Orleans,2549004FXPNKCLIN8250,"Synergy One Lending, Inc.",12,6,2,0.13,7,5,0,0,0,3,3,0,0,0,national
2025,LA,22071,Orleans,54930052M48FOD3CWA54,"PRIMARY RESIDENTIAL MORTGAGE, INC.",10,6,1,0.13,7,1,2,0,0,5,0,1,0,0,national
2025,LA,22071,Orleans,54930082VCNY40XPOB62,,6,6,0,0.13,6,0,0,0,0,6,0,0,0,0,national
2025,LA,22071,Orleans,5493008NWHQT1R22C024,"AMERICAN FINANCIAL NETWORK, INC.",23,6,8,0.13,12,11,0,0,0,3,3,0,0,0,national
2025,LA,22071,Orleans,549300B1HO0P8G3WYQ31,,9,6,1,0.13,9,0,0,0,0,6,0,0,0,0,national
2025,LA,22071,Orleans,549300JYXTZDSPJEPI44,"PLAZA HOME MORTGAGE, INC.",17,6,8,0.13,8,8,1,0,0,2,3,1,0,0,national
2025,LA,22071,Orleans,549300LZUXCJFE5ONM48,,6,6,0,0.13,0,6,0,0,0,0,6,0,0,0,national
2025,LA,22071,Orleans,549300O2UK5FUZXQJO34,,6,6,0,0.13,6,0,0,0,0,6,0,0,0,0,national
2025,LA,22071,Orleans,549300RYTR2RVL4SFJ90,,19,6,5,0.13,19,0,0,0,0,6,0,0,0,0,national
2025,LA,22071,Orleans,JJKC32MCHWDI71265Z06,Truist Bank,12,6,2,0.13,9,2,1,0,0,4,1,1,0,0,national
2025,LA,22071,Orleans,2WHM8VNJH63UN14OL754,The Huntington National Bank,7,5,1,0.11,5,1,1,0,0,5,0,0,0,0,national
2025,LA,22071,Orleans,549300370QILXLFUWD20,"ZILLOW HOME LOANS, LLC",9,5,1,0.11,5,4,0,0,0,4,1,0,0,0,national
2025,LA,22071,Orleans,549300A5HHOL2ED18C72,,9,5,0,0.11,3,4,2,0,0,2,3,0,0,0,national
2025,LA,22071,Orleans,549300EKFFG3BU8DNX74,NEXERA HOLDING LLC,16,5,2,0.11,16,0,0,0,0,5,0,0,0,0,national
2025,LA,22071,Orleans,549300FX7K8PTEQUU487,PENTAGON FEDERAL CREDIT UNION,15,5,8,0.11,14,1,0,0,0,5,0,0,0,0,national
2025,LA,22071,Orleans,549300MGPZBLQDIL7538,FAIRWAY INDEPENDENT MORTGAGE CORPORATION,6,5,1,0.11,5,1,0,0,0,5,0,0,0,0,national
2025,LA,22071,Orleans,549300QAJ2SD5X8T7X10,Synergy Bank,7,5,0,0.11,7,0,0,0,0,5,0,0,0,0,national
2025,LA,22071,Orleans,549300S5YL3OH0IVCS62,FINANCE OF AMERICA REVERSE LLC,9,5,0,0.11,2,7,0,0,0,0,5,0,0,0,national
2025,LA,22071,Orleans,549300ZPSJZO10ZAX556,"AMERICAN HERITAGE LENDING, LLC",41,5,0,0.11,41,0,0,0,0,5,0,0,0,0,national
2025,LA,22071,Orleans,254900E6AIE4Z8YQM970,Citadel Servicing Corporation,6,4,0,0.09,6,0,0,0,0,4,0,0,0,0,national
2025,LA,22071,Orleans,254900NZOY3XB2DNSZ34,,4,4,0,0.09,4,0,0,0,0,4,0,0,0,0,national
2025,LA,22071,Orleans,254900ZFWS2106HWPH46,"PARAMOUNT RESIDENTIAL MORTGAGE GROUP, INC.",5,4,0,0.09,5,0,0,0,0,4,0,0,0,0,national
2025,LA,22071,Orleans,5493001F7QT2YW3K8D98,"DSLD MORTGAGE, LLC",9,4,2,0.09,5,4,0,0,0,2,2,0,0,0,national
2025,LA,22071,Orleans,5493003V40VGM7YDFM54,FIRST COLONY MORTGAGE CORPORATION,7,4,2,0.09,7,0,0,0,0,4,0,0,0,0,national
2025,LA,22071,Orleans,5493009F6BJDCZMZ7Y26,,7,4,0,0.09,1,6,0,0,0,1,3,0,0,0,national
2025,LA,22071,Orleans,549300C8GOC4OYUV0Z32,,12,4,0,0.09,12,0,0,0,0,4,0,0,0,0,national
2025,LA,22071,Orleans,549300F376WY63AY7896,,7,4,2,0.09,7,0,0,0,0,4,0,0,0,0,national
2025,LA,22071,Orleans,549300GWD9H4FQ2VR805,,6,4,0,0.09,6,0,0,0,0,4,0,0,0,0,national
2025,LA,22071,Orleans,549300KTR1JGH3K6LU06,FOURLEAF,8,4,3,0.09,8,0,0,0,0,4,0,0,0,0,national
2025,LA,22071,Orleans,549300NOCASXPA34X033,"LAKEVIEW LOAN SERVICING, LLC",36,4,23,0.09,7,21,8,0,0,2,1,1,0,0,national
2025,LA,22071,Orleans,549300Q50XCC0473FG63,,4,4,0,0.09,4,0,0,0,0,4,0,0,0,0,national
2025,LA,22071,Orleans,549300SK2GVCQXPD4S58,"SUN WEST MORTGAGE COMPANY, INC.",12,4,6,0.09,7,4,1,0,0,4,0,0,0,0,national
2025,LA,22071,Orleans,549300UG7QXKM7KGV847,,12,4,6,0.09,9,2,1,0,0,4,0,0,0,0,national
2025,LA,22071,Orleans,PAOOWF3GUFM46FBSP561,,7,4,0,0.09,6,1,0,0,0,4,0,0,0,0,national
2025,LA,22071,Orleans,SS1TRMSN6BRNMOREEV51,"Flagstar Bank, National Association",9,4,3,0.09,5,3,1,0,0,2,1,1,0,0,national
2025,LA,22071,Orleans,213800XR2TCBQJSF1X93,,10,3,1,0.06,8,2,0,0,0,2,1,0,0,0,national
2025,LA,22071,Orleans,25490095CTOC97LRQD90,,6,3,3,0.06,6,0,0,0,0,3,0,0,0,0,national
2025,LA,22071,Orleans,54930001NSTOD85LT125,"GUARANTEED RATE AFFINITY, LLC",3,3,0,0.06,3,0,0,0,0,3,0,0,0,0,national
2025,LA,22071,Orleans,5493001XKL0FTNOJ0866,,7,3,0,0.06,4,2,1,0,0,1,1,1,0,0,national
2025,LA,22071,Orleans,5493003JBN8UEVOU8O42,,5,3,1,0.06,5,0,0,0,0,3,0,0,0,0,national
2025,LA,22071,Orleans,549300BOXNV8VLRBDT24,,5,3,1,0.06,5,0,0,0,0,3,0,0,0,0,national
2025,LA,22071,Orleans,549300BX448ALT10FI43,The Federal Savings Bank,18,3,0,0.06,1,3,14,0,0,0,2,1,0,0,national
2025,LA,22071,Orleans,549300F8C5JA44WNMI75,AMERICAN NEIGHBORHOOD MORTGAGE ACCEPTANCE COMPANY LLC,5,3,0,0.06,0,4,1,0,0,0,2,1,0,0,national
2025,LA,22071,Orleans,549300R7HGHP2I754087,TOWNE MORTGAGE COMPANY,4,3,0,0.06,1,2,1,0,0,1,2,0,0,0,national
2025,LA,22071,Orleans,549300T94GSH3C4U5M59,ALLIANT CREDIT UNION,6,3,1,0.06,6,0,0,0,0,3,0,0,0,0,national
2025,LA,22071,Orleans,549300U18MOAH5F95P15,EFCU FINANCIAL,4,3,1,0.06,4,0,0,0,0,3,0,0,0,0,national
2025,LA,22071,Orleans,549300VCMRO4ST680C11,VILLAGE CAPITAL & INVESTMENT LLC,29,3,12,0.06,0,13,16,0,0,0,2,1,0,0,national
2025,LA,22071,Orleans,549300VVH8HHFMWL8536,,3,3,0,0.06,3,0,0,0,0,3,0,0,0,0,national
2025,LA,22071,Orleans,9845005BP6974AE5D838,,4,3,1,0.06,4,0,0,0,0,3,0,0,0,0,national
2025,LA,22071,Orleans,CKVBED0S4DMLKJJ5XH28,Stifel Bank and Trust,3,3,0,0.06,3,0,0,0,0,3,0,0,0,0,national
2025,LA,22071,Orleans,T68X8LLAQYRNDV034K14,United Community Bank,3,3,0,0.06,3,0,0,0,0,3,0,0,0,0,national
2025,LA,22071,Orleans,ZXMJHJK466PBZTM5F379,,5,3,1,0.06,5,0,0,0,0,3,0,0,0,0,national
2025,LA,22071,Orleans,01J4SO3XTWZF4PP38209,Trustmark Bank,3,2,1,0.04,3,0,0,0,0,2,0,0,0,0,national
2025,LA,22071,Orleans,254900B631B05UVLUA59,,4,2,1,0.04,4,0,0,0,0,2,0,0,0,0,national
2025,LA,22071,Orleans,254900BBWJ82FQDQ6823,,2,2,0,0.04,2,0,0,0,0,2,0,0,0,0,national
2025,LA,22071,Orleans,254900IEGKUDRDS23V26,,2,2,0,0.04,2,0,0,0,0,2,0,0,0,0,national
2025,LA,22071,Orleans,5493001X0T84TYRJ5Y59,,2,2,0,0.04,2,0,0,0,0,2,0,0,0,0,national
2025,LA,22071,Orleans,54930030Z1JWTP3SVD16,,3,2,0,0.04,2,1,0,0,0,2,0,0,0,0,national
2025,LA,22071,Orleans,5493004U68X0X5LVHY72,,9,2,2,0.04,9,0,0,0,0,2,0,0,0,0,national
2025,LA,22071,Orleans,5493005QK4NV0ZZ5EM64,,2,2,0,0.04,2,0,0,0,0,2,0,0,0,0,national
2025,LA,22071,Orleans,5493006GFSNOUCCL1W91,,5,2,0,0.04,5,0,0,0,0,2,0,0,0,0,national
2025,LA,22071,Orleans,549300CDOC4F7XSRG390,Pinnacle Bank,2,2,0,0.04,2,0,0,0,0,2,0,0,0,0,national
2025,LA,22071,Orleans,549300CKG3JGNHH34D61,,2,2,0,0.04,2,0,0,0,0,2,0,0,0,0,national
2025,LA,22071,Orleans,549300CY7WNAHKHYSJ73,,3,2,1,0.04,1,1,1,0,0,1,0,1,0,0,national
2025,LA,22071,Orleans,549300DMHEHNYZ2OLB41,,2,2,0,0.04,2,0,0,0,0,2,0,0,0,0,national
2025,LA,22071,Orleans,549300DNWSJUNAWUM003,,3,2,0,0.04,3,0,0,0,0,2,0,0,0,0,national
2025,LA,22071,Orleans,549300G5DVGM0ZHRQC33,,2,2,0,0.04,0,0,2,0,0,0,0,2,0,0,national
2025,LA,22071,Orleans,549300KJ8PAJ7E52HG32,Plains Commerce Bank,2,2,0,0.04,1,1,0,0,0,1,1,0,0,0,national
2025,LA,22071,Orleans,549300KX4S1573HISS22,,6,2,0,0.04,6,0,0,0,0,2,0,0,0,0,national
2025,LA,22071,Orleans,549300MHH03ICJYEPE85,,5,2,1,0.04,1,4,0,0,0,0,2,0,0,0,national
2025,LA,22071,Orleans,549300O0BQZ8YGYRA730,,2,2,0,0.04,2,0,0,0,0,2,0,0,0,0,national
2025,LA,22071,Orleans,549300PC4MFWQBNVKG88,"V.I.P. MORTGAGE, INC.",2,2,0,0.04,2,0,0,0,0,2,0,0,0,0,national
2025,LA,22071,Orleans,549300PJ2WT35S77Q208,,3,2,0,0.04,2,1,0,0,0,1,1,0,0,0,national
2025,LA,22071,Orleans,549300R4F5COFJE0DN81,,2,2,0,0.04,2,0,0,0,0,2,0,0,0,0,national
2025,LA,22071,Orleans,549300RYWXR8TL5LIK35,,5,2,2,0.04,4,1,0,0,0,2,0,0,0,0,national
2025,LA,22071,Orleans,549300SUCQ1358EGVE89,"NEW DAY FINANCIAL, LLC",34,2,18,0.04,0,4,30,0,0,0,0,2,0,0,national
2025,LA,22071,Orleans,549300T1KLQQ7B84EZ41,,2,2,0,0.04,2,0,0,0,0,2,0,0,0,0,national
2025,LA,22071,Orleans,549300T9P3WXNMXX0I34,Ixonia Bank,3,2,0,0.04,1,2,0,0,0,1,1,0,0,0,national
2025,LA,22071,Orleans,549300XCVBRR56D08F03,,22,2,0,0.04,12,8,2,0,0,2,0,0,0,0,national
2025,LA,22071,Orleans,549300YW2UBCMDRMBT48,,3,2,1,0.04,2,1,0,0,0,1,1,0,0,0,national
2025,LA,22071,Orleans,98450087981AP406JG03,,2,2,0,0.04,2,0,0,0,0,2,0,0,0,0,national
2025,LA,22071,Orleans,Q708HHR4LD2B7XIZNO92,First Federal Bank,4,2,1,0.04,4,0,0,0,0,2,0,0,0,0,national
2025,LA,22071,Orleans,WWB2V0FCW3A0EE3ZJN75,Manufacturers and Traders Trust Company,7,2,1,0.04,0,6,1,0,0,0,1,1,0,0,national
2025,LA,22071,Orleans,1TMVIO1SD0RLIPEIW803,Great Southern Bank,1,1,0,0.02,1,0,0,0,0,1,0,0,0,0,national
2025,LA,22071,Orleans,2549001SI0EMFPT39035,"Cornerstone First Mortgage, Inc",7,1,1,0.02,7,0,0,0,0,1,0,0,0,0,national
2025,LA,22071,Orleans,254900378RFGMBEKAF12,,2,1,0,0.02,2,0,0,0,0,1,0,0,0,0,national
2025,LA,22071,Orleans,2549003E1YOW83GR2Q12,,1,1,0,0.02,1,0,0,0,0,1,0,0,0,0,national
2025,LA,22071,Orleans,2549004Z576VEJBK3N72,"NQM FUNDING, LLC",1,1,0,0.02,1,0,0,0,0,1,0,0,0,0,national
2025,LA,22071,Orleans,254900ACUWEGW702BR80,"FM Home Loans, LLC",1,1,0,0.02,1,0,0,0,0,1,0,0,0,0,national
2025,LA,22071,Orleans,254900BMXWPEHXG4LF21,,1,1,0,0.02,0,1,0,0,0,0,1,0,0,0,national
2025,LA,22071,Orleans,254900DSZI6CJXJL6Z14,,3,1,0,0.02,3,0,0,0,0,1,0,0,0,0,national
2025,LA,22071,Orleans,254900HEJ9F73IMPX887,,10,1,1,0.02,9,1,0,0,0,1,0,0,0,0,national
2025,LA,22071,Orleans,254900JRJMMWO6A10H16,,1,1,0,0.02,1,0,0,0,0,1,0,0,0,0,national
2025,LA,22071,Orleans,254900M2C4Q6DATP2889,,8,1,2,0.02,1,4,3,0,0,0,0,1,0,0,national
2025,LA,22071,Orleans,254900RM3T6WAVE6SA24,,4,1,2,0.02,4,0,0,0,0,1,0,0,0,0,national
2025,LA,22071,Orleans,254900UEITST3NEK8Y27,,1,1,0,0.02,1,0,0,0,0,1,0,0,0,0,national
2025,LA,22071,Orleans,254900VECGAWC5CPU773,,2,1,0,0.02,2,0,0,0,0,1,0,0,0,0,national
2025,LA,22071,Orleans,254900WT4HAMDFWH3048,,8,1,0,0.02,0,8,0,0,0,0,1,0,0,0,national
2025,LA,22071,Orleans,254900YA1AQXNM8QVZ06,,2,1,0,0.02,0,2,0,0,0,0,1,0,0,0,national
2025,LA,22071,Orleans,3Y4U8VZURTYWI1W2K376,BMO Bank National Association,1,1,0,0.02,1,0,0,0,0,1,0,0,0,0,national
2025,LA,22071,Orleans,5493000EUC3MM52PJV85,,1,1,0,0.02,1,0,0,0,0,1,0,0,0,0,national
2025,LA,22071,Orleans,5493000F6NFDOVVZP043,,1,1,0,0.02,1,0,0,0,0,1,0,0,0,0,national
2025,LA,22071,Orleans,5493000IIYWBLONJVJ30,,2,1,0,0.02,2,0,0,0,0,1,0,0,0,0,national
2025,LA,22071,Orleans,5493001QMUDK2ML5S840,,4,1,2,0.02,4,0,0,0,0,1,0,0,0,0,national
2025,LA,22071,Orleans,54930022CQGV47Q8PM03,,1,1,0,0.02,1,0,0,0,0,1,0,0,0,0,national
2025,LA,22071,Orleans,5493002QP2ONO47G5R24,,1,1,0,0.02,1,0,0,0,0,1,0,0,0,0,national
2025,LA,22071,Orleans,5493002WVA17MT4UFH84,,1,1,0,0.02,1,0,0,0,0,1,0,0,0,0,national
2025,LA,22071,Orleans,5493002Y5XYV7DV1ZV88,"GOLD STAR MORTGAGE FINANCIAL GROUP, CORPORATION",2,1,0,0.02,1,1,0,0,0,0,1,0,0,0,national
2025,LA,22071,Orleans,5493002YXAOJOQPEGS38,,2,1,0,0.02,2,0,0,0,0,1,0,0,0,0,national
2025,LA,22071,Orleans,549300323EON4W3CCM44,"RESICENTRAL, LLC",1,1,0,0.02,1,0,0,0,0,1,0,0,0,0,national
2025,LA,22071,Orleans,5493003BXKRGHQHRJV38,,1,1,0,0.02,1,0,0,0,0,1,0,0,0,0,national
2025,LA,22071,Orleans,5493003CEZ9JGZYJ4J88,,1,1,0,0.02,1,0,0,0,0,1,0,0,0,0,national
2025,LA,22071,Orleans,5493003NV9L53LK1XI52,,1,1,0,0.02,1,0,0,0,0,1,0,0,0,0,national
2025,LA,22071,Orleans,5493003SOHU5A9BPKB06,,2,1,0,0.02,2,0,0,0,0,1,0,0,0,0,national
2025,LA,22071,Orleans,54930045EHC4UJU3BP73,,1,1,0,0.02,1,0,0,0,0,1,0,0,0,0,national
2025,LA,22071,Orleans,54930048P8RWCQHQM310,,2,1,0,0.02,2,0,0,0,0,1,0,0,0,0,national
2025,LA,22071,Orleans,5493005XMJQ1GSXUGT67,,2,1,0,0.02,1,1,0,0,0,1,0,0,0,0,national
2025,LA,22071,Orleans,54930069UB3VEGAQ9661,,1,1,0,0.02,1,0,0,0,0,1,0,0,0,0,national
2025,LA,22071,Orleans,54930074GUKXKBKNQI12,,1,1,0,0.02,1,0,0,0,0,1,0,0,0,0,national
2025,LA,22071,Orleans,54930078TNN7GKZ7NU89,,1,1,0,0.02,1,0,0,0,0,1,0,0,0,0,national
2025,LA,22071,Orleans,5493007CLWQN2S6IZK91,,1,1,0,0.02,0,0,1,0,0,0,0,1,0,0,national
2025,LA,22071,Orleans,5493008SP1FN4D81IS17,,2,1,1,0.02,2,0,0,0,0,1,0,0,0,0,national
2025,LA,22071,Orleans,5493008ZTV4S0W9DCX64,,5,1,2,0.02,3,1,1,0,0,1,0,0,0,0,national
2025,LA,22071,Orleans,54930095UWUUXAWASB02,"Atlantic Coast Mortgage, LLC",1,1,0,0.02,1,0,0,0,0,1,0,0,0,0,national
2025,LA,22071,Orleans,549300AENO88GEUWCZ39,,1,1,0,0.02,0,1,0,0,0,0,1,0,0,0,national
2025,LA,22071,Orleans,549300B2JJHSM77T5Y41,,2,1,0,0.02,2,0,0,0,0,1,0,0,0,0,national
2025,LA,22071,Orleans,549300DB8DXY0GE82T18,,2,1,0,0.02,2,0,0,0,0,1,0,0,0,0,national
2025,LA,22071,Orleans,549300DDLYW49R2HCV81,EASTMAN CREDIT UNION,1,1,0,0.02,1,0,0,0,0,1,0,0,0,0,national
2025,LA,22071,Orleans,549300DT7WZ1SOTNFJ62,,1,1,0,0.02,1,0,0,0,0,1,0,0,0,0,national
2025,LA,22071,Orleans,549300ESRQ6OLBB56N04,,1,1,0,0.02,1,0,0,0,0,1,0,0,0,0,national
2025,LA,22071,Orleans,549300F6Y1YO2YXN6135,,1,1,0,0.02,1,0,0,0,0,1,0,0,0,0,national
2025,LA,22071,Orleans,549300FVD3YHE65PKH97,,1,1,0,0.02,0,1,0,0,0,0,1,0,0,0,national
2025,LA,22071,Orleans,549300G8SAGXEDF5FK39,,2,1,0,0.02,2,0,0,0,0,1,0,0,0,0,national
2025,LA,22071,Orleans,549300GRGZDEH4ZGQS06,WATERSTONE MORTGAGE CORPORATION,1,1,0,0.02,1,0,0,0,0,1,0,0,0,0,national
2025,LA,22071,Orleans,549300HINJH60UG3KG47,,1,1,0,0.02,1,0,0,0,0,1,0,0,0,0,national
2025,LA,22071,Orleans,549300HRLROF7PLJ6735,CLEAREDGE LENDING LLC,2,1,1,0.02,2,0,0,0,0,1,0,0,0,0,national
2025,LA,22071,Orleans,549300I1HK1BBZLKOB84,,1,1,0,0.02,1,0,0,0,0,1,0,0,0,0,national
2025,LA,22071,Orleans,549300IFU5D50EZHEU18,,3,1,0,0.02,3,0,0,0,0,1,0,0,0,0,national
2025,LA,22071,Orleans,549300ISCZS1R0CJMO47,,1,1,0,0.02,1,0,0,0,0,1,0,0,0,0,national
2025,LA,22071,Orleans,549300J1JK4OE41PLT95,,1,1,0,0.02,1,0,0,0,0,1,0,0,0,0,national
2025,LA,22071,Orleans,549300J6N77Q8OHYNF23,,5,1,2,0.02,3,2,0,0,0,0,1,0,0,0,national
2025,LA,22071,Orleans,549300K2JM6ID3V5LO24,,1,1,0,0.02,1,0,0,0,0,1,0,0,0,0,national
2025,LA,22071,Orleans,549300L0RZ1NED0NV967,,1,1,0,0.02,1,0,0,0,0,1,0,0,0,0,national
2025,LA,22071,Orleans,549300LLESTPOVRG3X73,,2,1,0,0.02,2,0,0,0,0,1,0,0,0,0,national
2025,LA,22071,Orleans,549300LLKEKXL2RM1F61,CONTOUR MORTGAGE CORPORATION,1,1,0,0.02,1,0,0,0,0,1,0,0,0,0,national
2025,LA,22071,Orleans,549300LP3GMTWS4OB353,,1,1,0,0.02,0,1,0,0,0,0,1,0,0,0,national
2025,LA,22071,Orleans,549300MCIFZSDHUT8X63,"NFM, INC.",1,1,0,0.02,1,0,0,0,0,1,0,0,0,0,national
2025,LA,22071,Orleans,549300MVSM4XYFQL3X62,BARKSDALE,1,1,0,0.02,1,0,0,0,0,1,0,0,0,0,national
2025,LA,22071,Orleans,549300NZWZUYUWEOA562,,1,1,0,0.02,1,0,0,0,0,1,0,0,0,0,national
2025,LA,22071,Orleans,549300O1FOCD65WZ9873,,1,1,0,0.02,1,0,0,0,0,1,0,0,0,0,national
2025,LA,22071,Orleans,549300OBO7DOF2KOP535,FirstBank,1,1,0,0.02,1,0,0,0,0,1,0,0,0,0,national
2025,LA,22071,Orleans,549300OR2C7AGDZFTS24,,1,1,0,0.02,1,0,0,0,0,1,0,0,0,0,national
2025,LA,22071,Orleans,549300P6J0MZZT4UMT05,,1,1,0,0.02,1,0,0,0,0,1,0,0,0,0,national
2025,LA,22071,Orleans,549300PFJ7GCGDLB2E65,,2,1,0,0.02,2,0,0,0,0,1,0,0,0,0,national
2025,LA,22071,Orleans,549300QBX5R3ZBD8FR12,,1,1,0,0.02,0,0,1,0,0,0,0,1,0,0,national
2025,LA,22071,Orleans,549300QKL5FUBZ8LSF50,"NATIONS DIRECT MORTGAGE, LLC",2,1,0,0.02,1,1,0,0,0,1,0,0,0,0,national
2025,LA,22071,Orleans,549300QVGK8WC4HQ3C28,,1,1,0,0.02,1,0,0,0,0,1,0,0,0,0,national
2025,LA,22071,Orleans,549300R0SXC1JU7ZU290,"FIRST COMMUNITY MORTGAGE, INC.",2,1,0,0.02,1,1,0,0,0,0,1,0,0,0,national
2025,LA,22071,Orleans,549300REENMLD2RN3W58,"Magnolia Bank, Incorporated",1,1,0,0.02,0,0,1,0,0,0,0,1,0,0,national
2025,LA,22071,Orleans,549300RFLICNI75BG067,Luminate Bank,3,1,1,0.02,2,1,0,0,0,0,1,0,0,0,national
2025,LA,22071,Orleans,549300RM1IZYGQDSNL85,,1,1,0,0.02,0,0,1,0,0,0,0,1,0,0,national
2025,LA,22071,Orleans,549300S0KM4FY7WGCT56,,1,1,0,0.02,0,1,0,0,0,0,1,0,0,0,national
2025,LA,22071,Orleans,549300S8SHBRCI7UU819,,1,1,0,0.02,1,0,0,0,0,1,0,0,0,0,national
2025,LA,22071,Orleans,549300T7HRS5DVBUPQ06,,3,1,0,0.02,3,0,0,0,0,1,0,0,0,0,national
2025,LA,22071,Orleans,549300TK6RZQSFXZHV09,,5,1,1,0.02,3,2,0,0,0,1,0,0,0,0,national
2025,LA,22071,Orleans,549300TTPRGSP8DGY569,,1,1,0,0.02,1,0,0,0,0,1,0,0,0,0,national
2025,LA,22071,Orleans,549300UXY7OP0IC38293,Northpointe Bank,3,1,0,0.02,3,0,0,0,0,1,0,0,0,0,national
2025,LA,22071,Orleans,549300W45D2J6BT4LX65,,1,1,0,0.02,1,0,0,0,0,1,0,0,0,0,national
2025,LA,22071,Orleans,549300W4FT4H1UWPGU95,GREENSTATE Credit Union,1,1,0,0.02,1,0,0,0,0,1,0,0,0,0,national
2025,LA,22071,Orleans,549300XPGZ2ODNN94697,,5,1,3,0.02,5,0,0,0,0,1,0,0,0,0,national
2025,LA,22071,Orleans,549300XUKQ6W1CY6QK47,,1,1,0,0.02,1,0,0,0,0,1,0,0,0,0,national
2025,LA,22071,Orleans,549300YX5RPSSMR88K92,,1,1,0,0.02,1,0,0,0,0,1,0,0,0,0,national
2025,LA,22071,Orleans,549300ZN5MIVRMVHJS09,,2,1,0,0.02,2,0,0,0,0,1,0,0,0,0,national
2025,LA,22071,Orleans,549300ZTLWGMV712KR44,,1,1,0,0.02,1,0,0,0,0,1,0,0,0,0,national
2025,LA,22071,Orleans,549300ZWNETGFXTBBY03,"CANOPY MORTGAGE, LLC",3,1,0,0.02,1,2,0,0,0,1,0,0,0,0,national
2025,LA,22071,Orleans,593C3GZG957YOJPS2Z63,,2,1,0,0.02,2,0,0,0,0,1,0,0,0,0,national
2025,LA,22071,Orleans,9845007CY0EC0F59W414,,1,1,0,0.02,1,0,0,0,0,1,0,0,0,0,national
2025,LA,22071,Orleans,984500F6E6940CCB6A60,,1,1,0,0.02,1,0,0,0,0,1,0,0,0,0,national
2025,LA,22071,Orleans,AD6GFRVSDT01YPT1CS68,"PNC Bank, National Association",2,1,0,0.02,2,0,0,0,0,1,0,0,0,0,national
2025,LA,22071,Orleans,HIDXEG9BLUJZKBGUT764,Bank-Fund Staff Federal Credit Union,1,1,0,0.02,1,0,0,0,0,1,0,0,0,0,national
2025,LA,22071,Orleans,KD3XUN7C6T14HNAYLU02,,2,1,1,0.02,2,0,0,0,0,1,0,0,0,0,national
2025,LA,22071,Orleans,KI0VI4JRMCIJ329YTN75,Valley National Bank,1,1,0,0.02,1,0,0,0,0,1,0,0,0,0,national
2025,LA,22071,Orleans,QFROUN1UWUYU0DVIWD51,"Eagle Home Mortgage, LLC",1,1,0,0.02,1,0,0,0,0,1,0,0,0,0,national
2025,LA,22071,Orleans,RA4FKR1AA05ZK88M8034,,1,1,0,0.02,1,0,0,0,0,1,0,0,0,0,national
2025,LA,22071,Orleans,X05BVSK68TQ7YTOSNR22,Discover Bank,48,1,34,0.02,48,0,0,0,0,1,0,0,0,0,national
2025,LA,22071,Orleans,5493000YNV8IX4VD3X12,"VANDERBILT MORTGAGE AND FINANCE, INC.",10,0,8,0.0,10,0,0,0,0,0,0,0,0,0,national
2025,LA,22071,Orleans,549300ALNLUNS3Y53T24,AMERICAN FINANCING CORPORATION,7,0,3,0.0,3,1,3,0,0,0,0,0,0,0,national
2025,LA,22071,Orleans,549300XQVJ1XBNFA5536,21ST MORTGAGE CORPORATION,7,0,4,0.0,7,0,0,0,0,0,0,0,0,0,national
2025,LA,22071,Orleans,984500F03B9034CQB904,,14,0,3,0.0,14,0,0,0,0,0,0,0,0,0,national
2025,LA,22073,Ouachita,549300QFP6J5QSZVF805,Eagle Bank and Trust Company,356,276,10,10.74,146,153,28,29,0,107,123,25,21,0,national
2025,LA,22073,Ouachita,5493007JVSQYT5Y2V066,,233,214,3,8.33,233,0,0,0,0,214,0,0,0,0,national
2025,LA,22073,Ouachita,254900ZX1UPIG2E7TH11,"ASSURANCE FINANCIAL GROUP, L.L.C.",207,170,9,6.61,96,70,27,14,0,84,53,20,13,0,national
2025,LA,22073,Ouachita,D8RBTOL3JO2Q6IEO0F34,Origin Bank,184,149,8,5.8,154,20,5,5,0,131,11,4,3,0,national
2025,LA,22073,Ouachita,549300DD4R4SYK5RAQ92,"MOVEMENT MORTGAGE, LLC",135,111,0,4.32,53,64,14,4,0,40,54,13,4,0,national
2025,LA,22073,Ouachita,549300FGXN1K3HLB1R50,"Rocket Mortgage, LLC",156,102,38,3.97,109,38,9,0,0,69,27,6,0,0,national
2025,LA,22073,Ouachita,549300DOQN3O7NL3CA31,,119,98,5,3.81,118,1,0,0,0,98,0,0,0,0,national
2025,LA,22073,Ouachita,Q7C315HKI8VX0SSKBS64,Cadence Bank,119,82,23,3.19,116,2,0,1,0,81,0,0,1,0,national
2025,LA,22073,Ouachita,549300FNXYY540N23N64,Newrez LLC,124,75,23,2.92,66,33,14,11,0,45,15,8,7,0,national
2025,LA,22073,Ouachita,549300S0KM4FY7WGCT56,,83,72,1,2.8,59,24,0,0,0,50,22,0,0,0,national
2025,LA,22073,Ouachita,5493005EWJNDWPLNG328,,68,66,0,2.57,65,0,1,2,0,64,0,0,2,0,national
2025,LA,22073,Ouachita,2549001S0U8EFNDOG816,,61,59,0,2.3,61,0,0,0,0,59,0,0,0,0,national
2025,LA,22073,Ouachita,549300CEGE3J950SQK51,,55,50,1,1.95,55,0,0,0,0,50,0,0,0,0,national
2025,LA,22073,Ouachita,7H6GLXDRUGQFU57RNE97,"JPMorgan Chase Bank, National Association",61,44,6,1.71,58,2,1,0,0,43,1,0,0,0,national
2025,LA,22073,Ouachita,549300AG64NHILB7ZP05,"LOANDEPOT.COM, LLC",82,43,17,1.67,40,27,12,3,0,25,10,6,2,0,national
2025,LA,22073,Ouachita,EQTWLK1G7ODGC2MGLV11,Regions Bank,118,41,52,1.6,108,7,2,1,0,38,2,1,0,0,national
2025,LA,22073,Ouachita,549300DD5QQUHO6PCH70,"MORTGAGE RESEARCH CENTER, LLC",84,39,17,1.52,9,4,70,1,0,0,1,38,0,0,national
2025,LA,22073,Ouachita,549300HW662MN1WU8550,"United Wholesale Mortgage, LLC",66,39,15,1.52,11,31,22,2,0,8,15,14,2,0,national
2025,LA,22073,Ouachita,254900MIHY4N3F840P17,,46,35,11,1.36,46,0,0,0,0,35,0,0,0,0,national
2025,LA,22073,Ouachita,54930074GUKXKBKNQI12,,42,35,4,1.36,42,0,0,0,0,35,0,0,0,0,national
2025,LA,22073,Ouachita,549300MCPCNPQAOB4032,GMFS LLC,53,34,2,1.32,24,25,1,3,0,14,17,1,2,0,national
2025,LA,22073,Ouachita,RVDPPPGHCGZ40J4VQ731,"PENNYMAC LOAN SERVICES, LLC",84,34,8,1.32,27,42,13,2,0,13,15,6,0,0,national
2025,LA,22073,Ouachita,54930021WPEXNHYZUL09,"PLANET HOME LENDING, LLC",40,33,4,1.28,16,20,3,1,0,14,17,2,0,0,national
2025,LA,22073,Ouachita,549300XQVJ1XBNFA5536,21ST MORTGAGE CORPORATION,326,33,187,1.28,326,0,0,0,0,33,0,0,0,0,national
2025,LA,22073,Ouachita,COOWI3L2W9TPYR3WJX37,First Horizon Bank,52,32,15,1.25,49,2,0,1,0,29,2,0,1,0,national
2025,LA,22073,Ouachita,5493001WL16YUSR2TI47,,46,29,2,1.13,40,1,2,3,0,29,0,0,0,0,national
2025,LA,22073,Ouachita,549300LYRWPSYPK6S325,FREEDOM MORTGAGE CORPORATION,76,28,9,1.09,6,38,32,0,0,1,10,17,0,0,national
2025,LA,22073,Ouachita,54930045J8O98TUGTW86,b1BANK,31,27,2,1.05,31,0,0,0,0,27,0,0,0,0,national
2025,LA,22073,Ouachita,549300CB67L6KPJLHE19,"TRIAD FINANCIAL SERVICES, INC.",140,27,57,1.05,140,0,0,0,0,27,0,0,0,0,national
2025,LA,22073,Ouachita,254900GVA8WBFNUQTV33,,28,26,0,1.01,28,0,0,0,0,26,0,0,0,0,national
2025,LA,22073,Ouachita,549300IFU5D50EZHEU18,,35,26,2,1.01,35,0,0,0,0,26,0,0,0,0,national
2025,LA,22073,Ouachita,5493001F7QT2YW3K8D98,"DSLD MORTGAGE, LLC",36,25,5,0.97,15,19,2,0,0,10,13,2,0,0,national
2025,LA,22073,Ouachita,549300TCR1BZRVOO2A49,,30,21,5,0.82,29,1,0,0,0,21,0,0,0,0,national
2025,LA,22073,Ouachita,549300LBCBNR1OT00651,NATIONSTAR MORTGAGE LLC,23,20,1,0.78,17,5,1,0,0,15,4,1,0,0,national
2025,LA,22073,Ouachita,549300KJ8PAJ7E52HG32,Plains Commerce Bank,27,19,0,0.74,2,19,2,4,0,2,13,1,3,0,national
2025,LA,22073,Ouachita,549300K4ZLGS7SRDTL86,Equity Prime Mortgage LLC,24,17,2,0.66,1,12,2,9,0,1,9,0,7,0,national
2025,LA,22073,Ouachita,5493003GQDUH26DNNH17,Navy Federal Credit Union,37,15,12,0.58,27,0,10,0,0,11,0,4,0,0,national
2025,LA,22073,Ouachita,5493001GCBD5XGNIC815,Coastal Community Bank,21,13,0,0.51,21,0,0,0,0,13,0,0,0,0,national
2025,LA,22073,Ouachita,549300AQ3T62GXDU7D76,GUILD MORTGAGE COMPANY LLC,21,12,3,0.47,6,12,2,1,0,4,5,2,1,0,national
2025,LA,22073,Ouachita,549300DG3IV05V4C4E03,EUSTIS MORTGAGE CORPORATION,13,11,0,0.43,1,5,5,2,0,1,5,3,2,0,national
2025,LA,22073,Ouachita,B4TYDEB6GKMZO031MB27,"Bank of America, National Association",25,11,7,0.43,24,1,0,0,0,11,0,0,0,0,national
2025,LA,22073,Ouachita,549300WRDGBHKR1BXL98,,13,10,1,0.39,8,3,1,1,0,6,3,1,0,0,national
2025,LA,22073,Ouachita,5493000YNV8IX4VD3X12,"VANDERBILT MORTGAGE AND FINANCE, INC.",121,9,52,0.35,121,0,0,0,0,9,0,0,0,0,national
2025,LA,22073,Ouachita,549300YIQ7S7Z8PIHE53,AMERISAVE MORTGAGE CORPORATION,41,7,29,0.27,18,19,4,0,0,5,2,0,0,0,national
2025,LA,22073,Ouachita,NSGZD26XPW2CUM2JKU70,HANCOCK WHITNEY BANK,8,7,0,0.27,7,1,0,0,0,6,1,0,0,0,national
2025,LA,22073,Ouachita,549300SUCQ1358EGVE89,"NEW DAY FINANCIAL, LLC",27,6,9,0.23,0,4,23,0,0,0,0,6,0,0,national
2025,LA,22073,Ouachita,549300V1ZDKDQXFW3339,,10,6,3,0.23,10,0,0,0,0,6,0,0,0,0,national
2025,LA,22073,Ouachita,549300VQUTI5IU7GXT57,SECURITYNATIONAL MORTGAGE COMPANY,9,6,1,0.23,1,6,0,2,0,0,5,0,1,0,national
2025,LA,22073,Ouachita,549300VZVN841I2ILS84,"CROSSCOUNTRY MORTGAGE, LLC",15,6,0,0.23,5,4,6,0,0,3,1,2,0,0,national
2025,LA,22073,Ouachita,6BYL5QZYBDK8S7L73M02,U.S. Bank National Association,16,6,8,0.23,15,0,1,0,0,5,0,1,0,0,national
2025,LA,22073,Ouachita,5493006RIR31ORKYB608,,5,5,0,0.19,5,0,0,0,0,5,0,0,0,0,national
2025,LA,22073,Ouachita,54930094EUD08LZEJR51,,7,5,2,0.19,7,0,0,0,0,5,0,0,0,0,national
2025,LA,22073,Ouachita,549300R9S3MVDV4MGF56,"CARRINGTON MORTGAGE SERVICES, LLC",26,5,13,0.19,7,15,4,0,0,2,2,1,0,0,national
2025,LA,22073,Ouachita,549300VCMRO4ST680C11,VILLAGE CAPITAL & INVESTMENT LLC,13,5,1,0.19,0,2,11,0,0,0,1,4,0,0,national
2025,LA,22073,Ouachita,C5654JQHZUHN0772B561,USAA Federal Savings Bank,11,5,5,0.19,4,0,7,0,0,2,0,3,0,0,national
2025,LA,22073,Ouachita,PAOOWF3GUFM46FBSP561,,7,5,0,0.19,2,4,1,0,0,2,3,0,0,0,national
2025,LA,22073,Ouachita,254900CTT87ZKAUTIJ37,,11,4,3,0.16,11,0,0,0,0,4,0,0,0,0,national
2025,LA,22073,Ouachita,5493002B2WMHY23GFK92,"AMERICAN FINANCIAL RESOURCES, INC.",4,4,0,0.16,1,2,1,0,0,1,2,1,0,0,national
2025,LA,22073,Ouachita,549300370QILXLFUWD20,"ZILLOW HOME LOANS, LLC",5,4,0,0.16,4,1,0,0,0,3,1,0,0,0,national
2025,LA,22073,Ouachita,549300E2UX99HKDBR481,"NEW AMERICAN FUNDING, LLC",27,4,3,0.16,6,19,2,0,0,0,4,0,0,0,national
2025,LA,22073,Ouachita,549300OPCWU6E72WUT29,"MUTUAL OF OMAHA MORTGAGE, INC.",9,4,2,0.16,3,6,0,0,0,2,2,0,0,0,national
2025,LA,22073,Ouachita,C398JSK21YCXWM603F55,"Barrington Bank & Trust Company, National Association",6,4,0,0.16,1,2,3,0,0,1,1,2,0,0,national
2025,LA,22073,Ouachita,X05BVSK68TQ7YTOSNR22,Discover Bank,18,4,10,0.16,18,0,0,0,0,4,0,0,0,0,national
2025,LA,22073,Ouachita,2549001SI0EMFPT39035,"Cornerstone First Mortgage, Inc",3,3,0,0.12,3,0,0,0,0,3,0,0,0,0,national
2025,LA,22073,Ouachita,25490058TX0QV62WQ461,,8,3,2,0.12,8,0,0,0,0,3,0,0,0,0,national
2025,LA,22073,Ouachita,25490066WMF8ZMQXQB18,"Lendage, LLC",7,3,1,0.12,7,0,0,0,0,3,0,0,0,0,national
2025,LA,22073,Ouachita,254900ZFWS2106HWPH46,"PARAMOUNT RESIDENTIAL MORTGAGE GROUP, INC.",5,3,0,0.12,2,1,1,1,0,2,1,0,0,0,national
2025,LA,22073,Ouachita,5493001GDRY0EL7VG372,"ARK-LA-TEX FINANCIAL SERVICES, LLC.",3,3,0,0.12,1,1,1,0,0,1,1,1,0,0,national
2025,LA,22073,Ouachita,549300249G20MDIDRR27,,13,3,2,0.12,12,1,0,0,0,3,0,0,0,0,national
2025,LA,22073,Ouachita,54930054ET8KM4O1D485,"SOFI BANK, NATIONAL ASSOCIATION",12,3,1,0.12,11,0,1,0,0,3,0,0,0,0,national
2025,LA,22073,Ouachita,5493006VAGP3GQ8FJT49,"Kiavi Funding, Inc.",4,3,1,0.12,4,0,0,0,0,3,0,0,0,0,national
2025,LA,22073,Ouachita,549300HTRLFU2IIL4380,,10,3,4,0.12,10,0,0,0,0,3,0,0,0,0,national
2025,LA,22073,Ouachita,549300I6BXTT1NLNPE10,,3,3,0,0.12,3,0,0,0,0,3,0,0,0,0,national
2025,LA,22073,Ouachita,549300MVSM4XYFQL3X62,BARKSDALE,7,3,3,0.12,7,0,0,0,0,3,0,0,0,0,national
2025,LA,22073,Ouachita,549300NOCASXPA34X033,"LAKEVIEW LOAN SERVICING, LLC",13,3,8,0.12,7,5,1,0,0,2,1,0,0,0,national
2025,LA,22073,Ouachita,549300PQLK8E48ILXV41,,4,3,0,0.12,4,0,0,0,0,3,0,0,0,0,national
2025,LA,22073,Ouachita,549300RPOGWJRH63HS39,UNION HOME MORTGAGE CORP.,5,3,0,0.12,0,3,0,2,0,0,1,0,2,0,national
2025,LA,22073,Ouachita,549300UG7QXKM7KGV847,,5,3,1,0.12,5,0,0,0,0,3,0,0,0,0,national
2025,LA,22073,Ouachita,KB1H1DSPRFMYMCUFXT09,"Wells Fargo Bank, National Association",11,3,2,0.12,9,2,0,0,0,2,1,0,0,0,national
2025,LA,22073,Ouachita,254900GNK8YXIZQ6LW40,,4,2,1,0.08,1,1,1,1,0,1,0,0,1,0,national
2025,LA,22073,Ouachita,254900MFSRXY5UZ4OS50,,3,2,1,0.08,3,0,0,0,0,2,0,0,0,0,national
2025,LA,22073,Ouachita,254900UL88QFG0E40516,FIGURE LENDING LLC,7,2,3,0.08,7,0,0,0,0,2,0,0,0,0,national
2025,LA,22073,Ouachita,5493000V86JDJLM0OV13,,2,2,0,0.08,2,0,0,0,0,2,0,0,0,0,national
2025,LA,22073,Ouachita,549300121SF0K2LN2804,"PRIMELENDING, A PLAINSCAPITAL COMPANY",2,2,0,0.08,1,1,0,0,0,1,1,0,0,0,national
2025,LA,22073,Ouachita,5493001WHVQBGRSWEU75,"HOMEBRIDGE FINANCIAL SERVICES, INC.",3,2,1,0.08,2,0,1,0,0,2,0,0,0,0,national
2025,LA,22073,Ouachita,5493002F9OWLKRICTY67,STANDARD MORTGAGE CORPORATION,5,2,1,0.08,3,1,1,0,0,1,1,0,0,0,national
2025,LA,22073,Ouachita,54930030Z1JWTP3SVD16,,2,2,0,0.08,0,2,0,0,0,0,2,0,0,0,national
2025,LA,22073,Ouachita,5493008Q3XBC7O0Q4X02,,3,2,1,0.08,3,0,0,0,0,2,0,0,0,0,national
2025,LA,22073,Ouachita,549300FX7K8PTEQUU487,PENTAGON FEDERAL CREDIT UNION,3,2,1,0.08,1,0,2,0,0,0,0,2,0,0,national
2025,LA,22073,Ouachita,549300G5DVGM0ZHRQC33,,3,2,0,0.08,0,0,3,0,0,0,0,2,0,0,national
2025,LA,22073,Ouachita,549300K2EV48DVSYNV15,,2,2,0,0.08,2,0,0,0,0,2,0,0,0,0,national
2025,LA,22073,Ouachita,549300KHXD7JSQUZIJ22,,2,2,0,0.08,0,2,0,0,0,0,2,0,0,0,national
2025,LA,22073,Ouachita,549300KW705BBINDIZ26,,3,2,0,0.08,2,1,0,0,0,1,1,0,0,0,national
2025,LA,22073,Ouachita,549300O0BQZ8YGYRA730,,3,2,1,0.08,3,0,0,0,0,2,0,0,0,0,national
2025,LA,22073,Ouachita,549300PBTV7FCWLSMM53,,7,2,0,0.08,0,0,7,0,0,0,0,2,0,0,national
2025,LA,22073,Ouachita,549300R77W0P105C3S50,HOMEXPRESS MORTGAGE CORP.,3,2,1,0.08,3,0,0,0,0,2,0,0,0,0,national
2025,LA,22073,Ouachita,549300S5YL3OH0IVCS62,FINANCE OF AMERICA REVERSE LLC,2,2,0,0.08,0,2,0,0,0,0,2,0,0,0,national
2025,LA,22073,Ouachita,549300YW2UBCMDRMBT48,,2,2,0,0.08,2,0,0,0,0,2,0,0,0,0,national
2025,LA,22073,Ouachita,549300YWKMUD8J4EF956,,2,2,0,0.08,2,0,0,0,0,2,0,0,0,0,national
2025,LA,22073,Ouachita,89450088V2BYQUO61B62,,3,2,0,0.08,3,0,0,0,0,2,0,0,0,0,national
2025,LA,22073,Ouachita,COINQMNIM6RBU631DD85,Arvest Bank,2,2,0,0.08,2,0,0,0,0,2,0,0,0,0,national
2025,LA,22073,Ouachita,213800XR2TCBQJSF1X93,,1,1,0,0.04,1,0,0,0,0,1,0,0,0,0,national
2025,LA,22073,Ouachita,2549004FXPNKCLIN8250,"Synergy One Lending, Inc.",1,1,0,0.04,1,0,0,0,0,1,0,0,0,0,national
2025,LA,22073,Ouachita,2549007AU24FVDMNUB40,,1,1,0,0.04,1,0,0,0,0,1,0,0,0,0,national
2025,LA,22073,Ouachita,2549007JQKHU8KQ0FC19,,1,1,0,0.04,1,0,0,0,0,1,0,0,0,0,national
2025,LA,22073,Ouachita,254900HA4DQWAE0W3342,"AMERIHOME MORTGAGE COMPANY, LLC",6,1,1,0.04,0,6,0,0,0,0,1,0,0,0,national
2025,LA,22073,Ouachita,254900K0IC4K6SI7H003,,1,1,0,0.04,1,0,0,0,0,1,0,0,0,0,national
2025,LA,22073,Ouachita,254900M2C4Q6DATP2889,,4,1,0,0.04,0,4,0,0,0,0,1,0,0,0,national
2025,LA,22073,Ouachita,254900QNIR86GUIRYH95,,1,1,0,0.04,1,0,0,0,0,1,0,0,0,0,national
2025,LA,22073,Ouachita,254900RUCO27MVGTO768,LOAN FUNDER LLC,3,1,0,0.04,3,0,0,0,0,1,0,0,0,0,national
2025,LA,22073,Ouachita,254900WTZC5SSKIN2M11,,1,1,0,0.04,1,0,0,0,0,1,0,0,0,0,national
2025,LA,22073,Ouachita,54930001NSTOD85LT125,"GUARANTEED RATE AFFINITY, LLC",1,1,0,0.04,0,0,1,0,0,0,0,1,0,0,national
2025,LA,22073,Ouachita,54930013MXTMNAENKY84,,1,1,0,0.04,1,0,0,0,0,1,0,0,0,0,national
2025,LA,22073,Ouachita,54930020YWIK7HGH2R34,,1,1,0,0.04,1,0,0,0,0,1,0,0,0,0,national
2025,LA,22073,Ouachita,54930027GUR70U427Y19,,1,1,0,0.04,1,0,0,0,0,1,0,0,0,0,national
2025,LA,22073,Ouachita,5493002Y5XYV7DV1ZV88,"GOLD STAR MORTGAGE FINANCIAL GROUP, CORPORATION",3,1,0,0.04,2,1,0,0,0,1,0,0,0,0,national
2025,LA,22073,Ouachita,54930039UO39UJGI7078,TowneBank,1,1,0,0.04,0,1,0,0,0,0,1,0,0,0,national
2025,LA,22073,Ouachita,5493004R423PBPM6A173,,1,1,0,0.04,0,1,0,0,0,0,1,0,0,0,national
2025,LA,22073,Ouachita,54930052M48FOD3CWA54,"PRIMARY RESIDENTIAL MORTGAGE, INC.",1,1,0,0.04,1,0,0,0,0,1,0,0,0,0,national
2025,LA,22073,Ouachita,5493005PD34O8ZT7QT17,,1,1,0,0.04,1,0,0,0,0,1,0,0,0,0,national
2025,LA,22073,Ouachita,549300684I276INJKK63,,3,1,0,0.04,3,0,0,0,0,1,0,0,0,0,national
2025,LA,22073,Ouachita,5493008NWHQT1R22C024,"AMERICAN FINANCIAL NETWORK, INC.",4,1,0,0.04,1,2,1,0,0,0,1,0,0,0,national
2025,LA,22073,Ouachita,5493009F6BJDCZMZ7Y26,,1,1,0,0.04,0,0,0,1,0,0,0,0,1,0,national
2025,LA,22073,Ouachita,5493009XSE00M8B9R434,,13,1,7,0.04,13,0,0,0,0,1,0,0,0,0,national
2025,LA,22073,Ouachita,549300ALNLUNS3Y53T24,AMERICAN FINANCING CORPORATION,9,1,6,0.04,3,6,0,0,0,0,1,0,0,0,national
2025,LA,22073,Ouachita,549300BOXNV8VLRBDT24,,1,1,0,0.04,1,0,0,0,0,1,0,0,0,0,national
2025,LA,22073,Ouachita,549300BR7OTD25RTS027,,1,1,0,0.04,0,1,0,0,0,0,1,0,0,0,national
2025,LA,22073,Ouachita,549300BX448ALT10FI43,The Federal Savings Bank,6,1,2,0.04,0,1,5,0,0,0,1,0,0,0,national
2025,LA,22073,Ouachita,549300C8GOC4OYUV0Z32,,3,1,0,0.04,3,0,0,0,0,1,0,0,0,0,national
2025,LA,22073,Ouachita,549300D003QRZFSQ4N43,,1,1,0,0.04,1,0,0,0,0,1,0,0,0,0,national
2025,LA,22073,Ouachita,549300DH8EI64ITBY388,,1,1,0,0.04,0,1,0,0,0,0,1,0,0,0,national
2025,LA,22073,Ouachita,549300DMHEHNYZ2OLB41,,1,1,0,0.04,0,0,1,0,0,0,0,1,0,0,national
2025,LA,22073,Ouachita,549300EAO0HUFDR48U74,,1,1,0,0.04,1,0,0,0,0,1,0,0,0,0,national
2025,LA,22073,Ouachita,549300EFCZM6KD6B8K69,MORTGAGE ACCESS CORP.,1,1,0,0.04,1,0,0,0,0,1,0,0,0,0,national
2025,LA,22073,Ouachita,549300FFVDRROF85IC57,,37,1,29,0.04,37,0,0,0,0,1,0,0,0,0,national
2025,LA,22073,Ouachita,549300J7I82PNDVU8H22,"OCMBC, INC.",4,1,2,0.04,4,0,0,0,0,1,0,0,0,0,national
2025,LA,22073,Ouachita,549300JYXTZDSPJEPI44,"PLAZA HOME MORTGAGE, INC.",1,1,0,0.04,1,0,0,0,0,1,0,0,0,0,national
2025,LA,22073,Ouachita,549300KNRT5UGNCSXM31,,1,1,0,0.04,1,0,0,0,0,1,0,0,0,0,national
2025,LA,22073,Ouachita,549300KQHWNSVCE2MY88,,1,1,0,0.04,1,0,0,0,0,1,0,0,0,0,national
2025,LA,22073,Ouachita,549300LZUXCJFE5ONM48,,2,1,0,0.04,0,2,0,0,0,0,1,0,0,0,national
2025,LA,22073,Ouachita,549300M03EN3OQEDU087,,1,1,0,0.04,1,0,0,0,0,1,0,0,0,0,national
2025,LA,22073,Ouachita,549300MCIFZSDHUT8X63,"NFM, INC.",2,1,0,0.04,0,2,0,0,0,0,1,0,0,0,national
2025,LA,22073,Ouachita,549300MHH03ICJYEPE85,,1,1,0,0.04,0,1,0,0,0,0,1,0,0,0,national
2025,LA,22073,Ouachita,549300MUXFVZKH4XLG17,,1,1,0,0.04,1,0,0,0,0,1,0,0,0,0,national
2025,LA,22073,Ouachita,549300MZ8VZJOVC63092,"KIND LENDING, LLC",2,1,0,0.04,1,1,0,0,0,0,1,0,0,0,national
2025,LA,22073,Ouachita,549300NWBS6MQJX15N44,,1,1,0,0.04,0,1,0,0,0,0,1,0,0,0,national
2025,LA,22073,Ouachita,549300PEWJWBNEOSS013,,2,1,1,0.04,0,1,0,1,0,0,0,0,1,0,national
2025,LA,22073,Ouachita,549300PIL8LFAQ04XC20,Better Mortgage Corporation,12,1,7,0.04,12,0,0,0,0,1,0,0,0,0,national
2025,LA,22073,Ouachita,549300PJ2WT35S77Q208,,3,1,2,0.04,0,3,0,0,0,0,1,0,0,0,national
2025,LA,22073,Ouachita,549300R7HGHP2I754087,TOWNE MORTGAGE COMPANY,1,1,0,0.04,1,0,0,0,0,1,0,0,0,0,national
2025,LA,22073,Ouachita,549300RN01LBYR8ZVX74,"LOWER, LLC",1,1,0,0.04,0,1,0,0,0,0,1,0,0,0,national
2025,LA,22073,Ouachita,549300RYWXR8TL5LIK35,,2,1,0,0.04,1,0,1,0,0,1,0,0,0,0,national
2025,LA,22073,Ouachita,549300S8SHBRCI7UU819,,1,1,0,0.04,1,0,0,0,0,1,0,0,0,0,national
2025,LA,22073,Ouachita,549300U3721PJGQZYY68,"GUARANTEED RATE, INC.",3,1,0,0.04,2,0,1,0,0,0,0,1,0,0,national
2025,LA,22073,Ouachita,549300UB5TJ0YPVPT503,,1,1,0,0.04,1,0,0,0,0,1,0,0,0,0,national
2025,LA,22073,Ouachita,549300UM6HPORF7X4415,,1,1,0,0.04,1,0,0,0,0,1,0,0,0,0,national
2025,LA,22073,Ouachita,549300W1HU6IVVIEJ389,"RANLIFE, INC.",1,1,0,0.04,0,1,0,0,0,0,1,0,0,0,national
2025,LA,22073,Ouachita,549300XCVBRR56D08F03,,3,1,0,0.04,3,0,0,0,0,1,0,0,0,0,national
2025,LA,22073,Ouachita,549300YX5RPSSMR88K92,,2,1,0,0.04,2,0,0,0,0,1,0,0,0,0,national
2025,LA,22073,Ouachita,549300ZPJVCRRFETOG85,,2,1,0,0.04,0,2,0,0,0,0,1,0,0,0,national
2025,LA,22073,Ouachita,9845007CY0EC0F59W414,,1,1,0,0.04,1,0,0,0,0,1,0,0,0,0,national
2025,LA,22073,Ouachita,CKVBED0S4DMLKJJ5XH28,Stifel Bank and Trust,1,1,0,0.04,1,0,0,0,0,1,0,0,0,0,national
2025,LA,22073,Ouachita,DRMSV1Q0EKMEXLAU1P80,"Citizens Bank, National Association",1,1,0,0.04,1,0,0,0,0,1,0,0,0,0,national
2025,LA,22073,Ouachita,FU7RSW4CQQY98A2O7J66,"BOKF, National Association",2,1,0,0.04,2,0,0,0,0,1,0,0,0,0,national
2025,LA,22073,Ouachita,WKN6AF1FCL7BBYGTGI83,,1,1,0,0.04,1,0,0,0,0,1,0,0,0,0,national
2025,LA,22073,Ouachita,549300MGPZBLQDIL7538,FAIRWAY INDEPENDENT MORTGAGE CORPORATION,6,0,0,0.0,2,4,0,0,0,0,0,0,0,0,national
2025,LA,22073,Ouachita,549300Q3ROEQU3D1IW91,,26,0,22,0.0,26,0,0,0,0,0,0,0,0,0,national
2025,LA,22073,Ouachita,549300XY701IELCE5Q08,BETTER MORTGAGE CORPORATION,6,0,2,0.0,4,2,0,0,0,0,0,0,0,0,national
2025,LA,22073,Ouachita,549300ZPSJZO10ZAX556,"AMERICAN HERITAGE LENDING, LLC",8,0,0,0.0,8,0,0,0,0,0,0,0,0,0,national
2025,LA,22079,Rapides,5493006QG55R8V712J33,Red River Bank,457,318,62,16.37,311,125,11,10,0,226,76,8,8,0,national
2025,LA,22079,Rapides,549300684I276INJKK63,,180,162,8,8.34,180,0,0,0,0,162,0,0,0,0,national
2025,LA,22079,Rapides,549300HW662MN1WU8550,"United Wholesale Mortgage, LLC",175,123,27,6.33,36,92,44,3,0,27,62,31,3,0,national
2025,LA,22079,Rapides,254900R51FSMCPO6HB07,The Evangeline Bank & Trust Company,122,111,2,5.71,122,0,0,0,0,111,0,0,0,0,national
2025,LA,22079,Rapides,549300FGXN1K3HLB1R50,"Rocket Mortgage, LLC",152,99,35,5.1,81,49,22,0,0,54,29,16,0,0,national
2025,LA,22079,Rapides,54930052M48FOD3CWA54,"PRIMARY RESIDENTIAL MORTGAGE, INC.",129,86,2,4.43,44,53,24,8,0,26,32,21,7,0,national
2025,LA,22079,Rapides,549300AQ3T62GXDU7D76,GUILD MORTGAGE COMPANY LLC,125,83,4,4.27,35,67,15,8,0,21,45,12,5,0,national
2025,LA,22079,Rapides,254900K0IC4K6SI7H003,,58,58,0,2.99,58,0,0,0,0,58,0,0,0,0,national
2025,LA,22079,Rapides,549300DD5QQUHO6PCH70,"MORTGAGE RESEARCH CENTER, LLC",107,54,22,2.78,6,3,96,2,0,1,0,52,1,0,national
2025,LA,22079,Rapides,549300R7HGHP2I754087,TOWNE MORTGAGE COMPANY,59,46,0,2.37,10,29,9,11,0,5,25,6,10,0,national
2025,LA,22079,Rapides,549300MEK4ETDCVHFB89,,45,37,2,1.9,45,0,0,0,0,37,0,0,0,0,national
2025,LA,22079,Rapides,549300XQVJ1XBNFA5536,21ST MORTGAGE CORPORATION,266,37,96,1.9,266,0,0,0,0,37,0,0,0,0,national
2025,LA,22079,Rapides,549300MVSM4XYFQL3X62,BARKSDALE,64,35,13,1.8,62,2,0,0,0,35,0,0,0,0,national
2025,LA,22079,Rapides,7H6GLXDRUGQFU57RNE97,"JPMorgan Chase Bank, National Association",43,34,3,1.75,43,0,0,0,0,34,0,0,0,0,national
2025,LA,22079,Rapides,Q7C315HKI8VX0SSKBS64,Cadence Bank,39,31,4,1.6,34,1,2,2,0,26,1,2,2,0,national
2025,LA,22079,Rapides,549300LDX1HCIL448282,,36,26,4,1.34,36,0,0,0,0,26,0,0,0,0,national
2025,LA,22079,Rapides,549300FNXYY540N23N64,Newrez LLC,69,25,18,1.29,31,19,15,4,0,10,7,5,3,0,national
2025,LA,22079,Rapides,EQTWLK1G7ODGC2MGLV11,Regions Bank,69,25,38,1.29,64,5,0,0,0,23,2,0,0,0,national
2025,LA,22079,Rapides,549300LYRWPSYPK6S325,FREEDOM MORTGAGE CORPORATION,67,23,11,1.18,4,24,39,0,0,1,3,19,0,0,national
2025,LA,22079,Rapides,549300K4ZLGS7SRDTL86,Equity Prime Mortgage LLC,41,19,3,0.98,2,14,8,17,0,2,5,4,8,0,national
2025,LA,22079,Rapides,254900GNK8YXIZQ6LW40,,28,18,4,0.93,16,11,0,1,0,8,9,0,1,0,national
2025,LA,22079,Rapides,549300AG64NHILB7ZP05,"LOANDEPOT.COM, LLC",36,18,10,0.93,23,10,2,1,0,11,4,2,1,0,national
2025,LA,22079,Rapides,549300CB67L6KPJLHE19,"TRIAD FINANCIAL SERVICES, INC.",133,18,68,0.93,133,0,0,0,0,18,0,0,0,0,national
2025,LA,22079,Rapides,549300MGPZBLQDIL7538,FAIRWAY INDEPENDENT MORTGAGE CORPORATION,22,17,0,0.87,5,6,8,3,0,4,5,5,3,0,national
2025,LA,22079,Rapides,5493000YNV8IX4VD3X12,"VANDERBILT MORTGAGE AND FINANCE, INC.",103,16,38,0.82,103,0,0,0,0,16,0,0,0,0,national
2025,LA,22079,Rapides,5493001SXWZ4OFP8Z903,"DHI MORTGAGE COMPANY, LTD.",37,15,7,0.77,9,26,2,0,0,4,10,1,0,0,national
2025,LA,22079,Rapides,5493002F9OWLKRICTY67,STANDARD MORTGAGE CORPORATION,17,13,2,0.67,13,4,0,0,0,11,2,0,0,0,national
2025,LA,22079,Rapides,549300I6BXTT1NLNPE10,,12,12,0,0.62,12,0,0,0,0,12,0,0,0,0,national
2025,LA,22079,Rapides,549300MZ8VZJOVC63092,"KIND LENDING, LLC",20,12,8,0.62,4,9,1,6,0,2,6,1,3,0,national
2025,LA,22079,Rapides,549300VZVN841I2ILS84,"CROSSCOUNTRY MORTGAGE, LLC",19,12,1,0.62,5,12,2,0,0,3,8,1,0,0,national
2025,LA,22079,Rapides,RVDPPPGHCGZ40J4VQ731,"PENNYMAC LOAN SERVICES, LLC",28,12,5,0.62,9,9,10,0,0,5,3,4,0,0,national
2025,LA,22079,Rapides,25490058TX0QV62WQ461,,15,11,0,0.57,15,0,0,0,0,11,0,0,0,0,national
2025,LA,22079,Rapides,254900WEP08K7U7S3A80,,12,11,1,0.57,7,5,0,0,0,6,5,0,0,0,national
2025,LA,22079,Rapides,5493001GDRY0EL7VG372,"ARK-LA-TEX FINANCIAL SERVICES, LLC.",13,11,0,0.57,2,5,4,2,0,2,5,3,1,0,national
2025,LA,22079,Rapides,549300MCPCNPQAOB4032,GMFS LLC,18,11,0,0.57,9,6,1,2,0,5,5,1,0,0,national
2025,LA,22079,Rapides,5493001GCBD5XGNIC815,Coastal Community Bank,26,10,0,0.51,26,0,0,0,0,10,0,0,0,0,national
2025,LA,22079,Rapides,549300V1ZDKDQXFW3339,,22,10,4,0.51,22,0,0,0,0,10,0,0,0,0,national
2025,LA,22079,Rapides,549300O1FOCD65WZ9873,,15,9,1,0.46,14,1,0,0,0,9,0,0,0,0,national
2025,LA,22079,Rapides,5493003GQDUH26DNNH17,Navy Federal Credit Union,23,8,6,0.41,16,0,7,0,0,5,0,3,0,0,national
2025,LA,22079,Rapides,5493006RIR31ORKYB608,,8,8,0,0.41,8,0,0,0,0,8,0,0,0,0,national
2025,LA,22079,Rapides,549300G8SAGXEDF5FK39,,10,8,0,0.41,10,0,0,0,0,8,0,0,0,0,national
2025,LA,22079,Rapides,549300LBCBNR1OT00651,NATIONSTAR MORTGAGE LLC,13,8,2,0.41,9,3,1,0,0,6,1,1,0,0,national
2025,LA,22079,Rapides,549300RPOGWJRH63HS39,UNION HOME MORTGAGE CORP.,11,8,1,0.41,7,4,0,0,0,6,2,0,0,0,national
2025,LA,22079,Rapides,549300VCMRO4ST680C11,VILLAGE CAPITAL & INVESTMENT LLC,21,8,2,0.41,0,1,20,0,0,0,0,8,0,0,national
2025,LA,22079,Rapides,549300PIL8LFAQ04XC20,Better Mortgage Corporation,24,7,13,0.36,24,0,0,0,0,7,0,0,0,0,national
2025,LA,22079,Rapides,549300R9S3MVDV4MGF56,"CARRINGTON MORTGAGE SERVICES, LLC",18,7,3,0.36,7,6,5,0,0,2,3,2,0,0,national
2025,LA,22079,Rapides,254900ZX1UPIG2E7TH11,"ASSURANCE FINANCIAL GROUP, L.L.C.",11,6,1,0.31,5,3,0,3,0,4,1,0,1,0,national
2025,LA,22079,Rapides,549300SUCQ1358EGVE89,"NEW DAY FINANCIAL, LLC",44,6,14,0.31,0,2,42,0,0,0,0,6,0,0,national
2025,LA,22079,Rapides,549300VORTI31GZTJL53,"CARDINAL FINANCIAL COMPANY, LIMITED PARTNERSHIP",7,6,1,0.31,3,4,0,0,0,3,3,0,0,0,national
2025,LA,22079,Rapides,254900E9OABDJHASZ507,,6,5,0,0.26,6,0,0,0,0,5,0,0,0,0,national
2025,LA,22079,Rapides,5493005EWJNDWPLNG328,,5,5,0,0.26,5,0,0,0,0,5,0,0,0,0,national
2025,LA,22079,Rapides,5493005PD34O8ZT7QT17,,5,5,0,0.26,5,0,0,0,0,5,0,0,0,0,national
2025,LA,22079,Rapides,549300DOQN3O7NL3CA31,,7,5,1,0.26,7,0,0,0,0,5,0,0,0,0,national
2025,LA,22079,Rapides,549300O6Z0I6KYMESL47,AMWEST FUNDING CORP.,5,5,0,0.26,5,0,0,0,0,5,0,0,0,0,national
2025,LA,22079,Rapides,549300OPCWU6E72WUT29,"MUTUAL OF OMAHA MORTGAGE, INC.",16,5,2,0.26,5,7,4,0,0,2,2,1,0,0,national
2025,LA,22079,Rapides,6BYL5QZYBDK8S7L73M02,U.S. Bank National Association,10,5,2,0.26,10,0,0,0,0,5,0,0,0,0,national
2025,LA,22079,Rapides,C5654JQHZUHN0772B561,USAA Federal Savings Bank,7,5,1,0.26,2,0,5,0,0,2,0,3,0,0,national
2025,LA,22079,Rapides,D8RBTOL3JO2Q6IEO0F34,Origin Bank,6,5,0,0.26,6,0,0,0,0,5,0,0,0,0,national
2025,LA,22079,Rapides,54930021WPEXNHYZUL09,"PLANET HOME LENDING, LLC",4,4,0,0.21,1,1,2,0,0,1,1,2,0,0,national
2025,LA,22079,Rapides,549300DD4R4SYK5RAQ92,"MOVEMENT MORTGAGE, LLC",4,4,0,0.21,3,1,0,0,0,3,1,0,0,0,national
2025,LA,22079,Rapides,549300E2UX99HKDBR481,"NEW AMERICAN FUNDING, LLC",25,4,7,0.21,7,15,2,1,0,1,2,1,0,0,national
2025,LA,22079,Rapides,549300JYXTZDSPJEPI44,"PLAZA HOME MORTGAGE, INC.",5,4,0,0.21,2,3,0,0,0,1,3,0,0,0,national
2025,LA,22079,Rapides,549300KW705BBINDIZ26,,5,4,1,0.21,3,2,0,0,0,3,1,0,0,0,national
2025,LA,22079,Rapides,549300YIQ7S7Z8PIHE53,AMERISAVE MORTGAGE CORPORATION,34,4,25,0.21,17,17,0,0,0,2,2,0,0,0,national
2025,LA,22079,Rapides,KB1H1DSPRFMYMCUFXT09,"Wells Fargo Bank, National Association",8,4,3,0.21,6,0,2,0,0,3,0,1,0,0,national
2025,LA,22079,Rapides,549300249G20MDIDRR27,,10,3,0,0.15,8,1,1,0,0,2,1,0,0,0,national
2025,LA,22079,Rapides,5493008NWHQT1R22C024,"AMERICAN FINANCIAL NETWORK, INC.",3,3,0,0.15,1,1,1,0,0,1,1,1,0,0,national
2025,LA,22079,Rapides,549300BX448ALT10FI43,The Federal Savings Bank,6,3,1,0.15,0,1,5,0,0,0,0,3,0,0,national
2025,LA,22079,Rapides,549300HTRLFU2IIL4380,,22,3,7,0.15,22,0,0,0,0,3,0,0,0,0,national
2025,LA,22079,Rapides,549300LE3ZOZXUS7W648,FIDELITY BANK,4,3,1,0.15,2,2,0,0,0,1,2,0,0,0,national
2025,LA,22079,Rapides,549300PBTV7FCWLSMM53,,8,3,0,0.15,4,3,1,0,0,1,1,1,0,0,national
2025,LA,22079,Rapides,549300REENMLD2RN3W58,"Magnolia Bank, Incorporated",4,3,0,0.15,0,0,4,0,0,0,0,3,0,0,national
2025,LA,22079,Rapides,549300U3721PJGQZYY68,"GUARANTEED RATE, INC.",7,3,1,0.15,6,0,1,0,0,2,0,1,0,0,national
2025,LA,22079,Rapides,NSGZD26XPW2CUM2JKU70,HANCOCK WHITNEY BANK,6,3,2,0.15,6,0,0,0,0,3,0,0,0,0,national
2025,LA,22079,Rapides,254900DTLHVWQ7NP7R34,"CMG Mortgage, Inc.",2,2,0,0.1,2,0,0,0,0,2,0,0,0,0,national
2025,LA,22079,Rapides,254900UL88QFG0E40516,FIGURE LENDING LLC,10,2,7,0.1,10,0,0,0,0,2,0,0,0,0,national
2025,LA,22079,Rapides,549300121SF0K2LN2804,"PRIMELENDING, A PLAINSCAPITAL COMPANY",2,2,0,0.1,2,0,0,0,0,2,0,0,0,0,national
2025,LA,22079,Rapides,5493001WHVQBGRSWEU75,"HOMEBRIDGE FINANCIAL SERVICES, INC.",3,2,0,0.1,1,0,2,0,0,0,0,2,0,0,national
2025,LA,22079,Rapides,5493001XKL0FTNOJ0866,,2,2,0,0.1,1,1,0,0,0,1,1,0,0,0,national
2025,LA,22079,Rapides,5493002B2WMHY23GFK92,"AMERICAN FINANCIAL RESOURCES, INC.",4,2,0,0.1,0,1,0,3,0,0,0,0,2,0,national
2025,LA,22079,Rapides,54930030Z1JWTP3SVD16,,5,2,1,0.1,0,5,0,0,0,0,2,0,0,0,national
2025,LA,22079,Rapides,54930074GUKXKBKNQI12,,2,2,0,0.1,2,0,0,0,0,2,0,0,0,0,national
2025,LA,22079,Rapides,54930091JQKCU3Z6IP44,,8,2,1,0.1,8,0,0,0,0,2,0,0,0,0,national
2025,LA,22079,Rapides,549300CKG3JGNHH34D61,,2,2,0,0.1,2,0,0,0,0,2,0,0,0,0,national
2025,LA,22079,Rapides,549300G5DVGM0ZHRQC33,,4,2,1,0.1,0,0,4,0,0,0,0,2,0,0,national
2025,LA,22079,Rapides,549300NG6J01HLGSZW49,,3,2,0,0.1,3,0,0,0,0,2,0,0,0,0,national
2025,LA,22079,Rapides,549300NOCASXPA34X033,"LAKEVIEW LOAN SERVICING, LLC",13,2,7,0.1,6,5,2,0,0,1,0,1,0,0,national
2025,LA,22079,Rapides,549300PJ2WT35S77Q208,,2,2,0,0.1,1,1,0,0,0,1,1,0,0,0,national
2025,LA,22079,Rapides,549300RN01LBYR8ZVX74,"LOWER, LLC",3,2,1,0.1,0,2,1,0,0,0,1,1,0,0,national
2025,LA,22079,Rapides,549300U18MOAH5F95P15,EFCU FINANCIAL,2,2,0,0.1,2,0,0,0,0,2,0,0,0,0,national
2025,LA,22079,Rapides,549300UG7QXKM7KGV847,,8,2,5,0.1,8,0,0,0,0,2,0,0,0,0,national
2025,LA,22079,Rapides,549300WRDGBHKR1BXL98,,2,2,0,0.1,1,0,1,0,0,1,0,1,0,0,national
2025,LA,22079,Rapides,89450088V2BYQUO61B62,,3,2,0,0.1,3,0,0,0,0,2,0,0,0,0,national
2025,LA,22079,Rapides,PAOOWF3GUFM46FBSP561,,3,2,0,0.1,3,0,0,0,0,2,0,0,0,0,national
2025,LA,22079,Rapides,213800XR2TCBQJSF1X93,,2,1,1,0.05,2,0,0,0,0,1,0,0,0,0,national
2025,LA,22079,Rapides,2549001S0U8EFNDOG816,,1,1,0,0.05,1,0,0,0,0,1,0,0,0,0,national
2025,LA,22079,Rapides,2549004Z576VEJBK3N72,"NQM FUNDING, LLC",1,1,0,0.05,1,0,0,0,0,1,0,0,0,0,national
2025,LA,22079,Rapides,25490066WMF8ZMQXQB18,"Lendage, LLC",2,1,0,0.05,2,0,0,0,0,1,0,0,0,0,national
2025,LA,22079,Rapides,254900HA4DQWAE0W3342,"AMERIHOME MORTGAGE COMPANY, LLC",5,1,1,0.05,1,4,0,0,0,1,0,0,0,0,national
2025,LA,22079,Rapides,254900WT4HAMDFWH3048,,2,1,0,0.05,0,2,0,0,0,0,1,0,0,0,national
2025,LA,22079,Rapides,2WHM8VNJH63UN14OL754,The Huntington National Bank,1,1,0,0.05,0,0,1,0,0,0,0,1,0,0,national
2025,LA,22079,Rapides,54930001NSTOD85LT125,"GUARANTEED RATE AFFINITY, LLC",1,1,0,0.05,1,0,0,0,0,1,0,0,0,0,national
2025,LA,22079,Rapides,5493000IIYWBLONJVJ30,,2,1,0,0.05,2,0,0,0,0,1,0,0,0,0,national
2025,LA,22079,Rapides,5493000V86JDJLM0OV13,,1,1,0,0.05,1,0,0,0,0,1,0,0,0,0,national
2025,LA,22079,Rapides,5493001F7QT2YW3K8D98,"DSLD MORTGAGE, LLC",1,1,0,0.05,0,0,1,0,0,0,0,1,0,0,national
2025,LA,22079,Rapides,54930020YWIK7HGH2R34,,2,1,0,0.05,1,0,1,0,0,0,0,1,0,0,national
2025,LA,22079,Rapides,54930027GUR70U427Y19,,1,1,0,0.05,1,0,0,0,0,1,0,0,0,0,national
2025,LA,22079,Rapides,5493002W52M3SYLFEX32,,1,1,0,0.05,0,1,0,0,0,0,1,0,0,0,national
2025,LA,22079,Rapides,549300370QILXLFUWD20,"ZILLOW HOME LOANS, LLC",3,1,0,0.05,2,1,0,0,0,1,0,0,0,0,national
2025,LA,22079,Rapides,54930039UO39UJGI7078,TowneBank,4,1,1,0.05,0,4,0,0,0,0,1,0,0,0,national
2025,LA,22079,Rapides,54930045J8O98TUGTW86,b1BANK,1,1,0,0.05,1,0,0,0,0,1,0,0,0,0,national
2025,LA,22079,Rapides,5493004AS1SPBQOFDR49,"Change Lending, LLC",1,1,0,0.05,1,0,0,0,0,1,0,0,0,0,national
2025,LA,22079,Rapides,5493004R423PBPM6A173,,1,1,0,0.05,0,1,0,0,0,0,1,0,0,0,national
2025,LA,22079,Rapides,54930054ET8KM4O1D485,"SOFI BANK, NATIONAL ASSOCIATION",6,1,1,0.05,6,0,0,0,0,1,0,0,0,0,national
2025,LA,22079,Rapides,5493007CXTOHZ2JBEJ61,"THE MORTGAGE FIRM, INC.",1,1,0,0.05,0,1,0,0,0,0,1,0,0,0,national
2025,LA,22079,Rapides,549300BLL6VL7AXWYP56,,1,1,0,0.05,1,0,0,0,0,1,0,0,0,0,national
2025,LA,22079,Rapides,549300C5503CI7DSIP33,,1,1,0,0.05,1,0,0,0,0,1,0,0,0,0,national
2025,LA,22079,Rapides,549300CTISSNREVLNO46,,1,1,0,0.05,0,1,0,0,0,0,1,0,0,0,national
2025,LA,22079,Rapides,549300DB8DXY0GE82T18,,1,1,0,0.05,1,0,0,0,0,1,0,0,0,0,national
2025,LA,22079,Rapides,549300DG3IV05V4C4E03,EUSTIS MORTGAGE CORPORATION,1,1,0,0.05,0,1,0,0,0,0,1,0,0,0,national
2025,LA,22079,Rapides,549300DMYENRV818D594,,1,1,0,0.05,1,0,0,0,0,1,0,0,0,0,national
2025,LA,22079,Rapides,549300FK3AFCFVAPH234,"Leader Bank, National Association",1,1,0,0.05,1,0,0,0,0,1,0,0,0,0,national
2025,LA,22079,Rapides,549300FX7K8PTEQUU487,PENTAGON FEDERAL CREDIT UNION,1,1,0,0.05,0,0,1,0,0,0,0,1,0,0,national
2025,LA,22079,Rapides,549300I0ICF6REKHOC74,"DIRECT MORTGAGE LOANS, LLC",1,1,0,0.05,0,0,1,0,0,0,0,1,0,0,national
2025,LA,22079,Rapides,549300II7Y8V2KY9TM28,,1,1,0,0.05,1,0,0,0,0,1,0,0,0,0,national
2025,LA,22079,Rapides,549300KNRT5UGNCSXM31,,1,1,0,0.05,1,0,0,0,0,1,0,0,0,0,national
2025,LA,22079,Rapides,549300LLQD0X2OTG0Y27,,3,1,0,0.05,0,3,0,0,0,0,1,0,0,0,national
2025,LA,22079,Rapides,549300M03EN3OQEDU087,,1,1,0,0.05,1,0,0,0,0,1,0,0,0,0,national
2025,LA,22079,Rapides,549300P2GEYNMH5OQA71,,1,1,0,0.05,0,1,0,0,0,0,1,0,0,0,national
2025,LA,22079,Rapides,549300PQLK8E48ILXV41,,2,1,0,0.05,2,0,0,0,0,1,0,0,0,0,national
2025,LA,22079,Rapides,549300QBX5R3ZBD8FR12,,1,1,0,0.05,0,0,1,0,0,0,0,1,0,0,national
2025,LA,22079,Rapides,549300R0SXC1JU7ZU290,"FIRST COMMUNITY MORTGAGE, INC.",2,1,0,0.05,1,0,1,0,0,0,0,1,0,0,national
2025,LA,22079,Rapides,549300R77W0P105C3S50,HOMEXPRESS MORTGAGE CORP.,1,1,0,0.05,1,0,0,0,0,1,0,0,0,0,national
2025,LA,22079,Rapides,549300RO0FORROX83086,,2,1,0,0.05,2,0,0,0,0,1,0,0,0,0,national
2025,LA,22079,Rapides,549300RYWXR8TL5LIK35,,1,1,0,0.05,0,0,1,0,0,0,0,1,0,0,national
2025,LA,22079,Rapides,549300S8SHBRCI7UU819,,2,1,0,0.05,2,0,0,0,0,1,0,0,0,0,national
2025,LA,22079,Rapides,549300SK2GVCQXPD4S58,"SUN WEST MORTGAGE COMPANY, INC.",1,1,0,0.05,0,1,0,0,0,0,1,0,0,0,national
2025,LA,22079,Rapides,549300SQRR7T3EUSDD87,,1,1,0,0.05,1,0,0,0,0,1,0,0,0,0,national
2025,LA,22079,Rapides,549300VVH8HHFMWL8536,,1,1,0,0.05,1,0,0,0,0,1,0,0,0,0,national
2025,LA,22079,Rapides,549300W1HU6IVVIEJ389,"RANLIFE, INC.",1,1,0,0.05,0,0,1,0,0,0,0,1,0,0,national
2025,LA,22079,Rapides,549300WW4OBT30G5DK23,,1,1,0,0.05,1,0,0,0,0,1,0,0,0,0,national
2025,LA,22079,Rapides,549300X7EIYXZ10LDJ13,,5,1,2,0.05,5,0,0,0,0,1,0,0,0,0,national
2025,LA,22079,Rapides,549300XCVBRR56D08F03,,2,1,0,0.05,1,1,0,0,0,1,0,0,0,0,national
2025,LA,22079,Rapides,549300YDBNK66R6ZES34,TOGETHER CREDIT UNION,1,1,0,0.05,1,0,0,0,0,1,0,0,0,0,national
2025,LA,22079,Rapides,549300ZWNETGFXTBBY03,"CANOPY MORTGAGE, LLC",1,1,0,0.05,0,1,0,0,0,0,1,0,0,0,national
2025,LA,22079,Rapides,AD6GFRVSDT01YPT1CS68,"PNC Bank, National Association",1,1,0,0.05,0,1,0,0,0,0,1,0,0,0,national
2025,LA,22079,Rapides,C398JSK21YCXWM603F55,"Barrington Bank & Trust Company, National Association",4,1,1,0.05,1,0,3,0,0,0,0,1,0,0,national
2025,LA,22079,Rapides,WWB2V0FCW3A0EE3ZJN75,Manufacturers and Traders Trust Company,4,1,2,0.05,2,2,0,0,0,0,1,0,0,0,national
2025,LA,22079,Rapides,X05BVSK68TQ7YTOSNR22,Discover Bank,14,1,7,0.05,14,0,0,0,0,1,0,0,0,0,national
2025,LA,22079,Rapides,5493009XSE00M8B9R434,,24,0,17,0.0,19,5,0,0,0,0,0,0,0,0,national
2025,LA,22079,Rapides,549300ALNLUNS3Y53T24,AMERICAN FINANCING CORPORATION,12,0,5,0.0,2,9,1,0,0,0,0,0,0,0,national
2025,LA,22079,Rapides,549300FFVDRROF85IC57,,16,0,15,0.0,16,0,0,0,0,0,0,0,0,0,national
2025,LA,22079,Rapides,549300Q3ROEQU3D1IW91,,23,0,20,0.0,23,0,0,0,0,0,0,0,0,0,national
2025,LA,22079,Rapides,B4TYDEB6GKMZO031MB27,"Bank of America, National Association",7,0,4,0.0,7,0,0,0,0,0,0,0,0,0,national
2025,LA,22089,St. Charles,549300FGXN1K3HLB1R50,"Rocket Mortgage, LLC",130,102,17,11.96,92,30,8,0,0,71,24,7,0,0,national
2025,LA,22089,St. Charles,549300HW662MN1WU8550,"United Wholesale Mortgage, LLC",77,58,4,6.8,31,38,5,3,0,24,29,3,2,0,national
2025,LA,22089,St. Charles,549300MCPCNPQAOB4032,GMFS LLC,82,58,4,6.8,44,27,2,9,0,30,22,1,5,0,national
2025,LA,22089,St. Charles,549300Z78KW88BIQNR50,First American Bank and Trust,72,43,13,5.04,72,0,0,0,0,43,0,0,0,0,national
2025,LA,22089,St. Charles,RVDPPPGHCGZ40J4VQ731,"PENNYMAC LOAN SERVICES, LLC",45,31,2,3.63,24,13,8,0,0,17,10,4,0,0,national
2025,LA,22089,St. Charles,NSGZD26XPW2CUM2JKU70,HANCOCK WHITNEY BANK,38,25,8,2.93,36,1,1,0,0,23,1,1,0,0,national
2025,LA,22089,St. Charles,5493001F7QT2YW3K8D98,"DSLD MORTGAGE, LLC",31,24,1,2.81,16,8,6,1,0,13,5,5,1,0,national
2025,LA,22089,St. Charles,549300DD4R4SYK5RAQ92,"MOVEMENT MORTGAGE, LLC",28,24,2,2.81,16,10,2,0,0,13,9,2,0,0,national
2025,LA,22089,St. Charles,254900ZKVJDEYHV22276,OnPath Federal Credit Union,24,23,1,2.7,24,0,0,0,0,23,0,0,0,0,national
2025,LA,22089,St. Charles,549300FNXYY540N23N64,Newrez LLC,54,22,15,2.58,34,17,0,3,0,16,3,0,3,0,national
2025,LA,22089,St. Charles,549300DG3IV05V4C4E03,EUSTIS MORTGAGE CORPORATION,27,21,0,2.46,11,15,1,0,0,7,13,1,0,0,national
2025,LA,22089,St. Charles,549300LBCBNR1OT00651,NATIONSTAR MORTGAGE LLC,26,21,3,2.46,20,6,0,0,0,18,3,0,0,0,national
2025,LA,22089,St. Charles,7H6GLXDRUGQFU57RNE97,"JPMorgan Chase Bank, National Association",30,20,5,2.34,30,0,0,0,0,20,0,0,0,0,national
2025,LA,22089,St. Charles,5493003GQDUH26DNNH17,Navy Federal Credit Union,33,16,7,1.88,26,0,7,0,0,10,0,6,0,0,national
2025,LA,22089,St. Charles,5493008RSN6F31BTGT93,Gulf Coast Bank and Trust Company,21,15,4,1.76,20,1,0,0,0,14,1,0,0,0,national
2025,LA,22089,St. Charles,EQTWLK1G7ODGC2MGLV11,Regions Bank,23,13,8,1.52,22,1,0,0,0,13,0,0,0,0,national
2025,LA,22089,St. Charles,549300XQVJ1XBNFA5536,21ST MORTGAGE CORPORATION,33,12,13,1.41,33,0,0,0,0,12,0,0,0,0,national
2025,LA,22089,St. Charles,549300LE3ZOZXUS7W648,FIDELITY BANK,17,11,3,1.29,11,3,2,1,0,6,3,1,1,0,national
2025,LA,22089,St. Charles,549300VZVN841I2ILS84,"CROSSCOUNTRY MORTGAGE, LLC",16,11,0,1.29,5,7,1,3,0,3,4,1,3,0,national
2025,LA,22089,St. Charles,COOWI3L2W9TPYR3WJX37,First Horizon Bank,13,11,1,1.29,9,4,0,0,0,8,3,0,0,0,national
2025,LA,22089,St. Charles,549300E2UX99HKDBR481,"NEW AMERICAN FUNDING, LLC",20,10,0,1.17,9,10,1,0,0,7,2,1,0,0,national
2025,LA,22089,St. Charles,549300LYRWPSYPK6S325,FREEDOM MORTGAGE CORPORATION,34,10,5,1.17,5,19,10,0,0,0,8,2,0,0,national
2025,LA,22089,St. Charles,549300AG64NHILB7ZP05,"LOANDEPOT.COM, LLC",17,8,7,0.94,11,5,1,0,0,7,1,0,0,0,national
2025,LA,22089,St. Charles,549300F376WY63AY7896,,11,7,4,0.82,10,1,0,0,0,6,1,0,0,0,national
2025,LA,22089,St. Charles,549300MZ8VZJOVC63092,"KIND LENDING, LLC",7,7,0,0.82,2,4,1,0,0,2,4,1,0,0,national
2025,LA,22089,St. Charles,549300PQLK8E48ILXV41,,8,7,0,0.82,8,0,0,0,0,7,0,0,0,0,national
2025,LA,22089,St. Charles,549300R0SXC1JU7ZU290,"FIRST COMMUNITY MORTGAGE, INC.",11,7,1,0.82,4,2,1,4,0,2,2,0,3,0,national
2025,LA,22089,St. Charles,549300YIQ7S7Z8PIHE53,AMERISAVE MORTGAGE CORPORATION,24,7,15,0.82,14,8,2,0,0,5,2,0,0,0,national
2025,LA,22089,St. Charles,5493000YNV8IX4VD3X12,"VANDERBILT MORTGAGE AND FINANCE, INC.",36,6,14,0.7,36,0,0,0,0,6,0,0,0,0,national
2025,LA,22089,St. Charles,549300DD5QQUHO6PCH70,"MORTGAGE RESEARCH CENTER, LLC",16,6,6,0.7,2,0,14,0,0,0,0,6,0,0,national
2025,LA,22089,St. Charles,549300K4ZLGS7SRDTL86,Equity Prime Mortgage LLC,14,6,0,0.7,2,9,2,1,0,2,3,1,0,0,national
2025,LA,22089,St. Charles,2549004FXPNKCLIN8250,"Synergy One Lending, Inc.",7,5,0,0.59,2,5,0,0,0,1,4,0,0,0,national
2025,LA,22089,St. Charles,254900UL88QFG0E40516,FIGURE LENDING LLC,8,5,1,0.59,8,0,0,0,0,5,0,0,0,0,national
2025,LA,22089,St. Charles,549300121SF0K2LN2804,"PRIMELENDING, A PLAINSCAPITAL COMPANY",7,5,2,0.59,5,2,0,0,0,4,1,0,0,0,national
2025,LA,22089,St. Charles,5493007CXTOHZ2JBEJ61,"THE MORTGAGE FIRM, INC.",6,5,0,0.59,3,2,0,1,0,3,2,0,0,0,national
2025,LA,22089,St. Charles,5493008NWHQT1R22C024,"AMERICAN FINANCIAL NETWORK, INC.",8,5,2,0.59,3,5,0,0,0,2,3,0,0,0,national
2025,LA,22089,St. Charles,549300Q3ROEQU3D1IW91,,20,5,9,0.59,20,0,0,0,0,5,0,0,0,0,national
2025,LA,22089,St. Charles,5493002F9OWLKRICTY67,STANDARD MORTGAGE CORPORATION,5,4,0,0.47,3,1,0,1,0,2,1,0,1,0,national
2025,LA,22089,St. Charles,5493003JBN8UEVOU8O42,,5,4,1,0.47,5,0,0,0,0,4,0,0,0,0,national
2025,LA,22089,St. Charles,54930045J8O98TUGTW86,b1BANK,4,4,0,0.47,4,0,0,0,0,4,0,0,0,0,national
2025,LA,22089,St. Charles,5493006P5IHSK77SZ855,,7,4,1,0.47,1,4,2,0,0,1,2,1,0,0,national
2025,LA,22089,St. Charles,549300CB67L6KPJLHE19,"TRIAD FINANCIAL SERVICES, INC.",19,4,8,0.47,19,0,0,0,0,4,0,0,0,0,national
2025,LA,22089,St. Charles,549300GKFNPRWNS0GF29,"AmeriHome Mortgage Company, LLC",5,4,0,0.47,3,2,0,0,0,2,2,0,0,0,national
2025,LA,22089,St. Charles,549300OPCWU6E72WUT29,"MUTUAL OF OMAHA MORTGAGE, INC.",10,4,1,0.47,4,6,0,0,0,1,3,0,0,0,national
2025,LA,22089,St. Charles,549300QKL5FUBZ8LSF50,"NATIONS DIRECT MORTGAGE, LLC",4,4,0,0.47,0,4,0,0,0,0,4,0,0,0,national
2025,LA,22089,St. Charles,549300R9S3MVDV4MGF56,"CARRINGTON MORTGAGE SERVICES, LLC",17,4,8,0.47,11,4,2,0,0,3,1,0,0,0,national
2025,LA,22089,St. Charles,C5654JQHZUHN0772B561,USAA Federal Savings Bank,7,4,0,0.47,2,0,5,0,0,1,0,3,0,0,national
2025,LA,22089,St. Charles,25490066WMF8ZMQXQB18,"Lendage, LLC",4,3,1,0.35,4,0,0,0,0,3,0,0,0,0,national
2025,LA,22089,St. Charles,254900DTLHVWQ7NP7R34,"CMG Mortgage, Inc.",3,3,0,0.35,3,0,0,0,0,3,0,0,0,0,national
2025,LA,22089,St. Charles,254900ZFWS2106HWPH46,"PARAMOUNT RESIDENTIAL MORTGAGE GROUP, INC.",5,3,0,0.35,3,1,0,1,0,2,0,0,1,0,national
2025,LA,22089,St. Charles,5493001GCBD5XGNIC815,Coastal Community Bank,26,3,0,0.35,26,0,0,0,0,3,0,0,0,0,national
2025,LA,22089,St. Charles,5493001GDRY0EL7VG372,"ARK-LA-TEX FINANCIAL SERVICES, LLC.",4,3,0,0.35,1,0,2,1,0,1,0,2,0,0,national
2025,LA,22089,St. Charles,5493003V40VGM7YDFM54,FIRST COLONY MORTGAGE CORPORATION,3,3,0,0.35,1,2,0,0,0,1,2,0,0,0,national
2025,LA,22089,St. Charles,54930049L5WINET09Q97,"CLICK N' CLOSE, INC.",5,3,1,0.35,3,2,0,0,0,2,1,0,0,0,national
2025,LA,22089,St. Charles,5493004AS1SPBQOFDR49,"Change Lending, LLC",3,3,0,0.35,3,0,0,0,0,3,0,0,0,0,national
2025,LA,22089,St. Charles,54930054ET8KM4O1D485,"SOFI BANK, NATIONAL ASSOCIATION",14,3,1,0.35,13,1,0,0,0,3,0,0,0,0,national
2025,LA,22089,St. Charles,549300AQ3T62GXDU7D76,GUILD MORTGAGE COMPANY LLC,4,3,0,0.35,0,4,0,0,0,0,3,0,0,0,national
2025,LA,22089,St. Charles,549300PIL8LFAQ04XC20,Better Mortgage Corporation,12,3,8,0.35,12,0,0,0,0,3,0,0,0,0,national
2025,LA,22089,St. Charles,549300R7HGHP2I754087,TOWNE MORTGAGE COMPANY,3,3,0,0.35,0,2,0,1,0,0,2,0,1,0,national
2025,LA,22089,St. Charles,2549001SI0EMFPT39035,"Cornerstone First Mortgage, Inc",3,2,0,0.23,0,1,1,1,0,0,1,1,0,0,national
2025,LA,22089,St. Charles,25490058TX0QV62WQ461,,2,2,0,0.23,2,0,0,0,0,2,0,0,0,0,national
2025,LA,22089,St. Charles,254900YPPMV9UM5FUW09,,3,2,0,0.23,3,0,0,0,0,2,0,0,0,0,national
2025,LA,22089,St. Charles,254900ZX1UPIG2E7TH11,"ASSURANCE FINANCIAL GROUP, L.L.C.",4,2,0,0.23,3,0,1,0,0,2,0,0,0,0,national
2025,LA,22089,St. Charles,5493001WHVQBGRSWEU75,"HOMEBRIDGE FINANCIAL SERVICES, INC.",4,2,0,0.23,4,0,0,0,0,2,0,0,0,0,national
2025,LA,22089,St. Charles,54930021WPEXNHYZUL09,"PLANET HOME LENDING, LLC",2,2,0,0.23,1,0,1,0,0,1,0,1,0,0,national
2025,LA,22089,St. Charles,54930027GUR70U427Y19,,2,2,0,0.23,2,0,0,0,0,2,0,0,0,0,national
2025,LA,22089,St. Charles,5493002RF1ERFA2XR050,Renasant Bank,3,2,1,0.23,3,0,0,0,0,2,0,0,0,0,national
2025,LA,22089,St. Charles,549300370QILXLFUWD20,"ZILLOW HOME LOANS, LLC",2,2,0,0.23,1,1,0,0,0,1,1,0,0,0,national
2025,LA,22089,St. Charles,5493008VVXQIDO1EZ460,"SUMMIT FUNDING, INC.",2,2,0,0.23,1,1,0,0,0,1,1,0,0,0,national
2025,LA,22089,St. Charles,549300C1ICNCM0V37Y02,"First State Bank of St. Charles, Missouri",2,2,0,0.23,2,0,0,0,0,2,0,0,0,0,national
2025,LA,22089,St. Charles,549300GTVXJ2PGXNLM73,T2 FINANCIAL LLC,2,2,0,0.23,1,1,0,0,0,1,1,0,0,0,national
2025,LA,22089,St. Charles,549300II7Y8V2KY9TM28,,3,2,0,0.23,3,0,0,0,0,2,0,0,0,0,national
2025,LA,22089,St. Charles,549300J7I82PNDVU8H22,"OCMBC, INC.",3,2,0,0.23,3,0,0,0,0,2,0,0,0,0,national
2025,LA,22089,St. Charles,549300M03EN3OQEDU087,,7,2,4,0.23,4,3,0,0,0,1,1,0,0,0,national
2025,LA,22089,St. Charles,549300MUEGVFZ2155D91,,2,2,0,0.23,2,0,0,0,0,2,0,0,0,0,national
2025,LA,22089,St. Charles,549300O2UK5FUZXQJO34,,2,2,0,0.23,2,0,0,0,0,2,0,0,0,0,national
2025,LA,22089,St. Charles,549300OEQLAPVDI0LD92,,4,2,1,0.23,4,0,0,0,0,2,0,0,0,0,national
2025,LA,22089,St. Charles,549300PBTV7FCWLSMM53,,3,2,0,0.23,0,1,2,0,0,0,0,2,0,0,national
2025,LA,22089,St. Charles,549300SFG15JDKI5MD22,,3,2,0,0.23,3,0,0,0,0,2,0,0,0,0,national
2025,LA,22089,St. Charles,549300SUCQ1358EGVE89,"NEW DAY FINANCIAL, LLC",10,2,1,0.23,0,0,10,0,0,0,0,2,0,0,national
2025,LA,22089,St. Charles,549300V1ZDKDQXFW3339,,3,2,0,0.23,3,0,0,0,0,2,0,0,0,0,national
2025,LA,22089,St. Charles,549300VCMRO4ST680C11,VILLAGE CAPITAL & INVESTMENT LLC,9,2,2,0.23,0,6,3,0,0,0,1,1,0,0,national
2025,LA,22089,St. Charles,549300VORTI31GZTJL53,"CARDINAL FINANCIAL COMPANY, LIMITED PARTNERSHIP",5,2,0,0.23,2,3,0,0,0,1,1,0,0,0,national
2025,LA,22089,St. Charles,549300VVH8HHFMWL8536,,3,2,1,0.23,3,0,0,0,0,2,0,0,0,0,national
2025,LA,22089,St. Charles,549300XWUSRVVOHPRY47,Academy Mortgage Corporation,3,2,0,0.23,2,1,0,0,0,1,1,0,0,0,national
2025,LA,22089,St. Charles,549300Y5Y88FQLI7VE83,DEEPHAVEN MORTGAGE LLC,2,2,0,0.23,2,0,0,0,0,2,0,0,0,0,national
2025,LA,22089,St. Charles,B4TYDEB6GKMZO031MB27,"Bank of America, National Association",9,2,4,0.23,9,0,0,0,0,2,0,0,0,0,national
2025,LA,22089,St. Charles,PAOOWF3GUFM46FBSP561,,4,2,0,0.23,2,0,2,0,0,0,0,2,0,0,national
2025,LA,22089,St. Charles,254900378RFGMBEKAF12,,2,1,0,0.12,2,0,0,0,0,1,0,0,0,0,national
2025,LA,22089,St. Charles,25490095CTOC97LRQD90,,1,1,0,0.12,1,0,0,0,0,1,0,0,0,0,national
2025,LA,22089,St. Charles,254900CTT87ZKAUTIJ37,,3,1,0,0.12,3,0,0,0,0,1,0,0,0,0,national
2025,LA,22089,St. Charles,254900FBWEZ3YUPOBN33,,2,1,0,0.12,2,0,0,0,0,1,0,0,0,0,national
2025,LA,22089,St. Charles,254900HA4DQWAE0W3342,"AMERIHOME MORTGAGE COMPANY, LLC",1,1,0,0.12,1,0,0,0,0,1,0,0,0,0,national
2025,LA,22089,St. Charles,254900M2C4Q6DATP2889,,2,1,0,0.12,1,0,1,0,0,1,0,0,0,0,national
2025,LA,22089,St. Charles,5493000V86JDJLM0OV13,,1,1,0,0.12,1,0,0,0,0,1,0,0,0,0,national
2025,LA,22089,St. Charles,549300194LW0QMECAH75,,1,1,0,0.12,1,0,0,0,0,1,0,0,0,0,national
2025,LA,22089,St. Charles,5493001XKL0FTNOJ0866,,1,1,0,0.12,1,0,0,0,0,1,0,0,0,0,national
2025,LA,22089,St. Charles,549300249G20MDIDRR27,,1,1,0,0.12,1,0,0,0,0,1,0,0,0,0,national
2025,LA,22089,St. Charles,5493002B2WMHY23GFK92,"AMERICAN FINANCIAL RESOURCES, INC.",1,1,0,0.12,1,0,0,0,0,1,0,0,0,0,national
2025,LA,22089,St. Charles,549300323EON4W3CCM44,"RESICENTRAL, LLC",1,1,0,0.12,0,1,0,0,0,0,1,0,0,0,national
2025,LA,22089,St. Charles,54930039UO39UJGI7078,TowneBank,1,1,0,0.12,1,0,0,0,0,1,0,0,0,0,national
2025,LA,22089,St. Charles,54930045EHC4UJU3BP73,,1,1,0,0.12,1,0,0,0,0,1,0,0,0,0,national
2025,LA,22089,St. Charles,54930065B0NVUO52TY13,,1,1,0,0.12,0,0,1,0,0,0,0,1,0,0,national
2025,LA,22089,St. Charles,5493006HFDG31YJ3MM36,,1,1,0,0.12,1,0,0,0,0,1,0,0,0,0,national
2025,LA,22089,St. Charles,5493006QG55R8V712J33,Red River Bank,2,1,0,0.12,2,0,0,0,0,1,0,0,0,0,national
2025,LA,22089,St. Charles,54930095UWUUXAWASB02,"Atlantic Coast Mortgage, LLC",1,1,0,0.12,0,0,1,0,0,0,0,1,0,0,national
2025,LA,22089,St. Charles,549300DNWSJUNAWUM003,,2,1,0,0.12,2,0,0,0,0,1,0,0,0,0,national
2025,LA,22089,St. Charles,549300EFCZM6KD6B8K69,MORTGAGE ACCESS CORP.,1,1,0,0.12,1,0,0,0,0,1,0,0,0,0,national
2025,LA,22089,St. Charles,549300EKFFG3BU8DNX74,NEXERA HOLDING LLC,3,1,0,0.12,3,0,0,0,0,1,0,0,0,0,national
2025,LA,22089,St. Charles,549300FX7K8PTEQUU487,PENTAGON FEDERAL CREDIT UNION,1,1,0,0.12,1,0,0,0,0,1,0,0,0,0,national
2025,LA,22089,St. Charles,549300GRGZDEH4ZGQS06,WATERSTONE MORTGAGE CORPORATION,1,1,0,0.12,0,1,0,0,0,0,1,0,0,0,national
2025,LA,22089,St. Charles,549300JXWG67QZF4I652,,1,1,0,0.12,1,0,0,0,0,1,0,0,0,0,national
2025,LA,22089,St. Charles,549300JYXTZDSPJEPI44,"PLAZA HOME MORTGAGE, INC.",2,1,1,0.12,0,2,0,0,0,0,1,0,0,0,national
2025,LA,22089,St. Charles,549300KJ8PAJ7E52HG32,Plains Commerce Bank,2,1,0,0.12,2,0,0,0,0,1,0,0,0,0,national
2025,LA,22089,St. Charles,549300KSOOZZVXCMA627,ANGEL OAK MORTGAGE SOLUTIONS LLC,4,1,2,0.12,4,0,0,0,0,1,0,0,0,0,national
2025,LA,22089,St. Charles,549300KTR1JGH3K6LU06,FOURLEAF,1,1,0,0.12,1,0,0,0,0,1,0,0,0,0,national
2025,LA,22089,St. Charles,549300KX4S1573HISS22,,2,1,0,0.12,2,0,0,0,0,1,0,0,0,0,national
2025,LA,22089,St. Charles,549300LROQOOQU77WS20,,1,1,0,0.12,1,0,0,0,0,1,0,0,0,0,national
2025,LA,22089,St. Charles,549300MGPZBLQDIL7538,FAIRWAY INDEPENDENT MORTGAGE CORPORATION,1,1,0,0.12,1,0,0,0,0,1,0,0,0,0,national
2025,LA,22089,St. Charles,549300NOCASXPA34X033,"LAKEVIEW LOAN SERVICING, LLC",5,1,4,0.12,4,0,1,0,0,1,0,0,0,0,national
2025,LA,22089,St. Charles,549300O0BQZ8YGYRA730,,1,1,0,0.12,1,0,0,0,0,1,0,0,0,0,national
2025,LA,22089,St. Charles,549300PGV74J5SPHTG47,,1,1,0,0.12,1,0,0,0,0,1,0,0,0,0,national
2025,LA,22089,St. Charles,549300Q02LGIN9AXKP98,FIRST TECHNOLOGY FEDERAL CREDIT UNION,1,1,0,0.12,1,0,0,0,0,1,0,0,0,0,national
2025,LA,22089,St. Charles,549300RN01LBYR8ZVX74,"LOWER, LLC",1,1,0,0.12,0,1,0,0,0,0,1,0,0,0,national
2025,LA,22089,St. Charles,549300SY0ZRUCS4CSY07,,1,1,0,0.12,1,0,0,0,0,1,0,0,0,0,national
2025,LA,22089,St. Charles,549300U18MOAH5F95P15,EFCU FINANCIAL,2,1,1,0.12,2,0,0,0,0,1,0,0,0,0,national
2025,LA,22089,St. Charles,549300UR5AOWTJJ7KZ64,,1,1,0,0.12,1,0,0,0,0,1,0,0,0,0,national
2025,LA,22089,St. Charles,549300XY701IELCE5Q08,BETTER MORTGAGE CORPORATION,4,1,1,0.12,2,1,1,0,0,1,0,0,0,0,national
2025,LA,22089,St. Charles,549300YW2UBCMDRMBT48,,1,1,0,0.12,1,0,0,0,0,1,0,0,0,0,national
2025,LA,22089,St. Charles,549300ZWNETGFXTBBY03,"CANOPY MORTGAGE, LLC",2,1,0,0.12,2,0,0,0,0,1,0,0,0,0,national
2025,LA,22089,St. Charles,6BYL5QZYBDK8S7L73M02,U.S. Bank National Association,2,1,1,0.12,2,0,0,0,0,1,0,0,0,0,national
2025,LA,22089,St. Charles,984500CD6F0743B8F530,,1,1,0,0.12,0,1,0,0,0,0,1,0,0,0,national
2025,LA,22089,St. Charles,C398JSK21YCXWM603F55,"Barrington Bank & Trust Company, National Association",2,1,0,0.12,1,0,1,0,0,0,0,1,0,0,national
2025,LA,22089,St. Charles,KB1H1DSPRFMYMCUFXT09,"Wells Fargo Bank, National Association",6,1,3,0.12,5,1,0,0,0,0,1,0,0,0,national
2025,LA,22089,St. Charles,X05BVSK68TQ7YTOSNR22,Discover Bank,10,1,6,0.12,10,0,0,0,0,1,0,0,0,0,national
2025,LA,22089,St. Charles,549300ALNLUNS3Y53T24,AMERICAN FINANCING CORPORATION,6,0,5,0.0,3,2,1,0,0,0,0,0,0,0,national
2025,LA,22089,St. Charles,549300FFVDRROF85IC57,,10,0,10,0.0,10,0,0,0,0,0,0,0,0,0,national
2025,LA,22097,St. Landry,5493001SXWZ4OFP8Z903,"DHI MORTGAGE COMPANY, LTD.",92,55,25,5.43,4,67,8,13,0,4,35,5,11,0,national
2025,LA,22097,St. Landry,549300HW662MN1WU8550,"United Wholesale Mortgage, LLC",75,54,8,5.33,25,33,14,3,0,21,21,10,2,0,national
2025,LA,22097,St. Landry,549300DG3IV05V4C4E03,EUSTIS MORTGAGE CORPORATION,64,50,0,4.94,6,28,7,23,0,5,20,7,18,0,national
2025,LA,22097,St. Landry,549300FGXN1K3HLB1R50,"Rocket Mortgage, LLC",80,44,29,4.34,53,23,4,0,0,31,12,1,0,0,national
2025,LA,22097,St. Landry,549300E8WNDXIPI7FA49,,46,42,1,4.15,46,0,0,0,0,42,0,0,0,0,national
2025,LA,22097,St. Landry,5493000YNV8IX4VD3X12,"VANDERBILT MORTGAGE AND FINANCE, INC.",281,35,131,3.46,281,0,0,0,0,35,0,0,0,0,national
2025,LA,22097,St. Landry,549300K4ZLGS7SRDTL86,Equity Prime Mortgage LLC,63,34,6,3.36,8,31,2,22,0,4,16,0,14,0,national
2025,LA,22097,St. Landry,254900R51FSMCPO6HB07,The Evangeline Bank & Trust Company,35,29,2,2.86,35,0,0,0,0,29,0,0,0,0,national
2025,LA,22097,St. Landry,549300MCPCNPQAOB4032,GMFS LLC,48,29,0,2.86,32,6,5,5,0,18,4,3,4,0,national
2025,LA,22097,St. Landry,549300KNRT5UGNCSXM31,,29,27,1,2.67,29,0,0,0,0,27,0,0,0,0,national
2025,LA,22097,St. Landry,549300CB67L6KPJLHE19,"TRIAD FINANCIAL SERVICES, INC.",195,26,103,2.57,195,0,0,0,0,26,0,0,0,0,national
2025,LA,22097,St. Landry,549300XQVJ1XBNFA5536,21ST MORTGAGE CORPORATION,231,26,116,2.57,231,0,0,0,0,26,0,0,0,0,national
2025,LA,22097,St. Landry,549300PI7Z6DG3QE2087,,25,24,1,2.37,25,0,0,0,0,24,0,0,0,0,national
2025,LA,22097,St. Landry,549300KIOYNU323LVJ37,AMERICAN PACIFIC MORTGAGE CORPORATION,27,23,0,2.27,8,9,1,9,0,7,7,1,8,0,national
2025,LA,22097,St. Landry,549300RPOGWJRH63HS39,UNION HOME MORTGAGE CORP.,36,21,5,2.07,15,15,0,6,0,9,9,0,3,0,national
2025,LA,22097,St. Landry,NSGZD26XPW2CUM2JKU70,HANCOCK WHITNEY BANK,36,20,11,1.97,34,1,1,0,0,19,0,1,0,0,national
2025,LA,22097,St. Landry,254900ZX1UPIG2E7TH11,"ASSURANCE FINANCIAL GROUP, L.L.C.",32,19,4,1.88,12,10,0,10,0,9,6,0,4,0,national
2025,LA,22097,St. Landry,5493002B2WMHY23GFK92,"AMERICAN FINANCIAL RESOURCES, INC.",26,19,2,1.88,1,16,4,5,0,1,10,4,4,0,national
2025,LA,22097,St. Landry,549300RO0FORROX83086,,19,17,1,1.68,19,0,0,0,0,17,0,0,0,0,national
2025,LA,22097,St. Landry,7H6GLXDRUGQFU57RNE97,"JPMorgan Chase Bank, National Association",26,16,4,1.58,23,3,0,0,0,14,2,0,0,0,national
2025,LA,22097,St. Landry,COOWI3L2W9TPYR3WJX37,First Horizon Bank,24,14,9,1.38,22,0,0,2,0,12,0,0,2,0,national
2025,LA,22097,St. Landry,549300LYRWPSYPK6S325,FREEDOM MORTGAGE CORPORATION,33,13,3,1.28,2,14,17,0,0,0,6,7,0,0,national
2025,LA,22097,St. Landry,25490058TX0QV62WQ461,,19,12,4,1.18,19,0,0,0,0,12,0,0,0,0,national
2025,LA,22097,St. Landry,54930049L5WINET09Q97,"CLICK N' CLOSE, INC.",18,12,2,1.18,6,4,0,8,0,3,3,0,6,0,national
2025,LA,22097,St. Landry,254900DTLHVWQ7NP7R34,"CMG Mortgage, Inc.",14,11,2,1.09,11,0,0,3,0,10,0,0,1,0,national
2025,LA,22097,St. Landry,54930020YWIK7HGH2R34,,13,11,0,1.09,5,5,0,3,0,4,5,0,2,0,national
2025,LA,22097,St. Landry,549300DD5QQUHO6PCH70,"MORTGAGE RESEARCH CENTER, LLC",35,11,10,1.09,6,2,26,1,0,0,0,11,0,0,national
2025,LA,22097,St. Landry,549300FJ9SHI3GDB7327,,12,11,1,1.09,12,0,0,0,0,11,0,0,0,0,national
2025,LA,22097,St. Landry,RVDPPPGHCGZ40J4VQ731,"PENNYMAC LOAN SERVICES, LLC",28,11,4,1.09,5,11,10,2,0,3,5,2,1,0,national
2025,LA,22097,St. Landry,549300AG64NHILB7ZP05,"LOANDEPOT.COM, LLC",24,10,9,0.99,12,10,2,0,0,5,4,1,0,0,national
2025,LA,22097,St. Landry,549300MJ3JU3Z2PH5H92,,10,10,0,0.99,10,0,0,0,0,10,0,0,0,0,national
2025,LA,22097,St. Landry,549300AQ3T62GXDU7D76,GUILD MORTGAGE COMPANY LLC,11,9,0,0.89,4,5,1,1,0,3,4,1,1,0,national
2025,LA,22097,St. Landry,549300IB375I8TZ2FA87,,11,9,0,0.89,11,0,0,0,0,9,0,0,0,0,national
2025,LA,22097,St. Landry,549300LBCBNR1OT00651,NATIONSTAR MORTGAGE LLC,13,8,2,0.79,8,3,2,0,0,6,1,1,0,0,national
2025,LA,22097,St. Landry,549300BWRXVFSDCUUY93,,10,7,0,0.69,10,0,0,0,0,7,0,0,0,0,national
2025,LA,22097,St. Landry,549300LE3ZOZXUS7W648,FIDELITY BANK,9,7,0,0.69,4,4,0,1,0,3,3,0,1,0,national
2025,LA,22097,St. Landry,549300R7HGHP2I754087,TOWNE MORTGAGE COMPANY,11,7,0,0.69,1,8,1,1,0,1,6,0,0,0,national
2025,LA,22097,St. Landry,54930045J8O98TUGTW86,b1BANK,12,6,3,0.59,12,0,0,0,0,6,0,0,0,0,national
2025,LA,22097,St. Landry,549300II7Y8V2KY9TM28,,10,6,0,0.59,9,1,0,0,0,6,0,0,0,0,national
2025,LA,22097,St. Landry,549300R9S3MVDV4MGF56,"CARRINGTON MORTGAGE SERVICES, LLC",17,6,10,0.59,6,10,1,0,0,4,2,0,0,0,national
2025,LA,22097,St. Landry,549300RN01LBYR8ZVX74,"LOWER, LLC",6,6,0,0.59,6,0,0,0,0,6,0,0,0,0,national
2025,LA,22097,St. Landry,549300333JQWIP8NLK67,,6,5,1,0.49,6,0,0,0,0,5,0,0,0,0,national
2025,LA,22097,St. Landry,549300DISOL963J03Q15,,5,5,0,0.49,5,0,0,0,0,5,0,0,0,0,national
2025,LA,22097,St. Landry,549300FNXYY540N23N64,Newrez LLC,25,5,6,0.49,9,10,5,1,0,1,2,1,1,0,national
2025,LA,22097,St. Landry,549300RP00N9TM7RLE66,,9,5,1,0.49,9,0,0,0,0,5,0,0,0,0,national
2025,LA,22097,St. Landry,549300VZVN841I2ILS84,"CROSSCOUNTRY MORTGAGE, LLC",15,5,1,0.49,3,4,6,2,0,1,1,3,0,0,national
2025,LA,22097,St. Landry,254900HA4DQWAE0W3342,"AMERIHOME MORTGAGE COMPANY, LLC",5,4,0,0.39,0,5,0,0,0,0,4,0,0,0,national
2025,LA,22097,St. Landry,5493001GCBD5XGNIC815,Coastal Community Bank,10,4,0,0.39,10,0,0,0,0,4,0,0,0,0,national
2025,LA,22097,St. Landry,5493001GDRY0EL7VG372,"ARK-LA-TEX FINANCIAL SERVICES, LLC.",7,4,0,0.39,3,2,1,1,0,1,2,0,1,0,national
2025,LA,22097,St. Landry,5493003GQDUH26DNNH17,Navy Federal Credit Union,20,4,7,0.39,17,0,3,0,0,3,0,1,0,0,national
2025,LA,22097,St. Landry,549300JYXTZDSPJEPI44,"PLAZA HOME MORTGAGE, INC.",8,4,3,0.39,1,3,0,4,0,1,1,0,2,0,national
2025,LA,22097,St. Landry,549300OPCWU6E72WUT29,"MUTUAL OF OMAHA MORTGAGE, INC.",12,4,3,0.39,3,8,1,0,0,1,2,1,0,0,national
2025,LA,22097,St. Landry,549300PBTV7FCWLSMM53,,12,4,2,0.39,3,3,3,3,0,0,1,2,1,0,national
2025,LA,22097,St. Landry,549300R0SXC1JU7ZU290,"FIRST COMMUNITY MORTGAGE, INC.",8,4,1,0.39,4,2,0,2,0,3,1,0,0,0,national
2025,LA,22097,St. Landry,PINLJ7T7GLTF48NFP863,,4,4,0,0.39,4,0,0,0,0,4,0,0,0,0,national
2025,LA,22097,St. Landry,5493000V86JDJLM0OV13,,3,3,0,0.3,3,0,0,0,0,3,0,0,0,0,national
2025,LA,22097,St. Landry,549300249G20MDIDRR27,,18,3,1,0.3,16,2,0,0,0,3,0,0,0,0,national
2025,LA,22097,St. Landry,54930082VCNY40XPOB62,,3,3,0,0.3,3,0,0,0,0,3,0,0,0,0,national
2025,LA,22097,St. Landry,5493008NWHQT1R22C024,"AMERICAN FINANCIAL NETWORK, INC.",4,3,0,0.3,0,2,2,0,0,0,2,1,0,0,national
2025,LA,22097,St. Landry,54930091JQKCU3Z6IP44,,7,3,1,0.3,7,0,0,0,0,3,0,0,0,0,national
2025,LA,22097,St. Landry,549300E2UX99HKDBR481,"NEW AMERICAN FUNDING, LLC",22,3,5,0.3,9,12,0,1,0,2,1,0,0,0,national
2025,LA,22097,St. Landry,549300FFVDRROF85IC57,,36,3,30,0.3,36,0,0,0,0,3,0,0,0,0,national
2025,LA,22097,St. Landry,549300MZ8VZJOVC63092,"KIND LENDING, LLC",7,3,3,0.3,2,4,1,0,0,0,2,1,0,0,national
2025,LA,22097,St. Landry,549300PIL8LFAQ04XC20,Better Mortgage Corporation,7,3,2,0.3,7,0,0,0,0,3,0,0,0,0,national
2025,LA,22097,St. Landry,549300PQLK8E48ILXV41,,5,3,2,0.3,5,0,0,0,0,3,0,0,0,0,national
2025,LA,22097,St. Landry,549300Q3ROEQU3D1IW91,,79,3,71,0.3,79,0,0,0,0,3,0,0,0,0,national
2025,LA,22097,St. Landry,549300T7HRS5DVBUPQ06,,3,3,0,0.3,1,0,2,0,0,1,0,2,0,0,national
2025,LA,22097,St. Landry,549300UG7QXKM7KGV847,,3,3,0,0.3,3,0,0,0,0,3,0,0,0,0,national
2025,LA,22097,St. Landry,549300VCMRO4ST680C11,VILLAGE CAPITAL & INVESTMENT LLC,12,3,5,0.3,0,4,8,0,0,0,0,3,0,0,national
2025,LA,22097,St. Landry,549300VORTI31GZTJL53,"CARDINAL FINANCIAL COMPANY, LIMITED PARTNERSHIP",4,3,0,0.3,1,3,0,0,0,1,2,0,0,0,national
2025,LA,22097,St. Landry,549300YIQ7S7Z8PIHE53,AMERISAVE MORTGAGE CORPORATION,32,3,23,0.3,16,11,5,0,0,3,0,0,0,0,national
2025,LA,22097,St. Landry,B4TYDEB6GKMZO031MB27,"Bank of America, National Association",12,3,6,0.3,12,0,0,0,0,3,0,0,0,0,national
2025,LA,22097,St. Landry,EQTWLK1G7ODGC2MGLV11,Regions Bank,7,3,3,0.3,7,0,0,0,0,3,0,0,0,0,national
2025,LA,22097,St. Landry,KB1H1DSPRFMYMCUFXT09,"Wells Fargo Bank, National Association",4,3,1,0.3,4,0,0,0,0,3,0,0,0,0,national
2025,LA,22097,St. Landry,Q7C315HKI8VX0SSKBS64,Cadence Bank,7,3,4,0.3,6,1,0,0,0,3,0,0,0,0,national
2025,LA,22097,St. Landry,254900ZFWS2106HWPH46,"PARAMOUNT RESIDENTIAL MORTGAGE GROUP, INC.",3,2,0,0.2,2,1,0,0,0,1,1,0,0,0,national
2025,LA,22097,St. Landry,549300121SF0K2LN2804,"PRIMELENDING, A PLAINSCAPITAL COMPANY",2,2,0,0.2,0,1,1,0,0,0,1,1,0,0,national
2025,LA,22097,St. Landry,5493001WHVQBGRSWEU75,"HOMEBRIDGE FINANCIAL SERVICES, INC.",5,2,2,0.2,4,1,0,0,0,2,0,0,0,0,national
2025,LA,22097,St. Landry,54930021WPEXNHYZUL09,"PLANET HOME LENDING, LLC",2,2,0,0.2,0,1,1,0,0,0,1,1,0,0,national
2025,LA,22097,St. Landry,5493006QG55R8V712J33,Red River Bank,3,2,1,0.2,3,0,0,0,0,2,0,0,0,0,national
2025,LA,22097,St. Landry,5493006RIR31ORKYB608,,2,2,0,0.2,2,0,0,0,0,2,0,0,0,0,national
2025,LA,22097,St. Landry,5493008ZTV4S0W9DCX64,,2,2,0,0.2,1,1,0,0,0,1,1,0,0,0,national
2025,LA,22097,St. Landry,549300CY7WNAHKHYSJ73,,2,2,0,0.2,0,2,0,0,0,0,2,0,0,0,national
2025,LA,22097,St. Landry,549300DD4R4SYK5RAQ92,"MOVEMENT MORTGAGE, LLC",2,2,0,0.2,1,1,0,0,0,1,1,0,0,0,national
2025,LA,22097,St. Landry,549300G8SAGXEDF5FK39,,2,2,0,0.2,2,0,0,0,0,2,0,0,0,0,national
2025,LA,22097,St. Landry,549300I1HK1BBZLKOB84,,4,2,1,0.2,4,0,0,0,0,2,0,0,0,0,national
2025,LA,22097,St. Landry,549300IJO7NO6VDZPD35,,4,2,2,0.2,1,1,1,1,0,0,1,1,0,0,national
2025,LA,22097,St. Landry,549300M03EN3OQEDU087,,3,2,1,0.2,2,1,0,0,0,1,1,0,0,0,national
2025,LA,22097,St. Landry,549300NOCASXPA34X033,"LAKEVIEW LOAN SERVICING, LLC",13,2,8,0.2,6,7,0,0,0,2,0,0,0,0,national
2025,LA,22097,St. Landry,549300U18MOAH5F95P15,EFCU FINANCIAL,4,2,0,0.2,4,0,0,0,0,2,0,0,0,0,national
2025,LA,22097,St. Landry,549300UR5AOWTJJ7KZ64,,2,2,0,0.2,2,0,0,0,0,2,0,0,0,0,national
2025,LA,22097,St. Landry,549300V1ZDKDQXFW3339,,2,2,0,0.2,2,0,0,0,0,2,0,0,0,0,national
2025,LA,22097,St. Landry,549300XED7IBK9VVQH70,"PIKE CREEK MORTGAGE SERVICES, INC.",3,2,0,0.2,2,0,0,1,0,1,0,0,1,0,national
2025,LA,22097,St. Landry,549300YBDQ281GX1LB13,,5,2,3,0.2,5,0,0,0,0,2,0,0,0,0,national
2025,LA,22097,St. Landry,C398JSK21YCXWM603F55,"Barrington Bank & Trust Company, National Association",4,2,0,0.2,1,0,3,0,0,0,0,2,0,0,national
2025,LA,22097,St. Landry,213800XR2TCBQJSF1X93,,3,1,1,0.1,3,0,0,0,0,1,0,0,0,0,national
2025,LA,22097,St. Landry,2549001SI0EMFPT39035,"Cornerstone First Mortgage, Inc",1,1,0,0.1,1,0,0,0,0,1,0,0,0,0,national
2025,LA,22097,St. Landry,2549004FXPNKCLIN8250,"Synergy One Lending, Inc.",1,1,0,0.1,0,1,0,0,0,0,1,0,0,0,national
2025,LA,22097,St. Landry,2549005SIVTHG14U2905,A&D Mortgage LLC,2,1,0,0.1,2,0,0,0,0,1,0,0,0,0,national
2025,LA,22097,St. Landry,254900FBWEZ3YUPOBN33,,1,1,0,0.1,1,0,0,0,0,1,0,0,0,0,national
2025,LA,22097,St. Landry,254900GNK8YXIZQ6LW40,,1,1,0,0.1,0,1,0,0,0,0,1,0,0,0,national
2025,LA,22097,St. Landry,254900M2C4Q6DATP2889,,4,1,2,0.1,0,2,2,0,0,0,1,0,0,0,national
2025,LA,22097,St. Landry,254900U5VN6O84EWQL12,,1,1,0,0.1,1,0,0,0,0,1,0,0,0,0,national
2025,LA,22097,St. Landry,254900UL88QFG0E40516,FIGURE LENDING LLC,6,1,3,0.1,6,0,0,0,0,1,0,0,0,0,national
2025,LA,22097,St. Landry,254900WT4HAMDFWH3048,,1,1,0,0.1,0,1,0,0,0,0,1,0,0,0,national
2025,LA,22097,St. Landry,5493000IIYWBLONJVJ30,,1,1,0,0.1,1,0,0,0,0,1,0,0,0,0,national
2025,LA,22097,St. Landry,5493002F9OWLKRICTY67,STANDARD MORTGAGE CORPORATION,2,1,1,0.1,2,0,0,0,0,1,0,0,0,0,national
2025,LA,22097,St. Landry,5493002RF1ERFA2XR050,Renasant Bank,1,1,0,0.1,1,0,0,0,0,1,0,0,0,0,national
2025,LA,22097,St. Landry,54930030Z1JWTP3SVD16,,2,1,0,0.1,0,2,0,0,0,0,1,0,0,0,national
2025,LA,22097,St. Landry,549300323EON4W3CCM44,"RESICENTRAL, LLC",1,1,0,0.1,0,1,0,0,0,0,1,0,0,0,national
2025,LA,22097,St. Landry,549300370QILXLFUWD20,"ZILLOW HOME LOANS, LLC",1,1,0,0.1,0,1,0,0,0,0,1,0,0,0,national
2025,LA,22097,St. Landry,54930045EHC4UJU3BP73,,1,1,0,0.1,1,0,0,0,0,1,0,0,0,0,national
2025,LA,22097,St. Landry,5493004AS1SPBQOFDR49,"Change Lending, LLC",1,1,0,0.1,1,0,0,0,0,1,0,0,0,0,national
2025,LA,22097,St. Landry,5493005EWJNDWPLNG328,,1,1,0,0.1,1,0,0,0,0,1,0,0,0,0,national
2025,LA,22097,St. Landry,549300684I276INJKK63,,1,1,0,0.1,1,0,0,0,0,1,0,0,0,0,national
2025,LA,22097,St. Landry,5493006VAGP3GQ8FJT49,"Kiavi Funding, Inc.",1,1,0,0.1,1,0,0,0,0,1,0,0,0,0,national
2025,LA,22097,St. Landry,5493009XSE00M8B9R434,,5,1,2,0.1,5,0,0,0,0,1,0,0,0,0,national
2025,LA,22097,St. Landry,549300A5HHOL2ED18C72,,2,1,0,0.1,1,1,0,0,0,1,0,0,0,0,national
2025,LA,22097,St. Landry,549300BLL6VL7AXWYP56,,1,1,0,0.1,1,0,0,0,0,1,0,0,0,0,national
2025,LA,22097,St. Landry,549300J24Z0NH1T4DR15,,1,1,0,0.1,1,0,0,0,0,1,0,0,0,0,national
2025,LA,22097,St. Landry,549300KJ8PAJ7E52HG32,Plains Commerce Bank,1,1,0,0.1,1,0,0,0,0,1,0,0,0,0,national
2025,LA,22097,St. Landry,549300L0RZ1NED0NV967,,1,1,0,0.1,1,0,0,0,0,1,0,0,0,0,national
2025,LA,22097,St. Landry,549300LLQD0X2OTG0Y27,,4,1,2,0.1,0,4,0,0,0,0,1,0,0,0,national
2025,LA,22097,St. Landry,549300MVSM4XYFQL3X62,BARKSDALE,3,1,0,0.1,3,0,0,0,0,1,0,0,0,0,national
2025,LA,22097,St. Landry,549300MZ53GGF2499G54,,2,1,0,0.1,2,0,0,0,0,1,0,0,0,0,national
2025,LA,22097,St. Landry,549300PJ2WT35S77Q208,,2,1,1,0.1,0,1,0,1,0,0,0,0,1,0,national
2025,LA,22097,St. Landry,549300PL267CW8182203,,1,1,0,0.1,0,0,1,0,0,0,0,1,0,0,national
2025,LA,22097,St. Landry,549300Q2Y7B8UEC43S54,,1,1,0,0.1,1,0,0,0,0,1,0,0,0,0,national
2025,LA,22097,St. Landry,549300SK2GVCQXPD4S58,"SUN WEST MORTGAGE COMPANY, INC.",4,1,0,0.1,1,1,2,0,0,0,0,1,0,0,national
2025,LA,22097,St. Landry,549300TA4MQM8WN2XG31,,1,1,0,0.1,1,0,0,0,0,1,0,0,0,0,national
2025,LA,22097,St. Landry,549300VQUTI5IU7GXT57,SECURITYNATIONAL MORTGAGE COMPANY,1,1,0,0.1,1,0,0,0,0,1,0,0,0,0,national
2025,LA,22097,St. Landry,549300W76QLF060CER73,,1,1,0,0.1,1,0,0,0,0,1,0,0,0,0,national
2025,LA,22097,St. Landry,549300XWUSRVVOHPRY47,Academy Mortgage Corporation,1,1,0,0.1,1,0,0,0,0,1,0,0,0,0,national
2025,LA,22097,St. Landry,549300YW2UBCMDRMBT48,,1,1,0,0.1,0,1,0,0,0,0,1,0,0,0,national
2025,LA,22097,St. Landry,549300Z78KW88BIQNR50,First American Bank and Trust,1,1,0,0.1,1,0,0,0,0,1,0,0,0,0,national
2025,LA,22097,St. Landry,549300ZPSJZO10ZAX556,"AMERICAN HERITAGE LENDING, LLC",2,1,0,0.1,2,0,0,0,0,1,0,0,0,0,national
2025,LA,22097,St. Landry,9845006EEFF0EDFA9E57,,1,1,0,0.1,1,0,0,0,0,1,0,0,0,0,national
2025,LA,22097,St. Landry,D8RBTOL3JO2Q6IEO0F34,Origin Bank,1,1,0,0.1,1,0,0,0,0,1,0,0,0,0,national
2025,LA,22097,St. Landry,Q708HHR4LD2B7XIZNO92,First Federal Bank,2,1,0,0.1,2,0,0,0,0,1,0,0,0,0,national
2025,LA,22097,St. Landry,SS1TRMSN6BRNMOREEV51,"Flagstar Bank, National Association",1,1,0,0.1,0,1,0,0,0,0,1,0,0,0,national
2025,LA,22097,St. Landry,549300SUCQ1358EGVE89,"NEW DAY FINANCIAL, LLC",14,0,3,0.0,0,1,13,0,0,0,0,0,0,0,national
2025,LA,22097,St. Landry,6BYL5QZYBDK8S7L73M02,U.S. Bank National Association,5,0,5,0.0,5,0,0,0,0,0,0,0,0,0,national
2025,LA,22097,St. Landry,C5654JQHZUHN0772B561,USAA Federal Savings Bank,6,0,4,0.0,2,0,4,0,0,0,0,0,0,0,national
2025,LA,22097,St. Landry,X05BVSK68TQ7YTOSNR22,Discover Bank,8,0,5,0.0,8,0,0,0,0,0,0,0,0,0,national
2025,LA,22103,St. Tammany,549300MCPCNPQAOB4032,GMFS LLC,464,354,4,6.26,335,72,29,28,0,249,61,24,20,0,national
2025,LA,22103,St. Tammany,549300FGXN1K3HLB1R50,"Rocket Mortgage, LLC",475,295,119,5.22,336,85,54,0,0,209,53,33,0,0,national
2025,LA,22103,St. Tammany,549300HW662MN1WU8550,"United Wholesale Mortgage, LLC",351,238,52,4.21,152,105,91,3,0,104,68,64,2,0,national
2025,LA,22103,St. Tammany,5493008RSN6F31BTGT93,Gulf Coast Bank and Trust Company,295,219,30,3.87,232,41,19,3,0,172,31,14,2,0,national
2025,LA,22103,St. Tammany,NSGZD26XPW2CUM2JKU70,HANCOCK WHITNEY BANK,338,218,69,3.86,321,12,3,2,0,208,5,3,2,0,national
2025,LA,22103,St. Tammany,5493001F7QT2YW3K8D98,"DSLD MORTGAGE, LLC",278,200,6,3.54,126,86,49,17,0,87,63,39,11,0,national
2025,LA,22103,St. Tammany,549300LE3ZOZXUS7W648,FIDELITY BANK,300,192,44,3.4,244,38,15,3,0,152,24,14,2,0,national
2025,LA,22103,St. Tammany,5493001SXWZ4OFP8Z903,"DHI MORTGAGE COMPANY, LTD.",269,162,61,2.87,26,160,59,24,0,10,89,45,18,0,national
2025,LA,22103,St. Tammany,254900YPPMV9UM5FUW09,,206,142,4,2.51,147,31,24,4,0,98,23,17,4,0,national
2025,LA,22103,St. Tammany,549300DG3IV05V4C4E03,EUSTIS MORTGAGE CORPORATION,181,138,4,2.44,96,56,20,9,0,76,41,15,6,0,national
2025,LA,22103,St. Tammany,5493003GQDUH26DNNH17,Navy Federal Credit Union,281,130,58,2.3,178,0,103,0,0,78,0,52,0,0,national
2025,LA,22103,St. Tammany,549300DD4R4SYK5RAQ92,"MOVEMENT MORTGAGE, LLC",158,123,3,2.18,99,43,14,2,0,80,31,11,1,0,national
2025,LA,22103,St. Tammany,EQTWLK1G7ODGC2MGLV11,Regions Bank,266,123,108,2.18,260,5,1,0,0,121,2,0,0,0,national
2025,LA,22103,St. Tammany,549300VZVN841I2ILS84,"CROSSCOUNTRY MORTGAGE, LLC",172,112,9,1.98,79,66,15,12,0,51,43,9,9,0,national
2025,LA,22103,St. Tammany,RVDPPPGHCGZ40J4VQ731,"PENNYMAC LOAN SERVICES, LLC",220,110,27,1.95,100,67,51,2,0,52,32,25,1,0,national
2025,LA,22103,St. Tammany,COOWI3L2W9TPYR3WJX37,First Horizon Bank,146,108,18,1.91,123,13,6,4,0,90,10,5,3,0,national
2025,LA,22103,St. Tammany,549300LYRWPSYPK6S325,FREEDOM MORTGAGE CORPORATION,232,102,20,1.8,10,109,113,0,0,3,44,55,0,0,national
2025,LA,22103,St. Tammany,549300DD5QQUHO6PCH70,"MORTGAGE RESEARCH CENTER, LLC",201,99,39,1.75,9,9,182,1,0,5,4,90,0,0,national
2025,LA,22103,St. Tammany,549300AG64NHILB7ZP05,"LOANDEPOT.COM, LLC",146,96,28,1.7,97,36,13,0,0,61,25,10,0,0,national
2025,LA,22103,St. Tammany,549300121SF0K2LN2804,"PRIMELENDING, A PLAINSCAPITAL COMPANY",125,93,12,1.64,73,37,12,3,0,56,25,9,3,0,national
2025,LA,22103,St. Tammany,549300OMHGOGEWTCI138,,97,92,1,1.63,97,0,0,0,0,92,0,0,0,0,national
2025,LA,22103,St. Tammany,7H6GLXDRUGQFU57RNE97,"JPMorgan Chase Bank, National Association",162,91,29,1.61,147,12,3,0,0,84,5,2,0,0,national
2025,LA,22103,St. Tammany,549300M03EN3OQEDU087,,220,86,102,1.52,197,10,11,2,0,74,4,7,1,0,national
2025,LA,22103,St. Tammany,549300FNXYY540N23N64,Newrez LLC,191,73,35,1.29,116,44,24,7,0,41,14,11,7,0,national
2025,LA,22103,St. Tammany,549300E2UX99HKDBR481,"NEW AMERICAN FUNDING, LLC",157,72,21,1.27,84,55,17,1,0,45,19,7,1,0,national
2025,LA,22103,St. Tammany,5493002F9OWLKRICTY67,STANDARD MORTGAGE CORPORATION,117,66,15,1.17,84,23,8,2,0,52,8,5,1,0,national
2025,LA,22103,St. Tammany,549300LBCBNR1OT00651,NATIONSTAR MORTGAGE LLC,103,66,12,1.17,88,9,6,0,0,57,6,3,0,0,national
2025,LA,22103,St. Tammany,254900ZKVJDEYHV22276,OnPath Federal Credit Union,70,65,5,1.15,70,0,0,0,0,65,0,0,0,0,national
2025,LA,22103,St. Tammany,549300VORTI31GZTJL53,"CARDINAL FINANCIAL COMPANY, LIMITED PARTNERSHIP",59,45,5,0.8,33,22,4,0,0,27,15,3,0,0,national
2025,LA,22103,St. Tammany,5493001GDRY0EL7VG372,"ARK-LA-TEX FINANCIAL SERVICES, LLC.",51,44,0,0.78,28,14,2,7,0,24,12,2,6,0,national
2025,LA,22103,St. Tammany,549300OPCWU6E72WUT29,"MUTUAL OF OMAHA MORTGAGE, INC.",74,42,8,0.74,25,30,19,0,0,15,19,8,0,0,national
2025,LA,22103,St. Tammany,549300EI8WIPSALARU71,,47,41,2,0.73,46,1,0,0,0,41,0,0,0,0,national
2025,LA,22103,St. Tammany,549300PQLK8E48ILXV41,,63,40,12,0.71,60,3,0,0,0,40,0,0,0,0,national
2025,LA,22103,St. Tammany,2549004FXPNKCLIN8250,"Synergy One Lending, Inc.",48,39,4,0.69,24,19,3,2,0,21,13,3,2,0,national
2025,LA,22103,St. Tammany,549300SFG15JDKI5MD22,,46,38,3,0.67,44,2,0,0,0,38,0,0,0,0,national
2025,LA,22103,St. Tammany,549300VVH8HHFMWL8536,,48,36,4,0.64,48,0,0,0,0,36,0,0,0,0,national
2025,LA,22103,St. Tammany,5493001GCBD5XGNIC815,Coastal Community Bank,140,35,0,0.62,140,0,0,0,0,35,0,0,0,0,national
2025,LA,22103,St. Tammany,549300ESV371MYVWQV54,,45,35,1,0.62,45,0,0,0,0,35,0,0,0,0,national
2025,LA,22103,St. Tammany,54930049L5WINET09Q97,"CLICK N' CLOSE, INC.",54,34,3,0.6,29,20,4,1,0,19,12,3,0,0,national
2025,LA,22103,St. Tammany,549300GTVXJ2PGXNLM73,T2 FINANCIAL LLC,49,33,7,0.58,19,28,1,1,0,11,20,1,1,0,national
2025,LA,22103,St. Tammany,549300Z78KW88BIQNR50,First American Bank and Trust,43,32,7,0.57,43,0,0,0,0,32,0,0,0,0,national
2025,LA,22103,St. Tammany,B4TYDEB6GKMZO031MB27,"Bank of America, National Association",74,31,24,0.55,73,1,0,0,0,31,0,0,0,0,national
2025,LA,22103,St. Tammany,549300K4ZLGS7SRDTL86,Equity Prime Mortgage LLC,63,30,3,0.53,2,29,14,18,0,1,16,3,10,0,national
2025,LA,22103,St. Tammany,549300PIL8LFAQ04XC20,Better Mortgage Corporation,109,30,58,0.53,109,0,0,0,0,30,0,0,0,0,national
2025,LA,22103,St. Tammany,549300Y5Y88FQLI7VE83,DEEPHAVEN MORTGAGE LLC,37,30,5,0.53,37,0,0,0,0,30,0,0,0,0,national
2025,LA,22103,St. Tammany,254900UL88QFG0E40516,FIGURE LENDING LLC,65,28,17,0.5,65,0,0,0,0,28,0,0,0,0,national
2025,LA,22103,St. Tammany,549300U3721PJGQZYY68,"GUARANTEED RATE, INC.",57,28,5,0.5,28,17,12,0,0,14,8,6,0,0,national
2025,LA,22103,St. Tammany,5493008NWHQT1R22C024,"AMERICAN FINANCIAL NETWORK, INC.",37,24,5,0.42,6,20,7,4,0,1,14,6,3,0,national
2025,LA,22103,St. Tammany,549300R7HGHP2I754087,TOWNE MORTGAGE COMPANY,25,23,0,0.41,4,10,5,6,0,4,9,5,5,0,national
2025,LA,22103,St. Tammany,549300R9S3MVDV4MGF56,"CARRINGTON MORTGAGE SERVICES, LLC",97,23,50,0.41,35,46,15,1,0,9,12,2,0,0,national
2025,LA,22103,St. Tammany,549300GKFNPRWNS0GF29,"AmeriHome Mortgage Company, LLC",30,20,3,0.35,15,4,5,6,0,13,1,3,3,0,national
2025,LA,22103,St. Tammany,54930021WPEXNHYZUL09,"PLANET HOME LENDING, LLC",21,19,1,0.34,3,12,5,1,0,3,10,5,1,0,national
2025,LA,22103,St. Tammany,5493003SOHU5A9BPKB06,,26,19,2,0.34,26,0,0,0,0,19,0,0,0,0,national
2025,LA,22103,St. Tammany,5493006QG55R8V712J33,Red River Bank,41,19,18,0.34,24,17,0,0,0,16,3,0,0,0,national
2025,LA,22103,St. Tammany,549300RPOGWJRH63HS39,UNION HOME MORTGAGE CORP.,27,19,3,0.34,23,3,1,0,0,17,1,1,0,0,national
2025,LA,22103,St. Tammany,5493008VVXQIDO1EZ460,"SUMMIT FUNDING, INC.",26,18,0,0.32,15,7,3,1,0,8,6,3,1,0,national
2025,LA,22103,St. Tammany,549300GS0W0TEUQS8571,"Morgan Stanley Private Bank, National Association",23,18,0,0.32,23,0,0,0,0,18,0,0,0,0,national
2025,LA,22103,St. Tammany,549300NOCASXPA34X033,"LAKEVIEW LOAN SERVICING, LLC",62,18,28,0.32,26,27,9,0,0,5,9,4,0,0,national
2025,LA,22103,St. Tammany,25490066WMF8ZMQXQB18,"Lendage, LLC",20,17,1,0.3,20,0,0,0,0,17,0,0,0,0,national
2025,LA,22103,St. Tammany,254900DTLHVWQ7NP7R34,"CMG Mortgage, Inc.",21,17,0,0.3,21,0,0,0,0,17,0,0,0,0,national
2025,LA,22103,St. Tammany,Q7C315HKI8VX0SSKBS64,Cadence Bank,21,17,2,0.3,20,0,1,0,0,16,0,1,0,0,national
2025,LA,22103,St. Tammany,5493007CXTOHZ2JBEJ61,"THE MORTGAGE FIRM, INC.",21,16,0,0.28,18,2,0,1,0,13,2,0,1,0,national
2025,LA,22103,St. Tammany,549300OEQLAPVDI0LD92,,21,16,3,0.28,21,0,0,0,0,16,0,0,0,0,national
2025,LA,22103,St. Tammany,5493002RF1ERFA2XR050,Renasant Bank,26,15,5,0.27,23,2,0,1,0,14,0,0,1,0,national
2025,LA,22103,St. Tammany,549300MZ8VZJOVC63092,"KIND LENDING, LLC",20,15,4,0.27,7,3,7,3,0,5,3,5,2,0,national
2025,LA,22103,St. Tammany,6BYL5QZYBDK8S7L73M02,U.S. Bank National Association,33,15,13,0.27,31,2,0,0,0,13,2,0,0,0,national
2025,LA,22103,St. Tammany,X05BVSK68TQ7YTOSNR22,Discover Bank,88,15,54,0.27,88,0,0,0,0,15,0,0,0,0,national
2025,LA,22103,St. Tammany,254900ZX1UPIG2E7TH11,"ASSURANCE FINANCIAL GROUP, L.L.C.",24,14,3,0.25,11,8,3,2,0,5,5,3,1,0,national
2025,LA,22103,St. Tammany,54930039UO39UJGI7078,TowneBank,21,14,1,0.25,14,4,3,0,0,8,4,2,0,0,national
2025,LA,22103,St. Tammany,54930045J8O98TUGTW86,b1BANK,19,14,2,0.25,19,0,0,0,0,14,0,0,0,0,national
2025,LA,22103,St. Tammany,54930054ET8KM4O1D485,"SOFI BANK, NATIONAL ASSOCIATION",54,14,3,0.25,52,2,0,0,0,13,1,0,0,0,national
2025,LA,22103,St. Tammany,PINLJ7T7GLTF48NFP863,,20,14,0,0.25,20,0,0,0,0,14,0,0,0,0,national
2025,LA,22103,St. Tammany,549300II7Y8V2KY9TM28,,22,13,2,0.23,22,0,0,0,0,13,0,0,0,0,national
2025,LA,22103,St. Tammany,549300K3SVNVK97FCP36,,20,13,2,0.23,19,1,0,0,0,13,0,0,0,0,national
2025,LA,22103,St. Tammany,KB1H1DSPRFMYMCUFXT09,"Wells Fargo Bank, National Association",25,13,6,0.23,22,3,0,0,0,12,1,0,0,0,national
2025,LA,22103,St. Tammany,5493000YNV8IX4VD3X12,"VANDERBILT MORTGAGE AND FINANCE, INC.",145,12,61,0.21,145,0,0,0,0,12,0,0,0,0,national
2025,LA,22103,St. Tammany,549300Q3ROEQU3D1IW91,,56,12,39,0.21,56,0,0,0,0,12,0,0,0,0,national
2025,LA,22103,St. Tammany,549300YIQ7S7Z8PIHE53,AMERISAVE MORTGAGE CORPORATION,86,12,66,0.21,46,33,7,0,0,11,1,0,0,0,national
2025,LA,22103,St. Tammany,5493006GFSNOUCCL1W91,,14,11,1,0.19,14,0,0,0,0,11,0,0,0,0,national
2025,LA,22103,St. Tammany,549300CB67L6KPJLHE19,"TRIAD FINANCIAL SERVICES, INC.",58,11,30,0.19,58,0,0,0,0,11,0,0,0,0,national
2025,LA,22103,St. Tammany,549300J6N77Q8OHYNF23,,17,11,1,0.19,15,0,2,0,0,9,0,2,0,0,national
2025,LA,22103,St. Tammany,2549001SI0EMFPT39035,"Cornerstone First Mortgage, Inc",15,10,2,0.18,9,3,2,1,0,6,3,1,0,0,national
2025,LA,22103,St. Tammany,5493001WHVQBGRSWEU75,"HOMEBRIDGE FINANCIAL SERVICES, INC.",19,10,4,0.18,16,2,0,1,0,9,1,0,0,0,national
2025,LA,22103,St. Tammany,549300G8SAGXEDF5FK39,,14,10,0,0.18,14,0,0,0,0,10,0,0,0,0,national
2025,LA,22103,St. Tammany,549300MUEGVFZ2155D91,,14,10,0,0.18,14,0,0,0,0,10,0,0,0,0,national
2025,LA,22103,St. Tammany,254900HA4DQWAE0W3342,"AMERIHOME MORTGAGE COMPANY, LLC",15,9,0,0.16,2,13,0,0,0,1,8,0,0,0,national
2025,LA,22103,St. Tammany,254900TG14TB8RKS3U42,,18,9,1,0.16,13,5,0,0,0,7,2,0,0,0,national
2025,LA,22103,St. Tammany,549300LROQOOQU77WS20,,13,9,0,0.16,12,1,0,0,0,9,0,0,0,0,national
2025,LA,22103,St. Tammany,549300PFJ7GCGDLB2E65,,14,9,0,0.16,6,7,0,1,0,5,4,0,0,0,national
2025,LA,22103,St. Tammany,549300RN01LBYR8ZVX74,"LOWER, LLC",15,9,2,0.16,3,7,5,0,0,2,3,4,0,0,national
2025,LA,22103,St. Tammany,549300U18MOAH5F95P15,EFCU FINANCIAL,13,9,3,0.16,13,0,0,0,0,9,0,0,0,0,national
2025,LA,22103,St. Tammany,549300XWUSRVVOHPRY47,Academy Mortgage Corporation,11,9,0,0.16,9,1,1,0,0,7,1,1,0,0,national
2025,LA,22103,St. Tammany,25490058TX0QV62WQ461,,19,8,6,0.14,19,0,0,0,0,8,0,0,0,0,national
2025,LA,22103,St. Tammany,5493002B2WMHY23GFK92,"AMERICAN FINANCIAL RESOURCES, INC.",12,8,1,0.14,4,5,2,1,0,2,4,2,0,0,national
2025,LA,22103,St. Tammany,5493003JBN8UEVOU8O42,,16,8,4,0.14,16,0,0,0,0,8,0,0,0,0,national
2025,LA,22103,St. Tammany,5493004AS1SPBQOFDR49,"Change Lending, LLC",8,8,0,0.14,8,0,0,0,0,8,0,0,0,0,national
2025,LA,22103,St. Tammany,5493006P5IHSK77SZ855,,12,8,0,0.14,0,11,1,0,0,0,7,1,0,0,national
2025,LA,22103,St. Tammany,549300R0SXC1JU7ZU290,"FIRST COMMUNITY MORTGAGE, INC.",10,8,0,0.14,3,4,0,3,0,3,3,0,2,0,national
2025,LA,22103,St. Tammany,549300TA4MQM8WN2XG31,,11,8,0,0.14,11,0,0,0,0,8,0,0,0,0,national
2025,LA,22103,St. Tammany,C5654JQHZUHN0772B561,USAA Federal Savings Bank,22,8,7,0.14,4,0,18,0,0,0,0,8,0,0,national
2025,LA,22103,St. Tammany,254900WTZC5SSKIN2M11,,9,7,1,0.12,9,0,0,0,0,7,0,0,0,0,national
2025,LA,22103,St. Tammany,549300BX448ALT10FI43,The Federal Savings Bank,22,7,2,0.12,1,3,18,0,0,1,1,5,0,0,national
2025,LA,22103,St. Tammany,549300FX7K8PTEQUU487,PENTAGON FEDERAL CREDIT UNION,18,7,7,0.12,17,0,1,0,0,6,0,1,0,0,national
2025,LA,22103,St. Tammany,549300JXWG67QZF4I652,,11,7,1,0.12,11,0,0,0,0,7,0,0,0,0,national
2025,LA,22103,St. Tammany,549300JYXTZDSPJEPI44,"PLAZA HOME MORTGAGE, INC.",11,7,1,0.12,4,4,3,0,0,2,2,3,0,0,national
2025,LA,22103,St. Tammany,549300OJTK0IPSNDA832,,11,7,4,0.12,10,0,0,1,0,6,0,0,1,0,national
2025,LA,22103,St. Tammany,549300XQVJ1XBNFA5536,21ST MORTGAGE CORPORATION,73,7,40,0.12,73,0,0,0,0,7,0,0,0,0,national
2025,LA,22103,St. Tammany,549300XY701IELCE5Q08,BETTER MORTGAGE CORPORATION,23,7,4,0.12,20,3,0,0,0,7,0,0,0,0,national
2025,LA,22103,St. Tammany,AD6GFRVSDT01YPT1CS68,"PNC Bank, National Association",9,7,0,0.12,7,0,2,0,0,5,0,2,0,0,national
2025,LA,22103,St. Tammany,549300AQ3T62GXDU7D76,GUILD MORTGAGE COMPANY LLC,14,6,1,0.11,5,9,0,0,0,2,4,0,0,0,national
2025,LA,22103,St. Tammany,549300SUCQ1358EGVE89,"NEW DAY FINANCIAL, LLC",55,6,11,0.11,0,5,50,0,0,0,0,6,0,0,national
2025,LA,22103,St. Tammany,Q708HHR4LD2B7XIZNO92,First Federal Bank,8,6,1,0.11,4,1,3,0,0,2,1,3,0,0,national
2025,LA,22103,St. Tammany,254900IEGKUDRDS23V26,,10,5,0,0.09,10,0,0,0,0,5,0,0,0,0,national
2025,LA,22103,St. Tammany,254900ZFWS2106HWPH46,"PARAMOUNT RESIDENTIAL MORTGAGE GROUP, INC.",9,5,0,0.09,1,2,3,3,0,1,1,1,2,0,national
2025,LA,22103,St. Tammany,5493001XKL0FTNOJ0866,,7,5,0,0.09,4,2,0,1,0,3,1,0,1,0,national
2025,LA,22103,St. Tammany,54930052M48FOD3CWA54,"PRIMARY RESIDENTIAL MORTGAGE, INC.",8,5,0,0.09,3,1,2,2,0,2,0,1,2,0,national
2025,LA,22103,St. Tammany,549300MGPZBLQDIL7538,FAIRWAY INDEPENDENT MORTGAGE CORPORATION,7,5,0,0.09,2,3,2,0,0,1,2,2,0,0,national
2025,LA,22103,St. Tammany,549300PBTV7FCWLSMM53,,13,5,0,0.09,2,6,5,0,0,1,2,2,0,0,national
2025,LA,22103,St. Tammany,549300Q50XCC0473FG63,,11,5,4,0.09,11,0,0,0,0,5,0,0,0,0,national
2025,LA,22103,St. Tammany,213800XR2TCBQJSF1X93,,7,4,1,0.07,6,0,1,0,0,3,0,1,0,0,national
2025,LA,22103,St. Tammany,254900E6AIE4Z8YQM970,Citadel Servicing Corporation,5,4,0,0.07,5,0,0,0,0,4,0,0,0,0,national
2025,LA,22103,St. Tammany,254900RM3T6WAVE6SA24,,4,4,0,0.07,4,0,0,0,0,4,0,0,0,0,national
2025,LA,22103,St. Tammany,5493001P1J1K386Q4G58,,5,4,0,0.07,5,0,0,0,0,4,0,0,0,0,national
2025,LA,22103,St. Tammany,54930027GUR70U427Y19,,4,4,0,0.07,4,0,0,0,0,4,0,0,0,0,national
2025,LA,22103,St. Tammany,5493002TJKC8NLH1ZP82,,6,4,0,0.07,2,2,2,0,0,1,2,1,0,0,national
2025,LA,22103,St. Tammany,549300370QILXLFUWD20,"ZILLOW HOME LOANS, LLC",7,4,1,0.07,3,4,0,0,0,2,2,0,0,0,national
2025,LA,22103,St. Tammany,5493008Q3XBC7O0Q4X02,,7,4,3,0.07,5,2,0,0,0,3,1,0,0,0,national
2025,LA,22103,St. Tammany,549300ALNLUNS3Y53T24,AMERICAN FINANCING CORPORATION,21,4,11,0.07,6,14,1,0,0,2,2,0,0,0,national
2025,LA,22103,St. Tammany,549300B1HO0P8G3WYQ31,,4,4,0,0.07,4,0,0,0,0,4,0,0,0,0,national
2025,LA,22103,St. Tammany,549300KQHWNSVCE2MY88,,6,4,0,0.07,2,2,2,0,0,2,1,1,0,0,national
2025,LA,22103,St. Tammany,549300KSOOZZVXCMA627,ANGEL OAK MORTGAGE SOLUTIONS LLC,4,4,0,0.07,4,0,0,0,0,4,0,0,0,0,national
2025,LA,22103,St. Tammany,549300MHH03ICJYEPE85,,7,4,2,0.07,0,7,0,0,0,0,4,0,0,0,national
2025,LA,22103,St. Tammany,549300O0BQZ8YGYRA730,,7,4,0,0.07,7,0,0,0,0,4,0,0,0,0,national
2025,LA,22103,St. Tammany,549300PGV74J5SPHTG47,,5,4,0,0.07,5,0,0,0,0,4,0,0,0,0,national
2025,LA,22103,St. Tammany,549300QKL5FUBZ8LSF50,"NATIONS DIRECT MORTGAGE, LLC",7,4,0,0.07,0,7,0,0,0,0,4,0,0,0,national
2025,LA,22103,St. Tammany,549300RA3E0BUFO7YZ21,"Hometown Equity Mortgage, LLC",7,4,2,0.07,6,1,0,0,0,3,1,0,0,0,national
2025,LA,22103,St. Tammany,549300RFLICNI75BG067,Luminate Bank,5,4,0,0.07,0,5,0,0,0,0,4,0,0,0,national
2025,LA,22103,St. Tammany,549300SK2GVCQXPD4S58,"SUN WEST MORTGAGE COMPANY, INC.",10,4,1,0.07,1,6,2,1,0,1,2,1,0,0,national
2025,LA,22103,St. Tammany,549300UG7QXKM7KGV847,,9,4,1,0.07,7,1,1,0,0,4,0,0,0,0,national
2025,LA,22103,St. Tammany,549300V1ZDKDQXFW3339,,11,4,4,0.07,11,0,0,0,0,4,0,0,0,0,national
2025,LA,22103,St. Tammany,549300VCMRO4ST680C11,VILLAGE CAPITAL & INVESTMENT LLC,26,4,7,0.07,0,6,20,0,0,0,0,4,0,0,national
2025,LA,22103,St. Tammany,C398JSK21YCXWM603F55,"Barrington Bank & Trust Company, National Association",8,4,1,0.07,3,0,5,0,0,1,0,3,0,0,national
2025,LA,22103,St. Tammany,PAOOWF3GUFM46FBSP561,,7,4,0,0.07,5,0,2,0,0,3,0,1,0,0,national
2025,LA,22103,St. Tammany,54930030Z1JWTP3SVD16,,6,3,1,0.05,0,6,0,0,0,0,3,0,0,0,national
2025,LA,22103,St. Tammany,5493004U68X0X5LVHY72,,5,3,1,0.05,5,0,0,0,0,3,0,0,0,0,national
2025,LA,22103,St. Tammany,5493005PD34O8ZT7QT17,,3,3,0,0.05,3,0,0,0,0,3,0,0,0,0,national
2025,LA,22103,St. Tammany,5493009F6BJDCZMZ7Y26,,3,3,0,0.05,1,1,0,1,0,1,1,0,1,0,national
2025,LA,22103,St. Tammany,549300CPKDUJKREQRG38,,3,3,0,0.05,3,0,0,0,0,3,0,0,0,0,national
2025,LA,22103,St. Tammany,549300EMNDEK4BA8WB53,EMM LOANS LLC,4,3,0,0.05,1,2,1,0,0,1,1,1,0,0,national
2025,LA,22103,St. Tammany,549300G5DVGM0ZHRQC33,,3,3,0,0.05,0,0,3,0,0,0,0,3,0,0,national
2025,LA,22103,St. Tammany,549300KTR1JGH3K6LU06,FOURLEAF,4,3,0,0.05,4,0,0,0,0,3,0,0,0,0,national
2025,LA,22103,St. Tammany,549300PJ2WT35S77Q208,,4,3,1,0.05,1,2,0,1,0,1,1,0,1,0,national
2025,LA,22103,St. Tammany,549300S8SHBRCI7UU819,,3,3,0,0.05,3,0,0,0,0,3,0,0,0,0,national
2025,LA,22103,St. Tammany,549300YW2UBCMDRMBT48,,3,3,0,0.05,1,2,0,0,0,1,2,0,0,0,national
2025,LA,22103,St. Tammany,549300ZMSSTP768USP32,,4,3,0,0.05,3,1,0,0,0,2,1,0,0,0,national
2025,LA,22103,St. Tammany,549300ZWNETGFXTBBY03,"CANOPY MORTGAGE, LLC",7,3,0,0.05,7,0,0,0,0,3,0,0,0,0,national
2025,LA,22103,St. Tammany,984500P059VACEAAFA22,,6,3,1,0.05,1,5,0,0,0,1,2,0,0,0,national
2025,LA,22103,St. Tammany,SS1TRMSN6BRNMOREEV51,"Flagstar Bank, National Association",8,3,2,0.05,6,2,0,0,0,1,2,0,0,0,national
2025,LA,22103,St. Tammany,01J4SO3XTWZF4PP38209,Trustmark Bank,7,2,1,0.04,7,0,0,0,0,2,0,0,0,0,national
2025,LA,22103,St. Tammany,2549005SIVTHG14U2905,A&D Mortgage LLC,2,2,0,0.04,2,0,0,0,0,2,0,0,0,0,national
2025,LA,22103,St. Tammany,25490095CTOC97LRQD90,,4,2,0,0.04,4,0,0,0,0,2,0,0,0,0,national
2025,LA,22103,St. Tammany,254900BDGU9FU91PQA51,,2,2,0,0.04,2,0,0,0,0,2,0,0,0,0,national
2025,LA,22103,St. Tammany,254900CTT87ZKAUTIJ37,,2,2,0,0.04,2,0,0,0,0,2,0,0,0,0,national
2025,LA,22103,St. Tammany,254900FBWEZ3YUPOBN33,,2,2,0,0.04,2,0,0,0,0,2,0,0,0,0,national
2025,LA,22103,St. Tammany,254900HEJ9F73IMPX887,,7,2,1,0.04,7,0,0,0,0,2,0,0,0,0,national
2025,LA,22103,St. Tammany,254900RUCO27MVGTO768,LOAN FUNDER LLC,7,2,2,0.04,7,0,0,0,0,2,0,0,0,0,national
2025,LA,22103,St. Tammany,54930001NSTOD85LT125,"GUARANTEED RATE AFFINITY, LLC",2,2,0,0.04,2,0,0,0,0,2,0,0,0,0,national
2025,LA,22103,St. Tammany,5493004R423PBPM6A173,,2,2,0,0.04,0,2,0,0,0,0,2,0,0,0,national
2025,LA,22103,St. Tammany,5493006HAFES1LQ18W28,River Bank & Trust,2,2,0,0.04,2,0,0,0,0,2,0,0,0,0,national
2025,LA,22103,St. Tammany,54930080168VA6Z8UX21,TOWER Federal Credit Union,3,2,1,0.04,3,0,0,0,0,2,0,0,0,0,national
2025,LA,22103,St. Tammany,549300A5HHOL2ED18C72,,6,2,0,0.04,5,1,0,0,0,2,0,0,0,0,national
2025,LA,22103,St. Tammany,549300AENO88GEUWCZ39,,2,2,0,0.04,1,1,0,0,0,1,1,0,0,0,national
2025,LA,22103,St. Tammany,549300BOXNV8VLRBDT24,,3,2,0,0.04,3,0,0,0,0,2,0,0,0,0,national
2025,LA,22103,St. Tammany,549300DM6DAOPSF8HL78,,3,2,0,0.04,1,2,0,0,0,1,1,0,0,0,national
2025,LA,22103,St. Tammany,549300DRZGISDSL1BX02,,2,2,0,0.04,2,0,0,0,0,2,0,0,0,0,national
2025,LA,22103,St. Tammany,549300GWD9H4FQ2VR805,,3,2,0,0.04,3,0,0,0,0,2,0,0,0,0,national
2025,LA,22103,St. Tammany,549300ISCZS1R0CJMO47,,3,2,0,0.04,2,0,1,0,0,2,0,0,0,0,national
2025,LA,22103,St. Tammany,549300J7I82PNDVU8H22,"OCMBC, INC.",13,2,4,0.04,9,3,0,1,0,2,0,0,0,0,national
2025,LA,22103,St. Tammany,549300MCIFZSDHUT8X63,"NFM, INC.",3,2,0,0.04,2,1,0,0,0,2,0,0,0,0,national
2025,LA,22103,St. Tammany,549300MVSM4XYFQL3X62,BARKSDALE,3,2,1,0.04,3,0,0,0,0,2,0,0,0,0,national
2025,LA,22103,St. Tammany,549300O6Z0I6KYMESL47,AMWEST FUNDING CORP.,2,2,0,0.04,2,0,0,0,0,2,0,0,0,0,national
2025,LA,22103,St. Tammany,549300PL267CW8182203,,5,2,0,0.04,0,1,4,0,0,0,1,1,0,0,national
2025,LA,22103,St. Tammany,549300PL8ER6H23P0Z91,,2,2,0,0.04,1,0,1,0,0,1,0,1,0,0,national
2025,LA,22103,St. Tammany,549300R77W0P105C3S50,HOMEXPRESS MORTGAGE CORP.,3,2,1,0.04,3,0,0,0,0,2,0,0,0,0,national
2025,LA,22103,St. Tammany,549300REENMLD2RN3W58,"Magnolia Bank, Incorporated",6,2,1,0.04,1,0,5,0,0,1,0,1,0,0,national
2025,LA,22103,St. Tammany,549300S5YL3OH0IVCS62,FINANCE OF AMERICA REVERSE LLC,2,2,0,0.04,0,2,0,0,0,0,2,0,0,0,national
2025,LA,22103,St. Tammany,549300T9P3WXNMXX0I34,Ixonia Bank,4,2,1,0.04,4,0,0,0,0,2,0,0,0,0,national
2025,LA,22103,St. Tammany,549300UR5AOWTJJ7KZ64,,4,2,0,0.04,4,0,0,0,0,2,0,0,0,0,national
2025,LA,22103,St. Tammany,549300W45D2J6BT4LX65,,2,2,0,0.04,2,0,0,0,0,2,0,0,0,0,national
2025,LA,22103,St. Tammany,549300ZPSJZO10ZAX556,"AMERICAN HERITAGE LENDING, LLC",4,2,1,0.04,4,0,0,0,0,2,0,0,0,0,national
2025,LA,22103,St. Tammany,89450088V2BYQUO61B62,,2,2,0,0.04,2,0,0,0,0,2,0,0,0,0,national
2025,LA,22103,St. Tammany,984500CD6F0743B8F530,,3,2,0,0.04,0,0,3,0,0,0,0,2,0,0,national
2025,LA,22103,St. Tammany,1IE8VN30JCEQV1H4R804,,1,1,0,0.02,1,0,0,0,0,1,0,0,0,0,national
2025,LA,22103,St. Tammany,2549001S0U8EFNDOG816,,1,1,0,0.02,1,0,0,0,0,1,0,0,0,0,national
2025,LA,22103,St. Tammany,2549004Z576VEJBK3N72,"NQM FUNDING, LLC",1,1,0,0.02,1,0,0,0,0,1,0,0,0,0,national
2025,LA,22103,St. Tammany,2549007AU24FVDMNUB40,,2,1,1,0.02,2,0,0,0,0,1,0,0,0,0,national
2025,LA,22103,St. Tammany,254900ACUWEGW702BR80,"FM Home Loans, LLC",1,1,0,0.02,1,0,0,0,0,1,0,0,0,0,national
2025,LA,22103,St. Tammany,254900B631B05UVLUA59,,1,1,0,0.02,1,0,0,0,0,1,0,0,0,0,national
2025,LA,22103,St. Tammany,254900DSZI6CJXJL6Z14,,1,1,0,0.02,1,0,0,0,0,1,0,0,0,0,national
2025,LA,22103,St. Tammany,254900KI7219LQKCI772,First Western Trust Bank,1,1,0,0.02,1,0,0,0,0,1,0,0,0,0,national
2025,LA,22103,St. Tammany,254900U5VN6O84EWQL12,,1,1,0,0.02,1,0,0,0,0,1,0,0,0,0,national
2025,LA,22103,St. Tammany,254900VECGAWC5CPU773,,1,1,0,0.02,0,1,0,0,0,0,1,0,0,0,national
2025,LA,22103,St. Tammany,254900VELJPWWT51WN03,,1,1,0,0.02,1,0,0,0,0,1,0,0,0,0,national
2025,LA,22103,St. Tammany,254900WEP08K7U7S3A80,,3,1,1,0.02,1,2,0,0,0,1,0,0,0,0,national
2025,LA,22103,St. Tammany,254900YA1AQXNM8QVZ06,,2,1,0,0.02,2,0,0,0,0,1,0,0,0,0,national
2025,LA,22103,St. Tammany,3Y4U8VZURTYWI1W2K376,BMO Bank National Association,1,1,0,0.02,1,0,0,0,0,1,0,0,0,0,national
2025,LA,22103,St. Tammany,5493000JFVFQFL816N45,,1,1,0,0.02,1,0,0,0,0,1,0,0,0,0,national
2025,LA,22103,St. Tammany,549300194LW0QMECAH75,,1,1,0,0.02,1,0,0,0,0,1,0,0,0,0,national
2025,LA,22103,St. Tammany,5493001QMUDK2ML5S840,,2,1,1,0.02,2,0,0,0,0,1,0,0,0,0,national
2025,LA,22103,St. Tammany,5493002Y5XYV7DV1ZV88,"GOLD STAR MORTGAGE FINANCIAL GROUP, CORPORATION",2,1,0,0.02,0,2,0,0,0,0,1,0,0,0,national
2025,LA,22103,St. Tammany,549300323EON4W3CCM44,"RESICENTRAL, LLC",1,1,0,0.02,1,0,0,0,0,1,0,0,0,0,national
2025,LA,22103,St. Tammany,54930034MNPILHP25H80,Gateway First Bank,1,1,0,0.02,0,1,0,0,0,0,1,0,0,0,national
2025,LA,22103,St. Tammany,5493003BXKRGHQHRJV38,,1,1,0,0.02,1,0,0,0,0,1,0,0,0,0,national
2025,LA,22103,St. Tammany,5493003V40VGM7YDFM54,FIRST COLONY MORTGAGE CORPORATION,2,1,0,0.02,2,0,0,0,0,1,0,0,0,0,national
2025,LA,22103,St. Tammany,54930045EHC4UJU3BP73,,1,1,0,0.02,1,0,0,0,0,1,0,0,0,0,national
2025,LA,22103,St. Tammany,54930048P8RWCQHQM310,,1,1,0,0.02,1,0,0,0,0,1,0,0,0,0,national
2025,LA,22103,St. Tammany,5493004OB0KD7VERQW98,,2,1,0,0.02,0,2,0,0,0,0,1,0,0,0,national
2025,LA,22103,St. Tammany,5493004T9SQFCNRQ2L76,,1,1,0,0.02,1,0,0,0,0,1,0,0,0,0,national
2025,LA,22103,St. Tammany,5493005ICQ3QGEIWV618,UNITED MORTGAGE CORP.,1,1,0,0.02,1,0,0,0,0,1,0,0,0,0,national
2025,LA,22103,St. Tammany,5493005PKOSG7MYX0B34,"Prosperity Home Mortgage, LLC",2,1,0,0.02,1,0,1,0,0,1,0,0,0,0,national
2025,LA,22103,St. Tammany,5493005XMJQ1GSXUGT67,,1,1,0,0.02,0,1,0,0,0,0,1,0,0,0,national
2025,LA,22103,St. Tammany,549300684I276INJKK63,,1,1,0,0.02,1,0,0,0,0,1,0,0,0,0,national
2025,LA,22103,St. Tammany,5493007B7MEWKMDWUZ73,,1,1,0,0.02,1,0,0,0,0,1,0,0,0,0,national
2025,LA,22103,St. Tammany,5493007CLWQN2S6IZK91,,2,1,0,0.02,1,0,1,0,0,1,0,0,0,0,national
2025,LA,22103,St. Tammany,5493007L4GYNO2PUBS09,,2,1,0,0.02,1,1,0,0,0,0,1,0,0,0,national
2025,LA,22103,St. Tammany,54930091JQKCU3Z6IP44,,25,1,3,0.02,25,0,0,0,0,1,0,0,0,0,national
2025,LA,22103,St. Tammany,54930095UWUUXAWASB02,"Atlantic Coast Mortgage, LLC",1,1,0,0.02,0,0,1,0,0,0,0,1,0,0,national
2025,LA,22103,St. Tammany,549300AG10BX85DF5S49,MLD MORTGAGE INC.,2,1,0,0.02,2,0,0,0,0,1,0,0,0,0,national
2025,LA,22103,St. Tammany,549300CKG3JGNHH34D61,,1,1,0,0.02,1,0,0,0,0,1,0,0,0,0,national
2025,LA,22103,St. Tammany,549300CLRXFVF83ZL806,"NATIONWIDE MORTGAGE BANKERS, INC.",1,1,0,0.02,1,0,0,0,0,1,0,0,0,0,national
2025,LA,22103,St. Tammany,549300CYL5ZW4ISL7T55,,1,1,0,0.02,1,0,0,0,0,1,0,0,0,0,national
2025,LA,22103,St. Tammany,549300DH8EI64ITBY388,,1,1,0,0.02,1,0,0,0,0,1,0,0,0,0,national
2025,LA,22103,St. Tammany,549300DMYENRV818D594,,2,1,0,0.02,1,1,0,0,0,0,1,0,0,0,national
2025,LA,22103,St. Tammany,549300DNWSJUNAWUM003,,3,1,1,0.02,2,0,1,0,0,0,0,1,0,0,national
2025,LA,22103,St. Tammany,549300DOQN3O7NL3CA31,,1,1,0,0.02,1,0,0,0,0,1,0,0,0,0,national
2025,LA,22103,St. Tammany,549300EFCZM6KD6B8K69,MORTGAGE ACCESS CORP.,1,1,0,0.02,1,0,0,0,0,1,0,0,0,0,national
2025,LA,22103,St. Tammany,549300EKFFG3BU8DNX74,NEXERA HOLDING LLC,3,1,2,0.02,3,0,0,0,0,1,0,0,0,0,national
2025,LA,22103,St. Tammany,549300F8C5JA44WNMI75,AMERICAN NEIGHBORHOOD MORTGAGE ACCEPTANCE COMPANY LLC,1,1,0,0.02,0,0,1,0,0,0,0,1,0,0,national
2025,LA,22103,St. Tammany,549300FFVDRROF85IC57,,22,1,17,0.02,22,0,0,0,0,1,0,0,0,0,national
2025,LA,22103,St. Tammany,549300FK3AFCFVAPH234,"Leader Bank, National Association",2,1,0,0.02,2,0,0,0,0,1,0,0,0,0,national
2025,LA,22103,St. Tammany,549300GZY55UGMUMI322,,1,1,0,0.02,1,0,0,0,0,1,0,0,0,0,national
2025,LA,22103,St. Tammany,549300HRLROF7PLJ6735,CLEAREDGE LENDING LLC,2,1,0,0.02,2,0,0,0,0,1,0,0,0,0,national
2025,LA,22103,St. Tammany,549300I43FC7P0IJMR13,,1,1,0,0.02,1,0,0,0,0,1,0,0,0,0,national
2025,LA,22103,St. Tammany,549300K2JM6ID3V5LO24,,1,1,0,0.02,1,0,0,0,0,1,0,0,0,0,national
2025,LA,22103,St. Tammany,549300K6K2IS7FRS7S09,,3,1,0,0.02,2,0,1,0,0,1,0,0,0,0,national
2025,LA,22103,St. Tammany,549300KW705BBINDIZ26,,1,1,0,0.02,1,0,0,0,0,1,0,0,0,0,national
2025,LA,22103,St. Tammany,549300KX4S1573HISS22,,2,1,0,0.02,2,0,0,0,0,1,0,0,0,0,national
2025,LA,22103,St. Tammany,549300LI3FDGO7UKFF39,EAST COAST CAPITAL CORP.,1,1,0,0.02,1,0,0,0,0,1,0,0,0,0,national
2025,LA,22103,St. Tammany,549300MJ3JU3Z2PH5H92,,1,1,0,0.02,1,0,0,0,0,1,0,0,0,0,national
2025,LA,22103,St. Tammany,549300NWBS6MQJX15N44,,1,1,0,0.02,1,0,0,0,0,1,0,0,0,0,national
2025,LA,22103,St. Tammany,549300OPB0G5OMY0SM65,,2,1,0,0.02,2,0,0,0,0,1,0,0,0,0,national
2025,LA,22103,St. Tammany,549300QBX5R3ZBD8FR12,,2,1,0,0.02,0,1,1,0,0,0,1,0,0,0,national
2025,LA,22103,St. Tammany,549300QFP6J5QSZVF805,Eagle Bank and Trust Company,2,1,0,0.02,2,0,0,0,0,1,0,0,0,0,national
2025,LA,22103,St. Tammany,549300RYTR2RVL4SFJ90,,2,1,0,0.02,2,0,0,0,0,1,0,0,0,0,national
2025,LA,22103,St. Tammany,549300T1KLQQ7B84EZ41,,3,1,2,0.02,3,0,0,0,0,1,0,0,0,0,national
2025,LA,22103,St. Tammany,549300T5QSL6MC8M4D04,"NORWICH COMMERCIAL GROUP, INC.",2,1,1,0.02,0,1,1,0,0,0,0,1,0,0,national
2025,LA,22103,St. Tammany,549300TK6RZQSFXZHV09,,1,1,0,0.02,0,1,0,0,0,0,1,0,0,0,national
2025,LA,22103,St. Tammany,549300UXY7OP0IC38293,Northpointe Bank,1,1,0,0.02,1,0,0,0,0,1,0,0,0,0,national
2025,LA,22103,St. Tammany,549300W1HU6IVVIEJ389,"RANLIFE, INC.",2,1,0,0.02,0,2,0,0,0,0,1,0,0,0,national
2025,LA,22103,St. Tammany,549300W76QLF060CER73,,1,1,0,0.02,1,0,0,0,0,1,0,0,0,0,national
2025,LA,22103,St. Tammany,549300WW4OBT30G5DK23,,1,1,0,0.02,1,0,0,0,0,1,0,0,0,0,national
2025,LA,22103,St. Tammany,549300XAJENHWRM32Z86,,1,1,0,0.02,1,0,0,0,0,1,0,0,0,0,national
2025,LA,22103,St. Tammany,549300XPGZ2ODNN94697,,1,1,0,0.02,1,0,0,0,0,1,0,0,0,0,national
2025,LA,22103,St. Tammany,549300YD7XJM19TH5O82,CITIZENS EQUITY FIRST CREDIT UNION,2,1,1,0.02,2,0,0,0,0,1,0,0,0,0,national
2025,LA,22103,St. Tammany,549300Z4HQ7YDKUVEW39,VANTAGE WEST,1,1,0,0.02,1,0,0,0,0,1,0,0,0,0,national
2025,LA,22103,St. Tammany,549300ZTLWGMV712KR44,,1,1,0,0.02,1,0,0,0,0,1,0,0,0,0,national
2025,LA,22103,St. Tammany,875500CPQ9Z7QEFE5G90,,1,1,0,0.02,1,0,0,0,0,1,0,0,0,0,national
2025,LA,22103,St. Tammany,9845005BP6974AE5D838,,1,1,0,0.02,1,0,0,0,0,1,0,0,0,0,national
2025,LA,22103,St. Tammany,984500U2F9A83N391A91,"CHAMPIONS FUNDING, LLC",2,1,0,0.02,2,0,0,0,0,1,0,0,0,0,national
2025,LA,22103,St. Tammany,CKVBED0S4DMLKJJ5XH28,Stifel Bank and Trust,1,1,0,0.02,1,0,0,0,0,1,0,0,0,0,national
2025,LA,22103,St. Tammany,COINQMNIM6RBU631DD85,Arvest Bank,1,1,0,0.02,1,0,0,0,0,1,0,0,0,0,national
2025,LA,22103,St. Tammany,DRMSV1Q0EKMEXLAU1P80,"Citizens Bank, National Association",1,1,0,0.02,0,1,0,0,0,0,1,0,0,0,national
2025,LA,22103,St. Tammany,IUGPUX5LWRZ3B6KIZ697,Ameris Bank,1,1,0,0.02,0,1,0,0,0,0,1,0,0,0,national
2025,LA,22103,St. Tammany,JJKC32MCHWDI71265Z06,Truist Bank,3,1,1,0.02,3,0,0,0,0,1,0,0,0,0,national
2025,LA,22103,St. Tammany,QFROUN1UWUYU0DVIWD51,"Eagle Home Mortgage, LLC",3,1,0,0.02,3,0,0,0,0,1,0,0,0,0,national
2025,LA,22103,St. Tammany,WKN6AF1FCL7BBYGTGI83,,3,1,2,0.02,3,0,0,0,0,1,0,0,0,0,national
2025,LA,22103,St. Tammany,WWB2V0FCW3A0EE3ZJN75,Manufacturers and Traders Trust Company,2,1,1,0.02,1,0,1,0,0,0,0,1,0,0,national
2025,LA,22103,St. Tammany,254900M2C4Q6DATP2889,,13,0,3,0.0,1,7,5,0,0,0,0,0,0,0,national
2025,LA,22103,St. Tammany,549300RM1IZYGQDSNL85,,5,0,1,0.0,1,0,4,0,0,0,0,0,0,0,national
2025,LA,22103,St. Tammany,549300XCVBRR56D08F03,,20,0,0,0.0,13,6,1,0,0,0,0,0,0,0,national
2025,LA,22103,St. Tammany,E57ODZWZ7FF32TWEFA76,"Citibank, National Association",5,0,2,0.0,5,0,0,0,0,0,0,0,0,0,national
2025,LA,22105,Tangipahoa,549300FGXN1K3HLB1R50,"Rocket Mortgage, LLC",229,154,49,6.77,150,58,21,0,0,105,39,10,0,0,national
2025,LA,22105,Tangipahoa,5493001F7QT2YW3K8D98,"DSLD MORTGAGE, LLC",190,138,16,6.07,84,72,24,10,0,65,46,20,7,0,national
2025,LA,22105,Tangipahoa,5493008RSN6F31BTGT93,Gulf Coast Bank and Trust Company,181,126,12,5.54,113,49,8,11,0,83,32,4,7,0,national
2025,LA,22105,Tangipahoa,549300HW662MN1WU8550,"United Wholesale Mortgage, LLC",177,124,33,5.45,53,71,43,10,0,42,45,30,7,0,national
2025,LA,22105,Tangipahoa,549300DD4R4SYK5RAQ92,"MOVEMENT MORTGAGE, LLC",117,87,1,3.83,51,54,9,3,0,39,39,8,1,0,national
2025,LA,22105,Tangipahoa,549300MCPCNPQAOB4032,GMFS LLC,154,86,4,3.78,75,41,14,24,0,35,29,12,10,0,national
2025,LA,22105,Tangipahoa,NSGZD26XPW2CUM2JKU70,HANCOCK WHITNEY BANK,118,77,34,3.39,110,7,0,1,0,72,4,0,1,0,national
2025,LA,22105,Tangipahoa,5493001SXWZ4OFP8Z903,"DHI MORTGAGE COMPANY, LTD.",137,71,43,3.12,11,97,12,17,0,3,47,7,14,0,national
2025,LA,22105,Tangipahoa,549300CB67L6KPJLHE19,"TRIAD FINANCIAL SERVICES, INC.",275,65,125,2.86,275,0,0,0,0,65,0,0,0,0,national
2025,LA,22105,Tangipahoa,EQTWLK1G7ODGC2MGLV11,Regions Bank,154,63,76,2.77,144,8,1,1,0,58,3,1,1,0,national
2025,LA,22105,Tangipahoa,549300FNXYY540N23N64,Newrez LLC,118,52,18,2.29,41,42,24,11,0,12,15,15,10,0,national
2025,LA,22105,Tangipahoa,RVDPPPGHCGZ40J4VQ731,"PENNYMAC LOAN SERVICES, LLC",101,48,6,2.11,38,31,28,4,0,23,13,12,0,0,national
2025,LA,22105,Tangipahoa,549300K4ZLGS7SRDTL86,Equity Prime Mortgage LLC,79,45,1,1.98,0,40,8,31,0,0,19,6,20,0,national
2025,LA,22105,Tangipahoa,549300G8SAGXEDF5FK39,,51,42,3,1.85,51,0,0,0,0,42,0,0,0,0,national
2025,LA,22105,Tangipahoa,549300LYRWPSYPK6S325,FREEDOM MORTGAGE CORPORATION,97,41,10,1.8,9,53,35,0,0,2,22,17,0,0,national
2025,LA,22105,Tangipahoa,549300XQVJ1XBNFA5536,21ST MORTGAGE CORPORATION,310,40,168,1.76,310,0,0,0,0,40,0,0,0,0,national
2025,LA,22105,Tangipahoa,5493002RF1ERFA2XR050,Renasant Bank,48,39,5,1.72,44,4,0,0,0,36,3,0,0,0,national
2025,LA,22105,Tangipahoa,5493000YNV8IX4VD3X12,"VANDERBILT MORTGAGE AND FINANCE, INC.",416,38,194,1.67,416,0,0,0,0,38,0,0,0,0,national
2025,LA,22105,Tangipahoa,549300VORTI31GZTJL53,"CARDINAL FINANCIAL COMPANY, LIMITED PARTNERSHIP",49,38,6,1.67,16,31,1,1,0,14,23,1,0,0,national
2025,LA,22105,Tangipahoa,549300LE3ZOZXUS7W648,FIDELITY BANK,48,33,6,1.45,36,9,2,1,0,25,7,0,1,0,national
2025,LA,22105,Tangipahoa,549300E2UX99HKDBR481,"NEW AMERICAN FUNDING, LLC",82,32,14,1.41,29,43,6,4,0,14,15,1,2,0,national
2025,LA,22105,Tangipahoa,549300DD5QQUHO6PCH70,"MORTGAGE RESEARCH CENTER, LLC",85,30,24,1.32,6,2,77,0,0,1,0,29,0,0,national
2025,LA,22105,Tangipahoa,549300SFG15JDKI5MD22,,52,30,10,1.32,51,1,0,0,0,30,0,0,0,0,national
2025,LA,22105,Tangipahoa,254900YPPMV9UM5FUW09,,41,29,0,1.28,28,10,2,1,0,21,7,1,0,0,national
2025,LA,22105,Tangipahoa,54930049L5WINET09Q97,"CLICK N' CLOSE, INC.",36,25,1,1.1,10,10,2,14,0,9,7,2,7,0,national
2025,LA,22105,Tangipahoa,549300AG64NHILB7ZP05,"LOANDEPOT.COM, LLC",48,23,18,1.01,24,18,6,0,0,12,6,5,0,0,national
2025,LA,22105,Tangipahoa,549300VZVN841I2ILS84,"CROSSCOUNTRY MORTGAGE, LLC",38,22,0,0.97,19,10,5,4,0,10,6,3,3,0,national
2025,LA,22105,Tangipahoa,7H6GLXDRUGQFU57RNE97,"JPMorgan Chase Bank, National Association",43,22,6,0.97,37,5,1,0,0,20,2,0,0,0,national
2025,LA,22105,Tangipahoa,549300LBCBNR1OT00651,NATIONSTAR MORTGAGE LLC,44,20,11,0.88,33,7,4,0,0,17,2,1,0,0,national
2025,LA,22105,Tangipahoa,254900ZKVJDEYHV22276,OnPath Federal Credit Union,24,19,5,0.84,23,1,0,0,0,19,0,0,0,0,national
2025,LA,22105,Tangipahoa,549300DG3IV05V4C4E03,EUSTIS MORTGAGE CORPORATION,19,16,0,0.7,11,6,2,0,0,8,6,2,0,0,national
2025,LA,22105,Tangipahoa,549300ESV371MYVWQV54,,18,16,1,0.7,18,0,0,0,0,16,0,0,0,0,national
2025,LA,22105,Tangipahoa,549300O0BQZ8YGYRA730,,20,16,2,0.7,19,0,0,1,0,15,0,0,1,0,national
2025,LA,22105,Tangipahoa,549300Z78KW88BIQNR50,First American Bank and Trust,21,16,2,0.7,21,0,0,0,0,16,0,0,0,0,national
2025,LA,22105,Tangipahoa,549300GKFNPRWNS0GF29,"AmeriHome Mortgage Company, LLC",30,13,2,0.57,10,12,1,7,0,1,6,1,5,0,national
2025,LA,22105,Tangipahoa,549300KX4S1573HISS22,,13,13,0,0.57,13,0,0,0,0,13,0,0,0,0,national
2025,LA,22105,Tangipahoa,5493001WHVQBGRSWEU75,"HOMEBRIDGE FINANCIAL SERVICES, INC.",15,12,2,0.53,12,2,1,0,0,11,0,1,0,0,national
2025,LA,22105,Tangipahoa,5493003GQDUH26DNNH17,Navy Federal Credit Union,45,12,18,0.53,33,0,12,0,0,9,0,3,0,0,national
2025,LA,22105,Tangipahoa,549300R9S3MVDV4MGF56,"CARRINGTON MORTGAGE SERVICES, LLC",50,12,21,0.53,16,30,3,1,0,5,5,1,1,0,national
2025,LA,22105,Tangipahoa,549300U18MOAH5F95P15,EFCU FINANCIAL,15,12,1,0.53,15,0,0,0,0,12,0,0,0,0,national
2025,LA,22105,Tangipahoa,549300VCMRO4ST680C11,VILLAGE CAPITAL & INVESTMENT LLC,24,12,6,0.53,0,9,15,0,0,0,5,7,0,0,national
2025,LA,22105,Tangipahoa,549300QKL5FUBZ8LSF50,"NATIONS DIRECT MORTGAGE, LLC",16,11,2,0.48,4,9,3,0,0,2,6,3,0,0,national
2025,LA,22105,Tangipahoa,549300V1ZDKDQXFW3339,,28,11,14,0.48,28,0,0,0,0,11,0,0,0,0,national
2025,LA,22105,Tangipahoa,25490066WMF8ZMQXQB18,"Lendage, LLC",11,10,0,0.44,11,0,0,0,0,10,0,0,0,0,national
2025,LA,22105,Tangipahoa,5493001GCBD5XGNIC815,Coastal Community Bank,36,10,1,0.44,36,0,0,0,0,10,0,0,0,0,national
2025,LA,22105,Tangipahoa,5493002B2WMHY23GFK92,"AMERICAN FINANCIAL RESOURCES, INC.",14,10,0,0.44,3,7,2,2,0,3,5,2,0,0,national
2025,LA,22105,Tangipahoa,5493002F9OWLKRICTY67,STANDARD MORTGAGE CORPORATION,16,10,1,0.44,9,6,1,0,0,5,4,1,0,0,national
2025,LA,22105,Tangipahoa,COOWI3L2W9TPYR3WJX37,First Horizon Bank,11,10,1,0.44,7,1,0,3,0,6,1,0,3,0,national
2025,LA,22105,Tangipahoa,2549004FXPNKCLIN8250,"Synergy One Lending, Inc.",14,9,0,0.4,7,5,2,0,0,5,2,2,0,0,national
2025,LA,22105,Tangipahoa,254900DTLHVWQ7NP7R34,"CMG Mortgage, Inc.",12,9,3,0.4,11,0,1,0,0,8,0,1,0,0,national
2025,LA,22105,Tangipahoa,54930021WPEXNHYZUL09,"PLANET HOME LENDING, LLC",13,9,2,0.4,1,10,2,0,0,1,6,2,0,0,national
2025,LA,22105,Tangipahoa,549300OPCWU6E72WUT29,"MUTUAL OF OMAHA MORTGAGE, INC.",22,9,5,0.4,5,12,5,0,0,3,3,3,0,0,national
2025,LA,22105,Tangipahoa,254900UL88QFG0E40516,FIGURE LENDING LLC,17,8,4,0.35,17,0,0,0,0,8,0,0,0,0,national
2025,LA,22105,Tangipahoa,549300MGPZBLQDIL7538,FAIRWAY INDEPENDENT MORTGAGE CORPORATION,8,8,0,0.35,4,4,0,0,0,4,4,0,0,0,national
2025,LA,22105,Tangipahoa,549300PIL8LFAQ04XC20,Better Mortgage Corporation,30,8,15,0.35,30,0,0,0,0,8,0,0,0,0,national
2025,LA,22105,Tangipahoa,2549001SI0EMFPT39035,"Cornerstone First Mortgage, Inc",9,7,1,0.31,2,5,2,0,0,2,4,1,0,0,national
2025,LA,22105,Tangipahoa,25490058TX0QV62WQ461,,12,7,3,0.31,12,0,0,0,0,7,0,0,0,0,national
2025,LA,22105,Tangipahoa,5493005PD34O8ZT7QT17,,7,7,0,0.31,7,0,0,0,0,7,0,0,0,0,national
2025,LA,22105,Tangipahoa,549300OMHGOGEWTCI138,,7,7,0,0.31,7,0,0,0,0,7,0,0,0,0,national
2025,LA,22105,Tangipahoa,549300Y5Y88FQLI7VE83,DEEPHAVEN MORTGAGE LLC,13,7,6,0.31,13,0,0,0,0,7,0,0,0,0,national
2025,LA,22105,Tangipahoa,5493001GDRY0EL7VG372,"ARK-LA-TEX FINANCIAL SERVICES, LLC.",8,6,0,0.26,2,2,1,3,0,2,2,1,1,0,national
2025,LA,22105,Tangipahoa,5493006P5IHSK77SZ855,,9,6,1,0.26,1,6,2,0,0,1,4,1,0,0,national
2025,LA,22105,Tangipahoa,5493008NWHQT1R22C024,"AMERICAN FINANCIAL NETWORK, INC.",10,6,3,0.26,4,6,0,0,0,3,3,0,0,0,national
2025,LA,22105,Tangipahoa,549300GTVXJ2PGXNLM73,T2 FINANCIAL LLC,7,6,0,0.26,4,1,2,0,0,4,1,1,0,0,national
2025,LA,22105,Tangipahoa,549300NOCASXPA34X033,"LAKEVIEW LOAN SERVICING, LLC",29,6,18,0.26,15,13,1,0,0,3,3,0,0,0,national
2025,LA,22105,Tangipahoa,549300U3721PJGQZYY68,"GUARANTEED RATE, INC.",8,6,1,0.26,6,1,1,0,0,4,1,1,0,0,national
2025,LA,22105,Tangipahoa,549300YIQ7S7Z8PIHE53,AMERISAVE MORTGAGE CORPORATION,43,6,33,0.26,24,16,3,0,0,2,4,0,0,0,national
2025,LA,22105,Tangipahoa,C5654JQHZUHN0772B561,USAA Federal Savings Bank,16,6,8,0.26,7,0,9,0,0,3,0,3,0,0,national
2025,LA,22105,Tangipahoa,254900HA4DQWAE0W3342,"AMERIHOME MORTGAGE COMPANY, LLC",6,5,0,0.22,0,6,0,0,0,0,5,0,0,0,national
2025,LA,22105,Tangipahoa,254900ZFWS2106HWPH46,"PARAMOUNT RESIDENTIAL MORTGAGE GROUP, INC.",6,5,0,0.22,2,1,0,3,0,2,1,0,2,0,national
2025,LA,22105,Tangipahoa,254900ZX1UPIG2E7TH11,"ASSURANCE FINANCIAL GROUP, L.L.C.",11,5,2,0.22,5,3,0,3,0,3,2,0,0,0,national
2025,LA,22105,Tangipahoa,54930039UO39UJGI7078,TowneBank,9,5,2,0.22,7,1,0,1,0,3,1,0,1,0,national
2025,LA,22105,Tangipahoa,5493003SOHU5A9BPKB06,,6,5,0,0.22,6,0,0,0,0,5,0,0,0,0,national
2025,LA,22105,Tangipahoa,549300AQ3T62GXDU7D76,GUILD MORTGAGE COMPANY LLC,11,5,1,0.22,4,7,0,0,0,1,4,0,0,0,national
2025,LA,22105,Tangipahoa,549300EI8WIPSALARU71,,7,5,1,0.22,7,0,0,0,0,5,0,0,0,0,national
2025,LA,22105,Tangipahoa,549300PGV74J5SPHTG47,,5,5,0,0.22,5,0,0,0,0,5,0,0,0,0,national
2025,LA,22105,Tangipahoa,549300PQLK8E48ILXV41,,12,5,3,0.22,9,3,0,0,0,5,0,0,0,0,national
2025,LA,22105,Tangipahoa,549300RN01LBYR8ZVX74,"LOWER, LLC",8,5,2,0.22,3,1,4,0,0,3,0,2,0,0,national
2025,LA,22105,Tangipahoa,54930045J8O98TUGTW86,b1BANK,5,4,0,0.18,5,0,0,0,0,4,0,0,0,0,national
2025,LA,22105,Tangipahoa,5493006QG55R8V712J33,Red River Bank,7,4,1,0.18,6,1,0,0,0,4,0,0,0,0,national
2025,LA,22105,Tangipahoa,54930091JQKCU3Z6IP44,,10,4,2,0.18,10,0,0,0,0,4,0,0,0,0,national
2025,LA,22105,Tangipahoa,549300BX448ALT10FI43,The Federal Savings Bank,12,4,3,0.18,0,2,10,0,0,0,1,3,0,0,national
2025,LA,22105,Tangipahoa,549300JYXTZDSPJEPI44,"PLAZA HOME MORTGAGE, INC.",6,4,2,0.18,2,3,1,0,0,1,2,1,0,0,national
2025,LA,22105,Tangipahoa,549300M03EN3OQEDU087,,12,4,5,0.18,10,1,1,0,0,2,1,1,0,0,national
2025,LA,22105,Tangipahoa,549300MZ8VZJOVC63092,"KIND LENDING, LLC",5,4,1,0.18,1,3,1,0,0,1,2,1,0,0,national
2025,LA,22105,Tangipahoa,549300Q3ROEQU3D1IW91,,119,4,107,0.18,119,0,0,0,0,4,0,0,0,0,national
2025,LA,22105,Tangipahoa,549300UG7QXKM7KGV847,,4,4,0,0.18,4,0,0,0,0,4,0,0,0,0,national
2025,LA,22105,Tangipahoa,01J4SO3XTWZF4PP38209,Trustmark Bank,4,3,0,0.13,3,1,0,0,0,2,1,0,0,0,national
2025,LA,22105,Tangipahoa,254900M2C4Q6DATP2889,,9,3,3,0.13,1,3,5,0,0,1,0,2,0,0,national
2025,LA,22105,Tangipahoa,254900WT4HAMDFWH3048,,3,3,0,0.13,0,3,0,0,0,0,3,0,0,0,national
2025,LA,22105,Tangipahoa,549300194LW0QMECAH75,,7,3,4,0.13,7,0,0,0,0,3,0,0,0,0,national
2025,LA,22105,Tangipahoa,5493001XKL0FTNOJ0866,,12,3,0,0.13,7,5,0,0,0,2,1,0,0,0,national
2025,LA,22105,Tangipahoa,549300A5HHOL2ED18C72,,5,3,0,0.13,0,5,0,0,0,0,3,0,0,0,national
2025,LA,22105,Tangipahoa,549300BOXNV8VLRBDT24,,3,3,0,0.13,3,0,0,0,0,3,0,0,0,0,national
2025,LA,22105,Tangipahoa,549300DMYENRV818D594,,4,3,0,0.13,1,2,1,0,0,1,1,1,0,0,national
2025,LA,22105,Tangipahoa,549300ISCZS1R0CJMO47,,3,3,0,0.13,3,0,0,0,0,3,0,0,0,0,national
2025,LA,22105,Tangipahoa,549300J6N77Q8OHYNF23,,3,3,0,0.13,1,1,1,0,0,1,1,1,0,0,national
2025,LA,22105,Tangipahoa,549300KSOOZZVXCMA627,ANGEL OAK MORTGAGE SOLUTIONS LLC,3,3,0,0.13,3,0,0,0,0,3,0,0,0,0,national
2025,LA,22105,Tangipahoa,549300R0SXC1JU7ZU290,"FIRST COMMUNITY MORTGAGE, INC.",4,3,0,0.13,2,0,1,1,0,1,0,1,1,0,national
2025,LA,22105,Tangipahoa,549300R7HGHP2I754087,TOWNE MORTGAGE COMPANY,3,3,0,0.13,0,1,1,1,0,0,1,1,1,0,national
2025,LA,22105,Tangipahoa,549300S5YL3OH0IVCS62,FINANCE OF AMERICA REVERSE LLC,4,3,0,0.13,0,4,0,0,0,0,3,0,0,0,national
2025,LA,22105,Tangipahoa,549300SUCQ1358EGVE89,"NEW DAY FINANCIAL, LLC",39,3,10,0.13,0,3,36,0,0,0,0,3,0,0,national
2025,LA,22105,Tangipahoa,PINLJ7T7GLTF48NFP863,,3,3,0,0.13,3,0,0,0,0,3,0,0,0,0,national
2025,LA,22105,Tangipahoa,254900QRD0ZXHH08TX87,,2,2,0,0.09,2,0,0,0,0,2,0,0,0,0,national
2025,LA,22105,Tangipahoa,254900RUCO27MVGTO768,LOAN FUNDER LLC,4,2,1,0.09,4,0,0,0,0,2,0,0,0,0,national
2025,LA,22105,Tangipahoa,549300323EON4W3CCM44,"RESICENTRAL, LLC",3,2,0,0.09,2,0,1,0,0,1,0,1,0,0,national
2025,LA,22105,Tangipahoa,5493003B20KZ3DEZGB43,,2,2,0,0.09,2,0,0,0,0,2,0,0,0,0,national
2025,LA,22105,Tangipahoa,54930054ET8KM4O1D485,"SOFI BANK, NATIONAL ASSOCIATION",12,2,2,0.09,11,1,0,0,0,1,1,0,0,0,national
2025,LA,22105,Tangipahoa,5493008ZTV4S0W9DCX64,,4,2,2,0.09,2,2,0,0,0,1,1,0,0,0,national
2025,LA,22105,Tangipahoa,549300CPKDUJKREQRG38,,4,2,0,0.09,4,0,0,0,0,2,0,0,0,0,national
2025,LA,22105,Tangipahoa,549300F376WY63AY7896,,2,2,0,0.09,2,0,0,0,0,2,0,0,0,0,national
2025,LA,22105,Tangipahoa,549300FX7K8PTEQUU487,PENTAGON FEDERAL CREDIT UNION,4,2,2,0.09,3,1,0,0,0,2,0,0,0,0,national
2025,LA,22105,Tangipahoa,549300II7Y8V2KY9TM28,,4,2,1,0.09,4,0,0,0,0,2,0,0,0,0,national
2025,LA,22105,Tangipahoa,549300J7I82PNDVU8H22,"OCMBC, INC.",3,2,0,0.09,1,2,0,0,0,1,1,0,0,0,national
2025,LA,22105,Tangipahoa,549300JXWG67QZF4I652,,3,2,1,0.09,3,0,0,0,0,2,0,0,0,0,national
2025,LA,22105,Tangipahoa,549300L0RZ1NED0NV967,,2,2,0,0.09,2,0,0,0,0,2,0,0,0,0,national
2025,LA,22105,Tangipahoa,549300NWBS6MQJX15N44,,2,2,0,0.09,2,0,0,0,0,2,0,0,0,0,national
2025,LA,22105,Tangipahoa,549300OEQLAPVDI0LD92,,3,2,1,0.09,3,0,0,0,0,2,0,0,0,0,national
2025,LA,22105,Tangipahoa,549300PBTV7FCWLSMM53,,7,2,1,0.09,0,1,6,0,0,0,0,2,0,0,national
2025,LA,22105,Tangipahoa,549300QAJ2SD5X8T7X10,Synergy Bank,2,2,0,0.09,2,0,0,0,0,2,0,0,0,0,national
2025,LA,22105,Tangipahoa,549300RA3E0BUFO7YZ21,"Hometown Equity Mortgage, LLC",4,2,2,0.09,3,1,0,0,0,1,1,0,0,0,national
2025,LA,22105,Tangipahoa,549300T1KLQQ7B84EZ41,,2,2,0,0.09,2,0,0,0,0,2,0,0,0,0,national
2025,LA,22105,Tangipahoa,549300ZTLWGMV712KR44,,3,2,1,0.09,3,0,0,0,0,2,0,0,0,0,national
2025,LA,22105,Tangipahoa,D8RBTOL3JO2Q6IEO0F34,Origin Bank,3,2,0,0.09,3,0,0,0,0,2,0,0,0,0,national
2025,LA,22105,Tangipahoa,Q7C315HKI8VX0SSKBS64,Cadence Bank,2,2,0,0.09,1,1,0,0,0,1,1,0,0,0,national
2025,LA,22105,Tangipahoa,2549003E1YOW83GR2Q12,,1,1,0,0.04,1,0,0,0,0,1,0,0,0,0,national
2025,LA,22105,Tangipahoa,254900ACUWEGW702BR80,"FM Home Loans, LLC",1,1,0,0.04,0,1,0,0,0,0,1,0,0,0,national
2025,LA,22105,Tangipahoa,254900E6AIE4Z8YQM970,Citadel Servicing Corporation,2,1,0,0.04,2,0,0,0,0,1,0,0,0,0,national
2025,LA,22105,Tangipahoa,254900HEJ9F73IMPX887,,1,1,0,0.04,1,0,0,0,0,1,0,0,0,0,national
2025,LA,22105,Tangipahoa,254900KI7219LQKCI772,First Western Trust Bank,1,1,0,0.04,0,1,0,0,0,0,1,0,0,0,national
2025,LA,22105,Tangipahoa,254900RM3T6WAVE6SA24,,1,1,0,0.04,1,0,0,0,0,1,0,0,0,0,national
2025,LA,22105,Tangipahoa,254900TG14TB8RKS3U42,,1,1,0,0.04,1,0,0,0,0,1,0,0,0,0,national
2025,LA,22105,Tangipahoa,254900WEP08K7U7S3A80,,2,1,1,0.04,0,2,0,0,0,0,1,0,0,0,national
2025,LA,22105,Tangipahoa,3Y4U8VZURTYWI1W2K376,BMO Bank National Association,2,1,1,0.04,2,0,0,0,0,1,0,0,0,0,national
2025,LA,22105,Tangipahoa,549300121SF0K2LN2804,"PRIMELENDING, A PLAINSCAPITAL COMPANY",3,1,0,0.04,3,0,0,0,0,1,0,0,0,0,national
2025,LA,22105,Tangipahoa,5493001P1J1K386Q4G58,,2,1,1,0.04,2,0,0,0,0,1,0,0,0,0,national
2025,LA,22105,Tangipahoa,549300370QILXLFUWD20,"ZILLOW HOME LOANS, LLC",2,1,1,0.04,0,2,0,0,0,0,1,0,0,0,national
2025,LA,22105,Tangipahoa,54930048P8RWCQHQM310,,1,1,0,0.04,1,0,0,0,0,1,0,0,0,0,national
2025,LA,22105,Tangipahoa,5493004U68X0X5LVHY72,,2,1,0,0.04,2,0,0,0,0,1,0,0,0,0,national
2025,LA,22105,Tangipahoa,54930052M48FOD3CWA54,"PRIMARY RESIDENTIAL MORTGAGE, INC.",2,1,0,0.04,0,2,0,0,0,0,1,0,0,0,national
2025,LA,22105,Tangipahoa,5493005QK4NV0ZZ5EM64,,1,1,0,0.04,0,0,1,0,0,0,0,1,0,0,national
2025,LA,22105,Tangipahoa,5493005XMJQ1GSXUGT67,,1,1,0,0.04,0,1,0,0,0,0,1,0,0,0,national
2025,LA,22105,Tangipahoa,5493006RIR31ORKYB608,,1,1,0,0.04,1,0,0,0,0,1,0,0,0,0,national
2025,LA,22105,Tangipahoa,5493007JVSQYT5Y2V066,,1,1,0,0.04,1,0,0,0,0,1,0,0,0,0,national
2025,LA,22105,Tangipahoa,5493008VVXQIDO1EZ460,"SUMMIT FUNDING, INC.",1,1,0,0.04,1,0,0,0,0,1,0,0,0,0,national
2025,LA,22105,Tangipahoa,5493009F6BJDCZMZ7Y26,,1,1,0,0.04,1,0,0,0,0,1,0,0,0,0,national
2025,LA,22105,Tangipahoa,549300ALNLUNS3Y53T24,AMERICAN FINANCING CORPORATION,8,1,3,0.04,3,4,1,0,0,1,0,0,0,0,national
2025,LA,22105,Tangipahoa,549300B190GPYLAX3Y92,,1,1,0,0.04,1,0,0,0,0,1,0,0,0,0,national
2025,LA,22105,Tangipahoa,549300BLL6VL7AXWYP56,,2,1,0,0.04,0,1,0,1,0,0,0,0,1,0,national
2025,LA,22105,Tangipahoa,549300C8GOC4OYUV0Z32,,1,1,0,0.04,1,0,0,0,0,1,0,0,0,0,national
2025,LA,22105,Tangipahoa,549300DE8TS4EYTPX729,"AFFORDABLE MORTGAGE ADVISORS, LLC",1,1,0,0.04,0,0,1,0,0,0,0,1,0,0,national
2025,LA,22105,Tangipahoa,549300DRA4BDXW23LD45,,1,1,0,0.04,1,0,0,0,0,1,0,0,0,0,national
2025,LA,22105,Tangipahoa,549300EFCZM6KD6B8K69,MORTGAGE ACCESS CORP.,2,1,0,0.04,2,0,0,0,0,1,0,0,0,0,national
2025,LA,22105,Tangipahoa,549300EMNDEK4BA8WB53,EMM LOANS LLC,2,1,1,0.04,0,2,0,0,0,0,1,0,0,0,national
2025,LA,22105,Tangipahoa,549300FFVDRROF85IC57,,57,1,48,0.04,57,0,0,0,0,1,0,0,0,0,national
2025,LA,22105,Tangipahoa,549300K6K2IS7FRS7S09,,1,1,0,0.04,1,0,0,0,0,1,0,0,0,0,national
2025,LA,22105,Tangipahoa,549300KHXD7JSQUZIJ22,,1,1,0,0.04,0,1,0,0,0,0,1,0,0,0,national
2025,LA,22105,Tangipahoa,549300KJ8PAJ7E52HG32,Plains Commerce Bank,1,1,0,0.04,0,1,0,0,0,0,1,0,0,0,national
2025,LA,22105,Tangipahoa,549300KTR1JGH3K6LU06,FOURLEAF,2,1,0,0.04,2,0,0,0,0,1,0,0,0,0,national
2025,LA,22105,Tangipahoa,549300LLQD0X2OTG0Y27,,1,1,0,0.04,0,1,0,0,0,0,1,0,0,0,national
2025,LA,22105,Tangipahoa,549300LROQOOQU77WS20,,3,1,2,0.04,3,0,0,0,0,1,0,0,0,0,national
2025,LA,22105,Tangipahoa,549300M63SGBHKKBOE21,,1,1,0,0.04,1,0,0,0,0,1,0,0,0,0,national
2025,LA,22105,Tangipahoa,549300MCIFZSDHUT8X63,"NFM, INC.",3,1,0,0.04,1,2,0,0,0,0,1,0,0,0,national
2025,LA,22105,Tangipahoa,549300MUEGVFZ2155D91,,2,1,0,0.04,2,0,0,0,0,1,0,0,0,0,national
2025,LA,22105,Tangipahoa,549300N1YEXP02MHBR47,"WRIGHT-PATT CREDIT UNION, INC.",1,1,0,0.04,0,1,0,0,0,0,1,0,0,0,national
2025,LA,22105,Tangipahoa,549300O6Z0I6KYMESL47,AMWEST FUNDING CORP.,1,1,0,0.04,0,1,0,0,0,0,1,0,0,0,national
2025,LA,22105,Tangipahoa,549300PJ2WT35S77Q208,,1,1,0,0.04,0,1,0,0,0,0,1,0,0,0,national
2025,LA,22105,Tangipahoa,549300PL267CW8182203,,1,1,0,0.04,0,0,1,0,0,0,0,1,0,0,national
2025,LA,22105,Tangipahoa,549300Q50XCC0473FG63,,3,1,2,0.04,3,0,0,0,0,1,0,0,0,0,national
2025,LA,22105,Tangipahoa,549300QBX5R3ZBD8FR12,,1,1,0,0.04,0,0,1,0,0,0,0,1,0,0,national
2025,LA,22105,Tangipahoa,549300R77W0P105C3S50,HOMEXPRESS MORTGAGE CORP.,1,1,0,0.04,1,0,0,0,0,1,0,0,0,0,national
2025,LA,22105,Tangipahoa,549300R8VPSFM828B312,TEACHERS FEDERAL CREDIT UNION,2,1,0,0.04,2,0,0,0,0,1,0,0,0,0,national
2025,LA,22105,Tangipahoa,549300RPOGWJRH63HS39,UNION HOME MORTGAGE CORP.,2,1,0,0.04,1,0,1,0,0,0,0,1,0,0,national
2025,LA,22105,Tangipahoa,549300SY0ZRUCS4CSY07,,1,1,0,0.04,1,0,0,0,0,1,0,0,0,0,national
2025,LA,22105,Tangipahoa,549300T7HRS5DVBUPQ06,,1,1,0,0.04,0,1,0,0,0,0,1,0,0,0,national
2025,LA,22105,Tangipahoa,549300TA4MQM8WN2XG31,,3,1,0,0.04,3,0,0,0,0,1,0,0,0,0,national
2025,LA,22105,Tangipahoa,549300V7I9AZRM78QT92,,1,1,0,0.04,1,0,0,0,0,1,0,0,0,0,national
2025,LA,22105,Tangipahoa,549300VBY3NBKUNMKL64,,1,1,0,0.04,1,0,0,0,0,1,0,0,0,0,national
2025,LA,22105,Tangipahoa,549300W45D2J6BT4LX65,,1,1,0,0.04,1,0,0,0,0,1,0,0,0,0,national
2025,LA,22105,Tangipahoa,549300WRDGBHKR1BXL98,,1,1,0,0.04,0,1,0,0,0,0,1,0,0,0,national
2025,LA,22105,Tangipahoa,549300XCVBRR56D08F03,,8,1,0,0.04,5,3,0,0,0,1,0,0,0,0,national
2025,LA,22105,Tangipahoa,549300XPGZ2ODNN94697,,1,1,0,0.04,1,0,0,0,0,1,0,0,0,0,national
2025,LA,22105,Tangipahoa,549300XWUSRVVOHPRY47,Academy Mortgage Corporation,6,1,1,0.04,1,5,0,0,0,0,1,0,0,0,national
2025,LA,22105,Tangipahoa,549300XY701IELCE5Q08,BETTER MORTGAGE CORPORATION,12,1,4,0.04,10,1,1,0,0,1,0,0,0,0,national
2025,LA,22105,Tangipahoa,549300YD7XJM19TH5O82,CITIZENS EQUITY FIRST CREDIT UNION,1,1,0,0.04,1,0,0,0,0,1,0,0,0,0,national
2025,LA,22105,Tangipahoa,549300YW2UBCMDRMBT48,,1,1,0,0.04,0,1,0,0,0,0,1,0,0,0,national
2025,LA,22105,Tangipahoa,549300ZMSSTP768USP32,,1,1,0,0.04,1,0,0,0,0,1,0,0,0,0,national
2025,LA,22105,Tangipahoa,549300ZPSJZO10ZAX556,"AMERICAN HERITAGE LENDING, LLC",4,1,0,0.04,4,0,0,0,0,1,0,0,0,0,national
2025,LA,22105,Tangipahoa,6BYL5QZYBDK8S7L73M02,U.S. Bank National Association,13,1,11,0.04,13,0,0,0,0,1,0,0,0,0,national
2025,LA,22105,Tangipahoa,984500U2F9A83N391A91,"CHAMPIONS FUNDING, LLC",1,1,0,0.04,1,0,0,0,0,1,0,0,0,0,national
2025,LA,22105,Tangipahoa,B4TYDEB6GKMZO031MB27,"Bank of America, National Association",19,1,13,0.04,19,0,0,0,0,1,0,0,0,0,national
2025,LA,22105,Tangipahoa,C398JSK21YCXWM603F55,"Barrington Bank & Trust Company, National Association",3,1,1,0.04,1,0,2,0,0,0,0,1,0,0,national
2025,LA,22105,Tangipahoa,DRMSV1Q0EKMEXLAU1P80,"Citizens Bank, National Association",1,1,0,0.04,1,0,0,0,0,1,0,0,0,0,national
2025,LA,22105,Tangipahoa,JJKC32MCHWDI71265Z06,Truist Bank,2,1,0,0.04,2,0,0,0,0,1,0,0,0,0,national
2025,LA,22105,Tangipahoa,KB1H1DSPRFMYMCUFXT09,"Wells Fargo Bank, National Association",8,1,4,0.04,7,1,0,0,0,0,1,0,0,0,national
2025,LA,22105,Tangipahoa,PAOOWF3GUFM46FBSP561,,7,1,1,0.04,2,5,0,0,0,0,1,0,0,0,national
2025,LA,22105,Tangipahoa,PS6WLKTYGZOKK05G5O59,,1,1,0,0.04,1,0,0,0,0,1,0,0,0,0,national
2025,LA,22105,Tangipahoa,5493001QMUDK2ML5S840,,5,0,4,0.0,5,0,0,0,0,0,0,0,0,0,national
2025,LA,22105,Tangipahoa,549300249G20MDIDRR27,,15,0,3,0.0,15,0,0,0,0,0,0,0,0,0,national
2025,LA,22105,Tangipahoa,X05BVSK68TQ7YTOSNR22,Discover Bank,18,0,10,0.0,18,0,0,0,0,0,0,0,0,0,national
2025,LA,22109,Terrebonne,549300HW662MN1WU8550,"United Wholesale Mortgage, LLC",241,192,19,14.61,75,118,21,27,0,61,93,14,24,0,national
2025,LA,22109,Terrebonne,549300QAJ2SD5X8T7X10,Synergy Bank,153,133,6,10.12,153,0,0,0,0,133,0,0,0,0,national
2025,LA,22109,Terrebonne,5493001F7QT2YW3K8D98,"DSLD MORTGAGE, LLC",144,112,9,8.52,45,80,10,9,0,34,61,9,8,0,national
2025,LA,22109,Terrebonne,254900ZX1UPIG2E7TH11,"ASSURANCE FINANCIAL GROUP, L.L.C.",140,110,7,8.37,36,57,9,38,0,31,43,7,29,0,national
2025,LA,22109,Terrebonne,NSGZD26XPW2CUM2JKU70,HANCOCK WHITNEY BANK,136,82,40,6.24,95,29,4,8,0,48,24,3,7,0,national
2025,LA,22109,Terrebonne,549300FGXN1K3HLB1R50,"Rocket Mortgage, LLC",101,56,33,4.26,69,29,3,0,0,41,13,2,0,0,national
2025,LA,22109,Terrebonne,549300XQVJ1XBNFA5536,21ST MORTGAGE CORPORATION,185,51,86,3.88,185,0,0,0,0,51,0,0,0,0,national
2025,LA,22109,Terrebonne,54930045J8O98TUGTW86,b1BANK,51,41,4,3.12,51,0,0,0,0,41,0,0,0,0,national
2025,LA,22109,Terrebonne,5493001P1J1K386Q4G58,,40,38,1,2.89,40,0,0,0,0,38,0,0,0,0,national
2025,LA,22109,Terrebonne,7H6GLXDRUGQFU57RNE97,"JPMorgan Chase Bank, National Association",43,35,3,2.66,38,5,0,0,0,33,2,0,0,0,national
2025,LA,22109,Terrebonne,549300MCPCNPQAOB4032,GMFS LLC,48,26,1,1.98,15,18,0,15,0,8,11,0,7,0,national
2025,LA,22109,Terrebonne,EQTWLK1G7ODGC2MGLV11,Regions Bank,69,24,36,1.83,67,2,0,0,0,23,1,0,0,0,national
2025,LA,22109,Terrebonne,549300LYRWPSYPK6S325,FREEDOM MORTGAGE CORPORATION,37,18,2,1.37,2,22,13,0,0,1,9,8,0,0,national
2025,LA,22109,Terrebonne,549300Z78KW88BIQNR50,First American Bank and Trust,23,17,4,1.29,23,0,0,0,0,17,0,0,0,0,national
2025,LA,22109,Terrebonne,549300DD5QQUHO6PCH70,"MORTGAGE RESEARCH CENTER, LLC",47,15,14,1.14,7,4,34,2,0,1,1,13,0,0,national
2025,LA,22109,Terrebonne,549300CB67L6KPJLHE19,"TRIAD FINANCIAL SERVICES, INC.",58,14,26,1.07,58,0,0,0,0,14,0,0,0,0,national
2025,LA,22109,Terrebonne,549300RPOGWJRH63HS39,UNION HOME MORTGAGE CORP.,24,14,5,1.07,14,5,2,3,0,9,1,2,2,0,national
2025,LA,22109,Terrebonne,5493003GQDUH26DNNH17,Navy Federal Credit Union,21,13,1,0.99,10,0,11,0,0,5,0,8,0,0,national
2025,LA,22109,Terrebonne,549300DG3IV05V4C4E03,EUSTIS MORTGAGE CORPORATION,23,13,1,0.99,13,8,1,1,0,7,6,0,0,0,national
2025,LA,22109,Terrebonne,549300K4ZLGS7SRDTL86,Equity Prime Mortgage LLC,20,12,5,0.91,0,12,3,5,0,0,8,2,2,0,national
2025,LA,22109,Terrebonne,549300LBCBNR1OT00651,NATIONSTAR MORTGAGE LLC,21,12,4,0.91,15,4,2,0,0,10,1,1,0,0,national
2025,LA,22109,Terrebonne,RVDPPPGHCGZ40J4VQ731,"PENNYMAC LOAN SERVICES, LLC",43,12,7,0.91,12,24,5,2,0,4,4,4,0,0,national
2025,LA,22109,Terrebonne,5493000YNV8IX4VD3X12,"VANDERBILT MORTGAGE AND FINANCE, INC.",109,11,62,0.84,109,0,0,0,0,11,0,0,0,0,national
2025,LA,22109,Terrebonne,549300FNXYY540N23N64,Newrez LLC,48,10,14,0.76,26,15,4,3,0,5,2,2,1,0,national
2025,LA,22109,Terrebonne,5493001GCBD5XGNIC815,Coastal Community Bank,34,9,2,0.68,34,0,0,0,0,9,0,0,0,0,national
2025,LA,22109,Terrebonne,54930052M48FOD3CWA54,"PRIMARY RESIDENTIAL MORTGAGE, INC.",9,9,0,0.68,4,5,0,0,0,4,5,0,0,0,national
2025,LA,22109,Terrebonne,549300E2UX99HKDBR481,"NEW AMERICAN FUNDING, LLC",22,9,0,0.68,4,18,0,0,0,1,8,0,0,0,national
2025,LA,22109,Terrebonne,COOWI3L2W9TPYR3WJX37,First Horizon Bank,15,9,5,0.68,15,0,0,0,0,9,0,0,0,0,national
2025,LA,22109,Terrebonne,2549004FXPNKCLIN8250,"Synergy One Lending, Inc.",9,8,0,0.61,4,3,0,2,0,4,3,0,1,0,national
2025,LA,22109,Terrebonne,549300AG64NHILB7ZP05,"LOANDEPOT.COM, LLC",24,8,12,0.61,10,13,1,0,0,5,3,0,0,0,national
2025,LA,22109,Terrebonne,5493001XKL0FTNOJ0866,,8,7,0,0.53,2,4,1,1,0,2,4,0,1,0,national
2025,LA,22109,Terrebonne,54930045EHC4UJU3BP73,,7,7,0,0.53,7,0,0,0,0,7,0,0,0,0,national
2025,LA,22109,Terrebonne,549300PIL8LFAQ04XC20,Better Mortgage Corporation,24,7,11,0.53,24,0,0,0,0,7,0,0,0,0,national
2025,LA,22109,Terrebonne,549300O2UK5FUZXQJO34,,6,6,0,0.46,6,0,0,0,0,6,0,0,0,0,national
2025,LA,22109,Terrebonne,549300YIQ7S7Z8PIHE53,AMERISAVE MORTGAGE CORPORATION,37,6,27,0.46,19,15,3,0,0,4,1,1,0,0,national
2025,LA,22109,Terrebonne,254900ZFWS2106HWPH46,"PARAMOUNT RESIDENTIAL MORTGAGE GROUP, INC.",5,5,0,0.38,2,3,0,0,0,2,3,0,0,0,national
2025,LA,22109,Terrebonne,5493006P5IHSK77SZ855,,13,5,0,0.38,3,7,0,3,0,2,2,0,1,0,national
2025,LA,22109,Terrebonne,549300C8GOC4OYUV0Z32,,6,5,0,0.38,6,0,0,0,0,5,0,0,0,0,national
2025,LA,22109,Terrebonne,549300NOCASXPA34X033,"LAKEVIEW LOAN SERVICING, LLC",15,5,5,0.38,9,6,0,0,0,3,2,0,0,0,national
2025,LA,22109,Terrebonne,549300V1ZDKDQXFW3339,,18,5,11,0.38,18,0,0,0,0,5,0,0,0,0,national
2025,LA,22109,Terrebonne,25490058TX0QV62WQ461,,9,4,3,0.3,9,0,0,0,0,4,0,0,0,0,national
2025,LA,22109,Terrebonne,549300LE3ZOZXUS7W648,FIDELITY BANK,5,4,1,0.3,3,1,0,1,0,2,1,0,1,0,national
2025,LA,22109,Terrebonne,549300UG7QXKM7KGV847,,7,4,1,0.3,5,1,1,0,0,3,1,0,0,0,national
2025,LA,22109,Terrebonne,549300VORTI31GZTJL53,"CARDINAL FINANCIAL COMPANY, LIMITED PARTNERSHIP",7,4,2,0.3,2,4,0,1,0,2,2,0,0,0,national
2025,LA,22109,Terrebonne,B4TYDEB6GKMZO031MB27,"Bank of America, National Association",12,4,5,0.3,12,0,0,0,0,4,0,0,0,0,national
2025,LA,22109,Terrebonne,C5654JQHZUHN0772B561,USAA Federal Savings Bank,9,4,3,0.3,4,0,5,0,0,2,0,2,0,0,national
2025,LA,22109,Terrebonne,Q7C315HKI8VX0SSKBS64,Cadence Bank,4,4,0,0.3,4,0,0,0,0,4,0,0,0,0,national
2025,LA,22109,Terrebonne,254900HA4DQWAE0W3342,"AMERIHOME MORTGAGE COMPANY, LLC",6,3,0,0.23,0,6,0,0,0,0,3,0,0,0,national
2025,LA,22109,Terrebonne,254900UL88QFG0E40516,FIGURE LENDING LLC,7,3,4,0.23,7,0,0,0,0,3,0,0,0,0,national
2025,LA,22109,Terrebonne,549300OPCWU6E72WUT29,"MUTUAL OF OMAHA MORTGAGE, INC.",8,3,3,0.23,0,7,1,0,0,0,2,1,0,0,national
2025,LA,22109,Terrebonne,549300PQLK8E48ILXV41,,4,3,1,0.23,4,0,0,0,0,3,0,0,0,0,national
2025,LA,22109,Terrebonne,549300R7HGHP2I754087,TOWNE MORTGAGE COMPANY,3,3,0,0.23,0,3,0,0,0,0,3,0,0,0,national
2025,LA,22109,Terrebonne,549300R9S3MVDV4MGF56,"CARRINGTON MORTGAGE SERVICES, LLC",15,3,9,0.23,5,8,2,0,0,2,1,0,0,0,national
2025,LA,22109,Terrebonne,549300SHK8JZR89HEF81,,3,3,0,0.23,3,0,0,0,0,3,0,0,0,0,national
2025,LA,22109,Terrebonne,549300U18MOAH5F95P15,EFCU FINANCIAL,6,3,0,0.23,6,0,0,0,0,3,0,0,0,0,national
2025,LA,22109,Terrebonne,549300VZVN841I2ILS84,"CROSSCOUNTRY MORTGAGE, LLC",10,3,0,0.23,2,7,1,0,0,0,2,1,0,0,national
2025,LA,22109,Terrebonne,2549005SIVTHG14U2905,A&D Mortgage LLC,2,2,0,0.15,0,2,0,0,0,0,2,0,0,0,national
2025,LA,22109,Terrebonne,254900DTLHVWQ7NP7R34,"CMG Mortgage, Inc.",5,2,1,0.15,3,0,1,1,0,1,0,1,0,0,national
2025,LA,22109,Terrebonne,5493001SXWZ4OFP8Z903,"DHI MORTGAGE COMPANY, LTD.",2,2,0,0.15,0,1,0,1,0,0,1,0,1,0,national
2025,LA,22109,Terrebonne,549300370QILXLFUWD20,"ZILLOW HOME LOANS, LLC",3,2,0,0.15,2,1,0,0,0,1,1,0,0,0,national
2025,LA,22109,Terrebonne,549300AQ3T62GXDU7D76,GUILD MORTGAGE COMPANY LLC,3,2,0,0.15,1,2,0,0,0,0,2,0,0,0,national
2025,LA,22109,Terrebonne,549300DD4R4SYK5RAQ92,"MOVEMENT MORTGAGE, LLC",5,2,0,0.15,0,5,0,0,0,0,2,0,0,0,national
2025,LA,22109,Terrebonne,549300FFVDRROF85IC57,,19,2,16,0.15,19,0,0,0,0,2,0,0,0,0,national
2025,LA,22109,Terrebonne,549300ISCZS1R0CJMO47,,2,2,0,0.15,1,1,0,0,0,1,1,0,0,0,national
2025,LA,22109,Terrebonne,549300KW705BBINDIZ26,,3,2,1,0.15,2,1,0,0,0,1,1,0,0,0,national
2025,LA,22109,Terrebonne,549300M03EN3OQEDU087,,5,2,2,0.15,3,1,1,0,0,2,0,0,0,0,national
2025,LA,22109,Terrebonne,549300MUEGVFZ2155D91,,2,2,0,0.15,2,0,0,0,0,2,0,0,0,0,national
2025,LA,22109,Terrebonne,549300MZ8VZJOVC63092,"KIND LENDING, LLC",2,2,0,0.15,0,1,0,1,0,0,1,0,1,0,national
2025,LA,22109,Terrebonne,549300PBTV7FCWLSMM53,,2,2,0,0.15,0,0,2,0,0,0,0,2,0,0,national
2025,LA,22109,Terrebonne,549300SUCQ1358EGVE89,"NEW DAY FINANCIAL, LLC",16,2,5,0.15,0,0,16,0,0,0,0,2,0,0,national
2025,LA,22109,Terrebonne,549300U3721PJGQZYY68,"GUARANTEED RATE, INC.",6,2,1,0.15,3,3,0,0,0,1,1,0,0,0,national
2025,LA,22109,Terrebonne,6BYL5QZYBDK8S7L73M02,U.S. Bank National Association,5,2,2,0.15,5,0,0,0,0,2,0,0,0,0,national
2025,LA,22109,Terrebonne,DRMSV1Q0EKMEXLAU1P80,"Citizens Bank, National Association",4,2,0,0.15,2,1,1,0,0,1,1,0,0,0,national
2025,LA,22109,Terrebonne,WWB2V0FCW3A0EE3ZJN75,Manufacturers and Traders Trust Company,2,2,0,0.15,0,1,1,0,0,0,1,1,0,0,national
2025,LA,22109,Terrebonne,254900378RFGMBEKAF12,,2,1,0,0.08,2,0,0,0,0,1,0,0,0,0,national
2025,LA,22109,Terrebonne,25490066WMF8ZMQXQB18,"Lendage, LLC",1,1,0,0.08,1,0,0,0,0,1,0,0,0,0,national
2025,LA,22109,Terrebonne,254900CTT87ZKAUTIJ37,,1,1,0,0.08,1,0,0,0,0,1,0,0,0,0,national
2025,LA,22109,Terrebonne,254900M2C4Q6DATP2889,,3,1,1,0.08,0,2,1,0,0,0,1,0,0,0,national
2025,LA,22109,Terrebonne,254900QRD0ZXHH08TX87,,1,1,0,0.08,1,0,0,0,0,1,0,0,0,0,national
2025,LA,22109,Terrebonne,254900WT4HAMDFWH3048,,1,1,0,0.08,0,1,0,0,0,0,1,0,0,0,national
2025,LA,22109,Terrebonne,254900YA1AQXNM8QVZ06,,1,1,0,0.08,1,0,0,0,0,1,0,0,0,0,national
2025,LA,22109,Terrebonne,254900ZKVJDEYHV22276,OnPath Federal Credit Union,5,1,3,0.08,5,0,0,0,0,1,0,0,0,0,national
2025,LA,22109,Terrebonne,5493000V86JDJLM0OV13,,1,1,0,0.08,1,0,0,0,0,1,0,0,0,0,national
2025,LA,22109,Terrebonne,5493001GDRY0EL7VG372,"ARK-LA-TEX FINANCIAL SERVICES, LLC.",1,1,0,0.08,1,0,0,0,0,1,0,0,0,0,national
2025,LA,22109,Terrebonne,5493001WHVQBGRSWEU75,"HOMEBRIDGE FINANCIAL SERVICES, INC.",3,1,0,0.08,3,0,0,0,0,1,0,0,0,0,national
2025,LA,22109,Terrebonne,54930020YWIK7HGH2R34,,1,1,0,0.08,0,0,0,1,0,0,0,0,1,0,national
2025,LA,22109,Terrebonne,54930030Z1JWTP3SVD16,,2,1,0,0.08,0,2,0,0,0,0,1,0,0,0,national
2025,LA,22109,Terrebonne,5493004AS1SPBQOFDR49,"Change Lending, LLC",1,1,0,0.08,1,0,0,0,0,1,0,0,0,0,national
2025,LA,22109,Terrebonne,5493004U68X0X5LVHY72,,1,1,0,0.08,1,0,0,0,0,1,0,0,0,0,national
2025,LA,22109,Terrebonne,5493005PD34O8ZT7QT17,,1,1,0,0.08,1,0,0,0,0,1,0,0,0,0,national
2025,LA,22109,Terrebonne,549300684I276INJKK63,,1,1,0,0.08,1,0,0,0,0,1,0,0,0,0,national
2025,LA,22109,Terrebonne,5493007Z7FTUKQGFMZ98,,1,1,0,0.08,1,0,0,0,0,1,0,0,0,0,national
2025,LA,22109,Terrebonne,5493008JDUT3R3K1LZ58,,1,1,0,0.08,1,0,0,0,0,1,0,0,0,0,national
2025,LA,22109,Terrebonne,5493008NWHQT1R22C024,"AMERICAN FINANCIAL NETWORK, INC.",5,1,1,0.08,3,1,1,0,0,1,0,0,0,0,national
2025,LA,22109,Terrebonne,5493008RSN6F31BTGT93,Gulf Coast Bank and Trust Company,2,1,0,0.08,1,0,1,0,0,1,0,0,0,0,national
2025,LA,22109,Terrebonne,5493009F6BJDCZMZ7Y26,,1,1,0,0.08,0,1,0,0,0,0,1,0,0,0,national
2025,LA,22109,Terrebonne,549300ALNLUNS3Y53T24,AMERICAN FINANCING CORPORATION,3,1,1,0.08,0,2,1,0,0,0,0,1,0,0,national
2025,LA,22109,Terrebonne,549300B8JQ9XD5FQQH32,,1,1,0,0.08,1,0,0,0,0,1,0,0,0,0,national
2025,LA,22109,Terrebonne,549300BOXNV8VLRBDT24,,1,1,0,0.08,1,0,0,0,0,1,0,0,0,0,national
2025,LA,22109,Terrebonne,549300GY4NTTEM7WWB64,,2,1,1,0.08,1,1,0,0,0,0,1,0,0,0,national
2025,LA,22109,Terrebonne,549300GYK7N8U42X9587,,1,1,0,0.08,1,0,0,0,0,1,0,0,0,0,national
2025,LA,22109,Terrebonne,549300I1HK1BBZLKOB84,,1,1,0,0.08,1,0,0,0,0,1,0,0,0,0,national
2025,LA,22109,Terrebonne,549300I6BXTT1NLNPE10,,1,1,0,0.08,1,0,0,0,0,1,0,0,0,0,national
2025,LA,22109,Terrebonne,549300IB375I8TZ2FA87,,1,1,0,0.08,1,0,0,0,0,1,0,0,0,0,national
2025,LA,22109,Terrebonne,549300II7Y8V2KY9TM28,,1,1,0,0.08,1,0,0,0,0,1,0,0,0,0,national
2025,LA,22109,Terrebonne,549300J7I82PNDVU8H22,"OCMBC, INC.",1,1,0,0.08,1,0,0,0,0,1,0,0,0,0,national
2025,LA,22109,Terrebonne,549300KSOOZZVXCMA627,ANGEL OAK MORTGAGE SOLUTIONS LLC,1,1,0,0.08,1,0,0,0,0,1,0,0,0,0,national
2025,LA,22109,Terrebonne,549300LP3GMTWS4OB353,,2,1,0,0.08,0,2,0,0,0,0,1,0,0,0,national
2025,LA,22109,Terrebonne,549300MHH03ICJYEPE85,,1,1,0,0.08,0,1,0,0,0,0,1,0,0,0,national
2025,LA,22109,Terrebonne,549300MU2YI0HXIT3257,,1,1,0,0.08,1,0,0,0,0,1,0,0,0,0,national
2025,LA,22109,Terrebonne,549300R0SXC1JU7ZU290,"FIRST COMMUNITY MORTGAGE, INC.",4,1,2,0.08,4,0,0,0,0,1,0,0,0,0,national
2025,LA,22109,Terrebonne,549300REENMLD2RN3W58,"Magnolia Bank, Incorporated",1,1,0,0.08,0,0,1,0,0,0,0,1,0,0,national
2025,LA,22109,Terrebonne,549300RFLICNI75BG067,Luminate Bank,1,1,0,0.08,1,0,0,0,0,1,0,0,0,0,national
2025,LA,22109,Terrebonne,549300RN01LBYR8ZVX74,"LOWER, LLC",1,1,0,0.08,1,0,0,0,0,1,0,0,0,0,national
2025,LA,22109,Terrebonne,549300SK2GVCQXPD4S58,"SUN WEST MORTGAGE COMPANY, INC.",3,1,1,0.08,0,1,1,1,0,0,0,1,0,0,national
2025,LA,22109,Terrebonne,549300TA4MQM8WN2XG31,,1,1,0,0.08,1,0,0,0,0,1,0,0,0,0,national
2025,LA,22109,Terrebonne,549300UXY7OP0IC38293,Northpointe Bank,1,1,0,0.08,1,0,0,0,0,1,0,0,0,0,national
2025,LA,22109,Terrebonne,549300W45D2J6BT4LX65,,1,1,0,0.08,1,0,0,0,0,1,0,0,0,0,national
2025,LA,22109,Terrebonne,549300ZPSJZO10ZAX556,"AMERICAN HERITAGE LENDING, LLC",5,1,0,0.08,5,0,0,0,0,1,0,0,0,0,national
2025,LA,22109,Terrebonne,549300ZWNETGFXTBBY03,"CANOPY MORTGAGE, LLC",4,1,1,0.08,1,2,0,1,0,1,0,0,0,0,national
2025,LA,22109,Terrebonne,C398JSK21YCXWM603F55,"Barrington Bank & Trust Company, National Association",2,1,0,0.08,0,1,1,0,0,0,1,0,0,0,national
2025,LA,22109,Terrebonne,D8RBTOL3JO2Q6IEO0F34,Origin Bank,1,1,0,0.08,1,0,0,0,0,1,0,0,0,0,national
2025,LA,22109,Terrebonne,JJKC32MCHWDI71265Z06,Truist Bank,1,1,0,0.08,1,0,0,0,0,1,0,0,0,0,national
2025,LA,22109,Terrebonne,KB1H1DSPRFMYMCUFXT09,"Wells Fargo Bank, National Association",5,1,4,0.08,3,2,0,0,0,1,0,0,0,0,national
2025,LA,22109,Terrebonne,SS1TRMSN6BRNMOREEV51,"Flagstar Bank, National Association",5,1,2,0.08,2,3,0,0,0,0,1,0,0,0,national
2025,LA,22109,Terrebonne,X05BVSK68TQ7YTOSNR22,Discover Bank,16,1,11,0.08,16,0,0,0,0,1,0,0,0,0,national
2025,LA,22109,Terrebonne,54930054ET8KM4O1D485,"SOFI BANK, NATIONAL ASSOCIATION",7,0,1,0.0,6,1,0,0,0,0,0,0,0,0,national
2025,LA,22109,Terrebonne,54930091JQKCU3Z6IP44,,9,0,0,0.0,9,0,0,0,0,0,0,0,0,0,national
2025,LA,22109,Terrebonne,549300FX7K8PTEQUU487,PENTAGON FEDERAL CREDIT UNION,5,0,3,0.0,5,0,0,0,0,0,0,0,0,0,national
2025,LA,22109,Terrebonne,549300Q3ROEQU3D1IW91,,15,0,15,0.0,15,0,0,0,0,0,0,0,0,0,national
2025,LA,22109,Terrebonne,549300VCMRO4ST680C11,VILLAGE CAPITAL & INVESTMENT LLC,5,0,3,0.0,0,2,2,1,0,0,0,0,0,0,national
2025,LA,22109,Terrebonne,549300XY701IELCE5Q08,BETTER MORTGAGE CORPORATION,10,0,2,0.0,8,2,0,0,0,0,0,0,0,0,national
2025,LA,22113,Vermilion,549300HW662MN1WU8550,"United Wholesale Mortgage, LLC",94,75,11,9.59,37,45,11,1,0,30,34,10,1,0,national
2025,LA,22113,Vermilion,549300FJ9SHI3GDB7327,,85,70,9,8.95,85,0,0,0,0,70,0,0,0,0,national
2025,LA,22113,Vermilion,5493001SXWZ4OFP8Z903,"DHI MORTGAGE COMPANY, LTD.",104,57,22,7.29,9,67,10,18,0,6,32,8,11,0,national
2025,LA,22113,Vermilion,549300NO5XZV44V0UV76,,50,50,0,6.39,50,0,0,0,0,50,0,0,0,0,national
2025,LA,22113,Vermilion,549300FGXN1K3HLB1R50,"Rocket Mortgage, LLC",60,37,19,4.73,34,25,1,0,0,20,17,0,0,0,national
2025,LA,22113,Vermilion,5493001F7QT2YW3K8D98,"DSLD MORTGAGE, LLC",46,35,2,4.48,18,19,4,5,0,11,17,4,3,0,national
2025,LA,22113,Vermilion,549300RP00N9TM7RLE66,,49,31,3,3.96,49,0,0,0,0,31,0,0,0,0,national
2025,LA,22113,Vermilion,25490029ZGGK0O5HP605,,40,29,4,3.71,40,0,0,0,0,29,0,0,0,0,national
2025,LA,22113,Vermilion,549300XV2UKEPAMX9H12,,21,17,3,2.17,21,0,0,0,0,17,0,0,0,0,national
2025,LA,22113,Vermilion,254900ZX1UPIG2E7TH11,"ASSURANCE FINANCIAL GROUP, L.L.C.",21,16,0,2.05,11,3,2,5,0,10,2,1,3,0,national
2025,LA,22113,Vermilion,549300MCPCNPQAOB4032,GMFS LLC,23,14,0,1.79,20,1,1,1,0,11,1,1,1,0,national
2025,LA,22113,Vermilion,5493002B2WMHY23GFK92,"AMERICAN FINANCIAL RESOURCES, INC.",14,12,0,1.53,4,7,2,1,0,4,5,2,1,0,national
2025,LA,22113,Vermilion,549300R7HGHP2I754087,TOWNE MORTGAGE COMPANY,13,12,1,1.53,2,4,3,4,0,2,4,3,3,0,national
2025,LA,22113,Vermilion,549300XQVJ1XBNFA5536,21ST MORTGAGE CORPORATION,91,12,37,1.53,91,0,0,0,0,12,0,0,0,0,national
2025,LA,22113,Vermilion,5493000YNV8IX4VD3X12,"VANDERBILT MORTGAGE AND FINANCE, INC.",91,10,44,1.28,91,0,0,0,0,10,0,0,0,0,national
2025,LA,22113,Vermilion,NSGZD26XPW2CUM2JKU70,HANCOCK WHITNEY BANK,20,10,6,1.28,20,0,0,0,0,10,0,0,0,0,national
2025,LA,22113,Vermilion,549300II7Y8V2KY9TM28,,9,9,0,1.15,9,0,0,0,0,9,0,0,0,0,national
2025,LA,22113,Vermilion,RVDPPPGHCGZ40J4VQ731,"PENNYMAC LOAN SERVICES, LLC",26,9,7,1.15,12,7,6,1,0,4,2,3,0,0,national
2025,LA,22113,Vermilion,549300BWRXVFSDCUUY93,,12,8,0,1.02,12,0,0,0,0,8,0,0,0,0,national
2025,LA,22113,Vermilion,549300CB67L6KPJLHE19,"TRIAD FINANCIAL SERVICES, INC.",73,8,27,1.02,73,0,0,0,0,8,0,0,0,0,national
2025,LA,22113,Vermilion,549300DG3IV05V4C4E03,EUSTIS MORTGAGE CORPORATION,15,8,0,1.02,3,9,1,2,0,1,5,0,2,0,national
2025,LA,22113,Vermilion,COOWI3L2W9TPYR3WJX37,First Horizon Bank,21,8,8,1.02,21,0,0,0,0,8,0,0,0,0,national
2025,LA,22113,Vermilion,549300DD5QQUHO6PCH70,"MORTGAGE RESEARCH CENTER, LLC",18,7,3,0.9,2,1,15,0,0,0,0,7,0,0,national
2025,LA,22113,Vermilion,549300K4ZLGS7SRDTL86,Equity Prime Mortgage LLC,13,7,0,0.9,0,7,1,5,0,0,3,1,3,0,national
2025,LA,22113,Vermilion,549300R9S3MVDV4MGF56,"CARRINGTON MORTGAGE SERVICES, LLC",16,7,8,0.9,6,7,2,1,0,3,4,0,0,0,national
2025,LA,22113,Vermilion,7H6GLXDRUGQFU57RNE97,"JPMorgan Chase Bank, National Association",12,7,2,0.9,11,0,1,0,0,6,0,1,0,0,national
2025,LA,22113,Vermilion,254900DTLHVWQ7NP7R34,"CMG Mortgage, Inc.",9,6,1,0.77,8,0,0,1,0,6,0,0,0,0,national
2025,LA,22113,Vermilion,54930049L5WINET09Q97,"CLICK N' CLOSE, INC.",9,6,0,0.77,3,4,0,2,0,2,3,0,1,0,national
2025,LA,22113,Vermilion,549300AG64NHILB7ZP05,"LOANDEPOT.COM, LLC",15,6,8,0.77,7,7,1,0,0,4,1,1,0,0,national
2025,LA,22113,Vermilion,549300VZVN841I2ILS84,"CROSSCOUNTRY MORTGAGE, LLC",9,6,0,0.77,2,4,3,0,0,2,3,1,0,0,national
2025,LA,22113,Vermilion,5493002F9OWLKRICTY67,STANDARD MORTGAGE CORPORATION,6,5,0,0.64,5,1,0,0,0,5,0,0,0,0,national
2025,LA,22113,Vermilion,54930045J8O98TUGTW86,b1BANK,5,5,0,0.64,5,0,0,0,0,5,0,0,0,0,national
2025,LA,22113,Vermilion,549300I1HK1BBZLKOB84,,5,5,0,0.64,5,0,0,0,0,5,0,0,0,0,national
2025,LA,22113,Vermilion,549300KW705BBINDIZ26,,7,5,1,0.64,4,0,0,3,0,4,0,0,1,0,national
2025,LA,22113,Vermilion,549300LE3ZOZXUS7W648,FIDELITY BANK,8,5,0,0.64,5,3,0,0,0,3,2,0,0,0,national
2025,LA,22113,Vermilion,549300M4E3MK3F5GQW40,,7,5,0,0.64,7,0,0,0,0,5,0,0,0,0,national
2025,LA,22113,Vermilion,549300MJ3JU3Z2PH5H92,,5,5,0,0.64,5,0,0,0,0,5,0,0,0,0,national
2025,LA,22113,Vermilion,549300MZ8VZJOVC63092,"KIND LENDING, LLC",9,5,4,0.64,3,4,1,1,0,1,2,1,1,0,national
2025,LA,22113,Vermilion,549300R0SXC1JU7ZU290,"FIRST COMMUNITY MORTGAGE, INC.",7,5,1,0.64,1,2,1,3,0,0,2,1,2,0,national
2025,LA,22113,Vermilion,54930020YWIK7HGH2R34,,6,4,0,0.51,2,3,0,1,0,0,3,0,1,0,national
2025,LA,22113,Vermilion,549300333JQWIP8NLK67,,6,4,0,0.51,6,0,0,0,0,4,0,0,0,0,national
2025,LA,22113,Vermilion,5493003GQDUH26DNNH17,Navy Federal Credit Union,12,4,5,0.51,11,0,1,0,0,4,0,0,0,0,national
2025,LA,22113,Vermilion,549300DISOL963J03Q15,,4,4,0,0.51,4,0,0,0,0,4,0,0,0,0,national
2025,LA,22113,Vermilion,549300FNXYY540N23N64,Newrez LLC,20,4,6,0.51,9,10,1,0,0,3,1,0,0,0,national
2025,LA,22113,Vermilion,549300LBCBNR1OT00651,NATIONSTAR MORTGAGE LLC,9,4,1,0.51,7,1,1,0,0,3,1,0,0,0,national
2025,LA,22113,Vermilion,549300LYRWPSYPK6S325,FREEDOM MORTGAGE CORPORATION,20,4,5,0.51,1,14,5,0,0,0,3,1,0,0,national
2025,LA,22113,Vermilion,549300PBTV7FCWLSMM53,,5,4,0,0.51,0,4,1,0,0,0,4,0,0,0,national
2025,LA,22113,Vermilion,549300YIQ7S7Z8PIHE53,AMERISAVE MORTGAGE CORPORATION,25,4,19,0.51,13,12,0,0,0,3,1,0,0,0,national
2025,LA,22113,Vermilion,EQTWLK1G7ODGC2MGLV11,Regions Bank,7,4,3,0.51,7,0,0,0,0,4,0,0,0,0,national
2025,LA,22113,Vermilion,25490066WMF8ZMQXQB18,"Lendage, LLC",4,3,1,0.38,4,0,0,0,0,3,0,0,0,0,national
2025,LA,22113,Vermilion,5493001GDRY0EL7VG372,"ARK-LA-TEX FINANCIAL SERVICES, LLC.",4,3,0,0.38,0,2,1,1,0,0,2,0,1,0,national
2025,LA,22113,Vermilion,54930052M48FOD3CWA54,"PRIMARY RESIDENTIAL MORTGAGE, INC.",4,3,0,0.38,1,1,1,1,0,0,1,1,1,0,national
2025,LA,22113,Vermilion,549300E2UX99HKDBR481,"NEW AMERICAN FUNDING, LLC",15,3,4,0.38,5,10,0,0,0,2,1,0,0,0,national
2025,LA,22113,Vermilion,549300E8WNDXIPI7FA49,,3,3,0,0.38,3,0,0,0,0,3,0,0,0,0,national
2025,LA,22113,Vermilion,549300RO0FORROX83086,,5,3,2,0.38,5,0,0,0,0,3,0,0,0,0,national
2025,LA,22113,Vermilion,254900HA4DQWAE0W3342,"AMERIHOME MORTGAGE COMPANY, LLC",2,2,0,0.26,1,1,0,0,0,1,1,0,0,0,national
2025,LA,22113,Vermilion,254900R51FSMCPO6HB07,The Evangeline Bank & Trust Company,2,2,0,0.26,2,0,0,0,0,2,0,0,0,0,national
2025,LA,22113,Vermilion,5493001WHVQBGRSWEU75,"HOMEBRIDGE FINANCIAL SERVICES, INC.",2,2,0,0.26,0,2,0,0,0,0,2,0,0,0,national
2025,LA,22113,Vermilion,54930021WPEXNHYZUL09,"PLANET HOME LENDING, LLC",3,2,1,0.26,0,1,2,0,0,0,1,1,0,0,national
2025,LA,22113,Vermilion,54930082VCNY40XPOB62,,2,2,0,0.26,2,0,0,0,0,2,0,0,0,0,national
2025,LA,22113,Vermilion,549300A5HHOL2ED18C72,,2,2,0,0.26,0,1,0,1,0,0,1,0,1,0,national
2025,LA,22113,Vermilion,549300DD4R4SYK5RAQ92,"MOVEMENT MORTGAGE, LLC",3,2,0,0.26,2,0,0,1,0,1,0,0,1,0,national
2025,LA,22113,Vermilion,549300I6BXTT1NLNPE10,,2,2,0,0.26,2,0,0,0,0,2,0,0,0,0,national
2025,LA,22113,Vermilion,549300J24Z0NH1T4DR15,,3,2,0,0.26,3,0,0,0,0,2,0,0,0,0,national
2025,LA,22113,Vermilion,549300JYXTZDSPJEPI44,"PLAZA HOME MORTGAGE, INC.",5,2,2,0.26,1,0,2,2,0,1,0,1,0,0,national
2025,LA,22113,Vermilion,549300OPCWU6E72WUT29,"MUTUAL OF OMAHA MORTGAGE, INC.",5,2,1,0.26,0,4,1,0,0,0,1,1,0,0,national
2025,LA,22113,Vermilion,549300PQLK8E48ILXV41,,4,2,1,0.26,3,1,0,0,0,2,0,0,0,0,national
2025,LA,22113,Vermilion,549300RN01LBYR8ZVX74,"LOWER, LLC",2,2,0,0.26,2,0,0,0,0,2,0,0,0,0,national
2025,LA,22113,Vermilion,549300SUCQ1358EGVE89,"NEW DAY FINANCIAL, LLC",4,2,1,0.26,0,1,3,0,0,0,0,2,0,0,national
2025,LA,22113,Vermilion,549300UG7QXKM7KGV847,,5,2,3,0.26,5,0,0,0,0,2,0,0,0,0,national
2025,LA,22113,Vermilion,549300UR5AOWTJJ7KZ64,,2,2,0,0.26,2,0,0,0,0,2,0,0,0,0,national
2025,LA,22113,Vermilion,549300ZWNETGFXTBBY03,"CANOPY MORTGAGE, LLC",4,2,0,0.26,1,2,1,0,0,0,1,1,0,0,national
2025,LA,22113,Vermilion,B4TYDEB6GKMZO031MB27,"Bank of America, National Association",6,2,3,0.26,6,0,0,0,0,2,0,0,0,0,national
2025,LA,22113,Vermilion,2549004FXPNKCLIN8250,"Synergy One Lending, Inc.",1,1,0,0.13,1,0,0,0,0,1,0,0,0,0,national
2025,LA,22113,Vermilion,2549008TT6UNYR7AXF54,,1,1,0,0.13,1,0,0,0,0,1,0,0,0,0,national
2025,LA,22113,Vermilion,254900M2C4Q6DATP2889,,2,1,0,0.13,0,1,1,0,0,0,1,0,0,0,national
2025,LA,22113,Vermilion,254900WEP08K7U7S3A80,,1,1,0,0.13,1,0,0,0,0,1,0,0,0,0,national
2025,LA,22113,Vermilion,254900ZFWS2106HWPH46,"PARAMOUNT RESIDENTIAL MORTGAGE GROUP, INC.",1,1,0,0.13,0,0,0,1,0,0,0,0,1,0,national
2025,LA,22113,Vermilion,5493000V86JDJLM0OV13,,1,1,0,0.13,1,0,0,0,0,1,0,0,0,0,national
2025,LA,22113,Vermilion,549300121SF0K2LN2804,"PRIMELENDING, A PLAINSCAPITAL COMPANY",1,1,0,0.13,0,1,0,0,0,0,1,0,0,0,national
2025,LA,22113,Vermilion,5493001GCBD5XGNIC815,Coastal Community Bank,8,1,0,0.13,8,0,0,0,0,1,0,0,0,0,national
2025,LA,22113,Vermilion,5493001X0T84TYRJ5Y59,,1,1,0,0.13,1,0,0,0,0,1,0,0,0,0,national
2025,LA,22113,Vermilion,549300249G20MDIDRR27,,9,1,0,0.13,9,0,0,0,0,1,0,0,0,0,national
2025,LA,22113,Vermilion,54930054ET8KM4O1D485,"SOFI BANK, NATIONAL ASSOCIATION",7,1,1,0.13,6,1,0,0,0,1,0,0,0,0,national
2025,LA,22113,Vermilion,5493005PKOSG7MYX0B34,"Prosperity Home Mortgage, LLC",1,1,0,0.13,0,0,1,0,0,0,0,1,0,0,national
2025,LA,22113,Vermilion,5493005XMJQ1GSXUGT67,,1,1,0,0.13,0,0,0,1,0,0,0,0,1,0,national
2025,LA,22113,Vermilion,5493006QG55R8V712J33,Red River Bank,1,1,0,0.13,1,0,0,0,0,1,0,0,0,0,national
2025,LA,22113,Vermilion,5493008NWHQT1R22C024,"AMERICAN FINANCIAL NETWORK, INC.",1,1,0,0.13,0,0,0,1,0,0,0,0,1,0,national
2025,LA,22113,Vermilion,5493008Q3XBC7O0Q4X02,,1,1,0,0.13,1,0,0,0,0,1,0,0,0,0,national
2025,LA,22113,Vermilion,549300ALNLUNS3Y53T24,AMERICAN FINANCING CORPORATION,6,1,5,0.13,3,3,0,0,0,0,1,0,0,0,national
2025,LA,22113,Vermilion,549300AQ3T62GXDU7D76,GUILD MORTGAGE COMPANY LLC,3,1,0,0.13,0,3,0,0,0,0,1,0,0,0,national
2025,LA,22113,Vermilion,549300BBKMRS6J0CB539,,2,1,0,0.13,0,1,0,1,0,0,1,0,0,0,national
2025,LA,22113,Vermilion,549300CPKDUJKREQRG38,,1,1,0,0.13,1,0,0,0,0,1,0,0,0,0,national
2025,LA,22113,Vermilion,549300G8SAGXEDF5FK39,,2,1,0,0.13,2,0,0,0,0,1,0,0,0,0,national
2025,LA,22113,Vermilion,549300GTVXJ2PGXNLM73,T2 FINANCIAL LLC,1,1,0,0.13,1,0,0,0,0,1,0,0,0,0,national
2025,LA,22113,Vermilion,549300IB375I8TZ2FA87,,2,1,0,0.13,2,0,0,0,0,1,0,0,0,0,national
2025,LA,22113,Vermilion,549300ISCZS1R0CJMO47,,1,1,0,0.13,1,0,0,0,0,1,0,0,0,0,national
2025,LA,22113,Vermilion,549300KIOYNU323LVJ37,AMERICAN PACIFIC MORTGAGE CORPORATION,1,1,0,0.13,1,0,0,0,0,1,0,0,0,0,national
2025,LA,22113,Vermilion,549300KNRT5UGNCSXM31,,2,1,0,0.13,2,0,0,0,0,1,0,0,0,0,national
2025,LA,22113,Vermilion,549300LIZH7VW4DFJK44,,2,1,0,0.13,1,1,0,0,0,0,1,0,0,0,national
2025,LA,22113,Vermilion,549300MHH03ICJYEPE85,,3,1,0,0.13,0,3,0,0,0,0,1,0,0,0,national
2025,LA,22113,Vermilion,549300MVSM4XYFQL3X62,BARKSDALE,2,1,1,0.13,2,0,0,0,0,1,0,0,0,0,national
2025,LA,22113,Vermilion,549300NOCASXPA34X033,"LAKEVIEW LOAN SERVICING, LLC",4,1,2,0.13,0,2,2,0,0,0,0,1,0,0,national
2025,LA,22113,Vermilion,549300OSY236S7MBKO83,,1,1,0,0.13,1,0,0,0,0,1,0,0,0,0,national
2025,LA,22113,Vermilion,549300PI7Z6DG3QE2087,,1,1,0,0.13,1,0,0,0,0,1,0,0,0,0,national
2025,LA,22113,Vermilion,549300PIL8LFAQ04XC20,Better Mortgage Corporation,9,1,6,0.13,9,0,0,0,0,1,0,0,0,0,national
2025,LA,22113,Vermilion,549300PJ2WT35S77Q208,,1,1,0,0.13,0,1,0,0,0,0,1,0,0,0,national
2025,LA,22113,Vermilion,549300Q2Y7B8UEC43S54,,1,1,0,0.13,1,0,0,0,0,1,0,0,0,0,national
2025,LA,22113,Vermilion,549300Q3ROEQU3D1IW91,,22,1,15,0.13,22,0,0,0,0,1,0,0,0,0,national
2025,LA,22113,Vermilion,549300QBX5R3ZBD8FR12,,1,1,0,0.13,0,1,0,0,0,0,1,0,0,0,national
2025,LA,22113,Vermilion,549300RPOGWJRH63HS39,UNION HOME MORTGAGE CORP.,1,1,0,0.13,0,1,0,0,0,0,1,0,0,0,national
2025,LA,22113,Vermilion,549300SFG15JDKI5MD22,,1,1,0,0.13,1,0,0,0,0,1,0,0,0,0,national
2025,LA,22113,Vermilion,549300SQKZC6HESYGO25,,1,1,0,0.13,1,0,0,0,0,1,0,0,0,0,national
2025,LA,22113,Vermilion,549300T7HRS5DVBUPQ06,,2,1,0,0.13,0,1,1,0,0,0,0,1,0,0,national
2025,LA,22113,Vermilion,549300U3721PJGQZYY68,"GUARANTEED RATE, INC.",2,1,0,0.13,2,0,0,0,0,1,0,0,0,0,national
2025,LA,22113,Vermilion,549300VCMRO4ST680C11,VILLAGE CAPITAL & INVESTMENT LLC,2,1,0,0.13,0,2,0,0,0,0,1,0,0,0,national
2025,LA,22113,Vermilion,549300VORTI31GZTJL53,"CARDINAL FINANCIAL COMPANY, LIMITED PARTNERSHIP",2,1,1,0.13,1,0,1,0,0,1,0,0,0,0,national
2025,LA,22113,Vermilion,549300XY701IELCE5Q08,BETTER MORTGAGE CORPORATION,4,1,2,0.13,4,0,0,0,0,1,0,0,0,0,national
2025,LA,22113,Vermilion,6BYL5QZYBDK8S7L73M02,U.S. Bank National Association,3,1,2,0.13,3,0,0,0,0,1,0,0,0,0,national
2025,LA,22113,Vermilion,C398JSK21YCXWM603F55,"Barrington Bank & Trust Company, National Association",2,1,1,0.13,1,1,0,0,0,1,0,0,0,0,national
2025,LA,22113,Vermilion,C5654JQHZUHN0772B561,USAA Federal Savings Bank,5,1,2,0.13,4,0,1,0,0,0,0,1,0,0,national
2025,LA,22113,Vermilion,D8RBTOL3JO2Q6IEO0F34,Origin Bank,2,1,0,0.13,2,0,0,0,0,1,0,0,0,0,national
2025,LA,22113,Vermilion,KB1H1DSPRFMYMCUFXT09,"Wells Fargo Bank, National Association",3,1,0,0.13,3,0,0,0,0,1,0,0,0,0,national
2025,LA,22113,Vermilion,PAOOWF3GUFM46FBSP561,,2,1,0,0.13,0,2,0,0,0,0,1,0,0,0,national
2025,LA,22113,Vermilion,PINLJ7T7GLTF48NFP863,,2,1,0,0.13,2,0,0,0,0,1,0,0,0,0,national
2025,LA,22113,Vermilion,Q7C315HKI8VX0SSKBS64,Cadence Bank,5,1,2,0.13,3,2,0,0,0,1,0,0,0,0,national
2025,LA,22113,Vermilion,X05BVSK68TQ7YTOSNR22,Discover Bank,10,1,5,0.13,10,0,0,0,0,1,0,0,0,0,national
2025,LA,22113,Vermilion,549300FFVDRROF85IC57,,23,0,14,0.0,23,0,0,0,0,0,0,0,0,0,national
