lei,institution_name,nmls_id,our_lender_slug,match_status,total_applications,total_originations,fl_originations,states_with_originations,priority_match
549300HW662MN1WU8550,,,,unmatched,576697,422119,49897,CA:57281;FL:49897;TX:42285;MI:22015;AZ:19328;CO:18178;GA:17047;NC:13671;IL:11397;NY:11157,high
549300FGXN1K3HLB1R50,,,,unmatched,609400,429332,31530,CA:42202;FL:31530;TX:30579;MI:22693;GA:21182;NC:18462;OH:16656;PA:16043;VA:14489;NY:13729,high
549300VZVN841I2ILS84,,,,unmatched,190472,125099,11987,FL:11987;OH:11011;CA:9599;PA:8399;TX:7734;NJ:7558;IL:5600;NY:5429;AZ:4945;WA:4877,high
5493001SXWZ4OFP8Z903,,,,unmatched,101400,69159,11582,TX:17748;FL:11582;NC:5258;SC:4153;GA:2777;CA:2776;AZ:2406;AL:2376;TN:2122;NV:2059,high
549300H3IZO24NSOO931,,,,unmatched,77363,56951,10692,TX:15642;FL:10692;CA:6607;NC:2756;SC:2694;AZ:2623;IN:1952;NV:1669;MN:1365;CO:1283,high
RVDPPPGHCGZ40J4VQ731,,,,unmatched,193807,100816,9704,CA:10749;FL:9704;TX:6849;GA:5272;PA:4488;VA:4338;NC:3751;AZ:3232;NJ:3144;OH:2964,high
5493003GQDUH26DNNH17,,,,unmatched,179597,80547,8416,VA:9684;FL:8416;CA:6361;NC:5249;MD:5163;GA:5118;TX:4267;SC:2487;WA:2289;PA:2141,high
549300TOOOOW36EX6R40,,,,unmatched,12969,8416,8364,FL:8364;GA:19;TN:12;NC:9;AL:5;SC:5;VA:1;MS:1,high
B4TYDEB6GKMZO031MB27,,,,unmatched,217492,88530,7938,CA:17758;FL:7938;TX:6141;NJ:5136;NC:4880;NY:3897;MA:3551;GA:3440;WA:3420;IL:2889,high
549300AG64NHILB7ZP05,,,,unmatched,155159,91730,7460,CA:9983;TX:8535;FL:7460;NJ:4334;IL:4241;GA:4168;AZ:4138;NC:3969;OH:3505;SC:2670,high
7H6GLXDRUGQFU57RNE97,,,,unmatched,152415,94243,6131,CA:14032;TX:9775;NY:9163;IL:8778;FL:6131;OH:4171;NJ:3325;MI:2995;AZ:2864;IN:2857,high
JJKC32MCHWDI71265Z06,,,,unmatched,83470,41001,6117,NC:7920;VA:6374;FL:6117;GA:4837;MD:3245;SC:2178;PA:2152;TN:2014;TX:1260;KY:1026,high
549300VN9E1DEKF26E34,,,,unmatched,12008,5900,5900,FL:5900,high
EQTWLK1G7ODGC2MGLV11,,,,unmatched,68709,30269,5826,FL:5826;AL:5523;TN:5322;GA:2869;MS:1886;LA:1282;TX:1252;MO:1188;IL:1168;AR:1129,high
549300FNXYY540N23N64,,,,unmatched,187594,66567,5643,CA:5772;FL:5643;TX:4793;NY:3123;NC:2787;WA:2702;GA:2480;OH:2258;VA:2175;PA:2124,high
549300DD5QQUHO6PCH70,,,,unmatched,178189,82764,5506,TX:6918;FL:5506;NC:4769;VA:4500;GA:4139;OH:3302;TN:3178;IL:2965;MO:2901;PA:2643,high
549300LYRWPSYPK6S325,,,,unmatched,165453,69982,5374,TX:5759;FL:5374;NC:4463;GA:3946;CA:3918;VA:3646;IN:2580;OH:2477;TN:2436;SC:2168,high
2549005SIVTHG14U2905,,,,unmatched,24436,14692,5245,FL:5245;CA:1446;TX:1050;NY:948;IL:550;GA:471;AZ:471;NJ:453;PA:339;SC:296,high
254900DTLHVWQ7NP7R34,,,,unmatched,58895,40038,4627,CA:8432;FL:4627;TX:3502;AZ:2579;UT:1917;IL:1746;CO:1646;MI:1407;WA:1253;GA:1055,high
549300GKFNPRWNS0GF29,,,,unmatched,102677,70098,4388,TX:10655;WA:5796;CA:4698;FL:4388;TN:3925;PA:2626;NH:2466;MA:2329;VA:2325;NJ:2257,high
5493004WMLN60ZJ2ON46,,,,unmatched,27380,18825,4200,FL:4200;TX:3108;NC:1555;SC:1148;AZ:1133;OH:1064;CA:943;GA:803;NV:748;IL:615,high
549300DD4R4SYK5RAQ92,,,,unmatched,81084,57781,4122,NC:8138;WA:5559;VA:4339;FL:4122;PA:3902;SC:2978;GA:2388;TX:2367;TN:2207;CA:1690,high
549300E2UX99HKDBR481,,,,unmatched,140816,57460,3881,TX:5508;CA:5105;GA:4063;FL:3881;IL:3581;MO:2619;PA:2148;MN:1842;WA:1680;NC:1619,high
5493008CPTDVOS570626,,,,unmatched,39368,21298,3765,OH:7970;FL:3765;CA:2301;GA:772;NJ:746;NC:672;IL:535;VA:526;WA:395;PA:392,high
254900ZFWS2106HWPH46,,,,unmatched,34318,23410,3741,CA:3975;FL:3741;TX:3136;NJ:1490;AZ:1127;GA:977;CO:741;WA:701;OH:688;OR:635,high
549300K7224BC1IAX207,,,,unmatched,9208,3729,3721,FL:3721;TN:4;SC:2;NC:2,high
QFROUN1UWUYU0DVIWD51,,,,unmatched,75426,39534,3553,OH:12389;MI:6106;IN:4817;IL:4111;FL:3553;KY:3150;NC:2216;TN:971;SC:863;GA:691,high
549300LBCBNR1OT00651,,,,unmatched,79599,52217,3546,CA:4657;TX:3609;FL:3546;GA:2560;IL:1982;NC:1949;OH:1768;VA:1764;PA:1746;AZ:1744,high
AD6GFRVSDT01YPT1CS68,,,,unmatched,116536,61280,3475,PA:11263;OH:6725;NJ:5755;IL:3711;FL:3475;MD:2948;TX:2930;MI:2885;IN:2802;CA:2688,high
54930036K3ZFJ4FOKT69,,,,unmatched,7749,3355,3214,FL:3214;GA:141,high
549300U3721PJGQZYY68,,,,unmatched,129086,70579,3204,IL:10217;CA:6248;NJ:4826;MA:4507;TX:3318;FL:3204;PA:3119;OH:2795;NC:2491;CO:2143,high
549300MGPZBLQDIL7538,,,,unmatched,103697,74450,3153,TX:7468;AZ:4724;IL:4215;IN:3665;GA:3631;FL:3153;NC:2993;WI:2947;CA:2867;OH:2685,high
549300XWUSRVVOHPRY47,,,,unmatched,28287,16190,2938,FL:2938;TX:2750;GA:2402;CA:1342;MN:915;NY:748;MI:631;KY:499;CO:448;TN:425,high
5493005JPZ3LXXMB0S24,,,,unmatched,8168,6000,2916,FL:2916;SC:805;AL:319;NC:313;TX:270;GA:262;KY:208;AZ:206;CA:130;IN:98,high
254900UL88QFG0E40516,,,,unmatched,72355,33415,2872,CA:5234;FL:2872;GA:1717;OH:1553;IL:1432;AZ:1416;NC:1212;NJ:1197;VA:1180;MI:1090,high
5493007CXTOHZ2JBEJ61,,,,unmatched,4205,3270,2851,FL:2851;LA:161;AL:85;GA:62;IN:22;TN:18;TX:13;MS:11;NC:9;SC:8,high
03D0JEWFDFUS0SEEKG89,,,,unmatched,46634,23499,2722,NJ:6695;NY:4324;FL:2722;MA:1975;PA:1803;SC:1143;CT:1002;NH:997;ME:699;NC:555,high
549300PIL8LFAQ04XC20,,,,unmatched,108788,32174,2675,CA:6742;FL:2675;AZ:1610;TX:1571;GA:1319;NJ:1279;NC:1116;WA:1086;VA:1024;CO:963,high
KB1H1DSPRFMYMCUFXT09,,,,unmatched,76304,41562,2670,CA:9616;NY:2733;FL:2670;TX:2647;NC:2302;NJ:1716;PA:1628;WA:1514;GA:1509;MN:1496,high
549300MZ8VZJOVC63092,,,,unmatched,45691,29401,2662,CA:6409;TX:3781;FL:2662;UT:2249;GA:1421;OR:864;PA:782;WA:727;AZ:672;TN:597,high
8I3UVGYULPJQIP7FQV10,,,,unmatched,15329,9966,2616,SC:2816;FL:2616;GA:1856;NC:928;AL:918;TX:449;CO:184;VA:129;TN:30;MO:4,high
549300RPOGWJRH63HS39,,,,unmatched,51423,37767,2495,OH:5380;MI:4118;TX:3238;FL:2495;IN:2257;NC:2127;PA:1934;IL:1655;TN:1404;KY:1069,high
5493001WHVQBGRSWEU75,,,,unmatched,25005,17312,2433,CA:3155;FL:2433;NY:1590;TX:1135;NJ:989;GA:669;AZ:590;VA:485;NC:461;CO:424,high
5493006VAGP3GQ8FJT49,,,,unmatched,45169,25528,2385,CA:3237;FL:2385;OH:1967;PA:1829;NC:1435;GA:1388;TX:1379;NJ:1139;MI:1128;MO:909,high
5493001GCBD5XGNIC815,,,,unmatched,93158,21244,2383,CA:3015;FL:2383;OH:1359;IL:1213;PA:1032;NC:962;VA:824;NJ:811;AZ:786;MI:772,high
DRMSV1Q0EKMEXLAU1P80,,,,unmatched,119620,68902,2297,NY:11000;PA:10441;MA:10235;NJ:7208;OH:4732;RI:3762;MI:3697;NH:3194;CT:3030;FL:2297,high
6BYL5QZYBDK8S7L73M02,,,,unmatched,151786,74632,2279,CA:16135;IL:4571;MN:4538;OH:3965;MO:3622;WA:3524;WI:2785;KY:2645;OR:2465;FL:2279,high
549300IQVXIW1VTW0D69,,,,unmatched,2933,2267,2267,FL:2267,high
984500U2F9A83N391A91,,,,unmatched,18971,11067,2262,FL:2262;CA:1367;TX:1262;NY:950;NJ:917;GA:409;AZ:367;PA:308;CT:294;NC:293,high
549300XQVJ1XBNFA5536,,,,unmatched,157783,28058,2098,TX:6763;FL:2098;MI:1623;AL:1274;CA:1262;GA:1218;SC:1207;LA:1097;MS:1068;OK:888,high
54930049L5WINET09Q97,,,,unmatched,16126,10736,2049,FL:2049;TX:1245;AZ:1032;OH:780;AR:515;MO:431;NC:399;TN:377;GA:377;NM:339,high
549300MCIFZSDHUT8X63,,,,unmatched,24275,18920,2000,OH:3308;MD:2255;FL:2000;VA:1310;NC:1137;TX:1055;NJ:1051;AZ:897;WA:843;CO:659,high
549300KSOOZZVXCMA627,,,,unmatched,10229,6232,1936,FL:1936;CA:979;TX:491;GA:268;SC:250;NC:246;VA:201;NJ:153;PA:147;AZ:137,high
IUGPUX5LWRZ3B6KIZ697,,,,unmatched,18359,13184,1846,GA:5627;SC:1857;FL:1846;VA:724;NC:634;CA:484;MD:455;TN:394;AL:363;IL:140,high
549300KJ8PAJ7E52HG32,,,,unmatched,20196,12504,1839,FL:1839;SD:1570;AZ:1203;TX:1036;UT:934;CO:484;GA:407;MN:377;NE:357;CA:304,high
549300UI36AJZ0WZ4U93,,,,unmatched,12508,8815,1773,TX:2244;FL:1773;AZ:1731;CA:802;NC:633;GA:425;CO:329;NV:233;IN:228;SC:162,high
549300KIOYNU323LVJ37,,,,unmatched,34217,24774,1750,CA:3554;IL:2402;TX:1947;WA:1911;FL:1750;AZ:1562;GA:1405;OR:860;TN:854;OH:854,high
5493008NWHQT1R22C024,,,,unmatched,22722,13125,1724,FL:1724;CA:1554;VA:897;TX:880;NY:827;AZ:698;MI:616;GA:565;SC:484;IN:429,high
549300RN01LBYR8ZVX74,,,,unmatched,29643,17905,1721,TX:1752;FL:1721;OH:1641;SC:1492;IL:1191;CO:1189;NC:1047;GA:846;VA:635;MD:581,high
549300YIQ7S7Z8PIHE53,,,,unmatched,94427,24298,1667,FL:1667;CA:1635;NC:1353;GA:1343;TX:1068;PA:997;OH:991;VA:957;NJ:888;IL:882,high
549300O6Z0I6KYMESL47,,,,unmatched,19692,12091,1634,CA:4633;FL:1634;TX:1476;GA:546;UT:295;NJ:281;AZ:251;VA:241;PA:236;IL:224,high
54930030S6J5KOL5LJ73,,,,unmatched,3477,1702,1606,FL:1606;GA:16;NC:15;TX:12;CA:11;VA:8;SC:7;TN:5;WA:5;CO:4,high
549300370QILXLFUWD20,,,,unmatched,20147,14357,1590,TX:1648;FL:1590;CA:1176;GA:1124;NC:1090;CO:635;AZ:603;MI:599;OH:481;VA:436,high
549300J7I82PNDVU8H22,,,,unmatched,29739,16337,1580,CA:7327;FL:1580;TX:1270;MD:564;IL:454;AZ:439;GA:412;NV:368;MA:335;VA:312,high
2549001SI0EMFPT39035,,,,unmatched,10748,7401,1568,FL:1568;WA:861;CA:706;OH:605;NJ:358;TX:357;GA:340;AZ:316;MI:262;AL:162,high
549300Y5Y88FQLI7VE83,,,,unmatched,14122,8066,1549,FL:1549;CA:1010;TX:738;NC:355;GA:352;NJ:274;OH:265;PA:231;VA:205;IL:205,high
549300OPCWU6E72WUT29,,,,unmatched,41778,24192,1510,CA:1845;FL:1510;NC:1387;OH:1270;IL:1245;TX:1178;GA:1042;AZ:855;VA:839;TN:821,high
549300NOCASXPA34X033,,,,unmatched,69562,16372,1488,FL:1488;TX:1422;CA:1244;GA:829;AZ:635;NC:610;VA:600;CO:583;WA:518;TN:495,high
54930001NSTOD85LT125,,,,unmatched,24645,15934,1458,CA:1539;FL:1458;PA:1342;NJ:1110;IL:970;TX:965;MA:816;MO:782;MN:709;OH:676,high
549300RA3E0BUFO7YZ21,,,,unmatched,14901,7540,1457,FL:1457;CA:1424;TX:795;NY:714;NJ:302;GA:259;NC:179;PA:177;AZ:172;TN:151,high
5493006MCOP60BBI4G97,,,,unmatched,2661,1453,1448,FL:1448;GA:5,high
5493002QI2ILHHZH8D20,,,,unmatched,12871,8821,1371,TX:2250;CA:2009;FL:1371;AZ:982;NV:905;NC:493;CO:315;WA:280;ID:120;SC:96,high
5493002Y5XYV7DV1ZV88,,,,unmatched,11225,6891,1346,FL:1346;MI:1280;TX:409;IN:364;NV:325;NC:308;CO:278;WY:244;WA:213;OH:203,high
549300K4ZLGS7SRDTL86,,,,unmatched,28384,12086,1337,FL:1337;CA:1126;TX:988;GA:737;LA:646;AZ:508;NC:500;TN:491;OH:431;PA:425,high
549300R77W0P105C3S50,,,,unmatched,14377,7980,1325,CA:1332;FL:1325;TX:930;AZ:254;GA:254;OH:210;PA:201;NC:197;TN:196;AL:188,high
5493004AS1SPBQOFDR49,,,,unmatched,14858,8804,1313,CA:2752;FL:1313;TX:1230;NJ:438;CO:244;AZ:210;NC:195;MI:195;VA:193;TN:172,high
549300GFM3T3SN2KS138,,,,unmatched,2124,1316,1310,FL:1310;TN:4;NC:2,high
549300R9S3MVDV4MGF56,,,,unmatched,52143,15089,1296,FL:1296;CA:1022;GA:873;TX:848;IN:732;NC:680;OH:675;NY:576;MI:570;TN:533,high
5493009B17HXCVXTD608,,,,unmatched,8061,5353,1292,CA:1541;FL:1292;TX:353;AZ:252;NJ:208;IL:199;UT:153;GA:129;WA:129;CO:111,high
549300TYV7NDBX6FUR63,,,,unmatched,8266,5290,1267,TX:1788;FL:1267;NC:785;SC:638;CO:317;GA:270;TN:160;MD:42;AZ:12;AL:6,high
549300JYXTZDSPJEPI44,,,,unmatched,23886,14594,1239,TX:1897;FL:1239;NY:1222;CA:1056;PA:866;MN:713;MI:555;NC:515;IN:489;IL:475,high
549300PXL1KA5TOL2O82,,,,unmatched,8501,7003,1223,TX:2129;FL:1223;OH:1088;NC:723;MN:571;IL:566;IN:437;MI:185;TN:74;SC:7,high
254900E6AIE4Z8YQM970,,,,unmatched,11513,6978,1222,CA:1470;FL:1222;TX:651;NY:357;NJ:278;AZ:267;GA:252;HI:244;SC:197;NC:181,high
549300KBWX4NV5Q1E376,,,,unmatched,23048,16403,1211,VA:2711;MD:1912;NC:1829;OH:1817;SC:1514;PA:1502;FL:1211;DE:1001;TN:817;NJ:655,high
549300XECJ0294F1ZG19,,,,unmatched,3199,2648,1207,FL:1207;NC:576;AZ:572;TX:267;SC:26,high
54930021WPEXNHYZUL09,,,,unmatched,18947,14467,1206,TX:1597;FL:1206;GA:1125;CA:1003;PA:597;LA:585;VA:490;NC:417;OH:417;ID:411,high
5493002B2WMHY23GFK92,,,,unmatched,15900,11444,1201,FL:1201;TX:938;NC:727;AZ:557;MO:535;TN:529;SC:473;OH:451;CA:440;GA:433,high
549300YB1H2FRI6JPM51,,,,unmatched,18732,14279,1196,MI:12864;FL:1196;OH:66;IL:61;IN:47;WI:33;TN:3;SC:3;MN:2;NC:1,high
549300VORTI31GZTJL53,,,,unmatched,18123,12305,1187,TX:2136;FL:1187;IN:791;TN:697;WI:497;NC:467;GA:453;MN:448;PA:446;NY:375,high
549300PIL90PE1ZLKI49,,,,unmatched,1879,1157,1135,FL:1135;GA:9;NC:7;MI:1;UT:1;TN:1;AL:1;WI:1;SC:1,high
549300XFPZ54Y2QPYR56,,,,unmatched,2778,2020,1129,FL:1129;OH:338;PA:309;WV:127;GA:41;AL:36;VA:27;KY:12;IN:1,high
549300IFOE4SCP384147,,,,unmatched,2997,2426,1083,FL:1083;MI:505;IN:245;CA:67;NC:57;GA:47;TN:44;SC:43;AL:27;AZ:25,high
COOWI3L2W9TPYR3WJX37,,,,unmatched,13363,8447,1045,TN:2513;LA:1305;FL:1045;TX:905;NC:690;AR:628;GA:426;AL:320;MS:167;MO:110,high
54930054ET8KM4O1D485,,,,unmatched,55546,16189,1042,CA:1778;FL:1042;NC:865;TX:858;NJ:752;IL:709;GA:704;PA:668;OH:585;VA:529,high
549300XY701IELCE5Q08,,,,unmatched,45682,14567,1004,CA:1786;TX:1143;FL:1004;GA:685;NC:664;NJ:658;CO:512;OK:493;WA:480;IL:476,high
549300GCEP3NM7A1X491,,,,unmatched,4999,2788,991,NY:1749;FL:991;NJ:29;MA:9;VT:9;NC:1,high
549300GS0W0TEUQS8571,,,,unmatched,14182,10740,990,CA:1957;FL:990;NY:947;TX:573;NJ:548;MA:449;CO:427;IL:381;WA:350;GA:322,high
549300FX7K8PTEQUU487,,,,unmatched,26508,11278,972,VA:1455;CA:1113;TX:1055;FL:972;MD:652;GA:541;NC:517;NJ:449;PA:338;AZ:290,high
549300VCMRO4ST680C11,,,,unmatched,32888,10858,935,TX:1052;FL:935;CA:770;GA:706;NC:705;VA:580;MO:413;SC:382;OH:351;TN:349,high
549300ZIQ24V0C88AC41,,,,unmatched,3616,2102,933,FL:933;CA:430;WA:89;TN:86;AZ:78;MD:69;OR:65;NC:59;GA:31;NJ:29,high
549300121SF0K2LN2804,,,,unmatched,33320,24706,931,TX:6358;SC:1561;MO:1496;NY:1278;CA:1208;OH:1134;FL:931;PA:746;WA:716;AZ:610,high
549300BPDFS1CLV7K329,,,,unmatched,1256,932,916,FL:916;GA:7;NC:4;ME:2;MD:1;SC:1;OH:1,high
Q708HHR4LD2B7XIZNO92,,,,unmatched,7944,4687,899,FL:899;GA:410;SC:336;NC:251;TX:177;WI:176;IL:163;MO:154;VA:147;MN:131,high
5493007VW2EU20PZYU97,,,,unmatched,9059,6596,896,TX:1274;FL:896;AZ:728;CA:693;GA:681;CO:479;NC:408;NV:369;WA:252;TN:243,high
25490066WMF8ZMQXQB18,,,,unmatched,15401,10890,885,CA:1076;TX:945;FL:885;OH:719;IL:683;PA:647;GA:617;NJ:614;NC:534;MI:458,high
549300GTVXJ2PGXNLM73,,,,unmatched,12024,9307,869,TX:1195;FL:869;NC:762;OH:610;SC:592;KY:592;CT:447;VA:334;IL:302;AR:278,high
549300F8C5JA44WNMI75,,,,unmatched,18919,12172,856,VA:2520;NJ:1899;FL:856;NY:768;CT:755;MA:739;OH:544;IN:489;PA:397;RI:334,high
5493000YNV8IX4VD3X12,,,,unmatched,121666,19996,844,NC:2515;SC:2449;TX:2045;GA:1956;TN:1509;IN:1449;AL:1426;KY:1150;FL:844;OH:738,high
5493006ZBGVXBAMCRG16,,,,unmatched,4224,840,840,FL:840,high
549300GRGZDEH4ZGQS06,,,,unmatched,9623,7079,832,NM:2064;FL:832;OK:493;TX:430;VA:402;WI:395;AZ:386;ID:349;MO:235;MD:195,high
C5654JQHZUHN0772B561,,,,unmatched,26635,11693,825,TX:1101;FL:825;NC:681;GA:562;VA:488;TN:407;OH:397;PA:348;MO:340;SC:332,high
549300YN94MOAVYW0F52,,,,unmatched,21298,9778,819,CA:1030;FL:819;TX:667;IN:664;AZ:631;OH:614;GA:475;NC:468;VA:353;TN:352,high
549300CZ48D9RNN5TA64,,,,unmatched,1033,811,809,FL:809;AL:2,high
549300SUCQ1358EGVE89,,,,unmatched,45543,8395,805,FL:805;NC:548;GA:542;OH:452;AL:393;VA:372;PA:367;SC:330;TN:325;MI:311,high
5493001GDRY0EL7VG372,,,,unmatched,20194,15382,795,TX:4151;KY:1179;CO:914;FL:795;CA:751;SC:545;TN:524;MI:399;GA:387;AZ:384,high
GDN5JXQ4P5NZE28ZRC90,,,,unmatched,1807,1198,788,FL:788;GA:292;AL:39;NY:14;NC:11;SC:9;OH:9;CO:5;TN:5;CA:5,high
549300S5YL3OH0IVCS62,,,,unmatched,12584,8696,786,CA:2527;FL:786;TX:524;AZ:401;NY:368;WA:337;CO:303;NJ:280;NC:254;GA:195,high
549300CB67L6KPJLHE19,,,,unmatched,72633,14578,774,TX:2321;CA:1644;MI:1245;MS:1014;FL:774;LA:606;AL:587;PA:553;WA:550;OR:426,high
X05BVSK68TQ7YTOSNR22,,,,unmatched,68974,9711,771,CA:813;FL:771;TX:649;IL:493;NY:467;GA:466;NJ:451;OH:397;PA:392;VA:317,high
DX0JX77PRMOELF7VG772,,,,unmatched,7684,4949,752,GA:2576;AL:1016;FL:752;SC:458;TN:115;NC:24;MS:6;TX:1;OR:1,high
549300EMNDEK4BA8WB53,,,,unmatched,8399,6547,742,NH:806;FL:742;PA:717;NJ:658;VT:644;MA:523;GA:375;VA:364;NC:314;MD:228,high
549300NT030LXB2A8T82,,,,unmatched,1191,880,742,FL:742;MD:56;NJ:28;TX:18;GA:11;VA:6;NC:5;PA:4;WV:2;DC:2,high
SS1TRMSN6BRNMOREEV51,,,,unmatched,19117,9656,737,MI:2677;TX:943;CA:934;FL:737;IN:410;NY:367;GA:351;AZ:303;OH:300;NJ:204,high
54930030C6U0HERIQ090,,,,unmatched,1192,730,730,FL:730,high
5493009BD405QQTMXO12,,,,unmatched,8542,4943,715,FL:715;TX:681;ID:535;GA:355;CO:335;SC:304;NV:266;NJ:263;PA:256;NC:249,high
549300Y6WN08IC7KWH70,,,,unmatched,2526,1661,712,GA:797;FL:712;TN:151;NC:1,high
2549007JZSAICH4GZJ60,,,,unmatched,2386,1856,711,FL:711;IL:505;CA:358;IN:126;WI:111;MI:10;AZ:9;TX:4;VA:4;WA:4,high
549300323EON4W3CCM44,,,,unmatched,8059,5418,702,CA:1108;FL:702;IL:626;TX:527;CO:377;MN:244;AZ:204;WA:202;UT:167;SC:161,high
549300R7HGHP2I754087,,,,unmatched,9404,7331,695,IL:1045;TX:784;FL:695;GA:640;AL:618;MI:430;SC:350;LA:296;NC:279;CO:224,high
549300T9P3WXNMXX0I34,,,,unmatched,11998,8425,693,WI:1245;PA:1110;OH:1044;NC:765;FL:693;IL:563;IN:394;TN:333;VA:290;TX:224,high
549300RFLICNI75BG067,,,,unmatched,12136,8416,686,MN:1356;NJ:1069;FL:686;CO:543;IN:517;KY:435;DE:277;WA:265;TX:244;SC:240,high
549300T94GSH3C4U5M59,,,,unmatched,14981,8359,679,CA:1937;IL:777;FL:679;WA:593;AZ:482;CO:385;OR:353;GA:331;NJ:280;VA:212,high
549300EKFFG3BU8DNX74,,,,unmatched,10644,5793,672,CA:1752;FL:672;TX:565;AZ:358;WA:190;GA:182;NJ:179;IL:168;PA:142;CO:119,high
549300HRLROF7PLJ6735,,,,unmatched,4575,2742,661,CA:898;FL:661;TX:286;GA:157;WA:61;TN:59;AZ:57;UT:47;MD:46;NV:44,high
549300SK2GVCQXPD4S58,,,,unmatched,16278,8918,658,CA:1697;TX:1058;FL:658;AZ:538;GA:358;IL:304;PR:289;OH:247;NC:246;VA:245,high
549300XQ7B5FIVUNFE29,,,,unmatched,3603,2428,652,FL:652;MI:441;OH:213;TN:202;IN:187;NC:112;ID:109;NM:104;UT:84;TX:54,high
2549005K0ZG1MFV3R260,,,,unmatched,1778,913,644,FL:644;TX:61;CA:44;NJ:38;GA:33;NC:11;SC:9;NY:8;TN:7;IL:7,high
2549004Z576VEJBK3N72,,,,unmatched,4063,2542,640,FL:640;CA:361;NY:343;NJ:236;TX:128;GA:98;AZ:69;PA:63;IL:63;MA:60,high
5493006Q0EMYD3OJ8N13,,,,unmatched,859,699,636,FL:636;TX:43;NY:12;CO:5;MA:2;MD:1,high
54930043BMDE130FJ617,,,,unmatched,18818,12170,632,TX:1706;CA:1208;PA:892;NC:669;CO:657;UT:642;FL:632;GA:602;WA:580;AZ:578,high
213800QUAI2VH5YM6310,,,,unmatched,5973,4493,627,MD:856;FL:627;NJ:599;VA:582;NY:269;MA:257;AL:256;DE:215;PA:149;NH:133,high
254900O2K17TNH5CL873,,,,unmatched,8594,6766,624,TX:900;OH:776;NJ:692;FL:624;PA:592;IL:565;MA:433;MD:311;NC:248;MI:202,high
549300ZPSJZO10ZAX556,,,,unmatched,9325,4494,621,FL:621;TX:462;CA:274;NY:256;OH:253;NC:214;GA:174;PA:172;SC:160;NJ:156,high
254900HA4DQWAE0W3342,,,,unmatched,15379,9160,619,TX:1692;GA:705;FL:619;CA:540;PA:524;IL:452;IN:431;OH:396;AL:335;TN:311,high
5493001HHBUTXHS7TZ96,,,,unmatched,6819,5353,614,CO:1121;AZ:971;CA:865;FL:614;NV:376;UT:300;WA:299;VA:210;ID:147;TN:115,high
549300QD5CQZ9PPP5B09,,,,unmatched,2236,1160,606,FL:606;CA:553;NJ:1,high
549300EM8ID8J7F8OM55,,,,unmatched,9081,7383,603,VA:2637;SC:1380;MD:1160;NC:691;FL:603;GA:452;WV:267;DC:86;PA:46;MA:17,high
5493005PT09Z02WXW551,,,,unmatched,934,613,601,FL:601;CA:4;IN:3;TN:2;NC:1;WA:1;GA:1,high
549300IKNQI45EOJU155,,,,unmatched,2162,1584,599,GA:820;FL:599;TN:60;NC:41;SC:37;AL:23;VA:4,high
54930029L79O0A2ZXF27,,,,unmatched,1458,599,599,FL:599,high
254900DRSIZBQXDCJ875,,,,unmatched,2409,2409,590,FL:590;CA:463;TX:382;GA:205;NC:175;TN:85;PA:70;VA:61;OH:53;MD:28,high
54930052M48FOD3CWA54,,,,unmatched,13770,9570,582,MD:1466;NM:1071;RI:690;FL:582;NC:479;TX:475;CO:384;CA:363;UT:355;TN:283,high
549300BEFX6JRSCS5N78,,,,unmatched,5149,2868,582,AR:1278;TX:904;FL:582;AL:29;OK:19;MO:17;CO:6;GA:5;NM:5;KY:3,high
549300R0SXC1JU7ZU290,,,,unmatched,13447,10308,575,TN:2461;OH:1167;MI:696;FL:575;GA:520;VA:503;AL:495;PA:402;KY:386;IN:376,high
5493001ZUNE2DKEA4702,,,,unmatched,1235,587,574,FL:574;GA:11;VA:1;CA:1,high
E57ODZWZ7FF32TWEFA76,,,,unmatched,33959,15812,565,CA:5786;NY:3687;IL:1251;NJ:707;FL:565;TX:506;MD:400;WA:317;VA:311;DC:281,high
NSGZD26XPW2CUM2JKU70,,,,unmatched,5969,3719,538,LA:2258;FL:538;MS:480;TX:209;AL:204;GA:6;TN:5;NC:5;OK:3;SC:2,high
549300UXY7OP0IC38293,,,,unmatched,10377,6396,524,KY:1184;MI:572;FL:524;CO:486;MA:288;GA:219;TN:219;IN:218;UT:207;CA:205,high
5493000NYUJT9UC6G261,,,,unmatched,8132,5519,521,MO:1526;IL:660;FL:521;CA:395;KS:382;WA:233;AL:224;IN:223;ME:215;GA:191,high
254900667M5CK6Y3DF27,,,,unmatched,647,519,518,FL:518;NY:1,high
KI0VI4JRMCIJ329YTN75,,,,unmatched,4576,3036,507,NJ:1659;NY:656;FL:507;AL:99;PA:40;CA:10;CT:10;SC:9;NC:9;IL:6,high
549300UR5AOWTJJ7KZ64,,,,unmatched,5432,3529,505,FL:505;CA:468;TX:301;UT:146;AZ:133;GA:129;MA:119;SC:118;WA:111;IL:106,high
549300TA4MQM8WN2XG31,,,,unmatched,9454,5106,504,FL:504;PA:494;NJ:395;CA:388;TX:381;NY:356;IL:278;OH:277;MI:227;GA:185,high
549300D7OB5W5CJHFO55,,,,unmatched,1151,511,500,FL:500;AL:4;TN:3;GA:2;NC:1;IL:1,high
549300INFJ8TYNZ1G568,,,,unmatched,6522,6065,485,CA:1748;FL:485;TX:359;CO:314;WA:265;AZ:233;IL:200;NY:192;NJ:178;NC:172,high
PAOOWF3GUFM46FBSP561,,,,unmatched,20501,7655,485,CA:800;TX:669;FL:485;VA:355;GA:309;AL:289;AZ:265;NC:262;TN:247;CO:244,high
254900VECGAWC5CPU773,,,,unmatched,1155,718,469,FL:469;AL:208;GA:15;SC:4;MS:3;LA:3;MO:3;IL:2;MI:2;AZ:1,medium
549300CLRXFVF83ZL806,,,,unmatched,5839,3929,463,NY:2070;NJ:486;FL:463;PA:182;NC:102;MD:98;CT:83;OH:63;TX:57;GA:56,high
549300DMI3W6YLDVSK93,,,,unmatched,781,463,463,FL:463,medium
54930030Z1JWTP3SVD16,,,,unmatched,5609,3061,458,FL:458;GA:334;CO:273;MI:253;OH:173;NC:169;TN:155;PA:126;IN:115;MO:94,high
5493000349C5XXDRQX28,,,,unmatched,5151,2780,451,CA:928;FL:451;TX:246;AZ:169;NY:139;CO:101;PA:80;NJ:73;VA:64;WA:62,high
254900M2C4Q6DATP2889,,,,unmatched,12186,4137,448,CA:510;FL:448;NC:357;GA:286;AZ:260;OH:245;PA:224;TN:199;NJ:191;MI:170,high
01J4SO3XTWZF4PP38209,,,,unmatched,10900,8002,447,MS:4094;AL:2645;FL:447;TN:322;TX:294;SC:85;GA:53;LA:43;AR:8;NC:5,high
549300DE8TS4EYTPX729,,,,unmatched,5588,4153,445,NJ:1545;PA:992;FL:445;IL:355;TX:171;MA:141;ME:133;LA:87;MD:64;VA:39,high
254900TG14TB8RKS3U42,,,,unmatched,5372,2569,435,FL:435;PA:345;TX:260;CA:165;NC:159;AL:142;GA:127;VA:89;TN:83;NJ:75,high
549300NB3SBC1KHAWB92,,,,unmatched,5621,4133,434,MO:1690;NE:537;FL:434;IA:427;KY:328;AR:243;IL:195;TN:186;CO:24;KS:17,high
549300NZLFJGIDOXDW97,,,,unmatched,549,433,433,FL:433,medium
254900RUCO27MVGTO768,,,,unmatched,20166,9270,432,NY:1687;NJ:1215;IL:1106;OH:564;PA:540;FL:432;CT:324;GA:317;TX:281;IN:258,high
875500CPQ9Z7QEFE5G90,,,,unmatched,2651,1847,431,TX:1366;FL:431;NM:13;CO:7;AR:6;GA:5;LA:3;VA:3;TN:3;NC:3,high
549300VMX06UV1F7NS76,,,,unmatched,5690,4240,429,MI:955;FL:429;PA:390;GA:343;TX:255;TN:237;KY:231;OK:184;NC:159;WV:155,high
549300VYK2WBD7SST478,,,,unmatched,5040,2626,429,AR:1001;GA:707;FL:429;NC:284;TX:160;TN:15;SC:8;AL:6;LA:3;MO:3,high
5493003V40VGM7YDFM54,,,,unmatched,13160,8831,427,UT:2983;WI:802;CA:772;NJ:570;FL:427;ID:415;PA:374;TX:278;GA:253;TN:189,high
549300XSS1CPK8G7B851,,,,unmatched,1792,1464,426,AL:596;FL:426;TN:153;SC:115;GA:75;NC:54;VA:16;MS:6;TX:5;IN:3,high
5493002RF1ERFA2XR050,,,,unmatched,12133,8976,425,MS:2189;GA:2005;AL:1966;TN:941;SC:545;FL:425;NC:301;LA:187;KY:161;VA:156,high
549300PQLK8E48ILXV41,,,,unmatched,7850,4388,421,CA:533;FL:421;MI:227;TX:213;LA:192;AZ:190;MO:161;GA:156;NC:154;IL:149,high
Q7C315HKI8VX0SSKBS64,,,,unmatched,20856,14010,417,TX:3639;MS:3510;TN:1772;AL:1759;AR:939;LA:730;GA:614;MO:485;FL:417;SC:52,high
549300PL267CW8182203,,,,unmatched,11290,4203,416,TX:477;FL:416;GA:412;CA:409;VA:330;AZ:273;CO:169;NC:157;TN:157;WA:110,high
5493001XKL0FTNOJ0866,,,,unmatched,8198,5554,414,AZ:794;MO:589;FL:414;TX:386;IN:359;OH:291;GA:260;IL:215;LA:188;NM:163,high
549300WYBPIWKK6SQC06,,,,unmatched,14525,11534,407,MN:6525;AZ:1256;WI:1031;ND:674;FL:407;MO:405;NM:397;KS:352;TN:190;CO:39,high
894500Z5NTAJDQWN0T57,,,,unmatched,538,405,405,FL:405,medium
549300GMNBYF84V5RF83,,,,unmatched,874,545,398,FL:398;GA:146;AL:1,high
549300BX448ALT10FI43,,,,unmatched,20909,8296,397,IL:809;NY:620;NJ:552;VA:437;NC:413;OH:408;FL:397;PA:379;GA:356;CA:265,high
549300MHH03ICJYEPE85,,,,unmatched,8187,5120,396,CA:1040;FL:396;TX:315;NY:235;AZ:220;UT:193;MA:191;TN:179;CO:166;NC:147,high
549300Q50XCC0473FG63,,,,unmatched,10408,5048,389,CA:1243;NY:460;FL:389;NJ:308;AZ:246;WA:207;VA:171;NC:137;TN:136;IL:123,high
549300A5HHOL2ED18C72,,,,unmatched,6706,3194,389,CA:1372;FL:389;TX:211;LA:85;WI:71;MD:62;OH:61;NC:58;MI:55;IL:55,high
2549002VH9C0PKB8K153,,,,unmatched,5687,3056,388,CA:933;NY:575;FL:388;NJ:317;TX:139;CT:89;PA:69;MA:49;GA:47;IL:45,high
213800XR2TCBQJSF1X93,,,,unmatched,11823,6849,383,MO:523;TX:518;KS:430;FL:383;NC:354;WA:335;CA:313;GA:257;VA:252;IL:206,high
549300BZDER2ZANLA242,,,,unmatched,946,381,381,FL:381,medium
549300PBTV7FCWLSMM53,,,,unmatched,9758,6224,380,TX:1363;GA:446;CO:423;NC:404;FL:380;OK:315;CA:260;AL:227;MS:224;NM:223,high
54930048P8RWCQHQM310,,,,unmatched,5439,3131,380,CA:504;NY:503;FL:380;TX:240;NJ:231;AZ:117;MA:110;CT:108;MD:89;CO:86,high
5493003BXKRGHQHRJV38,,,,unmatched,1170,684,375,FL:375;GA:200;MD:24;VA:16;NC:14;MA:11;AZ:5;TX:5;TN:4;AL:4,high
5493001X0T84TYRJ5Y59,,,,unmatched,3372,2086,372,CA:1029;FL:372;TX:130;GA:83;WA:40;AZ:37;NC:36;MI:31;TN:27;OH:26,high
T68X8LLAQYRNDV034K14,,,,unmatched,11449,7529,369,GA:3186;NC:1511;TN:1055;SC:924;AL:476;FL:369;LA:3;KY:2;NY:1;IL:1,high
254900HEJ9F73IMPX887,,,,unmatched,8973,3486,364,TX:453;FL:364;CA:232;NC:211;GA:210;NJ:181;VA:137;PA:135;WA:130;OH:121,high
549300GE8KIGZVQV1223,,,,unmatched,1969,1593,363,MA:431;FL:363;MD:162;CT:157;RI:137;SC:113;NH:93;PA:61;NC:23;DE:14,high
549300FOCEH0X0ZOR362,,,,unmatched,580,412,360,FL:360;SC:31;GA:9;NC:7;TN:4;AL:1,medium
549300KTR1JGH3K6LU06,,,,unmatched,17668,7240,358,NY:4085;CA:552;FL:358;NJ:336;GA:195;NC:136;CT:119;PA:113;IL:112;WA:111,high
254900CTT87ZKAUTIJ37,,,,unmatched,7767,4886,354,PA:577;OH:524;TX:373;FL:354;MD:352;CA:261;MI:219;GA:217;MO:208;OK:194,high
254900ACU16O36WZP625,,,,unmatched,726,726,351,FL:351;TX:233;WI:29;NC:23;TN:22;AZ:22;GA:21;NV:11;VA:7;OK:4,high
UPMVBH3EU3LS6P1KR697,,,,unmatched,661,356,351,FL:351;NJ:3;NY:1;GA:1,medium
549300EQED7LF41GHV46,,,,unmatched,565,359,344,FL:344;TX:2;VA:2;TN:2;GA:2;NC:2;AL:1;MO:1;PA:1;MA:1,medium
5493004N9PMBSLEZOF16,,,,unmatched,5604,4029,343,TX:820;CA:686;AZ:468;DE:364;FL:343;NJ:331;OH:247;VA:244;MD:232;SC:150,high
WWB2V0FCW3A0EE3ZJN75,,,,unmatched,40592,23443,342,NY:7073;MD:3115;PA:3099;CT:2398;MA:1690;NJ:1501;VA:901;DE:767;VT:352;FL:342,high
254900TTZ395IC926125,,,,unmatched,10564,7434,341,CA:2290;TX:605;OR:449;KS:368;FL:341;AZ:307;MA:268;CO:267;TN:243;MD:215,high
549300D4ZYLSQ5LMTV35,,,,unmatched,4352,2965,338,NJ:1569;PA:399;FL:338;NY:298;OH:85;DE:75;SC:49;TN:30;MD:29;CT:23,high
549300DMYENRV818D594,,,,unmatched,8506,6441,329,TX:1607;GA:638;TN:631;CO:511;MN:476;VA:456;MD:424;AR:355;FL:329;PA:299,high
2549004EXIAAMK5CLH54,,,,unmatched,765,462,327,FL:327;GA:119;AL:14;NC:2,medium
549300LDC5KWHWDXTW48,,,,unmatched,674,324,324,FL:324,medium
549300GL556PQ7WG0G08,,,,unmatched,638,318,318,FL:318,medium
549300GWD9H4FQ2VR805,,,,unmatched,4480,3386,316,CA:552;FL:316;NY:308;TX:200;CO:163;NJ:139;WA:130;MA:124;NC:111;AZ:98,high
X6T32LKEPUT8LQMW6755,,,,unmatched,4059,2475,315,KY:1477;FL:315;TN:233;IN:220;OH:205;SC:5;VA:5;NC:3;MO:2;AL:2,high
549300WKOE38PNUSOD49,,,,unmatched,417,323,314,FL:314;GA:9,medium
549300NJVKCDJA5YC939,,,,unmatched,5321,3783,310,GA:982;AZ:757;CA:454;MN:450;FL:310;CO:204;SC:183;TX:102;IA:98;NC:96,high
549300VS8Y4N1Y2J0S91,,,,unmatched,389,308,308,FL:308,medium
254900BMXWPEHXG4LF21,,,,unmatched,1644,1116,302,CA:361;FL:302;TX:72;WA:62;AZ:48;CO:39;MI:27;PA:25;OR:22;UT:21,high
ZXMJHJK466PBZTM5F379,,,,unmatched,2077,1712,298,FL:298;TX:142;CA:122;NC:99;NY:75;CO:74;TN:69;GA:58;SC:54;NJ:49,high
984500D61DCEC4E2B661,,,,unmatched,945,686,297,FL:297;NM:239;CO:34;NH:26;ME:15;NC:13;GA:13;MA:12;TX:10;MO:6,medium
254900EL5N0NK8M96118,,,,unmatched,736,296,296,FL:296,medium
549300W6K140RN8NQB93,,,,unmatched,4820,3280,295,MI:2985;FL:295,medium
549300EOHSB7M6IFW844,,,,unmatched,452,336,294,FL:294;SC:35;NC:4;TX:1;GA:1;TN:1,medium
254900T576VYG7I55390,,,,unmatched,896,421,294,FL:294;AL:125;TN:1;GA:1,medium
549300QR0KFPEDZPEI42,,,,unmatched,11060,7147,289,KY:2250;AL:997;TN:703;IN:657;GA:442;MS:391;FL:289;OH:283;PA:270;WV:226,high
549300VQUTI5IU7GXT57,,,,unmatched,9801,5896,286,UT:1700;TX:1288;AZ:548;NV:328;FL:286;GA:253;WA:156;CO:149;CA:127;HI:122,high
549300WWJ28EP3GZG107,,,,unmatched,3608,2283,286,PR:1997;FL:286,medium
3Y4U8VZURTYWI1W2K376,,,,unmatched,35659,16529,285,IL:3906;CA:3818;WI:2970;IN:1029;AZ:962;CO:755;MN:487;MO:324;NE:297;FL:285,high
254900QNIR86GUIRYH95,,,,unmatched,6105,3059,284,CA:1861;TX:290;FL:284;NC:89;GA:80;AZ:48;VA:46;CO:42;NJ:36;NV:34,high
5493004RLLKTQS8K7U51,,,,unmatched,3878,2099,282,TX:639;FL:282;OK:185;NC:127;IL:104;AZ:96;NY:78;CA:78;NJ:51;MA:42,high
54930091JQKCU3Z6IP44,,,,unmatched,25603,2519,276,GA:284;FL:276;OH:189;TX:151;NC:128;NY:123;VA:120;PA:118;TN:101;NJ:100,high
549300NWBS6MQJX15N44,,,,unmatched,7805,5717,275,CA:1262;TX:1171;GA:488;AZ:284;FL:275;WA:270;IL:229;PA:169;CO:168;MN:127,high
549300ALNLUNS3Y53T24,,,,unmatched,26611,5416,274,CO:1398;GA:491;TX:304;FL:274;OH:189;NC:168;CA:163;PA:147;IN:122;MI:111,high
254900FBWEZ3YUPOBN33,,,,unmatched,3876,2305,269,FL:269;NC:262;VA:149;SC:137;GA:131;TN:130;TX:120;OH:114;PA:108;IN:101,high
549300QKL5FUBZ8LSF50,,,,unmatched,8223,5926,268,OR:1427;CA:840;PA:570;WA:435;MA:314;FL:268;NJ:191;IL:190;TX:184;OH:183,high
L9VVX1KT5TFTKS0MLF66,,,,unmatched,21831,14381,266,NC:6984;SC:3577;CA:1383;VA:664;GA:442;FL:266;MA:197;TN:106;AZ:95;TX:92,high
CKVBED0S4DMLKJJ5XH28,,,,unmatched,5127,4497,265,MO:1522;CA:364;FL:265;IL:150;TX:142;NY:138;NC:122;NJ:119;GA:115;CO:104,high
549300LROQOOQU77WS20,,,,unmatched,12661,5807,263,CA:537;TX:435;NC:318;WA:301;GA:291;FL:263;NJ:234;VA:233;CO:195;IL:189,high
549300W45D2J6BT4LX65,,,,unmatched,1745,1727,260,FL:260;CA:195;TX:184;NJ:175;MD:150;VA:124;GA:65;NC:63;AZ:51;SC:46,high
5493004KSBZEBHIMRT79,,,,unmatched,322,264,255,FL:255;NC:9,medium
C398JSK21YCXWM603F55,,,,unmatched,11708,7752,252,IL:2719;WI:1224;CA:371;IA:328;FL:252;MN:237;MI:223;NY:179;TX:179;NC:174,high
5493005QK4NV0ZZ5EM64,,,,unmatched,4961,3869,251,MS:3017;AL:513;FL:251;TN:68;LA:9;AR:4;GA:3;NC:2;MO:1;IL:1,medium
XC7Z0BA39TU7L1AKOJ12,,,,unmatched,4458,2588,246,IL:2072;FL:246;WI:139;IN:23;CA:16;GA:10;AZ:9;CO:9;MI:9;MN:9,medium
549300C8GOC4OYUV0Z32,,,,unmatched,4824,2639,244,MD:270;OH:262;FL:244;TX:183;PA:140;GA:128;NC:127;MO:105;IN:98;MI:96,high
549300NN0PRX3I4QGG46,,,,unmatched,1601,896,244,FL:244;NC:138;GA:108;TX:89;VA:52;MO:39;SC:36;IN:35;AL:29;PA:17,high
549300IWE0Y507LPF493,,,,unmatched,4582,3663,244,MI:3342;FL:244;OH:46;IN:10;IL:7;CA:7;CT:3;KY:2;MN:1;TX:1,medium
254900YB9XQDO5W4KU33,,,,unmatched,503,244,244,FL:244,medium
549300H3F1P2EQW0FC36,,,,unmatched,385,251,243,FL:243;NC:6;TN:1;VA:1,medium
549300RYTR2RVL4SFJ90,,,,unmatched,3013,1893,241,TX:242;FL:241;NC:142;NJ:131;GA:121;MO:113;HI:95;PA:72;CA:65;OH:62,high
549300BAZS5RZ8O98A51,,,,unmatched,391,240,240,FL:240,medium
5493004LAP3ULXM1YB66,,,,unmatched,1852,1160,238,PR:922;FL:238,medium
549300T7HRS5DVBUPQ06,,,,unmatched,3766,3018,235,GA:1234;FL:235;CO:226;IN:182;AZ:181;NC:142;OH:137;AL:121;SC:55;WA:50,high
2549008X67CV1MNM7747,,,,unmatched,2234,1270,235,NY:744;FL:235;CT:107;NJ:85;PA:27;NC:12;GA:12;SC:10;AZ:8;DE:6,high
549300GT860C7IVCPZ04,,,,unmatched,330,235,235,FL:235,medium
549300JI0UWY4QIWDV89,,,,unmatched,2399,1972,233,SC:469;MA:445;ME:343;NH:248;FL:233;CT:136;RI:39;MD:22;NC:15;GA:11,high
5493008ZTV4S0W9DCX64,,,,unmatched,4502,1893,229,CA:461;TX:305;FL:229;AZ:106;GA:85;WA:78;NC:54;NV:53;OR:40;TN:39,high
254900LTD432L5CHIZ48,,,,unmatched,3885,1963,228,CA:920;FL:228;MN:130;VA:101;TX:100;GA:64;AZ:51;OH:48;NJ:39;MD:33,high
984500F6E6940CCB6A60,,,,unmatched,4550,2966,227,NY:532;TX:458;CA:403;NJ:403;FL:227;IL:112;GA:76;TN:75;PA:70;MO:58,high
549300NFPC3Y4W3Y7R87,,,,unmatched,7552,4267,225,VA:747;TX:623;SC:342;NC:297;CA:292;GA:272;IN:240;NM:234;FL:225;MT:168,high
54930034MNPILHP25H80,,,,unmatched,11008,7952,223,TX:2178;OK:1547;SC:653;KS:533;AR:350;NJ:337;WV:337;MO:254;FL:223;NM:216,high
5493000EUC3MM52PJV85,,,,unmatched,4889,3122,223,CA:2354;FL:223;TX:92;AZ:81;NV:64;NJ:46;WA:28;GA:25;CO:20;VA:17,high
549300RWXUAFD1WAE410,,,,unmatched,16717,13070,221,NC:6049;VA:4244;SC:955;GA:731;KY:389;FL:221;MD:169;AL:134;TN:63;IN:52,high
254900N33AYNKI4VCV72,,,,unmatched,606,268,220,FL:220;AL:47;GA:1,medium
254900ZHQ3HT9DN8GB42,,,,unmatched,275,219,219,FL:219,medium
254900V6GCDMRQZ34D96,,,,unmatched,1778,987,217,CA:302;FL:217;NY:176;NJ:67;TX:30;AZ:26;PA:22;MA:18;CO:14;CT:14,high
54930072OCHTUJOZQB56,,,,unmatched,7424,5784,211,IN:1919;KY:1771;TN:641;GA:214;FL:211;CO:151;NC:94;SC:94;MS:90;IL:86,high
254900F9ZTVTX763V835,,,,unmatched,3196,2432,210,NJ:1831;FL:210;PA:148;VT:61;IN:53;NY:29;CA:19;NC:17;SC:14;CT:8,high
549300AT7S7TRS2KSX88,,,,unmatched,419,248,207,FL:207;MD:32;TX:5;VA:3;DC:1,medium
549300TVLFC2SSLVOP06,,,,unmatched,261,213,207,FL:207;TX:3;TN:2;AL:1,medium
549300RM1IZYGQDSNL85,,,,unmatched,6074,1623,206,FL:206;TX:167;TN:152;CO:123;KY:69;NC:60;OH:60;NY:56;MI:52;ID:52,high
549300J4330IBZ0BBI43,,,,unmatched,2417,1169,206,AL:855;FL:206;GA:32;MS:21;SC:9;CA:8;OH:6;TN:6;NJ:4;IL:4,medium
549300ZW96EO7YCGVV43,,,,unmatched,275,209,205,FL:205;TN:2;NY:1;MI:1,medium
549300UT4EN6IH579Q63,,,,unmatched,4240,2872,201,TX:1923;FL:201;ID:103;WA:93;OH:82;GA:82;AZ:68;TN:66;CO:45;CA:44,high
549300VJQJVZKJBDWS17,,,,unmatched,9038,6553,201,CT:3299;MA:1361;NH:320;ME:313;FL:201;NY:185;RI:148;MD:119;PA:117;NJ:112,high
5493001JT9MT3Z3Y3M39,,,,unmatched,1216,801,201,FL:201;TX:95;AZ:72;CA:62;GA:31;WA:29;NC:28;MI:28;NY:23;NV:21,high
549300LBBI5HSCNM6E20,,,,unmatched,246,201,201,FL:201,medium
549300249G20MDIDRR27,,,,unmatched,11602,2752,197,TX:748;SC:336;OK:211;FL:197;AL:190;NC:160;TN:135;GA:135;MS:107;AR:88,high
549300JLXD89NGKXMS84,,,,unmatched,977,592,197,FL:197;TX:152;ND:53;ME:44;CO:41;VA:38;OK:24;SC:12;WV:11;NC:7,medium
5493001YIUWLFRXQUO81,,,,unmatched,1797,1370,191,MN:647;FL:191;PA:159;NC:117;CO:68;WI:58;ID:35;CA:20;MI:19;OR:15,high
549300M8WGW2D17CZD19,,,,unmatched,3467,2666,190,TX:1580;AZ:284;UT:203;FL:190;OK:172;GA:69;KS:42;SC:39;TN:17;CO:10,high
254900WT4HAMDFWH3048,,,,unmatched,3715,1440,188,TX:190;FL:188;CA:164;NC:118;GA:93;PA:66;NJ:65;OH:58;TN:47;NV:41,high
N8T7HW55LK5D2ORCKP39,,,,unmatched,24133,15800,187,PA:5819;NC:5046;MD:1678;OH:1491;VA:684;SC:598;FL:187;DC:96;WV:82;DE:50,high
5493001F7QT2YW3K8D98,,,,unmatched,3708,2711,186,LA:1879;AL:316;MS:249;FL:186;TX:72;TN:9,medium
54930021DZJ9CEN11D61,,,,unmatched,2604,1550,185,AL:309;FL:185;GA:184;TN:124;OH:99;NV:96;KY:77;MI:58;IN:48;NJ:39,high
549300LLKEKXL2RM1F61,,,,unmatched,4309,2839,183,NY:1919;PA:226;FL:183;NJ:142;AL:69;TX:53;CT:49;MI:29;SC:26;NC:21,high
549300UG7QXKM7KGV847,,,,unmatched,8724,4960,183,TX:943;IN:417;NY:318;OH:273;GA:245;PA:211;IL:207;MI:199;FL:183;MO:182,high
549300PL8ER6H23P0Z91,,,,unmatched,6554,4443,180,WA:476;IL:470;CA:426;MD:368;TX:302;CO:257;VA:190;FL:180;OR:180;KY:166,high
54930091CYUK2SDZ6D37,,,,unmatched,1538,914,180,CA:343;FL:180;TX:106;MI:78;NJ:20;TN:19;NY:15;MD:14;NV:14;NC:14,high
254900ACUWEGW702BR80,,,,unmatched,2748,1846,179,NY:882;NJ:526;FL:179;LA:63;CT:59;TX:51;PA:42;MD:10;AZ:8;OH:6,high
549300S19BPWGHQOYU13,,,,unmatched,228,181,179,FL:179;TN:1;GA:1,medium
549300S1TXPDZJPDYW17,,,,unmatched,201,183,178,FL:178;TX:4;NC:1,medium
549300YW2UBCMDRMBT48,,,,unmatched,4966,3953,177,NY:644;OH:587;NC:562;PA:364;TN:272;VA:190;GA:180;FL:177;SC:160;IN:99,high
549300KX4S1573HISS22,,,,unmatched,2917,1327,177,CA:417;FL:177;AZ:126;TX:73;WA:45;GA:33;PA:32;NV:29;CO:27;NJ:26,high
5493007WNCT2YQ8O4H14,,,,unmatched,205,174,174,FL:174,medium
2549005FUF02T1IFCA22,,,,unmatched,1029,652,165,FL:165;CA:134;TX:58;NJ:47;UT:19;PA:18;GA:18;CO:16;NC:16;SC:14,medium
549300PEWJWBNEOSS013,,,,unmatched,1864,1297,163,OH:324;FL:163;MD:138;OR:96;NJ:71;NC:62;IN:45;VA:42;KY:40;DE:39,medium
549300IRRKG7NTX2YD83,,,,unmatched,233,166,163,FL:163;CA:1;KS:1;GA:1,medium
254900OGMHGN3FQRRB74,,,,unmatched,207,163,163,FL:163,medium
254900XS6ZEOAD9Q6N72,,,,unmatched,187,162,162,FL:162,medium
549300QIEXWCVRBXUH64,,,,unmatched,281,162,162,FL:162,medium
549300Q3ROEQU3D1IW91,,,,unmatched,19804,2630,160,TX:464;CA:453;AZ:321;FL:160;WA:152;PA:125;NY:122;LA:114;OR:112;OK:54,high
549300RYBJHWWDENV610,,,,unmatched,7839,6192,158,VA:2663;NC:1682;SC:399;WV:255;MD:238;GA:219;PA:168;FL:158;OH:144;TX:123,high
5493005ICQ3QGEIWV618,,,,unmatched,3357,2224,157,NY:956;NJ:297;PA:296;FL:157;TX:101;OH:52;CT:50;GA:42;SC:42;MI:24,high
54930078TNN7GKZ7NU89,,,,unmatched,3985,3063,157,VA:809;GA:678;MD:395;NC:215;FL:157;SC:110;TN:86;ND:80;AL:75;NY:62,high
549300TK6RZQSFXZHV09,,,,unmatched,2683,1473,157,MI:532;FL:157;PA:110;CA:108;NC:75;OH:68;AZ:54;IN:38;MD:34;TX:32,high
54930046JONFO0FON766,,,,unmatched,224,171,153,FL:153;GA:6;TN:3;CO:2;NC:2;NY:1;WV:1;MN:1;TX:1;MI:1,medium
549300XCVBRR56D08F03,,,,unmatched,12867,2293,152,CA:454;FL:152;NV:108;NJ:102;GA:94;AZ:91;NC:85;OH:82;WA:74;CO:70,high
549300OPB0G5OMY0SM65,,,,unmatched,5481,3822,151,CA:2430;TX:253;GA:163;FL:151;IL:149;NV:127;MD:73;VA:71;NJ:70;PA:44,high
549300G5DVGM0ZHRQC33,,,,unmatched,2652,1784,151,TX:185;FL:151;NC:141;GA:106;AZ:103;VA:102;CA:98;OH:89;SC:68;MI:63,high
5493002GI63WHHUTUD85,,,,unmatched,4325,3598,150,PA:1018;DE:564;CO:463;MA:193;NH:188;MD:177;NJ:166;NC:153;FL:150;VA:95,high
549300P55E0GN57DEV03,,,,unmatched,1751,1089,150,CA:569;TX:154;FL:150;GA:95;MD:51;VA:29;AZ:13;IL:9;NC:4;TN:3,high
549300S8SHBRCI7UU819,,,,unmatched,5563,3223,150,IL:917;MN:494;CA:229;FL:150;WI:118;NC:115;OH:89;GA:88;IN:76;TN:75,high
549300WHVRE44NRBU558,,,,unmatched,1549,980,148,MD:277;VA:204;FL:148;NC:97;TX:86;CA:30;AZ:20;WA:18;TN:16;IN:13,medium
549300QCYEU2QLIWN517,,,,unmatched,1425,1051,147,TX:765;FL:147;SC:53;NC:37;VA:9;GA:6;WA:4;LA:4;PA:4;MD:4,high
5493002TJKC8NLH1ZP82,,,,unmatched,2827,1694,144,CA:792;AZ:166;FL:144;UT:99;TX:54;WA:49;GA:43;AL:36;MO:33;VA:31,high
254900VELJPWWT51WN03,,,,unmatched,5625,4489,142,CA:1623;WA:364;TX:314;GA:307;MA:300;NC:289;NY:229;FL:142;NJ:123;OH:104,high
549300REENMLD2RN3W58,,,,unmatched,5575,4097,142,KY:757;GA:741;MS:426;AL:214;SC:204;IN:198;TX:153;FL:142;TN:90;CA:83,high
254900WTZC5SSKIN2M11,,,,unmatched,4245,2709,142,NC:235;IL:187;TX:181;GA:169;MD:143;FL:142;CA:124;CT:119;SC:111;MA:107,high
549300TMY3OACQC9U777,,,,unmatched,2045,963,140,CA:407;FL:140;TX:112;AZ:47;WA:28;NJ:27;CO:21;GA:19;NV:14;MD:14,high
549300KHXD7JSQUZIJ22,,,,unmatched,9519,7038,138,TX:3092;NC:1185;AR:673;TN:487;WA:339;ID:193;FL:138;CO:126;MI:123;IN:91,high
254900QRD0ZXHH08TX87,,,,unmatched,4054,2443,138,TX:2019;FL:138;SC:102;LA:47;CO:32;UT:27;OK:15;MA:15;RI:9;PA:5,high
254900HL2VMAYA3J5494,,,,unmatched,311,173,136,FL:136;GA:6;TN:6;CA:5;AL:3;NC:3;SC:3;PA:2;TX:2;MS:1,medium
549300ZWBZI4IUOSSQ18,,,,unmatched,223,136,135,FL:135;TX:1,medium
1IE8VN30JCEQV1H4R804,,,,unmatched,4645,3065,134,CA:1526;NY:538;WA:358;NJ:144;FL:134;TX:60;CT:37;MA:25;NC:24;IL:22,high
549300FVD3YHE65PKH97,,,,unmatched,3373,2007,134,NV:336;TX:274;CA:216;NJ:193;CO:156;FL:134;IN:120;GA:117;OK:106;IL:99,high
549300ZCR1XCLNEEI724,,,,unmatched,2116,777,131,CA:191;FL:131;TX:73;NY:59;OH:34;NJ:31;PA:23;WA:23;IL:21;AZ:18,high
549300SV2V1USGXBSB36,,,,unmatched,195,137,131,FL:131;GA:5;NC:1,medium
5493002P2P2WON3W9P39,,,,unmatched,211,133,131,FL:131;GA:2,medium
254900NZOY3XB2DNSZ34,,,,unmatched,2542,1799,130,CA:437;NJ:170;FL:130;MA:120;NY:99;WA:95;IL:89;CT:63;GA:61;PA:51,high
9845005BP6974AE5D838,,,,unmatched,1655,741,130,CA:201;FL:130;TX:78;GA:43;TN:37;PA:32;SC:25;WA:25;NC:20;VA:14,high
549300I0ICF6REKHOC74,,,,unmatched,3583,2753,129,MD:1148;AZ:360;IN:294;SC:234;PA:137;FL:129;TX:80;DE:63;AL:54;NC:48,high
9845001DAE89414CBB55,,,,unmatched,8677,2547,129,IN:514;MI:449;WI:337;KS:335;IL:282;TX:174;FL:129;MO:63;OH:56;AZ:32,medium
254900J2RKTTDJSUWD76,,,,unmatched,861,654,128,TX:250;FL:128;CA:88;GA:38;OH:30;IN:19;NJ:18;TN:16;AZ:14;UT:9,high
549300HFBEONQN2CK447,,,,unmatched,10072,8105,127,OH:5594;IN:1546;PA:550;KY:178;FL:127;CA:14;MI:12;TN:12;NC:10;SC:9,high
254900IEGKUDRDS23V26,,,,unmatched,3353,2352,126,CA:1161;NV:182;TX:181;FL:126;GA:80;VA:70;MD:62;WA:60;AZ:52;HI:44,high
549300CN9XK83EUACJ34,,,,unmatched,172,126,126,FL:126,medium
549300A68YW07V5R5G22,,,,unmatched,1972,957,125,CA:536;FL:125;TX:47;AZ:38;GA:26;WA:25;HI:20;NV:20;UT:17;CO:15,high
549300Q6YL1SFVPEGV90,,,,unmatched,2510,822,122,CA:167;FL:122;TX:74;GA:64;WA:64;AZ:50;VA:43;NJ:42;NV:35;MA:25,high
549300OHLAHJ10DFF198,,,,unmatched,918,679,120,UT:282;FL:120;ID:110;TX:72;NV:41;AZ:11;NE:8;TN:5;CA:4;CO:4,medium
254900VE4XTOQUE8NZ77,,,,unmatched,4109,1447,118,NY:330;NJ:271;PA:189;FL:118;TX:105;GA:82;CT:65;NC:46;OH:39;MA:25,high
549300HVW3AI97UKTO72,,,,unmatched,5116,3362,118,MN:2594;WI:213;FL:118;MI:65;GA:64;AZ:32;WA:29;CA:25;TN:25;NC:24,medium
549300RZCM5T73BZEI76,,,,unmatched,340,308,116,AL:131;FL:116;GA:61,medium
549300EYKSNFOZRIBC29,,,,unmatched,257,121,116,FL:116;GA:2;OH:1;NC:1;WV:1,medium
2549005Z23HAAZ6QDM98,,,,unmatched,654,514,115,AL:366;FL:115;TN:8;GA:4;TX:3;MA:2;LA:2;AR:2;NY:2;NC:2,medium
549300FK3AFCFVAPH234,,,,unmatched,7697,6274,114,MA:4926;NH:248;CT:177;RI:124;FL:114;ME:60;CA:58;TX:53;NC:51;NJ:37,high
549300T5QSL6MC8M4D04,,,,unmatched,3181,1954,112,NY:927;CT:403;NJ:182;FL:112;MA:68;IL:37;PA:22;CA:19;SC:19;TX:18,high
549300HTMO7FGRKRLV06,,,,unmatched,1803,1200,112,NY:842;FL:112;NJ:84;TX:28;AZ:27;PA:26;CT:20;GA:10;OH:8;NC:7,high
254900AHLSHUJOTJG402,,,,unmatched,1417,1111,112,GA:917;FL:112;SC:51;AL:21;TN:6;NC:2;MS:1;AZ:1,high
549300G4ESSS6M0MEG51,,,,unmatched,9605,5971,109,IL:1723;CA:1252;WA:895;CO:383;TX:299;NC:292;MD:261;FL:109;IN:85;WY:70,high
549300IJB00VM6H8PP97,,,,unmatched,408,268,109,TX:158;FL:109;NM:1,medium
549300SFG15JDKI5MD22,,,,unmatched,3742,2733,109,MS:1973;AL:311;LA:282;FL:109;TN:28;GA:5;TX:5;NC:3;SC:3;IL:2,medium
2549004XJQQPBYQSMT39,,,,unmatched,2114,1190,108,NY:550;NJ:112;FL:108;CA:87;TX:50;CT:31;MA:29;PA:25;GA:20;IL:17,high
549300CDOC4F7XSRG390,,,,unmatched,8293,5548,107,TN:2808;NC:1222;SC:417;VA:248;AL:224;GA:200;FL:107;MD:82;KY:51;MS:51,high
5493005JF6BKCN6OY689,,,,unmatched,227,193,107,FL:107;AZ:24;SC:19;TX:10;GA:4;OH:3;MI:3;VA:3;NJ:2;NY:2,medium
5493004T9SQFCNRQ2L76,,,,unmatched,3132,2358,106,MO:680;IL:638;SC:255;TN:142;FL:106;MS:89;NC:83;NE:73;VA:71;KS:56,high
549300PJ2WT35S77Q208,,,,unmatched,2564,1526,106,IL:307;WI:186;OH:145;FL:106;PA:65;MI:64;TX:62;MO:56;IN:51;KY:45,medium
2549005T4NUXGTZTUE50,,,,unmatched,344,106,106,FL:106,medium
5493008615GHD3IQ8V72,,,,unmatched,847,673,105,TX:568;FL:105,high
549300ISCZS1R0CJMO47,,,,unmatched,2117,1726,104,TX:255;NC:107;FL:104;GA:77;TN:70;MI:69;PA:67;SC:66;MO:58;IL:55,high
549300BBKMRS6J0CB539,,,,unmatched,4005,2955,102,TX:2153;IL:171;VA:119;IN:117;FL:102;OK:88;MO:56;NV:25;AZ:14;AL:13,high
549300ZIXM1VUXPG4D03,,,,unmatched,1269,891,102,TX:329;MN:145;FL:102;CA:88;ND:30;PA:28;IL:27;OH:17;KY:17;AL:13,high
54930060G4MDPWHISD89,,,,unmatched,7514,5573,102,WA:2680;MT:816;ID:735;NV:455;OR:416;NM:180;FL:102;CA:66;AZ:51;GA:25,high
54930025XJJO3T0M1A92,,,,unmatched,5373,2316,101,GA:1374;WA:128;FL:101;OR:90;MA:88;AZ:71;NJ:66;ID:44;SC:40;CO:39,high
549300748YYU6VG08N83,,,,unmatched,2907,1876,100,CO:911;TX:159;NC:128;FL:100;GA:77;VA:69;SC:52;OR:52;AL:45;AZ:41,high
549300QIUZLVR1OLDH55,,,,unmatched,5610,3566,99,MI:2770;MN:136;CA:132;FL:99;PA:39;IL:38;GA:35;NC:34;NJ:30;OH:29,medium
549300N2GMOJ61XHEL06,,,,unmatched,1351,900,99,IL:279;CO:141;MD:122;FL:99;VA:98;OR:61;TX:54;NC:15;WA:11;DC:6,medium
549300G2LV8W3C1G3762,,,,unmatched,4176,2917,98,OH:1027;PA:723;NC:439;MD:183;CT:125;SC:103;FL:98;MA:75;MI:61;VA:43,high
549300LZUXCJFE5ONM48,,,,unmatched,1795,1369,98,CA:317;TX:110;FL:98;WA:72;AZ:68;UT:60;SC:53;GA:53;CO:50;OR:46,high
98450087981AP406JG03,,,,unmatched,3264,2642,97,CA:1294;WA:138;HI:134;FL:97;UT:96;TX:94;NY:70;GA:70;CO:64;TN:57,high
549300LI3FDGO7UKFF39,,,,unmatched,2628,1602,97,NY:808;NJ:146;SC:102;FL:97;PA:93;OH:83;CT:53;MD:28;GA:24;VA:22,high
2549007G9V4FYWWWDZ31,,,,unmatched,1019,778,96,NJ:334;PA:199;FL:96;VA:34;GA:26;MD:23;TX:21;IN:17;NC:12;DE:7,high
5493001SDQVS1NWYH012,,,,unmatched,1018,888,96,MN:140;KY:132;AZ:117;FL:96;CA:90;NC:83;AL:46;WA:44;TN:34;TX:33,medium
549300PFJ7GCGDLB2E65,,,,unmatched,2560,1736,95,GA:836;TX:302;IN:185;FL:95;LA:76;NV:58;MD:43;SC:23;MO:23;VA:21,high
549300DCGBXW5FJMV921,,,,unmatched,3255,3255,94,CA:2145;CO:168;TX:163;GA:124;WA:96;FL:94;IL:75;VA:60;MD:57;NJ:49,high
549300JPGMCMBEJEK584,,,,unmatched,8289,3877,94,MA:1769;NH:651;GA:184;NJ:153;CA:148;FL:94;TX:89;VA:64;IL:52;PA:51,high
254900ZX1UPIG2E7TH11,,,,unmatched,4134,3064,93,LA:1298;AL:793;SC:288;GA:193;TX:186;FL:93;OK:42;PA:38;MS:37;MA:26,high
254900DSZI6CJXJL6Z14,,,,unmatched,1590,921,93,TX:168;FL:93;GA:66;NC:60;OH:60;IL:48;PA:46;NY:32;TN:29;MI:27,high
549300CK7U1WMTIG6687,,,,unmatched,1453,975,92,CA:466;FL:92;NV:84;AZ:59;HI:48;OR:38;CO:36;TX:29;UT:27;WA:22,high
54930080168VA6Z8UX21,,,,unmatched,5952,3617,91,MD:1696;VA:681;NJ:223;PA:190;NC:101;FL:91;SC:87;DC:67;DE:61;GA:60,high
5493005R34FLBMCPWB41,,,,unmatched,2586,1730,91,VA:708;PA:305;SC:187;NC:141;DE:135;FL:91;MD:67;NJ:47;WV:42;TN:3,high
5493000IIYWBLONJVJ30,,,,unmatched,2370,1430,91,CA:173;TX:112;FL:91;NC:78;WA:59;MI:55;GA:50;IL:48;MN:48;PA:46,high
549300UF3FPC7U6RFC59,,,,unmatched,10804,7285,91,MO:4768;CO:733;OK:544;KS:353;NC:269;AR:104;FL:91;IL:68;IA:46;TX:35,high
549300OSZK2W0WJYS771,,,,unmatched,2063,1248,91,VA:766;MD:112;FL:91;NC:62;SC:32;GA:21;PA:20;WV:19;DC:14;TN:14,medium
5493006XEQ3W7XTQXN65,,,,unmatched,91,91,91,FL:91,medium
25490018IFQOT83Q7H49,,,,unmatched,2239,1623,90,OR:329;OH:275;PA:174;SC:161;CA:98;FL:90;MN:84;TX:56;WI:43;NC:34,high
549300PVS7DLMY766R09,,,,unmatched,195,90,90,FL:90,medium
549300GQDT484LGI9C04,,,,unmatched,6972,609,89,CA:130;FL:89;TX:80;VA:58;NJ:52;AZ:45;NC:40;WA:31;MD:11;OH:10,medium
549300C5YLTTVIWX4J11,,,,unmatched,123,89,89,FL:89,medium
549300H12E7AUMUHP294,,,,unmatched,1980,1256,88,NJ:374;PA:297;MD:111;FL:88;IL:79;NC:59;VA:35;NY:25;DE:24;TX:21,high
549300RYWXR8TL5LIK35,,,,unmatched,4057,2151,87,PA:518;NJ:483;NV:151;CA:116;NY:109;FL:87;OH:75;NC:66;MA:66;CO:50,high
254900RM3T6WAVE6SA24,,,,unmatched,2446,1847,84,TX:892;NC:100;AZ:97;LA:86;FL:84;CO:83;OK:74;IL:55;GA:54;CA:36,high
254900114YHTRFBALC74,,,,unmatched,1315,1286,84,CA:628;WA:106;FL:84;AZ:63;VA:46;NJ:44;OH:36;TX:33;NV:31;NC:31,high
549300BWXVTVB5RRZN58,,,,unmatched,90,84,84,FL:84,medium
KD3XUN7C6T14HNAYLU02,,,,unmatched,1637,1015,83,CA:220;NY:91;FL:83;TX:82;IL:62;MA:49;CO:33;UT:31;WA:30;NJ:25,high
9845006YE04B346EC919,,,,unmatched,2469,676,83,FL:83;AZ:67;CA:62;NC:55;GA:53;TN:43;VA:33;IN:32;CO:31;OR:29,medium
549300RMUJVUQYCW8836,,,,unmatched,133,83,83,FL:83,medium
5493003NV9L53LK1XI52,,,,unmatched,3773,2244,82,CA:1753;FL:82;TX:73;NV:38;AZ:34;NJ:27;VA:27;CO:23;GA:21;IL:20,high
549300KWKWPEKL40WD44,,,,unmatched,1612,906,82,NJ:442;PA:144;FL:82;TX:42;NC:40;GA:40;NY:27;SC:21;CT:15;DE:15,high
5493001141Z7CINOSB62,,,,unmatched,509,271,82,FL:82;TX:29;NJ:22;IN:18;CO:18;GA:16;CA:14;NC:14;MD:12;IL:10,medium
5493008P6YO2KM3EO556,,,,unmatched,5493,4084,81,MI:2600;NY:372;CA:172;VA:153;MD:117;FL:81;CT:70;MA:55;KY:54;IN:52,high
549300JZD4L02YZI3Z50,,,,unmatched,1621,1212,80,NJ:840;NY:180;FL:80;PA:38;GA:28;NC:9;CT:7;SC:5;WA:4;TX:4,high
549300Q10M1VXBG2H889,,,,unmatched,6161,1460,79,GA:457;NC:175;TN:124;VA:115;AL:97;OH:93;FL:79;PA:59;MI:51;SC:46,high
549300INKSPQCTELMO58,,,,unmatched,3309,2598,79,MN:1395;SD:229;TX:149;ND:136;WI:119;AZ:105;FL:79;CO:72;IA:55;AL:46,medium
549300GY4NTTEM7WWB64,,,,unmatched,816,529,79,AR:175;FL:79;GA:41;MS:38;NC:35;TX:28;PA:21;TN:20;VA:20;AL:14,medium
5493001LOTO6OW0LKT63,,,,unmatched,161,93,78,FL:78;GA:15,medium
89450050X5UV1V72BV64,,,,unmatched,89,79,78,FL:78;KY:1,medium
254900O28OG3UMHXQY81,,,,unmatched,1454,705,77,TX:92;VA:86;FL:77;CA:66;NC:56;MD:43;WA:39;PA:34;SC:28;AZ:27,medium
254900DON8SDKGYIL122,,,,unmatched,128,82,77,FL:77;TX:5,medium
5493000V86JDJLM0OV13,,,,unmatched,690,690,76,AL:137;TX:116;MS:85;FL:76;GA:55;LA:52;OK:36;SC:30;TN:29;KY:28,medium
549300HV02VPA0FYR272,,,,unmatched,773,507,76,CO:319;TX:84;FL:76;AZ:8;WA:5;NC:5;TN:3;WY:2;SC:2;NE:2,medium
254900VUE5T1INQKZ414,,,,unmatched,79,76,76,FL:76,medium
549300OBO7DOF2KOP535,,,,unmatched,14403,7185,75,TN:4089;AL:1712;GA:598;MS:248;KY:189;TX:159;FL:75;NC:15;SC:14;LA:11,high
549300E0WPRCJMXMUM09,,,,unmatched,296,196,75,NY:104;FL:75;NJ:11;TX:2;PA:2;GA:1;DE:1,medium
254900NZV7NVKXQW9A64,,,,unmatched,134,103,75,FL:75;GA:10;SC:10;NC:4;TN:3;TX:1,medium
254900XN7UWEWK13RO81,,,,unmatched,5960,5199,74,NY:5094;FL:74;OH:7;SC:6;TX:5;PA:4;CT:3;NJ:2;MA:2;VT:2,high
549300Y4BSP3BSFW7J29,,,,unmatched,6114,3188,74,GA:2867;FL:74;SC:28;AL:28;TX:27;UT:23;NC:22;KY:21;TN:20;CA:19,high
5493004T38NMC864VL66,,,,unmatched,793,610,74,TX:112;WA:87;FL:74;OK:62;OR:50;TN:44;OH:35;MO:31;NC:26;GA:23,medium
254900O723MCLR701H50,,,,unmatched,6301,1138,73,IL:785;TX:103;FL:73;NM:57;IN:16;SC:14;NV:13;CA:12;AZ:10;MN:9,medium
549300T3F9S1MKFKHC53,,,,unmatched,6908,5674,72,NY:4005;PA:479;CT:407;MA:154;NC:95;FL:72;WI:49;TN:42;SC:40;MI:39,high
549300VGMMXKSX821O69,,,,unmatched,951,539,72,NY:339;FL:72;MD:28;NJ:24;IL:14;PA:12;CT:9;SC:7;NC:7;TX:6,medium
549300K3VE61PXPZDV51,,,,unmatched,1067,831,72,MI:614;OH:132;FL:72;NJ:11;TN:1;CO:1,medium
549300YX5RPSSMR88K92,,,,unmatched,2299,1981,71,CA:834;CO:280;AZ:232;WA:132;OR:108;FL:71;TX:50;MO:35;VA:28;MI:27,high
5493005G8JO0PPI0HN36,,,,unmatched,182,141,71,FL:71;KY:61;IN:9,medium
549300SK3VKN3E1SZ562,,,,unmatched,2083,1426,70,GA:1252;AL:77;FL:70;NC:8;SC:6;MS:4;TN:4;VA:4;TX:1,high
549300BF788YRGP1OB53,,,,unmatched,301,194,70,OH:97;FL:70;MI:15;NM:5;IL:5;PA:1;GA:1,medium
54930059GZZ7G4G40O53,,,,unmatched,3918,2858,69,TN:1004;NC:922;TX:376;VA:132;SC:117;FL:69;MN:42;AL:36;GA:21;MI:13,high
254900BBWJ82FQDQ6823,,,,unmatched,1820,1189,69,NJ:262;TN:132;TX:94;PA:71;SC:70;FL:69;NY:68;MA:61;NC:57;IL:40,high
984500F03B9034CQB904,,,,unmatched,4756,618,69,TX:79;FL:69;NC:60;CA:45;GA:38;OH:36;PA:35;VA:34;TN:29;IN:24,medium
70WY0ID1N53Q4254VH70,,,,unmatched,7958,3126,68,MI:1286;CA:975;TX:663;AZ:111;FL:68;NC:4;GA:4;CO:4;WA:3;LA:1,high
5493006BN3B3B1H3B988,,,,unmatched,171,68,68,FL:68,medium
549300M9RHNQ4107R694,,,,unmatched,87,68,68,FL:68,medium
549300L1DBFIJZI8LA40,,,,unmatched,2059,1503,67,GA:632;SC:365;AL:134;TN:124;MS:86;FL:67;NC:62;KY:28;AR:2;VA:2,high
549300Q02LGIN9AXKP98,,,,unmatched,6401,4168,66,OR:1545;WA:857;CA:824;CO:174;AZ:110;TX:97;ID:92;FL:66;GA:63;NC:48,high
549300WH9FMXOC63ZV77,,,,unmatched,478,419,66,CA:169;NY:98;FL:66;NJ:27;MD:11;TX:8;WA:8;CO:7;OR:6;VA:5,medium
5493008PQSMR41Y70C36,,,,unmatched,502,319,66,MA:104;FL:66;MO:38;NH:28;CT:13;VT:12;CO:11;PA:9;RI:8;AZ:6,medium
549300U37SC1LBUJFV92,,,,unmatched,96,67,66,FL:66;NV:1,medium
549300YMIOLU51FSTO86,,,,unmatched,2052,1588,64,PA:346;NJ:322;DE:136;NY:108;TX:98;OH:89;MI:69;WV:66;FL:64;GA:45,high
254900SUZ313OILKVD67,,,,unmatched,364,302,64,MD:118;FL:64;SC:58;MA:9;CA:8;VA:7;NC:6;NJ:6;OH:5;PA:4,medium
549300D6BCLQFX6G1K95,,,,unmatched,872,680,64,OH:599;FL:64;MI:5;NC:4;TX:2;CO:2;GA:2;TN:1;SC:1,medium
549300NFA0VY9215VV25,,,,unmatched,897,463,63,MO:255;FL:63;TX:48;KS:27;CO:19;AR:18;OK:11;GA:10;NC:9;TN:1,medium
54930039UO39UJGI7078,,,,unmatched,7487,5837,62,VA:2077;NC:1749;MD:1552;SC:88;AL:76;FL:62;PA:60;LA:41;DC:36;DE:22,high
9845007CY0EC0F59W414,,,,unmatched,1228,801,62,CA:391;TX:104;GA:81;FL:62;PA:36;OK:24;VA:17;NJ:14;OH:9;MD:8,high
549300U5SDGYPSPXZU37,,,,unmatched,95,62,62,FL:62,medium
549300GZY55UGMUMI322,,,,unmatched,1348,1023,61,TN:662;AL:258;FL:61;GA:31;SC:5;NC:2;IL:1;MS:1;LA:1;VA:1,high
5493007CLWQN2S6IZK91,,,,unmatched,2313,1339,61,VA:128;TX:115;KS:88;MO:71;NC:67;FL:61;AZ:59;GA:55;CA:48;MD:46,medium
984500CD6F0743B8F530,,,,unmatched,1261,998,61,GA:124;OH:116;PA:74;FL:61;IN:50;TN:49;NC:48;IL:42;VA:37;MI:32,medium
549300YPBBHUEKV1YC68,,,,unmatched,1114,706,61,TX:159;SC:64;FL:61;VA:51;MO:40;AZ:34;CA:32;GA:30;AK:22;OH:21,medium
549300UVOSI4XZZGUE14,,,,unmatched,1987,942,61,UT:278;ID:85;NC:67;FL:61;GA:52;AZ:44;CA:43;SC:43;OH:42;IL:35,medium
5493009KQ3D6Q5VM0B61,,,,unmatched,581,89,61,FL:61;KY:11;GA:10;NC:5;VA:1;AL:1,medium
5493005XMJQ1GSXUGT67,,,,unmatched,1819,1161,60,IN:474;NC:166;TX:111;TN:98;AL:73;LA:65;FL:60;WI:44;GA:25;IL:18,medium
254900T2AM7E5EQDN105,,,,unmatched,79,61,60,FL:60;TX:1,medium
549300COIWXM618UBE82,,,,unmatched,2938,1925,59,NC:880;CA:506;TN:123;WA:69;VA:66;FL:59;SC:56;OR:40;AZ:34;GA:19,high
549300AT7EB9FJAF0E61,,,,unmatched,16759,10956,59,IN:2746;IL:2207;MN:1877;MI:1211;TN:999;WI:824;KY:489;ND:135;FL:59;IA:55,high
549300GPO6DWUZR4UY30,,,,unmatched,6727,5283,59,MD:3559;VA:448;NC:347;DC:280;MA:155;SC:127;PA:119;DE:74;FL:59;RI:57,high
549300916KMYQ118CX89,,,,unmatched,1128,860,59,SC:680;NC:106;FL:59;GA:11;TX:2;KY:1;MS:1,high
4EP6JBYBTPTQ47LZOB67,,,,unmatched,665,527,59,CA:66;FL:59;MA:51;NY:40;GA:27;NC:22;CO:21;TX:20;SC:18;VA:15,medium
549300LE3ZOZXUS7W648,,,,unmatched,2420,1634,59,LA:1369;MS:146;FL:59;TX:22;AL:18;GA:4;CA:3;AR:3;VA:2;SC:2,medium
549300N3JBQ15RQ7AV97,,,,unmatched,4212,2983,58,AZ:828;CA:603;NE:295;AL:292;NV:258;VA:219;CO:183;FL:58;TX:45;UT:43,high
549300O7SGM8FH65GQ47,,,,unmatched,2070,1481,58,IL:1204;MO:86;FL:58;IN:58;OK:21;KS:19;CO:11;AZ:7;MI:4;CA:2,medium
254900WQ6O9JA8WI5W89,,,,unmatched,1447,859,58,MI:801;FL:58,medium
549300DNWSJUNAWUM003,,,,unmatched,2522,1388,57,NC:247;VA:226;MD:209;PA:92;SC:63;NY:60;FL:57;IL:56;KY:39;DC:34,high
549300YJ77JVC6X3BO61,,,,unmatched,288,279,57,GA:213;FL:57;SC:5;AL:2;VA:1;NC:1,medium
54930063XGNMIXS57091,,,,unmatched,12906,6267,56,PA:3973;NJ:2136;DE:102;FL:56,high
54930095UWUUXAWASB02,,,,unmatched,7298,5729,56,VA:3458;NC:673;MD:586;SC:369;WV:248;DC:148;FL:56;PA:53;DE:22;GA:13,high
254900JZN2V0PWFMW808,,,,unmatched,1632,851,56,CA:615;FL:56;NC:52;TX:46;AZ:25;NV:10;TN:8;HI:7;OR:6;IL:6,high
254900YA1AQXNM8QVZ06,,,,unmatched,951,767,56,CA:85;TX:59;FL:56;IL:34;NY:34;GA:32;WI:32;WA:31;NC:29;TN:27,medium
549300AENO88GEUWCZ39,,,,unmatched,1280,846,56,MN:142;IN:65;CO:58;FL:56;CA:52;OK:39;KY:36;TX:34;DE:27;WI:26,medium
894500SYP6ZV71JDZH10,,,,unmatched,62,58,56,FL:56;GA:2,medium
549300R8VPSFM828B312,,,,unmatched,3894,2211,55,NY:1805;CA:177;FL:55;NJ:33;NC:19;PA:15;TX:13;WA:12;TN:11;AZ:9,high
98450058D88OE4463626,,,,unmatched,301,209,55,CA:60;FL:55;TX:22;NC:13;VA:12;NJ:12;MN:7;AZ:6;PA:5;CO:4,medium
6PTKHDJ8HDUF78PFWH30,,,,unmatched,338,289,55,FL:55;IL:43;CA:35;TX:20;CO:17;WI:14;GA:8;NJ:7;WA:6;UT:6,medium
549300HJSQXR32ZGFP55,,,,unmatched,64,55,55,FL:55,medium
549300QVGK8WC4HQ3C28,,,,unmatched,1289,810,54,PA:185;TN:124;GA:109;NJ:99;AL:64;FL:54;NC:31;VA:30;SC:19;IL:13,high
549300AOB4S7B0DB7863,,,,unmatched,771,425,54,VA:93;MD:71;FL:54;WV:29;NJ:20;GA:20;CA:18;DC:17;TX:16;NC:15,medium
5493005DKMV1IHIM8E20,,,,unmatched,5671,3884,52,PA:1700;DE:1210;NJ:555;MD:64;FL:52;CA:47;NC:28;GA:26;VA:25;SC:18,high
549300BOXNV8VLRBDT24,,,,unmatched,2879,1363,51,CA:220;TX:86;NC:59;AZ:58;FL:51;GA:45;WA:44;TN:44;IL:41;OH:40,high
5493000IRWB5WYTD2P48,,,,unmatched,88,56,51,FL:51;GA:4;TX:1,medium
549300JSWMVSCXIPC896,,,,unmatched,71,53,51,FL:51;AL:2,medium
S0Q3AHZRL5K6VQE35M07,,,,unmatched,8529,5621,50,IN:3248;MI:1861;OH:327;IL:50;FL:50;AZ:10;TN:8;SC:8;GA:6;NC:6,high
5493004UNRG4PWDF2K60,,,,unmatched,3434,1920,49,NJ:1476;NY:106;PA:60;CT:53;FL:49;NC:25;CA:19;VA:16;SC:13;MD:11,high
549300BM4NS8HDJT3X28,,,,unmatched,3351,2646,49,VA:1359;NC:400;WV:210;SC:180;MD:171;TN:111;DC:61;FL:49;GA:46;PA:13,high
549300KQHWNSVCE2MY88,,,,unmatched,1746,1219,49,TX:125;TN:91;NC:65;CA:58;GA:53;IN:53;FL:49;MN:47;OH:46;VA:46,high
549300LLESTPOVRG3X73,,,,unmatched,2569,1100,49,KS:151;CA:88;WA:78;MO:67;TX:55;FL:49;NC:47;CO:45;NY:40;IL:33,medium
FDXQ75GPEQKRPWABYN63,,,,unmatched,750,541,49,IL:243;FL:49;WI:41;CA:36;MO:24;MI:18;TX:15;GA:11;AZ:10;MA:10,medium
549300JKYBEV1DF8FD32,,,,unmatched,65,59,49,FL:49;PR:9;NC:1,medium
254900XT937N1XUKWX63,,,,unmatched,54,49,49,FL:49,low
549300GPM8XFBE00Z637,,,,unmatched,58,49,49,FL:49,low
549300GCEUZLVML1J263,,,,unmatched,2393,1885,48,MA:908;PA:474;MD:101;NC:74;NH:71;GA:66;FL:48;RI:42;TX:26;ME:23,high
549300BKWR5OM8PWIN62,,,,unmatched,1109,897,48,MD:496;VA:182;NC:91;FL:48;PA:26;DC:15;DE:14;NJ:9;WV:7;OH:5,medium
5493008RSN6F31BTGT93,,,,unmatched,2298,1587,48,LA:1409;TX:53;FL:48;MS:40;AL:11;GA:3;NC:3;SC:3;OR:2;MO:2,medium
54930039IUN6515TBG78,,,,unmatched,2090,1504,47,GA:517;NY:292;TX:167;CO:153;NJ:103;CA:52;FL:47;KS:32;AZ:31;IL:17,high
254900YPPMV9UM5FUW09,,,,unmatched,1833,1256,47,NC:334;LA:256;MS:126;VA:100;DC:91;GA:80;MD:74;FL:47;IL:28;TX:15,high
549300X8AUU3UC1ULZ79,,,,unmatched,2320,1278,47,TX:304;OH:288;KY:279;TN:107;IN:101;NC:87;VA:65;FL:47,high
549300NLCEXBVVCBZ024,,,,unmatched,65,47,47,FL:47,low
COINQMNIM6RBU631DD85,,,,unmatched,20365,13363,46,AR:6555;OK:3409;MO:2139;KS:735;TX:71;FL:46;CA:32;IN:27;TN:26;NC:26,high
549300K6K2IS7FRS7S09,,,,unmatched,980,644,46,MO:70;VA:59;FL:46;TX:42;AK:37;CA:31;NC:31;AZ:21;GA:20;MI:20,medium
549300V8CF81JGIV7038,,,,unmatched,2169,1796,46,IL:1185;IA:235;TN:104;FL:46;IN:38;MI:33;WI:29;AL:19;AZ:16;TX:15,medium
549300TB3TMP4RV5T078,,,,unmatched,1534,1198,45,MA:652;TX:189;NH:79;OK:59;FL:45;SC:33;RI:29;DE:28;PA:24;NJ:15,high
549300R4F5COFJE0DN81,,,,unmatched,1652,864,44,CA:531;AZ:75;FL:44;TX:33;NV:32;WA:21;TN:14;IL:12;VA:11;MN:11,high
5493000H6DFDDJRORG89,,,,unmatched,2371,742,44,CA:208;TX:79;NV:69;NJ:60;FL:44;AZ:44;NC:43;IL:41;WA:30;SC:25,high
5493007L4GYNO2PUBS09,,,,unmatched,3256,1295,44,MI:318;TX:156;GA:146;IL:110;IN:109;WA:89;PA:65;FL:44;NJ:35;OR:29,medium
549300LEOR2LO8J9RT29,,,,unmatched,3066,2542,44,OH:1130;KY:753;IN:311;GA:208;MO:96;FL:44,medium
549300FFVDRROF85IC57,,,,unmatched,11110,774,43,TX:149;NY:106;MI:99;PA:95;SC:54;OH:44;FL:43;MO:39;LA:24;WV:21,medium
254900P7WLDQD9IUL038,,,,unmatched,3882,2074,43,NH:1321;MA:184;ME:126;FL:43;GA:41;VT:36;NC:32;CA:29;VA:25;WA:24,medium
213800KVD76WKI6PN868,,,,unmatched,3218,2029,43,VA:1645;NC:215;FL:43;SC:39;MD:37;GA:26;PA:10;OH:8;DC:6,medium
549300YDBNK66R6ZES34,,,,unmatched,2287,1508,43,MO:1183;IL:91;FL:43;OH:33;TX:23;GA:18;CA:17;CO:14;NY:12;VA:12,medium
254900T8NVZTD1Q8U318,,,,unmatched,85,43,43,FL:43,low
5493002N5168AC238149,,,,unmatched,3613,2638,42,NJ:2071;PA:289;FL:42;VA:35;MD:26;TX:26;NY:25;NC:17;CT:13;SC:12,high
549300HIVO8XPBPNVG69,,,,unmatched,6952,4846,42,AZ:3413;CO:460;WA:286;NV:184;CA:131;NM:114;OR:97;TX:57;FL:42;PA:12,medium
5493003X6Y6JGJKHPA25,,,,unmatched,1162,778,41,NY:609;FL:41;CT:32;NJ:25;CA:16;PA:16;NC:8;SC:5;TN:4;IL:3,high
549300T61O0X0RJMQ375,,,,unmatched,1117,647,41,CA:55;KS:50;MO:49;TX:47;WA:43;FL:41;NJ:39;NC:32;VA:28;IL:23,medium
549300MQEDQYDJR8CP22,,,,unmatched,1017,449,41,FL:41;TX:41;OH:38;GA:36;TN:27;CA:24;NJ:22;NY:22;MO:21;PA:20,medium
549300ID4RCRD8BXYH30,,,,unmatched,397,309,41,MO:121;CA:95;FL:41;TX:16;AR:10;DC:8;PA:4;AZ:3;NJ:3;GA:2,medium
549300SBA6BX8HZZF585,,,,unmatched,1101,820,40,CA:565;TX:100;GA:55;FL:40;MA:23;WA:12;CO:5;NV:5;HI:2;AZ:2,high
549300ASFUWYQO0RW077,,,,unmatched,547,420,40,NY:51;TX:49;FL:40;NJ:31;NC:26;PA:21;SC:19;GA:17;OH:16;CT:16,medium
54930015645SYPOM7220,,,,unmatched,1102,791,39,TN:258;NV:156;GA:114;OR:49;FL:39;CA:36;AL:29;CO:27;VA:27;IN:23,medium
549300WK15ESCDNJ5M35,,,,unmatched,3189,2227,38,NC:1002;NY:787;PA:214;SC:112;FL:38;MD:19;NJ:12;VA:9;MA:7;CO:5,high
984500RF83EA742B5589,,,,unmatched,987,622,38,OK:59;MO:53;TX:49;TN:49;NJ:46;KS:42;FL:38;OH:34;CA:33;PA:28,medium
549300HINJH60UG3KG47,,,,unmatched,361,317,38,NC:41;FL:38;VA:30;GA:28;TX:25;CA:21;NV:15;WA:11;PA:10;OK:10,medium
5493004K0Z4RFJSPYT52,,,,unmatched,2990,2266,38,IL:1999;WI:75;FL:38;IN:19;GA:16;NC:14;CA:13;PA:12;TN:12;TX:12,medium
549300D4L76B477GHY32,,,,unmatched,94,38,38,FL:38,low
549300DAUXQ2DCY4H838,,,,unmatched,1928,1386,37,MA:674;NH:317;RI:159;ME:90;NJ:68;FL:37;CT:15;VT:10;NC:8;PA:5,high
5493009D2COWW65B8673,,,,unmatched,1133,518,37,CA:250;MD:75;FL:37;IL:22;UT:21;VA:17;AZ:15;CO:9;TX:7;AL:6,medium
549300LG07PXWSIMC813,,,,unmatched,7239,4909,37,MN:4135;WI:640;AZ:95;FL:37;NV:1;CO:1,medium
2549001SGCT0DXW9UA79,,,,unmatched,58,37,37,FL:37,low
549300KP95LHU8OP0H40,,,,unmatched,778,743,36,CA:621;AZ:44;FL:36;HI:14;TX:13;NV:8;WA:3;CO:3;OK:1,high
549300GSCUJKJINRJ980,,,,unmatched,13152,9934,36,IN:6870;OH:1793;MI:794;KY:194;IL:95;GA:41;FL:36;AL:23;NC:19;SC:13,high
54930077D8KXQADF5Q23,,,,unmatched,5859,4603,36,IN:3231;MI:559;OH:423;TN:262;VA:46;FL:36;KY:20;IL:13;NC:3;CO:2,medium
549300KPBZCTMM3Y0061,,,,unmatched,907,661,36,MD:316;VA:96;FL:36;CA:27;NC:24;GA:22;DC:14;TX:12;OH:11;AZ:9,medium
254900TM81D0YC1B9584,,,,unmatched,1400,1247,35,NY:576;PA:215;GA:204;NJ:60;FL:35;CT:31;TX:29;AL:22;VA:21;NC:14,high
549300CHBB3GN7JFXU86,,,,unmatched,655,474,35,MA:394;FL:35;VT:33;NH:4;RI:3;ME:2;CT:1;AL:1;TX:1,medium
549300KX6E1IE2LM5E30,,,,unmatched,474,326,35,CA:90;WA:60;FL:35;AZ:19;CO:18;GA:15;OR:11;TX:10;MN:6;PA:6,medium
549300SOF7S6E4VRT651,,,,unmatched,65,35,35,FL:35,low
549300HCNXMTNGIMAR91,,,,unmatched,2158,1493,34,VA:309;NY:244;NJ:232;MA:167;MD:111;NC:67;GA:44;CA:41;DC:35;FL:34,high
2549009X2AG1P20YAJ63,,,,unmatched,2014,658,34,CA:299;NY:38;FL:34;TX:23;NJ:19;AZ:19;WA:18;NV:17;VA:14;NC:13,medium
MMO6VV34TNP4Z1T8NG83,,,,unmatched,396,321,34,NC:109;GA:68;SC:64;FL:34;KY:18;VA:15;TX:8;WV:2;NY:1;PA:1,medium
54930053KPO7OG48FP72,,,,unmatched,446,279,34,PA:146;IN:39;FL:34;OH:27;VA:8;MI:5;CA:3;CO:3;MD:2;MN:2,medium
WKN6AF1FCL7BBYGTGI83,,,,unmatched,1283,714,34,IN:316;FL:34;CA:31;GA:24;NC:22;TN:20;MO:20;IL:17;MI:16;AZ:16,medium
54930048RSX270GEQI09,,,,unmatched,45,34,34,FL:34,low
549300J327PTWC173F64,,,,unmatched,34,34,34,FL:34,low
254900A1LV2U6NM10498,,,,unmatched,670,468,33,CA:235;OH:53;FL:33;ID:17;NC:14;PA:13;TX:13;GA:11;AZ:9;TN:8,medium
549300ZOBXG0DT4I6U54,,,,unmatched,472,301,33,NJ:176;NY:45;FL:33;PA:16;CT:12;HI:6;TX:4;MD:2;VA:2;GA:1,medium
54930020YWIK7HGH2R34,,,,unmatched,4883,3374,32,TX:2983;MN:100;TN:79;LA:73;NC:38;FL:32;AZ:29;KY:10;GA:9;AR:8,high
593C3GZG957YOJPS2Z63,,,,unmatched,5359,3375,32,CA:2576;WA:175;NY:146;TN:73;NJ:35;FL:32;NV:27;CO:25;AZ:24;TX:23,high
2549004CU9LAM5CYA280,,,,unmatched,1053,734,32,NJ:315;TX:84;NC:80;PA:40;CA:40;FL:32;GA:29;MD:21;VA:20;SC:17,high
ZF85QS7OXKPBG52R7N18,,,,unmatched,10488,6805,32,WI:4974;IL:1060;MN:553;MO:100;MI:49;FL:32;AZ:11;OH:7;CO:5;TX:3,high
5493009XSE00M8B9R434,,,,unmatched,3364,301,32,TX:159;FL:32;NM:24;OK:18;SC:15;IN:13;NC:10;LA:9;AL:4;IL:4,medium
549300ZN5MIVRMVHJS09,,,,unmatched,2547,2057,31,GA:1932;SC:41;FL:31;TN:30;AL:10;NC:8;CO:1;MS:1;TX:1;LA:1,high
635400IW1QMK3FNFF894,,,,unmatched,3346,2560,31,MD:838;PA:652;DE:640;NJ:226;VA:47;FL:31;NC:22;SC:11;IN:11;GA:10,high
MV4O55SH8HO6KQSGW013,,,,unmatched,10539,7073,31,OH:2850;IN:2821;KY:1239;IL:95;FL:31;MI:9;SC:7;NC:6;TN:5;GA:2,high
549300YD7XJM19TH5O82,,,,unmatched,4999,3231,31,IL:2769;CA:124;TX:42;TN:38;FL:31;NC:25;IN:24;MO:24;AZ:18;GA:16,medium
549300W2VOHO3742H053,,,,unmatched,202,143,31,NC:109;FL:31;SC:2;GA:1,medium
QGPGHQ1ENZOOLJRFTH41,,,,unmatched,9405,6248,30,OH:3020;WV:956;PA:657;KY:645;MD:400;IN:241;MI:120;VA:105;FL:30;TN:22,high
5493002QRULT2T40BH09,,,,unmatched,10720,6817,30,MO:3721;KS:2521;CA:186;AR:57;KY:52;TX:51;FL:30;NV:17;MI:16;IL:14,high
549300I1HK1BBZLKOB84,,,,unmatched,647,455,30,TX:111;CA:55;LA:39;FL:30;NY:27;NJ:17;WA:17;AZ:13;CO:11;CT:11,medium
5493005NU5BA00C1N451,,,,unmatched,1383,1034,30,MI:624;TN:209;VA:76;KY:53;FL:30;IL:15;SC:6;GA:5;NC:5;IN:2,medium
254900JRJMMWO6A10H16,,,,unmatched,164,145,30,GA:113;FL:30;LA:1;AL:1,medium
549300LT75BG7Z054795,,,,unmatched,911,722,30,MD:591;PA:63;FL:30;VA:13;DE:12;NC:5;WV:2;SC:2;DC:2;MI:1,medium
2549008AGLU4AEH9GZ71,,,,unmatched,159,131,29,GA:102;FL:29,medium
549300IL3HLQ2SW5VN73,,,,unmatched,164,102,29,NY:65;FL:29;PA:3;OH:2;GA:1;CO:1;SC:1,medium
549300MU2YI0HXIT3257,,,,unmatched,202,101,29,FL:29;OH:10;IL:7;OR:6;CO:6;AZ:5;WI:5;IN:4;TX:3;GA:3,low
549300GXXWNCQH5XX485,,,,unmatched,40,33,29,FL:29;AL:3;VA:1,low
984500P059VACEAAFA22,,,,unmatched,1434,875,28,IL:170;TX:127;NC:111;MD:62;IN:47;CA:38;WI:32;OH:30;FL:28;GA:24,medium
549300QTN66CFMVWLH03,,,,unmatched,503,359,28,MN:238;AZ:65;FL:28;WI:21;CA:2;GA:1;IN:1;NM:1;TX:1;IA:1,low
5493000XULPSCVX2HV31,,,,unmatched,34,28,28,FL:28,low
549300OYEKEORA1GI088,,,,unmatched,1899,1460,27,NC:659;OR:133;KY:127;MT:93;TX:92;SC:80;VA:74;TN:27;FL:27;WA:21,high
549300E4YLQ3BVQ4GW30,,,,unmatched,676,417,27,NY:182;CA:134;NJ:51;FL:27;WA:6;CT:6;AZ:3;MA:3;TX:2;CO:1,medium
549300C4YZ9QY31U5912,,,,unmatched,390,348,27,GA:319;FL:27;CO:1;AL:1,medium
5493002JA8HUVL2CRT33,,,,unmatched,709,442,27,NJ:87;OH:79;PA:76;NC:56;FL:27;OK:22;IL:22;NY:19;TX:18;IN:11,medium
5493008VCYW25D52ZC98,,,,unmatched,1559,1036,26,NY:595;NJ:351;PA:43;FL:26;CT:10;AZ:7;CA:3;IN:1,high
254900AD895KKZTSFT42,,,,unmatched,831,618,26,GA:406;SC:63;NC:58;FL:26;IN:25;NH:12;IL:9;TN:6;ME:4;VA:4,high
5493003GO99ZQDTH5407,,,,unmatched,829,703,26,TX:512;AZ:107;CO:58;FL:26,high
254900HO9WPE4LTLQU96,,,,unmatched,570,286,26,NV:79;TX:51;FL:26;AZ:19;MD:12;CA:11;VA:10;WA:9;UT:7;TN:7,medium
549300KW3HYVC06WS898,,,,unmatched,545,402,26,MO:276;FL:26;IL:23;NC:10;SC:8;OR:7;KS:5;CA:4;VA:3;NY:3,medium
549300VVH8HHFMWL8536,,,,unmatched,2187,1457,25,TX:529;CA:513;LA:62;CO:52;MS:51;AL:25;FL:25;UT:24;AZ:17;OR:13,high
549300IJO7NO6VDZPD35,,,,unmatched,3250,2460,25,OK:667;TX:660;MI:649;MD:231;CO:39;IL:38;AZ:26;FL:25;VA:19;PA:19,high
2549007AU24FVDMNUB40,,,,unmatched,2422,749,25,WI:262;IL:72;MN:69;CA:43;GA:29;FL:25;IN:19;NC:19;OH:19;CO:16,medium
984500FAD1FB7FEGTE82,,,,unmatched,702,330,25,NC:30;TX:27;GA:25;FL:25;CA:23;IL:18;OH:13;MD:13;CO:12;TN:12,medium
5493009LZZ8VZRVIX755,,,,unmatched,101,88,25,TX:51;FL:25;CO:3;CT:3;CA:2;NC:1;WA:1;MA:1;WY:1,medium
5493004MWCDBCBTXE044,,,,unmatched,176,155,25,IL:76;CA:29;FL:25;MN:6;MT:4;WI:3;NC:2;TN:2;MI:2;MA:1,medium
54930053SM8COVIPIY54,,,,unmatched,4530,2747,25,MI:2551;IL:77;FL:25;OH:23;IN:17;WI:15;NC:7;AZ:6;TN:6;OR:6,medium
549300VNBQD8FDHF7563,,,,unmatched,6259,4562,24,TN:3148;MS:341;AL:306;NC:197;AR:161;GA:154;KY:140;SC:59;VA:27;FL:24,high
549300BHPLBG0CXKTL06,,,,unmatched,2265,1531,24,PA:1409;FL:24;OH:24;NC:17;MD:10;VA:10;WV:6;CA:4;NJ:4;CT:3,high
HIDXEG9BLUJZKBGUT764,,,,unmatched,1630,1166,24,VA:397;MD:366;DC:220;FL:24;CA:20;NC:12;MA:11;PA:10;CO:10;TX:8,medium
549300JEBULFT3BSU682,,,,unmatched,5270,3701,24,ME:3199;NH:277;MA:181;FL:24;VT:8;NC:5;CT:3;RI:2;SC:2,medium
549300F6Y1YO2YXN6135,,,,unmatched,306,297,24,CA:44;TX:32;FL:24;AZ:19;MA:18;WA:16;GA:15;TN:14;CO:13;IL:12,medium
549300NZWZUYUWEOA562,,,,unmatched,1994,1409,24,IN:1212;FL:24;CO:18;NC:16;IL:14;MI:13;GA:10;VA:8;MD:7;TX:7,medium
549300EL87GZMCVX0Q34,,,,unmatched,917,666,23,NJ:563;NY:28;FL:23;PA:16;VA:7;SC:5;CT:5;TX:4;MA:3;OH:3,high
549300WRDGBHKR1BXL98,,,,unmatched,1383,1014,23,IN:369;MA:146;OH:100;IL:93;MO:82;LA:49;FL:23;TX:13;NY:10;GA:10,medium
549300MCPCNPQAOB4032,,,,unmatched,4806,2960,23,LA:2035;AL:423;MS:214;GA:96;AR:39;IL:36;TX:33;FL:23;TN:18;SC:18,medium
254900HIDMT4ZG09RP47,,,,unmatched,379,273,23,MD:33;TX:26;GA:24;FL:23;NC:20;AL:17;IL:16;OK:15;IN:15;TN:13,medium
4LJGQ9KJ9S0CP4B1FY29,,,,unmatched,3745,2539,23,KY:2044;IN:341;OH:114;FL:23;TN:6;MI:4;SC:2;NC:2;GA:1;IL:1,medium
549300ZTT08EKQRVTR15,,,,unmatched,7639,5109,22,VA:3237;MD:1172;NC:317;WV:149;DC:96;IN:24;FL:22;SC:20;PA:18;DE:13,high
549300CF8MP6S7MZV277,,,,unmatched,2135,1726,22,VA:765;MD:462;DC:451;FL:22;DE:12;NC:10;SC:4,medium
549300RUKY2I2HQ2AI44,,,,unmatched,1006,570,22,IL:252;NJ:146;NY:86;PA:37;CT:25;FL:22;IN:2,medium
549300UPB8ITF7B1GI03,,,,unmatched,185,108,22,CA:54;FL:22;OR:10;TN:10;CO:6;PA:2;MT:1;WI:1;NC:1;AZ:1,medium
7DMUJTL9FFTVIAG9H788,,,,unmatched,7326,3789,22,MO:2488;KS:751;IL:194;CO:161;OK:45;TX:23;FL:22;AZ:13;AR:13;CA:12,medium
LCUAWMT4M5H8DJ8DFH49,,,,unmatched,2825,1930,22,IN:1724;MI:174;FL:22;IL:8;AZ:2,medium
254900I68BOSEM149Q58,,,,unmatched,1048,720,21,TX:354;NC:85;CA:49;UT:39;AZ:29;VA:26;FL:21;IN:14;MD:11;MO:11,high
549300F1COXL6UBFCP55,,,,unmatched,578,519,21,NY:448;FL:21;NJ:19;TX:5;DE:4;CT:4;PA:3;IN:2;OH:2;CO:1,medium
2549005Q4HZ55QX7YC64,,,,unmatched,909,696,21,CA:249;TX:151;MD:37;AZ:33;VA:26;WA:23;FL:21;NV:19;NC:18;MA:14,medium
549300SY0ZRUCS4CSY07,,,,unmatched,1017,654,21,VA:128;MD:116;NY:86;NJ:63;CA:40;PA:33;DC:30;GA:25;CT:21;FL:21,medium
549300DQLGJ1YQRRHH73,,,,unmatched,449,303,21,TX:133;AZ:37;FL:21;CO:15;CA:13;IL:12;GA:10;NV:10;TN:8;MO:5,medium
549300TULDV69V2XKY60,,,,unmatched,524,343,21,VA:70;CA:55;MD:52;DC:21;FL:21;AZ:13;NC:12;PA:11;GA:11;NJ:8,medium
549300C04BJ0G297NC13,,,,unmatched,556,268,21,TX:26;FL:21;CA:18;PA:16;NC:15;IL:15;NY:13;NJ:10;IN:8;CO:8,medium
5493002YXAOJOQPEGS38,,,,unmatched,584,238,21,MO:35;TX:32;AZ:27;FL:21;KS:12;NC:11;IL:11;VA:10;NE:10;TN:9,medium
549300TV5ZED3EINI708,,,,unmatched,752,512,21,MI:251;WI:223;FL:21;CO:3;MN:3;MT:2;NC:1;IN:1;IA:1;CT:1,medium
549300UICMP0IGY0RG32,,,,unmatched,39,21,21,FL:21,low
5493006VCMZ998IGOO33,,,,unmatched,2679,2088,20,NJ:1223;SC:362;DE:165;VA:133;PA:115;NC:28;FL:20;MD:19;GA:14;MA:3,high
549300BRR67NLTQSBT29,,,,unmatched,1248,1096,20,NY:1062;FL:20;SC:4;NC:2;NJ:1;TX:1;CT:1;IL:1;AL:1;DC:1,high
549300Y7G2MW6V1OR474,,,,unmatched,1424,1038,20,PA:594;WV:150;AL:117;NC:82;FL:20;TX:15;OH:14;TN:13;NV:8;SC:8,high
549300PKEQ3Q9S0IXW76,,,,unmatched,5324,3201,20,MI:1072;NV:550;AR:477;NC:475;IN:211;OH:161;OK:59;PA:58;SC:25;FL:20,high
549300U4FBW37LFHW771,,,,unmatched,727,488,20,NY:258;NJ:165;FL:20;CT:14;PA:6;CA:5;SC:4;TX:2;NC:2;IN:2,medium
549300S5FVOSK5DQJN30,,,,unmatched,5987,4500,20,UT:3672;CA:224;AZ:149;ID:115;WA:84;NV:54;NC:33;CO:31;TX:24;FL:20,medium
549300XF8276TFB0V157,,,,unmatched,42,20,20,FL:20,low
TKT6FH38184ZYBTPKS77,,,,unmatched,6320,3419,19,MA:3239;NH:86;RI:53;ME:22;FL:19,high
549300ZS1TR1B4LHX377,,,,unmatched,1658,1143,19,CA:774;AZ:120;TX:45;NV:40;ID:34;WA:27;TN:20;FL:19;CO:14;NM:9,high
254900U1OBL1MC6M6518,,,,unmatched,734,605,19,PA:364;NJ:82;TX:19;FL:19;NC:10;OH:10;CT:10;VA:7;MI:7;IN:7,high
2549001NJY765EZWDI06,,,,unmatched,815,508,19,NY:325;CT:41;NJ:32;PA:20;MA:19;FL:19;MD:16;TX:7;VA:6;SC:5,medium
549300PXIFIEPL7D7R86,,,,unmatched,659,447,19,TN:123;NJ:66;TX:40;IL:29;IN:21;FL:19;CO:16;OH:13;GA:13;MS:9,medium
5493008SP1FN4D81IS17,,,,unmatched,453,359,19,TX:79;CA:49;NC:30;FL:19;WA:17;AZ:13;IL:11;VA:10;NJ:10;OH:9,medium
549300LG7IO23TN5LR98,,,,unmatched,237,217,19,GA:198;FL:19,medium
549300JGMQJ4R419LR70,,,,unmatched,516,402,19,TX:45;CA:44;OH:29;IL:28;FL:19;PA:18;WA:15;NY:15;AL:14;MI:13,medium
549300IOM384RW3HWE57,,,,unmatched,634,318,19,AL:156;GA:142;FL:19;PA:1,medium
549300UTE20103B0T339,,,,unmatched,245,148,19,CA:80;FL:19;TX:9;CO:7;NC:7;WA:6;AZ:5;PA:5;HI:5;OR:2,medium
5493006HAFES1LQ18W28,,,,unmatched,1684,1418,19,AL:1377;FL:19;GA:11;TN:3;MS:3;LA:2;NC:2;ID:1,medium
38CFVD4YYFWD1FV7IM34,,,,unmatched,3208,2762,19,WI:2279;MI:393;MN:29;FL:19;AZ:9;IL:7;SC:5;TN:4;NC:3;VA:2,medium
549300HGDJQ37M5BE268,,,,unmatched,1169,958,19,IL:910;FL:19;MO:9;MN:3;AZ:2;GA:2;TX:2;MI:2;SC:1;TN:1,medium
549300X4P2GHQNMZGO79,,,,unmatched,3556,2562,19,MI:2215;IL:127;WI:105;OH:73;FL:19;IA:14;IN:3;GA:2;NC:1;TN:1,medium
20TVKH7M13MUBGE80C53,,,,unmatched,3466,2357,19,MI:2257;OH:66;FL:19;IN:11;NC:3;IL:1,medium
549300X6ESK4SUBRYL85,,,,unmatched,481,357,19,IL:278;FL:19;TX:12;MI:9;WI:5;GA:4;CO:4;CA:3;MN:3;AZ:3,low
3T5M8FX6V6B82KVKOB17,,,,unmatched,32,32,19,FL:19;NY:12;NJ:1,low
5493007O9PUUYS1SVR64,,,,unmatched,51,45,19,AL:24;FL:19;GA:2,low
549300MSU5WVAU4ZN645,,,,unmatched,7196,4961,18,PA:3102;OH:1229;VA:228;MD:75;SC:71;GA:59;NC:50;MN:25;FL:18;TN:13,high
549300IPUHFA5O769M51,,,,unmatched,2126,1689,18,MD:539;CA:437;VA:393;DC:125;TX:87;FL:18;WV:16;TN:10;OR:10;AZ:9,high
254900K39SBWA2QOUF69,,,,unmatched,460,347,18,TX:276;FL:18;AK:14;NM:11;OK:9;SC:8;TN:3;ID:2;CO:2;GA:2,medium
5493009OLY1HC3F0SB77,,,,unmatched,1220,834,18,CT:569;MA:166;NY:67;FL:18;RI:5;NH:4;SC:3;NJ:2,medium
254900EZRN0CBEP77K34,,,,unmatched,1167,563,18,VA:170;MD:86;DC:38;CA:31;FL:18;NC:17;TX:15;IL:15;SC:14;GA:12,medium
549300YIBRM1ZYA6GT07,,,,unmatched,3216,2076,18,RI:1833;MA:150;CT:57;FL:18;NH:9;ME:3;SC:2;NY:1;NC:1;NJ:1,medium
54930032OCUOR526IR93,,,,unmatched,566,374,18,MS:123;GA:24;PA:21;FL:18;KY:14;AZ:13;KS:12;MO:10;TN:10;NC:9,medium
54930022CQGV47Q8PM03,,,,unmatched,602,233,18,TX:22;FL:18;CA:18;WA:16;GA:15;WI:13;MI:12;IL:12;OH:10;KY:9,medium
549300XAJENHWRM32Z86,,,,unmatched,1201,957,18,IL:738;MO:150;FL:18;AZ:4;GA:4;KY:4;NE:4;SC:3;WI:3;AR:3,medium
9845006DE3H5E9VA4012,,,,unmatched,145,48,18,FL:18;TX:8;CA:6;GA:2;IN:2;NY:2;TN:2;NJ:1;UT:1;PA:1,low
254900NPU1XJH9AFQT21,,,,unmatched,18,18,18,FL:18,low
549300N5GF79IZ5Y7G10,,,,unmatched,4469,2353,17,PA:1847;NJ:415;DE:30;FL:17;SC:7;MD:7;OH:6;NY:5;VA:4;NC:4,high
549300IKS3MMB5YK6T18,,,,unmatched,2180,1523,17,CA:1195;NY:116;AZ:21;FL:17;NV:16;WA:14;NJ:12;VA:10;OR:10;GA:10,high
254900132A3VX6LLZU43,,,,unmatched,1620,1160,17,GA:1105;FL:17;SC:15;NC:10;TN:7;AL:6,high
2549003GSJF52BBIBW81,,,,unmatched,554,421,17,PA:365;NJ:35;FL:17;MD:2;OH:1;CT:1,medium
549300QY4UCP33T94N09,,,,unmatched,502,340,17,NY:240;PA:32;CT:23;FL:17;NJ:15;SC:7;DE:4;NC:1;MA:1,medium
54930044OSTKOJMHF287,,,,unmatched,1137,814,17,DE:225;MD:182;DC:145;VA:65;PA:37;NC:31;FL:17;SC:13;NJ:9;NY:9,medium
549300XAHXRVSRML8V19,,,,unmatched,513,407,17,TX:135;UT:109;CO:68;CA:28;FL:17;AZ:8;VA:7;MD:7;NC:6;SC:5,medium
549300T7AIY7RU1YDP31,,,,unmatched,2212,1448,17,CO:489;KS:423;MO:254;WY:84;TX:51;UT:35;ID:25;NM:19;FL:17;AZ:6,medium
549300C1ICNCM0V37Y02,,,,unmatched,2415,2391,17,MO:1585;KS:606;AZ:48;IL:38;FL:17;TX:14;TN:9;AR:8;CO:8;OK:4,medium
549300ANF834QIIFUE57,,,,unmatched,1483,1482,17,IL:1331;IN:39;WI:37;MI:22;FL:17;TX:8;CA:5;AZ:4;TN:4;NC:4,medium
549300M03EN3OQEDU087,,,,unmatched,3127,1337,17,MS:1066;LA:183;AL:71;FL:17,medium
549300IX6RAX31C1BI75,,,,unmatched,1252,247,17,IN:66;KY:57;MI:20;NC:19;OH:19;FL:17;VA:16;GA:10;MD:8;IA:8,low
2549008G9SP4WM32NN96,,,,unmatched,254,200,17,CT:157;FL:17;NJ:12;CA:6;GA:2;VA:2;TX:1;MD:1;NC:1;IL:1,low
549300SCF56K6YEG7X54,,,,unmatched,35,17,17,FL:17,low
254900JH11ROOV921P96,,,,unmatched,2266,1600,16,CA:1259;NV:144;AZ:58;TX:42;WA:24;FL:16;HI:10;PA:9;IN:7;OR:7,high
FU7RSW4CQQY98A2O7J66,,,,unmatched,11003,5995,16,OK:2384;TX:1139;CO:853;NM:772;AZ:237;KS:200;MO:147;AR:125;FL:16;OH:13,high
549300MKOZ81ZWTNKB12,,,,unmatched,4545,3094,16,VA:1374;NC:419;WV:332;MD:318;SC:220;GA:197;DC:110;PA:77;FL:16;OH:14,high
337KMNHEWWWR6B7Q7W10,,,,unmatched,3253,2416,16,OK:728;CA:535;TX:385;AZ:281;CO:152;NV:72;UT:42;NY:24;NM:18;FL:16,high
549300A0SVCQJPHVGV20,,,,unmatched,3591,2835,16,WI:1466;MN:599;TX:361;TN:309;KY:19;FL:16;NJ:13;IA:13;GA:7;CO:5,high
5493004XJV6Y8XQYPX87,,,,unmatched,2707,1688,16,MD:1497;DE:77;PA:72;FL:16;VA:10;NC:8;SC:5;NJ:3,medium
549300B2JJHSM77T5Y41,,,,unmatched,1393,882,16,OH:746;GA:50;FL:16;TX:10;SC:9;TN:6;CA:4;MI:4;NV:4;WI:3,medium
5493002WVA17MT4UFH84,,,,unmatched,444,191,16,TX:26;CA:19;FL:16;AZ:9;MI:8;PA:8;WI:7;GA:7;UT:7;NV:6,medium
549300ENNFGLHCMQ1U82,,,,unmatched,3023,2310,16,KY:1396;OH:823;IN:52;FL:16;SC:6;CO:3;TN:2;MI:2;IL:2;VA:2,medium
549300R0SQ8LYM3HBY12,,,,unmatched,1569,814,16,MI:786;FL:16;OH:12,medium
549300E8HNQO52YYHI82,,,,unmatched,3797,2911,15,NC:2599;SC:229;VA:32;GA:19;FL:15;TN:7;OH:5;MD:3;IL:1;MS:1,high
549300XOOL3OJTITCV30,,,,unmatched,4553,2441,15,PA:2255;NJ:93;DE:65;FL:15;MD:11;SC:1;NC:1,high
549300NBFK4GO76FTE84,,,,unmatched,2537,2029,15,PA:1227;NY:320;OH:224;VA:217;FL:15;SC:12;TN:3;NC:3;WV:2;NJ:2,high
549300PRAPL43XPYR044,,,,unmatched,2026,1364,15,CA:758;TX:212;VA:184;MD:89;GA:59;FL:15;CO:11;NV:11;NC:6;WA:5,high
549300TCY9QY8BRDQJ12,,,,unmatched,1189,793,15,NY:546;NJ:85;TN:53;CT:31;GA:16;FL:15;PA:14;NC:11;TX:6;SC:4,high
549300FOXIQQV5UZD367,,,,unmatched,2842,2098,15,VA:1342;NC:467;MD:133;SC:130;FL:15;DC:3;TN:3;GA:2;PA:1;NJ:1,high
5493004R423PBPM6A173,,,,unmatched,557,394,15,OH:46;TX:37;IL:24;GA:23;TN:20;NJ:19;IN:19;VA:18;MI:17;FL:15,medium
2549009BJ1OZ4H7KTG46,,,,unmatched,363,179,15,NC:67;TX:27;FL:15;OH:8;GA:7;SC:7;HI:6;NY:5;CO:5;TN:4,medium
549300ZD18AVSD0OG331,,,,unmatched,147,123,15,NJ:105;FL:15;PA:2;DE:1,medium
549300WS8BW0I0BDA390,,,,unmatched,1528,1205,15,IN:557;IL:263;WI:151;GA:98;MI:45;OH:36;CO:23;FL:15;NV:4;TN:2,medium
549300SQKZC6HESYGO25,,,,unmatched,736,258,15,CA:27;VA:24;FL:15;IL:15;NJ:12;NC:11;AZ:10;PA:9;NY:9;OH:8,medium
5493007BX4I89K17ZM64,,,,unmatched,107,72,15,CA:25;FL:15;TX:9;AZ:5;VA:4;NC:3;OR:3;PA:2;NJ:2;WA:2,medium
549300U7UH8QCS8WQ406,,,,unmatched,1579,1220,15,IN:1121;FL:15;OH:14;MI:10;GA:9;IL:9;NC:5;MO:5;SC:4;MN:4,medium
549300P5TUVYUVESV584,,,,unmatched,363,313,15,VA:283;FL:15;NC:13;AL:2,low
254900UKSP6SQGRSFL18,,,,unmatched,26,22,15,FL:15;NY:6;GA:1,low
254900VT356QLU1SWW81,,,,unmatched,20,15,15,FL:15,low
549300ULZJK0NFBI8J68,,,,unmatched,49,15,15,FL:15,low
WV0OVGBTLUP1XIUJE722,,,,unmatched,5566,3106,14,CT:1541;MA:616;NY:564;NJ:215;RI:105;PA:21;FL:14;NH:11;ME:9;CA:3,high
254900L0MIAM922ZEC34,,,,unmatched,1357,885,14,PA:773;NJ:82;FL:14;DE:8;VA:1;NC:1;AL:1;SC:1;AZ:1;OH:1,high
254900RFZH9I62FGU045,,,,unmatched,2305,1681,14,MS:546;TX:362;KS:298;OK:222;MO:111;IN:62;AR:23;FL:14;WA:8;GA:7,medium
549300JGK6WNKYXQ0821,,,,unmatched,1587,441,14,GA:324;NC:18;AL:17;FL:14;AR:9;SC:6;TN:6;KY:6;PA:4;OK:4,medium
254900IRE136HFEI2562,,,,unmatched,436,285,14,NY:188;NJ:22;CT:21;CA:17;FL:14;MA:4;NC:3;VT:3;PA:3;TN:2,medium
549300LLQD0X2OTG0Y27,,,,unmatched,1196,581,14,RI:205;MA:77;NH:31;DE:20;LA:17;OH:16;NC:16;TX:15;SC:15;FL:14,medium
549300TTPRGSP8DGY569,,,,unmatched,696,471,14,VA:134;MD:113;DC:55;CA:20;FL:14;NC:11;NJ:10;PA:8;OK:8;WV:8,medium
549300X08QKYUH256I80,,,,unmatched,265,240,14,GA:77;TX:38;OK:29;NM:21;AZ:19;FL:14;AL:7;WA:6;CA:5;TN:5,medium
549300WKFR15017V9850,,,,unmatched,1615,1165,14,CO:516;MN:197;MO:171;CA:99;ME:66;WA:23;KS:16;FL:14;WI:8;AZ:7,medium
549300X03SL4SM0F3U87,,,,unmatched,155,123,14,NJ:82;NY:21;FL:14;PA:5;CT:1,medium
549300FOHR7SBPQ7WJ92,,,,unmatched,147,115,14,GA:54;TN:46;FL:14;AL:1,medium
549300D2OYT7VTDY6Z20,,,,unmatched,438,269,14,MD:90;NJ:48;VA:37;FL:14;GA:11;NC:11;CA:8;PA:6;IL:6;DC:4,medium
549300RJ5S2V4F8C4H36,,,,unmatched,88,82,14,NY:44;CT:16;FL:14;NJ:3;PA:2;VA:1;DC:1;SC:1,medium
IWRZQFYIRJ0IMURZBB68,,,,unmatched,3907,3194,14,WI:3047;IL:61;MN:16;FL:14;AZ:11;NC:6;TX:5;CO:5;MI:5;IN:4,medium
549300QDGMFASKEN7Z77,,,,unmatched,4287,2827,14,MN:2694;WI:66;FL:14;AZ:6;IA:4;IL:4;CO:3;NE:3;UT:2;OH:2,medium
549300337GB2P1WP7003,,,,unmatched,68,58,14,FL:14;GA:7;TX:6;NC:4;MD:4;SC:3;MO:3;NV:2;KY:2;VA:2,low
549300GMQCJI1T3P3Z82,,,,unmatched,50,15,14,FL:14;GA:1,low
254900FG1PR8UNV77C36,,,,unmatched,162,144,14,AL:130;FL:14,low
549300DQG9B47MV1MR51,,,,unmatched,88,72,14,AL:58;FL:14,low
549300DDLYW49R2HCV81,,,,unmatched,6548,4027,13,TN:2854;VA:626;TX:392;NC:37;GA:21;SC:17;FL:13;KY:10;AR:7;AL:6,high
549300YKTME1U7Z0UN20,,,,unmatched,4317,3131,13,NY:3103;FL:13;PA:6;CT:5;NC:2;SC:2,high
549300TQWW6MLVH6KY61,,,,unmatched,2742,1706,13,NC:1562;GA:46;SC:33;VA:19;FL:13;PA:11;NJ:10;IL:2;CA:2;MD:2,high
549300LBK5BTNFKZJD14,,,,unmatched,2312,1647,13,PA:1531;NJ:66;MD:18;FL:13;SC:6;DE:4;NC:3;NY:2;GA:1;OH:1,high
549300DG3IV05V4C4E03,,,,unmatched,4161,3145,13,LA:1292;TX:730;AR:516;TN:265;IN:131;GA:86;MS:73;FL:13;OH:6;AL:6,high
549300SYR11CYON0JE74,,,,unmatched,1455,1119,13,MA:597;RI:429;CT:51;NH:17;FL:13;SC:4;VA:2;NJ:2;NC:2;MD:1,high
254900NTAC4H10MGSU23,,,,unmatched,15897,11414,13,WI:11322;IL:46;MN:14;FL:13;MI:8;CO:6;AZ:5,high
549300DW87L2IZ7ZHF47,,,,unmatched,857,467,13,NJ:283;NY:78;PA:37;TX:17;FL:13;NC:5;MI:5;CO:4;CT:3;AZ:3,medium
549300R22XCNNGVXRO22,,,,unmatched,515,414,13,PA:211;NY:117;NJ:50;FL:13;MD:7;CT:4;OH:3;VA:3;DE:2;MI:1,medium
549300NLJI4QKZ3D0G94,,,,unmatched,332,202,13,CA:125;FL:13;TX:11;CO:9;AZ:9;NV:6;WA:6;OR:5;ID:2;MD:2,medium
549300IBT3SCF2K09D58,,,,unmatched,290,261,13,CA:34;WA:18;GA:16;MN:15;TX:15;OR:13;FL:13;AZ:12;PA:10;NC:10,medium
549300UKYJZO6CZXIX60,,,,unmatched,729,576,13,IL:476;TN:22;IN:16;FL:13;MI:11;MN:8;WI:5;OH:5;GA:5;SC:3,medium
B94HV8SXGDD3J5XESU08,,,,unmatched,1615,1172,13,IL:1046;AZ:25;NY:15;FL:13;WI:12;MI:12;IN:6;WA:4;PA:4;SC:3,medium
549300XOTES5TCS8T794,,,,unmatched,2369,1610,13,IL:1287;MO:159;WI:101;IN:26;TX:14;FL:13;GA:2;TN:2;KS:1;MN:1,medium
549300H8JJI69WD7I525,,,,unmatched,2156,1643,13,OH:1250;IN:294;KY:35;MI:29;FL:13;PA:7;SC:4;AZ:2;NC:2;TN:2,medium
5493000XYE7QL54NMB52,,,,unmatched,1908,1433,13,IL:1286;MO:85;IA:31;FL:13;IN:6;CO:2;KS:2;OH:1;MI:1;AZ:1,medium
54930080GH2G8DISFG28,,,,unmatched,57,47,13,GA:34;FL:13,low
VN1JLT1F3FLLVN3FZG89,,,,unmatched,7547,4663,12,PA:3223;OH:1386;KY:18;FL:12;IN:5;NC:3;WV:3;MN:2;IL:2;GA:2,high
549300DMHEHNYZ2OLB41,,,,unmatched,9837,6705,12,OK:3985;TX:2615;FL:12;AR:10;CO:9;CA:6;NM:6;UT:5;MS:4;KS:4,high
549300VUQ4KD10YTTM53,,,,unmatched,2157,1717,12,NY:1705;FL:12,high
5493007XAKU2Q6LGXD23,,,,unmatched,2217,1540,12,TX:1306;NC:135;TN:19;FL:12;SC:9;OH:9;VA:8;GA:7;CO:5;OK:5,high
5493004OB0KD7VERQW98,,,,unmatched,3203,2426,12,TX:1107;KY:411;TN:219;OK:188;IN:175;AL:173;GA:54;LA:47;AR:32;FL:12,high
549300ZPJVCRRFETOG85,,,,unmatched,1414,751,12,TX:525;NM:156;MS:36;FL:12;AL:12;MI:4;LA:4;CO:1;GA:1,high
549300CEHN5CVC6INV48,,,,unmatched,5314,3696,12,OH:3251;SC:235;NC:119;KY:55;FL:12;IN:9;TN:3;GA:3;WV:2;MD:2,medium
549300NZ2IPWRMLAYZ30,,,,unmatched,494,343,12,NY:256;MA:35;FL:12;VA:9;MD:7;NJ:6;SC:4;CT:3;NC:3;NH:3,medium
5493008E4KBJCB6UKR64,,,,unmatched,515,321,12,CA:123;NV:27;GA:24;FL:12;TX:12;MO:11;AZ:10;IN:9;NC:7;PA:7,medium
5493007Z7FTUKQGFMZ98,,,,unmatched,436,294,12,TX:44;NY:30;GA:28;IL:17;WA:13;FL:12;NJ:11;NC:11;PA:10;CO:9,medium
2549007E9BI08H1N1T92,,,,unmatched,319,214,12,NC:82;TX:40;VA:23;GA:16;FL:12;SC:9;IN:6;CA:5;TN:5;WA:5,medium
549300W1HU6IVVIEJ389,,,,unmatched,1461,967,12,UT:712;TX:43;CA:26;OR:24;ID:17;VA:16;AZ:15;WA:15;FL:12;NM:12,medium
549300S347HTLHLOC775,,,,unmatched,1468,134,12,NY:38;PA:28;NJ:28;CT:16;FL:12;SC:5;DE:3;NC:1;CO:1;GA:1,medium
5493005T71YXBHEO2093,,,,unmatched,1483,567,12,IL:356;GA:63;MN:41;NV:35;IN:29;FL:12;WI:10;MI:7;TN:5;CA:4,medium
B2S31CFVSWTN3FR00Q90,,,,unmatched,94,93,12,NJ:13;FL:12;CA:9;MI:6;IL:5;TX:5;NY:4;CO:4;GA:3;WA:3,medium
549300SCFWZXMDMZPE93,,,,unmatched,2574,1911,12,AK:1445;WA:145;AZ:127;OR:65;ID:40;CO:40;FL:12;CA:11;TX:6;NV:4,medium
5493000F6NFDOVVZP043,,,,unmatched,1592,1350,12,IL:1147;WI:134;FL:12;MO:9;GA:8;NC:4;NE:3;TN:3;SC:3;IN:3,medium
549300CP7747DCRW6U68,,,,unmatched,1655,1334,12,MO:673;IL:616;FL:12;CO:3;TN:3;AZ:2;OH:2;OK:2;IN:2;MI:2,medium
254900561K135J92VD38,,,,unmatched,1869,1555,12,AR:1534;FL:12;OK:5;MT:1;TN:1;CO:1;NC:1,medium
549300ZZZUYWXK72JD21,,,,unmatched,1531,1178,12,MN:958;WI:154;ND:40;FL:12;SD:7;IA:2;CO:2;CA:2;AZ:1,medium
RM2F4G3WBQ8R9OKYRH19,,,,unmatched,3075,2129,12,MI:2101;FL:12;IN:5;OH:4;IL:3;WI:2;AZ:1;TN:1,medium
549300N968Y85YXDX139,,,,unmatched,259,229,12,AL:203;FL:12;GA:11;SC:1;TN:1;LA:1,low
549300OPKCV6BLMDSL66,,,,unmatched,176,123,12,AL:103;FL:12;GA:5;MS:2;LA:1,low
254900FN90BBXGBCPB30,,,,unmatched,123,114,12,AL:102;FL:12,low
254900KXYZ881E3D5449,,,,unmatched,79,74,12,AL:62;FL:12,low
549300FDNZSDIZP9N063,,,,unmatched,18,13,12,FL:12;AL:1,low
549300ZK7CUY4GNBNC41,,,,unmatched,17,12,12,FL:12,low
5493002C1SVHOFTWF108,,,,unmatched,3534,2327,11,NY:2316;FL:11,high
254900ZELVKWROFNEC29,,,,unmatched,643,408,11,PA:297;NJ:53;GA:11;FL:11;DE:8;NC:6;CO:3;MN:2;MA:2;MD:2,medium
254900MQ4O1DX3N88207,,,,unmatched,3106,2436,11,KY:2051;TN:196;WV:123;OH:33;VA:11;FL:11;IN:7;NC:2;MD:1;SC:1,medium
254900T8N4RLS6G3BF64,,,,unmatched,262,129,11,CA:35;TX:28;WA:12;FL:11;NY:6;AZ:6;NJ:4;SC:4;TN:4;DC:2,medium
5493001QR7MEE12WC276,,,,unmatched,147,92,11,NY:63;FL:11;NJ:9;PA:5;CT:2;NC:2,medium
549300I43FC7P0IJMR13,,,,unmatched,179,117,11,GA:24;CA:19;FL:11;TX:11;PA:11;WA:9;MD:8;VA:7;NC:4;SC:4,medium
549300KR4ZW8KJC82O47,,,,unmatched,529,433,11,KS:224;MO:42;TX:27;AK:15;TN:13;FL:11;CO:8;MS:6;VA:6;NC:6,medium
549300I3HDJ5QJNFPZ87,,,,unmatched,157,74,11,TX:16;CA:13;FL:11;NJ:8;GA:7;VA:7;NC:5;IL:3;MD:3;OK:1,medium
549300C4J510S9L1RF98,,,,unmatched,2560,2118,11,MN:1505;ND:235;AZ:148;WI:119;IA:41;FL:11;CO:11;CA:10;TX:6;GA:3,medium
549300L8JRY60EOROT34,,,,unmatched,2168,1716,11,IL:1287;MO:400;FL:11;IN:3;AR:2;WV:2;NC:2;GA:2;TN:2;WI:1,medium
254900E9QYJ6OX8QXL76,,,,unmatched,834,632,11,AL:615;FL:11;TN:4;GA:1;MS:1,medium
549300ZBBGOL4MIK0L71,,,,unmatched,3555,2584,11,IN:2448;OH:113;MI:12;FL:11,medium
5493000WAJ1FMTFL5D75,,,,unmatched,1334,74,11,VA:11;FL:11;GA:8;OH:6;PA:6;MD:6;TX:5;AL:4;NJ:4;TN:4,low
549300CKG3JGNHH34D61,,,,unmatched,94,93,11,LA:70;FL:11;TX:9;AR:3,low
549300VXXDSMSH313G18,,,,unmatched,9768,4204,10,NC:3466;SC:377;VA:322;GA:16;FL:10;TN:8;OH:5,high
549300N38Q5YKSSV1106,,,,unmatched,2035,1618,10,MA:1399;CT:99;RI:55;NH:40;ME:10;FL:10;VT:5,high
549300NWYTCEH9RSSW54,,,,unmatched,2337,1203,10,NY:1182;FL:10;NC:4;CT:3;VT:2;DE:1;NJ:1,high
549300MUTFJQGRZJH019,,,,unmatched,823,576,10,MA:530;CT:10;FL:10;NH:6;ME:5;SC:5;VT:3;NC:2;RI:2;NJ:1,high
2549007IU6SKFLLNKZ07,,,,unmatched,504,402,10,CA:303;HI:20;AZ:18;TN:14;TX:12;FL:10;NV:7;WA:5;KS:2;ID:2,medium
549300BWFA5UY7H4WJ62,,,,unmatched,2298,1845,10,VA:1514;NC:198;WV:52;MD:34;SC:19;FL:10;MS:6;GA:4;PA:3;TN:2,medium
549300RC1JITZLHVLH66,,,,unmatched,375,234,10,CA:214;FL:10;HI:2;GA:2;TX:2;CO:2;WA:1;TN:1,medium
549300FZJCP0WM3QJH15,,,,unmatched,219,194,10,NJ:110;NY:59;FL:10;PA:7;CT:3;SC:2;OH:1;NC:1;ME:1,medium
549300KT5OWPGQKWUN86,,,,unmatched,523,415,10,RI:212;MA:99;CT:29;PA:22;TX:16;NJ:14;FL:10;NH:6;CA:1;NY:1,medium
254900ZWDLZRZ1IY7113,,,,unmatched,160,152,10,GA:141;FL:10;AL:1,medium
549300O5WDIJU8S7OI05,,,,unmatched,2212,1775,10,OK:1406;MO:137;KS:81;TX:48;FL:10;AZ:10;AR:9;GA:9;WA:5;SC:5,medium
549300GYK7N8U42X9587,,,,unmatched,126,114,10,CA:32;NC:12;FL:10;OR:6;NY:5;PA:4;LA:4;TX:4;TN:3;SC:3,medium
254900BDGU9FU91PQA51,,,,unmatched,1040,794,10,OH:703;IL:10;FL:10;GA:9;PA:6;MA:5;KY:5;CO:5;VA:4;MT:3,medium
254900DTLB5WWMBJAD86,,,,unmatched,1679,1312,10,WI:1245;IL:12;FL:10;MN:7;TN:5;AZ:5;OH:4;TX:4;NC:3;CO:3,medium
549300RBJCM5B02O5U05,,,,unmatched,2585,2079,10,IA:1743;NE:222;MN:29;SD:24;AZ:11;FL:10;CO:5;MO:5;IL:4;KS:4,medium
549300SNZET0P5BZ3J56,,,,unmatched,1775,1426,10,IL:1377;FL:10;IN:9;MO:8;IA:8;WI:4;SC:4;TX:2;AZ:2;TN:1,medium
254900V9842QPBGIO804,,,,unmatched,2464,1551,10,MI:1493;IN:26;FL:10;IL:7;AR:3;TN:3;NC:2;NV:1;AL:1;WI:1,medium
549300VJ7C5JB4W87F48,,,,unmatched,1859,1456,10,IL:1382;IN:20;WI:16;FL:10;AZ:7;MI:6;WA:5;SC:2;OH:2;TN:1,medium
54930069UB3VEGAQ9661,,,,unmatched,634,508,10,AL:490;FL:10;MS:4;TN:2;GA:1;LA:1,medium
549300FKEPZ2QELUY416,,,,unmatched,155,46,10,FL:10;TX:7;NC:4;CA:4;CO:4;OH:3;NM:2;VA:2;SC:1;PA:1,low
254900ZKVJDEYHV22276,,,,unmatched,449,404,10,LA:374;FL:10;MS:6;AL:3;TN:3;TX:3;MA:2;NM:1;VA:1;ME:1,low
549300XR0EY1M0FVG232,,,,unmatched,20,17,10,FL:10;GA:2;UT:1;CA:1;HI:1;OH:1;NC:1,low
54930062IKKOJW3K8L94,,,,unmatched,4413,2569,9,PA:2241;NJ:236;DE:61;MD:17;FL:9;OH:4;AZ:1,high
549300E1PJPTI4YS7H26,,,,unmatched,2938,1829,9,TN:1801;FL:9;GA:8;AL:8;KY:2;MS:1,high
549300BTTR873E71L054,,,,unmatched,3991,3103,9,VA:1016;NC:752;WV:488;SC:311;PA:187;TX:172;MD:134;FL:9;MN:9;GA:7,high
549300RM7ARTTP3T1V93,,,,unmatched,939,749,9,NY:735;FL:9;SC:2;NC:1;AZ:1;MA:1,high
549300LR1ZETOWYE9Z89,,,,unmatched,1309,829,9,MA:530;CT:109;NY:84;RI:49;VT:24;NH:14;FL:9;ME:5;NJ:4;SC:1,high
549300XRXBA38J60S618,,,,unmatched,1095,856,9,CA:561;ID:170;AZ:37;UT:13;NV:13;TN:10;FL:9;TX:8;MN:7;WA:7,high
549300N1YEXP02MHBR47,,,,unmatched,8964,5317,9,OH:5207;KY:35;IN:21;TN:17;FL:9;MI:7;GA:4;TX:4;IL:2;SC:2,high
549300RTWPH3HXUWR160,,,,unmatched,1328,940,9,AL:517;TN:238;MS:169;FL:9;GA:3;IL:1;NM:1;NC:1;TX:1,medium
549300ANE43ZL0O8VZ13,,,,unmatched,284,279,9,GA:229;AL:41;FL:9,medium
549300OGIGNKGO2DX942,,,,unmatched,420,277,9,TN:89;MS:32;CA:17;GA:14;AR:13;PA:13;NC:11;NJ:9;FL:9;TX:9,medium
5493000JFVFQFL816N45,,,,unmatched,862,529,9,AR:374;TX:63;MO:13;CO:11;NC:10;FL:9;SC:6;CA:5;LA:4;TN:3,medium
54930063578UDYE3JR69,,,,unmatched,1797,1219,9,OH:744;IN:154;KY:131;WV:42;NC:32;PA:29;TN:14;MI:10;FL:9;AR:8,medium
549300ELLMUEKP1JHB70,,,,unmatched,264,225,9,VA:72;MD:42;TX:27;CA:16;NJ:16;NV:10;GA:9;FL:9;IL:7;WA:3,medium
549300KUIZTYQRC0R888,,,,unmatched,376,232,9,MN:97;IA:27;TX:12;SD:10;FL:9;NY:6;AZ:6;GA:5;WI:4;PA:4,medium
549300OR2C7AGDZFTS24,,,,unmatched,731,606,9,MO:355;IL:188;TN:23;FL:9;SC:4;VA:3;LA:2;AR:2;OK:2;TX:2,medium
549300KQQRECSLK8ID57,,,,unmatched,2890,2520,9,MI:2473;KS:13;FL:9;NC:8;AL:5;TX:4;OH:4;IL:3;SC:1,medium
549300UXTDELQS5SLF91,,,,unmatched,3715,2783,9,IA:1990;WI:545;IL:183;MN:16;MO:9;FL:9;AZ:4;WA:4;MI:2;NE:2,medium
549300GN85R5S1V3SJ96,,,,unmatched,993,659,9,OH:510;KY:92;IN:41;FL:9;SC:3;AZ:1;WV:1;AR:1;CO:1,medium
549300EBXH41OP56DQ10,,,,unmatched,757,615,9,OH:604;FL:9;GA:1;NC:1,medium
549300SKTBTC2QFDKG02,,,,unmatched,2857,1890,9,IN:1853;MI:16;IL:11;FL:9;OH:1,medium
2549004XDCE3LGQW7H72,,,,unmatched,242,165,9,MN:35;WI:17;IL:10;FL:9;CA:8;OH:7;IA:7;IN:6;CO:6;TX:6,low
549300EHWBP6UP4Y8J37,,,,unmatched,160,119,9,MI:15;MN:14;VA:13;FL:9;IL:8;TX:8;CA:6;ID:5;OH:4;IN:4,low
549300SKVC0LU4RBMF20,,,,unmatched,572,485,9,MI:476;FL:9,low
5493003F5IG7YZ4PQ253,,,,unmatched,56,54,9,AL:45;FL:9,low
5493004NH61PL6YYNH25,,,,unmatched,2441,1294,8,NJ:1180;NY:56;PA:48;FL:8;NH:1;TN:1,high
549300SLZFPDLWNB0O94,,,,unmatched,1537,1245,8,SC:909;VA:146;GA:96;NC:56;WV:23;FL:8;TN:3;CT:1;TX:1;CA:1,high
5493001CM06UK2XY3I18,,,,unmatched,1912,1122,8,PA:949;DE:82;NJ:63;MD:12;FL:8;VA:3;SC:1;NY:1;MI:1;CO:1,high
5493009Y8ROUG903AQ21,,,,unmatched,1340,1010,8,CA:849;WA:21;NV:10;IL:9;TX:9;NY:8;FL:8;OR:8;PA:7;GA:6,high
549300IJ8KTGYPKLXK63,,,,unmatched,1758,1432,8,TN:828;MS:275;AR:262;GA:47;AL:9;FL:8;KY:3,high
R7JQ9JTCFHXBQU4XIT26,,,,unmatched,1233,764,8,PA:628;NJ:78;MD:31;DE:11;FL:8;GA:2;NC:1;ME:1;TX:1;IL:1,high
5493003B2LEGQHDWRN55,,,,unmatched,1477,885,8,MA:652;NH:72;VA:35;CT:17;RI:14;ME:12;MD:10;NJ:9;CA:9;FL:8,high
D8RBTOL3JO2Q6IEO0F34,,,,unmatched,1311,976,8,LA:528;TX:270;MS:128;AR:10;AL:9;FL:8;TN:6;OK:4;AZ:2;OH:2,medium
549300BTFTXJ72LSIY30,,,,unmatched,256,256,8,NJ:197;PA:51;FL:8,medium
549300HRKD2IJSOPRA57,,,,unmatched,293,255,8,MA:184;CT:37;RI:11;FL:8;NH:7;ME:5;SC:2;NY:1,medium
254900WH43E1KZKSNH40,,,,unmatched,166,150,8,CA:109;FL:8;TX:8;CO:8;AZ:8;NC:3;TN:3;GA:1;IN:1;WY:1,medium
254900KI7219LQKCI772,,,,unmatched,1254,974,8,CO:694;WY:105;TX:24;AZ:18;CA:17;MT:10;FL:8;OH:7;ID:7;NC:6,medium
549300JQALY53TH22D13,,,,unmatched,199,178,8,MN:23;TX:21;WA:13;CA:13;IL:12;OR:10;FL:8;NM:8;TN:7;CO:7,medium
254900IU2EZH8TXNXE23,,,,unmatched,114,95,8,NY:41;TX:9;FL:8;CA:6;NJ:6;MD:3;MO:3;OH:3;IL:3;CT:1,medium
549300D36J5CQX0I4F44,,,,unmatched,1029,810,8,MI:524;OH:189;ME:35;MA:23;TN:16;IL:11;FL:8;NC:2;IN:2,medium
5493007LUU2DLS755O60,,,,unmatched,3115,2292,8,IN:2206;KY:36;NY:22;FL:8;PA:6;NC:4;AL:2;MI:2;IA:2;WI:1,medium
549300HYHFCULSUBAE54,,,,unmatched,2388,2050,8,CT:2009;MA:32;FL:8;RI:1,medium
1TMVIO1SD0RLIPEIW803,,,,unmatched,1953,1311,8,MO:915;IA:198;KS:76;MN:31;NE:16;IL:14;AR:12;FL:8;NC:7;CA:6,medium
549300L9MOPDT0NKE883,,,,unmatched,1406,980,8,KS:805;OK:79;MO:53;FL:8;CA:4;TX:3;NC:3;NM:3;MN:3;IL:2,medium
549300OZ550X4QD5PC74,,,,unmatched,6202,4702,8,WI:2893;MN:1772;FL:8;TX:8;AZ:3;GA:2;OR:1;MI:1;CT:1;SC:1,medium
549300VIZR4H7AB15496,,,,unmatched,1183,1027,8,MI:999;FL:8;IL:3;SC:3;NC:2;GA:2;TN:1;AZ:1;CA:1;KY:1,medium
254900ARL5FDX2OOH702,,,,unmatched,3225,2256,8,OH:2178;IN:30;KY:24;FL:8;MI:6;TX:2;TN:2;NY:1;CO:1;NC:1,medium
P7GC0W65KB5CEIHLDX81,,,,unmatched,4057,2798,8,IN:1994;MI:770;IL:18;FL:8;OH:2;AZ:2;KY:2;TN:1;DC:1,medium
8Q77SW3KZ88P3GNX0T60,,,,unmatched,2433,1870,8,IN:1813;MI:44;FL:8;UT:2;IL:1;OH:1;TN:1,medium
5493000D7DINI9PZN749,,,,unmatched,1449,979,8,IL:764;MO:197;FL:8;AZ:2;IN:1;LA:1;KY:1;OH:1;WI:1;CO:1,medium
549300U7ERLWHOGWFM48,,,,unmatched,1460,939,8,MI:929;FL:8;NC:1;AZ:1,medium
254900CIEUZUO7CHPG88,,,,unmatched,5075,4028,8,WI:3632;MI:260;IL:121;FL:8;MN:5;AZ:2,medium
5493007VDBJSG0E0S678,,,,unmatched,1229,1218,8,MN:1102;WI:86;AZ:16;FL:8;CO:4;IA:2,medium
549300S93XI20FLTGK89,,,,unmatched,104,87,8,VA:28;MD:12;NC:12;FL:8;PA:7;GA:7;DE:5;TX:3;SC:2;DC:1,low
8EWQ2UQKS07AKK8ANH81,,,,unmatched,69,42,8,NY:18;CA:10;FL:8;MT:2;TX:2;MA:2,low
5493006HFDG31YJ3MM36,,,,unmatched,483,253,8,OH:119;KY:25;IN:24;MI:14;CA:14;VA:13;FL:8;LA:7;WV:6;IL:5,low
CLHA5EVJO4FMZ2WOBV70,,,,unmatched,177,151,8,IL:101;CA:19;FL:8;UT:6;WI:2;MN:2;MT:2;MO:2;MI:1;NC:1,low
549300DRKI1J5D73X280,,,,unmatched,440,349,8,OH:320;MI:17;FL:8;SC:1;VA:1;AZ:1;IN:1,low
254900VHUBSJJKOMBF27,,,,unmatched,5605,4154,7,CA:3527;CO:269;TX:105;OR:99;NV:57;MO:31;WA:15;AZ:15;IL:10;FL:7,high
549300DYB1ZT3UOGPL20,,,,unmatched,2487,1376,7,PA:1161;NJ:176;DE:24;FL:7;MD:5;SC:2;NC:1,high
54930002O9LLXKR6TF11,,,,unmatched,1768,1032,7,CA:774;NV:90;AZ:22;TX:21;GA:20;WA:14;TN:12;HI:9;CO:8;FL:7,high
549300FKW6LAHX0L9161,,,,unmatched,372,361,7,GA:354;FL:7,medium
549300ELFWNRX6MLE444,,,,unmatched,346,301,7,GA:294;FL:7,medium
549300YM15OICCNPH537,,,,unmatched,376,266,7,NJ:171;NY:45;PA:12;CT:8;FL:7;NC:4;GA:4;SC:3;IL:3;MI:2,medium
5493002QP2ONO47G5R24,,,,unmatched,212,168,7,PA:116;FL:7;TX:6;NJ:4;CA:4;LA:4;AZ:3;GA:3;AL:2;KS:2,medium
549300217ZPIHWEYT887,,,,unmatched,197,184,7,MA:100;CT:36;NY:8;FL:7;NC:7;NJ:5;IL:4;ME:2;MD:2;OH:2,medium
549300NWKILSNQAIG053,,,,unmatched,2133,1205,7,VA:606;UT:469;NC:45;TX:38;FL:7;GA:7;AZ:5;TN:3;OH:3;WV:2,medium
254900CX4A85W20A2X77,,,,unmatched,206,111,7,NV:48;CA:37;FL:7;NJ:7;NC:5;OH:2;GA:2;TX:2;NY:1,medium
254900A9IPKYRVXEJ156,,,,unmatched,1717,1214,7,MI:1165;TX:27;IN:12;FL:7;WI:1;GA:1;TN:1,medium
549300AUFLERO59VGC71,,,,unmatched,635,556,7,WI:314;IL:219;FL:7;TN:4;SC:3;NC:2;MN:1;IN:1;IA:1;OR:1,medium
549300U6DW7DX671T306,,,,unmatched,1641,989,7,IL:840;MO:116;FL:7;IN:6;WI:4;TN:3;OH:3;SC:2;IA:2;TX:2,medium
549300E3X7YDJIUENL65,,,,unmatched,1003,605,7,IL:568;IN:12;FL:7;MO:3;WI:3;SC:2;TX:2;NC:1;AZ:1;KY:1,medium
549300C5GU86M1X2DG56,,,,unmatched,1155,926,7,KY:882;IN:19;OH:10;FL:7;MO:2;SC:1;TN:1;NC:1;AL:1;GA:1,medium
549300T67186NPGCHI50,,,,unmatched,4653,2565,7,MO:2430;IL:125;FL:7;AR:2;AL:1,medium
549300D0H09HSURFXA20,,,,unmatched,613,102,7,VA:28;CA:17;TX:8;IL:8;FL:7;GA:5;OH:5;NC:4;MI:3;PA:3,low
01ERPZV3DOLNXY2MLB90,,,,unmatched,150,121,7,IL:55;CA:21;FL:7;WI:7;IA:6;MT:5;AZ:4;MN:3;MI:3;ND:2,low
549300QWJ3UDIX8KBP64,,,,unmatched,590,440,7,AR:308;MO:74;OK:14;PA:10;CO:9;FL:7;TN:5;AZ:3;ID:2;GA:2,low
984500DB378C704F4610,,,,unmatched,420,246,7,MN:197;WI:11;MO:9;FL:7;IA:3;MI:3;KS:2;TN:2;GA:2;SD:1,low
549300KEN9618A3NSC95,,,,unmatched,14,7,7,FL:7,low
DZC62HF6UIZYJ08V1J90,,,,unmatched,9754,6400,6,PA:3211;NJ:1233;VA:797;MD:744;DE:289;DC:70;NC:24;WV:19;FL:6;SC:4,high
LVR1UQE8OOCO93IHEB52,,,,unmatched,5915,4158,6,PA:2412;NY:1021;IN:480;OH:223;MI:6;FL:6;WV:2;TN:2;MD:2;KY:1,high
MCXHCL35UUWDZK7NCQ61,,,,unmatched,4091,2616,6,PA:2442;OH:133;NJ:15;MD:6;FL:6;DE:4;SC:2;GA:2;WV:2;MA:1,high
549300ZGZ9WQMJLEPH17,,,,unmatched,2104,1778,6,NY:1691;NJ:61;CT:12;PA:8;FL:6,high
549300ZGTXNHL5BKQZ27,,,,unmatched,2561,1842,6,TX:1708;NM:37;TN:32;MS:18;AL:10;CA:8;FL:6;GA:4;NC:4;AR:4,high
549300PP6R8WIOP60124,,,,unmatched,1612,1341,6,SC:1030;NC:154;GA:138;FL:6;TX:2;AL:2;MI:2;OH:2;CO:1;KY:1,high
549300H8H31LPYGJEW50,,,,unmatched,1728,1342,6,MA:1194;NH:105;ME:20;RI:17;FL:6,high
5493006KQF5UKZ3Y9N07,,,,unmatched,1564,1212,6,TX:1094;AZ:46;OH:17;NM:13;MI:8;FL:6;GA:3;OK:3;AR:3;WA:3,high
549300JOD3S8ZGZLHP53,,,,unmatched,1140,968,6,CA:933;WA:10;AZ:8;TX:8;FL:6;NC:2;OR:1,high
549300QURAICH2YGJV94,,,,unmatched,1307,827,6,TX:812;FL:6;NM:4;AR:2;OK:1;CO:1;TN:1,high
5493002PR22PLR6S8J02,,,,unmatched,983,764,6,PA:743;NJ:9;FL:6;CO:2;NC:2;MD:1;NY:1,high
254900BBEPZS8MDE1S61,,,,unmatched,696,500,6,CA:444;AZ:13;FL:6;OH:6;TX:5;CO:4;OR:3;NV:3;MT:2;ID:2,medium
5493005ZSV53K4M63M18,,,,unmatched,507,441,6,NY:351;PA:61;NJ:15;FL:6;NC:3;SC:2;VA:1;CA:1;OH:1,medium
549300FNQXUCMCVLKL76,,,,unmatched,523,384,6,NJ:325;PA:27;NY:20;FL:6;CT:1;VA:1;AZ:1;MD:1;MA:1;NH:1,medium
254900U2ZPLWQTSD3158,,,,unmatched,451,339,6,TN:285;MS:18;AR:7;FL:6;MI:3;NC:3;GA:3;CO:2;AL:2;MO:2,medium
5493009RSCJ6Y7LUWJ31,,,,unmatched,356,356,6,PA:192;MD:83;VA:31;CA:11;NJ:9;TX:8;NC:7;FL:6;GA:4;TN:3,medium
549300GTJL0LGX444G33,,,,unmatched,262,228,6,MA:199;NH:16;FL:6;ME:4;RI:2;CT:1,medium
2549005RQQ9A5CNFVG05,,,,unmatched,175,153,6,GA:147;FL:6,medium
549300KJKBXR3PD3QQ56,,,,unmatched,1332,948,6,OH:748;NC:54;IN:52;SC:31;PA:27;GA:14;KY:13;FL:6;DE:2;NJ:1,medium
984500C6D3DC0BE5E321,,,,unmatched,125,102,6,GA:37;PA:16;NC:13;TN:13;FL:6;SC:5;TX:4;NJ:2;KS:2;VA:2,medium
54930045J8O98TUGTW86,,,,unmatched,907,728,6,LA:609;TX:87;MS:14;FL:6;AL:6;AR:3;NV:1;MI:1;CO:1,medium
254900W44IWNZ2DBCR56,,,,unmatched,75,72,6,GA:65;FL:6;AL:1,medium
549300Y3R0S9WULTX168,,,,unmatched,82,71,6,GA:55;AL:6;FL:6;TN:3;NC:1,medium
549300VMVKSQE1B7DD43,,,,unmatched,3241,2224,6,ME:1794;NH:344;MA:46;VT:18;FL:6;NC:4;SC:3;NJ:1;VA:1;CO:1,medium
549300FCPKXI75DX5M03,,,,unmatched,107,80,6,VA:15;NC:14;GA:11;MD:11;PA:10;TX:9;FL:6;SC:3;DC:1,medium
549300QFP6J5QSZVF805,,,,unmatched,2619,2030,6,AR:975;ID:428;LA:374;MS:196;TN:20;TX:11;FL:6;MO:4;UT:4;OK:2,medium
549300RIPPSJXAQKZ383,,,,unmatched,764,557,6,IL:272;WI:202;IN:27;NJ:14;MA:7;FL:6;AZ:5;RI:3;TN:3;CT:3,medium
549300LPT41QBMAC7948,,,,unmatched,1847,1428,6,KY:1376;TN:24;IN:12;FL:6;OH:4;AL:3;GA:1;NC:1;SC:1,medium
549300DPWFIO1S3DF358,,,,unmatched,1666,1189,6,OH:1143;NC:12;FL:6;MI:6;IL:6;KY:4;IN:4;SC:3;DE:1;MD:1,medium
5493006QG55R8V712J33,,,,unmatched,1288,864,6,LA:819;TX:10;VA:7;FL:6;MS:6;AL:5;CO:2;AR:2;NC:2;MO:1,medium
549300BR7OTD25RTS027,,,,unmatched,1517,1269,6,MS:869;AL:380;FL:6;TN:6;NC:2;TX:2;CA:1;LA:1;IL:1;IN:1,medium
549300HN58ONH5KNJJ12,,,,unmatched,1243,1064,6,WI:806;MO:197;IL:32;FL:6;CO:4;TN:3;TX:3;MI:3;MN:2;KS:2,medium
549300C6TQAJABMFOR79,,,,unmatched,2511,1308,6,MI:1290;FL:6;OH:4;AZ:1;KY:1;NC:1;TX:1;IL:1;VA:1;TN:1,medium
549300TWHZRVTZ8RYT46,,,,unmatched,1330,906,6,IN:835;IL:58;FL:6;MI:1;GA:1;AZ:1;MN:1;OH:1;TN:1;OK:1,medium
549300FGGERPRKXH7V65,,,,unmatched,1339,1015,6,AL:1005;FL:6;MS:3;GA:1,medium
549300WWLOUWIJ1Q0H29,,,,unmatched,4239,2908,6,MI:2902;FL:6,medium
254900B9B6TYYGLOXT47,,,,unmatched,1115,824,6,MN:743;WI:29;IL:19;MO:10;FL:6;KS:5;AZ:4;NE:3;SD:3;IA:2,medium
54930082GM1TWV6QVI24,,,,unmatched,675,509,6,MN:391;ND:61;WI:43;FL:6;AZ:5;OH:1;CO:1;SD:1,medium
254900WO60HTEULEHM24,,,,unmatched,81,53,6,GA:26;CA:8;FL:6;IL:5;MN:2;WA:1;HI:1;TN:1;NY:1;CT:1,low
549300WW4OBT30G5DK23,,,,unmatched,211,139,6,MN:24;WI:18;IL:14;OH:11;AZ:7;FL:6;GA:5;CA:5;IN:5;PA:4,low
549300ZGCIDP1G72QO72,,,,unmatched,367,187,6,OH:132;KY:9;IN:9;MI:7;FL:6;CA:5;GA:4;PA:2;CO:2;NC:2,low
3HICJPQ15PGZSBFDNJ82,,,,unmatched,103,90,6,IL:48;CA:10;WI:6;FL:6;AZ:5;MN:5;MT:4;TX:1;MI:1;SC:1,low
549300LUF8JLB9HKT321,,,,unmatched,405,284,6,OH:231;KY:19;TN:6;FL:6;IN:5;SC:3;MS:2;AL:2;AZ:2;NC:2,low
549300WIE2SKOKI8PF63,,,,unmatched,506,294,6,IL:246;WI:21;FL:6;IN:3;SC:3;TN:2;MI:2;KY:1;IA:1;TX:1,low
549300DL7AWRPX6NXO12,,,,unmatched,251,209,6,IL:184;FL:6;WI:5;TN:4;TX:3;CO:1;OH:1;MO:1;IN:1;KS:1,low
549300FTS7TVGFDGUH88,,,,unmatched,564,495,6,IN:485;FL:6;MI:2;IL:1;WY:1,low
5493004G43JM6M5BFR40,,,,unmatched,318,318,6,MO:305;IL:7;FL:6,low
549300RBWA4J4QTPSY69,,,,unmatched,387,276,6,WI:263;FL:6;IL:4;AZ:1;MO:1;MI:1,low
9845003EDC545AF61498,,,,unmatched,125,6,6,FL:6,low
549300SWKVL60SKWK981,,,,unmatched,11081,6476,5,PA:6367;MD:56;NJ:18;SC:5;NC:5;FL:5;DE:4;VA:4;WV:4;GA:1,high
5493000GQ5D5YW5QID32,,,,unmatched,1740,1427,5,PA:1400;NJ:14;DE:7;FL:5;SC:1,high
5493007669OVCSCATP45,,,,unmatched,2493,1392,5,TN:1012;GA:346;AL:16;FL:5;SC:2;KY:2;MO:1;MS:1;KS:1;IN:1,high
5493001UYBOONMFYPR30,,,,unmatched,1484,1218,5,TN:1171;KY:25;TX:6;FL:5;AL:5;NC:4;SC:1;GA:1,high
549300D1PL8LHKCBST97,,,,unmatched,1285,1076,5,PA:1040;MD:15;WV:6;FL:5;DC:4;VA:3;OH:1;NC:1;SC:1,high
549300RIR04Y64SF4306,,,,unmatched,901,774,5,PA:759;FL:5;OH:3;WV:3;MT:1;DC:1;VA:1;NC:1,high
54930089Y8VTOF8RPD25,,,,unmatched,902,682,5,NJ:538;PA:132;FL:5;DE:2;NC:2;SC:2;VT:1,high
894500CFQPXSLHK0OK52,,,,unmatched,890,705,5,SC:606;NC:49;VA:18;AZ:11;FL:5;GA:5;AL:4;MD:2;TN:2;TX:2,high
54930098QK48NVYBZC62,,,,unmatched,517,401,5,CA:363;MI:16;TX:9;FL:5;KY:2;TN:1;SC:1;CO:1;WA:1;IN:1,medium
549300R0L43GUZ8EW811,,,,unmatched,549,427,5,TN:364;AL:23;KY:16;FL:5;GA:5;WV:4;MS:2;NC:2;OH:1;AR:1,medium
5493000XC2Y1SLXRQP11,,,,unmatched,671,551,5,CA:324;NV:193;OR:6;AZ:6;TN:5;WA:5;FL:5;ID:4;TX:1;SC:1,medium
5493005WWQ2221ORBN75,,,,unmatched,515,323,5,GA:309;FL:5;TN:4;SC:3;AL:2,medium
549300SQRR7T3EUSDD87,,,,unmatched,517,289,5,TX:171;CO:40;GA:28;TN:7;AZ:7;FL:5;SC:3;KY:3;MN:3;NC:3,medium
5493005HTCBH4TWCVM82,,,,unmatched,801,523,5,CT:332;MA:152;NH:14;ME:12;RI:6;FL:5;MD:1;VT:1,medium
5493005OOIYF660YQO46,,,,unmatched,162,133,5,NJ:73;PA:41;NY:11;FL:5;CT:3,medium
549300VGZHXNY2T0G559,,,,unmatched,666,513,5,OH:378;PA:83;MI:24;NJ:11;DE:5;FL:5;VA:1;CO:1;SC:1;ME:1,medium
5493002F9OWLKRICTY67,,,,unmatched,776,492,5,LA:367;TX:79;MS:15;NC:5;FL:5;AR:5;GA:3;AL:3;TN:3;SC:3,medium
254900KKWIJLOTNP7667,,,,unmatched,169,155,5,NY:43;TX:16;CA:12;WA:11;IN:7;MD:7;CT:6;MA:6;FL:5;AZ:5,medium
254900GACVFC2JIZYT69,,,,unmatched,84,83,5,GA:78;FL:5,medium
5493007PAE4JN4B5BX31,,,,unmatched,84,77,5,GA:33;NC:20;TN:16;FL:5;AL:1;LA:1;PA:1,medium
54930009M8OIJWECQX81,,,,unmatched,1876,1287,5,MD:1005;DE:129;VA:95;PA:22;WV:13;DC:5;FL:5;SC:4;NC:4;TX:1,medium
254900DNPJINSUKFZ002,,,,unmatched,1838,1299,5,IN:1104;MI:84;AZ:40;IL:17;CA:11;TX:6;FL:5;OH:3;DE:3;MO:3,medium
5493002LPXKMOZNXUY90,,,,unmatched,2224,1830,5,ND:941;SD:503;MN:202;AZ:124;IA:12;NE:10;FL:5;KS:4;TX:4;NC:2,medium
5493002N5OA6GM61AC70,,,,unmatched,1467,1075,5,KY:1046;IN:11;TN:6;FL:5;IL:3;NJ:1;GA:1;SC:1;MO:1,medium
2549003SYL72OG7Y6S21,,,,unmatched,858,740,5,MI:720;FL:5;IL:2;NY:2;WI:2;VA:1;NC:1;TN:1;AZ:1;OH:1,medium
254900LDNBFL67R4FW27,,,,unmatched,1909,1089,5,OH:659;IN:373;MI:44;FL:5;KY:3;GA:1;IL:1;TN:1;TX:1;NC:1,medium
54930091IM32ECQG7562,,,,unmatched,1315,1159,5,KS:1134;MO:9;FL:5;OK:3;CO:2;AR:1;TN:1;TX:1;SC:1;IL:1,medium
549300QX0QWWJKEY4R28,,,,unmatched,688,548,5,IL:514;IN:17;FL:5;AZ:4;WI:3;SC:2;MI:1;TN:1;CO:1,medium
549300BRLQAIJ1LJA253,,,,unmatched,2222,1837,5,WI:1810;MI:5;FL:5;IL:2;CO:2;MN:2;AZ:2;OH:2;AL:1;WY:1,medium
254900UHFHT3IWKY8K19,,,,unmatched,1133,865,5,OH:713;MI:142;FL:5;SC:1;IN:1;WV:1;IL:1;AZ:1,medium
5493005E0SAPZ1LKU504,,,,unmatched,1041,945,5,IN:876;KY:64;FL:5,medium
549300JJVGBKK5UE5035,,,,unmatched,580,462,5,VA:419;NC:37;FL:5;PA:1,low
549300V3N91EH05UWL23,,,,unmatched,113,64,5,CA:22;TX:6;GA:5;FL:5;CO:3;OH:3;KS:3;OK:2;AZ:2;WA:2,low
549300NPANOIK7XYK714,,,,unmatched,40,37,5,NY:32;FL:5,low
549300P7J9S1WSW4VU68,,,,unmatched,119,102,5,IL:55;CA:19;MN:5;FL:5;WI:4;MT:4;NC:2;AZ:2;IN:2;WA:1,low
549300SQH6MBVMMRRA85,,,,unmatched,601,374,5,IN:305;MI:21;NC:8;IL:7;CA:6;CT:5;FL:5;OH:4;GA:3;NJ:2,low
549300XZ4R55J9UKB235,,,,unmatched,256,235,5,IL:177;MI:17;NJ:14;IN:9;CT:7;FL:5;NY:3;MA:2;PA:1,low
549300O4KTZGM04CCZ47,,,,unmatched,644,423,5,IL:308;WI:72;OH:14;CA:7;FL:5;MN:4;MA:2;IN:2;AZ:2;TX:1,low
549300W09D8JV1ANXX59,,,,unmatched,519,390,5,IL:271;MI:56;IN:28;AZ:11;TN:6;FL:5;WI:4;NC:3;CO:2;GA:1,low
254900UR7PKXXBLHG019,,,,unmatched,300,300,5,IL:287;TX:8;FL:5,low
254900VH8KY0194IAU87,,,,unmatched,113,81,5,AL:72;FL:5;GA:4,low
549300Y7HCU10KIRLG30,,,,unmatched,602,439,5,IN:331;IL:95;FL:5;GA:2;MI:2;CA:1;VA:1;ND:1;AL:1,low
2138009TTY1M4OJRXV14,,,,unmatched,340,287,5,IL:192;IA:82;FL:5;AZ:3;WI:2;SC:2;MO:1,low
549300MONA3L2BDK8Q22,,,,unmatched,80,75,5,OH:55;MI:11;FL:5;VA:1;CO:1;SC:1;IL:1,low
549300POAFZ9PGU16760,,,,unmatched,9,6,5,FL:5;NC:1,low
2549006ONI6N95VKB649,,,,unmatched,469,344,5,MI:326;OH:7;FL:5;IN:4;ID:1;KY:1,low
254900G7NNSN8LRSPM89,,,,unmatched,72,69,5,MN:55;FL:5;ND:3;WI:3;NE:1;CO:1;WA:1,low
5493008MLNFTWNSBXB88,,,,unmatched,18,16,5,MO:7;FL:5;IL:4,low
549300OQMU3ID8QA6M46,,,,unmatched,6808,5812,4,TX:3382;AZ:1400;NC:598;SC:428;FL:4,high
549300D003QRZFSQ4N43,,,,unmatched,4923,2415,4,TX:2220;OK:174;NM:6;FL:4;GA:2;KS:2;CO:2;CT:2;LA:1;TN:1,high
549300STHIK6SGJQIY70,,,,unmatched,1478,951,4,GA:943;FL:4;SC:2;TX:2,high
549300WC12JROIUVWY16,,,,unmatched,1660,944,4,SC:913;NC:18;GA:6;FL:4;VA:1;TN:1;MO:1,high
549300Q61S3IBOJITT02,,,,unmatched,1510,1079,4,MA:801;RI:261;CT:8;NH:4;FL:4;ME:1,high
549300S61HFNW2YFEK61,,,,unmatched,1073,698,4,GA:686;AL:7;FL:4;SC:1,high
549300III1DMY3SLAW56,,,,unmatched,876,642,4,SC:444;TN:173;NC:8;GA:5;FL:4;IL:2;VA:2;OH:1;TX:1;MD:1,high
5493000CHQ0HEHGLJ573,,,,unmatched,988,590,4,GA:544;AL:20;SC:17;FL:4;NC:3;TN:2,high
549300OTLWFQPOOSC346,,,,unmatched,936,717,4,MA:496;RI:164;CT:14;NH:6;NY:5;NJ:5;AZ:5;ID:4;FL:4;PA:3,high
549300KRHOMDHAKS8L29,,,,unmatched,1090,471,4,NC:292;SC:153;NJ:12;GA:6;FL:4;VA:2;PA:2,medium
549300N6U5XCH70TOK35,,,,unmatched,622,465,4,NJ:424;NY:15;PA:8;NC:5;FL:4;MN:3;MD:3;TN:1;MA:1;VA:1,medium
5493000OIGWIS24A1547,,,,unmatched,1036,860,4,CA:382;AZ:218;OR:99;CO:91;TX:53;WA:13;FL:4,medium
6UHRKD73G36IZYN3FC43,,,,unmatched,393,328,4,PA:231;NY:63;NJ:11;DE:5;CA:4;FL:4;SC:2;IL:2;MT:1;NC:1,medium
549300WU17K1CLH8VI32,,,,unmatched,379,275,4,NY:251;PA:18;FL:4;ME:1;MA:1,medium
549300UK3Z5PC7V71K69,,,,unmatched,2281,1572,4,RI:1317;MA:238;CT:6;FL:4;SC:2;ME:2;NH:2;NC:1,medium
5493004VB8XJ1L0EOO76,,,,unmatched,283,235,4,TN:203;MS:22;FL:4;SC:2;AL:1;NV:1;DC:1;GA:1,medium
549300A7YGYUVVWJ2M57,,,,unmatched,241,191,4,NY:186;FL:4;TX:1,medium
549300XKEC7P1D7OKJ16,,,,unmatched,2041,1670,4,OK:1509;TX:135;KS:6;FL:4;MO:4;CO:2;AR:2;TN:2;CA:1;NC:1,medium
254900VA7WQ1PZGYI558,,,,unmatched,263,142,4,GA:137;FL:4;NC:1,medium
5493002W6KWD0REQ1T16,,,,unmatched,153,137,4,GA:131;FL:4;NC:2,medium
549300TGWKRP2P13MO72,,,,unmatched,196,169,4,TN:91;MS:37;NC:19;AL:7;GA:6;FL:4;OK:2;MA:1;MO:1;AR:1,medium
549300YS4CB1171BRJ08,,,,unmatched,93,64,4,NJ:46;PA:13;FL:4;VT:1,medium
5493007B7MEWKMDWUZ73,,,,unmatched,1482,1045,4,MS:973;TN:45;AL:8;AR:6;FL:4;LA:3;TX:2;MO:1;MI:1;IL:1,medium
549300A7W1NQ3BYZCB68,,,,unmatched,1239,924,4,AL:895;TN:11;MS:6;FL:4;MO:2;GA:2;KS:1;NC:1;TX:1;IL:1,medium
549300T2FOBK6WY4B349,,,,unmatched,1197,771,4,VT:740;NY:8;NH:8;FL:4;NC:2;MD:2;PA:1;MA:1;KY:1;NJ:1,medium
54930016ZSB1QWXLRJ13,,,,unmatched,2033,1546,4,UT:1140;AR:241;ID:117;TX:8;MO:8;AZ:7;AL:7;OR:4;FL:4;CA:3,medium
549300GS6ONO04ORI292,,,,unmatched,917,584,4,ID:356;OR:136;WA:44;MT:12;CA:4;FL:4;AL:2;TX:2;AK:2;CO:2,medium
549300MH5OXXJKWZZY83,,,,unmatched,1511,1006,4,OH:798;KY:172;IN:28;FL:4;SC:2;TN:1;NC:1,medium
549300ZX4OGRPOOEH505,,,,unmatched,1149,974,4,MO:733;CO:126;KS:95;FL:4;OK:3;AR:2;TX:2;NE:1;NM:1;NC:1,medium
549300PZ44DNQDPOV865,,,,unmatched,3739,3183,4,NE:2875;MO:175;KS:68;IA:31;AZ:11;SD:5;FL:4;MN:3;AR:2;CO:2,medium
549300OZIFHR7THILC90,,,,unmatched,1800,1537,4,MN:1238;WI:229;ND:32;SD:11;IA:8;CO:4;FL:4;NE:3;IL:2;MT:2,medium
EFBDHEMMHTWI378O4988,,,,unmatched,1301,918,4,IL:881;IA:19;FL:4;WI:4;KY:2;CO:2;MO:2;MI:1;OH:1;NY:1,medium
549300ZJK68X6PQU2308,,,,unmatched,1297,719,4,OH:712;FL:4;TN:1;KY:1;IN:1,medium
549300V3UW6HP83URS67,,,,unmatched,3710,2045,4,MI:1408;WI:433;IL:200;FL:4,medium
549300Y6FMTOZSY0VW06,,,,unmatched,3359,1876,4,OH:1869;FL:4;MI:3,medium
254900F3ZV3WV1ADSM47,,,,unmatched,1625,1219,4,IN:1209;FL:4;MI:3;IL:2;OH:1,medium
5493009X5Z27VV479310,,,,unmatched,786,720,4,WI:716;FL:4,medium
549300XRF9LCZ3RX3Q39,,,,unmatched,3266,108,4,AZ:18;CA:12;TX:9;VA:8;CO:7;IL:6;NY:5;WA:4;FL:4;NV:4,low
5493007TLZJ73TKCO730,,,,unmatched,120,91,4,IN:25;NY:13;OH:6;TX:5;CA:5;IL:4;NC:4;FL:4;SC:3;MI:3,low
38PG5GG0OEQK4QMSKE59,,,,unmatched,50,43,4,TX:19;CO:5;FL:4;GA:4;TN:3;PA:2;OR:1;MD:1;MT:1;AL:1,low
254900QXDYW5OTSNTL04,,,,unmatched,268,185,4,OH:147;TN:27;KY:4;FL:4;IN:2;NC:1,low
5493002YYAGPQ7L1YS68,,,,unmatched,135,116,4,MD:77;PA:25;WV:6;FL:4;NC:1;DC:1;VA:1;SC:1,low
549300FFPMB9B7FHNR61,,,,unmatched,205,141,4,MD:93;VA:19;NC:7;PA:7;FL:4;DC:4;TX:2;SC:2;NV:1;GA:1,low
549300DM6DAOPSF8HL78,,,,unmatched,236,145,4,MS:79;IN:17;TX:6;TN:6;OK:5;FL:4;KY:4;LA:4;OH:3;IL:2,low
549300UDBUNBNEKR8J69,,,,unmatched,115,87,4,IL:47;CA:16;WI:4;FL:4;MT:4;UT:3;AZ:2;MN:2;MA:2;ND:1,low
549300W6UP8EY0KSBG85,,,,unmatched,70,70,4,KS:25;CO:7;GA:5;MO:5;NC:4;FL:4;IN:2;MA:2;AZ:2;TX:2,low
549300YS7PW1Y7DQZG40,,,,unmatched,499,338,4,OH:298;VA:15;FL:4;CA:3;NC:3;MO:2;WA:2;TX:1;CO:1;IL:1,low
549300T1KLQQ7B84EZ41,,,,unmatched,206,168,4,LA:148;TX:8;AR:6;FL:4;NV:1;AL:1,low
549300CKJ4DTUYAZXI11,,,,unmatched,538,485,4,OK:467;TX:5;FL:4;MI:1;MO:1;UT:1;ME:1;IA:1;KS:1;IN:1,low
549300FKWBMLIMGZ7Q40,,,,unmatched,353,241,4,MN:219;FL:4;WI:4;IN:3;CO:3;GA:2;TN:2;MT:1;ND:1;NV:1,low
254900P4A09O6AABF892,,,,unmatched,101,78,4,AL:70;FL:4;TN:3;TX:1,low
549300RWMKY0FK1H5L44,,,,unmatched,455,349,4,MO:331;IL:6;FL:4;KY:2;SC:2;CO:1;TX:1;MS:1;AR:1,low
549300DWS85AHLUZHB50,,,,unmatched,117,103,4,IA:68;IL:16;MO:4;FL:4;WI:2;CO:2;UT:1;CA:1;GA:1;NM:1,low
549300WLYZ63QPFTDP84,,,,unmatched,643,490,4,OH:404;WV:80;FL:4;PA:2,low
5493005A0757T9GRRI44,,,,unmatched,565,446,4,MN:219;ND:205;SD:9;AZ:5;FL:4;OR:1;TX:1;PA:1;MI:1,low
254900QY5ST0J7P6M123,,,,unmatched,333,209,4,CT:192;RI:10;FL:4;MA:2;NH:1,low
HDU55UX4CXD9YSL1U194,,,,unmatched,186,154,4,OH:148;FL:4;TN:1;SC:1,low
549300DF7LT6VI5BQC34,,,,unmatched,555,461,4,MO:430;KS:14;OK:7;AR:4;FL:4;TX:1;CO:1,low
549300AR337B2RGP3C69,,,,unmatched,235,207,4,AR:186;MO:8;OK:7;FL:4;AL:1;TN:1,low
254900TO7P4MVLV70225,,,,unmatched,144,136,4,IL:119;IN:5;FL:4;CO:2;MN:1;KS:1;MO:1;TX:1;WI:1;AZ:1,low
549300HC145ABINEFL26,,,,unmatched,195,165,4,IL:151;IN:7;FL:4;MI:1;IA:1;CO:1,low
254900PS2KU65ZEUOA41,,,,unmatched,105,102,4,IN:85;IL:8;FL:4;MI:2;AZ:1;WI:1;KY:1,low
549300Q26XXW77S35W27,,,,unmatched,84,81,4,WI:71;MN:5;FL:4;WY:1,low
5493001AGQGPJ3N3YL33,,,,unmatched,3789,2315,3,SC:1849;NC:460;FL:3;GA:1;TN:1;DC:1,high
549300TE5E6DWAI74K71,,,,unmatched,3222,1646,3,GA:1636;FL:3;TN:3;SC:2;MS:1;AL:1,high
254900FJRICL380R4T46,,,,unmatched,2355,1565,3,TN:1505;MS:30;AR:9;KY:7;AL:3;FL:3;TX:2;MO:1;GA:1;OH:1,high
254900LKAJBFGO0IIP75,,,,unmatched,2115,1702,3,TX:1171;KY:285;NC:99;OH:81;MA:45;GA:8;NH:6;FL:3;CT:2;ME:1,high
5493005CFFMKTUKLO381,,,,unmatched,1760,1346,3,PA:1188;MD:131;WV:10;DE:4;VA:4;NJ:3;FL:3;UT:1;AR:1;SC:1,high
549300PJX0ZHPQ614C72,,,,unmatched,1506,1020,3,PA:915;NJ:84;NY:16;FL:3;DE:1;DC:1,high
54930060KLIQD8MMSB55,,,,unmatched,1468,1063,3,PA:880;MD:162;DE:9;VA:3;FL:3;NJ:2;NY:1;DC:1;SC:1;OH:1,high
2549006MTEQ1VE0AAQ20,,,,unmatched,1228,851,3,GA:763;SC:74;NC:4;FL:3;AL:2;KY:1;NJ:1;LA:1;OH:1;MS:1,high
5493005DJAOTPGS83Z81,,,,unmatched,998,679,3,MA:640;CT:22;RI:8;FL:3;ME:3;NH:2;SC:1,high
254900PQLW7K91KOVU18,,,,unmatched,990,577,3,PA:431;DE:92;NJ:37;MD:13;FL:3;NY:1,medium
549300FHWDJMELT59Z22,,,,unmatched,1779,1240,3,AZ:786;TX:273;CA:174;CO:3;FL:3;NM:1,medium
254900C2QXQ435D8TY78,,,,unmatched,530,419,3,GA:344;SC:68;FL:3;OH:1;TX:1;VA:1;MO:1,medium
549300GMP8EYQD4U6Z40,,,,unmatched,470,388,3,PA:350;NJ:30;DE:4;FL:3;NY:1,medium
549300D3LYUX1NJVC329,,,,unmatched,582,376,3,CA:356;TN:5;FL:3;TX:3;ID:2;OR:2;WA:2;NJ:1;VA:1;PA:1,medium
549300DT7CCDCC7O6Z60,,,,unmatched,527,361,3,CA:314;TX:10;TN:5;SC:5;AZ:5;NV:3;FL:3;OR:2;WA:2;MO:2,medium
549300KST6N97GYH0O45,,,,unmatched,467,337,3,TX:322;FL:3;CO:2;AL:1;OR:1;PA:1;CA:1;OK:1;AR:1;WI:1,medium
549300S70UD2GFALPM46,,,,unmatched,393,303,3,NJ:275;PA:16;NY:8;FL:3;SC:1,medium
54930089UXPZ6O3RHG71,,,,unmatched,418,286,3,PA:275;MD:8;FL:3,medium
549300W20M87S246SZ26,,,,unmatched,400,309,3,PA:234;DE:22;MD:21;NJ:15;NC:4;VA:4;SC:3;FL:3;TX:1;GA:1,medium
549300V6LKROCIL7OI49,,,,unmatched,1234,1029,3,VA:765;TN:168;NC:77;SC:5;WV:4;FL:3;KY:2;MD:2;TX:1;OH:1,medium
984500B659A36CF0D469,,,,unmatched,380,304,3,NJ:208;OH:53;NY:31;PA:3;MD:3;FL:3;CT:2;TX:1,medium
549300E0S1LZYZ9QNX81,,,,unmatched,2648,1646,3,IN:987;IL:279;TN:218;KY:130;GA:19;FL:3;AL:3;NJ:1;AZ:1;CO:1,medium
549300EA0U825E61X330,,,,unmatched,235,200,3,GA:195;FL:3;NC:1;SC:1,medium
254900MWCJLSHMSYCL19,,,,unmatched,291,198,3,NY:192;FL:3;PA:1;CT:1;NJ:1,medium
549300GJ4HU1Z8P2M254,,,,unmatched,239,190,3,PA:170;NJ:17;FL:3,medium
549300P1347BFCBHJV60,,,,unmatched,318,209,3,MA:138;NH:16;CA:13;TX:5;GA:4;OR:4;FL:3;NJ:3;WI:2;ME:2,medium
5493007ZX1MGMF18FN43,,,,unmatched,208,173,3,GA:168;FL:3;AL:2,medium
254900ZPR9P3OI95VG04,,,,unmatched,198,156,3,NY:146;CT:6;FL:3;NJ:1,medium
54930087BYCGOODQ7P92,,,,unmatched,131,125,3,PA:120;FL:3;MD:1;OH:1,medium
549300KEFLY2A00BLQ60,,,,unmatched,134,124,3,GA:120;FL:3;AL:1,medium
2549006VBLRP288VX853,,,,unmatched,140,119,3,TX:114;FL:3;AR:1;MO:1,medium
5493003T62KDXQ6J4W58,,,,unmatched,122,117,3,GA:113;FL:3;SC:1,medium
549300L7HZ4C5U35BO37,,,,unmatched,331,163,3,TX:98;NV:39;MI:5;VA:5;FL:3;TN:2;CA:2;GA:2;MO:1;NC:1,medium
54930066LN6QXNO8TY84,,,,unmatched,129,104,3,NC:84;SC:6;VA:5;GA:5;FL:3;TN:1,medium
549300RBN5KM5RUFOE42,,,,unmatched,158,120,3,TN:91;MS:15;AR:7;FL:3;AL:2;NC:2,medium
549300IHBKY3L5OIDT39,,,,unmatched,350,344,3,KY:253;TN:85;FL:3;AL:2;SC:1,medium
549300JQEF6V2RNWCC75,,,,unmatched,1242,794,3,AR:524;MS:155;TN:60;AL:22;GA:12;TX:6;FL:3;LA:3;VA:2;OH:2,medium
549300QB357BUUUV7A56,,,,unmatched,148,140,3,VA:58;PA:53;MD:10;DC:8;SC:3;FL:3;NC:2;NY:1;TX:1;DE:1,medium
5493008XQDQ2YZPQKX53,,,,unmatched,630,494,3,RI:284;CT:127;MA:63;NH:17;FL:3,medium
549300TQIZ85N2EIS783,,,,unmatched,81,64,3,GA:55;FL:3;AL:3;NC:2;TN:1,medium
549300ROGHTFGYNKE773,,,,unmatched,1836,1328,3,AL:1293;GA:11;TN:6;MS:5;FL:3;NC:3;TX:2;OH:1;MO:1;LA:1,medium
549300TJF420N3F01V87,,,,unmatched,1750,1269,3,MO:411;KS:409;OK:249;AR:168;TX:13;CO:7;FL:3;AZ:2;NM:2;NE:1,medium
549300YKBMBBIIMQJS94,,,,unmatched,1775,1486,3,MO:1111;AR:306;IL:35;KS:7;TN:6;TX:4;NY:4;OK:3;OH:3;FL:3,medium
5493002JDOI3GTNVUD76,,,,unmatched,5006,3698,3,IN:2053;KY:1097;OH:515;IL:13;TN:9;FL:3;MI:2;AL:1;MO:1;ID:1,medium
549300CYL5ZW4ISL7T55,,,,unmatched,779,629,3,MS:612;TN:6;AL:4;FL:3;LA:2;GA:2,medium
5493009PLGT79KQ6HO15,,,,unmatched,651,566,3,NE:492;IA:45;AZ:4;FL:3;MO:3;TX:3;CO:3;VA:2;MN:2;OK:1,medium
5493006P0JVBBAHVXV08,,,,unmatched,1175,897,3,WI:882;FL:3;MN:2;MI:1;AZ:1;TX:1;MO:1;SC:1;TN:1;NV:1,medium
LBIZXW7X2N50PETIH863,,,,unmatched,1577,897,3,IN:885;FL:3;OH:2;KY:2;MI:2;NC:1;TN:1;AZ:1,medium
5493003X0GM1DHJIWC22,,,,unmatched,984,772,3,IL:414;IA:318;WI:27;FL:3;MO:2;MI:2;TN:1;SC:1;AR:1;NV:1,medium
549300C3C8C6TSYT1R20,,,,unmatched,809,635,3,KY:629;FL:3;TN:2;OH:1,medium
549300GG5XNEIGHQTG04,,,,unmatched,2609,1836,3,NE:1606;IA:200;KS:8;SD:7;FL:3;MN:2;NV:2;MO:2;OK:1;TX:1,medium
549300LZLYU85WF65870,,,,unmatched,2124,1521,3,IA:1090;MN:229;WI:143;CO:29;IL:23;FL:3;NC:1;MO:1;ND:1;AZ:1,medium
549300NDNZ6EWP8BJI88,,,,unmatched,967,759,3,IA:735;NV:4;MO:4;NE:3;FL:3;CO:3;MN:2;AR:1;IL:1;LA:1,medium
549300ZBB5XXXOWVNS92,,,,unmatched,1101,937,3,MN:911;WI:12;CO:4;FL:3;ND:3;AZ:2;SD:1;IN:1,medium
254900RNV63A0TIZNK90,,,,unmatched,887,633,3,CO:493;OR:65;AZ:37;MI:21;WA:10;FL:3;MN:2;NE:1;WY:1,medium
549300WYC8C6REMY4E38,,,,unmatched,777,588,3,MN:517;SD:49;WI:13;ND:3;FL:3;IA:2;WA:1,medium
549300ZDIZM7Y1MHKG98,,,,unmatched,892,564,3,ME:561;FL:3,medium
549300IXP5DNWSGY6F96,,,,unmatched,861,548,3,KS:473;AR:28;OK:25;MO:17;FL:3;OH:1;KY:1,medium
5493001850NMVU84ZW56,,,,unmatched,73,50,3,NJ:33;NY:13;FL:3;IL:1,low
549300HMKAPEK7YMHY76,,,,unmatched,83,70,3,CT:25;NY:24;NJ:12;FL:3;PA:2;TX:2;CA:1;MD:1,low
549300XL5688T9WLKS84,,,,unmatched,330,274,3,VA:241;NC:30;FL:3,low
549300MGJ0J02F6KDW38,,,,unmatched,150,136,3,AL:103;TN:28;FL:3;GA:2,low
549300AN5V81GRYDJ823,,,,unmatched,228,99,3,MD:53;VA:10;PA:9;DC:6;NJ:4;DE:3;NC:3;FL:3;MO:2;UT:1,low
549300L8ZRL1FNUUOA59,,,,unmatched,109,46,3,TX:13;CO:5;NY:4;FL:3;IL:3;NJ:3;GA:2;KY:2;AZ:1;CA:1,low
549300EMGY2NJUW3A749,,,,unmatched,335,300,3,IL:247;TX:24;IN:14;WI:9;FL:3;MI:2;TN:1,low
549300OBJRCHJ0G6XU24,,,,unmatched,201,155,3,MO:101;IL:12;TX:9;MA:5;AR:4;TN:4;VA:3;FL:3;NJ:3;IN:2,low
5493005H0NK3SWWY4384,,,,unmatched,318,279,3,VA:223;MD:24;NC:9;DC:7;FL:3;WV:2;CO:2;OH:1;NH:1;PA:1,low
254900D8X5TTTSY8Z707,,,,unmatched,36,27,3,CA:18;FL:3;NC:2;CO:2;MT:1;AZ:1,low
549300PPKM4YL2GY3713,,,,unmatched,190,109,3,MD:44;VA:30;DC:6;WV:4;FL:3;NC:3;OH:3;NY:2;SC:2;PA:2,low
549300P5JG6WBCSZ7M53,,,,unmatched,159,68,3,MD:33;VA:17;DC:5;FL:3;GA:2;NC:2;PA:2;SC:1;IL:1;KS:1,low
5493007OXXFLNNHTW637,,,,unmatched,431,379,3,MO:330;KS:7;TX:7;OK:5;AZ:4;IA:4;AR:3;FL:3;CA:2;AK:2,low
5493002W52M3SYLFEX32,,,,unmatched,34,24,3,TX:5;IN:3;NY:3;FL:3;MD:1;MA:1;MS:1;IL:1;MN:1;NJ:1,low
549300Y01XP7FO81MC08,,,,unmatched,552,456,3,NE:408;IA:17;CO:5;FL:3;VA:2;TN:2;TX:2;GA:2;MI:2;OK:2,low
54930002HD26G3OGZR79,,,,unmatched,489,358,3,KY:336;TN:9;IL:8;FL:3;MS:2,low
549300RAQJBTN6Z28096,,,,unmatched,348,288,3,IL:257;WI:5;CO:5;CA:3;FL:3;MI:3;UT:2;GA:1;NY:1;AZ:1,low
549300BSTNYSV3EWYM24,,,,unmatched,350,272,3,OK:223;MO:33;TX:7;FL:3;CO:2;AR:1;AL:1;ID:1;SC:1,low
9LIMABRJ9VPV74PBJB17,,,,unmatched,187,155,3,IL:128;CA:5;IN:4;FL:3;IA:3;WI:3;MI:2;MT:2;AL:2;AZ:1,low
54930099BVD0E448JX38,,,,unmatched,537,457,3,NE:353;IA:60;MN:15;MO:7;CO:6;FL:3;SD:2;KS:2;TX:2;ID:1,low
254900FI363837PZX856,,,,unmatched,328,228,3,IA:159;MO:14;NE:13;MN:9;IL:7;SD:5;AZ:4;KS:4;FL:3;WI:2,low
549300QCJE0X5P8H4Z85,,,,unmatched,290,218,3,KY:203;FL:3;IL:3;VA:3;TN:2;AL:2;NY:1;NC:1,low
549300S8CJG5MSY8BH57,,,,unmatched,526,379,3,AR:358;MO:4;OK:4;FL:3;DE:2;IL:2;MA:1;KS:1;MS:1;TN:1,low
549300VIKSC6B00SLF36,,,,unmatched,425,347,3,IN:340;FL:3;TN:1;GA:1;SC:1;IL:1,low
549300JQGT4VX22XJ495,,,,unmatched,369,328,3,OH:209;WV:105;KY:7;FL:3;SC:2;VA:1;NC:1,low
549300OYN1WD4APNOU82,,,,unmatched,366,305,3,NE:271;IA:17;AZ:4;FL:3;MO:2;CO:1;KS:1;MS:1;OR:1;AL:1,low
5493003KK3OFPYXHCI44,,,,unmatched,468,298,3,MI:287;OH:6;FL:3;TX:1;NC:1,low
254900WRP19TBSQG0Z89,,,,unmatched,187,166,3,MN:141;ND:8;MT:3;FL:3;SD:2;WI:2;CA:2;WY:2;VA:1;AZ:1,low
5493003SVUBV3VW5CT40,,,,unmatched,104,86,3,IA:52;MN:24;FL:3;AZ:2;WI:2;CA:1;IL:1;NC:1,low
254900QIPUZ7PAK59X63,,,,unmatched,208,149,3,IA:138;FL:3;CO:2;MN:1;KS:1;OH:1;CA:1;AL:1;AZ:1,low
5493005QZNPGRQNTRB15,,,,unmatched,88,74,3,IL:69;FL:3;MO:1;SC:1,low
54930061HIZ1MCMEOR72,,,,unmatched,25,18,3,IL:14;FL:3;NC:1,low
YQI2CPR3Z44KAR0HG822,,,,unmatched,612,469,3,WI:465;FL:3;MN:1,low
254900EQ47K76CF2A976,,,,unmatched,490,423,3,NE:412;FL:3;CO:3;KS:2;MO:1;IA:1;AZ:1,low
5493005LKELKKRLTQA25,,,,unmatched,314,264,3,OH:261;FL:3,low
549300SPHVO4KAGQUX53,,,,unmatched,263,245,3,KS:211;CO:12;OH:5;OK:5;FL:3;IA:2;NM:2;ID:1;IL:1;AZ:1,low
549300ZMSSTP768USP32,,,,unmatched,301,219,3,MS:169;AL:38;LA:9;FL:3,low
549300TFL8UPEHU61608,,,,unmatched,217,174,3,IL:164;MO:6;FL:3;KY:1,low
549300MNGYKM8QPYJL44,,,,unmatched,222,157,3,IN:154;FL:3,low
549300MNJT84X74B3052,,,,unmatched,144,143,3,AL:140;FL:3,low
2549005BWLPEBQA7QJ63,,,,unmatched,224,140,3,OH:137;FL:3,low
54930033V1OQ5VFHI630,,,,unmatched,76,68,3,AL:65;FL:3,low
549300V7S0JJB4LU5J82,,,,unmatched,93,26,3,IN:23;FL:3,low
5493009BOQDC6PCFR785,,,,unmatched,4244,2740,2,NY:1922;PA:480;CT:113;MA:85;NH:74;VT:57;ME:7;FL:2,high
5493008N1D96CHCTQC27,,,,unmatched,7508,3636,2,TX:2268;CO:857;UT:507;FL:2;MT:1;NM:1,high
254900PVWALA7JTBXA31,,,,unmatched,1968,1358,2,TN:1338;AL:9;GA:4;FL:2;SC:2;KY:2;MS:1,high
549300Y817BTHHMVNH95,,,,unmatched,1520,1206,2,TX:1108;MO:79;AL:5;FL:2;ID:2;OK:2;CO:2;LA:1;KS:1;GA:1,high
549300VHBALPLHRR4080,,,,unmatched,1759,1162,2,TX:1103;NM:40;CO:6;AR:3;AL:3;FL:2;ID:1;OK:1;NC:1;MO:1,high
549300LG8MECYD8F2A55,,,,unmatched,1299,1039,2,TX:1015;OK:9;CO:3;MI:3;FL:2;AR:2;LA:1;MT:1;PA:1;TN:1,high
254900SK7KTN4QNPHP32,,,,unmatched,1162,886,2,PA:781;NY:94;NJ:9;FL:2,high
549300KV83NH6PNL5E48,,,,unmatched,1124,875,2,MA:744;CT:123;VT:3;FL:2;NH:2;SC:1,high
549300GZN0GWYE1KDB94,,,,unmatched,885,720,2,PA:617;NJ:68;DE:18;NY:11;FL:2;MD:2;MT:1;GA:1,high
549300VACYYK343SKH92,,,,unmatched,853,649,2,NJ:643;SC:2;FL:2;NY:1;VT:1,high
549300RZFHIGIM84KN09,,,,unmatched,941,637,2,TN:606;GA:10;MS:7;AL:7;KY:3;FL:2;SC:1;AR:1,high
549300TR6MWKSIOP3B72,,,,unmatched,1280,797,2,MA:528;RI:127;NY:73;CT:40;VT:14;NH:11;FL:2;NJ:1;GA:1,high
549300W4TWSN8U8TGD72,,,,unmatched,630,615,2,TN:603;KY:9;FL:2;AL:1,high
54930095LY1EDFTWAG29,,,,unmatched,814,601,2,TN:418;GA:172;KY:5;AL:3;FL:2;NC:1,high
5493003B20KZ3DEZGB43,,,,unmatched,999,653,2,NY:297;CA:239;IL:49;NJ:34;NV:18;HI:8;LA:2;FL:2;AZ:1;NC:1,high
549300RUFHC5ZQDL8J10,,,,unmatched,747,562,2,TN:551;AL:5;GA:3;FL:2;VA:1,high
254900DGJQT6H4M24F92,,,,unmatched,574,543,2,TN:541;FL:2,high
549300RP3DLR09NF6157,,,,unmatched,698,537,2,TN:501;KY:8;SC:5;GA:5;AL:4;OH:2;FL:2;TX:2;MS:2;AR:2,high
549300YRN588YD6VNJ18,,,,unmatched,676,524,2,TN:513;KY:9;FL:2,high
549300QPD4M26VIOFU53,,,,unmatched,543,468,2,NY:260;CA:120;NJ:82;TX:3;FL:2;MA:1,medium
549300Z7EP1HO5CH1C36,,,,unmatched,550,458,2,SC:431;NC:17;GA:4;FL:2;VA:1;TN:1;TX:1;CT:1,medium
549300M4GZM7GG3EIV16,,,,unmatched,599,448,2,SC:424;NC:22;FL:2,medium
549300P3JUY6QMZ8DY86,,,,unmatched,473,390,2,TN:375;MS:6;KY:3;FL:2;AR:2;AL:1;MO:1,medium
549300CTISSNREVLNO46,,,,unmatched,603,383,2,TN:315;NC:47;VA:12;KY:3;IN:2;FL:2;LA:1;SC:1,medium
549300FZ8E0GLIFFYB55,,,,unmatched,442,366,2,TN:361;KY:2;FL:2;GA:1,medium
549300MPZDD9EFQ1E963,,,,unmatched,676,334,2,CA:300;TX:22;NC:4;TN:2;MA:2;FL:2;CT:1;CO:1,medium
549300HVFLWKU7133506,,,,unmatched,655,340,2,CA:301;TX:19;GA:3;PA:2;AZ:2;NV:2;CO:2;FL:2;MI:1;OR:1,medium
5493009HFRW3TN5NRR78,,,,unmatched,468,332,2,PA:323;MD:3;FL:2;OH:2;RI:1;MT:1,medium
549300DX0B304LAKUN93,,,,unmatched,1176,911,2,MO:521;PA:228;IL:58;KS:48;IN:41;OH:4;TN:3;CO:3;FL:2;OR:2,medium
5493006TJ2N1MYD0XD45,,,,unmatched,289,221,2,TX:214;FL:2;AZ:2;VT:1;NM:1;TN:1,medium
549300GMXZWXNOS1US34,,,,unmatched,337,209,2,NJ:195;PA:4;FL:2;GA:2;NY:2;DE:2;ME:1;SC:1,medium
5493007H0KZ81N1H6352,,,,unmatched,275,216,2,MA:185;CT:17;VT:4;SC:2;FL:2;NH:2;ME:2;NY:1;PA:1,medium
5493007VDE1SMI6Z0Q04,,,,unmatched,281,193,2,CA:179;TX:10;FL:2;AZ:2,medium
549300BEXTNMA3CARO05,,,,unmatched,222,197,2,TN:176;TX:3;MS:3;FL:2;AR:2;GA:2;OK:1;VA:1;SC:1;KY:1,medium
549300SMD444BM2WO947,,,,unmatched,249,180,2,TN:162;GA:3;TX:2;FL:2;NC:2;PA:2;KY:2;VA:1;OH:1;MO:1,medium
549300KXIFQ7HCW3FR89,,,,unmatched,231,170,2,TN:162;NC:3;FL:2;KY:1;VA:1;SC:1,medium
54930022I573MYIIOM33,,,,unmatched,206,165,2,TN:161;FL:2;GA:1;SC:1,medium
5493003QDHMW1W0GEH16,,,,unmatched,238,173,2,TN:159;MS:6;AR:2;FL:2;UT:1;AL:1;NC:1;KY:1,medium
549300OLJQ30ZT21BC55,,,,unmatched,216,172,2,CA:153;AZ:4;TX:4;OR:3;FL:2;GA:2;MI:1;ID:1;WA:1;VA:1,medium
549300Q2EZNO3H86ED06,,,,unmatched,213,163,2,TX:151;AR:2;FL:2;OK:2;PA:1;MA:1;TN:1;NY:1;CO:1;OR:1,medium
254900LNRKOG7TRURB32,,,,unmatched,207,172,2,NY:75;CA:44;SC:14;WA:11;OH:11;MA:7;NC:5;OR:2;FL:2;TN:1,medium
254900F213LCBO4VGA06,,,,unmatched,226,174,2,MA:139;NH:32;FL:2;ME:1,medium
549300YQ763HO7N3CO68,,,,unmatched,154,139,2,SC:129;FL:2;OH:2;IL:1;MI:1;TX:1;PA:1;MN:1;NC:1,medium
549300US45HOXL30J494,,,,unmatched,197,130,2,NJ:89;PA:14;CA:7;NC:5;NV:3;VA:2;FL:2;SC:1;NY:1;GA:1,medium
549300V4GRCFGZBVVZ73,,,,unmatched,267,121,2,NJ:116;FL:2;NY:2;PA:1,medium
54930047YMR4VOMFGS35,,,,unmatched,175,124,2,PA:112;NJ:2;FL:2;NC:2;MI:1;MT:1;DE:1;CT:1;OH:1;MN:1,medium
549300PV2KIL739QYQ35,,,,unmatched,176,115,2,TX:95;CA:12;OK:2;NV:2;FL:2;NY:1;NM:1,medium
254900MHHOS58M9D0445,,,,unmatched,291,149,2,CA:102;NV:16;WA:5;ID:4;OR:4;TX:3;AZ:2;CO:2;UT:2;FL:2,medium
549300PCSJGT8XU10K84,,,,unmatched,113,108,2,TN:103;FL:2;AL:1;WI:1;KS:1,medium
549300GIVX5W7UETD809,,,,unmatched,206,117,2,CA:99;AZ:7;NV:2;IL:2;FL:2;CO:2;NJ:1;OR:1;TX:1,medium
549300RKVDUINI2A8Y77,,,,unmatched,174,94,2,NJ:71;PA:8;VA:5;NC:3;FL:2;IN:1;NE:1;CA:1;WA:1;MA:1,medium
549300095ABBENNWE160,,,,unmatched,95,89,2,TN:83;MS:2;FL:2;AL:1;AR:1,medium
549300YQJU3WVKMRXR40,,,,unmatched,112,86,2,NY:77;NJ:6;FL:2;CT:1,medium
549300WC15MLNUIZYR16,,,,unmatched,800,572,2,AL:469;GA:80;MS:21;FL:2,medium
254900JK3YLXUJEHMB45,,,,unmatched,170,133,2,MI:52;NC:52;SC:26;FL:2;OH:1,medium
5493003XLOX5FDT9R120,,,,unmatched,109,80,2,NJ:71;PA:3;FL:2;SC:1;NY:1;NC:1;MD:1,medium
549300VIRTE6O2776X89,,,,unmatched,547,371,2,WV:224;OH:77;SC:26;PA:22;TX:18;FL:2;NC:2,medium
25490053QEQO83AZIX15,,,,unmatched,75,65,2,GA:63;FL:2,medium
FYRC3KHM4DQBX5PWG390,,,,unmatched,109,66,2,TX:61;FL:2;NM:1;CO:1;OK:1,medium
549300107HDIK6N8E812,,,,unmatched,87,66,2,GA:57;AL:6;FL:2;TN:1,medium
2549006SH1GKAA6QVG47,,,,unmatched,74,60,2,GA:55;FL:2;AL:2;NC:1,medium
549300STIW51KDGL2B62,,,,unmatched,81,60,2,GA:54;FL:2;AL:2;TN:2,medium
549300YK8RG6J51VOI08,,,,unmatched,72,61,2,TX:55;FL:2;LA:2;OK:1;MS:1,medium
549300VBY3NBKUNMKL64,,,,unmatched,890,420,2,OH:296;AL:32;IN:30;CA:21;NC:15;SC:8;GA:4;TX:3;FL:2;MO:2,medium
549300GK8CWYLPIWOV65,,,,unmatched,91,54,2,NY:47;NJ:4;FL:2;CT:1,medium
549300L0KQ09W67V4228,,,,unmatched,100,52,2,TX:50;FL:2,medium
54930067K4Z4NIZ4W068,,,,unmatched,58,55,2,MA:49;NH:3;FL:2;RI:1,medium
549300LDBCZGR7DW6211,,,,unmatched,94,55,2,GA:47;AL:5;FL:2;TN:1,medium
254900FFZUXK3B729T97,,,,unmatched,1041,839,2,UT:775;ID:14;AZ:13;CA:8;MO:4;CO:3;VA:3;TX:3;FL:2;SC:2,medium
549300P2GEYNMH5OQA71,,,,unmatched,2193,1422,2,WA:972;ID:289;OR:111;AZ:15;CA:9;MI:4;MT:3;MO:2;FL:2;UT:2,medium
549300VR3QTN4GZYUR03,,,,unmatched,972,579,2,NH:282;ME:223;VT:65;MA:7;FL:2,medium
549300TQVOMKNKFOH392,,,,unmatched,4000,3046,2,ND:2368;MN:625;AZ:11;MT:6;CO:5;SD:4;WI:3;NE:3;IL:2;FL:2,medium
549300Q76VHK6FGPX546,,,,unmatched,1621,1301,2,IA:916;SD:304;NE:39;MN:11;AZ:7;MO:5;KS:3;FL:2;CA:2;WI:2,medium
UBNR8NKAK8J9JL4NZF88,,,,unmatched,1876,1380,2,OH:1023;IN:287;KY:37;MI:21;NC:3;FL:2;IL:1;MN:1;UT:1;NE:1,medium
549300JE6M4A1G4LPS75,,,,unmatched,1167,833,2,MO:798;AR:12;KS:5;IL:3;AZ:2;FL:2;SC:2;PA:1;NE:1;IN:1,medium
549300Q55VW95EP3CM33,,,,unmatched,648,523,2,OH:475;KY:28;IN:12;TN:3;FL:2;CO:1;GA:1;SC:1,medium
549300T1ONVEMLQ4B629,,,,unmatched,753,633,2,SD:576;MN:14;IA:13;NE:12;CO:3;AZ:2;TN:2;FL:2;ND:2;TX:2,medium
549300D88XVKM6DJOC77,,,,unmatched,914,759,2,KY:749;IN:4;FL:2;SC:1;NC:1;OH:1;TN:1,medium
549300KJZ82173UB3I21,,,,unmatched,4653,2944,2,WV:1808;KY:643;VA:328;OH:161;FL:2;NC:1;PA:1,medium
II61D6IY86YZ37HBBL25,,,,unmatched,910,716,2,IA:576;AZ:101;NE:21;MO:5;MN:3;KS:2;IL:2;FL:2;SD:1;TN:1,medium
VEQ70DCTAI4TBBHPYI39,,,,unmatched,688,542,2,NE:327;IA:132;MN:71;WI:2;AZ:2;FL:2;SC:1;MO:1;OK:1;AL:1,medium
549300S99IK3EU11AS13,,,,unmatched,3520,2406,2,IN:2387;KY:16;FL:2;GA:1,medium
549300TWX5Q3V5VXNF89,,,,unmatched,671,556,2,MN:491;WI:62;FL:2;SC:1,medium
5493004HIVU0YCM5QS92,,,,unmatched,1525,990,2,IN:950;MI:38;FL:2,medium
54930030UYPZM65LOF37,,,,unmatched,914,703,2,IN:683;OH:13;NV:3;FL:2;IL:1;MI:1,medium
549300SQ2G271NHKJQ07,,,,unmatched,776,586,2,IN:578;KY:4;FL:2;OK:2,medium
549300P0GXZAWI355052,,,,unmatched,840,554,2,ME:551;FL:2;NH:1,medium
254900XZ6MY7WSIHIY14,,,,unmatched,43,43,2,GA:40;FL:2;NC:1,low
549300LBSJDS5R7PIK62,,,,unmatched,57,44,2,TX:37;OK:2;FL:2;MO:1;NY:1;WI:1,low
549300GIR2ODBIF9VF65,,,,unmatched,191,144,2,VA:80;WV:25;TN:19;NC:18;FL:2,low
54930010ZG6EHTCJ1L21,,,,unmatched,171,138,2,IL:63;CA:34;IN:16;AZ:7;IA:3;ND:3;MT:2;MI:2;FL:2;MN:1,low
2549003Z8R5QM0WPS603,,,,unmatched,118,115,2,VA:37;DC:37;MD:36;FL:2;ME:2;DE:1,low
549300S5LHMBX3WRT314,,,,unmatched,123,97,2,IL:49;CA:24;IA:5;AZ:4;NC:3;WI:2;ND:2;FL:2;WY:1;MT:1,low
549300DZIK106MY5NI60,,,,unmatched,48,44,2,TX:25;FL:2;AZ:2;TN:2;AL:2;ID:2;OK:1;MO:1;MD:1;CO:1,low
549300H68PK1CZUVUQ73,,,,unmatched,101,81,2,CT:48;NY:11;PA:7;VA:6;GA:3;FL:2;NJ:1;NV:1;SC:1;TN:1,low
984500F12EF9DCACA497,,,,unmatched,26,26,2,NY:21;FL:2;NJ:2;PA:1,low
AM9FLTUTLEC73M6N7I37,,,,unmatched,47,47,2,CA:5;OH:4;NC:3;WA:3;GA:3;TN:3;MA:2;FL:2;UT:2;WI:2,low
549300512TZWD1YUA619,,,,unmatched,25,25,2,GA:22;FL:2;AL:1,low
549300OCPYKDBIQ11H61,,,,unmatched,65,57,2,OK:34;TX:19;FL:2;NM:1;IL:1,low
254900EKE4KU163TA318,,,,unmatched,23,23,2,NY:10;NJ:4;SC:2;CA:2;FL:2;PA:1;VT:1;CT:1,low
549300XA6P3X1GTJEY80,,,,unmatched,109,105,2,MD:74;VA:8;PA:8;TX:2;FL:2;CT:1;IA:1;CA:1;DE:1;TN:1,low
C4BXATY60WC6XEOZDX54,,,,unmatched,36,25,2,TX:6;CA:5;AZ:3;NC:3;WA:2;FL:2;MI:1;NY:1;GA:1;SC:1,low
5493002CAA1SKNHHUI24,,,,unmatched,361,175,2,IL:125;AZ:12;MI:10;NY:7;PA:5;DE:5;NJ:4;FL:2;ID:1;IN:1,low
549300UHLXT004ITEJ56,,,,unmatched,100,98,2,AR:80;TN:14;FL:2;NC:1;MS:1,low
549300N1R0R39PYT7O68,,,,unmatched,61,42,2,NC:5;VA:4;OH:4;SC:3;FL:2;PA:2;TX:2;AZ:2;IL:2;TN:2,low
2549002CETMLVOOVS913,,,,unmatched,21,17,2,GA:15;FL:2,low
549300465MKS092D5K02,,,,unmatched,192,174,2,OK:157;TX:13;FL:2;NM:1;MO:1,low
2I8LP0RLR14D1X6W0P51,,,,unmatched,65,55,2,IL:27;CA:11;MN:4;MI:3;MT:3;WI:2;FL:2;IN:2;SC:1,low
54930065B0NVUO52TY13,,,,unmatched,110,28,2,NJ:5;PA:4;OH:3;TN:3;CT:3;FL:2;MD:2;IN:2;IL:2;AZ:1,low
5493005DYVXTSXZPZF85,,,,unmatched,33,16,2,TX:12;FL:2;NM:1;WA:1,low
549300KX2KT8MOAS5Q71,,,,unmatched,115,98,2,WI:43;IL:25;CA:9;IN:5;AZ:3;FL:2;MN:2;IA:2;WA:2;MT:2,low
549300UG1DH7RQL41718,,,,unmatched,120,81,2,CT:59;RI:6;CA:3;MA:3;FL:2;NJ:2;NC:2;ME:1;NY:1;NH:1,low
549300R0CN5YKL3VTP86,,,,unmatched,13,13,2,NY:9;FL:2;NJ:2,low
549300XFNTNQLLW0HY87,,,,unmatched,487,353,2,MS:332;TN:9;AL:8;FL:2;SC:1;LA:1,low
549300W5A6PQ1VJG3497,,,,unmatched,470,346,2,MO:230;KS:95;SC:3;MI:2;TN:2;AR:2;FL:2;NV:1;MD:1;AL:1,low
5493002Z2Z7DV758IU60,,,,unmatched,430,284,2,VA:217;MD:32;WV:21;FL:2;DC:2;NJ:1;IN:1;TX:1;OH:1;NC:1,low
5493007ZN3JNCBPMI730,,,,unmatched,185,166,2,KY:159;TN:4;FL:2;GA:1,low
54930001LYHHRVGJ6B97,,,,unmatched,139,124,2,IL:108;WI:7;TX:3;FL:2;IN:1;SC:1;NH:1;NC:1,low
549300R8N9KVQUKVNJ71,,,,unmatched,83,82,2,ND:61;MN:4;IL:2;SC:2;FL:2;KY:2;TX:2;KS:1;SD:1;OH:1,low
549300IXTSQB6QVVI060,,,,unmatched,217,175,2,AL:168;GA:4;FL:2;CO:1,low
549300XHEKTWE48VS407,,,,unmatched,189,148,2,AL:142;TN:4;FL:2,low
549300FB7LY738B0AS28,,,,unmatched,213,147,2,OH:128;KY:8;IN:5;FL:2;GA:1;TN:1;SC:1;NC:1,low
5493008MFIR0PTRGGL44,,,,unmatched,132,125,2,KY:116;TN:4;FL:2;AL:2;IN:1,low
549300MK77IBUMJBI791,,,,unmatched,493,458,2,MO:450;KS:3;FL:2;TX:2;CA:1,low
549300XMCDBXHD84QD46,,,,unmatched,325,289,2,IA:273;MO:2;FL:2;KS:2;MN:2;OH:1;WI:1;NC:1;CO:1;PA:1,low
549300P8KQYPAVPZL931,,,,unmatched,315,251,2,KY:241;TN:3;IN:3;FL:2;IL:1;HI:1,low
549300FW5QWKDV0UY394,,,,unmatched,253,194,2,CT:189;MA:3;FL:2,low
549300P6FMUCIYH31R36,,,,unmatched,158,131,2,MS:125;FL:2;SC:2;LA:1;TX:1,low
25490041Y3ITG7RD6H37,,,,unmatched,26,22,2,VA:14;FL:2;MD:1;ME:1;CA:1;DC:1;TN:1;DE:1,low
213800M6RMI3YBX62W88,,,,unmatched,628,467,2,SD:229;MN:217;ND:3;WI:3;NE:3;AZ:2;FL:2;IA:2;GA:1;NC:1,low
549300ZM3TKJVUYB3676,,,,unmatched,390,340,2,IL:318;IA:11;WI:4;FL:2;NM:1;TN:1;AR:1;GA:1;IN:1,low
254900OD9TDRYGWJ0N48,,,,unmatched,395,314,2,SD:189;WY:40;CO:39;MN:25;AZ:3;IA:3;NE:2;FL:2;WI:2;IL:2,low
5493004LTLRA7Y5L3696,,,,unmatched,347,312,2,IL:294;IN:11;FL:2;NC:1;AL:1;OK:1;TX:1;AZ:1,low
549300CVK4UVTLHJ0R80,,,,unmatched,350,295,2,KY:288;TN:2;FL:2;IN:2;OH:1,low
549300TOZIPCBM0DLH67,,,,unmatched,238,221,2,IL:205;WI:4;KY:3;WA:2;MI:2;FL:2;SC:1;IN:1;GA:1,low
549300RO0FORROX83086,,,,unmatched,254,170,2,LA:164;TX:2;FL:2;AL:1;MS:1,low
549300XZEU2LB7FLWW04,,,,unmatched,176,154,2,NE:120;IA:13;AR:4;MO:3;FL:2;IL:2;SD:2;AZ:1;CO:1;SC:1,low
549300E76OWAX7HQJX42,,,,unmatched,156,131,2,OK:121;AZ:6;FL:2;TX:2,low
54930060AO2QGPQGPO07,,,,unmatched,173,130,2,KY:116;IN:10;TN:2;FL:2,low
2549005B6S44QVVMBU11,,,,unmatched,188,126,2,KY:120;FL:2;OH:2;SC:1;TN:1,low
2549002AOWUCD3BSTP80,,,,unmatched,84,74,2,AL:70;FL:2;GA:2,low
549300T3MSPBPSPZLR85,,,,unmatched,81,64,2,IL:57;IN:3;FL:2;TN:1;GA:1,low
549300POCKENHFN8BN88,,,,unmatched,480,439,2,IL:400;IN:35;FL:2;MO:1;TN:1,low
5493001SSNVCONGBH947,,,,unmatched,420,324,2,WI:240;IL:80;FL:2;AZ:1;TX:1,low
549300BNZVNK1XN85P72,,,,unmatched,347,282,2,IA:238;SD:32;KS:2;FL:2;NE:2;MN:2;CO:1;CA:1;AZ:1;OR:1,low
54930084WKZ9NTQ0QS94,,,,unmatched,338,272,2,IL:232;MO:22;IN:13;FL:2;AL:1;KY:1;TN:1,low
549300RGUEWNDH44ES51,,,,unmatched,418,269,2,KY:241;OH:24;FL:2;IN:1;TN:1,low
2549002W5VVAQ5IH5726,,,,unmatched,267,265,2,IL:257;FL:2;IN:2;MO:2;TX:1;WI:1,low
5493003617RJR4JUYT66,,,,unmatched,318,254,2,IL:246;WI:2;FL:2;TN:1;MI:1;ID:1;AZ:1,low
5493005L8AW1CTD9HZ03,,,,unmatched,269,225,2,IA:186;IL:32;AR:2;FL:2;AZ:1;MN:1;SC:1,low
5493002GOGIUXB84JB89,,,,unmatched,225,202,2,IL:178;MO:21;FL:2;TN:1,low
549300PI8J8CV6B53I58,,,,unmatched,212,155,2,MI:147;OH:3;FL:2;IL:1;IN:1;TN:1,low
254900ZK2F0EPOFMKG41,,,,unmatched,199,151,2,NE:142;CO:2;FL:2;TX:1;SD:1;AZ:1;MI:1;KS:1,low
549300F263I3XPN55P35,,,,unmatched,211,130,2,OH:124;MI:3;FL:2;TN:1,low
549300GY0I1WYYWYFS47,,,,unmatched,149,112,2,IL:75;IN:22;MI:5;OH:5;FL:2;MO:1;WI:1;NC:1,low
549300LWL6LDRPYWVK06,,,,unmatched,112,88,2,MD:75;DE:7;VA:3;FL:2;DC:1,low
549300BY08MY8QNSPU50,,,,unmatched,92,85,2,IL:71;MO:8;AL:2;FL:2;KS:1;PA:1,low
254900GG6WW4AAUFXJ50,,,,unmatched,76,63,2,WI:59;FL:2;IL:1;TX:1,low
549300QJ1W5RNY1X4D75,,,,unmatched,39,32,2,IA:27;FL:2;CA:1;MO:1;WI:1,low
549300JMCI45DZ4YNK98,,,,unmatched,25,22,2,IL:9;AZ:5;IN:4;FL:2;CA:1;WI:1,low
549300UONVHJ0G6DSL23,,,,unmatched,551,484,2,ND:326;MT:89;MN:58;SD:5;AZ:3;FL:2;MO:1,low
2138004QPZ7FMGPTU106,,,,unmatched,549,464,2,SD:270;MN:185;WI:3;AZ:3;FL:2;CO:1,low
549300OARXTADS0L8L11,,,,unmatched,702,455,2,IL:402;MO:49;FL:2;KS:2,low
54930023DLYUOD6GKQ42,,,,unmatched,595,436,2,MO:414;KS:15;FL:2;MS:1;AR:1;OH:1;CO:1;NE:1,low
5493002POZ4RFS6X0Z30,,,,unmatched,372,295,2,ND:281;AZ:4;SD:4;FL:2;MT:2;NE:1;MN:1,low
5493005ANYGQWRPVGU61,,,,unmatched,213,200,2,IN:196;FL:2;KY:1;AL:1,low
5493000EKZWTYZXUW582,,,,unmatched,204,195,2,IL:189;WI:2;FL:2;MO:1;OH:1,low
549300RMPGD5KKS1RR35,,,,unmatched,214,185,2,IN:181;FL:2;MI:2,low
549300ZLAWM1M5QAJH43,,,,unmatched,331,179,2,IN:160;MI:17;FL:2,low
5493002T397LUNQ31179,,,,unmatched,185,154,2,WI:140;MN:12;FL:2,low
549300J9E3YDKIBPUY45,,,,unmatched,178,152,2,ND:93;MN:54;SD:2;FL:2;AZ:1,low
549300JRDBJ5RPA6TY76,,,,unmatched,180,148,2,IL:140;WI:4;FL:2;IN:1;OH:1,low
54930080KJR5G1HZVI89,,,,unmatched,165,136,2,OK:134;FL:2,low
5493002WXCO8XZD1EB38,,,,unmatched,150,126,2,OH:122;IN:2;FL:2,low
549300ZL6THC5R7VUP98,,,,unmatched,273,116,2,OK:101;AZ:6;CO:3;FL:2;NV:1;UT:1;ID:1;AR:1,low
254900TSA1PSM0OS4798,,,,unmatched,122,114,2,OH:66;IN:42;MI:2;FL:2;NV:1;AZ:1,low
549300WVVCPSUJMG9419,,,,unmatched,122,114,2,WI:112;FL:2,low
549300ZX7CMZ93QCZQ91,,,,unmatched,104,102,2,AL:100;FL:2,low
2549004EEJO192FMAC61,,,,unmatched,100,99,2,ND:56;MN:40;FL:2;SD:1,low
549300L1U2HOTC8O4K95,,,,unmatched,149,98,2,KY:77;WV:10;OH:9;FL:2,low
5493005ITNB06W8ZHD39,,,,unmatched,114,97,2,IL:91;IN:2;FL:2;MI:2,low
549300M5DZ6P9KNT7H33,,,,unmatched,117,95,2,MN:93;FL:2,low
549300MPDN3KQZW68M43,,,,unmatched,116,91,2,WI:85;MN:2;MI:2;FL:2,low
549300VIIXX6NYY12891,,,,unmatched,105,90,2,AL:88;FL:2,low
5493003K6JB8F2ZMRI65,,,,unmatched,92,89,2,AR:87;FL:2,low
549300VE85K2XTVRSG76,,,,unmatched,83,80,2,MN:72;FL:2;SD:2;ND:2;OR:1;AZ:1,low
549300G12UU2EC2JM932,,,,unmatched,144,76,2,MI:65;ID:6;FL:2;IL:2;WI:1,low
254900PZD34K8KYJD223,,,,unmatched,81,70,2,ME:68;FL:2,low
254900MMTF4DOQ9XV924,,,,unmatched,82,66,2,AL:64;FL:2,low
549300MUCXO2NIUSBW51,,,,unmatched,59,54,2,MO:50;FL:2;IL:1;KS:1,low
549300OPZE52Y4J4QP25,,,,unmatched,62,51,2,AL:48;FL:2;OK:1,low
549300RM0VO0UBTMOZ05,,,,unmatched,55,49,2,MO:45;FL:2;CO:1;IL:1,low
549300GE8R74OGSIP159,,,,unmatched,65,44,2,AL:42;FL:2,low
549300V4UDO1FVIAXD70,,,,unmatched,36,33,2,AL:31;FL:2,low
549300OVNJWJXYPGIU28,,,,unmatched,32,32,2,IL:28;FL:2;SD:1;AZ:1,low
2549002KNNRT791PG760,,,,unmatched,28,28,2,AL:26;FL:2,low
254900RAPDJZFI07WS81,,,,unmatched,27,24,2,IL:22;FL:2,low
549300WT3BKLLJV4I440,,,,unmatched,4,2,2,FL:2,low
5493005RDTT7HVODH436,,,,unmatched,7187,4913,1,NY:3851;PA:591;VT:402;MA:54;NH:13;FL:1;NJ:1,high
549300C232ZWY1I57C16,,,,unmatched,4066,2112,1,CA:2079;AZ:7;OH:5;NV:5;TX:3;OR:2;GA:1;TN:1;MN:1;FL:1,high
5493009F6BJDCZMZ7Y26,,,,unmatched,2920,2083,1,TX:1746;AR:218;LA:48;TN:45;MS:17;SC:4;AL:2;OK:2;FL:1,high
549300AUL77A8UKADB04,,,,unmatched,2405,1562,1,GA:1561;FL:1,high
549300B0HNWBV7RX2661,,,,unmatched,2179,1205,1,CA:1191;AZ:3;WA:2;OR:2;GA:2;NV:1;CO:1;FL:1;ID:1;MS:1,high
254900Q6IHGQO7INVC79,,,,unmatched,1340,1167,1,NY:1164;NC:1;VA:1;FL:1,high
549300K6L4VXCXWN4205,,,,unmatched,2116,1116,1,TN:1114;FL:1;GA:1,high
549300Q9TCZDLU48CG18,,,,unmatched,1479,984,1,PA:943;NJ:40;FL:1,high
5493004NO7XCFVG4KD53,,,,unmatched,1686,988,1,TN:965;KY:22;FL:1,high
549300T560RY8NY4EY89,,,,unmatched,1346,947,1,PA:941;MD:3;IL:1;FL:1;DE:1,high
5493008TO7JB5Q4IKZ94,,,,unmatched,1471,1153,1,NY:884;AL:146;CO:77;AZ:37;MA:7;FL:1;NC:1,high
549300PBL633P0UGLP11,,,,unmatched,1072,816,1,PA:813;NJ:2;FL:1,high
549300L3C3LKXG2XBS96,,,,unmatched,1023,786,1,PA:739;NJ:46;FL:1,high
549300DQW5P73YGBL063,,,,unmatched,832,754,1,PA:750;NJ:2;FL:1;MI:1,high
549300LO3MP4RAI32X70,,,,unmatched,790,620,1,TX:603;MS:3;NC:2;OR:1;FL:1;VA:1;MN:1;MI:1;SC:1;AR:1,high
549300I3LFY4G7F9CE90,,,,unmatched,899,606,1,SC:580;NC:13;GA:10;NJ:1;FL:1;AZ:1,high
549300QFJDBOCX7WKY08,,,,unmatched,902,600,1,TX:595;OK:2;CO:1;FL:1;AZ:1,high
5493000NZZZU3GFIYL71,,,,unmatched,860,562,1,MA:552;RI:3;NH:3;ME:1;AL:1;CT:1;FL:1,high
254900C44LTMSEGQ5K05,,,,unmatched,994,538,1,NY:532;NJ:2;NC:1;MA:1;FL:1;VA:1,high
5493001HBUA9JSUEWO16,,,,unmatched,663,529,1,SC:467;GA:40;NC:17;TN:1;NH:1;OH:1;NV:1;FL:1,high
549300A4SPX2JOQ71791,,,,unmatched,552,525,1,PA:493;NJ:26;SC:2;NC:2;FL:1;DE:1,high
549300S5NLOTO329NX77,,,,unmatched,648,571,1,NY:409;NJ:56;VT:28;MA:22;CT:19;NH:16;ME:12;PA:5;RI:3;FL:1,medium
549300RN1POVRDD21477,,,,unmatched,526,492,1,TN:490;KY:1;FL:1,medium
549300R4XILOL7HDRE77,,,,unmatched,478,462,1,PA:452;MD:9;FL:1,medium
549300M16XETIG2Z5N24,,,,unmatched,534,418,1,TX:409;TN:2;CO:1;IN:1;LA:1;NM:1;GA:1;WA:1;FL:1,medium
5493001E3OD1D4Y8KX63,,,,unmatched,497,417,1,PA:356;NJ:20;MO:17;DE:14;IL:3;VA:2;NY:1;SC:1;MD:1;FL:1,medium
254900VXX8ZL7L9EX282,,,,unmatched,438,383,1,PA:357;NJ:16;MD:5;DE:4;FL:1,medium
5493004LN4GS7BNXIO13,,,,unmatched,560,370,1,MA:361;NH:5;CT:2;ME:1;FL:1,medium
254900GKRYTQSJG61D90,,,,unmatched,463,364,1,TX:355;OK:3;CO:3;GA:1;FL:1;MO:1,medium
549300QWWDI5EBFCNL02,,,,unmatched,1003,796,1,AL:439;GA:351;TN:4;FL:1;IL:1,medium
254900ZPTT694OV6U433,,,,unmatched,828,334,1,TX:332;IN:1;FL:1,medium
549300TFEH2N4OKL5136,,,,unmatched,435,329,1,PA:295;NY:28;OH:4;NC:1;FL:1,medium
549300K2JM6ID3V5LO24,,,,unmatched,713,376,1,TN:305;MS:60;AR:7;LA:2;AL:1;FL:1,medium
549300LI67PLCC1Z3P80,,,,unmatched,512,330,1,MA:296;CT:14;RI:10;NH:8;VT:1;FL:1,medium
549300TETFK3GXOHZ594,,,,unmatched,476,296,1,TX:294;FL:1;OK:1,medium
54930004SDYVHYN4M716,,,,unmatched,379,294,1,SC:271;NC:20;TN:1;GA:1;FL:1,medium
549300YYJWBT2GH5DS80,,,,unmatched,484,294,1,NJ:286;PA:7;FL:1,medium
5493009QYNVEZ9VDJU57,,,,unmatched,654,410,1,CA:285;AZ:64;OR:31;NV:18;ID:4;WA:2;AR:2;TX:2;AK:1;FL:1,medium
549300J5W91RLNLMTL86,,,,unmatched,452,296,1,MA:280;VT:8;NY:6;CT:1;FL:1,medium
5493003PL2K1NXVSU388,,,,unmatched,372,365,1,PA:283;MD:77;FL:1;WV:1;VA:1;TX:1;GA:1,medium
549300PG87MHQ7H4CO08,,,,unmatched,383,285,1,TX:278;CA:2;CO:2;SC:1;FL:1;OK:1,medium
549300Y5YUNNHUW2EQ06,,,,unmatched,641,281,1,TX:279;FL:1;MS:1,medium
549300LWR6X0ZAV34H19,,,,unmatched,276,273,1,TN:269;GA:2;OH:1;FL:1,medium
549300KWXO8FUM7L0E14,,,,unmatched,3885,3060,1,CT:2765;MA:269;RI:18;NH:6;FL:1;PA:1,medium
5Z1UQ1CWY0DQ3KJWDQ07,,,,unmatched,354,308,1,CA:265;WA:21;OR:17;ID:1;FL:1;AR:1;NY:1;IL:1,medium
549300QJOGSPJ8EAX798,,,,unmatched,301,269,1,TX:262;CO:2;OK:1;IL:1;FL:1;AR:1;MS:1,medium
5493003I223S7AP6XL58,,,,unmatched,321,252,1,SC:238;NC:13;FL:1,medium
54930024QEEW6YDTWZ98,,,,unmatched,380,253,1,SC:229;NC:15;MD:3;GA:3;FL:1;AL:1;VA:1,medium
5493001EXVWX6Q13MY44,,,,unmatched,604,275,1,TN:242;MS:26;AR:3;NC:1;FL:1;AL:1;TX:1,medium
549300J8Y8IPQFMMIT88,,,,unmatched,369,253,1,MA:231;RI:8;NH:7;IL:2;NC:1;ME:1;IN:1;MI:1;FL:1,medium
549300IRQPG1Q6VZ8Y58,,,,unmatched,466,232,1,TX:231;FL:1,medium
549300WHACUOETOKO184,,,,unmatched,255,232,1,GA:221;SC:4;NC:4;TN:1;MT:1;FL:1,medium
254900YJQZQTI7TUKN67,,,,unmatched,273,224,1,TX:223;FL:1,medium
549300J0CKZA0PR2DX58,,,,unmatched,527,369,1,PA:197;VA:84;MD:50;DE:27;NJ:5;DC:3;SC:2;FL:1,medium
549300YNUT7D0FWKU636,,,,unmatched,2071,1527,1,OH:1309;PA:200;WV:6;IN:3;SC:2;TX:1;NC:1;CO:1;TN:1;FL:1,medium
5493008XX3NZ5S384W16,,,,unmatched,278,205,1,TN:204;FL:1,medium
5493001SBOA8GKVW1N27,,,,unmatched,218,206,1,TX:202;NM:3;FL:1,medium
549300RMEQJVNY2YH756,,,,unmatched,215,212,1,PA:179;NJ:20;DE:9;MD:2;FL:1;AZ:1,medium
549300EE39SNC5DXTC46,,,,unmatched,276,216,1,MA:194;NH:18;ME:1;FL:1;MT:1;VT:1,medium
549300C2GTHMQQJ5CS20,,,,unmatched,240,200,1,MA:191;NH:5;ME:2;FL:1;VT:1,medium
549300AX5UMUZ61L1X54,,,,unmatched,271,193,1,PA:152;NJ:14;NY:9;NC:5;SC:5;MD:2;GA:1;VT:1;TX:1;FL:1,medium
5493000SW5GLNL7VNX12,,,,unmatched,216,198,1,PA:164;NJ:14;DE:14;NC:1;SC:1;FL:1;ME:1;MD:1;NY:1,medium
254900WBNJ2MGXXXDY75,,,,unmatched,232,182,1,NY:180;TX:1;FL:1,medium
549300TXW4YZE1CSWA75,,,,unmatched,237,182,1,MA:181;FL:1,medium
5493000M096YV1VLKD70,,,,unmatched,221,182,1,PA:179;NC:1;OH:1;FL:1,medium
549300XQ8DRJT0OETE90,,,,unmatched,299,255,1,TN:168;KY:70;NC:11;VA:4;FL:1;KS:1,medium
5493005NE66BD75BDB43,,,,unmatched,205,172,1,NC:171;FL:1,medium
549300SZBQMYMAL3OM08,,,,unmatched,245,187,1,MA:169;NH:7;RI:6;CT:2;ME:2;FL:1,medium
549300GKNMX0ZXKVPE54,,,,unmatched,496,429,1,AR:255;TX:154;LA:11;OK:4;MT:2;UT:1;CO:1;FL:1,medium
254900NX6JAQSL0PM696,,,,unmatched,154,150,1,GA:143;SC:6;FL:1,medium
254900YTMXVNCWHCVS50,,,,unmatched,248,148,1,TX:147;FL:1,medium
5493008P3PCRZRS39T50,,,,unmatched,164,141,1,GA:140;FL:1,medium
549300SO0M022D8D8358,,,,unmatched,516,338,1,VA:205;NC:123;SC:5;WV:3;FL:1;PA:1,medium
549300FZGNW8VUSEDB98,,,,unmatched,146,129,1,TX:128;FL:1,medium
549300MYAXFDGEI4NZ65,,,,unmatched,236,175,1,MA:118;NH:49;RI:4;CT:2;SC:1;FL:1,medium
2549001XVX1R2ITF6935,,,,unmatched,252,173,1,TN:114;KY:50;VA:5;GA:1;AL:1;FL:1;IN:1,medium
254900PRB9DTJAHMMZ45,,,,unmatched,171,134,1,MA:113;NH:11;CT:4;ME:3;NC:1;FL:1;RI:1,medium
549300CWZXP5LD3GVV26,,,,unmatched,125,115,1,GA:111;NC:2;AL:1;FL:1,medium
984500ET710674536D72,,,,unmatched,174,126,1,TN:105;KY:5;IN:4;GA:2;NC:2;AL:2;MS:2;AR:1;FL:1;MN:1,medium
549300D2IR01BV6NPA49,,,,unmatched,149,111,1,NJ:106;PA:4;FL:1,medium
549300KW705BBINDIZ26,,,,unmatched,335,226,1,TX:106;LA:38;AR:28;OK:18;NM:16;IN:6;WA:4;MO:2;MT:2;FL:1,medium
5493008JDUT3R3K1LZ58,,,,unmatched,214,155,1,PA:100;WV:34;OH:19;LA:1;FL:1,medium
549300OBLIP1F3NM5751,,,,unmatched,130,101,1,TX:88;NM:4;AR:2;AZ:1;HI:1;CA:1;CO:1;MT:1;UT:1;FL:1,medium
549300K0ZDYG8YJZ3L95,,,,unmatched,132,88,1,NY:58;NJ:25;PA:3;CT:1;FL:1,medium
549300ALAL7EW71UE133,,,,unmatched,125,85,1,TX:81;CO:1;NM:1;FL:1;AZ:1,medium
549300OUFGVRFN8PZB89,,,,unmatched,122,93,1,TX:75;OK:8;TN:2;CO:2;WI:2;GA:1;FL:1;CA:1;SC:1,medium
254900Y3KT6SZM11MQ06,,,,unmatched,100,88,1,TX:76;OK:5;CO:2;TN:1;IN:1;SC:1;NC:1;FL:1,medium
254900S61OCEX8MXZI58,,,,unmatched,106,79,1,TN:77;FL:1;MS:1,medium
549300WDLOVGUYVTS727,,,,unmatched,122,92,1,SC:71;OK:12;TX:2;GA:2;AL:2;FL:1;NC:1;KS:1,medium
254900Z8I9USTJ1JA072,,,,unmatched,79,76,1,GA:75;FL:1,medium
549300OIJ6O9DNP74L72,,,,unmatched,171,77,1,TN:70;GA:3;AL:2;MS:1;FL:1,medium
254900IUXHAK73AEH918,,,,unmatched,211,143,1,AL:71;TN:66;SC:3;CO:1;VA:1;FL:1,medium
549300I58H1B8G6KOY91,,,,unmatched,97,72,1,TN:69;KY:2;FL:1,medium
2549007WBD70RLDH1669,,,,unmatched,352,278,1,MD:156;PA:68;WV:53;FL:1,medium
5493007WZXR2YE227I23,,,,unmatched,199,135,1,NC:65;VA:56;MD:7;SC:3;FL:1;KY:1;WA:1;DE:1,medium
549300L7OFUBO6FHY884,,,,unmatched,73,67,1,PA:54;NJ:9;GA:2;FL:1;DE:1,medium
549300EPUJMYHHCZPS30,,,,unmatched,73,64,1,SC:54;GA:9;FL:1,medium
549300YDU8N5KZBYRU81,,,,unmatched,85,64,1,TX:61;FL:1;SC:1;NM:1,medium
254900AH8L5ZM1JZET07,,,,unmatched,63,63,1,GA:52;NC:8;TN:1;FL:1;TX:1,medium
549300TAFYLARKCKJ639,,,,unmatched,66,62,1,GA:61;FL:1,medium
5493007L3DI2JM8OHN91,,,,unmatched,382,75,1,MA:58;VA:13;SC:1;FL:1;CT:1;DC:1,medium
549300HG6U7GIJKDOO88,,,,unmatched,96,60,1,NY:53;NJ:6;FL:1,medium
254900GZAWIVGN884M22,,,,unmatched,76,59,1,GA:58;FL:1,medium
549300HX04TQZO5URB98,,,,unmatched,86,59,1,GA:56;NC:2;FL:1,medium
254900U38QOOLJB8FS91,,,,unmatched,75,59,1,PA:56;DE:2;FL:1,medium
549300HH0V8LECLNPQ26,,,,unmatched,2741,1903,1,OR:1751;ID:92;CA:50;NC:3;WA:1;GA:1;AZ:1;OH:1;TN:1;FL:1,medium
549300JL3TGNE3Y7PE33,,,,unmatched,70,57,1,TX:52;SC:1;AR:1;TN:1;IL:1;FL:1,medium
254900BD5NFQPLWIEE89,,,,unmatched,56,56,1,NJ:48;NY:3;PA:3;FL:1;CT:1,medium
549300FF2P6I0N4FHD29,,,,unmatched,71,56,1,TX:53;TN:1;FL:1;MT:1,medium
254900IVR37DW5QD1I94,,,,unmatched,66,55,1,GA:54;FL:1,medium
5493000GDQJIBPCUBG13,,,,unmatched,111,57,1,MA:50;NH:4;ME:1;FL:1;VT:1,medium
549300MU3SP76R81WW62,,,,unmatched,1055,923,1,MO:703;KS:177;TN:29;IL:7;TX:3;CA:3;FL:1,medium
549300O2D8BPO6PJRB90,,,,unmatched,1326,958,1,OK:709;AR:227;TX:14;KS:2;MO:2;CA:1;CO:1;MS:1;FL:1,medium
5493003KBJMVUE7RQO90,,,,unmatched,1118,691,1,VA:672;NC:5;AL:3;TX:2;MA:2;OK:1;GA:1;RI:1;WV:1;FL:1,medium
549300C853H86L248593,,,,unmatched,552,510,1,KY:490;TN:8;AL:6;IL:2;FL:1;IN:1;MI:1;AZ:1,medium
549300WOJH0MSG0OIM41,,,,unmatched,699,525,1,AL:514;GA:6;MS:4;FL:1,medium
549300FUMS21JPQM1N03,,,,unmatched,3063,2454,1,WI:2436;MI:8;MN:2;TN:2;IL:2;FL:1;GA:1;OH:1;NJ:1,medium
549300U82B82JH54TO79,,,,unmatched,1345,1120,1,NE:1077;IA:14;CO:6;AZ:4;IL:3;NC:2;SD:2;KS:2;MO:2;FL:1,medium
5493004NMXQUYEFD1Y98,,,,unmatched,819,608,1,OH:592;MI:4;WV:3;SC:3;KY:2;IN:2;FL:1;VA:1,medium
5493008SV4X2EID9J711,,,,unmatched,687,578,1,MN:477;ND:85;WI:7;AZ:3;TX:3;IA:2;FL:1,medium
549300AR4BCLQFU47165,,,,unmatched,1322,784,1,IL:469;IA:308;TX:1;MO:1;FL:1;MN:1;MT:1;WI:1;NC:1,medium
8AI385EP1ZJCMUOZ8022,,,,unmatched,981,781,1,KS:700;MO:71;CO:3;ID:2;TX:2;AR:1;FL:1;OK:1,medium
549300LGEXCX325O8C49,,,,unmatched,828,675,1,IN:512;KY:156;AL:4;TN:2;FL:1,medium
254900XRQ4U9ABU6F580,,,,unmatched,837,583,1,ID:533;UT:32;OR:11;AZ:1;FL:1;MD:1;DC:1;WY:1;VA:1;CA:1,medium
549300VF12R0WS33KN43,,,,unmatched,702,559,1,ND:516;MN:35;SD:2;AZ:1;CA:1;FL:1;ID:1;NY:1;WY:1,medium
549300F04B6FGYBJY412,,,,unmatched,2876,1949,1,MO:1937;AR:6;KY:2;OK:1;MS:1;TN:1;FL:1,medium
254900LEJ4HP6RMWD374,,,,unmatched,2183,1404,1,KY:1387;IN:15;TN:1;FL:1,medium
549300B8JSCK4ZNVX087,,,,unmatched,1197,708,1,AL:703;NC:1;MS:1;NV:1;FL:1;LA:1,medium
OYWNLMHNBQQ7BAH3EE86,,,,unmatched,2098,1491,1,CO:1490;FL:1,medium
549300TDRENNEZ2S6M03,,,,unmatched,1605,1250,1,PR:1249;FL:1,medium
549300HC0CLTNVGA0H76,,,,unmatched,1492,1188,1,MO:1184;FL:1;KS:1;OK:1;AZ:1,medium
549300XUKQ6W1CY6QK47,,,,unmatched,1151,1014,1,IN:966;MI:42;IL:1;MT:1;OH:1;FL:1;AZ:1;LA:1,medium
254900NT8VCCMPTPSO02,,,,unmatched,1178,781,1,IA:778;AZ:2;FL:1,medium
54930087JNDLPJWOLV11,,,,unmatched,927,674,1,OH:673;FL:1,medium
254900YPMNKIA6O0HC78,,,,unmatched,908,612,1,IN:528;KY:77;IL:6;FL:1,medium
549300H3GIHYP3MB0302,,,,unmatched,642,548,1,IN:495;MI:52;FL:1,medium
549300PGV74J5SPHTG47,,,,unmatched,555,435,1,MS:348;TN:45;LA:31;AR:7;AL:2;GA:1;FL:1,low
254900AHEC0ZH6MGNX19,,,,unmatched,59,45,1,TN:37;GA:5;AL:2;FL:1,low
54930031J0Z4IG9PQZ65,,,,unmatched,56,43,1,TX:42;FL:1,low
254900TNWPAJO9ECH811,,,,unmatched,55,42,1,PA:40;FL:1;NJ:1,low
549300IVS7RAU1H3GS10,,,,unmatched,62,44,1,TX:36;NY:3;OK:1;CO:1;AR:1;CA:1;FL:1,low
549300L1RVMMHUVKTQ94,,,,unmatched,49,37,1,MA:36;FL:1,low
54930008MKP7T81OVK54,,,,unmatched,296,257,1,IN:168;KY:44;GA:34;IL:9;FL:1;SC:1,low
549300CV1BZKP1QUDZ13,,,,unmatched,233,191,1,MD:123;PA:33;WV:32;FL:1;VA:1;NC:1,low
254900EDYO1UYWLWP146,,,,unmatched,286,231,1,WV:125;MD:68;PA:29;VA:4;NC:3;FL:1;SC:1,low
25490043Z1O3CFY7D576,,,,unmatched,40,34,1,TX:32;FL:1;OK:1,low
549300IBHFWCA2THLC52,,,,unmatched,38,33,1,TN:29;AL:2;FL:1;GA:1,low
254900NSXWCE07HAP496,,,,unmatched,31,28,1,PA:27;FL:1,low
5493005WCUTOOZMTV053,,,,unmatched,190,144,1,OK:114;TX:26;CO:1;FL:1;HI:1;AR:1,low
2549006WPD8JIY1AFO12,,,,unmatched,27,27,1,GA:23;AL:3;FL:1,low
549300C690YBM0ROXL93,,,,unmatched,25,23,1,TX:19;NC:2;FL:1;CO:1,low
254900SG0DG9VHV3LR79,,,,unmatched,247,173,1,MS:145;TN:18;AL:5;LA:2;FL:1;NC:1;TX:1,low
549300II7Y8V2KY9TM28,,,,unmatched,401,282,1,LA:250;TX:17;MS:11;AR:1;AL:1;GA:1;FL:1,low
562V2SM4I80MJO5HYB83,,,,unmatched,312,186,1,RI:165;MA:17;CT:2;VT:1;FL:1,low
549300I7G0WB7Z0BCX80,,,,unmatched,38,30,1,TX:11;MD:8;PA:3;IL:2;FL:1;WI:1;TN:1;CT:1;NJ:1;MA:1,low
5493003X9FWFI47DPO39,,,,unmatched,268,253,1,IL:221;CA:6;AZ:3;TX:3;ID:2;NY:2;TN:1;FL:1;VA:1;MA:1,low
549300L5PE7ZGYRW5Q15,,,,unmatched,414,356,1,NM:338;TX:12;AZ:2;CO:1;TN:1;AL:1;FL:1,low
2549006HGDHH72X1BE36,,,,unmatched,130,114,1,WI:93;CA:12;IN:2;MI:2;WV:1;FL:1;IL:1;MA:1;NV:1,low
549300B8JQ9XD5FQQH32,,,,unmatched,322,308,1,LA:291;TX:11;MS:2;FL:1;AR:1;ID:1;GA:1,low
54930027H7CJF9GCDZ36,,,,unmatched,431,306,1,IN:248;MS:39;NC:9;OH:5;TN:2;FL:1;MI:1;KY:1,low
549300GCUYVW860UOZ07,,,,unmatched,283,195,1,VA:180;TN:6;NC:3;MD:3;SC:1;FL:1;DC:1,low
54930039OWZFM2IGRN69,,,,unmatched,449,356,1,AR:334;TX:7;OK:4;AL:2;KS:2;PA:2;IL:2;FL:1;UT:1;TN:1,low
254900SOAE0WU8JM0177,,,,unmatched,89,63,1,VA:45;DC:10;MD:7;FL:1,low
549300HQL7U3JZ4LCJ17,,,,unmatched,130,106,1,CT:90;MA:9;RI:5;FL:1;MD:1,low
549300LIZH7VW4DFJK44,,,,unmatched,421,161,1,OK:118;AL:12;TX:6;AR:4;NM:3;NE:3;OR:2;LA:2;CO:2;FL:1,low
5493007WCJ9R6VLLYR82,,,,unmatched,188,159,1,VA:150;NC:6;SC:2;FL:1,low
549300YMV5FVP7DXOG44,,,,unmatched,200,117,1,VA:80;MD:26;DC:6;KY:2;FL:1;PA:1;MA:1,low
549300O2EZG72LO2FX38,,,,unmatched,673,463,1,OR:251;WA:198;CA:6;ID:4;FL:1;SD:1;CO:1;TN:1,low
549300X2FI65C4A30O27,,,,unmatched,373,309,1,OK:299;TX:6;KS:2;FL:1;TN:1,low
89450088V2BYQUO61B62,,,,unmatched,183,120,1,LA:106;TX:6;MN:2;FL:1;MS:1;CA:1;IL:1;WA:1;MO:1,low
549300RDN1T32WR2WF91,,,,unmatched,96,82,1,MO:64;TX:6;WI:3;KS:2;IA:1;OR:1;NC:1;AR:1;FL:1;IL:1,low
254900SRX8H2BWRMDQ91,,,,unmatched,205,156,1,WV:148;SC:5;NC:1;VA:1;FL:1,low
U9WBLC3ZT2VBJSNY2Y81,,,,unmatched,133,113,1,CT:105;NY:5;FL:1;MA:1;VT:1,low
549300XRGNVNCISU8Q79,,,,unmatched,179,82,1,MD:71;VA:2;DC:2;NC:2;NJ:1;AZ:1;PA:1;FL:1;DE:1,low
549300CPKDUJKREQRG38,,,,unmatched,94,74,1,LA:41;AL:24;TX:6;MS:1;AZ:1;FL:1,low
5493003DVQUF5HAI1O03,,,,unmatched,121,55,1,IL:36;AZ:3;GA:2;MO:2;CT:2;OH:2;FL:1;NC:1;TX:1;KS:1,low
254900CNZPI5WN45KW48,,,,unmatched,566,437,1,AR:387;MS:22;OK:15;TX:4;AL:2;LA:2;FL:1;MO:1;TN:1;IN:1,low
254900R24PHQB7GDFD26,,,,unmatched,292,218,1,OK:208;TX:5;FL:1;MT:1;AZ:1;KY:1;KS:1,low
549300K2EV48DVSYNV15,,,,unmatched,207,197,1,LA:189;TX:5;AR:1;FL:1;KS:1,low
549300ZSNURWJMU0YY46,,,,unmatched,124,109,1,KY:102;TN:5;MS:1;FL:1,low
549300IFU5D50EZHEU18,,,,unmatched,124,88,1,LA:81;TX:5;AL:1;FL:1,low
549300EW4BA2XQFITZ61,,,,unmatched,56,54,1,AL:48;GA:5;FL:1,low
549300L7IR85QJ3SOP77,,,,unmatched,60,46,1,OK:36;TX:3;UT:1;OH:1;MO:1;NY:1;FL:1;NJ:1;MI:1,low
549300ZUA8339ZH6W934,,,,unmatched,126,45,1,KY:26;MN:5;WV:4;OH:3;TN:2;GA:2;KS:1;FL:1;NC:1,low
984500AE53C2CD1BA542,,,,unmatched,7,7,1,NJ:3;PA:1;FL:1;OH:1;TX:1,low
25490046GL77VSFSYG24,,,,unmatched,516,422,1,AR:406;MO:11;TX:3;FL:1;TN:1,low
254900Q9V3DYHBRTUH61,,,,unmatched,424,301,1,OH:277;KY:15;NC:3;MI:2;IN:2;TN:1;FL:1,low
549300LTSES0DE01Z405,,,,unmatched,393,284,1,IL:264;MO:12;TX:2;AR:1;KY:1;FL:1;IN:1;SC:1;TN:1,low
549300BWXUPDS3PDOL40,,,,unmatched,149,139,1,AL:125;MS:9;TN:3;TX:1;FL:1,low
5493005GHHD2LL3US857,,,,unmatched,146,109,1,AL:100;TN:3;AZ:2;CO:2;FL:1;GA:1,low
894500TYEZ2FD95KS426,,,,unmatched,68,63,1,LA:57;TX:4;FL:1;AR:1,low
549300JDDZ5OVOP5E294,,,,unmatched,660,410,1,MO:305;KS:99;TX:2;IL:1;TN:1;OH:1;FL:1,low
549300QHPJ9CLOLCVE82,,,,unmatched,577,352,1,OH:302;KY:34;VA:5;IN:4;MD:1;AR:1;AL:1;NC:1;FL:1;TN:1,low
5493007IES1RWVUDDU23,,,,unmatched,381,327,1,MO:315;AR:3;IL:3;TX:2;FL:1;MD:1;TN:1;KS:1,low
549300NGCDNC9174EF79,,,,unmatched,418,213,1,IL:81;IN:33;MO:30;UT:26;KY:20;AZ:15;TN:3;WA:2;FL:1;OH:1,low
549300QLZWERAXKGEP54,,,,unmatched,283,204,1,KY:200;TN:2;NC:1;FL:1,low
25490099UNYWX2PZ4J91,,,,unmatched,218,182,1,WI:93;MN:81;NC:2;AZ:1;AR:1;IA:1;MI:1;GA:1;FL:1,low
2549001R6R928Y08SC30,,,,unmatched,185,127,1,SD:113;MN:2;WY:2;ND:1;FL:1;MT:1;TX:1;NC:1;MS:1;VA:1,low
5493003OO8EG0RKSFX83,,,,unmatched,120,113,1,OK:107;TX:3;KS:1;MI:1;FL:1,low
5493002XCPKQYCZ56W55,,,,unmatched,167,88,1,AL:84;TN:3;FL:1,low
549300DRZGISDSL1BX02,,,,unmatched,148,80,1,CT:71;MA:3;NH:2;LA:2;FL:1;RI:1,low
549300R6P9WVVQOQF705,,,,unmatched,93,80,1,OK:74;TX:2;CO:1;DC:1;MO:1;FL:1,low
5493008LTXJSUQBJKO24,,,,unmatched,24,20,1,MD:9;VA:3;DC:2;IL:2;KY:1;MA:1;FL:1;OR:1,low
549300HZMPZC336WP721,,,,unmatched,522,488,1,WI:465;IL:16;IN:4;GA:1;FL:1;TN:1,low
549300CQG2T7TCGY8Q67,,,,unmatched,463,393,1,IL:382;WI:4;MO:3;TN:1;NC:1;KY:1;FL:1,low
549300278QYT0O65D265,,,,unmatched,720,388,1,CO:385;TX:1;TN:1;FL:1,low
549300V7I9AZRM78QT92,,,,unmatched,368,323,1,MS:319;FL:1;GA:1;SC:1;LA:1,low
5493009DQQ81725XIJ49,,,,unmatched,362,315,1,NE:299;AZ:3;CA:2;ID:2;OK:1;SD:1;NV:1;MO:1;IA:1;FL:1,low
549300TSIYX9RDYWC806,,,,unmatched,297,264,1,MO:260;NC:1;MS:1;FL:1;TN:1,low
549300W07W12OUENKR02,,,,unmatched,368,256,1,MI:249;TN:1;OH:1;NC:1;IL:1;IN:1;AK:1;FL:1,low
254900P681DTTH4I3144,,,,unmatched,335,240,1,ND:121;AZ:62;MN:48;SD:2;TX:1;MT:1;ID:1;IL:1;UT:1;FL:1,low
549300NN5CG5Q640OV05,,,,unmatched,306,238,1,IL:233;TN:2;IN:2;FL:1,low
549300SU3TF26I8KB315,,,,unmatched,318,228,1,OH:224;GA:2;FL:1;MI:1,low
549300AQ83ZR1PW5DB53,,,,unmatched,263,222,1,IL:115;IA:94;WI:3;MI:3;MO:2;TX:1;NJ:1;OH:1;FL:1;AZ:1,low
549300FX2QBKG7ZTBX37,,,,unmatched,298,221,1,IA:129;NE:58;SD:27;AZ:4;TX:1;TN:1;FL:1,low
254900UFC85SQD8XYU52,,,,unmatched,233,187,1,WY:102;MT:79;TX:2;NE:1;FL:1;ND:1;UT:1,low
5493001Q8FNQ5TSRE594,,,,unmatched,182,178,1,MO:171;AR:3;TX:2;KS:1;FL:1,low
2549001ZX3163R62TB83,,,,unmatched,241,171,1,OH:129;WV:39;PA:2;FL:1,low
549300XOWUPV4E45EE89,,,,unmatched,185,151,1,IL:148;TX:1;FL:1;SC:1,low
2549003SD8SH7JXN6S72,,,,unmatched,170,138,1,IL:114;MO:13;OH:4;IA:1;FL:1;CA:1;CO:1;TN:1;MI:1;IN:1,low
254900R7H27ZMB7IRC26,,,,unmatched,162,134,1,KS:120;MO:6;OK:4;TX:2;NE:1;FL:1,low
549300SC9Z72JZIKY819,,,,unmatched,151,127,1,OH:122;IN:2;TN:2;FL:1,low
549300OULGV8ZW0JV320,,,,unmatched,120,105,1,KY:100;TN:2;OH:1;FL:1;IN:1,low
549300Z8EM6P4IUIYG50,,,,unmatched,66,57,1,OH:38;MI:14;WV:1;FL:1;IN:1;CA:1;SC:1,low
254900J67JRUY8SSE075,,,,unmatched,36,34,1,MN:25;AZ:3;WI:2;MT:1;CA:1;FL:1;TX:1,low
549300YPQDQJM78AYS70,,,,unmatched,493,395,1,IL:387;MO:4;IN:1;TX:1;FL:1;AZ:1,low
549300QAJ2SD5X8T7X10,,,,unmatched,420,352,1,LA:343;MS:7;FL:1;TN:1,low
549300MP1N04YL1TZP61,,,,unmatched,387,331,1,IA:291;NE:24;SD:12;FL:1;NC:1;MO:1;OR:1,low
549300ANTUZH5AQQXR02,,,,unmatched,383,318,1,MN:314;WI:1;SC:1;FL:1;MI:1,low
5493008YZRSEXRIR3I97,,,,unmatched,449,260,1,AL:258;GA:1;FL:1,low
549300EHZKNMEE6UUC83,,,,unmatched,284,260,1,IA:250;MN:2;FL:1;WI:1;IL:1;CO:1;MO:1;NC:1;NE:1;AZ:1,low
549300JAEP0DFO79JO70,,,,unmatched,465,252,1,UT:247;CA:1;IN:1;FL:1;AZ:1;ID:1,low
254900TQL77TN5I01K05,,,,unmatched,280,241,1,WI:235;MI:2;MO:2;FL:1;SC:1,low
549300OBYIDGN0LRQS38,,,,unmatched,248,234,1,OK:230;CO:2;FL:1;CA:1,low
5493003IRCQIQ6T3QS04,,,,unmatched,238,213,1,MO:208;TN:1;FL:1;IL:1;AR:1;MS:1,low
254900VHR12KN8C3F913,,,,unmatched,240,212,1,OH:210;FL:1;GA:1,low
254900BX43CTU32Z6G15,,,,unmatched,211,192,1,MO:181;IL:7;TN:1;KS:1;FL:1;CO:1,low
549300U8DCOOTG96YM89,,,,unmatched,271,180,1,WA:176;AL:1;NJ:1;OR:1;FL:1,low
549300CSKW4TNZHEOO36,,,,unmatched,201,173,1,IL:152;MO:16;FL:1;MI:1;TN:1;AL:1;OK:1,low
549300M2TE26IJQD4W66,,,,unmatched,173,163,1,OH:160;FL:1;TN:1;MO:1,low
2549002N9QET42VCAS33,,,,unmatched,158,138,1,MN:125;WI:6;IA:3;FL:1;MO:1;SC:1;KS:1,low
549300K3JILC7UMYWR39,,,,unmatched,140,130,1,WI:100;MN:25;MI:1;IL:1;MT:1;FL:1;DC:1,low
254900N1AXKYPB987I06,,,,unmatched,129,123,1,KY:120;AR:1;TN:1;FL:1,low
254900OCV4AWL56SWL08,,,,unmatched,115,101,1,OK:98;TX:1;FL:1;NM:1,low
5493002OMAT2S3H4OF48,,,,unmatched,133,100,1,IL:89;WI:7;NV:1;FL:1;TN:1;AL:1,low
254900RKKWUZX0NEH310,,,,unmatched,131,99,1,MO:96;FL:1;WA:1;TN:1,low
254900J5OSYRB4AN2309,,,,unmatched,200,76,1,CT:71;RI:3;NC:1;FL:1,low
549300GCILEV6KJUST91,,,,unmatched,99,75,1,AR:73;TX:1;FL:1,low
5493005F145IP6JL7314,,,,unmatched,93,74,1,WA:69;OR:2;CA:1;AZ:1;FL:1,low
5493001DKNDZW3UIWI38,,,,unmatched,73,63,1,MN:60;WI:1;FL:1;TN:1,low
549300P4RGN7F1H2N265,,,,unmatched,60,56,1,ND:47;AZ:3;CO:2;PA:1;FL:1;OR:1;MN:1,low
254900OYJ23M4J7IJI76,,,,unmatched,53,50,1,AL:47;CO:1;TN:1;FL:1,low
25490074OSKMLQ1W0I88,,,,unmatched,53,48,1,MN:44;FL:1;AZ:1;NC:1;WI:1,low
549300MN2NONI4E6X341,,,,unmatched,67,43,1,ME:34;NH:6;FL:1;NY:1;CT:1,low
549300VBLC1LTYHXGB54,,,,unmatched,72,41,1,IL:38;FL:1;TN:1;IN:1,low
549300XYCNS3JDVQXU89,,,,unmatched,69,39,1,IN:37;FL:1;SC:1,low
54930076IPVDX26EBK58,,,,unmatched,35,35,1,OK:32;UT:1;TN:1;FL:1,low
549300RYQVJMZ3X21K04,,,,unmatched,50,26,1,OK:24;FL:1;TX:1,low
549300MXBLBJSY4S5R72,,,,unmatched,517,468,1,OH:467;FL:1,low
549300LI5KT42YX5L588,,,,unmatched,516,395,1,IL:383;WI:7;AZ:1;VA:1;AR:1;FL:1;MO:1,low
254900AG9OLNQOYN9650,,,,unmatched,496,388,1,WI:385;AZ:1;FL:1;IL:1,low
529900YKD9FOL6BFSG98,,,,unmatched,486,382,1,MS:380;FL:1;AL:1,low
5493000BIR9N6Y5KFV24,,,,unmatched,542,381,1,IL:342;MO:34;VA:1;KY:1;FL:1;NV:1;WI:1,low
549300DOV2RLYPY10B52,,,,unmatched,450,365,1,MO:364;FL:1,low
54930043A47GB1KNJQ31,,,,unmatched,480,360,1,MT:356;WY:3;FL:1,low
254900PKDTFIJ2XB1675,,,,unmatched,384,317,1,MO:307;IL:4;IN:4;MI:1;FL:1,low
549300B8C23BCNGJ4960,,,,unmatched,506,317,1,IL:231;MO:59;NE:19;IN:3;KY:2;AL:1;IA:1;FL:1,low
549300677KFX04XEUM68,,,,unmatched,472,316,1,OH:315;FL:1,low
549300ON2ILGPUVKZT28,,,,unmatched,335,269,1,OK:268;FL:1,low
549300GLDL4X3U4RFI74,,,,unmatched,793,265,1,AL:264;FL:1,low
549300BPOIHOHG3TPP54,,,,unmatched,328,260,1,WI:259;FL:1,low
549300XWC8ZG8WYKWG35,,,,unmatched,314,260,1,VA:259;FL:1,low
549300NB6LOZ96BDSU42,,,,unmatched,377,257,1,CO:256;FL:1,low
549300YVBUEC0SGSZW55,,,,unmatched,354,250,1,MN:244;WI:5;FL:1,low
254900HQBR2XD7IAKH63,,,,unmatched,410,238,1,OH:237;FL:1,low
254900MKY47WU65N1J56,,,,unmatched,369,233,1,WA:229;AZ:2;FL:1;OR:1,low
254900YK0G0T2WULHK84,,,,unmatched,240,221,1,IL:196;IA:17;MO:2;WA:1;KY:1;CO:1;OH:1;FL:1;WI:1,low
549300KJI3KX8KY2FG10,,,,unmatched,264,220,1,WY:219;FL:1,low
549300GWO8DN75PL7X16,,,,unmatched,249,216,1,MN:214;IA:1;FL:1,low
549300Y0F8X17ADZK505,,,,unmatched,294,203,1,IN:161;OH:39;WI:1;FL:1;KY:1,low
5493009OHBOFDUG78546,,,,unmatched,440,193,1,CO:191;AZ:1;FL:1,low
549300OMHGOGEWTCI138,,,,unmatched,204,193,1,LA:184;MS:7;FL:1;AL:1,low
254900KE1KGYIP021V52,,,,unmatched,243,191,1,OH:152;IN:37;KY:1;FL:1,low
5493007LU04D28P9RD79,,,,unmatched,294,191,1,OK:189;FL:1;AR:1,low
549300E0Q8JLIMURNH75,,,,unmatched,207,190,1,WI:188;MN:1;FL:1,low
254900KRDEAJ7MYWD034,,,,unmatched,208,189,1,MO:187;IL:1;FL:1,low
549300MJGHTLBSL8LJ59,,,,unmatched,224,189,1,NE:147;IA:39;SD:1;MO:1;FL:1,low
549300I8GW9QHQO63J05,,,,unmatched,240,184,1,KY:177;OH:6;FL:1,low
5493002HI2PDK2BQF091,,,,unmatched,219,183,1,KS:174;MO:8;FL:1,low
5493002B2O407LCTBX72,,,,unmatched,264,182,1,MN:131;WI:44;IA:2;FL:1;OH:1;NE:1;CO:1;MT:1,low
54930020VWE4K0ME5605,,,,unmatched,231,166,1,KY:165;FL:1,low
549300BM59EMYEJ5Q179,,,,unmatched,282,162,1,IN:160;FL:1;IL:1,low
549300CWJ74FF73VDL12,,,,unmatched,181,162,1,IA:157;MN:2;NE:1;FL:1;MO:1,low
5493004F1BOBD3SG7P54,,,,unmatched,233,161,1,OH:159;FL:1;IN:1,low
549300BK51FTOVBDMC15,,,,unmatched,195,156,1,IL:149;MO:5;KY:1;FL:1,low
5493007LG15SP6QAWL48,,,,unmatched,181,155,1,KS:137;OK:16;CO:1;FL:1,low
54930004Z0FN1LYUET14,,,,unmatched,240,151,1,IN:150;FL:1,low
5493004EVKOLRF3JI477,,,,unmatched,184,148,1,AR:147;FL:1,low
254900UAJ26M2YIF0822,,,,unmatched,173,146,1,IL:143;MO:2;FL:1,low
549300QX5KH5JXXMYU41,,,,unmatched,209,141,1,IN:137;OH:3;FL:1,low
549300TRBLKWZO8LPT76,,,,unmatched,234,141,1,IA:101;IL:36;WI:1;FL:1;NE:1;AZ:1,low
254900KE9OJJUH139Q12,,,,unmatched,170,140,1,IL:131;WI:6;MI:1;AR:1;FL:1,low
549300H0IFPIJWI3KL08,,,,unmatched,158,138,1,AL:137;FL:1,low
549300KCWMM5PJHWO653,,,,unmatched,170,138,1,OH:132;IN:3;KY:2;FL:1,low
254900IHGFQJY2WUC891,,,,unmatched,180,136,1,KS:99;MO:34;IA:1;FL:1;OK:1,low
549300RTMAIJNRX52596,,,,unmatched,160,132,1,WI:131;FL:1,low
254900G9TLX0Q50U7H04,,,,unmatched,157,128,1,WI:125;IL:2;FL:1,low
549300JKZP45L168QC29,,,,unmatched,131,127,1,IL:123;IN:2;KY:1;FL:1,low
549300KTBKVRBY302A16,,,,unmatched,195,127,1,IL:106;MO:16;KY:4;FL:1,low
549300Z4ZK628DTL4L52,,,,unmatched,204,123,1,IL:118;IA:2;MO:1;AZ:1;FL:1,low
549300LH06ZZHKPX5U83,,,,unmatched,157,121,1,ND:105;AZ:14;FL:1;MN:1,low
549300AO417FCNJGKM49,,,,unmatched,179,118,1,MN:73;WI:39;AZ:2;FL:1;MI:1;MT:1;OK:1,low
549300HR2TLJ7IGFMV18,,,,unmatched,117,116,1,IA:88;IL:27;FL:1,low
549300XDZHJDR5G01Q52,,,,unmatched,174,116,1,AL:115;FL:1,low
254900J2U7OF6AWF3P54,,,,unmatched,119,114,1,MN:110;ND:2;WI:1;FL:1,low
254900Z9CBWZF8ECUS45,,,,unmatched,122,113,1,WI:112;FL:1,low
549300ZJ52ZRS3Q0S589,,,,unmatched,115,113,1,IL:104;MO:8;FL:1,low
549300U1BTGE4PJ8EK24,,,,unmatched,128,112,1,OH:111;FL:1,low
549300AR1PZJHZ7BYH72,,,,unmatched,127,109,1,KS:99;MO:7;AR:1;OK:1;FL:1,low
549300B3BEP9WW99IR76,,,,unmatched,166,107,1,MN:58;WI:48;FL:1,low
254900DJ8WC0BQHYR275,,,,unmatched,114,106,1,IA:64;MN:34;MI:2;WI:1;AZ:1;CO:1;WY:1;FL:1;ND:1,low
549300MOKX1F2TX1WK17,,,,unmatched,130,105,1,MO:104;FL:1,low
254900L9ZR7FYE68H705,,,,unmatched,131,104,1,IL:91;MO:12;FL:1,low
5493003Y4D5054GY3J13,,,,unmatched,127,103,1,IA:97;MO:2;KS:1;AZ:1;FL:1;MN:1,low
549300BQPSF250Q8KQ79,,,,unmatched,165,101,1,CO:100;FL:1,low
549300TDH15867LXRK58,,,,unmatched,121,98,1,KY:60;IN:37;FL:1,low
5493003Q218ZJ8R1WN88,,,,unmatched,96,94,1,WI:89;FL:1;MN:1;IL:1;MT:1;AZ:1,low
254900QKCUJ5YL7WA384,,,,unmatched,126,90,1,OK:89;FL:1,low
549300U0JNFQTFMNJ219,,,,unmatched,107,90,1,OK:86;KS:2;MO:1;FL:1,low
25490076YOMAEM6W0N66,,,,unmatched,92,87,1,IL:86;FL:1,low
254900OI3V8V16I60I06,,,,unmatched,94,87,1,MO:83;KS:3;FL:1,low
549300YFEWUJMPG9CN91,,,,unmatched,107,86,1,KY:82;VA:1;MI:1;FL:1;IN:1,low
549300YHR41F57LS0R28,,,,unmatched,112,86,1,WI:85;FL:1,low
2549008O36ZLTWMCKU62,,,,unmatched,93,84,1,MN:79;WI:3;FL:1;IA:1,low
549300GNGK57UA6SFP52,,,,unmatched,90,84,1,WI:83;FL:1,low
549300SKSQ3IYUXJCH36,,,,unmatched,127,84,1,MN:77;WI:6;FL:1,low
549300FORCF9PNPUG275,,,,unmatched,121,82,1,KY:81;FL:1,low
549300MPX7PJGFD8HA09,,,,unmatched,99,80,1,MD:75;DE:4;FL:1,low
549300DUTN4RUBI81Z18,,,,unmatched,103,79,1,IL:75;CO:2;FL:1;WI:1,low
549300S0KDM58LZT5C96,,,,unmatched,89,78,1,SD:38;IA:35;MN:2;FL:1;WI:1;NE:1,low
5493000JCZ0GMM2WOD15,,,,unmatched,92,74,1,WI:70;MN:2;IL:1;FL:1,low
254900CHU7PX7ZS6RI74,,,,unmatched,99,73,1,IL:60;MO:12;FL:1,low
254900U0LVIJMXKBGT11,,,,unmatched,84,73,1,NE:71;IA:1;FL:1,low
254900X5VVSXLQGRTJ55,,,,unmatched,82,73,1,MN:72;FL:1,low
549300COR6KN4QP42U93,,,,unmatched,95,67,1,IL:64;WI:1;AZ:1;FL:1,low
254900UISKR0QR32CI62,,,,unmatched,72,64,1,IL:62;FL:1;WI:1,low
549300G3WIMVDYUYQC27,,,,unmatched,68,64,1,MN:63;FL:1,low
254900QQIJN4KR6ZBW98,,,,unmatched,66,59,1,MO:57;AL:1;FL:1,low
549300EI8WIPSALARU71,,,,unmatched,73,59,1,LA:54;MS:4;FL:1,low
54930045EHC4UJU3BP73,,,,unmatched,103,58,1,LA:55;UT:1;FL:1;MS:1,low
549300Q88XHYAWBJTS50,,,,unmatched,65,58,1,MN:54;WI:3;FL:1,low
254900JH5HOQQ4CDPC30,,,,unmatched,66,56,1,OH:55;FL:1,low
549300MJ3JU3Z2PH5H92,,,,unmatched,55,55,1,LA:54;FL:1,low
5493002XYKZPDHNHJY97,,,,unmatched,55,53,1,MN:52;FL:1,low
549300K6MDR5BGOE0B97,,,,unmatched,77,53,1,AL:52;FL:1,low
549300PGUFTU637ZN698,,,,unmatched,54,52,1,NE:47;IA:2;MO:1;CO:1;FL:1,low
549300EF3CM0UIOIS476,,,,unmatched,76,51,1,AR:47;MS:3;FL:1,low
549300Q2Y7B8UEC43S54,,,,unmatched,53,51,1,LA:50;FL:1,low
549300UXZ76FJVM3UC43,,,,unmatched,59,51,1,WI:49;FL:1;IL:1,low
2549007Q0B6XK1XTYG16,,,,unmatched,51,47,1,MN:46;FL:1,low
254900YN9PO8IN8BND47,,,,unmatched,57,47,1,IA:44;MO:2;FL:1,low
549300GUHDQS0TYXZT21,,,,unmatched,53,47,1,KS:44;OK:2;FL:1,low
549300RPUEZ5IC514S19,,,,unmatched,78,47,1,MD:42;DE:4;FL:1,low
5493007GTTV61V305H74,,,,unmatched,50,45,1,MN:44;FL:1,low
549300JXWG67QZF4I652,,,,unmatched,76,45,1,LA:44;FL:1,low
549300RMLDF2S89MUC93,,,,unmatched,67,45,1,NE:43;FL:1;MO:1,low
549300SI84V60XS2R422,,,,unmatched,45,45,1,ND:43;SD:1;FL:1,low
549300XYHH9IPC6FQW89,,,,unmatched,52,45,1,IL:43;FL:1;MO:1,low
254900MSHJQMAF6B3Q76,,,,unmatched,51,43,1,MN:40;AZ:1;FL:1;CT:1,low
549300OA8B0OLDA16R42,,,,unmatched,52,43,1,IL:38;MO:4;FL:1,low
5493003EAJYUK1F8B139,,,,unmatched,42,42,1,IL:31;IA:6;WI:1;FL:1;MO:1;AZ:1;IN:1,low
549300R3EV7MGYLQ4776,,,,unmatched,45,41,1,IA:40;FL:1,low
549300F376WY63AY7896,,,,unmatched,49,40,1,LA:37;MS:2;FL:1,low
254900JTDI619PKQ5A82,,,,unmatched,40,37,1,KS:30;MO:6;FL:1,low
2138007DQF1WY8NDYM18,,,,unmatched,49,34,1,IL:32;FL:1;WI:1,low
2549001URDOO8V3DI280,,,,unmatched,38,34,1,IN:33;FL:1,low
894500HRLC4E0APLYS82,,,,unmatched,37,33,1,IA:31;FL:1;SD:1,low
549300E8XHQWHOJSZJ97,,,,unmatched,35,31,1,AL:30;FL:1,low
549300GDAFL5HNJKDR03,,,,unmatched,33,30,1,AR:28;FL:1;MS:1,low
2549008VBYJ5IEXJDR42,,,,unmatched,30,27,1,IA:26;FL:1,low
549300K25LF5SIJKLD23,,,,unmatched,30,27,1,MN:22;WI:2;FL:1;SD:1;MS:1,low
549300746Y6FYNYAGB59,,,,unmatched,25,25,1,IA:24;FL:1,low
9845007980H2C9BGE974,,,,unmatched,29,25,1,OH:24;FL:1,low
254900WS1VXVLBPOY323,,,,unmatched,26,24,1,MN:23;FL:1,low
549300EIFFC31EZH1D93,,,,unmatched,27,24,1,IL:22;WI:1;FL:1,low
549300YIZECN2NB3I529,,,,unmatched,53,24,1,AL:23;FL:1,low
549300N15SIAR55G5978,,,,unmatched,28,16,1,DE:14;MD:1;FL:1,low
254900E8AB6YT3KRD187,,,,unmatched,12,12,1,MI:10;IN:1;FL:1,low
549300AQ3T62GXDU7D76,,,,unmatched,121724,86111,0,TX:6877;WA:5691;MO:5462;CO:4338;OR:4218;CA:4118;UT:3981;NV:3882;GA:3788;AZ:3467,high
5493005PKOSG7MYX0B34,,,,unmatched,28926,20869,0,PA:2325;VA:2141;MN:1746;NC:1281;MD:1233;NJ:1060;GA:1024;CT:862;WI:782;AZ:775,high
549300CY7WNAHKHYSJ73,,,,unmatched,9635,7642,0,TX:2279;WA:1370;NC:910;CO:589;OK:429;ID:319;CA:261;AK:250;NM:227;MT:218,high
HUX2X73FUCYHUVH1BK78,,,,unmatched,15640,8717,0,NY:2485;OH:2071;WA:869;PA:597;IN:489;OR:470;CT:299;CO:227;ME:223;ID:180,high
549300ZWNETGFXTBBY03,,,,unmatched,13173,8449,0,GA:1431;AL:1135;WA:886;TX:724;UT:506;ID:413;OK:337;TN:330;NC:313;NV:293,high
8WH0EE09O9V05QJZ3V89,,,,unmatched,17257,8981,0,UT:1755;CA:1647;TX:1522;AZ:1168;CO:1057;NV:1054;ID:517;WA:140;WY:48;NM:23,high
2WHM8VNJH63UN14OL754,,,,unmatched,90347,51203,0,OH:24819;MI:10932;IL:4352;IN:2547;PA:1812;MN:1707;WV:1148;KY:903;CO:675;WI:664,high
5493000OM9RKJW8W5K82,,,,unmatched,4961,3504,0,CA:2287;OR:253;GA:196;TN:176;UT:129;AZ:101;NV:51;WA:41;CO:37;SC:33,high
5493005PD34O8ZT7QT17,,,,unmatched,10284,7256,0,OH:1513;PA:757;IL:469;MI:431;MO:365;NJ:321;TX:319;AL:292;GA:244;NY:241,high
5493008VVXQIDO1EZ460,,,,unmatched,8405,5759,0,CA:951;OR:805;TX:471;TN:425;GA:378;ID:300;WA:299;MO:295;IL:264;NV:241,high
2549004FXPNKCLIN8250,,,,unmatched,11752,8115,0,OH:1310;TX:1261;CA:797;LA:765;CO:652;WA:606;ID:550;OR:532;IL:348;MT:180,high
549300BLL6VL7AXWYP56,,,,unmatched,9652,6052,0,TN:627;TX:609;NE:513;MI:454;WA:351;ID:234;OR:219;OH:218;MD:194;CA:189,high
549300AG10BX85DF5S49,,,,unmatched,6424,4978,0,IL:1069;CA:805;OK:712;NJ:554;WA:321;WI:169;TX:155;MA:150;DE:122;IA:90,high
549300J6N77Q8OHYNF23,,,,unmatched,7828,5501,0,TX:419;CA:416;WA:388;NC:341;IL:291;MD:267;MO:214;NH:193;GA:188;MA:176,high
254900WEP08K7U7S3A80,,,,unmatched,8177,6568,0,WI:943;TX:709;OH:658;AZ:564;MO:385;OR:304;IN:252;NV:222;IL:210;MS:209,high
549300PC4MFWQBNVKG88,,,,unmatched,9475,7248,0,AZ:2321;CO:1153;TX:1080;NM:272;OK:264;CT:235;NV:227;IN:218;CA:169;PA:165,high
549300B4IYL7TZT8FA34,,,,unmatched,8795,6038,0,ID:1793;WA:655;CA:637;GA:512;NV:349;OR:242;MO:196;UT:193;TX:184;IL:180,high
254900RQX8N4HXJIDK44,,,,unmatched,2614,1993,0,CA:1607;AZ:54;NV:47;NC:37;UT:37;TN:29;CO:23;GA:23;PA:19;SC:18,high
5493004F7BXDIUFVPV87,,,,unmatched,2660,1665,0,CA:1531;TX:20;WA:15;CO:13;AZ:12;NC:11;OR:10;MN:6;ID:4;OH:4,high
549300MUXFVZKH4XLG17,,,,unmatched,3278,2228,0,CA:677;TX:490;AZ:130;WA:106;NC:102;GA:102;SC:93;OH:77;UT:60;NV:59,high
549300RD5IG88VPO6P22,,,,unmatched,4492,2872,0,TX:379;IL:307;NY:250;CA:187;MN:183;NJ:151;MI:136;OH:121;WA:119;VA:111,high
549300UB5TJ0YPVPT503,,,,unmatched,3894,2690,0,CA:903;MN:314;WA:247;TX:215;OR:190;NV:184;TN:127;CO:109;AZ:99;ID:49,high
549300DPRWSBUY619V27,,,,unmatched,4871,3125,0,AR:986;TN:773;TX:559;MO:461;OK:237;KS:56;MS:18;KY:7;IL:4;GA:4,high
549300U2B1ZNGX3H8U54,,,,unmatched,1568,1267,0,TX:1242;NM:5;OK:4;CO:3;GA:2;AR:2;NE:1;IL:1;MA:1;WA:1,high
549300ZZME37MXI1EF14,,,,unmatched,9985,7562,0,MO:3201;OH:849;TX:571;MD:440;MI:357;IL:283;AR:269;WA:192;KY:166;ME:116,high
549300EFCZM6KD6B8K69,,,,unmatched,2260,1578,0,NJ:593;PA:165;TX:120;VA:82;MI:62;MD:62;ID:32;TN:32;NC:30;OK:30,high
549300LXKO1O7CSK5J52,,,,unmatched,19410,15370,0,MO:7301;IL:1758;AR:1481;OK:1425;KS:1216;TX:675;CO:311;IA:298;IN:268;NE:264,high
5493006P5IHSK77SZ855,,,,unmatched,2615,1740,0,TX:668;TN:193;AL:175;OK:126;LA:125;MS:77;MI:51;WA:46;NM:44;IN:41,high
549300XED7IBK9VVQH70,,,,unmatched,3799,2898,0,DE:1176;TX:273;KY:273;PA:136;NY:114;CO:105;IN:99;VI:84;MD:83;CA:75,high
549300WMQ4WI6QXK7803,,,,unmatched,1841,861,0,NC:752;SC:72;CA:14;GA:4;IL:3;MD:3;VA:3;TN:2;CO:2;KY:1,high
549300BXWU32AYWT1A56,,,,unmatched,2637,1675,0,TX:257;MI:227;NY:161;MN:157;IL:131;NJ:90;PA:86;CA:70;OH:68;VA:66,high
549300F570XAWYN8Z237,,,,unmatched,1277,884,0,NY:494;CA:111;NJ:71;HI:56;WA:18;GA:16;PA:14;CT:14;TX:13;OH:12,high
2549008TT6UNYR7AXF54,,,,unmatched,5231,3566,0,WA:697;CO:538;TX:487;NM:349;OR:322;AZ:282;ID:262;KS:218;CA:113;MI:91,high
5493006RIR31ORKYB608,,,,unmatched,2057,1534,0,CA:395;IA:166;AL:152;TX:133;LA:90;MS:82;AR:56;MN:47;OH:43;WA:37,high
549300W4FT4H1UWPGU95,,,,unmatched,21756,15699,0,IA:10661;IL:3954;MI:329;WI:190;NE:148;IN:78;OH:48;AZ:38;MO:33;CO:33,high
5493001GAASLCSP1PB64,,,,unmatched,850,613,0,NY:315;CA:125;MI:61;DC:34;WA:24;MD:23;OH:10;NJ:7;IL:4;VA:3,medium
549300DT7WZ1SOTNFJ62,,,,unmatched,2457,1688,0,MO:648;CA:379;NE:340;KS:171;IL:41;TX:14;IA:12;NV:10;OK:10;CO:8,medium
254900R9A6TW85BTVS20,,,,unmatched,1453,1124,0,AZ:374;CO:241;CA:179;TX:87;NV:63;SC:53;NC:41;WA:33;VA:25;ID:21,medium
2549007JQKHU8KQ0FC19,,,,unmatched,3867,3257,0,AR:2197;TN:311;IL:243;OK:217;KY:97;MS:61;LA:33;TX:30;OH:25;AL:20,medium
254900378RFGMBEKAF12,,,,unmatched,3556,2166,0,IA:720;IL:309;ME:257;WI:132;NC:109;MO:52;KS:50;ND:41;GA:38;TX:37,medium
254900FMBXF85WQYV433,,,,unmatched,382,287,0,NY:223;NJ:12;CA:11;CT:5;DC:5;MD:4;MA:4;PA:2;MI:2;WA:2,medium
549300IRXW9RSZM2B951,,,,unmatched,667,477,0,TN:173;AR:141;MA:29;MS:27;NY:22;MO:13;OK:11;TX:10;DE:9;CT:8,medium
549300KPHGEE40YQXO21,,,,unmatched,873,472,0,CA:148;TX:52;AZ:28;MI:21;MO:21;WA:15;NM:13;OK:12;CO:12;NV:11,medium
549300JRDGV1559XM376,,,,unmatched,1517,904,0,NE:217;AZ:92;ID:85;TX:59;TN:59;CO:55;IL:53;IA:48;UT:47;CA:45,medium
549300SI3EZ7U02L5E39,,,,unmatched,331,224,0,NJ:135;NC:58;PA:6;VA:4;GA:3;CA:2;TN:2;MD:2;NV:2;SC:2,medium
VNOO6EITDJ2YUEBMSZ83,,,,unmatched,4454,2686,0,MO:808;KS:496;CO:407;AZ:328;IL:104;TX:102;NM:97;WI:83;IA:55;CA:52,medium
549300DH8EI64ITBY388,,,,unmatched,315,271,0,CA:26;TX:25;NC:17;CT:16;PA:16;VA:13;NY:13;IL:12;WA:12;SC:11,medium
2549008LUH7QKMXQ8N53,,,,unmatched,1648,1140,0,IL:297;MO:278;IA:176;PA:97;IN:76;CO:43;MT:31;TX:25;MN:21;AR:17,medium
549300CUUEEQ66ZVK149,,,,unmatched,3061,1993,0,MO:667;IL:464;KS:153;OH:119;IN:111;WI:90;KY:70;TN:61;GA:56;IA:54,medium
549300UV5JQXLGVWIP44,,,,unmatched,582,332,0,IL:105;TX:61;CA:20;MN:19;OH:13;UT:10;WA:10;GA:10;LA:9;VA:9,medium
549300DRA4BDXW23LD45,,,,unmatched,2210,1609,0,MN:624;WI:301;IL:93;MT:72;IN:54;IA:47;NE:45;OH:42;OK:40;SD:29,medium
549300ESRQ6OLBB56N04,,,,unmatched,7688,4789,0,MT:1904;ID:977;WY:538;WA:420;UT:269;CO:259;AZ:240;TX:94;NV:75;NM:5,medium
5493004LYI6NSVMGYH15,,,,unmatched,132,105,0,GA:61;NY:16;OH:6;NC:3;TX:3;PA:2;AL:2;DE:2;CT:2;NJ:2,medium
5493002G4JO4BZ22MC13,,,,unmatched,213,129,0,PA:17;MD:16;TN:11;CA:10;TX:10;GA:9;NC:8;VA:8;NJ:8;DE:7,medium
549300RFPLMCMJL7BS81,,,,unmatched,268,246,0,OH:48;KY:18;NC:17;GA:15;MN:14;CA:14;MI:14;IN:12;TX:10;AL:8,medium
549300AEULLVYD8L9B04,,,,unmatched,166,155,0,OH:17;NY:15;CA:15;VA:10;PA:9;TX:8;NJ:8;GA:8;IL:8;AZ:6,medium
549300AV8QD552DSI743,,,,unmatched,163,136,0,TX:29;CA:10;NY:8;MN:8;AZ:8;WA:8;PA:6;IL:5;OH:4;KS:4,medium
549300LP0CV2MNC1GV68,,,,unmatched,532,390,0,KS:134;MO:88;CO:39;AZ:24;GA:20;TX:10;WA:6;VA:6;TN:6;NM:5,medium
LDVFX8JEECFFE8HRWA73,,,,unmatched,6317,3757,0,NE:1773;IL:646;CO:466;KS:307;MO:215;IA:191;SD:54;WY:34;TX:12;WI:8,medium
5493008JUW0FLRMO0W64,,,,unmatched,968,756,0,MO:404;KS:321;TX:15;GA:4;VA:3;CA:2;IL:1;WA:1;MN:1;NC:1,medium
549300F2GDWKJH3GMB47,,,,unmatched,1483,686,0,MD:608;VA:42;DC:7;DE:5;WV:5;SC:4;PA:4;NJ:2;NC:2;IN:1,medium
549300R0DP2GXAIMGB41,,,,unmatched,2171,1529,0,CO:1334;AZ:98;NM:34;NE:15;WY:9;TX:8;KS:5;MO:3;MN:2;MI:2,medium
549300QLO8TSQW5JTK72,,,,unmatched,2807,2409,0,NE:1724;IA:452;SD:44;CO:44;KS:31;WY:27;MO:25;AR:15;ND:14;TX:7,medium
R6KJ2D7C3UT8OVTWHS39,,,,unmatched,1996,1487,0,NE:1373;KS:35;IA:19;MO:18;CO:13;AZ:6;MN:3;TX:3;SD:3;IN:2,medium
549300M2Z8GR3VL0QQ74,,,,unmatched,1311,783,0,SD:738;MT:17;WY:8;MN:4;ND:2;TX:2;MO:2;KS:1;IN:1;NE:1,medium
549300Q4JBLTKDC7J303,,,,unmatched,183,74,0,TX:27;CA:7;NM:7;NY:5;PA:3;OH:3;MO:2;TN:2;NV:2;LA:2,low
549300EKCKDF80ZM4V51,,,,unmatched,115,115,0,TX:25;MN:17;CA:8;IA:7;AZ:6;ND:5;NE:5;MT:5;IL:4;SC:3,low
549300Q1YFRSB8UEGH03,,,,unmatched,671,440,0,OK:204;KS:149;TX:29;MO:20;AK:8;AR:5;CO:3;AL:3;MT:2;IL:2,low
984500CBWD5B079K2C86,,,,unmatched,101,67,0,GA:9;NJ:8;NC:5;IN:5;VA:4;PA:4;CT:3;TX:3;SC:3;OH:2,low
PS6WLKTYGZOKK05G5O59,,,,unmatched,233,189,0,IA:117;NC:9;TX:7;OH:6;IN:4;CO:4;GA:4;SC:3;WI:3;KY:3,low
254900UD8AEXTVCVAF72,,,,unmatched,306,202,0,MO:29;MD:28;OH:21;IN:18;IL:16;VA:14;KY:14;IA:10;AL:9;TN:8,low
549300OJTK0IPSNDA832,,,,unmatched,312,192,0,LA:97;MS:34;IL:19;GA:7;TX:6;MI:6;AL:4;TN:3;CA:3;NC:2,low
549300BB4LSE4JRRGV15,,,,unmatched,346,275,0,ND:168;MN:85;AZ:5;CA:3;WI:3;GA:1;CO:1;SC:1;TX:1;NC:1,low
549300UM6HPORF7X4415,,,,unmatched,121,103,0,IL:72;IN:5;OR:3;WI:2;WA:2;AL:2;GA:2;IA:2;SC:2;TN:2,low
549300ELXS6PBT8OEE44,,,,unmatched,495,368,0,CO:343;TX:3;OH:3;NE:3;AZ:2;WA:2;KS:2;GA:1;NM:1;OR:1,low
549300CM7HYHZ1MEJ624,,,,unmatched,365,330,0,UT:274;ID:32;MO:4;AZ:3;WY:3;CO:3;NV:2;CA:2;NC:1;GA:1,low
549300Z6EE8DBBFUW487,,,,unmatched,366,313,0,KS:184;AZ:64;MO:25;IN:7;OH:6;CA:5;WI:5;MS:4;IL:3;CO:1,low
549300X7KG2H84UCP685,,,,unmatched,306,254,0,CO:103;WA:35;UT:32;NE:31;MO:14;KS:7;IL:7;ID:7;WY:6;IA:3,low
