year,state,county_fips,county_name,lei,institution_name,applications,originations,denials,market_share_orig_pct,apps_conventional,apps_fha,apps_va,apps_usda_other,apps_other_loan_type,orig_conventional,orig_fha,orig_va,orig_usda_other,orig_other_loan_type,priority_market
2025,OR,41003,Benton,254900Z8J5L9POS71X51,Oregon State Credit Union,337,245,22,17.11,337,0,0,0,0,245,0,0,0,0,national
2025,OR,41003,Benton,549300FGXN1K3HLB1R50,"Rocket Mortgage, LLC",90,76,5,5.31,72,12,6,0,0,64,8,4,0,0,national
2025,OR,41003,Benton,IFQSIUC9AGQV2NE8CN25,Columbia Bank,115,76,14,5.31,113,1,1,0,0,76,0,0,0,0,national
2025,OR,41003,Benton,5493008JECR4UE0WVR04,"MORTGAGE EXPRESS, LLC",76,61,0,4.26,66,8,2,0,0,52,7,2,0,0,national
2025,OR,41003,Benton,549300DD4R4SYK5RAQ92,"MOVEMENT MORTGAGE, LLC",75,55,3,3.84,66,5,4,0,0,47,5,3,0,0,national
2025,OR,41003,Benton,549300HW662MN1WU8550,"United Wholesale Mortgage, LLC",73,49,11,3.42,54,7,12,0,0,37,4,8,0,0,national
2025,OR,41003,Benton,549300AQ3T62GXDU7D76,GUILD MORTGAGE COMPANY LLC,63,48,2,3.35,50,8,5,0,0,36,7,5,0,0,national
2025,OR,41003,Benton,6BYL5QZYBDK8S7L73M02,U.S. Bank National Association,66,43,13,3.0,65,1,0,0,0,42,1,0,0,0,national
2025,OR,41003,Benton,549300Q02LGIN9AXKP98,FIRST TECHNOLOGY FEDERAL CREDIT UNION,48,36,3,2.51,48,0,0,0,0,36,0,0,0,0,national
2025,OR,41003,Benton,2549008LK3474E9U2888,ONPOINT COMMUNITY CREDIT UNION,56,35,9,2.44,55,1,0,0,0,34,1,0,0,0,national
2025,OR,41003,Benton,549300IEP77RKJ87Z176,OREGON COMMUNITY,42,33,3,2.3,42,0,0,0,0,33,0,0,0,0,national
2025,OR,41003,Benton,549300ZBXINP1Y94CN02,,41,32,1,2.23,38,3,0,0,0,30,2,0,0,0,national
2025,OR,41003,Benton,549300RPOGWJRH63HS39,UNION HOME MORTGAGE CORP.,46,30,0,2.09,42,1,3,0,0,28,1,1,0,0,national
2025,OR,41003,Benton,549300FNXYY540N23N64,Newrez LLC,51,23,5,1.61,42,6,3,0,0,21,0,2,0,0,national
2025,OR,41003,Benton,549300VZVN841I2ILS84,"CROSSCOUNTRY MORTGAGE, LLC",28,21,0,1.47,23,3,2,0,0,17,2,2,0,0,national
2025,OR,41003,Benton,B4TYDEB6GKMZO031MB27,"Bank of America, National Association",36,21,2,1.47,36,0,0,0,0,21,0,0,0,0,national
2025,OR,41003,Benton,RVDPPPGHCGZ40J4VQ731,"PENNYMAC LOAN SERVICES, LLC",33,20,3,1.4,29,3,1,0,0,19,0,1,0,0,national
2025,OR,41003,Benton,549300MZ8VZJOVC63092,"KIND LENDING, LLC",19,19,0,1.33,19,0,0,0,0,19,0,0,0,0,national
2025,OR,41003,Benton,2549004FXPNKCLIN8250,"Synergy One Lending, Inc.",22,18,1,1.26,16,6,0,0,0,13,5,0,0,0,national
2025,OR,41003,Benton,7H6GLXDRUGQFU57RNE97,"JPMorgan Chase Bank, National Association",23,16,0,1.12,21,0,2,0,0,15,0,1,0,0,national
2025,OR,41003,Benton,54930043BMDE130FJ617,"PROVIDENT FUNDING ASSOCIATES, L.P.",19,15,0,1.05,19,0,0,0,0,15,0,0,0,0,national
2025,OR,41003,Benton,HUX2X73FUCYHUVH1BK78,KeyBank National Association,21,13,4,0.91,20,0,1,0,0,12,0,1,0,0,national
2025,OR,41003,Benton,25490018IFQOT83Q7H49,,16,12,0,0.84,14,1,1,0,0,11,1,0,0,0,national
2025,OR,41003,Benton,5493003WLEYGXGNTI654,SELCO COMMUNITY,21,12,5,0.84,21,0,0,0,0,12,0,0,0,0,national
2025,OR,41003,Benton,549300AG64NHILB7ZP05,"LOANDEPOT.COM, LLC",23,12,4,0.84,21,2,0,0,0,10,2,0,0,0,national
2025,OR,41003,Benton,549300LBCBNR1OT00651,NATIONSTAR MORTGAGE LLC,16,12,3,0.84,15,1,0,0,0,11,1,0,0,0,national
2025,OR,41003,Benton,54930060G4MDPWHISD89,EVERGREEN MONEYSOURCE MORTGAGE COMPANY,18,11,0,0.77,12,4,2,0,0,9,1,1,0,0,national
2025,OR,41003,Benton,549300QKL5FUBZ8LSF50,"NATIONS DIRECT MORTGAGE, LLC",12,11,0,0.77,11,1,0,0,0,10,1,0,0,0,national
2025,OR,41003,Benton,549300323EON4W3CCM44,"RESICENTRAL, LLC",10,10,0,0.7,10,0,0,0,0,10,0,0,0,0,national
2025,OR,41003,Benton,549300GKFNPRWNS0GF29,"AmeriHome Mortgage Company, LLC",19,10,2,0.7,17,1,1,0,0,9,0,1,0,0,national
2025,OR,41003,Benton,254900TTZ395IC926125,,10,9,0,0.63,9,1,0,0,0,8,1,0,0,0,national
2025,OR,41003,Benton,254900DTLHVWQ7NP7R34,"CMG Mortgage, Inc.",12,8,1,0.56,12,0,0,0,0,8,0,0,0,0,national
2025,OR,41003,Benton,5493006KXUHSYFT7SD10,,8,8,0,0.56,8,0,0,0,0,8,0,0,0,0,national
2025,OR,41003,Benton,5493008VVXQIDO1EZ460,"SUMMIT FUNDING, INC.",13,8,3,0.56,9,4,0,0,0,7,1,0,0,0,national
2025,OR,41003,Benton,549300KIOYNU323LVJ37,AMERICAN PACIFIC MORTGAGE CORPORATION,10,8,1,0.56,10,0,0,0,0,8,0,0,0,0,national
2025,OR,41003,Benton,549300T94GSH3C4U5M59,ALLIANT CREDIT UNION,9,8,1,0.56,9,0,0,0,0,8,0,0,0,0,national
2025,OR,41003,Benton,254900UL88QFG0E40516,FIGURE LENDING LLC,17,7,4,0.49,17,0,0,0,0,7,0,0,0,0,national
2025,OR,41003,Benton,5493003GQDUH26DNNH17,Navy Federal Credit Union,22,7,4,0.49,19,0,3,0,0,5,0,2,0,0,national
2025,OR,41003,Benton,549300CB67L6KPJLHE19,"TRIAD FINANCIAL SERVICES, INC.",36,7,18,0.49,36,0,0,0,0,7,0,0,0,0,national
2025,OR,41003,Benton,549300CDLJDN8ENOT455,MARION AND POLK SCHOOLS CREDIT UNION,10,7,0,0.49,10,0,0,0,0,7,0,0,0,0,national
2025,OR,41003,Benton,549300DD5QQUHO6PCH70,"MORTGAGE RESEARCH CENTER, LLC",19,7,4,0.49,2,0,17,0,0,0,0,7,0,0,national
2025,OR,41003,Benton,549300ZZME37MXI1EF14,"DAS ACQUISITION COMPANY, LLC",9,7,0,0.49,4,4,1,0,0,3,4,0,0,0,national
2025,OR,41003,Benton,254900E6AIE4Z8YQM970,Citadel Servicing Corporation,7,6,0,0.42,7,0,0,0,0,6,0,0,0,0,national
2025,OR,41003,Benton,54930007KK7ZS3IJVC25,,9,6,1,0.42,9,0,0,0,0,6,0,0,0,0,national
2025,OR,41003,Benton,549300HH0V8LECLNPQ26,ROGUE,11,6,3,0.42,10,0,1,0,0,6,0,0,0,0,national
2025,OR,41003,Benton,549300LYRWPSYPK6S325,FREEDOM MORTGAGE CORPORATION,15,6,0,0.42,1,4,10,0,0,0,2,4,0,0,national
2025,OR,41003,Benton,549300OPCWU6E72WUT29,"MUTUAL OF OMAHA MORTGAGE, INC.",11,6,2,0.42,4,5,2,0,0,1,4,1,0,0,national
2025,OR,41003,Benton,549300PIL8LFAQ04XC20,Better Mortgage Corporation,25,6,15,0.42,25,0,0,0,0,6,0,0,0,0,national
2025,OR,41003,Benton,2549001IK7UDPADKAG34,,8,5,1,0.35,8,0,0,0,0,5,0,0,0,0,national
2025,OR,41003,Benton,54930054ET8KM4O1D485,"SOFI BANK, NATIONAL ASSOCIATION",8,5,0,0.35,8,0,0,0,0,5,0,0,0,0,national
2025,OR,41003,Benton,5493008CPTDVOS570626,"Primary Residential Mortgage, Inc.",9,5,2,0.35,9,0,0,0,0,5,0,0,0,0,national
2025,OR,41003,Benton,549300CPJH6JMU13EQ37,,6,5,0,0.35,6,0,0,0,0,5,0,0,0,0,national
2025,OR,41003,Benton,549300UBGGLZLZEY0M18,,8,5,1,0.35,8,0,0,0,0,5,0,0,0,0,national
2025,OR,41003,Benton,5493002GI63WHHUTUD85,"KEYSTONE FUNDING, INC.",5,4,0,0.28,5,0,0,0,0,4,0,0,0,0,national
2025,OR,41003,Benton,549300E2UX99HKDBR481,"NEW AMERICAN FUNDING, LLC",13,4,1,0.28,6,6,1,0,0,2,2,0,0,0,national
2025,OR,41003,Benton,549300KDR80I1ELW8D36,,7,4,2,0.28,7,0,0,0,0,4,0,0,0,0,national
2025,OR,41003,Benton,549300MGPZBLQDIL7538,FAIRWAY INDEPENDENT MORTGAGE CORPORATION,5,4,0,0.28,5,0,0,0,0,4,0,0,0,0,national
2025,OR,41003,Benton,549300RA3E0BUFO7YZ21,"Hometown Equity Mortgage, LLC",6,4,2,0.28,6,0,0,0,0,4,0,0,0,0,national
2025,OR,41003,Benton,549300XQVJ1XBNFA5536,21ST MORTGAGE CORPORATION,16,4,5,0.28,16,0,0,0,0,4,0,0,0,0,national
2025,OR,41003,Benton,549300XY701IELCE5Q08,BETTER MORTGAGE CORPORATION,12,4,4,0.28,12,0,0,0,0,4,0,0,0,0,national
2025,OR,41003,Benton,549300Y5Y88FQLI7VE83,DEEPHAVEN MORTGAGE LLC,8,4,4,0.28,8,0,0,0,0,4,0,0,0,0,national
2025,OR,41003,Benton,549300YIQ7S7Z8PIHE53,AMERISAVE MORTGAGE CORPORATION,14,4,7,0.28,12,1,1,0,0,4,0,0,0,0,national
2025,OR,41003,Benton,AD6GFRVSDT01YPT1CS68,"PNC Bank, National Association",7,4,2,0.28,7,0,0,0,0,4,0,0,0,0,national
2025,OR,41003,Benton,25490066WMF8ZMQXQB18,"Lendage, LLC",3,3,0,0.21,3,0,0,0,0,3,0,0,0,0,national
2025,OR,41003,Benton,254900ZFWS2106HWPH46,"PARAMOUNT RESIDENTIAL MORTGAGE GROUP, INC.",4,3,0,0.21,4,0,0,0,0,3,0,0,0,0,national
2025,OR,41003,Benton,5493001GCBD5XGNIC815,Coastal Community Bank,13,3,0,0.21,13,0,0,0,0,3,0,0,0,0,national
2025,OR,41003,Benton,5493001WHVQBGRSWEU75,"HOMEBRIDGE FINANCIAL SERVICES, INC.",3,3,0,0.21,2,0,1,0,0,2,0,1,0,0,national
2025,OR,41003,Benton,5493002B2WMHY23GFK92,"AMERICAN FINANCIAL RESOURCES, INC.",3,3,0,0.21,1,2,0,0,0,1,2,0,0,0,national
2025,OR,41003,Benton,5493003T5D4N1CM46J77,1st Security Bank of Washington,4,3,0,0.21,4,0,0,0,0,3,0,0,0,0,national
2025,OR,41003,Benton,549300EKFFG3BU8DNX74,NEXERA HOLDING LLC,5,3,0,0.21,5,0,0,0,0,3,0,0,0,0,national
2025,OR,41003,Benton,549300H3IZO24NSOO931,"LENNAR MORTGAGE, LLC",4,3,1,0.21,2,2,0,0,0,2,1,0,0,0,national
2025,OR,41003,Benton,549300HIVO8XPBPNVG69,NOVA FINANCIAL & INVESTMENT CORPORATION,3,3,0,0.21,2,1,0,0,0,2,1,0,0,0,national
2025,OR,41003,Benton,549300J7I82PNDVU8H22,"OCMBC, INC.",4,3,0,0.21,3,1,0,0,0,2,1,0,0,0,national
2025,OR,41003,Benton,549300PL8ER6H23P0Z91,,3,3,0,0.21,1,2,0,0,0,1,2,0,0,0,national
2025,OR,41003,Benton,549300PQLK8E48ILXV41,,5,3,0,0.21,5,0,0,0,0,3,0,0,0,0,national
2025,OR,41003,Benton,549300R77W0P105C3S50,HOMEXPRESS MORTGAGE CORP.,3,3,0,0.21,3,0,0,0,0,3,0,0,0,0,national
2025,OR,41003,Benton,549300U3721PJGQZYY68,"GUARANTEED RATE, INC.",7,3,0,0.21,5,1,1,0,0,2,0,1,0,0,national
2025,OR,41003,Benton,549300UB5TJ0YPVPT503,,3,3,0,0.21,3,0,0,0,0,3,0,0,0,0,national
2025,OR,41003,Benton,549300VCMRO4ST680C11,VILLAGE CAPITAL & INVESTMENT LLC,5,3,0,0.21,0,1,4,0,0,0,1,2,0,0,national
2025,OR,41003,Benton,549300YN94MOAVYW0F52,"GoodLeap, LLC",6,3,1,0.21,4,1,1,0,0,2,1,0,0,0,national
2025,OR,41003,Benton,C5654JQHZUHN0772B561,USAA Federal Savings Bank,6,3,1,0.21,1,0,5,0,0,0,0,3,0,0,national
2025,OR,41003,Benton,DRMSV1Q0EKMEXLAU1P80,"Citizens Bank, National Association",3,3,0,0.21,3,0,0,0,0,3,0,0,0,0,national
2025,OR,41003,Benton,E57ODZWZ7FF32TWEFA76,"Citibank, National Association",3,3,0,0.21,3,0,0,0,0,3,0,0,0,0,national
2025,OR,41003,Benton,213800XR2TCBQJSF1X93,,3,2,0,0.14,3,0,0,0,0,2,0,0,0,0,national
2025,OR,41003,Benton,2549005SIVTHG14U2905,A&D Mortgage LLC,2,2,0,0.14,2,0,0,0,0,2,0,0,0,0,national
2025,OR,41003,Benton,254900HEJ9F73IMPX887,,2,2,0,0.14,2,0,0,0,0,2,0,0,0,0,national
2025,OR,41003,Benton,254900NZOY3XB2DNSZ34,,2,2,0,0.14,2,0,0,0,0,2,0,0,0,0,national
2025,OR,41003,Benton,2WHM8VNJH63UN14OL754,The Huntington National Bank,2,2,0,0.14,2,0,0,0,0,2,0,0,0,0,national
2025,OR,41003,Benton,5493000349C5XXDRQX28,,2,2,0,0.14,2,0,0,0,0,2,0,0,0,0,national
2025,OR,41003,Benton,549300121SF0K2LN2804,"PRIMELENDING, A PLAINSCAPITAL COMPANY",3,2,0,0.14,3,0,0,0,0,2,0,0,0,0,national
2025,OR,41003,Benton,549300370QILXLFUWD20,"ZILLOW HOME LOANS, LLC",2,2,0,0.14,1,0,1,0,0,1,0,1,0,0,national
2025,OR,41003,Benton,5493004AS1SPBQOFDR49,"Change Lending, LLC",4,2,1,0.14,4,0,0,0,0,2,0,0,0,0,national
2025,OR,41003,Benton,5493008NWHQT1R22C024,"AMERICAN FINANCIAL NETWORK, INC.",6,2,1,0.14,4,1,0,1,0,1,1,0,0,0,national
2025,OR,41003,Benton,5493009HUMWCHFRDKF12,,4,2,0,0.14,4,0,0,0,0,2,0,0,0,0,national
2025,OR,41003,Benton,549300BX448ALT10FI43,The Federal Savings Bank,4,2,0,0.14,2,0,2,0,0,1,0,1,0,0,national
2025,OR,41003,Benton,549300COIWXM618UBE82,,3,2,1,0.14,3,0,0,0,0,2,0,0,0,0,national
2025,OR,41003,Benton,549300FX7K8PTEQUU487,PENTAGON FEDERAL CREDIT UNION,5,2,2,0.14,5,0,0,0,0,2,0,0,0,0,national
2025,OR,41003,Benton,549300K4ZLGS7SRDTL86,Equity Prime Mortgage LLC,2,2,0,0.14,0,2,0,0,0,0,2,0,0,0,national
2025,OR,41003,Benton,549300LROQOOQU77WS20,,3,2,0,0.14,3,0,0,0,0,2,0,0,0,0,national
2025,OR,41003,Benton,549300MHH03ICJYEPE85,,2,2,0,0.14,1,1,0,0,0,1,1,0,0,0,national
2025,OR,41003,Benton,549300NOCASXPA34X033,"LAKEVIEW LOAN SERVICING, LLC",9,2,5,0.14,6,2,1,0,0,2,0,0,0,0,national
2025,OR,41003,Benton,549300Q3ROEQU3D1IW91,,7,2,2,0.14,7,0,0,0,0,2,0,0,0,0,national
2025,OR,41003,Benton,549300Q50XCC0473FG63,,2,2,0,0.14,2,0,0,0,0,2,0,0,0,0,national
2025,OR,41003,Benton,549300R9S3MVDV4MGF56,"CARRINGTON MORTGAGE SERVICES, LLC",3,2,1,0.14,0,1,2,0,0,0,1,1,0,0,national
2025,OR,41003,Benton,549300RYTR2RVL4SFJ90,,2,2,0,0.14,2,0,0,0,0,2,0,0,0,0,national
2025,OR,41003,Benton,549300S5YL3OH0IVCS62,FINANCE OF AMERICA REVERSE LLC,4,2,0,0.14,0,4,0,0,0,0,2,0,0,0,national
2025,OR,41003,Benton,549300UR5AOWTJJ7KZ64,,2,2,0,0.14,2,0,0,0,0,2,0,0,0,0,national
2025,OR,41003,Benton,549300VVH8HHFMWL8536,,2,2,0,0.14,2,0,0,0,0,2,0,0,0,0,national
2025,OR,41003,Benton,549300XWUSRVVOHPRY47,Academy Mortgage Corporation,4,2,0,0.14,3,0,1,0,0,2,0,0,0,0,national
2025,OR,41003,Benton,984500U2F9A83N391A91,"CHAMPIONS FUNDING, LLC",3,2,0,0.14,3,0,0,0,0,2,0,0,0,0,national
2025,OR,41003,Benton,KB1H1DSPRFMYMCUFXT09,"Wells Fargo Bank, National Association",8,2,2,0.14,8,0,0,0,0,2,0,0,0,0,national
2025,OR,41003,Benton,WE0I402RW25AU38DTI13,Banner Bank,8,2,5,0.14,7,1,0,0,0,2,0,0,0,0,national
2025,OR,41003,Benton,X05BVSK68TQ7YTOSNR22,Discover Bank,14,2,3,0.14,14,0,0,0,0,2,0,0,0,0,national
2025,OR,41003,Benton,1IE8VN30JCEQV1H4R804,,1,1,0,0.07,1,0,0,0,0,1,0,0,0,0,national
2025,OR,41003,Benton,2549001SI0EMFPT39035,"Cornerstone First Mortgage, Inc",1,1,0,0.07,1,0,0,0,0,1,0,0,0,0,national
2025,OR,41003,Benton,254900HA4DQWAE0W3342,"AMERIHOME MORTGAGE COMPANY, LLC",1,1,0,0.07,1,0,0,0,0,1,0,0,0,0,national
2025,OR,41003,Benton,254900O2K17TNH5CL873,"RF RENOVO MANAGEMENT COMPANY, LLC",2,1,0,0.07,2,0,0,0,0,1,0,0,0,0,national
2025,OR,41003,Benton,254900P1I9VHKMF8R991,,1,1,0,0.07,1,0,0,0,0,1,0,0,0,0,national
2025,OR,41003,Benton,3Y4U8VZURTYWI1W2K376,BMO Bank National Association,3,1,2,0.07,3,0,0,0,0,1,0,0,0,0,national
2025,OR,41003,Benton,5493000OM9RKJW8W5K82,,2,1,0,0.07,1,1,0,0,0,0,1,0,0,0,national
2025,OR,41003,Benton,5493001GDRY0EL7VG372,"ARK-LA-TEX FINANCIAL SERVICES, LLC.",1,1,0,0.07,0,1,0,0,0,0,1,0,0,0,national
2025,OR,41003,Benton,5493001PXRJMPLXPG540,,2,1,0,0.07,2,0,0,0,0,1,0,0,0,0,national
2025,OR,41003,Benton,5493002YXAOJOQPEGS38,,1,1,0,0.07,1,0,0,0,0,1,0,0,0,0,national
2025,OR,41003,Benton,5493004F7BXDIUFVPV87,,1,1,0,0.07,1,0,0,0,0,1,0,0,0,0,national
2025,OR,41003,Benton,54930053SM8COVIPIY54,MICHIGAN STATE UNIVERSITY Federal Credit Union,1,1,0,0.07,1,0,0,0,0,1,0,0,0,0,national
2025,OR,41003,Benton,549300748YYU6VG08N83,"Loan Simple, Inc.",2,1,1,0.07,0,2,0,0,0,0,1,0,0,0,national
2025,OR,41003,Benton,5493009B17HXCVXTD608,"JMAC LENDING, INC.",1,1,0,0.07,1,0,0,0,0,1,0,0,0,0,national
2025,OR,41003,Benton,549300BLL6VL7AXWYP56,,7,1,1,0.07,6,0,1,0,0,1,0,0,0,0,national
2025,OR,41003,Benton,549300DT7WZ1SOTNFJ62,,1,1,0,0.07,1,0,0,0,0,1,0,0,0,0,national
2025,OR,41003,Benton,549300GS0W0TEUQS8571,"Morgan Stanley Private Bank, National Association",1,1,0,0.07,1,0,0,0,0,1,0,0,0,0,national
2025,OR,41003,Benton,549300GS6ONO04ORI292,,2,1,0,0.07,0,2,0,0,0,0,1,0,0,0,national
2025,OR,41003,Benton,549300J6N77Q8OHYNF23,,5,1,1,0.07,2,2,1,0,0,1,0,0,0,0,national
2025,OR,41003,Benton,549300JYXTZDSPJEPI44,"PLAZA HOME MORTGAGE, INC.",1,1,0,0.07,0,0,0,1,0,0,0,0,1,0,national
2025,OR,41003,Benton,549300KJ8PAJ7E52HG32,Plains Commerce Bank,1,1,0,0.07,1,0,0,0,0,1,0,0,0,0,national
2025,OR,41003,Benton,549300KX4S1573HISS22,,1,1,0,0.07,1,0,0,0,0,1,0,0,0,0,national
2025,OR,41003,Benton,549300L44U62O7WHRR78,FIRST COMMUNITY,1,1,0,0.07,1,0,0,0,0,1,0,0,0,0,national
2025,OR,41003,Benton,549300MP1N04YL1TZP61,,1,1,0,0.07,1,0,0,0,0,1,0,0,0,0,national
2025,OR,41003,Benton,549300MP3KK77THHQT36,,1,1,0,0.07,1,0,0,0,0,1,0,0,0,0,national
2025,OR,41003,Benton,549300NWBS6MQJX15N44,,1,1,0,0.07,1,0,0,0,0,1,0,0,0,0,national
2025,OR,41003,Benton,549300OYEKEORA1GI088,,1,1,0,0.07,1,0,0,0,0,1,0,0,0,0,national
2025,OR,41003,Benton,549300PC4MFWQBNVKG88,"V.I.P. MORTGAGE, INC.",1,1,0,0.07,1,0,0,0,0,1,0,0,0,0,national
2025,OR,41003,Benton,549300RD5IG88VPO6P22,,1,1,0,0.07,1,0,0,0,0,1,0,0,0,0,national
2025,OR,41003,Benton,549300S5FVOSK5DQJN30,INTERCAP LENDING INC.,1,1,0,0.07,1,0,0,0,0,1,0,0,0,0,national
2025,OR,41003,Benton,549300SK2GVCQXPD4S58,"SUN WEST MORTGAGE COMPANY, INC.",2,1,0,0.07,1,0,1,0,0,1,0,0,0,0,national
2025,OR,41003,Benton,549300TA4MQM8WN2XG31,,1,1,0,0.07,1,0,0,0,0,1,0,0,0,0,national
2025,OR,41003,Benton,549300VMX06UV1F7NS76,,3,1,0,0.07,0,1,2,0,0,0,1,0,0,0,national
2025,OR,41003,Benton,549300VORTI31GZTJL53,"CARDINAL FINANCIAL COMPANY, LIMITED PARTNERSHIP",2,1,1,0.07,1,0,1,0,0,1,0,0,0,0,national
2025,OR,41003,Benton,549300WHVRE44NRBU558,,1,1,0,0.07,1,0,0,0,0,1,0,0,0,0,national
2025,OR,41003,Benton,549300XQ7B5FIVUNFE29,VAN DYK MORTGAGE CORPORATION,1,1,0,0.07,0,1,0,0,0,0,1,0,0,0,national
2025,OR,41003,Benton,549300Z2B4FHRYOXTS09,,2,1,0,0.07,2,0,0,0,0,1,0,0,0,0,national
2025,OR,41003,Benton,549300ZIQ24V0C88AC41,GTE Federal Credit Union,1,1,0,0.07,1,0,0,0,0,1,0,0,0,0,national
2025,OR,41003,Benton,549300ZIXM1VUXPG4D03,,1,1,0,0.07,1,0,0,0,0,1,0,0,0,0,national
2025,OR,41003,Benton,549300ZWNETGFXTBBY03,"CANOPY MORTGAGE, LLC",1,1,0,0.07,0,1,0,0,0,0,1,0,0,0,national
2025,OR,41003,Benton,98450087981AP406JG03,,1,1,0,0.07,1,0,0,0,0,1,0,0,0,0,national
2025,OR,41003,Benton,CKVBED0S4DMLKJJ5XH28,Stifel Bank and Trust,1,1,0,0.07,1,0,0,0,0,1,0,0,0,0,national
2025,OR,41003,Benton,D38AC76TAMYI50NBPX33,,2,1,0,0.07,2,0,0,0,0,1,0,0,0,0,national
2025,OR,41003,Benton,L9VVX1KT5TFTKS0MLF66,First-Citizens Bank & Trust Company,1,1,0,0.07,1,0,0,0,0,1,0,0,0,0,national
2025,OR,41003,Benton,PAOOWF3GUFM46FBSP561,,5,1,1,0.07,4,0,1,0,0,1,0,0,0,0,national
2025,OR,41003,Benton,549300SUCQ1358EGVE89,"NEW DAY FINANCIAL, LLC",5,0,1,0.0,0,0,5,0,0,0,0,0,0,0,national
2025,OR,41005,Clackamas,2549008LK3474E9U2888,ONPOINT COMMUNITY CREDIT UNION,2165,1519,322,15.58,2124,33,8,0,0,1495,20,4,0,0,national
2025,OR,41005,Clackamas,549300HW662MN1WU8550,"United Wholesale Mortgage, LLC",786,634,58,6.5,578,115,93,0,0,478,88,68,0,0,national
2025,OR,41005,Clackamas,549300FGXN1K3HLB1R50,"Rocket Mortgage, LLC",618,463,89,4.75,532,61,25,0,0,405,39,19,0,0,national
2025,OR,41005,Clackamas,549300AQ3T62GXDU7D76,GUILD MORTGAGE COMPANY LLC,581,397,11,4.07,466,80,35,0,0,331,50,16,0,0,national
2025,OR,41005,Clackamas,6BYL5QZYBDK8S7L73M02,U.S. Bank National Association,561,303,174,3.11,554,2,4,1,0,299,1,2,1,0,national
2025,OR,41005,Clackamas,549300QKL5FUBZ8LSF50,"NATIONS DIRECT MORTGAGE, LLC",273,233,4,2.39,204,31,38,0,0,178,24,31,0,0,national
2025,OR,41005,Clackamas,549300VEJ302N3NLKA88,,341,228,59,2.34,341,0,0,0,0,228,0,0,0,0,national
2025,OR,41005,Clackamas,B4TYDEB6GKMZO031MB27,"Bank of America, National Association",498,224,139,2.3,498,0,0,0,0,224,0,0,0,0,national
2025,OR,41005,Clackamas,549300GKFNPRWNS0GF29,"AmeriHome Mortgage Company, LLC",298,219,6,2.25,215,53,28,2,0,151,43,24,1,0,national
2025,OR,41005,Clackamas,549300MGPZBLQDIL7538,FAIRWAY INDEPENDENT MORTGAGE CORPORATION,275,184,19,1.89,196,61,18,0,0,134,41,9,0,0,national
2025,OR,41005,Clackamas,549300Q02LGIN9AXKP98,FIRST TECHNOLOGY FEDERAL CREDIT UNION,247,177,26,1.82,247,0,0,0,0,177,0,0,0,0,national
2025,OR,41005,Clackamas,RVDPPPGHCGZ40J4VQ731,"PENNYMAC LOAN SERVICES, LLC",287,169,25,1.73,232,34,21,0,0,140,17,12,0,0,national
2025,OR,41005,Clackamas,5493008JECR4UE0WVR04,"MORTGAGE EXPRESS, LLC",209,146,8,1.5,152,45,12,0,0,108,30,8,0,0,national
2025,OR,41005,Clackamas,IFQSIUC9AGQV2NE8CN25,Columbia Bank,233,139,52,1.43,228,2,3,0,0,134,2,3,0,0,national
2025,OR,41005,Clackamas,549300VZVN841I2ILS84,"CROSSCOUNTRY MORTGAGE, LLC",187,136,9,1.4,160,18,9,0,0,116,13,7,0,0,national
2025,OR,41005,Clackamas,549300FNXYY540N23N64,Newrez LLC,277,123,35,1.26,202,42,32,1,0,86,13,23,1,0,national
2025,OR,41005,Clackamas,549300KIOYNU323LVJ37,AMERICAN PACIFIC MORTGAGE CORPORATION,152,123,4,1.26,120,27,5,0,0,97,21,5,0,0,national
2025,OR,41005,Clackamas,254900T37KTTXKCK3416,,246,118,36,1.21,246,0,0,0,0,118,0,0,0,0,national
2025,OR,41005,Clackamas,7H6GLXDRUGQFU57RNE97,"JPMorgan Chase Bank, National Association",188,118,19,1.21,186,2,0,0,0,118,0,0,0,0,national
2025,OR,41005,Clackamas,549300DD4R4SYK5RAQ92,"MOVEMENT MORTGAGE, LLC",165,109,11,1.12,132,26,7,0,0,84,18,7,0,0,national
2025,OR,41005,Clackamas,549300U3721PJGQZYY68,"GUARANTEED RATE, INC.",192,108,9,1.11,157,27,8,0,0,92,12,4,0,0,national
2025,OR,41005,Clackamas,2549001IK7UDPADKAG34,,204,107,68,1.1,204,0,0,0,0,107,0,0,0,0,national
2025,OR,41005,Clackamas,549300KOAKQX3BEWWT56,,118,105,4,1.08,84,28,6,0,0,76,23,6,0,0,national
2025,OR,41005,Clackamas,54930043BMDE130FJ617,"PROVIDENT FUNDING ASSOCIATES, L.P.",125,93,1,0.95,125,0,0,0,0,93,0,0,0,0,national
2025,OR,41005,Clackamas,549300PIL8LFAQ04XC20,Better Mortgage Corporation,279,93,132,0.95,279,0,0,0,0,93,0,0,0,0,national
2025,OR,41005,Clackamas,549300AG64NHILB7ZP05,"LOANDEPOT.COM, LLC",124,75,20,0.77,101,14,9,0,0,65,5,5,0,0,national
2025,OR,41005,Clackamas,549300LBCBNR1OT00651,NATIONSTAR MORTGAGE LLC,106,74,19,0.76,96,3,7,0,0,70,2,2,0,0,national
2025,OR,41005,Clackamas,549300RPOGWJRH63HS39,UNION HOME MORTGAGE CORP.,101,73,4,0.75,84,15,2,0,0,63,8,2,0,0,national
2025,OR,41005,Clackamas,254900DTLHVWQ7NP7R34,"CMG Mortgage, Inc.",99,71,12,0.73,94,5,0,0,0,66,5,0,0,0,national
2025,OR,41005,Clackamas,254900ZFWS2106HWPH46,"PARAMOUNT RESIDENTIAL MORTGAGE GROUP, INC.",90,70,0,0.72,76,8,4,2,0,59,7,3,1,0,national
2025,OR,41005,Clackamas,HUX2X73FUCYHUVH1BK78,KeyBank National Association,115,68,26,0.7,115,0,0,0,0,68,0,0,0,0,national
2025,OR,41005,Clackamas,549300CB67L6KPJLHE19,"TRIAD FINANCIAL SERVICES, INC.",206,65,69,0.67,206,0,0,0,0,65,0,0,0,0,national
2025,OR,41005,Clackamas,549300KZVCKCUN23YY80,,85,64,16,0.66,85,0,0,0,0,64,0,0,0,0,national
2025,OR,41005,Clackamas,5493003GQDUH26DNNH17,Navy Federal Credit Union,132,63,23,0.65,106,0,26,0,0,49,0,14,0,0,national
2025,OR,41005,Clackamas,549300LYRWPSYPK6S325,FREEDOM MORTGAGE CORPORATION,149,62,11,0.64,27,62,60,0,0,11,26,25,0,0,national
2025,OR,41005,Clackamas,KB1H1DSPRFMYMCUFXT09,"Wells Fargo Bank, National Association",113,60,17,0.62,105,5,3,0,0,57,1,2,0,0,national
2025,OR,41005,Clackamas,549300T94GSH3C4U5M59,ALLIANT CREDIT UNION,87,59,16,0.61,86,0,1,0,0,59,0,0,0,0,national
2025,OR,41005,Clackamas,549300MZ8VZJOVC63092,"KIND LENDING, LLC",76,56,15,0.57,58,12,5,1,0,40,12,3,1,0,national
2025,OR,41005,Clackamas,549300IEP77RKJ87Z176,OREGON COMMUNITY,91,55,15,0.56,91,0,0,0,0,55,0,0,0,0,national
2025,OR,41005,Clackamas,WE0I402RW25AU38DTI13,Banner Bank,101,53,31,0.54,100,1,0,0,0,52,1,0,0,0,national
2025,OR,41005,Clackamas,549300XY701IELCE5Q08,BETTER MORTGAGE CORPORATION,111,49,30,0.5,93,15,3,0,0,40,8,1,0,0,national
2025,OR,41005,Clackamas,549300E2UX99HKDBR481,"NEW AMERICAN FUNDING, LLC",119,47,8,0.48,89,27,3,0,0,36,9,2,0,0,national
2025,OR,41005,Clackamas,549300ZBXINP1Y94CN02,,78,47,0,0.48,70,6,2,0,0,39,6,2,0,0,national
2025,OR,41005,Clackamas,254900UL88QFG0E40516,FIGURE LENDING LLC,107,46,31,0.47,107,0,0,0,0,46,0,0,0,0,national
2025,OR,41005,Clackamas,549300121SF0K2LN2804,"PRIMELENDING, A PLAINSCAPITAL COMPANY",59,45,5,0.46,50,5,3,1,0,38,4,3,0,0,national
2025,OR,41005,Clackamas,549300DD5QQUHO6PCH70,"MORTGAGE RESEARCH CENTER, LLC",135,45,23,0.46,13,3,119,0,0,1,0,44,0,0,national
2025,OR,41005,Clackamas,549300OPCWU6E72WUT29,"MUTUAL OF OMAHA MORTGAGE, INC.",67,42,13,0.43,36,22,9,0,0,25,14,3,0,0,national
2025,OR,41005,Clackamas,549300O2EZG72LO2FX38,,60,41,2,0.42,49,8,3,0,0,32,7,2,0,0,national
2025,OR,41005,Clackamas,5493001GCBD5XGNIC815,Coastal Community Bank,168,38,4,0.39,168,0,0,0,0,38,0,0,0,0,national
2025,OR,41005,Clackamas,2549005SIVTHG14U2905,A&D Mortgage LLC,47,36,2,0.37,46,1,0,0,0,35,1,0,0,0,national
2025,OR,41005,Clackamas,549300E34W6TNRG7B624,,40,35,3,0.36,40,0,0,0,0,35,0,0,0,0,national
2025,OR,41005,Clackamas,549300YIQ7S7Z8PIHE53,AMERISAVE MORTGAGE CORPORATION,107,34,62,0.35,83,14,10,0,0,28,4,2,0,0,national
2025,OR,41005,Clackamas,549300370QILXLFUWD20,"ZILLOW HOME LOANS, LLC",44,33,1,0.34,36,6,2,0,0,26,5,2,0,0,national
2025,OR,41005,Clackamas,2549008TT6UNYR7AXF54,,45,32,0,0.33,42,1,2,0,0,30,1,1,0,0,national
2025,OR,41005,Clackamas,549300XQVJ1XBNFA5536,21ST MORTGAGE CORPORATION,201,32,91,0.33,201,0,0,0,0,32,0,0,0,0,national
2025,OR,41005,Clackamas,01KWVG908KE7RKPTNP46,,39,31,4,0.32,35,4,0,0,0,30,1,0,0,0,national
2025,OR,41005,Clackamas,5493000OM9RKJW8W5K82,,42,31,0,0.32,32,6,3,1,0,23,5,2,1,0,national
2025,OR,41005,Clackamas,549300JYXTZDSPJEPI44,"PLAZA HOME MORTGAGE, INC.",42,30,11,0.31,31,11,0,0,0,25,5,0,0,0,national
2025,OR,41005,Clackamas,54930054ET8KM4O1D485,"SOFI BANK, NATIONAL ASSOCIATION",90,29,5,0.3,89,1,0,0,0,29,0,0,0,0,national
2025,OR,41005,Clackamas,549300ZWNETGFXTBBY03,"CANOPY MORTGAGE, LLC",51,29,1,0.3,40,9,2,0,0,23,4,2,0,0,national
2025,OR,41005,Clackamas,3Y4U8VZURTYWI1W2K376,BMO Bank National Association,55,28,15,0.29,55,0,0,0,0,28,0,0,0,0,national
2025,OR,41005,Clackamas,25490018IFQOT83Q7H49,,38,27,0,0.28,32,4,2,0,0,22,4,1,0,0,national
2025,OR,41005,Clackamas,254900TTZ395IC926125,,40,27,3,0.28,30,8,1,1,0,21,6,0,0,0,national
2025,OR,41005,Clackamas,5493001WHVQBGRSWEU75,"HOMEBRIDGE FINANCIAL SERVICES, INC.",34,26,2,0.27,31,2,1,0,0,24,1,1,0,0,national
2025,OR,41005,Clackamas,54930025XJJO3T0M1A92,,35,26,7,0.27,35,0,0,0,0,26,0,0,0,0,national
2025,OR,41005,Clackamas,254900N49YI2HHKDPS92,,39,25,4,0.26,39,0,0,0,0,25,0,0,0,0,national
2025,OR,41005,Clackamas,549300PL8ER6H23P0Z91,,35,25,4,0.26,29,4,2,0,0,19,4,2,0,0,national
2025,OR,41005,Clackamas,549300R77W0P105C3S50,HOMEXPRESS MORTGAGE CORP.,31,24,7,0.25,31,0,0,0,0,24,0,0,0,0,national
2025,OR,41005,Clackamas,5493001SXWZ4OFP8Z903,"DHI MORTGAGE COMPANY, LTD.",33,23,1,0.24,28,3,2,0,0,19,3,1,0,0,national
2025,OR,41005,Clackamas,54930060G4MDPWHISD89,EVERGREEN MONEYSOURCE MORTGAGE COMPANY,39,23,0,0.24,33,6,0,0,0,22,1,0,0,0,national
2025,OR,41005,Clackamas,5493008CPTDVOS570626,"Primary Residential Mortgage, Inc.",37,23,11,0.24,37,0,0,0,0,23,0,0,0,0,national
2025,OR,41005,Clackamas,549300B4IYL7TZT8FA34,,27,23,0,0.24,24,2,1,0,0,20,2,1,0,0,national
2025,OR,41005,Clackamas,549300MHH03ICJYEPE85,,31,23,2,0.24,7,24,0,0,0,4,19,0,0,0,national
2025,OR,41005,Clackamas,549300NOCASXPA34X033,"LAKEVIEW LOAN SERVICING, LLC",83,23,40,0.24,48,21,14,0,0,15,4,4,0,0,national
2025,OR,41005,Clackamas,2549004FXPNKCLIN8250,"Synergy One Lending, Inc.",31,22,2,0.23,18,7,6,0,0,12,5,5,0,0,national
2025,OR,41005,Clackamas,5493004AS1SPBQOFDR49,"Change Lending, LLC",29,21,2,0.22,25,3,1,0,0,17,3,1,0,0,national
2025,OR,41005,Clackamas,549300EKFFG3BU8DNX74,NEXERA HOLDING LLC,27,20,3,0.21,26,1,0,0,0,19,1,0,0,0,national
2025,OR,41005,Clackamas,549300Q50XCC0473FG63,,37,20,13,0.21,37,0,0,0,0,20,0,0,0,0,national
2025,OR,41005,Clackamas,2549001SI0EMFPT39035,"Cornerstone First Mortgage, Inc",32,19,0,0.19,22,9,1,0,0,14,4,1,0,0,national
2025,OR,41005,Clackamas,549300CDLJDN8ENOT455,MARION AND POLK SCHOOLS CREDIT UNION,28,18,7,0.18,28,0,0,0,0,18,0,0,0,0,national
2025,OR,41005,Clackamas,549300WJIJV987NXVC31,,25,18,0,0.18,24,1,0,0,0,18,0,0,0,0,national
2025,OR,41005,Clackamas,SS1TRMSN6BRNMOREEV51,"Flagstar Bank, National Association",30,18,9,0.18,21,3,6,0,0,13,1,4,0,0,national
2025,OR,41005,Clackamas,5493001HHBUTXHS7TZ96,HOMEAMERICAN MORTGAGE CORPORATION,20,17,2,0.17,6,10,4,0,0,4,9,4,0,0,national
2025,OR,41005,Clackamas,5493002B2WMHY23GFK92,"AMERICAN FINANCIAL RESOURCES, INC.",24,17,0,0.17,15,7,2,0,0,9,6,2,0,0,national
2025,OR,41005,Clackamas,5493005PKOSG7MYX0B34,"Prosperity Home Mortgage, LLC",27,17,1,0.17,14,7,6,0,0,11,4,2,0,0,national
2025,OR,41005,Clackamas,549300L44U62O7WHRR78,FIRST COMMUNITY,34,17,11,0.17,34,0,0,0,0,17,0,0,0,0,national
2025,OR,41005,Clackamas,549300UBGGLZLZEY0M18,,29,17,8,0.17,29,0,0,0,0,17,0,0,0,0,national
2025,OR,41005,Clackamas,25490066WMF8ZMQXQB18,"Lendage, LLC",28,16,3,0.16,28,0,0,0,0,16,0,0,0,0,national
2025,OR,41005,Clackamas,254900E6AIE4Z8YQM970,Citadel Servicing Corporation,29,16,4,0.16,29,0,0,0,0,16,0,0,0,0,national
2025,OR,41005,Clackamas,254900Z8J5L9POS71X51,Oregon State Credit Union,34,16,8,0.16,34,0,0,0,0,16,0,0,0,0,national
2025,OR,41005,Clackamas,549300CY7WNAHKHYSJ73,,21,16,0,0.16,16,4,1,0,0,12,3,1,0,0,national
2025,OR,41005,Clackamas,X05BVSK68TQ7YTOSNR22,Discover Bank,93,16,49,0.16,93,0,0,0,0,16,0,0,0,0,national
2025,OR,41005,Clackamas,549300ALNLUNS3Y53T24,AMERICAN FINANCING CORPORATION,60,15,26,0.15,30,28,2,0,0,7,8,0,0,0,national
2025,OR,41005,Clackamas,254900RNV63A0TIZNK90,,20,14,1,0.14,18,1,1,0,0,12,1,1,0,0,national
2025,OR,41005,Clackamas,5493004WMLN60ZJ2ON46,"Paramount Residential Mortgage Group, Inc.",21,14,0,0.14,18,2,1,0,0,11,2,1,0,0,national
2025,OR,41005,Clackamas,5493008VVXQIDO1EZ460,"SUMMIT FUNDING, INC.",19,14,0,0.14,17,1,1,0,0,13,1,0,0,0,national
2025,OR,41005,Clackamas,5493009B17HXCVXTD608,"JMAC LENDING, INC.",18,14,1,0.14,16,1,0,1,0,13,1,0,0,0,national
2025,OR,41005,Clackamas,549300S5YL3OH0IVCS62,FINANCE OF AMERICA REVERSE LLC,20,14,3,0.14,5,15,0,0,0,3,11,0,0,0,national
2025,OR,41005,Clackamas,549300UB5TJ0YPVPT503,,16,14,0,0.14,16,0,0,0,0,14,0,0,0,0,national
2025,OR,41005,Clackamas,5493000D6RXLNBZQYA47,,33,13,12,0.13,33,0,0,0,0,13,0,0,0,0,national
2025,OR,41005,Clackamas,5493003WLEYGXGNTI654,SELCO COMMUNITY,25,13,11,0.13,25,0,0,0,0,13,0,0,0,0,national
2025,OR,41005,Clackamas,549300PQLK8E48ILXV41,,18,13,1,0.13,18,0,0,0,0,13,0,0,0,0,national
2025,OR,41005,Clackamas,549300Q3ROEQU3D1IW91,,51,13,27,0.13,51,0,0,0,0,13,0,0,0,0,national
2025,OR,41005,Clackamas,549300YN94MOAVYW0F52,"GoodLeap, LLC",26,13,5,0.13,21,2,3,0,0,12,1,0,0,0,national
2025,OR,41005,Clackamas,549300FX7K8PTEQUU487,PENTAGON FEDERAL CREDIT UNION,34,12,12,0.12,32,1,1,0,0,12,0,0,0,0,national
2025,OR,41005,Clackamas,549300GS0W0TEUQS8571,"Morgan Stanley Private Bank, National Association",19,12,0,0.12,19,0,0,0,0,12,0,0,0,0,national
2025,OR,41005,Clackamas,549300J6N77Q8OHYNF23,,18,12,0,0.12,15,2,1,0,0,10,1,1,0,0,national
2025,OR,41005,Clackamas,549300J7I82PNDVU8H22,"OCMBC, INC.",25,12,1,0.12,23,2,0,0,0,10,2,0,0,0,national
2025,OR,41005,Clackamas,549300KDR80I1ELW8D36,,27,12,2,0.12,27,0,0,0,0,12,0,0,0,0,national
2025,OR,41005,Clackamas,549300OPB0G5OMY0SM65,,13,12,0,0.12,13,0,0,0,0,12,0,0,0,0,national
2025,OR,41005,Clackamas,549300P2GEYNMH5OQA71,,13,12,1,0.12,12,0,1,0,0,11,0,1,0,0,national
2025,OR,41005,Clackamas,549300V1IRRYSYRSPU54,,17,12,2,0.12,16,1,0,0,0,12,0,0,0,0,national
2025,OR,41005,Clackamas,549300YX5RPSSMR88K92,,13,12,0,0.12,13,0,0,0,0,12,0,0,0,0,national
2025,OR,41005,Clackamas,984500U2F9A83N391A91,"CHAMPIONS FUNDING, LLC",17,12,5,0.12,17,0,0,0,0,12,0,0,0,0,national
2025,OR,41005,Clackamas,AD6GFRVSDT01YPT1CS68,"PNC Bank, National Association",29,12,6,0.12,29,0,0,0,0,12,0,0,0,0,national
2025,OR,41005,Clackamas,5493008NWHQT1R22C024,"AMERICAN FINANCIAL NETWORK, INC.",17,11,2,0.11,6,7,3,1,0,4,4,2,1,0,national
2025,OR,41005,Clackamas,549300RN01LBYR8ZVX74,"LOWER, LLC",21,11,0,0.11,15,1,5,0,0,8,1,2,0,0,national
2025,OR,41005,Clackamas,C5654JQHZUHN0772B561,USAA Federal Savings Bank,27,11,7,0.11,9,0,18,0,0,3,0,8,0,0,national
2025,OR,41005,Clackamas,254900NZOY3XB2DNSZ34,,16,10,5,0.1,16,0,0,0,0,10,0,0,0,0,national
2025,OR,41005,Clackamas,5493003T5D4N1CM46J77,1st Security Bank of Washington,15,10,1,0.1,11,4,0,0,0,8,2,0,0,0,national
2025,OR,41005,Clackamas,54930052M48FOD3CWA54,"PRIMARY RESIDENTIAL MORTGAGE, INC.",16,10,0,0.1,14,2,0,0,0,8,2,0,0,0,national
2025,OR,41005,Clackamas,5493005JXQCVNMUHBR38,,11,10,0,0.1,11,0,0,0,0,10,0,0,0,0,national
2025,OR,41005,Clackamas,549300INFJ8TYNZ1G568,,10,10,0,0.1,10,0,0,0,0,10,0,0,0,0,national
2025,OR,41005,Clackamas,549300KJ8PAJ7E52HG32,Plains Commerce Bank,14,10,0,0.1,12,1,1,0,0,8,1,1,0,0,national
2025,OR,41005,Clackamas,549300KM40FP4MSQU941,Boeing Employees Credit Union,18,10,7,0.1,18,0,0,0,0,10,0,0,0,0,national
2025,OR,41005,Clackamas,549300ZIQ24V0C88AC41,GTE Federal Credit Union,12,10,1,0.1,12,0,0,0,0,10,0,0,0,0,national
2025,OR,41005,Clackamas,E57ODZWZ7FF32TWEFA76,"Citibank, National Association",19,10,2,0.1,19,0,0,0,0,10,0,0,0,0,national
2025,OR,41005,Clackamas,213800XR2TCBQJSF1X93,,17,9,1,0.09,16,0,1,0,0,9,0,0,0,0,national
2025,OR,41005,Clackamas,2549001ZCEBYFHYUPH52,,9,9,0,0.09,9,0,0,0,0,9,0,0,0,0,national
2025,OR,41005,Clackamas,5493006VAGP3GQ8FJT49,"Kiavi Funding, Inc.",13,9,0,0.09,13,0,0,0,0,9,0,0,0,0,national
2025,OR,41005,Clackamas,5493009HUMWCHFRDKF12,,14,9,0,0.09,14,0,0,0,0,9,0,0,0,0,national
2025,OR,41005,Clackamas,549300DCGBXW5FJMV921,,9,9,0,0.09,9,0,0,0,0,9,0,0,0,0,national
2025,OR,41005,Clackamas,549300GS6ONO04ORI292,,14,9,1,0.09,6,8,0,0,0,4,5,0,0,0,national
2025,OR,41005,Clackamas,549300N2GMOJ61XHEL06,,15,9,0,0.09,14,0,1,0,0,8,0,1,0,0,national
2025,OR,41005,Clackamas,549300O6Z0I6KYMESL47,AMWEST FUNDING CORP.,17,9,2,0.09,17,0,0,0,0,9,0,0,0,0,national
2025,OR,41005,Clackamas,549300SK2GVCQXPD4S58,"SUN WEST MORTGAGE COMPANY, INC.",20,9,5,0.09,8,7,5,0,0,3,3,3,0,0,national
2025,OR,41005,Clackamas,549300UR5AOWTJJ7KZ64,,11,9,0,0.09,11,0,0,0,0,9,0,0,0,0,national
2025,OR,41005,Clackamas,PAOOWF3GUFM46FBSP561,,33,9,4,0.09,21,10,2,0,0,5,2,2,0,0,national
2025,OR,41005,Clackamas,5493001GDRY0EL7VG372,"ARK-LA-TEX FINANCIAL SERVICES, LLC.",8,8,0,0.08,5,0,3,0,0,5,0,3,0,0,national
2025,OR,41005,Clackamas,5493001XKL0FTNOJ0866,,12,8,0,0.08,10,2,0,0,0,7,1,0,0,0,national
2025,OR,41005,Clackamas,54930021WPEXNHYZUL09,"PLANET HOME LENDING, LLC",12,8,3,0.08,5,3,4,0,0,3,3,2,0,0,national
2025,OR,41005,Clackamas,549300R9S3MVDV4MGF56,"CARRINGTON MORTGAGE SERVICES, LLC",37,8,18,0.08,14,12,11,0,0,1,3,4,0,0,national
2025,OR,41005,Clackamas,254900FBWEZ3YUPOBN33,,7,7,0,0.07,7,0,0,0,0,7,0,0,0,0,national
2025,OR,41005,Clackamas,254900HEJ9F73IMPX887,,12,7,0,0.07,12,0,0,0,0,7,0,0,0,0,national
2025,OR,41005,Clackamas,254900U7WUFP33SSQ460,,8,7,0,0.07,8,0,0,0,0,7,0,0,0,0,national
2025,OR,41005,Clackamas,54930048P8RWCQHQM310,,10,7,2,0.07,10,0,0,0,0,7,0,0,0,0,national
2025,OR,41005,Clackamas,549300GWD9H4FQ2VR805,,8,7,0,0.07,8,0,0,0,0,7,0,0,0,0,national
2025,OR,41005,Clackamas,549300K4ZLGS7SRDTL86,Equity Prime Mortgage LLC,13,7,2,0.07,0,7,6,0,0,0,5,2,0,0,national
2025,OR,41005,Clackamas,549300LROQOOQU77WS20,,15,7,0,0.07,15,0,0,0,0,7,0,0,0,0,national
2025,OR,41005,Clackamas,549300NFPC3Y4W3Y7R87,,8,7,0,0.07,2,3,3,0,0,2,3,2,0,0,national
2025,OR,41005,Clackamas,549300PBTV7FCWLSMM53,,10,7,0,0.07,4,3,3,0,0,3,3,1,0,0,national
2025,OR,41005,Clackamas,549300PL267CW8182203,,13,7,1,0.07,0,6,7,0,0,0,3,4,0,0,national
2025,OR,41005,Clackamas,549300TF1E42EUFBSL45,,8,7,0,0.07,8,0,0,0,0,7,0,0,0,0,national
2025,OR,41005,Clackamas,549300XQ7B5FIVUNFE29,VAN DYK MORTGAGE CORPORATION,11,7,0,0.07,5,5,1,0,0,3,3,1,0,0,national
2025,OR,41005,Clackamas,IUGPUX5LWRZ3B6KIZ697,Ameris Bank,7,7,0,0.07,7,0,0,0,0,7,0,0,0,0,national
2025,OR,41005,Clackamas,25490045AQF6IJKP4394,,8,6,1,0.06,8,0,0,0,0,6,0,0,0,0,national
2025,OR,41005,Clackamas,254900IEGKUDRDS23V26,,10,6,2,0.06,10,0,0,0,0,6,0,0,0,0,national
2025,OR,41005,Clackamas,254900O2K17TNH5CL873,"RF RENOVO MANAGEMENT COMPANY, LLC",7,6,0,0.06,7,0,0,0,0,6,0,0,0,0,national
2025,OR,41005,Clackamas,54930001NSTOD85LT125,"GUARANTEED RATE AFFINITY, LLC",7,6,1,0.06,3,3,1,0,0,2,3,1,0,0,national
2025,OR,41005,Clackamas,5493000IIYWBLONJVJ30,,8,6,1,0.06,8,0,0,0,0,6,0,0,0,0,national
2025,OR,41005,Clackamas,5493002GI63WHHUTUD85,"KEYSTONE FUNDING, INC.",7,6,0,0.06,7,0,0,0,0,6,0,0,0,0,national
2025,OR,41005,Clackamas,549300BLL6VL7AXWYP56,,9,6,1,0.06,6,2,1,0,0,4,1,1,0,0,national
2025,OR,41005,Clackamas,549300HH0V8LECLNPQ26,ROGUE,10,6,1,0.06,10,0,0,0,0,6,0,0,0,0,national
2025,OR,41005,Clackamas,549300KSOOZZVXCMA627,ANGEL OAK MORTGAGE SOLUTIONS LLC,8,6,0,0.06,8,0,0,0,0,6,0,0,0,0,national
2025,OR,41005,Clackamas,549300NWBS6MQJX15N44,,8,6,1,0.06,8,0,0,0,0,6,0,0,0,0,national
2025,OR,41005,Clackamas,549300UT4EN6IH579Q63,,8,6,0,0.06,8,0,0,0,0,6,0,0,0,0,national
2025,OR,41005,Clackamas,549300VMX06UV1F7NS76,,9,6,0,0.06,3,3,3,0,0,2,2,2,0,0,national
2025,OR,41005,Clackamas,549300Y5Y88FQLI7VE83,DEEPHAVEN MORTGAGE LLC,11,6,3,0.06,11,0,0,0,0,6,0,0,0,0,national
2025,OR,41005,Clackamas,Q708HHR4LD2B7XIZNO92,First Federal Bank,10,6,1,0.06,9,0,1,0,0,6,0,0,0,0,national
2025,OR,41005,Clackamas,254900HD4RROQDXNWI45,,6,5,0,0.05,6,0,0,0,0,5,0,0,0,0,national
2025,OR,41005,Clackamas,254900TG14TB8RKS3U42,,8,5,1,0.05,7,0,1,0,0,4,0,1,0,0,national
2025,OR,41005,Clackamas,254900VHUBSJJKOMBF27,,7,5,2,0.05,7,0,0,0,0,5,0,0,0,0,national
2025,OR,41005,Clackamas,54930007KK7ZS3IJVC25,,8,5,0,0.05,8,0,0,0,0,5,0,0,0,0,national
2025,OR,41005,Clackamas,54930049L5WINET09Q97,"CLICK N' CLOSE, INC.",7,5,2,0.05,2,5,0,0,0,1,4,0,0,0,national
2025,OR,41005,Clackamas,5493004T38NMC864VL66,,6,5,1,0.05,6,0,0,0,0,5,0,0,0,0,national
2025,OR,41005,Clackamas,5493009QYNVEZ9VDJU57,,12,5,0,0.05,10,1,1,0,0,5,0,0,0,0,national
2025,OR,41005,Clackamas,549300KTR1JGH3K6LU06,FOURLEAF,12,5,6,0.05,12,0,0,0,0,5,0,0,0,0,national
2025,OR,41005,Clackamas,549300RFLICNI75BG067,Luminate Bank,5,5,0,0.05,4,1,0,0,0,4,1,0,0,0,national
2025,OR,41005,Clackamas,549300T9P3WXNMXX0I34,Ixonia Bank,9,5,1,0.05,8,1,0,0,0,5,0,0,0,0,national
2025,OR,41005,Clackamas,CKVBED0S4DMLKJJ5XH28,Stifel Bank and Trust,5,5,0,0.05,5,0,0,0,0,5,0,0,0,0,national
2025,OR,41005,Clackamas,254900QNIR86GUIRYH95,,5,4,0,0.04,5,0,0,0,0,4,0,0,0,0,national
2025,OR,41005,Clackamas,254900RQX8N4HXJIDK44,,4,4,0,0.04,2,2,0,0,0,2,2,0,0,0,national
2025,OR,41005,Clackamas,5493001YIUWLFRXQUO81,,4,4,0,0.04,3,0,1,0,0,3,0,1,0,0,national
2025,OR,41005,Clackamas,5493002TJKC8NLH1ZP82,,4,4,0,0.04,3,0,1,0,0,3,0,1,0,0,national
2025,OR,41005,Clackamas,54930030Z1JWTP3SVD16,,8,4,0,0.04,5,3,0,0,0,2,2,0,0,0,national
2025,OR,41005,Clackamas,54930078TNN7GKZ7NU89,,6,4,1,0.04,4,2,0,0,0,2,2,0,0,0,national
2025,OR,41005,Clackamas,54930097J3TUZXBXXE75,,5,4,1,0.04,5,0,0,0,0,4,0,0,0,0,national
2025,OR,41005,Clackamas,549300COIWXM618UBE82,,9,4,2,0.04,9,0,0,0,0,4,0,0,0,0,national
2025,OR,41005,Clackamas,549300HRLROF7PLJ6735,CLEAREDGE LENDING LLC,5,4,0,0.04,5,0,0,0,0,4,0,0,0,0,national
2025,OR,41005,Clackamas,549300IBT3SCF2K09D58,,4,4,0,0.04,4,0,0,0,0,4,0,0,0,0,national
2025,OR,41005,Clackamas,549300ISCZS1R0CJMO47,,4,4,0,0.04,4,0,0,0,0,4,0,0,0,0,national
2025,OR,41005,Clackamas,549300LZUXCJFE5ONM48,,5,4,1,0.04,0,5,0,0,0,0,4,0,0,0,national
2025,OR,41005,Clackamas,549300QIUZLVR1OLDH55,Genisys Credit Union,5,4,1,0.04,5,0,0,0,0,4,0,0,0,0,national
2025,OR,41005,Clackamas,549300SCFWZXMDMZPE93,,9,4,2,0.04,8,1,0,0,0,3,1,0,0,0,national
2025,OR,41005,Clackamas,549300TDBTRK89DZRC13,,8,4,4,0.04,8,0,0,0,0,4,0,0,0,0,national
2025,OR,41005,Clackamas,549300W45D2J6BT4LX65,,4,4,0,0.04,4,0,0,0,0,4,0,0,0,0,national
2025,OR,41005,Clackamas,549300XWUSRVVOHPRY47,Academy Mortgage Corporation,26,4,2,0.04,19,6,1,0,0,3,0,1,0,0,national
2025,OR,41005,Clackamas,8WH0EE09O9V05QJZ3V89,"Zions Bancorporation, N.A.",5,4,1,0.04,5,0,0,0,0,4,0,0,0,0,national
2025,OR,41005,Clackamas,2549005Q4HZ55QX7YC64,,3,3,0,0.03,3,0,0,0,0,3,0,0,0,0,national
2025,OR,41005,Clackamas,254900BMXWPEHXG4LF21,,5,3,2,0.03,3,2,0,0,0,2,1,0,0,0,national
2025,OR,41005,Clackamas,254900CTT87ZKAUTIJ37,,3,3,0,0.03,3,0,0,0,0,3,0,0,0,0,national
2025,OR,41005,Clackamas,254900WT4HAMDFWH3048,,6,3,0,0.03,4,2,0,0,0,2,1,0,0,0,national
2025,OR,41005,Clackamas,5493000EUC3MM52PJV85,,4,3,0,0.03,4,0,0,0,0,3,0,0,0,0,national
2025,OR,41005,Clackamas,5493000H6DFDDJRORG89,,7,3,0,0.03,6,1,0,0,0,2,1,0,0,0,national
2025,OR,41005,Clackamas,5493000NYUJT9UC6G261,LEADERONE FINANCIAL CORPORATION,3,3,0,0.03,2,1,0,0,0,2,1,0,0,0,national
2025,OR,41005,Clackamas,5493001B4U37VT2ML818,GESA CREDIT UNION,7,3,3,0.03,7,0,0,0,0,3,0,0,0,0,national
2025,OR,41005,Clackamas,549300323EON4W3CCM44,"RESICENTRAL, LLC",3,3,0,0.03,1,2,0,0,0,1,2,0,0,0,national
2025,OR,41005,Clackamas,54930034MNPILHP25H80,Gateway First Bank,3,3,0,0.03,3,0,0,0,0,3,0,0,0,0,national
2025,OR,41005,Clackamas,5493003NV9L53LK1XI52,,7,3,0,0.03,7,0,0,0,0,3,0,0,0,0,national
2025,OR,41005,Clackamas,5493006KXUHSYFT7SD10,,3,3,0,0.03,1,1,1,0,0,1,1,1,0,0,national
2025,OR,41005,Clackamas,5493009QB0KBU5M6NP90,,5,3,0,0.03,5,0,0,0,0,3,0,0,0,0,national
2025,OR,41005,Clackamas,549300BX448ALT10FI43,The Federal Savings Bank,18,3,1,0.03,6,0,12,0,0,2,0,1,0,0,national
2025,OR,41005,Clackamas,549300KQHWNSVCE2MY88,,3,3,0,0.03,3,0,0,0,0,3,0,0,0,0,national
2025,OR,41005,Clackamas,549300KX4S1573HISS22,,5,3,0,0.03,5,0,0,0,0,3,0,0,0,0,national
2025,OR,41005,Clackamas,549300MCIFZSDHUT8X63,"NFM, INC.",3,3,0,0.03,3,0,0,0,0,3,0,0,0,0,national
2025,OR,41005,Clackamas,549300N3JBQ15RQ7AV97,,10,3,1,0.03,8,1,1,0,0,3,0,0,0,0,national
2025,OR,41005,Clackamas,549300S8SHBRCI7UU819,,4,3,0,0.03,4,0,0,0,0,3,0,0,0,0,national
2025,OR,41005,Clackamas,549300VCMRO4ST680C11,VILLAGE CAPITAL & INVESTMENT LLC,12,3,1,0.03,0,7,5,0,0,0,1,2,0,0,national
2025,OR,41005,Clackamas,549300XCVBRR56D08F03,,12,3,0,0.03,11,1,0,0,0,3,0,0,0,0,national
2025,OR,41005,Clackamas,549300Z2B4FHRYOXTS09,,4,3,1,0.03,4,0,0,0,0,3,0,0,0,0,national
2025,OR,41005,Clackamas,549300ZCR1XCLNEEI724,,4,3,0,0.03,4,0,0,0,0,3,0,0,0,0,national
2025,OR,41005,Clackamas,98450087981AP406JG03,,4,3,0,0.03,4,0,0,0,0,3,0,0,0,0,national
2025,OR,41005,Clackamas,C398JSK21YCXWM603F55,"Barrington Bank & Trust Company, National Association",4,3,0,0.03,3,0,1,0,0,3,0,0,0,0,national
2025,OR,41005,Clackamas,D38AC76TAMYI50NBPX33,,5,3,0,0.03,5,0,0,0,0,3,0,0,0,0,national
2025,OR,41005,Clackamas,L9VVX1KT5TFTKS0MLF66,First-Citizens Bank & Trust Company,10,3,2,0.03,10,0,0,0,0,3,0,0,0,0,national
2025,OR,41005,Clackamas,WWB2V0FCW3A0EE3ZJN75,Manufacturers and Traders Trust Company,5,3,2,0.03,3,0,2,0,0,2,0,1,0,0,national
2025,OR,41005,Clackamas,ZXMJHJK466PBZTM5F379,,3,3,0,0.03,3,0,0,0,0,3,0,0,0,0,national
2025,OR,41005,Clackamas,254900114YHTRFBALC74,,2,2,0,0.02,2,0,0,0,0,2,0,0,0,0,national
2025,OR,41005,Clackamas,2549002VH9C0PKB8K153,,3,2,1,0.02,3,0,0,0,0,2,0,0,0,0,national
2025,OR,41005,Clackamas,2549009X2AG1P20YAJ63,,5,2,2,0.02,5,0,0,0,0,2,0,0,0,0,national
2025,OR,41005,Clackamas,254900HA4DQWAE0W3342,"AMERIHOME MORTGAGE COMPANY, LLC",5,2,1,0.02,2,3,0,0,0,1,1,0,0,0,national
2025,OR,41005,Clackamas,254900N6XFQR6TP1WG82,,2,2,0,0.02,2,0,0,0,0,2,0,0,0,0,national
2025,OR,41005,Clackamas,254900WTZC5SSKIN2M11,,4,2,0,0.02,4,0,0,0,0,2,0,0,0,0,national
2025,OR,41005,Clackamas,254900YA1AQXNM8QVZ06,,2,2,0,0.02,2,0,0,0,0,2,0,0,0,0,national
2025,OR,41005,Clackamas,2WHM8VNJH63UN14OL754,The Huntington National Bank,3,2,0,0.02,3,0,0,0,0,2,0,0,0,0,national
2025,OR,41005,Clackamas,5493000349C5XXDRQX28,,5,2,0,0.02,5,0,0,0,0,2,0,0,0,0,national
2025,OR,41005,Clackamas,5493002QI5QUDX4RGW52,,2,2,0,0.02,2,0,0,0,0,2,0,0,0,0,national
2025,OR,41005,Clackamas,5493002Y5XYV7DV1ZV88,"GOLD STAR MORTGAGE FINANCIAL GROUP, CORPORATION",3,2,0,0.02,3,0,0,0,0,2,0,0,0,0,national
2025,OR,41005,Clackamas,5493003V40VGM7YDFM54,FIRST COLONY MORTGAGE CORPORATION,4,2,0,0.02,1,2,1,0,0,1,0,1,0,0,national
2025,OR,41005,Clackamas,549300715JT4HMT74E48,,2,2,0,0.02,2,0,0,0,0,2,0,0,0,0,national
2025,OR,41005,Clackamas,5493008ZTV4S0W9DCX64,,6,2,1,0.02,4,2,0,0,0,1,1,0,0,0,national
2025,OR,41005,Clackamas,549300A5HHOL2ED18C72,,3,2,0,0.02,3,0,0,0,0,2,0,0,0,0,national
2025,OR,41005,Clackamas,549300AENO88GEUWCZ39,,2,2,0,0.02,2,0,0,0,0,2,0,0,0,0,national
2025,OR,41005,Clackamas,549300AT7EB9FJAF0E61,Old National Bank,3,2,1,0.02,3,0,0,0,0,2,0,0,0,0,national
2025,OR,41005,Clackamas,549300BOXNV8VLRBDT24,,6,2,1,0.02,6,0,0,0,0,2,0,0,0,0,national
2025,OR,41005,Clackamas,549300C8GOC4OYUV0Z32,,2,2,0,0.02,2,0,0,0,0,2,0,0,0,0,national
2025,OR,41005,Clackamas,549300G5DVGM0ZHRQC33,,5,2,0,0.02,0,0,5,0,0,0,0,2,0,0,national
2025,OR,41005,Clackamas,549300HVW3AI97UKTO72,Wings Financial Credit Union,3,2,0,0.02,3,0,0,0,0,2,0,0,0,0,national
2025,OR,41005,Clackamas,549300IKS3MMB5YK6T18,,3,2,0,0.02,3,0,0,0,0,2,0,0,0,0,national
2025,OR,41005,Clackamas,549300JD1162QW84ZO34,,2,2,0,0.02,2,0,0,0,0,2,0,0,0,0,national
2025,OR,41005,Clackamas,549300LI3FDGO7UKFF39,EAST COAST CAPITAL CORP.,2,2,0,0.02,2,0,0,0,0,2,0,0,0,0,national
2025,OR,41005,Clackamas,549300MQEDQYDJR8CP22,,2,2,0,0.02,2,0,0,0,0,2,0,0,0,0,national
2025,OR,41005,Clackamas,549300NTH6N72ZZNX948,,2,2,0,0.02,2,0,0,0,0,2,0,0,0,0,national
2025,OR,41005,Clackamas,549300RA3E0BUFO7YZ21,"Hometown Equity Mortgage, LLC",8,2,6,0.02,8,0,0,0,0,2,0,0,0,0,national
2025,OR,41005,Clackamas,549300REENMLD2RN3W58,"Magnolia Bank, Incorporated",3,2,0,0.02,0,0,3,0,0,0,0,2,0,0,national
2025,OR,41005,Clackamas,549300SUCQ1358EGVE89,"NEW DAY FINANCIAL, LLC",29,2,5,0.02,0,0,29,0,0,0,0,2,0,0,national
2025,OR,41005,Clackamas,549300T7HRS5DVBUPQ06,,2,2,0,0.02,2,0,0,0,0,2,0,0,0,0,national
2025,OR,41005,Clackamas,549300TA4MQM8WN2XG31,,5,2,0,0.02,5,0,0,0,0,2,0,0,0,0,national
2025,OR,41005,Clackamas,549300UXY7OP0IC38293,Northpointe Bank,4,2,0,0.02,4,0,0,0,0,2,0,0,0,0,national
2025,OR,41005,Clackamas,549300VORTI31GZTJL53,"CARDINAL FINANCIAL COMPANY, LIMITED PARTNERSHIP",2,2,0,0.02,2,0,0,0,0,2,0,0,0,0,national
2025,OR,41005,Clackamas,549300XHPPLC0TBRV021,,2,2,0,0.02,2,0,0,0,0,2,0,0,0,0,national
2025,OR,41005,Clackamas,JJKC32MCHWDI71265Z06,Truist Bank,2,2,0,0.02,2,0,0,0,0,2,0,0,0,0,national
2025,OR,41005,Clackamas,2549004Z576VEJBK3N72,"NQM FUNDING, LLC",2,1,0,0.01,2,0,0,0,0,1,0,0,0,0,national
2025,OR,41005,Clackamas,254900DRSIZBQXDCJ875,,1,1,0,0.01,1,0,0,0,0,1,0,0,0,0,national
2025,OR,41005,Clackamas,254900FFZUXK3B729T97,Deseret First Credit Union,1,1,0,0.01,1,0,0,0,0,1,0,0,0,0,national
2025,OR,41005,Clackamas,254900JZN2V0PWFMW808,,1,1,0,0.01,1,0,0,0,0,1,0,0,0,0,national
2025,OR,41005,Clackamas,254900KKWIJLOTNP7667,,1,1,0,0.01,1,0,0,0,0,1,0,0,0,0,national
2025,OR,41005,Clackamas,254900LNRKOG7TRURB32,,2,1,0,0.01,2,0,0,0,0,1,0,0,0,0,national
2025,OR,41005,Clackamas,254900M2C4Q6DATP2889,,10,1,0,0.01,0,5,5,0,0,0,0,1,0,0,national
2025,OR,41005,Clackamas,254900MHHOS58M9D0445,,1,1,0,0.01,1,0,0,0,0,1,0,0,0,0,national
2025,OR,41005,Clackamas,254900O28OG3UMHXQY81,,3,1,0,0.01,3,0,0,0,0,1,0,0,0,0,national
2025,OR,41005,Clackamas,254900QPRPHIXEAX3L37,,1,1,0,0.01,1,0,0,0,0,1,0,0,0,0,national
2025,OR,41005,Clackamas,254900U1OBL1MC6M6518,,1,1,0,0.01,1,0,0,0,0,1,0,0,0,0,national
2025,OR,41005,Clackamas,254900WEP08K7U7S3A80,,2,1,1,0.01,1,0,1,0,0,0,0,1,0,0,national
2025,OR,41005,Clackamas,54930002O9LLXKR6TF11,,3,1,0,0.01,2,1,0,0,0,1,0,0,0,0,national
2025,OR,41005,Clackamas,5493000FWM3I2HHQY149,WASHINGTON STATE EMPLOYEES CREDIT UNION,3,1,2,0.01,3,0,0,0,0,1,0,0,0,0,national
2025,OR,41005,Clackamas,5493000OIGWIS24A1547,,1,1,0,0.01,1,0,0,0,0,1,0,0,0,0,national
2025,OR,41005,Clackamas,5493001PXRJMPLXPG540,,4,1,2,0.01,4,0,0,0,0,1,0,0,0,0,national
2025,OR,41005,Clackamas,54930021QRU8VXNS6152,,1,1,0,0.01,1,0,0,0,0,1,0,0,0,0,national
2025,OR,41005,Clackamas,54930039IUN6515TBG78,,1,1,0,0.01,1,0,0,0,0,1,0,0,0,0,national
2025,OR,41005,Clackamas,5493004F7BXDIUFVPV87,,2,1,0,0.01,2,0,0,0,0,1,0,0,0,0,national
2025,OR,41005,Clackamas,5493004RLLKTQS8K7U51,,1,1,0,0.01,1,0,0,0,0,1,0,0,0,0,national
2025,OR,41005,Clackamas,5493004UNRG4PWDF2K60,AFFINITY FEDERAL CREDIT UNION,2,1,1,0.01,2,0,0,0,0,1,0,0,0,0,national
2025,OR,41005,Clackamas,5493006S869XKIESMV41,Mountain America Federal Credit Union,4,1,2,0.01,4,0,0,0,0,1,0,0,0,0,national
2025,OR,41005,Clackamas,54930072OCHTUJOZQB56,Liberty Credit Union,1,1,0,0.01,1,0,0,0,0,1,0,0,0,0,national
2025,OR,41005,Clackamas,5493007BX4I89K17ZM64,,2,1,0,0.01,0,2,0,0,0,0,1,0,0,0,national
2025,OR,41005,Clackamas,5493008E4KBJCB6UKR64,,1,1,0,0.01,0,1,0,0,0,0,1,0,0,0,national
2025,OR,41005,Clackamas,54930091CYUK2SDZ6D37,,1,1,0,0.01,1,0,0,0,0,1,0,0,0,0,national
2025,OR,41005,Clackamas,5493009D2COWW65B8673,,1,1,0,0.01,1,0,0,0,0,1,0,0,0,0,national
2025,OR,41005,Clackamas,549300A0SVCQJPHVGV20,ALTRA Federal Credit Union,1,1,0,0.01,1,0,0,0,0,1,0,0,0,0,national
2025,OR,41005,Clackamas,549300A68YW07V5R5G22,,6,1,0,0.01,6,0,0,0,0,1,0,0,0,0,national
2025,OR,41005,Clackamas,549300AEULLVYD8L9B04,,1,1,0,0.01,0,1,0,0,0,0,1,0,0,0,national
2025,OR,41005,Clackamas,549300B0HNWBV7RX2661,,2,1,1,0.01,2,0,0,0,0,1,0,0,0,0,national
2025,OR,41005,Clackamas,549300BXWU32AYWT1A56,,1,1,0,0.01,1,0,0,0,0,1,0,0,0,0,national
2025,OR,41005,Clackamas,549300CG5TM73650DH84,,1,1,0,0.01,1,0,0,0,0,1,0,0,0,0,national
2025,OR,41005,Clackamas,549300DH8EI64ITBY388,,1,1,0,0.01,1,0,0,0,0,1,0,0,0,0,national
2025,OR,41005,Clackamas,549300DNWSJUNAWUM003,,1,1,0,0.01,1,0,0,0,0,1,0,0,0,0,national
2025,OR,41005,Clackamas,549300DRA4BDXW23LD45,,1,1,0,0.01,1,0,0,0,0,1,0,0,0,0,national
2025,OR,41005,Clackamas,549300DX0B304LAKUN93,,2,1,0,0.01,1,1,0,0,0,0,1,0,0,0,national
2025,OR,41005,Clackamas,549300EMNDEK4BA8WB53,EMM LOANS LLC,1,1,0,0.01,0,1,0,0,0,0,1,0,0,0,national
2025,OR,41005,Clackamas,549300FVD3YHE65PKH97,,5,1,1,0.01,3,2,0,0,0,1,0,0,0,0,national
2025,OR,41005,Clackamas,549300G4ESSS6M0MEG51,ORIGINPOINT LLC,3,1,1,0.01,3,0,0,0,0,1,0,0,0,0,national
2025,OR,41005,Clackamas,549300GRGZDEH4ZGQS06,WATERSTONE MORTGAGE CORPORATION,1,1,0,0.01,1,0,0,0,0,1,0,0,0,0,national
2025,OR,41005,Clackamas,549300GTVXJ2PGXNLM73,T2 FINANCIAL LLC,1,1,0,0.01,1,0,0,0,0,1,0,0,0,0,national
2025,OR,41005,Clackamas,549300GYK7N8U42X9587,,1,1,0,0.01,1,0,0,0,0,1,0,0,0,0,national
2025,OR,41005,Clackamas,549300HIVO8XPBPNVG69,NOVA FINANCIAL & INVESTMENT CORPORATION,2,1,0,0.01,2,0,0,0,0,1,0,0,0,0,national
2025,OR,41005,Clackamas,549300I1HK1BBZLKOB84,,2,1,1,0.01,2,0,0,0,0,1,0,0,0,0,national
2025,OR,41005,Clackamas,549300IPUHFA5O769M51,"Vellum Mortgage, Inc.",3,1,0,0.01,3,0,0,0,0,1,0,0,0,0,national
2025,OR,41005,Clackamas,549300JGMQJ4R419LR70,,1,1,0,0.01,1,0,0,0,0,1,0,0,0,0,national
2025,OR,41005,Clackamas,549300KBCEYCLANGUM06,,1,1,0,0.01,1,0,0,0,0,1,0,0,0,0,national
2025,OR,41005,Clackamas,549300KR4ZW8KJC82O47,,1,1,0,0.01,0,0,1,0,0,0,0,1,0,0,national
2025,OR,41005,Clackamas,549300KW3HYVC06WS898,,2,1,0,0.01,2,0,0,0,0,1,0,0,0,0,national
2025,OR,41005,Clackamas,549300LIZH7VW4DFJK44,,1,1,0,0.01,1,0,0,0,0,1,0,0,0,0,national
2025,OR,41005,Clackamas,549300M8WGW2D17CZD19,,1,1,0,0.01,1,0,0,0,0,1,0,0,0,0,national
2025,OR,41005,Clackamas,549300MUXFVZKH4XLG17,,2,1,0,0.01,2,0,0,0,0,1,0,0,0,0,national
2025,OR,41005,Clackamas,549300N52O6FKUCU5G62,,1,1,0,0.01,1,0,0,0,0,1,0,0,0,0,national
2025,OR,41005,Clackamas,549300NJVKCDJA5YC939,,2,1,0,0.01,0,2,0,0,0,0,1,0,0,0,national
2025,OR,41005,Clackamas,549300NLJI4QKZ3D0G94,,1,1,0,0.01,1,0,0,0,0,1,0,0,0,0,national
2025,OR,41005,Clackamas,549300PC4MFWQBNVKG88,"V.I.P. MORTGAGE, INC.",1,1,0,0.01,0,1,0,0,0,0,1,0,0,0,national
2025,OR,41005,Clackamas,549300PKEQ3Q9S0IXW76,UNITED FEDERAL CREDIT UNION,1,1,0,0.01,1,0,0,0,0,1,0,0,0,0,national
2025,OR,41005,Clackamas,549300Q6YL1SFVPEGV90,,2,1,0,0.01,0,2,0,0,0,0,1,0,0,0,national
2025,OR,41005,Clackamas,549300R0SXC1JU7ZU290,"FIRST COMMUNITY MORTGAGE, INC.",2,1,0,0.01,1,0,1,0,0,1,0,0,0,0,national
2025,OR,41005,Clackamas,549300R4F5COFJE0DN81,,2,1,1,0.01,2,0,0,0,0,1,0,0,0,0,national
2025,OR,41005,Clackamas,549300RM1IZYGQDSNL85,,8,1,0,0.01,3,1,4,0,0,0,0,1,0,0,national
2025,OR,41005,Clackamas,549300SQ82MLLWN3PD61,,1,1,0,0.01,1,0,0,0,0,1,0,0,0,0,national
2025,OR,41005,Clackamas,549300TULDV69V2XKY60,,1,1,0,0.01,1,0,0,0,0,1,0,0,0,0,national
2025,OR,41005,Clackamas,549300UF3FPC7U6RFC59,The Central Trust Bank,1,1,0,0.01,1,0,0,0,0,1,0,0,0,0,national
2025,OR,41005,Clackamas,549300UG7QXKM7KGV847,,1,1,0,0.01,1,0,0,0,0,1,0,0,0,0,national
2025,OR,41005,Clackamas,549300UM6HPORF7X4415,,1,1,0,0.01,1,0,0,0,0,1,0,0,0,0,national
2025,OR,41005,Clackamas,549300VQUTI5IU7GXT57,SECURITYNATIONAL MORTGAGE COMPANY,6,1,2,0.01,2,4,0,0,0,0,1,0,0,0,national
2025,OR,41005,Clackamas,549300VVH8HHFMWL8536,,1,1,0,0.01,1,0,0,0,0,1,0,0,0,0,national
2025,OR,41005,Clackamas,549300W1HU6IVVIEJ389,"RANLIFE, INC.",3,1,1,0.01,0,3,0,0,0,0,1,0,0,0,national
2025,OR,41005,Clackamas,549300WHVRE44NRBU558,,3,1,1,0.01,1,2,0,0,0,0,1,0,0,0,national
2025,OR,41005,Clackamas,549300XRF9LCZ3RX3Q39,,2,1,0,0.01,0,0,2,0,0,0,0,1,0,0,national
2025,OR,41005,Clackamas,549300XRXBA38J60S618,,1,1,0,0.01,1,0,0,0,0,1,0,0,0,0,national
2025,OR,41005,Clackamas,549300ZPSJZO10ZAX556,"AMERICAN HERITAGE LENDING, LLC",3,1,0,0.01,3,0,0,0,0,1,0,0,0,0,national
2025,OR,41005,Clackamas,549300ZZME37MXI1EF14,"DAS ACQUISITION COMPANY, LLC",1,1,0,0.01,1,0,0,0,0,1,0,0,0,0,national
2025,OR,41005,Clackamas,593C3GZG957YOJPS2Z63,,1,1,0,0.01,1,0,0,0,0,1,0,0,0,0,national
2025,OR,41005,Clackamas,5Z1UQ1CWY0DQ3KJWDQ07,,2,1,0,0.01,2,0,0,0,0,1,0,0,0,0,national
2025,OR,41005,Clackamas,9845006YE04B346EC919,,5,1,1,0.01,4,0,1,0,0,0,0,1,0,0,national
2025,OR,41005,Clackamas,984500F6E6940CCB6A60,,1,1,0,0.01,1,0,0,0,0,1,0,0,0,0,national
2025,OR,41005,Clackamas,COINQMNIM6RBU631DD85,Arvest Bank,1,1,0,0.01,1,0,0,0,0,1,0,0,0,0,national
2025,OR,41005,Clackamas,DRMSV1Q0EKMEXLAU1P80,"Citizens Bank, National Association",2,1,0,0.01,2,0,0,0,0,1,0,0,0,0,national
2025,OR,41005,Clackamas,EQTWLK1G7ODGC2MGLV11,Regions Bank,2,1,1,0.01,2,0,0,0,0,1,0,0,0,0,national
2025,OR,41005,Clackamas,KD3XUN7C6T14HNAYLU02,,1,1,0,0.01,1,0,0,0,0,1,0,0,0,0,national
2025,OR,41005,Clackamas,WKN6AF1FCL7BBYGTGI83,,1,1,0,0.01,1,0,0,0,0,1,0,0,0,0,national
2025,OR,41005,Clackamas,5493000YNV8IX4VD3X12,"VANDERBILT MORTGAGE AND FINANCE, INC.",13,0,7,0.0,13,0,0,0,0,0,0,0,0,0,national
2025,OR,41005,Clackamas,54930091JQKCU3Z6IP44,,14,0,2,0.0,14,0,0,0,0,0,0,0,0,0,national
2025,OR,41005,Clackamas,549300PWMS2701UFP528,,5,0,0,0.0,4,0,1,0,0,0,0,0,0,0,national
2025,OR,41009,Columbia,549300AQ3T62GXDU7D76,GUILD MORTGAGE COMPANY LLC,208,142,3,10.91,124,61,17,6,0,81,44,13,4,0,national
2025,OR,41009,Columbia,2549008LK3474E9U2888,ONPOINT COMMUNITY CREDIT UNION,148,103,23,7.92,143,4,1,0,0,101,1,1,0,0,national
2025,OR,41009,Columbia,549300FGXN1K3HLB1R50,"Rocket Mortgage, LLC",112,85,15,6.53,75,22,15,0,0,60,15,10,0,0,national
2025,OR,41009,Columbia,549300HW662MN1WU8550,"United Wholesale Mortgage, LLC",92,74,6,5.69,35,21,36,0,0,30,15,29,0,0,national
2025,OR,41009,Columbia,549300QKL5FUBZ8LSF50,"NATIONS DIRECT MORTGAGE, LLC",75,62,2,4.77,49,18,8,0,0,39,16,7,0,0,national
2025,OR,41009,Columbia,6BYL5QZYBDK8S7L73M02,U.S. Bank National Association,99,52,25,4.0,97,1,1,0,0,52,0,0,0,0,national
2025,OR,41009,Columbia,549300LVO8UXHRM8O957,,63,48,10,3.69,62,1,0,0,0,48,0,0,0,0,national
2025,OR,41009,Columbia,549300TDBTRK89DZRC13,,69,47,15,3.61,68,0,1,0,0,47,0,0,0,0,national
2025,OR,41009,Columbia,5493002QI5QUDX4RGW52,,48,38,9,2.92,48,0,0,0,0,38,0,0,0,0,national
2025,OR,41009,Columbia,549300DD5QQUHO6PCH70,"MORTGAGE RESEARCH CENTER, LLC",46,27,6,2.08,1,1,44,0,0,1,1,25,0,0,national
2025,OR,41009,Columbia,549300MGPZBLQDIL7538,FAIRWAY INDEPENDENT MORTGAGE CORPORATION,34,26,0,2.0,19,14,1,0,0,14,12,0,0,0,national
2025,OR,41009,Columbia,RVDPPPGHCGZ40J4VQ731,"PENNYMAC LOAN SERVICES, LLC",32,20,3,1.54,27,4,1,0,0,17,2,1,0,0,national
2025,OR,41009,Columbia,549300FNXYY540N23N64,Newrez LLC,40,19,3,1.46,16,10,11,3,0,7,5,6,1,0,national
2025,OR,41009,Columbia,549300GKFNPRWNS0GF29,"AmeriHome Mortgage Company, LLC",19,16,1,1.23,12,1,6,0,0,10,1,5,0,0,national
2025,OR,41009,Columbia,549300Q02LGIN9AXKP98,FIRST TECHNOLOGY FEDERAL CREDIT UNION,27,16,8,1.23,27,0,0,0,0,16,0,0,0,0,national
2025,OR,41009,Columbia,549300AG64NHILB7ZP05,"LOANDEPOT.COM, LLC",26,13,6,1.0,17,5,4,0,0,9,2,2,0,0,national
2025,OR,41009,Columbia,549300VZVN841I2ILS84,"CROSSCOUNTRY MORTGAGE, LLC",18,13,0,1.0,9,5,4,0,0,6,4,3,0,0,national
2025,OR,41009,Columbia,5493008JECR4UE0WVR04,"MORTGAGE EXPRESS, LLC",16,12,1,0.92,8,5,2,1,0,8,2,2,0,0,national
2025,OR,41009,Columbia,549300LYRWPSYPK6S325,FREEDOM MORTGAGE CORPORATION,29,12,2,0.92,4,9,16,0,0,2,4,6,0,0,national
2025,OR,41009,Columbia,254900T37KTTXKCK3416,,15,11,2,0.85,15,0,0,0,0,11,0,0,0,0,national
2025,OR,41009,Columbia,549300KIOYNU323LVJ37,AMERICAN PACIFIC MORTGAGE CORPORATION,18,11,2,0.85,10,7,1,0,0,6,4,1,0,0,national
2025,OR,41009,Columbia,549300PIL8LFAQ04XC20,Better Mortgage Corporation,38,11,16,0.85,38,0,0,0,0,11,0,0,0,0,national
2025,OR,41009,Columbia,549300U3721PJGQZYY68,"GUARANTEED RATE, INC.",16,11,0,0.85,10,3,3,0,0,7,3,1,0,0,national
2025,OR,41009,Columbia,IFQSIUC9AGQV2NE8CN25,Columbia Bank,22,11,7,0.85,22,0,0,0,0,11,0,0,0,0,national
2025,OR,41009,Columbia,254900UL88QFG0E40516,FIGURE LENDING LLC,19,10,4,0.77,19,0,0,0,0,10,0,0,0,0,national
2025,OR,41009,Columbia,549300E2UX99HKDBR481,"NEW AMERICAN FUNDING, LLC",27,10,3,0.77,12,13,2,0,0,3,5,2,0,0,national
2025,OR,41009,Columbia,549300LBCBNR1OT00651,NATIONSTAR MORTGAGE LLC,15,10,1,0.77,11,3,1,0,0,7,2,1,0,0,national
2025,OR,41009,Columbia,254900ZFWS2106HWPH46,"PARAMOUNT RESIDENTIAL MORTGAGE GROUP, INC.",11,9,0,0.69,6,5,0,0,0,4,5,0,0,0,national
2025,OR,41009,Columbia,5493001GCBD5XGNIC815,Coastal Community Bank,36,9,1,0.69,36,0,0,0,0,9,0,0,0,0,national
2025,OR,41009,Columbia,5493003GQDUH26DNNH17,Navy Federal Credit Union,19,9,5,0.69,17,0,2,0,0,8,0,1,0,0,national
2025,OR,41009,Columbia,549300RPOGWJRH63HS39,UNION HOME MORTGAGE CORP.,11,9,0,0.69,6,2,2,1,0,4,2,2,1,0,national
2025,OR,41009,Columbia,549300T94GSH3C4U5M59,ALLIANT CREDIT UNION,9,9,0,0.69,8,0,1,0,0,8,0,1,0,0,national
2025,OR,41009,Columbia,549300XQVJ1XBNFA5536,21ST MORTGAGE CORPORATION,42,9,22,0.69,42,0,0,0,0,9,0,0,0,0,national
2025,OR,41009,Columbia,549300XWUSRVVOHPRY47,Academy Mortgage Corporation,16,9,1,0.69,12,4,0,0,0,7,2,0,0,0,national
2025,OR,41009,Columbia,2549001IK7UDPADKAG34,,14,8,3,0.61,14,0,0,0,0,8,0,0,0,0,national
2025,OR,41009,Columbia,54930007KK7ZS3IJVC25,,13,8,0,0.61,13,0,0,0,0,8,0,0,0,0,national
2025,OR,41009,Columbia,54930060G4MDPWHISD89,EVERGREEN MONEYSOURCE MORTGAGE COMPANY,10,8,0,0.61,6,3,1,0,0,5,2,1,0,0,national
2025,OR,41009,Columbia,549300BLL6VL7AXWYP56,,11,8,0,0.61,7,2,0,2,0,5,1,0,2,0,national
2025,OR,41009,Columbia,549300YIQ7S7Z8PIHE53,AMERISAVE MORTGAGE CORPORATION,24,8,15,0.61,20,3,1,0,0,8,0,0,0,0,national
2025,OR,41009,Columbia,549300OPCWU6E72WUT29,"MUTUAL OF OMAHA MORTGAGE, INC.",9,7,1,0.54,3,5,1,0,0,3,3,1,0,0,national
2025,OR,41009,Columbia,7H6GLXDRUGQFU57RNE97,"JPMorgan Chase Bank, National Association",9,7,1,0.54,7,2,0,0,0,5,2,0,0,0,national
2025,OR,41009,Columbia,WE0I402RW25AU38DTI13,Banner Bank,13,7,3,0.54,13,0,0,0,0,7,0,0,0,0,national
2025,OR,41009,Columbia,25490018IFQOT83Q7H49,,8,6,0,0.46,3,2,3,0,0,3,1,2,0,0,national
2025,OR,41009,Columbia,3Y4U8VZURTYWI1W2K376,BMO Bank National Association,13,6,5,0.46,11,2,0,0,0,5,1,0,0,0,national
2025,OR,41009,Columbia,549300J6N77Q8OHYNF23,,6,6,0,0.46,4,1,1,0,0,4,1,1,0,0,national
2025,OR,41009,Columbia,25490066WMF8ZMQXQB18,"Lendage, LLC",6,5,1,0.38,6,0,0,0,0,5,0,0,0,0,national
2025,OR,41009,Columbia,5493009QYNVEZ9VDJU57,,9,5,0,0.38,8,1,0,0,0,5,0,0,0,0,national
2025,OR,41009,Columbia,549300BX448ALT10FI43,The Federal Savings Bank,8,5,1,0.38,1,3,4,0,0,0,2,3,0,0,national
2025,OR,41009,Columbia,549300KZVCKCUN23YY80,,8,5,2,0.38,8,0,0,0,0,5,0,0,0,0,national
2025,OR,41009,Columbia,549300PL8ER6H23P0Z91,,6,5,0,0.38,3,3,0,0,0,3,2,0,0,0,national
2025,OR,41009,Columbia,549300R9S3MVDV4MGF56,"CARRINGTON MORTGAGE SERVICES, LLC",11,5,4,0.38,8,1,2,0,0,3,0,2,0,0,national
2025,OR,41009,Columbia,54930052M48FOD3CWA54,"PRIMARY RESIDENTIAL MORTGAGE, INC.",8,4,1,0.31,4,2,2,0,0,2,1,1,0,0,national
2025,OR,41009,Columbia,549300DD4R4SYK5RAQ92,"MOVEMENT MORTGAGE, LLC",5,4,0,0.31,3,1,1,0,0,3,0,1,0,0,national
2025,OR,41009,Columbia,549300H3IZO24NSOO931,"LENNAR MORTGAGE, LLC",6,4,0,0.31,4,0,2,0,0,3,0,1,0,0,national
2025,OR,41009,Columbia,549300IEP77RKJ87Z176,OREGON COMMUNITY,6,4,1,0.31,6,0,0,0,0,4,0,0,0,0,national
2025,OR,41009,Columbia,549300JYXTZDSPJEPI44,"PLAZA HOME MORTGAGE, INC.",4,4,0,0.31,2,2,0,0,0,2,2,0,0,0,national
2025,OR,41009,Columbia,549300MZ8VZJOVC63092,"KIND LENDING, LLC",9,4,3,0.31,6,3,0,0,0,2,2,0,0,0,national
2025,OR,41009,Columbia,549300O2EZG72LO2FX38,,4,4,0,0.31,1,0,1,2,0,1,0,1,2,0,national
2025,OR,41009,Columbia,549300Q3ROEQU3D1IW91,,12,4,6,0.31,12,0,0,0,0,4,0,0,0,0,national
2025,OR,41009,Columbia,549300Q50XCC0473FG63,,7,4,1,0.31,7,0,0,0,0,4,0,0,0,0,national
2025,OR,41009,Columbia,549300RN01LBYR8ZVX74,"LOWER, LLC",4,4,0,0.31,2,1,1,0,0,2,1,1,0,0,national
2025,OR,41009,Columbia,549300UB5TJ0YPVPT503,,5,4,0,0.31,4,1,0,0,0,4,0,0,0,0,national
2025,OR,41009,Columbia,549300XY701IELCE5Q08,BETTER MORTGAGE CORPORATION,7,4,2,0.31,6,1,0,0,0,3,1,0,0,0,national
2025,OR,41009,Columbia,X05BVSK68TQ7YTOSNR22,Discover Bank,13,4,4,0.31,13,0,0,0,0,4,0,0,0,0,national
2025,OR,41009,Columbia,2549008TT6UNYR7AXF54,,5,3,0,0.23,4,1,0,0,0,2,1,0,0,0,national
2025,OR,41009,Columbia,254900DTLHVWQ7NP7R34,"CMG Mortgage, Inc.",4,3,1,0.23,3,0,1,0,0,2,0,1,0,0,national
2025,OR,41009,Columbia,254900HA4DQWAE0W3342,"AMERIHOME MORTGAGE COMPANY, LLC",6,3,0,0.23,3,3,0,0,0,2,1,0,0,0,national
2025,OR,41009,Columbia,254900N49YI2HHKDPS92,,7,3,3,0.23,7,0,0,0,0,3,0,0,0,0,national
2025,OR,41009,Columbia,5493000D6RXLNBZQYA47,,6,3,1,0.23,6,0,0,0,0,3,0,0,0,0,national
2025,OR,41009,Columbia,5493000OM9RKJW8W5K82,,4,3,0,0.23,2,1,1,0,0,1,1,1,0,0,national
2025,OR,41009,Columbia,54930043BMDE130FJ617,"PROVIDENT FUNDING ASSOCIATES, L.P.",3,3,0,0.23,3,0,0,0,0,3,0,0,0,0,national
2025,OR,41009,Columbia,549300ALNLUNS3Y53T24,AMERICAN FINANCING CORPORATION,14,3,4,0.23,9,4,1,0,0,2,0,1,0,0,national
2025,OR,41009,Columbia,549300CB67L6KPJLHE19,"TRIAD FINANCIAL SERVICES, INC.",15,3,6,0.23,15,0,0,0,0,3,0,0,0,0,national
2025,OR,41009,Columbia,549300KJ8PAJ7E52HG32,Plains Commerce Bank,4,3,1,0.23,2,2,0,0,0,2,1,0,0,0,national
2025,OR,41009,Columbia,549300NOCASXPA34X033,"LAKEVIEW LOAN SERVICING, LLC",20,3,7,0.23,11,7,2,0,0,3,0,0,0,0,national
2025,OR,41009,Columbia,549300PQLK8E48ILXV41,,4,3,1,0.23,4,0,0,0,0,3,0,0,0,0,national
2025,OR,41009,Columbia,549300TA4MQM8WN2XG31,,3,3,0,0.23,3,0,0,0,0,3,0,0,0,0,national
2025,OR,41009,Columbia,549300VCMRO4ST680C11,VILLAGE CAPITAL & INVESTMENT LLC,8,3,2,0.23,0,5,3,0,0,0,0,3,0,0,national
2025,OR,41009,Columbia,549300ZBXINP1Y94CN02,,13,3,9,0.23,10,2,1,0,0,2,1,0,0,0,national
2025,OR,41009,Columbia,549300ZWNETGFXTBBY03,"CANOPY MORTGAGE, LLC",5,3,0,0.23,4,1,0,0,0,2,1,0,0,0,national
2025,OR,41009,Columbia,KB1H1DSPRFMYMCUFXT09,"Wells Fargo Bank, National Association",5,3,1,0.23,5,0,0,0,0,3,0,0,0,0,national
2025,OR,41009,Columbia,2549001SI0EMFPT39035,"Cornerstone First Mortgage, Inc",4,2,0,0.15,3,1,0,0,0,2,0,0,0,0,national
2025,OR,41009,Columbia,254900CTT87ZKAUTIJ37,,2,2,0,0.15,2,0,0,0,0,2,0,0,0,0,national
2025,OR,41009,Columbia,254900HD4RROQDXNWI45,,3,2,0,0.15,3,0,0,0,0,2,0,0,0,0,national
2025,OR,41009,Columbia,254900TTZ395IC926125,,4,2,1,0.15,3,0,1,0,0,1,0,1,0,0,national
2025,OR,41009,Columbia,5493001XKL0FTNOJ0866,,2,2,0,0.15,2,0,0,0,0,2,0,0,0,0,national
2025,OR,41009,Columbia,5493002B2WMHY23GFK92,"AMERICAN FINANCIAL RESOURCES, INC.",3,2,0,0.15,1,2,0,0,0,1,1,0,0,0,national
2025,OR,41009,Columbia,5493003WLEYGXGNTI654,SELCO COMMUNITY,2,2,0,0.15,2,0,0,0,0,2,0,0,0,0,national
2025,OR,41009,Columbia,5493004UNJQCCNMHSR95,,2,2,0,0.15,2,0,0,0,0,2,0,0,0,0,national
2025,OR,41009,Columbia,54930054ET8KM4O1D485,"SOFI BANK, NATIONAL ASSOCIATION",11,2,2,0.15,11,0,0,0,0,2,0,0,0,0,national
2025,OR,41009,Columbia,5493005PKOSG7MYX0B34,"Prosperity Home Mortgage, LLC",4,2,0,0.15,1,3,0,0,0,1,1,0,0,0,national
2025,OR,41009,Columbia,5493006KXUHSYFT7SD10,,2,2,0,0.15,2,0,0,0,0,2,0,0,0,0,national
2025,OR,41009,Columbia,5493006P5IHSK77SZ855,,2,2,0,0.15,2,0,0,0,0,2,0,0,0,0,national
2025,OR,41009,Columbia,5493006VAGP3GQ8FJT49,"Kiavi Funding, Inc.",2,2,0,0.15,2,0,0,0,0,2,0,0,0,0,national
2025,OR,41009,Columbia,549300748YYU6VG08N83,"Loan Simple, Inc.",2,2,0,0.15,0,1,0,1,0,0,1,0,1,0,national
2025,OR,41009,Columbia,54930078TNN7GKZ7NU89,,2,2,0,0.15,1,1,0,0,0,1,1,0,0,0,national
2025,OR,41009,Columbia,5493008CPTDVOS570626,"Primary Residential Mortgage, Inc.",3,2,0,0.15,3,0,0,0,0,2,0,0,0,0,national
2025,OR,41009,Columbia,5493008NWHQT1R22C024,"AMERICAN FINANCIAL NETWORK, INC.",2,2,0,0.15,1,0,1,0,0,1,0,1,0,0,national
2025,OR,41009,Columbia,549300CY7WNAHKHYSJ73,,2,2,0,0.15,2,0,0,0,0,2,0,0,0,0,national
2025,OR,41009,Columbia,549300E34W6TNRG7B624,,2,2,0,0.15,2,0,0,0,0,2,0,0,0,0,national
2025,OR,41009,Columbia,549300EKFFG3BU8DNX74,NEXERA HOLDING LLC,3,2,0,0.15,3,0,0,0,0,2,0,0,0,0,national
2025,OR,41009,Columbia,549300J7I82PNDVU8H22,"OCMBC, INC.",4,2,2,0.15,2,2,0,0,0,1,1,0,0,0,national
2025,OR,41009,Columbia,549300L44U62O7WHRR78,FIRST COMMUNITY,3,2,1,0.15,3,0,0,0,0,2,0,0,0,0,national
2025,OR,41009,Columbia,549300N3JBQ15RQ7AV97,,2,2,0,0.15,0,2,0,0,0,0,2,0,0,0,national
2025,OR,41009,Columbia,549300PC4MFWQBNVKG88,"V.I.P. MORTGAGE, INC.",2,2,0,0.15,1,1,0,0,0,1,1,0,0,0,national
2025,OR,41009,Columbia,549300R77W0P105C3S50,HOMEXPRESS MORTGAGE CORP.,3,2,1,0.15,3,0,0,0,0,2,0,0,0,0,national
2025,OR,41009,Columbia,549300REENMLD2RN3W58,"Magnolia Bank, Incorporated",2,2,0,0.15,1,0,1,0,0,1,0,1,0,0,national
2025,OR,41009,Columbia,549300S5YL3OH0IVCS62,FINANCE OF AMERICA REVERSE LLC,3,2,0,0.15,0,3,0,0,0,0,2,0,0,0,national
2025,OR,41009,Columbia,549300SK2GVCQXPD4S58,"SUN WEST MORTGAGE COMPANY, INC.",3,2,1,0.15,0,1,2,0,0,0,1,1,0,0,national
2025,OR,41009,Columbia,549300Y5Y88FQLI7VE83,DEEPHAVEN MORTGAGE LLC,10,2,8,0.15,10,0,0,0,0,2,0,0,0,0,national
2025,OR,41009,Columbia,549300ZIQ24V0C88AC41,GTE Federal Credit Union,2,2,0,0.15,2,0,0,0,0,2,0,0,0,0,national
2025,OR,41009,Columbia,B4TYDEB6GKMZO031MB27,"Bank of America, National Association",11,2,3,0.15,11,0,0,0,0,2,0,0,0,0,national
2025,OR,41009,Columbia,C5654JQHZUHN0772B561,USAA Federal Savings Bank,3,2,1,0.15,0,0,3,0,0,0,0,2,0,0,national
2025,OR,41009,Columbia,213800XR2TCBQJSF1X93,,1,1,0,0.08,0,0,1,0,0,0,0,1,0,0,national
2025,OR,41009,Columbia,2549004FXPNKCLIN8250,"Synergy One Lending, Inc.",4,1,1,0.08,2,0,2,0,0,0,0,1,0,0,national
2025,OR,41009,Columbia,2549004Z576VEJBK3N72,"NQM FUNDING, LLC",1,1,0,0.08,1,0,0,0,0,1,0,0,0,0,national
2025,OR,41009,Columbia,2549005SIVTHG14U2905,A&D Mortgage LLC,1,1,0,0.08,1,0,0,0,0,1,0,0,0,0,national
2025,OR,41009,Columbia,2549007IU6SKFLLNKZ07,,1,1,0,0.08,1,0,0,0,0,1,0,0,0,0,national
2025,OR,41009,Columbia,254900BBWJ82FQDQ6823,,1,1,0,0.08,1,0,0,0,0,1,0,0,0,0,national
2025,OR,41009,Columbia,254900HIDMT4ZG09RP47,,1,1,0,0.08,0,0,1,0,0,0,0,1,0,0,national
2025,OR,41009,Columbia,254900JZN2V0PWFMW808,,1,1,0,0.08,1,0,0,0,0,1,0,0,0,0,national
2025,OR,41009,Columbia,254900P1I9VHKMF8R991,,1,1,0,0.08,1,0,0,0,0,1,0,0,0,0,national
2025,OR,41009,Columbia,254900SUM1U8US3D2Z03,,1,1,0,0.08,1,0,0,0,0,1,0,0,0,0,national
2025,OR,41009,Columbia,254900Z8J5L9POS71X51,Oregon State Credit Union,1,1,0,0.08,1,0,0,0,0,1,0,0,0,0,national
2025,OR,41009,Columbia,5493000NYUJT9UC6G261,LEADERONE FINANCIAL CORPORATION,1,1,0,0.08,1,0,0,0,0,1,0,0,0,0,national
2025,OR,41009,Columbia,5493001GDRY0EL7VG372,"ARK-LA-TEX FINANCIAL SERVICES, LLC.",1,1,0,0.08,1,0,0,0,0,1,0,0,0,0,national
2025,OR,41009,Columbia,5493001WHVQBGRSWEU75,"HOMEBRIDGE FINANCIAL SERVICES, INC.",2,1,1,0.08,1,0,1,0,0,1,0,0,0,0,national
2025,OR,41009,Columbia,54930021WPEXNHYZUL09,"PLANET HOME LENDING, LLC",2,1,1,0.08,0,1,1,0,0,0,1,0,0,0,national
2025,OR,41009,Columbia,549300370QILXLFUWD20,"ZILLOW HOME LOANS, LLC",1,1,0,0.08,1,0,0,0,0,1,0,0,0,0,national
2025,OR,41009,Columbia,5493003T5D4N1CM46J77,1st Security Bank of Washington,2,1,0,0.08,2,0,0,0,0,1,0,0,0,0,national
2025,OR,41009,Columbia,54930048P8RWCQHQM310,,1,1,0,0.08,1,0,0,0,0,1,0,0,0,0,national
2025,OR,41009,Columbia,5493004AS1SPBQOFDR49,"Change Lending, LLC",1,1,0,0.08,1,0,0,0,0,1,0,0,0,0,national
2025,OR,41009,Columbia,5493004T38NMC864VL66,,1,1,0,0.08,1,0,0,0,0,1,0,0,0,0,national
2025,OR,41009,Columbia,5493006KQF5UKZ3Y9N07,,1,1,0,0.08,1,0,0,0,0,1,0,0,0,0,national
2025,OR,41009,Columbia,5493009B17HXCVXTD608,"JMAC LENDING, INC.",1,1,0,0.08,0,1,0,0,0,0,1,0,0,0,national
2025,OR,41009,Columbia,5493009QB0KBU5M6NP90,,2,1,0,0.08,2,0,0,0,0,1,0,0,0,0,national
2025,OR,41009,Columbia,549300BOXNV8VLRBDT24,,1,1,0,0.08,1,0,0,0,0,1,0,0,0,0,national
2025,OR,41009,Columbia,549300EMNDEK4BA8WB53,EMM LOANS LLC,1,1,0,0.08,1,0,0,0,0,1,0,0,0,0,national
2025,OR,41009,Columbia,549300F6Y1YO2YXN6135,,1,1,0,0.08,1,0,0,0,0,1,0,0,0,0,national
2025,OR,41009,Columbia,549300GS6ONO04ORI292,,2,1,1,0.08,1,1,0,0,0,1,0,0,0,0,national
2025,OR,41009,Columbia,549300GWD9H4FQ2VR805,,1,1,0,0.08,1,0,0,0,0,1,0,0,0,0,national
2025,OR,41009,Columbia,549300INFJ8TYNZ1G568,,1,1,0,0.08,1,0,0,0,0,1,0,0,0,0,national
2025,OR,41009,Columbia,549300K4ZLGS7SRDTL86,Equity Prime Mortgage LLC,4,1,0,0.08,0,3,1,0,0,0,0,1,0,0,national
2025,OR,41009,Columbia,549300KDR80I1ELW8D36,,5,1,0,0.08,5,0,0,0,0,1,0,0,0,0,national
2025,OR,41009,Columbia,549300KM40FP4MSQU941,Boeing Employees Credit Union,1,1,0,0.08,1,0,0,0,0,1,0,0,0,0,national
2025,OR,41009,Columbia,549300KQHWNSVCE2MY88,,1,1,0,0.08,1,0,0,0,0,1,0,0,0,0,national
2025,OR,41009,Columbia,549300LZUXCJFE5ONM48,,1,1,0,0.08,0,1,0,0,0,0,1,0,0,0,national
2025,OR,41009,Columbia,549300MHH03ICJYEPE85,,4,1,1,0.08,0,4,0,0,0,0,1,0,0,0,national
2025,OR,41009,Columbia,549300NFPC3Y4W3Y7R87,,2,1,0,0.08,1,0,1,0,0,0,0,1,0,0,national
2025,OR,41009,Columbia,549300P2GEYNMH5OQA71,,1,1,0,0.08,1,0,0,0,0,1,0,0,0,0,national
2025,OR,41009,Columbia,549300PEWJWBNEOSS013,,1,1,0,0.08,1,0,0,0,0,1,0,0,0,0,national
2025,OR,41009,Columbia,549300SCFWZXMDMZPE93,,1,1,0,0.08,0,0,1,0,0,0,0,1,0,0,national
2025,OR,41009,Columbia,549300T9P3WXNMXX0I34,Ixonia Bank,1,1,0,0.08,1,0,0,0,0,1,0,0,0,0,national
2025,OR,41009,Columbia,549300UBGGLZLZEY0M18,,3,1,1,0.08,3,0,0,0,0,1,0,0,0,0,national
2025,OR,41009,Columbia,549300UT4EN6IH579Q63,,1,1,0,0.08,1,0,0,0,0,1,0,0,0,0,national
2025,OR,41009,Columbia,549300VMX06UV1F7NS76,,2,1,0,0.08,1,0,1,0,0,0,0,1,0,0,national
2025,OR,41009,Columbia,549300XQ7B5FIVUNFE29,VAN DYK MORTGAGE CORPORATION,1,1,0,0.08,1,0,0,0,0,1,0,0,0,0,national
2025,OR,41009,Columbia,549300YN94MOAVYW0F52,"GoodLeap, LLC",1,1,0,0.08,1,0,0,0,0,1,0,0,0,0,national
2025,OR,41009,Columbia,549300Z2B4FHRYOXTS09,,1,1,0,0.08,1,0,0,0,0,1,0,0,0,0,national
2025,OR,41009,Columbia,549300ZZME37MXI1EF14,"DAS ACQUISITION COMPANY, LLC",1,1,0,0.08,1,0,0,0,0,1,0,0,0,0,national
2025,OR,41009,Columbia,AD6GFRVSDT01YPT1CS68,"PNC Bank, National Association",3,1,0,0.08,3,0,0,0,0,1,0,0,0,0,national
2025,OR,41009,Columbia,C398JSK21YCXWM603F55,"Barrington Bank & Trust Company, National Association",3,1,0,0.08,2,0,1,0,0,1,0,0,0,0,national
2025,OR,41009,Columbia,HUX2X73FUCYHUVH1BK78,KeyBank National Association,2,1,1,0.08,2,0,0,0,0,1,0,0,0,0,national
2025,OR,41009,Columbia,PAOOWF3GUFM46FBSP561,,5,1,0,0.08,2,2,1,0,0,0,1,0,0,0,national
2025,OR,41009,Columbia,QFROUN1UWUYU0DVIWD51,"Eagle Home Mortgage, LLC",1,1,0,0.08,1,0,0,0,0,1,0,0,0,0,national
2025,OR,41011,Coos,549300L44U62O7WHRR78,FIRST COMMUNITY,278,174,58,12.38,278,0,0,0,0,174,0,0,0,0,national
2025,OR,41011,Coos,549300AQ3T62GXDU7D76,GUILD MORTGAGE COMPANY LLC,170,117,2,8.33,86,47,26,11,0,54,34,18,11,0,national
2025,OR,41011,Coos,549300FGXN1K3HLB1R50,"Rocket Mortgage, LLC",161,112,35,7.97,113,30,18,0,0,82,19,11,0,0,national
2025,OR,41011,Coos,WE0I402RW25AU38DTI13,Banner Bank,146,92,34,6.55,132,6,7,1,0,82,5,4,1,0,national
2025,OR,41011,Coos,549300U3721PJGQZYY68,"GUARANTEED RATE, INC.",114,77,3,5.48,80,22,12,0,0,56,13,8,0,0,national
2025,OR,41011,Coos,IFQSIUC9AGQV2NE8CN25,Columbia Bank,118,57,46,4.06,113,1,4,0,0,54,0,3,0,0,national
2025,OR,41011,Coos,549300HW662MN1WU8550,"United Wholesale Mortgage, LLC",91,54,12,3.84,32,16,43,0,0,21,9,24,0,0,national
2025,OR,41011,Coos,549300ZBXINP1Y94CN02,,55,45,1,3.2,33,20,2,0,0,26,18,1,0,0,national
2025,OR,41011,Coos,549300UBGGLZLZEY0M18,,79,41,24,2.92,78,0,1,0,0,40,0,1,0,0,national
2025,OR,41011,Coos,549300HH0V8LECLNPQ26,ROGUE,57,39,7,2.78,56,0,1,0,0,38,0,1,0,0,national
2025,OR,41011,Coos,549300DD5QQUHO6PCH70,"MORTGAGE RESEARCH CENTER, LLC",82,34,12,2.42,7,1,74,0,0,3,0,31,0,0,national
2025,OR,41011,Coos,6BYL5QZYBDK8S7L73M02,U.S. Bank National Association,67,32,23,2.28,66,0,1,0,0,31,0,1,0,0,national
2025,OR,41011,Coos,549300VZVN841I2ILS84,"CROSSCOUNTRY MORTGAGE, LLC",39,24,2,1.71,17,16,6,0,0,12,8,4,0,0,national
2025,OR,41011,Coos,RVDPPPGHCGZ40J4VQ731,"PENNYMAC LOAN SERVICES, LLC",40,20,5,1.42,21,16,3,0,0,13,5,2,0,0,national
2025,OR,41011,Coos,54930015645SYPOM7220,,24,19,0,1.35,12,5,5,2,0,9,4,4,2,0,national
2025,OR,41011,Coos,549300AG64NHILB7ZP05,"LOANDEPOT.COM, LLC",33,19,9,1.35,22,5,6,0,0,14,1,4,0,0,national
2025,OR,41011,Coos,5493003GQDUH26DNNH17,Navy Federal Credit Union,30,17,4,1.21,17,0,13,0,0,8,0,9,0,0,national
2025,OR,41011,Coos,549300E2UX99HKDBR481,"NEW AMERICAN FUNDING, LLC",39,16,4,1.14,23,14,2,0,0,9,5,2,0,0,national
2025,OR,41011,Coos,549300MZ8VZJOVC63092,"KIND LENDING, LLC",30,16,8,1.14,11,7,12,0,0,6,2,8,0,0,national
2025,OR,41011,Coos,549300LBCBNR1OT00651,NATIONSTAR MORTGAGE LLC,23,14,3,1.0,18,4,1,0,0,10,3,1,0,0,national
2025,OR,41011,Coos,549300FNXYY540N23N64,Newrez LLC,37,13,3,0.93,20,6,11,0,0,8,4,1,0,0,national
2025,OR,41011,Coos,2549008LK3474E9U2888,ONPOINT COMMUNITY CREDIT UNION,18,12,2,0.85,16,1,1,0,0,12,0,0,0,0,national
2025,OR,41011,Coos,549300IEP77RKJ87Z176,OREGON COMMUNITY,12,10,2,0.71,12,0,0,0,0,10,0,0,0,0,national
2025,OR,41011,Coos,549300ZWNETGFXTBBY03,"CANOPY MORTGAGE, LLC",16,10,1,0.71,11,3,2,0,0,8,2,0,0,0,national
2025,OR,41011,Coos,549300GKFNPRWNS0GF29,"AmeriHome Mortgage Company, LLC",13,9,1,0.64,8,4,1,0,0,6,3,0,0,0,national
2025,OR,41011,Coos,25490066WMF8ZMQXQB18,"Lendage, LLC",10,8,1,0.57,10,0,0,0,0,8,0,0,0,0,national
2025,OR,41011,Coos,254900ZFWS2106HWPH46,"PARAMOUNT RESIDENTIAL MORTGAGE GROUP, INC.",12,8,0,0.57,7,1,3,1,0,5,1,2,0,0,national
2025,OR,41011,Coos,5493002B2WMHY23GFK92,"AMERICAN FINANCIAL RESOURCES, INC.",8,8,0,0.57,0,5,2,1,0,0,5,2,1,0,national
2025,OR,41011,Coos,54930060G4MDPWHISD89,EVERGREEN MONEYSOURCE MORTGAGE COMPANY,14,8,0,0.57,11,3,0,0,0,6,2,0,0,0,national
2025,OR,41011,Coos,549300MGPZBLQDIL7538,FAIRWAY INDEPENDENT MORTGAGE CORPORATION,14,8,0,0.57,9,2,3,0,0,5,1,2,0,0,national
2025,OR,41011,Coos,549300OPCWU6E72WUT29,"MUTUAL OF OMAHA MORTGAGE, INC.",22,8,5,0.57,5,11,6,0,0,2,5,1,0,0,national
2025,OR,41011,Coos,549300VMX06UV1F7NS76,,10,8,0,0.57,6,3,1,0,0,5,2,1,0,0,national
2025,OR,41011,Coos,254900UL88QFG0E40516,FIGURE LENDING LLC,18,7,9,0.5,18,0,0,0,0,7,0,0,0,0,national
2025,OR,41011,Coos,549300LYRWPSYPK6S325,FREEDOM MORTGAGE CORPORATION,25,7,2,0.5,0,12,13,0,0,0,4,3,0,0,national
2025,OR,41011,Coos,549300QKL5FUBZ8LSF50,"NATIONS DIRECT MORTGAGE, LLC",8,7,0,0.5,5,1,2,0,0,4,1,2,0,0,national
2025,OR,41011,Coos,254900DTLHVWQ7NP7R34,"CMG Mortgage, Inc.",10,6,1,0.43,9,0,1,0,0,5,0,1,0,0,national
2025,OR,41011,Coos,254900Z8J5L9POS71X51,Oregon State Credit Union,9,6,3,0.43,9,0,0,0,0,6,0,0,0,0,national
2025,OR,41011,Coos,549300CB67L6KPJLHE19,"TRIAD FINANCIAL SERVICES, INC.",25,6,11,0.43,25,0,0,0,0,6,0,0,0,0,national
2025,OR,41011,Coos,549300PIL8LFAQ04XC20,Better Mortgage Corporation,21,6,12,0.43,21,0,0,0,0,6,0,0,0,0,national
2025,OR,41011,Coos,549300RFLICNI75BG067,Luminate Bank,10,6,0,0.43,5,3,2,0,0,3,2,1,0,0,national
2025,OR,41011,Coos,549300YIQ7S7Z8PIHE53,AMERISAVE MORTGAGE CORPORATION,27,6,18,0.43,19,6,2,0,0,5,0,1,0,0,national
2025,OR,41011,Coos,549300BLL6VL7AXWYP56,,7,5,0,0.36,5,1,1,0,0,3,1,1,0,0,national
2025,OR,41011,Coos,549300DD4R4SYK5RAQ92,"MOVEMENT MORTGAGE, LLC",7,5,1,0.36,6,0,1,0,0,4,0,1,0,0,national
2025,OR,41011,Coos,549300RFSMIRUODUVW59,,8,5,3,0.36,8,0,0,0,0,5,0,0,0,0,national
2025,OR,41011,Coos,549300SUCQ1358EGVE89,"NEW DAY FINANCIAL, LLC",18,5,4,0.36,0,1,17,0,0,0,0,5,0,0,national
2025,OR,41011,Coos,254900WEP08K7U7S3A80,,5,4,0,0.28,4,0,1,0,0,3,0,1,0,0,national
2025,OR,41011,Coos,5493003WLEYGXGNTI654,SELCO COMMUNITY,6,4,1,0.28,6,0,0,0,0,4,0,0,0,0,national
2025,OR,41011,Coos,549300KIOYNU323LVJ37,AMERICAN PACIFIC MORTGAGE CORPORATION,6,4,0,0.28,2,4,0,0,0,2,2,0,0,0,national
2025,OR,41011,Coos,549300NOCASXPA34X033,"LAKEVIEW LOAN SERVICING, LLC",14,4,4,0.28,4,6,4,0,0,2,0,2,0,0,national
2025,OR,41011,Coos,549300R9S3MVDV4MGF56,"CARRINGTON MORTGAGE SERVICES, LLC",16,4,6,0.28,10,4,2,0,0,2,1,1,0,0,national
2025,OR,41011,Coos,549300S5YL3OH0IVCS62,FINANCE OF AMERICA REVERSE LLC,4,4,0,0.28,1,3,0,0,0,1,3,0,0,0,national
2025,OR,41011,Coos,549300XCVBRR56D08F03,,9,4,0,0.28,7,1,1,0,0,3,0,1,0,0,national
2025,OR,41011,Coos,549300XQVJ1XBNFA5536,21ST MORTGAGE CORPORATION,26,4,10,0.28,26,0,0,0,0,4,0,0,0,0,national
2025,OR,41011,Coos,549300XY701IELCE5Q08,BETTER MORTGAGE CORPORATION,7,4,1,0.28,5,2,0,0,0,3,1,0,0,0,national
2025,OR,41011,Coos,2549004FXPNKCLIN8250,"Synergy One Lending, Inc.",5,3,1,0.21,2,3,0,0,0,0,3,0,0,0,national
2025,OR,41011,Coos,254900TTZ395IC926125,,3,3,0,0.21,3,0,0,0,0,3,0,0,0,0,national
2025,OR,41011,Coos,5493008VVXQIDO1EZ460,"SUMMIT FUNDING, INC.",10,3,0,0.21,5,4,1,0,0,1,1,1,0,0,national
2025,OR,41011,Coos,549300BX448ALT10FI43,The Federal Savings Bank,9,3,1,0.21,0,0,9,0,0,0,0,3,0,0,national
2025,OR,41011,Coos,549300FX7K8PTEQUU487,PENTAGON FEDERAL CREDIT UNION,7,3,4,0.21,6,0,1,0,0,2,0,1,0,0,national
2025,OR,41011,Coos,549300GS6ONO04ORI292,,6,3,1,0.21,2,1,3,0,0,2,0,1,0,0,national
2025,OR,41011,Coos,549300HIVO8XPBPNVG69,NOVA FINANCIAL & INVESTMENT CORPORATION,5,3,2,0.21,3,2,0,0,0,2,1,0,0,0,national
2025,OR,41011,Coos,549300J6N77Q8OHYNF23,,3,3,0,0.21,1,1,1,0,0,1,1,1,0,0,national
2025,OR,41011,Coos,549300MHH03ICJYEPE85,,6,3,1,0.21,0,6,0,0,0,0,3,0,0,0,national
2025,OR,41011,Coos,549300OYEKEORA1GI088,,3,3,0,0.21,2,0,1,0,0,2,0,1,0,0,national
2025,OR,41011,Coos,549300VCMRO4ST680C11,VILLAGE CAPITAL & INVESTMENT LLC,9,3,3,0.21,0,1,8,0,0,0,0,3,0,0,national
2025,OR,41011,Coos,B4TYDEB6GKMZO031MB27,"Bank of America, National Association",12,3,4,0.21,12,0,0,0,0,3,0,0,0,0,national
2025,OR,41011,Coos,C5654JQHZUHN0772B561,USAA Federal Savings Bank,7,3,3,0.21,3,0,4,0,0,1,0,2,0,0,national
2025,OR,41011,Coos,KB1H1DSPRFMYMCUFXT09,"Wells Fargo Bank, National Association",10,3,3,0.21,10,0,0,0,0,3,0,0,0,0,national
2025,OR,41011,Coos,2549005SIVTHG14U2905,A&D Mortgage LLC,2,2,0,0.14,1,1,0,0,0,1,1,0,0,0,national
2025,OR,41011,Coos,2549008TT6UNYR7AXF54,,2,2,0,0.14,2,0,0,0,0,2,0,0,0,0,national
2025,OR,41011,Coos,254900CTT87ZKAUTIJ37,,4,2,2,0.14,4,0,0,0,0,2,0,0,0,0,national
2025,OR,41011,Coos,254900N133DZGPB2X985,,2,2,0,0.14,2,0,0,0,0,2,0,0,0,0,national
2025,OR,41011,Coos,254900RQX8N4HXJIDK44,,2,2,0,0.14,2,0,0,0,0,2,0,0,0,0,national
2025,OR,41011,Coos,5493001GCBD5XGNIC815,Coastal Community Bank,19,2,1,0.14,19,0,0,0,0,2,0,0,0,0,national
2025,OR,41011,Coos,54930049L5WINET09Q97,"CLICK N' CLOSE, INC.",2,2,0,0.14,0,2,0,0,0,0,2,0,0,0,national
2025,OR,41011,Coos,5493004AS1SPBQOFDR49,"Change Lending, LLC",3,2,1,0.14,3,0,0,0,0,2,0,0,0,0,national
2025,OR,41011,Coos,54930052M48FOD3CWA54,"PRIMARY RESIDENTIAL MORTGAGE, INC.",5,2,3,0.14,0,5,0,0,0,0,2,0,0,0,national
2025,OR,41011,Coos,54930054ET8KM4O1D485,"SOFI BANK, NATIONAL ASSOCIATION",11,2,0,0.14,11,0,0,0,0,2,0,0,0,0,national
2025,OR,41011,Coos,5493006KXUHSYFT7SD10,,3,2,0,0.14,0,3,0,0,0,0,2,0,0,0,national
2025,OR,41011,Coos,5493006VAGP3GQ8FJT49,"Kiavi Funding, Inc.",3,2,0,0.14,3,0,0,0,0,2,0,0,0,0,national
2025,OR,41011,Coos,54930078TNN7GKZ7NU89,,2,2,0,0.14,0,1,1,0,0,0,1,1,0,0,national
2025,OR,41011,Coos,5493008JECR4UE0WVR04,"MORTGAGE EXPRESS, LLC",3,2,0,0.14,2,0,1,0,0,1,0,1,0,0,national
2025,OR,41011,Coos,549300K4ZLGS7SRDTL86,Equity Prime Mortgage LLC,2,2,0,0.14,0,0,2,0,0,0,0,2,0,0,national
2025,OR,41011,Coos,549300LZUXCJFE5ONM48,,2,2,0,0.14,0,2,0,0,0,0,2,0,0,0,national
2025,OR,41011,Coos,549300R77W0P105C3S50,HOMEXPRESS MORTGAGE CORP.,3,2,1,0.14,3,0,0,0,0,2,0,0,0,0,national
2025,OR,41011,Coos,549300RN01LBYR8ZVX74,"LOWER, LLC",4,2,0,0.14,1,2,1,0,0,1,0,1,0,0,national
2025,OR,41011,Coos,549300RPOGWJRH63HS39,UNION HOME MORTGAGE CORP.,2,2,0,0.14,2,0,0,0,0,2,0,0,0,0,national
2025,OR,41011,Coos,549300SCFWZXMDMZPE93,,4,2,1,0.14,3,1,0,0,0,2,0,0,0,0,national
2025,OR,41011,Coos,549300UT4EN6IH579Q63,,2,2,0,0.14,2,0,0,0,0,2,0,0,0,0,national
2025,OR,41011,Coos,549300Y5Y88FQLI7VE83,DEEPHAVEN MORTGAGE LLC,2,2,0,0.14,2,0,0,0,0,2,0,0,0,0,national
2025,OR,41011,Coos,7H6GLXDRUGQFU57RNE97,"JPMorgan Chase Bank, National Association",8,2,1,0.14,8,0,0,0,0,2,0,0,0,0,national
2025,OR,41011,Coos,DRMSV1Q0EKMEXLAU1P80,"Citizens Bank, National Association",2,2,0,0.14,2,0,0,0,0,2,0,0,0,0,national
2025,OR,41011,Coos,HUX2X73FUCYHUVH1BK78,KeyBank National Association,2,2,0,0.14,2,0,0,0,0,2,0,0,0,0,national
2025,OR,41011,Coos,01KWVG908KE7RKPTNP46,,2,1,1,0.07,1,1,0,0,0,1,0,0,0,0,national
2025,OR,41011,Coos,25490018IFQOT83Q7H49,,1,1,0,0.07,0,1,0,0,0,0,1,0,0,0,national
2025,OR,41011,Coos,2549001IK7UDPADKAG34,,1,1,0,0.07,1,0,0,0,0,1,0,0,0,0,national
2025,OR,41011,Coos,254900A1LV2U6NM10498,,1,1,0,0.07,1,0,0,0,0,1,0,0,0,0,national
2025,OR,41011,Coos,254900HA4DQWAE0W3342,"AMERIHOME MORTGAGE COMPANY, LLC",1,1,0,0.07,0,1,0,0,0,0,1,0,0,0,national
2025,OR,41011,Coos,254900M2C4Q6DATP2889,,2,1,0,0.07,1,1,0,0,0,0,1,0,0,0,national
2025,OR,41011,Coos,254900T37KTTXKCK3416,,3,1,1,0.07,3,0,0,0,0,1,0,0,0,0,national
2025,OR,41011,Coos,254900VHUBSJJKOMBF27,,1,1,0,0.07,1,0,0,0,0,1,0,0,0,0,national
2025,OR,41011,Coos,254900WT4HAMDFWH3048,,1,1,0,0.07,0,1,0,0,0,0,1,0,0,0,national
2025,OR,41011,Coos,3Y4U8VZURTYWI1W2K376,BMO Bank National Association,1,1,0,0.07,1,0,0,0,0,1,0,0,0,0,national
2025,OR,41011,Coos,5493000349C5XXDRQX28,,1,1,0,0.07,0,0,1,0,0,0,0,1,0,0,national
2025,OR,41011,Coos,54930007KK7ZS3IJVC25,,1,1,0,0.07,1,0,0,0,0,1,0,0,0,0,national
2025,OR,41011,Coos,5493000FWM3I2HHQY149,WASHINGTON STATE EMPLOYEES CREDIT UNION,1,1,0,0.07,1,0,0,0,0,1,0,0,0,0,national
2025,OR,41011,Coos,549300121SF0K2LN2804,"PRIMELENDING, A PLAINSCAPITAL COMPANY",1,1,0,0.07,1,0,0,0,0,1,0,0,0,0,national
2025,OR,41011,Coos,5493001WHVQBGRSWEU75,"HOMEBRIDGE FINANCIAL SERVICES, INC.",2,1,0,0.07,2,0,0,0,0,1,0,0,0,0,national
2025,OR,41011,Coos,5493001XKL0FTNOJ0866,,1,1,0,0.07,1,0,0,0,0,1,0,0,0,0,national
2025,OR,41011,Coos,54930021WPEXNHYZUL09,"PLANET HOME LENDING, LLC",3,1,2,0.07,2,0,1,0,0,1,0,0,0,0,national
2025,OR,41011,Coos,54930043BMDE130FJ617,"PROVIDENT FUNDING ASSOCIATES, L.P.",3,1,0,0.07,3,0,0,0,0,1,0,0,0,0,national
2025,OR,41011,Coos,54930048P8RWCQHQM310,,1,1,0,0.07,1,0,0,0,0,1,0,0,0,0,national
2025,OR,41011,Coos,5493005PD34O8ZT7QT17,,1,1,0,0.07,1,0,0,0,0,1,0,0,0,0,national
2025,OR,41011,Coos,5493006S869XKIESMV41,Mountain America Federal Credit Union,1,1,0,0.07,1,0,0,0,0,1,0,0,0,0,national
2025,OR,41011,Coos,549300748YYU6VG08N83,"Loan Simple, Inc.",1,1,0,0.07,0,1,0,0,0,0,1,0,0,0,national
2025,OR,41011,Coos,5493007BX4I89K17ZM64,,1,1,0,0.07,0,1,0,0,0,0,1,0,0,0,national
2025,OR,41011,Coos,5493008CPTDVOS570626,"Primary Residential Mortgage, Inc.",3,1,1,0.07,3,0,0,0,0,1,0,0,0,0,national
2025,OR,41011,Coos,5493008E4KBJCB6UKR64,,1,1,0,0.07,0,1,0,0,0,0,1,0,0,0,national
2025,OR,41011,Coos,5493009B17HXCVXTD608,"JMAC LENDING, INC.",2,1,0,0.07,1,1,0,0,0,0,1,0,0,0,national
2025,OR,41011,Coos,5493009HUMWCHFRDKF12,,1,1,0,0.07,1,0,0,0,0,1,0,0,0,0,national
2025,OR,41011,Coos,549300AENO88GEUWCZ39,,1,1,0,0.07,1,0,0,0,0,1,0,0,0,0,national
2025,OR,41011,Coos,549300B4IYL7TZT8FA34,,3,1,0,0.07,3,0,0,0,0,1,0,0,0,0,national
2025,OR,41011,Coos,549300CDLJDN8ENOT455,MARION AND POLK SCHOOLS CREDIT UNION,1,1,0,0.07,1,0,0,0,0,1,0,0,0,0,national
2025,OR,41011,Coos,549300CK7U1WMTIG6687,,1,1,0,0.07,0,1,0,0,0,0,1,0,0,0,national
2025,OR,41011,Coos,549300CY7WNAHKHYSJ73,,1,1,0,0.07,1,0,0,0,0,1,0,0,0,0,national
2025,OR,41011,Coos,549300DCGBXW5FJMV921,,1,1,0,0.07,1,0,0,0,0,1,0,0,0,0,national
2025,OR,41011,Coos,549300GQDT484LGI9C04,,2,1,0,0.07,2,0,0,0,0,1,0,0,0,0,national
2025,OR,41011,Coos,549300GYK7N8U42X9587,,1,1,0,0.07,1,0,0,0,0,1,0,0,0,0,national
2025,OR,41011,Coos,549300INFJ8TYNZ1G568,,1,1,0,0.07,1,0,0,0,0,1,0,0,0,0,national
2025,OR,41011,Coos,549300IPUHFA5O769M51,"Vellum Mortgage, Inc.",1,1,0,0.07,1,0,0,0,0,1,0,0,0,0,national
2025,OR,41011,Coos,549300J7I82PNDVU8H22,"OCMBC, INC.",1,1,0,0.07,1,0,0,0,0,1,0,0,0,0,national
2025,OR,41011,Coos,549300KDR80I1ELW8D36,,3,1,0,0.07,3,0,0,0,0,1,0,0,0,0,national
2025,OR,41011,Coos,549300NFPC3Y4W3Y7R87,,2,1,0,0.07,2,0,0,0,0,1,0,0,0,0,national
2025,OR,41011,Coos,549300O2EZG72LO2FX38,,1,1,0,0.07,1,0,0,0,0,1,0,0,0,0,national
2025,OR,41011,Coos,549300OLJQ30ZT21BC55,,1,1,0,0.07,1,0,0,0,0,1,0,0,0,0,national
2025,OR,41011,Coos,549300OPB0G5OMY0SM65,,1,1,0,0.07,1,0,0,0,0,1,0,0,0,0,national
2025,OR,41011,Coos,549300OZ550X4QD5PC74,Royal Credit Union,1,1,0,0.07,0,1,0,0,0,0,1,0,0,0,national
2025,OR,41011,Coos,549300PC4MFWQBNVKG88,"V.I.P. MORTGAGE, INC.",1,1,0,0.07,0,1,0,0,0,0,1,0,0,0,national
2025,OR,41011,Coos,549300Q02LGIN9AXKP98,FIRST TECHNOLOGY FEDERAL CREDIT UNION,2,1,1,0.07,2,0,0,0,0,1,0,0,0,0,national
2025,OR,41011,Coos,549300Q1YFRSB8UEGH03,,1,1,0,0.07,1,0,0,0,0,1,0,0,0,0,national
2025,OR,41011,Coos,549300Q3ROEQU3D1IW91,,6,1,2,0.07,6,0,0,0,0,1,0,0,0,0,national
2025,OR,41011,Coos,549300Q50XCC0473FG63,,1,1,0,0.07,1,0,0,0,0,1,0,0,0,0,national
2025,OR,41011,Coos,549300R7HGHP2I754087,TOWNE MORTGAGE COMPANY,1,1,0,0.07,0,0,1,0,0,0,0,1,0,0,national
2025,OR,41011,Coos,549300SK2GVCQXPD4S58,"SUN WEST MORTGAGE COMPANY, INC.",5,1,2,0.07,0,0,5,0,0,0,0,1,0,0,national
2025,OR,41011,Coos,549300T94GSH3C4U5M59,ALLIANT CREDIT UNION,1,1,0,0.07,1,0,0,0,0,1,0,0,0,0,national
2025,OR,41011,Coos,549300T9P3WXNMXX0I34,Ixonia Bank,1,1,0,0.07,1,0,0,0,0,1,0,0,0,0,national
2025,OR,41011,Coos,549300TDBTRK89DZRC13,,1,1,0,0.07,1,0,0,0,0,1,0,0,0,0,national
2025,OR,41011,Coos,549300UR5AOWTJJ7KZ64,,2,1,0,0.07,2,0,0,0,0,1,0,0,0,0,national
2025,OR,41011,Coos,549300UVOSI4XZZGUE14,,1,1,0,0.07,0,0,1,0,0,0,0,1,0,0,national
2025,OR,41011,Coos,549300UXY7OP0IC38293,Northpointe Bank,1,1,0,0.07,1,0,0,0,0,1,0,0,0,0,national
2025,OR,41011,Coos,549300VORTI31GZTJL53,"CARDINAL FINANCIAL COMPANY, LIMITED PARTNERSHIP",2,1,0,0.07,2,0,0,0,0,1,0,0,0,0,national
2025,OR,41011,Coos,549300W1HU6IVVIEJ389,"RANLIFE, INC.",2,1,0,0.07,0,2,0,0,0,0,1,0,0,0,national
2025,OR,41011,Coos,549300ZIQ24V0C88AC41,GTE Federal Credit Union,1,1,0,0.07,1,0,0,0,0,1,0,0,0,0,national
2025,OR,41011,Coos,984500CD6F0743B8F530,,1,1,0,0.07,0,0,1,0,0,0,0,1,0,0,national
2025,OR,41011,Coos,984500F6E6940CCB6A60,,1,1,0,0.07,1,0,0,0,0,1,0,0,0,0,national
2025,OR,41011,Coos,984500U2F9A83N391A91,"CHAMPIONS FUNDING, LLC",1,1,0,0.07,1,0,0,0,0,1,0,0,0,0,national
2025,OR,41011,Coos,AD6GFRVSDT01YPT1CS68,"PNC Bank, National Association",1,1,0,0.07,1,0,0,0,0,1,0,0,0,0,national
2025,OR,41011,Coos,C398JSK21YCXWM603F55,"Barrington Bank & Trust Company, National Association",2,1,0,0.07,1,0,1,0,0,0,0,1,0,0,national
2025,OR,41011,Coos,IUGPUX5LWRZ3B6KIZ697,Ameris Bank,1,1,0,0.07,1,0,0,0,0,1,0,0,0,0,national
2025,OR,41011,Coos,L9VVX1KT5TFTKS0MLF66,First-Citizens Bank & Trust Company,1,1,0,0.07,1,0,0,0,0,1,0,0,0,0,national
2025,OR,41011,Coos,PAOOWF3GUFM46FBSP561,,1,1,0,0.07,1,0,0,0,0,1,0,0,0,0,national
2025,OR,41011,Coos,Q708HHR4LD2B7XIZNO92,First Federal Bank,4,1,0,0.07,2,0,2,0,0,1,0,0,0,0,national
2025,OR,41011,Coos,SS1TRMSN6BRNMOREEV51,"Flagstar Bank, National Association",2,1,1,0.07,1,1,0,0,0,1,0,0,0,0,national
2025,OR,41011,Coos,X05BVSK68TQ7YTOSNR22,Discover Bank,20,1,11,0.07,20,0,0,0,0,1,0,0,0,0,national
2025,OR,41011,Coos,549300ALNLUNS3Y53T24,AMERICAN FINANCING CORPORATION,6,0,3,0.0,5,0,1,0,0,0,0,0,0,0,national
2025,OR,41017,Deschutes,2549008LK3474E9U2888,ONPOINT COMMUNITY CREDIT UNION,673,466,125,6.97,670,0,3,0,0,465,0,1,0,0,national
2025,OR,41017,Deschutes,549300TEGBOIDI6Z5J56,,405,369,15,5.52,405,0,0,0,0,369,0,0,0,0,national
2025,OR,41017,Deschutes,549300FGXN1K3HLB1R50,"Rocket Mortgage, LLC",452,349,57,5.22,374,49,29,0,0,293,33,23,0,0,national
2025,OR,41017,Deschutes,549300HW662MN1WU8550,"United Wholesale Mortgage, LLC",409,312,47,4.67,283,64,62,0,0,214,47,51,0,0,national
2025,OR,41017,Deschutes,5493003WLEYGXGNTI654,SELCO COMMUNITY,496,298,143,4.46,496,0,0,0,0,298,0,0,0,0,national
2025,OR,41017,Deschutes,549300AQ3T62GXDU7D76,GUILD MORTGAGE COMPANY LLC,385,239,13,3.58,301,63,20,1,0,192,36,11,0,0,national
2025,OR,41017,Deschutes,254900DTLHVWQ7NP7R34,"CMG Mortgage, Inc.",270,232,9,3.47,231,36,3,0,0,199,30,3,0,0,national
2025,OR,41017,Deschutes,6BYL5QZYBDK8S7L73M02,U.S. Bank National Association,375,207,102,3.1,372,1,2,0,0,204,1,2,0,0,national
2025,OR,41017,Deschutes,549300GKFNPRWNS0GF29,"AmeriHome Mortgage Company, LLC",265,202,5,3.02,202,40,23,0,0,153,29,20,0,0,national
2025,OR,41017,Deschutes,549300AG64NHILB7ZP05,"LOANDEPOT.COM, LLC",254,192,20,2.87,202,37,15,0,0,149,32,11,0,0,national
2025,OR,41017,Deschutes,IFQSIUC9AGQV2NE8CN25,Columbia Bank,244,187,38,2.8,234,7,3,0,0,181,5,1,0,0,national
2025,OR,41017,Deschutes,549300U3721PJGQZYY68,"GUARANTEED RATE, INC.",220,152,7,2.27,190,17,13,0,0,134,11,7,0,0,national
2025,OR,41017,Deschutes,549300MZ8VZJOVC63092,"KIND LENDING, LLC",204,150,42,2.24,155,38,10,1,0,114,26,9,1,0,national
2025,OR,41017,Deschutes,549300VZVN841I2ILS84,"CROSSCOUNTRY MORTGAGE, LLC",194,144,9,2.15,156,21,17,0,0,121,12,11,0,0,national
2025,OR,41017,Deschutes,RVDPPPGHCGZ40J4VQ731,"PENNYMAC LOAN SERVICES, LLC",183,124,11,1.86,137,23,23,0,0,97,11,16,0,0,national
2025,OR,41017,Deschutes,549300RFSMIRUODUVW59,,206,122,48,1.83,204,2,0,0,0,121,1,0,0,0,national
2025,OR,41017,Deschutes,B4TYDEB6GKMZO031MB27,"Bank of America, National Association",211,117,44,1.75,211,0,0,0,0,117,0,0,0,0,national
2025,OR,41017,Deschutes,549300L44U62O7WHRR78,FIRST COMMUNITY,140,99,12,1.48,140,0,0,0,0,99,0,0,0,0,national
2025,OR,41017,Deschutes,549300FNXYY540N23N64,Newrez LLC,197,90,20,1.35,147,17,33,0,0,70,5,15,0,0,national
2025,OR,41017,Deschutes,549300DD4R4SYK5RAQ92,"MOVEMENT MORTGAGE, LLC",121,83,10,1.24,98,16,7,0,0,69,12,2,0,0,national
2025,OR,41017,Deschutes,549300MGPZBLQDIL7538,FAIRWAY INDEPENDENT MORTGAGE CORPORATION,105,82,1,1.23,76,23,6,0,0,57,21,4,0,0,national
2025,OR,41017,Deschutes,5493001SXWZ4OFP8Z903,"DHI MORTGAGE COMPANY, LTD.",126,79,16,1.18,99,18,9,0,0,68,8,3,0,0,national
2025,OR,41017,Deschutes,549300QKL5FUBZ8LSF50,"NATIONS DIRECT MORTGAGE, LLC",92,77,0,1.15,66,11,15,0,0,54,9,14,0,0,national
2025,OR,41017,Deschutes,7H6GLXDRUGQFU57RNE97,"JPMorgan Chase Bank, National Association",102,62,13,0.93,101,0,1,0,0,61,0,1,0,0,national
2025,OR,41017,Deschutes,254900ZFWS2106HWPH46,"PARAMOUNT RESIDENTIAL MORTGAGE GROUP, INC.",83,61,4,0.91,62,13,8,0,0,47,7,7,0,0,national
2025,OR,41017,Deschutes,549300E2UX99HKDBR481,"NEW AMERICAN FUNDING, LLC",103,58,4,0.87,57,37,9,0,0,35,17,6,0,0,national
2025,OR,41017,Deschutes,549300Q02LGIN9AXKP98,FIRST TECHNOLOGY FEDERAL CREDIT UNION,75,56,6,0.84,75,0,0,0,0,56,0,0,0,0,national
2025,OR,41017,Deschutes,2549008TT6UNYR7AXF54,,67,50,2,0.75,53,11,2,1,0,39,8,2,1,0,national
2025,OR,41017,Deschutes,549300KJ8PAJ7E52HG32,Plains Commerce Bank,55,48,1,0.72,44,5,6,0,0,40,4,4,0,0,national
2025,OR,41017,Deschutes,54930043BMDE130FJ617,"PROVIDENT FUNDING ASSOCIATES, L.P.",68,47,1,0.7,68,0,0,0,0,47,0,0,0,0,national
2025,OR,41017,Deschutes,549300IEP77RKJ87Z176,OREGON COMMUNITY,64,47,7,0.7,64,0,0,0,0,47,0,0,0,0,national
2025,OR,41017,Deschutes,5493004AS1SPBQOFDR49,"Change Lending, LLC",53,40,2,0.6,47,4,1,1,0,36,3,1,0,0,national
2025,OR,41017,Deschutes,549300P2GEYNMH5OQA71,,58,40,9,0.6,53,4,1,0,0,36,3,1,0,0,national
2025,OR,41017,Deschutes,KB1H1DSPRFMYMCUFXT09,"Wells Fargo Bank, National Association",69,40,13,0.6,68,1,0,0,0,40,0,0,0,0,national
2025,OR,41017,Deschutes,5493008VVXQIDO1EZ460,"SUMMIT FUNDING, INC.",53,39,2,0.58,47,3,3,0,0,33,3,3,0,0,national
2025,OR,41017,Deschutes,549300H3IZO24NSOO931,"LENNAR MORTGAGE, LLC",47,39,1,0.58,31,13,3,0,0,25,12,2,0,0,national
2025,OR,41017,Deschutes,549300XY701IELCE5Q08,BETTER MORTGAGE CORPORATION,71,39,17,0.58,66,3,2,0,0,36,2,1,0,0,national
2025,OR,41017,Deschutes,254900UL88QFG0E40516,FIGURE LENDING LLC,77,37,19,0.55,77,0,0,0,0,37,0,0,0,0,national
2025,OR,41017,Deschutes,549300B4IYL7TZT8FA34,,42,33,1,0.49,30,8,4,0,0,25,6,2,0,0,national
2025,OR,41017,Deschutes,549300DD5QQUHO6PCH70,"MORTGAGE RESEARCH CENTER, LLC",98,33,15,0.49,7,2,88,1,0,1,2,30,0,0,national
2025,OR,41017,Deschutes,549300LYRWPSYPK6S325,FREEDOM MORTGAGE CORPORATION,81,32,6,0.48,17,32,32,0,0,6,10,16,0,0,national
2025,OR,41017,Deschutes,5493003GQDUH26DNNH17,Navy Federal Credit Union,62,31,13,0.46,44,0,18,0,0,20,0,11,0,0,national
2025,OR,41017,Deschutes,549300INFJ8TYNZ1G568,,33,31,1,0.46,33,0,0,0,0,31,0,0,0,0,national
2025,OR,41017,Deschutes,254900TTZ395IC926125,,42,30,3,0.45,37,4,1,0,0,26,3,1,0,0,national
2025,OR,41017,Deschutes,549300UBGGLZLZEY0M18,,46,29,10,0.43,46,0,0,0,0,29,0,0,0,0,national
2025,OR,41017,Deschutes,549300GS0W0TEUQS8571,"Morgan Stanley Private Bank, National Association",32,28,0,0.42,32,0,0,0,0,28,0,0,0,0,national
2025,OR,41017,Deschutes,549300LBCBNR1OT00651,NATIONSTAR MORTGAGE LLC,47,27,8,0.4,44,1,2,0,0,26,0,1,0,0,national
2025,OR,41017,Deschutes,549300OPCWU6E72WUT29,"MUTUAL OF OMAHA MORTGAGE, INC.",37,27,4,0.4,21,13,3,0,0,13,11,3,0,0,national
2025,OR,41017,Deschutes,549300T94GSH3C4U5M59,ALLIANT CREDIT UNION,38,25,6,0.37,38,0,0,0,0,25,0,0,0,0,national
2025,OR,41017,Deschutes,5493006KXUHSYFT7SD10,,31,24,0,0.36,20,10,1,0,0,15,8,1,0,0,national
2025,OR,41017,Deschutes,549300CB67L6KPJLHE19,"TRIAD FINANCIAL SERVICES, INC.",54,24,19,0.36,54,0,0,0,0,24,0,0,0,0,national
2025,OR,41017,Deschutes,549300ZWNETGFXTBBY03,"CANOPY MORTGAGE, LLC",41,24,0,0.36,37,2,2,0,0,20,2,2,0,0,national
2025,OR,41017,Deschutes,549300KIOYNU323LVJ37,AMERICAN PACIFIC MORTGAGE CORPORATION,29,22,2,0.33,19,6,3,1,0,14,4,3,1,0,national
2025,OR,41017,Deschutes,549300BLL6VL7AXWYP56,,27,21,0,0.31,22,4,1,0,0,17,4,0,0,0,national
2025,OR,41017,Deschutes,549300NOCASXPA34X033,"LAKEVIEW LOAN SERVICING, LLC",79,21,39,0.31,50,23,6,0,0,14,4,3,0,0,national
2025,OR,41017,Deschutes,549300KM40FP4MSQU941,Boeing Employees Credit Union,25,20,1,0.3,25,0,0,0,0,20,0,0,0,0,national
2025,OR,41017,Deschutes,549300PIL8LFAQ04XC20,Better Mortgage Corporation,98,20,60,0.3,98,0,0,0,0,20,0,0,0,0,national
2025,OR,41017,Deschutes,549300ZBXINP1Y94CN02,,28,20,1,0.3,25,3,0,0,0,19,1,0,0,0,national
2025,OR,41017,Deschutes,PAOOWF3GUFM46FBSP561,,37,20,5,0.3,25,6,6,0,0,11,4,5,0,0,national
2025,OR,41017,Deschutes,5493001GCBD5XGNIC815,Coastal Community Bank,96,19,1,0.28,96,0,0,0,0,19,0,0,0,0,national
2025,OR,41017,Deschutes,549300S5YL3OH0IVCS62,FINANCE OF AMERICA REVERSE LLC,25,19,3,0.28,13,12,0,0,0,8,11,0,0,0,national
2025,OR,41017,Deschutes,2549005SIVTHG14U2905,A&D Mortgage LLC,26,18,4,0.27,25,0,1,0,0,17,0,1,0,0,national
2025,OR,41017,Deschutes,54930060G4MDPWHISD89,EVERGREEN MONEYSOURCE MORTGAGE COMPANY,25,18,0,0.27,19,5,1,0,0,14,3,1,0,0,national
2025,OR,41017,Deschutes,254900Z8J5L9POS71X51,Oregon State Credit Union,20,17,0,0.25,20,0,0,0,0,17,0,0,0,0,national
2025,OR,41017,Deschutes,549300YIQ7S7Z8PIHE53,AMERISAVE MORTGAGE CORPORATION,65,17,35,0.25,46,13,6,0,0,13,3,1,0,0,national
2025,OR,41017,Deschutes,5493002B2WMHY23GFK92,"AMERICAN FINANCIAL RESOURCES, INC.",17,15,0,0.22,11,4,2,0,0,10,3,2,0,0,national
2025,OR,41017,Deschutes,5493007L4GYNO2PUBS09,,24,15,4,0.22,19,4,1,0,0,10,4,1,0,0,national
2025,OR,41017,Deschutes,5493008JECR4UE0WVR04,"MORTGAGE EXPRESS, LLC",26,15,1,0.22,20,3,3,0,0,12,1,2,0,0,national
2025,OR,41017,Deschutes,549300UB5TJ0YPVPT503,,24,15,0,0.22,20,3,1,0,0,13,1,1,0,0,national
2025,OR,41017,Deschutes,3Y4U8VZURTYWI1W2K376,BMO Bank National Association,23,14,7,0.21,23,0,0,0,0,14,0,0,0,0,national
2025,OR,41017,Deschutes,54930054ET8KM4O1D485,"SOFI BANK, NATIONAL ASSOCIATION",50,14,7,0.21,49,1,0,0,0,14,0,0,0,0,national
2025,OR,41017,Deschutes,549300RPOGWJRH63HS39,UNION HOME MORTGAGE CORP.,20,14,1,0.21,16,4,0,0,0,10,4,0,0,0,national
2025,OR,41017,Deschutes,549300XWUSRVVOHPRY47,Academy Mortgage Corporation,29,14,0,0.21,25,3,1,0,0,12,1,1,0,0,national
2025,OR,41017,Deschutes,254900T37KTTXKCK3416,,15,13,0,0.19,15,0,0,0,0,13,0,0,0,0,national
2025,OR,41017,Deschutes,549300O2EZG72LO2FX38,,19,13,0,0.19,17,2,0,0,0,11,2,0,0,0,national
2025,OR,41017,Deschutes,254900E6AIE4Z8YQM970,Citadel Servicing Corporation,23,12,1,0.18,23,0,0,0,0,12,0,0,0,0,national
2025,OR,41017,Deschutes,5493008NWHQT1R22C024,"AMERICAN FINANCIAL NETWORK, INC.",15,12,1,0.18,4,10,0,1,0,3,8,0,1,0,national
2025,OR,41017,Deschutes,549300GWD9H4FQ2VR805,,13,12,0,0.18,13,0,0,0,0,12,0,0,0,0,national
2025,OR,41017,Deschutes,549300K4ZLGS7SRDTL86,Equity Prime Mortgage LLC,19,12,2,0.18,0,11,8,0,0,0,6,6,0,0,national
2025,OR,41017,Deschutes,AD6GFRVSDT01YPT1CS68,"PNC Bank, National Association",18,12,2,0.18,18,0,0,0,0,12,0,0,0,0,national
2025,OR,41017,Deschutes,WE0I402RW25AU38DTI13,Banner Bank,24,12,7,0.18,21,2,1,0,0,11,0,1,0,0,national
2025,OR,41017,Deschutes,2549001IK7UDPADKAG34,,19,11,6,0.16,19,0,0,0,0,11,0,0,0,0,national
2025,OR,41017,Deschutes,5493008CPTDVOS570626,"Primary Residential Mortgage, Inc.",15,11,3,0.16,15,0,0,0,0,11,0,0,0,0,national
2025,OR,41017,Deschutes,549300FX7K8PTEQUU487,PENTAGON FEDERAL CREDIT UNION,21,11,7,0.16,18,0,3,0,0,10,0,1,0,0,national
2025,OR,41017,Deschutes,549300LROQOOQU77WS20,,15,11,1,0.16,15,0,0,0,0,11,0,0,0,0,national
2025,OR,41017,Deschutes,549300WJIJV987NXVC31,,16,11,0,0.16,15,1,0,0,0,10,1,0,0,0,national
2025,OR,41017,Deschutes,C5654JQHZUHN0772B561,USAA Federal Savings Bank,33,11,10,0.16,22,0,11,0,0,7,0,4,0,0,national
2025,OR,41017,Deschutes,X05BVSK68TQ7YTOSNR22,Discover Bank,41,11,17,0.16,41,0,0,0,0,11,0,0,0,0,national
2025,OR,41017,Deschutes,213800XR2TCBQJSF1X93,,19,10,2,0.15,16,1,2,0,0,9,0,1,0,0,national
2025,OR,41017,Deschutes,5493001WHVQBGRSWEU75,"HOMEBRIDGE FINANCIAL SERVICES, INC.",16,10,2,0.15,15,1,0,0,0,10,0,0,0,0,national
2025,OR,41017,Deschutes,549300BX448ALT10FI43,The Federal Savings Bank,19,10,2,0.15,10,1,8,0,0,8,0,2,0,0,national
2025,OR,41017,Deschutes,549300JYXTZDSPJEPI44,"PLAZA HOME MORTGAGE, INC.",14,10,4,0.15,9,4,1,0,0,7,2,1,0,0,national
2025,OR,41017,Deschutes,549300RA3E0BUFO7YZ21,"Hometown Equity Mortgage, LLC",16,10,6,0.15,15,1,0,0,0,9,1,0,0,0,national
2025,OR,41017,Deschutes,549300UR5AOWTJJ7KZ64,,14,10,0,0.15,14,0,0,0,0,10,0,0,0,0,national
2025,OR,41017,Deschutes,2WHM8VNJH63UN14OL754,The Huntington National Bank,10,9,0,0.13,10,0,0,0,0,9,0,0,0,0,national
2025,OR,41017,Deschutes,549300121SF0K2LN2804,"PRIMELENDING, A PLAINSCAPITAL COMPANY",9,9,0,0.13,8,1,0,0,0,8,1,0,0,0,national
2025,OR,41017,Deschutes,549300R77W0P105C3S50,HOMEXPRESS MORTGAGE CORP.,14,9,5,0.13,14,0,0,0,0,9,0,0,0,0,national
2025,OR,41017,Deschutes,549300VCMRO4ST680C11,VILLAGE CAPITAL & INVESTMENT LLC,19,9,6,0.13,0,8,11,0,0,0,5,4,0,0,national
2025,OR,41017,Deschutes,HUX2X73FUCYHUVH1BK78,KeyBank National Association,14,9,3,0.13,13,1,0,0,0,8,1,0,0,0,national
2025,OR,41017,Deschutes,01KWVG908KE7RKPTNP46,,13,8,0,0.12,11,2,0,0,0,8,0,0,0,0,national
2025,OR,41017,Deschutes,254900HEJ9F73IMPX887,,19,8,1,0.12,19,0,0,0,0,8,0,0,0,0,national
2025,OR,41017,Deschutes,5493009HUMWCHFRDKF12,,10,8,0,0.12,9,0,1,0,0,7,0,1,0,0,national
2025,OR,41017,Deschutes,549300ALNLUNS3Y53T24,AMERICAN FINANCING CORPORATION,31,8,10,0.12,17,11,3,0,0,6,2,0,0,0,national
2025,OR,41017,Deschutes,549300Q3ROEQU3D1IW91,,25,8,12,0.12,25,0,0,0,0,8,0,0,0,0,national
2025,OR,41017,Deschutes,D38AC76TAMYI50NBPX33,,10,8,0,0.12,10,0,0,0,0,8,0,0,0,0,national
2025,OR,41017,Deschutes,25490018IFQOT83Q7H49,,8,7,0,0.1,8,0,0,0,0,7,0,0,0,0,national
2025,OR,41017,Deschutes,2549004FXPNKCLIN8250,"Synergy One Lending, Inc.",12,7,1,0.1,7,5,0,0,0,3,4,0,0,0,national
2025,OR,41017,Deschutes,5493001GDRY0EL7VG372,"ARK-LA-TEX FINANCIAL SERVICES, LLC.",7,7,0,0.1,6,1,0,0,0,6,1,0,0,0,national
2025,OR,41017,Deschutes,549300KSOOZZVXCMA627,ANGEL OAK MORTGAGE SOLUTIONS LLC,9,7,1,0.1,9,0,0,0,0,7,0,0,0,0,national
2025,OR,41017,Deschutes,549300PQLK8E48ILXV41,,20,7,4,0.1,19,1,0,0,0,6,1,0,0,0,national
2025,OR,41017,Deschutes,549300ZPSJZO10ZAX556,"AMERICAN HERITAGE LENDING, LLC",8,7,0,0.1,8,0,0,0,0,7,0,0,0,0,national
2025,OR,41017,Deschutes,CKVBED0S4DMLKJJ5XH28,Stifel Bank and Trust,8,7,0,0.1,8,0,0,0,0,7,0,0,0,0,national
2025,OR,41017,Deschutes,E57ODZWZ7FF32TWEFA76,"Citibank, National Association",11,7,0,0.1,11,0,0,0,0,7,0,0,0,0,national
2025,OR,41017,Deschutes,25490066WMF8ZMQXQB18,"Lendage, LLC",10,6,1,0.09,10,0,0,0,0,6,0,0,0,0,national
2025,OR,41017,Deschutes,254900VHUBSJJKOMBF27,,6,6,0,0.09,5,1,0,0,0,5,1,0,0,0,national
2025,OR,41017,Deschutes,254900WEP08K7U7S3A80,,8,6,1,0.09,2,4,2,0,0,2,3,1,0,0,national
2025,OR,41017,Deschutes,549300COIWXM618UBE82,,8,6,2,0.09,8,0,0,0,0,6,0,0,0,0,national
2025,OR,41017,Deschutes,549300HH0V8LECLNPQ26,ROGUE,11,6,1,0.09,10,0,1,0,0,6,0,0,0,0,national
2025,OR,41017,Deschutes,549300KDR80I1ELW8D36,,22,6,6,0.09,22,0,0,0,0,6,0,0,0,0,national
2025,OR,41017,Deschutes,549300N2GMOJ61XHEL06,,10,6,0,0.09,9,0,1,0,0,5,0,1,0,0,national
2025,OR,41017,Deschutes,254900BMXWPEHXG4LF21,,7,5,2,0.07,2,5,0,0,0,0,5,0,0,0,national
2025,OR,41017,Deschutes,5493000OM9RKJW8W5K82,,9,5,3,0.07,7,1,1,0,0,4,1,0,0,0,national
2025,OR,41017,Deschutes,54930025XJJO3T0M1A92,,7,5,1,0.07,7,0,0,0,0,5,0,0,0,0,national
2025,OR,41017,Deschutes,549300370QILXLFUWD20,"ZILLOW HOME LOANS, LLC",6,5,0,0.07,6,0,0,0,0,5,0,0,0,0,national
2025,OR,41017,Deschutes,5493003T5D4N1CM46J77,1st Security Bank of Washington,8,5,0,0.07,7,1,0,0,0,5,0,0,0,0,national
2025,OR,41017,Deschutes,54930048P8RWCQHQM310,,5,5,0,0.07,5,0,0,0,0,5,0,0,0,0,national
2025,OR,41017,Deschutes,5493005PKOSG7MYX0B34,"Prosperity Home Mortgage, LLC",14,5,3,0.07,8,3,3,0,0,3,1,1,0,0,national
2025,OR,41017,Deschutes,549300EKFFG3BU8DNX74,NEXERA HOLDING LLC,9,5,1,0.07,9,0,0,0,0,5,0,0,0,0,national
2025,OR,41017,Deschutes,549300MHH03ICJYEPE85,,13,5,3,0.07,7,6,0,0,0,1,4,0,0,0,national
2025,OR,41017,Deschutes,549300PL8ER6H23P0Z91,,6,5,1,0.07,4,1,1,0,0,3,1,1,0,0,national
2025,OR,41017,Deschutes,549300Q50XCC0473FG63,,8,5,3,0.07,8,0,0,0,0,5,0,0,0,0,national
2025,OR,41017,Deschutes,549300RN01LBYR8ZVX74,"LOWER, LLC",12,5,2,0.07,6,6,0,0,0,4,1,0,0,0,national
2025,OR,41017,Deschutes,549300XCVBRR56D08F03,,14,5,0,0.07,11,3,0,0,0,4,1,0,0,0,national
2025,OR,41017,Deschutes,549300XQVJ1XBNFA5536,21ST MORTGAGE CORPORATION,28,5,15,0.07,28,0,0,0,0,5,0,0,0,0,national
2025,OR,41017,Deschutes,254900HA4DQWAE0W3342,"AMERIHOME MORTGAGE COMPANY, LLC",5,4,0,0.06,3,2,0,0,0,3,1,0,0,0,national
2025,OR,41017,Deschutes,254900NZOY3XB2DNSZ34,,6,4,2,0.06,6,0,0,0,0,4,0,0,0,0,national
2025,OR,41017,Deschutes,54930021WPEXNHYZUL09,"PLANET HOME LENDING, LLC",6,4,2,0.06,0,4,2,0,0,0,3,1,0,0,national
2025,OR,41017,Deschutes,5493004T38NMC864VL66,,4,4,0,0.06,4,0,0,0,0,4,0,0,0,0,national
2025,OR,41017,Deschutes,5493006VAGP3GQ8FJT49,"Kiavi Funding, Inc.",7,4,1,0.06,7,0,0,0,0,4,0,0,0,0,national
2025,OR,41017,Deschutes,5493009B17HXCVXTD608,"JMAC LENDING, INC.",8,4,1,0.06,6,2,0,0,0,3,1,0,0,0,national
2025,OR,41017,Deschutes,5493009Y8ROUG903AQ21,,5,4,0,0.06,5,0,0,0,0,4,0,0,0,0,national
2025,OR,41017,Deschutes,549300CY7WNAHKHYSJ73,,5,4,0,0.06,5,0,0,0,0,4,0,0,0,0,national
2025,OR,41017,Deschutes,549300F6Y1YO2YXN6135,,4,4,0,0.06,4,0,0,0,0,4,0,0,0,0,national
2025,OR,41017,Deschutes,549300ISCZS1R0CJMO47,,5,4,0,0.06,5,0,0,0,0,4,0,0,0,0,national
2025,OR,41017,Deschutes,549300J7I82PNDVU8H22,"OCMBC, INC.",7,4,1,0.06,7,0,0,0,0,4,0,0,0,0,national
2025,OR,41017,Deschutes,549300KX6E1IE2LM5E30,,5,4,0,0.06,5,0,0,0,0,4,0,0,0,0,national
2025,OR,41017,Deschutes,549300LZUXCJFE5ONM48,,4,4,0,0.06,0,4,0,0,0,0,4,0,0,0,national
2025,OR,41017,Deschutes,549300NWBS6MQJX15N44,,4,4,0,0.06,4,0,0,0,0,4,0,0,0,0,national
2025,OR,41017,Deschutes,549300R9S3MVDV4MGF56,"CARRINGTON MORTGAGE SERVICES, LLC",24,4,14,0.06,14,7,3,0,0,2,2,0,0,0,national
2025,OR,41017,Deschutes,549300SCFWZXMDMZPE93,,4,4,0,0.06,4,0,0,0,0,4,0,0,0,0,national
2025,OR,41017,Deschutes,549300Y5Y88FQLI7VE83,DEEPHAVEN MORTGAGE LLC,6,4,1,0.06,6,0,0,0,0,4,0,0,0,0,national
2025,OR,41017,Deschutes,549300YN94MOAVYW0F52,"GoodLeap, LLC",5,4,1,0.06,5,0,0,0,0,4,0,0,0,0,national
2025,OR,41017,Deschutes,549300YX5RPSSMR88K92,,4,4,0,0.06,4,0,0,0,0,4,0,0,0,0,national
2025,OR,41017,Deschutes,593C3GZG957YOJPS2Z63,,4,4,0,0.06,4,0,0,0,0,4,0,0,0,0,national
2025,OR,41017,Deschutes,984500U2F9A83N391A91,"CHAMPIONS FUNDING, LLC",12,4,5,0.06,12,0,0,0,0,4,0,0,0,0,national
2025,OR,41017,Deschutes,KD3XUN7C6T14HNAYLU02,,4,4,0,0.06,4,0,0,0,0,4,0,0,0,0,national
2025,OR,41017,Deschutes,L9VVX1KT5TFTKS0MLF66,First-Citizens Bank & Trust Company,4,4,0,0.06,4,0,0,0,0,4,0,0,0,0,national
2025,OR,41017,Deschutes,254900FBWEZ3YUPOBN33,,3,3,0,0.04,3,0,0,0,0,3,0,0,0,0,national
2025,OR,41017,Deschutes,254900M2C4Q6DATP2889,,7,3,3,0.04,1,5,1,0,0,0,2,1,0,0,national
2025,OR,41017,Deschutes,54930007KK7ZS3IJVC25,,6,3,0,0.04,6,0,0,0,0,3,0,0,0,0,national
2025,OR,41017,Deschutes,5493002TJKC8NLH1ZP82,,5,3,0,0.04,3,2,0,0,0,2,1,0,0,0,national
2025,OR,41017,Deschutes,54930052M48FOD3CWA54,"PRIMARY RESIDENTIAL MORTGAGE, INC.",3,3,0,0.04,3,0,0,0,0,3,0,0,0,0,national
2025,OR,41017,Deschutes,5493005LE3FE2MIPPW66,,3,3,0,0.04,3,0,0,0,0,3,0,0,0,0,national
2025,OR,41017,Deschutes,549300DCGBXW5FJMV921,,3,3,0,0.04,3,0,0,0,0,3,0,0,0,0,national
2025,OR,41017,Deschutes,549300E34W6TNRG7B624,,5,3,1,0.04,5,0,0,0,0,3,0,0,0,0,national
2025,OR,41017,Deschutes,549300FK3AFCFVAPH234,"Leader Bank, National Association",3,3,0,0.04,3,0,0,0,0,3,0,0,0,0,national
2025,OR,41017,Deschutes,549300G4ESSS6M0MEG51,ORIGINPOINT LLC,7,3,0,0.04,7,0,0,0,0,3,0,0,0,0,national
2025,OR,41017,Deschutes,549300KQHWNSVCE2MY88,,3,3,0,0.04,3,0,0,0,0,3,0,0,0,0,national
2025,OR,41017,Deschutes,549300KTR1JGH3K6LU06,FOURLEAF,7,3,4,0.04,7,0,0,0,0,3,0,0,0,0,national
2025,OR,41017,Deschutes,549300KZVCKCUN23YY80,,4,3,0,0.04,4,0,0,0,0,3,0,0,0,0,national
2025,OR,41017,Deschutes,549300NJVKCDJA5YC939,,3,3,0,0.04,3,0,0,0,0,3,0,0,0,0,national
2025,OR,41017,Deschutes,549300SUCQ1358EGVE89,"NEW DAY FINANCIAL, LLC",26,3,1,0.04,0,1,25,0,0,0,0,3,0,0,national
2025,OR,41017,Deschutes,549300TA4MQM8WN2XG31,,3,3,0,0.04,3,0,0,0,0,3,0,0,0,0,national
2025,OR,41017,Deschutes,549300TMY3OACQC9U777,,5,3,0,0.04,5,0,0,0,0,3,0,0,0,0,national
2025,OR,41017,Deschutes,549300VORTI31GZTJL53,"CARDINAL FINANCIAL COMPANY, LIMITED PARTNERSHIP",5,3,0,0.04,2,3,0,0,0,1,2,0,0,0,national
2025,OR,41017,Deschutes,C398JSK21YCXWM603F55,"Barrington Bank & Trust Company, National Association",3,3,0,0.04,3,0,0,0,0,3,0,0,0,0,national
2025,OR,41017,Deschutes,IUGPUX5LWRZ3B6KIZ697,Ameris Bank,3,3,0,0.04,2,0,1,0,0,2,0,1,0,0,national
2025,OR,41017,Deschutes,WWB2V0FCW3A0EE3ZJN75,Manufacturers and Traders Trust Company,3,3,0,0.04,2,1,0,0,0,2,1,0,0,0,national
2025,OR,41017,Deschutes,2549001SI0EMFPT39035,"Cornerstone First Mortgage, Inc",3,2,0,0.03,2,1,0,0,0,2,0,0,0,0,national
2025,OR,41017,Deschutes,254900DSZI6CJXJL6Z14,,2,2,0,0.03,2,0,0,0,0,2,0,0,0,0,national
2025,OR,41017,Deschutes,254900IEGKUDRDS23V26,,2,2,0,0.03,2,0,0,0,0,2,0,0,0,0,national
2025,OR,41017,Deschutes,254900JZN2V0PWFMW808,,2,2,0,0.03,2,0,0,0,0,2,0,0,0,0,national
2025,OR,41017,Deschutes,254900KI7219LQKCI772,First Western Trust Bank,2,2,0,0.03,2,0,0,0,0,2,0,0,0,0,national
2025,OR,41017,Deschutes,254900N6XFQR6TP1WG82,,2,2,0,0.03,2,0,0,0,0,2,0,0,0,0,national
2025,OR,41017,Deschutes,254900RQX8N4HXJIDK44,,2,2,0,0.03,1,1,0,0,0,1,1,0,0,0,national
2025,OR,41017,Deschutes,254900TG14TB8RKS3U42,,5,2,0,0.03,4,0,1,0,0,2,0,0,0,0,national
2025,OR,41017,Deschutes,254900WT4HAMDFWH3048,,5,2,0,0.03,3,2,0,0,0,1,1,0,0,0,national
2025,OR,41017,Deschutes,5493000349C5XXDRQX28,,7,2,2,0.03,4,3,0,0,0,2,0,0,0,0,national
2025,OR,41017,Deschutes,5493000FWM3I2HHQY149,WASHINGTON STATE EMPLOYEES CREDIT UNION,3,2,1,0.03,3,0,0,0,0,2,0,0,0,0,national
2025,OR,41017,Deschutes,5493000NYUJT9UC6G261,LEADERONE FINANCIAL CORPORATION,2,2,0,0.03,2,0,0,0,0,2,0,0,0,0,national
2025,OR,41017,Deschutes,5493002GI63WHHUTUD85,"KEYSTONE FUNDING, INC.",2,2,0,0.03,1,0,1,0,0,1,0,1,0,0,national
2025,OR,41017,Deschutes,5493002Y5XYV7DV1ZV88,"GOLD STAR MORTGAGE FINANCIAL GROUP, CORPORATION",2,2,0,0.03,2,0,0,0,0,2,0,0,0,0,national
2025,OR,41017,Deschutes,549300323EON4W3CCM44,"RESICENTRAL, LLC",3,2,0,0.03,2,1,0,0,0,2,0,0,0,0,national
2025,OR,41017,Deschutes,54930072OCHTUJOZQB56,Liberty Credit Union,2,2,0,0.03,2,0,0,0,0,2,0,0,0,0,national
2025,OR,41017,Deschutes,549300748YYU6VG08N83,"Loan Simple, Inc.",3,2,0,0.03,0,3,0,0,0,0,2,0,0,0,national
2025,OR,41017,Deschutes,5493008SP1FN4D81IS17,,2,2,0,0.03,2,0,0,0,0,2,0,0,0,0,national
2025,OR,41017,Deschutes,549300AG10BX85DF5S49,MLD MORTGAGE INC.,5,2,0,0.03,4,0,1,0,0,1,0,1,0,0,national
2025,OR,41017,Deschutes,549300BOXNV8VLRBDT24,,6,2,2,0.03,6,0,0,0,0,2,0,0,0,0,national
2025,OR,41017,Deschutes,549300DNWSJUNAWUM003,,2,2,0,0.03,2,0,0,0,0,2,0,0,0,0,national
2025,OR,41017,Deschutes,549300DT7WZ1SOTNFJ62,,2,2,0,0.03,2,0,0,0,0,2,0,0,0,0,national
2025,OR,41017,Deschutes,549300J6N77Q8OHYNF23,,2,2,0,0.03,1,0,1,0,0,1,0,1,0,0,national
2025,OR,41017,Deschutes,549300JQALY53TH22D13,,2,2,0,0.03,2,0,0,0,0,2,0,0,0,0,national
2025,OR,41017,Deschutes,549300LLESTPOVRG3X73,,4,2,0,0.03,4,0,0,0,0,2,0,0,0,0,national
2025,OR,41017,Deschutes,549300MUXFVZKH4XLG17,,3,2,0,0.03,3,0,0,0,0,2,0,0,0,0,national
2025,OR,41017,Deschutes,549300NFPC3Y4W3Y7R87,,8,2,1,0.03,3,3,2,0,0,0,1,1,0,0,national
2025,OR,41017,Deschutes,549300O6Z0I6KYMESL47,AMWEST FUNDING CORP.,3,2,0,0.03,3,0,0,0,0,2,0,0,0,0,national
2025,OR,41017,Deschutes,549300S5FVOSK5DQJN30,INTERCAP LENDING INC.,2,2,0,0.03,2,0,0,0,0,2,0,0,0,0,national
2025,OR,41017,Deschutes,549300SK2GVCQXPD4S58,"SUN WEST MORTGAGE COMPANY, INC.",2,2,0,0.03,0,1,1,0,0,0,1,1,0,0,national
2025,OR,41017,Deschutes,549300T61O0X0RJMQ375,,2,2,0,0.03,2,0,0,0,0,2,0,0,0,0,national
2025,OR,41017,Deschutes,549300TF1E42EUFBSL45,,2,2,0,0.03,2,0,0,0,0,2,0,0,0,0,national
2025,OR,41017,Deschutes,549300TUQC6OYE8A0Y96,,3,2,0,0.03,3,0,0,0,0,2,0,0,0,0,national
2025,OR,41017,Deschutes,549300UXY7OP0IC38293,Northpointe Bank,6,2,0,0.03,6,0,0,0,0,2,0,0,0,0,national
2025,OR,41017,Deschutes,549300VEJ302N3NLKA88,,3,2,1,0.03,3,0,0,0,0,2,0,0,0,0,national
2025,OR,41017,Deschutes,549300XHPPLC0TBRV021,,2,2,0,0.03,0,2,0,0,0,0,2,0,0,0,national
2025,OR,41017,Deschutes,549300YW2UBCMDRMBT48,,2,2,0,0.03,1,1,0,0,0,1,1,0,0,0,national
2025,OR,41017,Deschutes,549300ZIQ24V0C88AC41,GTE Federal Credit Union,3,2,0,0.03,3,0,0,0,0,2,0,0,0,0,national
2025,OR,41017,Deschutes,5Z1UQ1CWY0DQ3KJWDQ07,,3,2,0,0.03,3,0,0,0,0,2,0,0,0,0,national
2025,OR,41017,Deschutes,8WH0EE09O9V05QJZ3V89,"Zions Bancorporation, N.A.",5,2,0,0.03,5,0,0,0,0,2,0,0,0,0,national
2025,OR,41017,Deschutes,DRMSV1Q0EKMEXLAU1P80,"Citizens Bank, National Association",3,2,0,0.03,3,0,0,0,0,2,0,0,0,0,national
2025,OR,41017,Deschutes,JJKC32MCHWDI71265Z06,Truist Bank,3,2,0,0.03,3,0,0,0,0,2,0,0,0,0,national
2025,OR,41017,Deschutes,QFROUN1UWUYU0DVIWD51,"Eagle Home Mortgage, LLC",2,2,0,0.03,2,0,0,0,0,2,0,0,0,0,national
2025,OR,41017,Deschutes,SS1TRMSN6BRNMOREEV51,"Flagstar Bank, National Association",10,2,5,0.03,8,2,0,0,0,1,1,0,0,0,national
2025,OR,41017,Deschutes,ZXMJHJK466PBZTM5F379,,3,2,1,0.03,3,0,0,0,0,2,0,0,0,0,national
2025,OR,41017,Deschutes,1IE8VN30JCEQV1H4R804,,1,1,0,0.01,1,0,0,0,0,1,0,0,0,0,national
2025,OR,41017,Deschutes,213800QUAI2VH5YM6310,"EMBRACE HOME LOANS, INC.",2,1,0,0.01,2,0,0,0,0,1,0,0,0,0,national
2025,OR,41017,Deschutes,2549004Z576VEJBK3N72,"NQM FUNDING, LLC",2,1,0,0.01,2,0,0,0,0,1,0,0,0,0,national
2025,OR,41017,Deschutes,2549007AU24FVDMNUB40,,2,1,1,0.01,2,0,0,0,0,1,0,0,0,0,national
2025,OR,41017,Deschutes,2549009OWTY7KVB18G12,,1,1,0,0.01,1,0,0,0,0,1,0,0,0,0,national
2025,OR,41017,Deschutes,254900CTT87ZKAUTIJ37,,1,1,0,0.01,1,0,0,0,0,1,0,0,0,0,national
2025,OR,41017,Deschutes,254900EZRN0CBEP77K34,,2,1,0,0.01,2,0,0,0,0,1,0,0,0,0,national
2025,OR,41017,Deschutes,254900HEPQK96AEXHS12,,1,1,0,0.01,1,0,0,0,0,1,0,0,0,0,national
2025,OR,41017,Deschutes,254900HO9WPE4LTLQU96,,2,1,1,0.01,1,0,1,0,0,1,0,0,0,0,national
2025,OR,41017,Deschutes,254900LTD432L5CHIZ48,,2,1,1,0.01,0,2,0,0,0,0,1,0,0,0,national
2025,OR,41017,Deschutes,254900N133DZGPB2X985,,1,1,0,0.01,1,0,0,0,0,1,0,0,0,0,national
2025,OR,41017,Deschutes,254900O2K17TNH5CL873,"RF RENOVO MANAGEMENT COMPANY, LLC",1,1,0,0.01,1,0,0,0,0,1,0,0,0,0,national
2025,OR,41017,Deschutes,254900OHZRY6VWYMJQ91,,1,1,0,0.01,1,0,0,0,0,1,0,0,0,0,national
2025,OR,41017,Deschutes,254900QNIR86GUIRYH95,,1,1,0,0.01,1,0,0,0,0,1,0,0,0,0,national
2025,OR,41017,Deschutes,254900VELJPWWT51WN03,,1,1,0,0.01,1,0,0,0,0,1,0,0,0,0,national
2025,OR,41017,Deschutes,254900WTZC5SSKIN2M11,,2,1,1,0.01,2,0,0,0,0,1,0,0,0,0,national
2025,OR,41017,Deschutes,337KMNHEWWWR6B7Q7W10,,1,1,0,0.01,1,0,0,0,0,1,0,0,0,0,national
2025,OR,41017,Deschutes,4EP6JBYBTPTQ47LZOB67,,1,1,0,0.01,1,0,0,0,0,1,0,0,0,0,national
2025,OR,41017,Deschutes,54930001NSTOD85LT125,"GUARANTEED RATE AFFINITY, LLC",1,1,0,0.01,1,0,0,0,0,1,0,0,0,0,national
2025,OR,41017,Deschutes,5493000BAKE4VAHVCU55,,2,1,1,0.01,2,0,0,0,0,1,0,0,0,0,national
2025,OR,41017,Deschutes,5493000D6RXLNBZQYA47,,2,1,1,0.01,2,0,0,0,0,1,0,0,0,0,national
2025,OR,41017,Deschutes,5493000IIYWBLONJVJ30,,1,1,0,0.01,1,0,0,0,0,1,0,0,0,0,national
2025,OR,41017,Deschutes,5493000XC2Y1SLXRQP11,,1,1,0,0.01,1,0,0,0,0,1,0,0,0,0,national
2025,OR,41017,Deschutes,54930015645SYPOM7220,,1,1,0,0.01,1,0,0,0,0,1,0,0,0,0,national
2025,OR,41017,Deschutes,54930016ZSB1QWXLRJ13,"MY MOVE MORTGAGE, LLC",1,1,0,0.01,1,0,0,0,0,1,0,0,0,0,national
2025,OR,41017,Deschutes,5493001B4U37VT2ML818,GESA CREDIT UNION,1,1,0,0.01,1,0,0,0,0,1,0,0,0,0,national
2025,OR,41017,Deschutes,5493001JT9MT3Z3Y3M39,,1,1,0,0.01,1,0,0,0,0,1,0,0,0,0,national
2025,OR,41017,Deschutes,5493001PXRJMPLXPG540,,3,1,1,0.01,3,0,0,0,0,1,0,0,0,0,national
2025,OR,41017,Deschutes,5493001U0HWKEN6OLT59,,2,1,0,0.01,2,0,0,0,0,1,0,0,0,0,national
2025,OR,41017,Deschutes,54930021QRU8VXNS6152,,1,1,0,0.01,1,0,0,0,0,1,0,0,0,0,national
2025,OR,41017,Deschutes,54930030Z1JWTP3SVD16,,3,1,2,0.01,1,2,0,0,0,0,1,0,0,0,national
2025,OR,41017,Deschutes,54930032OCUOR526IR93,,1,1,0,0.01,0,1,0,0,0,0,1,0,0,0,national
2025,OR,41017,Deschutes,5493004RLLKTQS8K7U51,,1,1,0,0.01,1,0,0,0,0,1,0,0,0,0,national
2025,OR,41017,Deschutes,5493006KQF5UKZ3Y9N07,,1,1,0,0.01,1,0,0,0,0,1,0,0,0,0,national
2025,OR,41017,Deschutes,5493006S869XKIESMV41,Mountain America Federal Credit Union,2,1,0,0.01,2,0,0,0,0,1,0,0,0,0,national
2025,OR,41017,Deschutes,54930078TNN7GKZ7NU89,,1,1,0,0.01,1,0,0,0,0,1,0,0,0,0,national
2025,OR,41017,Deschutes,5493007CLWQN2S6IZK91,,1,1,0,0.01,0,0,1,0,0,0,0,1,0,0,national
2025,OR,41017,Deschutes,54930080168VA6Z8UX21,TOWER Federal Credit Union,1,1,0,0.01,1,0,0,0,0,1,0,0,0,0,national
2025,OR,41017,Deschutes,54930083D8Q8RK84Y448,,1,1,0,0.01,1,0,0,0,0,1,0,0,0,0,national
2025,OR,41017,Deschutes,5493008ZTV4S0W9DCX64,,1,1,0,0.01,1,0,0,0,0,1,0,0,0,0,national
2025,OR,41017,Deschutes,54930091CYUK2SDZ6D37,,1,1,0,0.01,1,0,0,0,0,1,0,0,0,0,national
2025,OR,41017,Deschutes,54930095UWUUXAWASB02,"Atlantic Coast Mortgage, LLC",1,1,0,0.01,1,0,0,0,0,1,0,0,0,0,national
2025,OR,41017,Deschutes,5493009QB0KBU5M6NP90,,3,1,0,0.01,3,0,0,0,0,1,0,0,0,0,national
2025,OR,41017,Deschutes,549300A4ZI1DF2OO1B51,,1,1,0,0.01,1,0,0,0,0,1,0,0,0,0,national
2025,OR,41017,Deschutes,549300A5HHOL2ED18C72,,4,1,0,0.01,4,0,0,0,0,1,0,0,0,0,national
2025,OR,41017,Deschutes,549300AENO88GEUWCZ39,,1,1,0,0.01,1,0,0,0,0,1,0,0,0,0,national
2025,OR,41017,Deschutes,549300CDLJDN8ENOT455,MARION AND POLK SCHOOLS CREDIT UNION,4,1,0,0.01,3,1,0,0,0,1,0,0,0,0,national
2025,OR,41017,Deschutes,549300CDOC4F7XSRG390,Pinnacle Bank,1,1,0,0.01,1,0,0,0,0,1,0,0,0,0,national
2025,OR,41017,Deschutes,549300CPJH6JMU13EQ37,,1,1,0,0.01,1,0,0,0,0,1,0,0,0,0,national
2025,OR,41017,Deschutes,549300EHWBP6UP4Y8J37,,1,1,0,0.01,1,0,0,0,0,1,0,0,0,0,national
2025,OR,41017,Deschutes,549300F6NSBOJBM9ED39,,2,1,1,0.01,2,0,0,0,0,1,0,0,0,0,national
2025,OR,41017,Deschutes,549300GS6ONO04ORI292,,1,1,0,0.01,1,0,0,0,0,1,0,0,0,0,national
2025,OR,41017,Deschutes,549300H8JJI69WD7I525,,1,1,0,0.01,1,0,0,0,0,1,0,0,0,0,national
2025,OR,41017,Deschutes,549300HIVO8XPBPNVG69,NOVA FINANCIAL & INVESTMENT CORPORATION,2,1,0,0.01,2,0,0,0,0,1,0,0,0,0,national
2025,OR,41017,Deschutes,549300HRLROF7PLJ6735,CLEAREDGE LENDING LLC,1,1,0,0.01,1,0,0,0,0,1,0,0,0,0,national
2025,OR,41017,Deschutes,549300I1HK1BBZLKOB84,,1,1,0,0.01,1,0,0,0,0,1,0,0,0,0,national
2025,OR,41017,Deschutes,549300IBT3SCF2K09D58,,1,1,0,0.01,1,0,0,0,0,1,0,0,0,0,national
2025,OR,41017,Deschutes,549300IFOE4SCP384147,University Bank,1,1,0,0.01,1,0,0,0,0,1,0,0,0,0,national
2025,OR,41017,Deschutes,549300IKS3MMB5YK6T18,,1,1,0,0.01,1,0,0,0,0,1,0,0,0,0,national
2025,OR,41017,Deschutes,549300KST6N97GYH0O45,,1,1,0,0.01,1,0,0,0,0,1,0,0,0,0,national
2025,OR,41017,Deschutes,549300KX4S1573HISS22,,4,1,0,0.01,4,0,0,0,0,1,0,0,0,0,national
2025,OR,41017,Deschutes,549300LLKEKXL2RM1F61,CONTOUR MORTGAGE CORPORATION,1,1,0,0.01,1,0,0,0,0,1,0,0,0,0,national
2025,OR,41017,Deschutes,549300LO3MP4RAI32X70,,1,1,0,0.01,0,0,1,0,0,0,0,1,0,0,national
2025,OR,41017,Deschutes,549300MCIFZSDHUT8X63,"NFM, INC.",1,1,0,0.01,1,0,0,0,0,1,0,0,0,0,national
2025,OR,41017,Deschutes,549300MU2YI0HXIT3257,,1,1,0,0.01,1,0,0,0,0,1,0,0,0,0,national
2025,OR,41017,Deschutes,549300N1R0R39PYT7O68,,1,1,0,0.01,1,0,0,0,0,1,0,0,0,0,national
2025,OR,41017,Deschutes,549300N3JBQ15RQ7AV97,,2,1,0,0.01,2,0,0,0,0,1,0,0,0,0,national
2025,OR,41017,Deschutes,549300N52O6FKUCU5G62,,1,1,0,0.01,1,0,0,0,0,1,0,0,0,0,national
2025,OR,41017,Deschutes,549300OGIGNKGO2DX942,,1,1,0,0.01,1,0,0,0,0,1,0,0,0,0,national
2025,OR,41017,Deschutes,549300OTLWFQPOOSC346,BayCoast Bank,1,1,0,0.01,1,0,0,0,0,1,0,0,0,0,national
2025,OR,41017,Deschutes,549300P1347BFCBHJV60,,1,1,0,0.01,1,0,0,0,0,1,0,0,0,0,national
2025,OR,41017,Deschutes,549300P4RGN7F1H2N265,,1,1,0,0.01,1,0,0,0,0,1,0,0,0,0,national
2025,OR,41017,Deschutes,549300PC4MFWQBNVKG88,"V.I.P. MORTGAGE, INC.",1,1,0,0.01,1,0,0,0,0,1,0,0,0,0,national
2025,OR,41017,Deschutes,549300Q2EZNO3H86ED06,,1,1,0,0.01,1,0,0,0,0,1,0,0,0,0,national
2025,OR,41017,Deschutes,549300QIUZLVR1OLDH55,Genisys Credit Union,1,1,0,0.01,1,0,0,0,0,1,0,0,0,0,national
2025,OR,41017,Deschutes,549300R4F5COFJE0DN81,,1,1,0,0.01,1,0,0,0,0,1,0,0,0,0,national
2025,OR,41017,Deschutes,549300R7HGHP2I754087,TOWNE MORTGAGE COMPANY,1,1,0,0.01,1,0,0,0,0,1,0,0,0,0,national
2025,OR,41017,Deschutes,549300RFLICNI75BG067,Luminate Bank,1,1,0,0.01,1,0,0,0,0,1,0,0,0,0,national
2025,OR,41017,Deschutes,549300S8SHBRCI7UU819,,1,1,0,0.01,1,0,0,0,0,1,0,0,0,0,national
2025,OR,41017,Deschutes,549300SQ82MLLWN3PD61,,1,1,0,0.01,1,0,0,0,0,1,0,0,0,0,national
2025,OR,41017,Deschutes,549300SY0ZRUCS4CSY07,,1,1,0,0.01,1,0,0,0,0,1,0,0,0,0,national
2025,OR,41017,Deschutes,549300T9P3WXNMXX0I34,Ixonia Bank,1,1,0,0.01,1,0,0,0,0,1,0,0,0,0,national
2025,OR,41017,Deschutes,549300TDBTRK89DZRC13,,2,1,1,0.01,2,0,0,0,0,1,0,0,0,0,national
2025,OR,41017,Deschutes,549300TTK5T7CZ3UJ084,,1,1,0,0.01,1,0,0,0,0,1,0,0,0,0,national
2025,OR,41017,Deschutes,549300UF3FPC7U6RFC59,The Central Trust Bank,1,1,0,0.01,1,0,0,0,0,1,0,0,0,0,national
2025,OR,41017,Deschutes,549300UG7QXKM7KGV847,,1,1,0,0.01,1,0,0,0,0,1,0,0,0,0,national
2025,OR,41017,Deschutes,549300UVOSI4XZZGUE14,,2,1,0,0.01,1,0,1,0,0,1,0,0,0,0,national
2025,OR,41017,Deschutes,549300V3N91EH05UWL23,,1,1,0,0.01,1,0,0,0,0,1,0,0,0,0,national
2025,OR,41017,Deschutes,549300VJQJVZKJBDWS17,"TOTAL MORTGAGE SERVICES, LLC",1,1,0,0.01,1,0,0,0,0,1,0,0,0,0,national
2025,OR,41017,Deschutes,549300VQUTI5IU7GXT57,SECURITYNATIONAL MORTGAGE COMPANY,1,1,0,0.01,1,0,0,0,0,1,0,0,0,0,national
2025,OR,41017,Deschutes,549300W4FT4H1UWPGU95,GREENSTATE Credit Union,1,1,0,0.01,1,0,0,0,0,1,0,0,0,0,national
2025,OR,41017,Deschutes,549300XQ7B5FIVUNFE29,VAN DYK MORTGAGE CORPORATION,1,1,0,0.01,1,0,0,0,0,1,0,0,0,0,national
2025,OR,41017,Deschutes,549300XRXBA38J60S618,,1,1,0,0.01,1,0,0,0,0,1,0,0,0,0,national
2025,OR,41017,Deschutes,549300YD7XJM19TH5O82,CITIZENS EQUITY FIRST CREDIT UNION,1,1,0,0.01,1,0,0,0,0,1,0,0,0,0,national
2025,OR,41017,Deschutes,549300YPBBHUEKV1YC68,,1,1,0,0.01,1,0,0,0,0,1,0,0,0,0,national
2025,OR,41017,Deschutes,549300Z2B4FHRYOXTS09,,1,1,0,0.01,1,0,0,0,0,1,0,0,0,0,national
2025,OR,41017,Deschutes,549300ZS1TR1B4LHX377,,2,1,1,0.01,2,0,0,0,0,1,0,0,0,0,national
2025,OR,41017,Deschutes,549300ZZME37MXI1EF14,"DAS ACQUISITION COMPANY, LLC",2,1,0,0.01,2,0,0,0,0,1,0,0,0,0,national
2025,OR,41017,Deschutes,984500FAD1FB7FEGTE82,,1,1,0,0.01,1,0,0,0,0,1,0,0,0,0,national
2025,OR,41017,Deschutes,FU7RSW4CQQY98A2O7J66,"BOKF, National Association",1,1,0,0.01,1,0,0,0,0,1,0,0,0,0,national
2025,OR,41017,Deschutes,Q708HHR4LD2B7XIZNO92,First Federal Bank,4,1,0,0.01,2,0,2,0,0,1,0,0,0,0,national
2025,OR,41017,Deschutes,WKN6AF1FCL7BBYGTGI83,,1,1,0,0.01,1,0,0,0,0,1,0,0,0,0,national
2025,OR,41017,Deschutes,549300PL267CW8182203,,5,0,1,0.0,0,2,3,0,0,0,0,0,0,0,national
2025,OR,41017,Deschutes,549300XRF9LCZ3RX3Q39,,6,0,2,0.0,0,2,4,0,0,0,0,0,0,0,national
2025,OR,41017,Deschutes,9845006YE04B346EC919,,6,0,1,0.0,3,2,1,0,0,0,0,0,0,0,national
2025,OR,41019,Douglas,549300HW662MN1WU8550,"United Wholesale Mortgage, LLC",213,150,28,7.02,63,65,81,4,0,51,36,60,3,0,national
2025,OR,41019,Douglas,549300HH0V8LECLNPQ26,ROGUE,234,146,23,6.83,217,0,17,0,0,137,0,9,0,0,national
2025,OR,41019,Douglas,549300FGXN1K3HLB1R50,"Rocket Mortgage, LLC",214,145,43,6.79,157,23,34,0,0,107,14,24,0,0,national
2025,OR,41019,Douglas,549300OYEKEORA1GI088,,163,123,6,5.76,98,39,22,4,0,78,30,15,0,0,national
2025,OR,41019,Douglas,IFQSIUC9AGQV2NE8CN25,Columbia Bank,210,121,51,5.66,192,12,6,0,0,109,8,4,0,0,national
2025,OR,41019,Douglas,549300L44U62O7WHRR78,FIRST COMMUNITY,150,98,25,4.59,150,0,0,0,0,98,0,0,0,0,national
2025,OR,41019,Douglas,549300UBGGLZLZEY0M18,,177,94,50,4.4,175,0,2,0,0,93,0,1,0,0,national
2025,OR,41019,Douglas,549300FNXYY540N23N64,Newrez LLC,147,72,16,3.37,70,39,34,4,0,30,23,16,3,0,national
2025,OR,41019,Douglas,549300MZ8VZJOVC63092,"KIND LENDING, LLC",90,62,19,2.9,52,23,7,8,0,36,16,4,6,0,national
2025,OR,41019,Douglas,549300DD5QQUHO6PCH70,"MORTGAGE RESEARCH CENTER, LLC",101,50,15,2.34,10,3,88,0,0,2,2,46,0,0,national
2025,OR,41019,Douglas,549300AQ3T62GXDU7D76,GUILD MORTGAGE COMPANY LLC,68,49,4,2.29,41,15,10,2,0,30,10,8,1,0,national
2025,OR,41019,Douglas,WE0I402RW25AU38DTI13,Banner Bank,86,45,28,2.11,74,8,1,3,0,40,1,1,3,0,national
2025,OR,41019,Douglas,RVDPPPGHCGZ40J4VQ731,"PENNYMAC LOAN SERVICES, LLC",74,40,9,1.87,41,19,11,3,0,24,9,6,1,0,national
2025,OR,41019,Douglas,6BYL5QZYBDK8S7L73M02,U.S. Bank National Association,81,38,28,1.78,71,7,2,1,0,31,6,1,0,0,national
2025,OR,41019,Douglas,5493008VVXQIDO1EZ460,"SUMMIT FUNDING, INC.",45,36,2,1.68,25,5,15,0,0,22,5,9,0,0,national
2025,OR,41019,Douglas,549300IEP77RKJ87Z176,OREGON COMMUNITY,55,36,16,1.68,55,0,0,0,0,36,0,0,0,0,national
2025,OR,41019,Douglas,549300AG64NHILB7ZP05,"LOANDEPOT.COM, LLC",57,33,9,1.54,37,9,11,0,0,20,6,7,0,0,national
2025,OR,41019,Douglas,549300GKFNPRWNS0GF29,"AmeriHome Mortgage Company, LLC",48,32,3,1.5,21,16,3,8,0,14,11,2,5,0,national
2025,OR,41019,Douglas,549300LYRWPSYPK6S325,FREEDOM MORTGAGE CORPORATION,87,32,11,1.5,6,22,59,0,0,1,5,26,0,0,national
2025,OR,41019,Douglas,549300ZBXINP1Y94CN02,,43,26,1,1.22,27,13,3,0,0,17,6,3,0,0,national
2025,OR,41019,Douglas,549300KIOYNU323LVJ37,AMERICAN PACIFIC MORTGAGE CORPORATION,43,22,11,1.03,21,17,5,0,0,11,8,3,0,0,national
2025,OR,41019,Douglas,254900N133DZGPB2X985,,20,20,0,0.94,20,0,0,0,0,20,0,0,0,0,national
2025,OR,41019,Douglas,549300LBCBNR1OT00651,NATIONSTAR MORTGAGE LLC,25,20,1,0.94,22,1,2,0,0,18,1,1,0,0,national
2025,OR,41019,Douglas,549300VZVN841I2ILS84,"CROSSCOUNTRY MORTGAGE, LLC",35,19,0,0.89,22,8,5,0,0,13,5,1,0,0,national
2025,OR,41019,Douglas,5493003GQDUH26DNNH17,Navy Federal Credit Union,37,18,9,0.84,20,0,17,0,0,8,0,10,0,0,national
2025,OR,41019,Douglas,254900DTLHVWQ7NP7R34,"CMG Mortgage, Inc.",18,15,0,0.7,13,4,1,0,0,10,4,1,0,0,national
2025,OR,41019,Douglas,254900UL88QFG0E40516,FIGURE LENDING LLC,22,15,4,0.7,22,0,0,0,0,15,0,0,0,0,national
2025,OR,41019,Douglas,549300J6N77Q8OHYNF23,,19,15,2,0.7,11,2,6,0,0,9,1,5,0,0,national
2025,OR,41019,Douglas,549300JYXTZDSPJEPI44,"PLAZA HOME MORTGAGE, INC.",20,15,4,0.7,10,8,1,1,0,9,4,1,1,0,national
2025,OR,41019,Douglas,54930060G4MDPWHISD89,EVERGREEN MONEYSOURCE MORTGAGE COMPANY,21,14,0,0.66,13,3,4,1,0,9,2,3,0,0,national
2025,OR,41019,Douglas,549300HIVO8XPBPNVG69,NOVA FINANCIAL & INVESTMENT CORPORATION,23,14,4,0.66,10,7,6,0,0,7,4,3,0,0,national
2025,OR,41019,Douglas,549300OPCWU6E72WUT29,"MUTUAL OF OMAHA MORTGAGE, INC.",18,14,2,0.66,4,13,1,0,0,3,10,1,0,0,national
2025,OR,41019,Douglas,549300PIL8LFAQ04XC20,Better Mortgage Corporation,44,13,27,0.61,44,0,0,0,0,13,0,0,0,0,national
2025,OR,41019,Douglas,549300RFSMIRUODUVW59,,17,13,4,0.61,17,0,0,0,0,13,0,0,0,0,national
2025,OR,41019,Douglas,2549008LK3474E9U2888,ONPOINT COMMUNITY CREDIT UNION,22,12,8,0.56,19,2,1,0,0,11,0,1,0,0,national
2025,OR,41019,Douglas,254900ZFWS2106HWPH46,"PARAMOUNT RESIDENTIAL MORTGAGE GROUP, INC.",14,12,0,0.56,5,4,3,2,0,3,4,3,2,0,national
2025,OR,41019,Douglas,549300B4IYL7TZT8FA34,,20,12,0,0.56,10,7,3,0,0,6,4,2,0,0,national
2025,OR,41019,Douglas,549300QKL5FUBZ8LSF50,"NATIONS DIRECT MORTGAGE, LLC",12,12,0,0.56,4,3,5,0,0,4,3,5,0,0,national
2025,OR,41019,Douglas,549300U3721PJGQZYY68,"GUARANTEED RATE, INC.",15,12,0,0.56,9,1,5,0,0,6,1,5,0,0,national
2025,OR,41019,Douglas,25490066WMF8ZMQXQB18,"Lendage, LLC",15,11,0,0.51,15,0,0,0,0,11,0,0,0,0,national
2025,OR,41019,Douglas,549300MGPZBLQDIL7538,FAIRWAY INDEPENDENT MORTGAGE CORPORATION,15,11,2,0.51,8,7,0,0,0,6,5,0,0,0,national
2025,OR,41019,Douglas,549300YIQ7S7Z8PIHE53,AMERISAVE MORTGAGE CORPORATION,67,11,51,0.51,38,16,13,0,0,10,1,0,0,0,national
2025,OR,41019,Douglas,254900WEP08K7U7S3A80,,12,10,0,0.47,5,3,3,1,0,4,3,3,0,0,national
2025,OR,41019,Douglas,549300E2UX99HKDBR481,"NEW AMERICAN FUNDING, LLC",48,10,6,0.47,27,15,6,0,0,6,2,2,0,0,national
2025,OR,41019,Douglas,549300RPOGWJRH63HS39,UNION HOME MORTGAGE CORP.,13,10,1,0.47,7,4,2,0,0,7,2,1,0,0,national
2025,OR,41019,Douglas,549300VCMRO4ST680C11,VILLAGE CAPITAL & INVESTMENT LLC,32,10,7,0.47,0,7,25,0,0,0,3,7,0,0,national
2025,OR,41019,Douglas,54930049L5WINET09Q97,"CLICK N' CLOSE, INC.",9,9,0,0.42,3,4,1,1,0,3,4,1,1,0,national
2025,OR,41019,Douglas,549300CB67L6KPJLHE19,"TRIAD FINANCIAL SERVICES, INC.",32,9,14,0.42,32,0,0,0,0,9,0,0,0,0,national
2025,OR,41019,Douglas,549300SUCQ1358EGVE89,"NEW DAY FINANCIAL, LLC",43,9,7,0.42,0,2,41,0,0,0,0,9,0,0,national
2025,OR,41019,Douglas,5493001WHVQBGRSWEU75,"HOMEBRIDGE FINANCIAL SERVICES, INC.",15,8,4,0.37,10,2,3,0,0,5,2,1,0,0,national
2025,OR,41019,Douglas,549300K4ZLGS7SRDTL86,Equity Prime Mortgage LLC,19,8,2,0.37,0,7,8,4,0,0,4,2,2,0,national
2025,OR,41019,Douglas,549300XQVJ1XBNFA5536,21ST MORTGAGE CORPORATION,32,8,15,0.37,32,0,0,0,0,8,0,0,0,0,national
2025,OR,41019,Douglas,549300XY701IELCE5Q08,BETTER MORTGAGE CORPORATION,17,8,6,0.37,9,6,2,0,0,3,5,0,0,0,national
2025,OR,41019,Douglas,254900TTZ395IC926125,,9,7,1,0.33,3,5,1,0,0,2,4,1,0,0,national
2025,OR,41019,Douglas,5493001GCBD5XGNIC815,Coastal Community Bank,42,7,2,0.33,42,0,0,0,0,7,0,0,0,0,national
2025,OR,41019,Douglas,5493005PKOSG7MYX0B34,"Prosperity Home Mortgage, LLC",11,7,1,0.33,2,4,5,0,0,2,1,4,0,0,national
2025,OR,41019,Douglas,5493008JECR4UE0WVR04,"MORTGAGE EXPRESS, LLC",9,7,0,0.33,6,2,0,1,0,4,2,0,1,0,national
2025,OR,41019,Douglas,B4TYDEB6GKMZO031MB27,"Bank of America, National Association",21,7,4,0.33,21,0,0,0,0,7,0,0,0,0,national
2025,OR,41019,Douglas,5493002B2WMHY23GFK92,"AMERICAN FINANCIAL RESOURCES, INC.",11,6,1,0.28,3,5,1,2,0,1,2,1,2,0,national
2025,OR,41019,Douglas,5493003WLEYGXGNTI654,SELCO COMMUNITY,15,6,4,0.28,15,0,0,0,0,6,0,0,0,0,national
2025,OR,41019,Douglas,5493009B17HXCVXTD608,"JMAC LENDING, INC.",7,6,1,0.28,5,1,0,1,0,4,1,0,1,0,national
2025,OR,41019,Douglas,2549005SIVTHG14U2905,A&D Mortgage LLC,6,5,0,0.23,5,1,0,0,0,4,1,0,0,0,national
2025,OR,41019,Douglas,54930021WPEXNHYZUL09,"PLANET HOME LENDING, LLC",7,5,2,0.23,2,3,2,0,0,2,1,2,0,0,national
2025,OR,41019,Douglas,549300BX448ALT10FI43,The Federal Savings Bank,22,5,6,0.23,1,3,18,0,0,0,0,5,0,0,national
2025,OR,41019,Douglas,549300R77W0P105C3S50,HOMEXPRESS MORTGAGE CORP.,8,5,3,0.23,7,1,0,0,0,4,1,0,0,0,national
2025,OR,41019,Douglas,549300SK2GVCQXPD4S58,"SUN WEST MORTGAGE COMPANY, INC.",8,5,0,0.23,2,1,5,0,0,1,0,4,0,0,national
2025,OR,41019,Douglas,549300XWUSRVVOHPRY47,Academy Mortgage Corporation,11,5,1,0.23,7,4,0,0,0,2,3,0,0,0,national
2025,OR,41019,Douglas,2549004FXPNKCLIN8250,"Synergy One Lending, Inc.",6,4,1,0.19,2,2,2,0,0,1,2,1,0,0,national
2025,OR,41019,Douglas,2549008TT6UNYR7AXF54,,7,4,2,0.19,5,2,0,0,0,2,2,0,0,0,national
2025,OR,41019,Douglas,549300370QILXLFUWD20,"ZILLOW HOME LOANS, LLC",4,4,0,0.19,3,1,0,0,0,3,1,0,0,0,national
2025,OR,41019,Douglas,549300748YYU6VG08N83,"Loan Simple, Inc.",5,4,0,0.19,2,3,0,0,0,2,2,0,0,0,national
2025,OR,41019,Douglas,549300DD4R4SYK5RAQ92,"MOVEMENT MORTGAGE, LLC",6,4,2,0.19,2,2,2,0,0,0,2,2,0,0,national
2025,OR,41019,Douglas,549300GS6ONO04ORI292,,4,4,0,0.19,2,2,0,0,0,2,2,0,0,0,national
2025,OR,41019,Douglas,549300NOCASXPA34X033,"LAKEVIEW LOAN SERVICING, LLC",25,4,16,0.19,9,13,3,0,0,1,2,1,0,0,national
2025,OR,41019,Douglas,549300PC4MFWQBNVKG88,"V.I.P. MORTGAGE, INC.",8,4,0,0.19,4,3,0,1,0,1,3,0,0,0,national
2025,OR,41019,Douglas,549300RN01LBYR8ZVX74,"LOWER, LLC",8,4,2,0.19,3,3,2,0,0,2,1,1,0,0,national
2025,OR,41019,Douglas,549300UB5TJ0YPVPT503,,9,4,3,0.19,4,5,0,0,0,2,2,0,0,0,national
2025,OR,41019,Douglas,7H6GLXDRUGQFU57RNE97,"JPMorgan Chase Bank, National Association",11,4,2,0.19,10,1,0,0,0,4,0,0,0,0,national
2025,OR,41019,Douglas,254900M2C4Q6DATP2889,,12,3,2,0.14,1,7,4,0,0,0,2,1,0,0,national
2025,OR,41019,Douglas,254900T37KTTXKCK3416,,4,3,0,0.14,4,0,0,0,0,3,0,0,0,0,national
2025,OR,41019,Douglas,254900Z8J5L9POS71X51,Oregon State Credit Union,9,3,1,0.14,9,0,0,0,0,3,0,0,0,0,national
2025,OR,41019,Douglas,54930052M48FOD3CWA54,"PRIMARY RESIDENTIAL MORTGAGE, INC.",7,3,2,0.14,4,3,0,0,0,1,2,0,0,0,national
2025,OR,41019,Douglas,5493006KXUHSYFT7SD10,,3,3,0,0.14,1,0,2,0,0,1,0,2,0,0,national
2025,OR,41019,Douglas,549300S5YL3OH0IVCS62,FINANCE OF AMERICA REVERSE LLC,8,3,0,0.14,2,6,0,0,0,1,2,0,0,0,national
2025,OR,41019,Douglas,549300UT4EN6IH579Q63,,3,3,0,0.14,2,0,1,0,0,2,0,1,0,0,national
2025,OR,41019,Douglas,549300VMX06UV1F7NS76,,3,3,0,0.14,0,3,0,0,0,0,3,0,0,0,national
2025,OR,41019,Douglas,549300YN94MOAVYW0F52,"GoodLeap, LLC",4,3,1,0.14,2,2,0,0,0,2,1,0,0,0,national
2025,OR,41019,Douglas,AD6GFRVSDT01YPT1CS68,"PNC Bank, National Association",5,3,2,0.14,5,0,0,0,0,3,0,0,0,0,national
2025,OR,41019,Douglas,KB1H1DSPRFMYMCUFXT09,"Wells Fargo Bank, National Association",14,3,4,0.14,12,0,2,0,0,2,0,1,0,0,national
2025,OR,41019,Douglas,25490018IFQOT83Q7H49,,4,2,0,0.09,1,1,2,0,0,0,1,1,0,0,national
2025,OR,41019,Douglas,2549001SI0EMFPT39035,"Cornerstone First Mortgage, Inc",5,2,0,0.09,5,0,0,0,0,2,0,0,0,0,national
2025,OR,41019,Douglas,254900TG14TB8RKS3U42,,2,2,0,0.09,1,1,0,0,0,1,1,0,0,0,national
2025,OR,41019,Douglas,254900VHUBSJJKOMBF27,,3,2,0,0.09,1,2,0,0,0,0,2,0,0,0,national
2025,OR,41019,Douglas,3Y4U8VZURTYWI1W2K376,BMO Bank National Association,4,2,2,0.09,4,0,0,0,0,2,0,0,0,0,national
2025,OR,41019,Douglas,5493001GDRY0EL7VG372,"ARK-LA-TEX FINANCIAL SERVICES, LLC.",4,2,0,0.09,2,0,2,0,0,1,0,1,0,0,national
2025,OR,41019,Douglas,5493002TJKC8NLH1ZP82,,3,2,1,0.09,0,1,2,0,0,0,1,1,0,0,national
2025,OR,41019,Douglas,549300323EON4W3CCM44,"RESICENTRAL, LLC",2,2,0,0.09,1,0,1,0,0,1,0,1,0,0,national
2025,OR,41019,Douglas,54930043BMDE130FJ617,"PROVIDENT FUNDING ASSOCIATES, L.P.",4,2,1,0.09,4,0,0,0,0,2,0,0,0,0,national
2025,OR,41019,Douglas,54930054ET8KM4O1D485,"SOFI BANK, NATIONAL ASSOCIATION",16,2,2,0.09,16,0,0,0,0,2,0,0,0,0,national
2025,OR,41019,Douglas,5493008NWHQT1R22C024,"AMERICAN FINANCIAL NETWORK, INC.",3,2,0,0.09,1,2,0,0,0,1,1,0,0,0,national
2025,OR,41019,Douglas,549300AG10BX85DF5S49,MLD MORTGAGE INC.,2,2,0,0.09,2,0,0,0,0,2,0,0,0,0,national
2025,OR,41019,Douglas,549300BLL6VL7AXWYP56,,3,2,0,0.09,2,0,1,0,0,1,0,1,0,0,national
2025,OR,41019,Douglas,549300CDLJDN8ENOT455,MARION AND POLK SCHOOLS CREDIT UNION,2,2,0,0.09,2,0,0,0,0,2,0,0,0,0,national
2025,OR,41019,Douglas,549300CPJH6JMU13EQ37,,2,2,0,0.09,2,0,0,0,0,2,0,0,0,0,national
2025,OR,41019,Douglas,549300CY7WNAHKHYSJ73,,2,2,0,0.09,0,1,1,0,0,0,1,1,0,0,national
2025,OR,41019,Douglas,549300GQDT484LGI9C04,,7,2,0,0.09,5,0,2,0,0,2,0,0,0,0,national
2025,OR,41019,Douglas,549300J7I82PNDVU8H22,"OCMBC, INC.",4,2,1,0.09,4,0,0,0,0,2,0,0,0,0,national
2025,OR,41019,Douglas,549300KJ8PAJ7E52HG32,Plains Commerce Bank,4,2,0,0.09,4,0,0,0,0,2,0,0,0,0,national
2025,OR,41019,Douglas,549300KX4S1573HISS22,,3,2,0,0.09,3,0,0,0,0,2,0,0,0,0,national
2025,OR,41019,Douglas,549300LROQOOQU77WS20,,7,2,0,0.09,7,0,0,0,0,2,0,0,0,0,national
2025,OR,41019,Douglas,549300MHH03ICJYEPE85,,7,2,2,0.09,0,7,0,0,0,0,2,0,0,0,national
2025,OR,41019,Douglas,549300PL8ER6H23P0Z91,,2,2,0,0.09,1,1,0,0,0,1,1,0,0,0,national
2025,OR,41019,Douglas,549300PQLK8E48ILXV41,,2,2,0,0.09,2,0,0,0,0,2,0,0,0,0,national
2025,OR,41019,Douglas,549300SCFWZXMDMZPE93,,2,2,0,0.09,1,1,0,0,0,1,1,0,0,0,national
2025,OR,41019,Douglas,549300ZZME37MXI1EF14,"DAS ACQUISITION COMPANY, LLC",2,2,0,0.09,2,0,0,0,0,2,0,0,0,0,national
2025,OR,41019,Douglas,984500P059VACEAAFA22,,2,2,0,0.09,1,1,0,0,0,1,1,0,0,0,national
2025,OR,41019,Douglas,984500U2F9A83N391A91,"CHAMPIONS FUNDING, LLC",2,2,0,0.09,2,0,0,0,0,2,0,0,0,0,national
2025,OR,41019,Douglas,C5654JQHZUHN0772B561,USAA Federal Savings Bank,8,2,3,0.09,4,0,4,0,0,1,0,1,0,0,national
2025,OR,41019,Douglas,HUX2X73FUCYHUVH1BK78,KeyBank National Association,3,2,0,0.09,3,0,0,0,0,2,0,0,0,0,national
2025,OR,41019,Douglas,IUGPUX5LWRZ3B6KIZ697,Ameris Bank,2,2,0,0.09,0,0,2,0,0,0,0,2,0,0,national
2025,OR,41019,Douglas,SS1TRMSN6BRNMOREEV51,"Flagstar Bank, National Association",5,2,2,0.09,3,1,1,0,0,1,0,1,0,0,national
2025,OR,41019,Douglas,213800XR2TCBQJSF1X93,,2,1,0,0.05,2,0,0,0,0,1,0,0,0,0,national
2025,OR,41019,Douglas,2549002VH9C0PKB8K153,,1,1,0,0.05,1,0,0,0,0,1,0,0,0,0,national
2025,OR,41019,Douglas,254900BMXWPEHXG4LF21,,1,1,0,0.05,1,0,0,0,0,1,0,0,0,0,national
2025,OR,41019,Douglas,254900CTT87ZKAUTIJ37,,1,1,0,0.05,1,0,0,0,0,1,0,0,0,0,national
2025,OR,41019,Douglas,254900DSZI6CJXJL6Z14,,2,1,0,0.05,2,0,0,0,0,1,0,0,0,0,national
2025,OR,41019,Douglas,254900HEJ9F73IMPX887,,2,1,0,0.05,2,0,0,0,0,1,0,0,0,0,national
2025,OR,41019,Douglas,254900IEGKUDRDS23V26,,1,1,0,0.05,1,0,0,0,0,1,0,0,0,0,national
2025,OR,41019,Douglas,254900JH11ROOV921P96,,1,1,0,0.05,0,0,1,0,0,0,0,1,0,0,national
2025,OR,41019,Douglas,254900N49YI2HHKDPS92,,2,1,0,0.05,2,0,0,0,0,1,0,0,0,0,national
2025,OR,41019,Douglas,254900RQX8N4HXJIDK44,,1,1,0,0.05,0,1,0,0,0,0,1,0,0,0,national
2025,OR,41019,Douglas,254900WT4HAMDFWH3048,,2,1,0,0.05,0,2,0,0,0,0,1,0,0,0,national
2025,OR,41019,Douglas,54930002O9LLXKR6TF11,,1,1,0,0.05,1,0,0,0,0,1,0,0,0,0,national
2025,OR,41019,Douglas,5493000H6DFDDJRORG89,,2,1,0,0.05,1,0,1,0,0,1,0,0,0,0,national
2025,OR,41019,Douglas,5493000IIYWBLONJVJ30,,1,1,0,0.05,1,0,0,0,0,1,0,0,0,0,national
2025,OR,41019,Douglas,5493000OM9RKJW8W5K82,,3,1,0,0.05,0,1,2,0,0,0,0,1,0,0,national
2025,OR,41019,Douglas,5493000XC2Y1SLXRQP11,,1,1,0,0.05,0,1,0,0,0,0,1,0,0,0,national
2025,OR,41019,Douglas,54930015645SYPOM7220,,2,1,1,0.05,2,0,0,0,0,1,0,0,0,0,national
2025,OR,41019,Douglas,5493001B4U37VT2ML818,GESA CREDIT UNION,1,1,0,0.05,1,0,0,0,0,1,0,0,0,0,national
2025,OR,41019,Douglas,5493001YIUWLFRXQUO81,,1,1,0,0.05,1,0,0,0,0,1,0,0,0,0,national
2025,OR,41019,Douglas,54930021DZJ9CEN11D61,,1,1,0,0.05,1,0,0,0,0,1,0,0,0,0,national
2025,OR,41019,Douglas,5493002GI63WHHUTUD85,"KEYSTONE FUNDING, INC.",1,1,0,0.05,1,0,0,0,0,1,0,0,0,0,national
2025,OR,41019,Douglas,5493003NV9L53LK1XI52,,1,1,0,0.05,0,1,0,0,0,0,1,0,0,0,national
2025,OR,41019,Douglas,54930044OSTKOJMHF287,"Capital Bank, National Association",1,1,0,0.05,0,0,0,1,0,0,0,0,1,0,national
2025,OR,41019,Douglas,5493004AS1SPBQOFDR49,"Change Lending, LLC",2,1,0,0.05,0,2,0,0,0,0,1,0,0,0,national
2025,OR,41019,Douglas,5493005LE3FE2MIPPW66,,1,1,0,0.05,1,0,0,0,0,1,0,0,0,0,national
2025,OR,41019,Douglas,5493006S869XKIESMV41,Mountain America Federal Credit Union,2,1,0,0.05,2,0,0,0,0,1,0,0,0,0,national
2025,OR,41019,Douglas,5493008CPTDVOS570626,"Primary Residential Mortgage, Inc.",4,1,3,0.05,4,0,0,0,0,1,0,0,0,0,national
2025,OR,41019,Douglas,54930091JQKCU3Z6IP44,,5,1,0,0.05,5,0,0,0,0,1,0,0,0,0,national
2025,OR,41019,Douglas,5493009QYNVEZ9VDJU57,,1,1,0,0.05,0,1,0,0,0,0,1,0,0,0,national
2025,OR,41019,Douglas,549300ALNLUNS3Y53T24,AMERICAN FINANCING CORPORATION,13,1,5,0.05,7,6,0,0,0,1,0,0,0,0,national
2025,OR,41019,Douglas,549300BXWU32AYWT1A56,,1,1,0,0.05,1,0,0,0,0,1,0,0,0,0,national
2025,OR,41019,Douglas,549300CK7U1WMTIG6687,,1,1,0,0.05,0,1,0,0,0,0,1,0,0,0,national
2025,OR,41019,Douglas,549300JD1162QW84ZO34,,1,1,0,0.05,1,0,0,0,0,1,0,0,0,0,national
2025,OR,41019,Douglas,549300KBCEYCLANGUM06,,1,1,0,0.05,1,0,0,0,0,1,0,0,0,0,national
2025,OR,41019,Douglas,549300KDR80I1ELW8D36,,6,1,2,0.05,6,0,0,0,0,1,0,0,0,0,national
2025,OR,41019,Douglas,549300KHXD7JSQUZIJ22,,1,1,0,0.05,1,0,0,0,0,1,0,0,0,0,national
2025,OR,41019,Douglas,549300KPHGEE40YQXO21,,1,1,0,0.05,1,0,0,0,0,1,0,0,0,0,national
2025,OR,41019,Douglas,549300KZVCKCUN23YY80,,1,1,0,0.05,1,0,0,0,0,1,0,0,0,0,national
2025,OR,41019,Douglas,549300MQEDQYDJR8CP22,,2,1,0,0.05,2,0,0,0,0,1,0,0,0,0,national
2025,OR,41019,Douglas,549300NFPC3Y4W3Y7R87,,2,1,0,0.05,1,1,0,0,0,0,1,0,0,0,national
2025,OR,41019,Douglas,549300NWBS6MQJX15N44,,2,1,0,0.05,2,0,0,0,0,1,0,0,0,0,national
2025,OR,41019,Douglas,549300O6Z0I6KYMESL47,AMWEST FUNDING CORP.,1,1,0,0.05,1,0,0,0,0,1,0,0,0,0,national
2025,OR,41019,Douglas,549300OTLWFQPOOSC346,BayCoast Bank,2,1,0,0.05,2,0,0,0,0,1,0,0,0,0,national
2025,OR,41019,Douglas,549300PBTV7FCWLSMM53,,2,1,1,0.05,0,0,2,0,0,0,0,1,0,0,national
2025,OR,41019,Douglas,549300PL267CW8182203,,2,1,0,0.05,0,0,2,0,0,0,0,1,0,0,national
2025,OR,41019,Douglas,549300Q50XCC0473FG63,,2,1,1,0.05,2,0,0,0,0,1,0,0,0,0,national
2025,OR,41019,Douglas,549300R9S3MVDV4MGF56,"CARRINGTON MORTGAGE SERVICES, LLC",9,1,6,0.05,4,3,2,0,0,0,0,1,0,0,national
2025,OR,41019,Douglas,549300RA3E0BUFO7YZ21,"Hometown Equity Mortgage, LLC",1,1,0,0.05,1,0,0,0,0,1,0,0,0,0,national
2025,OR,41019,Douglas,549300REENMLD2RN3W58,"Magnolia Bank, Incorporated",2,1,0,0.05,0,0,2,0,0,0,0,1,0,0,national
2025,OR,41019,Douglas,549300RM1IZYGQDSNL85,,2,1,0,0.05,0,0,2,0,0,0,0,1,0,0,national
2025,OR,41019,Douglas,549300T94GSH3C4U5M59,ALLIANT CREDIT UNION,5,1,4,0.05,5,0,0,0,0,1,0,0,0,0,national
2025,OR,41019,Douglas,549300T9P3WXNMXX0I34,Ixonia Bank,3,1,0,0.05,0,2,1,0,0,0,0,1,0,0,national
2025,OR,41019,Douglas,549300TDBTRK89DZRC13,,1,1,0,0.05,1,0,0,0,0,1,0,0,0,0,national
2025,OR,41019,Douglas,549300TUSRLWD8ETNR90,SPOKANE TEACHERS,1,1,0,0.05,1,0,0,0,0,1,0,0,0,0,national
2025,OR,41019,Douglas,549300U82B82JH54TO79,,1,1,0,0.05,1,0,0,0,0,1,0,0,0,0,national
2025,OR,41019,Douglas,549300UR5AOWTJJ7KZ64,,2,1,0,0.05,2,0,0,0,0,1,0,0,0,0,national
2025,OR,41019,Douglas,549300VORTI31GZTJL53,"CARDINAL FINANCIAL COMPANY, LIMITED PARTNERSHIP",2,1,0,0.05,0,2,0,0,0,0,1,0,0,0,national
2025,OR,41019,Douglas,549300VVH8HHFMWL8536,,1,1,0,0.05,1,0,0,0,0,1,0,0,0,0,national
2025,OR,41019,Douglas,549300W1HU6IVVIEJ389,"RANLIFE, INC.",1,1,0,0.05,0,1,0,0,0,0,1,0,0,0,national
2025,OR,41019,Douglas,549300WJIJV987NXVC31,,1,1,0,0.05,0,1,0,0,0,0,1,0,0,0,national
2025,OR,41019,Douglas,549300XRXBA38J60S618,,1,1,0,0.05,1,0,0,0,0,1,0,0,0,0,national
2025,OR,41019,Douglas,549300Y5Y88FQLI7VE83,DEEPHAVEN MORTGAGE LLC,2,1,1,0.05,2,0,0,0,0,1,0,0,0,0,national
2025,OR,41019,Douglas,549300ZS1TR1B4LHX377,,1,1,0,0.05,1,0,0,0,0,1,0,0,0,0,national
2025,OR,41019,Douglas,PAOOWF3GUFM46FBSP561,,7,1,1,0.05,3,1,3,0,0,1,0,0,0,0,national
2025,OR,41019,Douglas,Q708HHR4LD2B7XIZNO92,First Federal Bank,1,1,0,0.05,1,0,0,0,0,1,0,0,0,0,national
2025,OR,41019,Douglas,X05BVSK68TQ7YTOSNR22,Discover Bank,24,1,15,0.05,24,0,0,0,0,1,0,0,0,0,national
2025,OR,41019,Douglas,5493000YNV8IX4VD3X12,"VANDERBILT MORTGAGE AND FINANCE, INC.",7,0,1,0.0,7,0,0,0,0,0,0,0,0,0,national
2025,OR,41019,Douglas,549300Q3ROEQU3D1IW91,,24,0,17,0.0,24,0,0,0,0,0,0,0,0,0,national
2025,OR,41019,Douglas,549300UVOSI4XZZGUE14,,6,0,2,0.0,3,1,2,0,0,0,0,0,0,0,national
2025,OR,41029,Jackson,549300HH0V8LECLNPQ26,ROGUE,1253,904,122,19.11,1246,0,7,0,0,897,0,7,0,0,national
2025,OR,41029,Jackson,549300AQ3T62GXDU7D76,GUILD MORTGAGE COMPANY LLC,464,339,15,7.17,340,87,33,4,0,248,63,24,4,0,national
2025,OR,41029,Jackson,549300HW662MN1WU8550,"United Wholesale Mortgage, LLC",366,272,34,5.75,188,88,88,2,0,147,58,65,2,0,national
2025,OR,41029,Jackson,549300GKFNPRWNS0GF29,"AmeriHome Mortgage Company, LLC",342,251,8,5.31,220,65,41,16,0,158,49,35,9,0,national
2025,OR,41029,Jackson,549300FGXN1K3HLB1R50,"Rocket Mortgage, LLC",357,243,61,5.14,271,42,44,0,0,187,24,32,0,0,national
2025,OR,41029,Jackson,549300VZVN841I2ILS84,"CROSSCOUNTRY MORTGAGE, LLC",269,167,12,3.53,121,121,25,2,0,77,75,13,2,0,national
2025,OR,41029,Jackson,549300DD4R4SYK5RAQ92,"MOVEMENT MORTGAGE, LLC",207,142,7,3.0,147,42,18,0,0,96,33,13,0,0,national
2025,OR,41029,Jackson,549300L44U62O7WHRR78,FIRST COMMUNITY,162,104,27,2.2,162,0,0,0,0,104,0,0,0,0,national
2025,OR,41029,Jackson,RVDPPPGHCGZ40J4VQ731,"PENNYMAC LOAN SERVICES, LLC",165,100,15,2.11,114,33,18,0,0,75,17,8,0,0,national
2025,OR,41029,Jackson,6BYL5QZYBDK8S7L73M02,U.S. Bank National Association,194,93,72,1.97,187,4,2,1,0,88,3,1,1,0,national
2025,OR,41029,Jackson,IFQSIUC9AGQV2NE8CN25,Columbia Bank,158,93,42,1.97,153,2,3,0,0,89,1,3,0,0,national
2025,OR,41029,Jackson,254900WEP08K7U7S3A80,,108,90,0,1.9,70,25,11,2,0,60,22,7,1,0,national
2025,OR,41029,Jackson,2549007E4NL6J0YLH946,,98,89,4,1.88,98,0,0,0,0,89,0,0,0,0,national
2025,OR,41029,Jackson,2549008TT6UNYR7AXF54,,120,82,7,1.73,66,47,7,0,0,42,35,5,0,0,national
2025,OR,41029,Jackson,WE0I402RW25AU38DTI13,Banner Bank,141,71,43,1.5,136,5,0,0,0,70,1,0,0,0,national
2025,OR,41029,Jackson,549300RFSMIRUODUVW59,,112,65,39,1.37,112,0,0,0,0,65,0,0,0,0,national
2025,OR,41029,Jackson,549300DD5QQUHO6PCH70,"MORTGAGE RESEARCH CENTER, LLC",153,62,26,1.31,14,4,135,0,0,6,1,55,0,0,national
2025,OR,41029,Jackson,549300GS6ONO04ORI292,,79,52,6,1.1,41,34,4,0,0,26,23,3,0,0,national
2025,OR,41029,Jackson,549300FNXYY540N23N64,Newrez LLC,123,50,20,1.06,75,14,33,1,0,30,3,17,0,0,national
2025,OR,41029,Jackson,7H6GLXDRUGQFU57RNE97,"JPMorgan Chase Bank, National Association",79,50,10,1.06,71,6,2,0,0,47,2,1,0,0,national
2025,OR,41029,Jackson,549300AG64NHILB7ZP05,"LOANDEPOT.COM, LLC",87,49,16,1.04,70,7,9,1,0,40,2,6,1,0,national
2025,OR,41029,Jackson,5493008JECR4UE0WVR04,"MORTGAGE EXPRESS, LLC",57,44,3,0.93,43,4,8,2,0,33,3,7,1,0,national
2025,OR,41029,Jackson,549300CY7WNAHKHYSJ73,,51,44,0,0.93,33,10,8,0,0,29,9,6,0,0,national
2025,OR,41029,Jackson,549300LYRWPSYPK6S325,FREEDOM MORTGAGE CORPORATION,103,42,4,0.89,13,31,59,0,0,5,13,24,0,0,national
2025,OR,41029,Jackson,254900DTLHVWQ7NP7R34,"CMG Mortgage, Inc.",63,41,8,0.87,57,2,4,0,0,36,1,4,0,0,national
2025,OR,41029,Jackson,549300MGPZBLQDIL7538,FAIRWAY INDEPENDENT MORTGAGE CORPORATION,61,41,5,0.87,36,17,7,1,0,22,13,5,1,0,national
2025,OR,41029,Jackson,549300UBGGLZLZEY0M18,,98,41,38,0.87,98,0,0,0,0,41,0,0,0,0,national
2025,OR,41029,Jackson,254900UL88QFG0E40516,FIGURE LENDING LLC,66,40,13,0.85,66,0,0,0,0,40,0,0,0,0,national
2025,OR,41029,Jackson,2549008LK3474E9U2888,ONPOINT COMMUNITY CREDIT UNION,58,35,15,0.74,55,3,0,0,0,33,2,0,0,0,national
2025,OR,41029,Jackson,5493001SXWZ4OFP8Z903,"DHI MORTGAGE COMPANY, LTD.",44,35,1,0.74,25,17,2,0,0,21,12,2,0,0,national
2025,OR,41029,Jackson,5493003GQDUH26DNNH17,Navy Federal Credit Union,69,35,21,0.74,56,0,13,0,0,28,0,7,0,0,national
2025,OR,41029,Jackson,549300KJ8PAJ7E52HG32,Plains Commerce Bank,53,32,0,0.68,50,2,1,0,0,30,2,0,0,0,national
2025,OR,41029,Jackson,549300MZ8VZJOVC63092,"KIND LENDING, LLC",53,32,15,0.68,38,12,3,0,0,24,5,3,0,0,national
2025,OR,41029,Jackson,549300PIL8LFAQ04XC20,Better Mortgage Corporation,103,30,56,0.63,103,0,0,0,0,30,0,0,0,0,national
2025,OR,41029,Jackson,KB1H1DSPRFMYMCUFXT09,"Wells Fargo Bank, National Association",44,29,6,0.61,42,2,0,0,0,28,1,0,0,0,national
2025,OR,41029,Jackson,549300OPCWU6E72WUT29,"MUTUAL OF OMAHA MORTGAGE, INC.",52,27,13,0.57,26,21,5,0,0,14,11,2,0,0,national
2025,OR,41029,Jackson,549300LBCBNR1OT00651,NATIONSTAR MORTGAGE LLC,43,25,11,0.53,35,3,5,0,0,24,0,1,0,0,national
2025,OR,41029,Jackson,254900TTZ395IC926125,,28,20,3,0.42,23,2,2,1,0,15,2,2,1,0,national
2025,OR,41029,Jackson,254900ZFWS2106HWPH46,"PARAMOUNT RESIDENTIAL MORTGAGE GROUP, INC.",24,19,0,0.4,16,2,3,3,0,13,2,2,2,0,national
2025,OR,41029,Jackson,549300U3721PJGQZYY68,"GUARANTEED RATE, INC.",39,19,1,0.4,31,4,4,0,0,14,2,3,0,0,national
2025,OR,41029,Jackson,549300YIQ7S7Z8PIHE53,AMERISAVE MORTGAGE CORPORATION,85,19,53,0.4,66,12,7,0,0,15,2,2,0,0,national
2025,OR,41029,Jackson,5493001GCBD5XGNIC815,Coastal Community Bank,72,17,0,0.36,72,0,0,0,0,17,0,0,0,0,national
2025,OR,41029,Jackson,549300E2UX99HKDBR481,"NEW AMERICAN FUNDING, LLC",67,17,6,0.36,41,21,5,0,0,14,2,1,0,0,national
2025,OR,41029,Jackson,25490018IFQOT83Q7H49,,19,16,0,0.34,11,5,3,0,0,9,4,3,0,0,national
2025,OR,41029,Jackson,549300KOAKQX3BEWWT56,,16,15,0,0.32,10,2,4,0,0,9,2,4,0,0,national
2025,OR,41029,Jackson,B4TYDEB6GKMZO031MB27,"Bank of America, National Association",35,15,7,0.32,35,0,0,0,0,15,0,0,0,0,national
2025,OR,41029,Jackson,HUX2X73FUCYHUVH1BK78,KeyBank National Association,25,15,8,0.32,24,1,0,0,0,15,0,0,0,0,national
2025,OR,41029,Jackson,549300T94GSH3C4U5M59,ALLIANT CREDIT UNION,18,13,2,0.27,18,0,0,0,0,13,0,0,0,0,national
2025,OR,41029,Jackson,54930060G4MDPWHISD89,EVERGREEN MONEYSOURCE MORTGAGE COMPANY,20,12,0,0.25,18,2,0,0,0,10,2,0,0,0,national
2025,OR,41029,Jackson,549300CB67L6KPJLHE19,"TRIAD FINANCIAL SERVICES, INC.",41,12,10,0.25,41,0,0,0,0,12,0,0,0,0,national
2025,OR,41029,Jackson,5493008VVXQIDO1EZ460,"SUMMIT FUNDING, INC.",24,11,0,0.23,16,5,3,0,0,7,2,2,0,0,national
2025,OR,41029,Jackson,549300ALNLUNS3Y53T24,AMERICAN FINANCING CORPORATION,49,11,17,0.23,26,15,8,0,0,6,3,2,0,0,national
2025,OR,41029,Jackson,549300S5YL3OH0IVCS62,FINANCE OF AMERICA REVERSE LLC,17,11,2,0.23,4,13,0,0,0,2,9,0,0,0,national
2025,OR,41029,Jackson,5493002B2WMHY23GFK92,"AMERICAN FINANCIAL RESOURCES, INC.",14,10,2,0.21,4,6,4,0,0,3,3,4,0,0,national
2025,OR,41029,Jackson,549300CK7U1WMTIG6687,,15,10,0,0.21,5,10,0,0,0,3,7,0,0,0,national
2025,OR,41029,Jackson,549300Q50XCC0473FG63,,17,10,7,0.21,17,0,0,0,0,10,0,0,0,0,national
2025,OR,41029,Jackson,549300R7HGHP2I754087,TOWNE MORTGAGE COMPANY,14,10,1,0.21,2,5,7,0,0,1,4,5,0,0,national
2025,OR,41029,Jackson,549300VCMRO4ST680C11,VILLAGE CAPITAL & INVESTMENT LLC,23,10,4,0.21,0,8,15,0,0,0,2,8,0,0,national
2025,OR,41029,Jackson,549300ZBXINP1Y94CN02,,13,10,3,0.21,5,6,2,0,0,4,4,2,0,0,national
2025,OR,41029,Jackson,549300NOCASXPA34X033,"LAKEVIEW LOAN SERVICING, LLC",28,9,17,0.19,16,8,4,0,0,4,3,2,0,0,national
2025,OR,41029,Jackson,549300Q02LGIN9AXKP98,FIRST TECHNOLOGY FEDERAL CREDIT UNION,12,9,1,0.19,12,0,0,0,0,9,0,0,0,0,national
2025,OR,41029,Jackson,549300QKL5FUBZ8LSF50,"NATIONS DIRECT MORTGAGE, LLC",11,9,0,0.19,7,2,2,0,0,5,2,2,0,0,national
2025,OR,41029,Jackson,549300R77W0P105C3S50,HOMEXPRESS MORTGAGE CORP.,9,9,0,0.19,9,0,0,0,0,9,0,0,0,0,national
2025,OR,41029,Jackson,549300XY701IELCE5Q08,BETTER MORTGAGE CORPORATION,24,9,3,0.19,21,3,0,0,0,9,0,0,0,0,national
2025,OR,41029,Jackson,549300KIOYNU323LVJ37,AMERICAN PACIFIC MORTGAGE CORPORATION,11,8,2,0.17,8,2,1,0,0,6,2,0,0,0,national
2025,OR,41029,Jackson,549300YN94MOAVYW0F52,"GoodLeap, LLC",15,8,4,0.17,12,1,2,0,0,5,1,2,0,0,national
2025,OR,41029,Jackson,54930054ET8KM4O1D485,"SOFI BANK, NATIONAL ASSOCIATION",33,7,2,0.15,29,3,1,0,0,6,1,0,0,0,national
2025,OR,41029,Jackson,549300PL267CW8182203,,16,7,1,0.15,2,1,13,0,0,0,1,6,0,0,national
2025,OR,41029,Jackson,CKVBED0S4DMLKJJ5XH28,Stifel Bank and Trust,7,7,0,0.15,7,0,0,0,0,7,0,0,0,0,national
2025,OR,41029,Jackson,25490066WMF8ZMQXQB18,"Lendage, LLC",8,6,0,0.13,8,0,0,0,0,6,0,0,0,0,national
2025,OR,41029,Jackson,254900T37KTTXKCK3416,,9,6,1,0.13,9,0,0,0,0,6,0,0,0,0,national
2025,OR,41029,Jackson,5493002TJKC8NLH1ZP82,,8,6,1,0.13,4,3,1,0,0,3,2,1,0,0,national
2025,OR,41029,Jackson,5493003WLEYGXGNTI654,SELCO COMMUNITY,11,6,3,0.13,11,0,0,0,0,6,0,0,0,0,national
2025,OR,41029,Jackson,5493008CPTDVOS570626,"Primary Residential Mortgage, Inc.",11,6,3,0.13,11,0,0,0,0,6,0,0,0,0,national
2025,OR,41029,Jackson,549300BX448ALT10FI43,The Federal Savings Bank,19,6,2,0.13,0,1,18,0,0,0,0,6,0,0,national
2025,OR,41029,Jackson,549300K4ZLGS7SRDTL86,Equity Prime Mortgage LLC,14,6,0,0.13,0,6,8,0,0,0,1,5,0,0,national
2025,OR,41029,Jackson,549300NFPC3Y4W3Y7R87,,13,6,3,0.13,2,5,6,0,0,1,2,3,0,0,national
2025,OR,41029,Jackson,549300SK2GVCQXPD4S58,"SUN WEST MORTGAGE COMPANY, INC.",11,6,1,0.13,2,2,7,0,0,2,1,3,0,0,national
2025,OR,41029,Jackson,549300SUCQ1358EGVE89,"NEW DAY FINANCIAL, LLC",31,6,5,0.13,0,0,31,0,0,0,0,6,0,0,national
2025,OR,41029,Jackson,549300VMX06UV1F7NS76,,7,6,0,0.13,5,2,0,0,0,4,2,0,0,0,national
2025,OR,41029,Jackson,549300XQVJ1XBNFA5536,21ST MORTGAGE CORPORATION,38,6,22,0.13,38,0,0,0,0,6,0,0,0,0,national
2025,OR,41029,Jackson,X05BVSK68TQ7YTOSNR22,Discover Bank,38,6,24,0.13,38,0,0,0,0,6,0,0,0,0,national
2025,OR,41029,Jackson,254900E6AIE4Z8YQM970,Citadel Servicing Corporation,8,5,2,0.11,8,0,0,0,0,5,0,0,0,0,national
2025,OR,41029,Jackson,5493000OM9RKJW8W5K82,,11,5,1,0.11,8,3,0,0,0,4,1,0,0,0,national
2025,OR,41029,Jackson,549300121SF0K2LN2804,"PRIMELENDING, A PLAINSCAPITAL COMPANY",9,5,1,0.11,8,1,0,0,0,5,0,0,0,0,national
2025,OR,41029,Jackson,5493009HUMWCHFRDKF12,,8,5,1,0.11,8,0,0,0,0,5,0,0,0,0,national
2025,OR,41029,Jackson,549300EKFFG3BU8DNX74,NEXERA HOLDING LLC,7,5,0,0.11,7,0,0,0,0,5,0,0,0,0,national
2025,OR,41029,Jackson,549300INFJ8TYNZ1G568,,5,5,0,0.11,5,0,0,0,0,5,0,0,0,0,national
2025,OR,41029,Jackson,549300JYXTZDSPJEPI44,"PLAZA HOME MORTGAGE, INC.",7,5,2,0.11,4,2,1,0,0,3,1,1,0,0,national
2025,OR,41029,Jackson,549300MHH03ICJYEPE85,,8,5,0,0.11,1,7,0,0,0,0,5,0,0,0,national
2025,OR,41029,Jackson,549300RPOGWJRH63HS39,UNION HOME MORTGAGE CORP.,7,5,0,0.11,6,1,0,0,0,4,1,0,0,0,national
2025,OR,41029,Jackson,549300TUQC6OYE8A0Y96,,5,5,0,0.11,0,5,0,0,0,0,5,0,0,0,national
2025,OR,41029,Jackson,549300ZWNETGFXTBBY03,"CANOPY MORTGAGE, LLC",9,5,0,0.11,8,1,0,0,0,4,1,0,0,0,national
2025,OR,41029,Jackson,984500U2F9A83N391A91,"CHAMPIONS FUNDING, LLC",9,5,2,0.11,9,0,0,0,0,5,0,0,0,0,national
2025,OR,41029,Jackson,2549005SIVTHG14U2905,A&D Mortgage LLC,5,4,0,0.08,2,3,0,0,0,2,2,0,0,0,national
2025,OR,41029,Jackson,254900HA4DQWAE0W3342,"AMERIHOME MORTGAGE COMPANY, LLC",6,4,0,0.08,1,4,1,0,0,1,3,0,0,0,national
2025,OR,41029,Jackson,254900M2C4Q6DATP2889,,10,4,0,0.08,1,4,5,0,0,1,2,1,0,0,national
2025,OR,41029,Jackson,3Y4U8VZURTYWI1W2K376,BMO Bank National Association,12,4,3,0.08,12,0,0,0,0,4,0,0,0,0,national
2025,OR,41029,Jackson,5493001WHVQBGRSWEU75,"HOMEBRIDGE FINANCIAL SERVICES, INC.",11,4,5,0.08,8,0,3,0,0,3,0,1,0,0,national
2025,OR,41029,Jackson,54930025XJJO3T0M1A92,,6,4,2,0.08,6,0,0,0,0,4,0,0,0,0,national
2025,OR,41029,Jackson,5493002Y5XYV7DV1ZV88,"GOLD STAR MORTGAGE FINANCIAL GROUP, CORPORATION",5,4,0,0.08,2,2,0,1,0,2,1,0,1,0,national
2025,OR,41029,Jackson,549300370QILXLFUWD20,"ZILLOW HOME LOANS, LLC",7,4,0,0.08,3,3,1,0,0,1,2,1,0,0,national
2025,OR,41029,Jackson,549300B4IYL7TZT8FA34,,5,4,0,0.08,4,0,1,0,0,3,0,1,0,0,national
2025,OR,41029,Jackson,549300BLL6VL7AXWYP56,,6,4,1,0.08,5,1,0,0,0,3,1,0,0,0,national
2025,OR,41029,Jackson,549300BOXNV8VLRBDT24,,5,4,1,0.08,5,0,0,0,0,4,0,0,0,0,national
2025,OR,41029,Jackson,549300IEP77RKJ87Z176,OREGON COMMUNITY,13,4,5,0.08,13,0,0,0,0,4,0,0,0,0,national
2025,OR,41029,Jackson,549300KSOOZZVXCMA627,ANGEL OAK MORTGAGE SOLUTIONS LLC,10,4,1,0.08,10,0,0,0,0,4,0,0,0,0,national
2025,OR,41029,Jackson,549300LROQOOQU77WS20,,9,4,1,0.08,9,0,0,0,0,4,0,0,0,0,national
2025,OR,41029,Jackson,549300Q3ROEQU3D1IW91,,34,4,17,0.08,34,0,0,0,0,4,0,0,0,0,national
2025,OR,41029,Jackson,549300T9P3WXNMXX0I34,Ixonia Bank,7,4,0,0.08,6,1,0,0,0,3,1,0,0,0,national
2025,OR,41029,Jackson,549300TMY3OACQC9U777,,4,4,0,0.08,4,0,0,0,0,4,0,0,0,0,national
2025,OR,41029,Jackson,549300UR5AOWTJJ7KZ64,,6,4,0,0.08,6,0,0,0,0,4,0,0,0,0,national
2025,OR,41029,Jackson,9845006YE04B346EC919,,10,4,0,0.08,4,2,4,0,0,1,1,2,0,0,national
2025,OR,41029,Jackson,C5654JQHZUHN0772B561,USAA Federal Savings Bank,16,4,8,0.08,7,0,9,0,0,0,0,4,0,0,national
2025,OR,41029,Jackson,PAOOWF3GUFM46FBSP561,,7,4,0,0.08,4,3,0,0,0,2,2,0,0,0,national
2025,OR,41029,Jackson,SS1TRMSN6BRNMOREEV51,"Flagstar Bank, National Association",5,4,1,0.08,4,1,0,0,0,4,0,0,0,0,national
2025,OR,41029,Jackson,213800XR2TCBQJSF1X93,,6,3,0,0.06,5,0,1,0,0,2,0,1,0,0,national
2025,OR,41029,Jackson,254900HEJ9F73IMPX887,,7,3,0,0.06,7,0,0,0,0,3,0,0,0,0,national
2025,OR,41029,Jackson,254900TG14TB8RKS3U42,,9,3,0,0.06,7,0,2,0,0,2,0,1,0,0,national
2025,OR,41029,Jackson,254900Z8J5L9POS71X51,Oregon State Credit Union,6,3,1,0.06,6,0,0,0,0,3,0,0,0,0,national
2025,OR,41029,Jackson,5493001B4U37VT2ML818,GESA CREDIT UNION,5,3,1,0.06,5,0,0,0,0,3,0,0,0,0,national
2025,OR,41029,Jackson,54930021WPEXNHYZUL09,"PLANET HOME LENDING, LLC",5,3,1,0.06,1,2,2,0,0,1,1,1,0,0,national
2025,OR,41029,Jackson,54930043BMDE130FJ617,"PROVIDENT FUNDING ASSOCIATES, L.P.",7,3,2,0.06,7,0,0,0,0,3,0,0,0,0,national
2025,OR,41029,Jackson,5493005PKOSG7MYX0B34,"Prosperity Home Mortgage, LLC",8,3,3,0.06,3,4,1,0,0,1,1,1,0,0,national
2025,OR,41029,Jackson,549300748YYU6VG08N83,"Loan Simple, Inc.",4,3,0,0.06,1,3,0,0,0,1,2,0,0,0,national
2025,OR,41029,Jackson,5493008NWHQT1R22C024,"AMERICAN FINANCIAL NETWORK, INC.",7,3,0,0.06,4,3,0,0,0,2,1,0,0,0,national
2025,OR,41029,Jackson,549300KM40FP4MSQU941,Boeing Employees Credit Union,6,3,3,0.06,6,0,0,0,0,3,0,0,0,0,national
2025,OR,41029,Jackson,549300LZUXCJFE5ONM48,,3,3,0,0.06,0,3,0,0,0,0,3,0,0,0,national
2025,OR,41029,Jackson,549300PL8ER6H23P0Z91,,5,3,0,0.06,4,1,0,0,0,2,1,0,0,0,national
2025,OR,41029,Jackson,549300RA3E0BUFO7YZ21,"Hometown Equity Mortgage, LLC",6,3,3,0.06,6,0,0,0,0,3,0,0,0,0,national
2025,OR,41029,Jackson,549300RN01LBYR8ZVX74,"LOWER, LLC",8,3,0,0.06,4,3,1,0,0,2,1,0,0,0,national
2025,OR,41029,Jackson,549300SCFWZXMDMZPE93,,6,3,2,0.06,2,3,1,0,0,0,2,1,0,0,national
2025,OR,41029,Jackson,549300UG7QXKM7KGV847,,4,3,0,0.06,4,0,0,0,0,3,0,0,0,0,national
2025,OR,41029,Jackson,549300Y5Y88FQLI7VE83,DEEPHAVEN MORTGAGE LLC,4,3,1,0.06,4,0,0,0,0,3,0,0,0,0,national
2025,OR,41029,Jackson,Q708HHR4LD2B7XIZNO92,First Federal Bank,5,3,0,0.06,4,0,1,0,0,2,0,1,0,0,national
2025,OR,41029,Jackson,2549001IK7UDPADKAG34,,4,2,1,0.04,4,0,0,0,0,2,0,0,0,0,national
2025,OR,41029,Jackson,2549009X2AG1P20YAJ63,,3,2,0,0.04,3,0,0,0,0,2,0,0,0,0,national
2025,OR,41029,Jackson,254900VHUBSJJKOMBF27,,2,2,0,0.04,2,0,0,0,0,2,0,0,0,0,national
2025,OR,41029,Jackson,5493001GDRY0EL7VG372,"ARK-LA-TEX FINANCIAL SERVICES, LLC.",4,2,0,0.04,1,1,2,0,0,1,1,0,0,0,national
2025,OR,41029,Jackson,5493001PXRJMPLXPG540,,6,2,1,0.04,6,0,0,0,0,2,0,0,0,0,national
2025,OR,41029,Jackson,54930049L5WINET09Q97,"CLICK N' CLOSE, INC.",2,2,0,0.04,1,1,0,0,0,1,1,0,0,0,national
2025,OR,41029,Jackson,5493004AS1SPBQOFDR49,"Change Lending, LLC",2,2,0,0.04,2,0,0,0,0,2,0,0,0,0,national
2025,OR,41029,Jackson,5493004F7BXDIUFVPV87,,3,2,0,0.04,3,0,0,0,0,2,0,0,0,0,national
2025,OR,41029,Jackson,5493006KXUHSYFT7SD10,,2,2,0,0.04,0,2,0,0,0,0,2,0,0,0,national
2025,OR,41029,Jackson,5493009QB0KBU5M6NP90,,4,2,0,0.04,4,0,0,0,0,2,0,0,0,0,national
2025,OR,41029,Jackson,549300GWD9H4FQ2VR805,,4,2,1,0.04,4,0,0,0,0,2,0,0,0,0,national
2025,OR,41029,Jackson,549300GYK7N8U42X9587,,2,2,0,0.04,2,0,0,0,0,2,0,0,0,0,national
2025,OR,41029,Jackson,549300ISCZS1R0CJMO47,,2,2,0,0.04,2,0,0,0,0,2,0,0,0,0,national
2025,OR,41029,Jackson,549300J6N77Q8OHYNF23,,4,2,0,0.04,4,0,0,0,0,2,0,0,0,0,national
2025,OR,41029,Jackson,549300J7I82PNDVU8H22,"OCMBC, INC.",13,2,7,0.04,12,1,0,0,0,2,0,0,0,0,national
2025,OR,41029,Jackson,549300KBCEYCLANGUM06,,2,2,0,0.04,2,0,0,0,0,2,0,0,0,0,national
2025,OR,41029,Jackson,549300KTR1JGH3K6LU06,FOURLEAF,3,2,1,0.04,3,0,0,0,0,2,0,0,0,0,national
2025,OR,41029,Jackson,549300N2GMOJ61XHEL06,,2,2,0,0.04,2,0,0,0,0,2,0,0,0,0,national
2025,OR,41029,Jackson,549300NWBS6MQJX15N44,,3,2,0,0.04,3,0,0,0,0,2,0,0,0,0,national
2025,OR,41029,Jackson,549300PQLK8E48ILXV41,,5,2,1,0.04,4,1,0,0,0,2,0,0,0,0,national
2025,OR,41029,Jackson,549300Q6YL1SFVPEGV90,,2,2,0,0.04,0,0,2,0,0,0,0,2,0,0,national
2025,OR,41029,Jackson,549300QIUZLVR1OLDH55,Genisys Credit Union,2,2,0,0.04,2,0,0,0,0,2,0,0,0,0,national
2025,OR,41029,Jackson,549300R9S3MVDV4MGF56,"CARRINGTON MORTGAGE SERVICES, LLC",19,2,10,0.04,11,6,2,0,0,2,0,0,0,0,national
2025,OR,41029,Jackson,549300T61O0X0RJMQ375,,4,2,0,0.04,4,0,0,0,0,2,0,0,0,0,national
2025,OR,41029,Jackson,549300VORTI31GZTJL53,"CARDINAL FINANCIAL COMPANY, LIMITED PARTNERSHIP",2,2,0,0.04,1,0,1,0,0,1,0,1,0,0,national
2025,OR,41029,Jackson,549300W45D2J6BT4LX65,,2,2,0,0.04,2,0,0,0,0,2,0,0,0,0,national
2025,OR,41029,Jackson,549300ZIQ24V0C88AC41,GTE Federal Credit Union,2,2,0,0.04,2,0,0,0,0,2,0,0,0,0,national
2025,OR,41029,Jackson,AD6GFRVSDT01YPT1CS68,"PNC Bank, National Association",10,2,4,0.04,10,0,0,0,0,2,0,0,0,0,national
2025,OR,41029,Jackson,DRMSV1Q0EKMEXLAU1P80,"Citizens Bank, National Association",2,2,0,0.04,2,0,0,0,0,2,0,0,0,0,national
2025,OR,41029,Jackson,254900A1LV2U6NM10498,,1,1,0,0.02,1,0,0,0,0,1,0,0,0,0,national
2025,OR,41029,Jackson,254900BBEPZS8MDE1S61,,1,1,0,0.02,1,0,0,0,0,1,0,0,0,0,national
2025,OR,41029,Jackson,254900BDGU9FU91PQA51,,3,1,1,0.02,0,3,0,0,0,0,1,0,0,0,national
2025,OR,41029,Jackson,254900CTT87ZKAUTIJ37,,2,1,0,0.02,2,0,0,0,0,1,0,0,0,0,national
2025,OR,41029,Jackson,254900HO9WPE4LTLQU96,,1,1,0,0.02,0,1,0,0,0,0,1,0,0,0,national
2025,OR,41029,Jackson,254900IEGKUDRDS23V26,,1,1,0,0.02,1,0,0,0,0,1,0,0,0,0,national
2025,OR,41029,Jackson,254900KI7219LQKCI772,First Western Trust Bank,1,1,0,0.02,1,0,0,0,0,1,0,0,0,0,national
2025,OR,41029,Jackson,254900N133DZGPB2X985,,1,1,0,0.02,1,0,0,0,0,1,0,0,0,0,national
2025,OR,41029,Jackson,254900NZOY3XB2DNSZ34,,2,1,1,0.02,2,0,0,0,0,1,0,0,0,0,national
2025,OR,41029,Jackson,254900QPRPHIXEAX3L37,,1,1,0,0.02,1,0,0,0,0,1,0,0,0,0,national
2025,OR,41029,Jackson,254900RQX8N4HXJIDK44,,3,1,0,0.02,1,1,1,0,0,0,1,0,0,0,national
2025,OR,41029,Jackson,2WHM8VNJH63UN14OL754,The Huntington National Bank,1,1,0,0.02,1,0,0,0,0,1,0,0,0,0,national
2025,OR,41029,Jackson,54930001NSTOD85LT125,"GUARANTEED RATE AFFINITY, LLC",2,1,1,0.02,1,1,0,0,0,1,0,0,0,0,national
2025,OR,41029,Jackson,5493000D6RXLNBZQYA47,,1,1,0,0.02,1,0,0,0,0,1,0,0,0,0,national
2025,OR,41029,Jackson,5493000YNV8IX4VD3X12,"VANDERBILT MORTGAGE AND FINANCE, INC.",36,1,5,0.02,36,0,0,0,0,1,0,0,0,0,national
2025,OR,41029,Jackson,5493001X0T84TYRJ5Y59,,1,1,0,0.02,1,0,0,0,0,1,0,0,0,0,national
2025,OR,41029,Jackson,5493002YXAOJOQPEGS38,,1,1,0,0.02,0,1,0,0,0,0,1,0,0,0,national
2025,OR,41029,Jackson,549300323EON4W3CCM44,"RESICENTRAL, LLC",2,1,0,0.02,1,0,1,0,0,0,0,1,0,0,national
2025,OR,41029,Jackson,5493003T5D4N1CM46J77,1st Security Bank of Washington,2,1,1,0.02,2,0,0,0,0,1,0,0,0,0,national
2025,OR,41029,Jackson,5493003V40VGM7YDFM54,FIRST COLONY MORTGAGE CORPORATION,1,1,0,0.02,1,0,0,0,0,1,0,0,0,0,national
2025,OR,41029,Jackson,5493004R423PBPM6A173,,1,1,0,0.02,0,0,1,0,0,0,0,1,0,0,national
2025,OR,41029,Jackson,54930053SM8COVIPIY54,MICHIGAN STATE UNIVERSITY Federal Credit Union,1,1,0,0.02,1,0,0,0,0,1,0,0,0,0,national
2025,OR,41029,Jackson,5493006VAGP3GQ8FJT49,"Kiavi Funding, Inc.",12,1,0,0.02,12,0,0,0,0,1,0,0,0,0,national
2025,OR,41029,Jackson,5493007CLWQN2S6IZK91,,2,1,0,0.02,1,0,1,0,0,0,0,1,0,0,national
2025,OR,41029,Jackson,5493008ZTV4S0W9DCX64,,2,1,0,0.02,1,1,0,0,0,1,0,0,0,0,national
2025,OR,41029,Jackson,5493009B17HXCVXTD608,"JMAC LENDING, INC.",3,1,0,0.02,1,1,0,1,0,0,0,0,1,0,national
2025,OR,41029,Jackson,5493009D2COWW65B8673,,1,1,0,0.02,1,0,0,0,0,1,0,0,0,0,national
2025,OR,41029,Jackson,549300A4ZI1DF2OO1B51,,1,1,0,0.02,1,0,0,0,0,1,0,0,0,0,national
2025,OR,41029,Jackson,549300A5HHOL2ED18C72,,1,1,0,0.02,1,0,0,0,0,1,0,0,0,0,national
2025,OR,41029,Jackson,549300AENO88GEUWCZ39,,1,1,0,0.02,1,0,0,0,0,1,0,0,0,0,national
2025,OR,41029,Jackson,549300AG10BX85DF5S49,MLD MORTGAGE INC.,1,1,0,0.02,1,0,0,0,0,1,0,0,0,0,national
2025,OR,41029,Jackson,549300DNWSJUNAWUM003,,1,1,0,0.02,1,0,0,0,0,1,0,0,0,0,national
2025,OR,41029,Jackson,549300DT7CCDCC7O6Z60,,1,1,0,0.02,1,0,0,0,0,1,0,0,0,0,national
2025,OR,41029,Jackson,549300F8C5JA44WNMI75,AMERICAN NEIGHBORHOOD MORTGAGE ACCEPTANCE COMPANY LLC,1,1,0,0.02,0,1,0,0,0,0,1,0,0,0,national
2025,OR,41029,Jackson,549300G5DVGM0ZHRQC33,,1,1,0,0.02,0,0,1,0,0,0,0,1,0,0,national
2025,OR,41029,Jackson,549300GS0W0TEUQS8571,"Morgan Stanley Private Bank, National Association",3,1,1,0.02,3,0,0,0,0,1,0,0,0,0,national
2025,OR,41029,Jackson,549300K6K2IS7FRS7S09,,1,1,0,0.02,1,0,0,0,0,1,0,0,0,0,national
2025,OR,41029,Jackson,549300KDR80I1ELW8D36,,9,1,1,0.02,9,0,0,0,0,1,0,0,0,0,national
2025,OR,41029,Jackson,549300KX4S1573HISS22,,2,1,0,0.02,2,0,0,0,0,1,0,0,0,0,national
2025,OR,41029,Jackson,549300KZVCKCUN23YY80,,2,1,0,0.02,2,0,0,0,0,1,0,0,0,0,national
2025,OR,41029,Jackson,549300LI3FDGO7UKFF39,EAST COAST CAPITAL CORP.,2,1,0,0.02,1,0,1,0,0,0,0,1,0,0,national
2025,OR,41029,Jackson,549300LLESTPOVRG3X73,,2,1,1,0.02,1,0,1,0,0,0,0,1,0,0,national
2025,OR,41029,Jackson,549300O6Z0I6KYMESL47,AMWEST FUNDING CORP.,4,1,0,0.02,4,0,0,0,0,1,0,0,0,0,national
2025,OR,41029,Jackson,549300OPB0G5OMY0SM65,,1,1,0,0.02,1,0,0,0,0,1,0,0,0,0,national
2025,OR,41029,Jackson,549300OYEKEORA1GI088,,1,1,0,0.02,1,0,0,0,0,1,0,0,0,0,national
2025,OR,41029,Jackson,549300PBTV7FCWLSMM53,,3,1,0,0.02,0,1,2,0,0,0,0,1,0,0,national
2025,OR,41029,Jackson,549300PXIFIEPL7D7R86,,2,1,0,0.02,0,0,2,0,0,0,0,1,0,0,national
2025,OR,41029,Jackson,549300R0SXC1JU7ZU290,"FIRST COMMUNITY MORTGAGE, INC.",1,1,0,0.02,1,0,0,0,0,1,0,0,0,0,national
2025,OR,41029,Jackson,549300R4F5COFJE0DN81,,1,1,0,0.02,1,0,0,0,0,1,0,0,0,0,national
2025,OR,41029,Jackson,549300RDN1T32WR2WF91,,1,1,0,0.02,1,0,0,0,0,1,0,0,0,0,national
2025,OR,41029,Jackson,549300REENMLD2RN3W58,"Magnolia Bank, Incorporated",1,1,0,0.02,0,0,1,0,0,0,0,1,0,0,national
2025,OR,41029,Jackson,549300RYTR2RVL4SFJ90,,1,1,0,0.02,1,0,0,0,0,1,0,0,0,0,national
2025,OR,41029,Jackson,549300S5FVOSK5DQJN30,INTERCAP LENDING INC.,1,1,0,0.02,1,0,0,0,0,1,0,0,0,0,national
2025,OR,41029,Jackson,549300S8SHBRCI7UU819,,2,1,1,0.02,2,0,0,0,0,1,0,0,0,0,national
2025,OR,41029,Jackson,549300TF1E42EUFBSL45,,1,1,0,0.02,1,0,0,0,0,1,0,0,0,0,national
2025,OR,41029,Jackson,549300TK6RZQSFXZHV09,,1,1,0,0.02,1,0,0,0,0,1,0,0,0,0,national
2025,OR,41029,Jackson,549300UB5TJ0YPVPT503,,4,1,1,0.02,4,0,0,0,0,1,0,0,0,0,national
2025,OR,41029,Jackson,549300UF3FPC7U6RFC59,The Central Trust Bank,1,1,0,0.02,0,1,0,0,0,0,1,0,0,0,national
2025,OR,41029,Jackson,549300UXTDELQS5SLF91,,1,1,0,0.02,1,0,0,0,0,1,0,0,0,0,national
2025,OR,41029,Jackson,549300XWUSRVVOHPRY47,Academy Mortgage Corporation,5,1,0,0.02,3,2,0,0,0,1,0,0,0,0,national
2025,OR,41029,Jackson,549300ZPSJZO10ZAX556,"AMERICAN HERITAGE LENDING, LLC",1,1,0,0.02,1,0,0,0,0,1,0,0,0,0,national
2025,OR,41029,Jackson,8WH0EE09O9V05QJZ3V89,"Zions Bancorporation, N.A.",2,1,0,0.02,2,0,0,0,0,1,0,0,0,0,national
2025,OR,41029,Jackson,984500CD6F0743B8F530,,1,1,0,0.02,0,0,1,0,0,0,0,1,0,0,national
2025,OR,41029,Jackson,L9VVX1KT5TFTKS0MLF66,First-Citizens Bank & Trust Company,2,1,0,0.02,2,0,0,0,0,1,0,0,0,0,national
2025,OR,41029,Jackson,ZXMJHJK466PBZTM5F379,,2,1,0,0.02,2,0,0,0,0,1,0,0,0,0,national
2025,OR,41029,Jackson,54930091JQKCU3Z6IP44,,7,0,0,0.0,7,0,0,0,0,0,0,0,0,0,national
2025,OR,41029,Jackson,549300XCVBRR56D08F03,,20,0,0,0.0,11,9,0,0,0,0,0,0,0,0,national
2025,OR,41029,Jackson,549300XRF9LCZ3RX3Q39,,7,0,6,0.0,0,2,5,0,0,0,0,0,0,0,national
2025,OR,41033,Josephine,549300HH0V8LECLNPQ26,ROGUE,382,277,34,16.11,369,0,13,0,0,266,0,11,0,0,national
2025,OR,41033,Josephine,254900WEP08K7U7S3A80,,184,163,0,9.48,110,46,28,0,0,99,40,24,0,0,national
2025,OR,41033,Josephine,549300AQ3T62GXDU7D76,GUILD MORTGAGE COMPANY LLC,167,117,2,6.81,101,52,14,0,0,66,38,13,0,0,national
2025,OR,41033,Josephine,549300L44U62O7WHRR78,FIRST COMMUNITY,177,100,39,5.82,177,0,0,0,0,100,0,0,0,0,national
2025,OR,41033,Josephine,549300HW662MN1WU8550,"United Wholesale Mortgage, LLC",134,92,18,5.35,45,32,57,0,0,33,20,39,0,0,national
2025,OR,41033,Josephine,549300FGXN1K3HLB1R50,"Rocket Mortgage, LLC",145,90,37,5.24,110,14,21,0,0,74,5,11,0,0,national
2025,OR,41033,Josephine,2549007E4NL6J0YLH946,,73,53,9,3.08,73,0,0,0,0,53,0,0,0,0,national
2025,OR,41033,Josephine,2549008TT6UNYR7AXF54,,69,48,4,2.79,43,14,12,0,0,31,10,7,0,0,national
2025,OR,41033,Josephine,549300GKFNPRWNS0GF29,"AmeriHome Mortgage Company, LLC",68,44,2,2.56,32,22,9,5,0,21,16,4,3,0,national
2025,OR,41033,Josephine,549300RFSMIRUODUVW59,,55,38,10,2.21,55,0,0,0,0,38,0,0,0,0,national
2025,OR,41033,Josephine,549300VZVN841I2ILS84,"CROSSCOUNTRY MORTGAGE, LLC",70,36,4,2.09,30,30,10,0,0,12,16,8,0,0,national
2025,OR,41033,Josephine,549300DD5QQUHO6PCH70,"MORTGAGE RESEARCH CENTER, LLC",70,27,12,1.57,8,0,62,0,0,1,0,26,0,0,national
2025,OR,41033,Josephine,IFQSIUC9AGQV2NE8CN25,Columbia Bank,46,27,11,1.57,43,2,1,0,0,25,1,1,0,0,national
2025,OR,41033,Josephine,RVDPPPGHCGZ40J4VQ731,"PENNYMAC LOAN SERVICES, LLC",58,27,11,1.57,40,7,11,0,0,19,2,6,0,0,national
2025,OR,41033,Josephine,549300QKL5FUBZ8LSF50,"NATIONS DIRECT MORTGAGE, LLC",31,25,0,1.45,25,3,3,0,0,19,3,3,0,0,national
2025,OR,41033,Josephine,WE0I402RW25AU38DTI13,Banner Bank,51,23,19,1.34,49,1,1,0,0,23,0,0,0,0,national
2025,OR,41033,Josephine,6BYL5QZYBDK8S7L73M02,U.S. Bank National Association,52,21,24,1.22,52,0,0,0,0,21,0,0,0,0,national
2025,OR,41033,Josephine,549300AG64NHILB7ZP05,"LOANDEPOT.COM, LLC",36,18,10,1.05,27,7,2,0,0,15,2,1,0,0,national
2025,OR,41033,Josephine,549300FNXYY540N23N64,Newrez LLC,55,18,12,1.05,31,14,10,0,0,9,6,3,0,0,national
2025,OR,41033,Josephine,549300MZ8VZJOVC63092,"KIND LENDING, LLC",27,18,7,1.05,20,5,2,0,0,15,2,1,0,0,national
2025,OR,41033,Josephine,549300ZBXINP1Y94CN02,,34,15,5,0.87,18,15,1,0,0,7,8,0,0,0,national
2025,OR,41033,Josephine,5493003GQDUH26DNNH17,Navy Federal Credit Union,28,14,4,0.81,15,0,13,0,0,6,0,8,0,0,national
2025,OR,41033,Josephine,549300LBCBNR1OT00651,NATIONSTAR MORTGAGE LLC,27,13,5,0.76,26,1,0,0,0,12,1,0,0,0,national
2025,OR,41033,Josephine,254900UL88QFG0E40516,FIGURE LENDING LLC,26,12,11,0.7,26,0,0,0,0,12,0,0,0,0,national
2025,OR,41033,Josephine,549300UBGGLZLZEY0M18,,32,12,12,0.7,32,0,0,0,0,12,0,0,0,0,national
2025,OR,41033,Josephine,549300YN94MOAVYW0F52,"GoodLeap, LLC",18,12,2,0.7,14,3,1,0,0,10,2,0,0,0,national
2025,OR,41033,Josephine,549300LYRWPSYPK6S325,FREEDOM MORTGAGE CORPORATION,31,11,2,0.64,3,11,17,0,0,1,5,5,0,0,national
2025,OR,41033,Josephine,549300MGPZBLQDIL7538,FAIRWAY INDEPENDENT MORTGAGE CORPORATION,15,11,1,0.64,7,6,2,0,0,5,5,1,0,0,national
2025,OR,41033,Josephine,549300PIL8LFAQ04XC20,Better Mortgage Corporation,36,11,19,0.64,36,0,0,0,0,11,0,0,0,0,national
2025,OR,41033,Josephine,7H6GLXDRUGQFU57RNE97,"JPMorgan Chase Bank, National Association",20,11,4,0.64,19,1,0,0,0,10,1,0,0,0,national
2025,OR,41033,Josephine,254900ZFWS2106HWPH46,"PARAMOUNT RESIDENTIAL MORTGAGE GROUP, INC.",16,10,1,0.58,13,3,0,0,0,8,2,0,0,0,national
2025,OR,41033,Josephine,549300SCFWZXMDMZPE93,,14,10,2,0.58,12,1,1,0,0,9,1,0,0,0,national
2025,OR,41033,Josephine,549300U3721PJGQZYY68,"GUARANTEED RATE, INC.",19,10,1,0.58,12,5,2,0,0,5,3,2,0,0,national
2025,OR,41033,Josephine,549300DD4R4SYK5RAQ92,"MOVEMENT MORTGAGE, LLC",16,8,2,0.47,12,4,0,0,0,5,3,0,0,0,national
2025,OR,41033,Josephine,254900DTLHVWQ7NP7R34,"CMG Mortgage, Inc.",18,7,2,0.41,17,0,1,0,0,7,0,0,0,0,national
2025,OR,41033,Josephine,54930060G4MDPWHISD89,EVERGREEN MONEYSOURCE MORTGAGE COMPANY,9,7,0,0.41,6,3,0,0,0,5,2,0,0,0,national
2025,OR,41033,Josephine,5493008JECR4UE0WVR04,"MORTGAGE EXPRESS, LLC",7,7,0,0.41,5,1,1,0,0,5,1,1,0,0,national
2025,OR,41033,Josephine,549300OPCWU6E72WUT29,"MUTUAL OF OMAHA MORTGAGE, INC.",12,7,2,0.41,3,6,3,0,0,2,3,2,0,0,national
2025,OR,41033,Josephine,2549008LK3474E9U2888,ONPOINT COMMUNITY CREDIT UNION,11,6,3,0.35,11,0,0,0,0,6,0,0,0,0,national
2025,OR,41033,Josephine,5493001GCBD5XGNIC815,Coastal Community Bank,29,6,2,0.35,29,0,0,0,0,6,0,0,0,0,national
2025,OR,41033,Josephine,549300K4ZLGS7SRDTL86,Equity Prime Mortgage LLC,11,6,1,0.35,0,5,5,1,0,0,2,3,1,0,national
2025,OR,41033,Josephine,549300KIOYNU323LVJ37,AMERICAN PACIFIC MORTGAGE CORPORATION,19,6,3,0.35,9,8,2,0,0,3,2,1,0,0,national
2025,OR,41033,Josephine,549300XQVJ1XBNFA5536,21ST MORTGAGE CORPORATION,16,6,5,0.35,16,0,0,0,0,6,0,0,0,0,national
2025,OR,41033,Josephine,C5654JQHZUHN0772B561,USAA Federal Savings Bank,9,6,2,0.35,2,0,7,0,0,1,0,5,0,0,national
2025,OR,41033,Josephine,5493008VVXQIDO1EZ460,"SUMMIT FUNDING, INC.",5,5,0,0.29,3,1,1,0,0,3,1,1,0,0,national
2025,OR,41033,Josephine,549300CK7U1WMTIG6687,,6,5,0,0.29,0,6,0,0,0,0,5,0,0,0,national
2025,OR,41033,Josephine,549300IEP77RKJ87Z176,OREGON COMMUNITY,9,5,1,0.29,9,0,0,0,0,5,0,0,0,0,national
2025,OR,41033,Josephine,549300MHH03ICJYEPE85,,8,5,1,0.29,4,4,0,0,0,3,2,0,0,0,national
2025,OR,41033,Josephine,549300ZWNETGFXTBBY03,"CANOPY MORTGAGE, LLC",6,5,0,0.29,5,1,0,0,0,4,1,0,0,0,national
2025,OR,41033,Josephine,KB1H1DSPRFMYMCUFXT09,"Wells Fargo Bank, National Association",9,5,1,0.29,7,2,0,0,0,4,1,0,0,0,national
2025,OR,41033,Josephine,5493002B2WMHY23GFK92,"AMERICAN FINANCIAL RESOURCES, INC.",5,4,1,0.23,0,4,1,0,0,0,3,1,0,0,national
2025,OR,41033,Josephine,54930043BMDE130FJ617,"PROVIDENT FUNDING ASSOCIATES, L.P.",9,4,1,0.23,9,0,0,0,0,4,0,0,0,0,national
2025,OR,41033,Josephine,549300E2UX99HKDBR481,"NEW AMERICAN FUNDING, LLC",16,4,1,0.23,10,5,1,0,0,3,0,1,0,0,national
2025,OR,41033,Josephine,549300EKFFG3BU8DNX74,NEXERA HOLDING LLC,6,4,1,0.23,5,1,0,0,0,4,0,0,0,0,national
2025,OR,41033,Josephine,549300JYXTZDSPJEPI44,"PLAZA HOME MORTGAGE, INC.",5,4,1,0.23,1,3,1,0,0,1,2,1,0,0,national
2025,OR,41033,Josephine,549300VCMRO4ST680C11,VILLAGE CAPITAL & INVESTMENT LLC,15,4,2,0.23,0,5,10,0,0,0,3,1,0,0,national
2025,OR,41033,Josephine,549300XCVBRR56D08F03,,11,4,0,0.23,10,1,0,0,0,4,0,0,0,0,national
2025,OR,41033,Josephine,B4TYDEB6GKMZO031MB27,"Bank of America, National Association",18,4,7,0.23,18,0,0,0,0,4,0,0,0,0,national
2025,OR,41033,Josephine,HUX2X73FUCYHUVH1BK78,KeyBank National Association,9,4,3,0.23,9,0,0,0,0,4,0,0,0,0,national
2025,OR,41033,Josephine,254900M2C4Q6DATP2889,,8,3,4,0.17,1,5,2,0,0,1,1,1,0,0,national
2025,OR,41033,Josephine,549300323EON4W3CCM44,"RESICENTRAL, LLC",3,3,0,0.17,3,0,0,0,0,3,0,0,0,0,national
2025,OR,41033,Josephine,5493004AS1SPBQOFDR49,"Change Lending, LLC",3,3,0,0.17,3,0,0,0,0,3,0,0,0,0,national
2025,OR,41033,Josephine,549300BX448ALT10FI43,The Federal Savings Bank,15,3,2,0.17,3,2,10,0,0,1,0,2,0,0,national
2025,OR,41033,Josephine,549300FX7K8PTEQUU487,PENTAGON FEDERAL CREDIT UNION,5,3,1,0.17,5,0,0,0,0,3,0,0,0,0,national
2025,OR,41033,Josephine,549300GS6ONO04ORI292,,9,3,0,0.17,6,2,1,0,0,3,0,0,0,0,national
2025,OR,41033,Josephine,549300NOCASXPA34X033,"LAKEVIEW LOAN SERVICING, LLC",14,3,8,0.17,6,2,6,0,0,2,0,1,0,0,national
2025,OR,41033,Josephine,549300Q3ROEQU3D1IW91,,10,3,4,0.17,10,0,0,0,0,3,0,0,0,0,national
2025,OR,41033,Josephine,549300RPOGWJRH63HS39,UNION HOME MORTGAGE CORP.,5,3,0,0.17,4,1,0,0,0,2,1,0,0,0,national
2025,OR,41033,Josephine,549300S5YL3OH0IVCS62,FINANCE OF AMERICA REVERSE LLC,5,3,2,0.17,2,3,0,0,0,2,1,0,0,0,national
2025,OR,41033,Josephine,549300SK2GVCQXPD4S58,"SUN WEST MORTGAGE COMPANY, INC.",3,3,0,0.17,0,2,1,0,0,0,2,1,0,0,national
2025,OR,41033,Josephine,549300T94GSH3C4U5M59,ALLIANT CREDIT UNION,4,3,1,0.17,4,0,0,0,0,3,0,0,0,0,national
2025,OR,41033,Josephine,549300UR5AOWTJJ7KZ64,,4,3,0,0.17,4,0,0,0,0,3,0,0,0,0,national
2025,OR,41033,Josephine,549300YIQ7S7Z8PIHE53,AMERISAVE MORTGAGE CORPORATION,32,3,24,0.17,17,13,2,0,0,3,0,0,0,0,national
2025,OR,41033,Josephine,984500U2F9A83N391A91,"CHAMPIONS FUNDING, LLC",4,3,0,0.17,4,0,0,0,0,3,0,0,0,0,national
2025,OR,41033,Josephine,PAOOWF3GUFM46FBSP561,,6,3,0,0.17,1,5,0,0,0,1,2,0,0,0,national
2025,OR,41033,Josephine,X05BVSK68TQ7YTOSNR22,Discover Bank,19,3,12,0.17,19,0,0,0,0,3,0,0,0,0,national
2025,OR,41033,Josephine,213800XR2TCBQJSF1X93,,4,2,1,0.12,2,0,2,0,0,1,0,1,0,0,national
2025,OR,41033,Josephine,25490066WMF8ZMQXQB18,"Lendage, LLC",2,2,0,0.12,2,0,0,0,0,2,0,0,0,0,national
2025,OR,41033,Josephine,254900BMXWPEHXG4LF21,,2,2,0,0.12,1,1,0,0,0,1,1,0,0,0,national
2025,OR,41033,Josephine,254900JH11ROOV921P96,,2,2,0,0.12,2,0,0,0,0,2,0,0,0,0,national
2025,OR,41033,Josephine,254900NZOY3XB2DNSZ34,,3,2,0,0.12,3,0,0,0,0,2,0,0,0,0,national
2025,OR,41033,Josephine,54930049L5WINET09Q97,"CLICK N' CLOSE, INC.",4,2,0,0.12,0,4,0,0,0,0,2,0,0,0,national
2025,OR,41033,Josephine,5493005PKOSG7MYX0B34,"Prosperity Home Mortgage, LLC",3,2,0,0.12,1,0,2,0,0,0,0,2,0,0,national
2025,OR,41033,Josephine,5493006S869XKIESMV41,Mountain America Federal Credit Union,3,2,0,0.12,3,0,0,0,0,2,0,0,0,0,national
2025,OR,41033,Josephine,5493008NWHQT1R22C024,"AMERICAN FINANCIAL NETWORK, INC.",3,2,0,0.12,2,1,0,0,0,1,1,0,0,0,national
2025,OR,41033,Josephine,549300ALNLUNS3Y53T24,AMERICAN FINANCING CORPORATION,16,2,8,0.12,6,10,0,0,0,1,1,0,0,0,national
2025,OR,41033,Josephine,549300CB67L6KPJLHE19,"TRIAD FINANCIAL SERVICES, INC.",8,2,4,0.12,8,0,0,0,0,2,0,0,0,0,national
2025,OR,41033,Josephine,549300CDLJDN8ENOT455,MARION AND POLK SCHOOLS CREDIT UNION,2,2,0,0.12,2,0,0,0,0,2,0,0,0,0,national
2025,OR,41033,Josephine,549300CY7WNAHKHYSJ73,,2,2,0,0.12,2,0,0,0,0,2,0,0,0,0,national
2025,OR,41033,Josephine,549300KBCEYCLANGUM06,,2,2,0,0.12,2,0,0,0,0,2,0,0,0,0,national
2025,OR,41033,Josephine,549300KDR80I1ELW8D36,,2,2,0,0.12,2,0,0,0,0,2,0,0,0,0,national
2025,OR,41033,Josephine,549300KJ8PAJ7E52HG32,Plains Commerce Bank,5,2,1,0.12,5,0,0,0,0,2,0,0,0,0,national
2025,OR,41033,Josephine,549300NFPC3Y4W3Y7R87,,3,2,0,0.12,0,1,2,0,0,0,1,1,0,0,national
2025,OR,41033,Josephine,549300PBTV7FCWLSMM53,,2,2,0,0.12,0,0,2,0,0,0,0,2,0,0,national
2025,OR,41033,Josephine,549300PL8ER6H23P0Z91,,2,2,0,0.12,2,0,0,0,0,2,0,0,0,0,national
2025,OR,41033,Josephine,549300Q02LGIN9AXKP98,FIRST TECHNOLOGY FEDERAL CREDIT UNION,3,2,0,0.12,3,0,0,0,0,2,0,0,0,0,national
2025,OR,41033,Josephine,549300T9P3WXNMXX0I34,Ixonia Bank,2,2,0,0.12,1,0,1,0,0,1,0,1,0,0,national
2025,OR,41033,Josephine,549300XY701IELCE5Q08,BETTER MORTGAGE CORPORATION,6,2,1,0.12,6,0,0,0,0,2,0,0,0,0,national
2025,OR,41033,Josephine,D38AC76TAMYI50NBPX33,,4,2,2,0.12,4,0,0,0,0,2,0,0,0,0,national
2025,OR,41033,Josephine,JJKC32MCHWDI71265Z06,Truist Bank,3,2,0,0.12,3,0,0,0,0,2,0,0,0,0,national
2025,OR,41033,Josephine,213800QUAI2VH5YM6310,"EMBRACE HOME LOANS, INC.",1,1,0,0.06,1,0,0,0,0,1,0,0,0,0,national
2025,OR,41033,Josephine,25490018IFQOT83Q7H49,,1,1,0,0.06,0,0,1,0,0,0,0,1,0,0,national
2025,OR,41033,Josephine,2549004FXPNKCLIN8250,"Synergy One Lending, Inc.",4,1,0,0.06,2,2,0,0,0,1,0,0,0,0,national
2025,OR,41033,Josephine,2549004Z576VEJBK3N72,"NQM FUNDING, LLC",1,1,0,0.06,1,0,0,0,0,1,0,0,0,0,national
2025,OR,41033,Josephine,2549005SIVTHG14U2905,A&D Mortgage LLC,4,1,0,0.06,4,0,0,0,0,1,0,0,0,0,national
2025,OR,41033,Josephine,254900DSZI6CJXJL6Z14,,1,1,0,0.06,1,0,0,0,0,1,0,0,0,0,national
2025,OR,41033,Josephine,254900TTZ395IC926125,,1,1,0,0.06,1,0,0,0,0,1,0,0,0,0,national
2025,OR,41033,Josephine,254900WT4HAMDFWH3048,,2,1,0,0.06,1,1,0,0,0,1,0,0,0,0,national
2025,OR,41033,Josephine,254900Z8J5L9POS71X51,Oregon State Credit Union,2,1,1,0.06,2,0,0,0,0,1,0,0,0,0,national
2025,OR,41033,Josephine,5493000EUC3MM52PJV85,,1,1,0,0.06,1,0,0,0,0,1,0,0,0,0,national
2025,OR,41033,Josephine,5493000FWM3I2HHQY149,WASHINGTON STATE EMPLOYEES CREDIT UNION,2,1,1,0.06,2,0,0,0,0,1,0,0,0,0,national
2025,OR,41033,Josephine,5493000IIYWBLONJVJ30,,1,1,0,0.06,1,0,0,0,0,1,0,0,0,0,national
2025,OR,41033,Josephine,5493000OM9RKJW8W5K82,,2,1,0,0.06,0,2,0,0,0,0,1,0,0,0,national
2025,OR,41033,Josephine,5493000YNV8IX4VD3X12,"VANDERBILT MORTGAGE AND FINANCE, INC.",11,1,2,0.06,11,0,0,0,0,1,0,0,0,0,national
2025,OR,41033,Josephine,549300121SF0K2LN2804,"PRIMELENDING, A PLAINSCAPITAL COMPANY",1,1,0,0.06,1,0,0,0,0,1,0,0,0,0,national
2025,OR,41033,Josephine,54930015645SYPOM7220,,2,1,0,0.06,0,2,0,0,0,0,1,0,0,0,national
2025,OR,41033,Josephine,5493001WHVQBGRSWEU75,"HOMEBRIDGE FINANCIAL SERVICES, INC.",5,1,2,0.06,3,1,1,0,0,1,0,0,0,0,national
2025,OR,41033,Josephine,54930021WPEXNHYZUL09,"PLANET HOME LENDING, LLC",1,1,0,0.06,0,1,0,0,0,0,1,0,0,0,national
2025,OR,41033,Josephine,54930025XJJO3T0M1A92,,1,1,0,0.06,1,0,0,0,0,1,0,0,0,0,national
2025,OR,41033,Josephine,5493002QRULT2T40BH09,COMMUNITYAMERICA FEDERAL CREDIT UNION,1,1,0,0.06,1,0,0,0,0,1,0,0,0,0,national
2025,OR,41033,Josephine,54930034MNPILHP25H80,Gateway First Bank,1,1,0,0.06,1,0,0,0,0,1,0,0,0,0,national
2025,OR,41033,Josephine,549300370QILXLFUWD20,"ZILLOW HOME LOANS, LLC",2,1,0,0.06,1,0,1,0,0,1,0,0,0,0,national
2025,OR,41033,Josephine,54930039IUN6515TBG78,,1,1,0,0.06,0,0,1,0,0,0,0,1,0,0,national
2025,OR,41033,Josephine,5493003WLEYGXGNTI654,SELCO COMMUNITY,6,1,4,0.06,6,0,0,0,0,1,0,0,0,0,national
2025,OR,41033,Josephine,54930052M48FOD3CWA54,"PRIMARY RESIDENTIAL MORTGAGE, INC.",1,1,0,0.06,1,0,0,0,0,1,0,0,0,0,national
2025,OR,41033,Josephine,54930054ET8KM4O1D485,"SOFI BANK, NATIONAL ASSOCIATION",10,1,2,0.06,9,1,0,0,0,1,0,0,0,0,national
2025,OR,41033,Josephine,5493006RIR31ORKYB608,,1,1,0,0.06,0,0,1,0,0,0,0,1,0,0,national
2025,OR,41033,Josephine,549300748YYU6VG08N83,"Loan Simple, Inc.",1,1,0,0.06,0,1,0,0,0,0,1,0,0,0,national
2025,OR,41033,Josephine,5493008CPTDVOS570626,"Primary Residential Mortgage, Inc.",2,1,1,0.06,2,0,0,0,0,1,0,0,0,0,national
2025,OR,41033,Josephine,5493009B17HXCVXTD608,"JMAC LENDING, INC.",2,1,0,0.06,1,1,0,0,0,1,0,0,0,0,national
2025,OR,41033,Josephine,5493009HUMWCHFRDKF12,,1,1,0,0.06,1,0,0,0,0,1,0,0,0,0,national
2025,OR,41033,Josephine,549300AUFLERO59VGC71,,1,1,0,0.06,1,0,0,0,0,1,0,0,0,0,national
2025,OR,41033,Josephine,549300D3LYUX1NJVC329,,1,1,0,0.06,1,0,0,0,0,1,0,0,0,0,national
2025,OR,41033,Josephine,549300HIVO8XPBPNVG69,NOVA FINANCIAL & INVESTMENT CORPORATION,2,1,0,0.06,1,0,1,0,0,1,0,0,0,0,national
2025,OR,41033,Josephine,549300HVFLWKU7133506,,1,1,0,0.06,1,0,0,0,0,1,0,0,0,0,national
2025,OR,41033,Josephine,549300J6N77Q8OHYNF23,,2,1,1,0.06,1,0,1,0,0,1,0,0,0,0,national
2025,OR,41033,Josephine,549300KM40FP4MSQU941,Boeing Employees Credit Union,1,1,0,0.06,1,0,0,0,0,1,0,0,0,0,national
2025,OR,41033,Josephine,549300KSOOZZVXCMA627,ANGEL OAK MORTGAGE SOLUTIONS LLC,1,1,0,0.06,1,0,0,0,0,1,0,0,0,0,national
2025,OR,41033,Josephine,549300LZUXCJFE5ONM48,,1,1,0,0.06,0,1,0,0,0,0,1,0,0,0,national
2025,OR,41033,Josephine,549300MCIFZSDHUT8X63,"NFM, INC.",2,1,1,0.06,2,0,0,0,0,1,0,0,0,0,national
2025,OR,41033,Josephine,549300N2GMOJ61XHEL06,,1,1,0,0.06,0,1,0,0,0,0,1,0,0,0,national
2025,OR,41033,Josephine,549300NWBS6MQJX15N44,,1,1,0,0.06,0,1,0,0,0,0,1,0,0,0,national
2025,OR,41033,Josephine,549300PKEQ3Q9S0IXW76,UNITED FEDERAL CREDIT UNION,1,1,0,0.06,1,0,0,0,0,1,0,0,0,0,national
2025,OR,41033,Josephine,549300PQLK8E48ILXV41,,2,1,0,0.06,2,0,0,0,0,1,0,0,0,0,national
2025,OR,41033,Josephine,549300R77W0P105C3S50,HOMEXPRESS MORTGAGE CORP.,4,1,3,0.06,4,0,0,0,0,1,0,0,0,0,national
2025,OR,41033,Josephine,549300R7HGHP2I754087,TOWNE MORTGAGE COMPANY,1,1,0,0.06,0,0,1,0,0,0,0,1,0,0,national
2025,OR,41033,Josephine,549300R9S3MVDV4MGF56,"CARRINGTON MORTGAGE SERVICES, LLC",6,1,3,0.06,3,0,3,0,0,1,0,0,0,0,national
2025,OR,41033,Josephine,549300REENMLD2RN3W58,"Magnolia Bank, Incorporated",2,1,1,0.06,0,0,2,0,0,0,0,1,0,0,national
2025,OR,41033,Josephine,549300RN01LBYR8ZVX74,"LOWER, LLC",7,1,0,0.06,0,3,4,0,0,0,1,0,0,0,national
2025,OR,41033,Josephine,549300RYWXR8TL5LIK35,,1,1,0,0.06,0,0,1,0,0,0,0,1,0,0,national
2025,OR,41033,Josephine,549300SUCQ1358EGVE89,"NEW DAY FINANCIAL, LLC",8,1,2,0.06,0,1,7,0,0,0,0,1,0,0,national
2025,OR,41033,Josephine,549300T5QSL6MC8M4D04,"NORWICH COMMERCIAL GROUP, INC.",1,1,0,0.06,0,0,1,0,0,0,0,1,0,0,national
2025,OR,41033,Josephine,549300UB5TJ0YPVPT503,,1,1,0,0.06,1,0,0,0,0,1,0,0,0,0,national
2025,OR,41033,Josephine,549300UG7QXKM7KGV847,,1,1,0,0.06,1,0,0,0,0,1,0,0,0,0,national
2025,OR,41033,Josephine,549300VVH8HHFMWL8536,,1,1,0,0.06,1,0,0,0,0,1,0,0,0,0,national
2025,OR,41033,Josephine,549300W1HU6IVVIEJ389,"RANLIFE, INC.",3,1,0,0.06,0,0,3,0,0,0,0,1,0,0,national
2025,OR,41033,Josephine,549300XRF9LCZ3RX3Q39,,3,1,1,0.06,0,0,3,0,0,0,0,1,0,0,national
2025,OR,41033,Josephine,549300Y5Y88FQLI7VE83,DEEPHAVEN MORTGAGE LLC,1,1,0,0.06,1,0,0,0,0,1,0,0,0,0,national
2025,OR,41033,Josephine,549300YX5RPSSMR88K92,,1,1,0,0.06,1,0,0,0,0,1,0,0,0,0,national
2025,OR,41033,Josephine,549300ZIQ24V0C88AC41,GTE Federal Credit Union,1,1,0,0.06,1,0,0,0,0,1,0,0,0,0,national
2025,OR,41033,Josephine,549300ZS1TR1B4LHX377,,1,1,0,0.06,1,0,0,0,0,1,0,0,0,0,national
2025,OR,41033,Josephine,8WH0EE09O9V05QJZ3V89,"Zions Bancorporation, N.A.",1,1,0,0.06,1,0,0,0,0,1,0,0,0,0,national
2025,OR,41033,Josephine,9845006YE04B346EC919,,5,1,0,0.06,2,3,0,0,0,1,0,0,0,0,national
2025,OR,41033,Josephine,984500F5665613E36549,,2,1,0,0.06,0,0,2,0,0,0,0,1,0,0,national
2025,OR,41033,Josephine,C398JSK21YCXWM603F55,"Barrington Bank & Trust Company, National Association",1,1,0,0.06,1,0,0,0,0,1,0,0,0,0,national
2025,OR,41033,Josephine,E57ODZWZ7FF32TWEFA76,"Citibank, National Association",1,1,0,0.06,1,0,0,0,0,1,0,0,0,0,national
2025,OR,41033,Josephine,L9VVX1KT5TFTKS0MLF66,First-Citizens Bank & Trust Company,1,1,0,0.06,1,0,0,0,0,1,0,0,0,0,national
2025,OR,41033,Josephine,WWB2V0FCW3A0EE3ZJN75,Manufacturers and Traders Trust Company,1,1,0,0.06,0,1,0,0,0,0,1,0,0,0,national
2025,OR,41033,Josephine,54930091JQKCU3Z6IP44,,6,0,0,0.0,6,0,0,0,0,0,0,0,0,0,national
2025,OR,41035,Klamath,549300FGXN1K3HLB1R50,"Rocket Mortgage, LLC",193,131,40,8.21,146,27,20,0,0,100,16,15,0,0,national
2025,OR,41035,Klamath,5493008VVXQIDO1EZ460,"SUMMIT FUNDING, INC.",156,130,2,8.15,100,32,24,0,0,81,28,21,0,0,national
2025,OR,41035,Klamath,549300HH0V8LECLNPQ26,ROGUE,202,130,24,8.15,200,0,2,0,0,129,0,1,0,0,national
2025,OR,41035,Klamath,549300HW662MN1WU8550,"United Wholesale Mortgage, LLC",110,72,18,4.51,32,36,42,0,0,24,19,29,0,0,national
2025,OR,41035,Klamath,549300FNXYY540N23N64,Newrez LLC,99,68,4,4.26,67,13,18,1,0,48,6,13,1,0,national
2025,OR,41035,Klamath,549300L44U62O7WHRR78,FIRST COMMUNITY,93,59,15,3.7,93,0,0,0,0,59,0,0,0,0,national
2025,OR,41035,Klamath,254900TTZ395IC926125,,81,58,2,3.63,48,19,5,9,0,36,12,4,6,0,national
2025,OR,41035,Klamath,549300MZ8VZJOVC63092,"KIND LENDING, LLC",75,55,18,3.45,29,20,20,6,0,19,14,18,4,0,national
2025,OR,41035,Klamath,549300DD5QQUHO6PCH70,"MORTGAGE RESEARCH CENTER, LLC",102,51,16,3.2,7,2,93,0,0,1,2,48,0,0,national
2025,OR,41035,Klamath,IFQSIUC9AGQV2NE8CN25,Columbia Bank,73,43,18,2.69,65,3,4,1,0,36,3,3,1,0,national
2025,OR,41035,Klamath,549300UB5TJ0YPVPT503,,71,41,3,2.57,32,20,3,16,0,16,12,3,10,0,national
2025,OR,41035,Klamath,549300AG64NHILB7ZP05,"LOANDEPOT.COM, LLC",66,40,16,2.51,44,16,6,0,0,25,11,4,0,0,national
2025,OR,41035,Klamath,6BYL5QZYBDK8S7L73M02,U.S. Bank National Association,83,38,39,2.38,81,0,2,0,0,36,0,2,0,0,national
2025,OR,41035,Klamath,549300GKFNPRWNS0GF29,"AmeriHome Mortgage Company, LLC",52,37,1,2.32,34,8,8,2,0,25,5,6,1,0,national
2025,OR,41035,Klamath,549300E2UX99HKDBR481,"NEW AMERICAN FUNDING, LLC",65,29,4,1.82,36,24,5,0,0,18,9,2,0,0,national
2025,OR,41035,Klamath,549300AQ3T62GXDU7D76,GUILD MORTGAGE COMPANY LLC,34,27,1,1.69,16,6,10,2,0,13,6,7,1,0,national
2025,OR,41035,Klamath,549300LYRWPSYPK6S325,FREEDOM MORTGAGE CORPORATION,58,27,7,1.69,5,17,36,0,0,2,4,21,0,0,national
2025,OR,41035,Klamath,549300KIOYNU323LVJ37,AMERICAN PACIFIC MORTGAGE CORPORATION,35,26,2,1.63,22,10,3,0,0,15,8,3,0,0,national
2025,OR,41035,Klamath,549300LBCBNR1OT00651,NATIONSTAR MORTGAGE LLC,34,22,5,1.38,27,4,3,0,0,18,1,3,0,0,national
2025,OR,41035,Klamath,549300TEGBOIDI6Z5J56,,24,22,2,1.38,24,0,0,0,0,22,0,0,0,0,national
2025,OR,41035,Klamath,5493003GQDUH26DNNH17,Navy Federal Credit Union,33,17,5,1.07,26,0,7,0,0,13,0,4,0,0,national
2025,OR,41035,Klamath,WE0I402RW25AU38DTI13,Banner Bank,24,17,5,1.07,20,4,0,0,0,15,2,0,0,0,national
2025,OR,41035,Klamath,2549008LK3474E9U2888,ONPOINT COMMUNITY CREDIT UNION,32,16,10,1.0,31,1,0,0,0,15,1,0,0,0,national
2025,OR,41035,Klamath,RVDPPPGHCGZ40J4VQ731,"PENNYMAC LOAN SERVICES, LLC",43,16,10,1.0,20,13,8,2,0,6,5,5,0,0,national
2025,OR,41035,Klamath,549300VZVN841I2ILS84,"CROSSCOUNTRY MORTGAGE, LLC",27,15,2,0.94,16,4,7,0,0,7,1,7,0,0,national
2025,OR,41035,Klamath,549300CB67L6KPJLHE19,"TRIAD FINANCIAL SERVICES, INC.",37,14,11,0.88,37,0,0,0,0,14,0,0,0,0,national
2025,OR,41035,Klamath,549300RFSMIRUODUVW59,,20,14,4,0.88,20,0,0,0,0,14,0,0,0,0,national
2025,OR,41035,Klamath,549300PIL8LFAQ04XC20,Better Mortgage Corporation,60,13,37,0.81,60,0,0,0,0,13,0,0,0,0,national
2025,OR,41035,Klamath,549300MGPZBLQDIL7538,FAIRWAY INDEPENDENT MORTGAGE CORPORATION,15,12,0,0.75,6,8,0,1,0,5,6,0,1,0,national
2025,OR,41035,Klamath,549300RPOGWJRH63HS39,UNION HOME MORTGAGE CORP.,16,12,0,0.75,8,1,6,1,0,6,1,4,1,0,national
2025,OR,41035,Klamath,254900UL88QFG0E40516,FIGURE LENDING LLC,17,11,3,0.69,17,0,0,0,0,11,0,0,0,0,national
2025,OR,41035,Klamath,5493008JECR4UE0WVR04,"MORTGAGE EXPRESS, LLC",13,11,0,0.69,8,2,3,0,0,7,2,2,0,0,national
2025,OR,41035,Klamath,5493001GCBD5XGNIC815,Coastal Community Bank,26,10,0,0.63,26,0,0,0,0,10,0,0,0,0,national
2025,OR,41035,Klamath,549300YIQ7S7Z8PIHE53,AMERISAVE MORTGAGE CORPORATION,42,9,25,0.56,27,10,5,0,0,8,0,1,0,0,national
2025,OR,41035,Klamath,254900DTLHVWQ7NP7R34,"CMG Mortgage, Inc.",10,7,2,0.44,9,0,1,0,0,6,0,1,0,0,national
2025,OR,41035,Klamath,549300IEP77RKJ87Z176,OREGON COMMUNITY,8,7,0,0.44,8,0,0,0,0,7,0,0,0,0,national
2025,OR,41035,Klamath,549300OPCWU6E72WUT29,"MUTUAL OF OMAHA MORTGAGE, INC.",18,7,7,0.44,6,8,4,0,0,2,5,0,0,0,national
2025,OR,41035,Klamath,549300Q02LGIN9AXKP98,FIRST TECHNOLOGY FEDERAL CREDIT UNION,9,7,2,0.44,9,0,0,0,0,7,0,0,0,0,national
2025,OR,41035,Klamath,549300U3721PJGQZYY68,"GUARANTEED RATE, INC.",11,7,0,0.44,6,2,3,0,0,5,0,2,0,0,national
2025,OR,41035,Klamath,SS1TRMSN6BRNMOREEV51,"Flagstar Bank, National Association",8,7,1,0.44,4,2,1,1,0,3,2,1,1,0,national
2025,OR,41035,Klamath,5493000OM9RKJW8W5K82,,6,6,0,0.38,4,1,1,0,0,4,1,1,0,0,national
2025,OR,41035,Klamath,5493002B2WMHY23GFK92,"AMERICAN FINANCIAL RESOURCES, INC.",8,6,0,0.38,1,1,6,0,0,1,1,4,0,0,national
2025,OR,41035,Klamath,549300NOCASXPA34X033,"LAKEVIEW LOAN SERVICING, LLC",14,6,7,0.38,11,3,0,0,0,5,1,0,0,0,national
2025,OR,41035,Klamath,7H6GLXDRUGQFU57RNE97,"JPMorgan Chase Bank, National Association",10,6,1,0.38,10,0,0,0,0,6,0,0,0,0,national
2025,OR,41035,Klamath,C5654JQHZUHN0772B561,USAA Federal Savings Bank,15,6,7,0.38,8,0,7,0,0,2,0,4,0,0,national
2025,OR,41035,Klamath,25490066WMF8ZMQXQB18,"Lendage, LLC",6,5,0,0.31,6,0,0,0,0,5,0,0,0,0,national
2025,OR,41035,Klamath,254900ZFWS2106HWPH46,"PARAMOUNT RESIDENTIAL MORTGAGE GROUP, INC.",9,5,1,0.31,7,0,1,1,0,4,0,1,0,0,national
2025,OR,41035,Klamath,54930060G4MDPWHISD89,EVERGREEN MONEYSOURCE MORTGAGE COMPANY,10,5,0,0.31,8,2,0,0,0,4,1,0,0,0,national
2025,OR,41035,Klamath,549300PQLK8E48ILXV41,,8,5,1,0.31,8,0,0,0,0,5,0,0,0,0,national
2025,OR,41035,Klamath,549300UBGGLZLZEY0M18,,12,5,4,0.31,12,0,0,0,0,5,0,0,0,0,national
2025,OR,41035,Klamath,549300XQVJ1XBNFA5536,21ST MORTGAGE CORPORATION,35,5,17,0.31,35,0,0,0,0,5,0,0,0,0,national
2025,OR,41035,Klamath,254900WEP08K7U7S3A80,,7,4,1,0.25,4,2,1,0,0,2,2,0,0,0,national
2025,OR,41035,Klamath,5493007L4GYNO2PUBS09,,16,4,5,0.25,2,12,2,0,0,0,2,2,0,0,national
2025,OR,41035,Klamath,549300A5HHOL2ED18C72,,4,4,0,0.25,4,0,0,0,0,4,0,0,0,0,national
2025,OR,41035,Klamath,549300K4ZLGS7SRDTL86,Equity Prime Mortgage LLC,12,4,4,0.25,2,5,2,3,0,1,0,1,2,0,national
2025,OR,41035,Klamath,549300PBTV7FCWLSMM53,,9,4,0,0.25,1,3,4,1,0,1,1,2,0,0,national
2025,OR,41035,Klamath,549300R77W0P105C3S50,HOMEXPRESS MORTGAGE CORP.,5,4,1,0.25,5,0,0,0,0,4,0,0,0,0,national
2025,OR,41035,Klamath,549300RN01LBYR8ZVX74,"LOWER, LLC",6,4,0,0.25,1,3,2,0,0,1,1,2,0,0,national
2025,OR,41035,Klamath,549300S5YL3OH0IVCS62,FINANCE OF AMERICA REVERSE LLC,7,4,1,0.25,1,6,0,0,0,1,3,0,0,0,national
2025,OR,41035,Klamath,549300SUCQ1358EGVE89,"NEW DAY FINANCIAL, LLC",25,4,5,0.25,0,2,23,0,0,0,0,4,0,0,national
2025,OR,41035,Klamath,D38AC76TAMYI50NBPX33,,7,4,1,0.25,7,0,0,0,0,4,0,0,0,0,national
2025,OR,41035,Klamath,KB1H1DSPRFMYMCUFXT09,"Wells Fargo Bank, National Association",9,4,3,0.25,9,0,0,0,0,4,0,0,0,0,national
2025,OR,41035,Klamath,PAOOWF3GUFM46FBSP561,,6,4,0,0.25,0,2,4,0,0,0,1,3,0,0,national
2025,OR,41035,Klamath,25490018IFQOT83Q7H49,,3,3,0,0.19,2,1,0,0,0,2,1,0,0,0,national
2025,OR,41035,Klamath,549300370QILXLFUWD20,"ZILLOW HOME LOANS, LLC",5,3,0,0.19,2,3,0,0,0,1,2,0,0,0,national
2025,OR,41035,Klamath,5493003WLEYGXGNTI654,SELCO COMMUNITY,12,3,5,0.19,12,0,0,0,0,3,0,0,0,0,national
2025,OR,41035,Klamath,54930054ET8KM4O1D485,"SOFI BANK, NATIONAL ASSOCIATION",9,3,1,0.19,9,0,0,0,0,3,0,0,0,0,national
2025,OR,41035,Klamath,5493005PKOSG7MYX0B34,"Prosperity Home Mortgage, LLC",4,3,0,0.19,0,2,2,0,0,0,1,2,0,0,national
2025,OR,41035,Klamath,549300BX448ALT10FI43,The Federal Savings Bank,11,3,0,0.19,2,1,8,0,0,1,0,2,0,0,national
2025,OR,41035,Klamath,549300DD4R4SYK5RAQ92,"MOVEMENT MORTGAGE, LLC",6,3,0,0.19,0,2,4,0,0,0,1,2,0,0,national
2025,OR,41035,Klamath,549300G5DVGM0ZHRQC33,,3,3,0,0.19,0,0,3,0,0,0,0,3,0,0,national
2025,OR,41035,Klamath,549300KDR80I1ELW8D36,,10,3,1,0.19,10,0,0,0,0,3,0,0,0,0,national
2025,OR,41035,Klamath,549300QKL5FUBZ8LSF50,"NATIONS DIRECT MORTGAGE, LLC",4,3,0,0.19,1,2,1,0,0,1,2,0,0,0,national
2025,OR,41035,Klamath,549300RM1IZYGQDSNL85,,7,3,0,0.19,0,2,5,0,0,0,1,2,0,0,national
2025,OR,41035,Klamath,549300T94GSH3C4U5M59,ALLIANT CREDIT UNION,6,3,2,0.19,6,0,0,0,0,3,0,0,0,0,national
2025,OR,41035,Klamath,549300VORTI31GZTJL53,"CARDINAL FINANCIAL COMPANY, LIMITED PARTNERSHIP",4,3,0,0.19,1,2,1,0,0,1,1,1,0,0,national
2025,OR,41035,Klamath,X05BVSK68TQ7YTOSNR22,Discover Bank,17,3,10,0.19,17,0,0,0,0,3,0,0,0,0,national
2025,OR,41035,Klamath,213800XR2TCBQJSF1X93,,3,2,0,0.13,2,0,1,0,0,1,0,1,0,0,national
2025,OR,41035,Klamath,2549005SIVTHG14U2905,A&D Mortgage LLC,8,2,0,0.13,7,1,0,0,0,2,0,0,0,0,national
2025,OR,41035,Klamath,2549008TT6UNYR7AXF54,,7,2,0,0.13,2,2,3,0,0,1,0,1,0,0,national
2025,OR,41035,Klamath,254900M2C4Q6DATP2889,,12,2,4,0.13,4,7,1,0,0,0,1,1,0,0,national
2025,OR,41035,Klamath,254900RQX8N4HXJIDK44,,2,2,0,0.13,1,1,0,0,0,1,1,0,0,0,national
2025,OR,41035,Klamath,254900Z8J5L9POS71X51,Oregon State Credit Union,2,2,0,0.13,2,0,0,0,0,2,0,0,0,0,national
2025,OR,41035,Klamath,5493001WHVQBGRSWEU75,"HOMEBRIDGE FINANCIAL SERVICES, INC.",2,2,0,0.13,0,1,1,0,0,0,1,1,0,0,national
2025,OR,41035,Klamath,5493008CPTDVOS570626,"Primary Residential Mortgage, Inc.",4,2,2,0.13,4,0,0,0,0,2,0,0,0,0,national
2025,OR,41035,Klamath,5493009QB0KBU5M6NP90,,2,2,0,0.13,2,0,0,0,0,2,0,0,0,0,national
2025,OR,41035,Klamath,549300AG10BX85DF5S49,MLD MORTGAGE INC.,3,2,1,0.13,3,0,0,0,0,2,0,0,0,0,national
2025,OR,41035,Klamath,549300EKFFG3BU8DNX74,NEXERA HOLDING LLC,2,2,0,0.13,2,0,0,0,0,2,0,0,0,0,national
2025,OR,41035,Klamath,549300J6N77Q8OHYNF23,,2,2,0,0.13,1,1,0,0,0,1,1,0,0,0,national
2025,OR,41035,Klamath,549300R9S3MVDV4MGF56,"CARRINGTON MORTGAGE SERVICES, LLC",6,2,1,0.13,4,2,0,0,0,2,0,0,0,0,national
2025,OR,41035,Klamath,549300REENMLD2RN3W58,"Magnolia Bank, Incorporated",2,2,0,0.13,0,1,1,0,0,0,1,1,0,0,national
2025,OR,41035,Klamath,549300S8SHBRCI7UU819,,2,2,0,0.13,2,0,0,0,0,2,0,0,0,0,national
2025,OR,41035,Klamath,549300SCFWZXMDMZPE93,,2,2,0,0.13,2,0,0,0,0,2,0,0,0,0,national
2025,OR,41035,Klamath,549300SK2GVCQXPD4S58,"SUN WEST MORTGAGE COMPANY, INC.",5,2,2,0.13,0,0,5,0,0,0,0,2,0,0,national
2025,OR,41035,Klamath,549300T9P3WXNMXX0I34,Ixonia Bank,2,2,0,0.13,2,0,0,0,0,2,0,0,0,0,national
2025,OR,41035,Klamath,549300UR5AOWTJJ7KZ64,,2,2,0,0.13,2,0,0,0,0,2,0,0,0,0,national
2025,OR,41035,Klamath,549300W1HU6IVVIEJ389,"RANLIFE, INC.",2,2,0,0.13,1,0,1,0,0,1,0,1,0,0,national
2025,OR,41035,Klamath,549300Y5Y88FQLI7VE83,DEEPHAVEN MORTGAGE LLC,2,2,0,0.13,2,0,0,0,0,2,0,0,0,0,national
2025,OR,41035,Klamath,549300ZBXINP1Y94CN02,,2,2,0,0.13,2,0,0,0,0,2,0,0,0,0,national
2025,OR,41035,Klamath,549300ZIQ24V0C88AC41,GTE Federal Credit Union,2,2,0,0.13,2,0,0,0,0,2,0,0,0,0,national
2025,OR,41035,Klamath,984500F5665613E36549,,4,2,0,0.13,0,0,4,0,0,0,0,2,0,0,national
2025,OR,41035,Klamath,984500U2F9A83N391A91,"CHAMPIONS FUNDING, LLC",6,2,2,0.13,6,0,0,0,0,2,0,0,0,0,national
2025,OR,41035,Klamath,AD6GFRVSDT01YPT1CS68,"PNC Bank, National Association",3,2,1,0.13,3,0,0,0,0,2,0,0,0,0,national
2025,OR,41035,Klamath,B4TYDEB6GKMZO031MB27,"Bank of America, National Association",10,2,7,0.13,10,0,0,0,0,2,0,0,0,0,national
2025,OR,41035,Klamath,C398JSK21YCXWM603F55,"Barrington Bank & Trust Company, National Association",3,2,0,0.13,0,2,1,0,0,0,1,1,0,0,national
2025,OR,41035,Klamath,Q708HHR4LD2B7XIZNO92,First Federal Bank,3,2,1,0.13,1,0,2,0,0,0,0,2,0,0,national
2025,OR,41035,Klamath,2549004FXPNKCLIN8250,"Synergy One Lending, Inc.",2,1,0,0.06,0,1,0,1,0,0,1,0,0,0,national
2025,OR,41035,Klamath,254900E6AIE4Z8YQM970,Citadel Servicing Corporation,1,1,0,0.06,1,0,0,0,0,1,0,0,0,0,national
2025,OR,41035,Klamath,254900NZOY3XB2DNSZ34,,1,1,0,0.06,1,0,0,0,0,1,0,0,0,0,national
2025,OR,41035,Klamath,254900T37KTTXKCK3416,,3,1,1,0.06,3,0,0,0,0,1,0,0,0,0,national
2025,OR,41035,Klamath,254900YA1AQXNM8QVZ06,,1,1,0,0.06,1,0,0,0,0,1,0,0,0,0,national
2025,OR,41035,Klamath,3Y4U8VZURTYWI1W2K376,BMO Bank National Association,1,1,0,0.06,1,0,0,0,0,1,0,0,0,0,national
2025,OR,41035,Klamath,54930007KK7ZS3IJVC25,,1,1,0,0.06,1,0,0,0,0,1,0,0,0,0,national
2025,OR,41035,Klamath,549300121SF0K2LN2804,"PRIMELENDING, A PLAINSCAPITAL COMPANY",1,1,0,0.06,1,0,0,0,0,1,0,0,0,0,national
2025,OR,41035,Klamath,54930015645SYPOM7220,,1,1,0,0.06,1,0,0,0,0,1,0,0,0,0,national
2025,OR,41035,Klamath,5493001GDRY0EL7VG372,"ARK-LA-TEX FINANCIAL SERVICES, LLC.",1,1,0,0.06,0,0,1,0,0,0,0,1,0,0,national
2025,OR,41035,Klamath,54930025XJJO3T0M1A92,,1,1,0,0.06,1,0,0,0,0,1,0,0,0,0,national
2025,OR,41035,Klamath,5493002QRULT2T40BH09,COMMUNITYAMERICA FEDERAL CREDIT UNION,1,1,0,0.06,1,0,0,0,0,1,0,0,0,0,national
2025,OR,41035,Klamath,5493003V40VGM7YDFM54,FIRST COLONY MORTGAGE CORPORATION,1,1,0,0.06,1,0,0,0,0,1,0,0,0,0,national
2025,OR,41035,Klamath,5493004AS1SPBQOFDR49,"Change Lending, LLC",2,1,1,0.06,2,0,0,0,0,1,0,0,0,0,national
2025,OR,41035,Klamath,5493005DKMV1IHIM8E20,"Wilmington Savings Fund Society, FSB",1,1,0,0.06,1,0,0,0,0,1,0,0,0,0,national
2025,OR,41035,Klamath,5493007CLWQN2S6IZK91,,1,1,0,0.06,0,0,1,0,0,0,0,1,0,0,national
2025,OR,41035,Klamath,5493009HUMWCHFRDKF12,,1,1,0,0.06,1,0,0,0,0,1,0,0,0,0,national
2025,OR,41035,Klamath,5493009QYNVEZ9VDJU57,,2,1,0,0.06,2,0,0,0,0,1,0,0,0,0,national
2025,OR,41035,Klamath,549300ALNLUNS3Y53T24,AMERICAN FINANCING CORPORATION,12,1,6,0.06,6,6,0,0,0,1,0,0,0,0,national
2025,OR,41035,Klamath,549300CK7U1WMTIG6687,,1,1,0,0.06,1,0,0,0,0,1,0,0,0,0,national
2025,OR,41035,Klamath,549300CPJH6JMU13EQ37,,1,1,0,0.06,1,0,0,0,0,1,0,0,0,0,national
2025,OR,41035,Klamath,549300F6NSBOJBM9ED39,,1,1,0,0.06,1,0,0,0,0,1,0,0,0,0,national
2025,OR,41035,Klamath,549300GS6ONO04ORI292,,1,1,0,0.06,1,0,0,0,0,1,0,0,0,0,national
2025,OR,41035,Klamath,549300JYXTZDSPJEPI44,"PLAZA HOME MORTGAGE, INC.",3,1,0,0.06,0,1,2,0,0,0,1,0,0,0,national
2025,OR,41035,Klamath,549300KBCEYCLANGUM06,,1,1,0,0.06,1,0,0,0,0,1,0,0,0,0,national
2025,OR,41035,Klamath,549300KHXD7JSQUZIJ22,,1,1,0,0.06,0,0,1,0,0,0,0,1,0,0,national
2025,OR,41035,Klamath,549300KJ8PAJ7E52HG32,Plains Commerce Bank,1,1,0,0.06,0,1,0,0,0,0,1,0,0,0,national
2025,OR,41035,Klamath,549300KM40FP4MSQU941,Boeing Employees Credit Union,2,1,0,0.06,2,0,0,0,0,1,0,0,0,0,national
2025,OR,41035,Klamath,549300KOAKQX3BEWWT56,,1,1,0,0.06,0,1,0,0,0,0,1,0,0,0,national
2025,OR,41035,Klamath,549300KSOOZZVXCMA627,ANGEL OAK MORTGAGE SOLUTIONS LLC,2,1,0,0.06,2,0,0,0,0,1,0,0,0,0,national
2025,OR,41035,Klamath,549300KTR1JGH3K6LU06,FOURLEAF,2,1,1,0.06,2,0,0,0,0,1,0,0,0,0,national
2025,OR,41035,Klamath,549300LLQD0X2OTG0Y27,,1,1,0,0.06,0,1,0,0,0,0,1,0,0,0,national
2025,OR,41035,Klamath,549300LZUXCJFE5ONM48,,1,1,0,0.06,0,1,0,0,0,0,1,0,0,0,national
2025,OR,41035,Klamath,549300MCIFZSDHUT8X63,"NFM, INC.",2,1,0,0.06,1,1,0,0,0,1,0,0,0,0,national
2025,OR,41035,Klamath,549300O2EZG72LO2FX38,,1,1,0,0.06,1,0,0,0,0,1,0,0,0,0,national
2025,OR,41035,Klamath,549300PC4MFWQBNVKG88,"V.I.P. MORTGAGE, INC.",2,1,1,0.06,0,0,2,0,0,0,0,1,0,0,national
2025,OR,41035,Klamath,549300Q3ROEQU3D1IW91,,5,1,1,0.06,5,0,0,0,0,1,0,0,0,0,national
2025,OR,41035,Klamath,549300Q50XCC0473FG63,,1,1,0,0.06,1,0,0,0,0,1,0,0,0,0,national
2025,OR,41035,Klamath,549300RA3E0BUFO7YZ21,"Hometown Equity Mortgage, LLC",1,1,0,0.06,1,0,0,0,0,1,0,0,0,0,national
2025,OR,41035,Klamath,549300TQVOMKNKFOH392,,1,1,0,0.06,1,0,0,0,0,1,0,0,0,0,national
2025,OR,41035,Klamath,549300UG7QXKM7KGV847,,1,1,0,0.06,1,0,0,0,0,1,0,0,0,0,national
2025,OR,41035,Klamath,549300UPB8ITF7B1GI03,,1,1,0,0.06,0,1,0,0,0,0,1,0,0,0,national
2025,OR,41035,Klamath,549300UVOSI4XZZGUE14,,3,1,1,0.06,0,0,3,0,0,0,0,1,0,0,national
2025,OR,41035,Klamath,549300VCMRO4ST680C11,VILLAGE CAPITAL & INVESTMENT LLC,8,1,1,0.06,0,3,5,0,0,0,0,1,0,0,national
2025,OR,41035,Klamath,549300WJIJV987NXVC31,,1,1,0,0.06,1,0,0,0,0,1,0,0,0,0,national
2025,OR,41035,Klamath,549300XCVBRR56D08F03,,4,1,0,0.06,2,2,0,0,0,1,0,0,0,0,national
2025,OR,41035,Klamath,549300XWUSRVVOHPRY47,Academy Mortgage Corporation,7,1,0,0.06,4,2,1,0,0,1,0,0,0,0,national
2025,OR,41035,Klamath,549300XY701IELCE5Q08,BETTER MORTGAGE CORPORATION,5,1,3,0.06,4,1,0,0,0,1,0,0,0,0,national
2025,OR,41035,Klamath,549300YN94MOAVYW0F52,"GoodLeap, LLC",2,1,1,0.06,2,0,0,0,0,1,0,0,0,0,national
2025,OR,41035,Klamath,549300YPBBHUEKV1YC68,,1,1,0,0.06,0,1,0,0,0,0,1,0,0,0,national
2025,OR,41035,Klamath,549300ZGCIDP1G72QO72,,1,1,0,0.06,1,0,0,0,0,1,0,0,0,0,national
2025,OR,41035,Klamath,549300ZS1TR1B4LHX377,,2,1,0,0.06,2,0,0,0,0,1,0,0,0,0,national
2025,OR,41035,Klamath,9845006YE04B346EC919,,3,1,0,0.06,0,2,1,0,0,0,1,0,0,0,national
2025,OR,41035,Klamath,5493000YNV8IX4VD3X12,"VANDERBILT MORTGAGE AND FINANCE, INC.",13,0,4,0.0,13,0,0,0,0,0,0,0,0,0,national
2025,OR,41035,Klamath,54930091JQKCU3Z6IP44,,7,0,2,0.0,7,0,0,0,0,0,0,0,0,0,national
2025,OR,41039,Lane,549300IEP77RKJ87Z176,OREGON COMMUNITY,1325,969,136,12.39,1324,1,0,0,0,969,0,0,0,0,national
2025,OR,41039,Lane,5493003WLEYGXGNTI654,SELCO COMMUNITY,983,589,283,7.53,983,0,0,0,0,589,0,0,0,0,national
2025,OR,41039,Lane,549300HW662MN1WU8550,"United Wholesale Mortgage, LLC",623,482,54,6.16,323,151,148,1,0,259,116,106,1,0,national
2025,OR,41039,Lane,5493008VVXQIDO1EZ460,"SUMMIT FUNDING, INC.",536,418,20,5.34,361,135,40,0,0,288,99,31,0,0,national
2025,OR,41039,Lane,549300FGXN1K3HLB1R50,"Rocket Mortgage, LLC",545,401,96,5.13,449,61,35,0,0,341,36,24,0,0,national
2025,OR,41039,Lane,549300GKFNPRWNS0GF29,"AmeriHome Mortgage Company, LLC",410,311,8,3.98,262,99,40,9,0,192,83,29,7,0,national
2025,OR,41039,Lane,549300AQ3T62GXDU7D76,GUILD MORTGAGE COMPANY LLC,380,248,7,3.17,295,62,23,0,0,192,40,16,0,0,national
2025,OR,41039,Lane,2549008LK3474E9U2888,ONPOINT COMMUNITY CREDIT UNION,328,225,57,2.88,323,4,1,0,0,221,3,1,0,0,national
2025,OR,41039,Lane,IFQSIUC9AGQV2NE8CN25,Columbia Bank,316,194,63,2.48,300,10,5,1,0,185,5,4,0,0,national
2025,OR,41039,Lane,549300AG64NHILB7ZP05,"LOANDEPOT.COM, LLC",279,192,27,2.45,227,30,22,0,0,155,24,13,0,0,national
2025,OR,41039,Lane,549300UBGGLZLZEY0M18,,322,187,77,2.39,322,0,0,0,0,187,0,0,0,0,national
2025,OR,41039,Lane,549300ZBXINP1Y94CN02,,248,181,11,2.31,184,51,13,0,0,135,39,7,0,0,national
2025,OR,41039,Lane,6BYL5QZYBDK8S7L73M02,U.S. Bank National Association,347,166,111,2.12,342,2,3,0,0,161,2,3,0,0,national
2025,OR,41039,Lane,WE0I402RW25AU38DTI13,Banner Bank,238,134,58,1.71,222,10,6,0,0,123,6,5,0,0,national
2025,OR,41039,Lane,549300KIOYNU323LVJ37,AMERICAN PACIFIC MORTGAGE CORPORATION,165,122,9,1.56,127,28,10,0,0,94,20,8,0,0,national
2025,OR,41039,Lane,549300VZVN841I2ILS84,"CROSSCOUNTRY MORTGAGE, LLC",170,121,4,1.55,121,34,15,0,0,89,21,11,0,0,national
2025,OR,41039,Lane,549300MZ8VZJOVC63092,"KIND LENDING, LLC",147,112,19,1.43,89,46,12,0,0,65,38,9,0,0,national
2025,OR,41039,Lane,549300FNXYY540N23N64,Newrez LLC,204,93,33,1.19,129,39,34,2,0,56,17,19,1,0,national
2025,OR,41039,Lane,5493001SXWZ4OFP8Z903,"DHI MORTGAGE COMPANY, LTD.",105,86,4,1.1,65,30,10,0,0,53,24,9,0,0,national
2025,OR,41039,Lane,549300LYRWPSYPK6S325,FREEDOM MORTGAGE CORPORATION,189,86,15,1.1,26,86,77,0,0,9,34,43,0,0,national
2025,OR,41039,Lane,RVDPPPGHCGZ40J4VQ731,"PENNYMAC LOAN SERVICES, LLC",173,86,21,1.1,104,42,27,0,0,57,19,10,0,0,national
2025,OR,41039,Lane,549300L44U62O7WHRR78,FIRST COMMUNITY,122,73,25,0.93,122,0,0,0,0,73,0,0,0,0,national
2025,OR,41039,Lane,254900UL88QFG0E40516,FIGURE LENDING LLC,144,69,40,0.88,144,0,0,0,0,69,0,0,0,0,national
2025,OR,41039,Lane,549300DD5QQUHO6PCH70,"MORTGAGE RESEARCH CENTER, LLC",142,67,29,0.86,8,4,130,0,0,1,1,65,0,0,national
2025,OR,41039,Lane,254900DTLHVWQ7NP7R34,"CMG Mortgage, Inc.",75,61,3,0.78,63,8,4,0,0,53,6,2,0,0,national
2025,OR,41039,Lane,7H6GLXDRUGQFU57RNE97,"JPMorgan Chase Bank, National Association",100,55,14,0.7,99,1,0,0,0,55,0,0,0,0,national
2025,OR,41039,Lane,549300Q02LGIN9AXKP98,FIRST TECHNOLOGY FEDERAL CREDIT UNION,88,53,19,0.68,88,0,0,0,0,53,0,0,0,0,national
2025,OR,41039,Lane,549300LBCBNR1OT00651,NATIONSTAR MORTGAGE LLC,79,50,13,0.64,72,4,3,0,0,46,2,2,0,0,national
2025,OR,41039,Lane,549300HIVO8XPBPNVG69,NOVA FINANCIAL & INVESTMENT CORPORATION,80,49,13,0.63,55,16,9,0,0,33,13,3,0,0,national
2025,OR,41039,Lane,549300CB67L6KPJLHE19,"TRIAD FINANCIAL SERVICES, INC.",165,46,55,0.59,165,0,0,0,0,46,0,0,0,0,national
2025,OR,41039,Lane,254900TTZ395IC926125,,55,44,1,0.56,47,6,2,0,0,36,6,2,0,0,national
2025,OR,41039,Lane,549300PIL8LFAQ04XC20,Better Mortgage Corporation,145,44,75,0.56,145,0,0,0,0,44,0,0,0,0,national
2025,OR,41039,Lane,2549004FXPNKCLIN8250,"Synergy One Lending, Inc.",60,43,1,0.55,39,19,2,0,0,30,12,1,0,0,national
2025,OR,41039,Lane,549300KOAKQX3BEWWT56,,53,43,0,0.55,43,3,7,0,0,33,3,7,0,0,national
2025,OR,41039,Lane,254900ZFWS2106HWPH46,"PARAMOUNT RESIDENTIAL MORTGAGE GROUP, INC.",51,38,0,0.49,33,14,4,0,0,27,9,2,0,0,national
2025,OR,41039,Lane,5493003GQDUH26DNNH17,Navy Federal Credit Union,95,36,21,0.46,80,0,15,0,0,27,0,9,0,0,national
2025,OR,41039,Lane,HUX2X73FUCYHUVH1BK78,KeyBank National Association,73,36,23,0.46,71,1,1,0,0,34,1,1,0,0,national
2025,OR,41039,Lane,B4TYDEB6GKMZO031MB27,"Bank of America, National Association",108,35,37,0.45,107,0,1,0,0,34,0,1,0,0,national
2025,OR,41039,Lane,549300U3721PJGQZYY68,"GUARANTEED RATE, INC.",61,32,7,0.41,41,14,4,2,0,21,7,3,1,0,national
2025,OR,41039,Lane,5493008JECR4UE0WVR04,"MORTGAGE EXPRESS, LLC",45,31,0,0.4,28,14,3,0,0,20,9,2,0,0,national
2025,OR,41039,Lane,549300QKL5FUBZ8LSF50,"NATIONS DIRECT MORTGAGE, LLC",39,31,1,0.4,21,10,8,0,0,17,9,5,0,0,national
2025,OR,41039,Lane,549300YIQ7S7Z8PIHE53,AMERISAVE MORTGAGE CORPORATION,101,30,52,0.38,72,19,10,0,0,21,6,3,0,0,national
2025,OR,41039,Lane,549300E2UX99HKDBR481,"NEW AMERICAN FUNDING, LLC",74,29,6,0.37,48,23,3,0,0,20,7,2,0,0,national
2025,OR,41039,Lane,549300OPCWU6E72WUT29,"MUTUAL OF OMAHA MORTGAGE, INC.",57,29,7,0.37,17,26,14,0,0,11,13,5,0,0,national
2025,OR,41039,Lane,KB1H1DSPRFMYMCUFXT09,"Wells Fargo Bank, National Association",54,29,8,0.37,53,0,1,0,0,28,0,1,0,0,national
2025,OR,41039,Lane,5493001GCBD5XGNIC815,Coastal Community Bank,106,28,0,0.36,106,0,0,0,0,28,0,0,0,0,national
2025,OR,41039,Lane,54930060G4MDPWHISD89,EVERGREEN MONEYSOURCE MORTGAGE COMPANY,41,28,0,0.36,30,8,3,0,0,21,6,1,0,0,national
2025,OR,41039,Lane,549300NOCASXPA34X033,"LAKEVIEW LOAN SERVICING, LLC",79,27,38,0.35,41,25,13,0,0,16,8,3,0,0,national
2025,OR,41039,Lane,54930054ET8KM4O1D485,"SOFI BANK, NATIONAL ASSOCIATION",67,26,7,0.33,63,4,0,0,0,25,1,0,0,0,national
2025,OR,41039,Lane,25490066WMF8ZMQXQB18,"Lendage, LLC",31,24,1,0.31,31,0,0,0,0,24,0,0,0,0,national
2025,OR,41039,Lane,549300H3IZO24NSOO931,"LENNAR MORTGAGE, LLC",32,23,2,0.29,18,9,5,0,0,13,7,3,0,0,national
2025,OR,41039,Lane,549300RPOGWJRH63HS39,UNION HOME MORTGAGE CORP.,37,23,0,0.29,33,0,4,0,0,23,0,0,0,0,national
2025,OR,41039,Lane,549300MGPZBLQDIL7538,FAIRWAY INDEPENDENT MORTGAGE CORPORATION,29,22,1,0.28,18,10,1,0,0,13,8,1,0,0,national
2025,OR,41039,Lane,254900Z8J5L9POS71X51,Oregon State Credit Union,42,21,5,0.27,42,0,0,0,0,21,0,0,0,0,national
2025,OR,41039,Lane,549300HH0V8LECLNPQ26,ROGUE,32,21,2,0.27,31,0,1,0,0,21,0,0,0,0,national
2025,OR,41039,Lane,549300Q3ROEQU3D1IW91,,69,21,30,0.27,69,0,0,0,0,21,0,0,0,0,national
2025,OR,41039,Lane,54930015645SYPOM7220,,45,20,3,0.26,35,9,1,0,0,12,7,1,0,0,national
2025,OR,41039,Lane,549300T94GSH3C4U5M59,ALLIANT CREDIT UNION,29,20,5,0.26,29,0,0,0,0,20,0,0,0,0,national
2025,OR,41039,Lane,5493006KXUHSYFT7SD10,,23,18,0,0.23,19,3,1,0,0,14,3,1,0,0,national
2025,OR,41039,Lane,549300J6N77Q8OHYNF23,,24,18,3,0.23,7,4,13,0,0,5,3,10,0,0,national
2025,OR,41039,Lane,C5654JQHZUHN0772B561,USAA Federal Savings Bank,30,18,8,0.23,14,0,16,0,0,9,0,9,0,0,national
2025,OR,41039,Lane,549300B4IYL7TZT8FA34,,25,17,2,0.22,17,8,0,0,0,10,7,0,0,0,national
2025,OR,41039,Lane,549300S5YL3OH0IVCS62,FINANCE OF AMERICA REVERSE LLC,20,17,0,0.22,3,17,0,0,0,2,15,0,0,0,national
2025,OR,41039,Lane,2549005SIVTHG14U2905,A&D Mortgage LLC,21,16,0,0.2,21,0,0,0,0,16,0,0,0,0,national
2025,OR,41039,Lane,5493002B2WMHY23GFK92,"AMERICAN FINANCIAL RESOURCES, INC.",20,16,1,0.2,4,10,6,0,0,3,9,4,0,0,national
2025,OR,41039,Lane,549300DD4R4SYK5RAQ92,"MOVEMENT MORTGAGE, LLC",24,16,0,0.2,18,5,1,0,0,10,5,1,0,0,national
2025,OR,41039,Lane,549300370QILXLFUWD20,"ZILLOW HOME LOANS, LLC",20,15,1,0.19,17,3,0,0,0,12,3,0,0,0,national
2025,OR,41039,Lane,549300XQVJ1XBNFA5536,21ST MORTGAGE CORPORATION,102,15,44,0.19,102,0,0,0,0,15,0,0,0,0,national
2025,OR,41039,Lane,DRMSV1Q0EKMEXLAU1P80,"Citizens Bank, National Association",17,15,1,0.19,17,0,0,0,0,15,0,0,0,0,national
2025,OR,41039,Lane,549300FX7K8PTEQUU487,PENTAGON FEDERAL CREDIT UNION,29,14,7,0.18,22,2,5,0,0,12,1,1,0,0,national
2025,OR,41039,Lane,549300PC4MFWQBNVKG88,"V.I.P. MORTGAGE, INC.",20,13,1,0.17,13,5,2,0,0,8,3,2,0,0,national
2025,OR,41039,Lane,5493006VAGP3GQ8FJT49,"Kiavi Funding, Inc.",17,12,2,0.15,17,0,0,0,0,12,0,0,0,0,national
2025,OR,41039,Lane,5493008NWHQT1R22C024,"AMERICAN FINANCIAL NETWORK, INC.",17,12,0,0.15,3,10,3,1,0,2,8,2,0,0,national
2025,OR,41039,Lane,549300VCMRO4ST680C11,VILLAGE CAPITAL & INVESTMENT LLC,27,12,5,0.15,0,4,23,0,0,0,2,10,0,0,national
2025,OR,41039,Lane,549300VMX06UV1F7NS76,,17,12,0,0.15,12,2,3,0,0,9,1,2,0,0,national
2025,OR,41039,Lane,549300XY701IELCE5Q08,BETTER MORTGAGE CORPORATION,56,12,18,0.15,55,1,0,0,0,12,0,0,0,0,national
2025,OR,41039,Lane,AD6GFRVSDT01YPT1CS68,"PNC Bank, National Association",35,12,12,0.15,35,0,0,0,0,12,0,0,0,0,national
2025,OR,41039,Lane,25490018IFQOT83Q7H49,,14,11,0,0.14,12,1,1,0,0,11,0,0,0,0,national
2025,OR,41039,Lane,254900E6AIE4Z8YQM970,Citadel Servicing Corporation,16,11,1,0.14,16,0,0,0,0,11,0,0,0,0,national
2025,OR,41039,Lane,5493008CPTDVOS570626,"Primary Residential Mortgage, Inc.",14,11,3,0.14,14,0,0,0,0,11,0,0,0,0,national
2025,OR,41039,Lane,549300JYXTZDSPJEPI44,"PLAZA HOME MORTGAGE, INC.",18,11,5,0.14,9,5,4,0,0,5,3,3,0,0,national
2025,OR,41039,Lane,549300MHH03ICJYEPE85,,17,11,2,0.14,9,8,0,0,0,4,7,0,0,0,national
2025,OR,41039,Lane,549300Y5Y88FQLI7VE83,DEEPHAVEN MORTGAGE LLC,19,11,8,0.14,19,0,0,0,0,11,0,0,0,0,national
2025,OR,41039,Lane,98450087981AP406JG03,,13,11,0,0.14,13,0,0,0,0,11,0,0,0,0,national
2025,OR,41039,Lane,X05BVSK68TQ7YTOSNR22,Discover Bank,71,11,35,0.14,71,0,0,0,0,11,0,0,0,0,national
2025,OR,41039,Lane,254900HEJ9F73IMPX887,,18,10,1,0.13,16,2,0,0,0,9,1,0,0,0,national
2025,OR,41039,Lane,2WHM8VNJH63UN14OL754,The Huntington National Bank,11,10,0,0.13,11,0,0,0,0,10,0,0,0,0,national
2025,OR,41039,Lane,5493000OM9RKJW8W5K82,,18,10,1,0.13,16,2,0,0,0,10,0,0,0,0,national
2025,OR,41039,Lane,549300GNC55MZTGKJ811,,12,10,1,0.13,12,0,0,0,0,10,0,0,0,0,national
2025,OR,41039,Lane,549300K4ZLGS7SRDTL86,Equity Prime Mortgage LLC,17,10,0,0.13,1,6,10,0,0,0,5,5,0,0,national
2025,OR,41039,Lane,549300KDR80I1ELW8D36,,19,10,3,0.13,19,0,0,0,0,10,0,0,0,0,national
2025,OR,41039,Lane,549300PL8ER6H23P0Z91,,13,10,0,0.13,9,2,2,0,0,8,1,1,0,0,national
2025,OR,41039,Lane,549300Q50XCC0473FG63,,23,10,9,0.13,23,0,0,0,0,10,0,0,0,0,national
2025,OR,41039,Lane,54930043BMDE130FJ617,"PROVIDENT FUNDING ASSOCIATES, L.P.",20,9,1,0.12,20,0,0,0,0,9,0,0,0,0,national
2025,OR,41039,Lane,549300BX448ALT10FI43,The Federal Savings Bank,32,9,3,0.12,5,2,25,0,0,3,1,5,0,0,national
2025,OR,41039,Lane,549300O2EZG72LO2FX38,,11,9,1,0.12,7,4,0,0,0,6,3,0,0,0,national
2025,OR,41039,Lane,549300RFSMIRUODUVW59,,16,9,6,0.12,16,0,0,0,0,9,0,0,0,0,national
2025,OR,41039,Lane,549300SK2GVCQXPD4S58,"SUN WEST MORTGAGE COMPANY, INC.",21,9,4,0.12,6,7,8,0,0,6,0,3,0,0,national
2025,OR,41039,Lane,PAOOWF3GUFM46FBSP561,,26,9,1,0.12,14,7,5,0,0,4,4,1,0,0,national
2025,OR,41039,Lane,213800XR2TCBQJSF1X93,,10,8,0,0.1,7,1,2,0,0,5,1,2,0,0,national
2025,OR,41039,Lane,5493001WHVQBGRSWEU75,"HOMEBRIDGE FINANCIAL SERVICES, INC.",18,8,6,0.1,12,2,4,0,0,8,0,0,0,0,national
2025,OR,41039,Lane,549300EKFFG3BU8DNX74,NEXERA HOLDING LLC,11,8,1,0.1,11,0,0,0,0,8,0,0,0,0,national
2025,OR,41039,Lane,549300J7I82PNDVU8H22,"OCMBC, INC.",17,8,4,0.1,14,3,0,0,0,7,1,0,0,0,national
2025,OR,41039,Lane,549300KJ8PAJ7E52HG32,Plains Commerce Bank,11,8,0,0.1,7,3,1,0,0,5,2,1,0,0,national
2025,OR,41039,Lane,549300R77W0P105C3S50,HOMEXPRESS MORTGAGE CORP.,13,8,5,0.1,13,0,0,0,0,8,0,0,0,0,national
2025,OR,41039,Lane,549300R9S3MVDV4MGF56,"CARRINGTON MORTGAGE SERVICES, LLC",38,8,19,0.1,25,10,3,0,0,7,1,0,0,0,national
2025,OR,41039,Lane,549300SUCQ1358EGVE89,"NEW DAY FINANCIAL, LLC",41,8,8,0.1,0,0,41,0,0,0,0,8,0,0,national
2025,OR,41039,Lane,549300YN94MOAVYW0F52,"GoodLeap, LLC",13,8,1,0.1,5,4,4,0,0,4,3,1,0,0,national
2025,OR,41039,Lane,254900M2C4Q6DATP2889,,15,7,2,0.09,3,5,7,0,0,1,2,4,0,0,national
2025,OR,41039,Lane,254900T37KTTXKCK3416,,9,7,0,0.09,9,0,0,0,0,7,0,0,0,0,national
2025,OR,41039,Lane,54930001NSTOD85LT125,"GUARANTEED RATE AFFINITY, LLC",11,7,1,0.09,10,0,1,0,0,7,0,0,0,0,national
2025,OR,41039,Lane,54930052M48FOD3CWA54,"PRIMARY RESIDENTIAL MORTGAGE, INC.",12,7,2,0.09,6,6,0,0,0,4,3,0,0,0,national
2025,OR,41039,Lane,549300748YYU6VG08N83,"Loan Simple, Inc.",11,7,0,0.09,2,8,0,1,0,1,6,0,0,0,national
2025,OR,41039,Lane,549300CDLJDN8ENOT455,MARION AND POLK SCHOOLS CREDIT UNION,7,7,0,0.09,7,0,0,0,0,7,0,0,0,0,national
2025,OR,41039,Lane,549300ZIQ24V0C88AC41,GTE Federal Credit Union,9,7,2,0.09,9,0,0,0,0,7,0,0,0,0,national
2025,OR,41039,Lane,2549001IK7UDPADKAG34,,11,6,4,0.08,11,0,0,0,0,6,0,0,0,0,national
2025,OR,41039,Lane,3Y4U8VZURTYWI1W2K376,BMO Bank National Association,15,6,4,0.08,15,0,0,0,0,6,0,0,0,0,national
2025,OR,41039,Lane,5493001GDRY0EL7VG372,"ARK-LA-TEX FINANCIAL SERVICES, LLC.",7,6,0,0.08,3,2,2,0,0,2,2,2,0,0,national
2025,OR,41039,Lane,54930021WPEXNHYZUL09,"PLANET HOME LENDING, LLC",10,6,3,0.08,2,5,3,0,0,1,3,2,0,0,national
2025,OR,41039,Lane,5493005PD34O8ZT7QT17,,6,6,0,0.08,6,0,0,0,0,6,0,0,0,0,national
2025,OR,41039,Lane,5493005PKOSG7MYX0B34,"Prosperity Home Mortgage, LLC",8,6,1,0.08,3,4,1,0,0,2,4,0,0,0,national
2025,OR,41039,Lane,549300CPJH6JMU13EQ37,,6,6,0,0.08,6,0,0,0,0,6,0,0,0,0,national
2025,OR,41039,Lane,549300E34W6TNRG7B624,,8,6,0,0.08,8,0,0,0,0,6,0,0,0,0,national
2025,OR,41039,Lane,549300GS0W0TEUQS8571,"Morgan Stanley Private Bank, National Association",10,6,0,0.08,10,0,0,0,0,6,0,0,0,0,national
2025,OR,41039,Lane,549300KZVCKCUN23YY80,,6,6,0,0.08,6,0,0,0,0,6,0,0,0,0,national
2025,OR,41039,Lane,549300NFPC3Y4W3Y7R87,,13,6,0,0.08,4,5,4,0,0,2,1,3,0,0,national
2025,OR,41039,Lane,549300W45D2J6BT4LX65,,6,6,0,0.08,6,0,0,0,0,6,0,0,0,0,national
2025,OR,41039,Lane,549300XCVBRR56D08F03,,22,6,0,0.08,16,5,1,0,0,5,1,0,0,0,national
2025,OR,41039,Lane,549300Z2B4FHRYOXTS09,,10,6,3,0.08,10,0,0,0,0,6,0,0,0,0,national
2025,OR,41039,Lane,984500U2F9A83N391A91,"CHAMPIONS FUNDING, LLC",13,6,4,0.08,13,0,0,0,0,6,0,0,0,0,national
2025,OR,41039,Lane,2549008TT6UNYR7AXF54,,8,5,0,0.06,6,2,0,0,0,4,1,0,0,0,national
2025,OR,41039,Lane,254900FBWEZ3YUPOBN33,,7,5,0,0.06,7,0,0,0,0,5,0,0,0,0,national
2025,OR,41039,Lane,54930025XJJO3T0M1A92,,6,5,0,0.06,6,0,0,0,0,5,0,0,0,0,national
2025,OR,41039,Lane,549300ALNLUNS3Y53T24,AMERICAN FINANCING CORPORATION,29,5,15,0.06,13,12,4,0,0,4,0,1,0,0,national
2025,OR,41039,Lane,549300INFJ8TYNZ1G568,,7,5,0,0.06,7,0,0,0,0,5,0,0,0,0,national
2025,OR,41039,Lane,549300KM40FP4MSQU941,Boeing Employees Credit Union,12,5,2,0.06,12,0,0,0,0,5,0,0,0,0,national
2025,OR,41039,Lane,549300LZUXCJFE5ONM48,,5,5,0,0.06,0,5,0,0,0,0,5,0,0,0,national
2025,OR,41039,Lane,549300NJVKCDJA5YC939,,7,5,0,0.06,6,1,0,0,0,4,1,0,0,0,national
2025,OR,41039,Lane,549300PQLK8E48ILXV41,,10,5,1,0.06,10,0,0,0,0,5,0,0,0,0,national
2025,OR,41039,Lane,549300UR5AOWTJJ7KZ64,,10,5,0,0.06,10,0,0,0,0,5,0,0,0,0,national
2025,OR,41039,Lane,01KWVG908KE7RKPTNP46,,4,4,0,0.05,4,0,0,0,0,4,0,0,0,0,national
2025,OR,41039,Lane,254900BMXWPEHXG4LF21,,4,4,0,0.05,3,1,0,0,0,3,1,0,0,0,national
2025,OR,41039,Lane,254900TG14TB8RKS3U42,,4,4,0,0.05,3,1,0,0,0,3,1,0,0,0,national
2025,OR,41039,Lane,549300121SF0K2LN2804,"PRIMELENDING, A PLAINSCAPITAL COMPANY",6,4,0,0.05,5,1,0,0,0,3,1,0,0,0,national
2025,OR,41039,Lane,549300323EON4W3CCM44,"RESICENTRAL, LLC",4,4,0,0.05,3,1,0,0,0,3,1,0,0,0,national
2025,OR,41039,Lane,5493003T5D4N1CM46J77,1st Security Bank of Washington,9,4,1,0.05,8,1,0,0,0,3,1,0,0,0,national
2025,OR,41039,Lane,54930048P8RWCQHQM310,,4,4,0,0.05,4,0,0,0,0,4,0,0,0,0,national
2025,OR,41039,Lane,5493009HUMWCHFRDKF12,,5,4,0,0.05,5,0,0,0,0,4,0,0,0,0,national
2025,OR,41039,Lane,549300BLL6VL7AXWYP56,,6,4,2,0.05,4,1,1,0,0,3,0,1,0,0,national
2025,OR,41039,Lane,549300COIWXM618UBE82,,7,4,3,0.05,7,0,0,0,0,4,0,0,0,0,national
2025,OR,41039,Lane,549300GWD9H4FQ2VR805,,6,4,1,0.05,6,0,0,0,0,4,0,0,0,0,national
2025,OR,41039,Lane,549300KSOOZZVXCMA627,ANGEL OAK MORTGAGE SOLUTIONS LLC,6,4,1,0.05,6,0,0,0,0,4,0,0,0,0,national
2025,OR,41039,Lane,549300LROQOOQU77WS20,,12,4,2,0.05,12,0,0,0,0,4,0,0,0,0,national
2025,OR,41039,Lane,549300O6Z0I6KYMESL47,AMWEST FUNDING CORP.,6,4,0,0.05,4,2,0,0,0,3,1,0,0,0,national
2025,OR,41039,Lane,549300PBTV7FCWLSMM53,,11,4,4,0.05,2,4,5,0,0,1,2,1,0,0,national
2025,OR,41039,Lane,549300RN01LBYR8ZVX74,"LOWER, LLC",7,4,0,0.05,4,1,2,0,0,3,1,0,0,0,national
2025,OR,41039,Lane,549300SCFWZXMDMZPE93,,4,4,0,0.05,4,0,0,0,0,4,0,0,0,0,national
2025,OR,41039,Lane,549300UB5TJ0YPVPT503,,6,4,0,0.05,5,1,0,0,0,3,1,0,0,0,national
2025,OR,41039,Lane,549300UVOSI4XZZGUE14,,7,4,0,0.05,0,5,2,0,0,0,2,2,0,0,national
2025,OR,41039,Lane,549300XWUSRVVOHPRY47,Academy Mortgage Corporation,12,4,0,0.05,11,1,0,0,0,4,0,0,0,0,national
2025,OR,41039,Lane,Q708HHR4LD2B7XIZNO92,First Federal Bank,7,4,1,0.05,4,0,3,0,0,2,0,2,0,0,national
2025,OR,41039,Lane,2549005Q4HZ55QX7YC64,,3,3,0,0.04,2,0,1,0,0,2,0,1,0,0,national
2025,OR,41039,Lane,254900N133DZGPB2X985,,3,3,0,0.04,3,0,0,0,0,3,0,0,0,0,national
2025,OR,41039,Lane,254900WEP08K7U7S3A80,,5,3,0,0.04,4,1,0,0,0,2,1,0,0,0,national
2025,OR,41039,Lane,254900WT4HAMDFWH3048,,12,3,3,0.04,4,8,0,0,0,1,2,0,0,0,national
2025,OR,41039,Lane,254900WTZC5SSKIN2M11,,6,3,2,0.04,6,0,0,0,0,3,0,0,0,0,national
2025,OR,41039,Lane,54930007KK7ZS3IJVC25,,4,3,0,0.04,4,0,0,0,0,3,0,0,0,0,national
2025,OR,41039,Lane,5493002TJKC8NLH1ZP82,,6,3,0,0.04,6,0,0,0,0,3,0,0,0,0,national
2025,OR,41039,Lane,5493002YXAOJOQPEGS38,,5,3,0,0.04,0,5,0,0,0,0,3,0,0,0,national
2025,OR,41039,Lane,5493004AS1SPBQOFDR49,"Change Lending, LLC",13,3,4,0.04,11,2,0,0,0,2,1,0,0,0,national
2025,OR,41039,Lane,5493006S869XKIESMV41,Mountain America Federal Credit Union,6,3,2,0.04,6,0,0,0,0,3,0,0,0,0,national
2025,OR,41039,Lane,5493009QB0KBU5M6NP90,,4,3,0,0.04,4,0,0,0,0,3,0,0,0,0,national
2025,OR,41039,Lane,549300PL267CW8182203,,10,3,2,0.04,0,3,7,0,0,0,0,3,0,0,national
2025,OR,41039,Lane,549300T7HRS5DVBUPQ06,,4,3,0,0.04,1,3,0,0,0,1,2,0,0,0,national
2025,OR,41039,Lane,549300T9P3WXNMXX0I34,Ixonia Bank,4,3,0,0.04,0,1,3,0,0,0,1,2,0,0,national
2025,OR,41039,Lane,549300VORTI31GZTJL53,"CARDINAL FINANCIAL COMPANY, LIMITED PARTNERSHIP",4,3,0,0.04,2,2,0,0,0,2,1,0,0,0,national
2025,OR,41039,Lane,SS1TRMSN6BRNMOREEV51,"Flagstar Bank, National Association",7,3,4,0.04,5,2,0,0,0,2,1,0,0,0,national
2025,OR,41039,Lane,WWB2V0FCW3A0EE3ZJN75,Manufacturers and Traders Trust Company,3,3,0,0.04,2,0,1,0,0,2,0,1,0,0,national
2025,OR,41039,Lane,2549001SI0EMFPT39035,"Cornerstone First Mortgage, Inc",2,2,0,0.03,1,1,0,0,0,1,1,0,0,0,national
2025,OR,41039,Lane,254900IEGKUDRDS23V26,,3,2,0,0.03,3,0,0,0,0,2,0,0,0,0,national
2025,OR,41039,Lane,254900N49YI2HHKDPS92,,6,2,3,0.03,6,0,0,0,0,2,0,0,0,0,national
2025,OR,41039,Lane,254900NZOY3XB2DNSZ34,,7,2,2,0.03,7,0,0,0,0,2,0,0,0,0,national
2025,OR,41039,Lane,254900YA1AQXNM8QVZ06,,2,2,0,0.03,2,0,0,0,0,2,0,0,0,0,national
2025,OR,41039,Lane,5493000349C5XXDRQX28,,5,2,0,0.03,3,2,0,0,0,1,1,0,0,0,national
2025,OR,41039,Lane,5493000H6DFDDJRORG89,,3,2,0,0.03,3,0,0,0,0,2,0,0,0,0,national
2025,OR,41039,Lane,5493000YNV8IX4VD3X12,"VANDERBILT MORTGAGE AND FINANCE, INC.",23,2,7,0.03,23,0,0,0,0,2,0,0,0,0,national
2025,OR,41039,Lane,5493002GI63WHHUTUD85,"KEYSTONE FUNDING, INC.",4,2,0,0.03,3,1,0,0,0,1,1,0,0,0,national
2025,OR,41039,Lane,54930030Z1JWTP3SVD16,,3,2,0,0.03,1,2,0,0,0,1,1,0,0,0,national
2025,OR,41039,Lane,54930049L5WINET09Q97,"CLICK N' CLOSE, INC.",3,2,0,0.03,1,2,0,0,0,1,1,0,0,0,national
2025,OR,41039,Lane,5493004T38NMC864VL66,,2,2,0,0.03,2,0,0,0,0,2,0,0,0,0,national
2025,OR,41039,Lane,54930091JQKCU3Z6IP44,,14,2,2,0.03,14,0,0,0,0,2,0,0,0,0,national
2025,OR,41039,Lane,549300BOXNV8VLRBDT24,,8,2,2,0.03,8,0,0,0,0,2,0,0,0,0,national
2025,OR,41039,Lane,549300CK7U1WMTIG6687,,4,2,0,0.03,1,3,0,0,0,0,2,0,0,0,national
2025,OR,41039,Lane,549300CY7WNAHKHYSJ73,,2,2,0,0.03,1,0,1,0,0,1,0,1,0,0,national
2025,OR,41039,Lane,549300G5DVGM0ZHRQC33,,4,2,1,0.03,2,0,2,0,0,0,0,2,0,0,national
2025,OR,41039,Lane,549300GS6ONO04ORI292,,2,2,0,0.03,1,1,0,0,0,1,1,0,0,0,national
2025,OR,41039,Lane,549300HRLROF7PLJ6735,CLEAREDGE LENDING LLC,2,2,0,0.03,2,0,0,0,0,2,0,0,0,0,national
2025,OR,41039,Lane,549300IPUHFA5O769M51,"Vellum Mortgage, Inc.",2,2,0,0.03,2,0,0,0,0,2,0,0,0,0,national
2025,OR,41039,Lane,549300KX4S1573HISS22,,7,2,0,0.03,7,0,0,0,0,2,0,0,0,0,national
2025,OR,41039,Lane,549300NWBS6MQJX15N44,,2,2,0,0.03,2,0,0,0,0,2,0,0,0,0,national
2025,OR,41039,Lane,549300OYEKEORA1GI088,,2,2,0,0.03,1,0,1,0,0,1,0,1,0,0,national
2025,OR,41039,Lane,549300P2GEYNMH5OQA71,,5,2,1,0.03,5,0,0,0,0,2,0,0,0,0,national
2025,OR,41039,Lane,549300Q6YL1SFVPEGV90,,3,2,0,0.03,1,2,0,0,0,1,1,0,0,0,national
2025,OR,41039,Lane,549300R7HGHP2I754087,TOWNE MORTGAGE COMPANY,2,2,0,0.03,1,0,1,0,0,1,0,1,0,0,national
2025,OR,41039,Lane,549300RA3E0BUFO7YZ21,"Hometown Equity Mortgage, LLC",5,2,2,0.03,4,1,0,0,0,1,1,0,0,0,national
2025,OR,41039,Lane,549300RM1IZYGQDSNL85,,5,2,0,0.03,2,1,2,0,0,1,0,1,0,0,national
2025,OR,41039,Lane,549300TDBTRK89DZRC13,,3,2,0,0.03,3,0,0,0,0,2,0,0,0,0,national
2025,OR,41039,Lane,549300TEGBOIDI6Z5J56,,2,2,0,0.03,2,0,0,0,0,2,0,0,0,0,national
2025,OR,41039,Lane,549300UG7QXKM7KGV847,,4,2,2,0.03,3,1,0,0,0,2,0,0,0,0,national
2025,OR,41039,Lane,549300UPB8ITF7B1GI03,,2,2,0,0.03,1,1,0,0,0,1,1,0,0,0,national
2025,OR,41039,Lane,549300VVH8HHFMWL8536,,3,2,0,0.03,3,0,0,0,0,2,0,0,0,0,national
2025,OR,41039,Lane,549300YX5RPSSMR88K92,,2,2,0,0.03,2,0,0,0,0,2,0,0,0,0,national
2025,OR,41039,Lane,549300ZWNETGFXTBBY03,"CANOPY MORTGAGE, LLC",2,2,0,0.03,0,1,1,0,0,0,1,1,0,0,national
2025,OR,41039,Lane,984500F6E6940CCB6A60,,2,2,0,0.03,2,0,0,0,0,2,0,0,0,0,national
2025,OR,41039,Lane,984500FAD1FB7FEGTE82,,2,2,0,0.03,2,0,0,0,0,2,0,0,0,0,national
2025,OR,41039,Lane,CKVBED0S4DMLKJJ5XH28,Stifel Bank and Trust,4,2,0,0.03,3,1,0,0,0,2,0,0,0,0,national
2025,OR,41039,Lane,D38AC76TAMYI50NBPX33,,5,2,2,0.03,5,0,0,0,0,2,0,0,0,0,national
2025,OR,41039,Lane,E57ODZWZ7FF32TWEFA76,"Citibank, National Association",5,2,1,0.03,5,0,0,0,0,2,0,0,0,0,national
2025,OR,41039,Lane,L9VVX1KT5TFTKS0MLF66,First-Citizens Bank & Trust Company,2,2,0,0.03,2,0,0,0,0,2,0,0,0,0,national
2025,OR,41039,Lane,25490045AQF6IJKP4394,,1,1,0,0.01,1,0,0,0,0,1,0,0,0,0,national
2025,OR,41039,Lane,254900BBEPZS8MDE1S61,,1,1,0,0.01,1,0,0,0,0,1,0,0,0,0,national
2025,OR,41039,Lane,254900FMBXF85WQYV433,,1,1,0,0.01,1,0,0,0,0,1,0,0,0,0,national
2025,OR,41039,Lane,254900HA4DQWAE0W3342,"AMERIHOME MORTGAGE COMPANY, LLC",5,1,1,0.01,1,4,0,0,0,0,1,0,0,0,national
2025,OR,41039,Lane,254900HO9WPE4LTLQU96,,2,1,1,0.01,1,1,0,0,0,1,0,0,0,0,national
2025,OR,41039,Lane,254900J2RKTTDJSUWD76,,5,1,0,0.01,5,0,0,0,0,1,0,0,0,0,national
2025,OR,41039,Lane,254900KI7219LQKCI772,First Western Trust Bank,1,1,0,0.01,0,0,1,0,0,0,0,1,0,0,national
2025,OR,41039,Lane,254900LTD432L5CHIZ48,,3,1,0,0.01,2,1,0,0,0,1,0,0,0,0,national
2025,OR,41039,Lane,254900RNV63A0TIZNK90,,1,1,0,0.01,1,0,0,0,0,1,0,0,0,0,national
2025,OR,41039,Lane,254900RQX8N4HXJIDK44,,2,1,0,0.01,0,1,1,0,0,0,1,0,0,0,national
2025,OR,41039,Lane,254900VE4XTOQUE8NZ77,,1,1,0,0.01,1,0,0,0,0,1,0,0,0,0,national
2025,OR,41039,Lane,254900VHUBSJJKOMBF27,,1,1,0,0.01,1,0,0,0,0,1,0,0,0,0,national
2025,OR,41039,Lane,254900WMFKWPLR3B4U63,,1,1,0,0.01,1,0,0,0,0,1,0,0,0,0,national
2025,OR,41039,Lane,254900XK1QLA60R87H84,,1,1,0,0.01,1,0,0,0,0,1,0,0,0,0,national
2025,OR,41039,Lane,54930002O9LLXKR6TF11,,1,1,0,0.01,1,0,0,0,0,1,0,0,0,0,national
2025,OR,41039,Lane,5493000D6RXLNBZQYA47,,2,1,0,0.01,2,0,0,0,0,1,0,0,0,0,national
2025,OR,41039,Lane,5493000EUC3MM52PJV85,,1,1,0,0.01,1,0,0,0,0,1,0,0,0,0,national
2025,OR,41039,Lane,5493000FSLMV0FBEQY36,,1,1,0,0.01,1,0,0,0,0,1,0,0,0,0,national
2025,OR,41039,Lane,5493000JFVFQFL816N45,,1,1,0,0.01,1,0,0,0,0,1,0,0,0,0,national
2025,OR,41039,Lane,5493000NYUJT9UC6G261,LEADERONE FINANCIAL CORPORATION,1,1,0,0.01,0,0,1,0,0,0,0,1,0,0,national
2025,OR,41039,Lane,5493000XC2Y1SLXRQP11,,1,1,0,0.01,0,1,0,0,0,0,1,0,0,0,national
2025,OR,41039,Lane,5493001B4U37VT2ML818,GESA CREDIT UNION,1,1,0,0.01,1,0,0,0,0,1,0,0,0,0,national
2025,OR,41039,Lane,5493001JT9MT3Z3Y3M39,,1,1,0,0.01,1,0,0,0,0,1,0,0,0,0,national
2025,OR,41039,Lane,5493001PXRJMPLXPG540,,2,1,0,0.01,2,0,0,0,0,1,0,0,0,0,national
2025,OR,41039,Lane,5493001XKL0FTNOJ0866,,2,1,0,0.01,2,0,0,0,0,1,0,0,0,0,national
2025,OR,41039,Lane,54930021QRU8VXNS6152,,2,1,0,0.01,2,0,0,0,0,1,0,0,0,0,national
2025,OR,41039,Lane,5493002Y5XYV7DV1ZV88,"GOLD STAR MORTGAGE FINANCIAL GROUP, CORPORATION",4,1,0,0.01,1,2,1,0,0,1,0,0,0,0,national
2025,OR,41039,Lane,5493003V40VGM7YDFM54,FIRST COLONY MORTGAGE CORPORATION,1,1,0,0.01,1,0,0,0,0,1,0,0,0,0,national
2025,OR,41039,Lane,5493004F7BXDIUFVPV87,,1,1,0,0.01,1,0,0,0,0,1,0,0,0,0,national
2025,OR,41039,Lane,5493004RLLKTQS8K7U51,,1,1,0,0.01,1,0,0,0,0,1,0,0,0,0,national
2025,OR,41039,Lane,54930059GZZ7G4G40O53,Primis Mortgage Company,1,1,0,0.01,1,0,0,0,0,1,0,0,0,0,national
2025,OR,41039,Lane,5493006RIR31ORKYB608,,2,1,1,0.01,1,1,0,0,0,0,1,0,0,0,national
2025,OR,41039,Lane,549300730ZNSQK9EBT50,,1,1,0,0.01,1,0,0,0,0,1,0,0,0,0,national
2025,OR,41039,Lane,5493007L4GYNO2PUBS09,,1,1,0,0.01,1,0,0,0,0,1,0,0,0,0,national
2025,OR,41039,Lane,5493007Z7FTUKQGFMZ98,,1,1,0,0.01,1,0,0,0,0,1,0,0,0,0,national
2025,OR,41039,Lane,5493008P6YO2KM3EO556,The Dart Bank,1,1,0,0.01,1,0,0,0,0,1,0,0,0,0,national
2025,OR,41039,Lane,5493008SP1FN4D81IS17,,1,1,0,0.01,1,0,0,0,0,1,0,0,0,0,national
2025,OR,41039,Lane,54930091CYUK2SDZ6D37,,1,1,0,0.01,1,0,0,0,0,1,0,0,0,0,national
2025,OR,41039,Lane,549300A68YW07V5R5G22,,1,1,0,0.01,1,0,0,0,0,1,0,0,0,0,national
2025,OR,41039,Lane,549300C232ZWY1I57C16,,1,1,0,0.01,1,0,0,0,0,1,0,0,0,0,national
2025,OR,41039,Lane,549300DCGBXW5FJMV921,,1,1,0,0.01,1,0,0,0,0,1,0,0,0,0,national
2025,OR,41039,Lane,549300DMYENRV818D594,,1,1,0,0.01,1,0,0,0,0,1,0,0,0,0,national
2025,OR,41039,Lane,549300DT7CCDCC7O6Z60,,1,1,0,0.01,1,0,0,0,0,1,0,0,0,0,national
2025,OR,41039,Lane,549300F8C5JA44WNMI75,AMERICAN NEIGHBORHOOD MORTGAGE ACCEPTANCE COMPANY LLC,2,1,0,0.01,2,0,0,0,0,1,0,0,0,0,national
2025,OR,41039,Lane,549300GL7DLQR39MW179,,1,1,0,0.01,1,0,0,0,0,1,0,0,0,0,national
2025,OR,41039,Lane,549300HVW3AI97UKTO72,Wings Financial Credit Union,1,1,0,0.01,1,0,0,0,0,1,0,0,0,0,national
2025,OR,41039,Lane,549300IFOE4SCP384147,University Bank,1,1,0,0.01,1,0,0,0,0,1,0,0,0,0,national
2025,OR,41039,Lane,549300IVURCTJ6QVMD67,,1,1,0,0.01,1,0,0,0,0,1,0,0,0,0,national
2025,OR,41039,Lane,549300KBCEYCLANGUM06,,3,1,0,0.01,3,0,0,0,0,1,0,0,0,0,national
2025,OR,41039,Lane,549300KHXD7JSQUZIJ22,,3,1,0,0.01,3,0,0,0,0,1,0,0,0,0,national
2025,OR,41039,Lane,549300KTR1JGH3K6LU06,FOURLEAF,3,1,2,0.01,3,0,0,0,0,1,0,0,0,0,national
2025,OR,41039,Lane,549300LLKEKXL2RM1F61,CONTOUR MORTGAGE CORPORATION,1,1,0,0.01,1,0,0,0,0,1,0,0,0,0,national
2025,OR,41039,Lane,549300LP0CV2MNC1GV68,,1,1,0,0.01,0,0,1,0,0,0,0,1,0,0,national
2025,OR,41039,Lane,549300OBO7DOF2KOP535,FirstBank,1,1,0,0.01,1,0,0,0,0,1,0,0,0,0,national
2025,OR,41039,Lane,549300QIUZLVR1OLDH55,Genisys Credit Union,1,1,0,0.01,1,0,0,0,0,1,0,0,0,0,national
2025,OR,41039,Lane,549300R0SXC1JU7ZU290,"FIRST COMMUNITY MORTGAGE, INC.",1,1,0,0.01,1,0,0,0,0,1,0,0,0,0,national
2025,OR,41039,Lane,549300RD5IG88VPO6P22,,1,1,0,0.01,1,0,0,0,0,1,0,0,0,0,national
2025,OR,41039,Lane,549300REENMLD2RN3W58,"Magnolia Bank, Incorporated",4,1,0,0.01,0,1,3,0,0,0,0,1,0,0,national
2025,OR,41039,Lane,549300RFLICNI75BG067,Luminate Bank,2,1,0,0.01,1,0,1,0,0,1,0,0,0,0,national
2025,OR,41039,Lane,549300S5FVOSK5DQJN30,INTERCAP LENDING INC.,1,1,0,0.01,0,0,1,0,0,0,0,1,0,0,national
2025,OR,41039,Lane,549300T3F9S1MKFKHC53,HOMESTEAD FUNDING CORP.,2,1,0,0.01,2,0,0,0,0,1,0,0,0,0,national
2025,OR,41039,Lane,549300T7AIY7RU1YDP31,,1,1,0,0.01,1,0,0,0,0,1,0,0,0,0,national
2025,OR,41039,Lane,549300TA4MQM8WN2XG31,,1,1,0,0.01,1,0,0,0,0,1,0,0,0,0,national
2025,OR,41039,Lane,549300TF1E42EUFBSL45,,2,1,0,0.01,1,0,1,0,0,1,0,0,0,0,national
2025,OR,41039,Lane,549300TULDV69V2XKY60,,1,1,0,0.01,1,0,0,0,0,1,0,0,0,0,national
2025,OR,41039,Lane,549300TUQC6OYE8A0Y96,,1,1,0,0.01,1,0,0,0,0,1,0,0,0,0,national
2025,OR,41039,Lane,549300U8DCOOTG96YM89,,2,1,0,0.01,2,0,0,0,0,1,0,0,0,0,national
2025,OR,41039,Lane,549300UF3FPC7U6RFC59,The Central Trust Bank,1,1,0,0.01,1,0,0,0,0,1,0,0,0,0,national
2025,OR,41039,Lane,549300UM6HPORF7X4415,,1,1,0,0.01,1,0,0,0,0,1,0,0,0,0,national
2025,OR,41039,Lane,549300UXY7OP0IC38293,Northpointe Bank,1,1,0,0.01,1,0,0,0,0,1,0,0,0,0,national
2025,OR,41039,Lane,549300WH9FMXOC63ZV77,,1,1,0,0.01,1,0,0,0,0,1,0,0,0,0,national
2025,OR,41039,Lane,549300XRF9LCZ3RX3Q39,,5,1,0,0.01,1,2,2,0,0,0,0,1,0,0,national
2025,OR,41039,Lane,549300YW2UBCMDRMBT48,,1,1,0,0.01,1,0,0,0,0,1,0,0,0,0,national
2025,OR,41039,Lane,549300ZS1TR1B4LHX377,,2,1,1,0.01,2,0,0,0,0,1,0,0,0,0,national
2025,OR,41039,Lane,5Z1UQ1CWY0DQ3KJWDQ07,,1,1,0,0.01,1,0,0,0,0,1,0,0,0,0,national
2025,OR,41039,Lane,7DMUJTL9FFTVIAG9H788,Commerce Bank,1,1,0,0.01,1,0,0,0,0,1,0,0,0,0,national
2025,OR,41039,Lane,9845006YE04B346EC919,,5,1,1,0.01,2,1,2,0,0,0,0,1,0,0,national
2025,OR,41039,Lane,C398JSK21YCXWM603F55,"Barrington Bank & Trust Company, National Association",4,1,1,0.01,3,0,1,0,0,1,0,0,0,0,national
2025,OR,41039,Lane,DX0JX77PRMOELF7VG772,Synovus Bank,1,1,0,0.01,1,0,0,0,0,1,0,0,0,0,national
2025,OR,41039,Lane,IUGPUX5LWRZ3B6KIZ697,Ameris Bank,1,1,0,0.01,1,0,0,0,0,1,0,0,0,0,national
2025,OR,41039,Lane,JJKC32MCHWDI71265Z06,Truist Bank,3,1,0,0.01,3,0,0,0,0,1,0,0,0,0,national
2025,OR,41039,Lane,549300PWMS2701UFP528,,5,0,0,0.0,2,0,3,0,0,0,0,0,0,0,national
2025,OR,41041,Lincoln,549300VZVN841I2ILS84,"CROSSCOUNTRY MORTGAGE, LLC",158,89,6,6.8,107,34,16,1,0,67,17,5,0,0,national
2025,OR,41041,Lincoln,549300FGXN1K3HLB1R50,"Rocket Mortgage, LLC",128,88,27,6.73,101,13,14,0,0,69,9,10,0,0,national
2025,OR,41041,Lincoln,254900Z8J5L9POS71X51,Oregon State Credit Union,125,69,16,5.28,125,0,0,0,0,69,0,0,0,0,national
2025,OR,41041,Lincoln,549300HW662MN1WU8550,"United Wholesale Mortgage, LLC",85,60,8,4.59,41,22,22,0,0,36,11,13,0,0,national
2025,OR,41041,Lincoln,54930060G4MDPWHISD89,EVERGREEN MONEYSOURCE MORTGAGE COMPANY,72,51,0,3.9,56,13,3,0,0,38,10,3,0,0,national
2025,OR,41041,Lincoln,549300TDBTRK89DZRC13,,81,48,29,3.67,80,1,0,0,0,48,0,0,0,0,national
2025,OR,41041,Lincoln,2549008LK3474E9U2888,ONPOINT COMMUNITY CREDIT UNION,66,43,6,3.29,66,0,0,0,0,43,0,0,0,0,national
2025,OR,41041,Lincoln,IFQSIUC9AGQV2NE8CN25,Columbia Bank,69,40,22,3.06,67,1,1,0,0,39,1,0,0,0,national
2025,OR,41041,Lincoln,549300AQ3T62GXDU7D76,GUILD MORTGAGE COMPANY LLC,58,34,3,2.6,49,6,3,0,0,29,3,2,0,0,national
2025,OR,41041,Lincoln,6BYL5QZYBDK8S7L73M02,U.S. Bank National Association,83,34,33,2.6,81,0,2,0,0,33,0,1,0,0,national
2025,OR,41041,Lincoln,549300FNXYY540N23N64,Newrez LLC,65,33,6,2.52,40,12,12,1,0,23,4,6,0,0,national
2025,OR,41041,Lincoln,5493006KXUHSYFT7SD10,,35,24,1,1.83,23,10,2,0,0,16,6,2,0,0,national
2025,OR,41041,Lincoln,RVDPPPGHCGZ40J4VQ731,"PENNYMAC LOAN SERVICES, LLC",47,23,5,1.76,38,5,4,0,0,21,1,1,0,0,national
2025,OR,41041,Lincoln,549300RPOGWJRH63HS39,UNION HOME MORTGAGE CORP.,25,21,2,1.61,22,2,1,0,0,18,2,1,0,0,national
2025,OR,41041,Lincoln,549300AG64NHILB7ZP05,"LOANDEPOT.COM, LLC",33,19,6,1.45,24,1,8,0,0,13,1,5,0,0,national
2025,OR,41041,Lincoln,549300DD4R4SYK5RAQ92,"MOVEMENT MORTGAGE, LLC",28,19,1,1.45,24,2,2,0,0,17,1,1,0,0,national
2025,OR,41041,Lincoln,549300DD5QQUHO6PCH70,"MORTGAGE RESEARCH CENTER, LLC",44,17,6,1.3,4,1,39,0,0,0,0,17,0,0,national
2025,OR,41041,Lincoln,5493003T5D4N1CM46J77,1st Security Bank of Washington,31,16,7,1.22,23,7,1,0,0,10,5,1,0,0,national
2025,OR,41041,Lincoln,549300IEP77RKJ87Z176,OREGON COMMUNITY,18,15,1,1.15,18,0,0,0,0,15,0,0,0,0,national
2025,OR,41041,Lincoln,3Y4U8VZURTYWI1W2K376,BMO Bank National Association,50,14,27,1.07,49,1,0,0,0,14,0,0,0,0,national
2025,OR,41041,Lincoln,5493003GQDUH26DNNH17,Navy Federal Credit Union,26,14,3,1.07,19,0,7,0,0,10,0,4,0,0,national
2025,OR,41041,Lincoln,549300LBCBNR1OT00651,NATIONSTAR MORTGAGE LLC,21,14,2,1.07,18,2,1,0,0,11,2,1,0,0,national
2025,OR,41041,Lincoln,549300MGPZBLQDIL7538,FAIRWAY INDEPENDENT MORTGAGE CORPORATION,19,14,1,1.07,17,1,1,0,0,12,1,1,0,0,national
2025,OR,41041,Lincoln,549300OPCWU6E72WUT29,"MUTUAL OF OMAHA MORTGAGE, INC.",31,13,10,0.99,7,21,3,0,0,5,7,1,0,0,national
2025,OR,41041,Lincoln,549300GKFNPRWNS0GF29,"AmeriHome Mortgage Company, LLC",16,12,0,0.92,15,0,1,0,0,11,0,1,0,0,national
2025,OR,41041,Lincoln,549300MZ8VZJOVC63092,"KIND LENDING, LLC",20,12,6,0.92,19,0,1,0,0,12,0,0,0,0,national
2025,OR,41041,Lincoln,549300QKL5FUBZ8LSF50,"NATIONS DIRECT MORTGAGE, LLC",16,12,1,0.92,12,2,2,0,0,11,0,1,0,0,national
2025,OR,41041,Lincoln,254900TTZ395IC926125,,16,11,0,0.84,13,3,0,0,0,9,2,0,0,0,national
2025,OR,41041,Lincoln,WE0I402RW25AU38DTI13,Banner Bank,19,11,4,0.84,19,0,0,0,0,11,0,0,0,0,national
2025,OR,41041,Lincoln,254900UL88QFG0E40516,FIGURE LENDING LLC,20,10,9,0.76,20,0,0,0,0,10,0,0,0,0,national
2025,OR,41041,Lincoln,7H6GLXDRUGQFU57RNE97,"JPMorgan Chase Bank, National Association",17,10,2,0.76,16,0,1,0,0,9,0,1,0,0,national
2025,OR,41041,Lincoln,5493008JECR4UE0WVR04,"MORTGAGE EXPRESS, LLC",12,9,0,0.69,11,0,1,0,0,9,0,0,0,0,national
2025,OR,41041,Lincoln,549300BLL6VL7AXWYP56,,11,9,0,0.69,7,2,2,0,0,5,2,2,0,0,national
2025,OR,41041,Lincoln,KB1H1DSPRFMYMCUFXT09,"Wells Fargo Bank, National Association",14,9,0,0.69,14,0,0,0,0,9,0,0,0,0,national
2025,OR,41041,Lincoln,549300Q3ROEQU3D1IW91,,22,8,11,0.61,22,0,0,0,0,8,0,0,0,0,national
2025,OR,41041,Lincoln,549300T94GSH3C4U5M59,ALLIANT CREDIT UNION,10,8,2,0.61,10,0,0,0,0,8,0,0,0,0,national
2025,OR,41041,Lincoln,549300U3721PJGQZYY68,"GUARANTEED RATE, INC.",14,8,0,0.61,10,3,1,0,0,7,1,0,0,0,national
2025,OR,41041,Lincoln,25490018IFQOT83Q7H49,,7,7,0,0.54,4,3,0,0,0,4,3,0,0,0,national
2025,OR,41041,Lincoln,2549004FXPNKCLIN8250,"Synergy One Lending, Inc.",7,7,0,0.54,6,0,1,0,0,6,0,1,0,0,national
2025,OR,41041,Lincoln,254900DTLHVWQ7NP7R34,"CMG Mortgage, Inc.",11,7,3,0.54,11,0,0,0,0,7,0,0,0,0,national
2025,OR,41041,Lincoln,5493003WLEYGXGNTI654,SELCO COMMUNITY,12,7,4,0.54,12,0,0,0,0,7,0,0,0,0,national
2025,OR,41041,Lincoln,5493008NWHQT1R22C024,"AMERICAN FINANCIAL NETWORK, INC.",7,7,0,0.54,2,5,0,0,0,2,5,0,0,0,national
2025,OR,41041,Lincoln,549300L44U62O7WHRR78,FIRST COMMUNITY,13,7,3,0.54,13,0,0,0,0,7,0,0,0,0,national
2025,OR,41041,Lincoln,549300R77W0P105C3S50,HOMEXPRESS MORTGAGE CORP.,11,7,4,0.54,11,0,0,0,0,7,0,0,0,0,national
2025,OR,41041,Lincoln,549300RFSMIRUODUVW59,,7,7,0,0.54,7,0,0,0,0,7,0,0,0,0,national
2025,OR,41041,Lincoln,549300XQ7B5FIVUNFE29,VAN DYK MORTGAGE CORPORATION,13,7,1,0.54,7,3,3,0,0,3,2,2,0,0,national
2025,OR,41041,Lincoln,549300XQVJ1XBNFA5536,21ST MORTGAGE CORPORATION,27,7,8,0.54,27,0,0,0,0,7,0,0,0,0,national
2025,OR,41041,Lincoln,B4TYDEB6GKMZO031MB27,"Bank of America, National Association",14,7,4,0.54,14,0,0,0,0,7,0,0,0,0,national
2025,OR,41041,Lincoln,254900E6AIE4Z8YQM970,Citadel Servicing Corporation,6,6,0,0.46,6,0,0,0,0,6,0,0,0,0,national
2025,OR,41041,Lincoln,254900ZFWS2106HWPH46,"PARAMOUNT RESIDENTIAL MORTGAGE GROUP, INC.",7,6,0,0.46,5,1,1,0,0,4,1,1,0,0,national
2025,OR,41041,Lincoln,549300JYXTZDSPJEPI44,"PLAZA HOME MORTGAGE, INC.",9,6,2,0.46,5,4,0,0,0,3,3,0,0,0,national
2025,OR,41041,Lincoln,549300Q02LGIN9AXKP98,FIRST TECHNOLOGY FEDERAL CREDIT UNION,6,6,0,0.46,6,0,0,0,0,6,0,0,0,0,national
2025,OR,41041,Lincoln,549300UB5TJ0YPVPT503,,10,6,0,0.46,6,0,4,0,0,4,0,2,0,0,national
2025,OR,41041,Lincoln,2549008TT6UNYR7AXF54,,7,5,0,0.38,7,0,0,0,0,5,0,0,0,0,national
2025,OR,41041,Lincoln,549300B4IYL7TZT8FA34,,7,5,0,0.38,3,3,1,0,0,2,2,1,0,0,national
2025,OR,41041,Lincoln,549300KIOYNU323LVJ37,AMERICAN PACIFIC MORTGAGE CORPORATION,7,5,1,0.38,4,3,0,0,0,3,2,0,0,0,national
2025,OR,41041,Lincoln,549300LYRWPSYPK6S325,FREEDOM MORTGAGE CORPORATION,18,5,1,0.38,4,4,10,0,0,1,1,3,0,0,national
2025,OR,41041,Lincoln,549300S5YL3OH0IVCS62,FINANCE OF AMERICA REVERSE LLC,6,5,0,0.38,2,4,0,0,0,1,4,0,0,0,national
2025,OR,41041,Lincoln,549300ZBXINP1Y94CN02,,5,5,0,0.38,5,0,0,0,0,5,0,0,0,0,national
2025,OR,41041,Lincoln,2549001SI0EMFPT39035,"Cornerstone First Mortgage, Inc",4,4,0,0.31,3,0,1,0,0,3,0,1,0,0,national
2025,OR,41041,Lincoln,2549005SIVTHG14U2905,A&D Mortgage LLC,6,4,0,0.31,6,0,0,0,0,4,0,0,0,0,national
2025,OR,41041,Lincoln,54930007KK7ZS3IJVC25,,6,4,0,0.31,6,0,0,0,0,4,0,0,0,0,national
2025,OR,41041,Lincoln,5493001GCBD5XGNIC815,Coastal Community Bank,16,4,0,0.31,16,0,0,0,0,4,0,0,0,0,national
2025,OR,41041,Lincoln,5493001PXRJMPLXPG540,,4,4,0,0.31,4,0,0,0,0,4,0,0,0,0,national
2025,OR,41041,Lincoln,5493001WHVQBGRSWEU75,"HOMEBRIDGE FINANCIAL SERVICES, INC.",6,4,1,0.31,5,1,0,0,0,3,1,0,0,0,national
2025,OR,41041,Lincoln,549300CDLJDN8ENOT455,MARION AND POLK SCHOOLS CREDIT UNION,7,4,2,0.31,7,0,0,0,0,4,0,0,0,0,national
2025,OR,41041,Lincoln,549300UR5AOWTJJ7KZ64,,4,4,0,0.31,4,0,0,0,0,4,0,0,0,0,national
2025,OR,41041,Lincoln,AD6GFRVSDT01YPT1CS68,"PNC Bank, National Association",4,4,0,0.31,4,0,0,0,0,4,0,0,0,0,national
2025,OR,41041,Lincoln,01KWVG908KE7RKPTNP46,,3,3,0,0.23,3,0,0,0,0,3,0,0,0,0,national
2025,OR,41041,Lincoln,254900O2K17TNH5CL873,"RF RENOVO MANAGEMENT COMPANY, LLC",3,3,0,0.23,3,0,0,0,0,3,0,0,0,0,national
2025,OR,41041,Lincoln,254900T37KTTXKCK3416,,6,3,1,0.23,6,0,0,0,0,3,0,0,0,0,national
2025,OR,41041,Lincoln,5493000OM9RKJW8W5K82,,7,3,0,0.23,7,0,0,0,0,3,0,0,0,0,national
2025,OR,41041,Lincoln,5493002B2WMHY23GFK92,"AMERICAN FINANCIAL RESOURCES, INC.",5,3,0,0.23,2,1,2,0,0,2,1,0,0,0,national
2025,OR,41041,Lincoln,54930049L5WINET09Q97,"CLICK N' CLOSE, INC.",5,3,0,0.23,2,3,0,0,0,2,1,0,0,0,national
2025,OR,41041,Lincoln,5493005PKOSG7MYX0B34,"Prosperity Home Mortgage, LLC",3,3,0,0.23,2,1,0,0,0,2,1,0,0,0,national
2025,OR,41041,Lincoln,549300CB67L6KPJLHE19,"TRIAD FINANCIAL SERVICES, INC.",26,3,12,0.23,26,0,0,0,0,3,0,0,0,0,national
2025,OR,41041,Lincoln,549300GS0W0TEUQS8571,"Morgan Stanley Private Bank, National Association",3,3,0,0.23,3,0,0,0,0,3,0,0,0,0,national
2025,OR,41041,Lincoln,549300GS6ONO04ORI292,,4,3,0,0.23,4,0,0,0,0,3,0,0,0,0,national
2025,OR,41041,Lincoln,549300HH0V8LECLNPQ26,ROGUE,3,3,0,0.23,3,0,0,0,0,3,0,0,0,0,national
2025,OR,41041,Lincoln,549300J6N77Q8OHYNF23,,8,3,0,0.23,5,1,2,0,0,1,0,2,0,0,national
2025,OR,41041,Lincoln,549300KM40FP4MSQU941,Boeing Employees Credit Union,7,3,2,0.23,7,0,0,0,0,3,0,0,0,0,national
2025,OR,41041,Lincoln,549300NFPC3Y4W3Y7R87,,5,3,0,0.23,2,2,1,0,0,1,1,1,0,0,national
2025,OR,41041,Lincoln,549300UPB8ITF7B1GI03,,3,3,0,0.23,1,2,0,0,0,1,2,0,0,0,national
2025,OR,41041,Lincoln,549300XY701IELCE5Q08,BETTER MORTGAGE CORPORATION,16,3,7,0.23,14,2,0,0,0,3,0,0,0,0,national
2025,OR,41041,Lincoln,549300YIQ7S7Z8PIHE53,AMERISAVE MORTGAGE CORPORATION,34,3,27,0.23,20,3,11,0,0,2,1,0,0,0,national
2025,OR,41041,Lincoln,984500U2F9A83N391A91,"CHAMPIONS FUNDING, LLC",3,3,0,0.23,3,0,0,0,0,3,0,0,0,0,national
2025,OR,41041,Lincoln,D38AC76TAMYI50NBPX33,,3,3,0,0.23,3,0,0,0,0,3,0,0,0,0,national
2025,OR,41041,Lincoln,HUX2X73FUCYHUVH1BK78,KeyBank National Association,6,3,1,0.23,6,0,0,0,0,3,0,0,0,0,national
2025,OR,41041,Lincoln,254900HD4RROQDXNWI45,,2,2,0,0.15,2,0,0,0,0,2,0,0,0,0,national
2025,OR,41041,Lincoln,254900HEJ9F73IMPX887,,4,2,0,0.15,4,0,0,0,0,2,0,0,0,0,national
2025,OR,41041,Lincoln,254900VHUBSJJKOMBF27,,2,2,0,0.15,2,0,0,0,0,2,0,0,0,0,national
2025,OR,41041,Lincoln,5493000FWM3I2HHQY149,WASHINGTON STATE EMPLOYEES CREDIT UNION,2,2,0,0.15,2,0,0,0,0,2,0,0,0,0,national
2025,OR,41041,Lincoln,549300121SF0K2LN2804,"PRIMELENDING, A PLAINSCAPITAL COMPANY",3,2,0,0.15,1,2,0,0,0,1,1,0,0,0,national
2025,OR,41041,Lincoln,54930015645SYPOM7220,,2,2,0,0.15,0,1,1,0,0,0,1,1,0,0,national
2025,OR,41041,Lincoln,549300370QILXLFUWD20,"ZILLOW HOME LOANS, LLC",3,2,0,0.15,2,1,0,0,0,1,1,0,0,0,national
2025,OR,41041,Lincoln,54930054ET8KM4O1D485,"SOFI BANK, NATIONAL ASSOCIATION",12,2,5,0.15,12,0,0,0,0,2,0,0,0,0,national
2025,OR,41041,Lincoln,5493008VVXQIDO1EZ460,"SUMMIT FUNDING, INC.",4,2,1,0.15,4,0,0,0,0,2,0,0,0,0,national
2025,OR,41041,Lincoln,5493009HUMWCHFRDKF12,,3,2,0,0.15,3,0,0,0,0,2,0,0,0,0,national
2025,OR,41041,Lincoln,549300C4RD3C53QCM649,,2,2,0,0.15,1,1,0,0,0,1,1,0,0,0,national
2025,OR,41041,Lincoln,549300CK7U1WMTIG6687,,2,2,0,0.15,1,1,0,0,0,1,1,0,0,0,national
2025,OR,41041,Lincoln,549300COIWXM618UBE82,,3,2,1,0.15,3,0,0,0,0,2,0,0,0,0,national
2025,OR,41041,Lincoln,549300CPJH6JMU13EQ37,,2,2,0,0.15,2,0,0,0,0,2,0,0,0,0,national
2025,OR,41041,Lincoln,549300E2UX99HKDBR481,"NEW AMERICAN FUNDING, LLC",21,2,0,0.15,15,3,3,0,0,2,0,0,0,0,national
2025,OR,41041,Lincoln,549300KJ8PAJ7E52HG32,Plains Commerce Bank,4,2,0,0.15,2,2,0,0,0,1,1,0,0,0,national
2025,OR,41041,Lincoln,549300LROQOOQU77WS20,,4,2,0,0.15,4,0,0,0,0,2,0,0,0,0,national
2025,OR,41041,Lincoln,549300MHH03ICJYEPE85,,3,2,0,0.15,0,3,0,0,0,0,2,0,0,0,national
2025,OR,41041,Lincoln,549300O2EZG72LO2FX38,,4,2,0,0.15,4,0,0,0,0,2,0,0,0,0,national
2025,OR,41041,Lincoln,549300PEWJWBNEOSS013,,2,2,0,0.15,2,0,0,0,0,2,0,0,0,0,national
2025,OR,41041,Lincoln,549300PIL8LFAQ04XC20,Better Mortgage Corporation,13,2,7,0.15,13,0,0,0,0,2,0,0,0,0,national
2025,OR,41041,Lincoln,549300PL8ER6H23P0Z91,,3,2,0,0.15,1,2,0,0,0,1,1,0,0,0,national
2025,OR,41041,Lincoln,549300R9S3MVDV4MGF56,"CARRINGTON MORTGAGE SERVICES, LLC",4,2,0,0.15,3,0,1,0,0,1,0,1,0,0,national
2025,OR,41041,Lincoln,549300RN01LBYR8ZVX74,"LOWER, LLC",4,2,2,0.15,2,1,1,0,0,2,0,0,0,0,national
2025,OR,41041,Lincoln,549300SK2GVCQXPD4S58,"SUN WEST MORTGAGE COMPANY, INC.",3,2,0,0.15,0,0,3,0,0,0,0,2,0,0,national
2025,OR,41041,Lincoln,549300VCMRO4ST680C11,VILLAGE CAPITAL & INVESTMENT LLC,5,2,3,0.15,0,2,3,0,0,0,0,2,0,0,national
2025,OR,41041,Lincoln,549300VORTI31GZTJL53,"CARDINAL FINANCIAL COMPANY, LIMITED PARTNERSHIP",2,2,0,0.15,0,1,1,0,0,0,1,1,0,0,national
2025,OR,41041,Lincoln,549300XCVBRR56D08F03,,13,2,0,0.15,11,1,1,0,0,2,0,0,0,0,national
2025,OR,41041,Lincoln,9845006YE04B346EC919,,2,2,0,0.15,2,0,0,0,0,2,0,0,0,0,national
2025,OR,41041,Lincoln,C5654JQHZUHN0772B561,USAA Federal Savings Bank,8,2,5,0.15,6,0,2,0,0,2,0,0,0,0,national
2025,OR,41041,Lincoln,PAOOWF3GUFM46FBSP561,,9,2,3,0.15,6,3,0,0,0,2,0,0,0,0,national
2025,OR,41041,Lincoln,2549005FUF02T1IFCA22,,1,1,0,0.08,1,0,0,0,0,1,0,0,0,0,national
2025,OR,41041,Lincoln,25490066WMF8ZMQXQB18,"Lendage, LLC",2,1,0,0.08,2,0,0,0,0,1,0,0,0,0,national
2025,OR,41041,Lincoln,2549009OWTY7KVB18G12,,1,1,0,0.08,1,0,0,0,0,1,0,0,0,0,national
2025,OR,41041,Lincoln,254900BMXWPEHXG4LF21,,1,1,0,0.08,1,0,0,0,0,1,0,0,0,0,national
2025,OR,41041,Lincoln,254900CTT87ZKAUTIJ37,,1,1,0,0.08,1,0,0,0,0,1,0,0,0,0,national
2025,OR,41041,Lincoln,254900HIDMT4ZG09RP47,,1,1,0,0.08,0,0,1,0,0,0,0,1,0,0,national
2025,OR,41041,Lincoln,254900LTD432L5CHIZ48,,1,1,0,0.08,1,0,0,0,0,1,0,0,0,0,national
2025,OR,41041,Lincoln,254900MHHOS58M9D0445,,1,1,0,0.08,1,0,0,0,0,1,0,0,0,0,national
2025,OR,41041,Lincoln,254900N6XFQR6TP1WG82,,1,1,0,0.08,1,0,0,0,0,1,0,0,0,0,national
2025,OR,41041,Lincoln,254900NZOY3XB2DNSZ34,,2,1,0,0.08,2,0,0,0,0,1,0,0,0,0,national
2025,OR,41041,Lincoln,254900P1I9VHKMF8R991,,1,1,0,0.08,1,0,0,0,0,1,0,0,0,0,national
2025,OR,41041,Lincoln,254900P7WLDQD9IUL038,Service Federal Credit Union,1,1,0,0.08,1,0,0,0,0,1,0,0,0,0,national
2025,OR,41041,Lincoln,254900RNV63A0TIZNK90,,1,1,0,0.08,1,0,0,0,0,1,0,0,0,0,national
2025,OR,41041,Lincoln,254900WT4HAMDFWH3048,,1,1,0,0.08,1,0,0,0,0,1,0,0,0,0,national
2025,OR,41041,Lincoln,254900WTZC5SSKIN2M11,,1,1,0,0.08,1,0,0,0,0,1,0,0,0,0,national
2025,OR,41041,Lincoln,5493000349C5XXDRQX28,,1,1,0,0.08,1,0,0,0,0,1,0,0,0,0,national
2025,OR,41041,Lincoln,5493000D6RXLNBZQYA47,,3,1,1,0.08,3,0,0,0,0,1,0,0,0,0,national
2025,OR,41041,Lincoln,5493000FSLMV0FBEQY36,,1,1,0,0.08,1,0,0,0,0,1,0,0,0,0,national
2025,OR,41041,Lincoln,5493000IIYWBLONJVJ30,,2,1,1,0.08,2,0,0,0,0,1,0,0,0,0,national
2025,OR,41041,Lincoln,5493001GDRY0EL7VG372,"ARK-LA-TEX FINANCIAL SERVICES, LLC.",1,1,0,0.08,1,0,0,0,0,1,0,0,0,0,national
2025,OR,41041,Lincoln,5493001X0T84TYRJ5Y59,,1,1,0,0.08,1,0,0,0,0,1,0,0,0,0,national
2025,OR,41041,Lincoln,5493001XKL0FTNOJ0866,,1,1,0,0.08,0,0,1,0,0,0,0,1,0,0,national
2025,OR,41041,Lincoln,54930025XJJO3T0M1A92,,3,1,0,0.08,3,0,0,0,0,1,0,0,0,0,national
2025,OR,41041,Lincoln,5493002WVA17MT4UFH84,,1,1,0,0.08,1,0,0,0,0,1,0,0,0,0,national
2025,OR,41041,Lincoln,54930039IUN6515TBG78,,1,1,0,0.08,1,0,0,0,0,1,0,0,0,0,national
2025,OR,41041,Lincoln,5493004AS1SPBQOFDR49,"Change Lending, LLC",2,1,1,0.08,2,0,0,0,0,1,0,0,0,0,national
2025,OR,41041,Lincoln,5493006RIR31ORKYB608,,1,1,0,0.08,1,0,0,0,0,1,0,0,0,0,national
2025,OR,41041,Lincoln,549300748YYU6VG08N83,"Loan Simple, Inc.",1,1,0,0.08,0,1,0,0,0,0,1,0,0,0,national
2025,OR,41041,Lincoln,5493008CPTDVOS570626,"Primary Residential Mortgage, Inc.",3,1,1,0.08,3,0,0,0,0,1,0,0,0,0,national
2025,OR,41041,Lincoln,54930097J3TUZXBXXE75,,1,1,0,0.08,1,0,0,0,0,1,0,0,0,0,national
2025,OR,41041,Lincoln,5493009B17HXCVXTD608,"JMAC LENDING, INC.",1,1,0,0.08,0,1,0,0,0,0,1,0,0,0,national
2025,OR,41041,Lincoln,549300BDHZAV4ZQHQV19,GOLDENWEST,1,1,0,0.08,0,0,1,0,0,0,0,1,0,0,national
2025,OR,41041,Lincoln,549300BX448ALT10FI43,The Federal Savings Bank,6,1,0,0.08,2,1,3,0,0,0,0,1,0,0,national
2025,OR,41041,Lincoln,549300CY7WNAHKHYSJ73,,2,1,0,0.08,1,0,1,0,0,1,0,0,0,0,national
2025,OR,41041,Lincoln,549300E34W6TNRG7B624,,1,1,0,0.08,1,0,0,0,0,1,0,0,0,0,national
2025,OR,41041,Lincoln,549300EC7M6N4U9DR727,,1,1,0,0.08,1,0,0,0,0,1,0,0,0,0,national
2025,OR,41041,Lincoln,549300EKFFG3BU8DNX74,NEXERA HOLDING LLC,4,1,1,0.08,3,1,0,0,0,0,1,0,0,0,national
2025,OR,41041,Lincoln,549300FX7K8PTEQUU487,PENTAGON FEDERAL CREDIT UNION,5,1,3,0.08,5,0,0,0,0,1,0,0,0,0,national
2025,OR,41041,Lincoln,549300HVW3AI97UKTO72,Wings Financial Credit Union,1,1,0,0.08,1,0,0,0,0,1,0,0,0,0,national
2025,OR,41041,Lincoln,549300I1HK1BBZLKOB84,,2,1,0,0.08,2,0,0,0,0,1,0,0,0,0,national
2025,OR,41041,Lincoln,549300ISCZS1R0CJMO47,,2,1,0,0.08,2,0,0,0,0,1,0,0,0,0,national
2025,OR,41041,Lincoln,549300J7I82PNDVU8H22,"OCMBC, INC.",2,1,1,0.08,2,0,0,0,0,1,0,0,0,0,national
2025,OR,41041,Lincoln,549300K4ZLGS7SRDTL86,Equity Prime Mortgage LLC,3,1,0,0.08,1,1,1,0,0,0,1,0,0,0,national
2025,OR,41041,Lincoln,549300KDR80I1ELW8D36,,2,1,0,0.08,2,0,0,0,0,1,0,0,0,0,national
2025,OR,41041,Lincoln,549300KSOOZZVXCMA627,ANGEL OAK MORTGAGE SOLUTIONS LLC,1,1,0,0.08,1,0,0,0,0,1,0,0,0,0,national
2025,OR,41041,Lincoln,549300KZVCKCUN23YY80,,1,1,0,0.08,1,0,0,0,0,1,0,0,0,0,national
2025,OR,41041,Lincoln,549300LI3FDGO7UKFF39,EAST COAST CAPITAL CORP.,1,1,0,0.08,1,0,0,0,0,1,0,0,0,0,national
2025,OR,41041,Lincoln,549300LLESTPOVRG3X73,,1,1,0,0.08,1,0,0,0,0,1,0,0,0,0,national
2025,OR,41041,Lincoln,549300LZUXCJFE5ONM48,,1,1,0,0.08,0,1,0,0,0,0,1,0,0,0,national
2025,OR,41041,Lincoln,549300MQEDQYDJR8CP22,,2,1,0,0.08,2,0,0,0,0,1,0,0,0,0,national
2025,OR,41041,Lincoln,549300N2GMOJ61XHEL06,,1,1,0,0.08,1,0,0,0,0,1,0,0,0,0,national
2025,OR,41041,Lincoln,549300NOCASXPA34X033,"LAKEVIEW LOAN SERVICING, LLC",6,1,3,0.08,5,1,0,0,0,1,0,0,0,0,national
2025,OR,41041,Lincoln,549300PL267CW8182203,,1,1,0,0.08,0,0,1,0,0,0,0,1,0,0,national
2025,OR,41041,Lincoln,549300REENMLD2RN3W58,"Magnolia Bank, Incorporated",1,1,0,0.08,0,0,1,0,0,0,0,1,0,0,national
2025,OR,41041,Lincoln,549300RFLICNI75BG067,Luminate Bank,2,1,1,0.08,0,0,2,0,0,0,0,1,0,0,national
2025,OR,41041,Lincoln,549300S5FVOSK5DQJN30,INTERCAP LENDING INC.,2,1,0,0.08,1,1,0,0,0,1,0,0,0,0,national
2025,OR,41041,Lincoln,549300S8SHBRCI7UU819,,2,1,0,0.08,2,0,0,0,0,1,0,0,0,0,national
2025,OR,41041,Lincoln,549300T9P3WXNMXX0I34,Ixonia Bank,2,1,0,0.08,1,1,0,0,0,1,0,0,0,0,national
2025,OR,41041,Lincoln,549300UG7QXKM7KGV847,,1,1,0,0.08,1,0,0,0,0,1,0,0,0,0,national
2025,OR,41041,Lincoln,549300UXY7OP0IC38293,Northpointe Bank,1,1,0,0.08,1,0,0,0,0,1,0,0,0,0,national
2025,OR,41041,Lincoln,549300VEJ302N3NLKA88,,1,1,0,0.08,1,0,0,0,0,1,0,0,0,0,national
2025,OR,41041,Lincoln,549300VMX06UV1F7NS76,,3,1,0,0.08,3,0,0,0,0,1,0,0,0,0,national
2025,OR,41041,Lincoln,549300W1HU6IVVIEJ389,"RANLIFE, INC.",1,1,0,0.08,1,0,0,0,0,1,0,0,0,0,national
2025,OR,41041,Lincoln,549300W45D2J6BT4LX65,,1,1,0,0.08,1,0,0,0,0,1,0,0,0,0,national
2025,OR,41041,Lincoln,549300WJIJV987NXVC31,,2,1,0,0.08,2,0,0,0,0,1,0,0,0,0,national
2025,OR,41041,Lincoln,549300XAJENHWRM32Z86,,1,1,0,0.08,1,0,0,0,0,1,0,0,0,0,national
2025,OR,41041,Lincoln,549300Y5Y88FQLI7VE83,DEEPHAVEN MORTGAGE LLC,5,1,1,0.08,5,0,0,0,0,1,0,0,0,0,national
2025,OR,41041,Lincoln,549300YX5RPSSMR88K92,,1,1,0,0.08,1,0,0,0,0,1,0,0,0,0,national
2025,OR,41041,Lincoln,549300ZIXM1VUXPG4D03,,1,1,0,0.08,1,0,0,0,0,1,0,0,0,0,national
2025,OR,41041,Lincoln,CKVBED0S4DMLKJJ5XH28,Stifel Bank and Trust,1,1,0,0.08,1,0,0,0,0,1,0,0,0,0,national
2025,OR,41041,Lincoln,WWB2V0FCW3A0EE3ZJN75,Manufacturers and Traders Trust Company,1,1,0,0.08,0,1,0,0,0,0,1,0,0,0,national
2025,OR,41041,Lincoln,X05BVSK68TQ7YTOSNR22,Discover Bank,16,1,9,0.08,16,0,0,0,0,1,0,0,0,0,national
2025,OR,41041,Lincoln,5493000H6DFDDJRORG89,,5,0,0,0.0,5,0,0,0,0,0,0,0,0,0,national
2025,OR,41041,Lincoln,549300PQLK8E48ILXV41,,7,0,4,0.0,7,0,0,0,0,0,0,0,0,0,national
2025,OR,41041,Lincoln,549300SUCQ1358EGVE89,"NEW DAY FINANCIAL, LLC",11,0,3,0.0,0,0,11,0,0,0,0,0,0,0,national
2025,OR,41043,Linn,549300FGXN1K3HLB1R50,"Rocket Mortgage, LLC",285,204,51,7.12,212,48,25,0,0,159,30,15,0,0,national
2025,OR,41043,Linn,254900Z8J5L9POS71X51,Oregon State Credit Union,236,161,23,5.62,236,0,0,0,0,161,0,0,0,0,national
2025,OR,41043,Linn,549300HW662MN1WU8550,"United Wholesale Mortgage, LLC",202,154,24,5.38,72,57,71,2,0,55,43,56,0,0,national
2025,OR,41043,Linn,549300AQ3T62GXDU7D76,GUILD MORTGAGE COMPANY LLC,182,128,3,4.47,112,58,11,1,0,79,38,10,1,0,national
2025,OR,41043,Linn,549300DD4R4SYK5RAQ92,"MOVEMENT MORTGAGE, LLC",176,113,8,3.95,124,38,14,0,0,77,27,9,0,0,national
2025,OR,41043,Linn,549300AG64NHILB7ZP05,"LOANDEPOT.COM, LLC",138,98,17,3.42,95,35,8,0,0,65,27,6,0,0,national
2025,OR,41043,Linn,IFQSIUC9AGQV2NE8CN25,Columbia Bank,148,89,34,3.11,145,2,1,0,0,87,1,1,0,0,national
2025,OR,41043,Linn,5493008VVXQIDO1EZ460,"SUMMIT FUNDING, INC.",104,86,2,3.0,43,47,14,0,0,33,40,13,0,0,national
2025,OR,41043,Linn,6BYL5QZYBDK8S7L73M02,U.S. Bank National Association,121,76,28,2.65,118,2,1,0,0,76,0,0,0,0,national
2025,OR,41043,Linn,549300H3IZO24NSOO931,"LENNAR MORTGAGE, LLC",100,75,4,2.62,72,15,13,0,0,53,15,7,0,0,national
2025,OR,41043,Linn,549300FNXYY540N23N64,Newrez LLC,135,70,16,2.44,90,36,8,1,0,46,18,5,1,0,national
2025,OR,41043,Linn,549300IEP77RKJ87Z176,OREGON COMMUNITY,73,55,6,1.92,72,1,0,0,0,55,0,0,0,0,national
2025,OR,41043,Linn,549300ZZME37MXI1EF14,"DAS ACQUISITION COMPANY, LLC",59,52,1,1.82,21,27,10,1,0,19,24,8,1,0,national
2025,OR,41043,Linn,2549008LK3474E9U2888,ONPOINT COMMUNITY CREDIT UNION,87,50,23,1.75,85,2,0,0,0,48,2,0,0,0,national
2025,OR,41043,Linn,RVDPPPGHCGZ40J4VQ731,"PENNYMAC LOAN SERVICES, LLC",99,49,8,1.71,55,27,16,1,0,35,9,5,0,0,national
2025,OR,41043,Linn,5493003WLEYGXGNTI654,SELCO COMMUNITY,81,45,22,1.57,81,0,0,0,0,45,0,0,0,0,national
2025,OR,41043,Linn,HUX2X73FUCYHUVH1BK78,KeyBank National Association,79,45,27,1.57,73,5,1,0,0,41,4,0,0,0,national
2025,OR,41043,Linn,549300LYRWPSYPK6S325,FREEDOM MORTGAGE CORPORATION,104,43,7,1.5,10,56,38,0,0,1,23,19,0,0,national
2025,OR,41043,Linn,2549004FXPNKCLIN8250,"Synergy One Lending, Inc.",60,42,5,1.47,28,20,12,0,0,20,14,8,0,0,national
2025,OR,41043,Linn,549300RPOGWJRH63HS39,UNION HOME MORTGAGE CORP.,58,41,1,1.43,38,16,3,1,0,26,12,2,1,0,national
2025,OR,41043,Linn,549300QKL5FUBZ8LSF50,"NATIONS DIRECT MORTGAGE, LLC",49,40,0,1.4,23,16,10,0,0,20,12,8,0,0,national
2025,OR,41043,Linn,549300DD5QQUHO6PCH70,"MORTGAGE RESEARCH CENTER, LLC",82,36,18,1.26,5,1,76,0,0,1,1,34,0,0,national
2025,OR,41043,Linn,549300CB67L6KPJLHE19,"TRIAD FINANCIAL SERVICES, INC.",100,34,29,1.19,100,0,0,0,0,34,0,0,0,0,national
2025,OR,41043,Linn,549300UBGGLZLZEY0M18,,52,31,12,1.08,52,0,0,0,0,31,0,0,0,0,national
2025,OR,41043,Linn,549300VZVN841I2ILS84,"CROSSCOUNTRY MORTGAGE, LLC",59,30,3,1.05,39,14,6,0,0,20,7,3,0,0,national
2025,OR,41043,Linn,25490018IFQOT83Q7H49,,41,29,1,1.01,21,15,5,0,0,14,10,5,0,0,national
2025,OR,41043,Linn,5493008JECR4UE0WVR04,"MORTGAGE EXPRESS, LLC",39,29,1,1.01,21,15,2,1,0,18,8,2,1,0,national
2025,OR,41043,Linn,549300PIL8LFAQ04XC20,Better Mortgage Corporation,82,29,32,1.01,82,0,0,0,0,29,0,0,0,0,national
2025,OR,41043,Linn,549300CDLJDN8ENOT455,MARION AND POLK SCHOOLS CREDIT UNION,37,28,5,0.98,37,0,0,0,0,28,0,0,0,0,national
2025,OR,41043,Linn,549300GKFNPRWNS0GF29,"AmeriHome Mortgage Company, LLC",35,25,0,0.87,23,7,5,0,0,15,6,4,0,0,national
2025,OR,41043,Linn,54930007KK7ZS3IJVC25,,34,23,4,0.8,34,0,0,0,0,23,0,0,0,0,national
2025,OR,41043,Linn,549300Q02LGIN9AXKP98,FIRST TECHNOLOGY FEDERAL CREDIT UNION,32,23,2,0.8,32,0,0,0,0,23,0,0,0,0,national
2025,OR,41043,Linn,254900TTZ395IC926125,,24,21,0,0.73,18,6,0,0,0,15,6,0,0,0,national
2025,OR,41043,Linn,549300CPJH6JMU13EQ37,,22,21,0,0.73,22,0,0,0,0,21,0,0,0,0,national
2025,OR,41043,Linn,254900UL88QFG0E40516,FIGURE LENDING LLC,42,20,13,0.7,42,0,0,0,0,20,0,0,0,0,national
2025,OR,41043,Linn,5493003GQDUH26DNNH17,Navy Federal Credit Union,43,20,9,0.7,32,0,11,0,0,14,0,6,0,0,national
2025,OR,41043,Linn,5493006KXUHSYFT7SD10,,28,20,2,0.7,16,11,1,0,0,13,6,1,0,0,national
2025,OR,41043,Linn,549300KIOYNU323LVJ37,AMERICAN PACIFIC MORTGAGE CORPORATION,24,20,0,0.7,11,7,6,0,0,10,6,4,0,0,national
2025,OR,41043,Linn,549300LBCBNR1OT00651,NATIONSTAR MORTGAGE LLC,30,20,2,0.7,28,2,0,0,0,19,1,0,0,0,national
2025,OR,41043,Linn,54930060G4MDPWHISD89,EVERGREEN MONEYSOURCE MORTGAGE COMPANY,32,19,0,0.66,22,8,2,0,0,11,7,1,0,0,national
2025,OR,41043,Linn,549300ZBXINP1Y94CN02,,23,19,0,0.66,11,11,1,0,0,8,10,1,0,0,national
2025,OR,41043,Linn,549300E2UX99HKDBR481,"NEW AMERICAN FUNDING, LLC",53,18,8,0.63,19,24,10,0,0,7,6,5,0,0,national
2025,OR,41043,Linn,549300MZ8VZJOVC63092,"KIND LENDING, LLC",25,18,5,0.63,18,6,1,0,0,13,5,0,0,0,national
2025,OR,41043,Linn,549300XQVJ1XBNFA5536,21ST MORTGAGE CORPORATION,83,18,38,0.63,83,0,0,0,0,18,0,0,0,0,national
2025,OR,41043,Linn,5493002B2WMHY23GFK92,"AMERICAN FINANCIAL RESOURCES, INC.",18,17,0,0.59,7,9,2,0,0,6,9,2,0,0,national
2025,OR,41043,Linn,549300MGPZBLQDIL7538,FAIRWAY INDEPENDENT MORTGAGE CORPORATION,22,16,1,0.56,13,8,0,1,0,8,7,0,1,0,national
2025,OR,41043,Linn,7H6GLXDRUGQFU57RNE97,"JPMorgan Chase Bank, National Association",26,15,5,0.52,25,1,0,0,0,15,0,0,0,0,national
2025,OR,41043,Linn,549300JYXTZDSPJEPI44,"PLAZA HOME MORTGAGE, INC.",17,13,3,0.45,7,7,3,0,0,7,4,2,0,0,national
2025,OR,41043,Linn,549300KDR80I1ELW8D36,,26,12,3,0.42,26,0,0,0,0,12,0,0,0,0,national
2025,OR,41043,Linn,B4TYDEB6GKMZO031MB27,"Bank of America, National Association",28,11,11,0.38,28,0,0,0,0,11,0,0,0,0,national
2025,OR,41043,Linn,5493001GCBD5XGNIC815,Coastal Community Bank,46,10,0,0.35,46,0,0,0,0,10,0,0,0,0,national
2025,OR,41043,Linn,549300J6N77Q8OHYNF23,,14,10,2,0.35,5,4,5,0,0,3,3,4,0,0,national
2025,OR,41043,Linn,549300NOCASXPA34X033,"LAKEVIEW LOAN SERVICING, LLC",30,10,13,0.35,19,7,4,0,0,6,2,2,0,0,national
2025,OR,41043,Linn,549300OPCWU6E72WUT29,"MUTUAL OF OMAHA MORTGAGE, INC.",16,10,2,0.35,3,9,4,0,0,2,5,3,0,0,national
2025,OR,41043,Linn,549300R77W0P105C3S50,HOMEXPRESS MORTGAGE CORP.,13,10,3,0.35,13,0,0,0,0,10,0,0,0,0,national
2025,OR,41043,Linn,549300T94GSH3C4U5M59,ALLIANT CREDIT UNION,16,10,5,0.35,14,0,2,0,0,9,0,1,0,0,national
2025,OR,41043,Linn,549300VCMRO4ST680C11,VILLAGE CAPITAL & INVESTMENT LLC,19,10,4,0.35,0,7,12,0,0,0,3,7,0,0,national
2025,OR,41043,Linn,549300Y5Y88FQLI7VE83,DEEPHAVEN MORTGAGE LLC,11,10,1,0.35,11,0,0,0,0,10,0,0,0,0,national
2025,OR,41043,Linn,549300YIQ7S7Z8PIHE53,AMERISAVE MORTGAGE CORPORATION,46,10,27,0.35,32,6,8,0,0,8,2,0,0,0,national
2025,OR,41043,Linn,25490066WMF8ZMQXQB18,"Lendage, LLC",12,9,1,0.31,12,0,0,0,0,9,0,0,0,0,national
2025,OR,41043,Linn,254900DTLHVWQ7NP7R34,"CMG Mortgage, Inc.",19,9,5,0.31,14,3,2,0,0,6,2,1,0,0,national
2025,OR,41043,Linn,5493008NWHQT1R22C024,"AMERICAN FINANCIAL NETWORK, INC.",11,9,1,0.31,1,6,3,1,0,1,6,1,1,0,national
2025,OR,41043,Linn,549300HIVO8XPBPNVG69,NOVA FINANCIAL & INVESTMENT CORPORATION,11,9,2,0.31,7,2,2,0,0,5,2,2,0,0,national
2025,OR,41043,Linn,549300SK2GVCQXPD4S58,"SUN WEST MORTGAGE COMPANY, INC.",14,9,3,0.31,3,4,6,1,0,3,1,4,1,0,national
2025,OR,41043,Linn,549300U3721PJGQZYY68,"GUARANTEED RATE, INC.",20,9,1,0.31,16,1,3,0,0,6,0,3,0,0,national
2025,OR,41043,Linn,5493001WHVQBGRSWEU75,"HOMEBRIDGE FINANCIAL SERVICES, INC.",8,8,0,0.28,5,1,2,0,0,5,1,2,0,0,national
2025,OR,41043,Linn,549300PL8ER6H23P0Z91,,9,8,0,0.28,4,3,2,0,0,3,3,2,0,0,national
2025,OR,41043,Linn,549300R9S3MVDV4MGF56,"CARRINGTON MORTGAGE SERVICES, LLC",15,8,5,0.28,6,4,5,0,0,4,1,3,0,0,national
2025,OR,41043,Linn,2549001IK7UDPADKAG34,,13,7,4,0.24,13,0,0,0,0,7,0,0,0,0,national
2025,OR,41043,Linn,549300323EON4W3CCM44,"RESICENTRAL, LLC",8,7,1,0.24,6,2,0,0,0,5,2,0,0,0,national
2025,OR,41043,Linn,54930054ET8KM4O1D485,"SOFI BANK, NATIONAL ASSOCIATION",28,7,2,0.24,28,0,0,0,0,7,0,0,0,0,national
2025,OR,41043,Linn,549300B4IYL7TZT8FA34,,9,7,0,0.24,5,1,3,0,0,3,1,3,0,0,national
2025,OR,41043,Linn,549300BLL6VL7AXWYP56,,11,7,1,0.24,5,5,1,0,0,3,3,1,0,0,national
2025,OR,41043,Linn,549300XY701IELCE5Q08,BETTER MORTGAGE CORPORATION,14,7,4,0.24,13,1,0,0,0,6,1,0,0,0,national
2025,OR,41043,Linn,5493000OM9RKJW8W5K82,,11,6,1,0.21,6,3,2,0,0,4,1,1,0,0,national
2025,OR,41043,Linn,5493002GI63WHHUTUD85,"KEYSTONE FUNDING, INC.",6,6,0,0.21,5,1,0,0,0,5,1,0,0,0,national
2025,OR,41043,Linn,54930043BMDE130FJ617,"PROVIDENT FUNDING ASSOCIATES, L.P.",11,6,2,0.21,11,0,0,0,0,6,0,0,0,0,national
2025,OR,41043,Linn,549300L44U62O7WHRR78,FIRST COMMUNITY,10,6,1,0.21,10,0,0,0,0,6,0,0,0,0,national
2025,OR,41043,Linn,C5654JQHZUHN0772B561,USAA Federal Savings Bank,7,6,0,0.21,3,0,4,0,0,2,0,4,0,0,national
2025,OR,41043,Linn,WE0I402RW25AU38DTI13,Banner Bank,12,6,1,0.21,11,1,0,0,0,5,1,0,0,0,national
2025,OR,41043,Linn,254900ZFWS2106HWPH46,"PARAMOUNT RESIDENTIAL MORTGAGE GROUP, INC.",7,5,0,0.17,2,4,1,0,0,2,2,1,0,0,national
2025,OR,41043,Linn,5493000349C5XXDRQX28,,9,5,1,0.17,6,3,0,0,0,3,2,0,0,0,national
2025,OR,41043,Linn,5493005PKOSG7MYX0B34,"Prosperity Home Mortgage, LLC",9,5,1,0.17,6,1,2,0,0,3,1,1,0,0,national
2025,OR,41043,Linn,549300BX448ALT10FI43,The Federal Savings Bank,14,5,0,0.17,3,2,9,0,0,1,2,2,0,0,national
2025,OR,41043,Linn,549300K4ZLGS7SRDTL86,Equity Prime Mortgage LLC,10,5,3,0.17,1,4,5,0,0,1,1,3,0,0,national
2025,OR,41043,Linn,549300Q3ROEQU3D1IW91,,26,5,15,0.17,26,0,0,0,0,5,0,0,0,0,national
2025,OR,41043,Linn,549300S5YL3OH0IVCS62,FINANCE OF AMERICA REVERSE LLC,7,5,1,0.17,2,5,0,0,0,2,3,0,0,0,national
2025,OR,41043,Linn,254900E6AIE4Z8YQM970,Citadel Servicing Corporation,7,4,0,0.14,7,0,0,0,0,4,0,0,0,0,national
2025,OR,41043,Linn,54930021WPEXNHYZUL09,"PLANET HOME LENDING, LLC",7,4,3,0.14,4,2,1,0,0,2,1,1,0,0,national
2025,OR,41043,Linn,54930025XJJO3T0M1A92,,4,4,0,0.14,4,0,0,0,0,4,0,0,0,0,national
2025,OR,41043,Linn,5493003T5D4N1CM46J77,1st Security Bank of Washington,5,4,0,0.14,3,2,0,0,0,2,2,0,0,0,national
2025,OR,41043,Linn,5493008CPTDVOS570626,"Primary Residential Mortgage, Inc.",11,4,4,0.14,11,0,0,0,0,4,0,0,0,0,national
2025,OR,41043,Linn,549300ALNLUNS3Y53T24,AMERICAN FINANCING CORPORATION,23,4,11,0.14,7,11,5,0,0,2,2,0,0,0,national
2025,OR,41043,Linn,549300LZUXCJFE5ONM48,,4,4,0,0.14,0,4,0,0,0,0,4,0,0,0,national
2025,OR,41043,Linn,549300RN01LBYR8ZVX74,"LOWER, LLC",6,4,0,0.14,1,3,2,0,0,0,2,2,0,0,national
2025,OR,41043,Linn,549300UR5AOWTJJ7KZ64,,5,4,0,0.14,5,0,0,0,0,4,0,0,0,0,national
2025,OR,41043,Linn,549300YN94MOAVYW0F52,"GoodLeap, LLC",9,4,2,0.14,5,3,1,0,0,3,1,0,0,0,national
2025,OR,41043,Linn,549300YX5RPSSMR88K92,,4,4,0,0.14,4,0,0,0,0,4,0,0,0,0,national
2025,OR,41043,Linn,D38AC76TAMYI50NBPX33,,6,4,2,0.14,6,0,0,0,0,4,0,0,0,0,national
2025,OR,41043,Linn,KB1H1DSPRFMYMCUFXT09,"Wells Fargo Bank, National Association",13,4,4,0.14,11,1,1,0,0,4,0,0,0,0,national
2025,OR,41043,Linn,PAOOWF3GUFM46FBSP561,,7,4,0,0.14,2,3,2,0,0,2,1,1,0,0,national
2025,OR,41043,Linn,254900T37KTTXKCK3416,,9,3,2,0.1,9,0,0,0,0,3,0,0,0,0,national
2025,OR,41043,Linn,254900TG14TB8RKS3U42,,3,3,0,0.1,3,0,0,0,0,3,0,0,0,0,national
2025,OR,41043,Linn,549300370QILXLFUWD20,"ZILLOW HOME LOANS, LLC",5,3,0,0.1,2,3,0,0,0,1,2,0,0,0,national
2025,OR,41043,Linn,5493009B17HXCVXTD608,"JMAC LENDING, INC.",3,3,0,0.1,1,2,0,0,0,1,2,0,0,0,national
2025,OR,41043,Linn,5493009HUMWCHFRDKF12,,4,3,1,0.1,3,0,1,0,0,2,0,1,0,0,national
2025,OR,41043,Linn,549300EKFFG3BU8DNX74,NEXERA HOLDING LLC,3,3,0,0.1,3,0,0,0,0,3,0,0,0,0,national
2025,OR,41043,Linn,549300GL7DLQR39MW179,,3,3,0,0.1,3,0,0,0,0,3,0,0,0,0,national
2025,OR,41043,Linn,549300HH0V8LECLNPQ26,ROGUE,7,3,2,0.1,5,0,2,0,0,2,0,1,0,0,national
2025,OR,41043,Linn,549300KBCEYCLANGUM06,,3,3,0,0.1,3,0,0,0,0,3,0,0,0,0,national
2025,OR,41043,Linn,549300NFPC3Y4W3Y7R87,,5,3,1,0.1,1,3,1,0,0,0,2,1,0,0,national
2025,OR,41043,Linn,549300RA3E0BUFO7YZ21,"Hometown Equity Mortgage, LLC",5,3,2,0.1,5,0,0,0,0,3,0,0,0,0,national
2025,OR,41043,Linn,549300SUCQ1358EGVE89,"NEW DAY FINANCIAL, LLC",25,3,4,0.1,0,1,24,0,0,0,0,3,0,0,national
2025,OR,41043,Linn,549300UB5TJ0YPVPT503,,8,3,2,0.1,7,1,0,0,0,2,1,0,0,0,national
2025,OR,41043,Linn,549300VMX06UV1F7NS76,,5,3,0,0.1,4,1,0,0,0,3,0,0,0,0,national
2025,OR,41043,Linn,549300WJIJV987NXVC31,,6,3,0,0.1,5,0,1,0,0,2,0,1,0,0,national
2025,OR,41043,Linn,98450087981AP406JG03,,3,3,0,0.1,3,0,0,0,0,3,0,0,0,0,national
2025,OR,41043,Linn,AD6GFRVSDT01YPT1CS68,"PNC Bank, National Association",10,3,6,0.1,10,0,0,0,0,3,0,0,0,0,national
2025,OR,41043,Linn,X05BVSK68TQ7YTOSNR22,Discover Bank,30,3,16,0.1,30,0,0,0,0,3,0,0,0,0,national
2025,OR,41043,Linn,213800XR2TCBQJSF1X93,,3,2,0,0.07,0,0,3,0,0,0,0,2,0,0,national
2025,OR,41043,Linn,2549001SI0EMFPT39035,"Cornerstone First Mortgage, Inc",2,2,0,0.07,2,0,0,0,0,2,0,0,0,0,national
2025,OR,41043,Linn,2549005SIVTHG14U2905,A&D Mortgage LLC,4,2,0,0.07,4,0,0,0,0,2,0,0,0,0,national
2025,OR,41043,Linn,254900HA4DQWAE0W3342,"AMERIHOME MORTGAGE COMPANY, LLC",8,2,1,0.07,5,3,0,0,0,0,2,0,0,0,national
2025,OR,41043,Linn,3Y4U8VZURTYWI1W2K376,BMO Bank National Association,5,2,0,0.07,5,0,0,0,0,2,0,0,0,0,national
2025,OR,41043,Linn,549300121SF0K2LN2804,"PRIMELENDING, A PLAINSCAPITAL COMPANY",4,2,0,0.07,2,1,1,0,0,1,0,1,0,0,national
2025,OR,41043,Linn,5493002YXAOJOQPEGS38,,3,2,0,0.07,0,2,1,0,0,0,1,1,0,0,national
2025,OR,41043,Linn,54930030Z1JWTP3SVD16,,3,2,0,0.07,1,2,0,0,0,1,1,0,0,0,national
2025,OR,41043,Linn,54930049L5WINET09Q97,"CLICK N' CLOSE, INC.",2,2,0,0.07,0,2,0,0,0,0,2,0,0,0,national
2025,OR,41043,Linn,5493004T38NMC864VL66,,2,2,0,0.07,2,0,0,0,0,2,0,0,0,0,national
2025,OR,41043,Linn,54930052M48FOD3CWA54,"PRIMARY RESIDENTIAL MORTGAGE, INC.",4,2,0,0.07,3,1,0,0,0,1,1,0,0,0,national
2025,OR,41043,Linn,549300748YYU6VG08N83,"Loan Simple, Inc.",2,2,0,0.07,0,2,0,0,0,0,2,0,0,0,national
2025,OR,41043,Linn,549300GS6ONO04ORI292,,4,2,0,0.07,0,2,2,0,0,0,1,1,0,0,national
2025,OR,41043,Linn,549300J7I82PNDVU8H22,"OCMBC, INC.",3,2,1,0.07,3,0,0,0,0,2,0,0,0,0,national
2025,OR,41043,Linn,549300MHH03ICJYEPE85,,6,2,1,0.07,3,3,0,0,0,2,0,0,0,0,national
2025,OR,41043,Linn,549300PQLK8E48ILXV41,,3,2,1,0.07,3,0,0,0,0,2,0,0,0,0,national
2025,OR,41043,Linn,549300PXIFIEPL7D7R86,,3,2,0,0.07,3,0,0,0,0,2,0,0,0,0,national
2025,OR,41043,Linn,549300QIUZLVR1OLDH55,Genisys Credit Union,2,2,0,0.07,2,0,0,0,0,2,0,0,0,0,national
2025,OR,41043,Linn,549300R7HGHP2I754087,TOWNE MORTGAGE COMPANY,3,2,0,0.07,2,0,0,1,0,1,0,0,1,0,national
2025,OR,41043,Linn,549300TEGBOIDI6Z5J56,,2,2,0,0.07,2,0,0,0,0,2,0,0,0,0,national
2025,OR,41043,Linn,549300TUQC6OYE8A0Y96,,3,2,0,0.07,3,0,0,0,0,2,0,0,0,0,national
2025,OR,41043,Linn,549300ZIQ24V0C88AC41,GTE Federal Credit Union,2,2,0,0.07,2,0,0,0,0,2,0,0,0,0,national
2025,OR,41043,Linn,984500U2F9A83N391A91,"CHAMPIONS FUNDING, LLC",2,2,0,0.07,2,0,0,0,0,2,0,0,0,0,national
2025,OR,41043,Linn,EQTWLK1G7ODGC2MGLV11,Regions Bank,2,2,0,0.07,2,0,0,0,0,2,0,0,0,0,national
2025,OR,41043,Linn,SS1TRMSN6BRNMOREEV51,"Flagstar Bank, National Association",3,2,0,0.07,3,0,0,0,0,2,0,0,0,0,national
2025,OR,41043,Linn,WWB2V0FCW3A0EE3ZJN75,Manufacturers and Traders Trust Company,2,2,0,0.07,0,1,1,0,0,0,1,1,0,0,national
2025,OR,41043,Linn,01KWVG908KE7RKPTNP46,,3,1,1,0.03,3,0,0,0,0,1,0,0,0,0,national
2025,OR,41043,Linn,2549004XDCE3LGQW7H72,,1,1,0,0.03,1,0,0,0,0,1,0,0,0,0,national
2025,OR,41043,Linn,2549004Z576VEJBK3N72,"NQM FUNDING, LLC",1,1,0,0.03,1,0,0,0,0,1,0,0,0,0,national
2025,OR,41043,Linn,2549005FUF02T1IFCA22,,1,1,0,0.03,1,0,0,0,0,1,0,0,0,0,national
2025,OR,41043,Linn,2549008TT6UNYR7AXF54,,3,1,0,0.03,3,0,0,0,0,1,0,0,0,0,national
2025,OR,41043,Linn,254900BMXWPEHXG4LF21,,3,1,1,0.03,1,2,0,0,0,1,0,0,0,0,national
2025,OR,41043,Linn,254900CTT87ZKAUTIJ37,,1,1,0,0.03,1,0,0,0,0,1,0,0,0,0,national
2025,OR,41043,Linn,254900DRSIZBQXDCJ875,,1,1,0,0.03,1,0,0,0,0,1,0,0,0,0,national
2025,OR,41043,Linn,254900LTD432L5CHIZ48,,1,1,0,0.03,1,0,0,0,0,1,0,0,0,0,national
2025,OR,41043,Linn,254900N49YI2HHKDPS92,,1,1,0,0.03,1,0,0,0,0,1,0,0,0,0,national
2025,OR,41043,Linn,254900O2K17TNH5CL873,"RF RENOVO MANAGEMENT COMPANY, LLC",1,1,0,0.03,1,0,0,0,0,1,0,0,0,0,national
2025,OR,41043,Linn,254900P7WLDQD9IUL038,Service Federal Credit Union,1,1,0,0.03,1,0,0,0,0,1,0,0,0,0,national
2025,OR,41043,Linn,254900RQX8N4HXJIDK44,,1,1,0,0.03,0,1,0,0,0,0,1,0,0,0,national
2025,OR,41043,Linn,254900WEP08K7U7S3A80,,2,1,0,0.03,1,1,0,0,0,0,1,0,0,0,national
2025,OR,41043,Linn,254900WT4HAMDFWH3048,,2,1,0,0.03,1,1,0,0,0,1,0,0,0,0,national
2025,OR,41043,Linn,254900WTZC5SSKIN2M11,,3,1,0,0.03,3,0,0,0,0,1,0,0,0,0,national
2025,OR,41043,Linn,2WHM8VNJH63UN14OL754,The Huntington National Bank,1,1,0,0.03,1,0,0,0,0,1,0,0,0,0,national
2025,OR,41043,Linn,5493000NYUJT9UC6G261,LEADERONE FINANCIAL CORPORATION,1,1,0,0.03,0,0,1,0,0,0,0,1,0,0,national
2025,OR,41043,Linn,5493000YNV8IX4VD3X12,"VANDERBILT MORTGAGE AND FINANCE, INC.",14,1,3,0.03,14,0,0,0,0,1,0,0,0,0,national
2025,OR,41043,Linn,54930015645SYPOM7220,,2,1,1,0.03,2,0,0,0,0,1,0,0,0,0,national
2025,OR,41043,Linn,5493001B4U37VT2ML818,GESA CREDIT UNION,1,1,0,0.03,1,0,0,0,0,1,0,0,0,0,national
2025,OR,41043,Linn,5493001GDRY0EL7VG372,"ARK-LA-TEX FINANCIAL SERVICES, LLC.",1,1,0,0.03,0,1,0,0,0,0,1,0,0,0,national
2025,OR,41043,Linn,5493001PXRJMPLXPG540,,1,1,0,0.03,1,0,0,0,0,1,0,0,0,0,national
2025,OR,41043,Linn,5493001SXWZ4OFP8Z903,"DHI MORTGAGE COMPANY, LTD.",2,1,0,0.03,2,0,0,0,0,1,0,0,0,0,national
2025,OR,41043,Linn,5493002Y5XYV7DV1ZV88,"GOLD STAR MORTGAGE FINANCIAL GROUP, CORPORATION",2,1,0,0.03,0,2,0,0,0,0,1,0,0,0,national
2025,OR,41043,Linn,5493004AS1SPBQOFDR49,"Change Lending, LLC",2,1,0,0.03,2,0,0,0,0,1,0,0,0,0,national
2025,OR,41043,Linn,5493005F145IP6JL7314,,1,1,0,0.03,1,0,0,0,0,1,0,0,0,0,national
2025,OR,41043,Linn,5493006S869XKIESMV41,Mountain America Federal Credit Union,1,1,0,0.03,1,0,0,0,0,1,0,0,0,0,national
2025,OR,41043,Linn,5493006VAGP3GQ8FJT49,"Kiavi Funding, Inc.",32,1,0,0.03,32,0,0,0,0,1,0,0,0,0,national
2025,OR,41043,Linn,5493007CLWQN2S6IZK91,,1,1,0,0.03,0,0,1,0,0,0,0,1,0,0,national
2025,OR,41043,Linn,5493009QYNVEZ9VDJU57,,1,1,0,0.03,1,0,0,0,0,1,0,0,0,0,national
2025,OR,41043,Linn,549300A5HHOL2ED18C72,,1,1,0,0.03,1,0,0,0,0,1,0,0,0,0,national
2025,OR,41043,Linn,549300CK7U1WMTIG6687,,1,1,0,0.03,1,0,0,0,0,1,0,0,0,0,national
2025,OR,41043,Linn,549300COIWXM618UBE82,,4,1,1,0.03,4,0,0,0,0,1,0,0,0,0,national
2025,OR,41043,Linn,549300CY7WNAHKHYSJ73,,1,1,0,0.03,1,0,0,0,0,1,0,0,0,0,national
2025,OR,41043,Linn,549300E34W6TNRG7B624,,1,1,0,0.03,1,0,0,0,0,1,0,0,0,0,national
2025,OR,41043,Linn,549300FVD3YHE65PKH97,,3,1,0,0.03,0,3,0,0,0,0,1,0,0,0,national
2025,OR,41043,Linn,549300KJ8PAJ7E52HG32,Plains Commerce Bank,2,1,0,0.03,1,1,0,0,0,0,1,0,0,0,national
2025,OR,41043,Linn,549300KW3HYVC06WS898,,1,1,0,0.03,1,0,0,0,0,1,0,0,0,0,national
2025,OR,41043,Linn,549300KZVCKCUN23YY80,,2,1,1,0.03,2,0,0,0,0,1,0,0,0,0,national
2025,OR,41043,Linn,549300L8ZRL1FNUUOA59,,1,1,0,0.03,1,0,0,0,0,1,0,0,0,0,national
2025,OR,41043,Linn,549300LLESTPOVRG3X73,,3,1,0,0.03,3,0,0,0,0,1,0,0,0,0,national
2025,OR,41043,Linn,549300LYL7JC81I5DV55,,1,1,0,0.03,1,0,0,0,0,1,0,0,0,0,national
2025,OR,41043,Linn,549300N2GMOJ61XHEL06,,1,1,0,0.03,1,0,0,0,0,1,0,0,0,0,national
2025,OR,41043,Linn,549300O2EZG72LO2FX38,,2,1,0,0.03,1,1,0,0,0,0,1,0,0,0,national
2025,OR,41043,Linn,549300O6Z0I6KYMESL47,AMWEST FUNDING CORP.,1,1,0,0.03,1,0,0,0,0,1,0,0,0,0,national
2025,OR,41043,Linn,549300PBTV7FCWLSMM53,,2,1,0,0.03,0,0,2,0,0,0,0,1,0,0,national
2025,OR,41043,Linn,549300PL267CW8182203,,6,1,0,0.03,0,2,4,0,0,0,0,1,0,0,national
2025,OR,41043,Linn,549300Q50XCC0473FG63,,1,1,0,0.03,1,0,0,0,0,1,0,0,0,0,national
2025,OR,41043,Linn,549300Q6YL1SFVPEGV90,,2,1,0,0.03,0,0,2,0,0,0,0,1,0,0,national
2025,OR,41043,Linn,549300R4F5COFJE0DN81,,1,1,0,0.03,1,0,0,0,0,1,0,0,0,0,national
2025,OR,41043,Linn,549300RFSMIRUODUVW59,,1,1,0,0.03,1,0,0,0,0,1,0,0,0,0,national
2025,OR,41043,Linn,549300SQKZC6HESYGO25,,1,1,0,0.03,1,0,0,0,0,1,0,0,0,0,national
2025,OR,41043,Linn,549300T7HRS5DVBUPQ06,,1,1,0,0.03,1,0,0,0,0,1,0,0,0,0,national
2025,OR,41043,Linn,549300T9P3WXNMXX0I34,Ixonia Bank,6,1,2,0.03,3,3,0,0,0,1,0,0,0,0,national
2025,OR,41043,Linn,549300TDBTRK89DZRC13,,2,1,1,0.03,2,0,0,0,0,1,0,0,0,0,national
2025,OR,41043,Linn,549300TF1E42EUFBSL45,,1,1,0,0.03,1,0,0,0,0,1,0,0,0,0,national
2025,OR,41043,Linn,549300UV5JQXLGVWIP44,,1,1,0,0.03,1,0,0,0,0,1,0,0,0,0,national
2025,OR,41043,Linn,549300VORTI31GZTJL53,"CARDINAL FINANCIAL COMPANY, LIMITED PARTNERSHIP",1,1,0,0.03,0,1,0,0,0,0,1,0,0,0,national
2025,OR,41043,Linn,549300VQUTI5IU7GXT57,SECURITYNATIONAL MORTGAGE COMPANY,1,1,0,0.03,0,0,1,0,0,0,0,1,0,0,national
2025,OR,41043,Linn,549300W1HU6IVVIEJ389,"RANLIFE, INC.",2,1,0,0.03,0,2,0,0,0,0,1,0,0,0,national
2025,OR,41043,Linn,549300W45D2J6BT4LX65,,1,1,0,0.03,1,0,0,0,0,1,0,0,0,0,national
2025,OR,41043,Linn,549300WHVRE44NRBU558,,1,1,0,0.03,1,0,0,0,0,1,0,0,0,0,national
2025,OR,41043,Linn,549300XCVBRR56D08F03,,8,1,0,0.03,5,3,0,0,0,1,0,0,0,0,national
2025,OR,41043,Linn,549300XQ7B5FIVUNFE29,VAN DYK MORTGAGE CORPORATION,1,1,0,0.03,0,0,1,0,0,0,0,1,0,0,national
2025,OR,41043,Linn,549300XWUSRVVOHPRY47,Academy Mortgage Corporation,6,1,0,0.03,3,3,0,0,0,0,1,0,0,0,national
2025,OR,41043,Linn,549300ZWNETGFXTBBY03,"CANOPY MORTGAGE, LLC",4,1,0,0.03,3,1,0,0,0,1,0,0,0,0,national
2025,OR,41043,Linn,9845006YE04B346EC919,,4,1,0,0.03,1,1,2,0,0,0,0,1,0,0,national
2025,OR,41043,Linn,CKVBED0S4DMLKJJ5XH28,Stifel Bank and Trust,1,1,0,0.03,1,0,0,0,0,1,0,0,0,0,national
2025,OR,41043,Linn,DRMSV1Q0EKMEXLAU1P80,"Citizens Bank, National Association",1,1,0,0.03,1,0,0,0,0,1,0,0,0,0,national
2025,OR,41047,Marion,549300CDLJDN8ENOT455,MARION AND POLK SCHOOLS CREDIT UNION,757,535,94,7.87,751,5,1,0,0,535,0,0,0,0,national
2025,OR,41047,Marion,549300FGXN1K3HLB1R50,"Rocket Mortgage, LLC",609,450,81,6.62,463,98,48,0,0,345,70,35,0,0,national
2025,OR,41047,Marion,549300AQ3T62GXDU7D76,GUILD MORTGAGE COMPANY LLC,508,359,15,5.28,363,118,26,1,0,255,87,16,1,0,national
2025,OR,41047,Marion,549300HW662MN1WU8550,"United Wholesale Mortgage, LLC",448,316,59,4.65,233,135,80,0,0,171,90,55,0,0,national
2025,OR,41047,Marion,2549008LK3474E9U2888,ONPOINT COMMUNITY CREDIT UNION,428,294,77,4.33,416,9,3,0,0,286,6,2,0,0,national
2025,OR,41047,Marion,6BYL5QZYBDK8S7L73M02,U.S. Bank National Association,372,184,126,2.71,369,3,0,0,0,183,1,0,0,0,national
2025,OR,41047,Marion,549300IEP77RKJ87Z176,OREGON COMMUNITY,232,169,29,2.49,232,0,0,0,0,169,0,0,0,0,national
2025,OR,41047,Marion,5493001SXWZ4OFP8Z903,"DHI MORTGAGE COMPANY, LTD.",190,157,10,2.31,80,93,16,1,0,67,76,14,0,0,national
2025,OR,41047,Marion,549300QKL5FUBZ8LSF50,"NATIONS DIRECT MORTGAGE, LLC",206,157,6,2.31,97,82,27,0,0,77,62,18,0,0,national
2025,OR,41047,Marion,IFQSIUC9AGQV2NE8CN25,Columbia Bank,244,154,50,2.27,233,8,3,0,0,147,5,2,0,0,national
2025,OR,41047,Marion,549300Q02LGIN9AXKP98,FIRST TECHNOLOGY FEDERAL CREDIT UNION,219,151,26,2.22,219,0,0,0,0,151,0,0,0,0,national
2025,OR,41047,Marion,RVDPPPGHCGZ40J4VQ731,"PENNYMAC LOAN SERVICES, LLC",241,144,33,2.12,150,65,26,0,0,96,31,17,0,0,national
2025,OR,41047,Marion,549300AG64NHILB7ZP05,"LOANDEPOT.COM, LLC",202,129,33,1.9,117,54,27,4,0,82,29,18,0,0,national
2025,OR,41047,Marion,549300FNXYY540N23N64,Newrez LLC,312,128,48,1.88,198,64,50,0,0,76,28,24,0,0,national
2025,OR,41047,Marion,2549004FXPNKCLIN8250,"Synergy One Lending, Inc.",172,122,7,1.8,111,49,12,0,0,78,35,9,0,0,national
2025,OR,41047,Marion,549300H3IZO24NSOO931,"LENNAR MORTGAGE, LLC",137,104,12,1.53,61,64,12,0,0,48,48,8,0,0,national
2025,OR,41047,Marion,5493008JECR4UE0WVR04,"MORTGAGE EXPRESS, LLC",122,98,7,1.44,59,56,7,0,0,50,42,6,0,0,national
2025,OR,41047,Marion,254900Z8J5L9POS71X51,Oregon State Credit Union,158,94,31,1.38,158,0,0,0,0,94,0,0,0,0,national
2025,OR,41047,Marion,549300RPOGWJRH63HS39,UNION HOME MORTGAGE CORP.,137,94,12,1.38,78,54,5,0,0,52,38,4,0,0,national
2025,OR,41047,Marion,549300GKFNPRWNS0GF29,"AmeriHome Mortgage Company, LLC",127,86,4,1.27,80,26,18,3,0,54,19,11,2,0,national
2025,OR,41047,Marion,549300VZVN841I2ILS84,"CROSSCOUNTRY MORTGAGE, LLC",126,86,10,1.27,83,32,11,0,0,59,19,8,0,0,national
2025,OR,41047,Marion,5493006KXUHSYFT7SD10,,108,79,1,1.16,69,28,10,1,0,48,23,7,1,0,national
2025,OR,41047,Marion,549300CB67L6KPJLHE19,"TRIAD FINANCIAL SERVICES, INC.",232,79,86,1.16,232,0,0,0,0,79,0,0,0,0,national
2025,OR,41047,Marion,549300DD5QQUHO6PCH70,"MORTGAGE RESEARCH CENTER, LLC",182,70,35,1.03,11,4,167,0,0,2,2,66,0,0,national
2025,OR,41047,Marion,549300MGPZBLQDIL7538,FAIRWAY INDEPENDENT MORTGAGE CORPORATION,99,70,8,1.03,64,24,9,2,0,47,16,7,0,0,national
2025,OR,41047,Marion,549300DD4R4SYK5RAQ92,"MOVEMENT MORTGAGE, LLC",97,64,2,0.94,66,22,9,0,0,44,13,7,0,0,national
2025,OR,41047,Marion,549300LBCBNR1OT00651,NATIONSTAR MORTGAGE LLC,103,62,16,0.91,93,1,9,0,0,56,1,5,0,0,national
2025,OR,41047,Marion,HUX2X73FUCYHUVH1BK78,KeyBank National Association,102,59,26,0.87,92,8,2,0,0,53,4,2,0,0,national
2025,OR,41047,Marion,549300LYRWPSYPK6S325,FREEDOM MORTGAGE CORPORATION,135,56,12,0.82,11,61,63,0,0,2,19,35,0,0,national
2025,OR,41047,Marion,549300MZ8VZJOVC63092,"KIND LENDING, LLC",85,55,21,0.81,47,31,6,1,0,27,23,4,1,0,national
2025,OR,41047,Marion,549300PIL8LFAQ04XC20,Better Mortgage Corporation,166,50,70,0.74,166,0,0,0,0,50,0,0,0,0,national
2025,OR,41047,Marion,7H6GLXDRUGQFU57RNE97,"JPMorgan Chase Bank, National Association",97,50,12,0.74,95,2,0,0,0,50,0,0,0,0,national
2025,OR,41047,Marion,2549001IK7UDPADKAG34,,117,49,53,0.72,117,0,0,0,0,49,0,0,0,0,national
2025,OR,41047,Marion,5493003WLEYGXGNTI654,SELCO COMMUNITY,95,49,39,0.72,95,0,0,0,0,49,0,0,0,0,national
2025,OR,41047,Marion,549300BLL6VL7AXWYP56,,57,46,2,0.68,32,19,6,0,0,26,15,5,0,0,national
2025,OR,41047,Marion,254900UL88QFG0E40516,FIGURE LENDING LLC,84,45,22,0.66,84,0,0,0,0,45,0,0,0,0,national
2025,OR,41047,Marion,54930060G4MDPWHISD89,EVERGREEN MONEYSOURCE MORTGAGE COMPANY,68,41,0,0.6,51,17,0,0,0,29,12,0,0,0,national
2025,OR,41047,Marion,254900ZFWS2106HWPH46,"PARAMOUNT RESIDENTIAL MORTGAGE GROUP, INC.",59,40,0,0.59,43,13,3,0,0,29,8,3,0,0,national
2025,OR,41047,Marion,B4TYDEB6GKMZO031MB27,"Bank of America, National Association",121,40,41,0.59,121,0,0,0,0,40,0,0,0,0,national
2025,OR,41047,Marion,254900DTLHVWQ7NP7R34,"CMG Mortgage, Inc.",58,39,4,0.57,51,7,0,0,0,36,3,0,0,0,national
2025,OR,41047,Marion,549300U3721PJGQZYY68,"GUARANTEED RATE, INC.",76,39,3,0.57,55,12,8,1,0,29,6,3,1,0,national
2025,OR,41047,Marion,549300E2UX99HKDBR481,"NEW AMERICAN FUNDING, LLC",94,35,10,0.52,50,38,6,0,0,23,10,2,0,0,national
2025,OR,41047,Marion,549300T94GSH3C4U5M59,ALLIANT CREDIT UNION,44,34,4,0.5,44,0,0,0,0,34,0,0,0,0,national
2025,OR,41047,Marion,5493003GQDUH26DNNH17,Navy Federal Credit Union,74,32,13,0.47,60,0,14,0,0,28,0,4,0,0,national
2025,OR,41047,Marion,549300JYXTZDSPJEPI44,"PLAZA HOME MORTGAGE, INC.",41,32,8,0.47,23,14,4,0,0,17,13,2,0,0,national
2025,OR,41047,Marion,5493000OM9RKJW8W5K82,,51,29,3,0.43,25,18,6,2,0,13,10,5,1,0,national
2025,OR,41047,Marion,549300GL7DLQR39MW179,,32,29,2,0.43,32,0,0,0,0,29,0,0,0,0,national
2025,OR,41047,Marion,549300NOCASXPA34X033,"LAKEVIEW LOAN SERVICING, LLC",73,29,27,0.43,40,26,7,0,0,16,8,5,0,0,national
2025,OR,41047,Marion,549300YIQ7S7Z8PIHE53,AMERISAVE MORTGAGE CORPORATION,91,29,49,0.43,63,20,8,0,0,24,3,2,0,0,national
2025,OR,41047,Marion,549300VMX06UV1F7NS76,,39,28,1,0.41,24,8,7,0,0,17,6,5,0,0,national
2025,OR,41047,Marion,254900TTZ395IC926125,,35,27,1,0.4,23,9,1,2,0,17,7,1,2,0,national
2025,OR,41047,Marion,549300GS6ONO04ORI292,,42,27,4,0.4,35,5,2,0,0,23,2,2,0,0,national
2025,OR,41047,Marion,549300KIOYNU323LVJ37,AMERICAN PACIFIC MORTGAGE CORPORATION,33,27,1,0.4,21,11,1,0,0,16,10,1,0,0,national
2025,OR,41047,Marion,254900T37KTTXKCK3416,,52,26,9,0.38,52,0,0,0,0,26,0,0,0,0,national
2025,OR,41047,Marion,5493001GCBD5XGNIC815,Coastal Community Bank,140,26,3,0.38,140,0,0,0,0,26,0,0,0,0,national
2025,OR,41047,Marion,549300OPCWU6E72WUT29,"MUTUAL OF OMAHA MORTGAGE, INC.",41,26,5,0.38,14,24,3,0,0,9,16,1,0,0,national
2025,OR,41047,Marion,KB1H1DSPRFMYMCUFXT09,"Wells Fargo Bank, National Association",48,23,12,0.34,45,2,1,0,0,22,0,1,0,0,national
2025,OR,41047,Marion,5493008NWHQT1R22C024,"AMERICAN FINANCIAL NETWORK, INC.",28,20,0,0.29,10,16,2,0,0,6,12,2,0,0,national
2025,OR,41047,Marion,549300J6N77Q8OHYNF23,,32,20,1,0.29,20,8,4,0,0,13,4,3,0,0,national
2025,OR,41047,Marion,25490066WMF8ZMQXQB18,"Lendage, LLC",27,19,7,0.28,27,0,0,0,0,19,0,0,0,0,national
2025,OR,41047,Marion,549300XQVJ1XBNFA5536,21ST MORTGAGE CORPORATION,130,19,77,0.28,130,0,0,0,0,19,0,0,0,0,national
2025,OR,41047,Marion,549300ZWNETGFXTBBY03,"CANOPY MORTGAGE, LLC",32,19,0,0.28,22,7,3,0,0,13,5,1,0,0,national
2025,OR,41047,Marion,25490018IFQOT83Q7H49,,22,18,2,0.26,13,7,2,0,0,11,5,2,0,0,national
2025,OR,41047,Marion,549300XY701IELCE5Q08,BETTER MORTGAGE CORPORATION,37,18,6,0.26,31,5,1,0,0,16,2,0,0,0,national
2025,OR,41047,Marion,54930043BMDE130FJ617,"PROVIDENT FUNDING ASSOCIATES, L.P.",26,17,3,0.25,26,0,0,0,0,17,0,0,0,0,national
2025,OR,41047,Marion,549300J7I82PNDVU8H22,"OCMBC, INC.",28,17,2,0.25,25,3,0,0,0,15,2,0,0,0,national
2025,OR,41047,Marion,549300PL8ER6H23P0Z91,,21,17,1,0.25,15,6,0,0,0,12,5,0,0,0,national
2025,OR,41047,Marion,549300YX5RPSSMR88K92,,18,17,0,0.25,18,0,0,0,0,17,0,0,0,0,national
2025,OR,41047,Marion,549300ZBXINP1Y94CN02,,20,17,0,0.25,14,5,1,0,0,11,5,1,0,0,national
2025,OR,41047,Marion,5493001WHVQBGRSWEU75,"HOMEBRIDGE FINANCIAL SERVICES, INC.",26,16,5,0.24,19,3,4,0,0,12,2,2,0,0,national
2025,OR,41047,Marion,549300L44U62O7WHRR78,FIRST COMMUNITY,24,16,4,0.24,24,0,0,0,0,16,0,0,0,0,national
2025,OR,41047,Marion,549300UB5TJ0YPVPT503,,21,16,2,0.24,13,7,1,0,0,10,5,1,0,0,national
2025,OR,41047,Marion,549300YN94MOAVYW0F52,"GoodLeap, LLC",24,15,1,0.22,16,6,2,0,0,12,2,1,0,0,national
2025,OR,41047,Marion,549300R9S3MVDV4MGF56,"CARRINGTON MORTGAGE SERVICES, LLC",49,14,24,0.21,32,13,4,0,0,8,5,1,0,0,national
2025,OR,41047,Marion,549300SK2GVCQXPD4S58,"SUN WEST MORTGAGE COMPANY, INC.",23,14,2,0.21,4,10,9,0,0,3,5,6,0,0,national
2025,OR,41047,Marion,549300VEJ302N3NLKA88,,22,14,6,0.21,22,0,0,0,0,14,0,0,0,0,national
2025,OR,41047,Marion,WE0I402RW25AU38DTI13,Banner Bank,23,14,8,0.21,22,1,0,0,0,13,1,0,0,0,national
2025,OR,41047,Marion,5493002B2WMHY23GFK92,"AMERICAN FINANCIAL RESOURCES, INC.",18,13,0,0.19,4,13,1,0,0,3,9,1,0,0,national
2025,OR,41047,Marion,549300KJ8PAJ7E52HG32,Plains Commerce Bank,23,13,0,0.19,16,6,1,0,0,7,5,1,0,0,national
2025,OR,41047,Marion,549300KOAKQX3BEWWT56,,15,13,0,0.19,12,2,1,0,0,10,2,1,0,0,national
2025,OR,41047,Marion,549300R77W0P105C3S50,HOMEXPRESS MORTGAGE CORP.,20,13,6,0.19,19,1,0,0,0,13,0,0,0,0,national
2025,OR,41047,Marion,549300RFSMIRUODUVW59,,18,13,3,0.19,18,0,0,0,0,13,0,0,0,0,national
2025,OR,41047,Marion,2549005SIVTHG14U2905,A&D Mortgage LLC,21,12,2,0.18,20,1,0,0,0,12,0,0,0,0,national
2025,OR,41047,Marion,254900E6AIE4Z8YQM970,Citadel Servicing Corporation,17,12,0,0.18,17,0,0,0,0,12,0,0,0,0,national
2025,OR,41047,Marion,549300370QILXLFUWD20,"ZILLOW HOME LOANS, LLC",15,12,0,0.18,10,4,1,0,0,7,4,1,0,0,national
2025,OR,41047,Marion,549300ALNLUNS3Y53T24,AMERICAN FINANCING CORPORATION,66,12,32,0.18,34,20,12,0,0,5,4,3,0,0,national
2025,OR,41047,Marion,549300CPJH6JMU13EQ37,,15,12,0,0.18,15,0,0,0,0,12,0,0,0,0,national
2025,OR,41047,Marion,549300K4ZLGS7SRDTL86,Equity Prime Mortgage LLC,31,12,3,0.18,0,16,14,1,0,0,10,1,1,0,national
2025,OR,41047,Marion,549300Q50XCC0473FG63,,21,12,6,0.18,21,0,0,0,0,12,0,0,0,0,national
2025,OR,41047,Marion,549300VCMRO4ST680C11,VILLAGE CAPITAL & INVESTMENT LLC,37,12,7,0.18,0,17,20,0,0,0,8,4,0,0,national
2025,OR,41047,Marion,254900WTZC5SSKIN2M11,,13,11,0,0.16,13,0,0,0,0,11,0,0,0,0,national
2025,OR,41047,Marion,549300121SF0K2LN2804,"PRIMELENDING, A PLAINSCAPITAL COMPANY",15,11,0,0.16,13,1,1,0,0,10,0,1,0,0,national
2025,OR,41047,Marion,5493005PKOSG7MYX0B34,"Prosperity Home Mortgage, LLC",17,11,1,0.16,10,3,4,0,0,6,2,3,0,0,national
2025,OR,41047,Marion,549300KDR80I1ELW8D36,,31,11,2,0.16,31,0,0,0,0,11,0,0,0,0,national
2025,OR,41047,Marion,549300LROQOOQU77WS20,,21,11,1,0.16,21,0,0,0,0,11,0,0,0,0,national
2025,OR,41047,Marion,549300Q3ROEQU3D1IW91,,54,11,31,0.16,54,0,0,0,0,11,0,0,0,0,national
2025,OR,41047,Marion,549300UBGGLZLZEY0M18,,25,11,9,0.16,25,0,0,0,0,11,0,0,0,0,national
2025,OR,41047,Marion,PAOOWF3GUFM46FBSP561,,25,11,2,0.16,9,13,3,0,0,3,5,3,0,0,national
2025,OR,41047,Marion,254900O2K17TNH5CL873,"RF RENOVO MANAGEMENT COMPANY, LLC",11,10,0,0.15,11,0,0,0,0,10,0,0,0,0,national
2025,OR,41047,Marion,54930021WPEXNHYZUL09,"PLANET HOME LENDING, LLC",13,10,3,0.15,2,7,4,0,0,1,6,3,0,0,national
2025,OR,41047,Marion,5493008VVXQIDO1EZ460,"SUMMIT FUNDING, INC.",15,10,1,0.15,7,8,0,0,0,5,5,0,0,0,national
2025,OR,41047,Marion,549300EKFFG3BU8DNX74,NEXERA HOLDING LLC,21,10,2,0.15,21,0,0,0,0,10,0,0,0,0,national
2025,OR,41047,Marion,549300UR5AOWTJJ7KZ64,,14,10,2,0.15,14,0,0,0,0,10,0,0,0,0,national
2025,OR,41047,Marion,C5654JQHZUHN0772B561,USAA Federal Savings Bank,18,10,5,0.15,4,0,14,0,0,1,0,9,0,0,national
2025,OR,41047,Marion,2549001SI0EMFPT39035,"Cornerstone First Mortgage, Inc",15,9,4,0.13,8,7,0,0,0,6,3,0,0,0,national
2025,OR,41047,Marion,5493009B17HXCVXTD608,"JMAC LENDING, INC.",12,9,0,0.13,9,3,0,0,0,7,2,0,0,0,national
2025,OR,41047,Marion,549300BX448ALT10FI43,The Federal Savings Bank,20,9,1,0.13,3,1,16,0,0,2,0,7,0,0,national
2025,OR,41047,Marion,549300NWBS6MQJX15N44,,9,9,0,0.13,9,0,0,0,0,9,0,0,0,0,national
2025,OR,41047,Marion,549300PBTV7FCWLSMM53,,13,9,0,0.13,2,5,6,0,0,1,2,6,0,0,national
2025,OR,41047,Marion,549300RN01LBYR8ZVX74,"LOWER, LLC",17,9,1,0.13,9,6,2,0,0,6,3,0,0,0,national
2025,OR,41047,Marion,549300S5YL3OH0IVCS62,FINANCE OF AMERICA REVERSE LLC,14,9,1,0.13,4,10,0,0,0,3,6,0,0,0,national
2025,OR,41047,Marion,549300T9P3WXNMXX0I34,Ixonia Bank,14,9,1,0.13,9,0,5,0,0,6,0,3,0,0,national
2025,OR,41047,Marion,549300ZZME37MXI1EF14,"DAS ACQUISITION COMPANY, LLC",10,9,0,0.13,7,2,1,0,0,6,2,1,0,0,national
2025,OR,41047,Marion,X05BVSK68TQ7YTOSNR22,Discover Bank,52,9,22,0.13,52,0,0,0,0,9,0,0,0,0,national
2025,OR,41047,Marion,54930007KK7ZS3IJVC25,,11,8,1,0.12,11,0,0,0,0,8,0,0,0,0,national
2025,OR,41047,Marion,54930054ET8KM4O1D485,"SOFI BANK, NATIONAL ASSOCIATION",51,8,4,0.12,44,0,7,0,0,8,0,0,0,0,national
2025,OR,41047,Marion,254900HA4DQWAE0W3342,"AMERIHOME MORTGAGE COMPANY, LLC",13,7,2,0.1,5,8,0,0,0,2,5,0,0,0,national
2025,OR,41047,Marion,254900HEJ9F73IMPX887,,10,7,0,0.1,10,0,0,0,0,7,0,0,0,0,national
2025,OR,41047,Marion,5493001GDRY0EL7VG372,"ARK-LA-TEX FINANCIAL SERVICES, LLC.",8,7,0,0.1,5,1,2,0,0,5,1,1,0,0,national
2025,OR,41047,Marion,5493002GI63WHHUTUD85,"KEYSTONE FUNDING, INC.",10,7,0,0.1,9,1,0,0,0,7,0,0,0,0,national
2025,OR,41047,Marion,5493004T38NMC864VL66,,8,7,1,0.1,8,0,0,0,0,7,0,0,0,0,national
2025,OR,41047,Marion,549300E34W6TNRG7B624,,8,7,0,0.1,8,0,0,0,0,7,0,0,0,0,national
2025,OR,41047,Marion,549300LZUXCJFE5ONM48,,8,7,0,0.1,0,8,0,0,0,0,7,0,0,0,national
2025,OR,41047,Marion,549300PQLK8E48ILXV41,,13,7,2,0.1,13,0,0,0,0,7,0,0,0,0,national
2025,OR,41047,Marion,549300RA3E0BUFO7YZ21,"Hometown Equity Mortgage, LLC",13,7,6,0.1,12,1,0,0,0,7,0,0,0,0,national
2025,OR,41047,Marion,549300VORTI31GZTJL53,"CARDINAL FINANCIAL COMPANY, LIMITED PARTNERSHIP",9,7,2,0.1,6,3,0,0,0,5,2,0,0,0,national
2025,OR,41047,Marion,549300W45D2J6BT4LX65,,7,7,0,0.1,7,0,0,0,0,7,0,0,0,0,national
2025,OR,41047,Marion,549300WJIJV987NXVC31,,12,7,0,0.1,10,2,0,0,0,6,1,0,0,0,national
2025,OR,41047,Marion,D38AC76TAMYI50NBPX33,,7,7,0,0.1,7,0,0,0,0,7,0,0,0,0,national
2025,OR,41047,Marion,254900N49YI2HHKDPS92,,9,6,2,0.09,9,0,0,0,0,6,0,0,0,0,national
2025,OR,41047,Marion,549300323EON4W3CCM44,"RESICENTRAL, LLC",10,6,0,0.09,9,1,0,0,0,6,0,0,0,0,national
2025,OR,41047,Marion,54930049L5WINET09Q97,"CLICK N' CLOSE, INC.",7,6,0,0.09,2,4,0,1,0,2,4,0,0,0,national
2025,OR,41047,Marion,5493008CPTDVOS570626,"Primary Residential Mortgage, Inc.",12,6,6,0.09,12,0,0,0,0,6,0,0,0,0,national
2025,OR,41047,Marion,5493008ZTV4S0W9DCX64,,12,6,1,0.09,10,2,0,0,0,6,0,0,0,0,national
2025,OR,41047,Marion,549300FX7K8PTEQUU487,PENTAGON FEDERAL CREDIT UNION,13,6,4,0.09,10,0,3,0,0,4,0,2,0,0,national
2025,OR,41047,Marion,549300GS0W0TEUQS8571,"Morgan Stanley Private Bank, National Association",8,6,0,0.09,8,0,0,0,0,6,0,0,0,0,national
2025,OR,41047,Marion,549300HH0V8LECLNPQ26,ROGUE,11,6,2,0.09,11,0,0,0,0,6,0,0,0,0,national
2025,OR,41047,Marion,549300KM40FP4MSQU941,Boeing Employees Credit Union,10,6,1,0.09,10,0,0,0,0,6,0,0,0,0,national
2025,OR,41047,Marion,549300KTR1JGH3K6LU06,FOURLEAF,13,6,6,0.09,13,0,0,0,0,6,0,0,0,0,national
2025,OR,41047,Marion,549300KZVCKCUN23YY80,,12,6,3,0.09,12,0,0,0,0,6,0,0,0,0,national
2025,OR,41047,Marion,549300MHH03ICJYEPE85,,11,6,1,0.09,2,9,0,0,0,0,6,0,0,0,national
2025,OR,41047,Marion,549300PL267CW8182203,,22,6,1,0.09,2,6,14,0,0,0,1,5,0,0,national
2025,OR,41047,Marion,549300SUCQ1358EGVE89,"NEW DAY FINANCIAL, LLC",38,6,11,0.09,0,3,35,0,0,0,0,6,0,0,national
2025,OR,41047,Marion,549300XCVBRR56D08F03,,19,6,0,0.09,18,0,1,0,0,6,0,0,0,0,national
2025,OR,41047,Marion,984500U2F9A83N391A91,"CHAMPIONS FUNDING, LLC",9,6,2,0.09,9,0,0,0,0,6,0,0,0,0,national
2025,OR,41047,Marion,SS1TRMSN6BRNMOREEV51,"Flagstar Bank, National Association",12,6,5,0.09,9,2,1,0,0,4,1,1,0,0,national
2025,OR,41047,Marion,01KWVG908KE7RKPTNP46,,9,5,2,0.07,7,2,0,0,0,5,0,0,0,0,national
2025,OR,41047,Marion,3Y4U8VZURTYWI1W2K376,BMO Bank National Association,9,5,3,0.07,9,0,0,0,0,5,0,0,0,0,national
2025,OR,41047,Marion,5493001YIUWLFRXQUO81,,7,5,0,0.07,2,3,2,0,0,1,3,1,0,0,national
2025,OR,41047,Marion,5493004AS1SPBQOFDR49,"Change Lending, LLC",6,5,0,0.07,5,1,0,0,0,5,0,0,0,0,national
2025,OR,41047,Marion,5493006VAGP3GQ8FJT49,"Kiavi Funding, Inc.",13,5,0,0.07,13,0,0,0,0,5,0,0,0,0,national
2025,OR,41047,Marion,549300B4IYL7TZT8FA34,,6,5,0,0.07,2,3,1,0,0,2,2,1,0,0,national
2025,OR,41047,Marion,549300COIWXM618UBE82,,5,5,0,0.07,5,0,0,0,0,5,0,0,0,0,national
2025,OR,41047,Marion,549300O2EZG72LO2FX38,,5,5,0,0.07,4,1,0,0,0,4,1,0,0,0,national
2025,OR,41047,Marion,549300R0SXC1JU7ZU290,"FIRST COMMUNITY MORTGAGE, INC.",6,5,1,0.07,5,0,0,1,0,4,0,0,1,0,national
2025,OR,41047,Marion,254900M2C4Q6DATP2889,,14,4,2,0.06,5,8,1,0,0,1,3,0,0,0,national
2025,OR,41047,Marion,254900RNV63A0TIZNK90,,7,4,0,0.06,2,3,1,1,0,2,1,1,0,0,national
2025,OR,41047,Marion,254900WEP08K7U7S3A80,,5,4,1,0.06,2,2,1,0,0,2,1,1,0,0,national
2025,OR,41047,Marion,5493001HHBUTXHS7TZ96,HOMEAMERICAN MORTGAGE CORPORATION,5,4,0,0.06,4,0,1,0,0,3,0,1,0,0,national
2025,OR,41047,Marion,5493001X0T84TYRJ5Y59,,7,4,0,0.06,7,0,0,0,0,4,0,0,0,0,national
2025,OR,41047,Marion,54930025XJJO3T0M1A92,,5,4,1,0.06,5,0,0,0,0,4,0,0,0,0,national
2025,OR,41047,Marion,54930048P8RWCQHQM310,,7,4,0,0.06,7,0,0,0,0,4,0,0,0,0,national
2025,OR,41047,Marion,549300748YYU6VG08N83,"Loan Simple, Inc.",6,4,1,0.06,2,4,0,0,0,1,3,0,0,0,national
2025,OR,41047,Marion,549300HIVO8XPBPNVG69,NOVA FINANCIAL & INVESTMENT CORPORATION,5,4,0,0.06,3,1,1,0,0,2,1,1,0,0,national
2025,OR,41047,Marion,549300TUQC6OYE8A0Y96,,4,4,0,0.06,3,1,0,0,0,3,1,0,0,0,national
2025,OR,41047,Marion,549300ZIQ24V0C88AC41,GTE Federal Credit Union,5,4,1,0.06,5,0,0,0,0,4,0,0,0,0,national
2025,OR,41047,Marion,254900BMXWPEHXG4LF21,,3,3,0,0.04,2,1,0,0,0,2,1,0,0,0,national
2025,OR,41047,Marion,254900NZOY3XB2DNSZ34,,4,3,0,0.04,4,0,0,0,0,3,0,0,0,0,national
2025,OR,41047,Marion,254900P1I9VHKMF8R991,,5,3,0,0.04,5,0,0,0,0,3,0,0,0,0,national
2025,OR,41047,Marion,254900TG14TB8RKS3U42,,5,3,0,0.04,4,0,1,0,0,2,0,1,0,0,national
2025,OR,41047,Marion,254900WT4HAMDFWH3048,,8,3,0,0.04,5,3,0,0,0,2,1,0,0,0,national
2025,OR,41047,Marion,5493001B4U37VT2ML818,GESA CREDIT UNION,5,3,0,0.04,5,0,0,0,0,3,0,0,0,0,national
2025,OR,41047,Marion,549300GTVXJ2PGXNLM73,T2 FINANCIAL LLC,3,3,0,0.04,3,0,0,0,0,3,0,0,0,0,national
2025,OR,41047,Marion,549300KPHGEE40YQXO21,,5,3,2,0.04,5,0,0,0,0,3,0,0,0,0,national
2025,OR,41047,Marion,549300P2GEYNMH5OQA71,,4,3,1,0.04,4,0,0,0,0,3,0,0,0,0,national
2025,OR,41047,Marion,549300TF1E42EUFBSL45,,5,3,0,0.04,4,1,0,0,0,3,0,0,0,0,national
2025,OR,41047,Marion,549300W1HU6IVVIEJ389,"RANLIFE, INC.",4,3,1,0.04,1,3,0,0,0,1,2,0,0,0,national
2025,OR,41047,Marion,549300XQ7B5FIVUNFE29,VAN DYK MORTGAGE CORPORATION,3,3,0,0.04,1,1,1,0,0,1,1,1,0,0,national
2025,OR,41047,Marion,98450087981AP406JG03,,4,3,0,0.04,4,0,0,0,0,3,0,0,0,0,national
2025,OR,41047,Marion,AD6GFRVSDT01YPT1CS68,"PNC Bank, National Association",8,3,5,0.04,8,0,0,0,0,3,0,0,0,0,national
2025,OR,41047,Marion,E57ODZWZ7FF32TWEFA76,"Citibank, National Association",7,3,2,0.04,7,0,0,0,0,3,0,0,0,0,national
2025,OR,41047,Marion,WWB2V0FCW3A0EE3ZJN75,Manufacturers and Traders Trust Company,4,3,1,0.04,1,0,3,0,0,1,0,2,0,0,national
2025,OR,41047,Marion,213800XR2TCBQJSF1X93,,10,2,4,0.03,10,0,0,0,0,2,0,0,0,0,national
2025,OR,41047,Marion,5493000H6DFDDJRORG89,,3,2,0,0.03,2,1,0,0,0,1,1,0,0,0,national
2025,OR,41047,Marion,5493000IIYWBLONJVJ30,,4,2,1,0.03,4,0,0,0,0,2,0,0,0,0,national
2025,OR,41047,Marion,5493002TJKC8NLH1ZP82,,3,2,0,0.03,1,0,2,0,0,0,0,2,0,0,national
2025,OR,41047,Marion,54930039IUN6515TBG78,,2,2,0,0.03,2,0,0,0,0,2,0,0,0,0,national
2025,OR,41047,Marion,5493003T5D4N1CM46J77,1st Security Bank of Washington,3,2,0,0.03,3,0,0,0,0,2,0,0,0,0,national
2025,OR,41047,Marion,5493003V40VGM7YDFM54,FIRST COLONY MORTGAGE CORPORATION,4,2,1,0.03,3,0,1,0,0,2,0,0,0,0,national
2025,OR,41047,Marion,5493006P5IHSK77SZ855,,2,2,0,0.03,2,0,0,0,0,2,0,0,0,0,national
2025,OR,41047,Marion,5493008RSN6F31BTGT93,Gulf Coast Bank and Trust Company,2,2,0,0.03,2,0,0,0,0,2,0,0,0,0,national
2025,OR,41047,Marion,5493009QYNVEZ9VDJU57,,3,2,0,0.03,1,2,0,0,0,0,2,0,0,0,national
2025,OR,41047,Marion,549300A5HHOL2ED18C72,,2,2,0,0.03,1,1,0,0,0,1,1,0,0,0,national
2025,OR,41047,Marion,549300BOXNV8VLRBDT24,,3,2,0,0.03,3,0,0,0,0,2,0,0,0,0,national
2025,OR,41047,Marion,549300C8GOC4OYUV0Z32,,3,2,0,0.03,3,0,0,0,0,2,0,0,0,0,national
2025,OR,41047,Marion,549300G5DVGM0ZHRQC33,,4,2,1,0.03,0,0,4,0,0,0,0,2,0,0,national
2025,OR,41047,Marion,549300GQDT484LGI9C04,,3,2,0,0.03,1,1,1,0,0,1,1,0,0,0,national
2025,OR,41047,Marion,549300J3YLW53W0K4T67,,8,2,5,0.03,3,5,0,0,0,0,2,0,0,0,national
2025,OR,41047,Marion,549300KBCEYCLANGUM06,,2,2,0,0.03,2,0,0,0,0,2,0,0,0,0,national
2025,OR,41047,Marion,549300KSOOZZVXCMA627,ANGEL OAK MORTGAGE SOLUTIONS LLC,4,2,0,0.03,4,0,0,0,0,2,0,0,0,0,national
2025,OR,41047,Marion,549300LLESTPOVRG3X73,,3,2,0,0.03,3,0,0,0,0,2,0,0,0,0,national
2025,OR,41047,Marion,549300N3JBQ15RQ7AV97,,4,2,0,0.03,4,0,0,0,0,2,0,0,0,0,national
2025,OR,41047,Marion,549300NLJI4QKZ3D0G94,,2,2,0,0.03,2,0,0,0,0,2,0,0,0,0,national
2025,OR,41047,Marion,549300O6Z0I6KYMESL47,AMWEST FUNDING CORP.,2,2,0,0.03,2,0,0,0,0,2,0,0,0,0,national
2025,OR,41047,Marion,549300PKEQ3Q9S0IXW76,UNITED FEDERAL CREDIT UNION,2,2,0,0.03,2,0,0,0,0,2,0,0,0,0,national
2025,OR,41047,Marion,549300SQKZC6HESYGO25,,2,2,0,0.03,2,0,0,0,0,2,0,0,0,0,national
2025,OR,41047,Marion,549300TDBTRK89DZRC13,,4,2,2,0.03,4,0,0,0,0,2,0,0,0,0,national
2025,OR,41047,Marion,549300TEGBOIDI6Z5J56,,2,2,0,0.03,2,0,0,0,0,2,0,0,0,0,national
2025,OR,41047,Marion,549300Y5Y88FQLI7VE83,DEEPHAVEN MORTGAGE LLC,9,2,6,0.03,9,0,0,0,0,2,0,0,0,0,national
2025,OR,41047,Marion,549300ZIXM1VUXPG4D03,,3,2,0,0.03,3,0,0,0,0,2,0,0,0,0,national
2025,OR,41047,Marion,9845006YE04B346EC919,,9,2,0,0.03,4,2,3,0,0,1,0,1,0,0,national
2025,OR,41047,Marion,C398JSK21YCXWM603F55,"Barrington Bank & Trust Company, National Association",3,2,0,0.03,2,1,0,0,0,2,0,0,0,0,national
2025,OR,41047,Marion,CKVBED0S4DMLKJJ5XH28,Stifel Bank and Trust,3,2,1,0.03,3,0,0,0,0,2,0,0,0,0,national
2025,OR,41047,Marion,2549004XDCE3LGQW7H72,,1,1,0,0.01,1,0,0,0,0,1,0,0,0,0,national
2025,OR,41047,Marion,2549004Z576VEJBK3N72,"NQM FUNDING, LLC",1,1,0,0.01,1,0,0,0,0,1,0,0,0,0,national
2025,OR,41047,Marion,2549005FUF02T1IFCA22,,1,1,0,0.01,1,0,0,0,0,1,0,0,0,0,national
2025,OR,41047,Marion,2549005Q4HZ55QX7YC64,,1,1,0,0.01,1,0,0,0,0,1,0,0,0,0,national
2025,OR,41047,Marion,254900BBEPZS8MDE1S61,,1,1,0,0.01,1,0,0,0,0,1,0,0,0,0,national
2025,OR,41047,Marion,254900CTT87ZKAUTIJ37,,2,1,0,0.01,2,0,0,0,0,1,0,0,0,0,national
2025,OR,41047,Marion,254900HD4RROQDXNWI45,,1,1,0,0.01,1,0,0,0,0,1,0,0,0,0,national
2025,OR,41047,Marion,254900HIDMT4ZG09RP47,,1,1,0,0.01,0,0,1,0,0,0,0,1,0,0,national
2025,OR,41047,Marion,254900HO9WPE4LTLQU96,,2,1,0,0.01,0,1,1,0,0,0,1,0,0,0,national
2025,OR,41047,Marion,254900IEGKUDRDS23V26,,1,1,0,0.01,1,0,0,0,0,1,0,0,0,0,national
2025,OR,41047,Marion,254900KKWIJLOTNP7667,,1,1,0,0.01,1,0,0,0,0,1,0,0,0,0,national
2025,OR,41047,Marion,254900N133DZGPB2X985,,1,1,0,0.01,1,0,0,0,0,1,0,0,0,0,national
2025,OR,41047,Marion,254900N6XFQR6TP1WG82,,1,1,0,0.01,1,0,0,0,0,1,0,0,0,0,national
2025,OR,41047,Marion,254900O28OG3UMHXQY81,,3,1,1,0.01,1,2,0,0,0,1,0,0,0,0,national
2025,OR,41047,Marion,254900QPRPHIXEAX3L37,,2,1,0,0.01,2,0,0,0,0,1,0,0,0,0,national
2025,OR,41047,Marion,254900U7WUFP33SSQ460,,1,1,0,0.01,1,0,0,0,0,1,0,0,0,0,national
2025,OR,41047,Marion,254900VELJPWWT51WN03,,1,1,0,0.01,1,0,0,0,0,1,0,0,0,0,national
2025,OR,41047,Marion,254900VHUBSJJKOMBF27,,1,1,0,0.01,1,0,0,0,0,1,0,0,0,0,national
2025,OR,41047,Marion,254900YA1AQXNM8QVZ06,,2,1,0,0.01,0,2,0,0,0,0,1,0,0,0,national
2025,OR,41047,Marion,2WHM8VNJH63UN14OL754,The Huntington National Bank,2,1,0,0.01,2,0,0,0,0,1,0,0,0,0,national
2025,OR,41047,Marion,38CFVD4YYFWD1FV7IM34,Nicolet National Bank,1,1,0,0.01,1,0,0,0,0,1,0,0,0,0,national
2025,OR,41047,Marion,54930002O9LLXKR6TF11,,2,1,0,0.01,1,1,0,0,0,1,0,0,0,0,national
2025,OR,41047,Marion,5493000D6RXLNBZQYA47,,7,1,3,0.01,7,0,0,0,0,1,0,0,0,0,national
2025,OR,41047,Marion,5493000FWM3I2HHQY149,WASHINGTON STATE EMPLOYEES CREDIT UNION,2,1,1,0.01,2,0,0,0,0,1,0,0,0,0,national
2025,OR,41047,Marion,5493000XC2Y1SLXRQP11,,1,1,0,0.01,1,0,0,0,0,1,0,0,0,0,national
2025,OR,41047,Marion,54930015645SYPOM7220,,1,1,0,0.01,0,0,1,0,0,0,0,1,0,0,national
2025,OR,41047,Marion,5493002LPXKMOZNXUY90,,1,1,0,0.01,1,0,0,0,0,1,0,0,0,0,national
2025,OR,41047,Marion,5493002QP2ONO47G5R24,,1,1,0,0.01,1,0,0,0,0,1,0,0,0,0,national
2025,OR,41047,Marion,5493002Y5XYV7DV1ZV88,"GOLD STAR MORTGAGE FINANCIAL GROUP, CORPORATION",1,1,0,0.01,1,0,0,0,0,1,0,0,0,0,national
2025,OR,41047,Marion,5493002Z4GZF8C2F3T27,,1,1,0,0.01,1,0,0,0,0,1,0,0,0,0,national
2025,OR,41047,Marion,54930032OCUOR526IR93,,1,1,0,0.01,0,1,0,0,0,0,1,0,0,0,national
2025,OR,41047,Marion,5493003NV9L53LK1XI52,,1,1,0,0.01,1,0,0,0,0,1,0,0,0,0,national
2025,OR,41047,Marion,5493004F7BXDIUFVPV87,,1,1,0,0.01,1,0,0,0,0,1,0,0,0,0,national
2025,OR,41047,Marion,5493004R423PBPM6A173,,1,1,0,0.01,0,1,0,0,0,0,1,0,0,0,national
2025,OR,41047,Marion,54930052M48FOD3CWA54,"PRIMARY RESIDENTIAL MORTGAGE, INC.",2,1,0,0.01,2,0,0,0,0,1,0,0,0,0,national
2025,OR,41047,Marion,54930053SM8COVIPIY54,MICHIGAN STATE UNIVERSITY Federal Credit Union,1,1,0,0.01,1,0,0,0,0,1,0,0,0,0,national
2025,OR,41047,Marion,5493005ICQ3QGEIWV618,UNITED MORTGAGE CORP.,1,1,0,0.01,0,1,0,0,0,0,1,0,0,0,national
2025,OR,41047,Marion,5493005PD34O8ZT7QT17,,1,1,0,0.01,1,0,0,0,0,1,0,0,0,0,national
2025,OR,41047,Marion,5493006S869XKIESMV41,Mountain America Federal Credit Union,1,1,0,0.01,1,0,0,0,0,1,0,0,0,0,national
2025,OR,41047,Marion,54930072OCHTUJOZQB56,Liberty Credit Union,1,1,0,0.01,1,0,0,0,0,1,0,0,0,0,national
2025,OR,41047,Marion,54930078TNN7GKZ7NU89,,1,1,0,0.01,1,0,0,0,0,1,0,0,0,0,national
2025,OR,41047,Marion,5493007CLWQN2S6IZK91,,3,1,0,0.01,0,0,3,0,0,0,0,1,0,0,national
2025,OR,41047,Marion,5493007L4GYNO2PUBS09,,1,1,0,0.01,1,0,0,0,0,1,0,0,0,0,national
2025,OR,41047,Marion,5493008P6YO2KM3EO556,The Dart Bank,1,1,0,0.01,0,1,0,0,0,0,1,0,0,0,national
2025,OR,41047,Marion,54930091JQKCU3Z6IP44,,5,1,0,0.01,5,0,0,0,0,1,0,0,0,0,national
2025,OR,41047,Marion,5493009HUMWCHFRDKF12,,3,1,0,0.01,3,0,0,0,0,1,0,0,0,0,national
2025,OR,41047,Marion,5493009QB0KBU5M6NP90,,2,1,0,0.01,2,0,0,0,0,1,0,0,0,0,national
2025,OR,41047,Marion,549300AG10BX85DF5S49,MLD MORTGAGE INC.,1,1,0,0.01,0,0,1,0,0,0,0,1,0,0,national
2025,OR,41047,Marion,549300AV8QD552DSI743,,1,1,0,0.01,1,0,0,0,0,1,0,0,0,0,national
2025,OR,41047,Marion,549300C4J510S9L1RF98,"Alerus Financial, National Association",1,1,0,0.01,1,0,0,0,0,1,0,0,0,0,national
2025,OR,41047,Marion,549300CK7U1WMTIG6687,,2,1,0,0.01,0,2,0,0,0,0,1,0,0,0,national
2025,OR,41047,Marion,549300DCGBXW5FJMV921,,1,1,0,0.01,1,0,0,0,0,1,0,0,0,0,national
2025,OR,41047,Marion,549300DK7QID2ZON6Q55,,1,1,0,0.01,1,0,0,0,0,1,0,0,0,0,national
2025,OR,41047,Marion,549300DNWSJUNAWUM003,,2,1,0,0.01,2,0,0,0,0,1,0,0,0,0,national
2025,OR,41047,Marion,549300F6NSBOJBM9ED39,,2,1,1,0.01,2,0,0,0,0,1,0,0,0,0,national
2025,OR,41047,Marion,549300FVD3YHE65PKH97,,6,1,0,0.01,3,2,1,0,0,0,1,0,0,0,national
2025,OR,41047,Marion,549300G5ZQEXZC4Y5G44,,1,1,0,0.01,1,0,0,0,0,1,0,0,0,0,national
2025,OR,41047,Marion,549300GWD9H4FQ2VR805,,1,1,0,0.01,1,0,0,0,0,1,0,0,0,0,national
2025,OR,41047,Marion,549300GYK7N8U42X9587,,1,1,0,0.01,1,0,0,0,0,1,0,0,0,0,national
2025,OR,41047,Marion,549300IBT3SCF2K09D58,,1,1,0,0.01,1,0,0,0,0,1,0,0,0,0,national
2025,OR,41047,Marion,549300IKS3MMB5YK6T18,,2,1,0,0.01,2,0,0,0,0,1,0,0,0,0,national
2025,OR,41047,Marion,549300INFJ8TYNZ1G568,,1,1,0,0.01,1,0,0,0,0,1,0,0,0,0,national
2025,OR,41047,Marion,549300ISCZS1R0CJMO47,,2,1,0,0.01,1,1,0,0,0,0,1,0,0,0,national
2025,OR,41047,Marion,549300J4330IBZ0BBI43,ALL IN FEDERAL CREDIT UNION,1,1,0,0.01,1,0,0,0,0,1,0,0,0,0,national
2025,OR,41047,Marion,549300JGMQJ4R419LR70,,1,1,0,0.01,1,0,0,0,0,1,0,0,0,0,national
2025,OR,41047,Marion,549300K6K2IS7FRS7S09,,2,1,0,0.01,1,0,1,0,0,1,0,0,0,0,national
2025,OR,41047,Marion,549300KUIZTYQRC0R888,,1,1,0,0.01,1,0,0,0,0,1,0,0,0,0,national
2025,OR,41047,Marion,549300KW3HYVC06WS898,,2,1,1,0.01,2,0,0,0,0,1,0,0,0,0,national
2025,OR,41047,Marion,549300KX4S1573HISS22,,1,1,0,0.01,1,0,0,0,0,1,0,0,0,0,national
2025,OR,41047,Marion,549300MCIFZSDHUT8X63,"NFM, INC.",1,1,0,0.01,1,0,0,0,0,1,0,0,0,0,national
2025,OR,41047,Marion,549300N2GMOJ61XHEL06,,2,1,0,0.01,2,0,0,0,0,1,0,0,0,0,national
2025,OR,41047,Marion,549300NFPC3Y4W3Y7R87,,3,1,1,0.01,2,1,0,0,0,1,0,0,0,0,national
2025,OR,41047,Marion,549300OSZK2W0WJYS771,,1,1,0,0.01,1,0,0,0,0,1,0,0,0,0,national
2025,OR,41047,Marion,549300PXIFIEPL7D7R86,,1,1,0,0.01,1,0,0,0,0,1,0,0,0,0,national
2025,OR,41047,Marion,549300R4F5COFJE0DN81,,2,1,1,0.01,2,0,0,0,0,1,0,0,0,0,national
2025,OR,41047,Marion,549300RD5IG88VPO6P22,,2,1,0,0.01,2,0,0,0,0,1,0,0,0,0,national
2025,OR,41047,Marion,549300REENMLD2RN3W58,"Magnolia Bank, Incorporated",1,1,0,0.01,0,0,1,0,0,0,0,1,0,0,national
2025,OR,41047,Marion,549300RFLICNI75BG067,Luminate Bank,2,1,0,0.01,2,0,0,0,0,1,0,0,0,0,national
2025,OR,41047,Marion,549300RYWXR8TL5LIK35,,1,1,0,0.01,0,1,0,0,0,0,1,0,0,0,national
2025,OR,41047,Marion,549300S8SHBRCI7UU819,,2,1,1,0.01,2,0,0,0,0,1,0,0,0,0,national
2025,OR,41047,Marion,549300SCFWZXMDMZPE93,,2,1,1,0.01,1,0,1,0,0,1,0,0,0,0,national
2025,OR,41047,Marion,549300T3F9S1MKFKHC53,HOMESTEAD FUNDING CORP.,1,1,0,0.01,1,0,0,0,0,1,0,0,0,0,national
2025,OR,41047,Marion,549300UG7QXKM7KGV847,,2,1,0,0.01,1,1,0,0,0,0,1,0,0,0,national
2025,OR,41047,Marion,549300UPB8ITF7B1GI03,,1,1,0,0.01,0,0,1,0,0,0,0,1,0,0,national
2025,OR,41047,Marion,549300VQUTI5IU7GXT57,SECURITYNATIONAL MORTGAGE COMPANY,2,1,0,0.01,2,0,0,0,0,1,0,0,0,0,national
2025,OR,41047,Marion,549300WHVRE44NRBU558,,4,1,3,0.01,3,1,0,0,0,1,0,0,0,0,national
2025,OR,41047,Marion,549300XRXBA38J60S618,,1,1,0,0.01,0,0,1,0,0,0,0,1,0,0,national
2025,OR,41047,Marion,549300XWUSRVVOHPRY47,Academy Mortgage Corporation,18,1,2,0.01,11,5,2,0,0,1,0,0,0,0,national
2025,OR,41047,Marion,549300YDBNK66R6ZES34,TOGETHER CREDIT UNION,1,1,0,0.01,1,0,0,0,0,1,0,0,0,0,national
2025,OR,41047,Marion,549300ZPSJZO10ZAX556,"AMERICAN HERITAGE LENDING, LLC",2,1,0,0.01,2,0,0,0,0,1,0,0,0,0,national
2025,OR,41047,Marion,5Z1UQ1CWY0DQ3KJWDQ07,,1,1,0,0.01,1,0,0,0,0,1,0,0,0,0,national
2025,OR,41047,Marion,8WH0EE09O9V05QJZ3V89,"Zions Bancorporation, N.A.",1,1,0,0.01,1,0,0,0,0,1,0,0,0,0,national
2025,OR,41047,Marion,9845005BP6974AE5D838,,1,1,0,0.01,1,0,0,0,0,1,0,0,0,0,national
2025,OR,41047,Marion,984500FAD1FB7FEGTE82,,1,1,0,0.01,1,0,0,0,0,1,0,0,0,0,national
2025,OR,41047,Marion,DRMSV1Q0EKMEXLAU1P80,"Citizens Bank, National Association",1,1,0,0.01,1,0,0,0,0,1,0,0,0,0,national
2025,OR,41047,Marion,JJKC32MCHWDI71265Z06,Truist Bank,1,1,0,0.01,1,0,0,0,0,1,0,0,0,0,national
2025,OR,41047,Marion,L9VVX1KT5TFTKS0MLF66,First-Citizens Bank & Trust Company,1,1,0,0.01,1,0,0,0,0,1,0,0,0,0,national
2025,OR,41047,Marion,QFROUN1UWUYU0DVIWD51,"Eagle Home Mortgage, LLC",1,1,0,0.01,1,0,0,0,0,1,0,0,0,0,national
2025,OR,41047,Marion,ZXMJHJK466PBZTM5F379,,1,1,0,0.01,1,0,0,0,0,1,0,0,0,0,national
2025,OR,41047,Marion,5493000YNV8IX4VD3X12,"VANDERBILT MORTGAGE AND FINANCE, INC.",15,0,4,0.0,15,0,0,0,0,0,0,0,0,0,national
2025,OR,41047,Marion,549300Q6YL1SFVPEGV90,,6,0,0,0.0,0,5,1,0,0,0,0,0,0,0,national
2025,OR,41051,Multnomah,2549008LK3474E9U2888,ONPOINT COMMUNITY CREDIT UNION,3627,2559,561,17.58,3560,53,14,0,0,2523,28,8,0,0,national
2025,OR,41051,Multnomah,549300HW662MN1WU8550,"United Wholesale Mortgage, LLC",1176,898,107,6.17,853,203,120,0,0,682,135,81,0,0,national
2025,OR,41051,Multnomah,549300AQ3T62GXDU7D76,GUILD MORTGAGE COMPANY LLC,1046,724,17,4.97,889,136,21,0,0,615,95,14,0,0,national
2025,OR,41051,Multnomah,549300FGXN1K3HLB1R50,"Rocket Mortgage, LLC",861,603,143,4.14,722,101,38,0,0,516,58,29,0,0,national
2025,OR,41051,Multnomah,6BYL5QZYBDK8S7L73M02,U.S. Bank National Association,799,394,260,2.71,787,11,1,0,0,387,6,1,0,0,national
2025,OR,41051,Multnomah,549300U3721PJGQZYY68,"GUARANTEED RATE, INC.",589,386,6,2.65,533,45,11,0,0,349,30,7,0,0,national
2025,OR,41051,Multnomah,549300QKL5FUBZ8LSF50,"NATIONS DIRECT MORTGAGE, LLC",437,368,2,2.53,352,52,33,0,0,294,45,29,0,0,national
2025,OR,41051,Multnomah,254900T37KTTXKCK3416,,595,301,107,2.07,595,0,0,0,0,301,0,0,0,0,national
2025,OR,41051,Multnomah,549300VZVN841I2ILS84,"CROSSCOUNTRY MORTGAGE, LLC",424,267,10,1.83,372,35,17,0,0,238,21,8,0,0,national
2025,OR,41051,Multnomah,549300GKFNPRWNS0GF29,"AmeriHome Mortgage Company, LLC",402,260,15,1.79,319,63,18,2,0,201,46,13,0,0,national
2025,OR,41051,Multnomah,549300Q02LGIN9AXKP98,FIRST TECHNOLOGY FEDERAL CREDIT UNION,356,244,42,1.68,356,0,0,0,0,244,0,0,0,0,national
2025,OR,41051,Multnomah,B4TYDEB6GKMZO031MB27,"Bank of America, National Association",542,242,133,1.66,540,2,0,0,0,242,0,0,0,0,national
2025,OR,41051,Multnomah,549300MGPZBLQDIL7538,FAIRWAY INDEPENDENT MORTGAGE CORPORATION,340,228,21,1.57,272,61,7,0,0,181,42,5,0,0,national
2025,OR,41051,Multnomah,RVDPPPGHCGZ40J4VQ731,"PENNYMAC LOAN SERVICES, LLC",380,211,40,1.45,292,65,23,0,0,168,28,15,0,0,national
2025,OR,41051,Multnomah,5493008JECR4UE0WVR04,"MORTGAGE EXPRESS, LLC",300,205,7,1.41,224,59,17,0,0,159,33,13,0,0,national
2025,OR,41051,Multnomah,7H6GLXDRUGQFU57RNE97,"JPMorgan Chase Bank, National Association",313,197,36,1.35,302,6,5,0,0,195,0,2,0,0,national
2025,OR,41051,Multnomah,254900ZFWS2106HWPH46,"PARAMOUNT RESIDENTIAL MORTGAGE GROUP, INC.",205,169,1,1.16,178,24,3,0,0,150,16,3,0,0,national
2025,OR,41051,Multnomah,IFQSIUC9AGQV2NE8CN25,Columbia Bank,289,166,78,1.14,280,8,1,0,0,161,5,0,0,0,national
2025,OR,41051,Multnomah,549300KIOYNU323LVJ37,AMERICAN PACIFIC MORTGAGE CORPORATION,201,158,5,1.09,164,29,8,0,0,126,24,8,0,0,national
2025,OR,41051,Multnomah,549300FNXYY540N23N64,Newrez LLC,378,156,55,1.07,258,85,35,0,0,101,39,16,0,0,national
2025,OR,41051,Multnomah,2549001IK7UDPADKAG34,,346,145,134,1.0,346,0,0,0,0,145,0,0,0,0,national
2025,OR,41051,Multnomah,54930043BMDE130FJ617,"PROVIDENT FUNDING ASSOCIATES, L.P.",187,140,6,0.96,187,0,0,0,0,140,0,0,0,0,national
2025,OR,41051,Multnomah,549300KZVCKCUN23YY80,,191,137,31,0.94,191,0,0,0,0,137,0,0,0,0,national
2025,OR,41051,Multnomah,549300RPOGWJRH63HS39,UNION HOME MORTGAGE CORP.,158,123,4,0.84,121,31,6,0,0,98,21,4,0,0,national
2025,OR,41051,Multnomah,254900DTLHVWQ7NP7R34,"CMG Mortgage, Inc.",170,116,23,0.8,157,12,1,0,0,108,7,1,0,0,national
2025,OR,41051,Multnomah,549300370QILXLFUWD20,"ZILLOW HOME LOANS, LLC",148,110,2,0.76,124,18,6,0,0,97,11,2,0,0,national
2025,OR,41051,Multnomah,549300XY701IELCE5Q08,BETTER MORTGAGE CORPORATION,198,109,47,0.75,180,16,2,0,0,99,8,2,0,0,national
2025,OR,41051,Multnomah,549300AG64NHILB7ZP05,"LOANDEPOT.COM, LLC",176,97,29,0.67,126,46,4,0,0,73,23,1,0,0,national
2025,OR,41051,Multnomah,KB1H1DSPRFMYMCUFXT09,"Wells Fargo Bank, National Association",180,96,30,0.66,173,6,1,0,0,94,1,1,0,0,national
2025,OR,41051,Multnomah,549300LBCBNR1OT00651,NATIONSTAR MORTGAGE LLC,155,95,28,0.65,142,8,5,0,0,87,6,2,0,0,national
2025,OR,41051,Multnomah,549300MZ8VZJOVC63092,"KIND LENDING, LLC",129,93,20,0.64,108,18,3,0,0,81,9,3,0,0,national
2025,OR,41051,Multnomah,254900TTZ395IC926125,,122,92,0,0.63,100,20,2,0,0,74,17,1,0,0,national
2025,OR,41051,Multnomah,549300O2EZG72LO2FX38,,125,90,2,0.62,113,9,3,0,0,79,9,2,0,0,national
2025,OR,41051,Multnomah,549300DD4R4SYK5RAQ92,"MOVEMENT MORTGAGE, LLC",146,89,5,0.61,113,29,4,0,0,70,16,3,0,0,national
2025,OR,41051,Multnomah,549300LYRWPSYPK6S325,FREEDOM MORTGAGE CORPORATION,208,89,26,0.61,50,111,47,0,0,20,49,20,0,0,national
2025,OR,41051,Multnomah,54930060G4MDPWHISD89,EVERGREEN MONEYSOURCE MORTGAGE COMPANY,123,86,5,0.59,111,10,2,0,0,78,8,0,0,0,national
2025,OR,41051,Multnomah,254900UL88QFG0E40516,FIGURE LENDING LLC,172,81,45,0.56,172,0,0,0,0,81,0,0,0,0,national
2025,OR,41051,Multnomah,549300E2UX99HKDBR481,"NEW AMERICAN FUNDING, LLC",197,79,11,0.54,119,66,12,0,0,53,22,4,0,0,national
2025,OR,41051,Multnomah,549300ZBXINP1Y94CN02,,111,78,4,0.54,86,18,6,1,0,60,14,4,0,0,national
2025,OR,41051,Multnomah,HUX2X73FUCYHUVH1BK78,KeyBank National Association,135,75,35,0.52,131,4,0,0,0,72,3,0,0,0,national
2025,OR,41051,Multnomah,549300WJIJV987NXVC31,,116,73,1,0.5,109,6,1,0,0,70,2,1,0,0,national
2025,OR,41051,Multnomah,5493003GQDUH26DNNH17,Navy Federal Credit Union,158,72,39,0.49,117,0,41,0,0,51,0,21,0,0,national
2025,OR,41051,Multnomah,549300OPCWU6E72WUT29,"MUTUAL OF OMAHA MORTGAGE, INC.",109,69,18,0.47,57,44,8,0,0,39,25,5,0,0,national
2025,OR,41051,Multnomah,549300DD5QQUHO6PCH70,"MORTGAGE RESEARCH CENTER, LLC",163,68,31,0.47,17,4,142,0,0,4,1,63,0,0,national
2025,OR,41051,Multnomah,549300IEP77RKJ87Z176,OREGON COMMUNITY,98,64,18,0.44,98,0,0,0,0,64,0,0,0,0,national
2025,OR,41051,Multnomah,5493001SXWZ4OFP8Z903,"DHI MORTGAGE COMPANY, LTD.",80,63,5,0.43,53,25,2,0,0,40,21,2,0,0,national
2025,OR,41051,Multnomah,25490018IFQOT83Q7H49,,80,59,1,0.41,70,10,0,0,0,51,8,0,0,0,national
2025,OR,41051,Multnomah,549300121SF0K2LN2804,"PRIMELENDING, A PLAINSCAPITAL COMPANY",84,58,4,0.4,74,8,2,0,0,52,5,1,0,0,national
2025,OR,41051,Multnomah,549300PIL8LFAQ04XC20,Better Mortgage Corporation,231,58,123,0.4,231,0,0,0,0,58,0,0,0,0,national
2025,OR,41051,Multnomah,549300T94GSH3C4U5M59,ALLIANT CREDIT UNION,89,58,15,0.4,88,0,1,0,0,58,0,0,0,0,national
2025,OR,41051,Multnomah,549300JYXTZDSPJEPI44,"PLAZA HOME MORTGAGE, INC.",75,56,14,0.38,55,16,4,0,0,43,11,2,0,0,national
2025,OR,41051,Multnomah,5493001GCBD5XGNIC815,Coastal Community Bank,240,55,5,0.38,240,0,0,0,0,55,0,0,0,0,national
2025,OR,41051,Multnomah,549300E34W6TNRG7B624,,73,55,11,0.38,73,0,0,0,0,55,0,0,0,0,national
2025,OR,41051,Multnomah,549300B4IYL7TZT8FA34,,70,53,0,0.36,63,6,1,0,0,49,3,1,0,0,national
2025,OR,41051,Multnomah,549300YX5RPSSMR88K92,,60,53,0,0.36,60,0,0,0,0,53,0,0,0,0,national
2025,OR,41051,Multnomah,549300H3IZO24NSOO931,"LENNAR MORTGAGE, LLC",88,52,6,0.36,53,31,4,0,0,27,23,2,0,0,national
2025,OR,41051,Multnomah,WE0I402RW25AU38DTI13,Banner Bank,113,52,38,0.36,100,12,1,0,0,42,9,1,0,0,national
2025,OR,41051,Multnomah,549300PL8ER6H23P0Z91,,74,51,2,0.35,62,10,2,0,0,43,7,1,0,0,national
2025,OR,41051,Multnomah,2549005SIVTHG14U2905,A&D Mortgage LLC,67,49,5,0.34,66,1,0,0,0,48,1,0,0,0,national
2025,OR,41051,Multnomah,5493003WLEYGXGNTI654,SELCO COMMUNITY,78,43,27,0.3,78,0,0,0,0,43,0,0,0,0,national
2025,OR,41051,Multnomah,01KWVG908KE7RKPTNP46,,64,42,5,0.29,59,4,1,0,0,39,3,0,0,0,national
2025,OR,41051,Multnomah,254900N49YI2HHKDPS92,,71,41,15,0.28,71,0,0,0,0,41,0,0,0,0,national
2025,OR,41051,Multnomah,5493000OM9RKJW8W5K82,,56,39,0,0.27,40,12,4,0,0,26,12,1,0,0,national
2025,OR,41051,Multnomah,3Y4U8VZURTYWI1W2K376,BMO Bank National Association,91,38,28,0.26,89,2,0,0,0,38,0,0,0,0,national
2025,OR,41051,Multnomah,549300ZWNETGFXTBBY03,"CANOPY MORTGAGE, LLC",57,38,0,0.26,39,12,6,0,0,27,9,2,0,0,national
2025,OR,41051,Multnomah,5493006VAGP3GQ8FJT49,"Kiavi Funding, Inc.",56,37,6,0.25,56,0,0,0,0,37,0,0,0,0,national
2025,OR,41051,Multnomah,549300R77W0P105C3S50,HOMEXPRESS MORTGAGE CORP.,41,36,5,0.25,41,0,0,0,0,36,0,0,0,0,national
2025,OR,41051,Multnomah,5493005JXQCVNMUHBR38,,43,35,1,0.24,43,0,0,0,0,35,0,0,0,0,national
2025,OR,41051,Multnomah,549300UB5TJ0YPVPT503,,46,35,0,0.24,41,4,1,0,0,31,3,1,0,0,national
2025,OR,41051,Multnomah,549300KM40FP4MSQU941,Boeing Employees Credit Union,51,34,10,0.23,51,0,0,0,0,34,0,0,0,0,national
2025,OR,41051,Multnomah,549300GS0W0TEUQS8571,"Morgan Stanley Private Bank, National Association",43,33,1,0.23,43,0,0,0,0,33,0,0,0,0,national
2025,OR,41051,Multnomah,25490066WMF8ZMQXQB18,"Lendage, LLC",42,32,3,0.22,42,0,0,0,0,32,0,0,0,0,national
2025,OR,41051,Multnomah,54930054ET8KM4O1D485,"SOFI BANK, NATIONAL ASSOCIATION",127,31,9,0.21,123,4,0,0,0,31,0,0,0,0,national
2025,OR,41051,Multnomah,549300P2GEYNMH5OQA71,,49,31,10,0.21,44,5,0,0,0,29,2,0,0,0,national
2025,OR,41051,Multnomah,213800XR2TCBQJSF1X93,,45,30,2,0.21,37,1,7,0,0,25,1,4,0,0,national
2025,OR,41051,Multnomah,2549004FXPNKCLIN8250,"Synergy One Lending, Inc.",43,30,1,0.21,30,10,3,0,0,22,6,2,0,0,national
2025,OR,41051,Multnomah,AD6GFRVSDT01YPT1CS68,"PNC Bank, National Association",66,29,19,0.2,66,0,0,0,0,29,0,0,0,0,national
2025,OR,41051,Multnomah,254900FBWEZ3YUPOBN33,,33,28,2,0.19,33,0,0,0,0,28,0,0,0,0,national
2025,OR,41051,Multnomah,5493009HUMWCHFRDKF12,,40,28,0,0.19,40,0,0,0,0,28,0,0,0,0,national
2025,OR,41051,Multnomah,2549001SI0EMFPT39035,"Cornerstone First Mortgage, Inc",43,27,0,0.19,35,8,0,0,0,21,6,0,0,0,national
2025,OR,41051,Multnomah,54930052M48FOD3CWA54,"PRIMARY RESIDENTIAL MORTGAGE, INC.",35,27,2,0.19,25,7,3,0,0,20,4,3,0,0,national
2025,OR,41051,Multnomah,549300NOCASXPA34X033,"LAKEVIEW LOAN SERVICING, LLC",117,27,56,0.19,56,46,15,0,0,13,9,5,0,0,national
2025,OR,41051,Multnomah,5493000D6RXLNBZQYA47,,54,26,20,0.18,52,1,1,0,0,26,0,0,0,0,national
2025,OR,41051,Multnomah,5493008CPTDVOS570626,"Primary Residential Mortgage, Inc.",38,26,8,0.18,38,0,0,0,0,26,0,0,0,0,national
2025,OR,41051,Multnomah,549300CY7WNAHKHYSJ73,,32,26,1,0.18,26,4,2,0,0,20,4,2,0,0,national
2025,OR,41051,Multnomah,C5654JQHZUHN0772B561,USAA Federal Savings Bank,53,26,15,0.18,33,0,20,0,0,17,0,9,0,0,national
2025,OR,41051,Multnomah,549300CB67L6KPJLHE19,"TRIAD FINANCIAL SERVICES, INC.",78,25,30,0.17,78,0,0,0,0,25,0,0,0,0,national
2025,OR,41051,Multnomah,5493004AS1SPBQOFDR49,"Change Lending, LLC",45,24,6,0.16,36,7,2,0,0,17,5,2,0,0,national
2025,OR,41051,Multnomah,549300INFJ8TYNZ1G568,,24,23,1,0.16,24,0,0,0,0,23,0,0,0,0,national
2025,OR,41051,Multnomah,549300LROQOOQU77WS20,,43,23,2,0.16,43,0,0,0,0,23,0,0,0,0,national
2025,OR,41051,Multnomah,549300YIQ7S7Z8PIHE53,AMERISAVE MORTGAGE CORPORATION,124,23,87,0.16,88,26,10,0,0,21,1,1,0,0,national
2025,OR,41051,Multnomah,2549001ZCEBYFHYUPH52,,22,22,0,0.15,22,0,0,0,0,22,0,0,0,0,national
2025,OR,41051,Multnomah,254900RNV63A0TIZNK90,,24,22,0,0.15,19,4,1,0,0,18,3,1,0,0,national
2025,OR,41051,Multnomah,5493001WHVQBGRSWEU75,"HOMEBRIDGE FINANCIAL SERVICES, INC.",30,22,4,0.15,23,5,2,0,0,16,4,2,0,0,national
2025,OR,41051,Multnomah,549300J7I82PNDVU8H22,"OCMBC, INC.",40,21,0,0.14,39,1,0,0,0,20,1,0,0,0,national
2025,OR,41051,Multnomah,549300SCFWZXMDMZPE93,,28,21,1,0.14,21,5,2,0,0,18,2,1,0,0,national
2025,OR,41051,Multnomah,2549008TT6UNYR7AXF54,,31,20,2,0.14,26,5,0,0,0,17,3,0,0,0,national
2025,OR,41051,Multnomah,549300EKFFG3BU8DNX74,NEXERA HOLDING LLC,31,20,2,0.14,31,0,0,0,0,20,0,0,0,0,national
2025,OR,41051,Multnomah,549300L44U62O7WHRR78,FIRST COMMUNITY,34,20,6,0.14,34,0,0,0,0,20,0,0,0,0,national
2025,OR,41051,Multnomah,549300Q50XCC0473FG63,,43,20,13,0.14,43,0,0,0,0,20,0,0,0,0,national
2025,OR,41051,Multnomah,549300UR5AOWTJJ7KZ64,,25,20,1,0.14,25,0,0,0,0,20,0,0,0,0,national
2025,OR,41051,Multnomah,549300GWD9H4FQ2VR805,,21,19,0,0.13,21,0,0,0,0,19,0,0,0,0,national
2025,OR,41051,Multnomah,549300KJ8PAJ7E52HG32,Plains Commerce Bank,36,19,0,0.13,26,9,1,0,0,14,4,1,0,0,national
2025,OR,41051,Multnomah,549300YN94MOAVYW0F52,"GoodLeap, LLC",43,19,10,0.13,36,6,1,0,0,15,3,1,0,0,national
2025,OR,41051,Multnomah,254900HEJ9F73IMPX887,,34,18,1,0.12,33,0,1,0,0,17,0,1,0,0,national
2025,OR,41051,Multnomah,549300CDLJDN8ENOT455,MARION AND POLK SCHOOLS CREDIT UNION,26,18,3,0.12,26,0,0,0,0,18,0,0,0,0,national
2025,OR,41051,Multnomah,549300S5YL3OH0IVCS62,FINANCE OF AMERICA REVERSE LLC,27,18,2,0.12,11,16,0,0,0,6,12,0,0,0,national
2025,OR,41051,Multnomah,549300VEJ302N3NLKA88,,32,18,7,0.12,32,0,0,0,0,18,0,0,0,0,national
2025,OR,41051,Multnomah,549300XHPPLC0TBRV021,,20,18,0,0.12,18,2,0,0,0,16,2,0,0,0,national
2025,OR,41051,Multnomah,984500U2F9A83N391A91,"CHAMPIONS FUNDING, LLC",29,18,3,0.12,29,0,0,0,0,18,0,0,0,0,national
2025,OR,41051,Multnomah,5493002B2WMHY23GFK92,"AMERICAN FINANCIAL RESOURCES, INC.",25,17,0,0.12,17,6,2,0,0,11,4,2,0,0,national
2025,OR,41051,Multnomah,5493005PKOSG7MYX0B34,"Prosperity Home Mortgage, LLC",31,17,3,0.12,19,9,3,0,0,10,4,3,0,0,national
2025,OR,41051,Multnomah,5493008NWHQT1R22C024,"AMERICAN FINANCIAL NETWORK, INC.",25,17,1,0.12,11,10,4,0,0,8,7,2,0,0,national
2025,OR,41051,Multnomah,549300FX7K8PTEQUU487,PENTAGON FEDERAL CREDIT UNION,32,17,8,0.12,32,0,0,0,0,17,0,0,0,0,national
2025,OR,41051,Multnomah,549300J6N77Q8OHYNF23,,27,17,1,0.12,23,2,2,0,0,15,1,1,0,0,national
2025,OR,41051,Multnomah,549300N2GMOJ61XHEL06,,21,17,0,0.12,21,0,0,0,0,17,0,0,0,0,national
2025,OR,41051,Multnomah,549300Y5Y88FQLI7VE83,DEEPHAVEN MORTGAGE LLC,31,17,13,0.12,31,0,0,0,0,17,0,0,0,0,national
2025,OR,41051,Multnomah,SS1TRMSN6BRNMOREEV51,"Flagstar Bank, National Association",26,17,6,0.12,18,6,2,0,0,11,4,2,0,0,national
2025,OR,41051,Multnomah,254900O2K17TNH5CL873,"RF RENOVO MANAGEMENT COMPANY, LLC",22,16,0,0.11,22,0,0,0,0,16,0,0,0,0,national
2025,OR,41051,Multnomah,5493000349C5XXDRQX28,,29,16,1,0.11,24,3,2,0,0,12,3,1,0,0,national
2025,OR,41051,Multnomah,549300TA4MQM8WN2XG31,,28,16,0,0.11,28,0,0,0,0,16,0,0,0,0,national
2025,OR,41051,Multnomah,54930025XJJO3T0M1A92,,23,15,6,0.1,23,0,0,0,0,15,0,0,0,0,national
2025,OR,41051,Multnomah,549300323EON4W3CCM44,"RESICENTRAL, LLC",17,15,0,0.1,16,1,0,0,0,15,0,0,0,0,national
2025,OR,41051,Multnomah,5493004T38NMC864VL66,,17,15,2,0.1,17,0,0,0,0,15,0,0,0,0,national
2025,OR,41051,Multnomah,5493009B17HXCVXTD608,"JMAC LENDING, INC.",20,15,0,0.1,20,0,0,0,0,15,0,0,0,0,national
2025,OR,41051,Multnomah,X05BVSK68TQ7YTOSNR22,Discover Bank,113,15,56,0.1,113,0,0,0,0,15,0,0,0,0,national
2025,OR,41051,Multnomah,254900E6AIE4Z8YQM970,Citadel Servicing Corporation,19,14,0,0.1,19,0,0,0,0,14,0,0,0,0,national
2025,OR,41051,Multnomah,2WHM8VNJH63UN14OL754,The Huntington National Bank,16,14,1,0.1,16,0,0,0,0,14,0,0,0,0,national
2025,OR,41051,Multnomah,549300UXY7OP0IC38293,Northpointe Bank,24,14,2,0.1,24,0,0,0,0,14,0,0,0,0,national
2025,OR,41051,Multnomah,549300XQVJ1XBNFA5536,21ST MORTGAGE CORPORATION,105,14,54,0.1,105,0,0,0,0,14,0,0,0,0,national
2025,OR,41051,Multnomah,PAOOWF3GUFM46FBSP561,,35,14,2,0.1,22,9,4,0,0,8,2,4,0,0,national
2025,OR,41051,Multnomah,5493000IIYWBLONJVJ30,,15,13,2,0.09,15,0,0,0,0,13,0,0,0,0,national
2025,OR,41051,Multnomah,549300KTR1JGH3K6LU06,FOURLEAF,30,13,15,0.09,30,0,0,0,0,13,0,0,0,0,national
2025,OR,41051,Multnomah,549300PQLK8E48ILXV41,,15,13,0,0.09,15,0,0,0,0,13,0,0,0,0,national
2025,OR,41051,Multnomah,549300RN01LBYR8ZVX74,"LOWER, LLC",29,13,5,0.09,19,6,4,0,0,8,3,2,0,0,national
2025,OR,41051,Multnomah,IUGPUX5LWRZ3B6KIZ697,Ameris Bank,13,13,0,0.09,12,0,1,0,0,12,0,1,0,0,national
2025,OR,41051,Multnomah,254900HD4RROQDXNWI45,,20,12,5,0.08,20,0,0,0,0,12,0,0,0,0,national
2025,OR,41051,Multnomah,54930021WPEXNHYZUL09,"PLANET HOME LENDING, LLC",16,12,2,0.08,6,6,4,0,0,3,6,3,0,0,national
2025,OR,41051,Multnomah,549300NWBS6MQJX15N44,,16,12,3,0.08,16,0,0,0,0,12,0,0,0,0,national
2025,OR,41051,Multnomah,254900CTT87ZKAUTIJ37,,18,11,3,0.08,18,0,0,0,0,11,0,0,0,0,national
2025,OR,41051,Multnomah,5493001GDRY0EL7VG372,"ARK-LA-TEX FINANCIAL SERVICES, LLC.",14,11,1,0.08,8,5,1,0,0,8,2,1,0,0,national
2025,OR,41051,Multnomah,549300PL267CW8182203,,35,11,5,0.08,3,10,22,0,0,1,3,7,0,0,national
2025,OR,41051,Multnomah,549300VORTI31GZTJL53,"CARDINAL FINANCIAL COMPANY, LIMITED PARTNERSHIP",19,11,3,0.08,16,3,0,0,0,9,2,0,0,0,national
2025,OR,41051,Multnomah,E57ODZWZ7FF32TWEFA76,"Citibank, National Association",31,11,4,0.08,31,0,0,0,0,11,0,0,0,0,national
2025,OR,41051,Multnomah,254900NZOY3XB2DNSZ34,,13,10,0,0.07,13,0,0,0,0,10,0,0,0,0,national
2025,OR,41051,Multnomah,5493002Y5XYV7DV1ZV88,"GOLD STAR MORTGAGE FINANCIAL GROUP, CORPORATION",22,10,0,0.07,20,2,0,0,0,9,1,0,0,0,national
2025,OR,41051,Multnomah,54930048P8RWCQHQM310,,18,10,4,0.07,18,0,0,0,0,10,0,0,0,0,national
2025,OR,41051,Multnomah,549300ALNLUNS3Y53T24,AMERICAN FINANCING CORPORATION,45,10,16,0.07,26,15,4,0,0,7,2,1,0,0,national
2025,OR,41051,Multnomah,549300MHH03ICJYEPE85,,19,10,5,0.07,5,14,0,0,0,2,8,0,0,0,national
2025,OR,41051,Multnomah,549300SK2GVCQXPD4S58,"SUN WEST MORTGAGE COMPANY, INC.",18,10,4,0.07,5,8,5,0,0,1,5,4,0,0,national
2025,OR,41051,Multnomah,549300TF1E42EUFBSL45,,18,10,4,0.07,17,0,1,0,0,10,0,0,0,0,national
2025,OR,41051,Multnomah,549300VCMRO4ST680C11,VILLAGE CAPITAL & INVESTMENT LLC,32,10,8,0.07,0,10,22,0,0,0,3,7,0,0,national
2025,OR,41051,Multnomah,549300Z2B4FHRYOXTS09,,14,10,3,0.07,14,0,0,0,0,10,0,0,0,0,national
2025,OR,41051,Multnomah,5Z1UQ1CWY0DQ3KJWDQ07,,19,10,6,0.07,19,0,0,0,0,10,0,0,0,0,national
2025,OR,41051,Multnomah,254900Z8J5L9POS71X51,Oregon State Credit Union,25,9,4,0.06,25,0,0,0,0,9,0,0,0,0,national
2025,OR,41051,Multnomah,54930001NSTOD85LT125,"GUARANTEED RATE AFFINITY, LLC",12,9,0,0.06,9,2,1,0,0,7,2,0,0,0,national
2025,OR,41051,Multnomah,5493005PD34O8ZT7QT17,,9,9,0,0.06,9,0,0,0,0,9,0,0,0,0,national
2025,OR,41051,Multnomah,549300N3JBQ15RQ7AV97,,19,9,1,0.06,16,3,0,0,0,6,3,0,0,0,national
2025,OR,41051,Multnomah,549300O6Z0I6KYMESL47,AMWEST FUNDING CORP.,13,9,0,0.06,12,1,0,0,0,8,1,0,0,0,national
2025,OR,41051,Multnomah,549300R9S3MVDV4MGF56,"CARRINGTON MORTGAGE SERVICES, LLC",44,9,23,0.06,20,18,6,0,0,6,0,3,0,0,national
2025,OR,41051,Multnomah,549300T9P3WXNMXX0I34,Ixonia Bank,14,9,1,0.06,10,2,2,0,0,7,1,1,0,0,national
2025,OR,41051,Multnomah,549300UBGGLZLZEY0M18,,24,9,8,0.06,24,0,0,0,0,9,0,0,0,0,national
2025,OR,41051,Multnomah,549300V1IRRYSYRSPU54,,17,9,4,0.06,17,0,0,0,0,9,0,0,0,0,national
2025,OR,41051,Multnomah,549300ZIQ24V0C88AC41,GTE Federal Credit Union,10,9,1,0.06,10,0,0,0,0,9,0,0,0,0,national
2025,OR,41051,Multnomah,254900M2C4Q6DATP2889,,31,8,10,0.05,13,15,3,0,0,3,4,1,0,0,national
2025,OR,41051,Multnomah,5493003NV9L53LK1XI52,,11,8,1,0.05,9,2,0,0,0,7,1,0,0,0,national
2025,OR,41051,Multnomah,549300COIWXM618UBE82,,9,8,1,0.05,9,0,0,0,0,8,0,0,0,0,national
2025,OR,41051,Multnomah,549300HIVO8XPBPNVG69,NOVA FINANCIAL & INVESTMENT CORPORATION,9,8,1,0.05,6,3,0,0,0,5,3,0,0,0,national
2025,OR,41051,Multnomah,2549005FUF02T1IFCA22,,7,7,0,0.05,7,0,0,0,0,7,0,0,0,0,national
2025,OR,41051,Multnomah,254900HA4DQWAE0W3342,"AMERIHOME MORTGAGE COMPANY, LLC",19,7,4,0.05,7,10,2,0,0,2,5,0,0,0,national
2025,OR,41051,Multnomah,254900WTZC5SSKIN2M11,,11,7,1,0.05,11,0,0,0,0,7,0,0,0,0,national
2025,OR,41051,Multnomah,5493002GI63WHHUTUD85,"KEYSTONE FUNDING, INC.",7,7,0,0.05,6,0,1,0,0,6,0,1,0,0,national
2025,OR,41051,Multnomah,54930030Z1JWTP3SVD16,,11,7,2,0.05,6,4,1,0,0,4,3,0,0,0,national
2025,OR,41051,Multnomah,54930049L5WINET09Q97,"CLICK N' CLOSE, INC.",12,7,0,0.05,5,7,0,0,0,2,5,0,0,0,national
2025,OR,41051,Multnomah,549300748YYU6VG08N83,"Loan Simple, Inc.",8,7,0,0.05,0,8,0,0,0,0,7,0,0,0,national
2025,OR,41051,Multnomah,549300AENO88GEUWCZ39,,9,7,0,0.05,6,2,1,0,0,5,2,0,0,0,national
2025,OR,41051,Multnomah,549300BLL6VL7AXWYP56,,14,7,0,0.05,10,3,1,0,0,4,2,1,0,0,national
2025,OR,41051,Multnomah,549300RA3E0BUFO7YZ21,"Hometown Equity Mortgage, LLC",20,7,13,0.05,20,0,0,0,0,7,0,0,0,0,national
2025,OR,41051,Multnomah,CKVBED0S4DMLKJJ5XH28,Stifel Bank and Trust,8,7,0,0.05,8,0,0,0,0,7,0,0,0,0,national
2025,OR,41051,Multnomah,WWB2V0FCW3A0EE3ZJN75,Manufacturers and Traders Trust Company,16,7,5,0.05,9,5,2,0,0,3,3,1,0,0,national
2025,OR,41051,Multnomah,254900114YHTRFBALC74,,6,6,0,0.04,6,0,0,0,0,6,0,0,0,0,national
2025,OR,41051,Multnomah,254900VHUBSJJKOMBF27,,9,6,1,0.04,5,3,1,0,0,4,2,0,0,0,national
2025,OR,41051,Multnomah,5493001B4U37VT2ML818,GESA CREDIT UNION,8,6,1,0.04,8,0,0,0,0,6,0,0,0,0,national
2025,OR,41051,Multnomah,5493003T5D4N1CM46J77,1st Security Bank of Washington,9,6,0,0.04,7,2,0,0,0,6,0,0,0,0,national
2025,OR,41051,Multnomah,54930080168VA6Z8UX21,TOWER Federal Credit Union,7,6,1,0.04,7,0,0,0,0,6,0,0,0,0,national
2025,OR,41051,Multnomah,5493008VVXQIDO1EZ460,"SUMMIT FUNDING, INC.",10,6,1,0.04,7,3,0,0,0,5,1,0,0,0,national
2025,OR,41051,Multnomah,5493008ZTV4S0W9DCX64,,9,6,3,0.04,6,3,0,0,0,3,3,0,0,0,national
2025,OR,41051,Multnomah,549300A5HHOL2ED18C72,,18,6,1,0.04,16,1,1,0,0,4,1,1,0,0,national
2025,OR,41051,Multnomah,549300HRLROF7PLJ6735,CLEAREDGE LENDING LLC,9,6,3,0.04,9,0,0,0,0,6,0,0,0,0,national
2025,OR,41051,Multnomah,549300K4ZLGS7SRDTL86,Equity Prime Mortgage LLC,22,6,2,0.04,1,18,3,0,0,0,5,1,0,0,national
2025,OR,41051,Multnomah,549300LZUXCJFE5ONM48,,7,6,0,0.04,0,7,0,0,0,0,6,0,0,0,national
2025,OR,41051,Multnomah,549300PBTV7FCWLSMM53,,10,6,0,0.04,3,5,2,0,0,2,2,2,0,0,national
2025,OR,41051,Multnomah,549300RD5IG88VPO6P22,,8,6,0,0.04,8,0,0,0,0,6,0,0,0,0,national
2025,OR,41051,Multnomah,549300RFLICNI75BG067,Luminate Bank,8,6,0,0.04,8,0,0,0,0,6,0,0,0,0,national
2025,OR,41051,Multnomah,549300VMX06UV1F7NS76,,7,6,0,0.04,5,1,1,0,0,4,1,1,0,0,national
2025,OR,41051,Multnomah,254900O28OG3UMHXQY81,,7,5,1,0.03,4,2,1,0,0,3,1,1,0,0,national
2025,OR,41051,Multnomah,254900WT4HAMDFWH3048,,11,5,0,0.03,2,9,0,0,0,2,3,0,0,0,national
2025,OR,41051,Multnomah,254900YA1AQXNM8QVZ06,,6,5,0,0.03,6,0,0,0,0,5,0,0,0,0,national
2025,OR,41051,Multnomah,5493000FWM3I2HHQY149,WASHINGTON STATE EMPLOYEES CREDIT UNION,11,5,6,0.03,11,0,0,0,0,5,0,0,0,0,national
2025,OR,41051,Multnomah,5493000H6DFDDJRORG89,,10,5,0,0.03,10,0,0,0,0,5,0,0,0,0,national
2025,OR,41051,Multnomah,5493006KXUHSYFT7SD10,,6,5,0,0.03,3,3,0,0,0,3,2,0,0,0,national
2025,OR,41051,Multnomah,5493006P5IHSK77SZ855,,7,5,1,0.03,4,3,0,0,0,2,3,0,0,0,national
2025,OR,41051,Multnomah,54930078TNN7GKZ7NU89,,5,5,0,0.03,4,1,0,0,0,4,1,0,0,0,national
2025,OR,41051,Multnomah,5493009QYNVEZ9VDJU57,,14,5,0,0.03,7,4,3,0,0,2,2,1,0,0,national
2025,OR,41051,Multnomah,549300BX448ALT10FI43,The Federal Savings Bank,20,5,3,0.03,7,2,11,0,0,3,0,2,0,0,national
2025,OR,41051,Multnomah,549300IPUHFA5O769M51,"Vellum Mortgage, Inc.",7,5,1,0.03,7,0,0,0,0,5,0,0,0,0,national
2025,OR,41051,Multnomah,549300KSOOZZVXCMA627,ANGEL OAK MORTGAGE SOLUTIONS LLC,12,5,4,0.03,12,0,0,0,0,5,0,0,0,0,national
2025,OR,41051,Multnomah,549300LLESTPOVRG3X73,,13,5,1,0.03,13,0,0,0,0,5,0,0,0,0,national
2025,OR,41051,Multnomah,549300OPB0G5OMY0SM65,,7,5,0,0.03,7,0,0,0,0,5,0,0,0,0,national
2025,OR,41051,Multnomah,549300UI36AJZ0WZ4U93,"TAYLOR MORRISON HOME FUNDING, INC.",9,5,1,0.03,7,2,0,0,0,4,1,0,0,0,national
2025,OR,41051,Multnomah,Q708HHR4LD2B7XIZNO92,First Federal Bank,9,5,0,0.03,7,0,2,0,0,4,0,1,0,0,national
2025,OR,41051,Multnomah,25490045AQF6IJKP4394,,7,4,2,0.03,7,0,0,0,0,4,0,0,0,0,national
2025,OR,41051,Multnomah,254900TG14TB8RKS3U42,,18,4,2,0.03,17,1,0,0,0,4,0,0,0,0,national
2025,OR,41051,Multnomah,5493001SDQVS1NWYH012,,4,4,0,0.03,4,0,0,0,0,4,0,0,0,0,national
2025,OR,41051,Multnomah,5493001XKL0FTNOJ0866,,8,4,0,0.03,7,1,0,0,0,4,0,0,0,0,national
2025,OR,41051,Multnomah,549300CK7U1WMTIG6687,,4,4,0,0.03,0,4,0,0,0,0,4,0,0,0,national
2025,OR,41051,Multnomah,549300GS6ONO04ORI292,,11,4,3,0.03,5,5,1,0,0,1,2,1,0,0,national
2025,OR,41051,Multnomah,549300IBT3SCF2K09D58,,4,4,0,0.03,4,0,0,0,0,4,0,0,0,0,national
2025,OR,41051,Multnomah,549300KPBZCTMM3Y0061,,4,4,0,0.03,3,0,1,0,0,3,0,1,0,0,national
2025,OR,41051,Multnomah,549300KQHWNSVCE2MY88,,5,4,0,0.03,4,1,0,0,0,3,1,0,0,0,national
2025,OR,41051,Multnomah,549300MCIFZSDHUT8X63,"NFM, INC.",4,4,0,0.03,4,0,0,0,0,4,0,0,0,0,national
2025,OR,41051,Multnomah,549300PC4MFWQBNVKG88,"V.I.P. MORTGAGE, INC.",5,4,0,0.03,4,1,0,0,0,3,1,0,0,0,national
2025,OR,41051,Multnomah,549300PEWJWBNEOSS013,,4,4,0,0.03,3,1,0,0,0,3,1,0,0,0,national
2025,OR,41051,Multnomah,549300QIUZLVR1OLDH55,Genisys Credit Union,5,4,0,0.03,5,0,0,0,0,4,0,0,0,0,national
2025,OR,41051,Multnomah,549300SUCQ1358EGVE89,"NEW DAY FINANCIAL, LLC",42,4,18,0.03,0,0,42,0,0,0,0,4,0,0,national
2025,OR,41051,Multnomah,549300W45D2J6BT4LX65,,4,4,0,0.03,4,0,0,0,0,4,0,0,0,0,national
2025,OR,41051,Multnomah,549300XCVBRR56D08F03,,28,4,0,0.03,27,1,0,0,0,4,0,0,0,0,national
2025,OR,41051,Multnomah,9845006YE04B346EC919,,9,4,1,0.03,6,3,0,0,0,3,1,0,0,0,national
2025,OR,41051,Multnomah,98450087981AP406JG03,,10,4,0,0.03,10,0,0,0,0,4,0,0,0,0,national
2025,OR,41051,Multnomah,D38AC76TAMYI50NBPX33,,8,4,0,0.03,8,0,0,0,0,4,0,0,0,0,national
2025,OR,41051,Multnomah,L9VVX1KT5TFTKS0MLF66,First-Citizens Bank & Trust Company,7,4,2,0.03,7,0,0,0,0,4,0,0,0,0,national
2025,OR,41051,Multnomah,2549004XJQQPBYQSMT39,,3,3,0,0.02,3,0,0,0,0,3,0,0,0,0,national
2025,OR,41051,Multnomah,2549004Z576VEJBK3N72,"NQM FUNDING, LLC",4,3,1,0.02,4,0,0,0,0,3,0,0,0,0,national
2025,OR,41051,Multnomah,254900EZRN0CBEP77K34,,6,3,0,0.02,6,0,0,0,0,3,0,0,0,0,national
2025,OR,41051,Multnomah,254900QNIR86GUIRYH95,,5,3,0,0.02,5,0,0,0,0,3,0,0,0,0,national
2025,OR,41051,Multnomah,254900U7WUFP33SSQ460,,4,3,1,0.02,4,0,0,0,0,3,0,0,0,0,national
2025,OR,41051,Multnomah,5493000NYUJT9UC6G261,LEADERONE FINANCIAL CORPORATION,4,3,0,0.02,4,0,0,0,0,3,0,0,0,0,national
2025,OR,41051,Multnomah,5493001X0T84TYRJ5Y59,,5,3,1,0.02,5,0,0,0,0,3,0,0,0,0,national
2025,OR,41051,Multnomah,549300CPJH6JMU13EQ37,,5,3,0,0.02,5,0,0,0,0,3,0,0,0,0,national
2025,OR,41051,Multnomah,549300DH8EI64ITBY388,,3,3,0,0.02,3,0,0,0,0,3,0,0,0,0,national
2025,OR,41051,Multnomah,549300KX6E1IE2LM5E30,,3,3,0,0.02,3,0,0,0,0,3,0,0,0,0,national
2025,OR,41051,Multnomah,549300MP3KK77THHQT36,,3,3,0,0.02,3,0,0,0,0,3,0,0,0,0,national
2025,OR,41051,Multnomah,549300MU2YI0HXIT3257,,4,3,1,0.02,4,0,0,0,0,3,0,0,0,0,national
2025,OR,41051,Multnomah,549300MUXFVZKH4XLG17,,3,3,0,0.02,2,0,1,0,0,2,0,1,0,0,national
2025,OR,41051,Multnomah,549300Q6YL1SFVPEGV90,,12,3,3,0.02,2,9,1,0,0,0,3,0,0,0,national
2025,OR,41051,Multnomah,549300S8SHBRCI7UU819,,4,3,1,0.02,4,0,0,0,0,3,0,0,0,0,national
2025,OR,41051,Multnomah,549300TDBTRK89DZRC13,,6,3,3,0.02,6,0,0,0,0,3,0,0,0,0,national
2025,OR,41051,Multnomah,549300UG7QXKM7KGV847,,4,3,1,0.02,3,0,1,0,0,2,0,1,0,0,national
2025,OR,41051,Multnomah,549300UT4EN6IH579Q63,,4,3,0,0.02,3,1,0,0,0,3,0,0,0,0,national
2025,OR,41051,Multnomah,549300W1HU6IVVIEJ389,"RANLIFE, INC.",4,3,0,0.02,3,1,0,0,0,3,0,0,0,0,national
2025,OR,41051,Multnomah,549300XWUSRVVOHPRY47,Academy Mortgage Corporation,17,3,0,0.02,16,1,0,0,0,3,0,0,0,0,national
2025,OR,41051,Multnomah,549300ZPSJZO10ZAX556,"AMERICAN HERITAGE LENDING, LLC",7,3,0,0.02,7,0,0,0,0,3,0,0,0,0,national
2025,OR,41051,Multnomah,ZXMJHJK466PBZTM5F379,,4,3,0,0.02,4,0,0,0,0,3,0,0,0,0,national
2025,OR,41051,Multnomah,2549009OWTY7KVB18G12,,2,2,0,0.01,2,0,0,0,0,2,0,0,0,0,national
2025,OR,41051,Multnomah,254900A1LV2U6NM10498,,2,2,0,0.01,2,0,0,0,0,2,0,0,0,0,national
2025,OR,41051,Multnomah,254900BMXWPEHXG4LF21,,3,2,1,0.01,1,2,0,0,0,0,2,0,0,0,national
2025,OR,41051,Multnomah,254900IEGKUDRDS23V26,,7,2,2,0.01,7,0,0,0,0,2,0,0,0,0,national
2025,OR,41051,Multnomah,254900JH11ROOV921P96,,2,2,0,0.01,1,1,0,0,0,1,1,0,0,0,national
2025,OR,41051,Multnomah,254900LTD432L5CHIZ48,,4,2,1,0.01,4,0,0,0,0,2,0,0,0,0,national
2025,OR,41051,Multnomah,254900N6XFQR6TP1WG82,,2,2,0,0.01,2,0,0,0,0,2,0,0,0,0,national
2025,OR,41051,Multnomah,254900WEP08K7U7S3A80,,3,2,0,0.01,1,2,0,0,0,1,1,0,0,0,national
2025,OR,41051,Multnomah,5493009Y8ROUG903AQ21,,2,2,0,0.01,2,0,0,0,0,2,0,0,0,0,national
2025,OR,41051,Multnomah,549300ASFUWYQO0RW077,,2,2,0,0.01,2,0,0,0,0,2,0,0,0,0,national
2025,OR,41051,Multnomah,549300D2OYT7VTDY6Z20,,3,2,0,0.01,3,0,0,0,0,2,0,0,0,0,national
2025,OR,41051,Multnomah,549300DCGBXW5FJMV921,,2,2,0,0.01,2,0,0,0,0,2,0,0,0,0,national
2025,OR,41051,Multnomah,549300F8C5JA44WNMI75,AMERICAN NEIGHBORHOOD MORTGAGE ACCEPTANCE COMPANY LLC,3,2,0,0.01,3,0,0,0,0,2,0,0,0,0,national
2025,OR,41051,Multnomah,549300FVD3YHE65PKH97,,11,2,0,0.01,6,4,1,0,0,1,1,0,0,0,national
2025,OR,41051,Multnomah,549300G4ESSS6M0MEG51,ORIGINPOINT LLC,7,2,0,0.01,7,0,0,0,0,2,0,0,0,0,national
2025,OR,41051,Multnomah,549300G5DVGM0ZHRQC33,,3,2,0,0.01,0,0,3,0,0,0,0,2,0,0,national
2025,OR,41051,Multnomah,549300GL7DLQR39MW179,,3,2,1,0.01,3,0,0,0,0,2,0,0,0,0,national
2025,OR,41051,Multnomah,549300GQDT484LGI9C04,,11,2,1,0.01,9,1,1,0,0,2,0,0,0,0,national
2025,OR,41051,Multnomah,549300HCNXMTNGIMAR91,,3,2,1,0.01,3,0,0,0,0,2,0,0,0,0,national
2025,OR,41051,Multnomah,549300HH0V8LECLNPQ26,ROGUE,3,2,0,0.01,3,0,0,0,0,2,0,0,0,0,national
2025,OR,41051,Multnomah,549300HINJH60UG3KG47,,2,2,0,0.01,2,0,0,0,0,2,0,0,0,0,national
2025,OR,41051,Multnomah,549300JGMQJ4R419LR70,,2,2,0,0.01,2,0,0,0,0,2,0,0,0,0,national
2025,OR,41051,Multnomah,549300JQALY53TH22D13,,2,2,0,0.01,2,0,0,0,0,2,0,0,0,0,national
2025,OR,41051,Multnomah,549300KDR80I1ELW8D36,,5,2,1,0.01,5,0,0,0,0,2,0,0,0,0,national
2025,OR,41051,Multnomah,549300KW3HYVC06WS898,,3,2,0,0.01,3,0,0,0,0,2,0,0,0,0,national
2025,OR,41051,Multnomah,549300R0SXC1JU7ZU290,"FIRST COMMUNITY MORTGAGE, INC.",3,2,0,0.01,1,2,0,0,0,0,2,0,0,0,national
2025,OR,41051,Multnomah,549300R4F5COFJE0DN81,,3,2,1,0.01,3,0,0,0,0,2,0,0,0,0,national
2025,OR,41051,Multnomah,549300REENMLD2RN3W58,"Magnolia Bank, Incorporated",3,2,1,0.01,0,0,3,0,0,0,0,2,0,0,national
2025,OR,41051,Multnomah,549300RM1IZYGQDSNL85,,6,2,0,0.01,2,3,1,0,0,1,1,0,0,0,national
2025,OR,41051,Multnomah,549300RYTR2RVL4SFJ90,,2,2,0,0.01,2,0,0,0,0,2,0,0,0,0,national
2025,OR,41051,Multnomah,549300T61O0X0RJMQ375,,4,2,0,0.01,4,0,0,0,0,2,0,0,0,0,national
2025,OR,41051,Multnomah,549300TMY3OACQC9U777,,9,2,1,0.01,9,0,0,0,0,2,0,0,0,0,national
2025,OR,41051,Multnomah,549300TTPRGSP8DGY569,,2,2,0,0.01,2,0,0,0,0,2,0,0,0,0,national
2025,OR,41051,Multnomah,549300TUSRLWD8ETNR90,SPOKANE TEACHERS,2,2,0,0.01,2,0,0,0,0,2,0,0,0,0,national
2025,OR,41051,Multnomah,549300UF3FPC7U6RFC59,The Central Trust Bank,2,2,0,0.01,2,0,0,0,0,2,0,0,0,0,national
2025,OR,41051,Multnomah,549300VQUTI5IU7GXT57,SECURITYNATIONAL MORTGAGE COMPANY,7,2,3,0.01,5,2,0,0,0,1,1,0,0,0,national
2025,OR,41051,Multnomah,549300VVH8HHFMWL8536,,2,2,0,0.01,2,0,0,0,0,2,0,0,0,0,national
2025,OR,41051,Multnomah,549300W0YBCUV18HSR42,,2,2,0,0.01,2,0,0,0,0,2,0,0,0,0,national
2025,OR,41051,Multnomah,549300W4FT4H1UWPGU95,GREENSTATE Credit Union,4,2,0,0.01,4,0,0,0,0,2,0,0,0,0,national
2025,OR,41051,Multnomah,549300WYBPIWKK6SQC06,Bell Bank,2,2,0,0.01,2,0,0,0,0,2,0,0,0,0,national
2025,OR,41051,Multnomah,549300XQ7B5FIVUNFE29,VAN DYK MORTGAGE CORPORATION,4,2,0,0.01,3,1,0,0,0,1,1,0,0,0,national
2025,OR,41051,Multnomah,549300XRXBA38J60S618,,2,2,0,0.01,2,0,0,0,0,2,0,0,0,0,national
2025,OR,41051,Multnomah,549300YPBBHUEKV1YC68,,2,2,0,0.01,2,0,0,0,0,2,0,0,0,0,national
2025,OR,41051,Multnomah,549300ZZME37MXI1EF14,"DAS ACQUISITION COMPANY, LLC",2,2,0,0.01,1,0,1,0,0,1,0,1,0,0,national
2025,OR,41051,Multnomah,593C3GZG957YOJPS2Z63,,2,2,0,0.01,2,0,0,0,0,2,0,0,0,0,national
2025,OR,41051,Multnomah,984500FAD1FB7FEGTE82,,2,2,0,0.01,2,0,0,0,0,2,0,0,0,0,national
2025,OR,41051,Multnomah,C398JSK21YCXWM603F55,"Barrington Bank & Trust Company, National Association",2,2,0,0.01,2,0,0,0,0,2,0,0,0,0,national
2025,OR,41051,Multnomah,DRMSV1Q0EKMEXLAU1P80,"Citizens Bank, National Association",4,2,0,0.01,2,2,0,0,0,2,0,0,0,0,national
2025,OR,41051,Multnomah,EQTWLK1G7ODGC2MGLV11,Regions Bank,2,2,0,0.01,2,0,0,0,0,2,0,0,0,0,national
2025,OR,41051,Multnomah,FDXQ75GPEQKRPWABYN63,,2,2,0,0.01,2,0,0,0,0,2,0,0,0,0,national
2025,OR,41051,Multnomah,JJKC32MCHWDI71265Z06,Truist Bank,2,2,0,0.01,2,0,0,0,0,2,0,0,0,0,national
2025,OR,41051,Multnomah,WWJYKHS2UNKSDW8XLB53,,2,2,0,0.01,2,0,0,0,0,2,0,0,0,0,national
2025,OR,41051,Multnomah,2549002VH9C0PKB8K153,,2,1,0,0.01,2,0,0,0,0,1,0,0,0,0,national
2025,OR,41051,Multnomah,254900378RFGMBEKAF12,,3,1,2,0.01,3,0,0,0,0,1,0,0,0,0,national
2025,OR,41051,Multnomah,2549005Q4HZ55QX7YC64,,1,1,0,0.01,1,0,0,0,0,1,0,0,0,0,national
2025,OR,41051,Multnomah,2549009X2AG1P20YAJ63,,2,1,0,0.01,2,0,0,0,0,1,0,0,0,0,national
2025,OR,41051,Multnomah,254900BBWJ82FQDQ6823,,2,1,1,0.01,2,0,0,0,0,1,0,0,0,0,national
2025,OR,41051,Multnomah,254900HO9WPE4LTLQU96,,2,1,0,0.01,0,1,1,0,0,0,1,0,0,0,national
2025,OR,41051,Multnomah,254900IU2EZH8TXNXE23,,1,1,0,0.01,1,0,0,0,0,1,0,0,0,0,national
2025,OR,41051,Multnomah,254900KI7219LQKCI772,First Western Trust Bank,1,1,0,0.01,1,0,0,0,0,1,0,0,0,0,national
2025,OR,41051,Multnomah,254900LNRKOG7TRURB32,,1,1,0,0.01,1,0,0,0,0,1,0,0,0,0,national
2025,OR,41051,Multnomah,254900MHHOS58M9D0445,,1,1,0,0.01,1,0,0,0,0,1,0,0,0,0,national
2025,OR,41051,Multnomah,254900MRUZFHXLEPLR52,,1,1,0,0.01,1,0,0,0,0,1,0,0,0,0,national
2025,OR,41051,Multnomah,254900P7WLDQD9IUL038,Service Federal Credit Union,1,1,0,0.01,1,0,0,0,0,1,0,0,0,0,national
2025,OR,41051,Multnomah,254900QPRPHIXEAX3L37,,2,1,1,0.01,2,0,0,0,0,1,0,0,0,0,national
2025,OR,41051,Multnomah,254900RM3T6WAVE6SA24,,1,1,0,0.01,1,0,0,0,0,1,0,0,0,0,national
2025,OR,41051,Multnomah,254900RQX8N4HXJIDK44,,2,1,0,0.01,1,1,0,0,0,1,0,0,0,0,national
2025,OR,41051,Multnomah,254900U1OBL1MC6M6518,,1,1,0,0.01,1,0,0,0,0,1,0,0,0,0,national
2025,OR,41051,Multnomah,254900V6GCDMRQZ34D96,,1,1,0,0.01,1,0,0,0,0,1,0,0,0,0,national
2025,OR,41051,Multnomah,337KMNHEWWWR6B7Q7W10,,1,1,0,0.01,1,0,0,0,0,1,0,0,0,0,national
2025,OR,41051,Multnomah,5493000BAKE4VAHVCU55,,2,1,0,0.01,2,0,0,0,0,1,0,0,0,0,national
2025,OR,41051,Multnomah,5493001U0HWKEN6OLT59,,1,1,0,0.01,1,0,0,0,0,1,0,0,0,0,national
2025,OR,41051,Multnomah,54930022CQGV47Q8PM03,,1,1,0,0.01,0,1,0,0,0,0,1,0,0,0,national
2025,OR,41051,Multnomah,5493002TJKC8NLH1ZP82,,2,1,0,0.01,1,1,0,0,0,1,0,0,0,0,national
2025,OR,41051,Multnomah,5493002W52M3SYLFEX32,,1,1,0,0.01,0,1,0,0,0,0,1,0,0,0,national
2025,OR,41051,Multnomah,54930035WLX14VQW9V81,,1,1,0,0.01,1,0,0,0,0,1,0,0,0,0,national
2025,OR,41051,Multnomah,5493003B2LEGQHDWRN55,HANSCOM,1,1,0,0.01,1,0,0,0,0,1,0,0,0,0,national
2025,OR,41051,Multnomah,5493004F7BXDIUFVPV87,,1,1,0,0.01,1,0,0,0,0,1,0,0,0,0,national
2025,OR,41051,Multnomah,5493004R423PBPM6A173,,1,1,0,0.01,0,1,0,0,0,0,1,0,0,0,national
2025,OR,41051,Multnomah,54930053SM8COVIPIY54,MICHIGAN STATE UNIVERSITY Federal Credit Union,1,1,0,0.01,1,0,0,0,0,1,0,0,0,0,national
2025,OR,41051,Multnomah,5493005A0757T9GRRI44,,1,1,0,0.01,1,0,0,0,0,1,0,0,0,0,national
2025,OR,41051,Multnomah,5493005JPZ3LXXMB0S24,"Carrington Mortgage Services, LLC",2,1,0,0.01,2,0,0,0,0,1,0,0,0,0,national
2025,OR,41051,Multnomah,54930072OCHTUJOZQB56,Liberty Credit Union,1,1,0,0.01,1,0,0,0,0,1,0,0,0,0,national
2025,OR,41051,Multnomah,5493007BX4I89K17ZM64,,1,1,0,0.01,0,1,0,0,0,0,1,0,0,0,national
2025,OR,41051,Multnomah,5493007CLWQN2S6IZK91,,2,1,0,0.01,0,0,2,0,0,0,0,1,0,0,national
2025,OR,41051,Multnomah,5493007L4GYNO2PUBS09,,1,1,0,0.01,1,0,0,0,0,1,0,0,0,0,national
2025,OR,41051,Multnomah,5493007Z7FTUKQGFMZ98,,1,1,0,0.01,1,0,0,0,0,1,0,0,0,0,national
2025,OR,41051,Multnomah,5493007ZF78YQRSXQG49,,1,1,0,0.01,1,0,0,0,0,1,0,0,0,0,national
2025,OR,41051,Multnomah,54930083D8Q8RK84Y448,,1,1,0,0.01,1,0,0,0,0,1,0,0,0,0,national
2025,OR,41051,Multnomah,54930091CYUK2SDZ6D37,,1,1,0,0.01,1,0,0,0,0,1,0,0,0,0,national
2025,OR,41051,Multnomah,54930097J3TUZXBXXE75,,1,1,0,0.01,1,0,0,0,0,1,0,0,0,0,national
2025,OR,41051,Multnomah,5493009QB0KBU5M6NP90,,3,1,0,0.01,3,0,0,0,0,1,0,0,0,0,national
2025,OR,41051,Multnomah,549300A68YW07V5R5G22,,2,1,0,0.01,2,0,0,0,0,1,0,0,0,0,national
2025,OR,41051,Multnomah,549300AG10BX85DF5S49,MLD MORTGAGE INC.,3,1,1,0.01,3,0,0,0,0,1,0,0,0,0,national
2025,OR,41051,Multnomah,549300AT7EB9FJAF0E61,Old National Bank,1,1,0,0.01,1,0,0,0,0,1,0,0,0,0,national
2025,OR,41051,Multnomah,549300BEFX6JRSCS5N78,,1,1,0,0.01,1,0,0,0,0,1,0,0,0,0,national
2025,OR,41051,Multnomah,549300BOXNV8VLRBDT24,,6,1,1,0.01,6,0,0,0,0,1,0,0,0,0,national
2025,OR,41051,Multnomah,549300C1ICNCM0V37Y02,"First State Bank of St. Charles, Missouri",1,1,0,0.01,0,1,0,0,0,0,1,0,0,0,national
2025,OR,41051,Multnomah,549300C4J510S9L1RF98,"Alerus Financial, National Association",1,1,0,0.01,1,0,0,0,0,1,0,0,0,0,national
2025,OR,41051,Multnomah,549300CLRXFVF83ZL806,"NATIONWIDE MORTGAGE BANKERS, INC.",1,1,0,0.01,1,0,0,0,0,1,0,0,0,0,national
2025,OR,41051,Multnomah,549300D3LYUX1NJVC329,,1,1,0,0.01,1,0,0,0,0,1,0,0,0,0,national
2025,OR,41051,Multnomah,549300DDLYW49R2HCV81,EASTMAN CREDIT UNION,1,1,0,0.01,1,0,0,0,0,1,0,0,0,0,national
2025,OR,41051,Multnomah,549300DK7QID2ZON6Q55,,1,1,0,0.01,1,0,0,0,0,1,0,0,0,0,national
2025,OR,41051,Multnomah,549300DNWSJUNAWUM003,,1,1,0,0.01,1,0,0,0,0,1,0,0,0,0,national
2025,OR,41051,Multnomah,549300DQLGJ1YQRRHH73,,1,1,0,0.01,1,0,0,0,0,1,0,0,0,0,national
2025,OR,41051,Multnomah,549300DT7WZ1SOTNFJ62,,1,1,0,0.01,1,0,0,0,0,1,0,0,0,0,national
2025,OR,41051,Multnomah,549300DX0B304LAKUN93,,2,1,1,0.01,0,2,0,0,0,0,1,0,0,0,national
2025,OR,41051,Multnomah,549300ELXS6PBT8OEE44,,1,1,0,0.01,1,0,0,0,0,1,0,0,0,0,national
2025,OR,41051,Multnomah,549300F570XAWYN8Z237,,1,1,0,0.01,1,0,0,0,0,1,0,0,0,0,national
2025,OR,41051,Multnomah,549300GGB04TG4AH1377,,2,1,1,0.01,2,0,0,0,0,1,0,0,0,0,national
2025,OR,41051,Multnomah,549300GIVX5W7UETD809,,1,1,0,0.01,1,0,0,0,0,1,0,0,0,0,national
2025,OR,41051,Multnomah,549300GTVXJ2PGXNLM73,T2 FINANCIAL LLC,1,1,0,0.01,0,1,0,0,0,0,1,0,0,0,national
2025,OR,41051,Multnomah,549300GYK7N8U42X9587,,1,1,0,0.01,1,0,0,0,0,1,0,0,0,0,national
2025,OR,41051,Multnomah,549300HVW3AI97UKTO72,Wings Financial Credit Union,1,1,0,0.01,1,0,0,0,0,1,0,0,0,0,national
2025,OR,41051,Multnomah,549300I1HK1BBZLKOB84,,3,1,0,0.01,3,0,0,0,0,1,0,0,0,0,national
2025,OR,41051,Multnomah,549300IKS3MMB5YK6T18,,1,1,0,0.01,1,0,0,0,0,1,0,0,0,0,national
2025,OR,41051,Multnomah,549300JD1162QW84ZO34,,1,1,0,0.01,1,0,0,0,0,1,0,0,0,0,national
2025,OR,41051,Multnomah,549300JGK6WNKYXQ0821,,1,1,0,0.01,1,0,0,0,0,1,0,0,0,0,national
2025,OR,41051,Multnomah,549300JOD3S8ZGZLHP53,,1,1,0,0.01,1,0,0,0,0,1,0,0,0,0,national
2025,OR,41051,Multnomah,549300JPGMCMBEJEK584,FIRST TECHNOLOGY,4,1,1,0.01,4,0,0,0,0,1,0,0,0,0,national
2025,OR,41051,Multnomah,549300JPVHG8M0ADBX36,,3,1,1,0.01,3,0,0,0,0,1,0,0,0,0,national
2025,OR,41051,Multnomah,549300K5R2UQGSNVT989,,1,1,0,0.01,1,0,0,0,0,1,0,0,0,0,national
2025,OR,41051,Multnomah,549300K6K2IS7FRS7S09,,1,1,0,0.01,1,0,0,0,0,1,0,0,0,0,national
2025,OR,41051,Multnomah,549300KBCEYCLANGUM06,,1,1,0,0.01,1,0,0,0,0,1,0,0,0,0,national
2025,OR,41051,Multnomah,549300KHXD7JSQUZIJ22,,1,1,0,0.01,0,1,0,0,0,0,1,0,0,0,national
2025,OR,41051,Multnomah,549300KOAKQX3BEWWT56,,1,1,0,0.01,1,0,0,0,0,1,0,0,0,0,national
2025,OR,41051,Multnomah,549300KUIZTYQRC0R888,,1,1,0,0.01,1,0,0,0,0,1,0,0,0,0,national
2025,OR,41051,Multnomah,549300KX4S1573HISS22,,4,1,1,0.01,4,0,0,0,0,1,0,0,0,0,national
2025,OR,41051,Multnomah,549300LI3FDGO7UKFF39,EAST COAST CAPITAL CORP.,2,1,0,0.01,2,0,0,0,0,1,0,0,0,0,national
2025,OR,41051,Multnomah,549300LLQD0X2OTG0Y27,,1,1,0,0.01,0,1,0,0,0,0,1,0,0,0,national
2025,OR,41051,Multnomah,549300OLJQ30ZT21BC55,,1,1,0,0.01,1,0,0,0,0,1,0,0,0,0,national
2025,OR,41051,Multnomah,549300OYEKEORA1GI088,,1,1,0,0.01,0,0,1,0,0,0,0,1,0,0,national
2025,OR,41051,Multnomah,549300OYN1WD4APNOU82,,1,1,0,0.01,1,0,0,0,0,1,0,0,0,0,national
2025,OR,41051,Multnomah,549300PXIFIEPL7D7R86,,1,1,0,0.01,1,0,0,0,0,1,0,0,0,0,national
2025,OR,41051,Multnomah,549300Q3ROEQU3D1IW91,,10,1,7,0.01,10,0,0,0,0,1,0,0,0,0,national
2025,OR,41051,Multnomah,549300QD23LICPXTPB55,,1,1,0,0.01,0,0,1,0,0,0,0,1,0,0,national
2025,OR,41051,Multnomah,549300RFPLMCMJL7BS81,,1,1,0,0.01,1,0,0,0,0,1,0,0,0,0,national
2025,OR,41051,Multnomah,549300RFSMIRUODUVW59,,4,1,3,0.01,4,0,0,0,0,1,0,0,0,0,national
2025,OR,41051,Multnomah,549300S5FVOSK5DQJN30,INTERCAP LENDING INC.,1,1,0,0.01,0,0,1,0,0,0,0,1,0,0,national
2025,OR,41051,Multnomah,549300SQRR7T3EUSDD87,,1,1,0,0.01,1,0,0,0,0,1,0,0,0,0,national
2025,OR,41051,Multnomah,549300T03X096VF60C57,,1,1,0,0.01,1,0,0,0,0,1,0,0,0,0,national
2025,OR,41051,Multnomah,549300TEGBOIDI6Z5J56,,1,1,0,0.01,1,0,0,0,0,1,0,0,0,0,national
2025,OR,41051,Multnomah,549300TULDV69V2XKY60,,1,1,0,0.01,1,0,0,0,0,1,0,0,0,0,national
2025,OR,41051,Multnomah,549300TUQC6OYE8A0Y96,,5,1,1,0.01,5,0,0,0,0,1,0,0,0,0,national
2025,OR,41051,Multnomah,549300UPB8ITF7B1GI03,,1,1,0,0.01,0,1,0,0,0,0,1,0,0,0,national
2025,OR,41051,Multnomah,549300VMVKSQE1B7DD43,The Camden National Bank,1,1,0,0.01,1,0,0,0,0,1,0,0,0,0,national
2025,OR,41051,Multnomah,549300WH9FMXOC63ZV77,,1,1,0,0.01,1,0,0,0,0,1,0,0,0,0,national
2025,OR,41051,Multnomah,549300YDBNK66R6ZES34,TOGETHER CREDIT UNION,1,1,0,0.01,1,0,0,0,0,1,0,0,0,0,national
2025,OR,41051,Multnomah,549300YM15OICCNPH537,,2,1,0,0.01,2,0,0,0,0,1,0,0,0,0,national
2025,OR,41051,Multnomah,549300YS7PW1Y7DQZG40,,1,1,0,0.01,1,0,0,0,0,1,0,0,0,0,national
2025,OR,41051,Multnomah,549300ZCR1XCLNEEI724,,4,1,0,0.01,4,0,0,0,0,1,0,0,0,0,national
2025,OR,41051,Multnomah,549300ZIXM1VUXPG4D03,,1,1,0,0.01,1,0,0,0,0,1,0,0,0,0,national
2025,OR,41051,Multnomah,6PTKHDJ8HDUF78PFWH30,,1,1,0,0.01,1,0,0,0,0,1,0,0,0,0,national
2025,OR,41051,Multnomah,98450058D88OE4463626,,1,1,0,0.01,1,0,0,0,0,1,0,0,0,0,national
2025,OR,41051,Multnomah,984500F6E6940CCB6A60,,2,1,1,0.01,2,0,0,0,0,1,0,0,0,0,national
2025,OR,41051,Multnomah,COOWI3L2W9TPYR3WJX37,First Horizon Bank,1,1,0,0.01,1,0,0,0,0,1,0,0,0,0,national
2025,OR,41051,Multnomah,HIDXEG9BLUJZKBGUT764,Bank-Fund Staff Federal Credit Union,1,1,0,0.01,1,0,0,0,0,1,0,0,0,0,national
2025,OR,41051,Multnomah,KD3XUN7C6T14HNAYLU02,,2,1,1,0.01,2,0,0,0,0,1,0,0,0,0,national
2025,OR,41051,Multnomah,QFROUN1UWUYU0DVIWD51,"Eagle Home Mortgage, LLC",1,1,0,0.01,1,0,0,0,0,1,0,0,0,0,national
2025,OR,41051,Multnomah,S0Q3AHZRL5K6VQE35M07,First Merchants Bank,1,1,0,0.01,1,0,0,0,0,1,0,0,0,0,national
2025,OR,41051,Multnomah,2549007AU24FVDMNUB40,,6,0,3,0.0,6,0,0,0,0,0,0,0,0,0,national
2025,OR,41051,Multnomah,5493000YNV8IX4VD3X12,"VANDERBILT MORTGAGE AND FINANCE, INC.",6,0,2,0.0,6,0,0,0,0,0,0,0,0,0,national
2025,OR,41051,Multnomah,5493001PXRJMPLXPG540,,5,0,3,0.0,5,0,0,0,0,0,0,0,0,0,national
2025,OR,41051,Multnomah,54930091JQKCU3Z6IP44,,42,0,13,0.0,42,0,0,0,0,0,0,0,0,0,national
2025,OR,41051,Multnomah,549300NFPC3Y4W3Y7R87,,10,0,4,0.0,10,0,0,0,0,0,0,0,0,0,national
2025,OR,41051,Multnomah,549300PWMS2701UFP528,,5,0,0,0.0,2,3,0,0,0,0,0,0,0,0,national
2025,OR,41051,Multnomah,549300XRF9LCZ3RX3Q39,,5,0,0,0.0,0,0,5,0,0,0,0,0,0,0,national
2025,OR,41053,Polk,549300CDLJDN8ENOT455,MARION AND POLK SCHOOLS CREDIT UNION,194,143,26,7.08,194,0,0,0,0,143,0,0,0,0,national
2025,OR,41053,Polk,549300FGXN1K3HLB1R50,"Rocket Mortgage, LLC",191,140,29,6.93,140,35,16,0,0,104,24,12,0,0,national
2025,OR,41053,Polk,254900Z8J5L9POS71X51,Oregon State Credit Union,191,129,17,6.39,191,0,0,0,0,129,0,0,0,0,national
2025,OR,41053,Polk,549300HW662MN1WU8550,"United Wholesale Mortgage, LLC",143,109,12,5.4,73,37,33,0,0,56,29,24,0,0,national
2025,OR,41053,Polk,549300AQ3T62GXDU7D76,GUILD MORTGAGE COMPANY LLC,146,98,4,4.85,106,29,11,0,0,67,22,9,0,0,national
2025,OR,41053,Polk,2549008LK3474E9U2888,ONPOINT COMMUNITY CREDIT UNION,91,64,13,3.17,91,0,0,0,0,64,0,0,0,0,national
2025,OR,41053,Polk,IFQSIUC9AGQV2NE8CN25,Columbia Bank,92,55,27,2.72,84,6,2,0,0,50,4,1,0,0,national
2025,OR,41053,Polk,549300QKL5FUBZ8LSF50,"NATIONS DIRECT MORTGAGE, LLC",55,45,0,2.23,35,10,10,0,0,28,7,10,0,0,national
2025,OR,41053,Polk,2549004FXPNKCLIN8250,"Synergy One Lending, Inc.",65,44,4,2.18,35,16,14,0,0,23,12,9,0,0,national
2025,OR,41053,Polk,549300L44U62O7WHRR78,FIRST COMMUNITY,62,43,12,2.13,62,0,0,0,0,43,0,0,0,0,national
2025,OR,41053,Polk,549300IEP77RKJ87Z176,OREGON COMMUNITY,58,41,10,2.03,57,0,1,0,0,41,0,0,0,0,national
2025,OR,41053,Polk,RVDPPPGHCGZ40J4VQ731,"PENNYMAC LOAN SERVICES, LLC",65,40,6,1.98,42,12,11,0,0,25,8,7,0,0,national
2025,OR,41053,Polk,5493001SXWZ4OFP8Z903,"DHI MORTGAGE COMPANY, LTD.",54,38,6,1.88,32,15,7,0,0,24,10,4,0,0,national
2025,OR,41053,Polk,549300AG64NHILB7ZP05,"LOANDEPOT.COM, LLC",46,37,4,1.83,34,9,3,0,0,27,8,2,0,0,national
2025,OR,41053,Polk,6BYL5QZYBDK8S7L73M02,U.S. Bank National Association,83,37,31,1.83,83,0,0,0,0,37,0,0,0,0,national
2025,OR,41053,Polk,549300MGPZBLQDIL7538,FAIRWAY INDEPENDENT MORTGAGE CORPORATION,45,33,2,1.63,26,13,4,2,0,19,10,3,1,0,national
2025,OR,41053,Polk,549300DD4R4SYK5RAQ92,"MOVEMENT MORTGAGE, LLC",37,30,2,1.49,28,7,2,0,0,22,7,1,0,0,national
2025,OR,41053,Polk,549300JYXTZDSPJEPI44,"PLAZA HOME MORTGAGE, INC.",37,27,8,1.34,24,8,5,0,0,18,6,3,0,0,national
2025,OR,41053,Polk,549300LYRWPSYPK6S325,FREEDOM MORTGAGE CORPORATION,58,27,6,1.34,5,30,23,0,0,3,11,13,0,0,national
2025,OR,41053,Polk,549300Q02LGIN9AXKP98,FIRST TECHNOLOGY FEDERAL CREDIT UNION,42,26,13,1.29,42,0,0,0,0,26,0,0,0,0,national
2025,OR,41053,Polk,549300DD5QQUHO6PCH70,"MORTGAGE RESEARCH CENTER, LLC",54,25,8,1.24,2,3,49,0,0,0,3,22,0,0,national
2025,OR,41053,Polk,549300GKFNPRWNS0GF29,"AmeriHome Mortgage Company, LLC",35,24,2,1.19,22,9,2,2,0,14,8,1,1,0,national
2025,OR,41053,Polk,549300FNXYY540N23N64,Newrez LLC,61,23,8,1.14,43,10,8,0,0,16,5,2,0,0,national
2025,OR,41053,Polk,549300RPOGWJRH63HS39,UNION HOME MORTGAGE CORP.,26,23,1,1.14,18,6,2,0,0,16,6,1,0,0,national
2025,OR,41053,Polk,549300VZVN841I2ILS84,"CROSSCOUNTRY MORTGAGE, LLC",34,19,3,0.94,29,4,1,0,0,16,2,1,0,0,national
2025,OR,41053,Polk,B4TYDEB6GKMZO031MB27,"Bank of America, National Association",46,19,9,0.94,46,0,0,0,0,19,0,0,0,0,national
2025,OR,41053,Polk,5493003WLEYGXGNTI654,SELCO COMMUNITY,24,17,2,0.84,24,0,0,0,0,17,0,0,0,0,national
2025,OR,41053,Polk,549300LBCBNR1OT00651,NATIONSTAR MORTGAGE LLC,24,17,3,0.84,19,3,2,0,0,13,2,2,0,0,national
2025,OR,41053,Polk,254900UL88QFG0E40516,FIGURE LENDING LLC,22,16,4,0.79,22,0,0,0,0,16,0,0,0,0,national
2025,OR,41053,Polk,549300MZ8VZJOVC63092,"KIND LENDING, LLC",22,16,6,0.79,13,5,4,0,0,11,2,3,0,0,national
2025,OR,41053,Polk,5493006KXUHSYFT7SD10,,21,15,1,0.74,11,4,5,1,0,8,2,5,0,0,national
2025,OR,41053,Polk,5493008JECR4UE0WVR04,"MORTGAGE EXPRESS, LLC",21,15,0,0.74,16,3,1,1,0,13,1,0,1,0,national
2025,OR,41053,Polk,549300CB67L6KPJLHE19,"TRIAD FINANCIAL SERVICES, INC.",45,13,20,0.64,45,0,0,0,0,13,0,0,0,0,national
2025,OR,41053,Polk,KB1H1DSPRFMYMCUFXT09,"Wells Fargo Bank, National Association",18,13,2,0.64,16,2,0,0,0,11,2,0,0,0,national
2025,OR,41053,Polk,549300BLL6VL7AXWYP56,,15,12,2,0.59,8,5,2,0,0,7,3,2,0,0,national
2025,OR,41053,Polk,549300U3721PJGQZYY68,"GUARANTEED RATE, INC.",24,12,1,0.59,17,2,5,0,0,10,1,1,0,0,national
2025,OR,41053,Polk,5493001GCBD5XGNIC815,Coastal Community Bank,40,11,1,0.54,40,0,0,0,0,11,0,0,0,0,national
2025,OR,41053,Polk,549300J6N77Q8OHYNF23,,12,11,1,0.54,6,1,5,0,0,6,1,4,0,0,national
2025,OR,41053,Polk,549300KIOYNU323LVJ37,AMERICAN PACIFIC MORTGAGE CORPORATION,13,11,1,0.54,8,5,0,0,0,7,4,0,0,0,national
2025,OR,41053,Polk,254900ZFWS2106HWPH46,"PARAMOUNT RESIDENTIAL MORTGAGE GROUP, INC.",12,10,1,0.5,9,2,1,0,0,7,2,1,0,0,national
2025,OR,41053,Polk,54930043BMDE130FJ617,"PROVIDENT FUNDING ASSOCIATES, L.P.",12,10,0,0.5,12,0,0,0,0,10,0,0,0,0,national
2025,OR,41053,Polk,54930060G4MDPWHISD89,EVERGREEN MONEYSOURCE MORTGAGE COMPANY,17,10,0,0.5,16,1,0,0,0,10,0,0,0,0,national
2025,OR,41053,Polk,549300E2UX99HKDBR481,"NEW AMERICAN FUNDING, LLC",29,10,4,0.5,16,13,0,0,0,8,2,0,0,0,national
2025,OR,41053,Polk,549300GS6ONO04ORI292,,13,10,0,0.5,9,2,2,0,0,6,2,2,0,0,national
2025,OR,41053,Polk,549300T94GSH3C4U5M59,ALLIANT CREDIT UNION,11,10,1,0.5,11,0,0,0,0,10,0,0,0,0,national
2025,OR,41053,Polk,549300VMX06UV1F7NS76,,12,10,1,0.5,4,4,4,0,0,3,3,4,0,0,national
2025,OR,41053,Polk,25490018IFQOT83Q7H49,,12,9,1,0.45,10,1,1,0,0,7,1,1,0,0,national
2025,OR,41053,Polk,254900T37KTTXKCK3416,,10,9,0,0.45,10,0,0,0,0,9,0,0,0,0,national
2025,OR,41053,Polk,5493003GQDUH26DNNH17,Navy Federal Credit Union,25,9,11,0.45,20,0,5,0,0,6,0,3,0,0,national
2025,OR,41053,Polk,549300KDR80I1ELW8D36,,18,9,3,0.45,18,0,0,0,0,9,0,0,0,0,national
2025,OR,41053,Polk,549300NFPC3Y4W3Y7R87,,15,9,1,0.45,7,5,2,1,0,4,3,1,1,0,national
2025,OR,41053,Polk,549300PIL8LFAQ04XC20,Better Mortgage Corporation,38,9,22,0.45,38,0,0,0,0,9,0,0,0,0,national
2025,OR,41053,Polk,549300SK2GVCQXPD4S58,"SUN WEST MORTGAGE COMPANY, INC.",11,9,1,0.45,1,6,4,0,0,1,4,4,0,0,national
2025,OR,41053,Polk,549300YIQ7S7Z8PIHE53,AMERISAVE MORTGAGE CORPORATION,33,9,20,0.45,29,3,1,0,0,9,0,0,0,0,national
2025,OR,41053,Polk,5493000OM9RKJW8W5K82,,8,8,0,0.4,3,3,2,0,0,3,3,2,0,0,national
2025,OR,41053,Polk,5493001WHVQBGRSWEU75,"HOMEBRIDGE FINANCIAL SERVICES, INC.",9,8,0,0.4,6,1,2,0,0,5,1,2,0,0,national
2025,OR,41053,Polk,5493005PKOSG7MYX0B34,"Prosperity Home Mortgage, LLC",13,8,1,0.4,6,6,1,0,0,4,3,1,0,0,national
2025,OR,41053,Polk,5493008NWHQT1R22C024,"AMERICAN FINANCIAL NETWORK, INC.",12,8,0,0.4,2,9,0,1,0,1,6,0,1,0,national
2025,OR,41053,Polk,5493008VVXQIDO1EZ460,"SUMMIT FUNDING, INC.",10,8,1,0.4,5,5,0,0,0,5,3,0,0,0,national
2025,OR,41053,Polk,549300OPCWU6E72WUT29,"MUTUAL OF OMAHA MORTGAGE, INC.",17,8,8,0.4,5,10,2,0,0,3,5,0,0,0,national
2025,OR,41053,Polk,549300R9S3MVDV4MGF56,"CARRINGTON MORTGAGE SERVICES, LLC",21,8,10,0.4,14,6,1,0,0,7,1,0,0,0,national
2025,OR,41053,Polk,7H6GLXDRUGQFU57RNE97,"JPMorgan Chase Bank, National Association",10,8,1,0.4,9,0,1,0,0,7,0,1,0,0,national
2025,OR,41053,Polk,25490066WMF8ZMQXQB18,"Lendage, LLC",7,7,0,0.35,7,0,0,0,0,7,0,0,0,0,national
2025,OR,41053,Polk,549300UBGGLZLZEY0M18,,9,7,2,0.35,9,0,0,0,0,7,0,0,0,0,national
2025,OR,41053,Polk,2549005SIVTHG14U2905,A&D Mortgage LLC,7,6,0,0.3,7,0,0,0,0,6,0,0,0,0,national
2025,OR,41053,Polk,254900DTLHVWQ7NP7R34,"CMG Mortgage, Inc.",7,6,0,0.3,6,1,0,0,0,5,1,0,0,0,national
2025,OR,41053,Polk,254900TTZ395IC926125,,7,6,0,0.3,6,0,0,1,0,5,0,0,1,0,national
2025,OR,41053,Polk,5493002GI63WHHUTUD85,"KEYSTONE FUNDING, INC.",6,6,0,0.3,3,2,1,0,0,3,2,1,0,0,national
2025,OR,41053,Polk,54930054ET8KM4O1D485,"SOFI BANK, NATIONAL ASSOCIATION",21,6,2,0.3,21,0,0,0,0,6,0,0,0,0,national
2025,OR,41053,Polk,549300ZWNETGFXTBBY03,"CANOPY MORTGAGE, LLC",11,6,0,0.3,7,4,0,0,0,4,2,0,0,0,national
2025,OR,41053,Polk,WE0I402RW25AU38DTI13,Banner Bank,7,6,1,0.3,7,0,0,0,0,6,0,0,0,0,national
2025,OR,41053,Polk,2549001IK7UDPADKAG34,,16,5,8,0.25,16,0,0,0,0,5,0,0,0,0,national
2025,OR,41053,Polk,5493002B2WMHY23GFK92,"AMERICAN FINANCIAL RESOURCES, INC.",8,5,2,0.25,2,2,4,0,0,2,1,2,0,0,national
2025,OR,41053,Polk,549300EKFFG3BU8DNX74,NEXERA HOLDING LLC,5,5,0,0.25,5,0,0,0,0,5,0,0,0,0,national
2025,OR,41053,Polk,549300GL7DLQR39MW179,,8,5,3,0.25,8,0,0,0,0,5,0,0,0,0,national
2025,OR,41053,Polk,549300NOCASXPA34X033,"LAKEVIEW LOAN SERVICING, LLC",21,5,11,0.25,12,5,4,0,0,2,1,2,0,0,national
2025,OR,41053,Polk,549300Q3ROEQU3D1IW91,,13,5,6,0.25,13,0,0,0,0,5,0,0,0,0,national
2025,OR,41053,Polk,549300UB5TJ0YPVPT503,,9,5,2,0.25,7,1,1,0,0,4,1,0,0,0,national
2025,OR,41053,Polk,549300UR5AOWTJJ7KZ64,,8,5,0,0.25,8,0,0,0,0,5,0,0,0,0,national
2025,OR,41053,Polk,PAOOWF3GUFM46FBSP561,,5,5,0,0.25,2,2,1,0,0,2,2,1,0,0,national
2025,OR,41053,Polk,254900P1I9VHKMF8R991,,5,4,0,0.2,5,0,0,0,0,4,0,0,0,0,national
2025,OR,41053,Polk,549300323EON4W3CCM44,"RESICENTRAL, LLC",10,4,0,0.2,5,3,2,0,0,3,0,1,0,0,national
2025,OR,41053,Polk,5493004AS1SPBQOFDR49,"Change Lending, LLC",5,4,0,0.2,5,0,0,0,0,4,0,0,0,0,national
2025,OR,41053,Polk,5493009B17HXCVXTD608,"JMAC LENDING, INC.",7,4,1,0.2,3,3,0,1,0,2,1,0,1,0,national
2025,OR,41053,Polk,549300WJIJV987NXVC31,,6,4,0,0.2,2,3,1,0,0,2,2,0,0,0,national
2025,OR,41053,Polk,549300YX5RPSSMR88K92,,4,4,0,0.2,4,0,0,0,0,4,0,0,0,0,national
2025,OR,41053,Polk,C5654JQHZUHN0772B561,USAA Federal Savings Bank,5,4,0,0.2,2,0,3,0,0,2,0,2,0,0,national
2025,OR,41053,Polk,CKVBED0S4DMLKJJ5XH28,Stifel Bank and Trust,5,4,0,0.2,5,0,0,0,0,4,0,0,0,0,national
2025,OR,41053,Polk,D38AC76TAMYI50NBPX33,,5,4,1,0.2,5,0,0,0,0,4,0,0,0,0,national
2025,OR,41053,Polk,HUX2X73FUCYHUVH1BK78,KeyBank National Association,15,4,6,0.2,14,1,0,0,0,4,0,0,0,0,national
2025,OR,41053,Polk,549300121SF0K2LN2804,"PRIMELENDING, A PLAINSCAPITAL COMPANY",4,3,1,0.15,2,2,0,0,0,2,1,0,0,0,national
2025,OR,41053,Polk,54930021WPEXNHYZUL09,"PLANET HOME LENDING, LLC",4,3,1,0.15,1,3,0,0,0,1,2,0,0,0,national
2025,OR,41053,Polk,5493003NV9L53LK1XI52,,3,3,0,0.15,1,2,0,0,0,1,2,0,0,0,national
2025,OR,41053,Polk,54930049L5WINET09Q97,"CLICK N' CLOSE, INC.",3,3,0,0.15,0,3,0,0,0,0,3,0,0,0,national
2025,OR,41053,Polk,549300ALNLUNS3Y53T24,AMERICAN FINANCING CORPORATION,17,3,7,0.15,7,9,1,0,0,0,2,1,0,0,national
2025,OR,41053,Polk,549300CK7U1WMTIG6687,,3,3,0,0.15,0,3,0,0,0,0,3,0,0,0,national
2025,OR,41053,Polk,549300E34W6TNRG7B624,,3,3,0,0.15,3,0,0,0,0,3,0,0,0,0,national
2025,OR,41053,Polk,549300KJ8PAJ7E52HG32,Plains Commerce Bank,3,3,0,0.15,2,0,1,0,0,2,0,1,0,0,national
2025,OR,41053,Polk,549300PQLK8E48ILXV41,,6,3,2,0.15,6,0,0,0,0,3,0,0,0,0,national
2025,OR,41053,Polk,549300SUCQ1358EGVE89,"NEW DAY FINANCIAL, LLC",10,3,4,0.15,0,0,10,0,0,0,0,3,0,0,national
2025,OR,41053,Polk,549300XQVJ1XBNFA5536,21ST MORTGAGE CORPORATION,25,3,14,0.15,25,0,0,0,0,3,0,0,0,0,national
2025,OR,41053,Polk,SS1TRMSN6BRNMOREEV51,"Flagstar Bank, National Association",8,3,3,0.15,4,4,0,0,0,2,1,0,0,0,national
2025,OR,41053,Polk,X05BVSK68TQ7YTOSNR22,Discover Bank,25,3,15,0.15,25,0,0,0,0,3,0,0,0,0,national
2025,OR,41053,Polk,01KWVG908KE7RKPTNP46,,2,2,0,0.1,1,0,1,0,0,1,0,1,0,0,national
2025,OR,41053,Polk,254900BDGU9FU91PQA51,,2,2,0,0.1,1,1,0,0,0,1,1,0,0,0,national
2025,OR,41053,Polk,254900HA4DQWAE0W3342,"AMERIHOME MORTGAGE COMPANY, LLC",2,2,0,0.1,2,0,0,0,0,2,0,0,0,0,national
2025,OR,41053,Polk,254900M2C4Q6DATP2889,,8,2,0,0.1,2,5,1,0,0,0,2,0,0,0,national
2025,OR,41053,Polk,254900WT4HAMDFWH3048,,3,2,0,0.1,1,2,0,0,0,0,2,0,0,0,national
2025,OR,41053,Polk,5493000FWM3I2HHQY149,WASHINGTON STATE EMPLOYEES CREDIT UNION,2,2,0,0.1,2,0,0,0,0,2,0,0,0,0,national
2025,OR,41053,Polk,5493001YIUWLFRXQUO81,,2,2,0,0.1,1,1,0,0,0,1,1,0,0,0,national
2025,OR,41053,Polk,5493004T38NMC864VL66,,2,2,0,0.1,2,0,0,0,0,2,0,0,0,0,national
2025,OR,41053,Polk,549300748YYU6VG08N83,"Loan Simple, Inc.",2,2,0,0.1,0,2,0,0,0,0,2,0,0,0,national
2025,OR,41053,Polk,549300BX448ALT10FI43,The Federal Savings Bank,8,2,1,0.1,1,1,6,0,0,0,1,1,0,0,national
2025,OR,41053,Polk,549300CPJH6JMU13EQ37,,2,2,0,0.1,2,0,0,0,0,2,0,0,0,0,national
2025,OR,41053,Polk,549300FX7K8PTEQUU487,PENTAGON FEDERAL CREDIT UNION,4,2,2,0.1,4,0,0,0,0,2,0,0,0,0,national
2025,OR,41053,Polk,549300K4ZLGS7SRDTL86,Equity Prime Mortgage LLC,7,2,1,0.1,0,5,2,0,0,0,1,1,0,0,national
2025,OR,41053,Polk,549300KM40FP4MSQU941,Boeing Employees Credit Union,4,2,1,0.1,4,0,0,0,0,2,0,0,0,0,national
2025,OR,41053,Polk,549300LROQOOQU77WS20,,5,2,0,0.1,5,0,0,0,0,2,0,0,0,0,national
2025,OR,41053,Polk,549300N2GMOJ61XHEL06,,3,2,0,0.1,2,0,1,0,0,2,0,0,0,0,national
2025,OR,41053,Polk,549300PL8ER6H23P0Z91,,2,2,0,0.1,1,1,0,0,0,1,1,0,0,0,national
2025,OR,41053,Polk,549300RA3E0BUFO7YZ21,"Hometown Equity Mortgage, LLC",3,2,1,0.1,3,0,0,0,0,2,0,0,0,0,national
2025,OR,41053,Polk,549300T9P3WXNMXX0I34,Ixonia Bank,4,2,0,0.1,1,3,0,0,0,0,2,0,0,0,national
2025,OR,41053,Polk,549300VCMRO4ST680C11,VILLAGE CAPITAL & INVESTMENT LLC,9,2,3,0.1,0,4,5,0,0,0,1,1,0,0,national
2025,OR,41053,Polk,549300VQUTI5IU7GXT57,SECURITYNATIONAL MORTGAGE COMPANY,2,2,0,0.1,1,1,0,0,0,1,1,0,0,0,national
2025,OR,41053,Polk,9845006YE04B346EC919,,5,2,2,0.1,2,1,2,0,0,1,0,1,0,0,national
2025,OR,41053,Polk,98450087981AP406JG03,,2,2,0,0.1,2,0,0,0,0,2,0,0,0,0,national
2025,OR,41053,Polk,Q708HHR4LD2B7XIZNO92,First Federal Bank,3,2,0,0.1,3,0,0,0,0,2,0,0,0,0,national
2025,OR,41053,Polk,213800XR2TCBQJSF1X93,,1,1,0,0.05,1,0,0,0,0,1,0,0,0,0,national
2025,OR,41053,Polk,2549001SI0EMFPT39035,"Cornerstone First Mortgage, Inc",1,1,0,0.05,1,0,0,0,0,1,0,0,0,0,national
2025,OR,41053,Polk,2549008TT6UNYR7AXF54,,2,1,0,0.05,2,0,0,0,0,1,0,0,0,0,national
2025,OR,41053,Polk,254900IEGKUDRDS23V26,,3,1,0,0.05,3,0,0,0,0,1,0,0,0,0,national
2025,OR,41053,Polk,254900N49YI2HHKDPS92,,4,1,1,0.05,4,0,0,0,0,1,0,0,0,0,national
2025,OR,41053,Polk,254900NZOY3XB2DNSZ34,,1,1,0,0.05,1,0,0,0,0,1,0,0,0,0,national
2025,OR,41053,Polk,254900RNV63A0TIZNK90,,2,1,0,0.05,2,0,0,0,0,1,0,0,0,0,national
2025,OR,41053,Polk,254900WEP08K7U7S3A80,,1,1,0,0.05,0,1,0,0,0,0,1,0,0,0,national
2025,OR,41053,Polk,2WHM8VNJH63UN14OL754,The Huntington National Bank,1,1,0,0.05,1,0,0,0,0,1,0,0,0,0,national
2025,OR,41053,Polk,5493000349C5XXDRQX28,,2,1,0,0.05,2,0,0,0,0,1,0,0,0,0,national
2025,OR,41053,Polk,54930007KK7ZS3IJVC25,,1,1,0,0.05,1,0,0,0,0,1,0,0,0,0,national
2025,OR,41053,Polk,5493000D6RXLNBZQYA47,,1,1,0,0.05,1,0,0,0,0,1,0,0,0,0,national
2025,OR,41053,Polk,5493000IIYWBLONJVJ30,,1,1,0,0.05,1,0,0,0,0,1,0,0,0,0,national
2025,OR,41053,Polk,5493001B4U37VT2ML818,GESA CREDIT UNION,3,1,0,0.05,3,0,0,0,0,1,0,0,0,0,national
2025,OR,41053,Polk,5493001XKL0FTNOJ0866,,1,1,0,0.05,1,0,0,0,0,1,0,0,0,0,national
2025,OR,41053,Polk,54930021DZJ9CEN11D61,,2,1,0,0.05,0,2,0,0,0,0,1,0,0,0,national
2025,OR,41053,Polk,54930025XJJO3T0M1A92,,1,1,0,0.05,1,0,0,0,0,1,0,0,0,0,national
2025,OR,41053,Polk,5493002TJKC8NLH1ZP82,,2,1,0,0.05,0,1,1,0,0,0,0,1,0,0,national
2025,OR,41053,Polk,5493002Y5XYV7DV1ZV88,"GOLD STAR MORTGAGE FINANCIAL GROUP, CORPORATION",1,1,0,0.05,1,0,0,0,0,1,0,0,0,0,national
2025,OR,41053,Polk,54930034MNPILHP25H80,Gateway First Bank,1,1,0,0.05,0,1,0,0,0,0,1,0,0,0,national
2025,OR,41053,Polk,549300370QILXLFUWD20,"ZILLOW HOME LOANS, LLC",3,1,1,0.05,1,2,0,0,0,0,1,0,0,0,national
2025,OR,41053,Polk,5493003T5D4N1CM46J77,1st Security Bank of Washington,3,1,0,0.05,2,1,0,0,0,1,0,0,0,0,national
2025,OR,41053,Polk,5493004F7BXDIUFVPV87,,1,1,0,0.05,1,0,0,0,0,1,0,0,0,0,national
2025,OR,41053,Polk,5493006VAGP3GQ8FJT49,"Kiavi Funding, Inc.",1,1,0,0.05,1,0,0,0,0,1,0,0,0,0,national
2025,OR,41053,Polk,5493008CPTDVOS570626,"Primary Residential Mortgage, Inc.",3,1,2,0.05,3,0,0,0,0,1,0,0,0,0,national
2025,OR,41053,Polk,5493008ZTV4S0W9DCX64,,5,1,4,0.05,4,1,0,0,0,0,1,0,0,0,national
2025,OR,41053,Polk,5493009HUMWCHFRDKF12,,1,1,0,0.05,1,0,0,0,0,1,0,0,0,0,national
2025,OR,41053,Polk,5493009QYNVEZ9VDJU57,,1,1,0,0.05,0,0,1,0,0,0,0,1,0,0,national
2025,OR,41053,Polk,549300BOXNV8VLRBDT24,,1,1,0,0.05,1,0,0,0,0,1,0,0,0,0,national
2025,OR,41053,Polk,549300C8GOC4OYUV0Z32,,1,1,0,0.05,1,0,0,0,0,1,0,0,0,0,national
2025,OR,41053,Polk,549300FVD3YHE65PKH97,,5,1,1,0.05,2,3,0,0,0,0,1,0,0,0,national
2025,OR,41053,Polk,549300GRGZDEH4ZGQS06,WATERSTONE MORTGAGE CORPORATION,1,1,0,0.05,0,0,1,0,0,0,0,1,0,0,national
2025,OR,41053,Polk,549300GS0W0TEUQS8571,"Morgan Stanley Private Bank, National Association",1,1,0,0.05,1,0,0,0,0,1,0,0,0,0,national
2025,OR,41053,Polk,549300HIVO8XPBPNVG69,NOVA FINANCIAL & INVESTMENT CORPORATION,1,1,0,0.05,1,0,0,0,0,1,0,0,0,0,national
2025,OR,41053,Polk,549300INFJ8TYNZ1G568,,1,1,0,0.05,1,0,0,0,0,1,0,0,0,0,national
2025,OR,41053,Polk,549300ISCZS1R0CJMO47,,1,1,0,0.05,1,0,0,0,0,1,0,0,0,0,national
2025,OR,41053,Polk,549300J7I82PNDVU8H22,"OCMBC, INC.",3,1,0,0.05,3,0,0,0,0,1,0,0,0,0,national
2025,OR,41053,Polk,549300JPGMCMBEJEK584,FIRST TECHNOLOGY,2,1,0,0.05,2,0,0,0,0,1,0,0,0,0,national
2025,OR,41053,Polk,549300KSOOZZVXCMA627,ANGEL OAK MORTGAGE SOLUTIONS LLC,1,1,0,0.05,1,0,0,0,0,1,0,0,0,0,national
2025,OR,41053,Polk,549300KX4S1573HISS22,,1,1,0,0.05,1,0,0,0,0,1,0,0,0,0,national
2025,OR,41053,Polk,549300LZUXCJFE5ONM48,,1,1,0,0.05,0,1,0,0,0,0,1,0,0,0,national
2025,OR,41053,Polk,549300MHH03ICJYEPE85,,2,1,0,0.05,0,2,0,0,0,0,1,0,0,0,national
2025,OR,41053,Polk,549300MPGZVO0YIGL418,,1,1,0,0.05,1,0,0,0,0,1,0,0,0,0,national
2025,OR,41053,Polk,549300Q50XCC0473FG63,,1,1,0,0.05,1,0,0,0,0,1,0,0,0,0,national
2025,OR,41053,Polk,549300R77W0P105C3S50,HOMEXPRESS MORTGAGE CORP.,4,1,3,0.05,4,0,0,0,0,1,0,0,0,0,national
2025,OR,41053,Polk,549300RD5IG88VPO6P22,,4,1,0,0.05,4,0,0,0,0,1,0,0,0,0,national
2025,OR,41053,Polk,549300RFLICNI75BG067,Luminate Bank,2,1,0,0.05,2,0,0,0,0,1,0,0,0,0,national
2025,OR,41053,Polk,549300RN01LBYR8ZVX74,"LOWER, LLC",2,1,0,0.05,2,0,0,0,0,1,0,0,0,0,national
2025,OR,41053,Polk,549300RYTR2RVL4SFJ90,,2,1,0,0.05,2,0,0,0,0,1,0,0,0,0,national
2025,OR,41053,Polk,549300S5FVOSK5DQJN30,INTERCAP LENDING INC.,1,1,0,0.05,1,0,0,0,0,1,0,0,0,0,national
2025,OR,41053,Polk,549300S5YL3OH0IVCS62,FINANCE OF AMERICA REVERSE LLC,2,1,1,0.05,0,2,0,0,0,0,1,0,0,0,national
2025,OR,41053,Polk,549300S8SHBRCI7UU819,,1,1,0,0.05,1,0,0,0,0,1,0,0,0,0,national
2025,OR,41053,Polk,549300SCFWZXMDMZPE93,,1,1,0,0.05,1,0,0,0,0,1,0,0,0,0,national
2025,OR,41053,Polk,549300TF1E42EUFBSL45,,1,1,0,0.05,1,0,0,0,0,1,0,0,0,0,national
2025,OR,41053,Polk,549300TUQC6OYE8A0Y96,,1,1,0,0.05,0,0,1,0,0,0,0,1,0,0,national
2025,OR,41053,Polk,549300W1HU6IVVIEJ389,"RANLIFE, INC.",1,1,0,0.05,0,0,1,0,0,0,0,1,0,0,national
2025,OR,41053,Polk,549300XCVBRR56D08F03,,5,1,0,0.05,3,1,1,0,0,0,0,1,0,0,national
2025,OR,41053,Polk,549300XQ7B5FIVUNFE29,VAN DYK MORTGAGE CORPORATION,1,1,0,0.05,0,1,0,0,0,0,1,0,0,0,national
2025,OR,41053,Polk,549300XWUSRVVOHPRY47,Academy Mortgage Corporation,4,1,0,0.05,2,2,0,0,0,0,1,0,0,0,national
2025,OR,41053,Polk,549300XY701IELCE5Q08,BETTER MORTGAGE CORPORATION,11,1,6,0.05,11,0,0,0,0,1,0,0,0,0,national
2025,OR,41053,Polk,549300Y5Y88FQLI7VE83,DEEPHAVEN MORTGAGE LLC,1,1,0,0.05,1,0,0,0,0,1,0,0,0,0,national
2025,OR,41053,Polk,549300YW2UBCMDRMBT48,,1,1,0,0.05,1,0,0,0,0,1,0,0,0,0,national
2025,OR,41053,Polk,549300ZBXINP1Y94CN02,,4,1,0,0.05,3,0,1,0,0,0,0,1,0,0,national
2025,OR,41053,Polk,549300ZIQ24V0C88AC41,GTE Federal Credit Union,1,1,0,0.05,1,0,0,0,0,1,0,0,0,0,national
2025,OR,41053,Polk,549300ZIXM1VUXPG4D03,,1,1,0,0.05,1,0,0,0,0,1,0,0,0,0,national
2025,OR,41053,Polk,549300ZZME37MXI1EF14,"DAS ACQUISITION COMPANY, LLC",1,1,0,0.05,0,1,0,0,0,0,1,0,0,0,national
2025,OR,41053,Polk,984500U2F9A83N391A91,"CHAMPIONS FUNDING, LLC",3,1,0,0.05,3,0,0,0,0,1,0,0,0,0,national
2025,OR,41053,Polk,E57ODZWZ7FF32TWEFA76,"Citibank, National Association",1,1,0,0.05,1,0,0,0,0,1,0,0,0,0,national
2025,OR,41053,Polk,549300PL267CW8182203,,5,0,3,0.0,0,5,0,0,0,0,0,0,0,0,national
2025,OR,41059,Umatilla,549300AQ3T62GXDU7D76,GUILD MORTGAGE COMPANY LLC,284,210,13,13.04,124,130,23,7,0,87,100,16,7,0,national
2025,OR,41059,Umatilla,549300KIOYNU323LVJ37,AMERICAN PACIFIC MORTGAGE CORPORATION,161,140,5,8.7,87,49,21,4,0,76,44,17,3,0,national
2025,OR,41059,Umatilla,549300L44U62O7WHRR78,FIRST COMMUNITY,192,125,44,7.76,192,0,0,0,0,125,0,0,0,0,national
2025,OR,41059,Umatilla,549300FGXN1K3HLB1R50,"Rocket Mortgage, LLC",144,100,28,6.21,93,41,10,0,0,66,25,9,0,0,national
2025,OR,41059,Umatilla,WE0I402RW25AU38DTI13,Banner Bank,107,63,34,3.91,92,14,0,1,0,53,9,0,1,0,national
2025,OR,41059,Umatilla,549300PEWJWBNEOSS013,,91,61,4,3.79,46,30,13,2,0,31,21,7,2,0,national
2025,OR,41059,Umatilla,IFQSIUC9AGQV2NE8CN25,Columbia Bank,82,55,15,3.42,70,8,2,2,0,47,5,2,1,0,national
2025,OR,41059,Umatilla,549300HW662MN1WU8550,"United Wholesale Mortgage, LLC",90,49,19,3.04,30,31,29,0,0,18,14,17,0,0,national
2025,OR,41059,Umatilla,5493008JECR4UE0WVR04,"MORTGAGE EXPRESS, LLC",64,48,5,2.98,27,29,3,5,0,19,23,3,3,0,national
2025,OR,41059,Umatilla,6BYL5QZYBDK8S7L73M02,U.S. Bank National Association,80,39,31,2.42,73,7,0,0,0,35,4,0,0,0,national
2025,OR,41059,Umatilla,2549004FXPNKCLIN8250,"Synergy One Lending, Inc.",43,37,4,2.3,26,10,4,3,0,23,8,4,2,0,national
2025,OR,41059,Umatilla,5493001B4U37VT2ML818,GESA CREDIT UNION,49,33,8,2.05,49,0,0,0,0,33,0,0,0,0,national
2025,OR,41059,Umatilla,549300DD5QQUHO6PCH70,"MORTGAGE RESEARCH CENTER, LLC",64,32,16,1.99,2,1,61,0,0,2,1,29,0,0,national
2025,OR,41059,Umatilla,549300B4IYL7TZT8FA34,,46,31,2,1.93,17,23,6,0,0,12,15,4,0,0,national
2025,OR,41059,Umatilla,5493006KXUHSYFT7SD10,,28,26,0,1.61,15,11,1,1,0,13,11,1,1,0,national
2025,OR,41059,Umatilla,RVDPPPGHCGZ40J4VQ731,"PENNYMAC LOAN SERVICES, LLC",53,26,5,1.61,27,22,3,1,0,13,10,2,1,0,national
2025,OR,41059,Umatilla,549300OPCWU6E72WUT29,"MUTUAL OF OMAHA MORTGAGE, INC.",32,25,3,1.55,10,17,5,0,0,9,13,3,0,0,national
2025,OR,41059,Umatilla,549300LYRWPSYPK6S325,FREEDOM MORTGAGE CORPORATION,56,24,6,1.49,5,24,27,0,0,1,9,14,0,0,national
2025,OR,41059,Umatilla,549300AG64NHILB7ZP05,"LOANDEPOT.COM, LLC",32,23,6,1.43,13,15,4,0,0,7,13,3,0,0,national
2025,OR,41059,Umatilla,549300FNXYY540N23N64,Newrez LLC,49,23,4,1.43,18,14,17,0,0,7,5,11,0,0,national
2025,OR,41059,Umatilla,5493003T5D4N1CM46J77,1st Security Bank of Washington,19,18,1,1.12,9,7,3,0,0,9,7,2,0,0,national
2025,OR,41059,Umatilla,54930097J3TUZXBXXE75,,34,15,7,0.93,34,0,0,0,0,15,0,0,0,0,national
2025,OR,41059,Umatilla,549300GKFNPRWNS0GF29,"AmeriHome Mortgage Company, LLC",27,14,3,0.87,16,8,2,1,0,8,3,2,1,0,national
2025,OR,41059,Umatilla,549300LBCBNR1OT00651,NATIONSTAR MORTGAGE LLC,21,13,4,0.81,17,3,1,0,0,11,1,1,0,0,national
2025,OR,41059,Umatilla,01KWVG908KE7RKPTNP46,,13,11,1,0.68,10,3,0,0,0,8,3,0,0,0,national
2025,OR,41059,Umatilla,2549009AOX259OY87H37,,18,11,1,0.68,18,0,0,0,0,11,0,0,0,0,national
2025,OR,41059,Umatilla,549300BLL6VL7AXWYP56,,28,11,0,0.68,10,15,3,0,0,6,4,1,0,0,national
2025,OR,41059,Umatilla,549300PIL8LFAQ04XC20,Better Mortgage Corporation,24,10,9,0.62,24,0,0,0,0,10,0,0,0,0,national
2025,OR,41059,Umatilla,254900TTZ395IC926125,,13,9,1,0.56,6,7,0,0,0,5,4,0,0,0,national
2025,OR,41059,Umatilla,5493001GCBD5XGNIC815,Coastal Community Bank,21,9,0,0.56,21,0,0,0,0,9,0,0,0,0,national
2025,OR,41059,Umatilla,5493003GQDUH26DNNH17,Navy Federal Credit Union,18,9,5,0.56,8,0,10,0,0,2,0,7,0,0,national
2025,OR,41059,Umatilla,254900UL88QFG0E40516,FIGURE LENDING LLC,11,8,1,0.5,11,0,0,0,0,8,0,0,0,0,national
2025,OR,41059,Umatilla,549300BX448ALT10FI43,The Federal Savings Bank,12,8,1,0.5,1,0,11,0,0,1,0,7,0,0,national
2025,OR,41059,Umatilla,549300CB67L6KPJLHE19,"TRIAD FINANCIAL SERVICES, INC.",45,8,26,0.5,45,0,0,0,0,8,0,0,0,0,national
2025,OR,41059,Umatilla,549300TUSRLWD8ETNR90,SPOKANE TEACHERS,14,8,4,0.5,14,0,0,0,0,8,0,0,0,0,national
2025,OR,41059,Umatilla,549300XQVJ1XBNFA5536,21ST MORTGAGE CORPORATION,19,8,8,0.5,19,0,0,0,0,8,0,0,0,0,national
2025,OR,41059,Umatilla,549300YIQ7S7Z8PIHE53,AMERISAVE MORTGAGE CORPORATION,29,8,18,0.5,20,8,1,0,0,8,0,0,0,0,national
2025,OR,41059,Umatilla,2549008LK3474E9U2888,ONPOINT COMMUNITY CREDIT UNION,8,7,1,0.43,8,0,0,0,0,7,0,0,0,0,national
2025,OR,41059,Umatilla,3Y4U8VZURTYWI1W2K376,BMO Bank National Association,17,7,4,0.43,17,0,0,0,0,7,0,0,0,0,national
2025,OR,41059,Umatilla,549300NOCASXPA34X033,"LAKEVIEW LOAN SERVICING, LLC",24,7,11,0.43,9,13,2,0,0,3,3,1,0,0,national
2025,OR,41059,Umatilla,549300R9S3MVDV4MGF56,"CARRINGTON MORTGAGE SERVICES, LLC",11,7,1,0.43,3,4,4,0,0,1,2,4,0,0,national
2025,OR,41059,Umatilla,254900DTLHVWQ7NP7R34,"CMG Mortgage, Inc.",7,6,0,0.37,7,0,0,0,0,6,0,0,0,0,national
2025,OR,41059,Umatilla,5493006VAGP3GQ8FJT49,"Kiavi Funding, Inc.",6,6,0,0.37,6,0,0,0,0,6,0,0,0,0,national
2025,OR,41059,Umatilla,549300ALNLUNS3Y53T24,AMERICAN FINANCING CORPORATION,14,6,1,0.37,4,8,2,0,0,1,3,2,0,0,national
2025,OR,41059,Umatilla,549300SUCQ1358EGVE89,"NEW DAY FINANCIAL, LLC",24,6,1,0.37,0,1,23,0,0,0,0,6,0,0,national
2025,OR,41059,Umatilla,549300VMX06UV1F7NS76,,7,6,0,0.37,1,5,1,0,0,1,4,1,0,0,national
2025,OR,41059,Umatilla,KB1H1DSPRFMYMCUFXT09,"Wells Fargo Bank, National Association",12,6,1,0.37,10,1,1,0,0,4,1,1,0,0,national
2025,OR,41059,Umatilla,254900ZFWS2106HWPH46,"PARAMOUNT RESIDENTIAL MORTGAGE GROUP, INC.",6,5,0,0.31,1,4,0,1,0,1,3,0,1,0,national
2025,OR,41059,Umatilla,549300748YYU6VG08N83,"Loan Simple, Inc.",5,5,0,0.31,0,5,0,0,0,0,5,0,0,0,national
2025,OR,41059,Umatilla,549300VZVN841I2ILS84,"CROSSCOUNTRY MORTGAGE, LLC",16,5,1,0.31,12,3,1,0,0,3,2,0,0,0,national
2025,OR,41059,Umatilla,7H6GLXDRUGQFU57RNE97,"JPMorgan Chase Bank, National Association",9,5,0,0.31,7,1,1,0,0,5,0,0,0,0,national
2025,OR,41059,Umatilla,C5654JQHZUHN0772B561,USAA Federal Savings Bank,7,5,1,0.31,3,0,4,0,0,1,0,4,0,0,national
2025,OR,41059,Umatilla,254900E6AIE4Z8YQM970,Citadel Servicing Corporation,5,4,0,0.25,5,0,0,0,0,4,0,0,0,0,national
2025,OR,41059,Umatilla,254900WT4HAMDFWH3048,,4,4,0,0.25,2,2,0,0,0,2,2,0,0,0,national
2025,OR,41059,Umatilla,5493001WHVQBGRSWEU75,"HOMEBRIDGE FINANCIAL SERVICES, INC.",6,4,0,0.25,5,0,1,0,0,3,0,1,0,0,national
2025,OR,41059,Umatilla,54930054ET8KM4O1D485,"SOFI BANK, NATIONAL ASSOCIATION",15,4,2,0.25,13,2,0,0,0,3,1,0,0,0,national
2025,OR,41059,Umatilla,54930060G4MDPWHISD89,EVERGREEN MONEYSOURCE MORTGAGE COMPANY,4,4,0,0.25,2,2,0,0,0,2,2,0,0,0,national
2025,OR,41059,Umatilla,549300DD4R4SYK5RAQ92,"MOVEMENT MORTGAGE, LLC",4,4,0,0.25,0,3,1,0,0,0,3,1,0,0,national
2025,OR,41059,Umatilla,549300E2UX99HKDBR481,"NEW AMERICAN FUNDING, LLC",23,4,0,0.25,8,14,1,0,0,1,3,0,0,0,national
2025,OR,41059,Umatilla,549300J0CQITHCF2G618,,4,4,0,0.25,4,0,0,0,0,4,0,0,0,0,national
2025,OR,41059,Umatilla,549300KDR80I1ELW8D36,,11,4,2,0.25,11,0,0,0,0,4,0,0,0,0,national
2025,OR,41059,Umatilla,549300MGPZBLQDIL7538,FAIRWAY INDEPENDENT MORTGAGE CORPORATION,5,4,0,0.25,3,2,0,0,0,2,2,0,0,0,national
2025,OR,41059,Umatilla,549300Q02LGIN9AXKP98,FIRST TECHNOLOGY FEDERAL CREDIT UNION,5,4,0,0.25,5,0,0,0,0,4,0,0,0,0,national
2025,OR,41059,Umatilla,549300SK2GVCQXPD4S58,"SUN WEST MORTGAGE COMPANY, INC.",5,4,0,0.25,0,0,5,0,0,0,0,4,0,0,national
2025,OR,41059,Umatilla,549300XY701IELCE5Q08,BETTER MORTGAGE CORPORATION,11,4,3,0.25,10,1,0,0,0,3,1,0,0,0,national
2025,OR,41059,Umatilla,549300YN94MOAVYW0F52,"GoodLeap, LLC",9,4,3,0.25,6,3,0,0,0,4,0,0,0,0,national
2025,OR,41059,Umatilla,25490066WMF8ZMQXQB18,"Lendage, LLC",8,3,0,0.19,8,0,0,0,0,3,0,0,0,0,national
2025,OR,41059,Umatilla,2549008TT6UNYR7AXF54,,3,3,0,0.19,1,2,0,0,0,1,2,0,0,0,national
2025,OR,41059,Umatilla,254900T37KTTXKCK3416,,5,3,1,0.19,5,0,0,0,0,3,0,0,0,0,national
2025,OR,41059,Umatilla,549300121SF0K2LN2804,"PRIMELENDING, A PLAINSCAPITAL COMPANY",4,3,0,0.19,3,1,0,0,0,2,1,0,0,0,national
2025,OR,41059,Umatilla,54930043BMDE130FJ617,"PROVIDENT FUNDING ASSOCIATES, L.P.",4,3,1,0.19,4,0,0,0,0,3,0,0,0,0,national
2025,OR,41059,Umatilla,549300PBTV7FCWLSMM53,,4,3,0,0.19,0,1,3,0,0,0,1,2,0,0,national
2025,OR,41059,Umatilla,549300RM1IZYGQDSNL85,,4,3,0,0.19,0,0,4,0,0,0,0,3,0,0,national
2025,OR,41059,Umatilla,549300RPOGWJRH63HS39,UNION HOME MORTGAGE CORP.,4,3,0,0.19,2,2,0,0,0,1,2,0,0,0,national
2025,OR,41059,Umatilla,549300T94GSH3C4U5M59,ALLIANT CREDIT UNION,4,3,1,0.19,4,0,0,0,0,3,0,0,0,0,national
2025,OR,41059,Umatilla,549300VCMRO4ST680C11,VILLAGE CAPITAL & INVESTMENT LLC,14,3,2,0.19,0,4,10,0,0,0,0,3,0,0,national
2025,OR,41059,Umatilla,D38AC76TAMYI50NBPX33,,6,3,1,0.19,6,0,0,0,0,3,0,0,0,0,national
2025,OR,41059,Umatilla,X05BVSK68TQ7YTOSNR22,Discover Bank,17,3,9,0.19,17,0,0,0,0,3,0,0,0,0,national
2025,OR,41059,Umatilla,254900378RFGMBEKAF12,,2,2,0,0.12,2,0,0,0,0,2,0,0,0,0,national
2025,OR,41059,Umatilla,254900CTT87ZKAUTIJ37,,2,2,0,0.12,2,0,0,0,0,2,0,0,0,0,national
2025,OR,41059,Umatilla,254900Z8J5L9POS71X51,Oregon State Credit Union,3,2,1,0.12,3,0,0,0,0,2,0,0,0,0,national
2025,OR,41059,Umatilla,5493008NWHQT1R22C024,"AMERICAN FINANCIAL NETWORK, INC.",3,2,0,0.12,1,2,0,0,0,1,1,0,0,0,national
2025,OR,41059,Umatilla,549300EFCZM6KD6B8K69,MORTGAGE ACCESS CORP.,2,2,0,0.12,2,0,0,0,0,2,0,0,0,0,national
2025,OR,41059,Umatilla,549300JYXTZDSPJEPI44,"PLAZA HOME MORTGAGE, INC.",3,2,0,0.12,2,1,0,0,0,2,0,0,0,0,national
2025,OR,41059,Umatilla,549300K4ZLGS7SRDTL86,Equity Prime Mortgage LLC,4,2,0,0.12,0,1,3,0,0,0,1,1,0,0,national
2025,OR,41059,Umatilla,549300KM40FP4MSQU941,Boeing Employees Credit Union,3,2,0,0.12,3,0,0,0,0,2,0,0,0,0,national
2025,OR,41059,Umatilla,549300MZ8VZJOVC63092,"KIND LENDING, LLC",9,2,3,0.12,6,2,1,0,0,1,0,1,0,0,national
2025,OR,41059,Umatilla,549300PC4MFWQBNVKG88,"V.I.P. MORTGAGE, INC.",2,2,0,0.12,1,1,0,0,0,1,1,0,0,0,national
2025,OR,41059,Umatilla,549300QKL5FUBZ8LSF50,"NATIONS DIRECT MORTGAGE, LLC",2,2,0,0.12,1,1,0,0,0,1,1,0,0,0,national
2025,OR,41059,Umatilla,549300UBGGLZLZEY0M18,,2,2,0,0.12,2,0,0,0,0,2,0,0,0,0,national
2025,OR,41059,Umatilla,549300XCVBRR56D08F03,,2,2,0,0.12,1,1,0,0,0,1,1,0,0,0,national
2025,OR,41059,Umatilla,HUX2X73FUCYHUVH1BK78,KeyBank National Association,3,2,0,0.12,3,0,0,0,0,2,0,0,0,0,national
2025,OR,41059,Umatilla,2549001SI0EMFPT39035,"Cornerstone First Mortgage, Inc",1,1,0,0.06,1,0,0,0,0,1,0,0,0,0,national
2025,OR,41059,Umatilla,254900HA4DQWAE0W3342,"AMERIHOME MORTGAGE COMPANY, LLC",2,1,0,0.06,0,2,0,0,0,0,1,0,0,0,national
2025,OR,41059,Umatilla,254900O2K17TNH5CL873,"RF RENOVO MANAGEMENT COMPANY, LLC",1,1,0,0.06,1,0,0,0,0,1,0,0,0,0,national
2025,OR,41059,Umatilla,5493000EUC3MM52PJV85,,1,1,0,0.06,1,0,0,0,0,1,0,0,0,0,national
2025,OR,41059,Umatilla,5493000FWM3I2HHQY149,WASHINGTON STATE EMPLOYEES CREDIT UNION,3,1,2,0.06,3,0,0,0,0,1,0,0,0,0,national
2025,OR,41059,Umatilla,5493000YNV8IX4VD3X12,"VANDERBILT MORTGAGE AND FINANCE, INC.",20,1,9,0.06,20,0,0,0,0,1,0,0,0,0,national
2025,OR,41059,Umatilla,54930021WPEXNHYZUL09,"PLANET HOME LENDING, LLC",2,1,1,0.06,0,1,1,0,0,0,0,1,0,0,national
2025,OR,41059,Umatilla,5493002B2WMHY23GFK92,"AMERICAN FINANCIAL RESOURCES, INC.",2,1,0,0.06,1,1,0,0,0,0,1,0,0,0,national
2025,OR,41059,Umatilla,5493002GI63WHHUTUD85,"KEYSTONE FUNDING, INC.",1,1,0,0.06,0,0,1,0,0,0,0,1,0,0,national
2025,OR,41059,Umatilla,549300323EON4W3CCM44,"RESICENTRAL, LLC",1,1,0,0.06,1,0,0,0,0,1,0,0,0,0,national
2025,OR,41059,Umatilla,549300370QILXLFUWD20,"ZILLOW HOME LOANS, LLC",1,1,0,0.06,1,0,0,0,0,1,0,0,0,0,national
2025,OR,41059,Umatilla,54930049L5WINET09Q97,"CLICK N' CLOSE, INC.",1,1,0,0.06,0,1,0,0,0,0,1,0,0,0,national
2025,OR,41059,Umatilla,5493004T38NMC864VL66,,1,1,0,0.06,1,0,0,0,0,1,0,0,0,0,national
2025,OR,41059,Umatilla,5493006RIR31ORKYB608,,1,1,0,0.06,0,0,1,0,0,0,0,1,0,0,national
2025,OR,41059,Umatilla,54930078TNN7GKZ7NU89,,1,1,0,0.06,1,0,0,0,0,1,0,0,0,0,national
2025,OR,41059,Umatilla,5493008VVXQIDO1EZ460,"SUMMIT FUNDING, INC.",1,1,0,0.06,1,0,0,0,0,1,0,0,0,0,national
2025,OR,41059,Umatilla,54930091JQKCU3Z6IP44,,3,1,1,0.06,3,0,0,0,0,1,0,0,0,0,national
2025,OR,41059,Umatilla,5493009B17HXCVXTD608,"JMAC LENDING, INC.",1,1,0,0.06,1,0,0,0,0,1,0,0,0,0,national
2025,OR,41059,Umatilla,5493009HUMWCHFRDKF12,,2,1,0,0.06,2,0,0,0,0,1,0,0,0,0,national
2025,OR,41059,Umatilla,549300CDLJDN8ENOT455,MARION AND POLK SCHOOLS CREDIT UNION,1,1,0,0.06,1,0,0,0,0,1,0,0,0,0,national
2025,OR,41059,Umatilla,549300E34W6TNRG7B624,,1,1,0,0.06,1,0,0,0,0,1,0,0,0,0,national
2025,OR,41059,Umatilla,549300F6NSBOJBM9ED39,,1,1,0,0.06,0,1,0,0,0,0,1,0,0,0,national
2025,OR,41059,Umatilla,549300IEP77RKJ87Z176,OREGON COMMUNITY,1,1,0,0.06,1,0,0,0,0,1,0,0,0,0,national
2025,OR,41059,Umatilla,549300J7I82PNDVU8H22,"OCMBC, INC.",1,1,0,0.06,1,0,0,0,0,1,0,0,0,0,national
2025,OR,41059,Umatilla,549300JGMQJ4R419LR70,,1,1,0,0.06,1,0,0,0,0,1,0,0,0,0,national
2025,OR,41059,Umatilla,549300KTR1JGH3K6LU06,FOURLEAF,2,1,1,0.06,2,0,0,0,0,1,0,0,0,0,national
2025,OR,41059,Umatilla,549300MHH03ICJYEPE85,,2,1,0,0.06,0,2,0,0,0,0,1,0,0,0,national
2025,OR,41059,Umatilla,549300MQEDQYDJR8CP22,,1,1,0,0.06,1,0,0,0,0,1,0,0,0,0,national
2025,OR,41059,Umatilla,549300N52O6FKUCU5G62,,4,1,2,0.06,3,1,0,0,0,0,1,0,0,0,national
2025,OR,41059,Umatilla,549300O6Z0I6KYMESL47,AMWEST FUNDING CORP.,1,1,0,0.06,1,0,0,0,0,1,0,0,0,0,national
2025,OR,41059,Umatilla,549300P1347BFCBHJV60,,2,1,0,0.06,2,0,0,0,0,1,0,0,0,0,national
2025,OR,41059,Umatilla,549300PL267CW8182203,,1,1,0,0.06,0,0,1,0,0,0,0,1,0,0,national
2025,OR,41059,Umatilla,549300PQLK8E48ILXV41,,1,1,0,0.06,1,0,0,0,0,1,0,0,0,0,national
2025,OR,41059,Umatilla,549300Q50XCC0473FG63,,1,1,0,0.06,1,0,0,0,0,1,0,0,0,0,national
2025,OR,41059,Umatilla,549300Q6YL1SFVPEGV90,,1,1,0,0.06,0,1,0,0,0,0,1,0,0,0,national
2025,OR,41059,Umatilla,549300R77W0P105C3S50,HOMEXPRESS MORTGAGE CORP.,1,1,0,0.06,1,0,0,0,0,1,0,0,0,0,national
2025,OR,41059,Umatilla,549300RBJCM5B02O5U05,,1,1,0,0.06,1,0,0,0,0,1,0,0,0,0,national
2025,OR,41059,Umatilla,549300S5YL3OH0IVCS62,FINANCE OF AMERICA REVERSE LLC,2,1,0,0.06,0,2,0,0,0,0,1,0,0,0,national
2025,OR,41059,Umatilla,549300TEGBOIDI6Z5J56,,1,1,0,0.06,1,0,0,0,0,1,0,0,0,0,national
2025,OR,41059,Umatilla,549300U3721PJGQZYY68,"GUARANTEED RATE, INC.",5,1,1,0.06,2,0,3,0,0,0,0,1,0,0,national
2025,OR,41059,Umatilla,549300UB5TJ0YPVPT503,,2,1,0,0.06,1,1,0,0,0,1,0,0,0,0,national
2025,OR,41059,Umatilla,549300UF3FPC7U6RFC59,The Central Trust Bank,1,1,0,0.06,0,0,1,0,0,0,0,1,0,0,national
2025,OR,41059,Umatilla,549300UT4EN6IH579Q63,,3,1,0,0.06,2,1,0,0,0,1,0,0,0,0,national
2025,OR,41059,Umatilla,549300UVOSI4XZZGUE14,,2,1,0,0.06,1,1,0,0,0,0,1,0,0,0,national
2025,OR,41059,Umatilla,549300VJQJVZKJBDWS17,"TOTAL MORTGAGE SERVICES, LLC",1,1,0,0.06,1,0,0,0,0,1,0,0,0,0,national
2025,OR,41059,Umatilla,549300W45D2J6BT4LX65,,1,1,0,0.06,1,0,0,0,0,1,0,0,0,0,national
2025,OR,41059,Umatilla,549300Y5Y88FQLI7VE83,DEEPHAVEN MORTGAGE LLC,1,1,0,0.06,1,0,0,0,0,1,0,0,0,0,national
2025,OR,41059,Umatilla,549300Z2B4FHRYOXTS09,,1,1,0,0.06,1,0,0,0,0,1,0,0,0,0,national
2025,OR,41059,Umatilla,98450087981AP406JG03,,1,1,0,0.06,1,0,0,0,0,1,0,0,0,0,national
2025,OR,41059,Umatilla,B4TYDEB6GKMZO031MB27,"Bank of America, National Association",17,1,9,0.06,17,0,0,0,0,1,0,0,0,0,national
2025,OR,41059,Umatilla,PAOOWF3GUFM46FBSP561,,2,1,1,0.06,0,1,1,0,0,0,1,0,0,0,national
2025,OR,41059,Umatilla,Q708HHR4LD2B7XIZNO92,First Federal Bank,1,1,0,0.06,1,0,0,0,0,1,0,0,0,0,national
2025,OR,41059,Umatilla,SS1TRMSN6BRNMOREEV51,"Flagstar Bank, National Association",4,1,2,0.06,3,1,0,0,0,1,0,0,0,0,national
2025,OR,41059,Umatilla,549300Q3ROEQU3D1IW91,,6,0,4,0.0,6,0,0,0,0,0,0,0,0,0,national
2025,OR,41067,Washington,2549008LK3474E9U2888,ONPOINT COMMUNITY CREDIT UNION,2194,1578,306,13.07,2158,31,5,0,0,1558,18,2,0,0,national
2025,OR,41067,Washington,549300HW662MN1WU8550,"United Wholesale Mortgage, LLC",878,673,83,5.57,618,155,105,0,0,490,107,76,0,0,national
2025,OR,41067,Washington,549300Q02LGIN9AXKP98,FIRST TECHNOLOGY FEDERAL CREDIT UNION,947,660,116,5.47,947,0,0,0,0,660,0,0,0,0,national
2025,OR,41067,Washington,549300FGXN1K3HLB1R50,"Rocket Mortgage, LLC",784,575,105,4.76,657,74,53,0,0,489,47,39,0,0,national
2025,OR,41067,Washington,549300AQ3T62GXDU7D76,GUILD MORTGAGE COMPANY LLC,667,475,16,3.93,551,93,23,0,0,390,66,19,0,0,national
2025,OR,41067,Washington,6BYL5QZYBDK8S7L73M02,U.S. Bank National Association,722,401,167,3.32,707,12,2,1,0,393,7,0,1,0,national
2025,OR,41067,Washington,549300H3IZO24NSOO931,"LENNAR MORTGAGE, LLC",453,370,24,3.06,349,80,24,0,0,293,63,14,0,0,national
2025,OR,41067,Washington,B4TYDEB6GKMZO031MB27,"Bank of America, National Association",536,250,137,2.07,535,1,0,0,0,250,0,0,0,0,national
2025,OR,41067,Washington,549300GKFNPRWNS0GF29,"AmeriHome Mortgage Company, LLC",322,248,10,2.05,229,63,26,4,0,175,51,20,2,0,national
2025,OR,41067,Washington,549300QKL5FUBZ8LSF50,"NATIONS DIRECT MORTGAGE, LLC",284,235,2,1.95,224,33,27,0,0,192,23,20,0,0,national
2025,OR,41067,Washington,5493008JECR4UE0WVR04,"MORTGAGE EXPRESS, LLC",321,234,12,1.94,233,64,23,1,0,171,44,18,1,0,national
2025,OR,41067,Washington,RVDPPPGHCGZ40J4VQ731,"PENNYMAC LOAN SERVICES, LLC",367,225,29,1.86,293,52,22,0,0,175,31,19,0,0,national
2025,OR,41067,Washington,549300VZVN841I2ILS84,"CROSSCOUNTRY MORTGAGE, LLC",231,156,10,1.29,186,26,19,0,0,130,13,13,0,0,national
2025,OR,41067,Washington,549300FNXYY540N23N64,Newrez LLC,333,154,49,1.28,242,59,32,0,0,112,23,19,0,0,national
2025,OR,41067,Washington,54930043BMDE130FJ617,"PROVIDENT FUNDING ASSOCIATES, L.P.",199,151,2,1.25,199,0,0,0,0,151,0,0,0,0,national
2025,OR,41067,Washington,7H6GLXDRUGQFU57RNE97,"JPMorgan Chase Bank, National Association",254,140,25,1.16,249,3,2,0,0,139,0,1,0,0,national
2025,OR,41067,Washington,254900T37KTTXKCK3416,,248,135,43,1.12,248,0,0,0,0,135,0,0,0,0,national
2025,OR,41067,Washington,549300MGPZBLQDIL7538,FAIRWAY INDEPENDENT MORTGAGE CORPORATION,200,129,12,1.07,149,40,10,1,0,96,26,7,0,0,national
2025,OR,41067,Washington,549300UI36AJZ0WZ4U93,"TAYLOR MORRISON HOME FUNDING, INC.",151,128,12,1.06,132,13,6,0,0,114,8,6,0,0,national
2025,OR,41067,Washington,549300RPOGWJRH63HS39,UNION HOME MORTGAGE CORP.,175,127,7,1.05,137,33,4,1,0,101,21,4,1,0,national
2025,OR,41067,Washington,2549001IK7UDPADKAG34,,225,123,57,1.02,225,0,0,0,0,123,0,0,0,0,national
2025,OR,41067,Washington,254900ZFWS2106HWPH46,"PARAMOUNT RESIDENTIAL MORTGAGE GROUP, INC.",165,115,3,0.95,136,23,5,1,0,95,16,3,1,0,national
2025,OR,41067,Washington,549300L44U62O7WHRR78,FIRST COMMUNITY,150,109,23,0.9,150,0,0,0,0,109,0,0,0,0,national
2025,OR,41067,Washington,IFQSIUC9AGQV2NE8CN25,Columbia Bank,176,106,40,0.88,173,3,0,0,0,104,2,0,0,0,national
2025,OR,41067,Washington,549300KOAKQX3BEWWT56,,116,105,2,0.87,71,33,12,0,0,66,29,10,0,0,national
2025,OR,41067,Washington,549300U3721PJGQZYY68,"GUARANTEED RATE, INC.",201,104,9,0.86,164,27,9,1,0,79,18,6,1,0,national
2025,OR,41067,Washington,254900DTLHVWQ7NP7R34,"CMG Mortgage, Inc.",121,99,4,0.82,116,3,2,0,0,94,3,2,0,0,national
2025,OR,41067,Washington,5493000OIGWIS24A1547,,124,98,10,0.81,89,32,3,0,0,75,21,2,0,0,national
2025,OR,41067,Washington,KB1H1DSPRFMYMCUFXT09,"Wells Fargo Bank, National Association",155,91,15,0.75,153,0,2,0,0,89,0,2,0,0,national
2025,OR,41067,Washington,HUX2X73FUCYHUVH1BK78,KeyBank National Association,155,89,38,0.74,152,2,1,0,0,88,1,0,0,0,national
2025,OR,41067,Washington,549300LBCBNR1OT00651,NATIONSTAR MORTGAGE LLC,121,88,17,0.73,108,9,4,0,0,82,4,2,0,0,national
2025,OR,41067,Washington,549300XY701IELCE5Q08,BETTER MORTGAGE CORPORATION,152,87,28,0.72,140,9,3,0,0,77,7,3,0,0,national
2025,OR,41067,Washington,5493003GQDUH26DNNH17,Navy Federal Credit Union,180,83,28,0.69,141,0,39,0,0,62,0,21,0,0,national
2025,OR,41067,Washington,549300LYRWPSYPK6S325,FREEDOM MORTGAGE CORPORATION,176,76,18,0.63,38,71,67,0,0,11,28,37,0,0,national
2025,OR,41067,Washington,549300PIL8LFAQ04XC20,Better Mortgage Corporation,225,75,115,0.62,225,0,0,0,0,75,0,0,0,0,national
2025,OR,41067,Washington,549300DD4R4SYK5RAQ92,"MOVEMENT MORTGAGE, LLC",118,74,4,0.61,102,13,3,0,0,63,9,2,0,0,national
2025,OR,41067,Washington,549300KIOYNU323LVJ37,AMERICAN PACIFIC MORTGAGE CORPORATION,94,72,3,0.6,74,18,2,0,0,56,14,2,0,0,national
2025,OR,41067,Washington,549300AG64NHILB7ZP05,"LOANDEPOT.COM, LLC",133,71,29,0.59,112,7,14,0,0,65,3,3,0,0,national
2025,OR,41067,Washington,549300E2UX99HKDBR481,"NEW AMERICAN FUNDING, LLC",150,70,6,0.58,113,31,6,0,0,60,7,3,0,0,national
2025,OR,41067,Washington,549300ZBXINP1Y94CN02,,95,66,4,0.55,86,4,5,0,0,59,3,4,0,0,national
2025,OR,41067,Washington,549300DD5QQUHO6PCH70,"MORTGAGE RESEARCH CENTER, LLC",151,64,28,0.53,8,3,140,0,0,2,1,61,0,0,national
2025,OR,41067,Washington,5493001SXWZ4OFP8Z903,"DHI MORTGAGE COMPANY, LTD.",94,63,10,0.52,67,23,4,0,0,48,13,2,0,0,national
2025,OR,41067,Washington,549300E34W6TNRG7B624,,72,62,5,0.51,72,0,0,0,0,62,0,0,0,0,national
2025,OR,41067,Washington,549300O2EZG72LO2FX38,,91,62,1,0.51,80,8,3,0,0,53,7,2,0,0,national
2025,OR,41067,Washington,549300T94GSH3C4U5M59,ALLIANT CREDIT UNION,83,60,10,0.5,81,0,2,0,0,59,0,1,0,0,national
2025,OR,41067,Washington,549300KZVCKCUN23YY80,,93,59,22,0.49,93,0,0,0,0,59,0,0,0,0,national
2025,OR,41067,Washington,WE0I402RW25AU38DTI13,Banner Bank,105,58,33,0.48,97,6,2,0,0,54,4,0,0,0,national
2025,OR,41067,Washington,549300MZ8VZJOVC63092,"KIND LENDING, LLC",87,56,16,0.46,66,11,8,2,0,43,6,7,0,0,national
2025,OR,41067,Washington,25490018IFQOT83Q7H49,,73,55,0,0.46,64,7,2,0,0,47,6,2,0,0,national
2025,OR,41067,Washington,254900UL88QFG0E40516,FIGURE LENDING LLC,121,55,40,0.46,121,0,0,0,0,55,0,0,0,0,national
2025,OR,41067,Washington,549300121SF0K2LN2804,"PRIMELENDING, A PLAINSCAPITAL COMPANY",74,52,3,0.43,63,9,2,0,0,44,7,1,0,0,national
2025,OR,41067,Washington,5493001GCBD5XGNIC815,Coastal Community Bank,217,52,6,0.43,217,0,0,0,0,52,0,0,0,0,national
2025,OR,41067,Washington,549300370QILXLFUWD20,"ZILLOW HOME LOANS, LLC",62,46,3,0.38,52,8,2,0,0,39,5,2,0,0,national
2025,OR,41067,Washington,549300OPCWU6E72WUT29,"MUTUAL OF OMAHA MORTGAGE, INC.",73,44,9,0.36,39,30,4,0,0,23,18,3,0,0,national
2025,OR,41067,Washington,54930054ET8KM4O1D485,"SOFI BANK, NATIONAL ASSOCIATION",108,43,9,0.36,106,1,1,0,0,43,0,0,0,0,national
2025,OR,41067,Washington,5493000OM9RKJW8W5K82,,64,42,2,0.35,44,16,4,0,0,28,10,4,0,0,national
2025,OR,41067,Washington,5493009BD405QQTMXO12,TOLL BROTHERS MORTGAGE COMPANY,68,39,6,0.32,66,1,1,0,0,39,0,0,0,0,national
2025,OR,41067,Washington,549300JYXTZDSPJEPI44,"PLAZA HOME MORTGAGE, INC.",53,38,9,0.31,36,14,3,0,0,23,12,3,0,0,national
2025,OR,41067,Washington,549300PL8ER6H23P0Z91,,52,37,0,0.31,37,13,2,0,0,26,9,2,0,0,national
2025,OR,41067,Washington,254900TTZ395IC926125,,48,36,1,0.3,37,11,0,0,0,29,7,0,0,0,national
2025,OR,41067,Washington,549300IEP77RKJ87Z176,OREGON COMMUNITY,64,36,12,0.3,64,0,0,0,0,36,0,0,0,0,national
2025,OR,41067,Washington,549300VMX06UV1F7NS76,,37,33,0,0.27,25,9,3,0,0,22,8,3,0,0,national
2025,OR,41067,Washington,549300WJIJV987NXVC31,,47,33,0,0.27,41,4,2,0,0,28,3,2,0,0,national
2025,OR,41067,Washington,549300NOCASXPA34X033,"LAKEVIEW LOAN SERVICING, LLC",96,32,45,0.27,55,29,12,0,0,18,8,6,0,0,national
2025,OR,41067,Washington,3Y4U8VZURTYWI1W2K376,BMO Bank National Association,74,31,24,0.26,74,0,0,0,0,31,0,0,0,0,national
2025,OR,41067,Washington,549300CB67L6KPJLHE19,"TRIAD FINANCIAL SERVICES, INC.",121,31,44,0.26,121,0,0,0,0,31,0,0,0,0,national
2025,OR,41067,Washington,549300ZWNETGFXTBBY03,"CANOPY MORTGAGE, LLC",50,31,1,0.26,38,10,2,0,0,25,5,1,0,0,national
2025,OR,41067,Washington,54930060G4MDPWHISD89,EVERGREEN MONEYSOURCE MORTGAGE COMPANY,46,30,0,0.25,37,8,1,0,0,25,5,0,0,0,national
2025,OR,41067,Washington,5493008CPTDVOS570626,"Primary Residential Mortgage, Inc.",52,30,14,0.25,52,0,0,0,0,30,0,0,0,0,national
2025,OR,41067,Washington,549300B4IYL7TZT8FA34,,41,30,0,0.25,34,5,2,0,0,25,4,1,0,0,national
2025,OR,41067,Washington,549300J6N77Q8OHYNF23,,42,29,1,0.24,30,7,5,0,0,22,5,2,0,0,national
2025,OR,41067,Washington,549300KJ8PAJ7E52HG32,Plains Commerce Bank,48,29,2,0.24,33,13,2,0,0,22,6,1,0,0,national
2025,OR,41067,Washington,2549001SI0EMFPT39035,"Cornerstone First Mortgage, Inc",45,28,2,0.23,29,16,0,0,0,17,11,0,0,0,national
2025,OR,41067,Washington,2549005SIVTHG14U2905,A&D Mortgage LLC,37,28,2,0.23,36,1,0,0,0,27,1,0,0,0,national
2025,OR,41067,Washington,549300KM40FP4MSQU941,Boeing Employees Credit Union,46,28,6,0.23,46,0,0,0,0,28,0,0,0,0,national
2025,OR,41067,Washington,254900FBWEZ3YUPOBN33,,26,25,1,0.21,26,0,0,0,0,25,0,0,0,0,national
2025,OR,41067,Washington,5493002B2WMHY23GFK92,"AMERICAN FINANCIAL RESOURCES, INC.",31,25,1,0.21,18,9,4,0,0,16,6,3,0,0,national
2025,OR,41067,Washington,549300RN01LBYR8ZVX74,"LOWER, LLC",33,25,1,0.21,26,6,1,0,0,20,4,1,0,0,national
2025,OR,41067,Washington,549300YIQ7S7Z8PIHE53,AMERISAVE MORTGAGE CORPORATION,88,25,54,0.21,69,13,6,0,0,20,3,2,0,0,national
2025,OR,41067,Washington,5493008NWHQT1R22C024,"AMERICAN FINANCIAL NETWORK, INC.",34,24,4,0.2,22,11,1,0,0,15,8,1,0,0,national
2025,OR,41067,Washington,5493009HUMWCHFRDKF12,,34,24,0,0.2,34,0,0,0,0,24,0,0,0,0,national
2025,OR,41067,Washington,549300LROQOOQU77WS20,,46,24,4,0.2,45,1,0,0,0,24,0,0,0,0,national
2025,OR,41067,Washington,X05BVSK68TQ7YTOSNR22,Discover Bank,120,22,60,0.18,120,0,0,0,0,22,0,0,0,0,national
2025,OR,41067,Washington,213800XR2TCBQJSF1X93,,35,21,4,0.17,29,1,5,0,0,18,0,3,0,0,national
2025,OR,41067,Washington,25490066WMF8ZMQXQB18,"Lendage, LLC",30,21,2,0.17,30,0,0,0,0,21,0,0,0,0,national
2025,OR,41067,Washington,549300Q50XCC0473FG63,,43,21,17,0.17,43,0,0,0,0,21,0,0,0,0,national
2025,OR,41067,Washington,5493001WHVQBGRSWEU75,"HOMEBRIDGE FINANCIAL SERVICES, INC.",31,20,4,0.17,26,2,3,0,0,17,2,1,0,0,national
2025,OR,41067,Washington,5493005JXQCVNMUHBR38,,21,20,0,0.17,21,0,0,0,0,20,0,0,0,0,national
2025,OR,41067,Washington,549300S5YL3OH0IVCS62,FINANCE OF AMERICA REVERSE LLC,25,20,1,0.17,5,20,0,0,0,4,16,0,0,0,national
2025,OR,41067,Washington,549300SK2GVCQXPD4S58,"SUN WEST MORTGAGE COMPANY, INC.",28,20,1,0.17,16,5,7,0,0,14,3,3,0,0,national
2025,OR,41067,Washington,549300UB5TJ0YPVPT503,,29,20,5,0.17,23,5,0,1,0,17,3,0,0,0,national
2025,OR,41067,Washington,5493001HHBUTXHS7TZ96,HOMEAMERICAN MORTGAGE CORPORATION,25,19,4,0.16,14,9,2,0,0,10,7,2,0,0,national
2025,OR,41067,Washington,5493004M1U54OO4KKE09,,21,19,0,0.16,15,3,3,0,0,14,2,3,0,0,national
2025,OR,41067,Washington,549300R77W0P105C3S50,HOMEXPRESS MORTGAGE CORP.,32,19,13,0.16,32,0,0,0,0,19,0,0,0,0,national
2025,OR,41067,Washington,254900RNV63A0TIZNK90,,25,18,1,0.15,17,7,1,0,0,12,6,0,0,0,national
2025,OR,41067,Washington,5493003WLEYGXGNTI654,SELCO COMMUNITY,39,18,15,0.15,39,0,0,0,0,18,0,0,0,0,national
2025,OR,41067,Washington,AD6GFRVSDT01YPT1CS68,"PNC Bank, National Association",44,18,10,0.15,44,0,0,0,0,18,0,0,0,0,national
2025,OR,41067,Washington,254900N6XFQR6TP1WG82,,17,17,0,0.14,17,0,0,0,0,17,0,0,0,0,national
2025,OR,41067,Washington,254900Z8J5L9POS71X51,Oregon State Credit Union,28,17,3,0.14,28,0,0,0,0,17,0,0,0,0,national
2025,OR,41067,Washington,549300FX7K8PTEQUU487,PENTAGON FEDERAL CREDIT UNION,35,17,13,0.14,32,0,3,0,0,16,0,1,0,0,national
2025,OR,41067,Washington,549300LVO8UXHRM8O957,,20,17,3,0.14,20,0,0,0,0,17,0,0,0,0,national
2025,OR,41067,Washington,01KWVG908KE7RKPTNP46,,24,16,4,0.13,22,1,1,0,0,14,1,1,0,0,national
2025,OR,41067,Washington,2549004FXPNKCLIN8250,"Synergy One Lending, Inc.",26,16,5,0.13,19,5,2,0,0,12,2,2,0,0,national
2025,OR,41067,Washington,2549008TT6UNYR7AXF54,,20,16,0,0.13,19,0,1,0,0,15,0,1,0,0,national
2025,OR,41067,Washington,549300GS0W0TEUQS8571,"Morgan Stanley Private Bank, National Association",22,16,0,0.13,22,0,0,0,0,16,0,0,0,0,national
2025,OR,41067,Washington,549300O6Z0I6KYMESL47,AMWEST FUNDING CORP.,21,16,1,0.13,18,3,0,0,0,15,1,0,0,0,national
2025,OR,41067,Washington,SS1TRMSN6BRNMOREEV51,"Flagstar Bank, National Association",28,16,9,0.13,17,10,1,0,0,9,6,1,0,0,national
2025,OR,41067,Washington,54930025XJJO3T0M1A92,,17,15,1,0.12,17,0,0,0,0,15,0,0,0,0,national
2025,OR,41067,Washington,5493004WMLN60ZJ2ON46,"Paramount Residential Mortgage Group, Inc.",17,15,1,0.12,17,0,0,0,0,15,0,0,0,0,national
2025,OR,41067,Washington,549300N2GMOJ61XHEL06,,19,15,0,0.12,18,1,0,0,0,14,1,0,0,0,national
2025,OR,41067,Washington,549300UBGGLZLZEY0M18,,21,15,3,0.12,21,0,0,0,0,15,0,0,0,0,national
2025,OR,41067,Washington,549300ZIQ24V0C88AC41,GTE Federal Credit Union,16,15,0,0.12,16,0,0,0,0,15,0,0,0,0,national
2025,OR,41067,Washington,PAOOWF3GUFM46FBSP561,,36,15,2,0.12,25,10,1,0,0,9,5,1,0,0,national
2025,OR,41067,Washington,54930052M48FOD3CWA54,"PRIMARY RESIDENTIAL MORTGAGE, INC.",22,14,1,0.12,15,6,1,0,0,12,1,1,0,0,national
2025,OR,41067,Washington,549300ALNLUNS3Y53T24,AMERICAN FINANCING CORPORATION,51,14,17,0.12,28,20,3,0,0,12,2,0,0,0,national
2025,OR,41067,Washington,549300P2GEYNMH5OQA71,,17,14,2,0.12,17,0,0,0,0,14,0,0,0,0,national
2025,OR,41067,Washington,549300YN94MOAVYW0F52,"GoodLeap, LLC",23,14,4,0.12,19,2,2,0,0,12,2,0,0,0,national
2025,OR,41067,Washington,54930021WPEXNHYZUL09,"PLANET HOME LENDING, LLC",18,13,4,0.11,3,10,5,0,0,3,7,3,0,0,national
2025,OR,41067,Washington,549300T9P3WXNMXX0I34,Ixonia Bank,20,13,0,0.11,10,8,1,1,0,8,3,1,1,0,national
2025,OR,41067,Washington,549300VCMRO4ST680C11,VILLAGE CAPITAL & INVESTMENT LLC,39,13,8,0.11,0,19,20,0,0,0,4,9,0,0,national
2025,OR,41067,Washington,549300Y5Y88FQLI7VE83,DEEPHAVEN MORTGAGE LLC,26,13,11,0.11,26,0,0,0,0,13,0,0,0,0,national
2025,OR,41067,Washington,C5654JQHZUHN0772B561,USAA Federal Savings Bank,31,13,5,0.11,18,0,13,0,0,8,0,5,0,0,national
2025,OR,41067,Washington,549300323EON4W3CCM44,"RESICENTRAL, LLC",16,12,0,0.1,15,1,0,0,0,11,1,0,0,0,national
2025,OR,41067,Washington,5493004AS1SPBQOFDR49,"Change Lending, LLC",21,12,1,0.1,17,4,0,0,0,8,4,0,0,0,national
2025,OR,41067,Washington,5493008ZTV4S0W9DCX64,,13,12,1,0.1,9,4,0,0,0,8,4,0,0,0,national
2025,OR,41067,Washington,549300MHH03ICJYEPE85,,19,12,2,0.1,4,15,0,0,0,3,9,0,0,0,national
2025,OR,41067,Washington,549300RD5IG88VPO6P22,,20,12,0,0.1,20,0,0,0,0,12,0,0,0,0,national
2025,OR,41067,Washington,254900WTZC5SSKIN2M11,,14,11,1,0.09,14,0,0,0,0,11,0,0,0,0,national
2025,OR,41067,Washington,5493005PKOSG7MYX0B34,"Prosperity Home Mortgage, LLC",20,11,3,0.09,10,8,2,0,0,7,2,2,0,0,national
2025,OR,41067,Washington,549300DCGBXW5FJMV921,,11,11,0,0.09,11,0,0,0,0,11,0,0,0,0,national
2025,OR,41067,Washington,549300Q3ROEQU3D1IW91,,50,11,24,0.09,50,0,0,0,0,11,0,0,0,0,national
2025,OR,41067,Washington,549300R9S3MVDV4MGF56,"CARRINGTON MORTGAGE SERVICES, LLC",36,11,20,0.09,23,9,4,0,0,6,3,2,0,0,national
2025,OR,41067,Washington,549300VORTI31GZTJL53,"CARDINAL FINANCIAL COMPANY, LIMITED PARTNERSHIP",15,11,3,0.09,13,2,0,0,0,10,1,0,0,0,national
2025,OR,41067,Washington,E57ODZWZ7FF32TWEFA76,"Citibank, National Association",23,11,3,0.09,23,0,0,0,0,11,0,0,0,0,national
2025,OR,41067,Washington,5493002GI63WHHUTUD85,"KEYSTONE FUNDING, INC.",10,10,0,0.08,8,1,1,0,0,8,1,1,0,0,national
2025,OR,41067,Washington,549300INFJ8TYNZ1G568,,11,10,1,0.08,11,0,0,0,0,10,0,0,0,0,national
2025,OR,41067,Washington,549300NWBS6MQJX15N44,,12,10,0,0.08,12,0,0,0,0,10,0,0,0,0,national
2025,OR,41067,Washington,549300RA3E0BUFO7YZ21,"Hometown Equity Mortgage, LLC",13,10,3,0.08,12,1,0,0,0,9,1,0,0,0,national
2025,OR,41067,Washington,549300UR5AOWTJJ7KZ64,,19,10,0,0.08,19,0,0,0,0,10,0,0,0,0,national
2025,OR,41067,Washington,984500U2F9A83N391A91,"CHAMPIONS FUNDING, LLC",18,10,2,0.08,18,0,0,0,0,10,0,0,0,0,national
2025,OR,41067,Washington,254900HEJ9F73IMPX887,,27,9,1,0.07,27,0,0,0,0,9,0,0,0,0,national
2025,OR,41067,Washington,254900NZOY3XB2DNSZ34,,14,9,1,0.07,14,0,0,0,0,9,0,0,0,0,national
2025,OR,41067,Washington,5493000D6RXLNBZQYA47,,22,9,8,0.07,20,2,0,0,0,9,0,0,0,0,national
2025,OR,41067,Washington,5493001GDRY0EL7VG372,"ARK-LA-TEX FINANCIAL SERVICES, LLC.",11,9,0,0.07,6,3,2,0,0,4,3,2,0,0,national
2025,OR,41067,Washington,54930030Z1JWTP3SVD16,,14,9,1,0.07,6,8,0,0,0,4,5,0,0,0,national
2025,OR,41067,Washington,5493009B17HXCVXTD608,"JMAC LENDING, INC.",14,9,0,0.07,9,5,0,0,0,5,4,0,0,0,national
2025,OR,41067,Washington,549300CDLJDN8ENOT455,MARION AND POLK SCHOOLS CREDIT UNION,14,9,2,0.07,13,1,0,0,0,9,0,0,0,0,national
2025,OR,41067,Washington,549300KQHWNSVCE2MY88,,11,9,0,0.07,11,0,0,0,0,9,0,0,0,0,national
2025,OR,41067,Washington,549300TUQC6OYE8A0Y96,,12,9,2,0.07,7,4,0,1,0,6,3,0,0,0,national
2025,OR,41067,Washington,549300UXY7OP0IC38293,Northpointe Bank,15,9,0,0.07,14,1,0,0,0,8,1,0,0,0,national
2025,OR,41067,Washington,2549001ZCEBYFHYUPH52,,8,8,0,0.07,8,0,0,0,0,8,0,0,0,0,national
2025,OR,41067,Washington,254900E6AIE4Z8YQM970,Citadel Servicing Corporation,11,8,0,0.07,11,0,0,0,0,8,0,0,0,0,national
2025,OR,41067,Washington,254900IEGKUDRDS23V26,,10,8,0,0.07,10,0,0,0,0,8,0,0,0,0,national
2025,OR,41067,Washington,254900TG14TB8RKS3U42,,15,8,1,0.07,11,3,1,0,0,5,3,0,0,0,national
2025,OR,41067,Washington,54930001NSTOD85LT125,"GUARANTEED RATE AFFINITY, LLC",10,8,1,0.07,10,0,0,0,0,8,0,0,0,0,national
2025,OR,41067,Washington,549300BLL6VL7AXWYP56,,12,8,0,0.07,11,1,0,0,0,7,1,0,0,0,national
2025,OR,41067,Washington,549300EKFFG3BU8DNX74,NEXERA HOLDING LLC,17,8,2,0.07,17,0,0,0,0,8,0,0,0,0,national
2025,OR,41067,Washington,549300GS6ONO04ORI292,,13,8,2,0.07,9,4,0,0,0,6,2,0,0,0,national
2025,OR,41067,Washington,549300J7I82PNDVU8H22,"OCMBC, INC.",23,8,6,0.07,23,0,0,0,0,8,0,0,0,0,national
2025,OR,41067,Washington,549300XQVJ1XBNFA5536,21ST MORTGAGE CORPORATION,84,8,33,0.07,84,0,0,0,0,8,0,0,0,0,national
2025,OR,41067,Washington,549300YX5RPSSMR88K92,,8,8,0,0.07,8,0,0,0,0,8,0,0,0,0,national
2025,OR,41067,Washington,5493003T5D4N1CM46J77,1st Security Bank of Washington,13,7,0,0.06,8,4,1,0,0,5,2,0,0,0,national
2025,OR,41067,Washington,5493009QYNVEZ9VDJU57,,12,7,0,0.06,6,4,2,0,0,3,2,2,0,0,national
2025,OR,41067,Washington,549300JPGMCMBEJEK584,FIRST TECHNOLOGY,14,7,0,0.06,14,0,0,0,0,7,0,0,0,0,national
2025,OR,41067,Washington,549300KTR1JGH3K6LU06,FOURLEAF,14,7,6,0.06,14,0,0,0,0,7,0,0,0,0,national
2025,OR,41067,Washington,549300PQLK8E48ILXV41,,13,7,3,0.06,12,1,0,0,0,7,0,0,0,0,national
2025,OR,41067,Washington,549300TA4MQM8WN2XG31,,8,7,0,0.06,8,0,0,0,0,7,0,0,0,0,national
2025,OR,41067,Washington,549300Z2B4FHRYOXTS09,,15,7,6,0.06,15,0,0,0,0,7,0,0,0,0,national
2025,OR,41067,Washington,254900O2K17TNH5CL873,"RF RENOVO MANAGEMENT COMPANY, LLC",6,6,0,0.05,6,0,0,0,0,6,0,0,0,0,national
2025,OR,41067,Washington,5493004T38NMC864VL66,,6,6,0,0.05,6,0,0,0,0,6,0,0,0,0,national
2025,OR,41067,Washington,549300AENO88GEUWCZ39,,7,6,0,0.05,6,0,1,0,0,6,0,0,0,0,national
2025,OR,41067,Washington,549300COIWXM618UBE82,,8,6,2,0.05,8,0,0,0,0,6,0,0,0,0,national
2025,OR,41067,Washington,549300CY7WNAHKHYSJ73,,10,6,0,0.05,8,1,1,0,0,5,0,1,0,0,national
2025,OR,41067,Washington,549300JQALY53TH22D13,,6,6,0,0.05,6,0,0,0,0,6,0,0,0,0,national
2025,OR,41067,Washington,549300KDR80I1ELW8D36,,17,6,2,0.05,17,0,0,0,0,6,0,0,0,0,national
2025,OR,41067,Washington,549300PL267CW8182203,,20,6,0,0.05,1,7,12,0,0,0,1,5,0,0,national
2025,OR,41067,Washington,549300VEJ302N3NLKA88,,9,6,3,0.05,9,0,0,0,0,6,0,0,0,0,national
2025,OR,41067,Washington,549300WHVRE44NRBU558,,9,6,2,0.05,9,0,0,0,0,6,0,0,0,0,national
2025,OR,41067,Washington,549300XWUSRVVOHPRY47,Academy Mortgage Corporation,32,6,0,0.05,26,5,1,0,0,5,0,1,0,0,national
2025,OR,41067,Washington,254900N49YI2HHKDPS92,,12,5,2,0.04,12,0,0,0,0,5,0,0,0,0,national
2025,OR,41067,Washington,254900P1I9VHKMF8R991,,5,5,0,0.04,5,0,0,0,0,5,0,0,0,0,national
2025,OR,41067,Washington,254900VHUBSJJKOMBF27,,7,5,1,0.04,4,0,3,0,0,3,0,2,0,0,national
2025,OR,41067,Washington,5493000FWM3I2HHQY149,WASHINGTON STATE EMPLOYEES CREDIT UNION,11,5,4,0.04,11,0,0,0,0,5,0,0,0,0,national
2025,OR,41067,Washington,5493008VVXQIDO1EZ460,"SUMMIT FUNDING, INC.",7,5,1,0.04,7,0,0,0,0,5,0,0,0,0,national
2025,OR,41067,Washington,549300BOXNV8VLRBDT24,,9,5,1,0.04,9,0,0,0,0,5,0,0,0,0,national
2025,OR,41067,Washington,549300BX448ALT10FI43,The Federal Savings Bank,29,5,1,0.04,2,4,23,0,0,0,0,5,0,0,national
2025,OR,41067,Washington,549300GWD9H4FQ2VR805,,6,5,0,0.04,6,0,0,0,0,5,0,0,0,0,national
2025,OR,41067,Washington,549300IKS3MMB5YK6T18,,5,5,0,0.04,5,0,0,0,0,5,0,0,0,0,national
2025,OR,41067,Washington,549300Q6YL1SFVPEGV90,,7,5,0,0.04,0,7,0,0,0,0,5,0,0,0,national
2025,OR,41067,Washington,549300RFLICNI75BG067,Luminate Bank,6,5,0,0.04,4,2,0,0,0,3,2,0,0,0,national
2025,OR,41067,Washington,549300W45D2J6BT4LX65,,5,5,0,0.04,5,0,0,0,0,5,0,0,0,0,national
2025,OR,41067,Washington,549300XQ7B5FIVUNFE29,VAN DYK MORTGAGE CORPORATION,6,5,0,0.04,6,0,0,0,0,5,0,0,0,0,national
2025,OR,41067,Washington,Q708HHR4LD2B7XIZNO92,First Federal Bank,8,5,0,0.04,8,0,0,0,0,5,0,0,0,0,national
2025,OR,41067,Washington,25490045AQF6IJKP4394,,4,4,0,0.03,4,0,0,0,0,4,0,0,0,0,national
2025,OR,41067,Washington,2549005Q4HZ55QX7YC64,,5,4,0,0.03,5,0,0,0,0,4,0,0,0,0,national
2025,OR,41067,Washington,2549009OWTY7KVB18G12,,4,4,0,0.03,4,0,0,0,0,4,0,0,0,0,national
2025,OR,41067,Washington,254900HA4DQWAE0W3342,"AMERIHOME MORTGAGE COMPANY, LLC",15,4,4,0.03,3,11,1,0,0,0,4,0,0,0,national
2025,OR,41067,Washington,254900HD4RROQDXNWI45,,6,4,1,0.03,6,0,0,0,0,4,0,0,0,0,national
2025,OR,41067,Washington,254900QNIR86GUIRYH95,,10,4,0,0.03,9,1,0,0,0,3,1,0,0,0,national
2025,OR,41067,Washington,254900YA1AQXNM8QVZ06,,4,4,0,0.03,4,0,0,0,0,4,0,0,0,0,national
2025,OR,41067,Washington,5493002QI5QUDX4RGW52,,4,4,0,0.03,4,0,0,0,0,4,0,0,0,0,national
2025,OR,41067,Washington,5493002TJKC8NLH1ZP82,,7,4,0,0.03,5,1,1,0,0,3,1,0,0,0,national
2025,OR,41067,Washington,5493006KXUHSYFT7SD10,,5,4,0,0.03,3,2,0,0,0,2,2,0,0,0,national
2025,OR,41067,Washington,5493006VAGP3GQ8FJT49,"Kiavi Funding, Inc.",6,4,1,0.03,6,0,0,0,0,4,0,0,0,0,national
2025,OR,41067,Washington,549300BXWU32AYWT1A56,,5,4,0,0.03,5,0,0,0,0,4,0,0,0,0,national
2025,OR,41067,Washington,549300K4ZLGS7SRDTL86,Equity Prime Mortgage LLC,7,4,0,0.03,0,4,3,0,0,0,2,2,0,0,national
2025,OR,41067,Washington,549300PBTV7FCWLSMM53,,12,4,0,0.03,5,6,1,0,0,1,2,1,0,0,national
2025,OR,41067,Washington,549300QIUZLVR1OLDH55,Genisys Credit Union,4,4,0,0.03,4,0,0,0,0,4,0,0,0,0,national
2025,OR,41067,Washington,549300RFSMIRUODUVW59,,7,4,2,0.03,7,0,0,0,0,4,0,0,0,0,national
2025,OR,41067,Washington,549300SCFWZXMDMZPE93,,8,4,2,0.03,6,2,0,0,0,3,1,0,0,0,national
2025,OR,41067,Washington,549300TDBTRK89DZRC13,,6,4,1,0.03,6,0,0,0,0,4,0,0,0,0,national
2025,OR,41067,Washington,98450087981AP406JG03,,5,4,0,0.03,5,0,0,0,0,4,0,0,0,0,national
2025,OR,41067,Washington,DRMSV1Q0EKMEXLAU1P80,"Citizens Bank, National Association",6,4,1,0.03,6,0,0,0,0,4,0,0,0,0,national
2025,OR,41067,Washington,1IE8VN30JCEQV1H4R804,,4,3,1,0.02,4,0,0,0,0,3,0,0,0,0,national
2025,OR,41067,Washington,254900M2C4Q6DATP2889,,13,3,5,0.02,4,8,1,0,0,0,3,0,0,0,national
2025,OR,41067,Washington,254900VELJPWWT51WN03,,4,3,0,0.02,4,0,0,0,0,3,0,0,0,0,national
2025,OR,41067,Washington,254900WEP08K7U7S3A80,,3,3,0,0.02,1,2,0,0,0,1,2,0,0,0,national
2025,OR,41067,Washington,5493000H6DFDDJRORG89,,6,3,0,0.02,3,1,2,0,0,2,0,1,0,0,national
2025,OR,41067,Washington,5493000NYUJT9UC6G261,LEADERONE FINANCIAL CORPORATION,4,3,0,0.02,3,0,1,0,0,2,0,1,0,0,national
2025,OR,41067,Washington,5493001XKL0FTNOJ0866,,5,3,0,0.02,4,1,0,0,0,2,1,0,0,0,national
2025,OR,41067,Washington,54930048P8RWCQHQM310,,5,3,1,0.02,5,0,0,0,0,3,0,0,0,0,national
2025,OR,41067,Washington,54930049L5WINET09Q97,"CLICK N' CLOSE, INC.",3,3,0,0.02,1,2,0,0,0,1,2,0,0,0,national
2025,OR,41067,Washington,54930078TNN7GKZ7NU89,,4,3,1,0.02,0,3,1,0,0,0,2,1,0,0,national
2025,OR,41067,Washington,5493007CLWQN2S6IZK91,,5,3,1,0.02,2,0,3,0,0,2,0,1,0,0,national
2025,OR,41067,Washington,54930080168VA6Z8UX21,TOWER Federal Credit Union,3,3,0,0.02,3,0,0,0,0,3,0,0,0,0,national
2025,OR,41067,Washington,549300A5HHOL2ED18C72,,8,3,0,0.02,8,0,0,0,0,3,0,0,0,0,national
2025,OR,41067,Washington,549300CK7U1WMTIG6687,,4,3,0,0.02,0,3,1,0,0,0,2,1,0,0,national
2025,OR,41067,Washington,549300DH8EI64ITBY388,,3,3,0,0.02,3,0,0,0,0,3,0,0,0,0,national
2025,OR,41067,Washington,549300DNWSJUNAWUM003,,5,3,0,0.02,5,0,0,0,0,3,0,0,0,0,national
2025,OR,41067,Washington,549300HIVO8XPBPNVG69,NOVA FINANCIAL & INVESTMENT CORPORATION,5,3,0,0.02,5,0,0,0,0,3,0,0,0,0,national
2025,OR,41067,Washington,549300IBT3SCF2K09D58,,3,3,0,0.02,3,0,0,0,0,3,0,0,0,0,national
2025,OR,41067,Washington,549300KX6E1IE2LM5E30,,4,3,1,0.02,4,0,0,0,0,3,0,0,0,0,national
2025,OR,41067,Washington,549300LLESTPOVRG3X73,,7,3,0,0.02,7,0,0,0,0,3,0,0,0,0,national
2025,OR,41067,Washington,549300N3JBQ15RQ7AV97,,8,3,0,0.02,8,0,0,0,0,3,0,0,0,0,national
2025,OR,41067,Washington,549300XCVBRR56D08F03,,30,3,1,0.02,27,2,1,0,0,3,0,0,0,0,national
2025,OR,41067,Washington,9845006YE04B346EC919,,14,3,0,0.02,8,4,2,0,0,2,0,1,0,0,national
2025,OR,41067,Washington,CKVBED0S4DMLKJJ5XH28,Stifel Bank and Trust,3,3,0,0.02,3,0,0,0,0,3,0,0,0,0,national
2025,OR,41067,Washington,IUGPUX5LWRZ3B6KIZ697,Ameris Bank,4,3,0,0.02,4,0,0,0,0,3,0,0,0,0,national
2025,OR,41067,Washington,L9VVX1KT5TFTKS0MLF66,First-Citizens Bank & Trust Company,7,3,2,0.02,7,0,0,0,0,3,0,0,0,0,national
2025,OR,41067,Washington,QFROUN1UWUYU0DVIWD51,"Eagle Home Mortgage, LLC",3,3,0,0.02,3,0,0,0,0,3,0,0,0,0,national
2025,OR,41067,Washington,WWB2V0FCW3A0EE3ZJN75,Manufacturers and Traders Trust Company,9,3,1,0.02,5,3,1,0,0,1,1,1,0,0,national
2025,OR,41067,Washington,2549005FUF02T1IFCA22,,3,2,0,0.02,3,0,0,0,0,2,0,0,0,0,national
2025,OR,41067,Washington,254900QPRPHIXEAX3L37,,2,2,0,0.02,2,0,0,0,0,2,0,0,0,0,national
2025,OR,41067,Washington,2WHM8VNJH63UN14OL754,The Huntington National Bank,3,2,0,0.02,3,0,0,0,0,2,0,0,0,0,national
2025,OR,41067,Washington,5493000349C5XXDRQX28,,7,2,0,0.02,7,0,0,0,0,2,0,0,0,0,national
2025,OR,41067,Washington,5493000EUC3MM52PJV85,,4,2,0,0.02,4,0,0,0,0,2,0,0,0,0,national
2025,OR,41067,Washington,5493000IIYWBLONJVJ30,,2,2,0,0.02,2,0,0,0,0,2,0,0,0,0,national
2025,OR,41067,Washington,5493001B4U37VT2ML818,GESA CREDIT UNION,3,2,0,0.02,3,0,0,0,0,2,0,0,0,0,national
2025,OR,41067,Washington,5493001YIUWLFRXQUO81,,2,2,0,0.02,2,0,0,0,0,2,0,0,0,0,national
2025,OR,41067,Washington,54930022CQGV47Q8PM03,,3,2,0,0.02,3,0,0,0,0,2,0,0,0,0,national
2025,OR,41067,Washington,5493003NV9L53LK1XI52,,3,2,0,0.02,2,1,0,0,0,2,0,0,0,0,national
2025,OR,41067,Washington,54930044G6TGPFFTFM49,,2,2,0,0.02,2,0,0,0,0,2,0,0,0,0,national
2025,OR,41067,Washington,5493004RLLKTQS8K7U51,,4,2,1,0.02,4,0,0,0,0,2,0,0,0,0,national
2025,OR,41067,Washington,5493005DKMV1IHIM8E20,"Wilmington Savings Fund Society, FSB",2,2,0,0.02,2,0,0,0,0,2,0,0,0,0,national
2025,OR,41067,Washington,549300748YYU6VG08N83,"Loan Simple, Inc.",3,2,0,0.02,1,2,0,0,0,1,1,0,0,0,national
2025,OR,41067,Washington,5493008P6YO2KM3EO556,The Dart Bank,2,2,0,0.02,1,1,0,0,0,1,1,0,0,0,national
2025,OR,41067,Washington,54930095UWUUXAWASB02,"Atlantic Coast Mortgage, LLC",2,2,0,0.02,2,0,0,0,0,2,0,0,0,0,national
2025,OR,41067,Washington,54930097J3TUZXBXXE75,,2,2,0,0.02,2,0,0,0,0,2,0,0,0,0,national
2025,OR,41067,Washington,5493009Y8ROUG903AQ21,,2,2,0,0.02,2,0,0,0,0,2,0,0,0,0,national
2025,OR,41067,Washington,549300ASFUWYQO0RW077,,2,2,0,0.02,2,0,0,0,0,2,0,0,0,0,national
2025,OR,41067,Washington,549300G4ESSS6M0MEG51,ORIGINPOINT LLC,2,2,0,0.02,2,0,0,0,0,2,0,0,0,0,national
2025,OR,41067,Washington,549300GTVXJ2PGXNLM73,T2 FINANCIAL LLC,2,2,0,0.02,2,0,0,0,0,2,0,0,0,0,national
2025,OR,41067,Washington,549300HVW3AI97UKTO72,Wings Financial Credit Union,2,2,0,0.02,2,0,0,0,0,2,0,0,0,0,national
2025,OR,41067,Washington,549300I1HK1BBZLKOB84,,2,2,0,0.02,2,0,0,0,0,2,0,0,0,0,national
2025,OR,41067,Washington,549300IFOE4SCP384147,University Bank,2,2,0,0.02,2,0,0,0,0,2,0,0,0,0,national
2025,OR,41067,Washington,549300ISCZS1R0CJMO47,,3,2,1,0.02,2,1,0,0,0,1,1,0,0,0,national
2025,OR,41067,Washington,549300KSOOZZVXCMA627,ANGEL OAK MORTGAGE SOLUTIONS LLC,6,2,1,0.02,6,0,0,0,0,2,0,0,0,0,national
2025,OR,41067,Washington,549300KW3HYVC06WS898,,2,2,0,0.02,2,0,0,0,0,2,0,0,0,0,national
2025,OR,41067,Washington,549300NLJI4QKZ3D0G94,,2,2,0,0.02,2,0,0,0,0,2,0,0,0,0,national
2025,OR,41067,Washington,549300OPB0G5OMY0SM65,,4,2,0,0.02,4,0,0,0,0,2,0,0,0,0,national
2025,OR,41067,Washington,549300P55E0GN57DEV03,,2,2,0,0.02,2,0,0,0,0,2,0,0,0,0,national
2025,OR,41067,Washington,549300PC4MFWQBNVKG88,"V.I.P. MORTGAGE, INC.",2,2,0,0.02,2,0,0,0,0,2,0,0,0,0,national
2025,OR,41067,Washington,549300REENMLD2RN3W58,"Magnolia Bank, Incorporated",2,2,0,0.02,0,1,1,0,0,0,1,1,0,0,national
2025,OR,41067,Washington,549300RYWXR8TL5LIK35,,3,2,0,0.02,3,0,0,0,0,2,0,0,0,0,national
2025,OR,41067,Washington,549300SQKZC6HESYGO25,,3,2,1,0.02,3,0,0,0,0,2,0,0,0,0,national
2025,OR,41067,Washington,549300TMY3OACQC9U777,,6,2,0,0.02,6,0,0,0,0,2,0,0,0,0,national
2025,OR,41067,Washington,549300TUSRLWD8ETNR90,SPOKANE TEACHERS,3,2,0,0.02,3,0,0,0,0,2,0,0,0,0,national
2025,OR,41067,Washington,549300UG7QXKM7KGV847,,3,2,0,0.02,3,0,0,0,0,2,0,0,0,0,national
2025,OR,41067,Washington,549300UTE20103B0T339,,2,2,0,0.02,1,1,0,0,0,1,1,0,0,0,national
2025,OR,41067,Washington,549300UV5JQXLGVWIP44,,5,2,0,0.02,5,0,0,0,0,2,0,0,0,0,national
2025,OR,41067,Washington,549300UVOSI4XZZGUE14,,4,2,0,0.02,1,3,0,0,0,0,2,0,0,0,national
2025,OR,41067,Washington,549300VQUTI5IU7GXT57,SECURITYNATIONAL MORTGAGE COMPANY,4,2,0,0.02,4,0,0,0,0,2,0,0,0,0,national
2025,OR,41067,Washington,549300W1HU6IVVIEJ389,"RANLIFE, INC.",4,2,0,0.02,2,1,1,0,0,1,0,1,0,0,national
2025,OR,41067,Washington,549300XHPPLC0TBRV021,,4,2,0,0.02,3,1,0,0,0,1,1,0,0,0,national
2025,OR,41067,Washington,549300ZZME37MXI1EF14,"DAS ACQUISITION COMPANY, LLC",2,2,0,0.02,1,1,0,0,0,1,1,0,0,0,national
2025,OR,41067,Washington,5Z1UQ1CWY0DQ3KJWDQ07,,4,2,0,0.02,4,0,0,0,0,2,0,0,0,0,national
2025,OR,41067,Washington,EQTWLK1G7ODGC2MGLV11,Regions Bank,3,2,0,0.02,3,0,0,0,0,2,0,0,0,0,national
2025,OR,41067,Washington,254900114YHTRFBALC74,,1,1,0,0.01,1,0,0,0,0,1,0,0,0,0,national
2025,OR,41067,Washington,2549002VH9C0PKB8K153,,2,1,0,0.01,2,0,0,0,0,1,0,0,0,0,national
2025,OR,41067,Washington,2549004XDCE3LGQW7H72,,1,1,0,0.01,1,0,0,0,0,1,0,0,0,0,national
2025,OR,41067,Washington,2549004Z576VEJBK3N72,"NQM FUNDING, LLC",2,1,0,0.01,2,0,0,0,0,1,0,0,0,0,national
2025,OR,41067,Washington,2549009X2AG1P20YAJ63,,3,1,1,0.01,3,0,0,0,0,1,0,0,0,0,national
2025,OR,41067,Washington,254900EZRN0CBEP77K34,,1,1,0,0.01,1,0,0,0,0,1,0,0,0,0,national
2025,OR,41067,Washington,254900HO9WPE4LTLQU96,,2,1,0,0.01,0,2,0,0,0,0,1,0,0,0,national
2025,OR,41067,Washington,254900J2RKTTDJSUWD76,,1,1,0,0.01,0,1,0,0,0,0,1,0,0,0,national
2025,OR,41067,Washington,254900JH11ROOV921P96,,1,1,0,0.01,1,0,0,0,0,1,0,0,0,0,national
2025,OR,41067,Washington,254900JZN2V0PWFMW808,,2,1,0,0.01,2,0,0,0,0,1,0,0,0,0,national
2025,OR,41067,Washington,254900LTD432L5CHIZ48,,4,1,1,0.01,4,0,0,0,0,1,0,0,0,0,national
2025,OR,41067,Washington,254900N133DZGPB2X985,,1,1,0,0.01,1,0,0,0,0,1,0,0,0,0,national
2025,OR,41067,Washington,254900O28OG3UMHXQY81,,1,1,0,0.01,1,0,0,0,0,1,0,0,0,0,national
2025,OR,41067,Washington,254900RQX8N4HXJIDK44,,1,1,0,0.01,0,1,0,0,0,0,1,0,0,0,national
2025,OR,41067,Washington,254900U1OBL1MC6M6518,,1,1,0,0.01,0,1,0,0,0,0,1,0,0,0,national
2025,OR,41067,Washington,254900U7WUFP33SSQ460,,1,1,0,0.01,1,0,0,0,0,1,0,0,0,0,national
2025,OR,41067,Washington,254900VK6BPC7QRSZD77,,1,1,0,0.01,1,0,0,0,0,1,0,0,0,0,national
2025,OR,41067,Washington,254900XZCT60J2G3HK85,,1,1,0,0.01,1,0,0,0,0,1,0,0,0,0,national
2025,OR,41067,Washington,38PG5GG0OEQK4QMSKE59,,1,1,0,0.01,1,0,0,0,0,1,0,0,0,0,national
2025,OR,41067,Washington,4EP6JBYBTPTQ47LZOB67,,2,1,0,0.01,2,0,0,0,0,1,0,0,0,0,national
2025,OR,41067,Washington,54930002O9LLXKR6TF11,,2,1,0,0.01,2,0,0,0,0,1,0,0,0,0,national
2025,OR,41067,Washington,5493000BAKE4VAHVCU55,,1,1,0,0.01,1,0,0,0,0,1,0,0,0,0,national
2025,OR,41067,Washington,5493000XC2Y1SLXRQP11,,1,1,0,0.01,1,0,0,0,0,1,0,0,0,0,national
2025,OR,41067,Washington,54930015645SYPOM7220,,1,1,0,0.01,1,0,0,0,0,1,0,0,0,0,national
2025,OR,41067,Washington,5493001JT9MT3Z3Y3M39,,1,1,0,0.01,1,0,0,0,0,1,0,0,0,0,national
2025,OR,41067,Washington,5493001X0T84TYRJ5Y59,,1,1,0,0.01,1,0,0,0,0,1,0,0,0,0,national
2025,OR,41067,Washington,5493002Y5XYV7DV1ZV88,"GOLD STAR MORTGAGE FINANCIAL GROUP, CORPORATION",2,1,0,0.01,2,0,0,0,0,1,0,0,0,0,national
2025,OR,41067,Washington,5493003V40VGM7YDFM54,FIRST COLONY MORTGAGE CORPORATION,6,1,1,0.01,2,2,2,0,0,0,1,0,0,0,national
2025,OR,41067,Washington,5493004F7BXDIUFVPV87,,4,1,1,0.01,4,0,0,0,0,1,0,0,0,0,national
2025,OR,41067,Washington,54930053SM8COVIPIY54,MICHIGAN STATE UNIVERSITY Federal Credit Union,2,1,0,0.01,2,0,0,0,0,1,0,0,0,0,national
2025,OR,41067,Washington,5493005F145IP6JL7314,,1,1,0,0.01,1,0,0,0,0,1,0,0,0,0,national
2025,OR,41067,Washington,5493005ICQ3QGEIWV618,UNITED MORTGAGE CORP.,1,1,0,0.01,0,1,0,0,0,0,1,0,0,0,national
2025,OR,41067,Washington,5493006P5IHSK77SZ855,,2,1,0,0.01,2,0,0,0,0,1,0,0,0,0,national
2025,OR,41067,Washington,5493006S869XKIESMV41,Mountain America Federal Credit Union,3,1,1,0.01,3,0,0,0,0,1,0,0,0,0,national
2025,OR,41067,Washington,5493007ZF78YQRSXQG49,,1,1,0,0.01,1,0,0,0,0,1,0,0,0,0,national
2025,OR,41067,Washington,5493008LTXJSUQBJKO24,,1,1,0,0.01,1,0,0,0,0,1,0,0,0,0,national
2025,OR,41067,Washington,549300A4ZI1DF2OO1B51,,1,1,0,0.01,1,0,0,0,0,1,0,0,0,0,national
2025,OR,41067,Washington,549300AT7EB9FJAF0E61,Old National Bank,2,1,0,0.01,2,0,0,0,0,1,0,0,0,0,national
2025,OR,41067,Washington,549300B0HNWBV7RX2661,,1,1,0,0.01,1,0,0,0,0,1,0,0,0,0,national
2025,OR,41067,Washington,549300BM4NS8HDJT3X28,"INTERCOASTAL MORTGAGE, LLC",1,1,0,0.01,1,0,0,0,0,1,0,0,0,0,national
2025,OR,41067,Washington,549300C232ZWY1I57C16,,2,1,0,0.01,2,0,0,0,0,1,0,0,0,0,national
2025,OR,41067,Washington,549300C8GOC4OYUV0Z32,,1,1,0,0.01,1,0,0,0,0,1,0,0,0,0,national
2025,OR,41067,Washington,549300CM7HYHZ1MEJ624,,3,1,0,0.01,2,1,0,0,0,0,1,0,0,0,national
2025,OR,41067,Washington,549300CPJH6JMU13EQ37,,1,1,0,0.01,1,0,0,0,0,1,0,0,0,0,national
2025,OR,41067,Washington,549300F6NSBOJBM9ED39,,2,1,0,0.01,0,2,0,0,0,0,1,0,0,0,national
2025,OR,41067,Washington,549300FK3AFCFVAPH234,"Leader Bank, National Association",3,1,0,0.01,2,1,0,0,0,1,0,0,0,0,national
2025,OR,41067,Washington,549300G5DVGM0ZHRQC33,,1,1,0,0.01,0,0,1,0,0,0,0,1,0,0,national
2025,OR,41067,Washington,549300GQDT484LGI9C04,,7,1,0,0.01,4,2,1,0,0,0,0,1,0,0,national
2025,OR,41067,Washington,549300HH0V8LECLNPQ26,ROGUE,3,1,1,0.01,3,0,0,0,0,1,0,0,0,0,national
2025,OR,41067,Washington,549300HINJH60UG3KG47,,1,1,0,0.01,1,0,0,0,0,1,0,0,0,0,national
2025,OR,41067,Washington,549300HRLROF7PLJ6735,CLEAREDGE LENDING LLC,2,1,0,0.01,2,0,0,0,0,1,0,0,0,0,national
2025,OR,41067,Washington,549300IPUHFA5O769M51,"Vellum Mortgage, Inc.",1,1,0,0.01,1,0,0,0,0,1,0,0,0,0,national
2025,OR,41067,Washington,549300JD1162QW84ZO34,,1,1,0,0.01,1,0,0,0,0,1,0,0,0,0,national
2025,OR,41067,Washington,549300JGMQJ4R419LR70,,1,1,0,0.01,1,0,0,0,0,1,0,0,0,0,national
2025,OR,41067,Washington,549300JPVHG8M0ADBX36,,1,1,0,0.01,1,0,0,0,0,1,0,0,0,0,national
2025,OR,41067,Washington,549300KPHGEE40YQXO21,,2,1,1,0.01,2,0,0,0,0,1,0,0,0,0,national
2025,OR,41067,Washington,549300LIZH7VW4DFJK44,,1,1,0,0.01,0,1,0,0,0,0,1,0,0,0,national
2025,OR,41067,Washington,549300LZUXCJFE5ONM48,,1,1,0,0.01,0,1,0,0,0,0,1,0,0,0,national
2025,OR,41067,Washington,549300MCIFZSDHUT8X63,"NFM, INC.",1,1,0,0.01,1,0,0,0,0,1,0,0,0,0,national
2025,OR,41067,Washington,549300MU2YI0HXIT3257,,1,1,0,0.01,1,0,0,0,0,1,0,0,0,0,national
2025,OR,41067,Washington,549300OLJQ30ZT21BC55,,1,1,0,0.01,1,0,0,0,0,1,0,0,0,0,national
2025,OR,41067,Washington,549300OSZK2W0WJYS771,,1,1,0,0.01,1,0,0,0,0,1,0,0,0,0,national
2025,OR,41067,Washington,549300OYEKEORA1GI088,,1,1,0,0.01,0,0,1,0,0,0,0,1,0,0,national
2025,OR,41067,Washington,549300P1347BFCBHJV60,,1,1,0,0.01,1,0,0,0,0,1,0,0,0,0,national
2025,OR,41067,Washington,549300PPKM4YL2GY3713,,1,1,0,0.01,1,0,0,0,0,1,0,0,0,0,national
2025,OR,41067,Washington,549300R8VPSFM828B312,TEACHERS FEDERAL CREDIT UNION,2,1,0,0.01,2,0,0,0,0,1,0,0,0,0,national
2025,OR,41067,Washington,549300S8SHBRCI7UU819,,4,1,2,0.01,4,0,0,0,0,1,0,0,0,0,national
2025,OR,41067,Washington,549300SUCQ1358EGVE89,"NEW DAY FINANCIAL, LLC",26,1,10,0.01,0,1,25,0,0,0,0,1,0,0,national
2025,OR,41067,Washington,549300T61O0X0RJMQ375,,1,1,0,0.01,1,0,0,0,0,1,0,0,0,0,national
2025,OR,41067,Washington,549300TF1E42EUFBSL45,,5,1,1,0.01,4,0,1,0,0,1,0,0,0,0,national
2025,OR,41067,Washington,549300TULDV69V2XKY60,,3,1,0,0.01,3,0,0,0,0,1,0,0,0,0,national
2025,OR,41067,Washington,549300UF3FPC7U6RFC59,The Central Trust Bank,1,1,0,0.01,0,0,1,0,0,0,0,1,0,0,national
2025,OR,41067,Washington,549300V1IRRYSYRSPU54,,3,1,0,0.01,3,0,0,0,0,1,0,0,0,0,national
2025,OR,41067,Washington,549300VVH8HHFMWL8536,,2,1,0,0.01,2,0,0,0,0,1,0,0,0,0,national
2025,OR,41067,Washington,549300VYK2WBD7SST478,,1,1,0,0.01,1,0,0,0,0,1,0,0,0,0,national
2025,OR,41067,Washington,549300XBOKNEE2CQJL92,,2,1,0,0.01,2,0,0,0,0,1,0,0,0,0,national
2025,OR,41067,Washington,549300Y817BTHHMVNH95,,1,1,0,0.01,1,0,0,0,0,1,0,0,0,0,national
2025,OR,41067,Washington,549300YPBBHUEKV1YC68,,2,1,0,0.01,2,0,0,0,0,1,0,0,0,0,national
2025,OR,41067,Washington,549300ZPSJZO10ZAX556,"AMERICAN HERITAGE LENDING, LLC",2,1,0,0.01,2,0,0,0,0,1,0,0,0,0,national
2025,OR,41067,Washington,549300ZS1TR1B4LHX377,,1,1,0,0.01,1,0,0,0,0,1,0,0,0,0,national
2025,OR,41067,Washington,8WH0EE09O9V05QJZ3V89,"Zions Bancorporation, N.A.",5,1,3,0.01,5,0,0,0,0,1,0,0,0,0,national
2025,OR,41067,Washington,984500CD6F0743B8F530,,1,1,0,0.01,0,0,1,0,0,0,0,1,0,0,national
2025,OR,41067,Washington,984500F5665613E36549,,1,1,0,0.01,0,0,1,0,0,0,0,1,0,0,national
2025,OR,41067,Washington,984500F6E6940CCB6A60,,1,1,0,0.01,1,0,0,0,0,1,0,0,0,0,national
2025,OR,41067,Washington,984500FAD1FB7FEGTE82,,4,1,0,0.01,4,0,0,0,0,1,0,0,0,0,national
2025,OR,41067,Washington,C398JSK21YCXWM603F55,"Barrington Bank & Trust Company, National Association",2,1,0,0.01,2,0,0,0,0,1,0,0,0,0,national
2025,OR,41067,Washington,JJKC32MCHWDI71265Z06,Truist Bank,1,1,0,0.01,1,0,0,0,0,1,0,0,0,0,national
2025,OR,41067,Washington,LDVFX8JEECFFE8HRWA73,,1,1,0,0.01,1,0,0,0,0,1,0,0,0,0,national
2025,OR,41067,Washington,ZXMJHJK466PBZTM5F379,,1,1,0,0.01,1,0,0,0,0,1,0,0,0,0,national
2025,OR,41067,Washington,54930091JQKCU3Z6IP44,,7,0,1,0.0,7,0,0,0,0,0,0,0,0,0,national
2025,OR,41067,Washington,549300NFPC3Y4W3Y7R87,,7,0,0,0.0,5,2,0,0,0,0,0,0,0,0,national
2025,OR,41067,Washington,549300PWMS2701UFP528,,7,0,0,0.0,3,3,1,0,0,0,0,0,0,0,national
2025,OR,41071,Yamhill,2549008LK3474E9U2888,ONPOINT COMMUNITY CREDIT UNION,457,334,76,13.86,452,3,2,0,0,331,1,2,0,0,national
2025,OR,41071,Yamhill,549300FGXN1K3HLB1R50,"Rocket Mortgage, LLC",199,147,26,6.1,153,35,11,0,0,119,21,7,0,0,national
2025,OR,41071,Yamhill,549300HW662MN1WU8550,"United Wholesale Mortgage, LLC",162,115,26,4.77,84,32,45,1,0,60,24,30,1,0,national
2025,OR,41071,Yamhill,549300AQ3T62GXDU7D76,GUILD MORTGAGE COMPANY LLC,148,110,2,4.57,103,37,7,1,0,77,25,7,1,0,national
2025,OR,41071,Yamhill,5493008JECR4UE0WVR04,"MORTGAGE EXPRESS, LLC",94,72,6,2.99,46,35,11,2,0,36,26,10,0,0,national
2025,OR,41071,Yamhill,549300L44U62O7WHRR78,FIRST COMMUNITY,112,72,23,2.99,112,0,0,0,0,72,0,0,0,0,national
2025,OR,41071,Yamhill,RVDPPPGHCGZ40J4VQ731,"PENNYMAC LOAN SERVICES, LLC",99,64,8,2.66,67,21,11,0,0,42,14,8,0,0,national
2025,OR,41071,Yamhill,25490018IFQOT83Q7H49,,66,54,2,2.24,56,9,1,0,0,46,8,0,0,0,national
2025,OR,41071,Yamhill,6BYL5QZYBDK8S7L73M02,U.S. Bank National Association,131,54,46,2.24,129,2,0,0,0,53,1,0,0,0,national
2025,OR,41071,Yamhill,254900P1I9VHKMF8R991,,87,46,18,1.91,87,0,0,0,0,46,0,0,0,0,national
2025,OR,41071,Yamhill,549300Q02LGIN9AXKP98,FIRST TECHNOLOGY FEDERAL CREDIT UNION,68,46,6,1.91,68,0,0,0,0,46,0,0,0,0,national
2025,OR,41071,Yamhill,549300QKL5FUBZ8LSF50,"NATIONS DIRECT MORTGAGE, LLC",48,41,1,1.7,24,11,13,0,0,21,9,11,0,0,national
2025,OR,41071,Yamhill,549300FNXYY540N23N64,Newrez LLC,92,37,6,1.54,54,22,15,1,0,23,6,7,1,0,national
2025,OR,41071,Yamhill,549300DD4R4SYK5RAQ92,"MOVEMENT MORTGAGE, LLC",53,35,4,1.45,40,11,2,0,0,26,7,2,0,0,national
2025,OR,41071,Yamhill,549300KOAKQX3BEWWT56,,35,34,0,1.41,19,12,4,0,0,19,11,4,0,0,national
2025,OR,41071,Yamhill,IFQSIUC9AGQV2NE8CN25,Columbia Bank,65,33,21,1.37,60,3,2,0,0,31,2,0,0,0,national
2025,OR,41071,Yamhill,549300RPOGWJRH63HS39,UNION HOME MORTGAGE CORP.,34,32,0,1.33,21,10,2,1,0,19,10,2,1,0,national
2025,OR,41071,Yamhill,549300U3721PJGQZYY68,"GUARANTEED RATE, INC.",42,32,2,1.33,34,7,1,0,0,26,6,0,0,0,national
2025,OR,41071,Yamhill,549300DD5QQUHO6PCH70,"MORTGAGE RESEARCH CENTER, LLC",55,30,9,1.25,2,0,53,0,0,1,0,29,0,0,national
2025,OR,41071,Yamhill,549300VZVN841I2ILS84,"CROSSCOUNTRY MORTGAGE, LLC",43,28,2,1.16,27,8,8,0,0,15,7,6,0,0,national
2025,OR,41071,Yamhill,549300CB67L6KPJLHE19,"TRIAD FINANCIAL SERVICES, INC.",79,27,23,1.12,79,0,0,0,0,27,0,0,0,0,national
2025,OR,41071,Yamhill,254900Z8J5L9POS71X51,Oregon State Credit Union,43,25,7,1.04,43,0,0,0,0,25,0,0,0,0,national
2025,OR,41071,Yamhill,549300LBCBNR1OT00651,NATIONSTAR MORTGAGE LLC,34,25,4,1.04,30,2,2,0,0,24,0,1,0,0,national
2025,OR,41071,Yamhill,549300LYRWPSYPK6S325,FREEDOM MORTGAGE CORPORATION,59,24,9,1.0,6,25,28,0,0,3,7,14,0,0,national
2025,OR,41071,Yamhill,549300MZ8VZJOVC63092,"KIND LENDING, LLC",31,24,7,1.0,16,10,5,0,0,12,9,3,0,0,national
2025,OR,41071,Yamhill,254900DTLHVWQ7NP7R34,"CMG Mortgage, Inc.",31,23,1,0.95,30,0,1,0,0,22,0,1,0,0,national
2025,OR,41071,Yamhill,549300AG64NHILB7ZP05,"LOANDEPOT.COM, LLC",36,23,11,0.95,30,2,4,0,0,19,1,3,0,0,national
2025,OR,41071,Yamhill,549300GKFNPRWNS0GF29,"AmeriHome Mortgage Company, LLC",35,23,0,0.95,25,9,1,0,0,17,5,1,0,0,national
2025,OR,41071,Yamhill,254900ZFWS2106HWPH46,"PARAMOUNT RESIDENTIAL MORTGAGE GROUP, INC.",26,22,0,0.91,20,6,0,0,0,16,6,0,0,0,national
2025,OR,41071,Yamhill,549300MGPZBLQDIL7538,FAIRWAY INDEPENDENT MORTGAGE CORPORATION,29,21,4,0.87,14,10,3,2,0,9,8,2,2,0,national
2025,OR,41071,Yamhill,HUX2X73FUCYHUVH1BK78,KeyBank National Association,31,21,9,0.87,27,3,1,0,0,18,2,1,0,0,national
2025,OR,41071,Yamhill,549300IEP77RKJ87Z176,OREGON COMMUNITY,30,20,6,0.83,30,0,0,0,0,20,0,0,0,0,national
2025,OR,41071,Yamhill,549300PIL8LFAQ04XC20,Better Mortgage Corporation,49,19,21,0.79,49,0,0,0,0,19,0,0,0,0,national
2025,OR,41071,Yamhill,254900T37KTTXKCK3416,,35,18,4,0.75,35,0,0,0,0,18,0,0,0,0,national
2025,OR,41071,Yamhill,7H6GLXDRUGQFU57RNE97,"JPMorgan Chase Bank, National Association",30,18,4,0.75,27,2,1,0,0,18,0,0,0,0,national
2025,OR,41071,Yamhill,B4TYDEB6GKMZO031MB27,"Bank of America, National Association",41,18,13,0.75,41,0,0,0,0,18,0,0,0,0,national
2025,OR,41071,Yamhill,254900UL88QFG0E40516,FIGURE LENDING LLC,31,16,8,0.66,31,0,0,0,0,16,0,0,0,0,national
2025,OR,41071,Yamhill,5493003GQDUH26DNNH17,Navy Federal Credit Union,34,15,8,0.62,25,0,9,0,0,11,0,4,0,0,national
2025,OR,41071,Yamhill,549300XQVJ1XBNFA5536,21ST MORTGAGE CORPORATION,57,15,24,0.62,57,0,0,0,0,15,0,0,0,0,national
2025,OR,41071,Yamhill,254900TTZ395IC926125,,16,14,0,0.58,8,7,0,1,0,6,7,0,1,0,national
2025,OR,41071,Yamhill,2549001IK7UDPADKAG34,,21,13,2,0.54,21,0,0,0,0,13,0,0,0,0,national
2025,OR,41071,Yamhill,2549004FXPNKCLIN8250,"Synergy One Lending, Inc.",17,12,1,0.5,8,7,2,0,0,6,4,2,0,0,national
2025,OR,41071,Yamhill,54930060G4MDPWHISD89,EVERGREEN MONEYSOURCE MORTGAGE COMPANY,22,12,0,0.5,11,6,5,0,0,6,4,2,0,0,national
2025,OR,41071,Yamhill,549300KIOYNU323LVJ37,AMERICAN PACIFIC MORTGAGE CORPORATION,16,12,0,0.5,9,7,0,0,0,7,5,0,0,0,national
2025,OR,41071,Yamhill,KB1H1DSPRFMYMCUFXT09,"Wells Fargo Bank, National Association",19,12,1,0.5,17,2,0,0,0,11,1,0,0,0,national
2025,OR,41071,Yamhill,549300VEJ302N3NLKA88,,21,11,5,0.46,21,0,0,0,0,11,0,0,0,0,national
2025,OR,41071,Yamhill,549300E34W6TNRG7B624,,10,10,0,0.42,10,0,0,0,0,10,0,0,0,0,national
2025,OR,41071,Yamhill,549300EKFFG3BU8DNX74,NEXERA HOLDING LLC,12,10,1,0.42,12,0,0,0,0,10,0,0,0,0,national
2025,OR,41071,Yamhill,549300VMX06UV1F7NS76,,12,10,1,0.42,5,5,2,0,0,4,5,1,0,0,national
2025,OR,41071,Yamhill,5493000OM9RKJW8W5K82,,17,9,0,0.37,7,10,0,0,0,4,5,0,0,0,national
2025,OR,41071,Yamhill,5493006P5IHSK77SZ855,,14,9,4,0.37,11,3,0,0,0,6,3,0,0,0,national
2025,OR,41071,Yamhill,549300CDLJDN8ENOT455,MARION AND POLK SCHOOLS CREDIT UNION,17,9,6,0.37,17,0,0,0,0,9,0,0,0,0,national
2025,OR,41071,Yamhill,5493005PKOSG7MYX0B34,"Prosperity Home Mortgage, LLC",14,8,1,0.33,8,2,4,0,0,5,1,2,0,0,national
2025,OR,41071,Yamhill,549300E2UX99HKDBR481,"NEW AMERICAN FUNDING, LLC",31,8,3,0.33,16,14,1,0,0,5,3,0,0,0,national
2025,OR,41071,Yamhill,549300OPCWU6E72WUT29,"MUTUAL OF OMAHA MORTGAGE, INC.",19,8,5,0.33,9,8,2,0,0,4,3,1,0,0,national
2025,OR,41071,Yamhill,WE0I402RW25AU38DTI13,Banner Bank,19,8,7,0.33,19,0,0,0,0,8,0,0,0,0,national
2025,OR,41071,Yamhill,54930054ET8KM4O1D485,"SOFI BANK, NATIONAL ASSOCIATION",18,7,1,0.29,14,3,1,0,0,4,2,1,0,0,national
2025,OR,41071,Yamhill,5493008VVXQIDO1EZ460,"SUMMIT FUNDING, INC.",11,7,0,0.29,3,3,5,0,0,2,2,3,0,0,national
2025,OR,41071,Yamhill,5493008ZTV4S0W9DCX64,,10,7,2,0.29,7,3,0,0,0,4,3,0,0,0,national
2025,OR,41071,Yamhill,549300KDR80I1ELW8D36,,12,7,1,0.29,12,0,0,0,0,7,0,0,0,0,national
2025,OR,41071,Yamhill,549300YIQ7S7Z8PIHE53,AMERISAVE MORTGAGE CORPORATION,31,7,21,0.29,21,5,5,0,0,6,0,1,0,0,national
2025,OR,41071,Yamhill,549300ZWNETGFXTBBY03,"CANOPY MORTGAGE, LLC",10,7,0,0.29,8,2,0,0,0,6,1,0,0,0,national
2025,OR,41071,Yamhill,X05BVSK68TQ7YTOSNR22,Discover Bank,25,7,14,0.29,25,0,0,0,0,7,0,0,0,0,national
2025,OR,41071,Yamhill,54930043BMDE130FJ617,"PROVIDENT FUNDING ASSOCIATES, L.P.",8,6,0,0.25,8,0,0,0,0,6,0,0,0,0,national
2025,OR,41071,Yamhill,5493009B17HXCVXTD608,"JMAC LENDING, INC.",6,6,0,0.25,3,3,0,0,0,3,3,0,0,0,national
2025,OR,41071,Yamhill,549300J6N77Q8OHYNF23,,7,6,0,0.25,5,1,1,0,0,4,1,1,0,0,national
2025,OR,41071,Yamhill,549300Q3ROEQU3D1IW91,,21,6,10,0.25,21,0,0,0,0,6,0,0,0,0,national
2025,OR,41071,Yamhill,549300T94GSH3C4U5M59,ALLIANT CREDIT UNION,10,6,4,0.25,10,0,0,0,0,6,0,0,0,0,national
2025,OR,41071,Yamhill,549300T9P3WXNMXX0I34,Ixonia Bank,8,6,0,0.25,6,1,1,0,0,4,1,1,0,0,national
2025,OR,41071,Yamhill,549300TUQC6OYE8A0Y96,,12,6,0,0.25,7,1,4,0,0,4,1,1,0,0,national
2025,OR,41071,Yamhill,549300UB5TJ0YPVPT503,,11,6,1,0.25,2,3,1,5,0,1,1,1,3,0,national
2025,OR,41071,Yamhill,SS1TRMSN6BRNMOREEV51,"Flagstar Bank, National Association",10,6,3,0.25,7,1,2,0,0,4,1,1,0,0,national
2025,OR,41071,Yamhill,2549005SIVTHG14U2905,A&D Mortgage LLC,6,5,1,0.21,5,1,0,0,0,5,0,0,0,0,national
2025,OR,41071,Yamhill,5493004AS1SPBQOFDR49,"Change Lending, LLC",7,5,1,0.21,6,1,0,0,0,4,1,0,0,0,national
2025,OR,41071,Yamhill,5493008NWHQT1R22C024,"AMERICAN FINANCIAL NETWORK, INC.",8,5,1,0.21,3,2,0,3,0,2,1,0,2,0,national
2025,OR,41071,Yamhill,549300J7I82PNDVU8H22,"OCMBC, INC.",7,5,0,0.21,5,2,0,0,0,3,2,0,0,0,national
2025,OR,41071,Yamhill,549300JYXTZDSPJEPI44,"PLAZA HOME MORTGAGE, INC.",6,5,1,0.21,3,2,1,0,0,3,2,0,0,0,national
2025,OR,41071,Yamhill,549300S5YL3OH0IVCS62,FINANCE OF AMERICA REVERSE LLC,7,5,1,0.21,3,4,0,0,0,1,4,0,0,0,national
2025,OR,41071,Yamhill,C5654JQHZUHN0772B561,USAA Federal Savings Bank,9,5,3,0.21,4,0,5,0,0,2,0,3,0,0,national
2025,OR,41071,Yamhill,PAOOWF3GUFM46FBSP561,,11,5,0,0.21,6,3,2,0,0,3,1,1,0,0,national
2025,OR,41071,Yamhill,25490066WMF8ZMQXQB18,"Lendage, LLC",6,4,0,0.17,6,0,0,0,0,4,0,0,0,0,national
2025,OR,41071,Yamhill,254900HEJ9F73IMPX887,,5,4,0,0.17,4,1,0,0,0,3,1,0,0,0,national
2025,OR,41071,Yamhill,254900NZOY3XB2DNSZ34,,5,4,0,0.17,5,0,0,0,0,4,0,0,0,0,national
2025,OR,41071,Yamhill,3Y4U8VZURTYWI1W2K376,BMO Bank National Association,9,4,3,0.17,9,0,0,0,0,4,0,0,0,0,national
2025,OR,41071,Yamhill,5493001GCBD5XGNIC815,Coastal Community Bank,26,4,0,0.17,26,0,0,0,0,4,0,0,0,0,national
2025,OR,41071,Yamhill,5493001WHVQBGRSWEU75,"HOMEBRIDGE FINANCIAL SERVICES, INC.",9,4,4,0.17,8,1,0,0,0,3,1,0,0,0,national
2025,OR,41071,Yamhill,5493003WLEYGXGNTI654,SELCO COMMUNITY,14,4,4,0.17,14,0,0,0,0,4,0,0,0,0,national
2025,OR,41071,Yamhill,549300BX448ALT10FI43,The Federal Savings Bank,9,4,0,0.17,2,0,7,0,0,2,0,2,0,0,national
2025,OR,41071,Yamhill,549300K4ZLGS7SRDTL86,Equity Prime Mortgage LLC,9,4,0,0.17,1,5,2,1,0,1,1,1,1,0,national
2025,OR,41071,Yamhill,549300N2GMOJ61XHEL06,,5,4,0,0.17,5,0,0,0,0,4,0,0,0,0,national
2025,OR,41071,Yamhill,549300PL8ER6H23P0Z91,,6,4,0,0.17,1,1,4,0,0,1,1,2,0,0,national
2025,OR,41071,Yamhill,549300R9S3MVDV4MGF56,"CARRINGTON MORTGAGE SERVICES, LLC",19,4,10,0.17,12,7,0,0,0,4,0,0,0,0,national
2025,OR,41071,Yamhill,549300UBGGLZLZEY0M18,,4,4,0,0.17,4,0,0,0,0,4,0,0,0,0,national
2025,OR,41071,Yamhill,549300YN94MOAVYW0F52,"GoodLeap, LLC",6,4,1,0.17,4,1,1,0,0,3,1,0,0,0,national
2025,OR,41071,Yamhill,549300ZBXINP1Y94CN02,,8,4,0,0.17,7,1,0,0,0,4,0,0,0,0,national
2025,OR,41071,Yamhill,984500U2F9A83N391A91,"CHAMPIONS FUNDING, LLC",4,4,0,0.17,4,0,0,0,0,4,0,0,0,0,national
2025,OR,41071,Yamhill,CKVBED0S4DMLKJJ5XH28,Stifel Bank and Trust,4,4,0,0.17,4,0,0,0,0,4,0,0,0,0,national
2025,OR,41071,Yamhill,2549001SI0EMFPT39035,"Cornerstone First Mortgage, Inc",3,3,0,0.12,3,0,0,0,0,3,0,0,0,0,national
2025,OR,41071,Yamhill,254900E6AIE4Z8YQM970,Citadel Servicing Corporation,5,3,0,0.12,5,0,0,0,0,3,0,0,0,0,national
2025,OR,41071,Yamhill,254900N49YI2HHKDPS92,,7,3,0,0.12,7,0,0,0,0,3,0,0,0,0,national
2025,OR,41071,Yamhill,254900N6XFQR6TP1WG82,,3,3,0,0.12,3,0,0,0,0,3,0,0,0,0,national
2025,OR,41071,Yamhill,5493000IIYWBLONJVJ30,,4,3,0,0.12,4,0,0,0,0,3,0,0,0,0,national
2025,OR,41071,Yamhill,54930025XJJO3T0M1A92,,6,3,2,0.12,6,0,0,0,0,3,0,0,0,0,national
2025,OR,41071,Yamhill,549300323EON4W3CCM44,"RESICENTRAL, LLC",3,3,0,0.12,3,0,0,0,0,3,0,0,0,0,national
2025,OR,41071,Yamhill,549300ALNLUNS3Y53T24,AMERICAN FINANCING CORPORATION,21,3,10,0.12,11,9,1,0,0,3,0,0,0,0,national
2025,OR,41071,Yamhill,549300CY7WNAHKHYSJ73,,4,3,0,0.12,2,0,2,0,0,1,0,2,0,0,national
2025,OR,41071,Yamhill,549300GS0W0TEUQS8571,"Morgan Stanley Private Bank, National Association",4,3,0,0.12,4,0,0,0,0,3,0,0,0,0,national
2025,OR,41071,Yamhill,549300KJ8PAJ7E52HG32,Plains Commerce Bank,3,3,0,0.12,3,0,0,0,0,3,0,0,0,0,national
2025,OR,41071,Yamhill,549300KZVCKCUN23YY80,,4,3,1,0.12,4,0,0,0,0,3,0,0,0,0,national
2025,OR,41071,Yamhill,549300LROQOOQU77WS20,,5,3,0,0.12,4,1,0,0,0,3,0,0,0,0,national
2025,OR,41071,Yamhill,549300O2EZG72LO2FX38,,4,3,0,0.12,4,0,0,0,0,3,0,0,0,0,national
2025,OR,41071,Yamhill,549300XY701IELCE5Q08,BETTER MORTGAGE CORPORATION,10,3,5,0.12,7,3,0,0,0,2,1,0,0,0,national
2025,OR,41071,Yamhill,549300ZIQ24V0C88AC41,GTE Federal Credit Union,3,3,0,0.12,3,0,0,0,0,3,0,0,0,0,national
2025,OR,41071,Yamhill,549300ZZME37MXI1EF14,"DAS ACQUISITION COMPANY, LLC",5,3,0,0.12,3,1,1,0,0,1,1,1,0,0,national
2025,OR,41071,Yamhill,AD6GFRVSDT01YPT1CS68,"PNC Bank, National Association",8,3,3,0.12,8,0,0,0,0,3,0,0,0,0,national
2025,OR,41071,Yamhill,213800XR2TCBQJSF1X93,,2,2,0,0.08,1,0,1,0,0,1,0,1,0,0,national
2025,OR,41071,Yamhill,2549008TT6UNYR7AXF54,,6,2,0,0.08,4,1,1,0,0,0,1,1,0,0,national
2025,OR,41071,Yamhill,254900M2C4Q6DATP2889,,4,2,1,0.08,0,4,0,0,0,0,2,0,0,0,national
2025,OR,41071,Yamhill,254900RNV63A0TIZNK90,,2,2,0,0.08,2,0,0,0,0,2,0,0,0,0,national
2025,OR,41071,Yamhill,254900WEP08K7U7S3A80,,2,2,0,0.08,2,0,0,0,0,2,0,0,0,0,national
2025,OR,41071,Yamhill,5493000H6DFDDJRORG89,,2,2,0,0.08,1,0,1,0,0,1,0,1,0,0,national
2025,OR,41071,Yamhill,549300121SF0K2LN2804,"PRIMELENDING, A PLAINSCAPITAL COMPANY",3,2,0,0.08,2,0,1,0,0,1,0,1,0,0,national
2025,OR,41071,Yamhill,5493001GDRY0EL7VG372,"ARK-LA-TEX FINANCIAL SERVICES, LLC.",2,2,0,0.08,0,0,2,0,0,0,0,2,0,0,national
2025,OR,41071,Yamhill,5493002B2WMHY23GFK92,"AMERICAN FINANCIAL RESOURCES, INC.",4,2,0,0.08,1,3,0,0,0,0,2,0,0,0,national
2025,OR,41071,Yamhill,5493002GI63WHHUTUD85,"KEYSTONE FUNDING, INC.",2,2,0,0.08,2,0,0,0,0,2,0,0,0,0,national
2025,OR,41071,Yamhill,549300370QILXLFUWD20,"ZILLOW HOME LOANS, LLC",2,2,0,0.08,1,0,1,0,0,1,0,1,0,0,national
2025,OR,41071,Yamhill,5493003T5D4N1CM46J77,1st Security Bank of Washington,3,2,0,0.08,1,2,0,0,0,1,1,0,0,0,national
2025,OR,41071,Yamhill,5493004T38NMC864VL66,,2,2,0,0.08,2,0,0,0,0,2,0,0,0,0,national
2025,OR,41071,Yamhill,5493006VAGP3GQ8FJT49,"Kiavi Funding, Inc.",7,2,3,0.08,7,0,0,0,0,2,0,0,0,0,national
2025,OR,41071,Yamhill,5493008CPTDVOS570626,"Primary Residential Mortgage, Inc.",4,2,1,0.08,4,0,0,0,0,2,0,0,0,0,national
2025,OR,41071,Yamhill,5493009HUMWCHFRDKF12,,3,2,0,0.08,3,0,0,0,0,2,0,0,0,0,national
2025,OR,41071,Yamhill,5493009QB0KBU5M6NP90,,2,2,0,0.08,2,0,0,0,0,2,0,0,0,0,national
2025,OR,41071,Yamhill,549300B4IYL7TZT8FA34,,2,2,0,0.08,1,0,0,1,0,1,0,0,1,0,national
2025,OR,41071,Yamhill,549300BLL6VL7AXWYP56,,3,2,0,0.08,1,0,2,0,0,0,0,2,0,0,national
2025,OR,41071,Yamhill,549300CPJH6JMU13EQ37,,2,2,0,0.08,2,0,0,0,0,2,0,0,0,0,national
2025,OR,41071,Yamhill,549300FX7K8PTEQUU487,PENTAGON FEDERAL CREDIT UNION,5,2,2,0.08,4,0,1,0,0,2,0,0,0,0,national
2025,OR,41071,Yamhill,549300GL7DLQR39MW179,,3,2,1,0.08,3,0,0,0,0,2,0,0,0,0,national
2025,OR,41071,Yamhill,549300GS6ONO04ORI292,,4,2,2,0.08,1,2,1,0,0,0,1,1,0,0,national
2025,OR,41071,Yamhill,549300HH0V8LECLNPQ26,ROGUE,2,2,0,0.08,2,0,0,0,0,2,0,0,0,0,national
2025,OR,41071,Yamhill,549300INFJ8TYNZ1G568,,3,2,0,0.08,3,0,0,0,0,2,0,0,0,0,national
2025,OR,41071,Yamhill,549300KM40FP4MSQU941,Boeing Employees Credit Union,4,2,2,0.08,4,0,0,0,0,2,0,0,0,0,national
2025,OR,41071,Yamhill,549300KTR1JGH3K6LU06,FOURLEAF,5,2,3,0.08,5,0,0,0,0,2,0,0,0,0,national
2025,OR,41071,Yamhill,549300MHH03ICJYEPE85,,7,2,2,0.08,1,6,0,0,0,0,2,0,0,0,national
2025,OR,41071,Yamhill,549300NOCASXPA34X033,"LAKEVIEW LOAN SERVICING, LLC",25,2,17,0.08,14,10,1,0,0,1,1,0,0,0,national
2025,OR,41071,Yamhill,549300P2GEYNMH5OQA71,,4,2,1,0.08,2,2,0,0,0,0,2,0,0,0,national
2025,OR,41071,Yamhill,549300PBTV7FCWLSMM53,,2,2,0,0.08,1,1,0,0,0,1,1,0,0,0,national
2025,OR,41071,Yamhill,549300PL267CW8182203,,4,2,1,0.08,0,4,0,0,0,0,2,0,0,0,national
2025,OR,41071,Yamhill,549300R77W0P105C3S50,HOMEXPRESS MORTGAGE CORP.,6,2,4,0.08,6,0,0,0,0,2,0,0,0,0,national
2025,OR,41071,Yamhill,549300RA3E0BUFO7YZ21,"Hometown Equity Mortgage, LLC",2,2,0,0.08,2,0,0,0,0,2,0,0,0,0,national
2025,OR,41071,Yamhill,549300RFSMIRUODUVW59,,2,2,0,0.08,2,0,0,0,0,2,0,0,0,0,national
2025,OR,41071,Yamhill,549300SUCQ1358EGVE89,"NEW DAY FINANCIAL, LLC",11,2,1,0.08,0,2,9,0,0,0,0,2,0,0,national
2025,OR,41071,Yamhill,549300VCMRO4ST680C11,VILLAGE CAPITAL & INVESTMENT LLC,5,2,0,0.08,0,2,3,0,0,0,1,1,0,0,national
2025,OR,41071,Yamhill,549300VORTI31GZTJL53,"CARDINAL FINANCIAL COMPANY, LIMITED PARTNERSHIP",2,2,0,0.08,1,1,0,0,0,1,1,0,0,0,national
2025,OR,41071,Yamhill,549300YX5RPSSMR88K92,,2,2,0,0.08,2,0,0,0,0,2,0,0,0,0,national
2025,OR,41071,Yamhill,9845006YE04B346EC919,,4,2,0,0.08,2,0,2,0,0,2,0,0,0,0,national
2025,OR,41071,Yamhill,98450087981AP406JG03,,2,2,0,0.08,2,0,0,0,0,2,0,0,0,0,national
2025,OR,41071,Yamhill,DRMSV1Q0EKMEXLAU1P80,"Citizens Bank, National Association",2,2,0,0.08,2,0,0,0,0,2,0,0,0,0,national
2025,OR,41071,Yamhill,01KWVG908KE7RKPTNP46,,3,1,2,0.04,3,0,0,0,0,1,0,0,0,0,national
2025,OR,41071,Yamhill,2549001ZCEBYFHYUPH52,,1,1,0,0.04,1,0,0,0,0,1,0,0,0,0,national
2025,OR,41071,Yamhill,2549004Z576VEJBK3N72,"NQM FUNDING, LLC",1,1,0,0.04,1,0,0,0,0,1,0,0,0,0,national
2025,OR,41071,Yamhill,254900BBWJ82FQDQ6823,,1,1,0,0.04,1,0,0,0,0,1,0,0,0,0,national
2025,OR,41071,Yamhill,254900HA4DQWAE0W3342,"AMERIHOME MORTGAGE COMPANY, LLC",1,1,0,0.04,0,1,0,0,0,0,1,0,0,0,national
2025,OR,41071,Yamhill,254900HD4RROQDXNWI45,,1,1,0,0.04,1,0,0,0,0,1,0,0,0,0,national
2025,OR,41071,Yamhill,254900IEGKUDRDS23V26,,1,1,0,0.04,1,0,0,0,0,1,0,0,0,0,national
2025,OR,41071,Yamhill,254900MKY47WU65N1J56,,1,1,0,0.04,1,0,0,0,0,1,0,0,0,0,national
2025,OR,41071,Yamhill,254900WT4HAMDFWH3048,,3,1,0,0.04,1,2,0,0,0,1,0,0,0,0,national
2025,OR,41071,Yamhill,5493000349C5XXDRQX28,,2,1,0,0.04,2,0,0,0,0,1,0,0,0,0,national
2025,OR,41071,Yamhill,5493000D6RXLNBZQYA47,,1,1,0,0.04,1,0,0,0,0,1,0,0,0,0,national
2025,OR,41071,Yamhill,54930016ZSB1QWXLRJ13,"MY MOVE MORTGAGE, LLC",1,1,0,0.04,1,0,0,0,0,1,0,0,0,0,national
2025,OR,41071,Yamhill,5493001B4U37VT2ML818,GESA CREDIT UNION,1,1,0,0.04,1,0,0,0,0,1,0,0,0,0,national
2025,OR,41071,Yamhill,5493001SXWZ4OFP8Z903,"DHI MORTGAGE COMPANY, LTD.",1,1,0,0.04,0,0,1,0,0,0,0,1,0,0,national
2025,OR,41071,Yamhill,5493001YIUWLFRXQUO81,,1,1,0,0.04,0,1,0,0,0,0,1,0,0,0,national
2025,OR,41071,Yamhill,54930021WPEXNHYZUL09,"PLANET HOME LENDING, LLC",2,1,1,0.04,0,2,0,0,0,0,1,0,0,0,national
2025,OR,41071,Yamhill,5493002QI5QUDX4RGW52,,1,1,0,0.04,1,0,0,0,0,1,0,0,0,0,national
2025,OR,41071,Yamhill,54930049L5WINET09Q97,"CLICK N' CLOSE, INC.",3,1,0,0.04,1,2,0,0,0,0,1,0,0,0,national
2025,OR,41071,Yamhill,5493005PD34O8ZT7QT17,,1,1,0,0.04,1,0,0,0,0,1,0,0,0,0,national
2025,OR,41071,Yamhill,5493006KXUHSYFT7SD10,,1,1,0,0.04,1,0,0,0,0,1,0,0,0,0,national
2025,OR,41071,Yamhill,5493006RIR31ORKYB608,,1,1,0,0.04,1,0,0,0,0,1,0,0,0,0,national
2025,OR,41071,Yamhill,5493007CLWQN2S6IZK91,,1,1,0,0.04,0,0,1,0,0,0,0,1,0,0,national
2025,OR,41071,Yamhill,54930083D8Q8RK84Y448,,1,1,0,0.04,1,0,0,0,0,1,0,0,0,0,national
2025,OR,41071,Yamhill,5493008SP1FN4D81IS17,,1,1,0,0.04,1,0,0,0,0,1,0,0,0,0,national
2025,OR,41071,Yamhill,54930091JQKCU3Z6IP44,,1,1,0,0.04,1,0,0,0,0,1,0,0,0,0,national
2025,OR,41071,Yamhill,549300AG10BX85DF5S49,MLD MORTGAGE INC.,1,1,0,0.04,0,0,0,1,0,0,0,0,1,0,national
2025,OR,41071,Yamhill,549300BNZVNK1XN85P72,,1,1,0,0.04,1,0,0,0,0,1,0,0,0,0,national
2025,OR,41071,Yamhill,549300CK7U1WMTIG6687,,1,1,0,0.04,0,1,0,0,0,0,1,0,0,0,national
2025,OR,41071,Yamhill,549300COIWXM618UBE82,,1,1,0,0.04,1,0,0,0,0,1,0,0,0,0,national
2025,OR,41071,Yamhill,549300DCGBXW5FJMV921,,1,1,0,0.04,1,0,0,0,0,1,0,0,0,0,national
2025,OR,41071,Yamhill,549300EMNDEK4BA8WB53,EMM LOANS LLC,1,1,0,0.04,1,0,0,0,0,1,0,0,0,0,national
2025,OR,41071,Yamhill,549300FVD3YHE65PKH97,,1,1,0,0.04,1,0,0,0,0,1,0,0,0,0,national
2025,OR,41071,Yamhill,549300G5DVGM0ZHRQC33,,1,1,0,0.04,0,0,1,0,0,0,0,1,0,0,national
2025,OR,41071,Yamhill,549300GGB04TG4AH1377,,1,1,0,0.04,1,0,0,0,0,1,0,0,0,0,national
2025,OR,41071,Yamhill,549300GWD9H4FQ2VR805,,1,1,0,0.04,1,0,0,0,0,1,0,0,0,0,national
2025,OR,41071,Yamhill,549300IFOE4SCP384147,University Bank,1,1,0,0.04,1,0,0,0,0,1,0,0,0,0,national
2025,OR,41071,Yamhill,549300JD1162QW84ZO34,,1,1,0,0.04,1,0,0,0,0,1,0,0,0,0,national
2025,OR,41071,Yamhill,549300KBCEYCLANGUM06,,1,1,0,0.04,1,0,0,0,0,1,0,0,0,0,national
2025,OR,41071,Yamhill,549300KPBZCTMM3Y0061,,1,1,0,0.04,1,0,0,0,0,1,0,0,0,0,national
2025,OR,41071,Yamhill,549300KPHGEE40YQXO21,,1,1,0,0.04,1,0,0,0,0,1,0,0,0,0,national
2025,OR,41071,Yamhill,549300KSOOZZVXCMA627,ANGEL OAK MORTGAGE SOLUTIONS LLC,1,1,0,0.04,1,0,0,0,0,1,0,0,0,0,national
2025,OR,41071,Yamhill,549300KX4S1573HISS22,,3,1,1,0.04,3,0,0,0,0,1,0,0,0,0,national
2025,OR,41071,Yamhill,549300LUF8JLB9HKT321,,1,1,0,0.04,1,0,0,0,0,1,0,0,0,0,national
2025,OR,41071,Yamhill,549300LZUXCJFE5ONM48,,2,1,1,0.04,0,2,0,0,0,0,1,0,0,0,national
2025,OR,41071,Yamhill,549300N3JBQ15RQ7AV97,,2,1,0,0.04,2,0,0,0,0,1,0,0,0,0,national
2025,OR,41071,Yamhill,549300NFPC3Y4W3Y7R87,,5,1,2,0.04,2,2,1,0,0,1,0,0,0,0,national
2025,OR,41071,Yamhill,549300NWBS6MQJX15N44,,1,1,0,0.04,1,0,0,0,0,1,0,0,0,0,national
2025,OR,41071,Yamhill,549300P1347BFCBHJV60,,1,1,0,0.04,1,0,0,0,0,1,0,0,0,0,national
2025,OR,41071,Yamhill,549300PQLK8E48ILXV41,,2,1,0,0.04,2,0,0,0,0,1,0,0,0,0,national
2025,OR,41071,Yamhill,549300Q50XCC0473FG63,,7,1,5,0.04,7,0,0,0,0,1,0,0,0,0,national
2025,OR,41071,Yamhill,549300QIUZLVR1OLDH55,Genisys Credit Union,1,1,0,0.04,1,0,0,0,0,1,0,0,0,0,national
2025,OR,41071,Yamhill,549300R0SXC1JU7ZU290,"FIRST COMMUNITY MORTGAGE, INC.",1,1,0,0.04,0,0,1,0,0,0,0,1,0,0,national
2025,OR,41071,Yamhill,549300RFLICNI75BG067,Luminate Bank,1,1,0,0.04,1,0,0,0,0,1,0,0,0,0,national
2025,OR,41071,Yamhill,549300SCFWZXMDMZPE93,,2,1,0,0.04,2,0,0,0,0,1,0,0,0,0,national
2025,OR,41071,Yamhill,549300SK2GVCQXPD4S58,"SUN WEST MORTGAGE COMPANY, INC.",1,1,0,0.04,0,0,1,0,0,0,0,1,0,0,national
2025,OR,41071,Yamhill,549300T7HRS5DVBUPQ06,,1,1,0,0.04,1,0,0,0,0,1,0,0,0,0,national
2025,OR,41071,Yamhill,549300TA4MQM8WN2XG31,,1,1,0,0.04,1,0,0,0,0,1,0,0,0,0,national
2025,OR,41071,Yamhill,549300TF1E42EUFBSL45,,1,1,0,0.04,1,0,0,0,0,1,0,0,0,0,national
2025,OR,41071,Yamhill,549300TTK5T7CZ3UJ084,,1,1,0,0.04,1,0,0,0,0,1,0,0,0,0,national
2025,OR,41071,Yamhill,549300UM6HPORF7X4415,,1,1,0,0.04,1,0,0,0,0,1,0,0,0,0,national
2025,OR,41071,Yamhill,549300UPB8ITF7B1GI03,,1,1,0,0.04,0,0,1,0,0,0,0,1,0,0,national
2025,OR,41071,Yamhill,549300VE85K2XTVRSG76,,1,1,0,0.04,1,0,0,0,0,1,0,0,0,0,national
2025,OR,41071,Yamhill,549300WH9FMXOC63ZV77,,1,1,0,0.04,1,0,0,0,0,1,0,0,0,0,national
2025,OR,41071,Yamhill,549300WJIJV987NXVC31,,2,1,0,0.04,2,0,0,0,0,1,0,0,0,0,national
2025,OR,41071,Yamhill,549300WMQ4WI6QXK7803,,1,1,0,0.04,1,0,0,0,0,1,0,0,0,0,national
2025,OR,41071,Yamhill,549300XCVBRR56D08F03,,5,1,1,0.04,5,0,0,0,0,1,0,0,0,0,national
2025,OR,41071,Yamhill,549300XHPPLC0TBRV021,,1,1,0,0.04,1,0,0,0,0,1,0,0,0,0,national
2025,OR,41071,Yamhill,549300XQ7B5FIVUNFE29,VAN DYK MORTGAGE CORPORATION,1,1,0,0.04,1,0,0,0,0,1,0,0,0,0,national
2025,OR,41071,Yamhill,549300Y5Y88FQLI7VE83,DEEPHAVEN MORTGAGE LLC,3,1,1,0.04,3,0,0,0,0,1,0,0,0,0,national
2025,OR,41071,Yamhill,549300Z2B4FHRYOXTS09,,1,1,0,0.04,1,0,0,0,0,1,0,0,0,0,national
2025,OR,41071,Yamhill,549300ZS1TR1B4LHX377,,1,1,0,0.04,1,0,0,0,0,1,0,0,0,0,national
2025,OR,41071,Yamhill,D38AC76TAMYI50NBPX33,,1,1,0,0.04,1,0,0,0,0,1,0,0,0,0,national
2025,OR,41071,Yamhill,254900CTT87ZKAUTIJ37,,6,0,6,0.0,6,0,0,0,0,0,0,0,0,0,national
2025,OR,41071,Yamhill,5493000YNV8IX4VD3X12,"VANDERBILT MORTGAGE AND FINANCE, INC.",5,0,2,0.0,5,0,0,0,0,0,0,0,0,0,national
