year,state,lei,institution_name,total_applications,total_originations,top_counties_served,orig_conventional,orig_fha,orig_va,orig_usda_other,orig_other_loan_type,orig_conventional_pct,orig_fha_pct,orig_va_pct,priority_market
2025,NC,549300SHE1JTCOWBP090,,47893,27575,Wake:3417; Guilford:1237; Mecklenburg:1165; 37101:1048; Durham:879,27575,0,0,0,0,100.0,0.0,0.0,yes
2025,NC,549300FGXN1K3HLB1R50,,25507,18462,Mecklenburg:2065; Wake:1652; Guilford:798; 37067:643; 37179:635,13358,3129,1975,0,0,72.35,16.95,10.7,yes
2025,NC,549300HW662MN1WU8550,,18884,13671,Wake:2180; Mecklenburg:1646; 37025:866; 37051:719; 37179:567,7387,2446,3811,27,0,54.03,17.89,27.88,yes
2025,NC,549300DD4R4SYK5RAQ92,,11091,8138,Mecklenburg:924; Wake:609; 37021:403; Guilford:387; 37179:374,5388,1553,1149,48,0,66.21,19.08,14.12,yes
2025,NC,JJKC32MCHWDI71265Z06,,14364,7920,Wake:856; Mecklenburg:794; Guilford:444; 37179:321; 37067:307,7621,181,109,9,0,96.22,2.29,1.38,yes
2025,NC,L9VVX1KT5TFTKS0MLF66,,10319,6984,Wake:1178; Mecklenburg:618; 37129:345; 37021:255; Guilford:243,6821,131,26,6,0,97.67,1.88,0.37,yes
2025,NC,549300RWXUAFD1WAE410,,7674,6049,Mecklenburg:760; 37057:433; Guilford:423; 37067:397; 37151:224,4050,1388,505,106,0,66.95,22.95,8.35,yes
2025,NC,5493001SXWZ4OFP8Z903,,7548,5258,37019:528; Wake:452; 37001:306; 37035:280; 37097:261,2459,1830,906,63,0,46.77,34.8,17.23,yes
2025,NC,5493003GQDUH26DNNH17,,10565,5249,37133:764; Wake:494; 37051:374; Mecklenburg:287; 37049:266,3614,0,1635,0,0,68.85,0.0,31.15,yes
2025,NC,N8T7HW55LK5D2ORCKP39,,7221,5046,Mecklenburg:1117; Wake:527; 37067:305; 37019:300; Guilford:266,4999,25,17,5,0,99.07,0.5,0.34,yes
2025,NC,B4TYDEB6GKMZO031MB27,,10276,4880,Mecklenburg:1418; Wake:625; 37179:318; Guilford:186; 37097:185,4851,24,5,0,0,99.41,0.49,0.1,yes
2025,NC,549300DD5QQUHO6PCH70,,10029,4769,37051:752; 37133:563; 37085:207; 37093:188; Wake:143,226,119,4414,10,0,4.74,2.5,92.56,yes
2025,NC,549300LYRWPSYPK6S325,,9632,4463,37051:490; 37133:429; Mecklenburg:300; Wake:280; 37085:223,365,1366,2732,0,0,8.18,30.61,61.21,yes
2025,NC,549300VZVN841I2ILS84,,6790,4431,Wake:416; Mecklenburg:356; 37129:200; 37051:198; 37027:193,2289,1324,761,57,0,51.66,29.88,17.17,yes
2025,NC,549300AG64NHILB7ZP05,,6867,3969,Mecklenburg:453; Wake:447; 37071:215; 37025:179; 37097:151,2131,1334,496,8,0,53.69,33.61,12.5,yes
2025,NC,RVDPPPGHCGZ40J4VQ731,,7253,3751,Wake:537; Mecklenburg:427; 37051:173; 37133:142; 37179:117,1648,938,1157,8,0,43.93,25.01,30.85,yes
2025,NC,549300VXXDSMSH313G18,,7961,3466,Guilford:588; Mecklenburg:503; 37067:475; 37001:334; 37151:284,3447,10,9,0,0,99.45,0.29,0.26,yes
2025,NC,549300MRP46SVQMWOE81,,5186,3167,Wake:1659; Durham:289; 37101:246; 37069:95; 37135:91,3167,0,0,0,0,100.0,0.0,0.0,yes
2025,NC,549300MGPZBLQDIL7538,,4019,2993,37067:291; Wake:289; 37101:240; Mecklenburg:191; 37179:131,2128,572,262,31,0,71.1,19.11,8.75,yes
2025,NC,549300FNXYY540N23N64,,7099,2787,37133:468; Mecklenburg:239; Wake:212; 37129:131; 37019:115,1336,444,992,15,0,47.94,15.93,35.59,yes
2025,NC,549300H3IZO24NSOO931,,3467,2756,Wake:1143; Durham:381; 37101:255; 37019:194; 37067:138,2237,372,139,8,0,81.17,13.5,5.04,yes
2025,NC,549300E8HNQO52YYHI82,,3372,2599,Mecklenburg:804; Wake:236; 37071:150; 37179:117; Durham:115,1885,359,326,29,0,72.53,13.81,12.54,yes
2025,NC,5493000YNV8IX4VD3X12,,15008,2515,Wake:324; 37067:198; 37101:162; 37019:113; 37069:84,2104,252,146,13,0,83.66,10.02,5.81,yes
2025,NC,549300U3721PJGQZYY68,,4624,2491,Guilford:207; 37049:188; Wake:178; 37051:169; 37129:150,1646,408,428,9,0,66.08,16.38,17.18,yes
2025,NC,AD6GFRVSDT01YPT1CS68,,4468,2361,Wake:369; Mecklenburg:310; 37101:113; 37129:100; Durham:74,2326,19,16,0,0,98.52,0.8,0.68,yes
2025,NC,7H6GLXDRUGQFU57RNE97,,3446,2307,Mecklenburg:591; Wake:341; Durham:144; Guilford:112; 37067:92,2258,21,28,0,0,97.88,0.91,1.21,yes
2025,NC,KB1H1DSPRFMYMCUFXT09,,3984,2302,Mecklenburg:481; Wake:259; 37067:87; Guilford:86; Durham:73,2131,87,84,0,0,92.57,3.78,3.65,yes
2025,NC,QFROUN1UWUYU0DVIWD51,,4246,2216,Mecklenburg:469; Wake:373; 37179:220; 37025:172; 37097:121,2165,32,16,3,0,97.7,1.44,0.72,yes
2025,NC,549300RPOGWJRH63HS39,,2788,2127,37051:178; Guilford:149; 37001:136; 37113:124; Wake:94,1300,405,395,27,0,61.12,19.04,18.57,yes
2025,NC,549300AQ3T62GXDU7D76,,2720,1957,37133:322; Mecklenburg:163; 37051:118; Wake:112; 37071:98,1027,427,464,39,0,52.48,21.82,23.71,yes
2025,NC,549300LBCBNR1OT00651,,2824,1949,Mecklenburg:197; Wake:187; 37051:110; Guilford:101; 37067:82,1524,223,202,0,0,78.19,11.44,10.36,yes
2025,NC,549300KBWX4NV5Q1E376,,2595,1829,Wake:372; Mecklenburg:281; 37019:263; 37179:138; 37025:121,948,609,243,29,0,51.83,33.3,13.29,yes
2025,NC,54930039UO39UJGI7078,,2245,1749,Wake:321; Mecklenburg:235; 37055:144; 37147:132; 37085:91,1424,197,126,2,0,81.42,11.26,7.2,yes
2025,NC,549300RYBJHWWDENV610,,2144,1682,37147:152; Mecklenburg:151; Wake:113; 37025:82; Guilford:70,1100,387,143,52,0,65.4,23.01,8.5,yes
2025,NC,549300E2UX99HKDBR481,,4708,1619,Mecklenburg:168; Wake:103; 37051:82; Guilford:73; 37179:59,786,665,155,13,0,48.55,41.07,9.57,yes
2025,NC,549300TQWW6MLVH6KY61,,2480,1562,37067:617; Guilford:129; 37169:125; 37057:113; Mecklenburg:110,1559,0,3,0,0,99.81,0.0,0.19,yes
2025,NC,5493004WMLN60ZJ2ON46,,1981,1555,Wake:542; Mecklenburg:279; Durham:237; 37019:116; 37179:87,1344,140,70,1,0,86.43,9.0,4.5,yes
2025,NC,T68X8LLAQYRNDV034K14,,2270,1511,37089:148; Wake:121; 37101:103; Mecklenburg:96; 37039:85,1440,46,12,13,0,95.3,3.04,0.79,yes
2025,NC,254900L67A0ZTJRS6614,,2011,1492,37125:172; 37019:117; 37129:92; 37021:90; Wake:70,1463,17,9,3,0,98.06,1.14,0.6,yes
2025,NC,5493006VAGP3GQ8FJT49,,2422,1435,Mecklenburg:201; 37051:120; Guilford:95; 37067:81; 37071:72,1435,0,0,0,0,100.0,0.0,0.0,yes
2025,NC,549300OPCWU6E72WUT29,,2195,1387,Mecklenburg:193; Wake:109; 37051:88; 37179:78; 37097:62,645,518,223,1,0,46.5,37.35,16.08,yes
2025,NC,5493000XJFWT2H46HI07,,1667,1358,37147:204; 37127:117; 37055:99; 37013:82; 37129:62,1349,0,7,2,0,99.34,0.0,0.52,yes
2025,NC,549300YIQ7S7Z8PIHE53,,4747,1353,Mecklenburg:131; Wake:96; Guilford:73; 37067:61; 37179:53,968,305,80,0,0,71.54,22.54,5.91,yes
2025,NC,5493005PKOSG7MYX0B34,,1706,1281,Wake:332; Guilford:134; 37067:129; Durham:75; 37125:74,939,146,192,4,0,73.3,11.4,14.99,yes
2025,NC,549300CDOC4F7XSRG390,,1901,1222,Guilford:209; Mecklenburg:132; 37057:112; 37001:99; 37067:91,1182,34,6,0,0,96.73,2.78,0.49,yes
2025,NC,254900UL88QFG0E40516,,2424,1212,Mecklenburg:156; Wake:133; Guilford:53; 37025:43; 37179:43,1212,0,0,0,0,100.0,0.0,0.0,yes
2025,NC,549300KHXD7JSQUZIJ22,,1583,1185,37067:232; Guilford:218; Mecklenburg:73; 37035:73; 37057:58,842,261,71,11,0,71.05,22.03,5.99,yes
2025,NC,549300GKFNPRWNS0GF29,,1738,1177,Wake:197; Mecklenburg:103; 37055:72; 37067:59; Guilford:55,823,150,173,31,0,69.92,12.74,14.7,yes
2025,NC,549300MCIFZSDHUT8X63,,1412,1137,Wake:221; 37125:214; 37085:163; 37101:59; Mecklenburg:47,599,258,268,12,0,52.68,22.69,23.57,yes
2025,NC,6BYL5QZYBDK8S7L73M02,,2241,1134,Mecklenburg:227; Wake:114; 37067:78; Guilford:64; 37071:45,987,101,45,1,0,87.04,8.91,3.97,yes
2025,NC,549300PIL8LFAQ04XC20,,3563,1116,Mecklenburg:162; Wake:120; 37179:74; 37025:62; 37101:43,1116,0,0,0,0,100.0,0.0,0.0,yes
2025,NC,549300370QILXLFUWD20,,1401,1090,Wake:204; Mecklenburg:202; Durham:69; 37101:68; 37071:53,806,175,109,0,0,73.94,16.06,10.0,yes
2025,NC,25490012KFFZI81TDT02,,1496,1081,Wake:149; Guilford:91; 37057:78; 37001:72; 37067:68,1047,16,16,2,0,96.85,1.48,1.48,yes
2025,NC,549300RN01LBYR8ZVX74,,1624,1047,37127:96; 37191:86; Mecklenburg:65; Wake:64; 37019:56,661,223,150,13,0,63.13,21.3,14.33,yes
2025,NC,254900DTLHVWQ7NP7R34,,1394,1029,Wake:202; Mecklenburg:177; 37019:53; Durham:37; Guilford:35,971,31,25,2,0,94.36,3.01,2.43,yes
2025,NC,549300WK15ESCDNJ5M35,,1390,1002,37129:470; 37019:263; 37141:121; Wake:26; 37047:13,1002,0,0,0,0,100.0,0.0,0.0,yes
2025,NC,5493001GCBD5XGNIC815,,4068,962,Mecklenburg:122; Wake:109; Guilford:61; 37179:42; 37067:35,962,0,0,0,0,100.0,0.0,0.0,yes
2025,NC,DRMSV1Q0EKMEXLAU1P80,,1624,931,Mecklenburg:192; Wake:129; 37179:43; Guilford:36; 37019:34,923,2,6,0,0,99.14,0.21,0.64,yes
2025,NC,8I3UVGYULPJQIP7FQV10,,1333,928,Mecklenburg:292; 37071:123; Wake:65; 37179:59; 37019:48,901,17,10,0,0,97.09,1.83,1.08,yes
2025,NC,54930059GZZ7G4G40O53,,1215,922,Mecklenburg:123; 37019:59; Wake:52; 37051:43; 37179:42,472,325,105,20,0,51.19,35.25,11.39,yes
2025,NC,549300CY7WNAHKHYSJ73,,1081,910,37051:149; Wake:81; 37101:80; 37129:74; 37085:58,403,228,263,16,0,44.29,25.05,28.9,yes
2025,NC,549300157R33LDICP344,,1104,894,Mecklenburg:108; 37021:94; 37089:74; Guilford:63; 37087:62,752,80,57,5,0,84.12,8.95,6.38,yes
2025,NC,549300COIWXM618UBE82,,1353,880,37021:258; 37087:108; 37089:94; 37045:61; 37149:58,875,0,0,5,0,99.43,0.0,0.0,yes
2025,NC,54930054ET8KM4O1D485,,2321,865,Mecklenburg:197; Wake:114; 37179:42; 37025:39; Guilford:33,793,48,24,0,0,91.68,5.55,2.77,yes
2025,NC,549300XQVJ1XBNFA5536,,5260,810,Guilford:119; 37155:64; 37019:36; 37061:33; 37047:32,810,0,0,0,0,100.0,0.0,0.0,yes
2025,NC,549300TYV7NDBX6FUR63,,1002,785,37093:164; Wake:126; 37019:104; 37085:99; 37133:88,191,184,402,8,0,24.33,23.44,51.21,yes
2025,NC,549300T9P3WXNMXX0I34,,1040,765,37159:126; Mecklenburg:124; 37025:99; 37057:52; Wake:35,506,184,50,25,0,66.14,24.05,6.54,yes
2025,NC,549300GTVXJ2PGXNLM73,,1006,762,Wake:110; 37133:102; 37019:57; 37195:56; 37141:37,395,207,152,8,0,51.84,27.17,19.95,yes
2025,NC,549300BTTR873E71L054,,944,752,37133:196; 37129:77; 37019:61; 37141:55; 37147:44,396,139,212,5,0,52.66,18.48,28.19,yes
2025,NC,549300WMQ4WI6QXK7803,,1568,752,Mecklenburg:358; 37179:82; 37025:51; 37071:45; 37159:31,752,0,0,0,0,100.0,0.0,0.0,yes
2025,NC,5493002B2WMHY23GFK92,,983,727,Mecklenburg:40; Wake:36; 37133:27; 37129:23; 37157:22,206,380,110,31,0,28.34,52.27,15.13,yes
2025,NC,549300PXL1KA5TOL2O82,,814,723,Wake:282; Mecklenburg:162; 37025:152; 37179:80; 37035:25,585,103,35,0,0,80.91,14.25,4.84,yes
2025,NC,549300VCMRO4ST680C11,,2083,705,37051:56; 37133:56; Wake:42; Mecklenburg:38; 37093:34,3,156,543,3,0,0.43,22.13,77.02,yes
2025,NC,549300EM8ID8J7F8OM55,,861,691,Wake:290; 37179:87; Durham:49; Mecklenburg:36; 37019:31,570,75,43,3,0,82.49,10.85,6.22,yes
2025,NC,COOWI3L2W9TPYR3WJX37,,1154,690,37067:73; Mecklenburg:63; Durham:48; Wake:46; 37035:33,673,8,9,0,0,97.54,1.16,1.3,yes
2025,NC,C5654JQHZUHN0772B561,,1465,681,37051:72; Wake:63; Mecklenburg:50; 37133:30; Guilford:29,231,0,450,0,0,33.92,0.0,66.08,yes
2025,NC,549300R9S3MVDV4MGF56,,2120,680,Mecklenburg:56; Wake:49; 37051:38; Guilford:29; 37133:28,275,269,136,0,0,40.44,39.56,20.0,yes
2025,NC,54930095UWUUXAWASB02,,844,673,Mecklenburg:128; 37053:55; 37055:54; 37097:33; 37071:32,524,83,59,7,0,77.86,12.33,8.77,yes
2025,NC,5493008CPTDVOS570626,,1257,672,Wake:139; Mecklenburg:138; 37179:47; 37097:29; Guilford:26,672,0,0,0,0,100.0,0.0,0.0,yes
2025,NC,54930043BMDE130FJ617,,976,669,Wake:185; Mecklenburg:134; Durham:38; Guilford:33; 37179:30,669,0,0,0,0,100.0,0.0,0.0,yes
2025,NC,549300XY701IELCE5Q08,,2032,664,Mecklenburg:142; Wake:108; 37179:33; 37025:31; Durham:26,617,39,8,0,0,92.92,5.87,1.2,yes
2025,NC,549300OYEKEORA1GI088,,809,659,Wake:110; 37125:103; 37021:53; 37089:51; 37109:27,376,101,172,10,0,57.06,15.33,26.1,yes
2025,NC,2549006SV57592TPRW11,,717,658,Durham:193; Wake:141; 37135:124; 37031:49; 37037:40,610,20,28,0,0,92.71,3.04,4.26,yes
2025,NC,5493001LHLYJE6PHUL18,,795,646,37167:164; Mecklenburg:157; 37025:113; 37123:30; 37179:30,567,60,15,4,0,87.77,9.29,2.32,yes
2025,NC,549300SJTLYB6ZWKPR88,,1749,642,Wake:45; Mecklenburg:38; 37101:28; 37035:25; 37129:21,641,0,0,1,0,99.84,0.0,0.0,yes
2025,NC,IUGPUX5LWRZ3B6KIZ697,,847,634,Mecklenburg:84; Guilford:78; Wake:41; Durham:37; 37067:36,500,89,41,4,0,78.86,14.04,6.47,yes
2025,NC,549300UI36AJZ0WZ4U93,,778,633,Wake:242; Mecklenburg:141; 37097:93; 37037:44; 37085:39,554,41,35,3,0,87.52,6.48,5.53,yes
2025,NC,549300NOCASXPA34X033,,2268,610,Wake:66; Mecklenburg:59; 37051:28; 37133:23; 37025:22,299,163,148,0,0,49.02,26.72,24.26,yes
2025,NC,549300OQMU3ID8QA6M46,,721,598,Wake:190; 37101:130; Durham:102; 37127:98; Guilford:23,198,312,57,31,0,33.11,52.17,9.53,yes
2025,NC,549300XECJ0294F1ZG19,,658,576,Wake:193; Mecklenburg:165; 37179:81; 37085:64; 37101:44,352,170,53,1,0,61.11,29.51,9.2,yes
2025,NC,5493006HXEF6V2NZED40,,940,564,37035:212; 37109:91; Mecklenburg:66; 37097:51; 37003:18,563,0,0,1,0,99.82,0.0,0.0,yes
2025,NC,549300YW2UBCMDRMBT48,,705,562,Mecklenburg:58; Wake:34; 37067:24; Guilford:23; 37071:22,303,203,55,1,0,53.91,36.12,9.79,yes
2025,NC,03D0JEWFDFUS0SEEKG89,,993,555,Mecklenburg:123; 37021:68; 37179:38; Wake:37; 37019:23,553,2,0,0,0,99.64,0.36,0.0,yes
2025,NC,549300SUCQ1358EGVE89,,2857,548,37051:57; 37133:37; Mecklenburg:23; Guilford:20; 37085:19,1,4,543,0,0,0.18,0.73,99.09,yes
2025,NC,EQTWLK1G7ODGC2MGLV11,,1080,544,Mecklenburg:198; 37179:58; Wake:45; Durham:15; 37025:15,502,21,21,0,0,92.28,3.86,3.86,yes
2025,NC,25490066WMF8ZMQXQB18,,748,534,Mecklenburg:68; Wake:55; Guilford:33; 37025:23; 37179:20,534,0,0,0,0,100.0,0.0,0.0,yes
2025,NC,549300FX7K8PTEQUU487,,1213,517,Wake:81; Mecklenburg:50; 37051:46; 37025:18; Guilford:18,402,18,97,0,0,77.76,3.48,18.76,yes
2025,NC,549300JYXTZDSPJEPI44,,809,515,37133:95; Mecklenburg:40; 37051:32; 37067:27; Guilford:26,217,115,177,6,0,42.14,22.33,34.37,yes
2025,NC,549300K4ZLGS7SRDTL86,,1290,500,37051:37; Mecklenburg:33; Wake:26; 37133:21; Guilford:21,12,260,216,12,0,2.4,52.0,43.2,yes
2025,NC,5493002QI2ILHHZH8D20,,748,493,Wake:114; 37085:84; 37179:67; 37001:66; Durham:63,260,185,47,1,0,52.74,37.53,9.53,yes
2025,NC,549300EDXX36BJ0X7583,,596,492,Wake:184; 37129:69; 37069:41; 37019:32; 37101:26,429,37,21,5,0,87.2,7.52,4.27,yes
2025,NC,54930052M48FOD3CWA54,,698,479,Mecklenburg:71; Wake:58; 37101:35; 37097:25; 37159:24,302,119,54,4,0,63.05,24.84,11.27,yes
2025,NC,549300PKEQ3Q9S0IXW76,,787,475,37089:142; 37021:128; 37097:60; 37087:20; 37149:17,468,7,0,0,0,98.53,1.47,0.0,yes
2025,NC,549300YN94MOAVYW0F52,,990,468,37051:44; Guilford:40; Wake:39; 37067:32; Mecklenburg:30,274,119,75,0,0,58.55,25.43,16.03,yes
2025,NC,549300FOXIQQV5UZD367,,591,467,37051:99; 37055:89; 37053:47; 37085:34; 37093:22,268,62,135,2,0,57.39,13.28,28.91,yes
2025,NC,549300VORTI31GZTJL53,,785,467,Mecklenburg:44; 37035:30; 37071:29; Wake:28; 37111:27,221,210,35,1,0,47.32,44.97,7.49,yes
2025,NC,5493001WHVQBGRSWEU75,,665,461,Mecklenburg:60; Wake:45; Guilford:23; 37129:20; 37051:19,369,19,73,0,0,80.04,4.12,15.84,yes
2025,NC,5493001AGQGPJ3N3YL33,,803,460,Mecklenburg:222; 37179:79; 37071:47; 37025:32; 37159:10,460,0,0,0,0,100.0,0.0,0.0,yes
2025,NC,549300G2LV8W3C1G3762,,643,439,Wake:101; Guilford:86; 37067:28; 37101:23; 37085:20,308,81,48,2,0,70.16,18.45,10.93,yes
2025,NC,549300MZ8VZJOVC63092,,703,420,Mecklenburg:81; Wake:47; 37179:26; Guilford:25; 37067:19,263,91,56,10,0,62.62,21.67,13.33,yes
2025,NC,549300MKOZ81ZWTNKB12,,622,419,37019:56; 37147:31; Mecklenburg:29; 37013:28; 37049:24,407,9,1,2,0,97.14,2.15,0.24,yes
2025,NC,54930021WPEXNHYZUL09,,554,417,37051:26; 37133:24; 37071:20; Mecklenburg:20; Wake:17,89,152,174,2,0,21.34,36.45,41.73,yes
2025,NC,549300BX448ALT10FI43,,1033,413,Wake:46; 37051:32; 37133:27; Mecklenburg:17; 37085:16,131,34,248,0,0,31.72,8.23,60.05,yes
2025,NC,5493007VW2EU20PZYU97,,591,408,37057:74; 37035:58; 37109:45; 37147:38; 37179:34,162,182,57,7,0,39.71,44.61,13.97,yes
2025,NC,549300PBTV7FCWLSMM53,,597,404,37051:81; 37085:23; Wake:20; 37093:20; 37067:18,24,73,306,1,0,5.94,18.07,75.74,yes
2025,NC,549300BM4NS8HDJT3X28,,547,400,37019:31; 37129:27; 37133:19; 37141:18; Mecklenburg:17,258,69,71,2,0,64.5,17.25,17.75,yes
2025,NC,54930049L5WINET09Q97,,608,399,37157:49; Mecklenburg:45; 37071:20; 37101:17; 37159:15,136,178,33,52,0,34.09,44.61,8.27,yes
2025,NC,549300121SF0K2LN2804,,510,393,Wake:64; Mecklenburg:62; 37021:22; 37035:15; 37071:13,294,61,36,2,0,74.81,15.52,9.16,yes
2025,NC,254900M2C4Q6DATP2889,,1014,357,Mecklenburg:34; Wake:29; Guilford:21; 37101:16; 37051:16,50,167,140,0,0,14.01,46.78,39.22,yes
2025,NC,549300Y5Y88FQLI7VE83,,578,355,Mecklenburg:37; 37071:23; Wake:22; Guilford:22; 37019:17,355,0,0,0,0,100.0,0.0,0.0,yes
2025,NC,213800XR2TCBQJSF1X93,,578,354,Mecklenburg:58; Wake:49; 37051:19; 37179:16; Durham:15,233,17,104,0,0,65.82,4.8,29.38,yes
2025,NC,549300R0SXC1JU7ZU290,,481,350,Wake:42; Mecklenburg:33; 37179:20; 37019:18; 37099:14,227,63,56,4,0,64.86,18.0,16.0,yes
2025,NC,549300GPO6DWUZR4UY30,,440,347,Wake:100; 37101:58; 37085:48; 37037:17; Mecklenburg:13,251,56,34,6,0,72.33,16.14,9.8,yes
2025,NC,549300J6N77Q8OHYNF23,,479,341,37067:76; Mecklenburg:37; Guilford:35; 37057:16; 37179:15,205,102,31,3,0,60.12,29.91,9.09,yes
2025,NC,254900YPPMV9UM5FUW09,,428,334,37129:116; 37133:71; 37019:44; 37141:35; Wake:10,187,57,87,3,0,55.99,17.07,26.05,yes
2025,NC,549300GOPH3KDGIKIU33,,416,322,37067:43; Guilford:35; Mecklenburg:30; Wake:27; Durham:20,322,0,0,0,0,100.0,0.0,0.0,yes
2025,NC,549300LROQOOQU77WS20,,688,318,Mecklenburg:66; Wake:60; 37179:22; 37025:18; Durham:13,307,6,5,0,0,96.54,1.89,1.57,yes
2025,NC,549300ZTT08EKQRVTR15,,466,317,Guilford:59; 37001:50; 37067:27; 37055:24; 37053:22,306,8,3,0,0,96.53,2.52,0.95,yes
2025,NC,549300EMNDEK4BA8WB53,,405,314,37171:60; Wake:51; 37129:20; 37155:17; Guilford:17,169,90,39,16,0,53.82,28.66,12.42,yes
2025,NC,5493005JPZ3LXXMB0S24,,408,313,37127:45; 37101:40; 37085:38; Wake:28; Mecklenburg:20,114,113,83,3,0,36.42,36.1,26.52,yes
2025,NC,549300ZWNETGFXTBBY03,,453,313,37067:64; 37057:46; Guilford:41; 37151:24; 37097:23,181,92,32,8,0,57.83,29.39,10.22,yes
2025,NC,X05BVSK68TQ7YTOSNR22,,2311,313,Wake:50; Mecklenburg:35; Guilford:21; 37025:15; 37019:12,313,0,0,0,0,100.0,0.0,0.0,yes
2025,NC,5493002Y5XYV7DV1ZV88,,453,308,Wake:119; 37101:22; Mecklenburg:19; 37085:16; Durham:12,214,52,38,4,0,69.48,16.88,12.34,yes
2025,NC,5493002RF1ERFA2XR050,,350,301,37157:60; 37097:34; Guilford:19; 37035:18; 37171:17,242,33,17,9,0,80.4,10.96,5.65,yes
2025,NC,549300GS0W0TEUQS8571,,379,301,Mecklenburg:63; Wake:54; 37021:18; Durham:12; 37055:10,301,0,0,0,0,100.0,0.0,0.0,yes
2025,NC,549300KJ8PAJ7E52HG32,,455,298,Mecklenburg:102; Wake:40; 37179:18; Durham:14; 37051:13,236,31,31,0,0,79.19,10.4,10.4,yes
2025,NC,549300NFPC3Y4W3Y7R87,,453,297,37055:43; 37019:20; 37053:18; 37155:10; Wake:9,159,106,29,3,0,53.54,35.69,9.76,yes
2025,NC,984500U2F9A83N391A91,,465,293,Mecklenburg:55; Wake:20; 37067:16; Guilford:14; 37179:12,293,0,0,0,0,100.0,0.0,0.0,yes
2025,NC,549300G4ESSS6M0MEG51,,454,292,Mecklenburg:85; Wake:80; Durham:22; 37179:19; 37101:14,248,24,20,0,0,84.93,8.22,6.85,yes
2025,NC,549300KRHOMDHAKS8L29,,675,292,Mecklenburg:73; 37159:47; 37045:41; 37071:24; 37179:23,292,0,0,0,0,100.0,0.0,0.0,yes
2025,NC,254900VELJPWWT51WN03,,328,289,Wake:116; Durham:41; Mecklenburg:37; 37179:16; Guilford:15,289,0,0,0,0,100.0,0.0,0.0,yes
2025,NC,254900R1UY5PAEIHXX38,,329,286,37189:46; 37027:41; 37009:39; 37005:35; 37035:22,286,0,0,0,0,100.0,0.0,0.0,yes
2025,NC,549300VYK2WBD7SST478,,508,284,37045:67; Mecklenburg:36; 37067:25; 37071:20; 37057:19,272,8,4,0,0,95.77,2.82,1.41,yes
2025,NC,254900YZ174H294JW398,,326,279,Mecklenburg:105; Wake:52; 37071:45; Durham:44; 37025:12,244,26,9,0,0,87.46,9.32,3.23,yes
2025,NC,549300R7HGHP2I754087,,390,279,37179:16; 37157:12; Mecklenburg:12; 37171:11; 37191:11,161,63,38,17,0,57.71,22.58,13.62,yes
2025,NC,549300UF3FPC7U6RFC59,,375,269,Wake:91; 37039:36; Durham:23; 37085:13; 37043:11,208,29,27,5,0,77.32,10.78,10.04,yes
2025,NC,2549006CSAAG67CX8Z55,,273,266,Guilford:72; 37067:35; Wake:24; 37035:22; 37077:16,266,0,0,0,0,100.0,0.0,0.0,yes
2025,NC,254900FBWEZ3YUPOBN33,,372,262,37093:52; Mecklenburg:27; 37051:21; 37195:20; 37071:13,262,0,0,0,0,100.0,0.0,0.0,yes
2025,NC,PAOOWF3GUFM46FBSP561,,652,262,Wake:28; Mecklenburg:22; Guilford:14; 37067:13; 37101:12,129,83,50,0,0,49.24,31.68,19.08,yes
2025,NC,549300S5YL3OH0IVCS62,,364,254,Mecklenburg:35; Wake:21; 37019:16; 37021:12; Durham:11,25,229,0,0,0,9.84,90.16,0.0,yes
2025,NC,254900HA4DQWAE0W3342,,490,253,Mecklenburg:27; Wake:17; Guilford:16; 37071:14; 37085:13,43,181,29,0,0,17.0,71.54,11.46,yes
2025,NC,2549005SIVTHG14U2905,,380,252,Wake:49; 37067:26; Mecklenburg:24; Guilford:19; 37179:11,238,13,1,0,0,94.44,5.16,0.4,yes
2025,NC,254900RUCO27MVGTO768,,608,251,Mecklenburg:40; Guilford:22; 37051:18; 37071:15; 37147:12,251,0,0,0,0,100.0,0.0,0.0,yes
2025,NC,Q708HHR4LD2B7XIZNO92,,425,251,Mecklenburg:56; 37071:25; Wake:22; 37067:11; 37019:9,163,44,44,0,0,64.94,17.53,17.53,yes
2025,NC,5493009BD405QQTMXO12,,390,249,Mecklenburg:134; Wake:102; Durham:13,211,19,19,0,0,84.74,7.63,7.63,yes
2025,NC,254900O2K17TNH5CL873,,317,248,37051:38; 37067:34; Mecklenburg:22; 37071:22; Guilford:17,248,0,0,0,0,100.0,0.0,0.0,yes
2025,NC,549300DNWSJUNAWUM003,,436,247,37051:40; 37125:26; Mecklenburg:20; 37067:17; Wake:14,207,12,28,0,0,83.81,4.86,11.34,yes
2025,NC,549300KSOOZZVXCMA627,,385,246,Mecklenburg:38; Wake:16; Guilford:15; 37055:12; 37019:11,246,0,0,0,0,100.0,0.0,0.0,yes
2025,NC,549300SK2GVCQXPD4S58,,503,246,Mecklenburg:32; Wake:26; 37051:16; 37067:13; 37097:12,65,111,69,1,0,26.42,45.12,28.05,yes
2025,NC,2WHM8VNJH63UN14OL754,,373,245,Mecklenburg:70; Wake:24; 37025:14; 37019:12; 37179:10,229,14,2,0,0,93.47,5.71,0.82,yes
2025,NC,54930001NSTOD85LT125,,373,237,Mecklenburg:57; 37097:25; 37179:22; 37159:15; 37025:13,181,19,36,1,0,76.37,8.02,15.19,yes
2025,NC,254900WTZC5SSKIN2M11,,354,235,Wake:30; 37101:28; Mecklenburg:24; Durham:20; 37001:15,235,0,0,0,0,100.0,0.0,0.0,yes
2025,NC,5493008NWHQT1R22C024,,488,233,Mecklenburg:24; 37071:16; 37051:13; 37133:13; 37019:10,96,86,43,8,0,41.2,36.91,18.45,yes
2025,NC,254900ZFWS2106HWPH46,,335,219,Wake:34; Mecklenburg:21; 37179:11; 37051:10; 37025:9,112,71,25,11,0,51.14,32.42,11.42,yes
2025,NC,549300CB67L6KPJLHE19,,1335,216,37155:23; 37021:21; 37047:15; 37163:11; 37019:8,216,0,0,0,0,100.0,0.0,0.0,yes
2025,NC,213800KVD76WKI6PN868,,353,215,Wake:48; Mecklenburg:15; 37067:10; 37025:10; 37055:10,190,14,11,0,0,88.37,6.51,5.12,yes
2025,NC,54930078TNN7GKZ7NU89,,267,215,37019:37; 37129:15; 37139:15; 37085:13; 37051:10,134,38,41,2,0,62.33,17.67,19.07,yes
2025,NC,549300CHR7TPQ6LLXG47,,309,214,Wake:75; 37139:18; 37055:13; 37053:11; Durham:8,214,0,0,0,0,100.0,0.0,0.0,yes
2025,NC,549300ZPSJZO10ZAX556,,386,214,Mecklenburg:33; Guilford:18; Wake:18; 37051:14; Durham:9,214,0,0,0,0,100.0,0.0,0.0,yes
2025,NC,254900HEJ9F73IMPX887,,602,211,Wake:35; Mecklenburg:32; 37021:15; Guilford:14; 37019:8,206,4,1,0,0,97.63,1.9,0.47,yes
2025,NC,549300O6Z0I6KYMESL47,,327,208,Wake:59; Mecklenburg:38; 37129:11; Guilford:10; 37019:9,205,1,2,0,0,98.56,0.48,0.96,yes
2025,NC,549300KIOYNU323LVJ37,,287,205,37045:28; Wake:17; 37019:17; 37071:10; 37129:8,83,87,25,10,0,40.49,42.44,12.2,yes
2025,NC,549300F8C5JA44WNMI75,,465,201,37139:34; 37053:31; 37051:12; 37029:11; Mecklenburg:10,64,81,56,0,0,31.84,40.3,27.86,yes
2025,NC,549300J7I82PNDVU8H22,,424,201,Mecklenburg:48; 37021:12; 37025:11; 37071:10; Wake:10,182,14,5,0,0,90.55,6.97,2.49,yes
2025,NC,549300XWUSRVVOHPRY47,,351,200,Mecklenburg:26; 37129:20; 37191:20; 37019:16; 37025:7,126,50,22,2,0,63.0,25.0,11.0,yes
2025,NC,549300BWFA5UY7H4WJ62,,269,198,37071:37; 37053:14; 37109:12; 37139:11; 37165:10,119,50,24,5,0,60.1,25.25,12.12,yes
2025,NC,549300R77W0P105C3S50,,338,197,Mecklenburg:26; Wake:13; 37001:11; 37051:11; 37129:10,196,0,1,0,0,99.49,0.0,0.51,yes
2025,NC,549300VNBQD8FDHF7563,,275,197,Guilford:49; 37001:29; 37067:21; 37019:14; 37057:11,113,62,14,8,0,57.36,31.47,7.11,yes
2025,NC,5493004AS1SPBQOFDR49,,310,195,Mecklenburg:27; 37179:21; Wake:18; 37021:9; 37051:9,190,3,2,0,0,97.44,1.54,1.03,yes
2025,NC,5493001GDRY0EL7VG372,,257,193,Guilford:73; Wake:12; 37157:11; 37067:10; 37051:8,123,28,39,3,0,63.73,14.51,20.21,yes
2025,NC,54930034MNPILHP25H80,,276,193,Mecklenburg:29; 37159:26; 37025:23; 37179:16; 37019:10,135,36,19,3,0,69.95,18.65,9.84,yes
2025,NC,254900CTT87ZKAUTIJ37,,291,185,Mecklenburg:26; 37051:21; 37065:10; 37127:9; Guilford:9,185,0,0,0,0,100.0,0.0,0.0,yes
2025,NC,5493005PD34O8ZT7QT17,,236,182,Guilford:36; 37125:16; 37051:12; 37157:11; 37067:9,182,0,0,0,0,100.0,0.0,0.0,yes
2025,NC,254900E6AIE4Z8YQM970,,307,181,Mecklenburg:35; Wake:18; 37021:11; Guilford:10; 37067:9,181,0,0,0,0,100.0,0.0,0.0,yes
2025,NC,549300XYK7KGXCRSH318,,255,181,37101:17; 37061:14; 37069:13; 37155:11; 37195:10,181,0,0,0,0,100.0,0.0,0.0,yes
2025,NC,549300RA3E0BUFO7YZ21,,320,179,Mecklenburg:25; 37051:11; 37133:10; Wake:9; 37019:9,175,4,0,0,0,97.77,2.23,0.0,yes
2025,NC,549300BLL6VL7AXWYP56,,277,178,Wake:24; 37101:14; Guilford:9; Mecklenburg:8; 37071:8,144,16,15,3,0,80.9,8.99,8.43,yes
2025,NC,549300UXY7OP0IC38293,,306,176,Mecklenburg:35; Wake:17; 37025:11; 37179:9; 37071:8,156,14,5,1,0,88.64,7.95,2.84,yes
2025,NC,254900DRSIZBQXDCJ875,,175,175,Mecklenburg:67; 37071:16; 37159:13; 37025:13; Wake:6,175,0,0,0,0,100.0,0.0,0.0,yes
2025,NC,549300Q10M1VXBG2H889,,757,175,Mecklenburg:12; Wake:11; Guilford:8; 37067:7; 37127:6,32,124,19,0,0,18.29,70.86,10.86,yes
2025,NC,C398JSK21YCXWM603F55,,272,174,Wake:30; Mecklenburg:15; 37051:10; 37097:7; 37101:7,72,19,82,1,0,41.38,10.92,47.13,yes
2025,NC,549300T94GSH3C4U5M59,,362,173,Wake:34; Mecklenburg:25; 37021:14; 37179:8; Guilford:8,163,3,7,0,0,94.22,1.73,4.05,yes
2025,NC,549300INFJ8TYNZ1G568,,183,172,Mecklenburg:40; Wake:19; 37021:12; 37175:7; Durham:7,172,0,0,0,0,100.0,0.0,0.0,yes
2025,NC,5493005NE66BD75BDB43,,204,171,Wake:73; Durham:18; 37101:16; 37069:11; 37191:8,134,23,14,0,0,78.36,13.45,8.19,yes
2025,NC,549300UG7QXKM7KGV847,,280,170,Guilford:13; 37051:8; 37071:7; 37025:7; Mecklenburg:7,147,19,4,0,0,86.47,11.18,2.35,yes
2025,NC,54930030Z1JWTP3SVD16,,335,169,Mecklenburg:18; Wake:12; 37071:9; 37025:6; 37059:6,26,136,6,1,0,15.38,80.47,3.55,yes
2025,NC,549300ALNLUNS3Y53T24,,779,168,Wake:14; 37051:7; 37067:6; Guilford:6; 37157:6,61,89,18,0,0,36.31,52.98,10.71,yes
2025,NC,5493005XMJQ1GSXUGT67,,244,166,37151:65; Guilford:42; 37067:9; 37157:8; 37001:8,104,48,11,3,0,62.65,28.92,6.63,yes
2025,NC,549300MAIHYOT48UVH49,,227,162,Mecklenburg:51; 37071:24; Wake:16; 37179:12; 37025:10,162,0,0,0,0,100.0,0.0,0.0,yes
2025,NC,549300249G20MDIDRR27,,725,160,37155:22; 37019:10; 37061:10; 37045:8; 37161:7,78,71,11,0,0,48.75,44.38,6.88,yes
2025,NC,254900TG14TB8RKS3U42,,300,159,Mecklenburg:35; Wake:30; Durham:13; 37179:8; 37071:6,121,23,15,0,0,76.1,14.47,9.43,yes
2025,NC,549300VMX06UV1F7NS76,,210,159,37161:25; 37147:24; Wake:14; 37191:13; 37107:9,67,63,27,2,0,42.14,39.62,16.98,yes
2025,NC,549300323EON4W3CCM44,,223,158,Wake:48; Mecklenburg:23; Durham:9; 37085:7; 37009:6,121,21,16,0,0,76.58,13.29,10.13,yes
2025,NC,SS1TRMSN6BRNMOREEV51,,326,158,Mecklenburg:29; Wake:19; 37071:10; 37051:6; 37067:6,115,29,12,2,0,72.78,18.35,7.59,yes
2025,NC,549300PL267CW8182203,,476,157,37051:19; 37093:13; Guilford:12; 37085:9; Mecklenburg:9,7,37,113,0,0,4.46,23.57,71.97,yes
2025,NC,549300PP6R8WIOP60124,,187,154,Mecklenburg:38; Wake:33; Guilford:26; 37019:7; Durham:5,153,1,0,0,0,99.35,0.65,0.0,yes
2025,NC,549300PQLK8E48ILXV41,,280,154,Wake:16; Mecklenburg:13; 37179:9; Durham:8; 37021:8,149,5,0,0,0,96.75,3.25,0.0,yes
2025,NC,5493002GI63WHHUTUD85,,181,153,37127:33; 37085:14; Mecklenburg:10; 37065:9; Wake:7,61,52,33,7,0,39.87,33.99,21.57,yes
2025,NC,549300MHH03ICJYEPE85,,236,147,Wake:17; Mecklenburg:13; Guilford:8; 37019:7; Durham:7,14,133,0,0,0,9.52,90.48,0.0,yes
2025,NC,549300PL8ER6H23P0Z91,,234,147,37021:29; Wake:26; Mecklenburg:20; Guilford:13; 37067:9,113,28,6,0,0,76.87,19.05,4.08,yes
2025,NC,E57ODZWZ7FF32TWEFA76,,328,144,Mecklenburg:34; Wake:28; 37019:10; Durham:9; 37053:5,142,2,0,0,0,98.61,1.39,0.0,yes
2025,NC,549300RYTR2RVL4SFJ90,,178,142,37125:57; Mecklenburg:26; 37085:5; 37067:4; 37021:4,142,0,0,0,0,100.0,0.0,0.0,yes
2025,NC,549300T7HRS5DVBUPQ06,,173,142,37019:42; 37051:20; 37129:15; 37133:7; 37093:6,82,15,44,1,0,57.75,10.56,30.99,yes
2025,NC,5493005R34FLBMCPWB41,,204,141,37019:41; 37053:16; 37129:11; 37101:11; 37085:6,100,19,20,2,0,70.92,13.48,14.18,yes
2025,NC,549300G5DVGM0ZHRQC33,,211,141,37051:20; 37133:11; Mecklenburg:8; 37085:7; Wake:7,2,0,139,0,0,1.42,0.0,98.58,yes
2025,NC,549300PC4MFWQBNVKG88,,193,139,Wake:46; Mecklenburg:17; 37101:11; 37085:8; 37051:6,102,16,20,1,0,73.38,11.51,14.39,yes
2025,NC,25490080ZZ98MNHU5R63,,161,138,37087:61; 37021:35; 37089:16; 37099:10; 37115:5,138,0,0,0,0,100.0,0.0,0.0,yes
2025,NC,549300NN0PRX3I4QGG46,,233,138,37051:10; 37133:9; Guilford:7; 37157:6; Mecklenburg:6,2,6,130,0,0,1.45,4.35,94.2,yes
2025,NC,549300Q50XCC0473FG63,,296,137,Mecklenburg:31; Wake:21; 37179:13; 37051:6; 37085:6,137,0,0,0,0,100.0,0.0,0.0,yes
2025,NC,254900R0GC9CW77VXE28,,163,136,37021:64; 37089:18; 37023:13; 37115:10; 37087:7,135,0,0,1,0,99.26,0.0,0.0,yes
2025,NC,549300KTR1JGH3K6LU06,,357,136,Mecklenburg:29; Wake:23; 37179:17; 37021:7; Durham:6,134,2,0,0,0,98.53,1.47,0.0,yes
2025,NC,5493007XAKU2Q6LGXD23,,162,135,Wake:61; 37101:9; Durham:8; 37069:8; 37019:8,107,22,6,0,0,79.26,16.3,4.44,yes
2025,NC,549300EGTMFOWQOCQM74,,173,132,37109:86; 37035:24; 37071:10; Mecklenburg:4; 37045:4,132,0,0,0,0,100.0,0.0,0.0,yes
2025,NC,549300TA4MQM8WN2XG31,,237,131,Mecklenburg:15; Wake:12; Guilford:10; 37051:7; 37001:7,131,0,0,0,0,100.0,0.0,0.0,yes
2025,NC,5493003L116PF34B0H88,,145,129,37125:36; Durham:18; 37019:17; 37101:17; 37051:14,56,19,53,1,0,43.41,14.73,41.09,yes
2025,NC,549300748YYU6VG08N83,,209,128,37071:7; 37101:6; Wake:6; 37085:5; Guilford:5,13,97,0,18,0,10.16,75.78,0.0,yes
2025,NC,54930091JQKCU3Z6IP44,,1218,128,Durham:22; Mecklenburg:19; 37071:15; 37139:10; 37051:10,128,0,0,0,0,100.0,0.0,0.0,yes
2025,NC,5493004RLLKTQS8K7U51,,241,127,Mecklenburg:23; Wake:21; 37179:12; 37025:10; 37071:7,127,0,0,0,0,100.0,0.0,0.0,yes
2025,NC,549300C8GOC4OYUV0Z32,,228,127,37051:13; Mecklenburg:12; 37129:8; 37097:8; 37065:7,127,0,0,0,0,100.0,0.0,0.0,yes
2025,NC,254900WEP08K7U7S3A80,,172,126,37057:8; 37035:7; 37133:7; Guilford:5; 37019:5,43,58,24,1,0,34.13,46.03,19.05,yes
2025,NC,254900PW5EE7M05BEZ97,,139,124,37101:66; 37191:18; 37195:7; 37085:7; Wake:7,124,0,0,0,0,100.0,0.0,0.0,yes
2025,NC,549300SO0M022D8D8358,,181,123,Mecklenburg:26; Wake:15; Guilford:10; 37097:9; 37157:7,123,0,0,0,0,100.0,0.0,0.0,yes
2025,NC,CKVBED0S4DMLKJJ5XH28,,146,122,37129:13; Wake:13; Mecklenburg:12; 37019:9; Guilford:7,121,0,1,0,0,99.18,0.0,0.82,yes
2025,NC,549300JJ8BTDDILW4H12,,146,121,37181:28; 37077:21; Wake:18; 37069:17; 37185:13,121,0,0,0,0,100.0,0.0,0.0,yes
2025,NC,549300CEHN5CVC6INV48,,176,119,37021:51; Mecklenburg:25; 37089:16; 37115:4; 37109:3,118,1,0,0,0,99.16,0.84,0.0,yes
2025,NC,254900WT4HAMDFWH3048,,263,118,Mecklenburg:11; Wake:9; Guilford:6; 37101:5; Durham:4,63,55,0,0,0,53.39,46.61,0.0,yes
2025,NC,549300EKFFG3BU8DNX74,,230,118,Mecklenburg:24; Wake:13; 37179:7; 37055:6; 37071:6,115,3,0,0,0,97.46,2.54,0.0,yes
2025,NC,5493001YIUWLFRXQUO81,,160,117,Guilford:22; 37097:17; 37067:16; 37193:13; 37157:5,58,45,10,4,0,49.57,38.46,8.55,yes
2025,NC,549300S8SHBRCI7UU819,,199,115,Wake:15; 37111:13; Mecklenburg:13; 37021:8; Guilford:8,115,0,0,0,0,100.0,0.0,0.0,yes
2025,NC,549300DD6DH8XAGW3A86,,187,114,37067:55; Guilford:19; Wake:6; 37057:6; 37069:4,114,0,0,0,0,100.0,0.0,0.0,yes
2025,NC,549300XQ7B5FIVUNFE29,,143,112,37067:33; 37057:12; Mecklenburg:9; Guilford:8; 37071:6,84,25,1,2,0,75.0,22.32,0.89,yes
2025,NC,2549001SI0EMFPT39035,,161,111,Mecklenburg:30; 37129:9; Wake:8; 37051:6; 37097:4,79,10,22,0,0,71.17,9.01,19.82,yes
2025,NC,549300BV0LT7IVZH9408,,141,111,37003:36; 37035:23; 37027:21; 37023:12; 37097:9,111,0,0,0,0,100.0,0.0,0.0,yes
2025,NC,549300GWD9H4FQ2VR805,,131,111,Mecklenburg:31; Wake:11; 37021:7; 37097:5; Guilford:4,111,0,0,0,0,100.0,0.0,0.0,yes
2025,NC,984500P059VACEAAFA22,,179,111,Wake:10; 37101:9; 37097:8; Mecklenburg:8; 37071:7,48,40,20,3,0,43.24,36.04,18.02,yes
2025,NC,254900YFG40I5QM6EX80,,146,110,37145:64; Durham:15; 37135:11; 37001:8; 37033:6,110,0,0,0,0,100.0,0.0,0.0,yes
2025,NC,254900378RFGMBEKAF12,,163,109,Wake:28; 37067:14; Guilford:10; 37101:10; 37085:6,109,0,0,0,0,100.0,0.0,0.0,yes
2025,NC,549300QBX5R3ZBD8FR12,,138,109,37019:6; Guilford:5; 37077:5; 37169:5; 37113:5,68,16,25,0,0,62.39,14.68,22.94,yes
2025,NC,549300W2VOHO3742H053,,158,109,37021:14; 37067:11; Guilford:9; 37101:7; Durham:7,109,0,0,0,0,100.0,0.0,0.0,yes
2025,NC,MMO6VV34TNP4Z1T8NG83,,132,109,Guilford:9; 37169:8; 37157:7; 37027:5; 37171:5,109,0,0,0,0,100.0,0.0,0.0,yes
2025,NC,549300ISCZS1R0CJMO47,,128,107,Mecklenburg:21; Wake:16; 37097:11; Guilford:9; 37035:8,90,7,10,0,0,84.11,6.54,9.35,yes
2025,NC,549300916KMYQ118CX89,,126,106,Wake:32; 37129:10; Durham:6; Guilford:6; 37035:5,87,9,10,0,0,82.08,8.49,9.43,yes
2025,NC,549300UR5AOWTJJ7KZ64,,155,104,Mecklenburg:12; 37021:8; Wake:7; 37179:7; 37097:6,104,0,0,0,0,100.0,0.0,0.0,yes
2025,NC,WWB2V0FCW3A0EE3ZJN75,,177,103,Wake:12; Mecklenburg:9; 37051:7; 37129:6; 37019:6,64,15,24,0,0,62.14,14.56,23.3,yes
2025,NC,549300CLRXFVF83ZL806,,187,102,Durham:15; Wake:12; 37019:8; 37101:8; Mecklenburg:7,54,44,4,0,0,52.94,43.14,3.92,yes
2025,NC,549300MUXFVZKH4XLG17,,166,102,37133:17; Mecklenburg:13; 37071:9; 37125:9; 37179:6,33,24,45,0,0,32.35,23.53,44.12,yes
2025,NC,5493007TJ86W1ZK4LZ15,,181,101,37171:40; 37003:18; 37193:11; 37005:10; 37189:4,101,0,0,0,0,100.0,0.0,0.0,yes
2025,NC,54930080168VA6Z8UX21,,170,101,Mecklenburg:22; Wake:16; 37179:7; 37019:7; 37129:5,101,0,0,0,0,100.0,0.0,0.0,yes
2025,NC,254900RM3T6WAVE6SA24,,122,100,Wake:27; 37101:13; Durham:9; 37001:8; Mecklenburg:8,71,28,1,0,0,71.0,28.0,1.0,yes
2025,NC,549300B4IYL7TZT8FA34,,145,100,Mecklenburg:36; 37151:9; 37097:6; Guilford:5; Wake:4,74,17,7,2,0,74.0,17.0,7.0,yes
2025,NC,254900LKAJBFGO0IIP75,,113,99,Wake:50; 37101:8; 37085:7; Durham:7; 37133:7,73,18,7,1,0,73.74,18.18,7.07,yes
2025,NC,549300ZAZI235VM8Q149,,112,99,Wake:29; Durham:16; Mecklenburg:11; 37101:9; 37085:4,70,18,9,2,0,70.71,18.18,9.09,yes
2025,NC,ZXMJHJK466PBZTM5F379,,106,99,Mecklenburg:12; Wake:12; 37021:7; 37019:6; 37189:6,99,0,0,0,0,100.0,0.0,0.0,yes
2025,NC,549300WHVRE44NRBU558,,157,97,Mecklenburg:21; 37101:15; Wake:13; 37085:7; 37191:6,54,42,1,0,0,55.67,43.3,1.03,yes
2025,NC,549300NJVKCDJA5YC939,,115,96,Wake:20; 37025:19; 37085:14; 37159:8; 37101:5,76,13,7,0,0,79.17,13.54,7.29,yes
2025,NC,549300RFLICNI75BG067,,126,95,37129:27; 37141:11; 37019:10; Mecklenburg:6; 37133:5,76,4,15,0,0,80.0,4.21,15.79,yes
2025,NC,549300T3F9S1MKFKHC53,,105,95,Wake:25; Mecklenburg:13; 37179:7; Durham:6; Guilford:5,92,3,0,0,0,96.84,3.16,0.0,yes
2025,NC,54930072OCHTUJOZQB56,,130,94,Mecklenburg:23; 37189:7; 37019:6; Wake:5; 37145:4,91,1,2,0,0,96.81,1.06,2.13,yes
2025,NC,254900ERGGNLW2R5J379,,136,93,37085:50; Wake:38; 37135:4; 37071:1,42,38,13,0,0,45.16,40.86,13.98,yes
2025,NC,549300BKWR5OM8PWIN62,,113,91,Mecklenburg:24; 37067:9; Wake:9; 37097:5; 37167:4,63,22,5,1,0,69.23,24.18,5.49,yes
2025,NC,549300NWBS6MQJX15N44,,121,91,Wake:28; Mecklenburg:11; 37179:7; 37097:3; Durham:3,88,0,3,0,0,96.7,0.0,3.3,yes
2025,NC,254900QNIR86GUIRYH95,,172,89,Guilford:19; Wake:18; 37051:8; Mecklenburg:6; 37151:4,88,1,0,0,0,98.88,1.12,0.0,yes
2025,NC,549300X8AUU3UC1ULZ79,,189,87,Wake:39; 37085:23; 37101:9; 37037:7; 37135:4,81,1,4,1,0,93.1,1.15,4.6,yes
2025,NC,254900I68BOSEM149Q58,,114,85,37051:16; 37101:7; Durham:5; Wake:5; 37001:5,47,18,20,0,0,55.29,21.18,23.53,yes
2025,NC,54930084GJFEXBIOGU45,,97,85,37031:16; 37133:14; Wake:11; 37195:10; 37127:9,85,0,0,0,0,100.0,0.0,0.0,yes
2025,NC,549300XCVBRR56D08F03,,526,85,Wake:13; 37179:6; Mecklenburg:6; Guilford:5; 37031:4,73,12,0,0,0,85.88,14.12,0.0,yes
2025,NC,54930066LN6QXNO8TY84,,100,84,37129:17; Wake:14; 37157:9; 37127:8; 37031:6,84,0,0,0,0,100.0,0.0,0.0,yes
2025,NC,5493001SDQVS1NWYH012,,93,83,Mecklenburg:35; 37071:11; 37179:7; 37159:5; 37067:5,65,16,2,0,0,78.31,19.28,2.41,yes
2025,NC,5493004T9SQFCNRQ2L76,,113,83,Wake:10; Mecklenburg:8; 37031:6; 37133:4; 37101:4,42,26,13,2,0,50.6,31.33,15.66,yes
2025,NC,5493008VVXQIDO1EZ460,,112,83,37067:21; 37057:9; Mecklenburg:7; Wake:5; 37101:5,55,22,4,2,0,66.27,26.51,4.82,yes
2025,NC,2549007E9BI08H1N1T92,,105,82,37133:23; 37051:15; 37139:8; 37147:3; 37053:3,17,7,58,0,0,20.73,8.54,70.73,yes
2025,NC,549300OP5DX4ZL2E2S84,,132,82,37133:54; 37049:4; 37019:4; 37031:4; 37129:3,80,0,2,0,0,97.56,0.0,2.44,yes
2025,NC,549300RD5IG88VPO6P22,,119,82,Wake:36; Guilford:9; Mecklenburg:9; Durham:6; 37025:6,82,0,0,0,0,100.0,0.0,0.0,yes
2025,NC,549300Y7G2MW6V1OR474,,107,82,37001:15; Guilford:12; 37145:8; 37181:6; 37077:5,31,44,2,5,0,37.8,53.66,2.44,yes
2025,NC,2549004CU9LAM5CYA280,,98,80,Mecklenburg:19; Wake:11; 37025:6; 37019:5; 37031:3,80,0,0,0,0,100.0,0.0,0.0,yes
2025,NC,549300MW4XR7DUGZXU81,,90,79,37097:24; Mecklenburg:18; 37171:10; 37035:5; 37159:5,79,0,0,0,0,100.0,0.0,0.0,yes
2025,NC,5493000IIYWBLONJVJ30,,112,78,Wake:19; Mecklenburg:11; 37179:6; 37025:6; 37021:5,75,3,0,0,0,96.15,3.85,0.0,yes
2025,NC,549300V6LKROCIL7OI49,,83,77,37127:13; 37171:10; 37193:5; 37031:4; 37085:4,77,0,0,0,0,100.0,0.0,0.0,yes
2025,NC,5493002BRQ8SVQPCV108,,133,75,37067:15; 37097:13; Mecklenburg:13; 37057:8; Guilford:5,75,0,0,0,0,100.0,0.0,0.0,yes
2025,NC,549300TK6RZQSFXZHV09,,105,75,37191:22; 37071:6; 37085:5; Mecklenburg:5; 37019:4,36,16,22,1,0,48.0,21.33,29.33,yes
2025,NC,549300GCEUZLVML1J263,,107,74,37021:13; 37049:8; 37089:7; 37129:6; 37179:5,47,18,8,1,0,63.51,24.32,10.81,yes
2025,NC,549300SENIFFLVGUHE44,,129,73,37049:30; 37031:18; 37147:7; 37103:3; 37137:2,73,0,0,0,0,100.0,0.0,0.0,yes
2025,NC,254900TTZ395IC926125,,110,72,Wake:10; 37049:9; 37071:6; 37179:6; Mecklenburg:6,52,13,7,0,0,72.22,18.06,9.72,yes
2025,NC,549300WZQ2PP4RJDZR54,,73,70,37155:46; 37051:14; 37017:3; 37165:2; 37019:2,70,0,0,0,0,100.0,0.0,0.0,yes
2025,NC,549300XED7IBK9VVQH70,,94,70,Wake:19; 37087:8; Mecklenburg:7; Durham:5; 37089:3,54,10,5,1,0,77.14,14.29,7.14,yes
2025,NC,54930018CRFUH37BKR13,,87,69,37159:42; 37025:8; Wake:4; Mecklenburg:3; 37031:3,69,0,0,0,0,100.0,0.0,0.0,yes
2025,NC,5493003V40VGM7YDFM54,,102,68,Wake:17; 37101:6; Mecklenburg:6; 37021:3; 37071:3,53,12,3,0,0,77.94,17.65,4.41,yes
2025,NC,2549009BJ1OZ4H7KTG46,,87,67,Mecklenburg:47; 37071:9; 37147:5; 37097:2; Durham:2,67,0,0,0,0,100.0,0.0,0.0,yes
2025,NC,5493007CLWQN2S6IZK91,,122,67,37051:13; 37125:5; Mecklenburg:5; 37085:4; 37159:4,9,2,56,0,0,13.43,2.99,83.58,yes
2025,NC,549300HCNXMTNGIMAR91,,97,67,Wake:19; Mecklenburg:8; 37025:6; 37019:6; 37129:5,67,0,0,0,0,100.0,0.0,0.0,yes
2025,NC,549300UVOSI4XZZGUE14,,134,67,37019:5; Wake:5; 37159:4; 37021:3; 37179:3,2,36,29,0,0,2.99,53.73,43.28,yes
2025,NC,549300RYWXR8TL5LIK35,,167,66,Mecklenburg:8; 37025:5; 37179:4; Wake:4; 37035:4,24,34,8,0,0,36.36,51.52,12.12,yes
2025,NC,5493007WZXR2YE227I23,,104,65,Wake:9; Guilford:6; 37047:5; 37165:4; Durham:4,31,24,6,4,0,47.69,36.92,9.23,yes
2025,NC,549300KQHWNSVCE2MY88,,93,65,Mecklenburg:13; Wake:9; Guilford:4; 37021:3; 37097:3,60,3,2,0,0,92.31,4.62,3.08,yes
2025,NC,549300W45D2J6BT4LX65,,63,63,Mecklenburg:8; 37129:7; Guilford:6; Wake:6; Durham:4,63,0,0,0,0,100.0,0.0,0.0,yes
2025,NC,549300L1DBFIJZI8LA40,,87,62,37051:14; 37021:10; Wake:8; 37125:6; 37093:6,36,11,14,1,0,58.06,17.74,22.58,yes
2025,NC,549300OSZK2W0WJYS771,,112,62,Wake:16; 37129:6; 37019:5; 37077:3; Mecklenburg:3,61,0,1,0,0,98.39,0.0,1.61,yes
2025,NC,549300PEWJWBNEOSS013,,84,62,Wake:10; 37101:9; 37071:4; 37147:4; Durham:3,27,25,8,2,0,43.55,40.32,12.9,yes
2025,NC,549300REENMLD2RN3W58,,111,62,37047:6; 37021:5; 37133:4; 37089:4; Guilford:4,22,11,28,1,0,35.48,17.74,45.16,yes
2025,NC,254900DSZI6CJXJL6Z14,,88,60,37071:7; Guilford:7; Mecklenburg:6; Wake:4; 37113:4,60,0,0,0,0,100.0,0.0,0.0,yes
2025,NC,549300RM1IZYGQDSNL85,,281,60,Guilford:6; Mecklenburg:4; 37097:4; 37025:4; 37147:3,20,18,22,0,0,33.33,30.0,36.67,yes
2025,NC,984500F03B9034CQB904,,336,60,Wake:11; Mecklenburg:8; 37055:4; 37031:4; 37109:3,60,0,0,0,0,100.0,0.0,0.0,yes
2025,NC,549300BOXNV8VLRBDT24,,151,59,Wake:16; Mecklenburg:6; 37067:6; 37021:5; 37179:2,59,0,0,0,0,100.0,0.0,0.0,yes
2025,NC,549300C04W4R4VGWRT26,,97,59,Durham:35; 37077:7; 37135:6; Wake:4; 37069:2,59,0,0,0,0,100.0,0.0,0.0,yes
2025,NC,549300H12E7AUMUHP294,,88,59,Wake:17; Mecklenburg:8; 37085:4; 37071:4; 37179:3,40,18,1,0,0,67.8,30.51,1.69,yes
2025,NC,549300ZIQ24V0C88AC41,,90,59,Mecklenburg:19; Wake:9; 37159:3; 37057:3; 37151:2,59,0,0,0,0,100.0,0.0,0.0,yes
2025,NC,254900AD895KKZTSFT42,,74,58,Mecklenburg:11; 37035:11; 37129:9; 37027:4; Wake:4,50,8,0,0,0,86.21,13.79,0.0,yes
2025,NC,549300A5HHOL2ED18C72,,163,58,37019:9; Mecklenburg:5; 37147:5; 37021:4; 37121:3,51,6,1,0,0,87.93,10.34,1.72,yes
2025,NC,549300SI3EZ7U02L5E39,,91,58,37001:36; Guilford:8; Durham:4; Mecklenburg:3; Wake:2,58,0,0,0,0,100.0,0.0,0.0,yes
2025,NC,254900BBWJ82FQDQ6823,,94,57,37019:12; 37035:9; Wake:5; 37159:5; 37069:5,57,0,0,0,0,100.0,0.0,0.0,yes
2025,NC,549300IFOE4SCP384147,,79,57,Wake:8; 37125:6; 37085:4; 37051:4; Mecklenburg:3,41,3,13,0,0,71.93,5.26,22.81,yes
2025,NC,254900O28OG3UMHXQY81,,106,56,Mecklenburg:10; Wake:8; 37067:4; Durham:3; 37135:2,37,13,6,0,0,66.07,23.21,10.71,yes
2025,NC,5493002JA8HUVL2CRT33,,72,56,Wake:17; 37101:6; Mecklenburg:5; 37037:4; 37085:4,49,3,4,0,0,87.5,5.36,7.14,yes
2025,NC,549300SLZFPDLWNB0O94,,70,56,37113:13; 37067:4; 37039:4; 37019:3; 37173:3,51,1,2,2,0,91.07,1.79,3.57,yes
2025,NC,9845006YE04B346EC919,,205,55,Mecklenburg:7; 37179:6; 37019:4; 37159:4; 37129:3,19,18,18,0,0,34.55,32.73,32.73,yes
2025,NC,5493008ZTV4S0W9DCX64,,110,54,Mecklenburg:7; 37071:6; 37085:6; Durham:4; 37101:4,26,27,1,0,0,48.15,50.0,1.85,yes
2025,NC,549300AG10BX85DF5S49,,66,54,Mecklenburg:12; Wake:7; 37151:6; 37067:6; 37049:5,35,10,9,0,0,64.81,18.52,16.67,yes
2025,NC,549300DMYENRV818D594,,73,54,37049:13; 37031:8; Wake:6; 37039:5; 37133:2,38,11,5,0,0,70.37,20.37,9.26,yes
2025,NC,549300KJKBXR3PD3QQ56,,71,54,Mecklenburg:10; 37051:10; 37001:3; 37025:2; 37159:2,23,27,4,0,0,42.59,50.0,7.41,yes
2025,NC,549300XSS1CPK8G7B851,,65,54,Mecklenburg:12; 37099:7; 37133:5; 37021:4; 37087:4,54,0,0,0,0,100.0,0.0,0.0,yes
2025,NC,549300GRGZDEH4ZGQS06,,98,53,37097:6; Mecklenburg:5; 37179:5; 37161:4; 37051:3,37,15,1,0,0,69.81,28.3,1.89,yes
2025,NC,254900JK3YLXUJEHMB45,,54,52,37117:12; 37187:10; 37013:10; 37147:7; 37031:4,52,0,0,0,0,100.0,0.0,0.0,yes
2025,NC,254900JZN2V0PWFMW808,,76,52,Wake:14; 37101:9; Durham:7; 37085:4; 37077:3,24,27,1,0,0,46.15,51.92,1.92,yes
2025,NC,549300FK3AFCFVAPH234,,68,51,Wake:13; Mecklenburg:5; 37021:5; Durham:3; 37037:3,51,0,0,0,0,100.0,0.0,0.0,yes
2025,NC,549300LG73ZJO2VYV440,,133,51,37151:8; 37159:5; 37071:4; 37179:3; 37109:3,51,0,0,0,0,100.0,0.0,0.0,yes
2025,NC,549300MSU5WVAU4ZN645,,64,50,Wake:9; 37179:6; Mecklenburg:6; 37021:4; 37161:3,50,0,0,0,0,100.0,0.0,0.0,yes
2025,NC,984500F6E6940CCB6A60,,63,50,Mecklenburg:9; Wake:7; 37085:5; Guilford:4; 37097:3,50,0,0,0,0,100.0,0.0,0.0,yes
2025,NC,549300JPGMCMBEJEK584,,196,49,Wake:23; Mecklenburg:9; 37025:5; 37179:4; 37101:1,49,0,0,0,0,100.0,0.0,0.0,yes
2025,NC,894500CFQPXSLHK0OK52,,64,49,Mecklenburg:14; 37025:5; 37159:5; 37179:5; 37071:5,29,10,10,0,0,59.18,20.41,20.41,yes
2025,NC,98450087981AP406JG03,,62,49,37071:9; Mecklenburg:8; Durham:3; 37069:3; Guilford:3,49,0,0,0,0,100.0,0.0,0.0,yes
2025,NC,254900NZOY3XB2DNSZ34,,66,48,Mecklenburg:14; Wake:6; 37179:4; 37129:3; 37097:2,48,0,0,0,0,100.0,0.0,0.0,yes
2025,NC,549300I0ICF6REKHOC74,,63,48,Mecklenburg:9; 37019:6; 37097:4; 37159:3; 37089:3,36,5,6,1,0,75.0,10.42,12.5,yes
2025,NC,549300Q02LGIN9AXKP98,,87,48,Wake:8; Mecklenburg:8; 37101:3; 37179:3; Durham:2,48,0,0,0,0,100.0,0.0,0.0,yes
2025,NC,549300QR0KFPEDZPEI42,,127,48,Wake:9; 37191:6; 37101:5; Mecklenburg:4; 37147:3,26,17,3,2,0,54.17,35.42,6.25,yes
2025,NC,549300UB5TJ0YPVPT503,,57,48,Wake:14; Durham:6; 37135:5; 37145:4; 37133:2,41,6,0,1,0,85.42,12.5,0.0,yes
2025,NC,984500CD6F0743B8F530,,61,48,37051:6; 37067:4; 37097:3; 37151:3; Mecklenburg:3,1,12,35,0,0,2.08,25.0,72.92,yes
2025,NC,549300CTISSNREVLNO46,,73,47,37011:24; 37189:16; 37021:2; 37027:1; 37097:1,43,2,1,1,0,91.49,4.26,2.13,yes
2025,NC,549300LLESTPOVRG3X73,,119,47,Wake:9; Mecklenburg:8; 37113:3; 37179:3; 37055:3,45,0,2,0,0,95.74,0.0,4.26,yes
2025,NC,549300X8XJW35HJ7M023,,49,47,37001:13; Guilford:6; 37151:6; Durham:4; 37125:4,47,0,0,0,0,100.0,0.0,0.0,yes
2025,NC,254900VE4XTOQUE8NZ77,,129,46,Wake:7; 37035:6; Mecklenburg:5; 37071:4; Durham:3,46,0,0,0,0,100.0,0.0,0.0,yes
2025,NC,549300838ZAWQIH9V751,,62,45,Wake:20; Durham:12; 37135:3; 37069:2; 37101:2,45,0,0,0,0,100.0,0.0,0.0,yes
2025,NC,549300NWKILSNQAIG053,,64,45,37053:15; 37139:5; 37029:3; 37051:3; 37073:3,45,0,0,0,0,100.0,0.0,0.0,yes
2025,NC,254900LVZ1O44BCREK60,,47,44,37071:39; 37109:2; 37045:1; Mecklenburg:1; 37097:1,44,0,0,0,0,100.0,0.0,0.0,yes
2025,NC,5493004W7AEPOP0B0249,,50,44,37085:17; 37101:13; 37163:6; Wake:3; 37051:3,44,0,0,0,0,100.0,0.0,0.0,yes
2025,NC,549300LXKO1O7CSK5J52,,49,44,37051:12; 37093:7; 37125:4; Wake:3; 37163:2,20,9,15,0,0,45.45,20.45,34.09,yes
2025,NC,2549002VH9C0PKB8K153,,89,43,Mecklenburg:9; 37097:4; Wake:3; 37019:3; 37025:3,43,0,0,0,0,100.0,0.0,0.0,yes
2025,NC,5493000H6DFDDJRORG89,,114,43,Mecklenburg:8; Wake:8; 37025:4; 37019:2; 37055:2,33,7,3,0,0,76.74,16.28,6.98,yes
2025,NC,254900R9A6TW85BTVS20,,46,41,37109:31; Mecklenburg:10,38,0,3,0,0,92.68,0.0,7.32,yes
2025,NC,549300HINJH60UG3KG47,,42,41,37135:9; Durham:8; Wake:5; Mecklenburg:4; 37051:3,41,0,0,0,0,100.0,0.0,0.0,yes
2025,NC,549300IKNQI45EOJU155,,51,41,37129:13; 37019:5; 37021:5; 37113:3; 37141:3,36,3,2,0,0,87.8,7.32,4.88,yes
2025,NC,549300GQDT484LGI9C04,,341,40,Mecklenburg:9; Wake:6; 37191:3; 37133:3; 37021:2,24,9,7,0,0,60.0,22.5,17.5,yes
2025,NC,549300KWKWPEKL40WD44,,101,40,Wake:13; Mecklenburg:9; 37179:3; 37067:3; Durham:2,36,3,1,0,0,90.0,7.5,2.5,yes
2025,NC,2549004Z576VEJBK3N72,,69,39,37055:5; Mecklenburg:5; Wake:3; 37021:2; 37067:2,37,1,1,0,0,94.87,2.56,2.56,yes
2025,NC,54930048P8RWCQHQM310,,74,39,Wake:12; 37085:3; 37025:2; 37055:2; Mecklenburg:2,39,0,0,0,0,100.0,0.0,0.0,yes
2025,NC,549300QKL5FUBZ8LSF50,,67,39,37129:4; 37061:4; Mecklenburg:3; 37101:3; 37025:3,20,17,2,0,0,51.28,43.59,5.13,yes
2025,NC,54930020YWIK7HGH2R34,,57,38,Wake:19; 37101:7; 37085:4; 37135:2; 37181:2,29,4,4,1,0,76.32,10.53,10.53,yes
2025,NC,5493007ATUOSGE6PR745,,48,38,37117:10; 37187:9; 37147:7; 37013:5; 37031:3,38,0,0,0,0,100.0,0.0,0.0,yes
2025,NC,549300OPB0G5OMY0SM65,,46,38,Wake:7; 37129:4; 37179:4; Mecklenburg:4; Durham:2,38,0,0,0,0,100.0,0.0,0.0,yes
2025,NC,254900RQX8N4HXJIDK44,,50,37,Mecklenburg:5; Wake:4; 37087:4; 37179:3; 37151:2,4,29,4,0,0,10.81,78.38,10.81,yes
2025,NC,549300DDLYW49R2HCV81,,74,37,Mecklenburg:5; 37021:4; 37067:3; 37189:2; Guilford:2,37,0,0,0,0,100.0,0.0,0.0,yes
2025,NC,549300FVD3YHE65PKH97,,52,37,37163:20; 37191:6; 37135:2; 37019:2; 37085:2,7,24,5,1,0,18.92,64.86,13.51,yes
2025,NC,549300JJVGBKK5UE5035,,45,37,37053:17; 37139:9; 37029:7; 37055:3; 37143:1,16,8,13,0,0,43.24,21.62,35.14,yes
2025,NC,549300OOBQV34V3WL383,,80,37,37053:12; 37139:7; 37073:4; 37143:4; 37029:4,37,0,0,0,0,100.0,0.0,0.0,yes
2025,NC,549300QCYEU2QLIWN517,,47,37,Mecklenburg:16; 37051:3; 37097:3; 37007:2; 37159:2,19,15,3,0,0,51.35,40.54,8.11,yes
2025,NC,5493001X0T84TYRJ5Y59,,64,36,Mecklenburg:9; 37191:4; 37071:4; Wake:2; 37109:2,36,0,0,0,0,100.0,0.0,0.0,yes
2025,NC,549300GY4NTTEM7WWB64,,63,35,Guilford:6; Wake:5; Durham:4; 37031:3; 37181:2,22,12,1,0,0,62.86,34.29,2.86,yes
2025,NC,25490018IFQOT83Q7H49,,52,34,Durham:16; 37139:3; Wake:3; 37159:3; 37097:3,29,2,3,0,0,85.29,5.88,8.82,yes
2025,NC,549300DN6A0I2MKQYG08,,53,34,37087:10; 37113:10; 37021:4; 37039:3; 37173:2,34,0,0,0,0,100.0,0.0,0.0,yes
2025,NC,549300N3JBQ15RQ7AV97,,49,34,37051:11; 37093:3; Guilford:2; Wake:2; 37193:2,30,3,1,0,0,88.24,8.82,2.94,yes
2025,NC,549300QIUZLVR1OLDH55,,46,34,37021:7; Mecklenburg:5; 37067:4; Wake:3; 37159:2,34,0,0,0,0,100.0,0.0,0.0,yes
2025,NC,2549008TT6UNYR7AXF54,,47,33,37191:10; Wake:9; Durham:3; 37101:2; 37049:2,19,2,12,0,0,57.58,6.06,36.36,yes
2025,NC,549300DCGBXW5FJMV921,,33,33,Wake:6; 37179:5; Mecklenburg:5; 37129:3; 37021:2,33,0,0,0,0,100.0,0.0,0.0,yes
2025,NC,549300S5FVOSK5DQJN30,,40,33,37101:15; Wake:9; 37127:2; 37085:1; 37021:1,23,6,4,0,0,69.7,18.18,12.12,yes
2025,NC,549300VJQJVZKJBDWS17,,44,33,Mecklenburg:7; 37129:4; Guilford:3; 37147:3; 37067:2,24,5,4,0,0,72.73,15.15,12.12,yes
2025,NC,549300VQUTI5IU7GXT57,,54,33,37035:9; 37051:4; 37067:3; Guilford:2; 37077:1,17,10,3,3,0,51.52,30.3,9.09,yes
2025,NC,254900P7WLDQD9IUL038,,56,32,Wake:8; 37125:4; 37019:3; 37195:2; 37169:2,29,0,3,0,0,90.62,0.0,9.38,yes
2025,NC,54930021DZJ9CEN11D61,,55,32,Mecklenburg:7; 37179:6; 37189:2; Guilford:2; 37159:2,22,4,6,0,0,68.75,12.5,18.75,yes
2025,NC,54930063578UDYE3JR69,,63,32,37067:5; Mecklenburg:4; 37025:3; 37179:2; 37151:2,8,22,2,0,0,25.0,68.75,6.25,yes
2025,NC,5493009B17HXCVXTD608,,56,32,Mecklenburg:9; 37179:4; 37109:2; 37071:2; 37097:2,23,4,5,0,0,71.88,12.5,15.62,yes
2025,NC,549300HRLROF7PLJ6735,,53,32,Mecklenburg:6; Durham:6; 37021:3; 37025:2; 37147:2,32,0,0,0,0,100.0,0.0,0.0,yes
2025,NC,549300T61O0X0RJMQ375,,50,32,Wake:6; Mecklenburg:5; 37129:2; 37179:2; 37067:2,30,0,2,0,0,93.75,0.0,6.25,yes
2025,NC,213800QUAI2VH5YM6310,,41,31,37019:6; Wake:4; 37071:3; 37129:3; 37051:2,19,5,7,0,0,61.29,16.13,22.58,yes
2025,NC,254900114YHTRFBALC74,,31,31,Mecklenburg:14; Wake:7; 37101:2; 37099:1; 37147:1,31,0,0,0,0,100.0,0.0,0.0,yes
2025,NC,5493000349C5XXDRQX28,,84,31,Wake:6; Mecklenburg:3; 37159:2; 37035:2; Durham:2,24,5,2,0,0,77.42,16.13,6.45,yes
2025,NC,54930044OSTKOJMHF287,,50,31,37031:14; 37001:2; 37049:2; Mecklenburg:2; Wake:1,21,3,7,0,0,67.74,9.68,22.58,yes
2025,NC,549300K6K2IS7FRS7S09,,52,31,37179:5; Wake:4; 37069:3; 37067:2; 37133:2,26,1,4,0,0,83.87,3.23,12.9,yes
2025,NC,549300QVGK8WC4HQ3C28,,39,31,Durham:14; Wake:6; 37135:5; 37101:2; 37019:1,30,1,0,0,0,96.77,3.23,0.0,yes
2025,NC,2549004FXPNKCLIN8250,,34,30,Mecklenburg:6; Wake:3; 37089:2; 37021:2; Guilford:2,16,14,0,0,0,53.33,46.67,0.0,yes
2025,NC,5493008SP1FN4D81IS17,,33,30,Guilford:16; 37151:4; 37057:2; 37037:2; Wake:2,30,0,0,0,0,100.0,0.0,0.0,yes
2025,NC,549300EFCZM6KD6B8K69,,34,30,Wake:5; 37101:5; Mecklenburg:4; 37097:3; Guilford:2,26,2,2,0,0,86.67,6.67,6.67,yes
2025,NC,549300XL5688T9WLKS84,,39,30,37055:7; 37139:7; 37073:4; 37015:3; 37143:3,17,7,1,5,0,56.67,23.33,3.33,yes
2025,NC,984500FAD1FB7FEGTE82,,56,30,Wake:5; 37019:4; Mecklenburg:4; 37179:3; 37031:2,30,0,0,0,0,100.0,0.0,0.0,yes
2025,NC,254900YA1AQXNM8QVZ06,,35,29,Mecklenburg:10; Wake:3; Durham:2; 37129:2; 37135:2,27,2,0,0,0,93.1,6.9,0.0,yes
2025,NC,549300RDO3TWTFEYC795,,42,29,37053:10; 37139:9; 37029:4; 37143:3; 37073:3,14,7,6,2,0,48.28,24.14,20.69,yes
2025,NC,254900IEGKUDRDS23V26,,45,28,Mecklenburg:6; 37065:5; Durham:3; 37179:3; Wake:2,27,0,1,0,0,96.43,0.0,3.57,yes
2025,NC,5493001JT9MT3Z3Y3M39,,35,28,Wake:11; Mecklenburg:5; 37097:2; 37077:2; 37019:1,28,0,0,0,0,100.0,0.0,0.0,yes
2025,NC,5493005DKMV1IHIM8E20,,33,28,Mecklenburg:5; 37179:3; Wake:3; 37025:2; 37051:2,28,0,0,0,0,100.0,0.0,0.0,yes
2025,NC,5493006VCMZ998IGOO33,,38,28,Mecklenburg:4; 37019:3; 37179:3; Wake:3; 37139:2,13,11,4,0,0,46.43,39.29,14.29,yes
2025,NC,549300BXWU32AYWT1A56,,58,28,Wake:10; Mecklenburg:5; Guilford:4; 37151:2; 37025:2,28,0,0,0,0,100.0,0.0,0.0,yes
2025,NC,549300QJN5U13Y9HAW42,,38,28,Guilford:11; 37157:6; 37067:3; 37151:2; 37001:1,28,0,0,0,0,100.0,0.0,0.0,yes
2025,NC,5493004T38NMC864VL66,,34,26,Wake:6; 37051:4; 37085:2; Guilford:2; 37191:2,26,0,0,0,0,100.0,0.0,0.0,yes
2025,NC,549300ASFUWYQO0RW077,,29,26,37071:3; Guilford:3; 37051:2; Mecklenburg:2; Wake:2,26,0,0,0,0,100.0,0.0,0.0,yes
2025,NC,COINQMNIM6RBU631DD85,,44,26,Mecklenburg:5; 37019:4; Wake:3; 37147:2; 37051:2,23,3,0,0,0,88.46,11.54,0.0,yes
2025,NC,5493004UNRG4PWDF2K60,,39,25,Wake:6; Mecklenburg:3; Guilford:2; 37097:2; 37049:1,25,0,0,0,0,100.0,0.0,0.0,yes
2025,NC,549300YD7XJM19TH5O82,,32,25,Wake:10; 37101:2; 37159:2; Guilford:1; 37071:1,25,0,0,0,0,100.0,0.0,0.0,yes
2025,NC,1IE8VN30JCEQV1H4R804,,35,24,Wake:8; Mecklenburg:6; 37125:2; 37129:1; 37055:1,24,0,0,0,0,100.0,0.0,0.0,yes
2025,NC,549300HVW3AI97UKTO72,,32,24,37097:4; Mecklenburg:3; 37067:2; 37101:2; 37061:1,24,0,0,0,0,100.0,0.0,0.0,yes
2025,NC,549300KPBZCTMM3Y0061,,32,24,Wake:5; 37097:2; 37019:2; 37021:2; 37125:2,24,0,0,0,0,100.0,0.0,0.0,yes
2025,NC,549300KX4S1573HISS22,,46,24,Mecklenburg:8; 37129:2; 37067:2; Wake:2; 37195:2,24,0,0,0,0,100.0,0.0,0.0,yes
2025,NC,549300PJ2WT35S77Q208,,52,24,37071:2; 37019:2; 37157:2; Guilford:2; 37083:2,2,12,1,9,0,8.33,50.0,4.17,yes
2025,NC,549300RV4T4YZCSHWF37,,33,24,37001:21; 37135:2; Guilford:1,24,0,0,0,0,100.0,0.0,0.0,yes
2025,NC,DX0JX77PRMOELF7VG772,,34,24,37099:7; Mecklenburg:4; 37089:2; 37021:2; 37019:1,23,1,0,0,0,95.83,4.17,0.0,yes
2025,NC,DZC62HF6UIZYJ08V1J90,,39,24,37071:7; 37053:4; Mecklenburg:4; 37055:3; 37025:1,23,0,1,0,0,95.83,0.0,4.17,yes
2025,NC,254900ACU16O36WZP625,,23,23,Mecklenburg:16; 37071:2; 37097:2; 37179:1; 37159:1,23,0,0,0,0,100.0,0.0,0.0,yes
2025,NC,549300GE8KIGZVQV1223,,26,23,Wake:13; Mecklenburg:2; 37101:2; 37001:1; 37031:1,20,2,1,0,0,86.96,8.7,4.35,yes
2025,NC,HUX2X73FUCYHUVH1BK78,,39,23,37001:2; 37019:2; 37055:2; 37061:1; 37147:1,23,0,0,0,0,100.0,0.0,0.0,yes
2025,NC,4EP6JBYBTPTQ47LZOB67,,25,22,Mecklenburg:3; 37021:3; 37129:2; 37175:2; Wake:2,22,0,0,0,0,100.0,0.0,0.0,yes
2025,NC,5493008P6YO2KM3EO556,,31,22,Mecklenburg:7; Wake:4; 37051:2; 37025:2; 37101:1,17,2,3,0,0,77.27,9.09,13.64,yes
2025,NC,549300M4GZM7GG3EIV16,,27,22,37047:8; 37155:5; 37019:3; 37129:2; 37125:1,22,0,0,0,0,100.0,0.0,0.0,yes
2025,NC,549300Y4BSP3BSFW7J29,,41,22,Wake:3; 37021:2; Mecklenburg:2; 37023:2; Durham:1,22,0,0,0,0,100.0,0.0,0.0,yes
2025,NC,635400IW1QMK3FNFF894,,23,22,Wake:4; 37019:2; 37053:2; Mecklenburg:2; 37071:2,7,4,11,0,0,31.82,18.18,50.0,yes
2025,NC,WKN6AF1FCL7BBYGTGI83,,42,22,37051:3; 37019:2; 37199:2; Guilford:2; Wake:2,22,0,0,0,0,100.0,0.0,0.0,yes
2025,NC,549300D4ZYLSQ5LMTV35,,40,21,37067:3; Wake:2; 37085:2; 37069:2; 37089:1,8,10,3,0,0,38.1,47.62,14.29,yes
2025,NC,549300JRDGV1559XM376,,35,21,37025:3; 37167:3; Mecklenburg:2; 37179:2; 37191:1,9,9,3,0,0,42.86,42.86,14.29,yes
2025,NC,549300LLKEKXL2RM1F61,,39,21,Wake:4; Mecklenburg:2; 37129:2; 37133:2; 37191:1,14,2,5,0,0,66.67,9.52,23.81,yes
2025,NC,254900HIDMT4ZG09RP47,,33,20,37051:3; 37093:2; 37059:2; 37127:1; 37157:1,0,0,20,0,0,0.0,0.0,100.0,yes
2025,NC,54930004SDYVHYN4M716,,28,20,37019:9; 37129:3; 37173:1; 37189:1; 37047:1,20,0,0,0,0,100.0,0.0,0.0,yes
2025,NC,5493000E527OH5Y8TR73,,27,20,37053:13; 37029:4; 37055:2; 37073:1,20,0,0,0,0,100.0,0.0,0.0,yes
2025,NC,5493007PAE4JN4B5BX31,,21,20,Wake:7; 37025:3; Mecklenburg:3; 37067:2; 37147:2,20,0,0,0,0,100.0,0.0,0.0,yes
2025,NC,9845005BP6974AE5D838,,47,20,Mecklenburg:6; 37129:3; 37051:2; Guilford:1; 37105:1,20,0,0,0,0,100.0,0.0,0.0,yes
2025,NC,984500RF83EA742B5589,,54,20,37051:7; 37021:6; 37057:2; 37085:1; 37125:1,20,0,0,0,0,100.0,0.0,0.0,yes
2025,NC,KD3XUN7C6T14HNAYLU02,,48,20,Mecklenburg:10; 37129:4; 37021:2; 37053:1; 37035:1,20,0,0,0,0,100.0,0.0,0.0,yes
2025,NC,2549007AU24FVDMNUB40,,74,19,Mecklenburg:4; 37077:2; 37037:1; 37051:1; 37141:1,19,0,0,0,0,100.0,0.0,0.0,yes
2025,NC,5493000V86JDJLM0OV13,,19,19,37133:6; 37049:4; 37013:2; 37019:1; 37137:1,19,0,0,0,0,100.0,0.0,0.0,yes
2025,NC,549300GSCUJKJINRJ980,,39,19,37021:4; 37115:3; Wake:2; Guilford:2; 37139:1,15,3,0,1,0,78.95,15.79,0.0,yes
2025,NC,549300IX6RAX31C1BI75,,159,19,37067:3; 37089:2; 37027:2; 37097:2; 37101:2,19,0,0,0,0,100.0,0.0,0.0,yes
2025,NC,549300LI3FDGO7UKFF39,,33,19,37129:4; Mecklenburg:3; 37179:2; 37087:1; 37127:1,14,3,2,0,0,73.68,15.79,10.53,yes
2025,NC,549300R8VPSFM828B312,,38,19,Mecklenburg:5; Wake:2; 37179:2; 37025:2; 37019:2,19,0,0,0,0,100.0,0.0,0.0,yes
2025,NC,549300TGWKRP2P13MO72,,22,19,37129:11; 37019:2; 37141:1; 37021:1; 37031:1,19,0,0,0,0,100.0,0.0,0.0,yes
2025,NC,549300YMIOLU51FSTO86,,25,19,37147:5; 37071:5; 37133:3; Wake:3; Guilford:1,19,0,0,0,0,100.0,0.0,0.0,yes
2025,NC,2549005Q4HZ55QX7YC64,,23,18,Mecklenburg:5; Wake:5; 37049:2; Durham:1; 37047:1,17,0,1,0,0,94.44,0.0,5.56,yes
2025,NC,54930015645SYPOM7220,,24,18,37147:6; 37039:3; 37043:3; 37191:1; 37067:1,6,4,8,0,0,33.33,22.22,44.44,yes
2025,NC,549300E035FX7XMJ6713,,19,18,37021:5; 37027:2; 37133:2; 37003:1; 37059:1,18,0,0,0,0,100.0,0.0,0.0,yes
2025,NC,549300GIR2ODBIF9VF65,,24,18,37189:9; 37011:4; 37009:3; 37111:1; 37109:1,18,0,0,0,0,100.0,0.0,0.0,yes
2025,NC,549300JGK6WNKYXQ0821,,57,18,37021:2; 37001:2; 37159:2; Wake:2; 37077:1,18,0,0,0,0,100.0,0.0,0.0,yes
2025,NC,549300Q3ROEQU3D1IW91,,262,18,37021:4; 37133:3; 37089:2; 37113:2; 37061:1,18,0,0,0,0,100.0,0.0,0.0,yes
2025,NC,549300WC12JROIUVWY16,,27,18,Mecklenburg:6; 37009:2; 37179:2; Durham:1; 37149:1,18,0,0,0,0,100.0,0.0,0.0,yes
2025,NC,549300YX5RPSSMR88K92,,19,18,37067:5; 37051:3; 37021:2; Mecklenburg:2; 37035:1,18,0,0,0,0,100.0,0.0,0.0,yes
2025,NC,254900EZRN0CBEP77K34,,34,17,Mecklenburg:3; Wake:3; 37031:2; 37071:1; 37067:1,17,0,0,0,0,100.0,0.0,0.0,yes
2025,NC,254900F9ZTVTX763V835,,30,17,37133:3; 37019:2; Wake:2; 37135:1; Mecklenburg:1,8,6,3,0,0,47.06,35.29,17.65,yes
2025,NC,3Y4U8VZURTYWI1W2K376,,55,17,Wake:6; 37067:2; 37037:2; 37035:1; 37053:1,17,0,0,0,0,100.0,0.0,0.0,yes
2025,NC,5493001HBUA9JSUEWO16,,22,17,37089:4; 37179:4; Mecklenburg:3; 37025:1; 37019:1,14,2,1,0,0,82.35,11.76,5.88,yes
2025,NC,5493001XKL0FTNOJ0866,,37,17,37071:3; 37159:2; Mecklenburg:2; Wake:2; 37019:1,11,4,1,1,0,64.71,23.53,5.88,yes
2025,NC,5493002N5168AC238149,,22,17,Wake:3; Guilford:3; 37191:2; 37055:2; 37129:1,16,1,0,0,0,94.12,5.88,0.0,yes
2025,NC,549300BHPLBG0CXKTL06,,20,17,Mecklenburg:4; Wake:4; 37179:2; 37067:1; 37135:1,17,0,0,0,0,100.0,0.0,0.0,yes
2025,NC,549300DH8EI64ITBY388,,18,17,Mecklenburg:8; Wake:4; 37101:1; Durham:1; 37071:1,16,1,0,0,0,94.12,5.88,0.0,yes
2025,NC,549300RFPLMCMJL7BS81,,17,17,Mecklenburg:5; Wake:3; 37035:2; 37089:2; 37099:1,14,2,0,1,0,82.35,11.76,0.0,yes
2025,NC,549300Z7EP1HO5CH1C36,,20,17,37047:4; Mecklenburg:3; 37019:2; 37175:2; 37109:1,14,1,1,1,0,82.35,5.88,5.88,yes
2025,NC,Q7C315HKI8VX0SSKBS64,,23,17,Mecklenburg:3; 37067:2; 37071:2; 37059:1; 37019:1,16,0,1,0,0,94.12,0.0,5.88,yes
2025,NC,2549005FUF02T1IFCA22,,21,16,Mecklenburg:5; 37101:1; 37135:1; 37141:1; 37147:1,16,0,0,0,0,100.0,0.0,0.0,yes
2025,NC,5493000OM9RKJW8W5K82,,24,16,37057:6; 37159:3; 37021:2; 37133:1; 37035:1,5,8,3,0,0,31.25,50.0,18.75,yes
2025,NC,54930025XJJO3T0M1A92,,33,16,Mecklenburg:5; 37097:3; Wake:3; 37071:1; 37135:1,16,0,0,0,0,100.0,0.0,0.0,yes
2025,NC,5493005ICQ3QGEIWV618,,35,16,37057:2; 37055:1; 37127:1; 37021:1; 37097:1,7,9,0,0,0,43.75,56.25,0.0,yes
2025,NC,549300LLQD0X2OTG0Y27,,54,16,37085:2; 37057:2; 37047:2; 37125:1; 37151:1,0,16,0,0,0,0.0,100.0,0.0,yes
2025,NC,549300MQEDQYDJR8CP22,,49,16,37067:3; 37051:2; Mecklenburg:1; Guilford:1; 37135:1,16,0,0,0,0,100.0,0.0,0.0,yes
2025,NC,549300NZWZUYUWEOA562,,25,16,Mecklenburg:5; Wake:4; 37025:2; Durham:2; 37031:1,16,0,0,0,0,100.0,0.0,0.0,yes
2025,NC,549300SY0ZRUCS4CSY07,,29,16,Wake:4; Mecklenburg:4; 37179:2; 37097:1; 37189:1,16,0,0,0,0,100.0,0.0,0.0,yes
2025,NC,54930024QEEW6YDTWZ98,,29,15,37047:3; 37129:3; 37019:2; 37175:1; 37101:1,15,0,0,0,0,100.0,0.0,0.0,yes
2025,NC,54930030S6J5KOL5LJ73,,26,15,37021:3; Mecklenburg:2; Wake:2; 37175:2; 37077:1,15,0,0,0,0,100.0,0.0,0.0,yes
2025,NC,54930060G4MDPWHISD89,,21,15,37045:6; 37071:4; Mecklenburg:3; 37035:1; 37049:1,8,6,1,0,0,53.33,40.0,6.67,yes
2025,NC,549300AOB4S7B0DB7863,,25,15,37179:2; Guilford:2; 37129:1; 37055:1; 37021:1,15,0,0,0,0,100.0,0.0,0.0,yes
2025,NC,549300C04BJ0G297NC13,,29,15,Wake:3; 37147:2; 37141:1; 37197:1; Durham:1,15,0,0,0,0,100.0,0.0,0.0,yes
2025,NC,549300DE8TS4EYTPX729,,25,15,37019:2; 37067:1; 37129:1; Wake:1; Guilford:1,12,1,1,1,0,80.0,6.67,6.67,yes
2025,NC,549300DFCG6GF21KOW34,,31,15,37129:8; 37019:4; 37031:1; 37141:1; 37047:1,15,0,0,0,0,100.0,0.0,0.0,yes
2025,NC,549300JI0UWY4QIWDV89,,18,15,37019:2; Mecklenburg:1; 37067:1; 37099:1; 37171:1,13,0,2,0,0,86.67,0.0,13.33,yes
2025,NC,549300N2GMOJ61XHEL06,,26,15,37021:8; 37089:2; 37097:1; 37179:1; 37121:1,14,1,0,0,0,93.33,6.67,0.0,yes
2025,NC,549300OBO7DOF2KOP535,,19,15,37099:3; 37021:2; 37147:2; 37089:1; 37179:1,14,0,1,0,0,93.33,0.0,6.67,yes
2025,NC,549300VBY3NBKUNMKL64,,34,15,37001:5; Guilford:4; 37059:2; 37033:1; 37171:1,15,0,0,0,0,100.0,0.0,0.0,yes
2025,NC,549300YMPH2H8CM5WS98,,22,15,37145:11; 37051:2; 37033:1; Durham:1,15,0,0,0,0,100.0,0.0,0.0,yes
2025,NC,549300ZZME37MXI1EF14,,20,15,Wake:7; 37051:3; 37069:1; 37019:1; 37155:1,6,4,5,0,0,40.0,26.67,33.33,yes
2025,NC,254900A1LV2U6NM10498,,16,14,Mecklenburg:8; 37071:3; 37067:1; 37179:1; 37051:1,14,0,0,0,0,100.0,0.0,0.0,yes
2025,NC,254900TM81D0YC1B9584,,15,14,Wake:4; 37133:2; 37037:1; 37019:1; 37151:1,14,0,0,0,0,100.0,0.0,0.0,yes
2025,NC,5493001141Z7CINOSB62,,29,14,Wake:4; Mecklenburg:2; Durham:1; 37157:1; 37133:1,11,0,2,1,0,78.57,0.0,14.29,yes
2025,NC,5493002TJKC8NLH1ZP82,,24,14,Durham:2; 37093:1; 37031:1; 37097:1; 37107:1,5,2,7,0,0,35.71,14.29,50.0,yes
2025,NC,5493003BXKRGHQHRJV38,,21,14,37097:2; 37125:2; 37085:2; 37113:1; 37051:1,14,0,0,0,0,100.0,0.0,0.0,yes
2025,NC,5493003NV9L53LK1XI52,,23,14,Mecklenburg:4; Wake:4; 37179:3; 37031:1; 37069:1,14,0,0,0,0,100.0,0.0,0.0,yes
2025,NC,5493004K0Z4RFJSPYT52,,22,14,Mecklenburg:2; 37159:2; Durham:1; 37021:1; 37135:1,14,0,0,0,0,100.0,0.0,0.0,yes
2025,NC,5493004R423PBPM6A173,,23,14,37133:2; 37045:2; Guilford:2; 37163:1; 37157:1,0,14,0,0,0,0.0,100.0,0.0,yes
2025,NC,54930091CYUK2SDZ6D37,,26,14,37043:7; 37039:2; Mecklenburg:1; Wake:1; 37067:1,11,2,1,0,0,78.57,14.29,7.14,yes
2025,NC,549300A68YW07V5R5G22,,28,14,Mecklenburg:4; 37179:3; 37053:2; Durham:1; 37135:1,14,0,0,0,0,100.0,0.0,0.0,yes
2025,NC,549300FCPKXI75DX5M03,,21,14,Wake:3; 37133:1; 37139:1; Guilford:1; 37085:1,5,8,1,0,0,35.71,57.14,7.14,yes
2025,NC,549300TB3TMP4RV5T078,,20,14,Mecklenburg:5; 37071:4; 37159:2; Wake:1; 37173:1,9,2,2,1,0,64.29,14.29,14.29,yes
2025,NC,2549009X2AG1P20YAJ63,,43,13,Wake:3; 37067:2; 37037:1; 37051:1; 37001:1,13,0,0,0,0,100.0,0.0,0.0,yes
2025,NC,5493003I223S7AP6XL58,,18,13,37019:10; Mecklenburg:2; 37129:1,13,0,0,0,0,100.0,0.0,0.0,yes
2025,NC,5493007L4GYNO2PUBS09,,42,13,37071:3; 37045:2; 37019:1; 37109:1; 37161:1,9,4,0,0,0,69.23,30.77,0.0,yes
2025,NC,549300AT7EB9FJAF0E61,,19,13,37125:2; Wake:2; 37097:2; 37127:1; 37069:1,11,0,2,0,0,84.62,0.0,15.38,yes
2025,NC,549300I3LFY4G7F9CE90,,24,13,37179:4; Wake:3; 37161:2; 37189:1; 37097:1,13,0,0,0,0,100.0,0.0,0.0,yes
2025,NC,549300P5TUVYUVESV584,,13,13,37139:3; 37053:2; 37133:1; 37131:1; 37105:1,1,10,2,0,0,7.69,76.92,15.38,yes
2025,NC,549300T5QSL6MC8M4D04,,36,13,37133:3; Guilford:2; 37155:2; Wake:1; 37125:1,3,0,9,1,0,23.08,0.0,69.23,yes
2025,NC,549300WYBPIWKK6SQC06,,22,13,37133:2; Wake:1; 37129:1; 37019:1; Guilford:1,8,1,4,0,0,61.54,7.69,30.77,yes
2025,NC,98450058D88OE4463626,,14,13,37035:10; 37023:2; 37139:1,13,0,0,0,0,100.0,0.0,0.0,yes
2025,NC,984500C6D3DC0BE5E321,,16,13,Wake:6; Mecklenburg:3; 37019:1; 37051:1; 37041:1,13,0,0,0,0,100.0,0.0,0.0,yes
2025,NC,984500D61DCEC4E2B661,,16,13,37193:5; 37039:2; 37175:1; 37071:1; 37089:1,9,4,0,0,0,69.23,30.77,0.0,yes
2025,NC,2549007G9V4FYWWWDZ31,,15,12,37133:5; 37107:2; 37051:1; 37057:1; 37103:1,4,4,3,1,0,33.33,33.33,25.0,yes
2025,NC,2549008X67CV1MNM7747,,19,12,Wake:3; 37067:1; 37179:1; 37169:1; Durham:1,9,3,0,0,0,75.0,25.0,0.0,yes
2025,NC,254900LTD432L5CHIZ48,,32,12,Mecklenburg:3; Durham:2; Guilford:2; 37147:1; 37001:1,12,0,0,0,0,100.0,0.0,0.0,yes
2025,NC,337KMNHEWWWR6B7Q7W10,,12,12,Guilford:3; Wake:3; Mecklenburg:2; 37197:1; 37109:1,4,6,2,0,0,33.33,50.0,16.67,yes
2025,NC,5493000NYUJT9UC6G261,,17,12,37101:2; 37057:1; Wake:1; Guilford:1; 37093:1,7,5,0,0,0,58.33,41.67,0.0,yes
2025,NC,549300AENO88GEUWCZ39,,18,12,37129:4; 37097:2; 37019:2; 37051:1; Mecklenburg:1,9,3,0,0,0,75.0,25.0,0.0,yes
2025,NC,549300DPWFIO1S3DF358,,13,12,37067:6; Guilford:2; 37019:1; 37169:1; 37197:1,12,0,0,0,0,100.0,0.0,0.0,yes
2025,NC,549300GYK7N8U42X9587,,12,12,37071:2; 37051:2; 37021:2; 37155:2; 37027:1,12,0,0,0,0,100.0,0.0,0.0,yes
2025,NC,549300LP3GMTWS4OB353,,40,12,37129:1; 37051:1; 37121:1; 37107:1; 37019:1,2,8,2,0,0,16.67,66.67,16.67,yes
2025,NC,549300S93XI20FLTGK89,,14,12,Wake:3; 37021:2; 37135:2; 37031:2; 37057:1,11,0,1,0,0,91.67,0.0,8.33,yes
2025,NC,549300TULDV69V2XKY60,,15,12,37179:2; Wake:2; 37095:1; 37071:1; Mecklenburg:1,12,0,0,0,0,100.0,0.0,0.0,yes
2025,NC,9845001ADACA7A75EE02,,16,12,37089:3; 37021:2; Guilford:1; 37111:1; 37087:1,12,0,0,0,0,100.0,0.0,0.0,yes
2025,NC,HIDXEG9BLUJZKBGUT764,,23,12,Mecklenburg:3; 37113:2; 37129:1; Durham:1; 37125:1,12,0,0,0,0,100.0,0.0,0.0,yes
2025,NC,2549004XJQQPBYQSMT39,,22,11,Mecklenburg:3; 37023:2; 37097:1; Durham:1; 37101:1,11,0,0,0,0,100.0,0.0,0.0,yes
2025,NC,2549005K0ZG1MFV3R260,,28,11,Mecklenburg:2; 37087:2; 37195:1; Guilford:1; 37007:1,11,0,0,0,0,100.0,0.0,0.0,yes
2025,NC,5493000EUC3MM52PJV85,,20,11,Wake:4; 37067:1; 37179:1; Mecklenburg:1; 37105:1,10,1,0,0,0,90.91,9.09,0.0,yes
2025,NC,5493002YXAOJOQPEGS38,,19,11,37067:3; 37057:2; 37173:1; 37059:1; 37071:1,1,9,0,1,0,9.09,81.82,0.0,yes
2025,NC,5493004F7BXDIUFVPV87,,13,11,Mecklenburg:2; Wake:2; Durham:2; 37101:2; 37067:1,11,0,0,0,0,100.0,0.0,0.0,yes
2025,NC,5493007Z7FTUKQGFMZ98,,13,11,37035:2; 37195:1; 37067:1; 37139:1; 37071:1,11,0,0,0,0,100.0,0.0,0.0,yes
2025,NC,549300D2OYT7VTDY6Z20,,12,11,Wake:2; Mecklenburg:1; Guilford:1; 37077:1; 37145:1,11,0,0,0,0,100.0,0.0,0.0,yes
2025,NC,549300INKSPQCTELMO58,,12,11,37085:3; 37125:2; 37101:1; 37051:1; 37133:1,3,2,6,0,0,27.27,18.18,54.55,yes
2025,NC,549300OGIGNKGO2DX942,,18,11,37195:2; 37057:1; 37179:1; Guilford:1; Wake:1,11,0,0,0,0,100.0,0.0,0.0,yes
2025,NC,549300SQKZC6HESYGO25,,39,11,Wake:4; 37021:2; 37001:1; 37133:1; 37011:1,11,0,0,0,0,100.0,0.0,0.0,yes
2025,NC,549300TCY9QY8BRDQJ12,,15,11,37049:2; 37085:2; 37071:1; 37179:1; 37051:1,7,2,2,0,0,63.64,18.18,18.18,yes
2025,NC,549300TTPRGSP8DGY569,,16,11,37089:2; Wake:2; 37101:1; 37067:1; 37195:1,11,0,0,0,0,100.0,0.0,0.0,yes
2025,NC,549300XQ8DRJT0OETE90,,12,11,37045:6; 37109:2; 37189:1; Mecklenburg:1; 37019:1,11,0,0,0,0,100.0,0.0,0.0,yes
2025,NC,549300YPBBHUEKV1YC68,,30,11,Mecklenburg:4; Wake:2; 37097:1; 37019:1; 37179:1,7,2,2,0,0,63.64,18.18,18.18,yes
2025,NC,GDN5JXQ4P5NZE28ZRC90,,13,11,37113:2; Wake:1; 37099:1; 37141:1; 37125:1,10,1,0,0,0,90.91,9.09,0.0,yes
2025,NC,254900132A3VX6LLZU43,,13,10,37129:2; 37175:1; 37099:1; Wake:1; 37039:1,10,0,0,0,0,100.0,0.0,0.0,yes
2025,NC,254900AJB66305WKCT53,,10,10,37157:6; Guilford:2; 37133:2,10,0,0,0,0,100.0,0.0,0.0,yes
2025,NC,254900U1OBL1MC6M6518,,14,10,Wake:3; 37031:2; Guilford:1; 37019:1; 37061:1,9,1,0,0,0,90.0,10.0,0.0,yes
2025,NC,5493000JFVFQFL816N45,,14,10,Mecklenburg:2; 37057:2; 37067:1; 37071:1; 37059:1,8,2,0,0,0,80.0,20.0,0.0,yes
2025,NC,5493007KLU19FK8PG279,,14,10,37135:2; Wake:2; 37195:1; 37127:1; 37179:1,10,0,0,0,0,100.0,0.0,0.0,yes
2025,NC,5493009XSE00M8B9R434,,142,10,37085:3; 37017:2; 37165:1; 37155:1; 37027:1,5,5,0,0,0,50.0,50.0,0.0,yes
2025,NC,549300CF8MP6S7MZV277,,17,10,Mecklenburg:3; 37087:2; Wake:1; 37147:1; 37055:1,7,2,1,0,0,70.0,20.0,10.0,yes
2025,NC,549300F6Y1YO2YXN6135,,11,10,37019:2; 37129:1; 37067:1; 37123:1; 37109:1,10,0,0,0,0,100.0,0.0,0.0,yes
2025,NC,549300HFBEONQN2CK447,,17,10,37009:1; 37161:1; 37157:1; Mecklenburg:1; 37021:1,10,0,0,0,0,100.0,0.0,0.0,yes
2025,NC,549300IBT3SCF2K09D58,,12,10,Mecklenburg:5; 37101:1; Wake:1; 37135:1; 37049:1,10,0,0,0,0,100.0,0.0,0.0,yes
2025,NC,549300KW3HYVC06WS898,,20,10,Mecklenburg:2; 37045:2; 37089:1; Wake:1; 37159:1,6,2,1,1,0,60.0,20.0,10.0,yes
2025,NC,549300Q6YL1SFVPEGV90,,20,10,37023:1; Mecklenburg:1; 37085:1; 37071:1; 37113:1,0,9,1,0,0,0.0,90.0,10.0,yes
2025,NC,549300W1HU6IVVIEJ389,,15,10,Wake:3; 37035:1; 37181:1; 37027:1; 37067:1,1,6,3,0,0,10.0,60.0,30.0,yes
2025,NC,FU7RSW4CQQY98A2O7J66,,16,10,37089:2; 37129:1; 37109:1; 37125:1; 37069:1,10,0,0,0,0,100.0,0.0,0.0,yes
2025,NC,254900LDLCTUL5TXVH85,,9,9,37125:3; 37051:2; 37165:1; 37067:1; 37093:1,9,0,0,0,0,100.0,0.0,0.0,yes
2025,NC,254900NZCGMT6517BA94,,24,9,37019:2; 37069:1; 37031:1; 37097:1; Durham:1,9,0,0,0,0,100.0,0.0,0.0,yes
2025,NC,54930027H7CJF9GCDZ36,,15,9,37071:5; 37109:2; 37161:1; 37167:1,9,0,0,0,0,100.0,0.0,0.0,yes
2025,NC,54930032OCUOR526IR93,,11,9,37051:2; Guilford:1; 37019:1; 37163:1; Wake:1,0,8,0,1,0,0.0,88.89,0.0,yes
2025,NC,5493004KSBZEBHIMRT79,,14,9,37039:4; 37173:2; 37101:1; Durham:1; 37043:1,4,5,0,0,0,44.44,55.56,0.0,yes
2025,NC,5493005H0NK3SWWY4384,,11,9,Mecklenburg:2; 37101:1; 37067:1; 37127:1; 37019:1,5,1,3,0,0,55.56,11.11,33.33,yes
2025,NC,5493007CXTOHZ2JBEJ61,,12,9,37051:3; 37099:2; 37199:1; 37045:1; Guilford:1,5,2,2,0,0,55.56,22.22,22.22,yes
2025,NC,549300BBKMRS6J0CB539,,10,9,37053:2; Guilford:2; 37035:1; 37179:1; Wake:1,6,3,0,0,0,66.67,33.33,0.0,yes
2025,NC,549300DK682S26NIMG70,,10,9,37099:1; Guilford:1; 37149:1; 37071:1; 37165:1,9,0,0,0,0,100.0,0.0,0.0,yes
2025,NC,549300F570XAWYN8Z237,,11,9,Wake:4; 37189:1; 37031:1; 37147:1; 37093:1,9,0,0,0,0,100.0,0.0,0.0,yes
2025,NC,549300IKS3MMB5YK6T18,,15,9,Mecklenburg:3; 37067:1; 37071:1; 37035:1; 37115:1,9,0,0,0,0,100.0,0.0,0.0,yes
2025,NC,549300JZD4L02YZI3Z50,,11,9,37125:2; 37159:1; Guilford:1; 37191:1; 37011:1,7,1,1,0,0,77.78,11.11,11.11,yes
2025,NC,549300MCPCNPQAOB4032,,24,9,Durham:1; 37135:1; 37099:1; Guilford:1; 37033:1,8,0,1,0,0,88.89,0.0,11.11,yes
2025,NC,549300NFA0VY9215VV25,,32,9,37007:5; 37053:2; 37167:1; 37139:1,1,8,0,0,0,11.11,88.89,0.0,yes
2025,NC,549300PFJ7GCGDLB2E65,,12,9,Mecklenburg:5; 37179:2; 37149:1; 37001:1,4,4,1,0,0,44.44,44.44,11.11,yes
2025,NC,549300TOOOOW36EX6R40,,26,9,37021:2; 37039:1; 37189:1; 37025:1; Mecklenburg:1,9,0,0,0,0,100.0,0.0,0.0,yes
2025,NC,549300VVH8HHFMWL8536,,12,9,37123:1; Mecklenburg:1; Durham:1; 37031:1; 37067:1,9,0,0,0,0,100.0,0.0,0.0,yes
2025,NC,549300ZCR1XCLNEEI724,,21,9,Mecklenburg:2; 37053:1; 37021:1; 37113:1; Wake:1,9,0,0,0,0,100.0,0.0,0.0,yes
2025,NC,KI0VI4JRMCIJ329YTN75,,12,9,Mecklenburg:3; Wake:1; Guilford:1; 37099:1; 37157:1,9,0,0,0,0,100.0,0.0,0.0,yes
2025,NC,PS6WLKTYGZOKK05G5O59,,9,9,37067:3; Durham:1; Mecklenburg:1; 37191:1; 37049:1,9,0,0,0,0,100.0,0.0,0.0,yes
2025,NC,2549008EFPQHWHJ5MO60,,8,8,37019:2; 37129:2; 37011:1; 37195:1; 37031:1,8,0,0,0,0,100.0,0.0,0.0,yes
2025,NC,254900AH8L5ZM1JZET07,,8,8,Guilford:3; Mecklenburg:1; 37045:1; 37087:1; 37051:1,8,0,0,0,0,100.0,0.0,0.0,yes
2025,NC,5493002G4JO4BZ22MC13,,15,8,Durham:4; 37129:2; Wake:1; Mecklenburg:1,8,0,0,0,0,100.0,0.0,0.0,yes
2025,NC,5493002QRULT2T40BH09,,18,8,Guilford:4; 37025:1; 37105:1; 37107:1; 37151:1,8,0,0,0,0,100.0,0.0,0.0,yes
2025,NC,5493003B2LEGQHDWRN55,,12,8,37025:3; Wake:1; Mecklenburg:1; 37067:1; 37051:1,7,0,1,0,0,87.5,0.0,12.5,yes
2025,NC,5493003X6Y6JGJKHPA25,,8,8,Mecklenburg:3; 37133:2; 37109:1; Guilford:1; Wake:1,8,0,0,0,0,100.0,0.0,0.0,yes
2025,NC,5493004XJV6Y8XQYPX87,,16,8,Mecklenburg:2; 37055:2; 37019:2; 37071:1; Wake:1,8,0,0,0,0,100.0,0.0,0.0,yes
2025,NC,549300DAUXQ2DCY4H838,,10,8,Wake:2; Mecklenburg:2; 37059:1; 37035:1; 37125:1,7,1,0,0,0,87.5,12.5,0.0,yes
2025,NC,549300G2G5WIECTLPX95,,9,8,37019:6; 37047:1; Guilford:1,8,0,0,0,0,100.0,0.0,0.0,yes
2025,NC,549300I1HK1BBZLKOB84,,9,8,37011:1; 37171:1; 37055:1; 37155:1; 37035:1,8,0,0,0,0,100.0,0.0,0.0,yes
2025,NC,549300III1DMY3SLAW56,,12,8,Mecklenburg:2; 37161:1; 37089:1; 37111:1; 37175:1,8,0,0,0,0,100.0,0.0,0.0,yes
2025,NC,549300IPUHFA5O769M51,,10,8,37135:1; 37055:1; 37127:1; 37101:1; 37013:1,7,1,0,0,0,87.5,12.5,0.0,yes
2025,NC,549300KQQRECSLK8ID57,,10,8,37139:4; 37029:1; 37143:1; 37053:1; 37035:1,0,0,8,0,0,0.0,0.0,100.0,yes
2025,NC,549300M8WGW2D17CZD19,,9,8,Mecklenburg:3; 37067:2; 37001:1; 37195:1; 37019:1,7,0,1,0,0,87.5,0.0,12.5,yes
2025,NC,549300PXIFIEPL7D7R86,,12,8,37133:2; 37025:1; Wake:1; 37135:1; 37179:1,1,1,6,0,0,12.5,12.5,75.0,yes
2025,NC,549300R4F5COFJE0DN81,,30,8,Wake:4; Mecklenburg:1; 37129:1; 37067:1; 37149:1,8,0,0,0,0,100.0,0.0,0.0,yes
2025,NC,549300SK3VKN3E1SZ562,,16,8,37039:2; Wake:2; 37019:2; 37129:1; 37133:1,6,1,1,0,0,75.0,12.5,12.5,yes
2025,NC,549300SQH6MBVMMRRA85,,13,8,37101:2; 37077:1; 37159:1; 37023:1; 37057:1,8,0,0,0,0,100.0,0.0,0.0,yes
2025,NC,549300TELLWSMYL9RE90,,12,8,37021:7; 37087:1,8,0,0,0,0,100.0,0.0,0.0,yes
2025,NC,549300TMY3OACQC9U777,,15,8,37053:1; 37051:1; Guilford:1; 37175:1; 37115:1,8,0,0,0,0,100.0,0.0,0.0,yes
2025,NC,549300ZIXM1VUXPG4D03,,14,8,Mecklenburg:4; 37023:1; 37085:1; 37097:1; 37109:1,5,1,2,0,0,62.5,12.5,25.0,yes
2025,NC,549300ZN5MIVRMVHJS09,,12,8,37019:2; 37113:2; Wake:1; 37039:1; 37021:1,8,0,0,0,0,100.0,0.0,0.0,yes
2025,NC,FDXQ75GPEQKRPWABYN63,,9,8,Mecklenburg:3; Wake:2; 37097:1; 37113:1; 37021:1,8,0,0,0,0,100.0,0.0,0.0,yes
2025,NC,1TMVIO1SD0RLIPEIW803,,8,7,37067:2; Durham:1; 37071:1; 37097:1; Mecklenburg:1,7,0,0,0,0,100.0,0.0,0.0,yes
2025,NC,549300217ZPIHWEYT887,,7,7,Wake:2; 37019:1; 37179:1; 37151:1; Mecklenburg:1,7,0,0,0,0,100.0,0.0,0.0,yes
2025,NC,54930053SM8COVIPIY54,,11,7,Wake:2; 37037:1; 37019:1; Mecklenburg:1; 37107:1,7,0,0,0,0,100.0,0.0,0.0,yes
2025,NC,5493008E4KBJCB6UKR64,,16,7,37085:1; 37069:1; 37159:1; 37107:1; Mecklenburg:1,0,7,0,0,0,0.0,100.0,0.0,yes
2025,NC,5493009RSCJ6Y7LUWJ31,,7,7,Wake:3; 37179:1; 37025:1; 37067:1; Guilford:1,7,0,0,0,0,100.0,0.0,0.0,yes
2025,NC,549300FFPMB9B7FHNR61,,7,7,37185:1; 37193:1; 37085:1; 37051:1; Wake:1,4,2,1,0,0,57.14,28.57,14.29,yes
2025,NC,549300FOCEH0X0ZOR362,,9,7,37089:1; 37067:1; 37097:1; 37021:1; 37135:1,7,0,0,0,0,100.0,0.0,0.0,yes
2025,NC,549300HTMO7FGRKRLV06,,11,7,Mecklenburg:4; 37179:1; 37035:1; 37175:1,7,0,0,0,0,100.0,0.0,0.0,yes
2025,NC,549300JLXD89NGKXMS84,,16,7,37129:2; Mecklenburg:2; 37101:1; 37087:1; 37041:1,6,0,1,0,0,85.71,0.0,14.29,yes
2025,NC,549300JQALY53TH22D13,,10,7,37147:2; Mecklenburg:2; 37093:1; Wake:1; Guilford:1,7,0,0,0,0,100.0,0.0,0.0,yes
2025,NC,549300NB3SBC1KHAWB92,,11,7,37085:3; 37051:2; 37001:1; Wake:1,1,3,2,1,0,14.29,42.86,28.57,yes
2025,NC,549300PIL90PE1ZLKI49,,9,7,37039:2; 37043:1; 37111:1; 37179:1; 37019:1,7,0,0,0,0,100.0,0.0,0.0,yes
2025,NC,549300UTE20103B0T339,,9,7,37067:3; Wake:2; 37179:1; 37155:1,0,7,0,0,0,0.0,100.0,0.0,yes
2025,NC,549300VGMMXKSX821O69,,11,7,Wake:3; 37019:2; 37085:1; 37129:1,5,1,1,0,0,71.43,14.29,14.29,yes
2025,NC,549300W4FT4H1UWPGU95,,11,7,37133:2; Guilford:2; 37089:1; 37189:1; 37141:1,6,0,1,0,0,85.71,0.0,14.29,yes
2025,NC,549300WRDGBHKR1BXL98,,11,7,Wake:3; 37169:1; 37191:1; 37027:1; 37057:1,7,0,0,0,0,100.0,0.0,0.0,yes
2025,NC,549300YDBNK66R6ZES34,,11,7,37147:1; 37169:1; 37067:1; Wake:1; 37179:1,7,0,0,0,0,100.0,0.0,0.0,yes
2025,NC,593C3GZG957YOJPS2Z63,,14,7,37025:1; 37019:1; 37021:1; 37057:1; Wake:1,7,0,0,0,0,100.0,0.0,0.0,yes
2025,NC,254900756YRTYX32I428,,6,6,Mecklenburg:3; Guilford:1; 37023:1; 37109:1,6,0,0,0,0,100.0,0.0,0.0,yes
2025,NC,254900KI7219LQKCI772,,7,6,37021:2; 37133:1; Wake:1; 37085:1; 37141:1,5,0,1,0,0,83.33,0.0,16.67,yes
2025,NC,254900SUZ313OILKVD67,,9,6,37133:1; 37097:1; 37159:1; 37195:1; 37109:1,2,1,3,0,0,33.33,16.67,50.0,yes
2025,NC,254900V6GCDMRQZ34D96,,11,6,Wake:1; 37141:1; 37125:1; Mecklenburg:1; 37071:1,6,0,0,0,0,100.0,0.0,0.0,yes
2025,NC,254900ZELVKWROFNEC29,,13,6,37115:2; 37051:1; Durham:1; 37001:1; 37039:1,6,0,0,0,0,100.0,0.0,0.0,yes
2025,NC,5493007WCJ9R6VLLYR82,,6,6,37033:4; Mecklenburg:1; 37031:1,6,0,0,0,0,100.0,0.0,0.0,yes
2025,NC,5493009LKZIV63KY6458,,11,6,Wake:2; 37161:1; 37101:1; 37141:1; 37109:1,5,1,0,0,0,83.33,16.67,0.0,yes
2025,NC,549300H3F1P2EQW0FC36,,6,6,37099:2; 37113:2; 37189:2,6,0,0,0,0,100.0,0.0,0.0,yes
2025,NC,549300IJO7NO6VDZPD35,,7,6,Mecklenburg:2; 37031:1; 37097:1; 37133:1; 37019:1,4,0,2,0,0,66.67,0.0,33.33,yes
2025,NC,549300JGMQJ4R419LR70,,10,6,Guilford:2; 37129:2; 37097:1; 37025:1,6,0,0,0,0,100.0,0.0,0.0,yes
2025,NC,549300KR4ZW8KJC82O47,,7,6,37017:2; 37071:1; 37133:1; 37111:1; 37129:1,0,2,4,0,0,0.0,33.33,66.67,yes
2025,NC,549300KZVCKCUN23YY80,,10,6,37071:3; 37097:1; 37059:1; 37159:1,6,0,0,0,0,100.0,0.0,0.0,yes
2025,NC,549300PRAPL43XPYR044,,7,6,37179:2; Mecklenburg:1; Durham:1; 37129:1; Wake:1,5,1,0,0,0,83.33,16.67,0.0,yes
2025,NC,549300XAHXRVSRML8V19,,7,6,Wake:2; 37179:1; 37071:1; 37097:1; 37093:1,5,1,0,0,0,83.33,16.67,0.0,yes
2025,NC,IWRZQFYIRJ0IMURZBB68,,6,6,37101:1; 37035:1; 37021:1; Wake:1; Mecklenburg:1,6,0,0,0,0,100.0,0.0,0.0,yes
2025,NC,MV4O55SH8HO6KQSGW013,,8,6,37069:2; Mecklenburg:1; 37109:1; Wake:1; 37051:1,6,0,0,0,0,100.0,0.0,0.0,yes
2025,NC,S0Q3AHZRL5K6VQE35M07,,7,6,37101:1; Guilford:1; 37125:1; 37089:1; 37097:1,6,0,0,0,0,100.0,0.0,0.0,yes
2025,NC,01J4SO3XTWZF4PP38209,,7,5,37019:1; 37113:1; 37137:1; 37173:1; Mecklenburg:1,4,0,1,0,0,80.0,0.0,20.0,yes
2025,NC,254900CX4A85W20A2X77,,6,5,37051:3; 37021:2,5,0,0,0,0,100.0,0.0,0.0,yes
2025,NC,254900HO9WPE4LTLQU96,,20,5,Wake:2; 37125:1; Durham:1; 37045:1,1,2,2,0,0,20.0,40.0,40.0,yes
2025,NC,254900LNRKOG7TRURB32,,13,5,37179:3; Mecklenburg:1; 37025:1,5,0,0,0,0,100.0,0.0,0.0,yes
2025,NC,54930002O9LLXKR6TF11,,9,5,37093:1; 37141:1; Wake:1; 37025:1; 37159:1,1,2,2,0,0,20.0,40.0,40.0,yes
2025,NC,5493002F9OWLKRICTY67,,5,5,37171:1; 37089:1; Mecklenburg:1; 37025:1; 37199:1,5,0,0,0,0,100.0,0.0,0.0,yes
2025,NC,5493003KBJMVUE7RQO90,,14,5,37069:1; 37041:1; 37029:1; Mecklenburg:1; 37067:1,5,0,0,0,0,100.0,0.0,0.0,yes
2025,NC,5493005NU5BA00C1N451,,9,5,37057:1; 37003:1; 37027:1; 37019:1; 37171:1,1,1,3,0,0,20.0,20.0,60.0,yes
2025,NC,5493008PQSMR41Y70C36,,11,5,37179:1; 37071:1; Wake:1; 37075:1; 37011:1,5,0,0,0,0,100.0,0.0,0.0,yes
2025,NC,5493009KQ3D6Q5VM0B61,,24,5,37035:1; 37105:1; 37097:1; 37099:1; 37067:1,5,0,0,0,0,100.0,0.0,0.0,yes
2025,NC,5493009Y8ROUG903AQ21,,9,5,37021:1; Mecklenburg:1; Wake:1; 37067:1; 37135:1,5,0,0,0,0,100.0,0.0,0.0,yes
2025,NC,549300AX5UMUZ61L1X54,,5,5,Guilford:1; Wake:1; 37129:1; 37157:1; 37019:1,5,0,0,0,0,100.0,0.0,0.0,yes
2025,NC,549300CPWNBJ0UCBZ853,,5,5,37055:2; 37029:1; 37053:1; Mecklenburg:1,5,0,0,0,0,100.0,0.0,0.0,yes
2025,NC,549300DW87L2IZ7ZHF47,,16,5,Mecklenburg:3; 37109:1; 37153:1,2,2,1,0,0,40.0,40.0,20.0,yes
2025,NC,549300G5JZD1PBR8EH75,,7,5,37091:2; 37083:1; Wake:1; 37131:1,5,0,0,0,0,100.0,0.0,0.0,yes
2025,NC,549300HIVO8XPBPNVG69,,5,5,37067:1; 37133:1; 37035:1; 37019:1; 37037:1,3,1,1,0,0,60.0,20.0,20.0,yes
2025,NC,549300HV02VPA0FYR272,,8,5,Wake:2; Guilford:2; 37035:1,0,4,1,0,0,0.0,80.0,20.0,yes
2025,NC,549300I3HDJ5QJNFPZ87,,8,5,Wake:1; 37071:1; Guilford:1; 37135:1; 37035:1,5,0,0,0,0,100.0,0.0,0.0,yes
2025,NC,549300JEBULFT3BSU682,,9,5,37067:1; 37097:1; 37071:1; 37035:1; 37021:1,5,0,0,0,0,100.0,0.0,0.0,yes
2025,NC,549300KGMXCXMVC0BO47,,8,5,37035:1; Wake:1; 37067:1; 37055:1; 37041:1,5,0,0,0,0,100.0,0.0,0.0,yes
2025,NC,549300LT75BG7Z054795,,5,5,37053:1; 37019:1; 37051:1; 37023:1; 37129:1,3,1,1,0,0,60.0,20.0,20.0,yes
2025,NC,549300LZUXCJFE5ONM48,,7,5,37047:1; 37097:1; Mecklenburg:1; 37113:1; Wake:1,0,5,0,0,0,0.0,100.0,0.0,yes
2025,NC,549300N1R0R39PYT7O68,,5,5,37071:1; Wake:1; Guilford:1; Mecklenburg:1; 37051:1,5,0,0,0,0,100.0,0.0,0.0,yes
2025,NC,549300N6U5XCH70TOK35,,5,5,Wake:1; 37055:1; 37125:1; 37019:1; 37047:1,5,0,0,0,0,100.0,0.0,0.0,yes
2025,NC,549300NT030LXB2A8T82,,6,5,37053:2; Guilford:2; 37157:1,2,1,2,0,0,40.0,20.0,40.0,yes
2025,NC,549300SWKVL60SKWK981,,8,5,37191:1; Wake:1; 37125:1; 37023:1; 37069:1,5,0,0,0,0,100.0,0.0,0.0,yes
2025,NC,549300U7UH8QCS8WQ406,,8,5,37099:1; Guilford:1; Durham:1; 37137:1; 37101:1,5,0,0,0,0,100.0,0.0,0.0,yes
2025,NC,549300US45HOXL30J494,,7,5,Mecklenburg:2; 37037:1; Wake:1; 37085:1,5,0,0,0,0,100.0,0.0,0.0,yes
2025,NC,6PTKHDJ8HDUF78PFWH30,,5,5,Mecklenburg:3; Durham:1; 37125:1,5,0,0,0,0,100.0,0.0,0.0,yes
2025,NC,984500CBWD5B079K2C86,,7,5,37039:1; 37173:1; 37101:1; Mecklenburg:1; 37157:1,2,3,0,0,0,40.0,60.0,0.0,yes
2025,NC,NSGZD26XPW2CUM2JKU70,,9,5,37099:2; 37113:1; 37067:1; 37151:1,5,0,0,0,0,100.0,0.0,0.0,yes
2025,NC,QGPGHQ1ENZOOLJRFTH41,,8,5,37129:1; 37115:1; 37055:1; 37101:1; 37067:1,4,0,1,0,0,80.0,0.0,20.0,yes
2025,NC,VNOO6EITDJ2YUEBMSZ83,,8,5,37179:2; 37021:1; 37141:1; 37133:1,4,0,1,0,0,80.0,0.0,20.0,yes
2025,NC,2549006MTEQ1VE0AAQ20,,4,4,37113:2; 37173:1; 37043:1,3,1,0,0,0,75.0,25.0,0.0,yes
2025,NC,254900BMXWPEHXG4LF21,,5,4,37039:1; 37109:1; 37181:1; 37023:1,1,3,0,0,0,25.0,75.0,0.0,yes
2025,NC,254900J2RKTTDJSUWD76,,10,4,37071:2; 37151:1; 37109:1,1,3,0,0,0,25.0,75.0,0.0,yes
2025,NC,254900NZV7NVKXQW9A64,,5,4,37169:1; 37097:1; 37171:1; 37103:1,2,2,0,0,0,50.0,50.0,0.0,yes
2025,NC,254900QIXIWRRJZY1H73,,4,4,37057:2; 37109:1; 37097:1,4,0,0,0,0,100.0,0.0,0.0,yes
2025,NC,254900RFZH9I62FGU045,,6,4,37051:2; 37019:1; Wake:1,1,0,3,0,0,25.0,0.0,75.0,yes
2025,NC,54930009M8OIJWECQX81,,5,4,Mecklenburg:1; 37019:1; 37055:1; 37129:1,4,0,0,0,0,100.0,0.0,0.0,yes
2025,NC,5493000F6NFDOVVZP043,,4,4,Mecklenburg:1; 37067:1; 37195:1; 37105:1,3,0,1,0,0,75.0,0.0,25.0,yes
2025,NC,5493001I7Z53NDBE4X59,,5,4,37159:2; 37167:1; 37171:1,3,1,0,0,0,75.0,25.0,0.0,yes
2025,NC,5493001UYBOONMFYPR30,,5,4,37067:2; Mecklenburg:1; 37129:1,2,0,2,0,0,50.0,0.0,50.0,yes
2025,NC,5493002WVA17MT4UFH84,,10,4,37053:2; 37055:1; 37193:1,3,1,0,0,0,75.0,25.0,0.0,yes
2025,NC,549300337GB2P1WP7003,,4,4,Mecklenburg:2; Wake:1; Durham:1,3,1,0,0,0,75.0,25.0,0.0,yes
2025,NC,54930039IUN6515TBG78,,6,4,Wake:1; Guilford:1; 37067:1; 37069:1,3,1,0,0,0,75.0,25.0,0.0,yes
2025,NC,5493006HFDG31YJ3MM36,,17,4,37151:1; 37033:1; 37189:1; 37143:1,1,3,0,0,0,25.0,75.0,0.0,yes
2025,NC,5493007LUU2DLS755O60,,10,4,37127:2; 37195:1; 37187:1,4,0,0,0,0,100.0,0.0,0.0,yes
2025,NC,5493007TLZJ73TKCO730,,5,4,37051:1; 37129:1; Guilford:1; 37159:1,2,2,0,0,0,50.0,50.0,0.0,yes
2025,NC,549300ANF834QIIFUE57,,4,4,37071:1; 37179:1; Mecklenburg:1; Wake:1,4,0,0,0,0,100.0,0.0,0.0,yes
2025,NC,549300BPDFS1CLV7K329,,4,4,37099:2; 37101:1; 37161:1,4,0,0,0,0,100.0,0.0,0.0,yes
2025,NC,549300CK7U1WMTIG6687,,8,4,37125:1; 37071:1; Guilford:1; Wake:1,2,2,0,0,0,50.0,50.0,0.0,yes
2025,NC,549300D0H09HSURFXA20,,22,4,37071:1; 37011:1; 37129:1; 37057:1,3,1,0,0,0,75.0,25.0,0.0,yes
2025,NC,549300D6BCLQFX6G1K95,,4,4,37101:1; 37025:1; 37109:1; 37067:1,2,2,0,0,0,50.0,50.0,0.0,yes
2025,NC,549300EOHSB7M6IFW844,,4,4,37189:1; 37039:1; 37161:1; Wake:1,3,1,0,0,0,75.0,25.0,0.0,yes
2025,NC,549300FKEPZ2QELUY416,,12,4,37021:2; 37087:1; 37135:1,4,0,0,0,0,100.0,0.0,0.0,yes
2025,NC,549300I43FC7P0IJMR13,,10,4,Wake:2; 37159:1; 37001:1,0,4,0,0,0,0.0,100.0,0.0,yes
2025,NC,549300IRXW9RSZM2B951,,4,4,37129:1; 37185:1; Mecklenburg:1; 37021:1,3,0,1,0,0,75.0,0.0,25.0,yes
2025,NC,549300KX6E1IE2LM5E30,,6,4,Mecklenburg:2; Wake:1; 37037:1,4,0,0,0,0,100.0,0.0,0.0,yes
2025,NC,549300MPZDD9EFQ1E963,,7,4,Mecklenburg:4,4,0,0,0,0,100.0,0.0,0.0,yes
2025,NC,549300N5GF79IZ5Y7G10,,22,4,Wake:1; 37089:1; 37071:1; Mecklenburg:1,4,0,0,0,0,100.0,0.0,0.0,yes
2025,NC,549300NWYTCEH9RSSW54,,6,4,37003:1; 37097:1; 37035:1; Mecklenburg:1,4,0,0,0,0,100.0,0.0,0.0,yes
2025,NC,549300OHLAHJ10DFF198,,4,4,37139:2; 37141:1; 37049:1,3,0,1,0,0,75.0,0.0,25.0,yes
2025,NC,549300OSY236S7MBKO83,,5,4,37151:1; 37067:1; 37167:1; 37001:1,3,1,0,0,0,75.0,25.0,0.0,yes
2025,NC,549300P55E0GN57DEV03,,8,4,37195:1; Wake:1; 37021:1; 37181:1,1,3,0,0,0,25.0,75.0,0.0,yes
2025,NC,549300QBMI3P6JWI9Q86,,5,4,37053:2; 37129:1; 37049:1,4,0,0,0,0,100.0,0.0,0.0,yes
2025,NC,549300T7AIY7RU1YDP31,,4,4,37089:1; 37157:1; 37039:1; Wake:1,2,0,2,0,0,50.0,0.0,50.0,yes
2025,NC,549300UT4EN6IH579Q63,,7,4,37057:1; 37043:1; 37051:1; 37153:1,1,2,1,0,0,25.0,50.0,25.0,yes
2025,NC,549300UV5JQXLGVWIP44,,9,4,Guilford:2; 37101:1; Wake:1,4,0,0,0,0,100.0,0.0,0.0,yes
2025,NC,549300V2YLC1I721HE07,,4,4,37179:1; 37049:1; 37055:1; Mecklenburg:1,4,0,0,0,0,100.0,0.0,0.0,yes
2025,NC,549300VMVKSQE1B7DD43,,5,4,37027:1; 37025:1; Wake:1; 37165:1,4,0,0,0,0,100.0,0.0,0.0,yes
2025,NC,549300W20M87S246SZ26,,5,4,Mecklenburg:2; 37047:1; 37125:1,2,1,1,0,0,50.0,25.0,25.0,yes
2025,NC,549300W6UP8EY0KSBG85,,4,4,37031:2; 37069:1; 37179:1,4,0,0,0,0,100.0,0.0,0.0,yes
2025,NC,549300WHACUOETOKO184,,5,4,37113:3; 37099:1,4,0,0,0,0,100.0,0.0,0.0,yes
2025,NC,549300XOP6YO0UN0TY92,,6,4,37161:2; 37099:1; 37149:1,4,0,0,0,0,100.0,0.0,0.0,yes
2025,NC,549300YM15OICCNPH537,,4,4,37049:1; 37159:1; 37053:1; 37179:1,3,1,0,0,0,75.0,25.0,0.0,yes
2025,NC,549300ZGTXNHL5BKQZ27,,9,4,37093:1; Mecklenburg:1; 37101:1; Wake:1,0,1,3,0,0,0.0,25.0,75.0,yes
2025,NC,70WY0ID1N53Q4254VH70,,4,4,Mecklenburg:1; 37019:1; Wake:1; 37153:1,4,0,0,0,0,100.0,0.0,0.0,yes
2025,NC,9845007CY0EC0F59W414,,5,4,37147:2; 37023:1; 37133:1,4,0,0,0,0,100.0,0.0,0.0,yes
2025,NC,XC7Z0BA39TU7L1AKOJ12,,5,4,37071:1; 37147:1; 37097:1; 37099:1,4,0,0,0,0,100.0,0.0,0.0,yes
2025,NC,20TVKH7M13MUBGE80C53,,3,3,37135:1; Guilford:1; 37101:1,3,0,0,0,0,100.0,0.0,0.0,yes
2025,NC,2549001NJY765EZWDI06,,5,3,37049:1; Mecklenburg:1; 37125:1,2,0,1,0,0,66.67,0.0,33.33,yes
2025,NC,2549001S0U8EFNDOG816,,3,3,37099:3,3,0,0,0,0,100.0,0.0,0.0,yes
2025,NC,25490047DXSX2HF6QY47,,6,3,37185:1; 37069:1; 37145:1,3,0,0,0,0,100.0,0.0,0.0,yes
2025,NC,2549004XDCE3LGQW7H72,,3,3,37085:1; 37067:1; 37129:1,3,0,0,0,0,100.0,0.0,0.0,yes
2025,NC,254900DTLB5WWMBJAD86,,3,3,37035:1; Wake:1; Mecklenburg:1,2,0,0,1,0,66.67,0.0,0.0,yes
2025,NC,254900EDYO1UYWLWP146,,3,3,37147:1; 37019:1; 37015:1,3,0,0,0,0,100.0,0.0,0.0,yes
2025,NC,254900HL2VMAYA3J5494,,5,3,Wake:1; Mecklenburg:1; 37113:1,3,0,0,0,0,100.0,0.0,0.0,yes
2025,NC,254900IRE136HFEI2562,,3,3,37125:1; Mecklenburg:1; 37011:1,3,0,0,0,0,100.0,0.0,0.0,yes
2025,NC,254900OPB6J0NM26JY33,,3,3,Wake:2; 37037:1,3,0,0,0,0,100.0,0.0,0.0,yes
2025,NC,254900PJVECT3YD6KY88,,3,3,37159:1; 37085:1; 37191:1,3,0,0,0,0,100.0,0.0,0.0,yes
2025,NC,254900Q9V3DYHBRTUH61,,3,3,Mecklenburg:3,3,0,0,0,0,100.0,0.0,0.0,yes
2025,NC,254900U2ZPLWQTSD3158,,3,3,Wake:3,2,1,0,0,0,66.67,33.33,0.0,yes
2025,NC,254900WH43E1KZKSNH40,,3,3,Mecklenburg:3,3,0,0,0,0,100.0,0.0,0.0,yes
2025,NC,254900ZX1UPIG2E7TH11,,7,3,37161:1; 37057:1; Mecklenburg:1,2,1,0,0,0,66.67,33.33,0.0,yes
2025,NC,38CFVD4YYFWD1FV7IM34,,5,3,37189:1; Mecklenburg:1; 37009:1,3,0,0,0,0,100.0,0.0,0.0,yes
2025,NC,54930001MKJOJMNEHA19,,5,3,Mecklenburg:2; 37175:1,3,0,0,0,0,100.0,0.0,0.0,yes
2025,NC,5493000CHQ0HEHGLJ573,,3,3,37067:2; 37021:1,3,0,0,0,0,100.0,0.0,0.0,yes
2025,NC,54930022CQGV47Q8PM03,,5,3,37045:1; 37071:1; Guilford:1,1,0,2,0,0,33.33,0.0,66.67,yes
2025,NC,5493004LYI6NSVMGYH15,,5,3,Wake:2; 37147:1,3,0,0,0,0,100.0,0.0,0.0,yes
2025,NC,5493005ZSV53K4M63M18,,3,3,37159:1; Mecklenburg:1; Guilford:1,3,0,0,0,0,100.0,0.0,0.0,yes
2025,NC,5493006RIR31ORKYB608,,6,3,37165:1; 37001:1; 37179:1,1,2,0,0,0,33.33,66.67,0.0,yes
2025,NC,54930077D8KXQADF5Q23,,4,3,37125:1; 37151:1; 37121:1,1,2,0,0,0,33.33,66.67,0.0,yes
2025,NC,5493007BX4I89K17ZM64,,3,3,37019:1; 37171:1; 37099:1,0,3,0,0,0,0.0,100.0,0.0,yes
2025,NC,5493008RSN6F31BTGT93,,5,3,37067:1; 37097:1; Mecklenburg:1,2,0,1,0,0,66.67,0.0,33.33,yes
2025,NC,549300A0SVCQJPHVGV20,,3,3,Mecklenburg:1; Wake:1; 37151:1,3,0,0,0,0,100.0,0.0,0.0,yes
2025,NC,549300AN5V81GRYDJ823,,3,3,Mecklenburg:1; 37093:1; 37025:1,3,0,0,0,0,100.0,0.0,0.0,yes
2025,NC,549300BEFX6JRSCS5N78,,9,3,37021:1; 37051:1; 37113:1,2,0,1,0,0,66.67,0.0,33.33,yes
2025,NC,549300C1ICNCM0V37Y02,,3,3,37087:1; 37067:1; Mecklenburg:1,3,0,0,0,0,100.0,0.0,0.0,yes
2025,NC,549300DG3IV05V4C4E03,,6,3,Mecklenburg:1; 37055:1; 37133:1,2,0,1,0,0,66.67,0.0,33.33,yes
2025,NC,549300DRA4BDXW23LD45,,7,3,37053:1; 37129:1; 37067:1,2,1,0,0,0,66.67,33.33,0.0,yes
2025,NC,549300DT7WZ1SOTNFJ62,,3,3,37101:1; Mecklenburg:1; 37129:1,2,1,0,0,0,66.67,33.33,0.0,yes
2025,NC,549300EHWBP6UP4Y8J37,,8,3,37025:1; 37071:1; Wake:1,3,0,0,0,0,100.0,0.0,0.0,yes
2025,NC,549300EKCKDF80ZM4V51,,3,3,37125:1; Wake:1; 37195:1,3,0,0,0,0,100.0,0.0,0.0,yes
2025,NC,549300EL87GZMCVX0Q34,,6,3,37019:2; 37035:1,3,0,0,0,0,100.0,0.0,0.0,yes
2025,NC,549300GCUYVW860UOZ07,,3,3,37179:1; 37167:1; 37055:1,3,0,0,0,0,100.0,0.0,0.0,yes
2025,NC,549300HH0V8LECLNPQ26,,3,3,37109:1; 37125:1; 37087:1,3,0,0,0,0,100.0,0.0,0.0,yes
2025,NC,549300KUIZTYQRC0R888,,5,3,Mecklenburg:1; 37031:1; Wake:1,2,1,0,0,0,66.67,33.33,0.0,yes
2025,NC,549300KXIFQ7HCW3FR89,,4,3,37035:1; 37019:1; 37039:1,3,0,0,0,0,100.0,0.0,0.0,yes
2025,NC,549300L9MOPDT0NKE883,,4,3,Mecklenburg:1; 37053:1; 37021:1,2,0,1,0,0,66.67,0.0,33.33,yes
2025,NC,549300LBK5BTNFKZJD14,,3,3,37021:1; 37019:1; 37055:1,3,0,0,0,0,100.0,0.0,0.0,yes
2025,NC,549300MU2YI0HXIT3257,,5,3,37067:2; 37019:1,3,0,0,0,0,100.0,0.0,0.0,yes
2025,NC,549300NBFK4GO76FTE84,,6,3,Guilford:2; 37055:1,3,0,0,0,0,100.0,0.0,0.0,yes
2025,NC,549300NZ2IPWRMLAYZ30,,5,3,37037:1; Guilford:1; 37019:1,1,2,0,0,0,33.33,66.67,0.0,yes
2025,NC,549300ODM8A5T4RHPY32,,4,3,37055:1; 37019:1; Wake:1,3,0,0,0,0,100.0,0.0,0.0,yes
2025,NC,549300PPKM4YL2GY3713,,4,3,37021:1; 37019:1; 37127:1,3,0,0,0,0,100.0,0.0,0.0,yes
2025,NC,549300RKVDUINI2A8Y77,,8,3,Wake:1; 37195:1; 37019:1,3,0,0,0,0,100.0,0.0,0.0,yes
2025,NC,549300ROGHTFGYNKE773,,5,3,Mecklenburg:2; 37129:1,3,0,0,0,0,100.0,0.0,0.0,yes
2025,NC,549300S5LHMBX3WRT314,,3,3,Wake:3,3,0,0,0,0,100.0,0.0,0.0,yes
2025,NC,549300SFG15JDKI5MD22,,3,3,37189:1; 37113:1; 37179:1,3,0,0,0,0,100.0,0.0,0.0,yes
2025,NC,549300SQRR7T3EUSDD87,,7,3,37193:1; Mecklenburg:1; 37097:1,3,0,0,0,0,100.0,0.0,0.0,yes
2025,NC,549300VUVWGNUHYOLA93,,3,3,37001:1; 37019:1; 37067:1,3,0,0,0,0,100.0,0.0,0.0,yes
2025,NC,549300W09D8JV1ANXX59,,5,3,37019:2; Wake:1,3,0,0,0,0,100.0,0.0,0.0,yes
2025,NC,549300XRXBA38J60S618,,3,3,37191:1; 37021:1; Durham:1,2,0,1,0,0,66.67,0.0,33.33,yes
2025,NC,549300YS7PW1Y7DQZG40,,3,3,Wake:3,3,0,0,0,0,100.0,0.0,0.0,yes
2025,NC,549300Z52CLXKDXGPH16,,3,3,37039:3,3,0,0,0,0,100.0,0.0,0.0,yes
2025,NC,875500CPQ9Z7QEFE5G90,,3,3,37089:1; 37019:1; 37189:1,3,0,0,0,0,100.0,0.0,0.0,yes
2025,NC,AM9FLTUTLEC73M6N7I37,,3,3,37129:1; 37101:1; 37051:1,3,0,0,0,0,100.0,0.0,0.0,yes
2025,NC,C4BXATY60WC6XEOZDX54,,3,3,Mecklenburg:1; Durham:1; Wake:1,3,0,0,0,0,100.0,0.0,0.0,yes
2025,NC,UBNR8NKAK8J9JL4NZF88,,3,3,37023:1; Wake:1; 37141:1,3,0,0,0,0,100.0,0.0,0.0,yes
2025,NC,VN1JLT1F3FLLVN3FZG89,,3,3,37129:1; 37125:1; 37053:1,3,0,0,0,0,100.0,0.0,0.0,yes
2025,NC,X6T32LKEPUT8LQMW6755,,10,3,Guilford:2; 37141:1,3,0,0,0,0,100.0,0.0,0.0,yes
2025,NC,2549004EXIAAMK5CLH54,,2,2,37021:2,2,0,0,0,0,100.0,0.0,0.0,yes
2025,NC,2549005Z23HAAZ6QDM98,,2,2,37133:1; 37093:1,0,2,0,0,0,0.0,100.0,0.0,yes
2025,NC,25490099UNYWX2PZ4J91,,2,2,Mecklenburg:1; 37067:1,2,0,0,0,0,100.0,0.0,0.0,yes
2025,NC,254900AHLSHUJOTJG402,,4,2,37097:1; Mecklenburg:1,2,0,0,0,0,100.0,0.0,0.0,yes
2025,NC,254900D8X5TTTSY8Z707,,2,2,Mecklenburg:1; 37037:1,2,0,0,0,0,100.0,0.0,0.0,yes
2025,NC,254900EEAW181JIGNK52,,4,2,37145:1; Guilford:1,2,0,0,0,0,100.0,0.0,0.0,yes
2025,NC,254900FMBXF85WQYV433,,2,2,37053:1; 37179:1,2,0,0,0,0,100.0,0.0,0.0,yes
2025,NC,254900KKWIJLOTNP7667,,2,2,Wake:1; Guilford:1,2,0,0,0,0,100.0,0.0,0.0,yes
2025,NC,254900MQ4O1DX3N88207,,2,2,37019:1; Guilford:1,2,0,0,0,0,100.0,0.0,0.0,yes
2025,NC,254900MY80V94K63ZY41,,2,2,Mecklenburg:1; 37085:1,2,0,0,0,0,100.0,0.0,0.0,yes
2025,NC,254900O723MCLR701H50,,53,2,Wake:1; 37085:1,2,0,0,0,0,100.0,0.0,0.0,yes
2025,NC,254900QRD0ZXHH08TX87,,3,2,37089:1; 37039:1,2,0,0,0,0,100.0,0.0,0.0,yes
2025,NC,254900V9842QPBGIO804,,2,2,37019:2,2,0,0,0,0,100.0,0.0,0.0,yes
2025,NC,4LJGQ9KJ9S0CP4B1FY29,,2,2,37023:1; Mecklenburg:1,2,0,0,0,0,100.0,0.0,0.0,yes
2025,NC,5493001QR7MEE12WC276,,2,2,37135:1; 37057:1,2,0,0,0,0,100.0,0.0,0.0,yes
2025,NC,5493002LPXKMOZNXUY90,,2,2,37141:1; 37025:1,1,0,1,0,0,50.0,0.0,50.0,yes
2025,NC,5493002PR22PLR6S8J02,,2,2,37055:1; 37069:1,2,0,0,0,0,100.0,0.0,0.0,yes
2025,NC,5493002QP2ONO47G5R24,,3,2,37129:1; 37101:1,2,0,0,0,0,100.0,0.0,0.0,yes
2025,NC,5493002RKLPCGAVLNC16,,2,2,37033:1; 37055:1,2,0,0,0,0,100.0,0.0,0.0,yes
2025,NC,5493002W6KWD0REQ1T16,,2,2,37099:1; 37113:1,2,0,0,0,0,100.0,0.0,0.0,yes
2025,NC,54930046JONFO0FON766,,3,2,Wake:1; 37099:1,2,0,0,0,0,100.0,0.0,0.0,yes
2025,NC,54930047YMR4VOMFGS35,,2,2,37097:1; 37109:1,2,0,0,0,0,100.0,0.0,0.0,yes
2025,NC,5493004MWCDBCBTXE044,,2,2,Mecklenburg:1; Wake:1,2,0,0,0,0,100.0,0.0,0.0,yes
2025,NC,5493005QK4NV0ZZ5EM64,,3,2,37113:1; 37099:1,2,0,0,0,0,100.0,0.0,0.0,yes
2025,NC,5493006HAFES1LQ18W28,,2,2,37011:1; 37099:1,2,0,0,0,0,100.0,0.0,0.0,yes
2025,NC,5493006QG55R8V712J33,,2,2,37129:1; Wake:1,2,0,0,0,0,100.0,0.0,0.0,yes
2025,NC,54930085YFG0F7C2GE23,,2,2,37055:1; 37185:1,2,0,0,0,0,100.0,0.0,0.0,yes
2025,NC,54930089Y8VTOF8RPD25,,3,2,Mecklenburg:1; 37053:1,2,0,0,0,0,100.0,0.0,0.0,yes
2025,NC,549300A4SPX2JOQ71791,,2,2,37191:1; 37097:1,2,0,0,0,0,100.0,0.0,0.0,yes
2025,NC,549300AUFLERO59VGC71,,2,2,Mecklenburg:1; 37179:1,2,0,0,0,0,100.0,0.0,0.0,yes
2025,NC,549300B2JJHSM77T5Y41,,3,2,37025:1; 37125:1,1,0,1,0,0,50.0,0.0,50.0,yes
2025,NC,549300BR7OTD25RTS027,,2,2,37097:1; Wake:1,2,0,0,0,0,100.0,0.0,0.0,yes
2025,NC,549300BRR67NLTQSBT29,,2,2,37019:1; 37099:1,2,0,0,0,0,100.0,0.0,0.0,yes
2025,NC,549300C0ZJF1UV50O925,,3,2,37037:1; 37021:1,2,0,0,0,0,100.0,0.0,0.0,yes
2025,NC,549300C4J510S9L1RF98,,2,2,Mecklenburg:2,2,0,0,0,0,100.0,0.0,0.0,yes
2025,NC,549300C690YBM0ROXL93,,2,2,37099:2,2,0,0,0,0,100.0,0.0,0.0,yes
2025,NC,549300CWZXP5LD3GVV26,,2,2,37089:1; 37099:1,2,0,0,0,0,100.0,0.0,0.0,yes
2025,NC,549300D36J5CQX0I4F44,,2,2,37097:1; Mecklenburg:1,2,0,0,0,0,100.0,0.0,0.0,yes
2025,NC,549300DM6DAOPSF8HL78,,2,2,37053:1; 37067:1,2,0,0,0,0,100.0,0.0,0.0,yes
2025,NC,549300DMHEHNYZ2OLB41,,6,2,Guilford:1; 37089:1,2,0,0,0,0,100.0,0.0,0.0,yes
2025,NC,549300DQLGJ1YQRRHH73,,3,2,37049:1; Mecklenburg:1,2,0,0,0,0,100.0,0.0,0.0,yes
2025,NC,549300ELLMUEKP1JHB70,,2,2,37111:1; 37071:1,2,0,0,0,0,100.0,0.0,0.0,yes
2025,NC,549300EQED7LF41GHV46,,6,2,37021:1; Guilford:1,2,0,0,0,0,100.0,0.0,0.0,yes
2025,NC,549300F2GDWKJH3GMB47,,7,2,Wake:1; Mecklenburg:1,2,0,0,0,0,100.0,0.0,0.0,yes
2025,NC,549300GFM3T3SN2KS138,,3,2,37125:1; 37039:1,2,0,0,0,0,100.0,0.0,0.0,yes
2025,NC,549300GS6ONO04ORI292,,3,2,37195:1; Wake:1,2,0,0,0,0,100.0,0.0,0.0,yes
2025,NC,549300GZY55UGMUMI322,,2,2,37087:1; 37021:1,2,0,0,0,0,100.0,0.0,0.0,yes
2025,NC,549300H8JJI69WD7I525,,2,2,37019:1; Mecklenburg:1,2,0,0,0,0,100.0,0.0,0.0,yes
2025,NC,549300HN58ONH5KNJJ12,,3,2,37155:1; Durham:1,2,0,0,0,0,100.0,0.0,0.0,yes
2025,NC,549300HX04TQZO5URB98,,3,2,37173:1; Mecklenburg:1,2,0,0,0,0,100.0,0.0,0.0,yes
2025,NC,549300IVURCTJ6QVMD67,,2,2,Mecklenburg:1; 37003:1,2,0,0,0,0,100.0,0.0,0.0,yes
2025,NC,549300JOD3S8ZGZLHP53,,2,2,Durham:2,2,0,0,0,0,100.0,0.0,0.0,yes
2025,NC,549300K7224BC1IAX207,,3,2,37001:1; 37051:1,2,0,0,0,0,100.0,0.0,0.0,yes
2025,NC,549300KX2KT8MOAS5Q71,,2,2,Wake:2,2,0,0,0,0,100.0,0.0,0.0,yes
2025,NC,549300L8JRY60EOROT34,,2,2,37069:1; 37021:1,2,0,0,0,0,100.0,0.0,0.0,yes
2025,NC,549300LO3MP4RAI32X70,,5,2,37163:1; 37133:1,0,2,0,0,0,0.0,100.0,0.0,yes
2025,NC,549300LUF8JLB9HKT321,,3,2,Wake:1; 37069:1,2,0,0,0,0,100.0,0.0,0.0,yes
2025,NC,549300MUTFJQGRZJH019,,3,2,37053:1; Mecklenburg:1,2,0,0,0,0,100.0,0.0,0.0,yes
2025,NC,549300NLJI4QKZ3D0G94,,4,2,Mecklenburg:1; 37055:1,2,0,0,0,0,100.0,0.0,0.0,yes
2025,NC,549300NTHJ0G5YXW3J85,,11,2,37157:1; 37129:1,2,0,0,0,0,100.0,0.0,0.0,yes
2025,NC,549300O5WDIJU8S7OI05,,3,2,37181:1; 37001:1,0,0,2,0,0,0.0,0.0,100.0,yes
2025,NC,549300OJTK0IPSNDA832,,4,2,Mecklenburg:1; Guilford:1,2,0,0,0,0,100.0,0.0,0.0,yes
2025,NC,549300OS8C7J7ZWMNL70,,4,2,Guilford:1; 37139:1,2,0,0,0,0,100.0,0.0,0.0,yes
2025,NC,549300P5JG6WBCSZ7M53,,2,2,Wake:1; 37135:1,2,0,0,0,0,100.0,0.0,0.0,yes
2025,NC,549300P7J9S1WSW4VU68,,2,2,Wake:1; 37101:1,2,0,0,0,0,100.0,0.0,0.0,yes
2025,NC,549300Q1YFRSB8UEGH03,,3,2,Wake:1; Durham:1,2,0,0,0,0,100.0,0.0,0.0,yes
2025,NC,549300QB357BUUUV7A56,,2,2,37055:1; 37101:1,2,0,0,0,0,100.0,0.0,0.0,yes
2025,NC,549300R0L43GUZ8EW811,,2,2,37031:1; 37051:1,0,0,2,0,0,0.0,0.0,100.0,yes
2025,NC,549300RBN5KM5RUFOE42,,2,2,37097:1; 37067:1,2,0,0,0,0,100.0,0.0,0.0,yes
2025,NC,549300SMD444BM2WO947,,3,2,37021:1; 37027:1,2,0,0,0,0,100.0,0.0,0.0,yes
2025,NC,549300SXT4VBB68QCC26,,2,2,37135:1; 37129:1,2,0,0,0,0,100.0,0.0,0.0,yes
2025,NC,549300SYR11CYON0JE74,,3,2,37189:1; 37019:1,2,0,0,0,0,100.0,0.0,0.0,yes
2025,NC,549300T2FOBK6WY4B349,,3,2,37101:1; 37109:1,2,0,0,0,0,100.0,0.0,0.0,yes
2025,NC,549300TQIZ85N2EIS783,,3,2,37043:1; 37039:1,2,0,0,0,0,100.0,0.0,0.0,yes
2025,NC,549300TQVOMKNKFOH392,,3,2,37067:1; 37101:1,2,0,0,0,0,100.0,0.0,0.0,yes
2025,NC,549300U2ACJ0QKSFKY48,,2,2,37019:2,2,0,0,0,0,100.0,0.0,0.0,yes
2025,NC,549300U4FBW37LFHW771,,5,2,Guilford:2,2,0,0,0,0,100.0,0.0,0.0,yes
2025,NC,549300U82B82JH54TO79,,3,2,37133:1; 37067:1,1,0,1,0,0,50.0,0.0,50.0,yes
2025,NC,549300UG1DH7RQL41718,,4,2,Wake:2,2,0,0,0,0,100.0,0.0,0.0,yes
2025,NC,549300V8CF81JGIV7038,,4,2,37019:1; 37035:1,2,0,0,0,0,100.0,0.0,0.0,yes
2025,NC,549300VA7HOYYKO7DN28,,2,2,37055:1; Mecklenburg:1,2,0,0,0,0,100.0,0.0,0.0,yes
2025,NC,549300VCTY2YYCLCZI32,,2,2,Mecklenburg:2,2,0,0,0,0,100.0,0.0,0.0,yes
2025,NC,549300VIRTE6O2776X89,,2,2,37027:1; 37159:1,2,0,0,0,0,100.0,0.0,0.0,yes
2025,NC,549300VIZR4H7AB15496,,2,2,Mecklenburg:1; 37125:1,2,0,0,0,0,100.0,0.0,0.0,yes
2025,NC,549300X6ESK4SUBRYL85,,2,2,Mecklenburg:1; 37101:1,2,0,0,0,0,100.0,0.0,0.0,yes
2025,NC,549300XRGNVNCISU8Q79,,2,2,37101:1; 37025:1,2,0,0,0,0,100.0,0.0,0.0,yes
2025,NC,549300YAGLRHLP0JP559,,2,2,37159:1; Guilford:1,2,0,0,0,0,100.0,0.0,0.0,yes
2025,NC,549300YKTME1U7Z0UN20,,2,2,Guilford:1; Wake:1,2,0,0,0,0,100.0,0.0,0.0,yes
2025,NC,549300ZGCIDP1G72QO72,,6,2,Wake:2,2,0,0,0,0,100.0,0.0,0.0,yes
2025,NC,7DMUJTL9FFTVIAG9H788,,2,2,Guilford:1; 37097:1,2,0,0,0,0,100.0,0.0,0.0,yes
2025,NC,984500ET710674536D72,,2,2,37155:1; 37097:1,2,0,0,0,0,100.0,0.0,0.0,yes
2025,NC,B2S31CFVSWTN3FR00Q90,,2,2,Mecklenburg:2,2,0,0,0,0,100.0,0.0,0.0,yes
2025,NC,LDVFX8JEECFFE8HRWA73,,3,2,Wake:1; 37037:1,2,0,0,0,0,100.0,0.0,0.0,yes
2025,NC,01ERPZV3DOLNXY2MLB90,,1,1,37067:1,1,0,0,0,0,100.0,0.0,0.0,yes
2025,NC,213800M6RMI3YBX62W88,,1,1,37035:1,1,0,0,0,0,100.0,0.0,0.0,yes
2025,NC,2549001R6R928Y08SC30,,1,1,Guilford:1,1,0,0,0,0,100.0,0.0,0.0,yes
2025,NC,2549003SYL72OG7Y6S21,,1,1,37035:1,1,0,0,0,0,100.0,0.0,0.0,yes
2025,NC,254900561K135J92VD38,,1,1,37019:1,1,0,0,0,0,100.0,0.0,0.0,yes
2025,NC,2549005HG8EMM4748S60,,1,1,Wake:1,1,0,0,0,0,100.0,0.0,0.0,yes
2025,NC,2549006SH1GKAA6QVG47,,1,1,37173:1,1,0,0,0,0,100.0,0.0,0.0,yes
2025,NC,25490074OSKMLQ1W0I88,,1,1,37159:1,1,0,0,0,0,100.0,0.0,0.0,yes
2025,NC,2549007IU6SKFLLNKZ07,,1,1,37133:1,0,0,1,0,0,0.0,0.0,100.0,yes
2025,NC,2549008G9SP4WM32NN96,,1,1,37141:1,1,0,0,0,0,100.0,0.0,0.0,yes
2025,NC,2549008LUH7QKMXQ8N53,,1,1,37049:1,0,0,1,0,0,0.0,0.0,100.0,yes
2025,NC,254900ARL5FDX2OOH702,,1,1,Guilford:1,1,0,0,0,0,100.0,0.0,0.0,yes
2025,NC,254900BBEPZS8MDE1S61,,1,1,37125:1,1,0,0,0,0,100.0,0.0,0.0,yes
2025,NC,254900BDGU9FU91PQA51,,2,1,37141:1,1,0,0,0,0,100.0,0.0,0.0,yes
2025,NC,254900C44LTMSEGQ5K05,,3,1,37147:1,1,0,0,0,0,100.0,0.0,0.0,yes
2025,NC,254900DNPJINSUKFZ002,,3,1,37125:1,1,0,0,0,0,100.0,0.0,0.0,yes
2025,NC,254900FFZUXK3B729T97,,1,1,37037:1,1,0,0,0,0,100.0,0.0,0.0,yes
2025,NC,254900GBKSHEUZ4PGG08,,1,1,37125:1,1,0,0,0,0,100.0,0.0,0.0,yes
2025,NC,254900J5OSYRB4AN2309,,1,1,37025:1,1,0,0,0,0,100.0,0.0,0.0,yes
2025,NC,254900K39SBWA2QOUF69,,1,1,Mecklenburg:1,1,0,0,0,0,100.0,0.0,0.0,yes
2025,NC,254900KDXYNWWTTHLL39,,1,1,37055:1,1,0,0,0,0,100.0,0.0,0.0,yes
2025,NC,254900L0MIAM922ZEC34,,2,1,37053:1,1,0,0,0,0,100.0,0.0,0.0,yes
2025,NC,254900LDNBFL67R4FW27,,1,1,37089:1,1,0,0,0,0,100.0,0.0,0.0,yes
2025,NC,254900MHHOS58M9D0445,,2,1,37035:1,1,0,0,0,0,100.0,0.0,0.0,yes
2025,NC,254900NURL1XA7P0O968,,1,1,37005:1,1,0,0,0,0,100.0,0.0,0.0,yes
2025,NC,254900PRB9DTJAHMMZ45,,1,1,Durham:1,1,0,0,0,0,100.0,0.0,0.0,yes
2025,NC,254900Q5026VQBAVI394,,1,1,37141:1,1,0,0,0,0,100.0,0.0,0.0,yes
2025,NC,254900Q6IHGQO7INVC79,,1,1,37179:1,1,0,0,0,0,100.0,0.0,0.0,yes
2025,NC,254900QQRCPCOBBNDA41,,1,1,37027:1,1,0,0,0,0,100.0,0.0,0.0,yes
2025,NC,254900QXDYW5OTSNTL04,,3,1,37169:1,0,0,1,0,0,0.0,0.0,100.0,yes
2025,NC,254900SG0DG9VHV3LR79,,2,1,37011:1,1,0,0,0,0,100.0,0.0,0.0,yes
2025,NC,254900SRWC0U4V5XQ024,,1,1,Wake:1,1,0,0,0,0,100.0,0.0,0.0,yes
2025,NC,254900SRX8H2BWRMDQ91,,1,1,37109:1,1,0,0,0,0,100.0,0.0,0.0,yes
2025,NC,254900TG3REX549BAZ53,,1,1,37087:1,1,0,0,0,0,100.0,0.0,0.0,yes
2025,NC,254900UD8AEXTVCVAF72,,1,1,37019:1,1,0,0,0,0,100.0,0.0,0.0,yes
2025,NC,254900VA7WQ1PZGYI558,,1,1,37087:1,1,0,0,0,0,100.0,0.0,0.0,yes
2025,NC,254900VECGAWC5CPU773,,4,1,37087:1,1,0,0,0,0,100.0,0.0,0.0,yes
2025,NC,254900W5FH4XO4DKJB28,,1,1,37129:1,1,0,0,0,0,100.0,0.0,0.0,yes
2025,NC,254900WO60HTEULEHM24,,1,1,Mecklenburg:1,1,0,0,0,0,100.0,0.0,0.0,yes
2025,NC,254900WQCRCK13A7DC81,,6,1,37085:1,0,0,1,0,0,0.0,0.0,100.0,yes
2025,NC,254900XZ6MY7WSIHIY14,,1,1,37099:1,1,0,0,0,0,100.0,0.0,0.0,yes
2025,NC,254900Y3KT6SZM11MQ06,,1,1,37089:1,1,0,0,0,0,100.0,0.0,0.0,yes
2025,NC,38PG5GG0OEQK4QMSKE59,,1,1,Mecklenburg:1,1,0,0,0,0,100.0,0.0,0.0,yes
2025,NC,3HICJPQ15PGZSBFDNJ82,,1,1,37143:1,1,0,0,0,0,100.0,0.0,0.0,yes
2025,NC,54930001LYHHRVGJ6B97,,1,1,37179:1,1,0,0,0,0,100.0,0.0,0.0,yes
2025,NC,5493000M096YV1VLKD70,,1,1,37019:1,1,0,0,0,0,100.0,0.0,0.0,yes
2025,NC,5493000SW5GLNL7VNX12,,1,1,37041:1,1,0,0,0,0,100.0,0.0,0.0,yes
2025,NC,54930010ZG6EHTCJ1L21,,1,1,37135:1,1,0,0,0,0,100.0,0.0,0.0,yes
2025,NC,54930011HPXXLJN2D407,,2,1,37135:1,1,0,0,0,0,100.0,0.0,0.0,yes
2025,NC,5493001E3OD1D4Y8KX63,,1,1,37133:1,0,1,0,0,0,0.0,100.0,0.0,yes
2025,NC,5493001EXVWX6Q13MY44,,2,1,37025:1,1,0,0,0,0,100.0,0.0,0.0,yes
2025,NC,5493001M37Q8TJKTP708,,1,1,37011:1,1,0,0,0,0,100.0,0.0,0.0,yes
2025,NC,5493001SP13TNR6TUJ97,,1,1,37011:1,1,0,0,0,0,100.0,0.0,0.0,yes
2025,NC,5493001XRDEGNB7US825,,1,1,37139:1,1,0,0,0,0,100.0,0.0,0.0,yes
2025,NC,549300228GG3C6SV3C98,,1,1,37089:1,1,0,0,0,0,100.0,0.0,0.0,yes
2025,NC,5493002B3KWBDNOTY262,,1,1,37055:1,1,0,0,0,0,100.0,0.0,0.0,yes
2025,NC,5493002JDOI3GTNVUD76,,2,1,37019:1,1,0,0,0,0,100.0,0.0,0.0,yes
2025,NC,5493002YYAGPQ7L1YS68,,2,1,37019:1,1,0,0,0,0,100.0,0.0,0.0,yes
2025,NC,5493002Z2Z7DV758IU60,,2,1,37101:1,1,0,0,0,0,100.0,0.0,0.0,yes
2025,NC,5493002Z4GZF8C2F3T27,,1,1,37013:1,1,0,0,0,0,100.0,0.0,0.0,yes
2025,NC,5493003B20KZ3DEZGB43,,1,1,37159:1,1,0,0,0,0,100.0,0.0,0.0,yes
2025,NC,5493003DVQUF5HAI1O03,,5,1,Mecklenburg:1,1,0,0,0,0,100.0,0.0,0.0,yes
2025,NC,5493003F21XWNPQFEE34,,1,1,37045:1,1,0,0,0,0,100.0,0.0,0.0,yes
2025,NC,5493003KK3OFPYXHCI44,,1,1,37167:1,1,0,0,0,0,100.0,0.0,0.0,yes
2025,NC,5493003QDHMW1W0GEH16,,1,1,Mecklenburg:1,1,0,0,0,0,100.0,0.0,0.0,yes
2025,NC,5493003SVUBV3VW5CT40,,1,1,37025:1,1,0,0,0,0,100.0,0.0,0.0,yes
2025,NC,5493003X9FWFI47DPO39,,1,1,Mecklenburg:1,0,1,0,0,0,0.0,100.0,0.0,yes
2025,NC,5493003XLOX5FDT9R120,,1,1,Wake:1,1,0,0,0,0,100.0,0.0,0.0,yes
2025,NC,5493003ZHM6LK8T0QW13,,1,1,37055:1,1,0,0,0,0,100.0,0.0,0.0,yes
2025,NC,54930040GLSEV5H11Q12,,1,1,37171:1,1,0,0,0,0,100.0,0.0,0.0,yes
2025,NC,549300461TECLDDGNF98,,1,1,37121:1,1,0,0,0,0,100.0,0.0,0.0,yes
2025,NC,5493004C6NM2VNOH2N94,,1,1,37179:1,1,0,0,0,0,100.0,0.0,0.0,yes
2025,NC,5493004HRO0EREBVYM82,,1,1,Mecklenburg:1,1,0,0,0,0,100.0,0.0,0.0,yes
2025,NC,5493004LTLRA7Y5L3696,,1,1,37125:1,1,0,0,0,0,100.0,0.0,0.0,yes
2025,NC,5493004OB0KD7VERQW98,,2,1,37051:1,1,0,0,0,0,100.0,0.0,0.0,yes
2025,NC,5493004WQK3PHW1SDP63,,1,1,37141:1,1,0,0,0,0,100.0,0.0,0.0,yes
2025,NC,5493005PT09Z02WXW551,,1,1,37051:1,1,0,0,0,0,100.0,0.0,0.0,yes
2025,NC,54930061HIZ1MCMEOR72,,3,1,Guilford:1,1,0,0,0,0,100.0,0.0,0.0,yes
2025,NC,54930064WT3GIUWM7H79,,1,1,Wake:1,1,0,0,0,0,100.0,0.0,0.0,yes
2025,NC,5493006P5IHSK77SZ855,,2,1,37181:1,0,1,0,0,0,0.0,100.0,0.0,yes
2025,NC,5493006R3KP9HJOA7613,,1,1,37147:1,1,0,0,0,0,100.0,0.0,0.0,yes
2025,NC,5493006RLJ90VH94SV71,,1,1,Durham:1,1,0,0,0,0,100.0,0.0,0.0,yes
2025,NC,5493007669OVCSCATP45,,2,1,37039:1,1,0,0,0,0,100.0,0.0,0.0,yes
2025,NC,5493007OXXFLNNHTW637,,1,1,37067:1,1,0,0,0,0,100.0,0.0,0.0,yes
2025,NC,5493007SZD2OVPMXT217,,1,1,37137:1,1,0,0,0,0,100.0,0.0,0.0,yes
2025,NC,5493008E3WZYM5146L29,,1,1,37185:1,1,0,0,0,0,100.0,0.0,0.0,yes
2025,NC,5493008HV53MEILG2D59,,1,1,Wake:1,1,0,0,0,0,100.0,0.0,0.0,yes
2025,NC,5493008ICL5D7TS4CI35,,2,1,Mecklenburg:1,1,0,0,0,0,100.0,0.0,0.0,yes
2025,NC,5493008JUW0FLRMO0W64,,1,1,37133:1,0,0,1,0,0,0.0,0.0,100.0,yes
2025,NC,5493008R64K2UUN2NP30,,1,1,37031:1,1,0,0,0,0,100.0,0.0,0.0,yes
2025,NC,5493008TO7JB5Q4IKZ94,,1,1,37051:1,0,0,1,0,0,0.0,0.0,100.0,yes
2025,NC,54930095LY1EDFTWAG29,,1,1,Mecklenburg:1,1,0,0,0,0,100.0,0.0,0.0,yes
2025,NC,54930099BVD0E448JX38,,1,1,37037:1,1,0,0,0,0,100.0,0.0,0.0,yes
2025,NC,5493009D2COWW65B8673,,4,1,37049:1,1,0,0,0,0,100.0,0.0,0.0,yes
2025,NC,5493009LZZ8VZRVIX755,,1,1,37067:1,1,0,0,0,0,100.0,0.0,0.0,yes
2025,NC,549300A7W1NQ3BYZCB68,,1,1,37011:1,1,0,0,0,0,100.0,0.0,0.0,yes
2025,NC,549300AEULLVYD8L9B04,,1,1,37021:1,1,0,0,0,0,100.0,0.0,0.0,yes
2025,NC,549300AR4BCLQFU47165,,2,1,37113:1,1,0,0,0,0,100.0,0.0,0.0,yes
2025,NC,549300AV8QD552DSI743,,2,1,37179:1,1,0,0,0,0,100.0,0.0,0.0,yes
2025,NC,549300B8JSCK4ZNVX087,,1,1,37175:1,1,0,0,0,0,100.0,0.0,0.0,yes
2025,NC,549300BB4LSE4JRRGV15,,1,1,37159:1,1,0,0,0,0,100.0,0.0,0.0,yes
2025,NC,549300BEXTNMA3CARO05,,2,1,37021:1,1,0,0,0,0,100.0,0.0,0.0,yes
2025,NC,549300BKDQB6JNNHRH94,,2,1,37053:1,1,0,0,0,0,100.0,0.0,0.0,yes
2025,NC,549300BREPLU2KKPI102,,2,1,37019:1,1,0,0,0,0,100.0,0.0,0.0,yes
2025,NC,549300C232ZWY1I57C16,,4,1,Mecklenburg:1,1,0,0,0,0,100.0,0.0,0.0,yes
2025,NC,549300C5GU86M1X2DG56,,1,1,37021:1,1,0,0,0,0,100.0,0.0,0.0,yes
2025,NC,549300C6TQAJABMFOR79,,1,1,Wake:1,1,0,0,0,0,100.0,0.0,0.0,yes
2025,NC,549300CG5TM73650DH84,,1,1,37029:1,1,0,0,0,0,100.0,0.0,0.0,yes
2025,NC,549300CGP3B8XPP1N814,,1,1,37129:1,1,0,0,0,0,100.0,0.0,0.0,yes
2025,NC,549300CM7HYHZ1MEJ624,,1,1,37049:1,0,0,1,0,0,0.0,0.0,100.0,yes
2025,NC,549300CNDBHD7VKHK806,,1,1,Guilford:1,1,0,0,0,0,100.0,0.0,0.0,yes
2025,NC,549300CP7747DCRW6U68,,1,1,37031:1,1,0,0,0,0,100.0,0.0,0.0,yes
2025,NC,549300CQG2T7TCGY8Q67,,1,1,37159:1,1,0,0,0,0,100.0,0.0,0.0,yes
2025,NC,549300CV1BZKP1QUDZ13,,1,1,37193:1,1,0,0,0,0,100.0,0.0,0.0,yes
2025,NC,549300D1PL8LHKCBST97,,1,1,37055:1,1,0,0,0,0,100.0,0.0,0.0,yes
2025,NC,549300D7OB5W5CJHFO55,,1,1,Guilford:1,1,0,0,0,0,100.0,0.0,0.0,yes
2025,NC,549300D88XVKM6DJOC77,,1,1,37157:1,1,0,0,0,0,100.0,0.0,0.0,yes
2025,NC,549300DPRWSBUY619V27,,3,1,Wake:1,1,0,0,0,0,100.0,0.0,0.0,yes
2025,NC,549300DT7CCDCC7O6Z60,,2,1,37067:1,1,0,0,0,0,100.0,0.0,0.0,yes
2025,NC,549300DYB1ZT3UOGPL20,,3,1,37019:1,1,0,0,0,0,100.0,0.0,0.0,yes
2025,NC,549300E0S1LZYZ9QNX81,,1,1,Wake:1,1,0,0,0,0,100.0,0.0,0.0,yes
2025,NC,549300E3X7YDJIUENL65,,1,1,Mecklenburg:1,1,0,0,0,0,100.0,0.0,0.0,yes
2025,NC,549300EA0U825E61X330,,1,1,37049:1,1,0,0,0,0,100.0,0.0,0.0,yes
2025,NC,549300EBXH41OP56DQ10,,1,1,37125:1,1,0,0,0,0,100.0,0.0,0.0,yes
2025,NC,549300EHZKNMEE6UUC83,,1,1,Mecklenburg:1,1,0,0,0,0,100.0,0.0,0.0,yes
2025,NC,549300ENNFGLHCMQ1U82,,8,1,37179:1,1,0,0,0,0,100.0,0.0,0.0,yes
2025,NC,549300EYKSNFOZRIBC29,,2,1,37021:1,1,0,0,0,0,100.0,0.0,0.0,yes
2025,NC,549300F1COXL6UBFCP55,,1,1,Wake:1,1,0,0,0,0,100.0,0.0,0.0,yes
2025,NC,549300FB7LY738B0AS28,,1,1,37019:1,1,0,0,0,0,100.0,0.0,0.0,yes
2025,NC,549300FOO7XNZ1564N12,,1,1,37049:1,1,0,0,0,0,100.0,0.0,0.0,yes
2025,NC,549300FZJCP0WM3QJH15,,2,1,37125:1,1,0,0,0,0,100.0,0.0,0.0,yes
2025,NC,549300G54QPXQLB4KN58,,2,1,37031:1,1,0,0,0,0,100.0,0.0,0.0,yes
2025,NC,549300GCEP3NM7A1X491,,1,1,37189:1,1,0,0,0,0,100.0,0.0,0.0,yes
2025,NC,549300GJHCU3PV11PY25,,1,1,Mecklenburg:1,1,0,0,0,0,100.0,0.0,0.0,yes
2025,NC,549300GKZTKVQFQNP844,,1,1,37035:1,1,0,0,0,0,100.0,0.0,0.0,yes
2025,NC,549300GY0I1WYYWYFS47,,1,1,37069:1,1,0,0,0,0,100.0,0.0,0.0,yes
2025,NC,549300HVFLWKU7133506,,1,1,37133:1,1,0,0,0,0,100.0,0.0,0.0,yes
2025,NC,549300IQ5NY7CSJLZW53,,1,1,37179:1,1,0,0,0,0,100.0,0.0,0.0,yes
2025,NC,549300J8Y8IPQFMMIT88,,1,1,37129:1,1,0,0,0,0,100.0,0.0,0.0,yes
2025,NC,549300JCW11CIGH8GJ60,,1,1,37021:1,1,0,0,0,0,100.0,0.0,0.0,yes
2025,NC,549300JKYBEV1DF8FD32,,1,1,37089:1,1,0,0,0,0,100.0,0.0,0.0,yes
2025,NC,549300JQGT4VX22XJ495,,1,1,37035:1,1,0,0,0,0,100.0,0.0,0.0,yes
2025,NC,549300JUQ0GXK2YJEK02,,1,1,Mecklenburg:1,1,0,0,0,0,100.0,0.0,0.0,yes
2025,NC,549300K9D373DH6LF245,,1,1,37019:1,1,0,0,0,0,100.0,0.0,0.0,yes
2025,NC,549300KDVJICP5T5BD05,,1,1,37053:1,1,0,0,0,0,100.0,0.0,0.0,yes
2025,NC,549300KJAE0JN2Z6YV76,,1,1,37173:1,1,0,0,0,0,100.0,0.0,0.0,yes
2025,NC,549300KJZ82173UB3I21,,2,1,37025:1,1,0,0,0,0,100.0,0.0,0.0,yes
2025,NC,549300KNZ6E1MM7RQQ04,,1,1,Mecklenburg:1,1,0,0,0,0,100.0,0.0,0.0,yes
2025,NC,549300KPHGEE40YQXO21,,6,1,Mecklenburg:1,1,0,0,0,0,100.0,0.0,0.0,yes
2025,NC,549300KR83OL4XF00793,,1,1,37019:1,1,0,0,0,0,100.0,0.0,0.0,yes
2025,NC,549300L7HZ4C5U35BO37,,2,1,37123:1,1,0,0,0,0,100.0,0.0,0.0,yes
2025,NC,549300LIZH7VW4DFJK44,,4,1,37087:1,0,1,0,0,0,0.0,100.0,0.0,yes
2025,NC,549300LP0CV2MNC1GV68,,1,1,Mecklenburg:1,1,0,0,0,0,100.0,0.0,0.0,yes
2025,NC,549300LPT41QBMAC7948,,1,1,37027:1,1,0,0,0,0,100.0,0.0,0.0,yes
2025,NC,549300LZLYU85WF65870,,1,1,37031:1,1,0,0,0,0,100.0,0.0,0.0,yes
2025,NC,549300M723MK3TTJ2783,,2,1,37019:1,1,0,0,0,0,100.0,0.0,0.0,yes
2025,NC,549300MD1OK70DH5EZ47,,1,1,Wake:1,1,0,0,0,0,100.0,0.0,0.0,yes
2025,NC,549300MH5OXXJKWZZY83,,1,1,Mecklenburg:1,1,0,0,0,0,100.0,0.0,0.0,yes
2025,NC,549300MNZECUR067HB12,,1,1,37027:1,1,0,0,0,0,100.0,0.0,0.0,yes
2025,NC,549300MP1N04YL1TZP61,,1,1,37031:1,1,0,0,0,0,100.0,0.0,0.0,yes
2025,NC,549300MPGZVO0YIGL418,,1,1,37019:1,1,0,0,0,0,100.0,0.0,0.0,yes
2025,NC,549300N1YEXP02MHBR47,,5,1,37101:1,0,1,0,0,0,0.0,100.0,0.0,yes
2025,NC,549300OHIEQGELZVJP60,,1,1,37021:1,1,0,0,0,0,100.0,0.0,0.0,yes
2025,NC,549300OR2C7AGDZFTS24,,1,1,Durham:1,1,0,0,0,0,100.0,0.0,0.0,yes
2025,NC,549300OYN1WD4APNOU82,,1,1,37031:1,1,0,0,0,0,100.0,0.0,0.0,yes
2025,NC,549300OZ550X4QD5PC74,,2,1,37097:1,0,1,0,0,0,0.0,100.0,0.0,yes
2025,NC,549300P1347BFCBHJV60,,8,1,Wake:1,1,0,0,0,0,100.0,0.0,0.0,yes
2025,NC,549300P2GEYNMH5OQA71,,2,1,Durham:1,1,0,0,0,0,100.0,0.0,0.0,yes
2025,NC,549300PEQH6YK4DH0490,,5,1,37049:1,0,0,1,0,0,0.0,0.0,100.0,yes
2025,NC,549300POAFZ9PGU16760,,1,1,37021:1,1,0,0,0,0,100.0,0.0,0.0,yes
2025,NC,549300PZ44DNQDPOV865,,1,1,37067:1,1,0,0,0,0,100.0,0.0,0.0,yes
2025,NC,549300Q4JBLTKDC7J303,,2,1,Wake:1,1,0,0,0,0,100.0,0.0,0.0,yes
2025,NC,549300Q76VHK6FGPX546,,1,1,37089:1,1,0,0,0,0,100.0,0.0,0.0,yes
2025,NC,549300QCJE0X5P8H4Z85,,1,1,37021:1,1,0,0,0,0,100.0,0.0,0.0,yes
2025,NC,549300QDGMFASKEN7Z77,,3,1,37109:1,1,0,0,0,0,100.0,0.0,0.0,yes
2025,NC,549300QHPJ9CLOLCVE82,,4,1,37037:1,1,0,0,0,0,100.0,0.0,0.0,yes
2025,NC,549300QLZWERAXKGEP54,,1,1,37051:1,1,0,0,0,0,100.0,0.0,0.0,yes
2025,NC,549300QY4UCP33T94N09,,1,1,37141:1,1,0,0,0,0,100.0,0.0,0.0,yes
2025,NC,549300QYV7W4MRNEFK89,,2,1,37025:1,1,0,0,0,0,100.0,0.0,0.0,yes
2025,NC,549300R8N9KVQUKVNJ71,,1,1,37025:1,1,0,0,0,0,100.0,0.0,0.0,yes
2025,NC,549300RAQJBTN6Z28096,,1,1,37051:1,1,0,0,0,0,100.0,0.0,0.0,yes
2025,NC,549300RBJCM5B02O5U05,,1,1,37059:1,1,0,0,0,0,100.0,0.0,0.0,yes
2025,NC,549300RDN1T32WR2WF91,,1,1,37175:1,1,0,0,0,0,100.0,0.0,0.0,yes
2025,NC,549300RIR04Y64SF4306,,1,1,37133:1,1,0,0,0,0,100.0,0.0,0.0,yes
2025,NC,549300RM7ARTTP3T1V93,,1,1,Mecklenburg:1,1,0,0,0,0,100.0,0.0,0.0,yes
2025,NC,549300RP3DLR09NF6157,,1,1,37069:1,1,0,0,0,0,100.0,0.0,0.0,yes
2025,NC,549300RTWPH3HXUWR160,,1,1,37199:1,1,0,0,0,0,100.0,0.0,0.0,yes
2025,NC,549300RYJCJ7JPQ4RF20,,1,1,Wake:1,1,0,0,0,0,100.0,0.0,0.0,yes
2025,NC,549300S1TXPDZJPDYW17,,1,1,Guilford:1,1,0,0,0,0,100.0,0.0,0.0,yes
2025,NC,549300S347HTLHLOC775,,24,1,37141:1,1,0,0,0,0,100.0,0.0,0.0,yes
2025,NC,549300SOZES6XPZ50475,,1,1,Guilford:1,1,0,0,0,0,100.0,0.0,0.0,yes
2025,NC,549300SV2V1USGXBSB36,,1,1,37113:1,1,0,0,0,0,100.0,0.0,0.0,yes
2025,NC,549300TFEH2N4OKL5136,,2,1,Mecklenburg:1,1,0,0,0,0,100.0,0.0,0.0,yes
2025,NC,549300TKFZR4QBNE5D40,,2,1,37155:1,0,0,1,0,0,0.0,0.0,100.0,yes
2025,NC,549300TSIYX9RDYWC806,,1,1,Guilford:1,1,0,0,0,0,100.0,0.0,0.0,yes
2025,NC,549300TTY10Z37TUIF76,,1,1,37043:1,1,0,0,0,0,100.0,0.0,0.0,yes
2025,NC,549300TV5ZED3EINI708,,1,1,37175:1,1,0,0,0,0,100.0,0.0,0.0,yes
2025,NC,549300TWLXP5O4IHG211,,1,1,37017:1,1,0,0,0,0,100.0,0.0,0.0,yes
2025,NC,549300U0J1T0K63EKR14,,3,1,Wake:1,1,0,0,0,0,100.0,0.0,0.0,yes
2025,NC,549300U2B1ZNGX3H8U54,,1,1,37097:1,1,0,0,0,0,100.0,0.0,0.0,yes
2025,NC,549300U7ERLWHOGWFM48,,1,1,Mecklenburg:1,1,0,0,0,0,100.0,0.0,0.0,yes
2025,NC,549300UDBUNBNEKR8J69,,2,1,37101:1,1,0,0,0,0,100.0,0.0,0.0,yes
2025,NC,549300UHLXT004ITEJ56,,1,1,37095:1,1,0,0,0,0,100.0,0.0,0.0,yes
2025,NC,549300UK3Z5PC7V71K69,,2,1,37101:1,1,0,0,0,0,100.0,0.0,0.0,yes
2025,NC,549300UKYJZO6CZXIX60,,4,1,Mecklenburg:1,1,0,0,0,0,100.0,0.0,0.0,yes
2025,NC,549300UM6HPORF7X4415,,1,1,37089:1,1,0,0,0,0,100.0,0.0,0.0,yes
2025,NC,549300UPB8ITF7B1GI03,,1,1,37093:1,0,0,1,0,0,0.0,0.0,100.0,yes
2025,NC,549300UXTDELQS5SLF91,,2,1,Guilford:1,1,0,0,0,0,100.0,0.0,0.0,yes
2025,NC,549300VBSEU7L0HIUP28,,1,1,37185:1,1,0,0,0,0,100.0,0.0,0.0,yes
2025,NC,549300VHBALPLHRR4080,,3,1,Wake:1,1,0,0,0,0,100.0,0.0,0.0,yes
2025,NC,549300VJ7C5JB4W87F48,,1,1,37097:1,1,0,0,0,0,100.0,0.0,0.0,yes
2025,NC,549300VW06LULRDNSW49,,1,1,37129:1,1,0,0,0,0,100.0,0.0,0.0,yes
2025,NC,549300W07W12OUENKR02,,1,1,37049:1,1,0,0,0,0,100.0,0.0,0.0,yes
2025,NC,549300W5A6PQ1VJG3497,,2,1,37179:1,1,0,0,0,0,100.0,0.0,0.0,yes
2025,NC,549300WDLOVGUYVTS727,,2,1,37125:1,1,0,0,0,0,100.0,0.0,0.0,yes
2025,NC,549300WKFR15017V9850,,1,1,37097:1,1,0,0,0,0,100.0,0.0,0.0,yes
2025,NC,549300WN1LQYJX9HOU28,,1,1,37113:1,1,0,0,0,0,100.0,0.0,0.0,yes
2025,NC,549300WPK18IMSC1OM63,,1,1,37025:1,1,0,0,0,0,100.0,0.0,0.0,yes
2025,NC,549300WW4OBT30G5DK23,,3,1,37089:1,1,0,0,0,0,100.0,0.0,0.0,yes
2025,NC,549300WXO2FZYE7KAW26,,1,1,Wake:1,1,0,0,0,0,100.0,0.0,0.0,yes
2025,NC,549300X08QKYUH256I80,,1,1,37021:1,1,0,0,0,0,100.0,0.0,0.0,yes
2025,NC,549300X4P2GHQNMZGO79,,3,1,Mecklenburg:1,1,0,0,0,0,100.0,0.0,0.0,yes
2025,NC,549300X844WCY1CCL322,,1,1,37125:1,1,0,0,0,0,100.0,0.0,0.0,yes
2025,NC,549300XA6P3X1GTJEY80,,1,1,37019:1,1,0,0,0,0,100.0,0.0,0.0,yes
2025,NC,549300XAJENHWRM32Z86,,1,1,37001:1,1,0,0,0,0,100.0,0.0,0.0,yes
2025,NC,549300XKEC7P1D7OKJ16,,1,1,37031:1,0,0,1,0,0,0.0,0.0,100.0,yes
2025,NC,549300XMCDBXHD84QD46,,1,1,Wake:1,1,0,0,0,0,100.0,0.0,0.0,yes
2025,NC,549300XOOL3OJTITCV30,,5,1,37087:1,1,0,0,0,0,100.0,0.0,0.0,yes
2025,NC,549300XR0EY1M0FVG232,,1,1,37059:1,1,0,0,0,0,100.0,0.0,0.0,yes
2025,NC,549300XYLNCM8KWF7B15,,1,1,37025:1,1,0,0,0,0,100.0,0.0,0.0,yes
2025,NC,549300Y3R0S9WULTX168,,1,1,37051:1,1,0,0,0,0,100.0,0.0,0.0,yes
2025,NC,549300Y6WN08IC7KWH70,,1,1,37127:1,0,1,0,0,0,0.0,100.0,0.0,yes
2025,NC,549300YB1H2FRI6JPM51,,4,1,37043:1,1,0,0,0,0,100.0,0.0,0.0,yes
2025,NC,549300YIBRM1ZYA6GT07,,1,1,37175:1,1,0,0,0,0,100.0,0.0,0.0,yes
2025,NC,549300YJ77JVC6X3BO61,,1,1,37113:1,1,0,0,0,0,100.0,0.0,0.0,yes
2025,NC,549300YNUT7D0FWKU636,,1,1,37019:1,1,0,0,0,0,100.0,0.0,0.0,yes
2025,NC,549300YQ763HO7N3CO68,,1,1,37087:1,1,0,0,0,0,100.0,0.0,0.0,yes
2025,NC,549300Z4HQ7YDKUVEW39,,1,1,37127:1,1,0,0,0,0,100.0,0.0,0.0,yes
2025,NC,549300ZA8T2KGQF6JK55,,1,1,37041:1,1,0,0,0,0,100.0,0.0,0.0,yes
2025,NC,549300ZDBO5YOE6XVB14,,1,1,37097:1,1,0,0,0,0,100.0,0.0,0.0,yes
2025,NC,549300ZFJ1696ECS0S38,,1,1,Wake:1,1,0,0,0,0,100.0,0.0,0.0,yes
2025,NC,549300ZOBXG0DT4I6U54,,1,1,Wake:1,1,0,0,0,0,100.0,0.0,0.0,yes
2025,NC,549300ZUA8339ZH6W934,,1,1,37049:1,1,0,0,0,0,100.0,0.0,0.0,yes
2025,NC,549300ZX4OGRPOOEH505,,2,1,37019:1,1,0,0,0,0,100.0,0.0,0.0,yes
2025,NC,6UHRKD73G36IZYN3FC43,,1,1,37031:1,1,0,0,0,0,100.0,0.0,0.0,yes
2025,NC,9LIMABRJ9VPV74PBJB17,,1,1,37071:1,1,0,0,0,0,100.0,0.0,0.0,yes
2025,NC,CLHA5EVJO4FMZ2WOBV70,,1,1,37037:1,1,0,0,0,0,100.0,0.0,0.0,yes
2025,NC,D8RBTOL3JO2Q6IEO0F34,,1,1,Wake:1,1,0,0,0,0,100.0,0.0,0.0,yes
2025,NC,F28JOQ8OBWCFUYM0UX93,,1,1,Mecklenburg:1,1,0,0,0,0,100.0,0.0,0.0,yes
2025,NC,LBIZXW7X2N50PETIH863,,1,1,37021:1,1,0,0,0,0,100.0,0.0,0.0,yes
2025,NC,R6KJ2D7C3UT8OVTWHS39,,1,1,Mecklenburg:1,1,0,0,0,0,100.0,0.0,0.0,yes
2025,NC,R7JQ9JTCFHXBQU4XIT26,,2,1,37053:1,1,0,0,0,0,100.0,0.0,0.0,yes
2025,NC,RO7SIV4IZNEGU4EXXS92,,1,1,37089:1,1,0,0,0,0,100.0,0.0,0.0,yes
