year,state,lei,institution_name,total_applications,total_originations,top_counties_served,orig_conventional,orig_fha,orig_va,orig_usda_other,orig_other_loan_type,orig_conventional_pct,orig_fha_pct,orig_va_pct,priority_market
2025,AZ,549300HW662MN1WU8550,"United Wholesale Mortgage, LLC",25383,19328,Maricopa:12924; 04021:1726; 04019:1429; 04015:865; 04025:679,11971,4210,3110,37,0,61.94,21.78,16.09,national
2025,AZ,549300FGXN1K3HLB1R50,"Rocket Mortgage, LLC",18094,13320,Maricopa:8327; 04019:1344; 04021:1180; 04015:597; 04025:566,10582,1577,1161,0,0,79.44,11.84,8.72,national
2025,AZ,549300HFXTV55C2HHM89,DESERT FINANCIAL CREDIT UNION,16970,10566,Maricopa:9267; 04021:714; 04025:192; 04007:97; 04005:94,10566,0,0,0,0,100.0,0.0,0.0,national
2025,AZ,549300VZVN841I2ILS84,Freedom Mortgage Corporation,7570,4945,Maricopa:2022; 04019:1413; 04027:467; 04003:453; 04021:241,2715,1504,704,22,0,54.9,30.41,14.24,national
2025,AZ,549300MGPZBLQDIL7538,"PrimeLending, a PlainsCapital Company",6835,4724,Maricopa:2689; 04019:916; 04021:458; 04025:231; 04009:125,3044,1188,467,25,0,64.44,25.15,9.89,national
2025,AZ,549300AG64NHILB7ZP05,"PennyMac Loan Services, LLC",6180,4138,Maricopa:1984; 04019:991; 04021:738; 04015:133; 04025:84,2358,1240,535,5,0,56.98,29.97,12.93,national
2025,AZ,549300AQ3T62GXDU7D76,Ally Bank,4898,3467,Maricopa:1464; 04019:497; 04021:400; 04025:218; 04027:205,2313,805,328,21,0,66.71,23.22,9.46,national
2025,AZ,549300HIVO8XPBPNVG69,NOVA FINANCIAL & INVESTMENT CORPORATION,4932,3413,04019:1418; Maricopa:875; 04027:631; 04021:161; 04009:80,1971,1048,359,35,0,57.75,30.71,10.52,national
2025,AZ,RVDPPPGHCGZ40J4VQ731,Fairway Independent Mortgage Corporation,5838,3232,Maricopa:2031; 04019:367; 04021:289; 04025:122; 04015:105,2214,578,435,5,0,68.5,17.88,13.46,national
2025,AZ,7H6GLXDRUGQFU57RNE97,"JPMorgan Chase Bank, National Association",4573,2864,Maricopa:1910; 04019:370; 04021:174; 04015:115; 04025:112,2761,68,35,0,0,96.4,2.37,1.22,national
2025,AZ,549300H3IZO24NSOO931,"loanDepot.com, LLC",3184,2623,Maricopa:1479; 04021:647; 04019:496; 04007:1,1161,1067,384,11,0,44.26,40.68,14.64,national
2025,AZ,B4TYDEB6GKMZO031MB27,"Guaranteed Rate, Inc.",6229,2582,Maricopa:1938; 04019:310; 04021:134; 04025:77; 04005:33,2575,3,4,0,0,99.73,0.12,0.15,national
2025,AZ,254900DTLHVWQ7NP7R34,"CMG Mortgage, Inc.",3658,2579,Maricopa:1554; 04019:326; 04021:208; 04015:123; 04025:103,2291,208,73,7,0,88.83,8.07,2.83,national
2025,AZ,5493001SXWZ4OFP8Z903,"CrossCountry Mortgage, LLC",3479,2406,04021:1105; Maricopa:879; 04019:420; 04005:1; 04023:1,619,1418,327,42,0,25.73,58.94,13.59,national
2025,AZ,549300PC4MFWQBNVKG88,"V.I.P. MORTGAGE, INC.",2930,2321,Maricopa:1323; 04019:549; 04021:167; 04025:134; 04005:50,1576,518,215,12,0,67.9,22.32,9.26,national
2025,AZ,549300V36YE6JCCEJB76,Arizona Financial Credit Union,3697,2172,Maricopa:1807; 04015:148; 04021:97; 04025:27; 04019:23,2141,23,8,0,0,98.57,1.06,0.37,national
2025,AZ,549300LYRWPSYPK6S325,Guild Mortgage Company LLC,4991,2123,Maricopa:1081; 04019:320; 04021:299; 04015:100; 04027:84,222,832,1069,0,0,10.46,39.19,50.35,national
2025,AZ,549300EWL25M8JXH2R78,OneAZ Credit Union,4158,1992,Maricopa:969; 04025:384; 04019:224; 04005:177; 04009:115,1992,0,0,0,0,100.0,0.0,0.0,national
2025,AZ,5493003GQDUH26DNNH17,Navy Federal Credit Union,4421,1960,Maricopa:1133; 04019:213; 04027:192; 04021:148; 04003:95,1556,0,404,0,0,79.39,0.0,20.61,national
2025,AZ,549300FNXYY540N23N64,Newrez LLC,4922,1845,Maricopa:1107; 04019:219; 04021:191; 04025:80; 04015:65,983,381,475,6,0,53.28,20.65,25.75,national
2025,AZ,6BYL5QZYBDK8S7L73M02,U.S. Bank National Association,4147,1813,Maricopa:1175; 04019:224; 04021:140; 04025:91; 04015:80,1775,21,17,0,0,97.9,1.16,0.94,national
2025,AZ,549300GKFNPRWNS0GF29,"AmeriHome Mortgage Company, LLC",2707,1792,Maricopa:1258; 04021:140; 04025:108; 04015:87; 04019:74,1252,364,150,26,0,69.87,20.31,8.37,national
2025,AZ,549300LBCBNR1OT00651,NATIONSTAR MORTGAGE LLC,2625,1744,Maricopa:1121; 04019:202; 04021:123; 04015:77; 04025:56,1485,147,112,0,0,85.15,8.43,6.42,national
2025,AZ,549300UI36AJZ0WZ4U93,"TAYLOR MORRISON HOME FUNDING, INC.",2334,1731,Maricopa:1572; 04021:159,1242,329,160,0,0,71.75,19.01,9.24,national
2025,AZ,549300PIL8LFAQ04XC20,Better Mortgage Corporation,4706,1610,Maricopa:1114; 04019:169; 04021:117; 04015:61; 04025:52,1610,0,0,0,0,100.0,0.0,0.0,national
2025,AZ,549300DD5QQUHO6PCH70,"Movement Mortgage, LLC",3676,1565,Maricopa:589; 04019:258; 04021:177; 04015:138; 04027:105,48,23,1494,0,0,3.07,1.47,95.46,national
2025,AZ,549300KIOYNU323LVJ37,AMERICAN PACIFIC MORTGAGE CORPORATION,2252,1562,Maricopa:534; 04019:407; 04015:166; 04023:129; 04021:115,914,456,142,50,0,58.51,29.19,9.09,national
2025,AZ,254900UL88QFG0E40516,FIGURE LENDING LLC,2748,1416,Maricopa:853; 04019:219; 04021:86; 04027:84; 04025:52,1416,0,0,0,0,100.0,0.0,0.0,national
2025,AZ,549300OQMU3ID8QA6M46,VELOCIO MORTGAGE L.L.C.,1568,1400,Maricopa:779; 04021:621,422,766,132,80,0,30.14,54.71,9.43,national
2025,AZ,549300U3721PJGQZYY68,Nationstar Mortgage LLC,2727,1394,Maricopa:994; 04021:95; 04025:78; 04019:78; 04015:45,1040,218,129,7,0,74.61,15.64,9.25,national
2025,AZ,549300E2UX99HKDBR481,"Broker Solutions, Inc.",3480,1347,Maricopa:710; 04015:342; 04021:103; 04019:75; 04025:46,836,419,92,0,0,62.06,31.11,6.83,national
2025,AZ,549300Z4HQ7YDKUVEW39,VANTAGE WEST,2319,1278,04019:949; Maricopa:200; 04021:85; 04003:19; 04023:13,1278,0,0,0,0,100.0,0.0,0.0,national
2025,AZ,549300WYBPIWKK6SQC06,Bell Bank,1632,1256,Maricopa:1068; 04021:122; 04019:17; 04017:12; 04005:11,1110,104,42,0,0,88.38,8.28,3.34,national
2025,AZ,549300KJ8PAJ7E52HG32,Plains Commerce Bank,1985,1203,Maricopa:962; 04019:90; 04021:82; 04025:21; 04015:12,868,260,71,4,0,72.15,21.61,5.9,national
2025,AZ,8WH0EE09O9V05QJZ3V89,,2388,1168,Maricopa:409; 04019:168; 04027:131; 04025:126; 04015:79,1156,7,5,0,0,98.97,0.6,0.43,national
2025,AZ,5493004WMLN60ZJ2ON46,"Paramount Residential Mortgage Group, Inc.",1594,1133,Maricopa:743; 04021:197; 04019:193,748,234,151,0,0,66.02,20.65,13.33,national
2025,AZ,254900ZFWS2106HWPH46,"PARAMOUNT RESIDENTIAL MORTGAGE GROUP, INC.",1583,1127,Maricopa:752; 04021:117; 04019:72; 04025:69; 04015:38,671,344,104,8,0,59.54,30.52,9.23,national
2025,AZ,KB1H1DSPRFMYMCUFXT09,"Wells Fargo Bank, National Association",2032,1088,Maricopa:647; 04019:163; 04021:77; 04015:47; 04025:42,1032,33,23,0,0,94.85,3.03,2.11,national
2025,AZ,54930049L5WINET09Q97,"CLICK N' CLOSE, INC.",1493,1032,Maricopa:746; 04021:179; 04019:38; 04027:18; 04025:14,474,541,13,4,0,45.93,52.42,1.26,national
2025,AZ,5493002QI2ILHHZH8D20,"KBHS HOME LOANS, LLC",1205,982,Maricopa:517; 04019:322; 04021:143,417,438,127,0,0,42.46,44.6,12.93,national
2025,AZ,5493001HHBUTXHS7TZ96,HOMEAMERICAN MORTGAGE CORPORATION,1197,971,Maricopa:530; 04019:267; 04021:174,380,402,189,0,0,39.13,41.4,19.46,national
2025,AZ,3Y4U8VZURTYWI1W2K376,BMO Bank National Association,2130,962,Maricopa:623; 04019:138; 04025:59; 04021:58; 04017:25,949,12,1,0,0,98.65,1.25,0.1,national
2025,AZ,5493002IVUY1DY0ZCL83,COPPER STATE CREDIT UNION,1400,910,Maricopa:722; 04021:103; 04019:28; 04007:24; 04025:11,910,0,0,0,0,100.0,0.0,0.0,national
2025,AZ,5493001I7Z53NDBE4X59,ALTITUDE FINANCIAL CORPORATION,1164,899,04019:561; Maricopa:159; 04021:55; 04003:47; 04017:27,597,200,97,5,0,66.41,22.25,10.79,national
2025,AZ,549300MCIFZSDHUT8X63,"NFM, INC.",1012,897,Maricopa:732; 04021:134; 04019:13; 04025:4; 04005:4,311,459,127,0,0,34.67,51.17,14.16,national
2025,AZ,549300DD4R4SYK5RAQ92,"Cardinal Financial Company, Limited Partnership",1264,874,Maricopa:574; 04019:114; 04021:74; 04025:39; 04015:29,618,186,70,0,0,70.71,21.28,8.01,national
2025,AZ,5493006S869XKIESMV41,,2248,872,Maricopa:592; 04021:164; 04015:34; 04017:23; 04025:20,842,25,4,1,0,96.56,2.87,0.46,national
2025,AZ,AD6GFRVSDT01YPT1CS68,"PNC Bank, National Association",1811,858,Maricopa:578; 04019:104; 04021:53; 04025:40; 04015:39,849,5,4,0,0,98.95,0.58,0.47,national
2025,AZ,549300OPCWU6E72WUT29,"MUTUAL OF OMAHA MORTGAGE, INC.",1303,855,Maricopa:565; 04021:75; 04019:69; 04025:43; 04015:42,398,370,87,0,0,46.55,43.27,10.18,national
2025,AZ,549300N3JBQ15RQ7AV97,,1145,828,Maricopa:329; 04019:302; 04021:57; 04025:50; 04005:33,586,187,54,1,0,70.77,22.58,6.52,national
2025,AZ,5493001XKL0FTNOJ0866,,1130,794,Maricopa:313; 04021:185; 04015:67; 04003:52; 04025:51,413,301,59,21,0,52.02,37.91,7.43,national
2025,AZ,5493001GCBD5XGNIC815,Coastal Community Bank,3308,786,Maricopa:501; 04019:109; 04021:63; 04025:34; 04015:22,786,0,0,0,0,100.0,0.0,0.0,national
2025,AZ,549300FHWDJMELT59Z22,,1122,786,Maricopa:490; 04027:205; 04021:40; 04023:13; 04019:13,276,451,26,33,0,35.11,57.38,3.31,national
2025,AZ,5493007I0X1GRWIU8B34,,1260,780,Maricopa:427; 04015:88; 04021:78; 04019:56; 04005:29,774,3,3,0,0,99.23,0.38,0.38,national
2025,AZ,5493005PKOSG7MYX0B34,"Prosperity Home Mortgage, LLC",1082,775,04019:511; Maricopa:151; 04021:45; 04003:29; 04025:16,516,123,135,1,0,66.58,15.87,17.42,national
2025,AZ,549300NJVKCDJA5YC939,,996,757,Maricopa:530; 04021:96; 04025:79; 04019:14; 04017:11,542,150,65,0,0,71.6,19.82,8.59,national
2025,AZ,5493007VW2EU20PZYU97,INSPIRE HOME LOANS INC.,953,728,04021:255; Maricopa:215; 04015:150; 04025:52; 04003:35,218,374,117,19,0,29.95,51.37,16.07,national
2025,AZ,5493008NWHQT1R22C024,"AMERICAN FINANCIAL NETWORK, INC.",1146,698,Maricopa:345; 04015:185; 04021:67; 04019:41; 04025:25,321,308,67,2,0,45.99,44.13,9.6,national
2025,AZ,549300RPOGWJRH63HS39,UNION HOME MORTGAGE CORP.,972,693,Maricopa:442; 04021:55; 04019:51; 04015:38; 04025:38,520,87,82,4,0,75.04,12.55,11.83,national
2025,AZ,54930065Z1DW0CWIZQ58,,1250,674,Maricopa:537; 04025:99; 04021:18; 04019:7; 04007:3,673,0,1,0,0,99.85,0.0,0.15,national
2025,AZ,549300MZ8VZJOVC63092,"KIND LENDING, LLC",1090,672,Maricopa:455; 04021:76; 04019:39; 04017:23; 04025:22,470,131,66,5,0,69.94,19.49,9.82,national
2025,AZ,549300XYLNCM8KWF7B15,,1094,641,Maricopa:579; 04021:20; 04019:20; 04005:8; 04017:7,641,0,0,0,0,100.0,0.0,0.0,national
2025,AZ,549300NOCASXPA34X033,"LAKEVIEW LOAN SERVICING, LLC",2532,635,Maricopa:356; 04019:87; 04021:76; 04025:33; 04015:25,351,159,125,0,0,55.28,25.04,19.69,national
2025,AZ,549300YN94MOAVYW0F52,"GoodLeap, LLC",1207,631,Maricopa:378; 04019:86; 04021:76; 04015:37; 04025:16,450,121,60,0,0,71.32,19.18,9.51,national
2025,AZ,549300121SF0K2LN2804,"PRIMELENDING, A PLAINSCAPITAL COMPANY",872,610,Maricopa:406; 04021:60; 04025:45; 04027:43; 04019:24,455,79,75,1,0,74.59,12.95,12.3,national
2025,AZ,549300370QILXLFUWD20,"ZILLOW HOME LOANS, LLC",814,603,Maricopa:461; 04021:66; 04019:39; 04015:12; 04025:11,478,80,45,0,0,79.27,13.27,7.46,national
2025,AZ,549300YIQ7S7Z8PIHE53,AMERISAVE MORTGAGE CORPORATION,2128,597,Maricopa:305; 04019:88; 04021:58; 04025:35; 04015:30,489,82,26,0,0,81.91,13.74,4.36,national
2025,AZ,5493001WHVQBGRSWEU75,"HOMEBRIDGE FINANCIAL SERVICES, INC.",814,590,Maricopa:403; 04019:64; 04021:42; 04025:25; 04015:22,512,40,38,0,0,86.78,6.78,6.44,national
2025,AZ,54930043BMDE130FJ617,"PROVIDENT FUNDING ASSOCIATES, L.P.",903,578,Maricopa:448; 04019:43; 04021:31; 04025:22; 04015:10,578,0,0,0,0,100.0,0.0,0.0,national
2025,AZ,549300XECJ0294F1ZG19,"MATTAMY HOME FUNDING, LLC",682,572,Maricopa:317; 04019:183; 04021:72,332,128,112,0,0,58.04,22.38,19.58,national
2025,AZ,254900WEP08K7U7S3A80,,739,564,Maricopa:332; 04019:90; 04025:63; 04021:40; 04015:13,392,97,74,1,0,69.5,17.2,13.12,national
2025,AZ,5493002B2WMHY23GFK92,"AMERICAN FINANCIAL RESOURCES, INC.",739,557,Maricopa:289; 04019:65; 04021:65; 04027:52; 04003:20,248,246,53,10,0,44.52,44.17,9.52,national
2025,AZ,549300VQUTI5IU7GXT57,,1069,548,Maricopa:392; 04027:55; 04021:41; 04019:24; 04015:17,267,259,19,3,0,48.72,47.26,3.47,national
2025,AZ,549300SK2GVCQXPD4S58,"SUN WEST MORTGAGE COMPANY, INC.",926,538,Maricopa:361; 04021:58; 04019:36; 04015:27; 04027:17,174,251,112,1,0,32.34,46.65,20.82,national
2025,AZ,549300K4ZLGS7SRDTL86,Equity Prime Mortgage LLC,1135,508,Maricopa:211; 04021:72; 04019:60; 04015:47; 04025:32,25,331,139,13,0,4.92,65.16,27.36,national
2025,AZ,54930001NSTOD85LT125,"GUARANTEED RATE AFFINITY, LLC",865,505,Maricopa:211; 04019:186; 04007:34; 04021:31; 04025:21,385,54,63,3,0,76.24,10.69,12.48,national
2025,AZ,549300XQVJ1XBNFA5536,21ST MORTGAGE CORPORATION,2027,488,04019:137; Maricopa:126; 04015:45; 04017:32; 04021:32,488,0,0,0,0,100.0,0.0,0.0,national
2025,AZ,549300T94GSH3C4U5M59,ALLIANT CREDIT UNION,787,482,Maricopa:339; 04019:42; 04021:32; 04025:26; 04015:13,481,0,1,0,0,99.79,0.0,0.21,national
2025,AZ,549300EZHVOHDWG07M20,,752,480,04019:401; Maricopa:26; 04021:15; 04001:11; 04017:8,480,0,0,0,0,100.0,0.0,0.0,national
2025,AZ,2549005SIVTHG14U2905,A&D Mortgage LLC,693,471,Maricopa:283; 04015:74; 04019:48; 04021:31; 04025:10,422,42,7,0,0,89.6,8.92,1.49,national
2025,AZ,5493004N9PMBSLEZOF16,"K. HOVNANIAN AMERICAN MORTGAGE, L.L.C.",663,468,Maricopa:336; 04021:132,217,209,42,0,0,46.37,44.66,8.97,national
2025,AZ,54930054ET8KM4O1D485,"SOFI BANK, NATIONAL ASSOCIATION",1514,450,Maricopa:312; 04019:60; 04021:27; 04025:16; 04005:7,429,13,8,0,0,95.33,2.89,1.78,national
2025,AZ,549300J7I82PNDVU8H22,"OCMBC, INC.",809,439,Maricopa:280; 04019:44; 04015:30; 04021:28; 04025:23,377,50,12,0,0,85.88,11.39,2.73,national
2025,AZ,549300JYXTZDSPJEPI44,"PLAZA HOME MORTGAGE, INC.",635,429,Maricopa:212; 04021:73; 04019:54; 04025:36; 04027:13,276,105,46,2,0,64.34,24.48,10.72,national
2025,AZ,25490066WMF8ZMQXQB18,"Lendage, LLC",573,415,Maricopa:250; 04021:48; 04019:46; 04025:18; 04015:12,415,0,0,0,0,100.0,0.0,0.0,national
2025,AZ,549300S5YL3OH0IVCS62,FINANCE OF AMERICA REVERSE LLC,517,401,Maricopa:217; 04019:53; 04025:46; 04021:31; 04015:27,118,283,0,0,0,29.43,70.57,0.0,national
2025,AZ,5493006VAGP3GQ8FJT49,"Kiavi Funding, Inc.",608,397,Maricopa:235; 04019:79; 04021:27; 04015:25; 04025:11,397,0,0,0,0,100.0,0.0,0.0,national
2025,AZ,549300GRGZDEH4ZGQS06,WATERSTONE MORTGAGE CORPORATION,516,386,Maricopa:280; 04021:58; 04025:25; 04017:5; 04019:4,266,97,23,0,0,68.91,25.13,5.96,national
2025,AZ,5493001GDRY0EL7VG372,"ARK-LA-TEX FINANCIAL SERVICES, LLC.",537,384,Maricopa:176; 04005:82; 04025:36; 04021:25; 04019:22,267,54,61,2,0,69.53,14.06,15.89,national
2025,AZ,254900YZ174H294JW398,,470,376,Maricopa:291; 04021:85,358,2,16,0,0,95.21,0.53,4.26,national
2025,AZ,254900R9A6TW85BTVS20,,469,374,Maricopa:290; 04021:67; 04025:17,335,20,19,0,0,89.57,5.35,5.08,national
2025,AZ,984500U2F9A83N391A91,"CHAMPIONS FUNDING, LLC",621,367,Maricopa:263; 04021:26; 04019:20; 04015:18; 04025:12,367,0,0,0,0,100.0,0.0,0.0,national
2025,AZ,549300I0ICF6REKHOC74,"DIRECT MORTGAGE LOANS, LLC",470,360,Maricopa:249; 04021:81; 04017:6; 04007:6; 04005:4,234,104,22,0,0,65.0,28.89,6.11,national
2025,AZ,549300EKFFG3BU8DNX74,NEXERA HOLDING LLC,642,358,Maricopa:284; 04019:24; 04021:17; 04025:8; 04005:7,355,3,0,0,0,99.16,0.84,0.0,national
2025,AZ,549300R9S3MVDV4MGF56,"CARRINGTON MORTGAGE SERVICES, LLC",1261,358,Maricopa:190; 04019:47; 04021:46; 04025:17; 04027:15,169,106,83,0,0,47.21,29.61,23.18,national
2025,AZ,54930021WPEXNHYZUL09,"PLANET HOME LENDING, LLC",464,353,Maricopa:189; 04021:40; 04019:38; 04015:30; 04027:19,140,130,82,1,0,39.66,36.83,23.23,national
2025,AZ,549300XY701IELCE5Q08,BETTER MORTGAGE CORPORATION,1183,348,Maricopa:252; 04019:36; 04025:15; 04015:13; 04021:13,329,15,4,0,0,94.54,4.31,1.15,national
2025,AZ,VNOO6EITDJ2YUEBMSZ83,,513,328,Maricopa:292; 04025:11; 04021:8; 04019:8; 04005:5,304,23,1,0,0,92.68,7.01,0.3,national
2025,AZ,549300A76WI58XAFNF59,,718,326,Maricopa:229; 04021:20; 04019:18; 04017:17; 04005:13,326,0,0,0,0,100.0,0.0,0.0,national
2025,AZ,549300Q3ROEQU3D1IW91,,767,321,Maricopa:108; 04021:72; 04027:34; 04019:28; 04025:25,321,0,0,0,0,100.0,0.0,0.0,national
2025,AZ,2549001SI0EMFPT39035,"Cornerstone First Mortgage, Inc",403,316,Maricopa:215; 04021:43; 04015:13; 04025:9; 04019:9,237,58,20,1,0,75.0,18.35,6.33,national
2025,AZ,549300CB67L6KPJLHE19,"TRIAD FINANCIAL SERVICES, INC.",1122,314,Maricopa:174; 04019:46; 04021:27; 04025:23; 04005:16,314,0,0,0,0,100.0,0.0,0.0,national
2025,AZ,54930072H82Z2RZW3210,,408,311,Maricopa:288; 04021:10; 04019:4; 04025:4; 04027:2,311,0,0,0,0,100.0,0.0,0.0,national
2025,AZ,254900TTZ395IC926125,,432,307,Maricopa:156; 04009:52; 04025:27; 04019:23; 04021:20,255,37,7,8,0,83.06,12.05,2.28,national
2025,AZ,X05BVSK68TQ7YTOSNR22,Discover Bank,1791,305,Maricopa:193; 04019:42; 04021:28; 04025:11; 04015:9,305,0,0,0,0,100.0,0.0,0.0,national
2025,AZ,SS1TRMSN6BRNMOREEV51,"Flagstar Bank, National Association",584,303,Maricopa:188; 04015:36; 04019:23; 04021:18; 04025:18,227,53,22,1,0,74.92,17.49,7.26,national
2025,AZ,549300VCMRO4ST680C11,VILLAGE CAPITAL & INVESTMENT LLC,935,302,Maricopa:138; 04021:41; 04019:39; 04015:21; 04025:20,2,83,217,0,0,0.66,27.48,71.85,national
2025,AZ,549300HPQK71BCBQVT93,,692,301,04019:247; Maricopa:23; 04021:8; 04003:7; 04005:4,301,0,0,0,0,100.0,0.0,0.0,national
2025,AZ,549300FX7K8PTEQUU487,PENTAGON FEDERAL CREDIT UNION,616,290,Maricopa:195; 04019:35; 04021:15; 04025:14; 04003:13,257,1,32,0,0,88.62,0.34,11.03,national
2025,AZ,549300M8WGW2D17CZD19,,371,284,04025:177; Maricopa:63; 04015:21; 04021:13; 04019:4,205,64,15,0,0,72.18,22.54,5.28,national
2025,AZ,549300NWBS6MQJX15N44,,397,284,Maricopa:227; 04021:18; 04005:9; 04019:8; 04015:6,267,9,8,0,0,94.01,3.17,2.82,national
2025,AZ,2549008TT6UNYR7AXF54,,447,282,Maricopa:244; 04021:13; 04025:7; 04017:4; 04005:4,224,32,26,0,0,79.43,11.35,9.22,national
2025,AZ,337KMNHEWWWR6B7Q7W10,,343,281,Maricopa:239; 04005:20; 04017:8; 04021:6; 04025:4,277,3,1,0,0,98.58,1.07,0.36,national
2025,AZ,549300VORTI31GZTJL53,"CARDINAL FINANCIAL COMPANY, LIMITED PARTNERSHIP",404,281,Maricopa:180; 04019:35; 04021:25; 04025:13; 04015:7,192,81,8,0,0,68.33,28.83,2.85,national
2025,AZ,549300RN01LBYR8ZVX74,"LOWER, LLC",495,280,Maricopa:200; 04021:36; 04019:19; 04025:7; 04015:6,175,87,18,0,0,62.5,31.07,6.43,national
2025,AZ,549300PL267CW8182203,,628,273,Maricopa:180; 04021:27; 04019:25; 04025:12; 04027:8,51,107,115,0,0,18.68,39.19,42.12,national
2025,AZ,254900E6AIE4Z8YQM970,Citadel Servicing Corporation,416,267,Maricopa:166; 04019:46; 04025:13; 04015:10; 04021:8,267,0,0,0,0,100.0,0.0,0.0,national
2025,AZ,PAOOWF3GUFM46FBSP561,,660,265,Maricopa:153; 04019:33; 04021:19; 04025:15; 04015:13,128,82,55,0,0,48.3,30.94,20.75,national
2025,AZ,254900M2C4Q6DATP2889,,718,260,Maricopa:130; 04019:42; 04021:31; 04015:18; 04025:12,50,136,74,0,0,19.23,52.31,28.46,national
2025,AZ,549300S7EJRY2DY1UR88,,384,258,Maricopa:137; 04015:38; 04007:37; 04021:17; 04017:10,162,73,13,10,0,62.79,28.29,5.04,national
2025,AZ,C5654JQHZUHN0772B561,USAA Federal Savings Bank,575,257,Maricopa:115; 04021:32; 04019:31; 04025:18; 04003:16,106,0,151,0,0,41.25,0.0,58.75,national
2025,AZ,549300GS0W0TEUQS8571,"Morgan Stanley Private Bank, National Association",319,256,Maricopa:183; 04019:28; 04005:16; 04025:12; 04021:6,256,0,0,0,0,100.0,0.0,0.0,national
2025,AZ,549300R77W0P105C3S50,HOMEXPRESS MORTGAGE CORP.,442,254,Maricopa:146; 04015:37; 04019:22; 04021:12; 04025:10,246,4,4,0,0,96.85,1.57,1.57,national
2025,AZ,5493009B17HXCVXTD608,"JMAC LENDING, INC.",383,252,Maricopa:164; 04019:34; 04021:20; 04003:7; 04005:6,185,53,9,5,0,73.41,21.03,3.57,national
2025,AZ,5493009V3WNJX9V2GZ85,,399,252,Maricopa:233; 04021:13; 04015:2; 04019:1; 04025:1,250,2,0,0,0,99.21,0.79,0.0,national
2025,AZ,549300ZWNETGFXTBBY03,,419,252,Maricopa:198; 04021:36; 04015:5; 04019:3; 04025:3,189,44,16,3,0,75.0,17.46,6.35,national
2025,AZ,549300O6Z0I6KYMESL47,AMWEST FUNDING CORP.,377,251,Maricopa:196; 04019:20; 04021:15; 04015:7; 04005:5,237,9,5,0,0,94.42,3.59,1.99,national
2025,AZ,549300Q50XCC0473FG63,,446,246,Maricopa:170; 04019:32; 04021:17; 04025:10; 04015:8,246,0,0,0,0,100.0,0.0,0.0,national
2025,AZ,549300ESRQ6OLBB56N04,,393,240,04015:95; 04025:66; 04027:22; Maricopa:22; 04005:14,226,6,6,2,0,94.17,2.5,2.5,national
2025,AZ,FU7RSW4CQQY98A2O7J66,,401,237,Maricopa:185; 04019:23; 04021:8; 04017:7; 04005:5,228,7,2,0,0,96.2,2.95,0.84,national
2025,AZ,549300INFJ8TYNZ1G568,,245,233,Maricopa:170; 04019:26; 04025:17; 04021:7; 04017:4,233,0,0,0,0,100.0,0.0,0.0,national
2025,AZ,549300YX5RPSSMR88K92,,261,232,Maricopa:213; 04025:6; 04021:4; 04017:3; 04007:2,232,0,0,0,0,100.0,0.0,0.0,national
2025,AZ,5493008CPTDVOS570626,"Primary Residential Mortgage, Inc.",514,226,Maricopa:166; 04019:28; 04025:13; 04021:8; 04015:3,226,0,0,0,0,100.0,0.0,0.0,national
2025,AZ,549300MHH03ICJYEPE85,,313,220,Maricopa:117; 04019:28; 04025:21; 04015:17; 04021:14,37,183,0,0,0,16.82,83.18,0.0,national
2025,AZ,549300SUCQ1358EGVE89,"NEW DAY FINANCIAL, LLC",1360,219,Maricopa:76; 04019:32; 04015:24; 04021:23; 04003:20,0,3,216,0,0,0.0,1.37,98.63,national
2025,AZ,5493000OIGWIS24A1547,,252,218,Maricopa:182; 04021:35; 04019:1,111,86,21,0,0,50.92,39.45,9.63,national
2025,AZ,549300GTVXJ2PGXNLM73,T2 FINANCIAL LLC,289,216,04019:116; Maricopa:52; 04015:23; 04021:9; 04003:5,135,48,27,6,0,62.5,22.22,12.5,national
2025,AZ,5493004AS1SPBQOFDR49,"Change Lending, LLC",371,210,Maricopa:126; 04025:26; 04021:16; 04019:12; 04015:11,206,3,1,0,0,98.1,1.43,0.48,national
2025,AZ,5493005JPZ3LXXMB0S24,"Carrington Mortgage Services, LLC",277,206,Maricopa:140; 04021:23; 04025:23; 04015:16; 04019:3,159,27,20,0,0,77.18,13.11,9.71,national
2025,AZ,549300323EON4W3CCM44,"RESICENTRAL, LLC",309,204,Maricopa:131; 04021:23; 04019:18; 04025:13; 04015:5,157,27,20,0,0,76.96,13.24,9.8,national
2025,AZ,549300C4RD3C53QCM649,,267,200,Maricopa:98; 04021:33; 04005:28; 04025:17; 04017:6,141,48,9,2,0,70.5,24.0,4.5,national
2025,AZ,5493009BD405QQTMXO12,TOLL BROTHERS MORTGAGE COMPANY,377,196,Maricopa:146; 04021:50,157,19,20,0,0,80.1,9.69,10.2,national
2025,AZ,549300Y5Y88FQLI7VE83,DEEPHAVEN MORTGAGE LLC,319,193,Maricopa:136; 04019:35; 04015:5; 04025:4; 04021:3,193,0,0,0,0,100.0,0.0,0.0,national
2025,AZ,5493006LCVYJR3AYGA52,,299,190,Maricopa:152; 04021:14; 04005:8; 04025:8; 04017:2,166,0,22,2,0,87.37,0.0,11.58,national
2025,AZ,549300PQLK8E48ILXV41,,321,190,Maricopa:117; 04021:24; 04019:18; 04025:9; 04005:6,178,12,0,0,0,93.68,6.32,0.0,national
2025,AZ,549300T7HRS5DVBUPQ06,,210,181,04003:99; 04009:43; 04019:22; Maricopa:5; 04011:4,107,26,44,4,0,59.12,14.36,24.31,national
2025,AZ,549300RA3E0BUFO7YZ21,"Hometown Equity Mortgage, LLC",317,172,Maricopa:130; 04019:12; 04021:9; 04015:6; 04005:5,165,6,1,0,0,95.93,3.49,0.58,national
2025,AZ,5493000349C5XXDRQX28,,275,169,Maricopa:112; 04019:22; 04021:17; 04017:6; 04015:3,143,20,6,0,0,84.62,11.83,3.55,national
2025,AZ,549300KM40FP4MSQU941,,273,169,Maricopa:107; 04019:21; 04021:20; 04025:6; 04015:6,169,0,0,0,0,100.0,0.0,0.0,national
2025,AZ,5493008VVXQIDO1EZ460,,243,167,Maricopa:71; 04027:55; 04021:17; 04019:16; 04015:4,99,29,39,0,0,59.28,17.37,23.35,national
2025,AZ,5493002TJKC8NLH1ZP82,,252,166,04027:110; Maricopa:25; 04019:14; 04021:8; 04025:4,69,69,27,1,0,41.57,41.57,16.27,national
2025,AZ,5493000YNV8IX4VD3X12,"VANDERBILT MORTGAGE AND FINANCE, INC.",1338,160,Maricopa:28; 04001:26; 04005:17; 04015:16; 04025:15,160,0,0,0,0,100.0,0.0,0.0,national
2025,AZ,5493002Y5XYV7DV1ZV88,"GOLD STAR MORTGAGE FINANCIAL GROUP, CORPORATION",287,158,Maricopa:104; 04021:20; 04019:13; 04015:8; 04025:3,80,62,15,1,0,50.63,39.24,9.49,national
2025,AZ,549300CY7WNAHKHYSJ73,,190,158,Maricopa:102; 04025:37; 04021:13; 04019:3; 04005:2,122,22,12,2,0,77.22,13.92,7.59,national
2025,AZ,549300PL8ER6H23P0Z91,,230,158,Maricopa:125; 04021:16; 04019:14; 04023:2; 04007:1,123,22,13,0,0,77.85,13.92,8.23,national
2025,AZ,549300BX448ALT10FI43,The Federal Savings Bank,493,157,Maricopa:95; 04019:22; 04021:10; 04025:10; 04003:7,32,4,121,0,0,20.38,2.55,77.07,national
2025,AZ,254900F4CV5EF7UPS652,,202,155,Maricopa:125; 04019:22; 04021:7; 04005:1,155,0,0,0,0,100.0,0.0,0.0,national
2025,AZ,2549004FXPNKCLIN8250,,238,152,Maricopa:75; 04025:41; 04005:13; 04017:8; 04019:4,116,22,13,1,0,76.32,14.47,8.55,national
2025,AZ,549300S5FVOSK5DQJN30,,182,149,04005:70; Maricopa:32; 04025:29; 04021:9; 04015:3,129,12,7,1,0,86.58,8.05,4.7,national
2025,AZ,549300C4J510S9L1RF98,,176,148,Maricopa:130; 04019:7; 04021:4; 04005:4; 04007:1,147,1,0,0,0,99.32,0.68,0.0,national
2025,AZ,549300LROQOOQU77WS20,,299,142,Maricopa:103; 04019:16; 04025:7; 04015:5; 04021:4,139,2,1,0,0,97.89,1.41,0.7,national
2025,AZ,213800XR2TCBQJSF1X93,,245,141,Maricopa:88; 04019:24; 04021:11; 04017:4; 04025:4,107,1,33,0,0,75.89,0.71,23.4,national
2025,AZ,549300RFLICNI75BG067,Luminate Bank,199,141,Maricopa:117; 04021:8; 04025:8; 04005:2; 04015:2,94,23,24,0,0,66.67,16.31,17.02,national
2025,AZ,549300KOAKQX3BEWWT56,,171,138,Maricopa:64; 04021:54; 04025:17; 04017:1; 04005:1,114,16,8,0,0,82.61,11.59,5.8,national
2025,AZ,549300KSOOZZVXCMA627,ANGEL OAK MORTGAGE SOLUTIONS LLC,237,137,Maricopa:91; 04019:11; 04021:10; 04003:7; 04015:6,137,0,0,0,0,100.0,0.0,0.0,national
2025,AZ,549300RU0T31BIA8UR19,,161,134,Maricopa:121; 04021:8; 04025:3; 04005:1; 04019:1,54,69,11,0,0,40.3,51.49,8.21,national
2025,AZ,549300UR5AOWTJJ7KZ64,,206,133,Maricopa:96; 04019:14; 04021:8; 04025:4; 04023:3,133,0,0,0,0,100.0,0.0,0.0,national
2025,AZ,549300MUXFVZKH4XLG17,,166,130,04015:81; 04027:28; Maricopa:16; 04025:4; 04019:1,76,25,18,11,0,58.46,19.23,13.85,national
2025,AZ,549300J6N77Q8OHYNF23,,200,129,Maricopa:87; 04025:24; 04015:7; 04021:4; 04019:2,94,23,12,0,0,72.87,17.83,9.3,national
2025,AZ,549300SCFWZXMDMZPE93,,174,127,Maricopa:86; 04015:11; 04025:9; 04021:7; 04005:6,98,23,6,0,0,77.17,18.11,4.72,national
2025,AZ,549300KX4S1573HISS22,,221,126,Maricopa:98; 04021:7; 04005:5; 04019:4; 04015:4,117,6,3,0,0,92.86,4.76,2.38,national
2025,AZ,5493002LPXKMOZNXUY90,,174,124,Maricopa:102; 04021:12; 04017:4; 04019:2; 04003:1,121,0,3,0,0,97.58,0.0,2.42,national
2025,AZ,254900HA4DQWAE0W3342,"AMERIHOME MORTGAGE COMPANY, LLC",252,123,Maricopa:57; 04021:18; 04019:12; 04015:11; 04027:10,36,78,9,0,0,29.27,63.41,7.32,national
2025,AZ,549300ZS1TR1B4LHX377,,178,120,Maricopa:69; 04015:14; 04021:9; 04025:9; 04019:9,120,0,0,0,0,100.0,0.0,0.0,national
2025,AZ,5493001SDQVS1NWYH012,,136,117,Maricopa:97; 04021:9; 04019:8; 04005:2; 04025:1,78,37,2,0,0,66.67,31.62,1.71,national
2025,AZ,54930048P8RWCQHQM310,,171,117,Maricopa:91; 04019:7; 04025:6; 04015:4; 04021:3,117,0,0,0,0,100.0,0.0,0.0,national
2025,AZ,70WY0ID1N53Q4254VH70,,253,111,Maricopa:105; 04021:2; 04017:1; 04007:1; 04019:1,111,0,0,0,0,100.0,0.0,0.0,national
2025,AZ,549300Q02LGIN9AXKP98,,177,110,Maricopa:73; 04019:23; 04015:4; 04025:4; 04021:4,110,0,0,0,0,100.0,0.0,0.0,national
2025,AZ,5493003GO99ZQDTH5407,,143,107,Maricopa:103; 04021:4,55,34,18,0,0,51.4,31.78,16.82,national
2025,AZ,5493008ZTV4S0W9DCX64,,240,106,Maricopa:75; 04021:15; 04019:4; 04015:3; 04025:3,51,49,5,1,0,48.11,46.23,4.72,national
2025,AZ,549300ALNLUNS3Y53T24,,605,106,Maricopa:42; 04019:16; 04025:16; 04021:9; 04015:8,53,45,8,0,0,50.0,42.45,7.55,national
2025,AZ,549300DK7QID2ZON6Q55,,220,105,Maricopa:78; 04019:9; 04021:7; 04025:4; 04005:2,101,3,1,0,0,96.19,2.86,0.95,national
2025,AZ,549300INKSPQCTELMO58,,128,105,Maricopa:72; 04021:25; 04027:2; 04025:1; 04007:1,73,27,5,0,0,69.52,25.71,4.76,national
2025,AZ,549300F8C5JA44WNMI75,AMERICAN NEIGHBORHOOD MORTGAGE ACCEPTANCE COMPANY LLC,265,104,04021:79; Maricopa:15; 04019:5; 04017:2; 04007:1,41,57,6,0,0,39.42,54.81,5.77,national
2025,AZ,549300G5DVGM0ZHRQC33,,142,103,Maricopa:39; 04019:23; 04021:10; 04027:8; 04003:7,6,0,97,0,0,5.83,0.0,94.17,national
2025,AZ,54930083FPG64S0CPC15,,136,102,04019:100; 04003:1; 04023:1,102,0,0,0,0,100.0,0.0,0.0,national
2025,AZ,5493000OM9RKJW8W5K82,,146,101,Maricopa:92; 04019:3; 04015:3; 04003:1; 04025:1,87,7,7,0,0,86.14,6.93,6.93,national
2025,AZ,II61D6IY86YZ37HBBL25,,131,101,Maricopa:98; 04005:1; 04019:1; 04021:1,101,0,0,0,0,100.0,0.0,0.0,national
2025,AZ,549300UB5TJ0YPVPT503,,131,99,04015:78; Maricopa:12; 04021:3; 04019:2; 04027:1,59,14,17,9,0,59.6,14.14,17.17,national
2025,AZ,549300GWD9H4FQ2VR805,,123,98,Maricopa:77; 04019:7; 04005:6; 04021:5; 04025:2,98,0,0,0,0,100.0,0.0,0.0,national
2025,AZ,549300R0DP2GXAIMGB41,,118,98,04025:61; Maricopa:25; 04005:8; 04007:2; 04019:1,91,5,2,0,0,92.86,5.1,2.04,national
2025,AZ,254900RM3T6WAVE6SA24,,130,97,Maricopa:88; 04019:5; 04021:2; 04025:1; 04003:1,92,5,0,0,0,94.85,5.15,0.0,national
2025,AZ,5493004RLLKTQS8K7U51,,165,96,Maricopa:79; 04021:7; 04005:3; 04019:3; 04015:1,96,0,0,0,0,100.0,0.0,0.0,national
2025,AZ,549300LG07PXWSIMC813,,149,95,Maricopa:78; 04021:12; 04005:3; 04019:1; 04025:1,95,0,0,0,0,100.0,0.0,0.0,national
2025,AZ,L9VVX1KT5TFTKS0MLF66,First-Citizens Bank & Trust Company,159,95,Maricopa:66; 04019:21; 04021:4; 04015:2; 04027:1,94,1,0,0,0,98.95,1.05,0.0,national
2025,AZ,549300JRDGV1559XM376,,147,92,Maricopa:86; 04021:4; 04015:1; 04005:1,61,23,8,0,0,66.3,25.0,8.7,national
2025,AZ,549300QKL5FUBZ8LSF50,,138,91,Maricopa:65; 04021:9; 04019:6; 04025:3; 04015:3,58,24,9,0,0,63.74,26.37,9.89,national
2025,AZ,549300XCVBRR56D08F03,,510,91,Maricopa:46; 04015:11; 04019:9; 04021:8; 04025:4,82,8,1,0,0,90.11,8.79,1.1,national
2025,AZ,CKVBED0S4DMLKJJ5XH28,,99,90,Maricopa:64; 04021:5; 04019:5; 04025:5; 04015:5,90,0,0,0,0,100.0,0.0,0.0,national
2025,AZ,549300XWUSRVVOHPRY47,Academy Mortgage Corporation,449,89,Maricopa:68; 04021:6; 04019:5; 04025:4; 04015:4,71,15,3,0,0,79.78,16.85,3.37,national
2025,AZ,549300KTR1JGH3K6LU06,FOURLEAF,222,85,Maricopa:64; 04019:8; 04025:3; 04021:3; 04005:2,85,0,0,0,0,100.0,0.0,0.0,national
2025,AZ,549300XRB0LTJL53XI04,,147,84,Maricopa:52; 04021:27; 04005:4; 04007:1,84,0,0,0,0,100.0,0.0,0.0,national
2025,AZ,5493001PXRJMPLXPG540,,177,83,04019:58; Maricopa:15; 04015:4; 04003:3; 04027:1,83,0,0,0,0,100.0,0.0,0.0,national
2025,AZ,5493000EUC3MM52PJV85,,139,81,Maricopa:59; 04021:7; 04015:5; 04005:3; 04019:3,77,3,1,0,0,95.06,3.7,1.23,national
2025,AZ,549300XO6U4LD9JWE008,,79,78,Maricopa:62; 04021:8; 04025:3; 04017:2; 04007:1,78,0,0,0,0,100.0,0.0,0.0,national
2025,AZ,549300ZIQ24V0C88AC41,GTE Federal Credit Union,103,78,Maricopa:54; 04021:6; 04025:4; 04019:3; 04027:3,78,0,0,0,0,100.0,0.0,0.0,national
2025,AZ,549300PBTV7FCWLSMM53,,120,77,Maricopa:38; 04021:16; 04019:7; 04015:6; 04025:4,8,9,60,0,0,10.39,11.69,77.92,national
2025,AZ,549300R7HGHP2I754087,TOWNE MORTGAGE COMPANY,105,77,Maricopa:57; 04021:9; 04017:5; 04025:2; 04019:2,45,22,7,3,0,58.44,28.57,9.09,national
2025,AZ,984500DA79C1B97ACF16,,142,76,Maricopa:68; 04021:5; 04015:1; 04025:1; 04005:1,76,0,0,0,0,100.0,0.0,0.0,national
2025,AZ,5493002OVIWOKVJME308,,81,75,Maricopa:43; 04021:32,15,51,8,1,0,20.0,68.0,10.67,national
2025,AZ,549300R4F5COFJE0DN81,,110,75,04019:51; Maricopa:14; 04021:4; 04015:2; 04023:1,68,6,1,0,0,90.67,8.0,1.33,national
2025,AZ,549300UXY7OP0IC38293,,115,75,Maricopa:48; 04025:10; 04019:4; 04021:4; 04005:4,71,3,1,0,0,94.67,4.0,1.33,national
2025,AZ,E57ODZWZ7FF32TWEFA76,"Citibank, National Association",200,75,Maricopa:57; 04019:5; 04015:5; 04025:4; 04023:2,75,0,0,0,0,100.0,0.0,0.0,national
2025,AZ,549300BLL6VL7AXWYP56,,136,74,Maricopa:47; 04019:10; 04021:9; 04007:2; 04027:2,54,18,2,0,0,72.97,24.32,2.7,national
2025,AZ,C398JSK21YCXWM603F55,"Barrington Bank & Trust Company, National Association",121,73,Maricopa:43; 04021:9; 04019:4; 04025:4; 04027:3,52,2,19,0,0,71.23,2.74,26.03,national
2025,AZ,254900HEJ9F73IMPX887,,191,72,Maricopa:51; 04019:10; 04021:3; 04015:3; 04025:2,71,0,1,0,0,98.61,0.0,1.39,national
2025,AZ,5493001JT9MT3Z3Y3M39,,101,72,Maricopa:54; 04021:11; 04019:4; 04015:1; 04025:1,72,0,0,0,0,100.0,0.0,0.0,national
2025,AZ,549300ZPSJZO10ZAX556,"AMERICAN HERITAGE LENDING, LLC",132,72,Maricopa:51; 04015:7; 04005:4; 04019:3; 04027:2,72,0,0,0,0,100.0,0.0,0.0,national
2025,AZ,254900TG14TB8RKS3U42,,133,71,Maricopa:49; 04019:9; 04021:5; 04017:2; 04025:2,57,12,2,0,0,80.28,16.9,2.82,national
2025,AZ,54930025XJJO3T0M1A92,,102,71,Maricopa:58; 04005:4; 04025:3; 04001:2; 04019:2,71,0,0,0,0,100.0,0.0,0.0,national
2025,AZ,54930030Z1JWTP3SVD16,,136,71,Maricopa:43; 04021:7; 04019:6; 04015:4; 04007:4,29,38,4,0,0,40.85,53.52,5.63,national
2025,AZ,54930082CRK7E43ZJ680,,100,70,Maricopa:52; 04019:8; 04025:3; 04017:2; 04021:2,70,0,0,0,0,100.0,0.0,0.0,national
2025,AZ,549300TA4MQM8WN2XG31,,119,70,Maricopa:41; 04019:9; 04021:7; 04015:5; 04027:5,70,0,0,0,0,100.0,0.0,0.0,national
2025,AZ,2549004Z576VEJBK3N72,"NQM FUNDING, LLC",97,69,Maricopa:54; 04025:7; 04019:2; 04021:2; 04017:1,64,4,1,0,0,92.75,5.8,1.45,national
2025,AZ,WWB2V0FCW3A0EE3ZJN75,Manufacturers and Traders Trust Company,126,69,Maricopa:39; 04019:12; 04021:6; 04025:4; 04015:3,15,16,38,0,0,21.74,23.19,55.07,national
2025,AZ,549300LZUXCJFE5ONM48,,87,68,Maricopa:24; 04019:21; 04021:8; 04025:7; 04003:3,0,68,0,0,0,0.0,100.0,0.0,national
2025,AZ,549300UT4EN6IH579Q63,,97,68,04019:39; Maricopa:19; 04021:5; 04025:1; 04015:1,34,28,6,0,0,50.0,41.18,8.82,national
2025,AZ,549300F6NSBOJBM9ED39,,99,67,Maricopa:45; 04021:7; 04015:6; 04025:4; 04019:3,65,1,1,0,0,97.01,1.49,1.49,national
2025,AZ,9845006YE04B346EC919,,205,67,Maricopa:44; 04021:9; 04025:4; 04015:4; 04019:3,35,15,17,0,0,52.24,22.39,25.37,national
2025,AZ,549300HWQV4ZV6WMCK88,,100,66,04003:36; 04019:15; 04009:7; 04023:5; 04027:1,66,0,0,0,0,100.0,0.0,0.0,national
2025,AZ,549300QTN66CFMVWLH03,,90,65,Maricopa:62; 04021:2; 04025:1,65,0,0,0,0,100.0,0.0,0.0,national
2025,AZ,2WHM8VNJH63UN14OL754,The Huntington National Bank,95,64,Maricopa:48; 04019:13; 04025:1; 04003:1; 04027:1,63,0,1,0,0,98.44,0.0,1.56,national
2025,AZ,5493009QYNVEZ9VDJU57,,95,64,Maricopa:34; 04017:25; 04005:3; 04025:2,37,19,5,3,0,57.81,29.69,7.81,national
2025,AZ,549300Z6EE8DBBFUW487,,76,64,Maricopa:54; 04025:5; 04017:2; 04021:2; 04019:1,64,0,0,0,0,100.0,0.0,0.0,national
2025,AZ,254900114YHTRFBALC74,,64,63,Maricopa:57; 04003:3; 04019:1; 04021:1; 04015:1,63,0,0,0,0,100.0,0.0,0.0,national
2025,AZ,254900CTT87ZKAUTIJ37,,112,63,Maricopa:47; 04021:5; 04017:5; 04001:2; 04019:2,63,0,0,0,0,100.0,0.0,0.0,national
2025,AZ,254900P681DTTH4I3144,,92,62,Maricopa:46; 04021:10; 04017:2; 04015:1; 04005:1,62,0,0,0,0,100.0,0.0,0.0,national
2025,AZ,5493007CLWQN2S6IZK91,,89,59,Maricopa:47; 04019:6; 04021:3; 04003:2; 04025:1,36,3,20,0,0,61.02,5.08,33.9,national
2025,AZ,549300CK7U1WMTIG6687,,90,59,Maricopa:44; 04021:5; 04019:3; 04025:3; 04015:2,13,46,0,0,0,22.03,77.97,0.0,national
2025,AZ,254900JH11ROOV921P96,,79,58,Maricopa:37; 04015:14; 04021:4; 04025:2; 04027:1,38,20,0,0,0,65.52,34.48,0.0,national
2025,AZ,54930052M48FOD3CWA54,"PRIMARY RESIDENTIAL MORTGAGE, INC.",84,58,04015:29; Maricopa:21; 04021:5; 04005:1; 04025:1,43,10,5,0,0,74.14,17.24,8.62,national
2025,AZ,549300BOXNV8VLRBDT24,,105,58,Maricopa:38; 04019:10; 04025:4; 04021:3; 04003:2,58,0,0,0,0,100.0,0.0,0.0,national
2025,AZ,549300S8SHBRCI7UU819,,111,58,Maricopa:40; 04019:8; 04025:5; 04021:2; 04017:2,58,0,0,0,0,100.0,0.0,0.0,national
2025,AZ,549300ZZME37MXI1EF14,,88,58,Maricopa:26; 04019:20; 04003:5; 04025:2; 04021:2,33,15,10,0,0,56.9,25.86,17.24,national
2025,AZ,549300HRLROF7PLJ6735,CLEAREDGE LENDING LLC,103,57,Maricopa:42; 04015:5; 04005:3; 04019:2; 04025:2,57,0,0,0,0,100.0,0.0,0.0,national
2025,AZ,254900RQX8N4HXJIDK44,,75,54,Maricopa:37; 04015:4; 04025:3; 04007:2; 04005:2,28,24,2,0,0,51.85,44.44,3.7,national
2025,AZ,549300TK6RZQSFXZHV09,,95,54,Maricopa:36; 04021:8; 04019:5; 04005:1; 04025:1,41,11,2,0,0,75.93,20.37,3.7,national
2025,AZ,Q708HHR4LD2B7XIZNO92,First Federal Bank,95,54,Maricopa:34; 04019:5; 04021:5; 04025:4; 04027:2,47,0,7,0,0,87.04,0.0,12.96,national
2025,AZ,549300A5HHOL2ED18C72,,123,53,Maricopa:35; 04015:4; 04023:3; 04019:3; 04021:2,53,0,0,0,0,100.0,0.0,0.0,national
2025,AZ,254900IEGKUDRDS23V26,,71,52,Maricopa:40; 04021:5; 04019:4; 04015:1; 04017:1,52,0,0,0,0,100.0,0.0,0.0,national
2025,AZ,254900LTD432L5CHIZ48,,93,51,Maricopa:36; 04021:4; 04027:4; 04019:3; 04025:2,47,4,0,0,0,92.16,7.84,0.0,national
2025,AZ,254900WTZC5SSKIN2M11,,108,51,Maricopa:33; 04019:6; 04025:5; 04021:4; 04015:1,51,0,0,0,0,100.0,0.0,0.0,national
2025,AZ,54930060G4MDPWHISD89,,67,51,Maricopa:24; 04021:9; 04015:6; 04019:5; 04025:3,40,5,6,0,0,78.43,9.8,11.76,national
2025,AZ,549300W45D2J6BT4LX65,,51,51,Maricopa:46; 04005:2; 04025:1; 04007:1; 04017:1,51,0,0,0,0,100.0,0.0,0.0,national
2025,AZ,549300Q6YL1SFVPEGV90,,125,50,Maricopa:35; 04019:6; 04021:4; 04025:2; 04009:1,12,34,4,0,0,24.0,68.0,8.0,national
2025,AZ,549300FWQNRPTKXB8G79,,68,49,Maricopa:20; 04021:13; 04005:7; 04025:6; 04015:2,33,12,4,0,0,67.35,24.49,8.16,national
2025,AZ,254900BMXWPEHXG4LF21,,72,48,Maricopa:34; 04019:5; 04021:3; 04007:2; 04025:2,31,17,0,0,0,64.58,35.42,0.0,national
2025,AZ,254900QNIR86GUIRYH95,,120,48,Maricopa:31; 04019:5; 04021:4; 04015:4; 04012:1,37,7,4,0,0,77.08,14.58,8.33,national
2025,AZ,549300C1ICNCM0V37Y02,,48,48,Maricopa:38; 04019:3; 04025:2; 04021:2; 04007:1,47,1,0,0,0,97.92,2.08,0.0,national
2025,AZ,549300TMY3OACQC9U777,,85,47,Maricopa:32; 04025:4; 04015:3; 04021:3; 04017:2,47,0,0,0,0,100.0,0.0,0.0,national
2025,AZ,5493006KQF5UKZ3Y9N07,,61,46,Maricopa:40; 04021:3; 04019:1; 04009:1; 04027:1,25,11,10,0,0,54.35,23.91,21.74,national
2025,AZ,549300KHXD7JSQUZIJ22,,65,46,04025:36; Maricopa:7; 04003:1; 04005:1; 04015:1,26,11,9,0,0,56.52,23.91,19.57,national
2025,AZ,IFQSIUC9AGQV2NE8CN25,,67,46,Maricopa:35; 04021:3; 04015:3; 04019:2; 04005:1,46,0,0,0,0,100.0,0.0,0.0,national
2025,AZ,549300CYXW7LD00YCQ70,,59,45,04021:43; Maricopa:1; 04007:1,45,0,0,0,0,100.0,0.0,0.0,national
2025,AZ,549300GQDT484LGI9C04,,438,45,Maricopa:23; 04015:6; 04019:4; 04027:3; 04021:3,32,5,8,0,0,71.11,11.11,17.78,national
2025,AZ,254900N860L1FESYGP70,,55,44,Maricopa:14; 04021:13; 04025:11; 04003:1; 04007:1,44,0,0,0,0,100.0,0.0,0.0,national
2025,AZ,5493000H6DFDDJRORG89,,167,44,Maricopa:26; 04019:5; 04025:3; 04017:2; 04003:2,32,8,4,0,0,72.73,18.18,9.09,national
2025,AZ,5493000IIYWBLONJVJ30,,78,44,Maricopa:28; 04019:6; 04005:4; 04017:2; 04027:1,41,3,0,0,0,93.18,6.82,0.0,national
2025,AZ,549300KP95LHU8OP0H40,,46,44,Maricopa:24; 04015:6; 04021:4; 04019:3; 04027:2,44,0,0,0,0,100.0,0.0,0.0,national
2025,AZ,549300UVOSI4XZZGUE14,,116,44,Maricopa:16; 04019:9; 04021:6; 04015:4; 04027:4,7,22,15,0,0,15.91,50.0,34.09,national
2025,AZ,254900ERGGNLW2R5J379,,52,43,04025:42; Maricopa:1,36,5,2,0,0,83.72,11.63,4.65,national
2025,AZ,254900NZOY3XB2DNSZ34,,58,43,Maricopa:29; 04019:6; 04021:2; 04025:2; 04003:2,43,0,0,0,0,100.0,0.0,0.0,national
2025,AZ,549300REENMLD2RN3W58,,67,43,Maricopa:19; 04019:8; 04021:5; 04007:2; 04025:2,7,1,35,0,0,16.28,2.33,81.4,national
2025,AZ,2549002VH9C0PKB8K153,,87,41,Maricopa:27; 04025:4; 04021:3; 04019:3; 04015:2,41,0,0,0,0,100.0,0.0,0.0,national
2025,AZ,549300748YYU6VG08N83,,57,41,Maricopa:23; 04021:7; 04025:6; 04019:1; 04015:1,18,22,0,1,0,43.9,53.66,0.0,national
2025,AZ,549300UG7QXKM7KGV847,,72,41,Maricopa:17; 04019:12; 04015:5; 04021:2; 04025:2,37,2,2,0,0,90.24,4.88,4.88,national
2025,AZ,254900DNPJINSUKFZ002,,54,40,Maricopa:27; 04019:12; 04025:1,40,0,0,0,0,100.0,0.0,0.0,national
2025,AZ,254900O2K17TNH5CL873,"RF RENOVO MANAGEMENT COMPANY, LLC",58,40,Maricopa:31; 04019:6; 04021:1; 04017:1; 04027:1,40,0,0,0,0,100.0,0.0,0.0,national
2025,AZ,254900WT4HAMDFWH3048,,109,40,Maricopa:22; 04019:5; 04025:5; 04021:4; 04015:2,16,24,0,0,0,40.0,60.0,0.0,national
2025,AZ,549300DCGBXW5FJMV921,,40,40,Maricopa:33; 04021:2; 04025:2; 04012:1; 04019:1,39,1,0,0,0,97.5,2.5,0.0,national
2025,AZ,549300JD1162QW84ZO34,,41,40,Maricopa:22; 04019:7; 04021:5; 04015:2; 04025:2,40,0,0,0,0,100.0,0.0,0.0,national
2025,AZ,549300A68YW07V5R5G22,,81,38,Maricopa:31; 04021:3; 04005:1; 04001:1; 04019:1,38,0,0,0,0,100.0,0.0,0.0,national
2025,AZ,549300W4FT4H1UWPGU95,GREENSTATE Credit Union,50,38,Maricopa:27; 04019:8; 04017:2; 04021:1,34,0,4,0,0,89.47,0.0,10.53,national
2025,AZ,984500F6E6940CCB6A60,,61,38,Maricopa:25; 04005:3; 04021:3; 04025:3; 04019:2,38,0,0,0,0,100.0,0.0,0.0,national
2025,AZ,ZXMJHJK466PBZTM5F379,,51,38,Maricopa:32; 04019:2; 04025:1; 04005:1; 04015:1,38,0,0,0,0,100.0,0.0,0.0,national
2025,AZ,254900RNV63A0TIZNK90,,57,37,Maricopa:32; 04021:2; 04015:1; 04005:1; 04025:1,26,11,0,0,0,70.27,29.73,0.0,national
2025,AZ,5493001X0T84TYRJ5Y59,,58,37,Maricopa:22; 04025:5; 04019:5; 04021:2; 04005:2,37,0,0,0,0,100.0,0.0,0.0,national
2025,AZ,5493008TO7JB5Q4IKZ94,HUNT MORTGAGE CORPORATION,53,37,Maricopa:21; 04021:8; 04025:5; 04001:1; 04007:1,27,5,5,0,0,72.97,13.51,13.51,national
2025,AZ,549300DQLGJ1YQRRHH73,,44,37,Maricopa:31; 04021:3; 04019:2; 04017:1,37,0,0,0,0,100.0,0.0,0.0,national
2025,AZ,549300XRXBA38J60S618,,44,37,04015:25; Maricopa:6; 04025:5; 04007:1,30,7,0,0,0,81.08,18.92,0.0,national
2025,AZ,549300JPGMCMBEJEK584,FIRST TECHNOLOGY,84,36,Maricopa:34; 04025:1; 04019:1,36,0,0,0,0,100.0,0.0,0.0,national
2025,AZ,D38AC76TAMYI50NBPX33,,82,36,Maricopa:13; 04019:9; 04017:3; 04023:3; 04027:3,36,0,0,0,0,100.0,0.0,0.0,national
2025,AZ,5493005PD34O8ZT7QT17,,41,35,Maricopa:29; 04019:6,35,0,0,0,0,100.0,0.0,0.0,national
2025,AZ,98450087981AP406JG03,,43,35,Maricopa:25; 04019:4; 04021:3; 04015:2; 04025:1,35,0,0,0,0,100.0,0.0,0.0,national
2025,AZ,5493003NV9L53LK1XI52,,56,34,Maricopa:22; 04021:5; 04019:3; 04025:3; 04015:1,32,2,0,0,0,94.12,5.88,0.0,national
2025,AZ,549300COIWXM618UBE82,,54,34,Maricopa:28; 04025:2; 04007:1; 04001:1; 04005:1,34,0,0,0,0,100.0,0.0,0.0,national
2025,AZ,549300YPBBHUEKV1YC68,,49,34,Maricopa:22; 04021:8; 04019:3; 04015:1,19,11,4,0,0,55.88,32.35,11.76,national
2025,AZ,2549005Q4HZ55QX7YC64,,39,33,Maricopa:24; 04015:4; 04019:2; 04007:1; 04005:1,31,0,2,0,0,93.94,0.0,6.06,national
2025,AZ,25490018IFQOT83Q7H49,,48,32,04015:13; Maricopa:12; 04021:5; 04025:1; 04005:1,22,9,1,0,0,68.75,28.12,3.12,national
2025,AZ,5493002GI63WHHUTUD85,"KEYSTONE FUNDING, INC.",43,32,Maricopa:17; 04021:5; 04019:3; 04025:2; 04023:2,16,12,4,0,0,50.0,37.5,12.5,national
2025,AZ,549300HVW3AI97UKTO72,,48,32,Maricopa:25; 04019:4; 04005:1; 04025:1; 04021:1,32,0,0,0,0,100.0,0.0,0.0,national
2025,AZ,549300NFPC3Y4W3Y7R87,,67,32,Maricopa:26; 04021:4; 04019:1; 04005:1,20,11,1,0,0,62.5,34.38,3.12,national
2025,AZ,549300OPB0G5OMY0SM65,,56,32,Maricopa:25; 04025:3; 04015:2; 04021:1; 04019:1,31,1,0,0,0,96.88,3.12,0.0,national
2025,AZ,9845001DAE89414CBB55,,77,32,Maricopa:27; 04019:5,32,0,0,0,0,100.0,0.0,0.0,national
2025,AZ,54930039IUN6515TBG78,,34,31,04015:24; Maricopa:4; 04019:1; 04005:1; 04025:1,22,6,3,0,0,70.97,19.35,9.68,national
2025,AZ,549300RFSMIRUODUVW59,,64,31,04021:12; Maricopa:8; 04019:7; 04025:3; 04023:1,31,0,0,0,0,100.0,0.0,0.0,national
2025,AZ,254900I68BOSEM149Q58,,46,29,Maricopa:18; 04021:7; 04027:2; 04025:1; 04007:1,18,7,2,2,0,62.07,24.14,6.9,national
2025,AZ,54930020YWIK7HGH2R34,,36,29,Maricopa:21; 04021:6; 04019:1; 04005:1,21,5,3,0,0,72.41,17.24,10.34,national
2025,AZ,549300KQHWNSVCE2MY88,,49,29,Maricopa:20; 04019:3; 04015:3; 04017:1; 04027:1,26,1,2,0,0,89.66,3.45,6.9,national
2025,AZ,549300REPZK0JXAZ6D94,,42,29,Maricopa:25; 04021:3; 04015:1,25,0,4,0,0,86.21,0.0,13.79,national
2025,AZ,549300RM1IZYGQDSNL85,,144,29,Maricopa:20; 04019:3; 04003:2; 04021:2; 04017:1,18,5,6,0,0,62.07,17.24,20.69,national
2025,AZ,549300RYWXR8TL5LIK35,,66,29,Maricopa:15; 04019:5; 04015:2; 04017:1; 04023:1,20,6,3,0,0,68.97,20.69,10.34,national
2025,AZ,2549005DO6VPVH5MOS59,,43,28,04015:27; Maricopa:1,28,0,0,0,0,100.0,0.0,0.0,national
2025,AZ,5493003V40VGM7YDFM54,FIRST COLONY MORTGAGE CORPORATION,53,28,Maricopa:16; 04015:5; 04019:3; 04021:2; 04007:1,23,4,1,0,0,82.14,14.29,3.57,national
2025,AZ,549300KPHGEE40YQXO21,,45,28,Maricopa:23; 04019:4; 04021:1,28,0,0,0,0,100.0,0.0,0.0,national
2025,AZ,549300LLESTPOVRG3X73,,47,28,Maricopa:21; 04019:2; 04005:2; 04025:2; 04021:1,26,0,2,0,0,92.86,0.0,7.14,national
2025,AZ,IUGPUX5LWRZ3B6KIZ697,Ameris Bank,36,28,Maricopa:22; 04025:2; 04015:1; 04019:1; 04021:1,24,0,4,0,0,85.71,0.0,14.29,national
2025,AZ,254900O28OG3UMHXQY81,,52,27,Maricopa:18; 04005:3; 04015:2; 04019:2; 04025:1,23,2,2,0,0,85.19,7.41,7.41,national
2025,AZ,5493002YXAOJOQPEGS38,,58,27,04019:15; Maricopa:7; 04023:2; 04021:2; 04027:1,1,14,12,0,0,3.7,51.85,44.44,national
2025,AZ,54930091JQKCU3Z6IP44,,478,27,04019:14; Maricopa:11; 04021:2,27,0,0,0,0,100.0,0.0,0.0,national
2025,AZ,549300B4IYL7TZT8FA34,,62,27,Maricopa:17; 04015:6; 04027:1; 04017:1; 04025:1,18,5,4,0,0,66.67,18.52,14.81,national
2025,AZ,549300HTMO7FGRKRLV06,"CLIFFCO, INC.",34,27,Maricopa:25; 04021:1; 04005:1,22,5,0,0,0,81.48,18.52,0.0,national
2025,AZ,549300ISCZS1R0CJMO47,,36,27,Maricopa:21; 04019:3; 04017:1; 04005:1; 04021:1,22,1,4,0,0,81.48,3.7,14.81,national
2025,AZ,254900V6GCDMRQZ34D96,,45,26,Maricopa:20; 04019:2; 04005:2; 04025:1; 04021:1,26,0,0,0,0,100.0,0.0,0.0,national
2025,AZ,549300AENO88GEUWCZ39,,34,26,04015:11; Maricopa:10; 04021:3; 04019:1; 04005:1,20,2,4,0,0,76.92,7.69,15.38,national
2025,AZ,549300IJO7NO6VDZPD35,,42,26,Maricopa:20; 04003:5; 04021:1,9,13,4,0,0,34.62,50.0,15.38,national
2025,AZ,549300T9P3WXNMXX0I34,Ixonia Bank,57,26,Maricopa:10; 04025:5; 04019:5; 04015:3; 04021:2,11,10,5,0,0,42.31,38.46,19.23,national
2025,AZ,254900DRSIZBQXDCJ875,,25,25,Maricopa:16; 04021:3; 04019:2; 04015:2; 04025:1,25,0,0,0,0,100.0,0.0,0.0,national
2025,AZ,254900JZN2V0PWFMW808,,50,25,Maricopa:17; 04019:2; 04015:2; 04025:2; 04021:1,22,2,1,0,0,88.0,8.0,4.0,national
2025,AZ,549300IFOE4SCP384147,University Bank,29,25,Maricopa:12; 04025:7; 04021:3; 04019:2; 04005:1,25,0,0,0,0,100.0,0.0,0.0,national
2025,AZ,549300VMX06UV1F7NS76,,35,25,04005:12; Maricopa:10; 04021:2; 04017:1,15,8,2,0,0,60.0,32.0,8.0,national
2025,AZ,984500CD6F0743B8F530,,30,25,Maricopa:8; 04025:6; 04015:4; 04019:4; 04021:3,4,5,16,0,0,16.0,20.0,64.0,national
2025,AZ,B94HV8SXGDD3J5XESU08,,38,25,Maricopa:12; 04021:5; 04025:4; 04019:4,25,0,0,0,0,100.0,0.0,0.0,national
2025,AZ,5493005JF6BKCN6OY689,,28,24,Maricopa:24,24,0,0,0,0,100.0,0.0,0.0,national
2025,AZ,549300LP0CV2MNC1GV68,,40,24,Maricopa:20; 04007:2; 04025:1; 04027:1,21,0,3,0,0,87.5,0.0,12.5,national
2025,AZ,593C3GZG957YOJPS2Z63,,35,24,Maricopa:17; 04019:2; 04005:2; 04025:2; 04015:1,24,0,0,0,0,100.0,0.0,0.0,national
2025,AZ,DRMSV1Q0EKMEXLAU1P80,"Citizens Bank, National Association",46,23,Maricopa:17; 04019:3; 04025:2; 04021:1,22,0,1,0,0,95.65,0.0,4.35,national
2025,AZ,KD3XUN7C6T14HNAYLU02,,34,23,Maricopa:19; 04019:4,23,0,0,0,0,100.0,0.0,0.0,national
2025,AZ,254900ACU16O36WZP625,,22,22,Maricopa:18; 04021:4,22,0,0,0,0,100.0,0.0,0.0,national
2025,AZ,54930002O9LLXKR6TF11,,41,22,Maricopa:12; 04015:4; 04025:3; 04005:1; 04019:1,19,3,0,0,0,86.36,13.64,0.0,national
2025,AZ,54930034MNPILHP25H80,Gateway First Bank,51,22,04027:8; Maricopa:6; 04015:3; 04019:3; 04021:2,16,1,5,0,0,72.73,4.55,22.73,national
2025,AZ,5493005LWLLN6G3XQP35,,28,22,Maricopa:22,22,0,0,0,0,100.0,0.0,0.0,national
2025,AZ,549300R0SXC1JU7ZU290,"FIRST COMMUNITY MORTGAGE, INC.",27,22,Maricopa:10; 04021:4; 04003:2; 04015:2; 04025:1,17,2,3,0,0,77.27,9.09,13.64,national
2025,AZ,QFROUN1UWUYU0DVIWD51,"Eagle Home Mortgage, LLC",44,22,Maricopa:14; 04027:2; 04025:2; 04015:2; 04005:1,20,0,2,0,0,90.91,0.0,9.09,national
2025,AZ,254900FBWEZ3YUPOBN33,,38,21,Maricopa:15; 04019:2; 04021:2; 04025:1; 04003:1,21,0,0,0,0,100.0,0.0,0.0,national
2025,AZ,549300G4ESSS6M0MEG51,ORIGINPOINT LLC,37,21,Maricopa:12; 04019:4; 04005:2; 04015:2; 04025:1,19,0,2,0,0,90.48,0.0,9.52,national
2025,AZ,549300IKS3MMB5YK6T18,,33,21,Maricopa:9; 04025:4; 04015:3; 04021:2; 04019:2,21,0,0,0,0,100.0,0.0,0.0,national
2025,AZ,549300K6K2IS7FRS7S09,,30,21,Maricopa:11; 04025:3; 04019:2; 04017:2; 04009:1,19,0,2,0,0,90.48,0.0,9.52,national
2025,AZ,EQTWLK1G7ODGC2MGLV11,Regions Bank,24,21,Maricopa:12; 04019:5; 04021:3; 04003:1,21,0,0,0,0,100.0,0.0,0.0,national
2025,AZ,549300249G20MDIDRR27,,103,20,04019:9; 04003:5; 04025:3; 04005:2; 04015:1,3,13,4,0,0,15.0,65.0,20.0,national
2025,AZ,5493003T5D4N1CM46J77,,24,20,Maricopa:15; 04021:3; 04019:1; 04025:1,19,1,0,0,0,95.0,5.0,0.0,national
2025,AZ,54930080168VA6Z8UX21,TOWER Federal Credit Union,25,20,Maricopa:13; 04019:3; 04021:2; 04015:2,20,0,0,0,0,100.0,0.0,0.0,national
2025,AZ,549300WHVRE44NRBU558,,25,20,Maricopa:14; 04021:4; 04019:2,13,7,0,0,0,65.0,35.0,0.0,national
2025,AZ,254900378RFGMBEKAF12,,32,19,04021:6; Maricopa:5; 04019:4; 04027:2; 04005:1,19,0,0,0,0,100.0,0.0,0.0,national
2025,AZ,2549009X2AG1P20YAJ63,,51,19,Maricopa:13; 04005:2; 04021:1; 04003:1; 04015:1,19,0,0,0,0,100.0,0.0,0.0,national
2025,AZ,254900DRVHTCSSS62054,,30,19,04021:17; Maricopa:2,19,0,0,0,0,100.0,0.0,0.0,national
2025,AZ,254900HO9WPE4LTLQU96,,33,19,Maricopa:10; 04015:3; 04019:3; 04021:2; 04025:1,10,3,6,0,0,52.63,15.79,31.58,national
2025,AZ,5493000EO85W8IS2FR22,,30,19,Maricopa:12; 04015:3; 04025:3; 04019:1,19,0,0,0,0,100.0,0.0,0.0,national
2025,AZ,549300AT7EB9FJAF0E61,Old National Bank,34,19,Maricopa:14; 04019:2; 04015:1; 04005:1; 04007:1,18,1,0,0,0,94.74,5.26,0.0,national
2025,AZ,549300F6Y1YO2YXN6135,,19,19,Maricopa:17; 04019:1; 04005:1,19,0,0,0,0,100.0,0.0,0.0,national
2025,AZ,549300KX6E1IE2LM5E30,,29,19,Maricopa:13; 04015:3; 04017:1; 04007:1; 04027:1,19,0,0,0,0,100.0,0.0,0.0,national
2025,AZ,549300X08QKYUH256I80,,21,19,Maricopa:9; 04015:5; 04025:3; 04005:2,18,0,1,0,0,94.74,0.0,5.26,national
2025,AZ,2549007IU6SKFLLNKZ07,,18,18,Maricopa:12; 04021:2; 04025:2; 04005:1; 04015:1,10,6,2,0,0,55.56,33.33,11.11,national
2025,AZ,254900KI7219LQKCI772,,21,18,Maricopa:11; 04019:4; 04007:1; 04015:1; 04005:1,15,1,2,0,0,83.33,5.56,11.11,national
2025,AZ,254900YA1AQXNM8QVZ06,,25,18,Maricopa:16; 04019:2,18,0,0,0,0,100.0,0.0,0.0,national
2025,AZ,5493008P6YO2KM3EO556,The Dart Bank,21,18,Maricopa:16; 04015:1; 04021:1,18,0,0,0,0,100.0,0.0,0.0,national
2025,AZ,549300XRF9LCZ3RX3Q39,,124,18,Maricopa:7; 04019:6; 04021:2; 04025:2; 04003:1,5,6,7,0,0,27.78,33.33,38.89,national
2025,AZ,549300YD7XJM19TH5O82,CITIZENS EQUITY FIRST CREDIT UNION,31,18,04019:9; Maricopa:9,18,0,0,0,0,100.0,0.0,0.0,national
2025,AZ,549300ZCR1XCLNEEI724,,41,18,Maricopa:14; 04025:2; 04015:1; 04017:1,18,0,0,0,0,100.0,0.0,0.0,national
2025,AZ,HUX2X73FUCYHUVH1BK78,KeyBank National Association,31,18,Maricopa:14; 04019:2; 04015:1; 04025:1,17,0,1,0,0,94.44,0.0,5.56,national
2025,AZ,254900GXB4AVD3FPHO33,,28,17,Maricopa:16; 04021:1,17,0,0,0,0,100.0,0.0,0.0,national
2025,AZ,549300RD5IG88VPO6P22,,39,17,Maricopa:15; 04019:1; 04021:1,17,0,0,0,0,100.0,0.0,0.0,national
2025,AZ,549300RYTR2RVL4SFJ90,,36,17,Maricopa:16; 04025:1,17,0,0,0,0,100.0,0.0,0.0,national
2025,AZ,549300VVH8HHFMWL8536,,32,17,Maricopa:11; 04025:2; 04015:2; 04005:1; 04021:1,17,0,0,0,0,100.0,0.0,0.0,national
2025,AZ,COINQMNIM6RBU631DD85,,29,17,Maricopa:9; 04019:4; 04021:2; 04025:2,15,1,1,0,0,88.24,5.88,5.88,national
2025,AZ,5493005DKMV1IHIM8E20,"Wilmington Savings Fund Society, FSB",18,16,Maricopa:13; 04021:1; 04019:1; 04025:1,16,0,0,0,0,100.0,0.0,0.0,national
2025,AZ,54930078TNN7GKZ7NU89,,27,16,Maricopa:9; 04021:6; 04007:1,10,2,4,0,0,62.5,12.5,25.0,national
2025,AZ,5493007VDBJSG0E0S678,,16,16,Maricopa:13; 04021:2; 04025:1,16,0,0,0,0,100.0,0.0,0.0,national
2025,AZ,549300V8CF81JGIV7038,,20,16,Maricopa:11; 04021:3; 04025:1; 04019:1,15,1,0,0,0,93.75,6.25,0.0,national
2025,AZ,WKN6AF1FCL7BBYGTGI83,,25,16,Maricopa:12; 04019:2; 04027:1; 04021:1,16,0,0,0,0,100.0,0.0,0.0,national
2025,AZ,254900VHUBSJJKOMBF27,,16,15,Maricopa:6; 04015:4; 04025:2; 04021:2; 04005:1,11,3,0,1,0,73.33,20.0,0.0,national
2025,AZ,5493000NYUJT9UC6G261,,20,15,Maricopa:12; 04019:3,11,3,1,0,0,73.33,20.0,6.67,national
2025,AZ,54930040GLSEV5H11Q12,,27,15,04025:14; Maricopa:1,15,0,0,0,0,100.0,0.0,0.0,national
2025,AZ,5493009D2COWW65B8673,,39,15,Maricopa:12; 04019:2; 04015:1,15,0,0,0,0,100.0,0.0,0.0,national
2025,AZ,549300FK3AFCFVAPH234,"Leader Bank, National Association",24,15,Maricopa:11; 04019:2; 04025:1; 04015:1,15,0,0,0,0,100.0,0.0,0.0,national
2025,AZ,549300NGCDNC9174EF79,,22,15,Maricopa:9; 04005:2; 04019:2; 04021:1; 04003:1,15,0,0,0,0,100.0,0.0,0.0,national
2025,AZ,549300P2GEYNMH5OQA71,,19,15,Maricopa:13; 04019:2,15,0,0,0,0,100.0,0.0,0.0,national
2025,AZ,549300UF3FPC7U6RFC59,,25,15,Maricopa:7; 04019:3; 04025:2; 04021:2; 04015:1,13,0,2,0,0,86.67,0.0,13.33,national
2025,AZ,549300W1HU6IVVIEJ389,,27,15,Maricopa:8; 04021:2; 04019:2; 04027:1; 04025:1,8,4,2,1,0,53.33,26.67,13.33,national
2025,AZ,1IE8VN30JCEQV1H4R804,,19,14,Maricopa:12; 04019:1; 04025:1,14,0,0,0,0,100.0,0.0,0.0,national
2025,AZ,2549007AU24FVDMNUB40,,52,14,Maricopa:10; 04019:1; 04021:1; 04025:1; 04017:1,14,0,0,0,0,100.0,0.0,0.0,national
2025,AZ,254900J2RKTTDJSUWD76,,16,14,Maricopa:10; 04021:2; 04015:1; 04025:1,9,5,0,0,0,64.29,35.71,0.0,national
2025,AZ,254900P7WLDQD9IUL038,Service Federal Credit Union,28,14,Maricopa:9; 04019:3; 04007:1; 04003:1,13,0,1,0,0,92.86,0.0,7.14,national
2025,AZ,54930072OCHTUJOZQB56,Liberty Credit Union,20,14,Maricopa:13; 04027:1,13,1,0,0,0,92.86,7.14,0.0,national
2025,AZ,549300AG10BX85DF5S49,MLD MORTGAGE INC.,22,14,Maricopa:8; 04021:4; 04027:1; 04019:1,10,4,0,0,0,71.43,28.57,0.0,national
2025,AZ,549300BBKMRS6J0CB539,,18,14,Maricopa:13; 04019:1,8,5,1,0,0,57.14,35.71,7.14,national
2025,AZ,549300KDR80I1ELW8D36,,31,14,04015:3; 04003:2; 04021:2; 04025:2; Maricopa:2,14,0,0,0,0,100.0,0.0,0.0,national
2025,AZ,549300LH06ZZHKPX5U83,,19,14,Maricopa:13; 04017:1,14,0,0,0,0,100.0,0.0,0.0,national
2025,AZ,2549004XJQQPBYQSMT39,,25,13,Maricopa:9; 04015:1; 04025:1; 04005:1; 04019:1,13,0,0,0,0,100.0,0.0,0.0,national
2025,AZ,254900BBEPZS8MDE1S61,,18,13,Maricopa:5; 04015:4; 04021:1; 04025:1; 04019:1,13,0,0,0,0,100.0,0.0,0.0,national
2025,AZ,254900FFZUXK3B729T97,,14,13,04021:5; Maricopa:4; 04019:1; 04017:1; 04005:1,13,0,0,0,0,100.0,0.0,0.0,national
2025,AZ,54930032OCUOR526IR93,,13,13,Maricopa:7; 04019:3; 04021:1; 04015:1; 04025:1,0,11,2,0,0,0.0,84.62,15.38,national
2025,AZ,5493008SP1FN4D81IS17,,15,13,Maricopa:10; 04005:2; 04021:1,13,0,0,0,0,100.0,0.0,0.0,national
2025,AZ,54930091CYUK2SDZ6D37,,26,13,Maricopa:5; 04025:3; 04015:3; 04019:1; 04021:1,12,1,0,0,0,92.31,7.69,0.0,national
2025,AZ,549300FVD3YHE65PKH97,,31,13,Maricopa:11; 04015:1; 04009:1,4,9,0,0,0,30.77,69.23,0.0,national
2025,AZ,549300I1HK1BBZLKOB84,,17,13,Maricopa:5; 04005:3; 04021:3; 04025:1; 04019:1,13,0,0,0,0,100.0,0.0,0.0,national
2025,AZ,549300P55E0GN57DEV03,,21,13,Maricopa:10; 04021:2; 04015:1,0,13,0,0,0,0.0,100.0,0.0,national
2025,AZ,549300PEWJWBNEOSS013,,16,13,Maricopa:12; 04021:1,5,8,0,0,0,38.46,61.54,0.0,national
2025,AZ,549300T61O0X0RJMQ375,,26,13,Maricopa:7; 04019:3; 04015:1; 04021:1; 04017:1,12,0,1,0,0,92.31,0.0,7.69,national
2025,AZ,549300TULDV69V2XKY60,,14,13,Maricopa:9; 04019:2; 04021:2,13,0,0,0,0,100.0,0.0,0.0,national
2025,AZ,7DMUJTL9FFTVIAG9H788,,16,13,Maricopa:10; 04019:2; 04025:1,13,0,0,0,0,100.0,0.0,0.0,national
2025,AZ,5493002CAA1SKNHHUI24,,38,12,04019:4; 04021:3; 04025:3; 04027:1; Maricopa:1,12,0,0,0,0,100.0,0.0,0.0,national
2025,AZ,5493004F7BXDIUFVPV87,,16,12,Maricopa:10; 04019:1; 04021:1,12,0,0,0,0,100.0,0.0,0.0,national
2025,AZ,549300C8GOC4OYUV0Z32,,29,12,04021:6; Maricopa:4; 04019:1; 04025:1,12,0,0,0,0,100.0,0.0,0.0,national
2025,AZ,549300IBT3SCF2K09D58,,14,12,Maricopa:12,12,0,0,0,0,100.0,0.0,0.0,national
2025,AZ,549300JGMQJ4R419LR70,,12,12,Maricopa:10; 04019:1; 04021:1,11,1,0,0,0,91.67,8.33,0.0,national
2025,AZ,549300TYV7NDBX6FUR63,"JET HOMELOANS, LP",35,12,04021:9; Maricopa:3,5,7,0,0,0,41.67,58.33,0.0,national
2025,AZ,549300ZIXM1VUXPG4D03,,18,12,Maricopa:6; 04019:3; 04021:1; 04005:1; 04007:1,11,1,0,0,0,91.67,8.33,0.0,national
2025,AZ,984500F03B9034CQB904,,149,12,Maricopa:6; 04005:3; 04019:1; 04025:1; 04007:1,12,0,0,0,0,100.0,0.0,0.0,national
2025,AZ,01KWVG908KE7RKPTNP46,,17,11,Maricopa:10; 04015:1,11,0,0,0,0,100.0,0.0,0.0,national
2025,AZ,254900VE4XTOQUE8NZ77,,69,11,Maricopa:9; 04003:2,11,0,0,0,0,100.0,0.0,0.0,national
2025,AZ,5493006RIR31ORKYB608,,21,11,Maricopa:8; 04021:2; 04025:1,3,8,0,0,0,27.27,72.73,0.0,national
2025,AZ,549300OHLAHJ10DFF198,,18,11,Maricopa:9; 04003:2,9,2,0,0,0,81.82,18.18,0.0,national
2025,AZ,549300PZ44DNQDPOV865,,12,11,Maricopa:10; 04021:1,11,0,0,0,0,100.0,0.0,0.0,national
2025,AZ,549300RBJCM5B02O5U05,,11,11,Maricopa:9; 04021:1; 04019:1,11,0,0,0,0,100.0,0.0,0.0,national
2025,AZ,549300T5QSL6MC8M4D04,"NORWICH COMMERCIAL GROUP, INC.",28,11,Maricopa:7; 04021:3; 04019:1,5,1,5,0,0,45.45,9.09,45.45,national
2025,AZ,549300TQVOMKNKFOH392,,13,11,Maricopa:6; 04021:3; 04019:1; 04015:1,11,0,0,0,0,100.0,0.0,0.0,national
2025,AZ,549300W09D8JV1ANXX59,,12,11,Maricopa:11,11,0,0,0,0,100.0,0.0,0.0,national
2025,AZ,894500CFQPXSLHK0OK52,New Story Lending LLC,16,11,Maricopa:9; 04027:1; 04021:1,5,3,3,0,0,45.45,27.27,27.27,national
2025,AZ,IWRZQFYIRJ0IMURZBB68,,15,11,Maricopa:7; 04025:1; 04019:1; 04015:1; 04021:1,11,0,0,0,0,100.0,0.0,0.0,national
2025,AZ,ZF85QS7OXKPBG52R7N18,,17,11,Maricopa:10; 04019:1,11,0,0,0,0,100.0,0.0,0.0,national
2025,AZ,254900O723MCLR701H50,,173,10,04021:5; Maricopa:4; 04025:1,10,0,0,0,0,100.0,0.0,0.0,national
2025,AZ,254900VELJPWWT51WN03,,11,10,Maricopa:9; 04021:1,10,0,0,0,0,100.0,0.0,0.0,national
2025,AZ,54930021DZJ9CEN11D61,,21,10,04021:4; Maricopa:3; 04027:1; 04007:1; 04025:1,2,2,6,0,0,20.0,20.0,60.0,national
2025,AZ,5493004GPC7K826BKF31,,34,10,04015:8; Maricopa:2,10,0,0,0,0,100.0,0.0,0.0,national
2025,AZ,5493008E4KBJCB6UKR64,,18,10,Maricopa:6; 04021:2; 04017:1; 04005:1,6,4,0,0,0,60.0,40.0,0.0,national
2025,AZ,549300EMNDEK4BA8WB53,EMM LOANS LLC,24,10,Maricopa:4; 04019:3; 04015:2; 04025:1,0,10,0,0,0,0.0,100.0,0.0,national
2025,AZ,549300O5WDIJU8S7OI05,,11,10,04019:6; Maricopa:4,9,0,1,0,0,90.0,0.0,10.0,national
2025,AZ,549300SQKZC6HESYGO25,,31,10,Maricopa:7; 04021:2; 04025:1,10,0,0,0,0,100.0,0.0,0.0,national
2025,AZ,9845005BP6974AE5D838,,28,10,Maricopa:9; 04019:1,10,0,0,0,0,100.0,0.0,0.0,national
2025,AZ,984500FAD1FB7FEGTE82,,19,10,Maricopa:8; 04025:1; 04005:1,10,0,0,0,0,100.0,0.0,0.0,national
2025,AZ,FDXQ75GPEQKRPWABYN63,,14,10,Maricopa:7; 04019:3,10,0,0,0,0,100.0,0.0,0.0,national
2025,AZ,JJKC32MCHWDI71265Z06,Truist Bank,14,10,Maricopa:8; 04019:2,8,0,2,0,0,80.0,0.0,20.0,national
2025,AZ,S0Q3AHZRL5K6VQE35M07,First Merchants Bank,15,10,Maricopa:8; 04025:2,10,0,0,0,0,100.0,0.0,0.0,national
2025,AZ,2549007JZSAICH4GZJ60,POINT MORTGAGE CORPORATION,11,9,Maricopa:5; 04027:2; 04021:1; 04003:1,5,2,2,0,0,55.56,22.22,22.22,national
2025,AZ,254900A1LV2U6NM10498,,11,9,Maricopa:7; 04005:1; 04019:1,9,0,0,0,0,100.0,0.0,0.0,national
2025,AZ,254900RUCO27MVGTO768,LOAN FUNDER LLC,64,9,Maricopa:6; 04009:1; 04015:1; 04021:1,9,0,0,0,0,100.0,0.0,0.0,national
2025,AZ,38CFVD4YYFWD1FV7IM34,,12,9,Maricopa:7; 04019:2,9,0,0,0,0,100.0,0.0,0.0,national
2025,AZ,5493001141Z7CINOSB62,,20,9,Maricopa:6; 04019:3,9,0,0,0,0,100.0,0.0,0.0,national
2025,AZ,5493002WVA17MT4UFH84,,14,9,Maricopa:6; 04017:1; 04007:1; 04021:1,8,0,1,0,0,88.89,0.0,11.11,national
2025,AZ,549300A4ZI1DF2OO1B51,,14,9,Maricopa:5; 04019:3; 04005:1,9,0,0,0,0,100.0,0.0,0.0,national
2025,AZ,549300DRA4BDXW23LD45,,9,9,Maricopa:4; 04019:2; 04017:1; 04021:1; 04023:1,9,0,0,0,0,100.0,0.0,0.0,national
2025,AZ,549300IPUHFA5O769M51,"Vellum Mortgage, Inc.",11,9,Maricopa:5; 04019:2; 04007:1; 04025:1,6,1,2,0,0,66.67,11.11,22.22,national
2025,AZ,549300KPBZCTMM3Y0061,,12,9,Maricopa:7; 04023:1; 04015:1,9,0,0,0,0,100.0,0.0,0.0,national
2025,AZ,549300LI3FDGO7UKFF39,EAST COAST CAPITAL CORP.,19,9,Maricopa:7; 04003:1; 04015:1,7,2,0,0,0,77.78,22.22,0.0,national
2025,AZ,549300NLJI4QKZ3D0G94,,10,9,Maricopa:6; 04025:1; 04012:1; 04021:1,9,0,0,0,0,100.0,0.0,0.0,national
2025,AZ,549300OYEKEORA1GI088,,10,9,Maricopa:5; 04027:2; 04019:1; 04003:1,0,0,9,0,0,0.0,0.0,100.0,national
2025,AZ,549300R8VPSFM828B312,TEACHERS FEDERAL CREDIT UNION,13,9,Maricopa:7; 04017:1; 04021:1,9,0,0,0,0,100.0,0.0,0.0,national
2025,AZ,XC7Z0BA39TU7L1AKOJ12,First American Bank,11,9,Maricopa:6; 04015:1; 04021:1; 04019:1,9,0,0,0,0,100.0,0.0,0.0,national
2025,AZ,2549008X67CV1MNM7747,,13,8,Maricopa:6; 04021:2,7,1,0,0,0,87.5,12.5,0.0,national
2025,AZ,254900ACUWEGW702BR80,"FM Home Loans, LLC",15,8,Maricopa:5; 04019:3,8,0,0,0,0,100.0,0.0,0.0,national
2025,AZ,254900WH43E1KZKSNH40,,10,8,Maricopa:8,8,0,0,0,0,100.0,0.0,0.0,national
2025,AZ,5493002QRULT2T40BH09,,17,8,Maricopa:2; 04021:2; 04015:2; 04025:1; 04017:1,8,0,0,0,0,100.0,0.0,0.0,national
2025,AZ,5493006P5IHSK77SZ855,,11,8,04003:8,3,0,5,0,0,37.5,0.0,62.5,national
2025,AZ,5493009QB0KBU5M6NP90,,10,8,Maricopa:6; 04021:1; 04019:1,8,0,0,0,0,100.0,0.0,0.0,national
2025,AZ,549300AV8QD552DSI743,,9,8,Maricopa:4; 04019:2; 04021:2,8,0,0,0,0,100.0,0.0,0.0,national
2025,AZ,549300HV02VPA0FYR272,,16,8,Maricopa:5; 04019:2; 04005:1,3,3,2,0,0,37.5,37.5,25.0,national
2025,AZ,549300JOD3S8ZGZLHP53,,8,8,Maricopa:7; 04021:1,8,0,0,0,0,100.0,0.0,0.0,national
2025,AZ,549300LXKO1O7CSK5J52,"FLAT BRANCH MORTGAGE, INC.",10,8,Maricopa:7; 04025:1,8,0,0,0,0,100.0,0.0,0.0,national
2025,AZ,549300XAHXRVSRML8V19,,10,8,Maricopa:6; 04021:1; 04003:1,6,2,0,0,0,75.0,25.0,0.0,national
2025,AZ,549300ZBXINP1Y94CN02,,12,8,Maricopa:6; 04021:1; 04019:1,8,0,0,0,0,100.0,0.0,0.0,national
2025,AZ,254900EZRN0CBEP77K34,,15,7,Maricopa:4; 04019:3,7,0,0,0,0,100.0,0.0,0.0,national
2025,AZ,54930010ZG6EHTCJ1L21,,7,7,Maricopa:6; 04015:1,7,0,0,0,0,100.0,0.0,0.0,national
2025,AZ,54930016ZSB1QWXLRJ13,,10,7,Maricopa:6; 04025:1,6,0,1,0,0,85.71,0.0,14.29,national
2025,AZ,54930022CQGV47Q8PM03,,12,7,Maricopa:2; 04021:2; 04019:1; 04025:1; 04005:1,0,3,4,0,0,0.0,42.86,57.14,national
2025,AZ,5493002DRIX59V47NM65,,12,7,04015:3; Maricopa:2; 04025:1; 04012:1,7,0,0,0,0,100.0,0.0,0.0,national
2025,AZ,5493004J0RTXMDKIYB74,,13,7,Maricopa:5; 04025:1; 04021:1,5,2,0,0,0,71.43,28.57,0.0,national
2025,AZ,5493008JECR4UE0WVR04,,12,7,Maricopa:6; 04019:1,7,0,0,0,0,100.0,0.0,0.0,national
2025,AZ,5493008VCYW25D52ZC98,,9,7,04021:6; Maricopa:1,7,0,0,0,0,100.0,0.0,0.0,national
2025,AZ,549300C232ZWY1I57C16,,15,7,Maricopa:3; 04015:2; 04021:1; 04025:1,7,0,0,0,0,100.0,0.0,0.0,national
2025,AZ,549300CDOC4F7XSRG390,Pinnacle Bank,8,7,Maricopa:4; 04021:2; 04019:1,7,0,0,0,0,100.0,0.0,0.0,national
2025,AZ,549300DNWSJUNAWUM003,,18,7,Maricopa:5; 04025:1; 04019:1,7,0,0,0,0,100.0,0.0,0.0,national
2025,AZ,549300GIVX5W7UETD809,,16,7,Maricopa:5; 04019:1; 04015:1,7,0,0,0,0,100.0,0.0,0.0,national
2025,AZ,549300O7SGM8FH65GQ47,,13,7,Maricopa:5; 04019:2,7,0,0,0,0,100.0,0.0,0.0,national
2025,AZ,549300Q76VHK6FGPX546,,10,7,Maricopa:6; 04015:1,7,0,0,0,0,100.0,0.0,0.0,national
2025,AZ,549300SQRR7T3EUSDD87,,9,7,Maricopa:5; 04021:1; 04019:1,7,0,0,0,0,100.0,0.0,0.0,national
2025,AZ,549300VJ7C5JB4W87F48,"KEY MORTGAGE SERVICES, INC.",10,7,Maricopa:4; 04025:3,5,0,2,0,0,71.43,0.0,28.57,national
2025,AZ,549300WKFR15017V9850,,12,7,Maricopa:3; 04019:2; 04027:1; 04015:1,6,0,1,0,0,85.71,0.0,14.29,national
2025,AZ,549300WW4OBT30G5DK23,,10,7,Maricopa:4; 04015:1; 04019:1; 04025:1,7,0,0,0,0,100.0,0.0,0.0,national
2025,AZ,549300XBOKNEE2CQJL92,,10,7,Maricopa:2; 04015:2; 04021:1; 04025:1; 04019:1,6,1,0,0,0,85.71,14.29,0.0,national
2025,AZ,549300Y4BSP3BSFW7J29,,12,7,Maricopa:4; 04019:2; 04023:1,7,0,0,0,0,100.0,0.0,0.0,national
2025,AZ,COOWI3L2W9TPYR3WJX37,First Horizon Bank,7,7,Maricopa:6; 04025:1,6,1,0,0,0,85.71,14.29,0.0,national
2025,AZ,LDVFX8JEECFFE8HRWA73,,12,7,Maricopa:5; 04019:2,7,0,0,0,0,100.0,0.0,0.0,national
2025,AZ,254900C303DGB8I7GG88,,7,6,04015:6,6,0,0,0,0,100.0,0.0,0.0,national
2025,AZ,254900LP2WHZQ61VBS60,,11,6,Maricopa:3; 04021:2; 04025:1,6,0,0,0,0,100.0,0.0,0.0,national
2025,AZ,254900T8N4RLS6G3BF64,,12,6,Maricopa:4; 04015:2,6,0,0,0,0,100.0,0.0,0.0,national
2025,AZ,4EP6JBYBTPTQ47LZOB67,,8,6,Maricopa:4; 04025:1; 04019:1,6,0,0,0,0,100.0,0.0,0.0,national
2025,AZ,5493000XC2Y1SLXRQP11,,8,6,Maricopa:5; 04015:1,6,0,0,0,0,100.0,0.0,0.0,national
2025,AZ,5493004R423PBPM6A173,,6,6,04021:2; Maricopa:2; 04019:1; 04017:1,0,6,0,0,0,0.0,100.0,0.0,national
2025,AZ,54930053SM8COVIPIY54,MICHIGAN STATE UNIVERSITY Federal Credit Union,6,6,Maricopa:5; 04021:1,6,0,0,0,0,100.0,0.0,0.0,national
2025,AZ,5493008PQSMR41Y70C36,,8,6,Maricopa:5; 04019:1,5,0,1,0,0,83.33,0.0,16.67,national
2025,AZ,54930095UWUUXAWASB02,"Atlantic Coast Mortgage, LLC",6,6,Maricopa:5; 04019:1,5,0,1,0,0,83.33,0.0,16.67,national
2025,AZ,549300AEULLVYD8L9B04,,6,6,Maricopa:4; 04019:2,6,0,0,0,0,100.0,0.0,0.0,national
2025,AZ,549300ASFUWYQO0RW077,,8,6,Maricopa:4; 04027:1; 04019:1,6,0,0,0,0,100.0,0.0,0.0,national
2025,AZ,549300CLRXFVF83ZL806,"NATIONWIDE MORTGAGE BANKERS, INC.",10,6,Maricopa:5; 04015:1,6,0,0,0,0,100.0,0.0,0.0,national
2025,AZ,549300E76OWAX7HQJX42,,7,6,Maricopa:6,6,0,0,0,0,100.0,0.0,0.0,national
2025,AZ,549300EKCKDF80ZM4V51,,6,6,04019:3; Maricopa:3,6,0,0,0,0,100.0,0.0,0.0,national
2025,AZ,549300KUIZTYQRC0R888,,12,6,Maricopa:4; 04015:1; 04005:1,5,0,1,0,0,83.33,0.0,16.67,national
2025,AZ,549300L44U62O7WHRR78,,10,6,Maricopa:5; 04021:1,6,0,0,0,0,100.0,0.0,0.0,national
2025,AZ,549300NTH6N72ZZNX948,,6,6,Maricopa:3; 04019:3,6,0,0,0,0,100.0,0.0,0.0,national
2025,AZ,549300QD23LICPXTPB55,,7,6,Maricopa:4; 04025:1; 04015:1,6,0,0,0,0,100.0,0.0,0.0,national
2025,AZ,549300QDGMFASKEN7Z77,,9,6,Maricopa:4; 04021:1; 04001:1,6,0,0,0,0,100.0,0.0,0.0,national
2025,AZ,549300T7AIY7RU1YDP31,,9,6,04021:2; Maricopa:2; 04025:1; 04019:1,3,0,3,0,0,50.0,0.0,50.0,national
2025,AZ,549300TTPRGSP8DGY569,,8,6,Maricopa:3; 04019:2; 04021:1,6,0,0,0,0,100.0,0.0,0.0,national
2025,AZ,549300TUQC6OYE8A0Y96,,10,6,Maricopa:2; 04015:2; 04021:1; 04025:1,1,5,0,0,0,16.67,83.33,0.0,national
2025,AZ,549300VJQJVZKJBDWS17,"TOTAL MORTGAGE SERVICES, LLC",7,6,04019:3; Maricopa:2; 04023:1,4,1,1,0,0,66.67,16.67,16.67,national
2025,AZ,549300XQ7B5FIVUNFE29,VAN DYK MORTGAGE CORPORATION,8,6,Maricopa:4; 04015:1; 04021:1,3,2,1,0,0,50.0,33.33,16.67,national
2025,AZ,549300ZL6THC5R7VUP98,,9,6,04019:3; Maricopa:2; 04007:1,6,0,0,0,0,100.0,0.0,0.0,national
2025,AZ,98450058D88OE4463626,,12,6,Maricopa:3; 04021:2; 04025:1,6,0,0,0,0,100.0,0.0,0.0,national
2025,AZ,984500P059VACEAAFA22,,8,6,Maricopa:4; 04015:2,4,2,0,0,0,66.67,33.33,0.0,national
2025,AZ,R6KJ2D7C3UT8OVTWHS39,,7,6,Maricopa:5; 04019:1,6,0,0,0,0,100.0,0.0,0.0,national
2025,AZ,2549005FUF02T1IFCA22,,11,5,Maricopa:3; 04025:2,5,0,0,0,0,100.0,0.0,0.0,national
2025,AZ,254900DTLB5WWMBJAD86,,6,5,04019:2; Maricopa:2; 04021:1,5,0,0,0,0,100.0,0.0,0.0,national
2025,AZ,254900KKWIJLOTNP7667,,5,5,Maricopa:4; 04019:1,5,0,0,0,0,100.0,0.0,0.0,national
2025,AZ,254900NTAC4H10MGSU23,,8,5,Maricopa:4; 04019:1,5,0,0,0,0,100.0,0.0,0.0,national
2025,AZ,3HICJPQ15PGZSBFDNJ82,,5,5,Maricopa:3; 04019:1; 04005:1,5,0,0,0,0,100.0,0.0,0.0,national
2025,AZ,5493003BXKRGHQHRJV38,,6,5,Maricopa:3; 04021:1; 04025:1,5,0,0,0,0,100.0,0.0,0.0,national
2025,AZ,54930044OSTKOJMHF287,"Capital Bank, National Association",5,5,Maricopa:4; 04019:1,3,1,1,0,0,60.0,20.0,20.0,national
2025,AZ,5493005A0757T9GRRI44,,6,5,04019:2; Maricopa:2; 04021:1,5,0,0,0,0,100.0,0.0,0.0,national
2025,AZ,5493007BX4I89K17ZM64,,8,5,Maricopa:4; 04015:1,0,5,0,0,0,0.0,100.0,0.0,national
2025,AZ,5493007XAKU2Q6LGXD23,,8,5,Maricopa:2; 04025:1; 04017:1; 04021:1,3,0,2,0,0,60.0,0.0,40.0,national
2025,AZ,54930082GM1TWV6QVI24,,8,5,Maricopa:5,5,0,0,0,0,100.0,0.0,0.0,national
2025,AZ,5493009Y8ROUG903AQ21,,7,5,Maricopa:3; 04021:1; 04019:1,5,0,0,0,0,100.0,0.0,0.0,national
2025,AZ,549300BB4LSE4JRRGV15,,10,5,Maricopa:3; 04019:2,5,0,0,0,0,100.0,0.0,0.0,national
2025,AZ,549300BXWU32AYWT1A56,,6,5,Maricopa:5,5,0,0,0,0,100.0,0.0,0.0,national
2025,AZ,549300DT7CCDCC7O6Z60,,7,5,Maricopa:2; 04021:2; 04019:1,5,0,0,0,0,100.0,0.0,0.0,national
2025,AZ,549300ESNLIWVN3TK065,,7,5,Maricopa:4; 04019:1,5,0,0,0,0,100.0,0.0,0.0,national
2025,AZ,549300IQGEUYRQBJC007,,11,5,04005:3; 04015:2,5,0,0,0,0,100.0,0.0,0.0,national
2025,AZ,549300JMCI45DZ4YNK98,,7,5,Maricopa:5,5,0,0,0,0,100.0,0.0,0.0,national
2025,AZ,549300LHJR6FIWIU8E25,,7,5,Maricopa:1; 04015:1; 04023:1; 04025:1; 04019:1,5,0,0,0,0,100.0,0.0,0.0,national
2025,AZ,549300MU2YI0HXIT3257,,5,5,04019:3; Maricopa:2,5,0,0,0,0,100.0,0.0,0.0,national
2025,AZ,549300N52O6FKUCU5G62,,7,5,Maricopa:3; 04019:1; 04021:1,5,0,0,0,0,100.0,0.0,0.0,national
2025,AZ,549300NWKILSNQAIG053,,8,5,Maricopa:4; 04015:1,5,0,0,0,0,100.0,0.0,0.0,national
2025,AZ,549300OGIGNKGO2DX942,,8,5,Maricopa:5,5,0,0,0,0,100.0,0.0,0.0,national
2025,AZ,549300OTLWFQPOOSC346,BayCoast Bank,8,5,Maricopa:4; 04019:1,5,0,0,0,0,100.0,0.0,0.0,national
2025,AZ,549300RIPPSJXAQKZ383,,7,5,Maricopa:4; 04007:1,5,0,0,0,0,100.0,0.0,0.0,national
2025,AZ,549300SY0ZRUCS4CSY07,,10,5,Maricopa:5,5,0,0,0,0,100.0,0.0,0.0,national
2025,AZ,549300TTK5T7CZ3UJ084,,5,5,Maricopa:2; 04015:1; 04019:1; 04021:1,5,0,0,0,0,100.0,0.0,0.0,national
2025,AZ,549300UTE20103B0T339,,13,5,Maricopa:4; 04005:1,0,5,0,0,0,0.0,100.0,0.0,national
2025,AZ,549300WRDGBHKR1BXL98,,8,5,Maricopa:5,5,0,0,0,0,100.0,0.0,0.0,national
2025,AZ,6PTKHDJ8HDUF78PFWH30,,5,5,04019:2; Maricopa:2; 04015:1,5,0,0,0,0,100.0,0.0,0.0,national
2025,AZ,984500RF83EA742B5589,,11,5,Maricopa:3; 04021:1; 04019:1,5,0,0,0,0,100.0,0.0,0.0,national
2025,AZ,F28JOQ8OBWCFUYM0UX93,East West Bank,5,5,Maricopa:4; 04019:1,5,0,0,0,0,100.0,0.0,0.0,national
2025,AZ,K0ZDN2CBIQC0EHBKNK35,,8,5,Maricopa:3; 04021:1; 04019:1,5,0,0,0,0,100.0,0.0,0.0,national
2025,AZ,01ERPZV3DOLNXY2MLB90,,4,4,Maricopa:2; 04005:1; 04019:1,4,0,0,0,0,100.0,0.0,0.0,national
2025,AZ,1TMVIO1SD0RLIPEIW803,,5,4,Maricopa:4,4,0,0,0,0,100.0,0.0,0.0,national
2025,AZ,213800QUAI2VH5YM6310,"EMBRACE HOME LOANS, INC.",6,4,Maricopa:2; 04017:1; 04005:1,2,1,1,0,0,50.0,25.0,25.0,national
2025,AZ,2549005K0ZG1MFV3R260,Reliable Holdings Manager LLC,9,4,Maricopa:4,4,0,0,0,0,100.0,0.0,0.0,national
2025,AZ,254900B9B6TYYGLOXT47,,5,4,Maricopa:2; 04019:1; 04021:1,4,0,0,0,0,100.0,0.0,0.0,national
2025,AZ,254900DSZI6CJXJL6Z14,,11,4,Maricopa:3; 04021:1,4,0,0,0,0,100.0,0.0,0.0,national
2025,AZ,254900FI363837PZX856,,5,4,Maricopa:4,4,0,0,0,0,100.0,0.0,0.0,national
2025,AZ,254900OHZRY6VWYMJQ91,,4,4,Maricopa:4,4,0,0,0,0,100.0,0.0,0.0,national
2025,AZ,254900YPPMV9UM5FUW09,,11,4,04015:1; 04005:1; Maricopa:1; 04017:1,3,0,1,0,0,75.0,0.0,25.0,national
2025,AZ,5493001YIUWLFRXQUO81,,4,4,Maricopa:2; 04015:1; 04021:1,4,0,0,0,0,100.0,0.0,0.0,national
2025,AZ,5493002POZ4RFS6X0Z30,,6,4,Maricopa:2; 04021:2,4,0,0,0,0,100.0,0.0,0.0,national
2025,AZ,5493003B2LEGQHDWRN55,HANSCOM,6,4,04019:2; 04025:1; Maricopa:1,4,0,0,0,0,100.0,0.0,0.0,national
2025,AZ,5493004K0Z4RFJSPYT52,CONSUMERS COOPERATIVE CREDIT UNION,7,4,Maricopa:2; 04021:1; 04019:1,4,0,0,0,0,100.0,0.0,0.0,national
2025,AZ,5493004T38NMC864VL66,,5,4,Maricopa:2; 04019:1; 04021:1,4,0,0,0,0,100.0,0.0,0.0,national
2025,AZ,5493007OXXFLNNHTW637,,5,4,04025:3; Maricopa:1,4,0,0,0,0,100.0,0.0,0.0,national
2025,AZ,5493007Z7FTUKQGFMZ98,,9,4,Maricopa:4,4,0,0,0,0,100.0,0.0,0.0,national
2025,AZ,5493009PLGT79KQ6HO15,,4,4,Maricopa:3; 04021:1,4,0,0,0,0,100.0,0.0,0.0,national
2025,AZ,549300A0SVCQJPHVGV20,,4,4,Maricopa:1; 04021:1; 04019:1; 04015:1,4,0,0,0,0,100.0,0.0,0.0,national
2025,AZ,549300ANF834QIIFUE57,,4,4,Maricopa:4,4,0,0,0,0,100.0,0.0,0.0,national
2025,AZ,549300C04BJ0G297NC13,,7,4,Maricopa:3; 04025:1,4,0,0,0,0,100.0,0.0,0.0,national
2025,AZ,549300C5STIFBCFMRJ96,,4,4,04025:2; Maricopa:2,4,0,0,0,0,100.0,0.0,0.0,national
2025,AZ,549300DH8EI64ITBY388,,7,4,Maricopa:3; 04019:1,4,0,0,0,0,100.0,0.0,0.0,national
2025,AZ,549300DMYENRV818D594,,6,4,Maricopa:3; 04019:1,4,0,0,0,0,100.0,0.0,0.0,national
2025,AZ,549300FX2QBKG7ZTBX37,,4,4,Maricopa:4,4,0,0,0,0,100.0,0.0,0.0,national
2025,AZ,549300HFBEONQN2CK447,Union Savings Bank,6,4,Maricopa:4,3,1,0,0,0,75.0,25.0,0.0,national
2025,AZ,549300HINJH60UG3KG47,,4,4,Maricopa:2; 04019:1; 04015:1,4,0,0,0,0,100.0,0.0,0.0,national
2025,AZ,549300J3YLW53W0K4T67,,36,4,04019:2; Maricopa:2,4,0,0,0,0,100.0,0.0,0.0,national
2025,AZ,549300OLJQ30ZT21BC55,,4,4,04025:2; 04021:1; 04015:1,4,0,0,0,0,100.0,0.0,0.0,national
2025,AZ,549300OQ5QR1CNV5HY08,,4,4,04015:3; 04005:1,3,1,0,0,0,75.0,25.0,0.0,national
2025,AZ,549300OYN1WD4APNOU82,,4,4,Maricopa:4,4,0,0,0,0,100.0,0.0,0.0,national
2025,AZ,549300PRAPL43XPYR044,,6,4,04015:2; 04019:1; 04021:1,4,0,0,0,0,100.0,0.0,0.0,national
2025,AZ,549300QX0QWWJKEY4R28,,4,4,Maricopa:4,4,0,0,0,0,100.0,0.0,0.0,national
2025,AZ,549300RFPLMCMJL7BS81,,5,4,04019:3; Maricopa:1,3,1,0,0,0,75.0,25.0,0.0,national
2025,AZ,549300S5LHMBX3WRT314,,5,4,Maricopa:3; 04019:1,4,0,0,0,0,100.0,0.0,0.0,national
2025,AZ,549300U82B82JH54TO79,,4,4,Maricopa:4,4,0,0,0,0,100.0,0.0,0.0,national
2025,AZ,549300UQPFB0RR8JCA42,,4,4,Maricopa:3; 04021:1,4,0,0,0,0,100.0,0.0,0.0,national
2025,AZ,549300UXTDELQS5SLF91,,5,4,Maricopa:4,4,0,0,0,0,100.0,0.0,0.0,national
2025,AZ,549300WXO2FZYE7KAW26,,4,4,Maricopa:3; 04021:1,4,0,0,0,0,100.0,0.0,0.0,national
2025,AZ,549300XAJENHWRM32Z86,,5,4,Maricopa:4,4,0,0,0,0,100.0,0.0,0.0,national
2025,AZ,984500F5665613E36549,,5,4,Maricopa:3; 04017:1,3,0,1,0,0,75.0,0.0,25.0,national
2025,AZ,2138004QPZ7FMGPTU106,,3,3,04021:1; Maricopa:1; 04015:1,3,0,0,0,0,100.0,0.0,0.0,national
2025,AZ,2138009TTY1M4OJRXV14,,3,3,Maricopa:2; 04019:1,3,0,0,0,0,100.0,0.0,0.0,national
2025,AZ,2549001IK7UDPADKAG34,,5,3,04015:2; Maricopa:1,3,0,0,0,0,100.0,0.0,0.0,national
2025,AZ,254900BBWJ82FQDQ6823,,4,3,Maricopa:2; 04025:1,3,0,0,0,0,100.0,0.0,0.0,national
2025,AZ,254900F9ZTVTX763V835,"Advisors Mortgage Group, L.L.C.",5,3,Maricopa:1; 04021:1; 04005:1,2,1,0,0,0,66.67,33.33,0.0,national
2025,AZ,254900HIDMT4ZG09RP47,,6,3,04021:2; 04027:1,0,0,3,0,0,0.0,0.0,100.0,national
2025,AZ,254900J67JRUY8SSE075,,4,3,Maricopa:3,3,0,0,0,0,100.0,0.0,0.0,national
2025,AZ,254900OD9TDRYGWJ0N48,,3,3,Maricopa:3,3,0,0,0,0,100.0,0.0,0.0,national
2025,AZ,5493000JZXUB8NOEMF64,,4,3,Maricopa:2; 04021:1,3,0,0,0,0,100.0,0.0,0.0,national
2025,AZ,5493002QP2ONO47G5R24,,3,3,Maricopa:3,3,0,0,0,0,100.0,0.0,0.0,national
2025,AZ,54930030S6J5KOL5LJ73,FAIRWINDS CREDIT UNION,5,3,Maricopa:2; 04021:1,3,0,0,0,0,100.0,0.0,0.0,national
2025,AZ,5493003DVQUF5HAI1O03,,4,3,Maricopa:2; 04025:1,3,0,0,0,0,100.0,0.0,0.0,national
2025,AZ,5493003X9FWFI47DPO39,,4,3,Maricopa:3,3,0,0,0,0,100.0,0.0,0.0,national
2025,AZ,5493004M1U54OO4KKE09,,5,3,Maricopa:2; 04021:1,3,0,0,0,0,100.0,0.0,0.0,national
2025,AZ,5493005KZM1DEUYVS783,,3,3,Maricopa:2; 04023:1,2,0,1,0,0,66.67,0.0,33.33,national
2025,AZ,5493008I5A5R6730MQ84,,4,3,Maricopa:3,3,0,0,0,0,100.0,0.0,0.0,national
2025,AZ,5493008SV4X2EID9J711,,5,3,04021:1; 04019:1; Maricopa:1,3,0,0,0,0,100.0,0.0,0.0,national
2025,AZ,5493009DQQ81725XIJ49,,3,3,Maricopa:2; 04003:1,3,0,0,0,0,100.0,0.0,0.0,national
2025,AZ,5493009XSE00M8B9R434,,36,3,04019:2; 04021:1,1,2,0,0,0,33.33,66.67,0.0,national
2025,AZ,549300B0HNWBV7RX2661,,10,3,Maricopa:1; 04015:1; 04012:1,3,0,0,0,0,100.0,0.0,0.0,national
2025,AZ,549300CM7HYHZ1MEJ624,,4,3,04015:2; Maricopa:1,3,0,0,0,0,100.0,0.0,0.0,national
2025,AZ,549300D2OYT7VTDY6Z20,,3,3,Maricopa:2; 04019:1,3,0,0,0,0,100.0,0.0,0.0,national
2025,AZ,549300DMHEHNYZ2OLB41,,5,3,04015:1; Maricopa:1; 04005:1,2,0,1,0,0,66.67,0.0,33.33,national
2025,AZ,549300DT7WZ1SOTNFJ62,,9,3,Maricopa:2; 04015:1,3,0,0,0,0,100.0,0.0,0.0,national
2025,AZ,549300DW87L2IZ7ZHF47,,16,3,04021:2; Maricopa:1,1,0,2,0,0,33.33,0.0,66.67,national
2025,AZ,549300E4YLQ3BVQ4GW30,,4,3,04019:1; 04005:1; Maricopa:1,3,0,0,0,0,100.0,0.0,0.0,national
2025,AZ,549300EHWBP6UP4Y8J37,,3,3,Maricopa:2; 04021:1,2,1,0,0,0,66.67,33.33,0.0,national
2025,AZ,549300FVJ3IB88LTR841,,4,3,Maricopa:1; 04021:1; 04019:1,3,0,0,0,0,100.0,0.0,0.0,national
2025,AZ,549300GYK7N8U42X9587,,3,3,04019:2; Maricopa:1,3,0,0,0,0,100.0,0.0,0.0,national
2025,AZ,549300H12E7AUMUHP294,,7,3,Maricopa:2; 04005:1,1,2,0,0,0,33.33,66.67,0.0,national
2025,AZ,549300I43FC7P0IJMR13,,3,3,Maricopa:1; 04019:1; 04003:1,0,1,2,0,0,0.0,33.33,66.67,national
2025,AZ,549300ID4RCRD8BXYH30,,4,3,Maricopa:3,3,0,0,0,0,100.0,0.0,0.0,national
2025,AZ,549300IQ5NY7CSJLZW53,,3,3,Maricopa:2; 04019:1,3,0,0,0,0,100.0,0.0,0.0,national
2025,AZ,549300KR4ZW8KJC82O47,,6,3,Maricopa:3,3,0,0,0,0,100.0,0.0,0.0,national
2025,AZ,549300KX2KT8MOAS5Q71,,3,3,04019:2; Maricopa:1,3,0,0,0,0,100.0,0.0,0.0,national
2025,AZ,549300LLQD0X2OTG0Y27,,15,3,Maricopa:2; 04021:1,0,3,0,0,0,0.0,100.0,0.0,national
2025,AZ,549300MQEDQYDJR8CP22,,17,3,Maricopa:2; 04009:1,3,0,0,0,0,100.0,0.0,0.0,national
2025,AZ,549300OBO7DOF2KOP535,FirstBank,4,3,Maricopa:3,3,0,0,0,0,100.0,0.0,0.0,national
2025,AZ,549300OZ550X4QD5PC74,,3,3,04021:1; Maricopa:1; 04019:1,2,0,1,0,0,66.67,0.0,33.33,national
2025,AZ,549300P4RGN7F1H2N265,,3,3,Maricopa:2; 04021:1,3,0,0,0,0,100.0,0.0,0.0,national
2025,AZ,549300QCYEU2QLIWN517,,6,3,Maricopa:3,3,0,0,0,0,100.0,0.0,0.0,national
2025,AZ,549300QLO8TSQW5JTK72,,4,3,Maricopa:2; 04021:1,3,0,0,0,0,100.0,0.0,0.0,national
2025,AZ,549300QWJ3UDIX8KBP64,,3,3,Maricopa:3,3,0,0,0,0,100.0,0.0,0.0,national
2025,AZ,549300T03X096VF60C57,,4,3,Maricopa:2; 04021:1,3,0,0,0,0,100.0,0.0,0.0,national
2025,AZ,549300TG5MQ8D4SYP955,,4,3,Maricopa:1; 04027:1; 04015:1,3,0,0,0,0,100.0,0.0,0.0,national
2025,AZ,549300UKYJZO6CZXIX60,,4,3,Maricopa:3,3,0,0,0,0,100.0,0.0,0.0,national
2025,AZ,549300UONVHJ0G6DSL23,,3,3,Maricopa:2; 04019:1,3,0,0,0,0,100.0,0.0,0.0,national
2025,AZ,549300WJIJV987NXVC31,,4,3,Maricopa:3,2,1,0,0,0,66.67,33.33,0.0,national
2025,AZ,549300WPK18IMSC1OM63,,3,3,Maricopa:3,3,0,0,0,0,100.0,0.0,0.0,national
2025,AZ,549300X6ESK4SUBRYL85,,4,3,Maricopa:3,3,0,0,0,0,100.0,0.0,0.0,national
2025,AZ,549300YW2UBCMDRMBT48,,6,3,Maricopa:3,3,0,0,0,0,100.0,0.0,0.0,national
2025,AZ,549300Z77WUYJM3QG591,,4,3,04021:2; 04015:1,3,0,0,0,0,100.0,0.0,0.0,national
2025,AZ,9845007CY0EC0F59W414,,3,3,Maricopa:2; 04019:1,3,0,0,0,0,100.0,0.0,0.0,national
2025,AZ,984500D61DCEC4E2B661,,3,3,Maricopa:3,3,0,0,0,0,100.0,0.0,0.0,national
2025,AZ,C4BXATY60WC6XEOZDX54,,3,3,Maricopa:3,3,0,0,0,0,100.0,0.0,0.0,national
2025,AZ,PS6WLKTYGZOKK05G5O59,,3,3,Maricopa:2; 04021:1,3,0,0,0,0,100.0,0.0,0.0,national
2025,AZ,213800M6RMI3YBX62W88,,2,2,Maricopa:1; 04021:1,2,0,0,0,0,100.0,0.0,0.0,national
2025,AZ,213800THW6KSUL191M34,,2,2,04015:2,2,0,0,0,0,100.0,0.0,0.0,national
2025,AZ,2549004XDCE3LGQW7H72,,6,2,04017:1; 04021:1,2,0,0,0,0,100.0,0.0,0.0,national
2025,AZ,2549007E9BI08H1N1T92,,4,2,04019:2,0,0,2,0,0,0.0,0.0,100.0,national
2025,AZ,254900BDGU9FU91PQA51,,3,2,04021:1; Maricopa:1,2,0,0,0,0,100.0,0.0,0.0,national
2025,AZ,254900CIEUZUO7CHPG88,,2,2,04015:1; 04021:1,2,0,0,0,0,100.0,0.0,0.0,national
2025,AZ,254900CYWJYH3ES8BV63,,2,2,04021:1; Maricopa:1,2,0,0,0,0,100.0,0.0,0.0,national
2025,AZ,254900IL7D0ACZ6YVF12,,2,2,Maricopa:2,2,0,0,0,0,100.0,0.0,0.0,national
2025,AZ,254900MHHOS58M9D0445,,7,2,04019:1; 04015:1,2,0,0,0,0,100.0,0.0,0.0,national
2025,AZ,254900MKY47WU65N1J56,,2,2,Maricopa:1; 04015:1,2,0,0,0,0,100.0,0.0,0.0,national
2025,AZ,254900N133DZGPB2X985,,2,2,04027:2,2,0,0,0,0,100.0,0.0,0.0,national
2025,AZ,254900NT8VCCMPTPSO02,,2,2,Maricopa:2,2,0,0,0,0,100.0,0.0,0.0,national
2025,AZ,254900PHRI1MCM69UM20,,3,2,04015:2,2,0,0,0,0,100.0,0.0,0.0,national
2025,AZ,254900QRD0ZXHH08TX87,,3,2,Maricopa:2,2,0,0,0,0,100.0,0.0,0.0,national
2025,AZ,254900SUM1U8US3D2Z03,,3,2,04015:1; 04019:1,2,0,0,0,0,100.0,0.0,0.0,national
2025,AZ,254900WMFKWPLR3B4U63,,5,2,04021:1; Maricopa:1,1,1,0,0,0,50.0,50.0,0.0,national
2025,AZ,549300032FNX4IOT2T93,,2,2,Maricopa:1; 04019:1,2,0,0,0,0,100.0,0.0,0.0,national
2025,AZ,5493000D7DINI9PZN749,,2,2,Maricopa:1; 04019:1,2,0,0,0,0,100.0,0.0,0.0,national
2025,AZ,5493000JFVFQFL816N45,,2,2,04021:1; Maricopa:1,2,0,0,0,0,100.0,0.0,0.0,national
2025,AZ,5493000N2MFQSET3L013,,2,2,04021:1; Maricopa:1,2,0,0,0,0,100.0,0.0,0.0,national
2025,AZ,54930015645SYPOM7220,,3,2,Maricopa:1; 04025:1,2,0,0,0,0,100.0,0.0,0.0,national
2025,AZ,5493001K7B4W8IPMZ254,,2,2,04021:1; Maricopa:1,2,0,0,0,0,100.0,0.0,0.0,national
2025,AZ,549300214PKB2Y1ZWH75,,2,2,04025:1; 04019:1,2,0,0,0,0,100.0,0.0,0.0,national
2025,AZ,549300217ZPIHWEYT887,,3,2,Maricopa:2,2,0,0,0,0,100.0,0.0,0.0,national
2025,AZ,549300337GB2P1WP7003,,3,2,Maricopa:2,2,0,0,0,0,100.0,0.0,0.0,national
2025,AZ,5493003SVUBV3VW5CT40,,2,2,Maricopa:2,2,0,0,0,0,100.0,0.0,0.0,national
2025,AZ,5493003X6Y6JGJKHPA25,,2,2,04027:1; Maricopa:1,1,1,0,0,0,50.0,50.0,0.0,national
2025,AZ,5493004UNRG4PWDF2K60,AFFINITY FEDERAL CREDIT UNION,5,2,Maricopa:2,2,0,0,0,0,100.0,0.0,0.0,national
2025,AZ,5493005GHHD2LL3US857,,2,2,Maricopa:2,2,0,0,0,0,100.0,0.0,0.0,national
2025,AZ,5493005ICQ3QGEIWV618,UNITED MORTGAGE CORP.,3,2,Maricopa:2,1,1,0,0,0,50.0,50.0,0.0,national
2025,AZ,5493006TJ2N1MYD0XD45,,2,2,Maricopa:2,2,0,0,0,0,100.0,0.0,0.0,national
2025,AZ,5493007FRLGNQEXCGS66,,2,2,Maricopa:2,2,0,0,0,0,100.0,0.0,0.0,national
2025,AZ,5493007TLZJ73TKCO730,,2,2,Maricopa:2,2,0,0,0,0,100.0,0.0,0.0,national
2025,AZ,5493007VDE1SMI6Z0Q04,,2,2,Maricopa:1; 04025:1,1,0,1,0,0,50.0,0.0,50.0,national
2025,AZ,5493007ZF78YQRSXQG49,,3,2,04021:1; Maricopa:1,2,0,0,0,0,100.0,0.0,0.0,national
2025,AZ,549300AAWFEC6CRH6N89,,2,2,04021:1; Maricopa:1,2,0,0,0,0,100.0,0.0,0.0,national
2025,AZ,549300AO417FCNJGKM49,,3,2,Maricopa:1; 04019:1,2,0,0,0,0,100.0,0.0,0.0,national
2025,AZ,549300BHPLBG0CXKTL06,,5,2,Maricopa:2,2,0,0,0,0,100.0,0.0,0.0,national
2025,AZ,549300BRLQAIJ1LJA253,,5,2,Maricopa:2,2,0,0,0,0,100.0,0.0,0.0,national
2025,AZ,549300CP7747DCRW6U68,,2,2,Maricopa:2,2,0,0,0,0,100.0,0.0,0.0,national
2025,AZ,549300D4ZYLSQ5LMTV35,ABSOLUTE HOME MORTGAGE CORPORATION,2,2,Maricopa:1; 04021:1,2,0,0,0,0,100.0,0.0,0.0,national
2025,AZ,549300DDLYW49R2HCV81,EASTMAN CREDIT UNION,4,2,Maricopa:2,2,0,0,0,0,100.0,0.0,0.0,national
2025,AZ,549300DZIK106MY5NI60,,2,2,04021:2,2,0,0,0,0,100.0,0.0,0.0,national
2025,AZ,549300ELXS6PBT8OEE44,,4,2,Maricopa:2,2,0,0,0,0,100.0,0.0,0.0,national
2025,AZ,549300F570XAWYN8Z237,,4,2,Maricopa:2,2,0,0,0,0,100.0,0.0,0.0,national
2025,AZ,549300F5TN705NCHGW39,,2,2,Maricopa:2,2,0,0,0,0,100.0,0.0,0.0,national
2025,AZ,549300FSZH0FMQ1T8Y90,,2,2,Maricopa:1; 04021:1,2,0,0,0,0,100.0,0.0,0.0,national
2025,AZ,549300G5ZQEXZC4Y5G44,,2,2,Maricopa:2,2,0,0,0,0,100.0,0.0,0.0,national
2025,AZ,549300H8JJI69WD7I525,,2,2,04019:2,2,0,0,0,0,100.0,0.0,0.0,national
2025,AZ,549300HGDJQ37M5BE268,,2,2,Maricopa:2,2,0,0,0,0,100.0,0.0,0.0,national
2025,AZ,549300HVFLWKU7133506,,4,2,04025:2,2,0,0,0,0,100.0,0.0,0.0,national
2025,AZ,549300JE6M4A1G4LPS75,,2,2,Maricopa:2,2,0,0,0,0,100.0,0.0,0.0,national
2025,AZ,549300K5SWOZ1F2OHY48,,2,2,Maricopa:1; 04021:1,2,0,0,0,0,100.0,0.0,0.0,national
2025,AZ,549300KW3HYVC06WS898,,3,2,Maricopa:1; 04019:1,1,0,1,0,0,50.0,0.0,50.0,national
2025,AZ,549300KZVCKCUN23YY80,,5,2,Maricopa:1; 04019:1,2,0,0,0,0,100.0,0.0,0.0,national
2025,AZ,549300L36QZWPHM6FP31,,3,2,04015:1; Maricopa:1,2,0,0,0,0,100.0,0.0,0.0,national
2025,AZ,549300L5PE7ZGYRW5Q15,,2,2,Maricopa:2,1,0,1,0,0,50.0,0.0,50.0,national
2025,AZ,549300LG5340S24M4N89,,5,2,04015:1; 04025:1,2,0,0,0,0,100.0,0.0,0.0,national
2025,AZ,549300LUF8JLB9HKT321,,2,2,04027:1; Maricopa:1,2,0,0,0,0,100.0,0.0,0.0,national
2025,AZ,549300N1R0R39PYT7O68,,4,2,04019:2,2,0,0,0,0,100.0,0.0,0.0,national
2025,AZ,549300N5GF79IZ5Y7G10,AMERICAN HERITAGE FCU,5,2,Maricopa:2,2,0,0,0,0,100.0,0.0,0.0,national
2025,AZ,549300NZWZUYUWEOA562,,9,2,Maricopa:2,2,0,0,0,0,100.0,0.0,0.0,national
2025,AZ,549300O4KTZGM04CCZ47,,4,2,Maricopa:2,2,0,0,0,0,100.0,0.0,0.0,national
2025,AZ,549300OSZK2W0WJYS771,,4,2,Maricopa:2,2,0,0,0,0,100.0,0.0,0.0,national
2025,AZ,549300OUJRW41FX1L002,,2,2,Maricopa:1; 04021:1,2,0,0,0,0,100.0,0.0,0.0,national
2025,AZ,549300P7J9S1WSW4VU68,,3,2,Maricopa:1; 04019:1,2,0,0,0,0,100.0,0.0,0.0,national
2025,AZ,549300PMVNBERP6TB157,,7,2,04015:2,2,0,0,0,0,100.0,0.0,0.0,national
2025,AZ,549300PXIFIEPL7D7R86,,6,2,Maricopa:1; 04027:1,1,0,1,0,0,50.0,0.0,50.0,national
2025,AZ,549300Q4JBLTKDC7J303,,5,2,Maricopa:1; 04015:1,2,0,0,0,0,100.0,0.0,0.0,national
2025,AZ,549300SBA6BX8HZZF585,,4,2,Maricopa:1; 04025:1,2,0,0,0,0,100.0,0.0,0.0,national
2025,AZ,549300SNZET0P5BZ3J56,Morton Community Bank,3,2,Maricopa:1; 04019:1,2,0,0,0,0,100.0,0.0,0.0,national
2025,AZ,549300T1ONVEMLQ4B629,,2,2,Maricopa:1; 04021:1,2,0,0,0,0,100.0,0.0,0.0,national
2025,AZ,549300TJF420N3F01V87,,2,2,Maricopa:2,2,0,0,0,0,100.0,0.0,0.0,national
2025,AZ,549300UDBUNBNEKR8J69,,3,2,Maricopa:2,2,0,0,0,0,100.0,0.0,0.0,national
2025,AZ,549300UV5JQXLGVWIP44,,4,2,04021:1; Maricopa:1,2,0,0,0,0,100.0,0.0,0.0,national
2025,AZ,549300V3N91EH05UWL23,,5,2,Maricopa:2,2,0,0,0,0,100.0,0.0,0.0,national
2025,AZ,549300W6J23SLH6AR815,,5,2,Maricopa:2,2,0,0,0,0,100.0,0.0,0.0,national
2025,AZ,549300W6UP8EY0KSBG85,,2,2,04003:1; Maricopa:1,2,0,0,0,0,100.0,0.0,0.0,national
2025,AZ,549300WH9FMXOC63ZV77,,2,2,04025:2,2,0,0,0,0,100.0,0.0,0.0,national
2025,AZ,549300X0DCWAGU4DZH55,,2,2,04023:1; 04025:1,2,0,0,0,0,100.0,0.0,0.0,national
2025,AZ,549300XED7IBK9VVQH70,"PIKE CREEK MORTGAGE SERVICES, INC.",2,2,04025:1; Maricopa:1,2,0,0,0,0,100.0,0.0,0.0,national
2025,AZ,549300Y01XP7FO81MC08,,2,2,Maricopa:2,2,0,0,0,0,100.0,0.0,0.0,national
2025,AZ,549300YDBNK66R6ZES34,,2,2,04021:1; Maricopa:1,2,0,0,0,0,100.0,0.0,0.0,national
2025,AZ,549300ZBB5XXXOWVNS92,,2,2,04019:1; Maricopa:1,2,0,0,0,0,100.0,0.0,0.0,national
2025,AZ,549300ZWA6HRT4N1Z222,,2,2,Maricopa:2,2,0,0,0,0,100.0,0.0,0.0,national
2025,AZ,635400IW1QMK3FNFF894,MERIDIAN BANK,6,2,Maricopa:2,1,0,1,0,0,50.0,0.0,50.0,national
2025,AZ,AM9FLTUTLEC73M6N7I37,,2,2,Maricopa:2,2,0,0,0,0,100.0,0.0,0.0,national
2025,AZ,B2S31CFVSWTN3FR00Q90,,2,2,Maricopa:1; 04021:1,2,0,0,0,0,100.0,0.0,0.0,national
2025,AZ,D8RBTOL3JO2Q6IEO0F34,,2,2,Maricopa:1; 04015:1,2,0,0,0,0,100.0,0.0,0.0,national
2025,AZ,HIDXEG9BLUJZKBGUT764,Bank-Fund Staff Federal Credit Union,2,2,Maricopa:2,2,0,0,0,0,100.0,0.0,0.0,national
2025,AZ,LCUAWMT4M5H8DJ8DFH49,1st Source Bank,3,2,04021:1; Maricopa:1,2,0,0,0,0,100.0,0.0,0.0,national
2025,AZ,P7GC0W65KB5CEIHLDX81,Horizon Bank,2,2,Maricopa:2,2,0,0,0,0,100.0,0.0,0.0,national
2025,AZ,Q107R4XFOZ6F6K73C488,,2,2,Maricopa:2,2,0,0,0,0,100.0,0.0,0.0,national
2025,AZ,VEQ70DCTAI4TBBHPYI39,,2,2,Maricopa:2,2,0,0,0,0,100.0,0.0,0.0,national
2025,AZ,25490000OGVJZR74L509,,1,1,Maricopa:1,1,0,0,0,0,100.0,0.0,0.0,national
2025,AZ,2549000VZA9BKX17VB15,,1,1,Maricopa:1,1,0,0,0,0,100.0,0.0,0.0,national
2025,AZ,2549002OCMCJIOOONI88,,1,1,Maricopa:1,1,0,0,0,0,100.0,0.0,0.0,national
2025,AZ,2549003Q4MH7EVI34Z09,,1,1,Maricopa:1,1,0,0,0,0,100.0,0.0,0.0,national
2025,AZ,2549003SYL72OG7Y6S21,,1,1,Maricopa:1,1,0,0,0,0,100.0,0.0,0.0,national
2025,AZ,2549006HZDO3SULWNR95,,1,1,Maricopa:1,1,0,0,0,0,100.0,0.0,0.0,national
2025,AZ,25490074OSKMLQ1W0I88,,1,1,04021:1,1,0,0,0,0,100.0,0.0,0.0,national
2025,AZ,2549007GLTHLP3ZYS308,,1,1,04021:1,1,0,0,0,0,100.0,0.0,0.0,national
2025,AZ,2549008LUH7QKMXQ8N53,,1,1,04023:1,0,0,1,0,0,0.0,0.0,100.0,national
2025,AZ,25490099UNYWX2PZ4J91,,1,1,04019:1,1,0,0,0,0,100.0,0.0,0.0,national
2025,AZ,2549009BJ1OZ4H7KTG46,,4,1,04017:1,1,0,0,0,0,100.0,0.0,0.0,national
2025,AZ,254900ABIIEL07U0EA82,,1,1,Maricopa:1,1,0,0,0,0,100.0,0.0,0.0,national
2025,AZ,254900AG9OLNQOYN9650,,1,1,Maricopa:1,1,0,0,0,0,100.0,0.0,0.0,national
2025,AZ,254900AHLSHUJOTJG402,,1,1,Maricopa:1,1,0,0,0,0,100.0,0.0,0.0,national
2025,AZ,254900C7T2ET9EM0RK88,,1,1,Maricopa:1,1,0,0,0,0,100.0,0.0,0.0,national
2025,AZ,254900D8X5TTTSY8Z707,,3,1,Maricopa:1,1,0,0,0,0,100.0,0.0,0.0,national
2025,AZ,254900DJ8WC0BQHYR275,,1,1,04025:1,1,0,0,0,0,100.0,0.0,0.0,national
2025,AZ,254900EQ47K76CF2A976,,1,1,Maricopa:1,1,0,0,0,0,100.0,0.0,0.0,national
2025,AZ,254900HEPQK96AEXHS12,,1,1,Maricopa:1,1,0,0,0,0,100.0,0.0,0.0,national
2025,AZ,254900IU2EZH8TXNXE23,,1,1,04021:1,1,0,0,0,0,100.0,0.0,0.0,national
2025,AZ,254900L0MIAM922ZEC34,,1,1,04019:1,1,0,0,0,0,100.0,0.0,0.0,national
2025,AZ,254900LD3DEBFTITLD76,,1,1,04025:1,1,0,0,0,0,100.0,0.0,0.0,national
2025,AZ,254900LX8DA8FRHUUD51,,1,1,04003:1,1,0,0,0,0,100.0,0.0,0.0,national
2025,AZ,254900MSHJQMAF6B3Q76,,1,1,Maricopa:1,1,0,0,0,0,100.0,0.0,0.0,national
2025,AZ,254900O2VYWY7LKZ6T60,,4,1,Maricopa:1,1,0,0,0,0,100.0,0.0,0.0,national
2025,AZ,254900OM76KUNZP81M89,,1,1,Maricopa:1,1,0,0,0,0,100.0,0.0,0.0,national
2025,AZ,254900PS2KU65ZEUOA41,,1,1,Maricopa:1,1,0,0,0,0,100.0,0.0,0.0,national
2025,AZ,254900QIPUZ7PAK59X63,,1,1,Maricopa:1,1,0,0,0,0,100.0,0.0,0.0,national
2025,AZ,254900R24PHQB7GDFD26,,2,1,Maricopa:1,1,0,0,0,0,100.0,0.0,0.0,national
2025,AZ,254900S2BHB4ZY0JPI53,,1,1,Maricopa:1,1,0,0,0,0,100.0,0.0,0.0,national
2025,AZ,254900TM81D0YC1B9584,,1,1,04019:1,1,0,0,0,0,100.0,0.0,0.0,national
2025,AZ,254900TO7P4MVLV70225,,1,1,Maricopa:1,1,0,0,0,0,100.0,0.0,0.0,national
2025,AZ,254900TSA1PSM0OS4798,,1,1,Maricopa:1,1,0,0,0,0,100.0,0.0,0.0,national
2025,AZ,254900U1OBL1MC6M6518,,1,1,Maricopa:1,1,0,0,0,0,100.0,0.0,0.0,national
2025,AZ,254900U2ZPLWQTSD3158,,1,1,04021:1,1,0,0,0,0,100.0,0.0,0.0,national
2025,AZ,254900U65DCP595ABD45,,1,1,Maricopa:1,1,0,0,0,0,100.0,0.0,0.0,national
2025,AZ,254900U7G0LJ4QNSFC86,,1,1,Maricopa:1,1,0,0,0,0,100.0,0.0,0.0,national
2025,AZ,254900UHFHT3IWKY8K19,,1,1,Maricopa:1,1,0,0,0,0,100.0,0.0,0.0,national
2025,AZ,254900V9842QPBGIO804,,1,1,Maricopa:1,1,0,0,0,0,100.0,0.0,0.0,national
2025,AZ,254900VECGAWC5CPU773,,1,1,Maricopa:1,1,0,0,0,0,100.0,0.0,0.0,national
2025,AZ,254900VX7NAZSPBPUE16,,1,1,Maricopa:1,1,0,0,0,0,100.0,0.0,0.0,national
2025,AZ,254900WQBZOLXT53K570,,1,1,Maricopa:1,1,0,0,0,0,100.0,0.0,0.0,national
2025,AZ,254900WRP19TBSQG0Z89,,1,1,Maricopa:1,1,0,0,0,0,100.0,0.0,0.0,national
2025,AZ,254900XRQ4U9ABU6F580,,1,1,Maricopa:1,1,0,0,0,0,100.0,0.0,0.0,national
2025,AZ,254900XZCT60J2G3HK85,,1,1,04021:1,1,0,0,0,0,100.0,0.0,0.0,national
2025,AZ,254900YAD0R5TBY92Y41,,1,1,Maricopa:1,1,0,0,0,0,100.0,0.0,0.0,national
2025,AZ,254900ZK2F0EPOFMKG41,,2,1,Maricopa:1,1,0,0,0,0,100.0,0.0,0.0,national
2025,AZ,5493000B61DDZ2PG1515,,1,1,04025:1,1,0,0,0,0,100.0,0.0,0.0,national
2025,AZ,5493000D6RXLNBZQYA47,,2,1,04015:1,1,0,0,0,0,100.0,0.0,0.0,national
2025,AZ,5493000F6NFDOVVZP043,,1,1,04019:1,0,0,1,0,0,0.0,0.0,100.0,national
2025,AZ,5493000KJ6VEEFTSNI20,,1,1,Maricopa:1,1,0,0,0,0,100.0,0.0,0.0,national
2025,AZ,5493000XYE7QL54NMB52,,2,1,04021:1,1,0,0,0,0,100.0,0.0,0.0,national
2025,AZ,54930019RBT2SM6CQS78,,3,1,Maricopa:1,1,0,0,0,0,100.0,0.0,0.0,national
2025,AZ,5493001SSNVCONGBH947,,1,1,04003:1,1,0,0,0,0,100.0,0.0,0.0,national
2025,AZ,5493001XRDEGNB7US825,,1,1,Maricopa:1,1,0,0,0,0,100.0,0.0,0.0,national
2025,AZ,54930028J11BWKUVGX50,,1,1,Maricopa:1,1,0,0,0,0,100.0,0.0,0.0,national
2025,AZ,5493002BECVKN2TJ6H05,,1,1,04015:1,1,0,0,0,0,100.0,0.0,0.0,national
2025,AZ,5493002QI5QUDX4RGW52,,1,1,04015:1,1,0,0,0,0,100.0,0.0,0.0,national
2025,AZ,5493003617RJR4JUYT66,,1,1,Maricopa:1,1,0,0,0,0,100.0,0.0,0.0,national
2025,AZ,5493003B20KZ3DEZGB43,,1,1,Maricopa:1,1,0,0,0,0,100.0,0.0,0.0,national
2025,AZ,5493003EAJYUK1F8B139,,1,1,Maricopa:1,1,0,0,0,0,100.0,0.0,0.0,national
2025,AZ,5493003H8ECZKN77IZ88,,1,1,Maricopa:1,1,0,0,0,0,100.0,0.0,0.0,national
2025,AZ,5493003Q218ZJ8R1WN88,,1,1,04021:1,1,0,0,0,0,100.0,0.0,0.0,national
2025,AZ,5493003TK1BAOHHL6S92,,1,1,04019:1,1,0,0,0,0,100.0,0.0,0.0,national
2025,AZ,5493003Y4D5054GY3J13,,1,1,04021:1,1,0,0,0,0,100.0,0.0,0.0,national
2025,AZ,5493004LTLRA7Y5L3696,,1,1,Maricopa:1,1,0,0,0,0,100.0,0.0,0.0,national
2025,AZ,5493004MWCDBCBTXE044,,1,1,Maricopa:1,1,0,0,0,0,100.0,0.0,0.0,national
2025,AZ,5493004T9SQFCNRQ2L76,,3,1,Maricopa:1,1,0,0,0,0,100.0,0.0,0.0,national
2025,AZ,54930053KPO7OG48FP72,,2,1,04019:1,1,0,0,0,0,100.0,0.0,0.0,national
2025,AZ,54930059GZZ7G4G40O53,Primis Mortgage Company,2,1,Maricopa:1,1,0,0,0,0,100.0,0.0,0.0,national
2025,AZ,5493005F145IP6JL7314,,1,1,Maricopa:1,1,0,0,0,0,100.0,0.0,0.0,national
2025,AZ,5493005GNZ6EJFS7LM83,,1,1,Maricopa:1,1,0,0,0,0,100.0,0.0,0.0,national
2025,AZ,5493005L8AW1CTD9HZ03,,1,1,04005:1,1,0,0,0,0,100.0,0.0,0.0,national
2025,AZ,54930062IKKOJW3K8L94,,1,1,Maricopa:1,1,0,0,0,0,100.0,0.0,0.0,national
2025,AZ,54930065B0NVUO52TY13,,1,1,Maricopa:1,1,0,0,0,0,100.0,0.0,0.0,national
2025,AZ,5493006P0JVBBAHVXV08,,1,1,Maricopa:1,1,0,0,0,0,100.0,0.0,0.0,national
2025,AZ,54930077D8KXQADF5Q23,"GVC MORTGAGE, INC.",1,1,Maricopa:1,0,1,0,0,0,0.0,100.0,0.0,national
2025,AZ,54930079VLB4FPPZ7Y58,,1,1,04021:1,1,0,0,0,0,100.0,0.0,0.0,national
2025,AZ,5493007KYI3BO5LTXF79,,4,1,04015:1,1,0,0,0,0,100.0,0.0,0.0,national
2025,AZ,5493007RCYAICJL91Z44,,3,1,Maricopa:1,1,0,0,0,0,100.0,0.0,0.0,national
2025,AZ,5493008RSN6F31BTGT93,,1,1,Maricopa:1,1,0,0,0,0,100.0,0.0,0.0,national
2025,AZ,54930097J3TUZXBXXE75,,1,1,04021:1,1,0,0,0,0,100.0,0.0,0.0,national
2025,AZ,5493009L8OBHJQW5DQ13,,1,1,Maricopa:1,1,0,0,0,0,100.0,0.0,0.0,national
2025,AZ,5493009OHBOFDUG78546,,1,1,04019:1,1,0,0,0,0,100.0,0.0,0.0,national
2025,AZ,549300A81K8K8KJR9759,,1,1,Maricopa:1,1,0,0,0,0,100.0,0.0,0.0,national
2025,AZ,549300ALAL7EW71UE133,,1,1,Maricopa:1,1,0,0,0,0,100.0,0.0,0.0,national
2025,AZ,549300AOB4S7B0DB7863,,2,1,Maricopa:1,1,0,0,0,0,100.0,0.0,0.0,national
2025,AZ,549300AQ83ZR1PW5DB53,,1,1,Maricopa:1,1,0,0,0,0,100.0,0.0,0.0,national
2025,AZ,549300AWVW2ZYIVA5297,,1,1,Maricopa:1,1,0,0,0,0,100.0,0.0,0.0,national
2025,AZ,549300B2JJHSM77T5Y41,,4,1,Maricopa:1,1,0,0,0,0,100.0,0.0,0.0,national
2025,AZ,549300BJPOL64WXEFY56,,4,1,04015:1,1,0,0,0,0,100.0,0.0,0.0,national
2025,AZ,549300BNZVNK1XN85P72,,1,1,Maricopa:1,1,0,0,0,0,100.0,0.0,0.0,national
2025,AZ,549300C20KZIWPASBC15,,1,1,Maricopa:1,1,0,0,0,0,100.0,0.0,0.0,national
2025,AZ,549300C6TQAJABMFOR79,,3,1,Maricopa:1,1,0,0,0,0,100.0,0.0,0.0,national
2025,AZ,549300C853H86L248593,,1,1,Maricopa:1,1,0,0,0,0,100.0,0.0,0.0,national
2025,AZ,549300CEHN5CVC6INV48,The Park National Bank,1,1,Maricopa:1,1,0,0,0,0,100.0,0.0,0.0,national
2025,AZ,549300COR6KN4QP42U93,,1,1,Maricopa:1,1,0,0,0,0,100.0,0.0,0.0,national
2025,AZ,549300CPKDUJKREQRG38,,1,1,Maricopa:1,1,0,0,0,0,100.0,0.0,0.0,national
2025,AZ,549300CS1XP28EERR469,,2,1,Maricopa:1,1,0,0,0,0,100.0,0.0,0.0,national
2025,AZ,549300DEVPMBR765WH45,,3,1,Maricopa:1,1,0,0,0,0,100.0,0.0,0.0,national
2025,AZ,549300DNUPSQ3UW3EM09,,1,1,Maricopa:1,1,0,0,0,0,100.0,0.0,0.0,national
2025,AZ,549300DRKI1J5D73X280,,1,1,Maricopa:1,1,0,0,0,0,100.0,0.0,0.0,national
2025,AZ,549300DWS85AHLUZHB50,,1,1,Maricopa:1,1,0,0,0,0,100.0,0.0,0.0,national
2025,AZ,549300E0S1LZYZ9QNX81,,2,1,Maricopa:1,1,0,0,0,0,100.0,0.0,0.0,national
2025,AZ,549300E3X7YDJIUENL65,,1,1,04021:1,1,0,0,0,0,100.0,0.0,0.0,national
2025,AZ,549300E57105E8PDY082,,1,1,Maricopa:1,1,0,0,0,0,100.0,0.0,0.0,national
2025,AZ,549300EB748TPUCF9H23,,1,1,04015:1,1,0,0,0,0,100.0,0.0,0.0,national
2025,AZ,549300EHZKNMEE6UUC83,,1,1,04015:1,1,0,0,0,0,100.0,0.0,0.0,national
2025,AZ,549300EJVZTLWGR61E96,,2,1,04019:1,1,0,0,0,0,100.0,0.0,0.0,national
2025,AZ,549300ELLMUEKP1JHB70,,1,1,Maricopa:1,1,0,0,0,0,100.0,0.0,0.0,national
2025,AZ,549300EWFHPBZH38K695,,1,1,Maricopa:1,1,0,0,0,0,100.0,0.0,0.0,national
2025,AZ,549300FJHIE3T5GJRI39,,1,1,Maricopa:1,1,0,0,0,0,100.0,0.0,0.0,national
2025,AZ,549300FNQXUCMCVLKL76,,1,1,04019:1,1,0,0,0,0,100.0,0.0,0.0,national
2025,AZ,549300FOO7XNZ1564N12,,1,1,Maricopa:1,1,0,0,0,0,100.0,0.0,0.0,national
2025,AZ,549300GG5XNEIGHQTG04,,3,1,Maricopa:1,1,0,0,0,0,100.0,0.0,0.0,national
2025,AZ,549300GN85R5S1V3SJ96,,1,1,04019:1,1,0,0,0,0,100.0,0.0,0.0,national
2025,AZ,549300GSCUJKJINRJ980,"RUOFF MORTGAGE COMPANY, INC.",1,1,04021:1,1,0,0,0,0,100.0,0.0,0.0,national
2025,AZ,549300HC0CLTNVGA0H76,,1,1,04019:1,1,0,0,0,0,100.0,0.0,0.0,national
2025,AZ,549300HCNXMTNGIMAR91,,2,1,Maricopa:1,1,0,0,0,0,100.0,0.0,0.0,national
2025,AZ,549300HH0V8LECLNPQ26,,1,1,04027:1,1,0,0,0,0,100.0,0.0,0.0,national
2025,AZ,549300I3LFY4G7F9CE90,CPM Federal Credit Union,2,1,04027:1,1,0,0,0,0,100.0,0.0,0.0,national
2025,AZ,549300IS603VHWV5ZJ45,,1,1,Maricopa:1,1,0,0,0,0,100.0,0.0,0.0,national
2025,AZ,549300IV3BQZRSE82O16,,1,1,Maricopa:1,1,0,0,0,0,100.0,0.0,0.0,national
2025,AZ,549300IVURCTJ6QVMD67,,1,1,04025:1,1,0,0,0,0,100.0,0.0,0.0,national
2025,AZ,549300J9E3YDKIBPUY45,,1,1,04025:1,1,0,0,0,0,100.0,0.0,0.0,national
2025,AZ,549300JAEP0DFO79JO70,,1,1,04003:1,1,0,0,0,0,100.0,0.0,0.0,national
2025,AZ,549300K6I4IZA57BON59,,1,1,Maricopa:1,1,0,0,0,0,100.0,0.0,0.0,national
2025,AZ,549300KW705BBINDIZ26,,1,1,04003:1,0,0,1,0,0,0.0,0.0,100.0,national
2025,AZ,549300L7HZ4C5U35BO37,,1,1,Maricopa:1,1,0,0,0,0,100.0,0.0,0.0,national
2025,AZ,549300L8ZRL1FNUUOA59,,2,1,04019:1,1,0,0,0,0,100.0,0.0,0.0,national
2025,AZ,549300L9MOPDT0NKE883,,2,1,Maricopa:1,1,0,0,0,0,100.0,0.0,0.0,national
2025,AZ,549300LI5KT42YX5L588,,1,1,Maricopa:1,1,0,0,0,0,100.0,0.0,0.0,national
2025,AZ,549300LIZH7VW4DFJK44,,4,1,04019:1,0,1,0,0,0,0.0,100.0,0.0,national
2025,AZ,549300LO3MP4RAI32X70,,2,1,Maricopa:1,1,0,0,0,0,100.0,0.0,0.0,national
2025,AZ,549300LZLYU85WF65870,,2,1,Maricopa:1,1,0,0,0,0,100.0,0.0,0.0,national
2025,AZ,549300M0SDF90SCNIY89,,2,1,04015:1,1,0,0,0,0,100.0,0.0,0.0,national
2025,AZ,549300M5KSPQD2HH1N54,,1,1,04019:1,1,0,0,0,0,100.0,0.0,0.0,national
2025,AZ,549300MNVXT92RBYBF93,,1,1,04021:1,1,0,0,0,0,100.0,0.0,0.0,national
2025,AZ,549300MTH7LUU0OHYB47,,1,1,Maricopa:1,1,0,0,0,0,100.0,0.0,0.0,national
2025,AZ,549300N1YEXP02MHBR47,"WRIGHT-PATT CREDIT UNION, INC.",2,1,Maricopa:1,1,0,0,0,0,100.0,0.0,0.0,national
2025,AZ,549300NBFK4GO76FTE84,,1,1,Maricopa:1,1,0,0,0,0,100.0,0.0,0.0,national
2025,AZ,549300OBLIP1F3NM5751,,1,1,Maricopa:1,1,0,0,0,0,100.0,0.0,0.0,national
2025,AZ,549300ODHOF8ORD47F11,,1,1,Maricopa:1,1,0,0,0,0,100.0,0.0,0.0,national
2025,AZ,549300OHXNUMVE33Q475,,2,1,Maricopa:1,1,0,0,0,0,100.0,0.0,0.0,national
2025,AZ,549300OR2C7AGDZFTS24,,1,1,Maricopa:1,1,0,0,0,0,100.0,0.0,0.0,national
2025,AZ,549300OVNJWJXYPGIU28,,1,1,04025:1,1,0,0,0,0,100.0,0.0,0.0,national
2025,AZ,549300OWEWQ1QPPQS302,,1,1,Maricopa:1,1,0,0,0,0,100.0,0.0,0.0,national
2025,AZ,549300OZIFHR7THILC90,,1,1,Maricopa:1,1,0,0,0,0,100.0,0.0,0.0,national
2025,AZ,549300P1347BFCBHJV60,,2,1,04019:1,1,0,0,0,0,100.0,0.0,0.0,national
2025,AZ,549300PFJ7GCGDLB2E65,,1,1,Maricopa:1,1,0,0,0,0,100.0,0.0,0.0,national
2025,AZ,549300PKEQ3Q9S0IXW76,,5,1,Maricopa:1,1,0,0,0,0,100.0,0.0,0.0,national
2025,AZ,549300QFJDBOCX7WKY08,,1,1,04019:1,1,0,0,0,0,100.0,0.0,0.0,national
2025,AZ,549300QFP6J5QSZVF805,,2,1,04019:1,1,0,0,0,0,100.0,0.0,0.0,national
2025,AZ,549300R0L43GUZ8EW811,,1,1,Maricopa:1,1,0,0,0,0,100.0,0.0,0.0,national
2025,AZ,549300RAQJBTN6Z28096,,1,1,Maricopa:1,1,0,0,0,0,100.0,0.0,0.0,national
2025,AZ,549300RBWA4J4QTPSY69,,1,1,Maricopa:1,1,0,0,0,0,100.0,0.0,0.0,national
2025,AZ,549300RM7ARTTP3T1V93,,1,1,Maricopa:1,1,0,0,0,0,100.0,0.0,0.0,national
2025,AZ,549300RMEQJVNY2YH756,,1,1,Maricopa:1,1,0,0,0,0,100.0,0.0,0.0,national
2025,AZ,549300RMW817W08PUN16,,1,1,Maricopa:1,1,0,0,0,0,100.0,0.0,0.0,national
2025,AZ,549300SPHVO4KAGQUX53,,1,1,Maricopa:1,1,0,0,0,0,100.0,0.0,0.0,national
2025,AZ,549300T3F9S1MKFKHC53,HOMESTEAD FUNDING CORP.,3,1,04025:1,1,0,0,0,0,100.0,0.0,0.0,national
2025,AZ,549300THBFHMP4WJ0323,,2,1,04015:1,1,0,0,0,0,100.0,0.0,0.0,national
2025,AZ,549300TN0C13QXN1P552,,1,1,Maricopa:1,1,0,0,0,0,100.0,0.0,0.0,national
2025,AZ,549300TN34NXD7N44O04,,1,1,Maricopa:1,1,0,0,0,0,100.0,0.0,0.0,national
2025,AZ,549300TRBLKWZO8LPT76,,1,1,Maricopa:1,1,0,0,0,0,100.0,0.0,0.0,national
2025,AZ,549300TSZB60GNONKL22,,1,1,Maricopa:1,1,0,0,0,0,100.0,0.0,0.0,national
2025,AZ,549300TWHZRVTZ8RYT46,,4,1,Maricopa:1,1,0,0,0,0,100.0,0.0,0.0,national
2025,AZ,549300U6DW7DX671T306,,1,1,Maricopa:1,1,0,0,0,0,100.0,0.0,0.0,national
2025,AZ,549300U7ERLWHOGWFM48,,1,1,Maricopa:1,1,0,0,0,0,100.0,0.0,0.0,national
2025,AZ,549300U7UH8QCS8WQ406,,1,1,Maricopa:1,1,0,0,0,0,100.0,0.0,0.0,national
2025,AZ,549300U8L31JJT1ZDP60,,1,1,Maricopa:1,1,0,0,0,0,100.0,0.0,0.0,national
2025,AZ,549300UPB8ITF7B1GI03,,1,1,04021:1,1,0,0,0,0,100.0,0.0,0.0,national
2025,AZ,549300VBY3NBKUNMKL64,,1,1,Maricopa:1,1,0,0,0,0,100.0,0.0,0.0,national
2025,AZ,549300VE85K2XTVRSG76,,1,1,Maricopa:1,1,0,0,0,0,100.0,0.0,0.0,national
2025,AZ,549300VF12R0WS33KN43,,1,1,04003:1,1,0,0,0,0,100.0,0.0,0.0,national
2025,AZ,549300VGZHXNY2T0G559,,3,1,Maricopa:1,1,0,0,0,0,100.0,0.0,0.0,national
2025,AZ,549300VIZR4H7AB15496,,2,1,Maricopa:1,1,0,0,0,0,100.0,0.0,0.0,national
2025,AZ,549300VMVKSQE1B7DD43,The Camden National Bank,2,1,04019:1,1,0,0,0,0,100.0,0.0,0.0,national
2025,AZ,549300VYK2WBD7SST478,,1,1,Maricopa:1,1,0,0,0,0,100.0,0.0,0.0,national
2025,AZ,549300W6GQTN13GWDQ17,,1,1,04005:1,1,0,0,0,0,100.0,0.0,0.0,national
2025,AZ,549300WK15ESCDNJ5M35,CORNING FEDERAL CREDIT UNION,2,1,04021:1,1,0,0,0,0,100.0,0.0,0.0,national
2025,AZ,549300WMQ4WI6QXK7803,,2,1,04021:1,1,0,0,0,0,100.0,0.0,0.0,national
2025,AZ,549300WRB87J6ZL6CO07,,1,1,04025:1,1,0,0,0,0,100.0,0.0,0.0,national
2025,AZ,549300WS8BW0I0BDA390,,2,1,Maricopa:1,1,0,0,0,0,100.0,0.0,0.0,national
2025,AZ,549300WZWPMDWIL12842,,1,1,04005:1,1,0,0,0,0,100.0,0.0,0.0,national
2025,AZ,549300XHAIQYHZG7KY40,,1,1,Maricopa:1,1,0,0,0,0,100.0,0.0,0.0,national
2025,AZ,549300XHPPLC0TBRV021,,3,1,Maricopa:1,1,0,0,0,0,100.0,0.0,0.0,national
2025,AZ,549300XOTES5TCS8T794,,2,1,Maricopa:1,1,0,0,0,0,100.0,0.0,0.0,national
2025,AZ,549300XRGNVNCISU8Q79,,1,1,04019:1,1,0,0,0,0,100.0,0.0,0.0,national
2025,AZ,549300XUKQ6W1CY6QK47,,1,1,04015:1,1,0,0,0,0,100.0,0.0,0.0,national
2025,AZ,549300XZEU2LB7FLWW04,,1,1,Maricopa:1,1,0,0,0,0,100.0,0.0,0.0,national
2025,AZ,549300YAYQAARPBTRA72,,2,1,Maricopa:1,1,0,0,0,0,100.0,0.0,0.0,national
2025,AZ,549300YPQDQJM78AYS70,,1,1,Maricopa:1,1,0,0,0,0,100.0,0.0,0.0,national
2025,AZ,549300YT2WUQF1W74119,,1,1,Maricopa:1,1,0,0,0,0,100.0,0.0,0.0,national
2025,AZ,549300YVM8B4UQC5DK40,,3,1,Maricopa:1,1,0,0,0,0,100.0,0.0,0.0,national
2025,AZ,549300Z4ZK628DTL4L52,,1,1,Maricopa:1,1,0,0,0,0,100.0,0.0,0.0,national
2025,AZ,549300ZGTXNHL5BKQZ27,,1,1,04019:1,0,0,1,0,0,0.0,0.0,100.0,national
2025,AZ,549300ZX4OGRPOOEH505,,1,1,04025:1,1,0,0,0,0,100.0,0.0,0.0,national
2025,AZ,549300ZZZUYWXK72JD21,,1,1,Maricopa:1,1,0,0,0,0,100.0,0.0,0.0,national
2025,AZ,8I3UVGYULPJQIP7FQV10,"SouthState Bank, National Association",4,1,Maricopa:1,1,0,0,0,0,100.0,0.0,0.0,national
2025,AZ,984500CBWD5B079K2C86,,1,1,04019:1,0,1,0,0,0,0.0,100.0,0.0,national
2025,AZ,984500DB378C704F4610,,3,1,04023:1,1,0,0,0,0,100.0,0.0,0.0,national
2025,AZ,9LIMABRJ9VPV74PBJB17,,1,1,Maricopa:1,1,0,0,0,0,100.0,0.0,0.0,national
2025,AZ,CLHA5EVJO4FMZ2WOBV70,,3,1,Maricopa:1,1,0,0,0,0,100.0,0.0,0.0,national
2025,AZ,D32W5EBLENJC27207O81,,1,1,Maricopa:1,1,0,0,0,0,100.0,0.0,0.0,national
2025,AZ,G5AHTAP80NWA3Q8RDC78,,1,1,04021:1,1,0,0,0,0,100.0,0.0,0.0,national
2025,AZ,LBIZXW7X2N50PETIH863,,1,1,Maricopa:1,1,0,0,0,0,100.0,0.0,0.0,national
2025,AZ,MV4O55SH8HO6KQSGW013,First Financial Bank,4,1,04019:1,1,0,0,0,0,100.0,0.0,0.0,national
2025,AZ,RM2F4G3WBQ8R9OKYRH19,Mercantile Bank,1,1,Maricopa:1,1,0,0,0,0,100.0,0.0,0.0,national
