year,state,county_fips,county_name,lei,institution_name,applications,originations,denials,market_share_orig_pct,apps_conventional,apps_fha,apps_va,apps_usda_other,apps_other_loan_type,orig_conventional,orig_fha,orig_va,orig_usda_other,orig_other_loan_type,priority_market
2025,CT,09110,Capitol,549300TYBI78RNWPFB28,,1858,1292,361,6.32,1856,2,0,0,0,1291,1,0,0,0,national
2025,CT,09110,Capitol,549300FGXN1K3HLB1R50,"Rocket Mortgage, LLC",1638,1233,242,6.03,1324,221,93,0,0,1027,142,64,0,0,national
2025,CT,09110,Capitol,549300HYHFCULSUBAE54,FIRST WORLD MORTGAGE CORPORATION,1167,1010,39,4.94,959,188,20,0,0,842,152,16,0,0,national
2025,CT,09110,Capitol,549300KWXO8FUM7L0E14,Liberty Bank,1196,967,92,4.73,1181,15,0,0,0,954,13,0,0,0,national
2025,CT,09110,Capitol,549300HW662MN1WU8550,"United Wholesale Mortgage, LLC",1251,934,164,4.57,825,309,117,0,0,659,199,76,0,0,national
2025,CT,09110,Capitol,549300VJQJVZKJBDWS17,"TOTAL MORTGAGE SERVICES, LLC",1182,868,35,4.24,1004,152,26,0,0,746,100,22,0,0,national
2025,CT,09110,Capitol,WWB2V0FCW3A0EE3ZJN75,Manufacturers and Traders Trust Company,1215,708,412,3.46,1188,27,0,0,0,693,15,0,0,0,national
2025,CT,09110,Capitol,549300DD4R4SYK5RAQ92,"Cardinal Financial Company, Limited Partnership",813,630,20,3.08,684,87,42,0,0,526,67,37,0,0,national
2025,CT,09110,Capitol,B4TYDEB6GKMZO031MB27,"Guaranteed Rate, Inc.",1235,520,438,2.54,1228,7,0,0,0,517,3,0,0,0,national
2025,CT,09110,Capitol,WV0OVGBTLUP1XIUJE722,"Webster Bank, National Association",864,512,181,2.5,864,0,0,0,0,512,0,0,0,0,national
2025,CT,09110,Capitol,DRMSV1Q0EKMEXLAU1P80,"Citizens Bank, National Association",763,453,203,2.21,740,23,0,0,0,444,9,0,0,0,national
2025,CT,09110,Capitol,549300MGPZBLQDIL7538,"PrimeLending, a PlainsCapital Company",645,425,29,2.08,561,68,14,2,0,370,44,9,2,0,national
2025,CT,09110,Capitol,549300GKFNPRWNS0GF29,"AmeriHome Mortgage Company, LLC",525,365,40,1.78,270,104,10,141,0,189,66,8,102,0,national
2025,CT,09110,Capitol,5493005PKOSG7MYX0B34,"Prosperity Home Mortgage, LLC",429,310,28,1.52,355,57,17,0,0,266,34,10,0,0,national
2025,CT,09110,Capitol,549300F8C5JA44WNMI75,AMERICAN NEIGHBORHOOD MORTGAGE ACCEPTANCE COMPANY LLC,390,277,11,1.35,305,62,23,0,0,220,40,17,0,0,national
2025,CT,09110,Capitol,03D0JEWFDFUS0SEEKG89,"TD Bank, National Association",564,274,168,1.34,564,0,0,0,0,274,0,0,0,0,national
2025,CT,09110,Capitol,RVDPPPGHCGZ40J4VQ731,Fairway Independent Mortgage Corporation,471,237,60,1.16,291,142,38,0,0,165,54,18,0,0,national
2025,CT,09110,Capitol,549300FNXYY540N23N64,Newrez LLC,661,232,137,1.13,487,150,24,0,0,189,34,9,0,0,national
2025,CT,09110,Capitol,549300AG64NHILB7ZP05,"PennyMac Loan Services, LLC",411,229,112,1.12,327,74,10,0,0,177,44,8,0,0,national
2025,CT,09110,Capitol,549300XUMML1SMLTVQ62,,362,202,137,0.99,362,0,0,0,0,202,0,0,0,0,national
2025,CT,09110,Capitol,549300U3721PJGQZYY68,Nationstar Mortgage LLC,374,201,25,0.98,284,68,22,0,0,151,34,16,0,0,national
2025,CT,09110,Capitol,549300ZOKUKS0Z7C3X31,,288,195,60,0.95,288,0,0,0,0,195,0,0,0,0,national
2025,CT,09110,Capitol,549300LBCBNR1OT00651,NATIONSTAR MORTGAGE LLC,273,193,31,0.94,230,33,10,0,0,159,25,9,0,0,national
2025,CT,09110,Capitol,549300LYRWPSYPK6S325,Guild Mortgage Company LLC,434,172,35,0.84,89,260,85,0,0,38,97,37,0,0,national
2025,CT,09110,Capitol,5493003GQDUH26DNNH17,Navy Federal Credit Union,324,164,57,0.8,261,0,63,0,0,134,0,30,0,0,national
2025,CT,09110,Capitol,549300IYKILIU506KA05,PeoplesBank,231,163,22,0.8,231,0,0,0,0,163,0,0,0,0,national
2025,CT,09110,Capitol,5493009OLY1HC3F0SB77,,213,157,24,0.77,191,20,2,0,0,145,11,1,0,0,national
2025,CT,09110,Capitol,5493005HTCBH4TWCVM82,,222,153,17,0.75,220,2,0,0,0,153,0,0,0,0,national
2025,CT,09110,Capitol,549300DD5QQUHO6PCH70,"Movement Mortgage, LLC",346,150,64,0.73,41,18,287,0,0,15,6,129,0,0,national
2025,CT,09110,Capitol,549300E2UX99HKDBR481,"Broker Solutions, Inc.",458,150,61,0.73,254,200,4,0,0,109,40,1,0,0,national
2025,CT,09110,Capitol,549300MKO88C3VZKD418,,203,148,6,0.72,203,0,0,0,0,148,0,0,0,0,national
2025,CT,09110,Capitol,254900UL88QFG0E40516,FIGURE LENDING LLC,301,145,81,0.71,301,0,0,0,0,145,0,0,0,0,national
2025,CT,09110,Capitol,549300T5QSL6MC8M4D04,"NORWICH COMMERCIAL GROUP, INC.",202,145,16,0.71,158,40,2,2,0,121,22,1,1,0,national
2025,CT,09110,Capitol,5493005H3NABV4GMAG85,,203,139,32,0.68,203,0,0,0,0,139,0,0,0,0,national
2025,CT,09110,Capitol,HUX2X73FUCYHUVH1BK78,KeyBank National Association,274,137,84,0.67,265,9,0,0,0,132,5,0,0,0,national
2025,CT,09110,Capitol,549300PC4MFWQBNVKG88,,157,134,1,0.66,134,19,4,0,0,112,18,4,0,0,national
2025,CT,09110,Capitol,54930001NSTOD85LT125,"GUARANTEED RATE AFFINITY, LLC",184,132,5,0.65,162,14,8,0,0,122,6,4,0,0,national
2025,CT,09110,Capitol,6BYL5QZYBDK8S7L73M02,U.S. Bank National Association,222,131,49,0.64,215,5,2,0,0,124,5,2,0,0,national
2025,CT,09110,Capitol,7H6GLXDRUGQFU57RNE97,"JPMorgan Chase Bank, National Association",232,131,27,0.64,226,5,1,0,0,129,1,1,0,0,national
2025,CT,09110,Capitol,549300VZVN841I2ILS84,Freedom Mortgage Corporation,191,110,10,0.54,144,37,10,0,0,86,20,4,0,0,national
2025,CT,09110,Capitol,549300YIQ7S7Z8PIHE53,AMERISAVE MORTGAGE CORPORATION,290,108,146,0.53,215,65,10,0,0,85,22,1,0,0,national
2025,CT,09110,Capitol,5493000GQWJTTR0TEH83,,149,106,6,0.52,149,0,0,0,0,106,0,0,0,0,national
2025,CT,09110,Capitol,549300KV83NH6PNL5E48,Westfield Bank,147,106,20,0.52,147,0,0,0,0,106,0,0,0,0,national
2025,CT,09110,Capitol,549300GE8KIGZVQV1223,,124,105,3,0.51,108,14,2,0,0,92,12,1,0,0,national
2025,CT,09110,Capitol,549300PIL8LFAQ04XC20,Better Mortgage Corporation,350,105,176,0.51,350,0,0,0,0,105,0,0,0,0,national
2025,CT,09110,Capitol,549300FK3AFCFVAPH234,"Leader Bank, National Association",113,98,1,0.48,109,1,3,0,0,94,1,3,0,0,national
2025,CT,09110,Capitol,549300JBZ3MK7Z4FI764,,130,93,20,0.45,128,2,0,0,0,93,0,0,0,0,national
2025,CT,09110,Capitol,5493003XFPPSO0JVIB33,,142,92,25,0.45,142,0,0,0,0,92,0,0,0,0,national
2025,CT,09110,Capitol,549300JI0UWY4QIWDV89,"NORTHPOINT MORTGAGE, INC.",114,91,5,0.44,88,23,3,0,0,72,16,3,0,0,national
2025,CT,09110,Capitol,5493006VAGP3GQ8FJT49,"Kiavi Funding, Inc.",116,89,9,0.44,116,0,0,0,0,89,0,0,0,0,national
2025,CT,09110,Capitol,549300OPCWU6E72WUT29,"MUTUAL OF OMAHA MORTGAGE, INC.",164,87,39,0.43,59,95,10,0,0,36,48,3,0,0,national
2025,CT,09110,Capitol,549300R9S3MVDV4MGF56,"CARRINGTON MORTGAGE SERVICES, LLC",294,86,132,0.42,124,132,38,0,0,35,39,12,0,0,national
2025,CT,09110,Capitol,54930054ET8KM4O1D485,"SOFI BANK, NATIONAL ASSOCIATION",226,82,17,0.4,219,4,3,0,0,81,1,0,0,0,national
2025,CT,09110,Capitol,549300GTVXJ2PGXNLM73,T2 FINANCIAL LLC,98,79,4,0.39,76,14,8,0,0,62,10,7,0,0,national
2025,CT,09110,Capitol,549300XY701IELCE5Q08,BETTER MORTGAGE CORPORATION,233,78,65,0.38,205,28,0,0,0,76,2,0,0,0,national
2025,CT,09110,Capitol,549300RPOGWJRH63HS39,UNION HOME MORTGAGE CORP.,105,73,6,0.36,97,4,3,1,0,68,2,2,1,0,national
2025,CT,09110,Capitol,5493001WHVQBGRSWEU75,"HOMEBRIDGE FINANCIAL SERVICES, INC.",98,70,12,0.34,80,9,9,0,0,58,6,6,0,0,national
2025,CT,09110,Capitol,5493004D0Z2WQR26VL57,,88,70,12,0.34,88,0,0,0,0,70,0,0,0,0,national
2025,CT,09110,Capitol,549300JYXTZDSPJEPI44,"PLAZA HOME MORTGAGE, INC.",114,67,34,0.33,68,40,6,0,0,39,28,0,0,0,national
2025,CT,09110,Capitol,2549009YMLXX9WQWPX05,,104,66,24,0.32,104,0,0,0,0,66,0,0,0,0,national
2025,CT,09110,Capitol,254900RUCO27MVGTO768,LOAN FUNDER LLC,116,66,9,0.32,116,0,0,0,0,66,0,0,0,0,national
2025,CT,09110,Capitol,254900W4EKVR6GZ0KS84,,77,66,3,0.32,77,0,0,0,0,66,0,0,0,0,national
2025,CT,09110,Capitol,549300MZ8VZJOVC63092,"KIND LENDING, LLC",85,66,11,0.32,66,18,1,0,0,53,12,1,0,0,national
2025,CT,09110,Capitol,549300VQUTI5IU7GXT57,,86,66,5,0.32,71,13,2,0,0,56,8,2,0,0,national
2025,CT,09110,Capitol,549300NOCASXPA34X033,"LAKEVIEW LOAN SERVICING, LLC",210,63,99,0.31,118,78,14,0,0,40,19,4,0,0,national
2025,CT,09110,Capitol,549300T3F9S1MKFKHC53,HOMESTEAD FUNDING CORP.,69,57,0,0.28,60,6,3,0,0,50,5,2,0,0,national
2025,CT,09110,Capitol,549300YFPHIE78XPP635,,65,55,2,0.27,62,3,0,0,0,54,1,0,0,0,national
2025,CT,09110,Capitol,254900ZFWS2106HWPH46,"PARAMOUNT RESIDENTIAL MORTGAGE GROUP, INC.",66,53,2,0.26,42,22,1,1,0,35,17,1,0,0,national
2025,CT,09110,Capitol,254900HJA1Y85EJCGB90,,72,52,9,0.25,72,0,0,0,0,52,0,0,0,0,national
2025,CT,09110,Capitol,AD6GFRVSDT01YPT1CS68,"PNC Bank, National Association",88,52,23,0.25,88,0,0,0,0,52,0,0,0,0,national
2025,CT,09110,Capitol,54930002M4XN64FM7Z89,,81,51,13,0.25,81,0,0,0,0,51,0,0,0,0,national
2025,CT,09110,Capitol,KB1H1DSPRFMYMCUFXT09,"Wells Fargo Bank, National Association",98,51,20,0.25,89,9,0,0,0,46,5,0,0,0,national
2025,CT,09110,Capitol,254900TYE85Q9OTQ5O38,,77,49,18,0.24,77,0,0,0,0,49,0,0,0,0,national
2025,CT,09110,Capitol,549300T9P3WXNMXX0I34,Ixonia Bank,69,49,8,0.24,39,30,0,0,0,29,20,0,0,0,national
2025,CT,09110,Capitol,5493006Z74IVZXJ0XO35,,85,48,18,0.23,85,0,0,0,0,48,0,0,0,0,national
2025,CT,09110,Capitol,549300121SF0K2LN2804,"PRIMELENDING, A PLAINSCAPITAL COMPANY",60,47,0,0.23,54,4,2,0,0,43,4,0,0,0,national
2025,CT,09110,Capitol,549300DRZGISDSL1BX02,,95,46,29,0.22,95,0,0,0,0,46,0,0,0,0,national
2025,CT,09110,Capitol,549300CA0J0Z7OFQBG71,,90,45,21,0.22,90,0,0,0,0,45,0,0,0,0,national
2025,CT,09110,Capitol,549300J7I82PNDVU8H22,"OCMBC, INC.",85,45,12,0.22,77,7,1,0,0,40,4,1,0,0,national
2025,CT,09110,Capitol,549300LR1ZETOWYE9Z89,Berkshire Bank,70,44,19,0.22,69,0,1,0,0,43,0,1,0,0,national
2025,CT,09110,Capitol,254900DTLHVWQ7NP7R34,"CMG Mortgage, Inc.",75,43,13,0.21,75,0,0,0,0,43,0,0,0,0,national
2025,CT,09110,Capitol,254900QY5ST0J7P6M123,,55,41,9,0.2,54,1,0,0,0,41,0,0,0,0,national
2025,CT,09110,Capitol,54930055Z5ZI5MLNR750,,71,41,20,0.2,71,0,0,0,0,41,0,0,0,0,national
2025,CT,09110,Capitol,549300L0OVX5O63S8C68,WASHINGTON TRUST MORTGAGE COMPANY LLC,61,41,3,0.2,61,0,0,0,0,41,0,0,0,0,national
2025,CT,09110,Capitol,54930043BMDE130FJ617,"PROVIDENT FUNDING ASSOCIATES, L.P.",66,40,3,0.2,66,0,0,0,0,40,0,0,0,0,national
2025,CT,09110,Capitol,X05BVSK68TQ7YTOSNR22,Discover Bank,291,39,139,0.19,291,0,0,0,0,39,0,0,0,0,national
2025,CT,09110,Capitol,549300EMNDEK4BA8WB53,EMM LOANS LLC,50,38,3,0.19,34,14,2,0,0,31,5,2,0,0,national
2025,CT,09110,Capitol,549300QCV4J37OC2IL06,,43,38,3,0.19,43,0,0,0,0,38,0,0,0,0,national
2025,CT,09110,Capitol,5493003V40VGM7YDFM54,FIRST COLONY MORTGAGE CORPORATION,58,36,6,0.18,46,12,0,0,0,25,11,0,0,0,national
2025,CT,09110,Capitol,54930052M48FOD3CWA54,"PRIMARY RESIDENTIAL MORTGAGE, INC.",52,36,4,0.18,40,11,1,0,0,30,5,1,0,0,national
2025,CT,09110,Capitol,549300FX7K8PTEQUU487,PENTAGON FEDERAL CREDIT UNION,62,36,18,0.18,58,1,3,0,0,35,0,1,0,0,national
2025,CT,09110,Capitol,254900HA4DQWAE0W3342,"AMERIHOME MORTGAGE COMPANY, LLC",57,35,6,0.17,29,28,0,0,0,22,13,0,0,0,national
2025,CT,09110,Capitol,254900QHRM7S805P5E69,,36,35,1,0.17,36,0,0,0,0,35,0,0,0,0,national
2025,CT,09110,Capitol,5493005PD34O8ZT7QT17,,39,35,2,0.17,39,0,0,0,0,35,0,0,0,0,national
2025,CT,09110,Capitol,C5654JQHZUHN0772B561,USAA Federal Savings Bank,62,34,11,0.17,30,0,32,0,0,19,0,15,0,0,national
2025,CT,09110,Capitol,549300EKFFG3BU8DNX74,NEXERA HOLDING LLC,54,33,5,0.16,53,1,0,0,0,33,0,0,0,0,national
2025,CT,09110,Capitol,549300HQL7U3JZ4LCJ17,,37,33,0,0.16,37,0,0,0,0,33,0,0,0,0,national
2025,CT,09110,Capitol,549300MCIFZSDHUT8X63,"NFM, INC.",41,33,2,0.16,34,6,1,0,0,26,6,1,0,0,national
2025,CT,09110,Capitol,5493008CPTDVOS570626,"Primary Residential Mortgage, Inc.",68,32,27,0.16,68,0,0,0,0,32,0,0,0,0,national
2025,CT,09110,Capitol,5493009BOQDC6PCFR785,"NBT Bank, National Association",46,32,10,0.16,46,0,0,0,0,32,0,0,0,0,national
2025,CT,09110,Capitol,5493008XQDQ2YZPQKX53,,35,31,0,0.15,26,7,2,0,0,22,7,2,0,0,national
2025,CT,09110,Capitol,984500U2F9A83N391A91,"CHAMPIONS FUNDING, LLC",52,31,12,0.15,52,0,0,0,0,31,0,0,0,0,national
2025,CT,09110,Capitol,5493001GDRY0EL7VG372,"ARK-LA-TEX FINANCIAL SERVICES, LLC.",37,30,0,0.15,26,9,2,0,0,22,6,2,0,0,national
2025,CT,09110,Capitol,549300217ZPIHWEYT887,,31,30,1,0.15,31,0,0,0,0,30,0,0,0,0,national
2025,CT,09110,Capitol,5493006IZV5N1QXJNG33,,33,30,2,0.15,33,0,0,0,0,30,0,0,0,0,national
2025,CT,09110,Capitol,549300AQ3T62GXDU7D76,Ally Bank,51,30,5,0.15,39,10,2,0,0,21,7,2,0,0,national
2025,CT,09110,Capitol,549300TA4MQM8WN2XG31,,49,29,0,0.14,49,0,0,0,0,29,0,0,0,0,national
2025,CT,09110,Capitol,1VUZZZCW0TWP6R7N3Z33,,36,28,6,0.14,36,0,0,0,0,28,0,0,0,0,national
2025,CT,09110,Capitol,549300YN94MOAVYW0F52,"GoodLeap, LLC",58,28,8,0.14,51,5,2,0,0,26,1,1,0,0,national
2025,CT,09110,Capitol,2549002VH9C0PKB8K153,,57,27,8,0.13,57,0,0,0,0,27,0,0,0,0,national
2025,CT,09110,Capitol,2549005SIVTHG14U2905,A&D Mortgage LLC,48,27,3,0.13,46,2,0,0,0,27,0,0,0,0,national
2025,CT,09110,Capitol,549300PQLK8E48ILXV41,,50,27,10,0.13,45,5,0,0,0,27,0,0,0,0,national
2025,CT,09110,Capitol,549300UXY7OP0IC38293,,36,27,1,0.13,33,2,1,0,0,24,2,1,0,0,national
2025,CT,09110,Capitol,549300Y5Y88FQLI7VE83,DEEPHAVEN MORTGAGE LLC,40,27,6,0.13,40,0,0,0,0,27,0,0,0,0,national
2025,CT,09110,Capitol,549300O6Z0I6KYMESL47,AMWEST FUNDING CORP.,36,26,2,0.13,36,0,0,0,0,26,0,0,0,0,national
2025,CT,09110,Capitol,549300LROQOOQU77WS20,,54,24,7,0.12,52,1,1,0,0,23,0,1,0,0,national
2025,CT,09110,Capitol,549300RN01LBYR8ZVX74,"LOWER, LLC",50,24,11,0.12,24,22,4,0,0,13,9,2,0,0,national
2025,CT,09110,Capitol,254900HEJ9F73IMPX887,,52,23,3,0.11,50,2,0,0,0,22,1,0,0,0,national
2025,CT,09110,Capitol,549300RD5IG88VPO6P22,,35,23,1,0.11,35,0,0,0,0,23,0,0,0,0,national
2025,CT,09110,Capitol,PAOOWF3GUFM46FBSP561,,63,22,2,0.11,38,22,3,0,0,15,6,1,0,0,national
2025,CT,09110,Capitol,254900O86JRT86YLQO47,,27,21,4,0.1,27,0,0,0,0,21,0,0,0,0,national
2025,CT,09110,Capitol,5493001GCBD5XGNIC815,Coastal Community Bank,161,21,2,0.1,161,0,0,0,0,21,0,0,0,0,national
2025,CT,09110,Capitol,549300SK2GVCQXPD4S58,"SUN WEST MORTGAGE COMPANY, INC.",27,21,1,0.1,13,11,3,0,0,12,8,1,0,0,national
2025,CT,09110,Capitol,549300XWUSRVVOHPRY47,Academy Mortgage Corporation,48,21,6,0.1,38,8,2,0,0,16,4,1,0,0,national
2025,CT,09110,Capitol,254900O2K17TNH5CL873,"RF RENOVO MANAGEMENT COMPANY, LLC",28,19,0,0.09,28,0,0,0,0,19,0,0,0,0,national
2025,CT,09110,Capitol,54930048P8RWCQHQM310,,28,19,0,0.09,28,0,0,0,0,19,0,0,0,0,national
2025,CT,09110,Capitol,549300R77W0P105C3S50,HOMEXPRESS MORTGAGE CORP.,41,19,21,0.09,41,0,0,0,0,19,0,0,0,0,national
2025,CT,09110,Capitol,549300S5YL3OH0IVCS62,FINANCE OF AMERICA REVERSE LLC,27,19,3,0.09,5,22,0,0,0,3,16,0,0,0,national
2025,CT,09110,Capitol,549300VORTI31GZTJL53,"CARDINAL FINANCIAL COMPANY, LIMITED PARTNERSHIP",25,19,1,0.09,18,7,0,0,0,14,5,0,0,0,national
2025,CT,09110,Capitol,254900WTZC5SSKIN2M11,,22,18,1,0.09,22,0,0,0,0,18,0,0,0,0,national
2025,CT,09110,Capitol,549300CGP3B8XPP1N814,,21,18,2,0.09,21,0,0,0,0,18,0,0,0,0,national
2025,CT,09110,Capitol,549300HMKAPEK7YMHY76,,18,18,0,0.09,18,0,0,0,0,18,0,0,0,0,national
2025,CT,09110,Capitol,549300VCMRO4ST680C11,VILLAGE CAPITAL & INVESTMENT LLC,70,18,17,0.09,0,42,28,0,0,0,8,10,0,0,national
2025,CT,09110,Capitol,Q708HHR4LD2B7XIZNO92,First Federal Bank,29,18,0,0.09,27,1,1,0,0,16,1,1,0,0,national
2025,CT,09110,Capitol,213800XR2TCBQJSF1X93,,29,17,1,0.08,23,2,4,0,0,13,1,3,0,0,national
2025,CT,09110,Capitol,254900C1CRYSCHG38F20,,24,17,2,0.08,24,0,0,0,0,17,0,0,0,0,national
2025,CT,09110,Capitol,549300RUKY2I2HQ2AI44,,21,17,1,0.08,21,0,0,0,0,17,0,0,0,0,national
2025,CT,09110,Capitol,549300TR6MWKSIOP3B72,Beacon Bank And Trust,27,17,6,0.08,27,0,0,0,0,17,0,0,0,0,national
2025,CT,09110,Capitol,549300ZPSJZO10ZAX556,"AMERICAN HERITAGE LENDING, LLC",37,17,1,0.08,37,0,0,0,0,17,0,0,0,0,national
2025,CT,09110,Capitol,213800QUAI2VH5YM6310,"EMBRACE HOME LOANS, INC.",20,16,2,0.08,16,3,1,0,0,13,2,1,0,0,national
2025,CT,09110,Capitol,54930030Z1JWTP3SVD16,,31,16,0,0.08,11,20,0,0,0,5,11,0,0,0,national
2025,CT,09110,Capitol,549300CLRXFVF83ZL806,"NATIONWIDE MORTGAGE BANKERS, INC.",26,16,4,0.08,16,10,0,0,0,10,6,0,0,0,national
2025,CT,09110,Capitol,549300K4ZLGS7SRDTL86,Equity Prime Mortgage LLC,38,16,7,0.08,2,31,5,0,0,0,16,0,0,0,national
2025,CT,09110,Capitol,549300RA3E0BUFO7YZ21,"Hometown Equity Mortgage, LLC",35,16,18,0.08,34,1,0,0,0,16,0,0,0,0,national
2025,CT,09110,Capitol,549300SYR11CYON0JE74,"BAYCOAST MORTGAGE COMPANY, LLC",18,16,0,0.08,15,2,1,0,0,14,1,1,0,0,national
2025,CT,09110,Capitol,254900VE4XTOQUE8NZ77,,50,15,5,0.07,50,0,0,0,0,15,0,0,0,0,national
2025,CT,09110,Capitol,54930021WPEXNHYZUL09,"PLANET HOME LENDING, LLC",20,15,5,0.07,3,12,5,0,0,2,8,5,0,0,national
2025,CT,09110,Capitol,549300323EON4W3CCM44,"RESICENTRAL, LLC",18,15,0,0.07,17,0,1,0,0,15,0,0,0,0,national
2025,CT,09110,Capitol,549300Q50XCC0473FG63,,28,15,7,0.07,28,0,0,0,0,15,0,0,0,0,national
2025,CT,09110,Capitol,549300T94GSH3C4U5M59,ALLIANT CREDIT UNION,33,14,12,0.07,33,0,0,0,0,14,0,0,0,0,national
2025,CT,09110,Capitol,549300YW2UBCMDRMBT48,,17,14,2,0.07,11,6,0,0,0,8,6,0,0,0,national
2025,CT,09110,Capitol,984500D092D1E2CYDB19,,15,14,1,0.07,14,1,0,0,0,13,1,0,0,0,national
2025,CT,09110,Capitol,5493007H0KZ81N1H6352,,16,13,1,0.06,16,0,0,0,0,13,0,0,0,0,national
2025,CT,09110,Capitol,549300FQS3UXEAID1Q88,,23,13,4,0.06,23,0,0,0,0,13,0,0,0,0,national
2025,CT,09110,Capitol,549300G2LV8W3C1G3762,,19,13,1,0.06,16,2,1,0,0,10,2,1,0,0,national
2025,CT,09110,Capitol,549300KSOOZZVXCMA627,ANGEL OAK MORTGAGE SOLUTIONS LLC,18,13,1,0.06,18,0,0,0,0,13,0,0,0,0,national
2025,CT,09110,Capitol,549300N38Q5YKSSV1106,Bankesb,14,13,1,0.06,14,0,0,0,0,13,0,0,0,0,national
2025,CT,09110,Capitol,549300RYWXR8TL5LIK35,,24,13,1,0.06,13,10,1,0,0,7,5,1,0,0,national
2025,CT,09110,Capitol,E57ODZWZ7FF32TWEFA76,"Citibank, National Association",48,13,14,0.06,48,0,0,0,0,13,0,0,0,0,national
2025,CT,09110,Capitol,254900E6AIE4Z8YQM970,Citadel Servicing Corporation,22,12,1,0.06,22,0,0,0,0,12,0,0,0,0,national
2025,CT,09110,Capitol,549300370QILXLFUWD20,"ZILLOW HOME LOANS, LLC",21,12,5,0.06,19,2,0,0,0,12,0,0,0,0,national
2025,CT,09110,Capitol,549300BX448ALT10FI43,The Federal Savings Bank,38,12,3,0.06,5,4,29,0,0,2,1,9,0,0,national
2025,CT,09110,Capitol,549300HKYBSATM44Q425,"The Washington Trust Company, of Westerly",26,12,7,0.06,21,2,3,0,0,9,1,2,0,0,national
2025,CT,09110,Capitol,549300HRKD2IJSOPRA57,,13,12,0,0.06,13,0,0,0,0,12,0,0,0,0,national
2025,CT,09110,Capitol,549300KTR1JGH3K6LU06,FOURLEAF,34,12,18,0.06,34,0,0,0,0,12,0,0,0,0,national
2025,CT,09110,Capitol,549300REENMLD2RN3W58,,20,12,4,0.06,11,5,4,0,0,5,5,2,0,0,national
2025,CT,09110,Capitol,549300UHEEV73TKCZY62,,12,12,0,0.06,12,0,0,0,0,12,0,0,0,0,national
2025,CT,09110,Capitol,549300UR5AOWTJJ7KZ64,,14,12,0,0.06,14,0,0,0,0,12,0,0,0,0,national
2025,CT,09110,Capitol,SS1TRMSN6BRNMOREEV51,"Flagstar Bank, National Association",23,12,6,0.06,19,3,1,0,0,10,1,1,0,0,national
2025,CT,09110,Capitol,5493008NWHQT1R22C024,"AMERICAN FINANCIAL NETWORK, INC.",19,11,1,0.05,10,9,0,0,0,7,4,0,0,0,national
2025,CT,09110,Capitol,549300FVD3YHE65PKH97,,11,11,0,0.05,5,6,0,0,0,5,6,0,0,0,national
2025,CT,09110,Capitol,549300JPGMCMBEJEK584,FIRST TECHNOLOGY,21,11,3,0.05,21,0,0,0,0,11,0,0,0,0,national
2025,CT,09110,Capitol,549300NFPC3Y4W3Y7R87,,14,11,0,0.05,12,1,1,0,0,9,1,1,0,0,national
2025,CT,09110,Capitol,549300S8SHBRCI7UU819,,19,11,3,0.05,19,0,0,0,0,11,0,0,0,0,national
2025,CT,09110,Capitol,549300SUCQ1358EGVE89,"NEW DAY FINANCIAL, LLC",63,11,17,0.05,0,2,61,0,0,0,0,11,0,0,national
2025,CT,09110,Capitol,2549001NJY765EZWDI06,,17,10,0,0.05,8,9,0,0,0,4,6,0,0,0,national
2025,CT,09110,Capitol,5493002B2WMHY23GFK92,"AMERICAN FINANCIAL RESOURCES, INC.",21,10,0,0.05,9,10,0,2,0,5,5,0,0,0,national
2025,CT,09110,Capitol,549300GS0W0TEUQS8571,"Morgan Stanley Private Bank, National Association",15,10,1,0.05,15,0,0,0,0,10,0,0,0,0,national
2025,CT,09110,Capitol,549300KT5OWPGQKWUN86,,18,10,0,0.05,12,6,0,0,0,8,2,0,0,0,national
2025,CT,09110,Capitol,549300NWBS6MQJX15N44,,13,10,2,0.05,12,1,0,0,0,9,1,0,0,0,national
2025,CT,09110,Capitol,984500F6E6940CCB6A60,,20,10,1,0.05,20,0,0,0,0,10,0,0,0,0,national
2025,CT,09110,Capitol,254900ACUWEGW702BR80,"FM Home Loans, LLC",15,9,0,0.04,15,0,0,0,0,9,0,0,0,0,national
2025,CT,09110,Capitol,254900YA1AQXNM8QVZ06,,12,9,0,0.04,12,0,0,0,0,9,0,0,0,0,national
2025,CT,09110,Capitol,54930078TNN7GKZ7NU89,,9,9,0,0.04,9,0,0,0,0,9,0,0,0,0,national
2025,CT,09110,Capitol,5493008P6YO2KM3EO556,,10,9,0,0.04,10,0,0,0,0,9,0,0,0,0,national
2025,CT,09110,Capitol,549300A5HHOL2ED18C72,,12,9,2,0.04,10,2,0,0,0,8,1,0,0,0,national
2025,CT,09110,Capitol,549300QY4UCP33T94N09,,15,9,1,0.04,15,0,0,0,0,9,0,0,0,0,national
2025,CT,09110,Capitol,549300YMIOLU51FSTO86,,9,9,0,0.04,9,0,0,0,0,9,0,0,0,0,national
2025,CT,09110,Capitol,254900TM81D0YC1B9584,,8,8,0,0.04,8,0,0,0,0,8,0,0,0,0,national
2025,CT,09110,Capitol,5493002GI63WHHUTUD85,,10,8,1,0.04,4,5,1,0,0,3,4,1,0,0,national
2025,CT,09110,Capitol,5493004AS1SPBQOFDR49,"Change Lending, LLC",15,8,0,0.04,15,0,0,0,0,8,0,0,0,0,national
2025,CT,09110,Capitol,549300INFJ8TYNZ1G568,,8,8,0,0.04,8,0,0,0,0,8,0,0,0,0,national
2025,CT,09110,Capitol,549300JD1162QW84ZO34,,11,8,3,0.04,11,0,0,0,0,8,0,0,0,0,national
2025,CT,09110,Capitol,549300LI3FDGO7UKFF39,EAST COAST CAPITAL CORP.,16,8,1,0.04,13,2,1,0,0,6,1,1,0,0,national
2025,CT,09110,Capitol,549300QKL5FUBZ8LSF50,,9,8,0,0.04,4,5,0,0,0,4,4,0,0,0,national
2025,CT,09110,Capitol,549300R0SXC1JU7ZU290,,11,8,2,0.04,8,3,0,0,0,7,1,0,0,0,national
2025,CT,09110,Capitol,98450057741D3B36B015,,10,8,1,0.04,10,0,0,0,0,8,0,0,0,0,national
2025,CT,09110,Capitol,254900CTT87ZKAUTIJ37,,11,7,2,0.03,11,0,0,0,0,7,0,0,0,0,national
2025,CT,09110,Capitol,549300BLL6VL7AXWYP56,,16,7,0,0.03,8,7,1,0,0,5,2,0,0,0,national
2025,CT,09110,Capitol,549300DAUXQ2DCY4H838,"HARBORONE MORTGAGE, LLC",8,7,1,0.03,8,0,0,0,0,7,0,0,0,0,national
2025,CT,09110,Capitol,549300KWKWPEKL40WD44,,8,7,0,0.03,8,0,0,0,0,7,0,0,0,0,national
2025,CT,09110,Capitol,549300MHH03ICJYEPE85,,11,7,2,0.03,2,9,0,0,0,0,7,0,0,0,national
2025,CT,09110,Capitol,549300S347HTLHLOC775,,24,7,6,0.03,24,0,0,0,0,7,0,0,0,0,national
2025,CT,09110,Capitol,549300W45D2J6BT4LX65,,7,7,0,0.03,7,0,0,0,0,7,0,0,0,0,national
2025,CT,09110,Capitol,98450087981AP406JG03,,8,7,0,0.03,8,0,0,0,0,7,0,0,0,0,national
2025,CT,09110,Capitol,2549004Z576VEJBK3N72,"NQM FUNDING, LLC",10,6,2,0.03,10,0,0,0,0,6,0,0,0,0,national
2025,CT,09110,Capitol,254900TG14TB8RKS3U42,,12,6,0,0.03,11,1,0,0,0,6,0,0,0,0,national
2025,CT,09110,Capitol,254900VELJPWWT51WN03,,8,6,0,0.03,8,0,0,0,0,6,0,0,0,0,national
2025,CT,09110,Capitol,2WHM8VNJH63UN14OL754,The Huntington National Bank,12,6,4,0.03,11,1,0,0,0,6,0,0,0,0,national
2025,CT,09110,Capitol,5493000349C5XXDRQX28,,9,6,0,0.03,7,2,0,0,0,4,2,0,0,0,national
2025,CT,09110,Capitol,5493003B2LEGQHDWRN55,HANSCOM,8,6,0,0.03,7,0,1,0,0,5,0,1,0,0,national
2025,CT,09110,Capitol,5493003X6Y6JGJKHPA25,,8,6,0,0.03,4,4,0,0,0,4,2,0,0,0,national
2025,CT,09110,Capitol,5493008PQSMR41Y70C36,,6,6,0,0.03,6,0,0,0,0,6,0,0,0,0,national
2025,CT,09110,Capitol,549300ASFUWYQO0RW077,,7,6,0,0.03,7,0,0,0,0,6,0,0,0,0,national
2025,CT,09110,Capitol,549300DQMFK1KT7KEB48,,7,6,1,0.03,6,0,1,0,0,5,0,1,0,0,national
2025,CT,09110,Capitol,549300F570XAWYN8Z237,,7,6,1,0.03,7,0,0,0,0,6,0,0,0,0,national
2025,CT,09110,Capitol,549300ISCZS1R0CJMO47,,7,6,0,0.03,7,0,0,0,0,6,0,0,0,0,national
2025,CT,09110,Capitol,549300PL267CW8182203,,13,6,1,0.03,1,9,3,0,0,0,3,3,0,0,national
2025,CT,09110,Capitol,549300PL8ER6H23P0Z91,,11,6,0,0.03,9,2,0,0,0,4,2,0,0,0,national
2025,CT,09110,Capitol,549300Q4BYXP7YD9UI61,,6,6,0,0.03,6,0,0,0,0,6,0,0,0,0,national
2025,CT,09110,Capitol,549300RFLICNI75BG067,Luminate Bank,6,6,0,0.03,5,1,0,0,0,5,1,0,0,0,national
2025,CT,09110,Capitol,549300XZ4R55J9UKB235,,6,6,0,0.03,6,0,0,0,0,6,0,0,0,0,national
2025,CT,09110,Capitol,JJKC32MCHWDI71265Z06,Truist Bank,10,6,0,0.03,10,0,0,0,0,6,0,0,0,0,national
2025,CT,09110,Capitol,2549004XJQQPBYQSMT39,,7,5,0,0.02,7,0,0,0,0,5,0,0,0,0,national
2025,CT,09110,Capitol,2549006T9J2DMLJVRS64,Municipal Credit Union,10,5,1,0.02,10,0,0,0,0,5,0,0,0,0,national
2025,CT,09110,Capitol,2549008X67CV1MNM7747,,9,5,0,0.02,6,3,0,0,0,2,3,0,0,0,national
2025,CT,09110,Capitol,254900U1OBL1MC6M6518,,6,5,0,0.02,6,0,0,0,0,5,0,0,0,0,national
2025,CT,09110,Capitol,5493001XKL0FTNOJ0866,,7,5,0,0.02,6,1,0,0,0,4,1,0,0,0,national
2025,CT,09110,Capitol,5493002Y5XYV7DV1ZV88,"GOLD STAR MORTGAGE FINANCIAL GROUP, CORPORATION",8,5,0,0.02,6,2,0,0,0,4,1,0,0,0,national
2025,CT,09110,Capitol,5493005ICQ3QGEIWV618,UNITED MORTGAGE CORP.,7,5,0,0.02,5,2,0,0,0,4,1,0,0,0,national
2025,CT,09110,Capitol,549300ALNLUNS3Y53T24,,32,5,15,0.02,12,20,0,0,0,4,1,0,0,0,national
2025,CT,09110,Capitol,549300DH8EI64ITBY388,,5,5,0,0.02,5,0,0,0,0,5,0,0,0,0,national
2025,CT,09110,Capitol,549300GCEUZLVML1J263,RADIUS FINANCIAL GROUP INC.,7,5,0,0.02,4,3,0,0,0,4,1,0,0,0,national
2025,CT,09110,Capitol,549300J6N77Q8OHYNF23,,10,5,4,0.02,8,1,1,0,0,5,0,0,0,0,national
2025,CT,09110,Capitol,549300LLESTPOVRG3X73,,7,5,0,0.02,7,0,0,0,0,5,0,0,0,0,national
2025,CT,09110,Capitol,549300OPB0G5OMY0SM65,,6,5,0,0.02,6,0,0,0,0,5,0,0,0,0,national
2025,CT,09110,Capitol,549300XCVBRR56D08F03,,26,5,0,0.02,15,11,0,0,0,2,3,0,0,0,national
2025,CT,09110,Capitol,549300ZZME37MXI1EF14,,6,5,0,0.02,5,1,0,0,0,4,1,0,0,0,national
2025,CT,09110,Capitol,C398JSK21YCXWM603F55,,16,5,4,0.02,6,2,8,0,0,1,1,3,0,0,national
2025,CT,09110,Capitol,U9WBLC3ZT2VBJSNY2Y81,,5,5,0,0.02,5,0,0,0,0,5,0,0,0,0,national
2025,CT,09110,Capitol,2549006HJBA7HTOZF285,,11,4,4,0.02,11,0,0,0,0,4,0,0,0,0,national
2025,CT,09110,Capitol,254900J5OSYRB4AN2309,,10,4,6,0.02,10,0,0,0,0,4,0,0,0,0,national
2025,CT,09110,Capitol,254900NZOY3XB2DNSZ34,,5,4,0,0.02,5,0,0,0,0,4,0,0,0,0,national
2025,CT,09110,Capitol,254900WEP08K7U7S3A80,,5,4,0,0.02,4,1,0,0,0,3,1,0,0,0,national
2025,CT,09110,Capitol,5493000IIYWBLONJVJ30,,6,4,1,0.02,6,0,0,0,0,4,0,0,0,0,national
2025,CT,09110,Capitol,54930015NKWX0FSGV150,,8,4,2,0.02,8,0,0,0,0,4,0,0,0,0,national
2025,CT,09110,Capitol,5493001F1MFNT7Y4FU47,,5,4,0,0.02,5,0,0,0,0,4,0,0,0,0,national
2025,CT,09110,Capitol,5493005DJAOTPGS83Z81,Cornerstone Bank,8,4,3,0.02,8,0,0,0,0,4,0,0,0,0,national
2025,CT,09110,Capitol,5493005NN76XZ2NOFH19,Country Bank for Savings,5,4,0,0.02,5,0,0,0,0,4,0,0,0,0,national
2025,CT,09110,Capitol,54930091JQKCU3Z6IP44,,71,4,7,0.02,71,0,0,0,0,4,0,0,0,0,national
2025,CT,09110,Capitol,549300RM1IZYGQDSNL85,,28,4,0,0.02,10,12,6,0,0,1,1,2,0,0,national
2025,CT,09110,Capitol,549300S0KDQNIC08M074,,5,4,1,0.02,5,0,0,0,0,4,0,0,0,0,national
2025,CT,09110,Capitol,549300S5NLOTO329NX77,,5,4,0,0.02,5,0,0,0,0,4,0,0,0,0,national
2025,CT,09110,Capitol,549300T7RPUYDIE5FH39,,4,4,0,0.02,4,0,0,0,0,4,0,0,0,0,national
2025,CT,09110,Capitol,549300U4FBW37LFHW771,,6,4,0,0.02,6,0,0,0,0,4,0,0,0,0,national
2025,CT,09110,Capitol,984500CD6F0743B8F530,,5,4,1,0.02,0,2,3,0,0,0,1,3,0,0,national
2025,CT,09110,Capitol,QFROUN1UWUYU0DVIWD51,"Eagle Home Mortgage, LLC",8,4,1,0.02,7,1,0,0,0,4,0,0,0,0,national
2025,CT,09110,Capitol,2549008G9SP4WM32NN96,,3,3,0,0.01,2,0,1,0,0,2,0,1,0,0,national
2025,CT,09110,Capitol,254900BBWJ82FQDQ6823,,6,3,0,0.01,6,0,0,0,0,3,0,0,0,0,national
2025,CT,09110,Capitol,254900DRSIZBQXDCJ875,,3,3,0,0.01,3,0,0,0,0,3,0,0,0,0,national
2025,CT,09110,Capitol,254900FMBXF85WQYV433,,3,3,0,0.01,3,0,0,0,0,3,0,0,0,0,national
2025,CT,09110,Capitol,254900I68BOSEM149Q58,,3,3,0,0.01,3,0,0,0,0,3,0,0,0,0,national
2025,CT,09110,Capitol,5493001X0T84TYRJ5Y59,,4,3,1,0.01,4,0,0,0,0,3,0,0,0,0,national
2025,CT,09110,Capitol,54930023C70YMJJDRL61,,4,3,0,0.01,4,0,0,0,0,3,0,0,0,0,national
2025,CT,09110,Capitol,54930025XJJO3T0M1A92,,5,3,1,0.01,5,0,0,0,0,3,0,0,0,0,national
2025,CT,09110,Capitol,5493004RLLKTQS8K7U51,,4,3,1,0.01,4,0,0,0,0,3,0,0,0,0,national
2025,CT,09110,Capitol,5493004UNRG4PWDF2K60,AFFINITY FEDERAL CREDIT UNION,7,3,2,0.01,7,0,0,0,0,3,0,0,0,0,national
2025,CT,09110,Capitol,54930065B0NVUO52TY13,,9,3,3,0.01,5,4,0,0,0,1,2,0,0,0,national
2025,CT,09110,Capitol,54930085BPQMVH9JFX69,HUDSON VALLEY CREDIT UNION,8,3,1,0.01,8,0,0,0,0,3,0,0,0,0,national
2025,CT,09110,Capitol,5493009B17HXCVXTD608,"JMAC LENDING, INC.",5,3,0,0.01,4,1,0,0,0,3,0,0,0,0,national
2025,CT,09110,Capitol,549300BOXNV8VLRBDT24,,8,3,1,0.01,8,0,0,0,0,3,0,0,0,0,national
2025,CT,09110,Capitol,549300D4ZYLSQ5LMTV35,ABSOLUTE HOME MORTGAGE CORPORATION,5,3,0,0.01,2,3,0,0,0,0,3,0,0,0,national
2025,CT,09110,Capitol,549300FW5QWKDV0UY394,,3,3,0,0.01,3,0,0,0,0,3,0,0,0,0,national
2025,CT,09110,Capitol,549300GRGZDEH4ZGQS06,WATERSTONE MORTGAGE CORPORATION,7,3,0,0.01,3,4,0,0,0,2,1,0,0,0,national
2025,CT,09110,Capitol,549300GWD9H4FQ2VR805,,3,3,0,0.01,3,0,0,0,0,3,0,0,0,0,national
2025,CT,09110,Capitol,549300HTMO7FGRKRLV06,"CLIFFCO, INC.",5,3,0,0.01,4,1,0,0,0,2,1,0,0,0,national
2025,CT,09110,Capitol,549300HVW3AI97UKTO72,,5,3,2,0.01,5,0,0,0,0,3,0,0,0,0,national
2025,CT,09110,Capitol,549300IWE0Y507LPF493,,3,3,0,0.01,2,1,0,0,0,2,1,0,0,0,national
2025,CT,09110,Capitol,549300KJ8PAJ7E52HG32,Plains Commerce Bank,4,3,0,0.01,1,3,0,0,0,1,2,0,0,0,national
2025,CT,09110,Capitol,549300KX4S1573HISS22,,6,3,0,0.01,6,0,0,0,0,3,0,0,0,0,national
2025,CT,09110,Capitol,549300LLKEKXL2RM1F61,CONTOUR MORTGAGE CORPORATION,6,3,0,0.01,5,0,1,0,0,2,0,1,0,0,national
2025,CT,09110,Capitol,549300MUTFJQGRZJH019,CENTRAL ONE FEDERAL CREDIT UNION,3,3,0,0.01,3,0,0,0,0,3,0,0,0,0,national
2025,CT,09110,Capitol,549300QIUZLVR1OLDH55,,3,3,0,0.01,3,0,0,0,0,3,0,0,0,0,national
2025,CT,09110,Capitol,549300SE1WZDU07WPD35,,4,3,0,0.01,4,0,0,0,0,3,0,0,0,0,national
2025,CT,09110,Capitol,549300T7HRS5DVBUPQ06,,7,3,0,0.01,2,0,5,0,0,1,0,2,0,0,national
2025,CT,09110,Capitol,549300TB3TMP4RV5T078,"NEW FED MORTGAGE, CORP.",4,3,0,0.01,3,1,0,0,0,3,0,0,0,0,national
2025,CT,09110,Capitol,9845005BP6974AE5D838,,5,3,0,0.01,5,0,0,0,0,3,0,0,0,0,national
2025,CT,09110,Capitol,984500F03B9034CQB904,,4,3,1,0.01,4,0,0,0,0,3,0,0,0,0,national
2025,CT,09110,Capitol,CKVBED0S4DMLKJJ5XH28,,3,3,0,0.01,3,0,0,0,0,3,0,0,0,0,national
2025,CT,09110,Capitol,2549007AU24FVDMNUB40,,8,2,6,0.01,8,0,0,0,0,2,0,0,0,0,national
2025,CT,09110,Capitol,2549007UXYHMV9ES9L95,,2,2,0,0.01,2,0,0,0,0,2,0,0,0,0,national
2025,CT,09110,Capitol,2549009X2AG1P20YAJ63,,2,2,0,0.01,2,0,0,0,0,2,0,0,0,0,national
2025,CT,09110,Capitol,254900KKWIJLOTNP7667,,2,2,0,0.01,1,1,0,0,0,1,1,0,0,0,national
2025,CT,09110,Capitol,254900LKAJBFGO0IIP75,,2,2,0,0.01,2,0,0,0,0,2,0,0,0,0,national
2025,CT,09110,Capitol,254900P7WLDQD9IUL038,Service Federal Credit Union,6,2,3,0.01,3,0,3,0,0,2,0,0,0,0,national
2025,CT,09110,Capitol,254900RM3T6WAVE6SA24,,2,2,0,0.01,2,0,0,0,0,2,0,0,0,0,national
2025,CT,09110,Capitol,254900V6GCDMRQZ34D96,,3,2,0,0.01,3,0,0,0,0,2,0,0,0,0,national
2025,CT,09110,Capitol,5493000NYUJT9UC6G261,,2,2,0,0.01,1,1,0,0,0,1,1,0,0,0,national
2025,CT,09110,Capitol,5493001BJFQ0EM41N379,,2,2,0,0.01,2,0,0,0,0,2,0,0,0,0,national
2025,CT,09110,Capitol,5493001JT9MT3Z3Y3M39,,3,2,0,0.01,3,0,0,0,0,2,0,0,0,0,national
2025,CT,09110,Capitol,5493002N5168AC238149,"OceanFirst Bank, National Association",2,2,0,0.01,2,0,0,0,0,2,0,0,0,0,national
2025,CT,09110,Capitol,54930059GZZ7G4G40O53,,2,2,0,0.01,2,0,0,0,0,2,0,0,0,0,national
2025,CT,09110,Capitol,5493005DKMV1IHIM8E20,"Wilmington Savings Fund Society, FSB",2,2,0,0.01,2,0,0,0,0,2,0,0,0,0,national
2025,CT,09110,Capitol,54930080168VA6Z8UX21,,5,2,2,0.01,5,0,0,0,0,2,0,0,0,0,national
2025,CT,09110,Capitol,5493008ZTV4S0W9DCX64,,7,2,2,0.01,3,4,0,0,0,1,1,0,0,0,national
2025,CT,09110,Capitol,549300BXWU32AYWT1A56,,3,2,0,0.01,3,0,0,0,0,2,0,0,0,0,national
2025,CT,09110,Capitol,549300C04BJ0G297NC13,,3,2,0,0.01,3,0,0,0,0,2,0,0,0,0,national
2025,CT,09110,Capitol,549300C8GOC4OYUV0Z32,,5,2,0,0.01,5,0,0,0,0,2,0,0,0,0,national
2025,CT,09110,Capitol,549300DCGBXW5FJMV921,,2,2,0,0.01,2,0,0,0,0,2,0,0,0,0,national
2025,CT,09110,Capitol,549300DE8TS4EYTPX729,"AFFORDABLE MORTGAGE ADVISORS, LLC",3,2,0,0.01,3,0,0,0,0,2,0,0,0,0,national
2025,CT,09110,Capitol,549300EFCZM6KD6B8K69,MORTGAGE ACCESS CORP.,2,2,0,0.01,2,0,0,0,0,2,0,0,0,0,national
2025,CT,09110,Capitol,549300I1HK1BBZLKOB84,,2,2,0,0.01,2,0,0,0,0,2,0,0,0,0,national
2025,CT,09110,Capitol,549300JGMQJ4R419LR70,,2,2,0,0.01,2,0,0,0,0,2,0,0,0,0,national
2025,CT,09110,Capitol,549300KPHGEE40YQXO21,,3,2,1,0.01,3,0,0,0,0,2,0,0,0,0,national
2025,CT,09110,Capitol,549300L4PTYXDMX1GS50,BRIGHTBRIDGE CREDIT UNION,2,2,0,0.01,2,0,0,0,0,2,0,0,0,0,national
2025,CT,09110,Capitol,549300MQEDQYDJR8CP22,,5,2,0,0.01,5,0,0,0,0,2,0,0,0,0,national
2025,CT,09110,Capitol,549300OITV2T766YLP15,,4,2,1,0.01,4,0,0,0,0,2,0,0,0,0,national
2025,CT,09110,Capitol,549300PBTV7FCWLSMM53,,3,2,0,0.01,0,3,0,0,0,0,2,0,0,0,national
2025,CT,09110,Capitol,549300RYJCJ7JPQ4RF20,BankNewport,2,2,0,0.01,2,0,0,0,0,2,0,0,0,0,national
2025,CT,09110,Capitol,549300RYTR2RVL4SFJ90,,2,2,0,0.01,2,0,0,0,0,2,0,0,0,0,national
2025,CT,09110,Capitol,549300SQKZC6HESYGO25,,3,2,1,0.01,3,0,0,0,0,2,0,0,0,0,national
2025,CT,09110,Capitol,549300TCY9QY8BRDQJ12,,7,2,1,0.01,6,1,0,0,0,2,0,0,0,0,national
2025,CT,09110,Capitol,549300TPAN1WJY46W431,,2,2,0,0.01,2,0,0,0,0,2,0,0,0,0,national
2025,CT,09110,Capitol,549300UG7QXKM7KGV847,,4,2,0,0.01,3,1,0,0,0,2,0,0,0,0,national
2025,CT,09110,Capitol,549300ULM1VXY8SV3Z64,,2,2,0,0.01,2,0,0,0,0,2,0,0,0,0,national
2025,CT,09110,Capitol,549300W4FT4H1UWPGU95,,2,2,0,0.01,2,0,0,0,0,2,0,0,0,0,national
2025,CT,09110,Capitol,549300WRDGBHKR1BXL98,,3,2,0,0.01,3,0,0,0,0,2,0,0,0,0,national
2025,CT,09110,Capitol,549300XB72WCLQVIHN50,,2,2,0,0.01,2,0,0,0,0,2,0,0,0,0,national
2025,CT,09110,Capitol,549300XQVJ1XBNFA5536,21ST MORTGAGE CORPORATION,18,2,8,0.01,18,0,0,0,0,2,0,0,0,0,national
2025,CT,09110,Capitol,549300YIBRM1ZYA6GT07,NAVIGANT CREDIT UNION,3,2,1,0.01,3,0,0,0,0,2,0,0,0,0,national
2025,CT,09110,Capitol,549300ZIQ24V0C88AC41,GTE Federal Credit Union,2,2,0,0.01,2,0,0,0,0,2,0,0,0,0,national
2025,CT,09110,Capitol,984500CBWD5B079K2C86,,2,2,0,0.01,2,0,0,0,0,2,0,0,0,0,national
2025,CT,09110,Capitol,S0Q3AHZRL5K6VQE35M07,,2,2,0,0.01,2,0,0,0,0,2,0,0,0,0,national
2025,CT,09110,Capitol,1IE8VN30JCEQV1H4R804,,3,1,0,0.0,3,0,0,0,0,1,0,0,0,0,national
2025,CT,09110,Capitol,254900114YHTRFBALC74,,1,1,0,0.0,1,0,0,0,0,1,0,0,0,0,national
2025,CT,09110,Capitol,2549001JPW8TWJYMNE74,,7,1,1,0.0,7,0,0,0,0,1,0,0,0,0,national
2025,CT,09110,Capitol,2549005K0ZG1MFV3R260,Reliable Holdings Manager LLC,2,1,0,0.0,2,0,0,0,0,1,0,0,0,0,national
2025,CT,09110,Capitol,2549005Q4HZ55QX7YC64,,1,1,0,0.0,1,0,0,0,0,1,0,0,0,0,national
2025,CT,09110,Capitol,2549008TT6UNYR7AXF54,,1,1,0,0.0,1,0,0,0,0,1,0,0,0,0,national
2025,CT,09110,Capitol,254900EZRN0CBEP77K34,,2,1,1,0.0,2,0,0,0,0,1,0,0,0,0,national
2025,CT,09110,Capitol,254900F9ZTVTX763V835,"Advisors Mortgage Group, L.L.C.",2,1,0,0.0,1,1,0,0,0,0,1,0,0,0,national
2025,CT,09110,Capitol,254900LTD432L5CHIZ48,,1,1,0,0.0,1,0,0,0,0,1,0,0,0,0,national
2025,CT,09110,Capitol,254900MSO8KVQ05D2J27,Workers Federal Credit Union,1,1,0,0.0,1,0,0,0,0,1,0,0,0,0,national
2025,CT,09110,Capitol,254900PRB9DTJAHMMZ45,,1,1,0,0.0,1,0,0,0,0,1,0,0,0,0,national
2025,CT,09110,Capitol,254900QNIR86GUIRYH95,,2,1,0,0.0,2,0,0,0,0,1,0,0,0,0,national
2025,CT,09110,Capitol,254900RFZH9I62FGU045,,1,1,0,0.0,0,1,0,0,0,0,1,0,0,0,national
2025,CT,09110,Capitol,337KMNHEWWWR6B7Q7W10,,1,1,0,0.0,0,1,0,0,0,0,1,0,0,0,national
2025,CT,09110,Capitol,3Y4U8VZURTYWI1W2K376,,4,1,2,0.0,4,0,0,0,0,1,0,0,0,0,national
2025,CT,09110,Capitol,5493000NZZZU3GFIYL71,Needham Bank,1,1,0,0.0,1,0,0,0,0,1,0,0,0,0,national
2025,CT,09110,Capitol,5493002JA8HUVL2CRT33,,1,1,0,0.0,0,1,0,0,0,0,1,0,0,0,national
2025,CT,09110,Capitol,5493002WVA17MT4UFH84,,2,1,1,0.0,2,0,0,0,0,1,0,0,0,0,national
2025,CT,09110,Capitol,54930030S6J5KOL5LJ73,FAIRWINDS CREDIT UNION,2,1,0,0.0,2,0,0,0,0,1,0,0,0,0,national
2025,CT,09110,Capitol,54930032OCUOR526IR93,,1,1,0,0.0,0,1,0,0,0,0,1,0,0,0,national
2025,CT,09110,Capitol,5493003DVQUF5HAI1O03,,1,1,0,0.0,1,0,0,0,0,1,0,0,0,0,national
2025,CT,09110,Capitol,54930044OSTKOJMHF287,,1,1,0,0.0,1,0,0,0,0,1,0,0,0,0,national
2025,CT,09110,Capitol,54930049L5WINET09Q97,"CLICK N' CLOSE, INC.",4,1,0,0.0,1,3,0,0,0,1,0,0,0,0,national
2025,CT,09110,Capitol,5493004LN4GS7BNXIO13,,2,1,1,0.0,2,0,0,0,0,1,0,0,0,0,national
2025,CT,09110,Capitol,5493004LYI6NSVMGYH15,,1,1,0,0.0,1,0,0,0,0,1,0,0,0,0,national
2025,CT,09110,Capitol,5493004R423PBPM6A173,,2,1,0,0.0,0,2,0,0,0,0,1,0,0,0,national
2025,CT,09110,Capitol,5493004T9SQFCNRQ2L76,,2,1,0,0.0,2,0,0,0,0,1,0,0,0,0,national
2025,CT,09110,Capitol,5493005JPZ3LXXMB0S24,"Carrington Mortgage Services, LLC",2,1,0,0.0,2,0,0,0,0,1,0,0,0,0,national
2025,CT,09110,Capitol,5493005JR8XLPW5ROU93,,1,1,0,0.0,1,0,0,0,0,1,0,0,0,0,national
2025,CT,09110,Capitol,5493005ONLDV0W4QDI82,,1,1,0,0.0,1,0,0,0,0,1,0,0,0,0,national
2025,CT,09110,Capitol,5493005OOIYF660YQO46,,1,1,0,0.0,1,0,0,0,0,1,0,0,0,0,national
2025,CT,09110,Capitol,54930063578UDYE3JR69,,6,1,2,0.0,1,4,1,0,0,0,1,0,0,0,national
2025,CT,09110,Capitol,5493007CLWQN2S6IZK91,,1,1,0,0.0,0,0,1,0,0,0,0,1,0,0,national
2025,CT,09110,Capitol,5493007Z7FTUKQGFMZ98,,1,1,0,0.0,1,0,0,0,0,1,0,0,0,0,national
2025,CT,09110,Capitol,5493008E4KBJCB6UKR64,,1,1,0,0.0,0,1,0,0,0,0,1,0,0,0,national
2025,CT,09110,Capitol,5493008VVXQIDO1EZ460,,1,1,0,0.0,1,0,0,0,0,1,0,0,0,0,national
2025,CT,09110,Capitol,549300AG10BX85DF5S49,MLD MORTGAGE INC.,1,1,0,0.0,0,1,0,0,0,0,1,0,0,0,national
2025,CT,09110,Capitol,549300AT7EB9FJAF0E61,,1,1,0,0.0,0,0,1,0,0,0,0,1,0,0,national
2025,CT,09110,Capitol,549300BUIG4G67S5O712,,5,1,0,0.0,5,0,0,0,0,1,0,0,0,0,national
2025,CT,09110,Capitol,549300CB67L6KPJLHE19,"TRIAD FINANCIAL SERVICES, INC.",25,1,16,0.0,25,0,0,0,0,1,0,0,0,0,national
2025,CT,09110,Capitol,549300D003QRZFSQ4N43,,1,1,0,0.0,1,0,0,0,0,1,0,0,0,0,national
2025,CT,09110,Capitol,549300D2OYT7VTDY6Z20,,1,1,0,0.0,1,0,0,0,0,1,0,0,0,0,national
2025,CT,09110,Capitol,549300DMHEHNYZ2OLB41,,2,1,0,0.0,2,0,0,0,0,1,0,0,0,0,national
2025,CT,09110,Capitol,549300DMYENRV818D594,,1,1,0,0.0,1,0,0,0,0,1,0,0,0,0,national
2025,CT,09110,Capitol,549300DQLGJ1YQRRHH73,,1,1,0,0.0,1,0,0,0,0,1,0,0,0,0,national
2025,CT,09110,Capitol,549300EQ09ZL8XSYZM84,,1,1,0,0.0,1,0,0,0,0,1,0,0,0,0,national
2025,CT,09110,Capitol,549300FKEPZ2QELUY416,,2,1,0,0.0,2,0,0,0,0,1,0,0,0,0,national
2025,CT,09110,Capitol,549300GPO6DWUZR4UY30,,2,1,1,0.0,2,0,0,0,0,1,0,0,0,0,national
2025,CT,09110,Capitol,549300GY4NTTEM7WWB64,,1,1,0,0.0,1,0,0,0,0,1,0,0,0,0,national
2025,CT,09110,Capitol,549300H12E7AUMUHP294,,1,1,0,0.0,1,0,0,0,0,1,0,0,0,0,national
2025,CT,09110,Capitol,549300H68PK1CZUVUQ73,,1,1,0,0.0,1,0,0,0,0,1,0,0,0,0,national
2025,CT,09110,Capitol,549300HCNXMTNGIMAR91,,1,1,0,0.0,1,0,0,0,0,1,0,0,0,0,national
2025,CT,09110,Capitol,549300HINJH60UG3KG47,,1,1,0,0.0,1,0,0,0,0,1,0,0,0,0,national
2025,CT,09110,Capitol,549300IFOE4SCP384147,University Bank,1,1,0,0.0,1,0,0,0,0,1,0,0,0,0,national
2025,CT,09110,Capitol,549300JEBULFT3BSU682,Bangor Savings Bank,1,1,0,0.0,1,0,0,0,0,1,0,0,0,0,national
2025,CT,09110,Capitol,549300K6K2IS7FRS7S09,,1,1,0,0.0,1,0,0,0,0,1,0,0,0,0,national
2025,CT,09110,Capitol,549300KQHWNSVCE2MY88,,1,1,0,0.0,1,0,0,0,0,1,0,0,0,0,national
2025,CT,09110,Capitol,549300KW3HYVC06WS898,,2,1,1,0.0,2,0,0,0,0,1,0,0,0,0,national
2025,CT,09110,Capitol,549300L6YKIXOYQ57883,,2,1,0,0.0,2,0,0,0,0,1,0,0,0,0,national
2025,CT,09110,Capitol,549300LZUXCJFE5ONM48,,4,1,1,0.0,0,4,0,0,0,0,1,0,0,0,national
2025,CT,09110,Capitol,549300N1R0R39PYT7O68,,1,1,0,0.0,1,0,0,0,0,1,0,0,0,0,national
2025,CT,09110,Capitol,549300N5GF79IZ5Y7G10,AMERICAN HERITAGE FCU,3,1,1,0.0,3,0,0,0,0,1,0,0,0,0,national
2025,CT,09110,Capitol,549300NWYTCEH9RSSW54,SUFFOLK,1,1,0,0.0,1,0,0,0,0,1,0,0,0,0,national
2025,CT,09110,Capitol,549300NZWZUYUWEOA562,,1,1,0,0.0,1,0,0,0,0,1,0,0,0,0,national
2025,CT,09110,Capitol,549300OBJRCHJ0G6XU24,,1,1,0,0.0,1,0,0,0,0,1,0,0,0,0,national
2025,CT,09110,Capitol,549300OSZK2W0WJYS771,,2,1,1,0.0,2,0,0,0,0,1,0,0,0,0,national
2025,CT,09110,Capitol,549300OTLWFQPOOSC346,BayCoast Bank,1,1,0,0.0,1,0,0,0,0,1,0,0,0,0,national
2025,CT,09110,Capitol,549300P1347BFCBHJV60,,1,1,0,0.0,1,0,0,0,0,1,0,0,0,0,national
2025,CT,09110,Capitol,549300PJ2WT35S77Q208,,3,1,1,0.0,0,1,1,1,0,0,0,1,0,0,national
2025,CT,09110,Capitol,549300PXIFIEPL7D7R86,,2,1,0,0.0,1,1,0,0,0,0,1,0,0,0,national
2025,CT,09110,Capitol,549300Q02LGIN9AXKP98,,1,1,0,0.0,1,0,0,0,0,1,0,0,0,0,national
2025,CT,09110,Capitol,549300Q61S3IBOJITT02,Fall River Five Cents Savings Bank,2,1,1,0.0,1,0,1,0,0,0,0,1,0,0,national
2025,CT,09110,Capitol,549300Q6YL1SFVPEGV90,,2,1,0,0.0,0,2,0,0,0,0,1,0,0,0,national
2025,CT,09110,Capitol,549300QVGK8WC4HQ3C28,,3,1,0,0.0,0,3,0,0,0,0,1,0,0,0,national
2025,CT,09110,Capitol,549300R7HGHP2I754087,TOWNE MORTGAGE COMPANY,1,1,0,0.0,0,1,0,0,0,0,1,0,0,0,national
2025,CT,09110,Capitol,549300RIPPSJXAQKZ383,,1,1,0,0.0,1,0,0,0,0,1,0,0,0,0,national
2025,CT,09110,Capitol,549300SLZFPDLWNB0O94,First Reliance Bank,1,1,0,0.0,1,0,0,0,0,1,0,0,0,0,national
2025,CT,09110,Capitol,549300SQH6MBVMMRRA85,,1,1,0,0.0,1,0,0,0,0,1,0,0,0,0,national
2025,CT,09110,Capitol,549300SY0ZRUCS4CSY07,,1,1,0,0.0,1,0,0,0,0,1,0,0,0,0,national
2025,CT,09110,Capitol,549300UF3FPC7U6RFC59,,1,1,0,0.0,1,0,0,0,0,1,0,0,0,0,national
2025,CT,09110,Capitol,549300UK3Z5PC7V71K69,COASTAL1 Credit Union,1,1,0,0.0,1,0,0,0,0,1,0,0,0,0,national
2025,CT,09110,Capitol,549300UN8J4H5P8XWP62,,1,1,0,0.0,1,0,0,0,0,1,0,0,0,0,national
2025,CT,09110,Capitol,549300XA6P3X1GTJEY80,,1,1,0,0.0,1,0,0,0,0,1,0,0,0,0,national
2025,CT,09110,Capitol,549300XTSMAC5DOX6447,,1,1,0,0.0,1,0,0,0,0,1,0,0,0,0,national
2025,CT,09110,Capitol,549300YD7XJM19TH5O82,,2,1,0,0.0,2,0,0,0,0,1,0,0,0,0,national
2025,CT,09110,Capitol,549300YEC4OVVYQB2849,,1,1,0,0.0,1,0,0,0,0,1,0,0,0,0,national
2025,CT,09110,Capitol,549300YOEBGKPKU43Q28,,2,1,0,0.0,2,0,0,0,0,1,0,0,0,0,national
2025,CT,09110,Capitol,549300ZCR1XCLNEEI724,,2,1,0,0.0,2,0,0,0,0,1,0,0,0,0,national
2025,CT,09110,Capitol,549300ZGZ9WQMJLEPH17,"1ST PRIORITY MORTGAGE, INC.",1,1,0,0.0,1,0,0,0,0,1,0,0,0,0,national
2025,CT,09110,Capitol,549300ZOBXG0DT4I6U54,,2,1,0,0.0,2,0,0,0,0,1,0,0,0,0,national
2025,CT,09110,Capitol,549300ZWNETGFXTBBY03,,1,1,0,0.0,1,0,0,0,0,1,0,0,0,0,national
2025,CT,09110,Capitol,8WH0EE09O9V05QJZ3V89,,1,1,0,0.0,1,0,0,0,0,1,0,0,0,0,national
2025,CT,09110,Capitol,984500B659A36CF0D469,,1,1,0,0.0,1,0,0,0,0,1,0,0,0,0,national
2025,CT,09110,Capitol,984500D61DCEC4E2B661,,1,1,0,0.0,1,0,0,0,0,1,0,0,0,0,national
2025,CT,09110,Capitol,COOWI3L2W9TPYR3WJX37,First Horizon Bank,1,1,0,0.0,1,0,0,0,0,1,0,0,0,0,national
2025,CT,09110,Capitol,EQTWLK1G7ODGC2MGLV11,Regions Bank,1,1,0,0.0,1,0,0,0,0,1,0,0,0,0,national
2025,CT,09110,Capitol,FU7RSW4CQQY98A2O7J66,,2,1,1,0.0,2,0,0,0,0,1,0,0,0,0,national
2025,CT,09110,Capitol,HIDXEG9BLUJZKBGUT764,,1,1,0,0.0,1,0,0,0,0,1,0,0,0,0,national
2025,CT,09110,Capitol,IUGPUX5LWRZ3B6KIZ697,Ameris Bank,1,1,0,0.0,1,0,0,0,0,1,0,0,0,0,national
2025,CT,09110,Capitol,KD3XUN7C6T14HNAYLU02,,3,1,1,0.0,3,0,0,0,0,1,0,0,0,0,national
2025,CT,09110,Capitol,WKN6AF1FCL7BBYGTGI83,,4,1,2,0.0,4,0,0,0,0,1,0,0,0,0,national
2025,CT,09110,Capitol,X8V2II80XTQHRH7NCB19,Eastern Bank,5,1,1,0.0,5,0,0,0,0,1,0,0,0,0,national
2025,CT,09110,Capitol,2549001SI0EMFPT39035,"Cornerstone First Mortgage, Inc",5,0,0,0.0,5,0,0,0,0,0,0,0,0,0,national
2025,CT,09110,Capitol,9845006YE04B346EC919,,5,0,1,0.0,0,3,2,0,0,0,0,0,0,0,national
2025,CT,09120,Greater Bridgeport,WWB2V0FCW3A0EE3ZJN75,Manufacturers and Traders Trust Company,644,406,184,7.15,632,12,0,0,0,398,8,0,0,0,national
2025,CT,09120,Greater Bridgeport,549300FGXN1K3HLB1R50,"Rocket Mortgage, LLC",472,339,83,5.97,414,48,10,0,0,299,32,8,0,0,national
2025,CT,09120,Greater Bridgeport,549300VJQJVZKJBDWS17,"TOTAL MORTGAGE SERVICES, LLC",420,301,19,5.3,333,82,5,0,0,245,52,4,0,0,national
2025,CT,09120,Greater Bridgeport,5493006Z74IVZXJ0XO35,,501,284,121,5.0,501,0,0,0,0,284,0,0,0,0,national
2025,CT,09120,Greater Bridgeport,B4TYDEB6GKMZO031MB27,"Guaranteed Rate, Inc.",517,251,160,4.42,515,2,0,0,0,251,0,0,0,0,national
2025,CT,09120,Greater Bridgeport,DRMSV1Q0EKMEXLAU1P80,"Citizens Bank, National Association",336,213,81,3.75,336,0,0,0,0,213,0,0,0,0,national
2025,CT,09120,Greater Bridgeport,549300VZVN841I2ILS84,Freedom Mortgage Corporation,315,202,19,3.56,268,44,3,0,0,176,24,2,0,0,national
2025,CT,09120,Greater Bridgeport,549300GKFNPRWNS0GF29,"AmeriHome Mortgage Company, LLC",319,199,26,3.5,214,78,1,26,0,134,49,1,15,0,national
2025,CT,09120,Greater Bridgeport,549300HW662MN1WU8550,"United Wholesale Mortgage, LLC",320,198,70,3.48,219,81,20,0,0,137,45,16,0,0,national
2025,CT,09120,Greater Bridgeport,7H6GLXDRUGQFU57RNE97,"JPMorgan Chase Bank, National Association",203,123,22,2.16,200,2,1,0,0,123,0,0,0,0,national
2025,CT,09120,Greater Bridgeport,6BYL5QZYBDK8S7L73M02,U.S. Bank National Association,199,118,37,2.08,193,6,0,0,0,116,2,0,0,0,national
2025,CT,09120,Greater Bridgeport,549300AG64NHILB7ZP05,"PennyMac Loan Services, LLC",175,92,49,1.62,140,32,3,0,0,75,16,1,0,0,national
2025,CT,09120,Greater Bridgeport,03D0JEWFDFUS0SEEKG89,"TD Bank, National Association",191,87,71,1.53,191,0,0,0,0,87,0,0,0,0,national
2025,CT,09120,Greater Bridgeport,549300YFPHIE78XPP635,,135,87,13,1.53,132,3,0,0,0,86,1,0,0,0,national
2025,CT,09120,Greater Bridgeport,WV0OVGBTLUP1XIUJE722,"Webster Bank, National Association",182,87,60,1.53,180,2,0,0,0,87,0,0,0,0,national
2025,CT,09120,Greater Bridgeport,549300FNXYY540N23N64,Newrez LLC,265,82,64,1.44,190,71,4,0,0,69,12,1,0,0,national
2025,CT,09120,Greater Bridgeport,54930001NSTOD85LT125,"GUARANTEED RATE AFFINITY, LLC",86,58,5,1.02,82,2,2,0,0,57,1,0,0,0,national
2025,CT,09120,Greater Bridgeport,RVDPPPGHCGZ40J4VQ731,Fairway Independent Mortgage Corporation,120,55,16,0.97,68,42,10,0,0,36,14,5,0,0,national
2025,CT,09120,Greater Bridgeport,549300E2UX99HKDBR481,"Broker Solutions, Inc.",160,53,26,0.93,82,75,3,0,0,30,22,1,0,0,national
2025,CT,09120,Greater Bridgeport,549300RPOGWJRH63HS39,UNION HOME MORTGAGE CORP.,71,52,4,0.92,61,9,1,0,0,48,4,0,0,0,national
2025,CT,09120,Greater Bridgeport,254900RUCO27MVGTO768,LOAN FUNDER LLC,70,48,3,0.84,70,0,0,0,0,48,0,0,0,0,national
2025,CT,09120,Greater Bridgeport,549300121SF0K2LN2804,"PRIMELENDING, A PLAINSCAPITAL COMPANY",77,48,3,0.84,73,4,0,0,0,44,4,0,0,0,national
2025,CT,09120,Greater Bridgeport,5493009OLY1HC3F0SB77,,65,48,1,0.84,60,5,0,0,0,44,4,0,0,0,national
2025,CT,09120,Greater Bridgeport,549300KWXO8FUM7L0E14,Liberty Bank,65,47,5,0.83,65,0,0,0,0,47,0,0,0,0,national
2025,CT,09120,Greater Bridgeport,549300U3721PJGQZYY68,Nationstar Mortgage LLC,106,47,10,0.83,85,19,2,0,0,39,7,1,0,0,national
2025,CT,09120,Greater Bridgeport,549300LBCBNR1OT00651,NATIONSTAR MORTGAGE LLC,71,46,16,0.81,61,7,3,0,0,38,5,3,0,0,national
2025,CT,09120,Greater Bridgeport,5493001WHVQBGRSWEU75,"HOMEBRIDGE FINANCIAL SERVICES, INC.",67,45,9,0.79,62,3,2,0,0,42,2,1,0,0,national
2025,CT,09120,Greater Bridgeport,984500U2F9A83N391A91,"CHAMPIONS FUNDING, LLC",68,44,10,0.77,68,0,0,0,0,44,0,0,0,0,national
2025,CT,09120,Greater Bridgeport,549300AQ3T62GXDU7D76,Ally Bank,60,42,6,0.74,44,14,2,0,0,32,8,2,0,0,national
2025,CT,09120,Greater Bridgeport,1VUZZZCW0TWP6R7N3Z33,,52,41,6,0.72,52,0,0,0,0,41,0,0,0,0,national
2025,CT,09120,Greater Bridgeport,5493005PKOSG7MYX0B34,"Prosperity Home Mortgage, LLC",59,41,3,0.72,50,8,1,0,0,35,6,0,0,0,national
2025,CT,09120,Greater Bridgeport,549300MZ8VZJOVC63092,"KIND LENDING, LLC",59,41,12,0.72,51,8,0,0,0,37,4,0,0,0,national
2025,CT,09120,Greater Bridgeport,549300LYRWPSYPK6S325,Guild Mortgage Company LLC,135,37,15,0.65,24,97,14,0,0,8,24,5,0,0,national
2025,CT,09120,Greater Bridgeport,2549008G9SP4WM32NN96,,40,35,0,0.62,29,11,0,0,0,25,10,0,0,0,national
2025,CT,09120,Greater Bridgeport,5493003GQDUH26DNNH17,Navy Federal Credit Union,93,35,30,0.62,89,0,4,0,0,33,0,2,0,0,national
2025,CT,09120,Greater Bridgeport,549300PIL8LFAQ04XC20,Better Mortgage Corporation,116,35,58,0.62,116,0,0,0,0,35,0,0,0,0,national
2025,CT,09120,Greater Bridgeport,E57ODZWZ7FF32TWEFA76,"Citibank, National Association",89,34,15,0.6,88,1,0,0,0,34,0,0,0,0,national
2025,CT,09120,Greater Bridgeport,54930054ET8KM4O1D485,"SOFI BANK, NATIONAL ASSOCIATION",91,33,8,0.58,88,3,0,0,0,31,2,0,0,0,national
2025,CT,09120,Greater Bridgeport,549300GTVXJ2PGXNLM73,T2 FINANCIAL LLC,41,33,3,0.58,27,11,3,0,0,21,9,3,0,0,national
2025,CT,09120,Greater Bridgeport,2549005SIVTHG14U2905,A&D Mortgage LLC,47,32,2,0.56,46,1,0,0,0,32,0,0,0,0,national
2025,CT,09120,Greater Bridgeport,254900UL88QFG0E40516,FIGURE LENDING LLC,95,32,39,0.56,95,0,0,0,0,32,0,0,0,0,national
2025,CT,09120,Greater Bridgeport,549300HYHFCULSUBAE54,FIRST WORLD MORTGAGE CORPORATION,38,30,4,0.53,31,7,0,0,0,23,7,0,0,0,national
2025,CT,09120,Greater Bridgeport,549300RA3E0BUFO7YZ21,"Hometown Equity Mortgage, LLC",60,30,30,0.53,60,0,0,0,0,30,0,0,0,0,national
2025,CT,09120,Greater Bridgeport,549300YIQ7S7Z8PIHE53,AMERISAVE MORTGAGE CORPORATION,104,30,64,0.53,83,21,0,0,0,27,3,0,0,0,national
2025,CT,09120,Greater Bridgeport,549300CA0J0Z7OFQBG71,,64,28,25,0.49,64,0,0,0,0,28,0,0,0,0,national
2025,CT,09120,Greater Bridgeport,549300FW5QWKDV0UY394,,37,28,2,0.49,25,12,0,0,0,20,8,0,0,0,national
2025,CT,09120,Greater Bridgeport,254900E6AIE4Z8YQM970,Citadel Servicing Corporation,34,27,1,0.48,34,0,0,0,0,27,0,0,0,0,national
2025,CT,09120,Greater Bridgeport,254900WTZC5SSKIN2M11,,40,25,6,0.44,40,0,0,0,0,25,0,0,0,0,national
2025,CT,09120,Greater Bridgeport,5493006VAGP3GQ8FJT49,"Kiavi Funding, Inc.",31,24,1,0.42,31,0,0,0,0,24,0,0,0,0,national
2025,CT,09120,Greater Bridgeport,KB1H1DSPRFMYMCUFXT09,"Wells Fargo Bank, National Association",57,24,10,0.42,56,1,0,0,0,24,0,0,0,0,national
2025,CT,09120,Greater Bridgeport,549300JYXTZDSPJEPI44,"PLAZA HOME MORTGAGE, INC.",46,23,15,0.4,32,14,0,0,0,17,6,0,0,0,national
2025,CT,09120,Greater Bridgeport,549300OPCWU6E72WUT29,"MUTUAL OF OMAHA MORTGAGE, INC.",48,23,13,0.4,22,24,2,0,0,15,7,1,0,0,national
2025,CT,09120,Greater Bridgeport,54930048P8RWCQHQM310,,32,22,2,0.39,32,0,0,0,0,22,0,0,0,0,national
2025,CT,09120,Greater Bridgeport,5493008CPTDVOS570626,"Primary Residential Mortgage, Inc.",36,22,11,0.39,36,0,0,0,0,22,0,0,0,0,national
2025,CT,09120,Greater Bridgeport,549300GS0W0TEUQS8571,"Morgan Stanley Private Bank, National Association",30,22,0,0.39,30,0,0,0,0,22,0,0,0,0,national
2025,CT,09120,Greater Bridgeport,549300M6EHOPLD2SFD66,,29,22,6,0.39,29,0,0,0,0,22,0,0,0,0,national
2025,CT,09120,Greater Bridgeport,549300XY701IELCE5Q08,BETTER MORTGAGE CORPORATION,75,22,21,0.39,71,3,1,0,0,20,2,0,0,0,national
2025,CT,09120,Greater Bridgeport,5493005PD34O8ZT7QT17,,21,20,0,0.35,21,0,0,0,0,20,0,0,0,0,national
2025,CT,09120,Greater Bridgeport,549300DD4R4SYK5RAQ92,"Cardinal Financial Company, Limited Partnership",26,20,1,0.35,18,6,2,0,0,14,4,2,0,0,national
2025,CT,09120,Greater Bridgeport,549300MGPZBLQDIL7538,"PrimeLending, a PlainsCapital Company",37,20,4,0.35,31,6,0,0,0,16,4,0,0,0,national
2025,CT,09120,Greater Bridgeport,549300R9S3MVDV4MGF56,"CARRINGTON MORTGAGE SERVICES, LLC",102,20,52,0.35,59,40,3,0,0,13,5,2,0,0,national
2025,CT,09120,Greater Bridgeport,2549008X67CV1MNM7747,,33,19,4,0.33,20,11,2,0,0,13,6,0,0,0,national
2025,CT,09120,Greater Bridgeport,549300MCIFZSDHUT8X63,"NFM, INC.",25,19,1,0.33,22,2,1,0,0,18,1,0,0,0,national
2025,CT,09120,Greater Bridgeport,54930023C70YMJJDRL61,,27,18,2,0.32,27,0,0,0,0,18,0,0,0,0,national
2025,CT,09120,Greater Bridgeport,549300F8C5JA44WNMI75,AMERICAN NEIGHBORHOOD MORTGAGE ACCEPTANCE COMPANY LLC,28,18,1,0.32,21,6,1,0,0,14,4,0,0,0,national
2025,CT,09120,Greater Bridgeport,5493005HTCBH4TWCVM82,,27,17,5,0.3,27,0,0,0,0,17,0,0,0,0,national
2025,CT,09120,Greater Bridgeport,549300H68PK1CZUVUQ73,,27,17,9,0.3,27,0,0,0,0,17,0,0,0,0,national
2025,CT,09120,Greater Bridgeport,549300O6Z0I6KYMESL47,AMWEST FUNDING CORP.,25,17,0,0.3,25,0,0,0,0,17,0,0,0,0,national
2025,CT,09120,Greater Bridgeport,549300Q50XCC0473FG63,,36,17,11,0.3,36,0,0,0,0,17,0,0,0,0,national
2025,CT,09120,Greater Bridgeport,549300T7RPUYDIE5FH39,,20,17,0,0.3,20,0,0,0,0,17,0,0,0,0,national
2025,CT,09120,Greater Bridgeport,549300Y5Y88FQLI7VE83,DEEPHAVEN MORTGAGE LLC,32,17,13,0.3,32,0,0,0,0,17,0,0,0,0,national
2025,CT,09120,Greater Bridgeport,549300DD5QQUHO6PCH70,"Movement Mortgage, LLC",40,16,12,0.28,6,1,33,0,0,1,0,15,0,0,national
2025,CT,09120,Greater Bridgeport,U9WBLC3ZT2VBJSNY2Y81,,16,16,0,0.28,16,0,0,0,0,16,0,0,0,0,national
2025,CT,09120,Greater Bridgeport,549300R77W0P105C3S50,HOMEXPRESS MORTGAGE CORP.,27,15,12,0.26,27,0,0,0,0,15,0,0,0,0,national
2025,CT,09120,Greater Bridgeport,549300XUMML1SMLTVQ62,,33,14,18,0.25,33,0,0,0,0,14,0,0,0,0,national
2025,CT,09120,Greater Bridgeport,5493001GCBD5XGNIC815,Coastal Community Bank,50,13,1,0.23,50,0,0,0,0,13,0,0,0,0,national
2025,CT,09120,Greater Bridgeport,54930043BMDE130FJ617,"PROVIDENT FUNDING ASSOCIATES, L.P.",16,13,0,0.23,16,0,0,0,0,13,0,0,0,0,national
2025,CT,09120,Greater Bridgeport,549300HQW3FSOL75WC88,,20,13,2,0.23,20,0,0,0,0,13,0,0,0,0,national
2025,CT,09120,Greater Bridgeport,549300KTR1JGH3K6LU06,FOURLEAF,24,13,6,0.23,24,0,0,0,0,13,0,0,0,0,national
2025,CT,09120,Greater Bridgeport,549300TYBI78RNWPFB28,,17,13,3,0.23,15,2,0,0,0,12,1,0,0,0,national
2025,CT,09120,Greater Bridgeport,254900DTLHVWQ7NP7R34,"CMG Mortgage, Inc.",21,12,1,0.21,17,3,1,0,0,9,2,1,0,0,national
2025,CT,09120,Greater Bridgeport,5493003V40VGM7YDFM54,FIRST COLONY MORTGAGE CORPORATION,12,12,0,0.21,10,2,0,0,0,10,2,0,0,0,national
2025,CT,09120,Greater Bridgeport,549300G4ESSS6M0MEG51,,16,12,0,0.21,16,0,0,0,0,12,0,0,0,0,national
2025,CT,09120,Greater Bridgeport,549300INFJ8TYNZ1G568,,14,12,2,0.21,14,0,0,0,0,12,0,0,0,0,national
2025,CT,09120,Greater Bridgeport,984500F6E6940CCB6A60,,14,12,1,0.21,14,0,0,0,0,12,0,0,0,0,national
2025,CT,09120,Greater Bridgeport,549300LLKEKXL2RM1F61,CONTOUR MORTGAGE CORPORATION,16,11,1,0.19,15,1,0,0,0,10,1,0,0,0,national
2025,CT,09120,Greater Bridgeport,AD6GFRVSDT01YPT1CS68,"PNC Bank, National Association",33,11,15,0.19,33,0,0,0,0,11,0,0,0,0,national
2025,CT,09120,Greater Bridgeport,254900NZOY3XB2DNSZ34,,12,10,1,0.18,12,0,0,0,0,10,0,0,0,0,national
2025,CT,09120,Greater Bridgeport,254900VE4XTOQUE8NZ77,,33,10,0,0.18,33,0,0,0,0,10,0,0,0,0,national
2025,CT,09120,Greater Bridgeport,5493005H3NABV4GMAG85,,16,10,4,0.18,16,0,0,0,0,10,0,0,0,0,national
2025,CT,09120,Greater Bridgeport,549300J7I82PNDVU8H22,"OCMBC, INC.",24,10,3,0.18,21,3,0,0,0,8,2,0,0,0,national
2025,CT,09120,Greater Bridgeport,549300TA4MQM8WN2XG31,,17,10,0,0.18,17,0,0,0,0,10,0,0,0,0,national
2025,CT,09120,Greater Bridgeport,X05BVSK68TQ7YTOSNR22,Discover Bank,81,10,41,0.18,81,0,0,0,0,10,0,0,0,0,national
2025,CT,09120,Greater Bridgeport,213800XR2TCBQJSF1X93,,15,9,1,0.16,15,0,0,0,0,9,0,0,0,0,national
2025,CT,09120,Greater Bridgeport,254900BBWJ82FQDQ6823,,11,9,2,0.16,11,0,0,0,0,9,0,0,0,0,national
2025,CT,09120,Greater Bridgeport,549300370QILXLFUWD20,"ZILLOW HOME LOANS, LLC",11,9,1,0.16,11,0,0,0,0,9,0,0,0,0,national
2025,CT,09120,Greater Bridgeport,549300EMNDEK4BA8WB53,EMM LOANS LLC,10,9,1,0.16,9,1,0,0,0,8,1,0,0,0,national
2025,CT,09120,Greater Bridgeport,549300K4ZLGS7SRDTL86,Equity Prime Mortgage LLC,31,9,3,0.16,2,24,5,0,0,0,6,3,0,0,national
2025,CT,09120,Greater Bridgeport,549300YW2UBCMDRMBT48,,9,9,0,0.16,5,4,0,0,0,5,4,0,0,0,national
2025,CT,09120,Greater Bridgeport,2549002VH9C0PKB8K153,,27,8,9,0.14,27,0,0,0,0,8,0,0,0,0,national
2025,CT,09120,Greater Bridgeport,5493004UNRG4PWDF2K60,AFFINITY FEDERAL CREDIT UNION,15,8,4,0.14,15,0,0,0,0,8,0,0,0,0,national
2025,CT,09120,Greater Bridgeport,5493008NWHQT1R22C024,"AMERICAN FINANCIAL NETWORK, INC.",12,8,1,0.14,9,2,1,0,0,8,0,0,0,0,national
2025,CT,09120,Greater Bridgeport,5493008XQDQ2YZPQKX53,,10,8,0,0.14,6,3,1,0,0,5,2,1,0,0,national
2025,CT,09120,Greater Bridgeport,549300CLRXFVF83ZL806,"NATIONWIDE MORTGAGE BANKERS, INC.",12,8,0,0.14,5,7,0,0,0,5,3,0,0,0,national
2025,CT,09120,Greater Bridgeport,549300FK3AFCFVAPH234,"Leader Bank, National Association",13,8,0,0.14,11,2,0,0,0,7,1,0,0,0,national
2025,CT,09120,Greater Bridgeport,549300FX7K8PTEQUU487,PENTAGON FEDERAL CREDIT UNION,21,8,9,0.14,20,0,1,0,0,7,0,1,0,0,national
2025,CT,09120,Greater Bridgeport,549300T5QSL6MC8M4D04,"NORWICH COMMERCIAL GROUP, INC.",15,8,3,0.14,8,7,0,0,0,4,4,0,0,0,national
2025,CT,09120,Greater Bridgeport,549300YLIY5SO2XSK094,,13,8,1,0.14,13,0,0,0,0,8,0,0,0,0,national
2025,CT,09120,Greater Bridgeport,549300ZPSJZO10ZAX556,"AMERICAN HERITAGE LENDING, LLC",16,8,0,0.14,16,0,0,0,0,8,0,0,0,0,national
2025,CT,09120,Greater Bridgeport,2549006T9J2DMLJVRS64,Municipal Credit Union,29,7,9,0.12,29,0,0,0,0,7,0,0,0,0,national
2025,CT,09120,Greater Bridgeport,254900O2K17TNH5CL873,"RF RENOVO MANAGEMENT COMPANY, LLC",12,7,0,0.12,12,0,0,0,0,7,0,0,0,0,national
2025,CT,09120,Greater Bridgeport,54930002M4XN64FM7Z89,,10,7,1,0.12,10,0,0,0,0,7,0,0,0,0,national
2025,CT,09120,Greater Bridgeport,5493005ICQ3QGEIWV618,UNITED MORTGAGE CORP.,12,7,0,0.12,6,6,0,0,0,2,5,0,0,0,national
2025,CT,09120,Greater Bridgeport,54930085BPQMVH9JFX69,HUDSON VALLEY CREDIT UNION,10,7,1,0.12,10,0,0,0,0,7,0,0,0,0,national
2025,CT,09120,Greater Bridgeport,549300NOCASXPA34X033,"LAKEVIEW LOAN SERVICING, LLC",60,7,38,0.12,26,33,1,0,0,5,2,0,0,0,national
2025,CT,09120,Greater Bridgeport,549300NWBS6MQJX15N44,,8,7,1,0.12,8,0,0,0,0,7,0,0,0,0,national
2025,CT,09120,Greater Bridgeport,549300REENMLD2RN3W58,,13,7,3,0.12,5,6,2,0,0,3,3,1,0,0,national
2025,CT,09120,Greater Bridgeport,C5654JQHZUHN0772B561,USAA Federal Savings Bank,12,7,1,0.12,4,0,8,0,0,3,0,4,0,0,national
2025,CT,09120,Greater Bridgeport,254900114YHTRFBALC74,,6,6,0,0.11,6,0,0,0,0,6,0,0,0,0,national
2025,CT,09120,Greater Bridgeport,254900C1CRYSCHG38F20,,9,6,2,0.11,9,0,0,0,0,6,0,0,0,0,national
2025,CT,09120,Greater Bridgeport,254900HEJ9F73IMPX887,,18,6,2,0.11,18,0,0,0,0,6,0,0,0,0,national
2025,CT,09120,Greater Bridgeport,5493001BJFQ0EM41N379,,8,6,0,0.11,8,0,0,0,0,6,0,0,0,0,national
2025,CT,09120,Greater Bridgeport,5493003X6Y6JGJKHPA25,,6,6,0,0.11,6,0,0,0,0,6,0,0,0,0,national
2025,CT,09120,Greater Bridgeport,5493008P6YO2KM3EO556,,9,6,1,0.11,8,1,0,0,0,6,0,0,0,0,national
2025,CT,09120,Greater Bridgeport,549300PQLK8E48ILXV41,,9,6,1,0.11,8,1,0,0,0,5,1,0,0,0,national
2025,CT,09120,Greater Bridgeport,549300RD5IG88VPO6P22,,9,6,0,0.11,9,0,0,0,0,6,0,0,0,0,national
2025,CT,09120,Greater Bridgeport,549300RN01LBYR8ZVX74,"LOWER, LLC",17,6,1,0.11,10,4,3,0,0,2,2,2,0,0,national
2025,CT,09120,Greater Bridgeport,549300SY0ZRUCS4CSY07,,6,6,0,0.11,6,0,0,0,0,6,0,0,0,0,national
2025,CT,09120,Greater Bridgeport,549300T94GSH3C4U5M59,ALLIANT CREDIT UNION,16,6,7,0.11,16,0,0,0,0,6,0,0,0,0,national
2025,CT,09120,Greater Bridgeport,549300TCY9QY8BRDQJ12,,7,6,0,0.11,5,2,0,0,0,4,2,0,0,0,national
2025,CT,09120,Greater Bridgeport,549300W45D2J6BT4LX65,,6,6,0,0.11,6,0,0,0,0,6,0,0,0,0,national
2025,CT,09120,Greater Bridgeport,2549004XJQQPBYQSMT39,,9,5,0,0.09,9,0,0,0,0,5,0,0,0,0,national
2025,CT,09120,Greater Bridgeport,5493001GDRY0EL7VG372,"ARK-LA-TEX FINANCIAL SERVICES, LLC.",8,5,0,0.09,7,1,0,0,0,4,1,0,0,0,national
2025,CT,09120,Greater Bridgeport,54930021WPEXNHYZUL09,"PLANET HOME LENDING, LLC",6,5,1,0.09,2,4,0,0,0,1,4,0,0,0,national
2025,CT,09120,Greater Bridgeport,5493004D0Z2WQR26VL57,,12,5,5,0.09,12,0,0,0,0,5,0,0,0,0,national
2025,CT,09120,Greater Bridgeport,54930052M48FOD3CWA54,"PRIMARY RESIDENTIAL MORTGAGE, INC.",9,5,0,0.09,5,3,1,0,0,4,1,0,0,0,national
2025,CT,09120,Greater Bridgeport,549300BX448ALT10FI43,The Federal Savings Bank,13,5,2,0.09,0,4,9,0,0,0,1,4,0,0,national
2025,CT,09120,Greater Bridgeport,549300EKFFG3BU8DNX74,NEXERA HOLDING LLC,13,5,3,0.09,12,1,0,0,0,5,0,0,0,0,national
2025,CT,09120,Greater Bridgeport,549300HTMO7FGRKRLV06,"CLIFFCO, INC.",7,5,0,0.09,6,1,0,0,0,5,0,0,0,0,national
2025,CT,09120,Greater Bridgeport,549300LROQOOQU77WS20,,16,5,3,0.09,16,0,0,0,0,5,0,0,0,0,national
2025,CT,09120,Greater Bridgeport,549300RM1IZYGQDSNL85,,13,5,2,0.09,4,9,0,0,0,3,2,0,0,0,national
2025,CT,09120,Greater Bridgeport,549300S5YL3OH0IVCS62,FINANCE OF AMERICA REVERSE LLC,9,5,3,0.09,3,6,0,0,0,1,4,0,0,0,national
2025,CT,09120,Greater Bridgeport,549300T3F9S1MKFKHC53,HOMESTEAD FUNDING CORP.,9,5,0,0.09,8,1,0,0,0,5,0,0,0,0,national
2025,CT,09120,Greater Bridgeport,1IE8VN30JCEQV1H4R804,,4,4,0,0.07,4,0,0,0,0,4,0,0,0,0,national
2025,CT,09120,Greater Bridgeport,2549001NJY765EZWDI06,,8,4,2,0.07,5,3,0,0,0,3,1,0,0,0,national
2025,CT,09120,Greater Bridgeport,254900W4EKVR6GZ0KS84,,5,4,0,0.07,5,0,0,0,0,4,0,0,0,0,national
2025,CT,09120,Greater Bridgeport,254900ZJM7YMM3MA5J75,,5,4,0,0.07,5,0,0,0,0,4,0,0,0,0,national
2025,CT,09120,Greater Bridgeport,5493004AS1SPBQOFDR49,"Change Lending, LLC",10,4,3,0.07,10,0,0,0,0,4,0,0,0,0,national
2025,CT,09120,Greater Bridgeport,549300D4ZYLSQ5LMTV35,ABSOLUTE HOME MORTGAGE CORPORATION,4,4,0,0.07,3,1,0,0,0,3,1,0,0,0,national
2025,CT,09120,Greater Bridgeport,549300G2LV8W3C1G3762,,5,4,0,0.07,4,1,0,0,0,4,0,0,0,0,national
2025,CT,09120,Greater Bridgeport,549300GWD9H4FQ2VR805,,6,4,1,0.07,6,0,0,0,0,4,0,0,0,0,national
2025,CT,09120,Greater Bridgeport,549300KSOOZZVXCMA627,ANGEL OAK MORTGAGE SOLUTIONS LLC,10,4,3,0.07,10,0,0,0,0,4,0,0,0,0,national
2025,CT,09120,Greater Bridgeport,549300LI3FDGO7UKFF39,EAST COAST CAPITAL CORP.,4,4,0,0.07,3,1,0,0,0,3,1,0,0,0,national
2025,CT,09120,Greater Bridgeport,549300RJ5S2V4F8C4H36,,4,4,0,0.07,4,0,0,0,0,4,0,0,0,0,national
2025,CT,09120,Greater Bridgeport,549300VCMRO4ST680C11,VILLAGE CAPITAL & INVESTMENT LLC,17,4,7,0.07,0,9,8,0,0,0,3,1,0,0,national
2025,CT,09120,Greater Bridgeport,549300VQUTI5IU7GXT57,,4,4,0,0.07,4,0,0,0,0,4,0,0,0,0,national
2025,CT,09120,Greater Bridgeport,549300YMIOLU51FSTO86,,4,4,0,0.07,4,0,0,0,0,4,0,0,0,0,national
2025,CT,09120,Greater Bridgeport,549300ZGZ9WQMJLEPH17,"1ST PRIORITY MORTGAGE, INC.",4,4,0,0.07,4,0,0,0,0,4,0,0,0,0,national
2025,CT,09120,Greater Bridgeport,98450087981AP406JG03,,7,4,0,0.07,7,0,0,0,0,4,0,0,0,0,national
2025,CT,09120,Greater Bridgeport,984500D092D1E2CYDB19,,5,4,1,0.07,5,0,0,0,0,4,0,0,0,0,national
2025,CT,09120,Greater Bridgeport,C398JSK21YCXWM603F55,,6,4,0,0.07,3,1,2,0,0,2,1,1,0,0,national
2025,CT,09120,Greater Bridgeport,HUX2X73FUCYHUVH1BK78,KeyBank National Association,18,4,10,0.07,15,3,0,0,0,4,0,0,0,0,national
2025,CT,09120,Greater Bridgeport,PAOOWF3GUFM46FBSP561,,16,4,5,0.07,10,6,0,0,0,2,2,0,0,0,national
2025,CT,09120,Greater Bridgeport,2549004Z576VEJBK3N72,"NQM FUNDING, LLC",6,3,2,0.05,6,0,0,0,0,3,0,0,0,0,national
2025,CT,09120,Greater Bridgeport,254900ACUWEGW702BR80,"FM Home Loans, LLC",5,3,1,0.05,5,0,0,0,0,3,0,0,0,0,national
2025,CT,09120,Greater Bridgeport,254900DRSIZBQXDCJ875,,3,3,0,0.05,3,0,0,0,0,3,0,0,0,0,national
2025,CT,09120,Greater Bridgeport,254900TM81D0YC1B9584,,3,3,0,0.05,3,0,0,0,0,3,0,0,0,0,national
2025,CT,09120,Greater Bridgeport,254900ZFWS2106HWPH46,"PARAMOUNT RESIDENTIAL MORTGAGE GROUP, INC.",7,3,1,0.05,2,5,0,0,0,0,3,0,0,0,national
2025,CT,09120,Greater Bridgeport,54930025XJJO3T0M1A92,,3,3,0,0.05,3,0,0,0,0,3,0,0,0,0,national
2025,CT,09120,Greater Bridgeport,549300BOXNV8VLRBDT24,,3,3,0,0.05,3,0,0,0,0,3,0,0,0,0,national
2025,CT,09120,Greater Bridgeport,549300FVD3YHE65PKH97,,3,3,0,0.05,1,2,0,0,0,1,2,0,0,0,national
2025,CT,09120,Greater Bridgeport,549300GRGZDEH4ZGQS06,WATERSTONE MORTGAGE CORPORATION,3,3,0,0.05,2,1,0,0,0,2,1,0,0,0,national
2025,CT,09120,Greater Bridgeport,549300HCNXMTNGIMAR91,,3,3,0,0.05,3,0,0,0,0,3,0,0,0,0,national
2025,CT,09120,Greater Bridgeport,549300HRLROF7PLJ6735,CLEAREDGE LENDING LLC,4,3,1,0.05,4,0,0,0,0,3,0,0,0,0,national
2025,CT,09120,Greater Bridgeport,549300JPGMCMBEJEK584,FIRST TECHNOLOGY,5,3,1,0.05,5,0,0,0,0,3,0,0,0,0,national
2025,CT,09120,Greater Bridgeport,549300RFLICNI75BG067,Luminate Bank,6,3,0,0.05,5,1,0,0,0,3,0,0,0,0,national
2025,CT,09120,Greater Bridgeport,549300RYTR2RVL4SFJ90,,4,3,1,0.05,4,0,0,0,0,3,0,0,0,0,national
2025,CT,09120,Greater Bridgeport,549300SK2GVCQXPD4S58,"SUN WEST MORTGAGE COMPANY, INC.",10,3,5,0.05,3,6,1,0,0,2,1,0,0,0,national
2025,CT,09120,Greater Bridgeport,549300U4FBW37LFHW771,,4,3,0,0.05,3,1,0,0,0,2,1,0,0,0,national
2025,CT,09120,Greater Bridgeport,549300UR5AOWTJJ7KZ64,,4,3,0,0.05,4,0,0,0,0,3,0,0,0,0,national
2025,CT,09120,Greater Bridgeport,549300XWUSRVVOHPRY47,Academy Mortgage Corporation,6,3,0,0.05,2,4,0,0,0,1,2,0,0,0,national
2025,CT,09120,Greater Bridgeport,549300ZOBXG0DT4I6U54,,9,3,2,0.05,5,4,0,0,0,2,1,0,0,0,national
2025,CT,09120,Greater Bridgeport,ZXMJHJK466PBZTM5F379,,3,3,0,0.05,3,0,0,0,0,3,0,0,0,0,national
2025,CT,09120,Greater Bridgeport,254900LTD432L5CHIZ48,,2,2,0,0.04,2,0,0,0,0,2,0,0,0,0,national
2025,CT,09120,Greater Bridgeport,254900V6GCDMRQZ34D96,,3,2,1,0.04,3,0,0,0,0,2,0,0,0,0,national
2025,CT,09120,Greater Bridgeport,254900ZPR9P3OI95VG04,,5,2,2,0.04,2,3,0,0,0,2,0,0,0,0,national
2025,CT,09120,Greater Bridgeport,2WHM8VNJH63UN14OL754,The Huntington National Bank,2,2,0,0.04,2,0,0,0,0,2,0,0,0,0,national
2025,CT,09120,Greater Bridgeport,549300217ZPIHWEYT887,,2,2,0,0.04,2,0,0,0,0,2,0,0,0,0,national
2025,CT,09120,Greater Bridgeport,5493002B2WMHY23GFK92,"AMERICAN FINANCIAL RESOURCES, INC.",4,2,0,0.04,2,2,0,0,0,1,1,0,0,0,national
2025,CT,09120,Greater Bridgeport,5493002GI63WHHUTUD85,,3,2,0,0.04,1,2,0,0,0,1,1,0,0,0,national
2025,CT,09120,Greater Bridgeport,54930030Z1JWTP3SVD16,,7,2,2,0.04,0,7,0,0,0,0,2,0,0,0,national
2025,CT,09120,Greater Bridgeport,5493003B2LEGQHDWRN55,HANSCOM,3,2,1,0.04,3,0,0,0,0,2,0,0,0,0,national
2025,CT,09120,Greater Bridgeport,5493005DKMV1IHIM8E20,"Wilmington Savings Fund Society, FSB",2,2,0,0.04,2,0,0,0,0,2,0,0,0,0,national
2025,CT,09120,Greater Bridgeport,5493008VVXQIDO1EZ460,,2,2,0,0.04,2,0,0,0,0,2,0,0,0,0,national
2025,CT,09120,Greater Bridgeport,549300A5HHOL2ED18C72,,2,2,0,0.04,2,0,0,0,0,2,0,0,0,0,national
2025,CT,09120,Greater Bridgeport,549300ALNLUNS3Y53T24,,12,2,8,0.04,6,6,0,0,0,1,1,0,0,0,national
2025,CT,09120,Greater Bridgeport,549300BLL6VL7AXWYP56,,6,2,0,0.04,3,3,0,0,0,1,1,0,0,0,national
2025,CT,09120,Greater Bridgeport,549300CK7U1WMTIG6687,,2,2,0,0.04,0,2,0,0,0,0,2,0,0,0,national
2025,CT,09120,Greater Bridgeport,549300DCGBXW5FJMV921,,2,2,0,0.04,2,0,0,0,0,2,0,0,0,0,national
2025,CT,09120,Greater Bridgeport,549300DRZGISDSL1BX02,,3,2,0,0.04,3,0,0,0,0,2,0,0,0,0,national
2025,CT,09120,Greater Bridgeport,549300HQL7U3JZ4LCJ17,,2,2,0,0.04,2,0,0,0,0,2,0,0,0,0,national
2025,CT,09120,Greater Bridgeport,549300I1HK1BBZLKOB84,,2,2,0,0.04,2,0,0,0,0,2,0,0,0,0,national
2025,CT,09120,Greater Bridgeport,549300JBZ3MK7Z4FI764,,4,2,2,0.04,4,0,0,0,0,2,0,0,0,0,national
2025,CT,09120,Greater Bridgeport,549300L0OVX5O63S8C68,WASHINGTON TRUST MORTGAGE COMPANY LLC,2,2,0,0.04,2,0,0,0,0,2,0,0,0,0,national
2025,CT,09120,Greater Bridgeport,549300LR1ZETOWYE9Z89,Berkshire Bank,4,2,0,0.04,4,0,0,0,0,2,0,0,0,0,national
2025,CT,09120,Greater Bridgeport,549300LZUXCJFE5ONM48,,2,2,0,0.04,0,2,0,0,0,0,2,0,0,0,national
2025,CT,09120,Greater Bridgeport,549300PL267CW8182203,,12,2,0,0.04,0,10,2,0,0,0,2,0,0,0,national
2025,CT,09120,Greater Bridgeport,549300R22XCNNGVXRO22,,2,2,0,0.04,2,0,0,0,0,2,0,0,0,0,national
2025,CT,09120,Greater Bridgeport,549300S8SHBRCI7UU819,,3,2,0,0.04,3,0,0,0,0,2,0,0,0,0,national
2025,CT,09120,Greater Bridgeport,549300SYR11CYON0JE74,"BAYCOAST MORTGAGE COMPANY, LLC",2,2,0,0.04,2,0,0,0,0,2,0,0,0,0,national
2025,CT,09120,Greater Bridgeport,549300T9P3WXNMXX0I34,Ixonia Bank,8,2,1,0.04,5,2,1,0,0,1,0,1,0,0,national
2025,CT,09120,Greater Bridgeport,549300YKTME1U7Z0UN20,Empower Federal Credit Union,2,2,0,0.04,2,0,0,0,0,2,0,0,0,0,national
2025,CT,09120,Greater Bridgeport,549300YV77ZZ5ADLO929,,2,2,0,0.04,2,0,0,0,0,2,0,0,0,0,national
2025,CT,09120,Greater Bridgeport,98450057741D3B36B015,,5,2,3,0.04,5,0,0,0,0,2,0,0,0,0,national
2025,CT,09120,Greater Bridgeport,CKVBED0S4DMLKJJ5XH28,,2,2,0,0.04,2,0,0,0,0,2,0,0,0,0,national
2025,CT,09120,Greater Bridgeport,COOWI3L2W9TPYR3WJX37,First Horizon Bank,2,2,0,0.04,2,0,0,0,0,2,0,0,0,0,national
2025,CT,09120,Greater Bridgeport,JJKC32MCHWDI71265Z06,Truist Bank,4,2,0,0.04,4,0,0,0,0,2,0,0,0,0,national
2025,CT,09120,Greater Bridgeport,X8V2II80XTQHRH7NCB19,Eastern Bank,2,2,0,0.04,2,0,0,0,0,2,0,0,0,0,national
2025,CT,09120,Greater Bridgeport,213800QUAI2VH5YM6310,"EMBRACE HOME LOANS, INC.",1,1,0,0.02,1,0,0,0,0,1,0,0,0,0,national
2025,CT,09120,Greater Bridgeport,2549006V23YD1XWUR350,,1,1,0,0.02,1,0,0,0,0,1,0,0,0,0,national
2025,CT,09120,Greater Bridgeport,2549007AU24FVDMNUB40,,7,1,5,0.02,7,0,0,0,0,1,0,0,0,0,national
2025,CT,09120,Greater Bridgeport,2549009BJ1OZ4H7KTG46,,1,1,0,0.02,1,0,0,0,0,1,0,0,0,0,national
2025,CT,09120,Greater Bridgeport,254900CTT87ZKAUTIJ37,,1,1,0,0.02,1,0,0,0,0,1,0,0,0,0,national
2025,CT,09120,Greater Bridgeport,254900HJA1Y85EJCGB90,,1,1,0,0.02,1,0,0,0,0,1,0,0,0,0,national
2025,CT,09120,Greater Bridgeport,254900OVHD0ZZK65EQ86,,1,1,0,0.02,1,0,0,0,0,1,0,0,0,0,national
2025,CT,09120,Greater Bridgeport,254900P7WLDQD9IUL038,Service Federal Credit Union,3,1,1,0.02,3,0,0,0,0,1,0,0,0,0,national
2025,CT,09120,Greater Bridgeport,254900QY5ST0J7P6M123,,4,1,1,0.02,4,0,0,0,0,1,0,0,0,0,national
2025,CT,09120,Greater Bridgeport,254900U1OBL1MC6M6518,,1,1,0,0.02,1,0,0,0,0,1,0,0,0,0,national
2025,CT,09120,Greater Bridgeport,254900VFRQR5ZLXRQ298,,1,1,0,0.02,1,0,0,0,0,1,0,0,0,0,national
2025,CT,09120,Greater Bridgeport,4EP6JBYBTPTQ47LZOB67,,1,1,0,0.02,1,0,0,0,0,1,0,0,0,0,national
2025,CT,09120,Greater Bridgeport,5493000349C5XXDRQX28,,1,1,0,0.02,0,1,0,0,0,0,1,0,0,0,national
2025,CT,09120,Greater Bridgeport,5493000EUC3MM52PJV85,,2,1,1,0.02,2,0,0,0,0,1,0,0,0,0,national
2025,CT,09120,Greater Bridgeport,5493000IIYWBLONJVJ30,,6,1,2,0.02,6,0,0,0,0,1,0,0,0,0,national
2025,CT,09120,Greater Bridgeport,5493001JT9MT3Z3Y3M39,,1,1,0,0.02,1,0,0,0,0,1,0,0,0,0,national
2025,CT,09120,Greater Bridgeport,5493002N5168AC238149,"OceanFirst Bank, National Association",2,1,1,0.02,1,1,0,0,0,1,0,0,0,0,national
2025,CT,09120,Greater Bridgeport,54930032OCUOR526IR93,,1,1,0,0.02,0,1,0,0,0,0,1,0,0,0,national
2025,CT,09120,Greater Bridgeport,54930039IUN6515TBG78,,3,1,1,0.02,2,1,0,0,0,1,0,0,0,0,national
2025,CT,09120,Greater Bridgeport,5493003XFPPSO0JVIB33,,2,1,1,0.02,2,0,0,0,0,1,0,0,0,0,national
2025,CT,09120,Greater Bridgeport,5493005DJAOTPGS83Z81,Cornerstone Bank,1,1,0,0.02,1,0,0,0,0,1,0,0,0,0,national
2025,CT,09120,Greater Bridgeport,5493005ONLDV0W4QDI82,,1,1,0,0.02,1,0,0,0,0,1,0,0,0,0,national
2025,CT,09120,Greater Bridgeport,54930063578UDYE3JR69,,3,1,1,0.02,1,2,0,0,0,0,1,0,0,0,national
2025,CT,09120,Greater Bridgeport,5493007CLWQN2S6IZK91,,2,1,1,0.02,1,0,1,0,0,1,0,0,0,0,national
2025,CT,09120,Greater Bridgeport,5493008PQSMR41Y70C36,,1,1,0,0.02,1,0,0,0,0,1,0,0,0,0,national
2025,CT,09120,Greater Bridgeport,5493009B17HXCVXTD608,"JMAC LENDING, INC.",1,1,0,0.02,0,1,0,0,0,0,1,0,0,0,national
2025,CT,09120,Greater Bridgeport,5493009BOQDC6PCFR785,"NBT Bank, National Association",1,1,0,0.02,1,0,0,0,0,1,0,0,0,0,national
2025,CT,09120,Greater Bridgeport,549300A68YW07V5R5G22,,1,1,0,0.02,1,0,0,0,0,1,0,0,0,0,national
2025,CT,09120,Greater Bridgeport,549300AOB4S7B0DB7863,,2,1,0,0.02,2,0,0,0,0,1,0,0,0,0,national
2025,CT,09120,Greater Bridgeport,549300ASFUWYQO0RW077,,1,1,0,0.02,1,0,0,0,0,1,0,0,0,0,national
2025,CT,09120,Greater Bridgeport,549300DNWSJUNAWUM003,,2,1,0,0.02,2,0,0,0,0,1,0,0,0,0,national
2025,CT,09120,Greater Bridgeport,549300EHWBP6UP4Y8J37,,1,1,0,0.02,1,0,0,0,0,1,0,0,0,0,national
2025,CT,09120,Greater Bridgeport,549300F1COXL6UBFCP55,,2,1,1,0.02,2,0,0,0,0,1,0,0,0,0,national
2025,CT,09120,Greater Bridgeport,549300GE8KIGZVQV1223,,1,1,0,0.02,1,0,0,0,0,1,0,0,0,0,national
2025,CT,09120,Greater Bridgeport,549300HINJH60UG3KG47,,1,1,0,0.02,1,0,0,0,0,1,0,0,0,0,national
2025,CT,09120,Greater Bridgeport,549300HMKAPEK7YMHY76,,1,1,0,0.02,1,0,0,0,0,1,0,0,0,0,national
2025,CT,09120,Greater Bridgeport,549300IKS3MMB5YK6T18,,1,1,0,0.02,1,0,0,0,0,1,0,0,0,0,national
2025,CT,09120,Greater Bridgeport,549300IRXW9RSZM2B951,,1,1,0,0.02,1,0,0,0,0,1,0,0,0,0,national
2025,CT,09120,Greater Bridgeport,549300IYKILIU506KA05,PeoplesBank,2,1,0,0.02,2,0,0,0,0,1,0,0,0,0,national
2025,CT,09120,Greater Bridgeport,549300JGMQJ4R419LR70,,1,1,0,0.02,1,0,0,0,0,1,0,0,0,0,national
2025,CT,09120,Greater Bridgeport,549300JI0UWY4QIWDV89,"NORTHPOINT MORTGAGE, INC.",1,1,0,0.02,1,0,0,0,0,1,0,0,0,0,national
2025,CT,09120,Greater Bridgeport,549300JZD4L02YZI3Z50,NJ LENDERS CORP.,1,1,0,0.02,1,0,0,0,0,1,0,0,0,0,national
2025,CT,09120,Greater Bridgeport,549300KV83NH6PNL5E48,Westfield Bank,1,1,0,0.02,1,0,0,0,0,1,0,0,0,0,national
2025,CT,09120,Greater Bridgeport,549300KX4S1573HISS22,,3,1,0,0.02,3,0,0,0,0,1,0,0,0,0,national
2025,CT,09120,Greater Bridgeport,549300LLESTPOVRG3X73,,2,1,0,0.02,2,0,0,0,0,1,0,0,0,0,national
2025,CT,09120,Greater Bridgeport,549300LLQD0X2OTG0Y27,,2,1,1,0.02,0,2,0,0,0,0,1,0,0,0,national
2025,CT,09120,Greater Bridgeport,549300MHH03ICJYEPE85,,2,1,0,0.02,1,1,0,0,0,1,0,0,0,0,national
2025,CT,09120,Greater Bridgeport,549300MUTFJQGRZJH019,CENTRAL ONE FEDERAL CREDIT UNION,1,1,0,0.02,1,0,0,0,0,1,0,0,0,0,national
2025,CT,09120,Greater Bridgeport,549300NZ2IPWRMLAYZ30,,1,1,0,0.02,1,0,0,0,0,1,0,0,0,0,national
2025,CT,09120,Greater Bridgeport,549300PBTV7FCWLSMM53,,2,1,0,0.02,0,2,0,0,0,0,1,0,0,0,national
2025,CT,09120,Greater Bridgeport,549300PC4MFWQBNVKG88,,1,1,0,0.02,1,0,0,0,0,1,0,0,0,0,national
2025,CT,09120,Greater Bridgeport,549300QIUZLVR1OLDH55,,1,1,0,0.02,1,0,0,0,0,1,0,0,0,0,national
2025,CT,09120,Greater Bridgeport,549300QKL5FUBZ8LSF50,,3,1,0,0.02,3,0,0,0,0,1,0,0,0,0,national
2025,CT,09120,Greater Bridgeport,549300QVGK8WC4HQ3C28,,1,1,0,0.02,1,0,0,0,0,1,0,0,0,0,national
2025,CT,09120,Greater Bridgeport,549300RFPLMCMJL7BS81,,1,1,0,0.02,1,0,0,0,0,1,0,0,0,0,national
2025,CT,09120,Greater Bridgeport,549300RUKY2I2HQ2AI44,,5,1,2,0.02,5,0,0,0,0,1,0,0,0,0,national
2025,CT,09120,Greater Bridgeport,549300RYJCJ7JPQ4RF20,BankNewport,1,1,0,0.02,1,0,0,0,0,1,0,0,0,0,national
2025,CT,09120,Greater Bridgeport,549300SUCQ1358EGVE89,"NEW DAY FINANCIAL, LLC",13,1,4,0.02,0,0,13,0,0,0,0,1,0,0,national
2025,CT,09120,Greater Bridgeport,549300TR6MWKSIOP3B72,Beacon Bank And Trust,2,1,1,0.02,2,0,0,0,0,1,0,0,0,0,national
2025,CT,09120,Greater Bridgeport,549300TULDV69V2XKY60,,1,1,0,0.02,1,0,0,0,0,1,0,0,0,0,national
2025,CT,09120,Greater Bridgeport,549300TZDKJ07KL8T621,,3,1,1,0.02,3,0,0,0,0,1,0,0,0,0,national
2025,CT,09120,Greater Bridgeport,549300VGMMXKSX821O69,,4,1,1,0.02,3,1,0,0,0,0,1,0,0,0,national
2025,CT,09120,Greater Bridgeport,549300VORTI31GZTJL53,"CARDINAL FINANCIAL COMPANY, LIMITED PARTNERSHIP",4,1,3,0.02,2,2,0,0,0,0,1,0,0,0,national
2025,CT,09120,Greater Bridgeport,549300W4FT4H1UWPGU95,,1,1,0,0.02,1,0,0,0,0,1,0,0,0,0,national
2025,CT,09120,Greater Bridgeport,549300WIE2SKOKI8PF63,,1,1,0,0.02,1,0,0,0,0,1,0,0,0,0,national
2025,CT,09120,Greater Bridgeport,549300XCVBRR56D08F03,,18,1,1,0.02,10,7,1,0,0,1,0,0,0,0,national
2025,CT,09120,Greater Bridgeport,549300YN94MOAVYW0F52,"GoodLeap, LLC",1,1,0,0.02,1,0,0,0,0,1,0,0,0,0,national
2025,CT,09120,Greater Bridgeport,549300ZIQ24V0C88AC41,GTE Federal Credit Union,2,1,0,0.02,2,0,0,0,0,1,0,0,0,0,national
2025,CT,09120,Greater Bridgeport,549300ZZME37MXI1EF14,,2,1,0,0.02,1,1,0,0,0,1,0,0,0,0,national
2025,CT,09120,Greater Bridgeport,593C3GZG957YOJPS2Z63,,2,1,0,0.02,2,0,0,0,0,1,0,0,0,0,national
2025,CT,09120,Greater Bridgeport,9845005BP6974AE5D838,,1,1,0,0.02,1,0,0,0,0,1,0,0,0,0,national
2025,CT,09120,Greater Bridgeport,9845006YE04B346EC919,,1,1,0,0.02,0,1,0,0,0,0,1,0,0,0,national
2025,CT,09120,Greater Bridgeport,984500F03B9034CQB904,,2,1,1,0.02,2,0,0,0,0,1,0,0,0,0,national
2025,CT,09120,Greater Bridgeport,COINQMNIM6RBU631DD85,,6,1,1,0.02,5,1,0,0,0,1,0,0,0,0,national
2025,CT,09120,Greater Bridgeport,FDXQ75GPEQKRPWABYN63,,1,1,0,0.02,1,0,0,0,0,1,0,0,0,0,national
2025,CT,09120,Greater Bridgeport,KD3XUN7C6T14HNAYLU02,,1,1,0,0.02,1,0,0,0,0,1,0,0,0,0,national
2025,CT,09120,Greater Bridgeport,KI0VI4JRMCIJ329YTN75,Valley National Bank,2,1,0,0.02,2,0,0,0,0,1,0,0,0,0,national
2025,CT,09120,Greater Bridgeport,LDVFX8JEECFFE8HRWA73,,1,1,0,0.02,1,0,0,0,0,1,0,0,0,0,national
2025,CT,09120,Greater Bridgeport,QFROUN1UWUYU0DVIWD51,"Eagle Home Mortgage, LLC",2,1,0,0.02,2,0,0,0,0,1,0,0,0,0,national
2025,CT,09120,Greater Bridgeport,SS1TRMSN6BRNMOREEV51,"Flagstar Bank, National Association",11,1,6,0.02,10,1,0,0,0,1,0,0,0,0,national
2025,CT,09120,Greater Bridgeport,54930091JQKCU3Z6IP44,,60,0,4,0.0,60,0,0,0,0,0,0,0,0,0,national
2025,CT,09130,Lower Connecticut River Valley,549300KWXO8FUM7L0E14,Liberty Bank,671,538,68,12.32,671,0,0,0,0,538,0,0,0,0,national
2025,CT,09130,Lower Connecticut River Valley,DRMSV1Q0EKMEXLAU1P80,"Citizens Bank, National Association",483,304,119,6.96,479,3,1,0,0,304,0,0,0,0,national
2025,CT,09130,Lower Connecticut River Valley,549300FGXN1K3HLB1R50,"Rocket Mortgage, LLC",339,243,62,5.56,282,38,19,0,0,205,25,13,0,0,national
2025,CT,09130,Lower Connecticut River Valley,549300HW662MN1WU8550,"United Wholesale Mortgage, LLC",253,200,24,4.58,186,41,26,0,0,150,31,19,0,0,national
2025,CT,09130,Lower Connecticut River Valley,549300VJQJVZKJBDWS17,"TOTAL MORTGAGE SERVICES, LLC",249,190,5,4.35,211,27,10,1,0,164,18,7,1,0,national
2025,CT,09130,Lower Connecticut River Valley,549300HYHFCULSUBAE54,FIRST WORLD MORTGAGE CORPORATION,147,130,1,2.98,130,14,3,0,0,118,10,2,0,0,national
2025,CT,09130,Lower Connecticut River Valley,549300TYBI78RNWPFB28,,172,121,32,2.77,172,0,0,0,0,121,0,0,0,0,national
2025,CT,09130,Lower Connecticut River Valley,549300DD4R4SYK5RAQ92,"Cardinal Financial Company, Limited Partnership",109,80,3,1.83,89,11,9,0,0,63,10,7,0,0,national
2025,CT,09130,Lower Connecticut River Valley,254900O86JRT86YLQO47,,96,76,11,1.74,96,0,0,0,0,76,0,0,0,0,national
2025,CT,09130,Lower Connecticut River Valley,WV0OVGBTLUP1XIUJE722,"Webster Bank, National Association",128,76,20,1.74,128,0,0,0,0,76,0,0,0,0,national
2025,CT,09130,Lower Connecticut River Valley,5493009OLY1HC3F0SB77,,97,70,8,1.6,92,4,1,0,0,67,2,1,0,0,national
2025,CT,09130,Lower Connecticut River Valley,B4TYDEB6GKMZO031MB27,"Guaranteed Rate, Inc.",181,69,62,1.58,179,2,0,0,0,69,0,0,0,0,national
2025,CT,09130,Lower Connecticut River Valley,WWB2V0FCW3A0EE3ZJN75,Manufacturers and Traders Trust Company,112,69,32,1.58,107,5,0,0,0,65,4,0,0,0,national
2025,CT,09130,Lower Connecticut River Valley,549300GKFNPRWNS0GF29,"AmeriHome Mortgage Company, LLC",73,58,3,1.33,46,15,0,12,0,34,12,0,12,0,national
2025,CT,09130,Lower Connecticut River Valley,549300FNXYY540N23N64,Newrez LLC,113,57,18,1.3,99,10,4,0,0,52,2,3,0,0,national
2025,CT,09130,Lower Connecticut River Valley,5493003GQDUH26DNNH17,Navy Federal Credit Union,102,56,18,1.28,83,0,19,0,0,42,0,14,0,0,national
2025,CT,09130,Lower Connecticut River Valley,5493005PKOSG7MYX0B34,"Prosperity Home Mortgage, LLC",69,54,2,1.24,53,8,8,0,0,41,6,7,0,0,national
2025,CT,09130,Lower Connecticut River Valley,254900C1CRYSCHG38F20,,62,49,9,1.12,62,0,0,0,0,49,0,0,0,0,national
2025,CT,09130,Lower Connecticut River Valley,549300VZVN841I2ILS84,Freedom Mortgage Corporation,57,47,2,1.08,41,10,6,0,0,33,9,5,0,0,national
2025,CT,09130,Lower Connecticut River Valley,549300TPAN1WJY46W431,,63,46,6,1.05,63,0,0,0,0,46,0,0,0,0,national
2025,CT,09130,Lower Connecticut River Valley,549300AG64NHILB7ZP05,"PennyMac Loan Services, LLC",81,45,14,1.03,67,11,3,0,0,42,3,0,0,0,national
2025,CT,09130,Lower Connecticut River Valley,03D0JEWFDFUS0SEEKG89,"TD Bank, National Association",73,44,12,1.01,73,0,0,0,0,44,0,0,0,0,national
2025,CT,09130,Lower Connecticut River Valley,549300CA0J0Z7OFQBG71,,70,43,12,0.98,70,0,0,0,0,43,0,0,0,0,national
2025,CT,09130,Lower Connecticut River Valley,RVDPPPGHCGZ40J4VQ731,Fairway Independent Mortgage Corporation,84,43,8,0.98,57,22,5,0,0,32,8,3,0,0,national
2025,CT,09130,Lower Connecticut River Valley,549300F8C5JA44WNMI75,AMERICAN NEIGHBORHOOD MORTGAGE ACCEPTANCE COMPANY LLC,58,41,2,0.94,41,16,0,1,0,29,12,0,0,0,national
2025,CT,09130,Lower Connecticut River Valley,549300LBCBNR1OT00651,NATIONSTAR MORTGAGE LLC,58,40,7,0.92,48,9,1,0,0,35,4,1,0,0,national
2025,CT,09130,Lower Connecticut River Valley,254900HJA1Y85EJCGB90,,50,39,4,0.89,50,0,0,0,0,39,0,0,0,0,national
2025,CT,09130,Lower Connecticut River Valley,549300U3721PJGQZYY68,Nationstar Mortgage LLC,65,39,3,0.89,55,6,4,0,0,34,2,3,0,0,national
2025,CT,09130,Lower Connecticut River Valley,7H6GLXDRUGQFU57RNE97,"JPMorgan Chase Bank, National Association",55,39,2,0.89,54,0,1,0,0,39,0,0,0,0,national
2025,CT,09130,Lower Connecticut River Valley,549300XUMML1SMLTVQ62,,61,38,19,0.87,61,0,0,0,0,38,0,0,0,0,national
2025,CT,09130,Lower Connecticut River Valley,549300LYRWPSYPK6S325,Guild Mortgage Company LLC,90,35,5,0.8,31,40,19,0,0,16,10,9,0,0,national
2025,CT,09130,Lower Connecticut River Valley,549300DD5QQUHO6PCH70,"Movement Mortgage, LLC",78,34,16,0.78,11,2,65,0,0,2,0,32,0,0,national
2025,CT,09130,Lower Connecticut River Valley,549300121SF0K2LN2804,"PRIMELENDING, A PLAINSCAPITAL COMPANY",41,32,0,0.73,37,1,3,0,0,28,1,3,0,0,national
2025,CT,09130,Lower Connecticut River Valley,6BYL5QZYBDK8S7L73M02,U.S. Bank National Association,51,32,12,0.73,49,1,1,0,0,31,1,0,0,0,national
2025,CT,09130,Lower Connecticut River Valley,549300MGPZBLQDIL7538,"PrimeLending, a PlainsCapital Company",42,28,3,0.64,35,6,1,0,0,24,3,1,0,0,national
2025,CT,09130,Lower Connecticut River Valley,549300OPCWU6E72WUT29,"MUTUAL OF OMAHA MORTGAGE, INC.",44,28,4,0.64,22,19,3,0,0,16,11,1,0,0,national
2025,CT,09130,Lower Connecticut River Valley,54930001NSTOD85LT125,"GUARANTEED RATE AFFINITY, LLC",36,27,0,0.62,30,4,2,0,0,22,3,2,0,0,national
2025,CT,09130,Lower Connecticut River Valley,5493003XFPPSO0JVIB33,,38,27,8,0.62,38,0,0,0,0,27,0,0,0,0,national
2025,CT,09130,Lower Connecticut River Valley,549300RPOGWJRH63HS39,UNION HOME MORTGAGE CORP.,36,27,2,0.62,34,1,1,0,0,26,1,0,0,0,national
2025,CT,09130,Lower Connecticut River Valley,5493006Z74IVZXJ0XO35,,29,24,1,0.55,29,0,0,0,0,24,0,0,0,0,national
2025,CT,09130,Lower Connecticut River Valley,549300E2UX99HKDBR481,"Broker Solutions, Inc.",61,24,5,0.55,32,28,1,0,0,18,6,0,0,0,national
2025,CT,09130,Lower Connecticut River Valley,54930052M48FOD3CWA54,"PRIMARY RESIDENTIAL MORTGAGE, INC.",32,23,1,0.53,30,2,0,0,0,22,1,0,0,0,national
2025,CT,09130,Lower Connecticut River Valley,549300PC4MFWQBNVKG88,,25,23,0,0.53,23,2,0,0,0,21,2,0,0,0,national
2025,CT,09130,Lower Connecticut River Valley,254900UL88QFG0E40516,FIGURE LENDING LLC,50,22,18,0.5,50,0,0,0,0,22,0,0,0,0,national
2025,CT,09130,Lower Connecticut River Valley,5493000GQWJTTR0TEH83,,29,22,2,0.5,28,1,0,0,0,21,1,0,0,0,national
2025,CT,09130,Lower Connecticut River Valley,549300PIL8LFAQ04XC20,Better Mortgage Corporation,71,22,33,0.5,71,0,0,0,0,22,0,0,0,0,national
2025,CT,09130,Lower Connecticut River Valley,5493005H3NABV4GMAG85,,40,21,11,0.48,40,0,0,0,0,21,0,0,0,0,national
2025,CT,09130,Lower Connecticut River Valley,5493005HTCBH4TWCVM82,,38,21,2,0.48,38,0,0,0,0,21,0,0,0,0,national
2025,CT,09130,Lower Connecticut River Valley,549300JYXTZDSPJEPI44,"PLAZA HOME MORTGAGE, INC.",32,21,9,0.48,25,5,2,0,0,17,3,1,0,0,national
2025,CT,09130,Lower Connecticut River Valley,549300MCIFZSDHUT8X63,"NFM, INC.",26,21,0,0.48,23,2,1,0,0,18,2,1,0,0,national
2025,CT,09130,Lower Connecticut River Valley,549300T5QSL6MC8M4D04,"NORWICH COMMERCIAL GROUP, INC.",21,21,0,0.48,19,2,0,0,0,19,2,0,0,0,national
2025,CT,09130,Lower Connecticut River Valley,549300L0OVX5O63S8C68,WASHINGTON TRUST MORTGAGE COMPANY LLC,26,19,2,0.43,26,0,0,0,0,19,0,0,0,0,national
2025,CT,09130,Lower Connecticut River Valley,549300T3F9S1MKFKHC53,HOMESTEAD FUNDING CORP.,24,19,1,0.43,24,0,0,0,0,19,0,0,0,0,national
2025,CT,09130,Lower Connecticut River Valley,549300T9P3WXNMXX0I34,Ixonia Bank,36,19,1,0.43,30,5,0,1,0,16,2,0,1,0,national
2025,CT,09130,Lower Connecticut River Valley,HUX2X73FUCYHUVH1BK78,KeyBank National Association,36,17,12,0.39,36,0,0,0,0,17,0,0,0,0,national
2025,CT,09130,Lower Connecticut River Valley,254900QY5ST0J7P6M123,,23,16,6,0.37,23,0,0,0,0,16,0,0,0,0,national
2025,CT,09130,Lower Connecticut River Valley,549300GTVXJ2PGXNLM73,T2 FINANCIAL LLC,21,16,3,0.37,20,0,1,0,0,15,0,1,0,0,national
2025,CT,09130,Lower Connecticut River Valley,549300MZ8VZJOVC63092,"KIND LENDING, LLC",23,16,4,0.37,23,0,0,0,0,16,0,0,0,0,national
2025,CT,09130,Lower Connecticut River Valley,549300YFPHIE78XPP635,,21,16,2,0.37,20,0,1,0,0,15,0,1,0,0,national
2025,CT,09130,Lower Connecticut River Valley,549300YIQ7S7Z8PIHE53,AMERISAVE MORTGAGE CORPORATION,53,16,32,0.37,43,8,2,0,0,13,3,0,0,0,national
2025,CT,09130,Lower Connecticut River Valley,254900RUCO27MVGTO768,LOAN FUNDER LLC,24,14,1,0.32,24,0,0,0,0,14,0,0,0,0,national
2025,CT,09130,Lower Connecticut River Valley,254900ZFWS2106HWPH46,"PARAMOUNT RESIDENTIAL MORTGAGE GROUP, INC.",16,14,0,0.32,11,3,2,0,0,9,3,2,0,0,national
2025,CT,09130,Lower Connecticut River Valley,KB1H1DSPRFMYMCUFXT09,"Wells Fargo Bank, National Association",26,13,4,0.3,24,2,0,0,0,12,1,0,0,0,national
2025,CT,09130,Lower Connecticut River Valley,54930054ET8KM4O1D485,"SOFI BANK, NATIONAL ASSOCIATION",44,12,3,0.27,44,0,0,0,0,12,0,0,0,0,national
2025,CT,09130,Lower Connecticut River Valley,549300GE8KIGZVQV1223,,16,12,0,0.27,14,2,0,0,0,10,2,0,0,0,national
2025,CT,09130,Lower Connecticut River Valley,549300IYKILIU506KA05,PeoplesBank,14,12,0,0.27,14,0,0,0,0,12,0,0,0,0,national
2025,CT,09130,Lower Connecticut River Valley,549300XY701IELCE5Q08,BETTER MORTGAGE CORPORATION,34,12,6,0.27,34,0,0,0,0,12,0,0,0,0,national
2025,CT,09130,Lower Connecticut River Valley,549300ZOKUKS0Z7C3X31,,20,12,7,0.27,20,0,0,0,0,12,0,0,0,0,national
2025,CT,09130,Lower Connecticut River Valley,2549005SIVTHG14U2905,A&D Mortgage LLC,15,11,0,0.25,15,0,0,0,0,11,0,0,0,0,national
2025,CT,09130,Lower Connecticut River Valley,549300FK3AFCFVAPH234,"Leader Bank, National Association",12,11,0,0.25,12,0,0,0,0,11,0,0,0,0,national
2025,CT,09130,Lower Connecticut River Valley,549300JI0UWY4QIWDV89,"NORTHPOINT MORTGAGE, INC.",16,11,1,0.25,16,0,0,0,0,11,0,0,0,0,national
2025,CT,09130,Lower Connecticut River Valley,549300R9S3MVDV4MGF56,"CARRINGTON MORTGAGE SERVICES, LLC",46,11,20,0.25,26,15,5,0,0,7,3,1,0,0,national
2025,CT,09130,Lower Connecticut River Valley,5493004D0Z2WQR26VL57,,12,10,1,0.23,12,0,0,0,0,10,0,0,0,0,national
2025,CT,09130,Lower Connecticut River Valley,549300G2LV8W3C1G3762,,14,10,1,0.23,10,4,0,0,0,8,2,0,0,0,national
2025,CT,09130,Lower Connecticut River Valley,549300JBZ3MK7Z4FI764,,12,10,0,0.23,12,0,0,0,0,10,0,0,0,0,national
2025,CT,09130,Lower Connecticut River Valley,549300NOCASXPA34X033,"LAKEVIEW LOAN SERVICING, LLC",43,10,26,0.23,22,14,7,0,0,7,1,2,0,0,national
2025,CT,09130,Lower Connecticut River Valley,549300ZPSJZO10ZAX556,"AMERICAN HERITAGE LENDING, LLC",23,10,0,0.23,23,0,0,0,0,10,0,0,0,0,national
2025,CT,09130,Lower Connecticut River Valley,54930043BMDE130FJ617,"PROVIDENT FUNDING ASSOCIATES, L.P.",12,9,1,0.21,12,0,0,0,0,9,0,0,0,0,national
2025,CT,09130,Lower Connecticut River Valley,549300GS0W0TEUQS8571,"Morgan Stanley Private Bank, National Association",15,9,2,0.21,15,0,0,0,0,9,0,0,0,0,national
2025,CT,09130,Lower Connecticut River Valley,549300HQL7U3JZ4LCJ17,,10,9,0,0.21,10,0,0,0,0,9,0,0,0,0,national
2025,CT,09130,Lower Connecticut River Valley,549300UXY7OP0IC38293,,12,9,0,0.21,12,0,0,0,0,9,0,0,0,0,national
2025,CT,09130,Lower Connecticut River Valley,549300YN94MOAVYW0F52,"GoodLeap, LLC",12,9,1,0.21,9,2,1,0,0,8,1,0,0,0,national
2025,CT,09130,Lower Connecticut River Valley,254900HEJ9F73IMPX887,,17,8,1,0.18,17,0,0,0,0,8,0,0,0,0,national
2025,CT,09130,Lower Connecticut River Valley,254900W4EKVR6GZ0KS84,,9,8,0,0.18,9,0,0,0,0,8,0,0,0,0,national
2025,CT,09130,Lower Connecticut River Valley,5493006VAGP3GQ8FJT49,"Kiavi Funding, Inc.",12,8,2,0.18,12,0,0,0,0,8,0,0,0,0,national
2025,CT,09130,Lower Connecticut River Valley,5493008XQDQ2YZPQKX53,,8,8,0,0.18,7,1,0,0,0,7,1,0,0,0,national
2025,CT,09130,Lower Connecticut River Valley,549300NFPC3Y4W3Y7R87,,9,8,0,0.18,9,0,0,0,0,8,0,0,0,0,national
2025,CT,09130,Lower Connecticut River Valley,549300NWBS6MQJX15N44,,8,8,0,0.18,8,0,0,0,0,8,0,0,0,0,national
2025,CT,09130,Lower Connecticut River Valley,AD6GFRVSDT01YPT1CS68,"PNC Bank, National Association",16,8,6,0.18,16,0,0,0,0,8,0,0,0,0,national
2025,CT,09130,Lower Connecticut River Valley,X05BVSK68TQ7YTOSNR22,Discover Bank,59,8,29,0.18,59,0,0,0,0,8,0,0,0,0,national
2025,CT,09130,Lower Connecticut River Valley,1VUZZZCW0TWP6R7N3Z33,,12,7,1,0.16,12,0,0,0,0,7,0,0,0,0,national
2025,CT,09130,Lower Connecticut River Valley,549300J7I82PNDVU8H22,"OCMBC, INC.",13,7,3,0.16,11,1,1,0,0,6,1,0,0,0,national
2025,CT,09130,Lower Connecticut River Valley,549300KV83NH6PNL5E48,Westfield Bank,9,7,2,0.16,9,0,0,0,0,7,0,0,0,0,national
2025,CT,09130,Lower Connecticut River Valley,549300PQLK8E48ILXV41,,14,7,3,0.16,14,0,0,0,0,7,0,0,0,0,national
2025,CT,09130,Lower Connecticut River Valley,254900DTLHVWQ7NP7R34,"CMG Mortgage, Inc.",10,6,2,0.14,10,0,0,0,0,6,0,0,0,0,national
2025,CT,09130,Lower Connecticut River Valley,5493001GCBD5XGNIC815,Coastal Community Bank,25,6,0,0.14,25,0,0,0,0,6,0,0,0,0,national
2025,CT,09130,Lower Connecticut River Valley,549300EMNDEK4BA8WB53,EMM LOANS LLC,10,6,1,0.14,8,2,0,0,0,4,2,0,0,0,national
2025,CT,09130,Lower Connecticut River Valley,549300K4ZLGS7SRDTL86,Equity Prime Mortgage LLC,8,6,0,0.14,0,6,2,0,0,0,4,2,0,0,national
2025,CT,09130,Lower Connecticut River Valley,549300KTR1JGH3K6LU06,FOURLEAF,9,6,2,0.14,9,0,0,0,0,6,0,0,0,0,national
2025,CT,09130,Lower Connecticut River Valley,549300UG1DH7RQL41718,,7,6,0,0.14,7,0,0,0,0,6,0,0,0,0,national
2025,CT,09130,Lower Connecticut River Valley,549300YW2UBCMDRMBT48,,6,6,0,0.14,4,2,0,0,0,4,2,0,0,0,national
2025,CT,09130,Lower Connecticut River Valley,984500U2F9A83N391A91,"CHAMPIONS FUNDING, LLC",13,6,6,0.14,13,0,0,0,0,6,0,0,0,0,national
2025,CT,09130,Lower Connecticut River Valley,Q708HHR4LD2B7XIZNO92,First Federal Bank,8,6,0,0.14,6,0,2,0,0,4,0,2,0,0,national
2025,CT,09130,Lower Connecticut River Valley,2549008G9SP4WM32NN96,,6,5,0,0.11,6,0,0,0,0,5,0,0,0,0,national
2025,CT,09130,Lower Connecticut River Valley,549300370QILXLFUWD20,"ZILLOW HOME LOANS, LLC",7,5,1,0.11,6,1,0,0,0,5,0,0,0,0,national
2025,CT,09130,Lower Connecticut River Valley,5493008CPTDVOS570626,"Primary Residential Mortgage, Inc.",7,5,2,0.11,7,0,0,0,0,5,0,0,0,0,national
2025,CT,09130,Lower Connecticut River Valley,549300BLL6VL7AXWYP56,,7,5,0,0.11,4,3,0,0,0,3,2,0,0,0,national
2025,CT,09130,Lower Connecticut River Valley,549300FX7K8PTEQUU487,PENTAGON FEDERAL CREDIT UNION,14,5,6,0.11,9,1,4,0,0,3,0,2,0,0,national
2025,CT,09130,Lower Connecticut River Valley,549300HKYBSATM44Q425,"The Washington Trust Company, of Westerly",11,5,5,0.11,11,0,0,0,0,5,0,0,0,0,national
2025,CT,09130,Lower Connecticut River Valley,549300KSOOZZVXCMA627,ANGEL OAK MORTGAGE SOLUTIONS LLC,6,5,1,0.11,6,0,0,0,0,5,0,0,0,0,national
2025,CT,09130,Lower Connecticut River Valley,549300LROQOOQU77WS20,,9,5,1,0.11,9,0,0,0,0,5,0,0,0,0,national
2025,CT,09130,Lower Connecticut River Valley,549300MHH03ICJYEPE85,,6,5,0,0.11,0,6,0,0,0,0,5,0,0,0,national
2025,CT,09130,Lower Connecticut River Valley,549300MKO88C3VZKD418,,7,5,0,0.11,7,0,0,0,0,5,0,0,0,0,national
2025,CT,09130,Lower Connecticut River Valley,549300R77W0P105C3S50,HOMEXPRESS MORTGAGE CORP.,11,5,4,0.11,11,0,0,0,0,5,0,0,0,0,national
2025,CT,09130,Lower Connecticut River Valley,549300S5YL3OH0IVCS62,FINANCE OF AMERICA REVERSE LLC,6,5,0,0.11,5,1,0,0,0,4,1,0,0,0,national
2025,CT,09130,Lower Connecticut River Valley,C5654JQHZUHN0772B561,USAA Federal Savings Bank,19,5,6,0.11,9,0,10,0,0,3,0,2,0,0,national
2025,CT,09130,Lower Connecticut River Valley,E57ODZWZ7FF32TWEFA76,"Citibank, National Association",8,5,2,0.11,8,0,0,0,0,5,0,0,0,0,national
2025,CT,09130,Lower Connecticut River Valley,2549004Z576VEJBK3N72,"NQM FUNDING, LLC",8,4,2,0.09,8,0,0,0,0,4,0,0,0,0,national
2025,CT,09130,Lower Connecticut River Valley,254900HA4DQWAE0W3342,"AMERIHOME MORTGAGE COMPANY, LLC",6,4,1,0.09,4,2,0,0,0,2,2,0,0,0,national
2025,CT,09130,Lower Connecticut River Valley,5493001GDRY0EL7VG372,"ARK-LA-TEX FINANCIAL SERVICES, LLC.",5,4,0,0.09,3,2,0,0,0,3,1,0,0,0,national
2025,CT,09130,Lower Connecticut River Valley,5493001WHVQBGRSWEU75,"HOMEBRIDGE FINANCIAL SERVICES, INC.",4,4,0,0.09,4,0,0,0,0,4,0,0,0,0,national
2025,CT,09130,Lower Connecticut River Valley,54930055Z5ZI5MLNR750,,12,4,5,0.09,12,0,0,0,0,4,0,0,0,0,national
2025,CT,09130,Lower Connecticut River Valley,54930078TNN7GKZ7NU89,,4,4,0,0.09,4,0,0,0,0,4,0,0,0,0,national
2025,CT,09130,Lower Connecticut River Valley,549300DRZGISDSL1BX02,,6,4,0,0.09,6,0,0,0,0,4,0,0,0,0,national
2025,CT,09130,Lower Connecticut River Valley,549300GCEUZLVML1J263,RADIUS FINANCIAL GROUP INC.,4,4,0,0.09,3,0,1,0,0,3,0,1,0,0,national
2025,CT,09130,Lower Connecticut River Valley,549300GWD9H4FQ2VR805,,5,4,1,0.09,5,0,0,0,0,4,0,0,0,0,national
2025,CT,09130,Lower Connecticut River Valley,549300LR1ZETOWYE9Z89,Berkshire Bank,9,4,4,0.09,9,0,0,0,0,4,0,0,0,0,national
2025,CT,09130,Lower Connecticut River Valley,549300QKL5FUBZ8LSF50,,8,4,1,0.09,6,1,1,0,0,2,1,1,0,0,national
2025,CT,09130,Lower Connecticut River Valley,549300S8SHBRCI7UU819,,5,4,0,0.09,5,0,0,0,0,4,0,0,0,0,national
2025,CT,09130,Lower Connecticut River Valley,549300TA4MQM8WN2XG31,,7,4,0,0.09,7,0,0,0,0,4,0,0,0,0,national
2025,CT,09130,Lower Connecticut River Valley,549300VQUTI5IU7GXT57,,10,4,3,0.09,10,0,0,0,0,4,0,0,0,0,national
2025,CT,09130,Lower Connecticut River Valley,549300XCVBRR56D08F03,,10,4,0,0.09,7,3,0,0,0,3,1,0,0,0,national
2025,CT,09130,Lower Connecticut River Valley,549300XWUSRVVOHPRY47,Academy Mortgage Corporation,5,4,0,0.09,2,3,0,0,0,2,2,0,0,0,national
2025,CT,09130,Lower Connecticut River Valley,98450057741D3B36B015,,7,4,3,0.09,7,0,0,0,0,4,0,0,0,0,national
2025,CT,09130,Lower Connecticut River Valley,2549001NJY765EZWDI06,,3,3,0,0.07,2,1,0,0,0,2,1,0,0,0,national
2025,CT,09130,Lower Connecticut River Valley,2549007UXYHMV9ES9L95,,3,3,0,0.07,3,0,0,0,0,3,0,0,0,0,national
2025,CT,09130,Lower Connecticut River Valley,2549009YMLXX9WQWPX05,,4,3,0,0.07,4,0,0,0,0,3,0,0,0,0,national
2025,CT,09130,Lower Connecticut River Valley,254900J5OSYRB4AN2309,,6,3,3,0.07,6,0,0,0,0,3,0,0,0,0,national
2025,CT,09130,Lower Connecticut River Valley,54930002M4XN64FM7Z89,,4,3,0,0.07,4,0,0,0,0,3,0,0,0,0,national
2025,CT,09130,Lower Connecticut River Valley,5493002B2WMHY23GFK92,"AMERICAN FINANCIAL RESOURCES, INC.",3,3,0,0.07,3,0,0,0,0,3,0,0,0,0,national
2025,CT,09130,Lower Connecticut River Valley,5493002GI63WHHUTUD85,,4,3,0,0.07,4,0,0,0,0,3,0,0,0,0,national
2025,CT,09130,Lower Connecticut River Valley,5493003V40VGM7YDFM54,FIRST COLONY MORTGAGE CORPORATION,4,3,1,0.07,4,0,0,0,0,3,0,0,0,0,national
2025,CT,09130,Lower Connecticut River Valley,54930048P8RWCQHQM310,,4,3,0,0.07,4,0,0,0,0,3,0,0,0,0,national
2025,CT,09130,Lower Connecticut River Valley,5493004RLLKTQS8K7U51,,3,3,0,0.07,3,0,0,0,0,3,0,0,0,0,national
2025,CT,09130,Lower Connecticut River Valley,5493008P6YO2KM3EO556,,3,3,0,0.07,1,1,1,0,0,1,1,1,0,0,national
2025,CT,09130,Lower Connecticut River Valley,549300BX448ALT10FI43,The Federal Savings Bank,6,3,0,0.07,0,2,4,0,0,0,2,1,0,0,national
2025,CT,09130,Lower Connecticut River Valley,549300HRKD2IJSOPRA57,,3,3,0,0.07,3,0,0,0,0,3,0,0,0,0,national
2025,CT,09130,Lower Connecticut River Valley,549300INFJ8TYNZ1G568,,3,3,0,0.07,3,0,0,0,0,3,0,0,0,0,national
2025,CT,09130,Lower Connecticut River Valley,549300LI3FDGO7UKFF39,EAST COAST CAPITAL CORP.,5,3,0,0.07,4,1,0,0,0,2,1,0,0,0,national
2025,CT,09130,Lower Connecticut River Valley,549300LLKEKXL2RM1F61,CONTOUR MORTGAGE CORPORATION,3,3,0,0.07,3,0,0,0,0,3,0,0,0,0,national
2025,CT,09130,Lower Connecticut River Valley,549300N38Q5YKSSV1106,Bankesb,3,3,0,0.07,3,0,0,0,0,3,0,0,0,0,national
2025,CT,09130,Lower Connecticut River Valley,549300OTLWFQPOOSC346,BayCoast Bank,5,3,0,0.07,5,0,0,0,0,3,0,0,0,0,national
2025,CT,09130,Lower Connecticut River Valley,549300PBTV7FCWLSMM53,,4,3,0,0.07,0,3,1,0,0,0,2,1,0,0,national
2025,CT,09130,Lower Connecticut River Valley,549300RA3E0BUFO7YZ21,"Hometown Equity Mortgage, LLC",3,3,0,0.07,3,0,0,0,0,3,0,0,0,0,national
2025,CT,09130,Lower Connecticut River Valley,549300SK2GVCQXPD4S58,"SUN WEST MORTGAGE COMPANY, INC.",5,3,1,0.07,5,0,0,0,0,3,0,0,0,0,national
2025,CT,09130,Lower Connecticut River Valley,549300VCMRO4ST680C11,VILLAGE CAPITAL & INVESTMENT LLC,6,3,1,0.07,0,2,4,0,0,0,1,2,0,0,national
2025,CT,09130,Lower Connecticut River Valley,549300Y5Y88FQLI7VE83,DEEPHAVEN MORTGAGE LLC,7,3,4,0.07,7,0,0,0,0,3,0,0,0,0,national
2025,CT,09130,Lower Connecticut River Valley,549300YIBRM1ZYA6GT07,NAVIGANT CREDIT UNION,6,3,1,0.07,6,0,0,0,0,3,0,0,0,0,national
2025,CT,09130,Lower Connecticut River Valley,PAOOWF3GUFM46FBSP561,,13,3,2,0.07,7,5,1,0,0,3,0,0,0,0,national
2025,CT,09130,Lower Connecticut River Valley,213800QUAI2VH5YM6310,"EMBRACE HOME LOANS, INC.",2,2,0,0.05,2,0,0,0,0,2,0,0,0,0,national
2025,CT,09130,Lower Connecticut River Valley,254900IRE136HFEI2562,,2,2,0,0.05,2,0,0,0,0,2,0,0,0,0,national
2025,CT,09130,Lower Connecticut River Valley,254900LTD432L5CHIZ48,,2,2,0,0.05,2,0,0,0,0,2,0,0,0,0,national
2025,CT,09130,Lower Connecticut River Valley,254900NZOY3XB2DNSZ34,,2,2,0,0.05,2,0,0,0,0,2,0,0,0,0,national
2025,CT,09130,Lower Connecticut River Valley,254900TM81D0YC1B9584,,2,2,0,0.05,2,0,0,0,0,2,0,0,0,0,national
2025,CT,09130,Lower Connecticut River Valley,254900TYE85Q9OTQ5O38,,2,2,0,0.05,2,0,0,0,0,2,0,0,0,0,national
2025,CT,09130,Lower Connecticut River Valley,254900VE4XTOQUE8NZ77,,5,2,1,0.05,5,0,0,0,0,2,0,0,0,0,national
2025,CT,09130,Lower Connecticut River Valley,2WHM8VNJH63UN14OL754,The Huntington National Bank,3,2,1,0.05,3,0,0,0,0,2,0,0,0,0,national
2025,CT,09130,Lower Connecticut River Valley,549300217ZPIHWEYT887,,2,2,0,0.05,2,0,0,0,0,2,0,0,0,0,national
2025,CT,09130,Lower Connecticut River Valley,5493002N5168AC238149,"OceanFirst Bank, National Association",3,2,0,0.05,3,0,0,0,0,2,0,0,0,0,national
2025,CT,09130,Lower Connecticut River Valley,5493005DKMV1IHIM8E20,"Wilmington Savings Fund Society, FSB",2,2,0,0.05,2,0,0,0,0,2,0,0,0,0,national
2025,CT,09130,Lower Connecticut River Valley,5493008NWHQT1R22C024,"AMERICAN FINANCIAL NETWORK, INC.",3,2,0,0.05,0,2,1,0,0,0,2,0,0,0,national
2025,CT,09130,Lower Connecticut River Valley,5493009BOQDC6PCFR785,"NBT Bank, National Association",2,2,0,0.05,2,0,0,0,0,2,0,0,0,0,national
2025,CT,09130,Lower Connecticut River Valley,549300EFCZM6KD6B8K69,MORTGAGE ACCESS CORP.,2,2,0,0.05,2,0,0,0,0,2,0,0,0,0,national
2025,CT,09130,Lower Connecticut River Valley,549300FW5QWKDV0UY394,,2,2,0,0.05,2,0,0,0,0,2,0,0,0,0,national
2025,CT,09130,Lower Connecticut River Valley,549300JPGMCMBEJEK584,FIRST TECHNOLOGY,6,2,2,0.05,6,0,0,0,0,2,0,0,0,0,national
2025,CT,09130,Lower Connecticut River Valley,549300O6Z0I6KYMESL47,AMWEST FUNDING CORP.,2,2,0,0.05,2,0,0,0,0,2,0,0,0,0,national
2025,CT,09130,Lower Connecticut River Valley,549300PL8ER6H23P0Z91,,2,2,0,0.05,2,0,0,0,0,2,0,0,0,0,national
2025,CT,09130,Lower Connecticut River Valley,549300Q50XCC0473FG63,,5,2,2,0.05,5,0,0,0,0,2,0,0,0,0,national
2025,CT,09130,Lower Connecticut River Valley,549300RN01LBYR8ZVX74,"LOWER, LLC",5,2,1,0.05,1,4,0,0,0,1,1,0,0,0,national
2025,CT,09130,Lower Connecticut River Valley,549300RYTR2RVL4SFJ90,,3,2,0,0.05,3,0,0,0,0,2,0,0,0,0,national
2025,CT,09130,Lower Connecticut River Valley,549300RYWXR8TL5LIK35,,2,2,0,0.05,1,1,0,0,0,1,1,0,0,0,national
2025,CT,09130,Lower Connecticut River Valley,549300T7RPUYDIE5FH39,,3,2,0,0.05,3,0,0,0,0,2,0,0,0,0,national
2025,CT,09130,Lower Connecticut River Valley,549300T94GSH3C4U5M59,ALLIANT CREDIT UNION,10,2,3,0.05,10,0,0,0,0,2,0,0,0,0,national
2025,CT,09130,Lower Connecticut River Valley,549300VORTI31GZTJL53,"CARDINAL FINANCIAL COMPANY, LIMITED PARTNERSHIP",3,2,0,0.05,3,0,0,0,0,2,0,0,0,0,national
2025,CT,09130,Lower Connecticut River Valley,549300XTSMAC5DOX6447,,2,2,0,0.05,2,0,0,0,0,2,0,0,0,0,national
2025,CT,09130,Lower Connecticut River Valley,984500D092D1E2CYDB19,,2,2,0,0.05,2,0,0,0,0,2,0,0,0,0,national
2025,CT,09130,Lower Connecticut River Valley,213800XR2TCBQJSF1X93,,5,1,3,0.02,4,1,0,0,0,1,0,0,0,0,national
2025,CT,09130,Lower Connecticut River Valley,254900114YHTRFBALC74,,1,1,0,0.02,1,0,0,0,0,1,0,0,0,0,national
2025,CT,09130,Lower Connecticut River Valley,2549001JPW8TWJYMNE74,,1,1,0,0.02,1,0,0,0,0,1,0,0,0,0,national
2025,CT,09130,Lower Connecticut River Valley,2549005FUF02T1IFCA22,,1,1,0,0.02,1,0,0,0,0,1,0,0,0,0,national
2025,CT,09130,Lower Connecticut River Valley,2549007AU24FVDMNUB40,,7,1,5,0.02,7,0,0,0,0,1,0,0,0,0,national
2025,CT,09130,Lower Connecticut River Valley,2549008X67CV1MNM7747,,1,1,0,0.02,0,1,0,0,0,0,1,0,0,0,national
2025,CT,09130,Lower Connecticut River Valley,254900FMBXF85WQYV433,,1,1,0,0.02,1,0,0,0,0,1,0,0,0,0,national
2025,CT,09130,Lower Connecticut River Valley,254900O2K17TNH5CL873,"RF RENOVO MANAGEMENT COMPANY, LLC",1,1,0,0.02,1,0,0,0,0,1,0,0,0,0,national
2025,CT,09130,Lower Connecticut River Valley,254900P7WLDQD9IUL038,Service Federal Credit Union,1,1,0,0.02,1,0,0,0,0,1,0,0,0,0,national
2025,CT,09130,Lower Connecticut River Valley,254900TG14TB8RKS3U42,,2,1,1,0.02,2,0,0,0,0,1,0,0,0,0,national
2025,CT,09130,Lower Connecticut River Valley,254900U1OBL1MC6M6518,,2,1,0,0.02,2,0,0,0,0,1,0,0,0,0,national
2025,CT,09130,Lower Connecticut River Valley,254900WEP08K7U7S3A80,,2,1,1,0.02,2,0,0,0,0,1,0,0,0,0,national
2025,CT,09130,Lower Connecticut River Valley,254900WTZC5SSKIN2M11,,1,1,0,0.02,1,0,0,0,0,1,0,0,0,0,national
2025,CT,09130,Lower Connecticut River Valley,5493001BJFQ0EM41N379,,1,1,0,0.02,1,0,0,0,0,1,0,0,0,0,national
2025,CT,09130,Lower Connecticut River Valley,5493001X0T84TYRJ5Y59,,1,1,0,0.02,1,0,0,0,0,1,0,0,0,0,national
2025,CT,09130,Lower Connecticut River Valley,5493001XKL0FTNOJ0866,,1,1,0,0.02,0,1,0,0,0,0,1,0,0,0,national
2025,CT,09130,Lower Connecticut River Valley,54930021WPEXNHYZUL09,"PLANET HOME LENDING, LLC",1,1,0,0.02,0,0,1,0,0,0,0,1,0,0,national
2025,CT,09130,Lower Connecticut River Valley,54930023C70YMJJDRL61,,1,1,0,0.02,1,0,0,0,0,1,0,0,0,0,national
2025,CT,09130,Lower Connecticut River Valley,54930025XJJO3T0M1A92,,1,1,0,0.02,1,0,0,0,0,1,0,0,0,0,national
2025,CT,09130,Lower Connecticut River Valley,5493002WVA17MT4UFH84,,2,1,1,0.02,2,0,0,0,0,1,0,0,0,0,national
2025,CT,09130,Lower Connecticut River Valley,5493002Y5XYV7DV1ZV88,"GOLD STAR MORTGAGE FINANCIAL GROUP, CORPORATION",2,1,0,0.02,1,1,0,0,0,0,1,0,0,0,national
2025,CT,09130,Lower Connecticut River Valley,5493003B2LEGQHDWRN55,HANSCOM,1,1,0,0.02,1,0,0,0,0,1,0,0,0,0,national
2025,CT,09130,Lower Connecticut River Valley,5493003X6Y6JGJKHPA25,,1,1,0,0.02,0,1,0,0,0,0,1,0,0,0,national
2025,CT,09130,Lower Connecticut River Valley,54930049L5WINET09Q97,"CLICK N' CLOSE, INC.",1,1,0,0.02,1,0,0,0,0,1,0,0,0,0,national
2025,CT,09130,Lower Connecticut River Valley,5493004R423PBPM6A173,,1,1,0,0.02,0,1,0,0,0,0,1,0,0,0,national
2025,CT,09130,Lower Connecticut River Valley,54930059GZZ7G4G40O53,,1,1,0,0.02,1,0,0,0,0,1,0,0,0,0,national
2025,CT,09130,Lower Connecticut River Valley,5493005JPZ3LXXMB0S24,"Carrington Mortgage Services, LLC",1,1,0,0.02,1,0,0,0,0,1,0,0,0,0,national
2025,CT,09130,Lower Connecticut River Valley,5493005PD34O8ZT7QT17,,1,1,0,0.02,1,0,0,0,0,1,0,0,0,0,national
2025,CT,09130,Lower Connecticut River Valley,54930072OCHTUJOZQB56,,1,1,0,0.02,1,0,0,0,0,1,0,0,0,0,national
2025,CT,09130,Lower Connecticut River Valley,5493007H0KZ81N1H6352,,1,1,0,0.02,1,0,0,0,0,1,0,0,0,0,national
2025,CT,09130,Lower Connecticut River Valley,5493007L3DI2JM8OHN91,,1,1,0,0.02,1,0,0,0,0,1,0,0,0,0,national
2025,CT,09130,Lower Connecticut River Valley,54930080168VA6Z8UX21,,1,1,0,0.02,1,0,0,0,0,1,0,0,0,0,national
2025,CT,09130,Lower Connecticut River Valley,54930085BPQMVH9JFX69,HUDSON VALLEY CREDIT UNION,2,1,1,0.02,2,0,0,0,0,1,0,0,0,0,national
2025,CT,09130,Lower Connecticut River Valley,5493008PQSMR41Y70C36,,1,1,0,0.02,1,0,0,0,0,1,0,0,0,0,national
2025,CT,09130,Lower Connecticut River Valley,54930095UWUUXAWASB02,,1,1,0,0.02,1,0,0,0,0,1,0,0,0,0,national
2025,CT,09130,Lower Connecticut River Valley,5493009Y8ROUG903AQ21,,1,1,0,0.02,1,0,0,0,0,1,0,0,0,0,national
2025,CT,09130,Lower Connecticut River Valley,549300ALNLUNS3Y53T24,,10,1,5,0.02,4,6,0,0,0,1,0,0,0,0,national
2025,CT,09130,Lower Connecticut River Valley,549300AQ3T62GXDU7D76,Ally Bank,4,1,0,0.02,3,0,1,0,0,1,0,0,0,0,national
2025,CT,09130,Lower Connecticut River Valley,549300BHPLBG0CXKTL06,,1,1,0,0.02,1,0,0,0,0,1,0,0,0,0,national
2025,CT,09130,Lower Connecticut River Valley,549300BUIG4G67S5O712,,3,1,0,0.02,3,0,0,0,0,1,0,0,0,0,national
2025,CT,09130,Lower Connecticut River Valley,549300D4ZYLSQ5LMTV35,ABSOLUTE HOME MORTGAGE CORPORATION,2,1,0,0.02,1,1,0,0,0,1,0,0,0,0,national
2025,CT,09130,Lower Connecticut River Valley,549300DAUXQ2DCY4H838,"HARBORONE MORTGAGE, LLC",1,1,0,0.02,1,0,0,0,0,1,0,0,0,0,national
2025,CT,09130,Lower Connecticut River Valley,549300EKFFG3BU8DNX74,NEXERA HOLDING LLC,2,1,0,0.02,2,0,0,0,0,1,0,0,0,0,national
2025,CT,09130,Lower Connecticut River Valley,549300F570XAWYN8Z237,,1,1,0,0.02,1,0,0,0,0,1,0,0,0,0,national
2025,CT,09130,Lower Connecticut River Valley,549300FQS3UXEAID1Q88,,1,1,0,0.02,1,0,0,0,0,1,0,0,0,0,national
2025,CT,09130,Lower Connecticut River Valley,549300H12E7AUMUHP294,,1,1,0,0.02,0,0,1,0,0,0,0,1,0,0,national
2025,CT,09130,Lower Connecticut River Valley,549300HMKAPEK7YMHY76,,1,1,0,0.02,1,0,0,0,0,1,0,0,0,0,national
2025,CT,09130,Lower Connecticut River Valley,549300HTMO7FGRKRLV06,"CLIFFCO, INC.",1,1,0,0.02,0,1,0,0,0,0,1,0,0,0,national
2025,CT,09130,Lower Connecticut River Valley,549300I1HK1BBZLKOB84,,1,1,0,0.02,1,0,0,0,0,1,0,0,0,0,national
2025,CT,09130,Lower Connecticut River Valley,549300ISCZS1R0CJMO47,,1,1,0,0.02,1,0,0,0,0,1,0,0,0,0,national
2025,CT,09130,Lower Connecticut River Valley,549300JZD4L02YZI3Z50,NJ LENDERS CORP.,1,1,0,0.02,1,0,0,0,0,1,0,0,0,0,national
2025,CT,09130,Lower Connecticut River Valley,549300KQHWNSVCE2MY88,,1,1,0,0.02,1,0,0,0,0,1,0,0,0,0,national
2025,CT,09130,Lower Connecticut River Valley,549300KT5OWPGQKWUN86,,2,1,0,0.02,1,0,1,0,0,1,0,0,0,0,national
2025,CT,09130,Lower Connecticut River Valley,549300KX4S1573HISS22,,1,1,0,0.02,1,0,0,0,0,1,0,0,0,0,national
2025,CT,09130,Lower Connecticut River Valley,549300L9MOPDT0NKE883,,1,1,0,0.02,1,0,0,0,0,1,0,0,0,0,national
2025,CT,09130,Lower Connecticut River Valley,549300LP0CV2MNC1GV68,,1,1,0,0.02,0,0,1,0,0,0,0,1,0,0,national
2025,CT,09130,Lower Connecticut River Valley,549300LZUXCJFE5ONM48,,2,1,0,0.02,0,2,0,0,0,0,1,0,0,0,national
2025,CT,09130,Lower Connecticut River Valley,549300MUTFJQGRZJH019,CENTRAL ONE FEDERAL CREDIT UNION,1,1,0,0.02,1,0,0,0,0,1,0,0,0,0,national
2025,CT,09130,Lower Connecticut River Valley,549300NWYTCEH9RSSW54,SUFFOLK,1,1,0,0.02,1,0,0,0,0,1,0,0,0,0,national
2025,CT,09130,Lower Connecticut River Valley,549300QY4UCP33T94N09,,4,1,0,0.02,4,0,0,0,0,1,0,0,0,0,national
2025,CT,09130,Lower Connecticut River Valley,549300R0SXC1JU7ZU290,,3,1,1,0.02,3,0,0,0,0,1,0,0,0,0,national
2025,CT,09130,Lower Connecticut River Valley,549300RD5IG88VPO6P22,,1,1,0,0.02,1,0,0,0,0,1,0,0,0,0,national
2025,CT,09130,Lower Connecticut River Valley,549300S347HTLHLOC775,,5,1,1,0.02,5,0,0,0,0,1,0,0,0,0,national
2025,CT,09130,Lower Connecticut River Valley,549300S5NLOTO329NX77,,2,1,0,0.02,2,0,0,0,0,1,0,0,0,0,national
2025,CT,09130,Lower Connecticut River Valley,549300SY0ZRUCS4CSY07,,1,1,0,0.02,1,0,0,0,0,1,0,0,0,0,national
2025,CT,09130,Lower Connecticut River Valley,549300SYR11CYON0JE74,"BAYCOAST MORTGAGE COMPANY, LLC",2,1,0,0.02,2,0,0,0,0,1,0,0,0,0,national
2025,CT,09130,Lower Connecticut River Valley,549300TCY9QY8BRDQJ12,,1,1,0,0.02,0,0,1,0,0,0,0,1,0,0,national
2025,CT,09130,Lower Connecticut River Valley,549300TMY3OACQC9U777,,1,1,0,0.02,1,0,0,0,0,1,0,0,0,0,national
2025,CT,09130,Lower Connecticut River Valley,549300TR6MWKSIOP3B72,Beacon Bank And Trust,1,1,0,0.02,1,0,0,0,0,1,0,0,0,0,national
2025,CT,09130,Lower Connecticut River Valley,549300W45D2J6BT4LX65,,1,1,0,0.02,1,0,0,0,0,1,0,0,0,0,national
2025,CT,09130,Lower Connecticut River Valley,549300Z7EP1HO5CH1C36,First Palmetto Bank,1,1,0,0.02,1,0,0,0,0,1,0,0,0,0,national
2025,CT,09130,Lower Connecticut River Valley,549300ZIXM1VUXPG4D03,,1,1,0,0.02,1,0,0,0,0,1,0,0,0,0,national
2025,CT,09130,Lower Connecticut River Valley,593C3GZG957YOJPS2Z63,,2,1,1,0.02,2,0,0,0,0,1,0,0,0,0,national
2025,CT,09130,Lower Connecticut River Valley,9845006YE04B346EC919,,2,1,0,0.02,0,1,1,0,0,0,0,1,0,0,national
2025,CT,09130,Lower Connecticut River Valley,984500CD6F0743B8F530,,1,1,0,0.02,0,0,1,0,0,0,0,1,0,0,national
2025,CT,09130,Lower Connecticut River Valley,984500F6E6940CCB6A60,,4,1,1,0.02,4,0,0,0,0,1,0,0,0,0,national
2025,CT,09130,Lower Connecticut River Valley,CKVBED0S4DMLKJJ5XH28,,2,1,0,0.02,2,0,0,0,0,1,0,0,0,0,national
2025,CT,09130,Lower Connecticut River Valley,COOWI3L2W9TPYR3WJX37,First Horizon Bank,1,1,0,0.02,1,0,0,0,0,1,0,0,0,0,national
2025,CT,09130,Lower Connecticut River Valley,JJKC32MCHWDI71265Z06,Truist Bank,1,1,0,0.02,1,0,0,0,0,1,0,0,0,0,national
2025,CT,09130,Lower Connecticut River Valley,SS1TRMSN6BRNMOREEV51,"Flagstar Bank, National Association",4,1,1,0.02,4,0,0,0,0,1,0,0,0,0,national
2025,CT,09130,Lower Connecticut River Valley,U9WBLC3ZT2VBJSNY2Y81,,1,1,0,0.02,1,0,0,0,0,1,0,0,0,0,national
2025,CT,09130,Lower Connecticut River Valley,ZXMJHJK466PBZTM5F379,,1,1,0,0.02,1,0,0,0,0,1,0,0,0,0,national
2025,CT,09130,Lower Connecticut River Valley,54930091JQKCU3Z6IP44,,8,0,0,0.0,8,0,0,0,0,0,0,0,0,0,national
2025,CT,09130,Lower Connecticut River Valley,549300CB67L6KPJLHE19,"TRIAD FINANCIAL SERVICES, INC.",14,0,10,0.0,14,0,0,0,0,0,0,0,0,0,national
2025,CT,09130,Lower Connecticut River Valley,549300SUCQ1358EGVE89,"NEW DAY FINANCIAL, LLC",20,0,4,0.0,0,0,20,0,0,0,0,0,0,0,national
2025,CT,09130,Lower Connecticut River Valley,549300XQVJ1XBNFA5536,21ST MORTGAGE CORPORATION,5,0,4,0.0,5,0,0,0,0,0,0,0,0,0,national
2025,CT,09140,Naugatuck Valley,549300FGXN1K3HLB1R50,"Rocket Mortgage, LLC",858,617,155,6.37,671,152,35,0,0,491,100,26,0,0,national
2025,CT,09140,Naugatuck Valley,549300VJQJVZKJBDWS17,"TOTAL MORTGAGE SERVICES, LLC",743,504,52,5.2,549,172,19,3,0,399,89,15,1,0,national
2025,CT,09140,Naugatuck Valley,549300HW662MN1WU8550,"United Wholesale Mortgage, LLC",568,399,86,4.12,308,206,54,0,0,236,120,43,0,0,national
2025,CT,09140,Naugatuck Valley,549300JBZ3MK7Z4FI764,,499,378,66,3.9,493,6,0,0,0,375,3,0,0,0,national
2025,CT,09140,Naugatuck Valley,5493006Z74IVZXJ0XO35,,536,345,113,3.56,536,0,0,0,0,345,0,0,0,0,national
2025,CT,09140,Naugatuck Valley,WV0OVGBTLUP1XIUJE722,"Webster Bank, National Association",594,324,116,3.35,594,0,0,0,0,324,0,0,0,0,national
2025,CT,09140,Naugatuck Valley,549300HYHFCULSUBAE54,FIRST WORLD MORTGAGE CORPORATION,378,322,13,3.33,307,66,5,0,0,264,54,4,0,0,national
2025,CT,09140,Naugatuck Valley,549300KWXO8FUM7L0E14,Liberty Bank,377,298,28,3.08,361,16,0,0,0,289,9,0,0,0,national
2025,CT,09140,Naugatuck Valley,549300GKFNPRWNS0GF29,"AmeriHome Mortgage Company, LLC",413,292,31,3.02,228,106,5,74,0,168,71,3,50,0,national
2025,CT,09140,Naugatuck Valley,WWB2V0FCW3A0EE3ZJN75,Manufacturers and Traders Trust Company,406,233,141,2.41,393,12,1,0,0,226,7,0,0,0,national
2025,CT,09140,Naugatuck Valley,5493004D0Z2WQR26VL57,,327,224,52,2.31,327,0,0,0,0,224,0,0,0,0,national
2025,CT,09140,Naugatuck Valley,549300VZVN841I2ILS84,Freedom Mortgage Corporation,322,206,25,2.13,236,80,6,0,0,151,50,5,0,0,national
2025,CT,09140,Naugatuck Valley,DRMSV1Q0EKMEXLAU1P80,"Citizens Bank, National Association",318,180,89,1.86,308,9,1,0,0,177,2,1,0,0,national
2025,CT,09140,Naugatuck Valley,549300F8C5JA44WNMI75,AMERICAN NEIGHBORHOOD MORTGAGE ACCEPTANCE COMPANY LLC,225,175,2,1.81,171,47,7,0,0,135,34,6,0,0,national
2025,CT,09140,Naugatuck Valley,B4TYDEB6GKMZO031MB27,"Guaranteed Rate, Inc.",448,166,166,1.71,447,1,0,0,0,166,0,0,0,0,national
2025,CT,09140,Naugatuck Valley,549300YFPHIE78XPP635,,239,161,13,1.66,229,9,1,0,0,157,4,0,0,0,national
2025,CT,09140,Naugatuck Valley,03D0JEWFDFUS0SEEKG89,"TD Bank, National Association",307,145,109,1.5,306,1,0,0,0,145,0,0,0,0,national
2025,CT,09140,Naugatuck Valley,549300AG64NHILB7ZP05,"PennyMac Loan Services, LLC",204,130,49,1.34,170,31,3,0,0,109,19,2,0,0,national
2025,CT,09140,Naugatuck Valley,549300FNXYY540N23N64,Newrez LLC,373,127,85,1.31,265,93,15,0,0,96,21,10,0,0,national
2025,CT,09140,Naugatuck Valley,549300LYRWPSYPK6S325,Guild Mortgage Company LLC,280,119,33,1.23,50,179,51,0,0,17,73,29,0,0,national
2025,CT,09140,Naugatuck Valley,549300U3721PJGQZYY68,Nationstar Mortgage LLC,199,118,12,1.22,164,32,3,0,0,99,17,2,0,0,national
2025,CT,09140,Naugatuck Valley,RVDPPPGHCGZ40J4VQ731,Fairway Independent Mortgage Corporation,239,115,36,1.19,114,100,25,0,0,67,35,13,0,0,national
2025,CT,09140,Naugatuck Valley,5493005PKOSG7MYX0B34,"Prosperity Home Mortgage, LLC",137,104,13,1.07,104,26,7,0,0,80,17,7,0,0,national
2025,CT,09140,Naugatuck Valley,549300DD4R4SYK5RAQ92,"Cardinal Financial Company, Limited Partnership",127,102,2,1.05,107,15,5,0,0,85,12,5,0,0,national
2025,CT,09140,Naugatuck Valley,549300TYBI78RNWPFB28,,135,100,17,1.03,135,0,0,0,0,100,0,0,0,0,national
2025,CT,09140,Naugatuck Valley,7H6GLXDRUGQFU57RNE97,"JPMorgan Chase Bank, National Association",146,94,17,0.97,133,9,4,0,0,85,6,3,0,0,national
2025,CT,09140,Naugatuck Valley,549300JYXTZDSPJEPI44,"PLAZA HOME MORTGAGE, INC.",109,83,13,0.86,76,29,3,1,0,58,21,3,1,0,national
2025,CT,09140,Naugatuck Valley,549300LBCBNR1OT00651,NATIONSTAR MORTGAGE LLC,117,78,19,0.81,101,15,1,0,0,71,6,1,0,0,national
2025,CT,09140,Naugatuck Valley,549300T5QSL6MC8M4D04,"NORWICH COMMERCIAL GROUP, INC.",155,76,26,0.78,115,36,3,1,0,63,11,2,0,0,national
2025,CT,09140,Naugatuck Valley,549300DD5QQUHO6PCH70,"Movement Mortgage, LLC",187,75,35,0.77,18,10,159,0,0,3,3,69,0,0,national
2025,CT,09140,Naugatuck Valley,549300E2UX99HKDBR481,"Broker Solutions, Inc.",249,72,34,0.74,113,130,6,0,0,42,27,3,0,0,national
2025,CT,09140,Naugatuck Valley,254900UL88QFG0E40516,FIGURE LENDING LLC,149,71,28,0.73,149,0,0,0,0,71,0,0,0,0,national
2025,CT,09140,Naugatuck Valley,1VUZZZCW0TWP6R7N3Z33,,105,70,15,0.72,105,0,0,0,0,70,0,0,0,0,national
2025,CT,09140,Naugatuck Valley,6BYL5QZYBDK8S7L73M02,U.S. Bank National Association,135,70,33,0.72,132,3,0,0,0,67,3,0,0,0,national
2025,CT,09140,Naugatuck Valley,5493009OLY1HC3F0SB77,,93,68,10,0.7,78,15,0,0,0,58,10,0,0,0,national
2025,CT,09140,Naugatuck Valley,254900RUCO27MVGTO768,LOAN FUNDER LLC,99,66,3,0.68,99,0,0,0,0,66,0,0,0,0,national
2025,CT,09140,Naugatuck Valley,549300121SF0K2LN2804,"PRIMELENDING, A PLAINSCAPITAL COMPANY",88,66,3,0.68,81,6,1,0,0,61,4,1,0,0,national
2025,CT,09140,Naugatuck Valley,549300RPOGWJRH63HS39,UNION HOME MORTGAGE CORP.,80,66,2,0.68,69,11,0,0,0,58,8,0,0,0,national
2025,CT,09140,Naugatuck Valley,984500U2F9A83N391A91,"CHAMPIONS FUNDING, LLC",89,66,11,0.68,89,0,0,0,0,66,0,0,0,0,national
2025,CT,09140,Naugatuck Valley,549300AQ3T62GXDU7D76,Ally Bank,90,64,4,0.66,61,24,5,0,0,43,18,3,0,0,national
2025,CT,09140,Naugatuck Valley,5493001BJFQ0EM41N379,,72,62,4,0.64,72,0,0,0,0,62,0,0,0,0,national
2025,CT,09140,Naugatuck Valley,5493003GQDUH26DNNH17,Navy Federal Credit Union,141,61,41,0.63,120,0,21,0,0,51,0,10,0,0,national
2025,CT,09140,Naugatuck Valley,549300GTVXJ2PGXNLM73,T2 FINANCIAL LLC,81,59,7,0.61,60,21,0,0,0,44,15,0,0,0,national
2025,CT,09140,Naugatuck Valley,549300YIQ7S7Z8PIHE53,AMERISAVE MORTGAGE CORPORATION,180,59,100,0.61,129,45,6,0,0,51,7,1,0,0,national
2025,CT,09140,Naugatuck Valley,549300PIL8LFAQ04XC20,Better Mortgage Corporation,181,58,85,0.6,181,0,0,0,0,58,0,0,0,0,national
2025,CT,09140,Naugatuck Valley,549300XUMML1SMLTVQ62,,117,58,51,0.6,117,0,0,0,0,58,0,0,0,0,national
2025,CT,09140,Naugatuck Valley,549300MCIFZSDHUT8X63,"NFM, INC.",68,57,2,0.59,49,17,2,0,0,41,14,2,0,0,national
2025,CT,09140,Naugatuck Valley,549300CA0J0Z7OFQBG71,,105,53,33,0.55,105,0,0,0,0,53,0,0,0,0,national
2025,CT,09140,Naugatuck Valley,2549001JPW8TWJYMNE74,,88,51,24,0.53,88,0,0,0,0,51,0,0,0,0,national
2025,CT,09140,Naugatuck Valley,549300MGPZBLQDIL7538,"PrimeLending, a PlainsCapital Company",71,48,4,0.5,57,14,0,0,0,41,7,0,0,0,national
2025,CT,09140,Naugatuck Valley,549300OPCWU6E72WUT29,"MUTUAL OF OMAHA MORTGAGE, INC.",94,47,23,0.49,28,61,5,0,0,14,32,1,0,0,national
2025,CT,09140,Naugatuck Valley,54930001NSTOD85LT125,"GUARANTEED RATE AFFINITY, LLC",78,45,7,0.46,66,9,3,0,0,39,3,3,0,0,national
2025,CT,09140,Naugatuck Valley,5493001WHVQBGRSWEU75,"HOMEBRIDGE FINANCIAL SERVICES, INC.",60,42,5,0.43,52,5,3,0,0,34,5,3,0,0,national
2025,CT,09140,Naugatuck Valley,549300R9S3MVDV4MGF56,"CARRINGTON MORTGAGE SERVICES, LLC",171,42,76,0.43,81,73,17,0,0,20,17,5,0,0,national
2025,CT,09140,Naugatuck Valley,KB1H1DSPRFMYMCUFXT09,"Wells Fargo Bank, National Association",91,42,22,0.43,87,4,0,0,0,41,1,0,0,0,national
2025,CT,09140,Naugatuck Valley,5493005PD34O8ZT7QT17,,45,40,2,0.41,45,0,0,0,0,40,0,0,0,0,national
2025,CT,09140,Naugatuck Valley,549300FW5QWKDV0UY394,,45,40,0,0.41,40,5,0,0,0,35,5,0,0,0,national
2025,CT,09140,Naugatuck Valley,549300MZ8VZJOVC63092,"KIND LENDING, LLC",63,38,19,0.39,42,20,1,0,0,26,11,1,0,0,national
2025,CT,09140,Naugatuck Valley,54930054ET8KM4O1D485,"SOFI BANK, NATIONAL ASSOCIATION",90,37,5,0.38,82,7,1,0,0,35,1,1,0,0,national
2025,CT,09140,Naugatuck Valley,5493005H3NABV4GMAG85,,63,32,18,0.33,63,0,0,0,0,32,0,0,0,0,national
2025,CT,09140,Naugatuck Valley,5493006VAGP3GQ8FJT49,"Kiavi Funding, Inc.",48,31,7,0.32,48,0,0,0,0,31,0,0,0,0,national
2025,CT,09140,Naugatuck Valley,54930043BMDE130FJ617,"PROVIDENT FUNDING ASSOCIATES, L.P.",39,29,1,0.3,39,0,0,0,0,29,0,0,0,0,national
2025,CT,09140,Naugatuck Valley,254900DTLHVWQ7NP7R34,"CMG Mortgage, Inc.",43,28,10,0.29,40,3,0,0,0,25,3,0,0,0,national
2025,CT,09140,Naugatuck Valley,254900ZFWS2106HWPH46,"PARAMOUNT RESIDENTIAL MORTGAGE GROUP, INC.",38,28,2,0.29,24,13,1,0,0,19,8,1,0,0,national
2025,CT,09140,Naugatuck Valley,54930002M4XN64FM7Z89,,46,27,12,0.28,46,0,0,0,0,27,0,0,0,0,national
2025,CT,09140,Naugatuck Valley,5493005HTCBH4TWCVM82,,38,26,1,0.27,37,1,0,0,0,26,0,0,0,0,national
2025,CT,09140,Naugatuck Valley,5493008XQDQ2YZPQKX53,,40,25,7,0.26,31,8,1,0,0,21,4,0,0,0,national
2025,CT,09140,Naugatuck Valley,549300XY701IELCE5Q08,BETTER MORTGAGE CORPORATION,91,25,29,0.26,72,19,0,0,0,22,3,0,0,0,national
2025,CT,09140,Naugatuck Valley,2549005SIVTHG14U2905,A&D Mortgage LLC,38,24,5,0.25,36,2,0,0,0,22,2,0,0,0,national
2025,CT,09140,Naugatuck Valley,549300T3F9S1MKFKHC53,HOMESTEAD FUNDING CORP.,27,24,0,0.25,25,2,0,0,0,22,2,0,0,0,national
2025,CT,09140,Naugatuck Valley,549300T9P3WXNMXX0I34,Ixonia Bank,36,24,2,0.25,27,7,2,0,0,18,5,1,0,0,national
2025,CT,09140,Naugatuck Valley,549300G2LV8W3C1G3762,,34,23,4,0.24,26,7,1,0,0,17,5,1,0,0,national
2025,CT,09140,Naugatuck Valley,549300HQL7U3JZ4LCJ17,,28,23,1,0.24,28,0,0,0,0,23,0,0,0,0,national
2025,CT,09140,Naugatuck Valley,549300PC4MFWQBNVKG88,,35,23,4,0.24,29,4,2,0,0,19,3,1,0,0,national
2025,CT,09140,Naugatuck Valley,5493001GCBD5XGNIC815,Coastal Community Bank,100,22,0,0.23,100,0,0,0,0,22,0,0,0,0,national
2025,CT,09140,Naugatuck Valley,549300RA3E0BUFO7YZ21,"Hometown Equity Mortgage, LLC",40,21,19,0.22,40,0,0,0,0,21,0,0,0,0,national
2025,CT,09140,Naugatuck Valley,254900WTZC5SSKIN2M11,,26,20,0,0.21,26,0,0,0,0,20,0,0,0,0,national
2025,CT,09140,Naugatuck Valley,5493003V40VGM7YDFM54,FIRST COLONY MORTGAGE CORPORATION,27,20,1,0.21,15,8,4,0,0,12,6,2,0,0,national
2025,CT,09140,Naugatuck Valley,254900E6AIE4Z8YQM970,Citadel Servicing Corporation,34,19,1,0.2,34,0,0,0,0,19,0,0,0,0,national
2025,CT,09140,Naugatuck Valley,549300ZPSJZO10ZAX556,"AMERICAN HERITAGE LENDING, LLC",36,19,0,0.2,36,0,0,0,0,19,0,0,0,0,national
2025,CT,09140,Naugatuck Valley,2549008X67CV1MNM7747,,22,18,2,0.19,17,5,0,0,0,14,4,0,0,0,national
2025,CT,09140,Naugatuck Valley,54930052M48FOD3CWA54,"PRIMARY RESIDENTIAL MORTGAGE, INC.",30,18,3,0.19,21,9,0,0,0,13,5,0,0,0,national
2025,CT,09140,Naugatuck Valley,5493008NWHQT1R22C024,"AMERICAN FINANCIAL NETWORK, INC.",26,18,1,0.19,14,12,0,0,0,11,7,0,0,0,national
2025,CT,09140,Naugatuck Valley,549300EMNDEK4BA8WB53,EMM LOANS LLC,28,18,2,0.19,17,8,3,0,0,11,5,2,0,0,national
2025,CT,09140,Naugatuck Valley,549300L0OVX5O63S8C68,WASHINGTON TRUST MORTGAGE COMPANY LLC,23,17,1,0.18,23,0,0,0,0,17,0,0,0,0,national
2025,CT,09140,Naugatuck Valley,549300NOCASXPA34X033,"LAKEVIEW LOAN SERVICING, LLC",77,17,46,0.18,33,39,5,0,0,8,7,2,0,0,national
2025,CT,09140,Naugatuck Valley,549300PQLK8E48ILXV41,,27,17,3,0.18,26,1,0,0,0,17,0,0,0,0,national
2025,CT,09140,Naugatuck Valley,549300T7RPUYDIE5FH39,,27,17,0,0.18,27,0,0,0,0,17,0,0,0,0,national
2025,CT,09140,Naugatuck Valley,X05BVSK68TQ7YTOSNR22,Discover Bank,121,17,70,0.18,121,0,0,0,0,17,0,0,0,0,national
2025,CT,09140,Naugatuck Valley,254900VE4XTOQUE8NZ77,,24,16,1,0.17,24,0,0,0,0,16,0,0,0,0,national
2025,CT,09140,Naugatuck Valley,254900W4EKVR6GZ0KS84,,21,16,1,0.17,21,0,0,0,0,16,0,0,0,0,national
2025,CT,09140,Naugatuck Valley,5493001GDRY0EL7VG372,"ARK-LA-TEX FINANCIAL SERVICES, LLC.",19,16,0,0.17,6,11,2,0,0,5,10,1,0,0,national
2025,CT,09140,Naugatuck Valley,5493005ICQ3QGEIWV618,UNITED MORTGAGE CORP.,19,16,0,0.17,13,6,0,0,0,10,6,0,0,0,national
2025,CT,09140,Naugatuck Valley,549300TA4MQM8WN2XG31,,21,16,0,0.17,21,0,0,0,0,16,0,0,0,0,national
2025,CT,09140,Naugatuck Valley,549300Y5Y88FQLI7VE83,DEEPHAVEN MORTGAGE LLC,18,16,2,0.17,18,0,0,0,0,16,0,0,0,0,national
2025,CT,09140,Naugatuck Valley,AD6GFRVSDT01YPT1CS68,"PNC Bank, National Association",43,16,19,0.17,43,0,0,0,0,16,0,0,0,0,national
2025,CT,09140,Naugatuck Valley,PAOOWF3GUFM46FBSP561,,29,16,4,0.17,18,10,1,0,0,11,4,1,0,0,national
2025,CT,09140,Naugatuck Valley,2549002VH9C0PKB8K153,,26,15,2,0.15,26,0,0,0,0,15,0,0,0,0,national
2025,CT,09140,Naugatuck Valley,549300R77W0P105C3S50,HOMEXPRESS MORTGAGE CORP.,28,15,12,0.15,28,0,0,0,0,15,0,0,0,0,national
2025,CT,09140,Naugatuck Valley,549300VQUTI5IU7GXT57,,25,15,5,0.15,18,7,0,0,0,11,4,0,0,0,national
2025,CT,09140,Naugatuck Valley,549300J7I82PNDVU8H22,"OCMBC, INC.",40,14,5,0.14,38,2,0,0,0,13,1,0,0,0,national
2025,CT,09140,Naugatuck Valley,549300YW2UBCMDRMBT48,,17,14,0,0.14,7,9,1,0,0,5,8,1,0,0,national
2025,CT,09140,Naugatuck Valley,2549008G9SP4WM32NN96,,19,13,1,0.13,12,7,0,0,0,6,7,0,0,0,national
2025,CT,09140,Naugatuck Valley,5493008CPTDVOS570626,"Primary Residential Mortgage, Inc.",32,13,18,0.13,32,0,0,0,0,13,0,0,0,0,national
2025,CT,09140,Naugatuck Valley,549300GE8KIGZVQV1223,,14,13,0,0.13,13,1,0,0,0,12,1,0,0,0,national
2025,CT,09140,Naugatuck Valley,549300O6Z0I6KYMESL47,AMWEST FUNDING CORP.,16,12,1,0.12,16,0,0,0,0,12,0,0,0,0,national
2025,CT,09140,Naugatuck Valley,549300XWUSRVVOHPRY47,Academy Mortgage Corporation,17,12,1,0.12,10,7,0,0,0,6,6,0,0,0,national
2025,CT,09140,Naugatuck Valley,98450057741D3B36B015,,16,12,3,0.12,16,0,0,0,0,12,0,0,0,0,national
2025,CT,09140,Naugatuck Valley,54930021WPEXNHYZUL09,"PLANET HOME LENDING, LLC",17,11,5,0.11,5,12,0,0,0,3,8,0,0,0,national
2025,CT,09140,Naugatuck Valley,54930048P8RWCQHQM310,,14,11,1,0.11,14,0,0,0,0,11,0,0,0,0,national
2025,CT,09140,Naugatuck Valley,5493004AS1SPBQOFDR49,"Change Lending, LLC",16,11,1,0.11,16,0,0,0,0,11,0,0,0,0,national
2025,CT,09140,Naugatuck Valley,54930055Z5ZI5MLNR750,,16,11,4,0.11,16,0,0,0,0,11,0,0,0,0,national
2025,CT,09140,Naugatuck Valley,549300A5HHOL2ED18C72,,16,11,0,0.11,9,7,0,0,0,4,7,0,0,0,national
2025,CT,09140,Naugatuck Valley,549300YN94MOAVYW0F52,"GoodLeap, LLC",21,11,4,0.11,15,5,1,0,0,10,1,0,0,0,national
2025,CT,09140,Naugatuck Valley,213800XR2TCBQJSF1X93,,13,10,1,0.1,11,0,2,0,0,8,0,2,0,0,national
2025,CT,09140,Naugatuck Valley,254900CTT87ZKAUTIJ37,,12,10,0,0.1,12,0,0,0,0,10,0,0,0,0,national
2025,CT,09140,Naugatuck Valley,54930023C70YMJJDRL61,,14,10,1,0.1,14,0,0,0,0,10,0,0,0,0,national
2025,CT,09140,Naugatuck Valley,549300BX448ALT10FI43,The Federal Savings Bank,36,10,4,0.1,2,11,23,0,0,2,3,5,0,0,national
2025,CT,09140,Naugatuck Valley,549300VCMRO4ST680C11,VILLAGE CAPITAL & INVESTMENT LLC,42,10,17,0.1,0,25,17,0,0,0,5,5,0,0,national
2025,CT,09140,Naugatuck Valley,984500F6E6940CCB6A60,,11,10,0,0.1,11,0,0,0,0,10,0,0,0,0,national
2025,CT,09140,Naugatuck Valley,2549004Z576VEJBK3N72,"NQM FUNDING, LLC",10,9,1,0.09,10,0,0,0,0,9,0,0,0,0,national
2025,CT,09140,Naugatuck Valley,254900HEJ9F73IMPX887,,17,9,0,0.09,17,0,0,0,0,9,0,0,0,0,national
2025,CT,09140,Naugatuck Valley,5493008P6YO2KM3EO556,,9,9,0,0.09,8,1,0,0,0,8,1,0,0,0,national
2025,CT,09140,Naugatuck Valley,549300CLRXFVF83ZL806,"NATIONWIDE MORTGAGE BANKERS, INC.",17,9,1,0.09,11,5,1,0,0,5,3,1,0,0,national
2025,CT,09140,Naugatuck Valley,549300FK3AFCFVAPH234,"Leader Bank, National Association",10,9,0,0.09,10,0,0,0,0,9,0,0,0,0,national
2025,CT,09140,Naugatuck Valley,549300H68PK1CZUVUQ73,,10,9,1,0.09,10,0,0,0,0,9,0,0,0,0,national
2025,CT,09140,Naugatuck Valley,549300IYKILIU506KA05,PeoplesBank,9,9,0,0.09,9,0,0,0,0,9,0,0,0,0,national
2025,CT,09140,Naugatuck Valley,549300RN01LBYR8ZVX74,"LOWER, LLC",28,9,2,0.09,12,15,1,0,0,6,3,0,0,0,national
2025,CT,09140,Naugatuck Valley,549300SUCQ1358EGVE89,"NEW DAY FINANCIAL, LLC",45,9,10,0.09,0,4,41,0,0,0,0,9,0,0,national
2025,CT,09140,Naugatuck Valley,549300UR5AOWTJJ7KZ64,,14,9,0,0.09,14,0,0,0,0,9,0,0,0,0,national
2025,CT,09140,Naugatuck Valley,C398JSK21YCXWM603F55,,14,9,2,0.09,2,4,8,0,0,0,3,6,0,0,national
2025,CT,09140,Naugatuck Valley,SS1TRMSN6BRNMOREEV51,"Flagstar Bank, National Association",23,9,9,0.09,16,6,1,0,0,5,3,1,0,0,national
2025,CT,09140,Naugatuck Valley,2549001NJY765EZWDI06,,11,8,1,0.08,3,8,0,0,0,2,6,0,0,0,national
2025,CT,09140,Naugatuck Valley,254900ACUWEGW702BR80,"FM Home Loans, LLC",11,8,0,0.08,11,0,0,0,0,8,0,0,0,0,national
2025,CT,09140,Naugatuck Valley,5493002Y5XYV7DV1ZV88,"GOLD STAR MORTGAGE FINANCIAL GROUP, CORPORATION",11,8,0,0.08,3,8,0,0,0,2,6,0,0,0,national
2025,CT,09140,Naugatuck Valley,5493003X6Y6JGJKHPA25,,14,8,2,0.08,9,5,0,0,0,6,2,0,0,0,national
2025,CT,09140,Naugatuck Valley,549300FX7K8PTEQUU487,PENTAGON FEDERAL CREDIT UNION,26,8,13,0.08,25,0,1,0,0,8,0,0,0,0,national
2025,CT,09140,Naugatuck Valley,549300LI3FDGO7UKFF39,EAST COAST CAPITAL CORP.,12,8,1,0.08,9,3,0,0,0,6,2,0,0,0,national
2025,CT,09140,Naugatuck Valley,549300VORTI31GZTJL53,"CARDINAL FINANCIAL COMPANY, LIMITED PARTNERSHIP",8,8,0,0.08,4,4,0,0,0,4,4,0,0,0,national
2025,CT,09140,Naugatuck Valley,HUX2X73FUCYHUVH1BK78,KeyBank National Association,12,8,2,0.08,11,1,0,0,0,7,1,0,0,0,national
2025,CT,09140,Naugatuck Valley,254900C1CRYSCHG38F20,,13,7,4,0.07,13,0,0,0,0,7,0,0,0,0,national
2025,CT,09140,Naugatuck Valley,254900QY5ST0J7P6M123,,7,7,0,0.07,7,0,0,0,0,7,0,0,0,0,national
2025,CT,09140,Naugatuck Valley,5493000GQWJTTR0TEH83,,10,7,0,0.07,10,0,0,0,0,7,0,0,0,0,national
2025,CT,09140,Naugatuck Valley,5493002GI63WHHUTUD85,,7,7,0,0.07,2,5,0,0,0,2,5,0,0,0,national
2025,CT,09140,Naugatuck Valley,549300370QILXLFUWD20,"ZILLOW HOME LOANS, LLC",13,7,0,0.07,10,3,0,0,0,6,1,0,0,0,national
2025,CT,09140,Naugatuck Valley,5493006IZV5N1QXJNG33,,8,7,0,0.07,8,0,0,0,0,7,0,0,0,0,national
2025,CT,09140,Naugatuck Valley,54930085BPQMVH9JFX69,HUDSON VALLEY CREDIT UNION,12,7,4,0.07,12,0,0,0,0,7,0,0,0,0,national
2025,CT,09140,Naugatuck Valley,549300JI0UWY4QIWDV89,"NORTHPOINT MORTGAGE, INC.",12,7,0,0.07,10,2,0,0,0,6,1,0,0,0,national
2025,CT,09140,Naugatuck Valley,549300K4ZLGS7SRDTL86,Equity Prime Mortgage LLC,27,7,5,0.07,2,21,4,0,0,0,5,2,0,0,national
2025,CT,09140,Naugatuck Valley,549300RD5IG88VPO6P22,,9,7,0,0.07,9,0,0,0,0,7,0,0,0,0,national
2025,CT,09140,Naugatuck Valley,549300W45D2J6BT4LX65,,7,7,0,0.07,7,0,0,0,0,7,0,0,0,0,national
2025,CT,09140,Naugatuck Valley,E57ODZWZ7FF32TWEFA76,"Citibank, National Association",34,7,8,0.07,32,1,1,0,0,6,0,1,0,0,national
2025,CT,09140,Naugatuck Valley,2549004XJQQPBYQSMT39,,12,6,2,0.06,12,0,0,0,0,6,0,0,0,0,national
2025,CT,09140,Naugatuck Valley,2549006T9J2DMLJVRS64,Municipal Credit Union,20,6,9,0.06,20,0,0,0,0,6,0,0,0,0,national
2025,CT,09140,Naugatuck Valley,254900BBWJ82FQDQ6823,,8,6,1,0.06,8,0,0,0,0,6,0,0,0,0,national
2025,CT,09140,Naugatuck Valley,254900O2K17TNH5CL873,"RF RENOVO MANAGEMENT COMPANY, LLC",11,6,0,0.06,11,0,0,0,0,6,0,0,0,0,national
2025,CT,09140,Naugatuck Valley,254900TM81D0YC1B9584,,6,6,0,0.06,6,0,0,0,0,6,0,0,0,0,national
2025,CT,09140,Naugatuck Valley,54930030Z1JWTP3SVD16,,12,6,1,0.06,2,9,1,0,0,1,4,1,0,0,national
2025,CT,09140,Naugatuck Valley,5493009BOQDC6PCFR785,"NBT Bank, National Association",9,6,3,0.06,9,0,0,0,0,6,0,0,0,0,national
2025,CT,09140,Naugatuck Valley,549300EKFFG3BU8DNX74,NEXERA HOLDING LLC,12,6,1,0.06,12,0,0,0,0,6,0,0,0,0,national
2025,CT,09140,Naugatuck Valley,549300FVD3YHE65PKH97,,8,6,0,0.06,4,4,0,0,0,3,3,0,0,0,national
2025,CT,09140,Naugatuck Valley,549300HQW3FSOL75WC88,,7,6,0,0.06,7,0,0,0,0,6,0,0,0,0,national
2025,CT,09140,Naugatuck Valley,549300LLKEKXL2RM1F61,CONTOUR MORTGAGE CORPORATION,8,6,1,0.06,5,3,0,0,0,5,1,0,0,0,national
2025,CT,09140,Naugatuck Valley,549300LROQOOQU77WS20,,14,6,2,0.06,13,1,0,0,0,6,0,0,0,0,national
2025,CT,09140,Naugatuck Valley,549300MHH03ICJYEPE85,,9,6,3,0.06,1,8,0,0,0,0,6,0,0,0,national
2025,CT,09140,Naugatuck Valley,549300Q50XCC0473FG63,,21,6,11,0.06,21,0,0,0,0,6,0,0,0,0,national
2025,CT,09140,Naugatuck Valley,549300RYWXR8TL5LIK35,,12,6,3,0.06,7,5,0,0,0,4,2,0,0,0,national
2025,CT,09140,Naugatuck Valley,549300S5YL3OH0IVCS62,FINANCE OF AMERICA REVERSE LLC,13,6,3,0.06,2,11,0,0,0,0,6,0,0,0,national
2025,CT,09140,Naugatuck Valley,549300TCY9QY8BRDQJ12,,11,6,2,0.06,5,5,1,0,0,3,3,0,0,0,national
2025,CT,09140,Naugatuck Valley,254900NZOY3XB2DNSZ34,,6,5,1,0.05,6,0,0,0,0,5,0,0,0,0,national
2025,CT,09140,Naugatuck Valley,2WHM8VNJH63UN14OL754,The Huntington National Bank,7,5,2,0.05,7,0,0,0,0,5,0,0,0,0,national
2025,CT,09140,Naugatuck Valley,5493003XFPPSO0JVIB33,,9,5,3,0.05,9,0,0,0,0,5,0,0,0,0,national
2025,CT,09140,Naugatuck Valley,549300J6N77Q8OHYNF23,,7,5,0,0.05,6,1,0,0,0,5,0,0,0,0,national
2025,CT,09140,Naugatuck Valley,549300KWKWPEKL40WD44,,6,5,0,0.05,5,1,0,0,0,4,1,0,0,0,national
2025,CT,09140,Naugatuck Valley,549300LZUXCJFE5ONM48,,5,5,0,0.05,0,5,0,0,0,0,5,0,0,0,national
2025,CT,09140,Naugatuck Valley,549300MKO88C3VZKD418,,6,5,0,0.05,6,0,0,0,0,5,0,0,0,0,national
2025,CT,09140,Naugatuck Valley,549300QVGK8WC4HQ3C28,,9,5,2,0.05,5,4,0,0,0,4,1,0,0,0,national
2025,CT,09140,Naugatuck Valley,549300REENMLD2RN3W58,,6,5,0,0.05,3,3,0,0,0,3,2,0,0,0,national
2025,CT,09140,Naugatuck Valley,549300SK2GVCQXPD4S58,"SUN WEST MORTGAGE COMPANY, INC.",8,5,2,0.05,1,5,2,0,0,1,3,1,0,0,national
2025,CT,09140,Naugatuck Valley,549300T94GSH3C4U5M59,ALLIANT CREDIT UNION,7,5,1,0.05,7,0,0,0,0,5,0,0,0,0,national
2025,CT,09140,Naugatuck Valley,549300XCVBRR56D08F03,,32,5,0,0.05,24,8,0,0,0,4,1,0,0,0,national
2025,CT,09140,Naugatuck Valley,C5654JQHZUHN0772B561,USAA Federal Savings Bank,19,5,6,0.05,7,0,12,0,0,2,0,3,0,0,national
2025,CT,09140,Naugatuck Valley,254900F9ZTVTX763V835,"Advisors Mortgage Group, L.L.C.",4,4,0,0.04,1,3,0,0,0,1,3,0,0,0,national
2025,CT,09140,Naugatuck Valley,254900O86JRT86YLQO47,,6,4,1,0.04,6,0,0,0,0,4,0,0,0,0,national
2025,CT,09140,Naugatuck Valley,5493000349C5XXDRQX28,,5,4,0,0.04,5,0,0,0,0,4,0,0,0,0,national
2025,CT,09140,Naugatuck Valley,54930078TNN7GKZ7NU89,,5,4,0,0.04,4,0,1,0,0,3,0,1,0,0,national
2025,CT,09140,Naugatuck Valley,549300CB67L6KPJLHE19,"TRIAD FINANCIAL SERVICES, INC.",18,4,4,0.04,18,0,0,0,0,4,0,0,0,0,national
2025,CT,09140,Naugatuck Valley,549300GS0W0TEUQS8571,"Morgan Stanley Private Bank, National Association",5,4,0,0.04,5,0,0,0,0,4,0,0,0,0,national
2025,CT,09140,Naugatuck Valley,549300HTMO7FGRKRLV06,"CLIFFCO, INC.",8,4,1,0.04,6,2,0,0,0,3,1,0,0,0,national
2025,CT,09140,Naugatuck Valley,549300JPGMCMBEJEK584,FIRST TECHNOLOGY,7,4,1,0.04,7,0,0,0,0,4,0,0,0,0,national
2025,CT,09140,Naugatuck Valley,549300KSOOZZVXCMA627,ANGEL OAK MORTGAGE SOLUTIONS LLC,5,4,1,0.04,5,0,0,0,0,4,0,0,0,0,national
2025,CT,09140,Naugatuck Valley,549300KTR1JGH3K6LU06,FOURLEAF,19,4,13,0.04,19,0,0,0,0,4,0,0,0,0,national
2025,CT,09140,Naugatuck Valley,549300M6EHOPLD2SFD66,,6,4,2,0.04,6,0,0,0,0,4,0,0,0,0,national
2025,CT,09140,Naugatuck Valley,549300WHVRE44NRBU558,,7,4,2,0.04,5,2,0,0,0,3,1,0,0,0,national
2025,CT,09140,Naugatuck Valley,549300ZOBXG0DT4I6U54,,6,4,0,0.04,2,4,0,0,0,1,3,0,0,0,national
2025,CT,09140,Naugatuck Valley,549300ZOKUKS0Z7C3X31,,6,4,2,0.04,6,0,0,0,0,4,0,0,0,0,national
2025,CT,09140,Naugatuck Valley,98450087981AP406JG03,,7,4,0,0.04,7,0,0,0,0,4,0,0,0,0,national
2025,CT,09140,Naugatuck Valley,CKVBED0S4DMLKJJ5XH28,,5,4,0,0.04,5,0,0,0,0,4,0,0,0,0,national
2025,CT,09140,Naugatuck Valley,254900114YHTRFBALC74,,3,3,0,0.03,3,0,0,0,0,3,0,0,0,0,national
2025,CT,09140,Naugatuck Valley,254900HA4DQWAE0W3342,"AMERIHOME MORTGAGE COMPANY, LLC",8,3,2,0.03,3,5,0,0,0,2,1,0,0,0,national
2025,CT,09140,Naugatuck Valley,254900HJA1Y85EJCGB90,,4,3,0,0.03,4,0,0,0,0,3,0,0,0,0,national
2025,CT,09140,Naugatuck Valley,254900TG14TB8RKS3U42,,8,3,0,0.03,7,1,0,0,0,3,0,0,0,0,national
2025,CT,09140,Naugatuck Valley,254900V6GCDMRQZ34D96,,3,3,0,0.03,3,0,0,0,0,3,0,0,0,0,national
2025,CT,09140,Naugatuck Valley,5493009B17HXCVXTD608,"JMAC LENDING, INC.",3,3,0,0.03,1,1,1,0,0,1,1,1,0,0,national
2025,CT,09140,Naugatuck Valley,549300ALNLUNS3Y53T24,,29,3,7,0.03,15,14,0,0,0,2,1,0,0,0,national
2025,CT,09140,Naugatuck Valley,549300ASFUWYQO0RW077,,3,3,0,0.03,3,0,0,0,0,3,0,0,0,0,national
2025,CT,09140,Naugatuck Valley,549300BLL6VL7AXWYP56,,10,3,1,0.03,3,7,0,0,0,1,2,0,0,0,national
2025,CT,09140,Naugatuck Valley,549300DRZGISDSL1BX02,,7,3,1,0.03,7,0,0,0,0,3,0,0,0,0,national
2025,CT,09140,Naugatuck Valley,549300E4YLQ3BVQ4GW30,,4,3,0,0.03,4,0,0,0,0,3,0,0,0,0,national
2025,CT,09140,Naugatuck Valley,549300HKYBSATM44Q425,"The Washington Trust Company, of Westerly",12,3,7,0.03,11,1,0,0,0,2,1,0,0,0,national
2025,CT,09140,Naugatuck Valley,549300HRKD2IJSOPRA57,,3,3,0,0.03,3,0,0,0,0,3,0,0,0,0,national
2025,CT,09140,Naugatuck Valley,549300HRLROF7PLJ6735,CLEAREDGE LENDING LLC,6,3,1,0.03,6,0,0,0,0,3,0,0,0,0,national
2025,CT,09140,Naugatuck Valley,549300IRXW9RSZM2B951,,4,3,0,0.03,3,0,0,1,0,2,0,0,1,0,national
2025,CT,09140,Naugatuck Valley,549300PL267CW8182203,,6,3,0,0.03,1,5,0,0,0,0,3,0,0,0,national
2025,CT,09140,Naugatuck Valley,549300Q6YL1SFVPEGV90,,5,3,0,0.03,0,3,2,0,0,0,1,2,0,0,national
2025,CT,09140,Naugatuck Valley,549300RUKY2I2HQ2AI44,,3,3,0,0.03,3,0,0,0,0,3,0,0,0,0,national
2025,CT,09140,Naugatuck Valley,549300SYR11CYON0JE74,"BAYCOAST MORTGAGE COMPANY, LLC",4,3,1,0.03,3,1,0,0,0,2,1,0,0,0,national
2025,CT,09140,Naugatuck Valley,549300UXY7OP0IC38293,,6,3,0,0.03,6,0,0,0,0,3,0,0,0,0,national
2025,CT,09140,Naugatuck Valley,549300VGMMXKSX821O69,,6,3,0,0.03,5,1,0,0,0,2,1,0,0,0,national
2025,CT,09140,Naugatuck Valley,549300YMIOLU51FSTO86,,6,3,3,0.03,6,0,0,0,0,3,0,0,0,0,national
2025,CT,09140,Naugatuck Valley,984500CD6F0743B8F530,,4,3,1,0.03,3,0,1,0,0,2,0,1,0,0,national
2025,CT,09140,Naugatuck Valley,213800QUAI2VH5YM6310,"EMBRACE HOME LOANS, INC.",4,2,1,0.02,4,0,0,0,0,2,0,0,0,0,national
2025,CT,09140,Naugatuck Valley,2549007UXYHMV9ES9L95,,2,2,0,0.02,2,0,0,0,0,2,0,0,0,0,national
2025,CT,09140,Naugatuck Valley,254900DRSIZBQXDCJ875,,2,2,0,0.02,2,0,0,0,0,2,0,0,0,0,national
2025,CT,09140,Naugatuck Valley,254900O28OG3UMHXQY81,,2,2,0,0.02,2,0,0,0,0,2,0,0,0,0,national
2025,CT,09140,Naugatuck Valley,254900TTZ395IC926125,,2,2,0,0.02,2,0,0,0,0,2,0,0,0,0,national
2025,CT,09140,Naugatuck Valley,254900WEP08K7U7S3A80,,3,2,0,0.02,1,2,0,0,0,0,2,0,0,0,national
2025,CT,09140,Naugatuck Valley,254900YA1AQXNM8QVZ06,,2,2,0,0.02,2,0,0,0,0,2,0,0,0,0,national
2025,CT,09140,Naugatuck Valley,5493002B2WMHY23GFK92,"AMERICAN FINANCIAL RESOURCES, INC.",6,2,1,0.02,2,3,1,0,0,0,2,0,0,0,national
2025,CT,09140,Naugatuck Valley,5493002N5168AC238149,"OceanFirst Bank, National Association",2,2,0,0.02,2,0,0,0,0,2,0,0,0,0,national
2025,CT,09140,Naugatuck Valley,549300323EON4W3CCM44,"RESICENTRAL, LLC",5,2,0,0.02,5,0,0,0,0,2,0,0,0,0,national
2025,CT,09140,Naugatuck Valley,5493004UNRG4PWDF2K60,AFFINITY FEDERAL CREDIT UNION,6,2,4,0.02,6,0,0,0,0,2,0,0,0,0,national
2025,CT,09140,Naugatuck Valley,54930091JQKCU3Z6IP44,,55,2,11,0.02,55,0,0,0,0,2,0,0,0,0,national
2025,CT,09140,Naugatuck Valley,549300BOXNV8VLRBDT24,,2,2,0,0.02,2,0,0,0,0,2,0,0,0,0,national
2025,CT,09140,Naugatuck Valley,549300D4ZYLSQ5LMTV35,ABSOLUTE HOME MORTGAGE CORPORATION,3,2,0,0.02,2,1,0,0,0,2,0,0,0,0,national
2025,CT,09140,Naugatuck Valley,549300FQS3UXEAID1Q88,,2,2,0,0.02,2,0,0,0,0,2,0,0,0,0,national
2025,CT,09140,Naugatuck Valley,549300G4ESSS6M0MEG51,,3,2,0,0.02,2,1,0,0,0,1,1,0,0,0,national
2025,CT,09140,Naugatuck Valley,549300GCEUZLVML1J263,RADIUS FINANCIAL GROUP INC.,2,2,0,0.02,2,0,0,0,0,2,0,0,0,0,national
2025,CT,09140,Naugatuck Valley,549300GWD9H4FQ2VR805,,2,2,0,0.02,2,0,0,0,0,2,0,0,0,0,national
2025,CT,09140,Naugatuck Valley,549300HMKAPEK7YMHY76,,3,2,0,0.02,3,0,0,0,0,2,0,0,0,0,national
2025,CT,09140,Naugatuck Valley,549300LR1ZETOWYE9Z89,Berkshire Bank,3,2,1,0.02,3,0,0,0,0,2,0,0,0,0,national
2025,CT,09140,Naugatuck Valley,549300NFPC3Y4W3Y7R87,,2,2,0,0.02,2,0,0,0,0,2,0,0,0,0,national
2025,CT,09140,Naugatuck Valley,549300NWBS6MQJX15N44,,2,2,0,0.02,2,0,0,0,0,2,0,0,0,0,national
2025,CT,09140,Naugatuck Valley,549300QKL5FUBZ8LSF50,,6,2,2,0.02,4,2,0,0,0,1,1,0,0,0,national
2025,CT,09140,Naugatuck Valley,549300QY4UCP33T94N09,,2,2,0,0.02,2,0,0,0,0,2,0,0,0,0,national
2025,CT,09140,Naugatuck Valley,549300RFLICNI75BG067,Luminate Bank,4,2,0,0.02,4,0,0,0,0,2,0,0,0,0,national
2025,CT,09140,Naugatuck Valley,549300RM1IZYGQDSNL85,,15,2,0,0.02,4,10,1,0,0,1,1,0,0,0,national
2025,CT,09140,Naugatuck Valley,549300RYTR2RVL4SFJ90,,2,2,0,0.02,2,0,0,0,0,2,0,0,0,0,national
2025,CT,09140,Naugatuck Valley,549300TR6MWKSIOP3B72,Beacon Bank And Trust,3,2,1,0.02,3,0,0,0,0,2,0,0,0,0,national
2025,CT,09140,Naugatuck Valley,549300U4FBW37LFHW771,,4,2,2,0.02,2,2,0,0,0,0,2,0,0,0,national
2025,CT,09140,Naugatuck Valley,549300ZCR1XCLNEEI724,,4,2,0,0.02,4,0,0,0,0,2,0,0,0,0,national
2025,CT,09140,Naugatuck Valley,984500D092D1E2CYDB19,,2,2,0,0.02,2,0,0,0,0,2,0,0,0,0,national
2025,CT,09140,Naugatuck Valley,JJKC32MCHWDI71265Z06,Truist Bank,2,2,0,0.02,2,0,0,0,0,2,0,0,0,0,national
2025,CT,09140,Naugatuck Valley,Q708HHR4LD2B7XIZNO92,First Federal Bank,6,2,2,0.02,4,1,1,0,0,2,0,0,0,0,national
2025,CT,09140,Naugatuck Valley,U9WBLC3ZT2VBJSNY2Y81,,3,2,1,0.02,3,0,0,0,0,2,0,0,0,0,national
2025,CT,09140,Naugatuck Valley,ZXMJHJK466PBZTM5F379,,2,2,0,0.02,2,0,0,0,0,2,0,0,0,0,national
2025,CT,09140,Naugatuck Valley,1IE8VN30JCEQV1H4R804,,2,1,1,0.01,2,0,0,0,0,1,0,0,0,0,national
2025,CT,09140,Naugatuck Valley,25490018IFQOT83Q7H49,,1,1,0,0.01,1,0,0,0,0,1,0,0,0,0,national
2025,CT,09140,Naugatuck Valley,2549007AU24FVDMNUB40,,6,1,4,0.01,6,0,0,0,0,1,0,0,0,0,national
2025,CT,09140,Naugatuck Valley,2549009YMLXX9WQWPX05,,5,1,3,0.01,5,0,0,0,0,1,0,0,0,0,national
2025,CT,09140,Naugatuck Valley,254900A1LV2U6NM10498,,1,1,0,0.01,1,0,0,0,0,1,0,0,0,0,national
2025,CT,09140,Naugatuck Valley,254900BDGU9FU91PQA51,,1,1,0,0.01,0,1,0,0,0,0,1,0,0,0,national
2025,CT,09140,Naugatuck Valley,254900DSZI6CJXJL6Z14,,3,1,1,0.01,3,0,0,0,0,1,0,0,0,0,national
2025,CT,09140,Naugatuck Valley,254900EKE4KU163TA318,,1,1,0,0.01,1,0,0,0,0,1,0,0,0,0,national
2025,CT,09140,Naugatuck Valley,254900I68BOSEM149Q58,,1,1,0,0.01,0,1,0,0,0,0,1,0,0,0,national
2025,CT,09140,Naugatuck Valley,254900IU2EZH8TXNXE23,,1,1,0,0.01,1,0,0,0,0,1,0,0,0,0,national
2025,CT,09140,Naugatuck Valley,254900MSHJQMAF6B3Q76,,1,1,0,0.01,1,0,0,0,0,1,0,0,0,0,national
2025,CT,09140,Naugatuck Valley,254900P7WLDQD9IUL038,Service Federal Credit Union,2,1,1,0.01,1,0,1,0,0,0,0,1,0,0,national
2025,CT,09140,Naugatuck Valley,254900VELJPWWT51WN03,,2,1,0,0.01,2,0,0,0,0,1,0,0,0,0,national
2025,CT,09140,Naugatuck Valley,254900ZPR9P3OI95VG04,,2,1,1,0.01,2,0,0,0,0,1,0,0,0,0,national
2025,CT,09140,Naugatuck Valley,5493000IIYWBLONJVJ30,,1,1,0,0.01,1,0,0,0,0,1,0,0,0,0,national
2025,CT,09140,Naugatuck Valley,5493000WAJ1FMTFL5D75,,3,1,0,0.01,0,3,0,0,0,0,1,0,0,0,national
2025,CT,09140,Naugatuck Valley,5493001QR7MEE12WC276,,1,1,0,0.01,1,0,0,0,0,1,0,0,0,0,national
2025,CT,09140,Naugatuck Valley,5493001X0T84TYRJ5Y59,,1,1,0,0.01,1,0,0,0,0,1,0,0,0,0,national
2025,CT,09140,Naugatuck Valley,54930025XJJO3T0M1A92,,1,1,0,0.01,1,0,0,0,0,1,0,0,0,0,national
2025,CT,09140,Naugatuck Valley,5493002JA8HUVL2CRT33,,1,1,0,0.01,1,0,0,0,0,1,0,0,0,0,national
2025,CT,09140,Naugatuck Valley,5493003DVQUF5HAI1O03,,2,1,0,0.01,2,0,0,0,0,1,0,0,0,0,national
2025,CT,09140,Naugatuck Valley,54930049L5WINET09Q97,"CLICK N' CLOSE, INC.",1,1,0,0.01,1,0,0,0,0,1,0,0,0,0,national
2025,CT,09140,Naugatuck Valley,5493007CLWQN2S6IZK91,,2,1,0,0.01,2,0,0,0,0,1,0,0,0,0,national
2025,CT,09140,Naugatuck Valley,5493007KLU19FK8PG279,,1,1,0,0.01,1,0,0,0,0,1,0,0,0,0,national
2025,CT,09140,Naugatuck Valley,5493008SP1FN4D81IS17,,1,1,0,0.01,1,0,0,0,0,1,0,0,0,0,national
2025,CT,09140,Naugatuck Valley,5493008VCYW25D52ZC98,,1,1,0,0.01,1,0,0,0,0,1,0,0,0,0,national
2025,CT,09140,Naugatuck Valley,54930091CYUK2SDZ6D37,,1,1,0,0.01,1,0,0,0,0,1,0,0,0,0,national
2025,CT,09140,Naugatuck Valley,5493009D2COWW65B8673,,1,1,0,0.01,1,0,0,0,0,1,0,0,0,0,national
2025,CT,09140,Naugatuck Valley,549300A68YW07V5R5G22,,1,1,0,0.01,1,0,0,0,0,1,0,0,0,0,national
2025,CT,09140,Naugatuck Valley,549300BRR67NLTQSBT29,"HOME TOWN FUNDING, INC.",1,1,0,0.01,1,0,0,0,0,1,0,0,0,0,national
2025,CT,09140,Naugatuck Valley,549300BXWU32AYWT1A56,,1,1,0,0.01,1,0,0,0,0,1,0,0,0,0,national
2025,CT,09140,Naugatuck Valley,549300C04BJ0G297NC13,,2,1,0,0.01,2,0,0,0,0,1,0,0,0,0,national
2025,CT,09140,Naugatuck Valley,549300C8GOC4OYUV0Z32,,3,1,0,0.01,3,0,0,0,0,1,0,0,0,0,national
2025,CT,09140,Naugatuck Valley,549300CJDUFKEK0WMB04,,1,1,0,0.01,1,0,0,0,0,1,0,0,0,0,national
2025,CT,09140,Naugatuck Valley,549300DAUXQ2DCY4H838,"HARBORONE MORTGAGE, LLC",1,1,0,0.01,1,0,0,0,0,1,0,0,0,0,national
2025,CT,09140,Naugatuck Valley,549300DMYENRV818D594,,1,1,0,0.01,0,0,1,0,0,0,0,1,0,0,national
2025,CT,09140,Naugatuck Valley,549300DQMFK1KT7KEB48,,2,1,0,0.01,1,0,1,0,0,0,0,1,0,0,national
2025,CT,09140,Naugatuck Valley,549300EL87GZMCVX0Q34,"BOND STREET MORTGAGE, LLC",2,1,0,0.01,0,2,0,0,0,0,1,0,0,0,national
2025,CT,09140,Naugatuck Valley,549300F1COXL6UBFCP55,,1,1,0,0.01,1,0,0,0,0,1,0,0,0,0,national
2025,CT,09140,Naugatuck Valley,549300F570XAWYN8Z237,,2,1,0,0.01,2,0,0,0,0,1,0,0,0,0,national
2025,CT,09140,Naugatuck Valley,549300GRGZDEH4ZGQS06,WATERSTONE MORTGAGE CORPORATION,2,1,0,0.01,2,0,0,0,0,1,0,0,0,0,national
2025,CT,09140,Naugatuck Valley,549300H12E7AUMUHP294,,3,1,0,0.01,1,2,0,0,0,1,0,0,0,0,national
2025,CT,09140,Naugatuck Valley,549300I1HK1BBZLKOB84,,1,1,0,0.01,1,0,0,0,0,1,0,0,0,0,national
2025,CT,09140,Naugatuck Valley,549300JD1162QW84ZO34,,2,1,1,0.01,2,0,0,0,0,1,0,0,0,0,national
2025,CT,09140,Naugatuck Valley,549300JQALY53TH22D13,,1,1,0,0.01,1,0,0,0,0,1,0,0,0,0,national
2025,CT,09140,Naugatuck Valley,549300JZD4L02YZI3Z50,NJ LENDERS CORP.,2,1,0,0.01,2,0,0,0,0,1,0,0,0,0,national
2025,CT,09140,Naugatuck Valley,549300K6K2IS7FRS7S09,,2,1,0,0.01,2,0,0,0,0,1,0,0,0,0,national
2025,CT,09140,Naugatuck Valley,549300KIOYNU323LVJ37,AMERICAN PACIFIC MORTGAGE CORPORATION,1,1,0,0.01,1,0,0,0,0,1,0,0,0,0,national
2025,CT,09140,Naugatuck Valley,549300KX4S1573HISS22,,2,1,0,0.01,2,0,0,0,0,1,0,0,0,0,national
2025,CT,09140,Naugatuck Valley,549300MQEDQYDJR8CP22,,1,1,0,0.01,1,0,0,0,0,1,0,0,0,0,national
2025,CT,09140,Naugatuck Valley,549300MU2YI0HXIT3257,,1,1,0,0.01,1,0,0,0,0,1,0,0,0,0,national
2025,CT,09140,Naugatuck Valley,549300N38Q5YKSSV1106,Bankesb,1,1,0,0.01,1,0,0,0,0,1,0,0,0,0,national
2025,CT,09140,Naugatuck Valley,549300NLJI4QKZ3D0G94,,1,1,0,0.01,1,0,0,0,0,1,0,0,0,0,national
2025,CT,09140,Naugatuck Valley,549300OJTK0IPSNDA832,,1,1,0,0.01,0,1,0,0,0,0,1,0,0,0,national
2025,CT,09140,Naugatuck Valley,549300PEWJWBNEOSS013,,1,1,0,0.01,0,1,0,0,0,0,1,0,0,0,national
2025,CT,09140,Naugatuck Valley,549300PXIFIEPL7D7R86,,1,1,0,0.01,0,0,1,0,0,0,0,1,0,0,national
2025,CT,09140,Naugatuck Valley,549300R0SXC1JU7ZU290,,1,1,0,0.01,1,0,0,0,0,1,0,0,0,0,national
2025,CT,09140,Naugatuck Valley,549300R7HGHP2I754087,TOWNE MORTGAGE COMPANY,1,1,0,0.01,1,0,0,0,0,1,0,0,0,0,national
2025,CT,09140,Naugatuck Valley,549300R8VPSFM828B312,TEACHERS FEDERAL CREDIT UNION,2,1,0,0.01,2,0,0,0,0,1,0,0,0,0,national
2025,CT,09140,Naugatuck Valley,549300RYJCJ7JPQ4RF20,BankNewport,1,1,0,0.01,1,0,0,0,0,1,0,0,0,0,national
2025,CT,09140,Naugatuck Valley,549300S347HTLHLOC775,,11,1,8,0.01,11,0,0,0,0,1,0,0,0,0,national
2025,CT,09140,Naugatuck Valley,549300S5NLOTO329NX77,,1,1,0,0.01,1,0,0,0,0,1,0,0,0,0,national
2025,CT,09140,Naugatuck Valley,549300S8SHBRCI7UU819,,2,1,0,0.01,2,0,0,0,0,1,0,0,0,0,national
2025,CT,09140,Naugatuck Valley,549300SQH6MBVMMRRA85,,1,1,0,0.01,1,0,0,0,0,1,0,0,0,0,national
2025,CT,09140,Naugatuck Valley,549300T7HRS5DVBUPQ06,,1,1,0,0.01,0,0,1,0,0,0,0,1,0,0,national
2025,CT,09140,Naugatuck Valley,549300TMY3OACQC9U777,,2,1,1,0.01,2,0,0,0,0,1,0,0,0,0,national
2025,CT,09140,Naugatuck Valley,549300TPAN1WJY46W431,,1,1,0,0.01,1,0,0,0,0,1,0,0,0,0,national
2025,CT,09140,Naugatuck Valley,549300UG1DH7RQL41718,,2,1,0,0.01,2,0,0,0,0,1,0,0,0,0,national
2025,CT,09140,Naugatuck Valley,549300UG7QXKM7KGV847,,2,1,0,0.01,2,0,0,0,0,1,0,0,0,0,national
2025,CT,09140,Naugatuck Valley,549300UV5JQXLGVWIP44,,2,1,0,0.01,2,0,0,0,0,1,0,0,0,0,national
2025,CT,09140,Naugatuck Valley,549300XZ4R55J9UKB235,,1,1,0,0.01,1,0,0,0,0,1,0,0,0,0,national
2025,CT,09140,Naugatuck Valley,549300YLIY5SO2XSK094,,1,1,0,0.01,1,0,0,0,0,1,0,0,0,0,national
2025,CT,09140,Naugatuck Valley,549300YM15OICCNPH537,,1,1,0,0.01,1,0,0,0,0,1,0,0,0,0,national
2025,CT,09140,Naugatuck Valley,549300ZIQ24V0C88AC41,GTE Federal Credit Union,3,1,1,0.01,3,0,0,0,0,1,0,0,0,0,national
2025,CT,09140,Naugatuck Valley,593C3GZG957YOJPS2Z63,,1,1,0,0.01,1,0,0,0,0,1,0,0,0,0,national
2025,CT,09140,Naugatuck Valley,B94HV8SXGDD3J5XESU08,,1,1,0,0.01,1,0,0,0,0,1,0,0,0,0,national
2025,CT,09140,Naugatuck Valley,L9VVX1KT5TFTKS0MLF66,First-Citizens Bank & Trust Company,1,1,0,0.01,1,0,0,0,0,1,0,0,0,0,national
2025,CT,09140,Naugatuck Valley,549300LLQD0X2OTG0Y27,,6,0,3,0.0,0,6,0,0,0,0,0,0,0,0,national
2025,CT,09140,Naugatuck Valley,549300XQVJ1XBNFA5536,21ST MORTGAGE CORPORATION,8,0,4,0.0,8,0,0,0,0,0,0,0,0,0,national
2025,CT,09140,Naugatuck Valley,QFROUN1UWUYU0DVIWD51,"Eagle Home Mortgage, LLC",5,0,4,0.0,4,1,0,0,0,0,0,0,0,0,national
2025,CT,09150,Northeastern Connecticut,549300FGXN1K3HLB1R50,"Rocket Mortgage, LLC",240,180,35,6.89,183,40,17,0,0,137,29,14,0,0,national
2025,CT,09150,Northeastern Connecticut,549300HW662MN1WU8550,"United Wholesale Mortgage, LLC",226,174,22,6.66,106,80,40,0,0,85,56,33,0,0,national
2025,CT,09150,Northeastern Connecticut,254900HJA1Y85EJCGB90,,206,156,26,5.97,205,1,0,0,0,155,1,0,0,0,national
2025,CT,09150,Northeastern Connecticut,549300U3721PJGQZYY68,Nationstar Mortgage LLC,190,137,10,5.24,96,71,22,1,0,70,54,12,1,0,national
2025,CT,09150,Northeastern Connecticut,DRMSV1Q0EKMEXLAU1P80,"Citizens Bank, National Association",177,105,52,4.02,174,3,0,0,0,103,2,0,0,0,national
2025,CT,09150,Northeastern Connecticut,549300GTVXJ2PGXNLM73,T2 FINANCIAL LLC,108,87,7,3.33,65,31,9,3,0,52,24,8,3,0,national
2025,CT,09150,Northeastern Connecticut,549300Q4BYXP7YD9UI61,,113,83,15,3.18,110,3,0,0,0,81,2,0,0,0,national
2025,CT,09150,Northeastern Connecticut,549300N38Q5YKSSV1106,Bankesb,97,76,8,2.91,96,1,0,0,0,75,1,0,0,0,national
2025,CT,09150,Northeastern Connecticut,549300AG64NHILB7ZP05,"PennyMac Loan Services, LLC",92,53,16,2.03,67,23,2,0,0,39,13,1,0,0,national
2025,CT,09150,Northeastern Connecticut,54930015NKWX0FSGV150,,90,45,24,1.72,88,0,1,1,0,45,0,0,0,0,national
2025,CT,09150,Northeastern Connecticut,549300LYRWPSYPK6S325,Guild Mortgage Company LLC,120,44,15,1.68,11,79,29,1,0,5,26,12,1,0,national
2025,CT,09150,Northeastern Connecticut,549300F8C5JA44WNMI75,AMERICAN NEIGHBORHOOD MORTGAGE ACCEPTANCE COMPANY LLC,61,43,1,1.64,44,13,3,1,0,31,10,1,1,0,national
2025,CT,09150,Northeastern Connecticut,549300VJQJVZKJBDWS17,"TOTAL MORTGAGE SERVICES, LLC",68,43,2,1.64,50,15,3,0,0,30,10,3,0,0,national
2025,CT,09150,Northeastern Connecticut,549300DD5QQUHO6PCH70,"Movement Mortgage, LLC",79,41,8,1.57,8,2,69,0,0,5,1,35,0,0,national
2025,CT,09150,Northeastern Connecticut,549300KWXO8FUM7L0E14,Liberty Bank,52,41,8,1.57,50,2,0,0,0,39,2,0,0,0,national
2025,CT,09150,Northeastern Connecticut,5493003GQDUH26DNNH17,Navy Federal Credit Union,71,38,10,1.45,53,0,18,0,0,28,0,10,0,0,national
2025,CT,09150,Northeastern Connecticut,549300DD4R4SYK5RAQ92,"Cardinal Financial Company, Limited Partnership",50,38,1,1.45,36,9,5,0,0,26,7,5,0,0,national
2025,CT,09150,Northeastern Connecticut,549300YIBRM1ZYA6GT07,NAVIGANT CREDIT UNION,59,37,9,1.42,59,0,0,0,0,37,0,0,0,0,national
2025,CT,09150,Northeastern Connecticut,549300VZVN841I2ILS84,Freedom Mortgage Corporation,51,34,2,1.3,32,15,4,0,0,23,8,3,0,0,national
2025,CT,09150,Northeastern Connecticut,549300MGPZBLQDIL7538,"PrimeLending, a PlainsCapital Company",48,33,4,1.26,39,7,2,0,0,27,5,1,0,0,national
2025,CT,09150,Northeastern Connecticut,549300GKFNPRWNS0GF29,"AmeriHome Mortgage Company, LLC",49,32,4,1.22,36,9,1,3,0,23,8,1,0,0,national
2025,CT,09150,Northeastern Connecticut,254900ZFWS2106HWPH46,"PARAMOUNT RESIDENTIAL MORTGAGE GROUP, INC.",43,31,3,1.19,17,19,4,3,0,13,14,3,1,0,national
2025,CT,09150,Northeastern Connecticut,549300HYHFCULSUBAE54,FIRST WORLD MORTGAGE CORPORATION,35,29,2,1.11,30,4,1,0,0,25,3,1,0,0,national
2025,CT,09150,Northeastern Connecticut,RVDPPPGHCGZ40J4VQ731,Fairway Independent Mortgage Corporation,61,29,10,1.11,24,34,3,0,0,11,16,2,0,0,national
2025,CT,09150,Northeastern Connecticut,549300LR1ZETOWYE9Z89,Berkshire Bank,43,27,9,1.03,43,0,0,0,0,27,0,0,0,0,national
2025,CT,09150,Northeastern Connecticut,254900UL88QFG0E40516,FIGURE LENDING LLC,39,24,7,0.92,39,0,0,0,0,24,0,0,0,0,national
2025,CT,09150,Northeastern Connecticut,549300AQ3T62GXDU7D76,Ally Bank,35,24,2,0.92,23,6,6,0,0,18,3,3,0,0,national
2025,CT,09150,Northeastern Connecticut,549300E2UX99HKDBR481,"Broker Solutions, Inc.",59,24,7,0.92,21,35,3,0,0,14,10,0,0,0,national
2025,CT,09150,Northeastern Connecticut,549300YOEBGKPKU43Q28,,27,22,3,0.84,27,0,0,0,0,22,0,0,0,0,national
2025,CT,09150,Northeastern Connecticut,549300NFPC3Y4W3Y7R87,,27,21,0,0.8,20,4,3,0,0,16,3,2,0,0,national
2025,CT,09150,Northeastern Connecticut,549300NOCASXPA34X033,"LAKEVIEW LOAN SERVICING, LLC",42,21,14,0.8,19,18,5,0,0,10,9,2,0,0,national
2025,CT,09150,Northeastern Connecticut,5493005PKOSG7MYX0B34,"Prosperity Home Mortgage, LLC",23,20,0,0.77,19,2,2,0,0,16,2,2,0,0,national
2025,CT,09150,Northeastern Connecticut,549300LBCBNR1OT00651,NATIONSTAR MORTGAGE LLC,37,20,9,0.77,31,6,0,0,0,15,5,0,0,0,national
2025,CT,09150,Northeastern Connecticut,B4TYDEB6GKMZO031MB27,"Guaranteed Rate, Inc.",75,20,33,0.77,75,0,0,0,0,20,0,0,0,0,national
2025,CT,09150,Northeastern Connecticut,WWB2V0FCW3A0EE3ZJN75,Manufacturers and Traders Trust Company,34,20,13,0.77,34,0,0,0,0,20,0,0,0,0,national
2025,CT,09150,Northeastern Connecticut,549300YIQ7S7Z8PIHE53,AMERISAVE MORTGAGE CORPORATION,52,18,31,0.69,38,13,1,0,0,16,2,0,0,0,national
2025,CT,09150,Northeastern Connecticut,54930052M48FOD3CWA54,"PRIMARY RESIDENTIAL MORTGAGE, INC.",23,17,1,0.65,12,10,1,0,0,10,6,1,0,0,national
2025,CT,09150,Northeastern Connecticut,6BYL5QZYBDK8S7L73M02,U.S. Bank National Association,31,17,6,0.65,28,2,1,0,0,15,1,1,0,0,national
2025,CT,09150,Northeastern Connecticut,549300OPCWU6E72WUT29,"MUTUAL OF OMAHA MORTGAGE, INC.",32,16,8,0.61,10,18,4,0,0,6,9,1,0,0,national
2025,CT,09150,Northeastern Connecticut,549300PIL8LFAQ04XC20,Better Mortgage Corporation,52,16,26,0.61,52,0,0,0,0,16,0,0,0,0,national
2025,CT,09150,Northeastern Connecticut,549300T3F9S1MKFKHC53,HOMESTEAD FUNDING CORP.,16,16,0,0.61,10,6,0,0,0,10,6,0,0,0,national
2025,CT,09150,Northeastern Connecticut,254900QY5ST0J7P6M123,,21,15,4,0.57,21,0,0,0,0,15,0,0,0,0,national
2025,CT,09150,Northeastern Connecticut,5493000GQWJTTR0TEH83,,21,15,0,0.57,20,0,1,0,0,15,0,0,0,0,national
2025,CT,09150,Northeastern Connecticut,5493005DJAOTPGS83Z81,Cornerstone Bank,21,15,3,0.57,21,0,0,0,0,15,0,0,0,0,national
2025,CT,09150,Northeastern Connecticut,549300TYBI78RNWPFB28,,22,15,6,0.57,22,0,0,0,0,15,0,0,0,0,national
2025,CT,09150,Northeastern Connecticut,549300121SF0K2LN2804,"PRIMELENDING, A PLAINSCAPITAL COMPANY",18,14,2,0.54,11,4,3,0,0,8,4,2,0,0,national
2025,CT,09150,Northeastern Connecticut,549300FNXYY540N23N64,Newrez LLC,59,14,18,0.54,40,19,0,0,0,11,3,0,0,0,national
2025,CT,09150,Northeastern Connecticut,549300R9S3MVDV4MGF56,"CARRINGTON MORTGAGE SERVICES, LLC",34,14,14,0.54,11,17,6,0,0,5,6,3,0,0,national
2025,CT,09150,Northeastern Connecticut,549300LI67PLCC1Z3P80,,22,13,4,0.5,22,0,0,0,0,13,0,0,0,0,national
2025,CT,09150,Northeastern Connecticut,549300SYR11CYON0JE74,"BAYCOAST MORTGAGE COMPANY, LLC",15,12,1,0.46,13,2,0,0,0,11,1,0,0,0,national
2025,CT,09150,Northeastern Connecticut,549300T5QSL6MC8M4D04,"NORWICH COMMERCIAL GROUP, INC.",22,12,2,0.46,12,7,1,2,0,9,3,0,0,0,national
2025,CT,09150,Northeastern Connecticut,254900J5OSYRB4AN2309,,39,11,23,0.42,39,0,0,0,0,11,0,0,0,0,national
2025,CT,09150,Northeastern Connecticut,549300JYXTZDSPJEPI44,"PLAZA HOME MORTGAGE, INC.",11,11,0,0.42,5,6,0,0,0,5,6,0,0,0,national
2025,CT,09150,Northeastern Connecticut,5493001GCBD5XGNIC815,Coastal Community Bank,29,10,0,0.38,29,0,0,0,0,10,0,0,0,0,national
2025,CT,09150,Northeastern Connecticut,549300EQ09ZL8XSYZM84,,10,10,0,0.38,10,0,0,0,0,10,0,0,0,0,national
2025,CT,09150,Northeastern Connecticut,549300FK3AFCFVAPH234,"Leader Bank, National Association",12,10,0,0.38,12,0,0,0,0,10,0,0,0,0,national
2025,CT,09150,Northeastern Connecticut,549300MCIFZSDHUT8X63,"NFM, INC.",10,10,0,0.38,6,3,1,0,0,6,3,1,0,0,national
2025,CT,09150,Northeastern Connecticut,HUX2X73FUCYHUVH1BK78,KeyBank National Association,25,10,9,0.38,23,2,0,0,0,10,0,0,0,0,national
2025,CT,09150,Northeastern Connecticut,549300J7I82PNDVU8H22,"OCMBC, INC.",18,9,1,0.34,16,2,0,0,0,7,2,0,0,0,national
2025,CT,09150,Northeastern Connecticut,549300JI0UWY4QIWDV89,"NORTHPOINT MORTGAGE, INC.",11,9,0,0.34,8,3,0,0,0,7,2,0,0,0,national
2025,CT,09150,Northeastern Connecticut,549300KT5OWPGQKWUN86,,11,9,0,0.34,5,4,2,0,0,5,3,1,0,0,national
2025,CT,09150,Northeastern Connecticut,549300TR6MWKSIOP3B72,Beacon Bank And Trust,16,9,4,0.34,16,0,0,0,0,9,0,0,0,0,national
2025,CT,09150,Northeastern Connecticut,54930054ET8KM4O1D485,"SOFI BANK, NATIONAL ASSOCIATION",36,8,6,0.31,36,0,0,0,0,8,0,0,0,0,national
2025,CT,09150,Northeastern Connecticut,5493005H3NABV4GMAG85,,10,8,0,0.31,10,0,0,0,0,8,0,0,0,0,national
2025,CT,09150,Northeastern Connecticut,5493008XQDQ2YZPQKX53,,11,8,0,0.31,8,1,1,1,0,7,0,0,1,0,national
2025,CT,09150,Northeastern Connecticut,549300HKYBSATM44Q425,"The Washington Trust Company, of Westerly",11,8,2,0.31,11,0,0,0,0,8,0,0,0,0,national
2025,CT,09150,Northeastern Connecticut,549300LLQD0X2OTG0Y27,,9,8,1,0.31,6,3,0,0,0,6,2,0,0,0,national
2025,CT,09150,Northeastern Connecticut,549300T9P3WXNMXX0I34,Ixonia Bank,12,8,1,0.31,6,5,1,0,0,5,2,1,0,0,national
2025,CT,09150,Northeastern Connecticut,549300UXY7OP0IC38293,,12,8,0,0.31,7,3,2,0,0,3,3,2,0,0,national
2025,CT,09150,Northeastern Connecticut,7H6GLXDRUGQFU57RNE97,"JPMorgan Chase Bank, National Association",15,8,1,0.31,15,0,0,0,0,8,0,0,0,0,national
2025,CT,09150,Northeastern Connecticut,549300SIZ5KBISEZE503,UniBank for Savings,8,7,1,0.27,8,0,0,0,0,7,0,0,0,0,national
2025,CT,09150,Northeastern Connecticut,03D0JEWFDFUS0SEEKG89,"TD Bank, National Association",12,6,6,0.23,12,0,0,0,0,6,0,0,0,0,national
2025,CT,09150,Northeastern Connecticut,254900QHRM7S805P5E69,,6,6,0,0.23,6,0,0,0,0,6,0,0,0,0,national
2025,CT,09150,Northeastern Connecticut,5493002B2WMHY23GFK92,"AMERICAN FINANCIAL RESOURCES, INC.",7,6,1,0.23,4,3,0,0,0,4,2,0,0,0,national
2025,CT,09150,Northeastern Connecticut,5493006VAGP3GQ8FJT49,"Kiavi Funding, Inc.",9,6,1,0.23,9,0,0,0,0,6,0,0,0,0,national
2025,CT,09150,Northeastern Connecticut,549300FX7K8PTEQUU487,PENTAGON FEDERAL CREDIT UNION,13,6,4,0.23,12,0,1,0,0,5,0,1,0,0,national
2025,CT,09150,Northeastern Connecticut,549300S5YL3OH0IVCS62,FINANCE OF AMERICA REVERSE LLC,9,6,1,0.23,3,6,0,0,0,1,5,0,0,0,national
2025,CT,09150,Northeastern Connecticut,KB1H1DSPRFMYMCUFXT09,"Wells Fargo Bank, National Association",10,6,0,0.23,10,0,0,0,0,6,0,0,0,0,national
2025,CT,09150,Northeastern Connecticut,213800QUAI2VH5YM6310,"EMBRACE HOME LOANS, INC.",7,5,0,0.19,7,0,0,0,0,5,0,0,0,0,national
2025,CT,09150,Northeastern Connecticut,254900C1CRYSCHG38F20,,7,5,2,0.19,7,0,0,0,0,5,0,0,0,0,national
2025,CT,09150,Northeastern Connecticut,5493001WHVQBGRSWEU75,"HOMEBRIDGE FINANCIAL SERVICES, INC.",6,5,1,0.19,6,0,0,0,0,5,0,0,0,0,national
2025,CT,09150,Northeastern Connecticut,549300MHH03ICJYEPE85,,8,5,2,0.19,2,6,0,0,0,0,5,0,0,0,national
2025,CT,09150,Northeastern Connecticut,549300VCMRO4ST680C11,VILLAGE CAPITAL & INVESTMENT LLC,17,5,6,0.19,0,9,8,0,0,0,2,3,0,0,national
2025,CT,09150,Northeastern Connecticut,984500U2F9A83N391A91,"CHAMPIONS FUNDING, LLC",7,5,1,0.19,7,0,0,0,0,5,0,0,0,0,national
2025,CT,09150,Northeastern Connecticut,X05BVSK68TQ7YTOSNR22,Discover Bank,47,5,30,0.19,47,0,0,0,0,5,0,0,0,0,national
2025,CT,09150,Northeastern Connecticut,254900DTLHVWQ7NP7R34,"CMG Mortgage, Inc.",8,4,1,0.15,8,0,0,0,0,4,0,0,0,0,national
2025,CT,09150,Northeastern Connecticut,5493005JR8XLPW5ROU93,,6,4,0,0.15,6,0,0,0,0,4,0,0,0,0,national
2025,CT,09150,Northeastern Connecticut,549300BUIG4G67S5O712,,7,4,1,0.15,7,0,0,0,0,4,0,0,0,0,national
2025,CT,09150,Northeastern Connecticut,549300J6N77Q8OHYNF23,,6,4,1,0.15,3,3,0,0,0,2,2,0,0,0,national
2025,CT,09150,Northeastern Connecticut,549300JPGMCMBEJEK584,FIRST TECHNOLOGY,7,4,2,0.15,7,0,0,0,0,4,0,0,0,0,national
2025,CT,09150,Northeastern Connecticut,549300K4ZLGS7SRDTL86,Equity Prime Mortgage LLC,11,4,3,0.15,0,6,5,0,0,0,2,2,0,0,national
2025,CT,09150,Northeastern Connecticut,549300MUTFJQGRZJH019,CENTRAL ONE FEDERAL CREDIT UNION,9,4,1,0.15,9,0,0,0,0,4,0,0,0,0,national
2025,CT,09150,Northeastern Connecticut,549300R77W0P105C3S50,HOMEXPRESS MORTGAGE CORP.,7,4,3,0.15,7,0,0,0,0,4,0,0,0,0,national
2025,CT,09150,Northeastern Connecticut,549300RYWXR8TL5LIK35,,6,4,1,0.15,3,3,0,0,0,2,2,0,0,0,national
2025,CT,09150,Northeastern Connecticut,549300S5NLOTO329NX77,,5,4,0,0.15,5,0,0,0,0,4,0,0,0,0,national
2025,CT,09150,Northeastern Connecticut,549300UK3Z5PC7V71K69,COASTAL1 Credit Union,5,4,1,0.15,5,0,0,0,0,4,0,0,0,0,national
2025,CT,09150,Northeastern Connecticut,549300UR5AOWTJJ7KZ64,,6,4,1,0.15,6,0,0,0,0,4,0,0,0,0,national
2025,CT,09150,Northeastern Connecticut,549300XWUSRVVOHPRY47,Academy Mortgage Corporation,7,4,0,0.15,5,1,1,0,0,3,1,0,0,0,national
2025,CT,09150,Northeastern Connecticut,984500D092D1E2CYDB19,,4,4,0,0.15,4,0,0,0,0,4,0,0,0,0,national
2025,CT,09150,Northeastern Connecticut,254900QRD0ZXHH08TX87,,5,3,0,0.11,5,0,0,0,0,3,0,0,0,0,national
2025,CT,09150,Northeastern Connecticut,54930001NSTOD85LT125,"GUARANTEED RATE AFFINITY, LLC",4,3,0,0.11,2,2,0,0,0,2,1,0,0,0,national
2025,CT,09150,Northeastern Connecticut,5493000IIYWBLONJVJ30,,4,3,1,0.11,4,0,0,0,0,3,0,0,0,0,national
2025,CT,09150,Northeastern Connecticut,54930021WPEXNHYZUL09,"PLANET HOME LENDING, LLC",5,3,1,0.11,1,2,2,0,0,1,0,2,0,0,national
2025,CT,09150,Northeastern Connecticut,549300ASFUWYQO0RW077,,3,3,0,0.11,3,0,0,0,0,3,0,0,0,0,national
2025,CT,09150,Northeastern Connecticut,549300IYKILIU506KA05,PeoplesBank,3,3,0,0.11,3,0,0,0,0,3,0,0,0,0,national
2025,CT,09150,Northeastern Connecticut,549300JD1162QW84ZO34,,6,3,2,0.11,6,0,0,0,0,3,0,0,0,0,national
2025,CT,09150,Northeastern Connecticut,549300OTLWFQPOOSC346,BayCoast Bank,5,3,2,0.11,5,0,0,0,0,3,0,0,0,0,national
2025,CT,09150,Northeastern Connecticut,549300Q61S3IBOJITT02,Fall River Five Cents Savings Bank,3,3,0,0.11,3,0,0,0,0,3,0,0,0,0,national
2025,CT,09150,Northeastern Connecticut,549300R0SXC1JU7ZU290,,7,3,2,0.11,5,1,1,0,0,2,1,0,0,0,national
2025,CT,09150,Northeastern Connecticut,549300RPOGWJRH63HS39,UNION HOME MORTGAGE CORP.,5,3,1,0.11,3,1,1,0,0,2,1,0,0,0,national
2025,CT,09150,Northeastern Connecticut,549300SK2GVCQXPD4S58,"SUN WEST MORTGAGE COMPANY, INC.",5,3,1,0.11,3,1,1,0,0,1,1,1,0,0,national
2025,CT,09150,Northeastern Connecticut,549300SUCQ1358EGVE89,"NEW DAY FINANCIAL, LLC",10,3,2,0.11,0,0,10,0,0,0,0,3,0,0,national
2025,CT,09150,Northeastern Connecticut,549300T7HRS5DVBUPQ06,,3,3,0,0.11,0,1,2,0,0,0,1,2,0,0,national
2025,CT,09150,Northeastern Connecticut,549300UG1DH7RQL41718,,5,3,0,0.11,5,0,0,0,0,3,0,0,0,0,national
2025,CT,09150,Northeastern Connecticut,549300YFPHIE78XPP635,,4,3,0,0.11,4,0,0,0,0,3,0,0,0,0,national
2025,CT,09150,Northeastern Connecticut,C398JSK21YCXWM603F55,,3,3,0,0.11,2,0,1,0,0,2,0,1,0,0,national
2025,CT,09150,Northeastern Connecticut,PAOOWF3GUFM46FBSP561,,11,3,1,0.11,7,3,1,0,0,3,0,0,0,0,national
2025,CT,09150,Northeastern Connecticut,1VUZZZCW0TWP6R7N3Z33,,2,2,0,0.08,2,0,0,0,0,2,0,0,0,0,national
2025,CT,09150,Northeastern Connecticut,213800XR2TCBQJSF1X93,,5,2,0,0.08,3,1,1,0,0,1,0,1,0,0,national
2025,CT,09150,Northeastern Connecticut,2549005SIVTHG14U2905,A&D Mortgage LLC,2,2,0,0.08,2,0,0,0,0,2,0,0,0,0,national
2025,CT,09150,Northeastern Connecticut,254900BBWJ82FQDQ6823,,2,2,0,0.08,2,0,0,0,0,2,0,0,0,0,national
2025,CT,09150,Northeastern Connecticut,254900DRSIZBQXDCJ875,,2,2,0,0.08,2,0,0,0,0,2,0,0,0,0,national
2025,CT,09150,Northeastern Connecticut,254900TTZ395IC926125,,3,2,0,0.08,3,0,0,0,0,2,0,0,0,0,national
2025,CT,09150,Northeastern Connecticut,54930002M4XN64FM7Z89,,4,2,2,0.08,4,0,0,0,0,2,0,0,0,0,national
2025,CT,09150,Northeastern Connecticut,5493002GI63WHHUTUD85,,2,2,0,0.08,1,1,0,0,0,1,1,0,0,0,national
2025,CT,09150,Northeastern Connecticut,549300370QILXLFUWD20,"ZILLOW HOME LOANS, LLC",3,2,1,0.08,3,0,0,0,0,2,0,0,0,0,national
2025,CT,09150,Northeastern Connecticut,5493003V40VGM7YDFM54,FIRST COLONY MORTGAGE CORPORATION,2,2,0,0.08,2,0,0,0,0,2,0,0,0,0,national
2025,CT,09150,Northeastern Connecticut,5493003XFPPSO0JVIB33,,3,2,0,0.08,3,0,0,0,0,2,0,0,0,0,national
2025,CT,09150,Northeastern Connecticut,54930048P8RWCQHQM310,,3,2,1,0.08,3,0,0,0,0,2,0,0,0,0,national
2025,CT,09150,Northeastern Connecticut,54930059GZZ7G4G40O53,,3,2,0,0.08,3,0,0,0,0,2,0,0,0,0,national
2025,CT,09150,Northeastern Connecticut,5493005HTCBH4TWCVM82,,2,2,0,0.08,2,0,0,0,0,2,0,0,0,0,national
2025,CT,09150,Northeastern Connecticut,549300686RMBOL8Y1T93,,3,2,1,0.08,3,0,0,0,0,2,0,0,0,0,national
2025,CT,09150,Northeastern Connecticut,5493008PQSMR41Y70C36,,2,2,0,0.08,1,1,0,0,0,1,1,0,0,0,national
2025,CT,09150,Northeastern Connecticut,5493008VVXQIDO1EZ460,,3,2,0,0.08,2,1,0,0,0,1,1,0,0,0,national
2025,CT,09150,Northeastern Connecticut,5493009OLY1HC3F0SB77,,5,2,3,0.08,5,0,0,0,0,2,0,0,0,0,national
2025,CT,09150,Northeastern Connecticut,549300BX448ALT10FI43,The Federal Savings Bank,7,2,2,0.08,3,0,4,0,0,1,0,1,0,0,national
2025,CT,09150,Northeastern Connecticut,549300FQS3UXEAID1Q88,,3,2,1,0.08,3,0,0,0,0,2,0,0,0,0,national
2025,CT,09150,Northeastern Connecticut,549300GRGZDEH4ZGQS06,WATERSTONE MORTGAGE CORPORATION,2,2,0,0.08,2,0,0,0,0,2,0,0,0,0,national
2025,CT,09150,Northeastern Connecticut,549300HQL7U3JZ4LCJ17,,3,2,0,0.08,3,0,0,0,0,2,0,0,0,0,national
2025,CT,09150,Northeastern Connecticut,549300KTR1JGH3K6LU06,FOURLEAF,5,2,2,0.08,5,0,0,0,0,2,0,0,0,0,national
2025,CT,09150,Northeastern Connecticut,549300KV83NH6PNL5E48,Westfield Bank,2,2,0,0.08,2,0,0,0,0,2,0,0,0,0,national
2025,CT,09150,Northeastern Connecticut,549300L0OVX5O63S8C68,WASHINGTON TRUST MORTGAGE COMPANY LLC,3,2,0,0.08,3,0,0,0,0,2,0,0,0,0,national
2025,CT,09150,Northeastern Connecticut,549300LROQOOQU77WS20,,4,2,0,0.08,4,0,0,0,0,2,0,0,0,0,national
2025,CT,09150,Northeastern Connecticut,549300MYAXFDGEI4NZ65,,2,2,0,0.08,2,0,0,0,0,2,0,0,0,0,national
2025,CT,09150,Northeastern Connecticut,549300MZ8VZJOVC63092,"KIND LENDING, LLC",4,2,2,0.08,2,1,1,0,0,0,1,1,0,0,national
2025,CT,09150,Northeastern Connecticut,549300PBTV7FCWLSMM53,,2,2,0,0.08,0,1,1,0,0,0,1,1,0,0,national
2025,CT,09150,Northeastern Connecticut,549300RIPPSJXAQKZ383,,3,2,0,0.08,2,1,0,0,0,2,0,0,0,0,national
2025,CT,09150,Northeastern Connecticut,549300S0KDQNIC08M074,,3,2,1,0.08,3,0,0,0,0,2,0,0,0,0,national
2025,CT,09150,Northeastern Connecticut,549300S8SHBRCI7UU819,,2,2,0,0.08,2,0,0,0,0,2,0,0,0,0,national
2025,CT,09150,Northeastern Connecticut,549300SZBQMYMAL3OM08,,2,2,0,0.08,2,0,0,0,0,2,0,0,0,0,national
2025,CT,09150,Northeastern Connecticut,549300T94GSH3C4U5M59,ALLIANT CREDIT UNION,6,2,4,0.08,6,0,0,0,0,2,0,0,0,0,national
2025,CT,09150,Northeastern Connecticut,549300UHEEV73TKCZY62,,2,2,0,0.08,2,0,0,0,0,2,0,0,0,0,national
2025,CT,09150,Northeastern Connecticut,549300XY701IELCE5Q08,BETTER MORTGAGE CORPORATION,15,2,7,0.08,12,2,1,0,0,2,0,0,0,0,national
2025,CT,09150,Northeastern Connecticut,549300ZPSJZO10ZAX556,"AMERICAN HERITAGE LENDING, LLC",3,2,0,0.08,3,0,0,0,0,2,0,0,0,0,national
2025,CT,09150,Northeastern Connecticut,C5654JQHZUHN0772B561,USAA Federal Savings Bank,5,2,2,0.08,1,0,4,0,0,0,0,2,0,0,national
2025,CT,09150,Northeastern Connecticut,WV0OVGBTLUP1XIUJE722,"Webster Bank, National Association",5,2,2,0.08,5,0,0,0,0,2,0,0,0,0,national
2025,CT,09150,Northeastern Connecticut,25490018IFQOT83Q7H49,,1,1,0,0.04,1,0,0,0,0,1,0,0,0,0,national
2025,CT,09150,Northeastern Connecticut,2549001SI0EMFPT39035,"Cornerstone First Mortgage, Inc",2,1,0,0.04,2,0,0,0,0,1,0,0,0,0,national
2025,CT,09150,Northeastern Connecticut,2549002VH9C0PKB8K153,,1,1,0,0.04,1,0,0,0,0,1,0,0,0,0,national
2025,CT,09150,Northeastern Connecticut,2549004Z576VEJBK3N72,"NQM FUNDING, LLC",1,1,0,0.04,1,0,0,0,0,1,0,0,0,0,national
2025,CT,09150,Northeastern Connecticut,2549005Q4HZ55QX7YC64,,1,1,0,0.04,1,0,0,0,0,1,0,0,0,0,national
2025,CT,09150,Northeastern Connecticut,2549006A34A1F1ZGTT81,,1,1,0,0.04,1,0,0,0,0,1,0,0,0,0,national
2025,CT,09150,Northeastern Connecticut,2549008G9SP4WM32NN96,,1,1,0,0.04,1,0,0,0,0,1,0,0,0,0,national
2025,CT,09150,Northeastern Connecticut,2549009YMLXX9WQWPX05,,2,1,1,0.04,2,0,0,0,0,1,0,0,0,0,national
2025,CT,09150,Northeastern Connecticut,254900BDGU9FU91PQA51,,2,1,0,0.04,1,0,1,0,0,1,0,0,0,0,national
2025,CT,09150,Northeastern Connecticut,254900CTT87ZKAUTIJ37,,3,1,0,0.04,3,0,0,0,0,1,0,0,0,0,national
2025,CT,09150,Northeastern Connecticut,254900HA4DQWAE0W3342,"AMERIHOME MORTGAGE COMPANY, LLC",3,1,1,0.04,0,3,0,0,0,0,1,0,0,0,national
2025,CT,09150,Northeastern Connecticut,254900O2K17TNH5CL873,"RF RENOVO MANAGEMENT COMPANY, LLC",2,1,0,0.04,2,0,0,0,0,1,0,0,0,0,national
2025,CT,09150,Northeastern Connecticut,254900P7WLDQD9IUL038,Service Federal Credit Union,1,1,0,0.04,1,0,0,0,0,1,0,0,0,0,national
2025,CT,09150,Northeastern Connecticut,254900RUCO27MVGTO768,LOAN FUNDER LLC,6,1,1,0.04,6,0,0,0,0,1,0,0,0,0,national
2025,CT,09150,Northeastern Connecticut,254900W4EKVR6GZ0KS84,,1,1,0,0.04,1,0,0,0,0,1,0,0,0,0,national
2025,CT,09150,Northeastern Connecticut,254900WEP08K7U7S3A80,,2,1,0,0.04,1,0,1,0,0,1,0,0,0,0,national
2025,CT,09150,Northeastern Connecticut,3Y4U8VZURTYWI1W2K376,,1,1,0,0.04,1,0,0,0,0,1,0,0,0,0,national
2025,CT,09150,Northeastern Connecticut,5493000349C5XXDRQX28,,1,1,0,0.04,0,1,0,0,0,0,1,0,0,0,national
2025,CT,09150,Northeastern Connecticut,5493000NYUJT9UC6G261,,1,1,0,0.04,1,0,0,0,0,1,0,0,0,0,national
2025,CT,09150,Northeastern Connecticut,5493001GDRY0EL7VG372,"ARK-LA-TEX FINANCIAL SERVICES, LLC.",1,1,0,0.04,1,0,0,0,0,1,0,0,0,0,national
2025,CT,09150,Northeastern Connecticut,5493001X0T84TYRJ5Y59,,1,1,0,0.04,1,0,0,0,0,1,0,0,0,0,national
2025,CT,09150,Northeastern Connecticut,54930030S6J5KOL5LJ73,FAIRWINDS CREDIT UNION,1,1,0,0.04,1,0,0,0,0,1,0,0,0,0,national
2025,CT,09150,Northeastern Connecticut,54930030Z1JWTP3SVD16,,1,1,0,0.04,0,1,0,0,0,0,1,0,0,0,national
2025,CT,09150,Northeastern Connecticut,5493003B2LEGQHDWRN55,HANSCOM,1,1,0,0.04,1,0,0,0,0,1,0,0,0,0,national
2025,CT,09150,Northeastern Connecticut,5493003FTQTUEICOS793,,1,1,0,0.04,1,0,0,0,0,1,0,0,0,0,national
2025,CT,09150,Northeastern Connecticut,54930044OSTKOJMHF287,,1,1,0,0.04,1,0,0,0,0,1,0,0,0,0,national
2025,CT,09150,Northeastern Connecticut,5493004LN4GS7BNXIO13,,2,1,1,0.04,2,0,0,0,0,1,0,0,0,0,national
2025,CT,09150,Northeastern Connecticut,5493005NN76XZ2NOFH19,Country Bank for Savings,1,1,0,0.04,1,0,0,0,0,1,0,0,0,0,national
2025,CT,09150,Northeastern Connecticut,54930063578UDYE3JR69,,1,1,0,0.04,0,1,0,0,0,0,1,0,0,0,national
2025,CT,09150,Northeastern Connecticut,5493006Z74IVZXJ0XO35,,2,1,0,0.04,2,0,0,0,0,1,0,0,0,0,national
2025,CT,09150,Northeastern Connecticut,5493008CPTDVOS570626,"Primary Residential Mortgage, Inc.",3,1,1,0.04,3,0,0,0,0,1,0,0,0,0,national
2025,CT,09150,Northeastern Connecticut,54930091JQKCU3Z6IP44,,10,1,0,0.04,10,0,0,0,0,1,0,0,0,0,national
2025,CT,09150,Northeastern Connecticut,5493009B17HXCVXTD608,"JMAC LENDING, INC.",1,1,0,0.04,0,0,1,0,0,0,0,1,0,0,national
2025,CT,09150,Northeastern Connecticut,549300A5HHOL2ED18C72,,1,1,0,0.04,0,1,0,0,0,0,1,0,0,0,national
2025,CT,09150,Northeastern Connecticut,549300ALNLUNS3Y53T24,,2,1,0,0.04,1,1,0,0,0,1,0,0,0,0,national
2025,CT,09150,Northeastern Connecticut,549300BOXNV8VLRBDT24,,1,1,0,0.04,1,0,0,0,0,1,0,0,0,0,national
2025,CT,09150,Northeastern Connecticut,549300CLRXFVF83ZL806,"NATIONWIDE MORTGAGE BANKERS, INC.",1,1,0,0.04,1,0,0,0,0,1,0,0,0,0,national
2025,CT,09150,Northeastern Connecticut,549300DAUXQ2DCY4H838,"HARBORONE MORTGAGE, LLC",3,1,0,0.04,3,0,0,0,0,1,0,0,0,0,national
2025,CT,09150,Northeastern Connecticut,549300DRZGISDSL1BX02,,1,1,0,0.04,1,0,0,0,0,1,0,0,0,0,national
2025,CT,09150,Northeastern Connecticut,549300EKFFG3BU8DNX74,NEXERA HOLDING LLC,2,1,1,0.04,2,0,0,0,0,1,0,0,0,0,national
2025,CT,09150,Northeastern Connecticut,549300EMNDEK4BA8WB53,EMM LOANS LLC,2,1,1,0.04,2,0,0,0,0,1,0,0,0,0,national
2025,CT,09150,Northeastern Connecticut,549300GCEUZLVML1J263,RADIUS FINANCIAL GROUP INC.,2,1,0,0.04,1,0,1,0,0,1,0,0,0,0,national
2025,CT,09150,Northeastern Connecticut,549300GE8KIGZVQV1223,,3,1,1,0.04,3,0,0,0,0,1,0,0,0,0,national
2025,CT,09150,Northeastern Connecticut,549300GG5XNEIGHQTG04,,1,1,0,0.04,0,0,1,0,0,0,0,1,0,0,national
2025,CT,09150,Northeastern Connecticut,549300GPO6DWUZR4UY30,,2,1,0,0.04,2,0,0,0,0,1,0,0,0,0,national
2025,CT,09150,Northeastern Connecticut,549300GS0W0TEUQS8571,"Morgan Stanley Private Bank, National Association",1,1,0,0.04,1,0,0,0,0,1,0,0,0,0,national
2025,CT,09150,Northeastern Connecticut,549300GTJL0LGX444G33,,1,1,0,0.04,1,0,0,0,0,1,0,0,0,0,national
2025,CT,09150,Northeastern Connecticut,549300JEBULFT3BSU682,Bangor Savings Bank,1,1,0,0.04,1,0,0,0,0,1,0,0,0,0,national
2025,CT,09150,Northeastern Connecticut,549300KJ8PAJ7E52HG32,Plains Commerce Bank,2,1,0,0.04,1,1,0,0,0,0,1,0,0,0,national
2025,CT,09150,Northeastern Connecticut,549300KSOOZZVXCMA627,ANGEL OAK MORTGAGE SOLUTIONS LLC,1,1,0,0.04,1,0,0,0,0,1,0,0,0,0,national
2025,CT,09150,Northeastern Connecticut,549300LI3FDGO7UKFF39,EAST COAST CAPITAL CORP.,1,1,0,0.04,1,0,0,0,0,1,0,0,0,0,national
2025,CT,09150,Northeastern Connecticut,549300LZUXCJFE5ONM48,,1,1,0,0.04,0,1,0,0,0,0,1,0,0,0,national
2025,CT,09150,Northeastern Connecticut,549300MN2NONI4E6X341,,1,1,0,0.04,1,0,0,0,0,1,0,0,0,0,national
2025,CT,09150,Northeastern Connecticut,549300NWBS6MQJX15N44,,2,1,1,0.04,1,0,1,0,0,0,0,1,0,0,national
2025,CT,09150,Northeastern Connecticut,549300PC4MFWQBNVKG88,,2,1,0,0.04,2,0,0,0,0,1,0,0,0,0,national
2025,CT,09150,Northeastern Connecticut,549300PL267CW8182203,,4,1,0,0.04,1,3,0,0,0,0,1,0,0,0,national
2025,CT,09150,Northeastern Connecticut,549300PL8ER6H23P0Z91,,1,1,0,0.04,1,0,0,0,0,1,0,0,0,0,national
2025,CT,09150,Northeastern Connecticut,549300PQLK8E48ILXV41,,3,1,0,0.04,3,0,0,0,0,1,0,0,0,0,national
2025,CT,09150,Northeastern Connecticut,549300QDGMFASKEN7Z77,,1,1,0,0.04,1,0,0,0,0,1,0,0,0,0,national
2025,CT,09150,Northeastern Connecticut,549300QKL5FUBZ8LSF50,,1,1,0,0.04,0,1,0,0,0,0,1,0,0,0,national
2025,CT,09150,Northeastern Connecticut,549300R4DYQY768S1R28,,1,1,0,0.04,1,0,0,0,0,1,0,0,0,0,national
2025,CT,09150,Northeastern Connecticut,549300REENMLD2RN3W58,,1,1,0,0.04,0,0,1,0,0,0,0,1,0,0,national
2025,CT,09150,Northeastern Connecticut,549300RN01LBYR8ZVX74,"LOWER, LLC",4,1,2,0.04,1,3,0,0,0,1,0,0,0,0,national
2025,CT,09150,Northeastern Connecticut,549300RYJCJ7JPQ4RF20,BankNewport,4,1,2,0.04,4,0,0,0,0,1,0,0,0,0,national
2025,CT,09150,Northeastern Connecticut,549300TA4MQM8WN2XG31,,2,1,0,0.04,2,0,0,0,0,1,0,0,0,0,national
2025,CT,09150,Northeastern Connecticut,549300TK6RZQSFXZHV09,,1,1,0,0.04,1,0,0,0,0,1,0,0,0,0,national
2025,CT,09150,Northeastern Connecticut,549300UG7QXKM7KGV847,,1,1,0,0.04,1,0,0,0,0,1,0,0,0,0,national
2025,CT,09150,Northeastern Connecticut,549300V8UCJTLZZT4M32,,1,1,0,0.04,1,0,0,0,0,1,0,0,0,0,national
2025,CT,09150,Northeastern Connecticut,549300XCVBRR56D08F03,,3,1,0,0.04,2,0,1,0,0,1,0,0,0,0,national
2025,CT,09150,Northeastern Connecticut,549300XQVJ1XBNFA5536,21ST MORTGAGE CORPORATION,3,1,0,0.04,3,0,0,0,0,1,0,0,0,0,national
2025,CT,09150,Northeastern Connecticut,549300XUMML1SMLTVQ62,,3,1,2,0.04,3,0,0,0,0,1,0,0,0,0,national
2025,CT,09150,Northeastern Connecticut,549300YN94MOAVYW0F52,"GoodLeap, LLC",2,1,1,0.04,1,1,0,0,0,0,1,0,0,0,national
2025,CT,09150,Northeastern Connecticut,549300YW2UBCMDRMBT48,,1,1,0,0.04,1,0,0,0,0,1,0,0,0,0,national
2025,CT,09150,Northeastern Connecticut,549300ZOKUKS0Z7C3X31,,2,1,1,0.04,2,0,0,0,0,1,0,0,0,0,national
2025,CT,09150,Northeastern Connecticut,562V2SM4I80MJO5HYB83,,2,1,0,0.04,2,0,0,0,0,1,0,0,0,0,national
2025,CT,09150,Northeastern Connecticut,98450087981AP406JG03,,1,1,0,0.04,1,0,0,0,0,1,0,0,0,0,national
2025,CT,09150,Northeastern Connecticut,AD6GFRVSDT01YPT1CS68,"PNC Bank, National Association",6,1,2,0.04,6,0,0,0,0,1,0,0,0,0,national
2025,CT,09150,Northeastern Connecticut,COOWI3L2W9TPYR3WJX37,First Horizon Bank,1,1,0,0.04,1,0,0,0,0,1,0,0,0,0,national
2025,CT,09150,Northeastern Connecticut,GDN5JXQ4P5NZE28ZRC90,City National Bank of Florida,2,1,0,0.04,2,0,0,0,0,1,0,0,0,0,national
2025,CT,09150,Northeastern Connecticut,X8V2II80XTQHRH7NCB19,Eastern Bank,5,0,4,0.0,5,0,0,0,0,0,0,0,0,0,national
2025,CT,09160,Northwest Hills,549300VJQJVZKJBDWS17,"TOTAL MORTGAGE SERVICES, LLC",232,189,6,7.37,175,48,8,1,0,140,40,8,1,0,national
2025,CT,09160,Northwest Hills,549300FGXN1K3HLB1R50,"Rocket Mortgage, LLC",207,144,40,5.61,168,30,9,0,0,123,16,5,0,0,national
2025,CT,09160,Northwest Hills,549300HYHFCULSUBAE54,FIRST WORLD MORTGAGE CORPORATION,162,140,2,5.46,130,29,3,0,0,113,25,2,0,0,national
2025,CT,09160,Northwest Hills,54930002M4XN64FM7Z89,,191,120,40,4.68,191,0,0,0,0,120,0,0,0,0,national
2025,CT,09160,Northwest Hills,549300JBZ3MK7Z4FI764,,159,116,24,4.52,157,2,0,0,0,114,2,0,0,0,national
2025,CT,09160,Northwest Hills,WV0OVGBTLUP1XIUJE722,"Webster Bank, National Association",172,89,47,3.47,171,1,0,0,0,89,0,0,0,0,national
2025,CT,09160,Northwest Hills,1VUZZZCW0TWP6R7N3Z33,,122,88,19,3.43,122,0,0,0,0,88,0,0,0,0,national
2025,CT,09160,Northwest Hills,254900W4EKVR6GZ0KS84,,96,84,3,3.27,96,0,0,0,0,84,0,0,0,0,national
2025,CT,09160,Northwest Hills,549300HW662MN1WU8550,"United Wholesale Mortgage, LLC",121,84,18,3.27,66,41,14,0,0,48,27,9,0,0,national
2025,CT,09160,Northwest Hills,5493009BOQDC6PCFR785,"NBT Bank, National Association",108,68,25,2.65,107,1,0,0,0,67,1,0,0,0,national
2025,CT,09160,Northwest Hills,549300VZVN841I2ILS84,Freedom Mortgage Corporation,73,59,1,2.3,60,12,1,0,0,49,9,1,0,0,national
2025,CT,09160,Northwest Hills,B4TYDEB6GKMZO031MB27,"Guaranteed Rate, Inc.",116,53,39,2.07,114,2,0,0,0,52,1,0,0,0,national
2025,CT,09160,Northwest Hills,WWB2V0FCW3A0EE3ZJN75,Manufacturers and Traders Trust Company,81,50,24,1.95,79,1,0,1,0,48,1,0,1,0,national
2025,CT,09160,Northwest Hills,549300KWXO8FUM7L0E14,Liberty Bank,63,49,7,1.91,61,2,0,0,0,48,1,0,0,0,national
2025,CT,09160,Northwest Hills,DRMSV1Q0EKMEXLAU1P80,"Citizens Bank, National Association",75,46,22,1.79,75,0,0,0,0,46,0,0,0,0,national
2025,CT,09160,Northwest Hills,549300GKFNPRWNS0GF29,"AmeriHome Mortgage Company, LLC",64,43,6,1.68,35,11,0,18,0,22,8,0,13,0,national
2025,CT,09160,Northwest Hills,549300F8C5JA44WNMI75,AMERICAN NEIGHBORHOOD MORTGAGE ACCEPTANCE COMPANY LLC,50,40,0,1.56,39,8,3,0,0,31,6,3,0,0,national
2025,CT,09160,Northwest Hills,549300AG64NHILB7ZP05,"PennyMac Loan Services, LLC",69,39,23,1.52,50,17,2,0,0,28,9,2,0,0,national
2025,CT,09160,Northwest Hills,549300DD4R4SYK5RAQ92,"Cardinal Financial Company, Limited Partnership",45,37,0,1.44,41,2,2,0,0,34,1,2,0,0,national
2025,CT,09160,Northwest Hills,5493005PKOSG7MYX0B34,"Prosperity Home Mortgage, LLC",43,30,2,1.17,37,6,0,0,0,26,4,0,0,0,national
2025,CT,09160,Northwest Hills,549300LBCBNR1OT00651,NATIONSTAR MORTGAGE LLC,43,28,5,1.09,34,6,3,0,0,24,3,1,0,0,national
2025,CT,09160,Northwest Hills,549300MGPZBLQDIL7538,"PrimeLending, a PlainsCapital Company",38,27,1,1.05,29,8,1,0,0,21,5,1,0,0,national
2025,CT,09160,Northwest Hills,7H6GLXDRUGQFU57RNE97,"JPMorgan Chase Bank, National Association",40,27,4,1.05,40,0,0,0,0,27,0,0,0,0,national
2025,CT,09160,Northwest Hills,03D0JEWFDFUS0SEEKG89,"TD Bank, National Association",44,25,11,0.97,44,0,0,0,0,25,0,0,0,0,national
2025,CT,09160,Northwest Hills,549300FNXYY540N23N64,Newrez LLC,67,24,10,0.94,47,14,6,0,0,18,3,3,0,0,national
2025,CT,09160,Northwest Hills,549300YFPHIE78XPP635,,27,24,0,0.94,27,0,0,0,0,24,0,0,0,0,national
2025,CT,09160,Northwest Hills,254900UL88QFG0E40516,FIGURE LENDING LLC,50,22,16,0.86,50,0,0,0,0,22,0,0,0,0,national
2025,CT,09160,Northwest Hills,549300TYBI78RNWPFB28,,35,22,6,0.86,35,0,0,0,0,22,0,0,0,0,national
2025,CT,09160,Northwest Hills,549300DD5QQUHO6PCH70,"Movement Mortgage, LLC",42,21,9,0.82,6,2,34,0,0,2,2,17,0,0,national
2025,CT,09160,Northwest Hills,549300U3721PJGQZYY68,Nationstar Mortgage LLC,34,21,4,0.82,26,4,4,0,0,16,3,2,0,0,national
2025,CT,09160,Northwest Hills,RVDPPPGHCGZ40J4VQ731,Fairway Independent Mortgage Corporation,43,21,6,0.82,21,16,6,0,0,12,6,3,0,0,national
2025,CT,09160,Northwest Hills,549300PC4MFWQBNVKG88,,20,20,0,0.78,17,1,2,0,0,17,1,2,0,0,national
2025,CT,09160,Northwest Hills,549300XUMML1SMLTVQ62,,29,20,8,0.78,29,0,0,0,0,20,0,0,0,0,national
2025,CT,09160,Northwest Hills,549300OPCWU6E72WUT29,"MUTUAL OF OMAHA MORTGAGE, INC.",32,19,6,0.74,14,14,4,0,0,9,8,2,0,0,national
2025,CT,09160,Northwest Hills,549300T5QSL6MC8M4D04,"NORWICH COMMERCIAL GROUP, INC.",21,17,2,0.66,19,2,0,0,0,17,0,0,0,0,national
2025,CT,09160,Northwest Hills,6BYL5QZYBDK8S7L73M02,U.S. Bank National Association,25,17,4,0.66,24,0,1,0,0,17,0,0,0,0,national
2025,CT,09160,Northwest Hills,549300E2UX99HKDBR481,"Broker Solutions, Inc.",62,16,13,0.62,32,28,2,0,0,11,4,1,0,0,national
2025,CT,09160,Northwest Hills,5493001WHVQBGRSWEU75,"HOMEBRIDGE FINANCIAL SERVICES, INC.",20,15,0,0.58,20,0,0,0,0,15,0,0,0,0,national
2025,CT,09160,Northwest Hills,549300LYRWPSYPK6S325,Guild Mortgage Company LLC,58,15,5,0.58,14,26,18,0,0,5,3,7,0,0,national
2025,CT,09160,Northwest Hills,5493003GQDUH26DNNH17,Navy Federal Credit Union,35,14,14,0.55,27,0,8,0,0,10,0,4,0,0,national
2025,CT,09160,Northwest Hills,5493009OLY1HC3F0SB77,,17,14,2,0.55,15,1,1,0,0,12,1,1,0,0,national
2025,CT,09160,Northwest Hills,KB1H1DSPRFMYMCUFXT09,"Wells Fargo Bank, National Association",24,14,2,0.55,24,0,0,0,0,14,0,0,0,0,national
2025,CT,09160,Northwest Hills,549300PIL8LFAQ04XC20,Better Mortgage Corporation,39,13,22,0.51,39,0,0,0,0,13,0,0,0,0,national
2025,CT,09160,Northwest Hills,5493005H3NABV4GMAG85,,13,12,0,0.47,13,0,0,0,0,12,0,0,0,0,national
2025,CT,09160,Northwest Hills,549300R9S3MVDV4MGF56,"CARRINGTON MORTGAGE SERVICES, LLC",31,12,10,0.47,13,18,0,0,0,5,7,0,0,0,national
2025,CT,09160,Northwest Hills,E57ODZWZ7FF32TWEFA76,"Citibank, National Association",19,12,1,0.47,19,0,0,0,0,12,0,0,0,0,national
2025,CT,09160,Northwest Hills,549300CLRXFVF83ZL806,"NATIONWIDE MORTGAGE BANKERS, INC.",17,10,2,0.39,12,5,0,0,0,7,3,0,0,0,national
2025,CT,09160,Northwest Hills,549300YIQ7S7Z8PIHE53,AMERISAVE MORTGAGE CORPORATION,48,10,31,0.39,37,9,2,0,0,8,2,0,0,0,national
2025,CT,09160,Northwest Hills,549300GTVXJ2PGXNLM73,T2 FINANCIAL LLC,12,9,1,0.35,8,3,1,0,0,7,1,1,0,0,national
2025,CT,09160,Northwest Hills,549300JYXTZDSPJEPI44,"PLAZA HOME MORTGAGE, INC.",11,9,2,0.35,5,5,1,0,0,4,4,1,0,0,national
2025,CT,09160,Northwest Hills,254900RUCO27MVGTO768,LOAN FUNDER LLC,13,8,2,0.31,13,0,0,0,0,8,0,0,0,0,national
2025,CT,09160,Northwest Hills,549300GWD9H4FQ2VR805,,10,8,2,0.31,10,0,0,0,0,8,0,0,0,0,national
2025,CT,09160,Northwest Hills,549300Q50XCC0473FG63,,13,8,4,0.31,13,0,0,0,0,8,0,0,0,0,national
2025,CT,09160,Northwest Hills,549300T9P3WXNMXX0I34,Ixonia Bank,10,8,1,0.31,7,3,0,0,0,6,2,0,0,0,national
2025,CT,09160,Northwest Hills,AD6GFRVSDT01YPT1CS68,"PNC Bank, National Association",18,8,4,0.31,18,0,0,0,0,8,0,0,0,0,national
2025,CT,09160,Northwest Hills,254900DTLHVWQ7NP7R34,"CMG Mortgage, Inc.",11,7,2,0.27,10,1,0,0,0,6,1,0,0,0,national
2025,CT,09160,Northwest Hills,54930052M48FOD3CWA54,"PRIMARY RESIDENTIAL MORTGAGE, INC.",7,7,0,0.27,5,2,0,0,0,5,2,0,0,0,national
2025,CT,09160,Northwest Hills,549300FW5QWKDV0UY394,,10,7,0,0.27,10,0,0,0,0,7,0,0,0,0,national
2025,CT,09160,Northwest Hills,549300L0OVX5O63S8C68,WASHINGTON TRUST MORTGAGE COMPANY LLC,8,7,1,0.27,8,0,0,0,0,7,0,0,0,0,national
2025,CT,09160,Northwest Hills,549300MZ8VZJOVC63092,"KIND LENDING, LLC",15,7,6,0.27,12,3,0,0,0,6,1,0,0,0,national
2025,CT,09160,Northwest Hills,549300RPOGWJRH63HS39,UNION HOME MORTGAGE CORP.,8,7,0,0.27,7,1,0,0,0,7,0,0,0,0,national
2025,CT,09160,Northwest Hills,984500U2F9A83N391A91,"CHAMPIONS FUNDING, LLC",12,7,1,0.27,12,0,0,0,0,7,0,0,0,0,national
2025,CT,09160,Northwest Hills,213800XR2TCBQJSF1X93,,12,6,2,0.23,10,0,2,0,0,4,0,2,0,0,national
2025,CT,09160,Northwest Hills,5493001GCBD5XGNIC815,Coastal Community Bank,21,6,0,0.23,21,0,0,0,0,6,0,0,0,0,national
2025,CT,09160,Northwest Hills,5493004D0Z2WQR26VL57,,7,6,1,0.23,7,0,0,0,0,6,0,0,0,0,national
2025,CT,09160,Northwest Hills,5493006Z74IVZXJ0XO35,,10,6,3,0.23,10,0,0,0,0,6,0,0,0,0,national
2025,CT,09160,Northwest Hills,5493008P6YO2KM3EO556,,6,6,0,0.23,6,0,0,0,0,6,0,0,0,0,national
2025,CT,09160,Northwest Hills,549300AQ3T62GXDU7D76,Ally Bank,6,6,0,0.23,4,2,0,0,0,4,2,0,0,0,national
2025,CT,09160,Northwest Hills,549300EMNDEK4BA8WB53,EMM LOANS LLC,9,6,1,0.23,4,5,0,0,0,4,2,0,0,0,national
2025,CT,09160,Northwest Hills,549300FK3AFCFVAPH234,"Leader Bank, National Association",6,6,0,0.23,6,0,0,0,0,6,0,0,0,0,national
2025,CT,09160,Northwest Hills,549300GS0W0TEUQS8571,"Morgan Stanley Private Bank, National Association",10,6,0,0.23,10,0,0,0,0,6,0,0,0,0,national
2025,CT,09160,Northwest Hills,549300MCIFZSDHUT8X63,"NFM, INC.",6,6,0,0.23,3,2,1,0,0,3,2,1,0,0,national
2025,CT,09160,Northwest Hills,549300XY701IELCE5Q08,BETTER MORTGAGE CORPORATION,24,6,10,0.23,23,1,0,0,0,6,0,0,0,0,national
2025,CT,09160,Northwest Hills,PAOOWF3GUFM46FBSP561,,9,6,0,0.23,5,3,1,0,0,3,2,1,0,0,national
2025,CT,09160,Northwest Hills,549300121SF0K2LN2804,"PRIMELENDING, A PLAINSCAPITAL COMPANY",7,5,0,0.19,4,3,0,0,0,3,2,0,0,0,national
2025,CT,09160,Northwest Hills,5493001BJFQ0EM41N379,,5,5,0,0.19,5,0,0,0,0,5,0,0,0,0,national
2025,CT,09160,Northwest Hills,549300370QILXLFUWD20,"ZILLOW HOME LOANS, LLC",7,5,1,0.19,6,1,0,0,0,5,0,0,0,0,national
2025,CT,09160,Northwest Hills,54930054ET8KM4O1D485,"SOFI BANK, NATIONAL ASSOCIATION",27,5,1,0.19,25,2,0,0,0,5,0,0,0,0,national
2025,CT,09160,Northwest Hills,54930085BPQMVH9JFX69,HUDSON VALLEY CREDIT UNION,10,5,3,0.19,10,0,0,0,0,5,0,0,0,0,national
2025,CT,09160,Northwest Hills,549300CA0J0Z7OFQBG71,,6,5,1,0.19,6,0,0,0,0,5,0,0,0,0,national
2025,CT,09160,Northwest Hills,549300K4ZLGS7SRDTL86,Equity Prime Mortgage LLC,9,5,0,0.19,0,8,1,0,0,0,5,0,0,0,national
2025,CT,09160,Northwest Hills,549300T3F9S1MKFKHC53,HOMESTEAD FUNDING CORP.,5,5,0,0.19,3,2,0,0,0,3,2,0,0,0,national
2025,CT,09160,Northwest Hills,549300YN94MOAVYW0F52,"GoodLeap, LLC",6,5,0,0.19,6,0,0,0,0,5,0,0,0,0,national
2025,CT,09160,Northwest Hills,2549008G9SP4WM32NN96,,4,4,0,0.16,3,1,0,0,0,3,1,0,0,0,national
2025,CT,09160,Northwest Hills,2549009YMLXX9WQWPX05,,8,4,3,0.16,8,0,0,0,0,4,0,0,0,0,national
2025,CT,09160,Northwest Hills,549300FX7K8PTEQUU487,PENTAGON FEDERAL CREDIT UNION,12,4,6,0.16,11,1,0,0,0,4,0,0,0,0,national
2025,CT,09160,Northwest Hills,549300INFJ8TYNZ1G568,,4,4,0,0.16,4,0,0,0,0,4,0,0,0,0,national
2025,CT,09160,Northwest Hills,549300IYKILIU506KA05,PeoplesBank,6,4,1,0.16,6,0,0,0,0,4,0,0,0,0,national
2025,CT,09160,Northwest Hills,549300KTR1JGH3K6LU06,FOURLEAF,9,4,4,0.16,9,0,0,0,0,4,0,0,0,0,national
2025,CT,09160,Northwest Hills,549300NOCASXPA34X033,"LAKEVIEW LOAN SERVICING, LLC",22,4,13,0.16,11,8,3,0,0,2,1,1,0,0,national
2025,CT,09160,Northwest Hills,549300PQLK8E48ILXV41,,5,4,0,0.16,5,0,0,0,0,4,0,0,0,0,national
2025,CT,09160,Northwest Hills,549300RA3E0BUFO7YZ21,"Hometown Equity Mortgage, LLC",5,4,1,0.16,5,0,0,0,0,4,0,0,0,0,national
2025,CT,09160,Northwest Hills,549300S5YL3OH0IVCS62,FINANCE OF AMERICA REVERSE LLC,8,4,3,0.16,5,3,0,0,0,2,2,0,0,0,national
2025,CT,09160,Northwest Hills,549300UN8J4H5P8XWP62,,5,4,1,0.16,5,0,0,0,0,4,0,0,0,0,national
2025,CT,09160,Northwest Hills,549300Y5Y88FQLI7VE83,DEEPHAVEN MORTGAGE LLC,7,4,2,0.16,7,0,0,0,0,4,0,0,0,0,national
2025,CT,09160,Northwest Hills,549300YW2UBCMDRMBT48,,5,4,0,0.16,4,1,0,0,0,3,1,0,0,0,national
2025,CT,09160,Northwest Hills,549300ZOKUKS0Z7C3X31,,6,4,2,0.16,6,0,0,0,0,4,0,0,0,0,national
2025,CT,09160,Northwest Hills,2549008X67CV1MNM7747,,4,3,0,0.12,3,1,0,0,0,2,1,0,0,0,national
2025,CT,09160,Northwest Hills,254900WTZC5SSKIN2M11,,3,3,0,0.12,3,0,0,0,0,3,0,0,0,0,national
2025,CT,09160,Northwest Hills,254900ZFWS2106HWPH46,"PARAMOUNT RESIDENTIAL MORTGAGE GROUP, INC.",5,3,0,0.12,3,2,0,0,0,3,0,0,0,0,national
2025,CT,09160,Northwest Hills,54930021WPEXNHYZUL09,"PLANET HOME LENDING, LLC",3,3,0,0.12,1,2,0,0,0,1,2,0,0,0,national
2025,CT,09160,Northwest Hills,54930030Z1JWTP3SVD16,,5,3,0,0.12,1,4,0,0,0,1,2,0,0,0,national
2025,CT,09160,Northwest Hills,54930055Z5ZI5MLNR750,,5,3,1,0.12,5,0,0,0,0,3,0,0,0,0,national
2025,CT,09160,Northwest Hills,5493005HTCBH4TWCVM82,,9,3,0,0.12,9,0,0,0,0,3,0,0,0,0,national
2025,CT,09160,Northwest Hills,5493008CPTDVOS570626,"Primary Residential Mortgage, Inc.",12,3,5,0.12,12,0,0,0,0,3,0,0,0,0,national
2025,CT,09160,Northwest Hills,54930091JQKCU3Z6IP44,,17,3,1,0.12,17,0,0,0,0,3,0,0,0,0,national
2025,CT,09160,Northwest Hills,549300DRZGISDSL1BX02,,4,3,0,0.12,4,0,0,0,0,3,0,0,0,0,national
2025,CT,09160,Northwest Hills,549300HQL7U3JZ4LCJ17,,3,3,0,0.12,3,0,0,0,0,3,0,0,0,0,national
2025,CT,09160,Northwest Hills,549300RN01LBYR8ZVX74,"LOWER, LLC",7,3,2,0.12,4,3,0,0,0,1,2,0,0,0,national
2025,CT,09160,Northwest Hills,549300T7RPUYDIE5FH39,,4,3,0,0.12,4,0,0,0,0,3,0,0,0,0,national
2025,CT,09160,Northwest Hills,549300T94GSH3C4U5M59,ALLIANT CREDIT UNION,3,3,0,0.12,3,0,0,0,0,3,0,0,0,0,national
2025,CT,09160,Northwest Hills,549300UXY7OP0IC38293,,3,3,0,0.12,3,0,0,0,0,3,0,0,0,0,national
2025,CT,09160,Northwest Hills,549300ZPSJZO10ZAX556,"AMERICAN HERITAGE LENDING, LLC",5,3,0,0.12,5,0,0,0,0,3,0,0,0,0,national
2025,CT,09160,Northwest Hills,CKVBED0S4DMLKJJ5XH28,,3,3,0,0.12,3,0,0,0,0,3,0,0,0,0,national
2025,CT,09160,Northwest Hills,WKN6AF1FCL7BBYGTGI83,,4,3,1,0.12,4,0,0,0,0,3,0,0,0,0,national
2025,CT,09160,Northwest Hills,1IE8VN30JCEQV1H4R804,,4,2,1,0.08,4,0,0,0,0,2,0,0,0,0,national
2025,CT,09160,Northwest Hills,2549002VH9C0PKB8K153,,4,2,2,0.08,4,0,0,0,0,2,0,0,0,0,national
2025,CT,09160,Northwest Hills,2549004XJQQPBYQSMT39,,3,2,1,0.08,3,0,0,0,0,2,0,0,0,0,national
2025,CT,09160,Northwest Hills,2549004Z576VEJBK3N72,"NQM FUNDING, LLC",2,2,0,0.08,2,0,0,0,0,2,0,0,0,0,national
2025,CT,09160,Northwest Hills,2549005SIVTHG14U2905,A&D Mortgage LLC,3,2,1,0.08,3,0,0,0,0,2,0,0,0,0,national
2025,CT,09160,Northwest Hills,254900VE4XTOQUE8NZ77,,4,2,2,0.08,4,0,0,0,0,2,0,0,0,0,national
2025,CT,09160,Northwest Hills,254900VELJPWWT51WN03,,2,2,0,0.08,2,0,0,0,0,2,0,0,0,0,national
2025,CT,09160,Northwest Hills,54930001NSTOD85LT125,"GUARANTEED RATE AFFINITY, LLC",9,2,3,0.08,9,0,0,0,0,2,0,0,0,0,national
2025,CT,09160,Northwest Hills,5493000349C5XXDRQX28,,2,2,0,0.08,2,0,0,0,0,2,0,0,0,0,national
2025,CT,09160,Northwest Hills,54930023C70YMJJDRL61,,2,2,0,0.08,2,0,0,0,0,2,0,0,0,0,national
2025,CT,09160,Northwest Hills,5493002GI63WHHUTUD85,,5,2,0,0.08,4,1,0,0,0,2,0,0,0,0,national
2025,CT,09160,Northwest Hills,54930043BMDE130FJ617,"PROVIDENT FUNDING ASSOCIATES, L.P.",4,2,0,0.08,4,0,0,0,0,2,0,0,0,0,national
2025,CT,09160,Northwest Hills,54930048P8RWCQHQM310,,3,2,0,0.08,3,0,0,0,0,2,0,0,0,0,national
2025,CT,09160,Northwest Hills,5493004R423PBPM6A173,,2,2,0,0.08,0,2,0,0,0,0,2,0,0,0,national
2025,CT,09160,Northwest Hills,5493005ICQ3QGEIWV618,UNITED MORTGAGE CORP.,6,2,0,0.08,1,5,0,0,0,0,2,0,0,0,national
2025,CT,09160,Northwest Hills,5493005OOIYF660YQO46,,2,2,0,0.08,2,0,0,0,0,2,0,0,0,0,national
2025,CT,09160,Northwest Hills,5493005PD34O8ZT7QT17,,2,2,0,0.08,2,0,0,0,0,2,0,0,0,0,national
2025,CT,09160,Northwest Hills,54930078TNN7GKZ7NU89,,2,2,0,0.08,1,0,1,0,0,1,0,1,0,0,national
2025,CT,09160,Northwest Hills,5493008XQDQ2YZPQKX53,,2,2,0,0.08,1,1,0,0,0,1,1,0,0,0,national
2025,CT,09160,Northwest Hills,549300A5HHOL2ED18C72,,3,2,0,0.08,3,0,0,0,0,2,0,0,0,0,national
2025,CT,09160,Northwest Hills,549300BHPLBG0CXKTL06,,2,2,0,0.08,2,0,0,0,0,2,0,0,0,0,national
2025,CT,09160,Northwest Hills,549300BX448ALT10FI43,The Federal Savings Bank,6,2,0,0.08,2,1,3,0,0,0,1,1,0,0,national
2025,CT,09160,Northwest Hills,549300EKFFG3BU8DNX74,NEXERA HOLDING LLC,3,2,1,0.08,2,1,0,0,0,2,0,0,0,0,national
2025,CT,09160,Northwest Hills,549300FVD3YHE65PKH97,,2,2,0,0.08,1,1,0,0,0,1,1,0,0,0,national
2025,CT,09160,Northwest Hills,549300G2LV8W3C1G3762,,4,2,0,0.08,4,0,0,0,0,2,0,0,0,0,national
2025,CT,09160,Northwest Hills,549300J7I82PNDVU8H22,"OCMBC, INC.",5,2,1,0.08,4,1,0,0,0,2,0,0,0,0,national
2025,CT,09160,Northwest Hills,549300JI0UWY4QIWDV89,"NORTHPOINT MORTGAGE, INC.",2,2,0,0.08,1,0,1,0,0,1,0,1,0,0,national
2025,CT,09160,Northwest Hills,549300KSOOZZVXCMA627,ANGEL OAK MORTGAGE SOLUTIONS LLC,3,2,0,0.08,3,0,0,0,0,2,0,0,0,0,national
2025,CT,09160,Northwest Hills,549300LI3FDGO7UKFF39,EAST COAST CAPITAL CORP.,3,2,0,0.08,2,1,0,0,0,1,1,0,0,0,national
2025,CT,09160,Northwest Hills,549300LLKEKXL2RM1F61,CONTOUR MORTGAGE CORPORATION,2,2,0,0.08,1,1,0,0,0,1,1,0,0,0,national
2025,CT,09160,Northwest Hills,549300LR1ZETOWYE9Z89,Berkshire Bank,8,2,1,0.08,8,0,0,0,0,2,0,0,0,0,national
2025,CT,09160,Northwest Hills,549300O6Z0I6KYMESL47,AMWEST FUNDING CORP.,5,2,1,0.08,5,0,0,0,0,2,0,0,0,0,national
2025,CT,09160,Northwest Hills,549300QCV4J37OC2IL06,,2,2,0,0.08,2,0,0,0,0,2,0,0,0,0,national
2025,CT,09160,Northwest Hills,549300RYTR2RVL4SFJ90,,2,2,0,0.08,2,0,0,0,0,2,0,0,0,0,national
2025,CT,09160,Northwest Hills,549300RYWXR8TL5LIK35,,3,2,0,0.08,1,2,0,0,0,1,1,0,0,0,national
2025,CT,09160,Northwest Hills,549300VCMRO4ST680C11,VILLAGE CAPITAL & INVESTMENT LLC,10,2,4,0.08,0,7,3,0,0,0,2,0,0,0,national
2025,CT,09160,Northwest Hills,593C3GZG957YOJPS2Z63,,3,2,0,0.08,3,0,0,0,0,2,0,0,0,0,national
2025,CT,09160,Northwest Hills,984500CD6F0743B8F530,,2,2,0,0.08,0,0,2,0,0,0,0,2,0,0,national
2025,CT,09160,Northwest Hills,HUX2X73FUCYHUVH1BK78,KeyBank National Association,3,2,1,0.08,3,0,0,0,0,2,0,0,0,0,national
2025,CT,09160,Northwest Hills,KD3XUN7C6T14HNAYLU02,,2,2,0,0.08,2,0,0,0,0,2,0,0,0,0,national
2025,CT,09160,Northwest Hills,SS1TRMSN6BRNMOREEV51,"Flagstar Bank, National Association",3,2,0,0.08,1,1,1,0,0,1,1,0,0,0,national
2025,CT,09160,Northwest Hills,2549001JPW8TWJYMNE74,,1,1,0,0.04,1,0,0,0,0,1,0,0,0,0,national
2025,CT,09160,Northwest Hills,2549001SI0EMFPT39035,"Cornerstone First Mortgage, Inc",2,1,0,0.04,1,0,1,0,0,0,0,1,0,0,national
2025,CT,09160,Northwest Hills,2549005Q4HZ55QX7YC64,,1,1,0,0.04,0,0,1,0,0,0,0,1,0,0,national
2025,CT,09160,Northwest Hills,2549008TT6UNYR7AXF54,,1,1,0,0.04,1,0,0,0,0,1,0,0,0,0,national
2025,CT,09160,Northwest Hills,254900ACUWEGW702BR80,"FM Home Loans, LLC",1,1,0,0.04,1,0,0,0,0,1,0,0,0,0,national
2025,CT,09160,Northwest Hills,254900C1CRYSCHG38F20,,2,1,0,0.04,2,0,0,0,0,1,0,0,0,0,national
2025,CT,09160,Northwest Hills,254900E6AIE4Z8YQM970,Citadel Servicing Corporation,2,1,0,0.04,2,0,0,0,0,1,0,0,0,0,national
2025,CT,09160,Northwest Hills,254900EZRN0CBEP77K34,,1,1,0,0.04,1,0,0,0,0,1,0,0,0,0,national
2025,CT,09160,Northwest Hills,254900HA4DQWAE0W3342,"AMERIHOME MORTGAGE COMPANY, LLC",2,1,0,0.04,0,2,0,0,0,0,1,0,0,0,national
2025,CT,09160,Northwest Hills,254900HEJ9F73IMPX887,,2,1,0,0.04,1,0,1,0,0,0,0,1,0,0,national
2025,CT,09160,Northwest Hills,254900HJA1Y85EJCGB90,,1,1,0,0.04,1,0,0,0,0,1,0,0,0,0,national
2025,CT,09160,Northwest Hills,254900IRE136HFEI2562,,1,1,0,0.04,1,0,0,0,0,1,0,0,0,0,national
2025,CT,09160,Northwest Hills,254900NZOY3XB2DNSZ34,,1,1,0,0.04,1,0,0,0,0,1,0,0,0,0,national
2025,CT,09160,Northwest Hills,254900O2K17TNH5CL873,"RF RENOVO MANAGEMENT COMPANY, LLC",2,1,0,0.04,2,0,0,0,0,1,0,0,0,0,national
2025,CT,09160,Northwest Hills,254900O86JRT86YLQO47,,2,1,1,0.04,2,0,0,0,0,1,0,0,0,0,national
2025,CT,09160,Northwest Hills,254900QY5ST0J7P6M123,,2,1,0,0.04,2,0,0,0,0,1,0,0,0,0,national
2025,CT,09160,Northwest Hills,254900TG14TB8RKS3U42,,1,1,0,0.04,1,0,0,0,0,1,0,0,0,0,national
2025,CT,09160,Northwest Hills,2WHM8VNJH63UN14OL754,The Huntington National Bank,1,1,0,0.04,1,0,0,0,0,1,0,0,0,0,national
2025,CT,09160,Northwest Hills,3Y4U8VZURTYWI1W2K376,,1,1,0,0.04,1,0,0,0,0,1,0,0,0,0,national
2025,CT,09160,Northwest Hills,4EP6JBYBTPTQ47LZOB67,,1,1,0,0.04,1,0,0,0,0,1,0,0,0,0,national
2025,CT,09160,Northwest Hills,549300217ZPIHWEYT887,,1,1,0,0.04,1,0,0,0,0,1,0,0,0,0,national
2025,CT,09160,Northwest Hills,5493002N5168AC238149,"OceanFirst Bank, National Association",1,1,0,0.04,1,0,0,0,0,1,0,0,0,0,national
2025,CT,09160,Northwest Hills,5493002WVA17MT4UFH84,,1,1,0,0.04,1,0,0,0,0,1,0,0,0,0,national
2025,CT,09160,Northwest Hills,5493002Y5XYV7DV1ZV88,"GOLD STAR MORTGAGE FINANCIAL GROUP, CORPORATION",1,1,0,0.04,0,1,0,0,0,0,1,0,0,0,national
2025,CT,09160,Northwest Hills,549300323EON4W3CCM44,"RESICENTRAL, LLC",2,1,0,0.04,2,0,0,0,0,1,0,0,0,0,national
2025,CT,09160,Northwest Hills,5493004AS1SPBQOFDR49,"Change Lending, LLC",2,1,0,0.04,2,0,0,0,0,1,0,0,0,0,national
2025,CT,09160,Northwest Hills,54930063578UDYE3JR69,,1,1,0,0.04,0,1,0,0,0,0,1,0,0,0,national
2025,CT,09160,Northwest Hills,5493006VAGP3GQ8FJT49,"Kiavi Funding, Inc.",2,1,0,0.04,2,0,0,0,0,1,0,0,0,0,national
2025,CT,09160,Northwest Hills,5493007CLWQN2S6IZK91,,2,1,0,0.04,2,0,0,0,0,1,0,0,0,0,national
2025,CT,09160,Northwest Hills,5493007H0KZ81N1H6352,,1,1,0,0.04,1,0,0,0,0,1,0,0,0,0,national
2025,CT,09160,Northwest Hills,5493008VVXQIDO1EZ460,,1,1,0,0.04,1,0,0,0,0,1,0,0,0,0,national
2025,CT,09160,Northwest Hills,5493009B17HXCVXTD608,"JMAC LENDING, INC.",1,1,0,0.04,0,1,0,0,0,0,1,0,0,0,national
2025,CT,09160,Northwest Hills,549300ALNLUNS3Y53T24,,5,1,3,0.04,1,2,2,0,0,0,0,1,0,0,national
2025,CT,09160,Northwest Hills,549300CGP3B8XPP1N814,,1,1,0,0.04,1,0,0,0,0,1,0,0,0,0,national
2025,CT,09160,Northwest Hills,549300CK7U1WMTIG6687,,1,1,0,0.04,1,0,0,0,0,1,0,0,0,0,national
2025,CT,09160,Northwest Hills,549300D003QRZFSQ4N43,,1,1,0,0.04,1,0,0,0,0,1,0,0,0,0,national
2025,CT,09160,Northwest Hills,549300DQMFK1KT7KEB48,,1,1,0,0.04,1,0,0,0,0,1,0,0,0,0,national
2025,CT,09160,Northwest Hills,549300F1COXL6UBFCP55,,1,1,0,0.04,1,0,0,0,0,1,0,0,0,0,national
2025,CT,09160,Northwest Hills,549300HCNXMTNGIMAR91,,1,1,0,0.04,1,0,0,0,0,1,0,0,0,0,national
2025,CT,09160,Northwest Hills,549300HKYBSATM44Q425,"The Washington Trust Company, of Westerly",2,1,1,0.04,2,0,0,0,0,1,0,0,0,0,national
2025,CT,09160,Northwest Hills,549300HMKAPEK7YMHY76,,1,1,0,0.04,1,0,0,0,0,1,0,0,0,0,national
2025,CT,09160,Northwest Hills,549300J5W91RLNLMTL86,,1,1,0,0.04,1,0,0,0,0,1,0,0,0,0,national
2025,CT,09160,Northwest Hills,549300KV83NH6PNL5E48,Westfield Bank,2,1,0,0.04,2,0,0,0,0,1,0,0,0,0,national
2025,CT,09160,Northwest Hills,549300MHH03ICJYEPE85,,2,1,0,0.04,0,2,0,0,0,0,1,0,0,0,national
2025,CT,09160,Northwest Hills,549300MKO88C3VZKD418,,1,1,0,0.04,1,0,0,0,0,1,0,0,0,0,national
2025,CT,09160,Northwest Hills,549300NWBS6MQJX15N44,,1,1,0,0.04,1,0,0,0,0,1,0,0,0,0,national
2025,CT,09160,Northwest Hills,549300NWYTCEH9RSSW54,SUFFOLK,1,1,0,0.04,1,0,0,0,0,1,0,0,0,0,national
2025,CT,09160,Northwest Hills,549300OZ550X4QD5PC74,,1,1,0,0.04,1,0,0,0,0,1,0,0,0,0,national
2025,CT,09160,Northwest Hills,549300PL267CW8182203,,5,1,0,0.04,0,5,0,0,0,0,1,0,0,0,national
2025,CT,09160,Northwest Hills,549300QVGK8WC4HQ3C28,,2,1,1,0.04,1,1,0,0,0,1,0,0,0,0,national
2025,CT,09160,Northwest Hills,549300R77W0P105C3S50,HOMEXPRESS MORTGAGE CORP.,1,1,0,0.04,1,0,0,0,0,1,0,0,0,0,national
2025,CT,09160,Northwest Hills,549300REENMLD2RN3W58,,1,1,0,0.04,1,0,0,0,0,1,0,0,0,0,national
2025,CT,09160,Northwest Hills,549300SK2GVCQXPD4S58,"SUN WEST MORTGAGE COMPANY, INC.",1,1,0,0.04,1,0,0,0,0,1,0,0,0,0,national
2025,CT,09160,Northwest Hills,549300SUCQ1358EGVE89,"NEW DAY FINANCIAL, LLC",17,1,6,0.04,0,1,16,0,0,0,0,1,0,0,national
2025,CT,09160,Northwest Hills,549300SY0ZRUCS4CSY07,,3,1,0,0.04,3,0,0,0,0,1,0,0,0,0,national
2025,CT,09160,Northwest Hills,549300SYR11CYON0JE74,"BAYCOAST MORTGAGE COMPANY, LLC",1,1,0,0.04,1,0,0,0,0,1,0,0,0,0,national
2025,CT,09160,Northwest Hills,549300T7HRS5DVBUPQ06,,1,1,0,0.04,1,0,0,0,0,1,0,0,0,0,national
2025,CT,09160,Northwest Hills,549300UR5AOWTJJ7KZ64,,2,1,0,0.04,2,0,0,0,0,1,0,0,0,0,national
2025,CT,09160,Northwest Hills,549300VQUTI5IU7GXT57,,5,1,2,0.04,3,1,1,0,0,1,0,0,0,0,national
2025,CT,09160,Northwest Hills,549300W45D2J6BT4LX65,,1,1,0,0.04,1,0,0,0,0,1,0,0,0,0,national
2025,CT,09160,Northwest Hills,549300XCVBRR56D08F03,,4,1,0,0.04,4,0,0,0,0,1,0,0,0,0,national
2025,CT,09160,Northwest Hills,549300XLRD9QLLJRCB89,GREYLOCK FEDERAL CREDIT UNION,2,1,1,0.04,2,0,0,0,0,1,0,0,0,0,national
2025,CT,09160,Northwest Hills,549300ZCR1XCLNEEI724,,1,1,0,0.04,1,0,0,0,0,1,0,0,0,0,national
2025,CT,09160,Northwest Hills,6PTKHDJ8HDUF78PFWH30,,1,1,0,0.04,1,0,0,0,0,1,0,0,0,0,national
2025,CT,09160,Northwest Hills,98450057741D3B36B015,,1,1,0,0.04,1,0,0,0,0,1,0,0,0,0,national
2025,CT,09160,Northwest Hills,984500B659A36CF0D469,,1,1,0,0.04,1,0,0,0,0,1,0,0,0,0,national
2025,CT,09160,Northwest Hills,C5654JQHZUHN0772B561,USAA Federal Savings Bank,4,1,2,0.04,1,0,3,0,0,0,0,1,0,0,national
2025,CT,09160,Northwest Hills,FDXQ75GPEQKRPWABYN63,,1,1,0,0.04,1,0,0,0,0,1,0,0,0,0,national
2025,CT,09160,Northwest Hills,X05BVSK68TQ7YTOSNR22,Discover Bank,25,1,17,0.04,25,0,0,0,0,1,0,0,0,0,national
2025,CT,09170,South Central Connecticut,549300FGXN1K3HLB1R50,"Rocket Mortgage, LLC",959,716,153,6.7,777,147,35,0,0,595,95,26,0,0,national
2025,CT,09170,South Central Connecticut,549300VJQJVZKJBDWS17,"TOTAL MORTGAGE SERVICES, LLC",768,538,40,5.04,624,135,9,0,0,450,81,7,0,0,national
2025,CT,09170,South Central Connecticut,DRMSV1Q0EKMEXLAU1P80,"Citizens Bank, National Association",900,533,272,4.99,894,4,2,0,0,529,3,1,0,0,national
2025,CT,09170,South Central Connecticut,549300HW662MN1WU8550,"United Wholesale Mortgage, LLC",697,512,93,4.79,456,190,51,0,0,347,130,35,0,0,national
2025,CT,09170,South Central Connecticut,549300KWXO8FUM7L0E14,Liberty Bank,561,429,54,4.02,552,9,0,0,0,425,4,0,0,0,national
2025,CT,09170,South Central Connecticut,549300CA0J0Z7OFQBG71,,573,326,142,3.05,573,0,0,0,0,326,0,0,0,0,national
2025,CT,09170,South Central Connecticut,WWB2V0FCW3A0EE3ZJN75,Manufacturers and Traders Trust Company,537,302,179,2.83,523,14,0,0,0,298,4,0,0,0,national
2025,CT,09170,South Central Connecticut,5493006Z74IVZXJ0XO35,,397,269,73,2.52,397,0,0,0,0,269,0,0,0,0,national
2025,CT,09170,South Central Connecticut,B4TYDEB6GKMZO031MB27,"Guaranteed Rate, Inc.",623,257,211,2.41,617,6,0,0,0,255,2,0,0,0,national
2025,CT,09170,South Central Connecticut,549300HYHFCULSUBAE54,FIRST WORLD MORTGAGE CORPORATION,276,236,16,2.21,226,45,5,0,0,190,41,5,0,0,national
2025,CT,09170,South Central Connecticut,549300GKFNPRWNS0GF29,"AmeriHome Mortgage Company, LLC",337,223,27,2.09,196,90,9,42,0,130,52,8,33,0,national
2025,CT,09170,South Central Connecticut,549300VZVN841I2ILS84,Freedom Mortgage Corporation,291,192,14,1.8,222,63,6,0,0,154,35,3,0,0,national
2025,CT,09170,South Central Connecticut,254900C1CRYSCHG38F20,,239,184,28,1.72,239,0,0,0,0,184,0,0,0,0,national
2025,CT,09170,South Central Connecticut,WV0OVGBTLUP1XIUJE722,"Webster Bank, National Association",349,180,79,1.69,347,2,0,0,0,178,2,0,0,0,national
2025,CT,09170,South Central Connecticut,03D0JEWFDFUS0SEEKG89,"TD Bank, National Association",331,174,97,1.63,327,4,0,0,0,172,2,0,0,0,national
2025,CT,09170,South Central Connecticut,54930001NSTOD85LT125,"GUARANTEED RATE AFFINITY, LLC",233,170,12,1.59,208,19,6,0,0,156,12,2,0,0,national
2025,CT,09170,South Central Connecticut,549300FNXYY540N23N64,Newrez LLC,420,142,91,1.33,289,114,17,0,0,106,30,6,0,0,national
2025,CT,09170,South Central Connecticut,549300AG64NHILB7ZP05,"PennyMac Loan Services, LLC",248,138,55,1.29,187,50,11,0,0,107,22,9,0,0,national
2025,CT,09170,South Central Connecticut,7H6GLXDRUGQFU57RNE97,"JPMorgan Chase Bank, National Association",202,124,22,1.16,196,5,1,0,0,120,3,1,0,0,national
2025,CT,09170,South Central Connecticut,549300E2UX99HKDBR481,"Broker Solutions, Inc.",293,116,32,1.09,160,127,6,0,0,82,32,2,0,0,national
2025,CT,09170,South Central Connecticut,549300U3721PJGQZYY68,Nationstar Mortgage LLC,223,116,24,1.09,159,55,9,0,0,88,22,6,0,0,national
2025,CT,09170,South Central Connecticut,549300121SF0K2LN2804,"PRIMELENDING, A PLAINSCAPITAL COMPANY",146,109,4,1.02,134,9,3,0,0,99,8,2,0,0,national
2025,CT,09170,South Central Connecticut,RVDPPPGHCGZ40J4VQ731,Fairway Independent Mortgage Corporation,228,109,26,1.02,119,96,13,0,0,63,41,5,0,0,national
2025,CT,09170,South Central Connecticut,549300LBCBNR1OT00651,NATIONSTAR MORTGAGE LLC,161,106,26,0.99,138,16,7,0,0,94,9,3,0,0,national
2025,CT,09170,South Central Connecticut,549300RPOGWJRH63HS39,UNION HOME MORTGAGE CORP.,136,102,7,0.95,126,10,0,0,0,96,6,0,0,0,national
2025,CT,09170,South Central Connecticut,5493005HTCBH4TWCVM82,,147,97,10,0.91,144,3,0,0,0,97,0,0,0,0,national
2025,CT,09170,South Central Connecticut,549300TYBI78RNWPFB28,,137,94,23,0.88,137,0,0,0,0,94,0,0,0,0,national
2025,CT,09170,South Central Connecticut,5493009OLY1HC3F0SB77,,131,92,17,0.86,116,13,2,0,0,82,9,1,0,0,national
2025,CT,09170,South Central Connecticut,54930052M48FOD3CWA54,"PRIMARY RESIDENTIAL MORTGAGE, INC.",137,91,10,0.85,96,40,1,0,0,69,21,1,0,0,national
2025,CT,09170,South Central Connecticut,5493003GQDUH26DNNH17,Navy Federal Credit Union,195,88,46,0.82,172,0,23,0,0,77,0,11,0,0,national
2025,CT,09170,South Central Connecticut,98450057741D3B36B015,,115,88,24,0.82,115,0,0,0,0,88,0,0,0,0,national
2025,CT,09170,South Central Connecticut,984500U2F9A83N391A91,"CHAMPIONS FUNDING, LLC",104,84,10,0.79,104,0,0,0,0,84,0,0,0,0,national
2025,CT,09170,South Central Connecticut,549300F8C5JA44WNMI75,AMERICAN NEIGHBORHOOD MORTGAGE ACCEPTANCE COMPANY LLC,105,82,2,0.77,73,31,1,0,0,56,25,1,0,0,national
2025,CT,09170,South Central Connecticut,549300DD5QQUHO6PCH70,"Movement Mortgage, LLC",162,80,31,0.75,21,6,135,0,0,8,2,70,0,0,national
2025,CT,09170,South Central Connecticut,5493005PKOSG7MYX0B34,"Prosperity Home Mortgage, LLC",114,79,13,0.74,94,19,1,0,0,65,14,0,0,0,national
2025,CT,09170,South Central Connecticut,HUX2X73FUCYHUVH1BK78,KeyBank National Association,193,79,70,0.74,181,11,1,0,0,77,2,0,0,0,national
2025,CT,09170,South Central Connecticut,549300GTVXJ2PGXNLM73,T2 FINANCIAL LLC,107,77,13,0.72,84,23,0,0,0,62,15,0,0,0,national
2025,CT,09170,South Central Connecticut,549300LYRWPSYPK6S325,Guild Mortgage Company LLC,237,74,26,0.69,51,149,37,0,0,16,44,14,0,0,national
2025,CT,09170,South Central Connecticut,549300M6EHOPLD2SFD66,,103,73,19,0.68,103,0,0,0,0,73,0,0,0,0,national
2025,CT,09170,South Central Connecticut,549300T9P3WXNMXX0I34,Ixonia Bank,100,73,6,0.68,80,19,1,0,0,59,14,0,0,0,national
2025,CT,09170,South Central Connecticut,549300YFPHIE78XPP635,,101,72,7,0.67,97,3,1,0,0,68,3,1,0,0,national
2025,CT,09170,South Central Connecticut,6BYL5QZYBDK8S7L73M02,U.S. Bank National Association,120,72,29,0.67,119,1,0,0,0,71,1,0,0,0,national
2025,CT,09170,South Central Connecticut,254900RUCO27MVGTO768,LOAN FUNDER LLC,120,62,14,0.58,120,0,0,0,0,62,0,0,0,0,national
2025,CT,09170,South Central Connecticut,549300MCIFZSDHUT8X63,"NFM, INC.",78,60,5,0.56,59,18,1,0,0,49,11,0,0,0,national
2025,CT,09170,South Central Connecticut,549300T5QSL6MC8M4D04,"NORWICH COMMERCIAL GROUP, INC.",81,60,3,0.56,55,20,6,0,0,45,13,2,0,0,national
2025,CT,09170,South Central Connecticut,254900UL88QFG0E40516,FIGURE LENDING LLC,124,59,30,0.55,124,0,0,0,0,59,0,0,0,0,national
2025,CT,09170,South Central Connecticut,549300DD4R4SYK5RAQ92,"Cardinal Financial Company, Limited Partnership",87,59,1,0.55,67,14,6,0,0,48,10,1,0,0,national
2025,CT,09170,South Central Connecticut,5493004D0Z2WQR26VL57,,71,58,9,0.54,71,0,0,0,0,58,0,0,0,0,national
2025,CT,09170,South Central Connecticut,5493006VAGP3GQ8FJT49,"Kiavi Funding, Inc.",70,56,6,0.52,70,0,0,0,0,56,0,0,0,0,national
2025,CT,09170,South Central Connecticut,549300JYXTZDSPJEPI44,"PLAZA HOME MORTGAGE, INC.",94,54,29,0.51,58,33,3,0,0,35,16,3,0,0,national
2025,CT,09170,South Central Connecticut,549300PIL8LFAQ04XC20,Better Mortgage Corporation,171,53,93,0.5,171,0,0,0,0,53,0,0,0,0,national
2025,CT,09170,South Central Connecticut,549300G2LV8W3C1G3762,,79,51,9,0.48,61,18,0,0,0,38,13,0,0,0,national
2025,CT,09170,South Central Connecticut,KB1H1DSPRFMYMCUFXT09,"Wells Fargo Bank, National Association",98,50,22,0.47,86,12,0,0,0,44,6,0,0,0,national
2025,CT,09170,South Central Connecticut,549300MZ8VZJOVC63092,"KIND LENDING, LLC",76,49,20,0.46,65,9,2,0,0,41,6,2,0,0,national
2025,CT,09170,South Central Connecticut,5493001WHVQBGRSWEU75,"HOMEBRIDGE FINANCIAL SERVICES, INC.",70,47,9,0.44,62,8,0,0,0,44,3,0,0,0,national
2025,CT,09170,South Central Connecticut,254900O86JRT86YLQO47,,62,46,8,0.43,62,0,0,0,0,46,0,0,0,0,national
2025,CT,09170,South Central Connecticut,2549005SIVTHG14U2905,A&D Mortgage LLC,77,45,9,0.42,75,2,0,0,0,43,2,0,0,0,national
2025,CT,09170,South Central Connecticut,549300OPCWU6E72WUT29,"MUTUAL OF OMAHA MORTGAGE, INC.",85,42,21,0.39,41,41,3,0,0,24,17,1,0,0,national
2025,CT,09170,South Central Connecticut,549300YIQ7S7Z8PIHE53,AMERISAVE MORTGAGE CORPORATION,140,41,94,0.38,105,30,5,0,0,32,8,1,0,0,national
2025,CT,09170,South Central Connecticut,549300MGPZBLQDIL7538,"PrimeLending, a PlainsCapital Company",65,40,6,0.37,51,13,1,0,0,32,7,1,0,0,national
2025,CT,09170,South Central Connecticut,549300R9S3MVDV4MGF56,"CARRINGTON MORTGAGE SERVICES, LLC",176,40,85,0.37,97,73,6,0,0,24,13,3,0,0,national
2025,CT,09170,South Central Connecticut,549300XUMML1SMLTVQ62,,78,40,33,0.37,78,0,0,0,0,40,0,0,0,0,national
2025,CT,09170,South Central Connecticut,549300XY701IELCE5Q08,BETTER MORTGAGE CORPORATION,125,38,41,0.36,115,10,0,0,0,38,0,0,0,0,national
2025,CT,09170,South Central Connecticut,5493005H3NABV4GMAG85,,58,37,10,0.35,58,0,0,0,0,37,0,0,0,0,national
2025,CT,09170,South Central Connecticut,54930054ET8KM4O1D485,"SOFI BANK, NATIONAL ASSOCIATION",117,35,11,0.33,114,2,1,0,0,34,0,1,0,0,national
2025,CT,09170,South Central Connecticut,549300AQ3T62GXDU7D76,Ally Bank,52,35,1,0.33,31,17,4,0,0,22,10,3,0,0,national
2025,CT,09170,South Central Connecticut,549300T3F9S1MKFKHC53,HOMESTEAD FUNDING CORP.,36,34,0,0.32,36,0,0,0,0,34,0,0,0,0,national
2025,CT,09170,South Central Connecticut,5493008XQDQ2YZPQKX53,,43,33,4,0.31,36,7,0,0,0,27,6,0,0,0,national
2025,CT,09170,South Central Connecticut,549300J7I82PNDVU8H22,"OCMBC, INC.",56,30,6,0.28,52,4,0,0,0,27,3,0,0,0,national
2025,CT,09170,South Central Connecticut,549300IYKILIU506KA05,PeoplesBank,35,29,0,0.27,35,0,0,0,0,29,0,0,0,0,national
2025,CT,09170,South Central Connecticut,549300TA4MQM8WN2XG31,,54,29,0,0.27,54,0,0,0,0,29,0,0,0,0,national
2025,CT,09170,South Central Connecticut,54930048P8RWCQHQM310,,37,28,1,0.26,37,0,0,0,0,28,0,0,0,0,national
2025,CT,09170,South Central Connecticut,254900DTLHVWQ7NP7R34,"CMG Mortgage, Inc.",42,27,4,0.25,41,0,1,0,0,26,0,1,0,0,national
2025,CT,09170,South Central Connecticut,549300EMNDEK4BA8WB53,EMM LOANS LLC,31,26,0,0.24,25,5,1,0,0,20,5,1,0,0,national
2025,CT,09170,South Central Connecticut,254900ACUWEGW702BR80,"FM Home Loans, LLC",31,25,0,0.23,31,0,0,0,0,25,0,0,0,0,national
2025,CT,09170,South Central Connecticut,549300RA3E0BUFO7YZ21,"Hometown Equity Mortgage, LLC",43,25,16,0.23,43,0,0,0,0,25,0,0,0,0,national
2025,CT,09170,South Central Connecticut,54930043BMDE130FJ617,"PROVIDENT FUNDING ASSOCIATES, L.P.",33,24,3,0.22,33,0,0,0,0,24,0,0,0,0,national
2025,CT,09170,South Central Connecticut,2549007UXYHMV9ES9L95,,23,23,0,0.22,23,0,0,0,0,23,0,0,0,0,national
2025,CT,09170,South Central Connecticut,X05BVSK68TQ7YTOSNR22,Discover Bank,133,23,60,0.22,133,0,0,0,0,23,0,0,0,0,national
2025,CT,09170,South Central Connecticut,254900ZFWS2106HWPH46,"PARAMOUNT RESIDENTIAL MORTGAGE GROUP, INC.",31,22,0,0.21,21,10,0,0,0,14,8,0,0,0,national
2025,CT,09170,South Central Connecticut,549300PC4MFWQBNVKG88,,24,22,0,0.21,20,4,0,0,0,19,3,0,0,0,national
2025,CT,09170,South Central Connecticut,549300PQLK8E48ILXV41,,37,22,9,0.21,37,0,0,0,0,22,0,0,0,0,national
2025,CT,09170,South Central Connecticut,AD6GFRVSDT01YPT1CS68,"PNC Bank, National Association",45,22,15,0.21,45,0,0,0,0,22,0,0,0,0,national
2025,CT,09170,South Central Connecticut,254900E6AIE4Z8YQM970,Citadel Servicing Corporation,31,21,1,0.2,31,0,0,0,0,21,0,0,0,0,national
2025,CT,09170,South Central Connecticut,2549008G9SP4WM32NN96,,26,20,1,0.19,22,4,0,0,0,19,1,0,0,0,national
2025,CT,09170,South Central Connecticut,2549008X67CV1MNM7747,,27,20,1,0.19,20,7,0,0,0,15,5,0,0,0,national
2025,CT,09170,South Central Connecticut,5493005PD34O8ZT7QT17,,35,20,11,0.19,35,0,0,0,0,20,0,0,0,0,national
2025,CT,09170,South Central Connecticut,5493008CPTDVOS570626,"Primary Residential Mortgage, Inc.",34,20,10,0.19,34,0,0,0,0,20,0,0,0,0,national
2025,CT,09170,South Central Connecticut,549300GS0W0TEUQS8571,"Morgan Stanley Private Bank, National Association",24,20,0,0.19,24,0,0,0,0,20,0,0,0,0,national
2025,CT,09170,South Central Connecticut,1VUZZZCW0TWP6R7N3Z33,,25,19,2,0.18,25,0,0,0,0,19,0,0,0,0,national
2025,CT,09170,South Central Connecticut,254900WTZC5SSKIN2M11,,27,19,2,0.18,27,0,0,0,0,19,0,0,0,0,national
2025,CT,09170,South Central Connecticut,549300Y5Y88FQLI7VE83,DEEPHAVEN MORTGAGE LLC,38,19,14,0.18,38,0,0,0,0,19,0,0,0,0,national
2025,CT,09170,South Central Connecticut,2549002VH9C0PKB8K153,,38,17,9,0.16,38,0,0,0,0,17,0,0,0,0,national
2025,CT,09170,South Central Connecticut,549300CLRXFVF83ZL806,"NATIONWIDE MORTGAGE BANKERS, INC.",23,17,0,0.16,11,12,0,0,0,8,9,0,0,0,national
2025,CT,09170,South Central Connecticut,549300NOCASXPA34X033,"LAKEVIEW LOAN SERVICING, LLC",100,17,49,0.16,43,52,5,0,0,7,9,1,0,0,national
2025,CT,09170,South Central Connecticut,549300O6Z0I6KYMESL47,AMWEST FUNDING CORP.,24,17,1,0.16,23,1,0,0,0,16,1,0,0,0,national
2025,CT,09170,South Central Connecticut,549300Q50XCC0473FG63,,38,17,17,0.16,38,0,0,0,0,17,0,0,0,0,national
2025,CT,09170,South Central Connecticut,5493001GDRY0EL7VG372,"ARK-LA-TEX FINANCIAL SERVICES, LLC.",25,16,0,0.15,17,5,3,0,0,11,3,2,0,0,national
2025,CT,09170,South Central Connecticut,5493003V40VGM7YDFM54,FIRST COLONY MORTGAGE CORPORATION,24,16,3,0.15,22,1,1,0,0,14,1,1,0,0,national
2025,CT,09170,South Central Connecticut,5493004UNRG4PWDF2K60,AFFINITY FEDERAL CREDIT UNION,51,16,22,0.15,51,0,0,0,0,16,0,0,0,0,national
2025,CT,09170,South Central Connecticut,549300EKFFG3BU8DNX74,NEXERA HOLDING LLC,29,16,4,0.15,28,1,0,0,0,16,0,0,0,0,national
2025,CT,09170,South Central Connecticut,549300HRKD2IJSOPRA57,,17,16,0,0.15,17,0,0,0,0,16,0,0,0,0,national
2025,CT,09170,South Central Connecticut,549300YW2UBCMDRMBT48,,21,16,2,0.15,11,10,0,0,0,9,7,0,0,0,national
2025,CT,09170,South Central Connecticut,C5654JQHZUHN0772B561,USAA Federal Savings Bank,30,16,7,0.15,18,0,12,0,0,9,0,7,0,0,national
2025,CT,09170,South Central Connecticut,254900HEJ9F73IMPX887,,40,15,7,0.14,39,1,0,0,0,15,0,0,0,0,national
2025,CT,09170,South Central Connecticut,549300H68PK1CZUVUQ73,,16,14,2,0.13,16,0,0,0,0,14,0,0,0,0,national
2025,CT,09170,South Central Connecticut,549300JBZ3MK7Z4FI764,,17,14,2,0.13,17,0,0,0,0,14,0,0,0,0,national
2025,CT,09170,South Central Connecticut,549300QKL5FUBZ8LSF50,,22,14,1,0.13,17,5,0,0,0,12,2,0,0,0,national
2025,CT,09170,South Central Connecticut,549300S5YL3OH0IVCS62,FINANCE OF AMERICA REVERSE LLC,19,14,1,0.13,4,15,0,0,0,2,12,0,0,0,national
2025,CT,09170,South Central Connecticut,549300ZPSJZO10ZAX556,"AMERICAN HERITAGE LENDING, LLC",40,14,3,0.13,40,0,0,0,0,14,0,0,0,0,national
2025,CT,09170,South Central Connecticut,PAOOWF3GUFM46FBSP561,,44,14,6,0.13,19,23,2,0,0,6,7,1,0,0,national
2025,CT,09170,South Central Connecticut,549300FX7K8PTEQUU487,PENTAGON FEDERAL CREDIT UNION,37,13,16,0.12,34,1,2,0,0,11,0,2,0,0,national
2025,CT,09170,South Central Connecticut,254900NZOY3XB2DNSZ34,,15,12,1,0.11,15,0,0,0,0,12,0,0,0,0,national
2025,CT,09170,South Central Connecticut,254900VE4XTOQUE8NZ77,,41,12,12,0.11,41,0,0,0,0,12,0,0,0,0,national
2025,CT,09170,South Central Connecticut,54930021WPEXNHYZUL09,"PLANET HOME LENDING, LLC",14,12,2,0.11,4,8,2,0,0,3,7,2,0,0,national
2025,CT,09170,South Central Connecticut,5493004AS1SPBQOFDR49,"Change Lending, LLC",18,12,2,0.11,17,1,0,0,0,11,1,0,0,0,national
2025,CT,09170,South Central Connecticut,549300LROQOOQU77WS20,,25,12,1,0.11,25,0,0,0,0,12,0,0,0,0,national
2025,CT,09170,South Central Connecticut,254900O2K17TNH5CL873,"RF RENOVO MANAGEMENT COMPANY, LLC",20,11,0,0.1,20,0,0,0,0,11,0,0,0,0,national
2025,CT,09170,South Central Connecticut,54930055Z5ZI5MLNR750,,26,11,10,0.1,26,0,0,0,0,11,0,0,0,0,national
2025,CT,09170,South Central Connecticut,5493005ICQ3QGEIWV618,UNITED MORTGAGE CORP.,17,11,1,0.1,12,5,0,0,0,9,2,0,0,0,national
2025,CT,09170,South Central Connecticut,549300LLKEKXL2RM1F61,CONTOUR MORTGAGE CORPORATION,12,11,0,0.1,7,3,2,0,0,6,3,2,0,0,national
2025,CT,09170,South Central Connecticut,2549004Z576VEJBK3N72,"NQM FUNDING, LLC",13,10,1,0.09,13,0,0,0,0,10,0,0,0,0,national
2025,CT,09170,South Central Connecticut,549300BX448ALT10FI43,The Federal Savings Bank,31,10,7,0.09,5,8,18,0,0,3,2,5,0,0,national
2025,CT,09170,South Central Connecticut,549300KSOOZZVXCMA627,ANGEL OAK MORTGAGE SOLUTIONS LLC,16,10,3,0.09,16,0,0,0,0,10,0,0,0,0,national
2025,CT,09170,South Central Connecticut,549300SK2GVCQXPD4S58,"SUN WEST MORTGAGE COMPANY, INC.",17,10,1,0.09,5,10,2,0,0,4,5,1,0,0,national
2025,CT,09170,South Central Connecticut,549300VQUTI5IU7GXT57,,22,10,2,0.09,17,5,0,0,0,7,3,0,0,0,national
2025,CT,09170,South Central Connecticut,549300YMIOLU51FSTO86,,12,10,1,0.09,12,0,0,0,0,10,0,0,0,0,national
2025,CT,09170,South Central Connecticut,984500D092D1E2CYDB19,,11,10,1,0.09,11,0,0,0,0,10,0,0,0,0,national
2025,CT,09170,South Central Connecticut,E57ODZWZ7FF32TWEFA76,"Citibank, National Association",40,10,17,0.09,40,0,0,0,0,10,0,0,0,0,national
2025,CT,09170,South Central Connecticut,254900W4EKVR6GZ0KS84,,9,9,0,0.08,9,0,0,0,0,9,0,0,0,0,national
2025,CT,09170,South Central Connecticut,5493001GCBD5XGNIC815,Coastal Community Bank,75,9,2,0.08,75,0,0,0,0,9,0,0,0,0,national
2025,CT,09170,South Central Connecticut,549300FK3AFCFVAPH234,"Leader Bank, National Association",11,9,0,0.08,10,1,0,0,0,8,1,0,0,0,national
2025,CT,09170,South Central Connecticut,549300FW5QWKDV0UY394,,12,9,1,0.08,9,3,0,0,0,7,2,0,0,0,national
2025,CT,09170,South Central Connecticut,549300HQL7U3JZ4LCJ17,,11,9,0,0.08,11,0,0,0,0,9,0,0,0,0,national
2025,CT,09170,South Central Connecticut,549300JI0UWY4QIWDV89,"NORTHPOINT MORTGAGE, INC.",11,9,0,0.08,8,3,0,0,0,8,1,0,0,0,national
2025,CT,09170,South Central Connecticut,549300K4ZLGS7SRDTL86,Equity Prime Mortgage LLC,29,9,5,0.08,5,17,7,0,0,3,4,2,0,0,national
2025,CT,09170,South Central Connecticut,549300R77W0P105C3S50,HOMEXPRESS MORTGAGE CORP.,26,9,16,0.08,25,1,0,0,0,8,1,0,0,0,national
2025,CT,09170,South Central Connecticut,549300RD5IG88VPO6P22,,19,9,1,0.08,19,0,0,0,0,9,0,0,0,0,national
2025,CT,09170,South Central Connecticut,549300YN94MOAVYW0F52,"GoodLeap, LLC",18,9,3,0.08,15,3,0,0,0,7,2,0,0,0,national
2025,CT,09170,South Central Connecticut,984500F6E6940CCB6A60,,17,9,1,0.08,17,0,0,0,0,9,0,0,0,0,national
2025,CT,09170,South Central Connecticut,SS1TRMSN6BRNMOREEV51,"Flagstar Bank, National Association",16,9,1,0.08,16,0,0,0,0,9,0,0,0,0,national
2025,CT,09170,South Central Connecticut,254900HJA1Y85EJCGB90,,12,8,0,0.07,12,0,0,0,0,8,0,0,0,0,national
2025,CT,09170,South Central Connecticut,54930002M4XN64FM7Z89,,14,8,1,0.07,14,0,0,0,0,8,0,0,0,0,national
2025,CT,09170,South Central Connecticut,5493002B2WMHY23GFK92,"AMERICAN FINANCIAL RESOURCES, INC.",11,8,1,0.07,3,8,0,0,0,2,6,0,0,0,national
2025,CT,09170,South Central Connecticut,5493003X6Y6JGJKHPA25,,13,8,1,0.07,9,4,0,0,0,5,3,0,0,0,national
2025,CT,09170,South Central Connecticut,5493008NWHQT1R22C024,"AMERICAN FINANCIAL NETWORK, INC.",12,8,2,0.07,5,7,0,0,0,3,5,0,0,0,national
2025,CT,09170,South Central Connecticut,549300GE8KIGZVQV1223,,8,8,0,0.07,7,1,0,0,0,7,1,0,0,0,national
2025,CT,09170,South Central Connecticut,549300INFJ8TYNZ1G568,,8,8,0,0.07,8,0,0,0,0,8,0,0,0,0,national
2025,CT,09170,South Central Connecticut,549300KTR1JGH3K6LU06,FOURLEAF,21,8,11,0.07,21,0,0,0,0,8,0,0,0,0,national
2025,CT,09170,South Central Connecticut,549300LI3FDGO7UKFF39,EAST COAST CAPITAL CORP.,13,8,3,0.07,11,2,0,0,0,7,1,0,0,0,national
2025,CT,09170,South Central Connecticut,549300MHH03ICJYEPE85,,11,8,2,0.07,2,9,0,0,0,2,6,0,0,0,national
2025,CT,09170,South Central Connecticut,549300UXY7OP0IC38293,,13,8,1,0.07,13,0,0,0,0,8,0,0,0,0,national
2025,CT,09170,South Central Connecticut,549300VCMRO4ST680C11,VILLAGE CAPITAL & INVESTMENT LLC,26,8,8,0.07,0,15,11,0,0,0,4,4,0,0,national
2025,CT,09170,South Central Connecticut,549300W45D2J6BT4LX65,,8,8,0,0.07,8,0,0,0,0,8,0,0,0,0,national
2025,CT,09170,South Central Connecticut,549300XCVBRR56D08F03,,34,8,0,0.07,24,8,2,0,0,7,1,0,0,0,national
2025,CT,09170,South Central Connecticut,5493008VCYW25D52ZC98,,7,7,0,0.07,7,0,0,0,0,7,0,0,0,0,national
2025,CT,09170,South Central Connecticut,5493009BD405QQTMXO12,TOLL BROTHERS MORTGAGE COMPANY,12,7,0,0.07,12,0,0,0,0,7,0,0,0,0,national
2025,CT,09170,South Central Connecticut,549300D4ZYLSQ5LMTV35,ABSOLUTE HOME MORTGAGE CORPORATION,10,7,1,0.07,3,7,0,0,0,2,5,0,0,0,national
2025,CT,09170,South Central Connecticut,549300DRZGISDSL1BX02,,12,7,1,0.07,12,0,0,0,0,7,0,0,0,0,national
2025,CT,09170,South Central Connecticut,549300GWD9H4FQ2VR805,,11,7,1,0.07,11,0,0,0,0,7,0,0,0,0,national
2025,CT,09170,South Central Connecticut,549300RN01LBYR8ZVX74,"LOWER, LLC",21,7,5,0.07,11,8,2,0,0,4,2,1,0,0,national
2025,CT,09170,South Central Connecticut,549300UR5AOWTJJ7KZ64,,8,7,0,0.07,8,0,0,0,0,7,0,0,0,0,national
2025,CT,09170,South Central Connecticut,254900HA4DQWAE0W3342,"AMERIHOME MORTGAGE COMPANY, LLC",22,6,6,0.06,7,15,0,0,0,4,2,0,0,0,national
2025,CT,09170,South Central Connecticut,54930030Z1JWTP3SVD16,,18,6,1,0.06,3,15,0,0,0,0,6,0,0,0,national
2025,CT,09170,South Central Connecticut,5493008P6YO2KM3EO556,,7,6,0,0.06,6,1,0,0,0,5,1,0,0,0,national
2025,CT,09170,South Central Connecticut,549300L0OVX5O63S8C68,WASHINGTON TRUST MORTGAGE COMPANY LLC,10,6,0,0.06,10,0,0,0,0,6,0,0,0,0,national
2025,CT,09170,South Central Connecticut,549300NWBS6MQJX15N44,,6,6,0,0.06,6,0,0,0,0,6,0,0,0,0,national
2025,CT,09170,South Central Connecticut,549300T94GSH3C4U5M59,ALLIANT CREDIT UNION,17,6,7,0.06,17,0,0,0,0,6,0,0,0,0,national
2025,CT,09170,South Central Connecticut,549300TCY9QY8BRDQJ12,,6,6,0,0.06,2,4,0,0,0,2,4,0,0,0,national
2025,CT,09170,South Central Connecticut,549300TPAN1WJY46W431,,10,6,0,0.06,10,0,0,0,0,6,0,0,0,0,national
2025,CT,09170,South Central Connecticut,9845006YE04B346EC919,,9,6,1,0.06,7,2,0,0,0,6,0,0,0,0,national
2025,CT,09170,South Central Connecticut,213800XR2TCBQJSF1X93,,23,5,5,0.05,21,1,1,0,0,4,0,1,0,0,national
2025,CT,09170,South Central Connecticut,2549001NJY765EZWDI06,,6,5,0,0.05,3,3,0,0,0,2,3,0,0,0,national
2025,CT,09170,South Central Connecticut,254900DRSIZBQXDCJ875,,5,5,0,0.05,5,0,0,0,0,5,0,0,0,0,national
2025,CT,09170,South Central Connecticut,254900QY5ST0J7P6M123,,5,5,0,0.05,5,0,0,0,0,5,0,0,0,0,national
2025,CT,09170,South Central Connecticut,254900TM81D0YC1B9584,,6,5,0,0.05,6,0,0,0,0,5,0,0,0,0,national
2025,CT,09170,South Central Connecticut,5493000GQWJTTR0TEH83,,9,5,1,0.05,9,0,0,0,0,5,0,0,0,0,national
2025,CT,09170,South Central Connecticut,5493000IIYWBLONJVJ30,,6,5,1,0.05,5,1,0,0,0,5,0,0,0,0,national
2025,CT,09170,South Central Connecticut,549300323EON4W3CCM44,"RESICENTRAL, LLC",7,5,0,0.05,7,0,0,0,0,5,0,0,0,0,national
2025,CT,09170,South Central Connecticut,549300370QILXLFUWD20,"ZILLOW HOME LOANS, LLC",5,5,0,0.05,4,0,1,0,0,4,0,1,0,0,national
2025,CT,09170,South Central Connecticut,549300KX4S1573HISS22,,9,5,0,0.05,9,0,0,0,0,5,0,0,0,0,national
2025,CT,09170,South Central Connecticut,549300NFPC3Y4W3Y7R87,,5,5,0,0.05,4,1,0,0,0,4,1,0,0,0,national
2025,CT,09170,South Central Connecticut,213800QUAI2VH5YM6310,"EMBRACE HOME LOANS, INC.",6,4,0,0.04,5,1,0,0,0,3,1,0,0,0,national
2025,CT,09170,South Central Connecticut,2549001SI0EMFPT39035,"Cornerstone First Mortgage, Inc",5,4,0,0.04,3,2,0,0,0,2,2,0,0,0,national
2025,CT,09170,South Central Connecticut,254900CTT87ZKAUTIJ37,,6,4,1,0.04,6,0,0,0,0,4,0,0,0,0,national
2025,CT,09170,South Central Connecticut,254900DSZI6CJXJL6Z14,,7,4,1,0.04,7,0,0,0,0,4,0,0,0,0,national
2025,CT,09170,South Central Connecticut,254900TG14TB8RKS3U42,,8,4,0,0.04,8,0,0,0,0,4,0,0,0,0,national
2025,CT,09170,South Central Connecticut,5493001BJFQ0EM41N379,,4,4,0,0.04,4,0,0,0,0,4,0,0,0,0,national
2025,CT,09170,South Central Connecticut,5493002GI63WHHUTUD85,,7,4,0,0.04,5,2,0,0,0,3,1,0,0,0,national
2025,CT,09170,South Central Connecticut,549300AG10BX85DF5S49,MLD MORTGAGE INC.,4,4,0,0.04,2,2,0,0,0,2,2,0,0,0,national
2025,CT,09170,South Central Connecticut,549300EL87GZMCVX0Q34,"BOND STREET MORTGAGE, LLC",5,4,0,0.04,5,0,0,0,0,4,0,0,0,0,national
2025,CT,09170,South Central Connecticut,549300JPGMCMBEJEK584,FIRST TECHNOLOGY,8,4,0,0.04,8,0,0,0,0,4,0,0,0,0,national
2025,CT,09170,South Central Connecticut,549300LR1ZETOWYE9Z89,Berkshire Bank,4,4,0,0.04,4,0,0,0,0,4,0,0,0,0,national
2025,CT,09170,South Central Connecticut,549300REENMLD2RN3W58,,5,4,1,0.04,0,4,1,0,0,0,3,1,0,0,national
2025,CT,09170,South Central Connecticut,549300RYWXR8TL5LIK35,,11,4,1,0.04,8,2,1,0,0,2,1,1,0,0,national
2025,CT,09170,South Central Connecticut,549300T7RPUYDIE5FH39,,9,4,1,0.04,9,0,0,0,0,4,0,0,0,0,national
2025,CT,09170,South Central Connecticut,549300VGMMXKSX821O69,,6,4,1,0.04,3,3,0,0,0,3,1,0,0,0,national
2025,CT,09170,South Central Connecticut,549300XWUSRVVOHPRY47,Academy Mortgage Corporation,7,4,0,0.04,5,2,0,0,0,3,1,0,0,0,national
2025,CT,09170,South Central Connecticut,98450087981AP406JG03,,6,4,0,0.04,6,0,0,0,0,4,0,0,0,0,national
2025,CT,09170,South Central Connecticut,ZXMJHJK466PBZTM5F379,,4,4,0,0.04,4,0,0,0,0,4,0,0,0,0,national
2025,CT,09170,South Central Connecticut,2549007AU24FVDMNUB40,,5,3,1,0.03,5,0,0,0,0,3,0,0,0,0,national
2025,CT,09170,South Central Connecticut,254900BBWJ82FQDQ6823,,6,3,1,0.03,6,0,0,0,0,3,0,0,0,0,national
2025,CT,09170,South Central Connecticut,254900IRE136HFEI2562,,3,3,0,0.03,3,0,0,0,0,3,0,0,0,0,national
2025,CT,09170,South Central Connecticut,254900VELJPWWT51WN03,,4,3,0,0.03,3,1,0,0,0,3,0,0,0,0,national
2025,CT,09170,South Central Connecticut,2WHM8VNJH63UN14OL754,The Huntington National Bank,4,3,1,0.03,4,0,0,0,0,3,0,0,0,0,national
2025,CT,09170,South Central Connecticut,54930023C70YMJJDRL61,,3,3,0,0.03,3,0,0,0,0,3,0,0,0,0,national
2025,CT,09170,South Central Connecticut,5493003XFPPSO0JVIB33,,4,3,1,0.03,4,0,0,0,0,3,0,0,0,0,national
2025,CT,09170,South Central Connecticut,54930078TNN7GKZ7NU89,,5,3,0,0.03,3,2,0,0,0,2,1,0,0,0,national
2025,CT,09170,South Central Connecticut,54930091JQKCU3Z6IP44,,57,3,5,0.03,57,0,0,0,0,3,0,0,0,0,national
2025,CT,09170,South Central Connecticut,5493009BOQDC6PCFR785,"NBT Bank, National Association",3,3,0,0.03,3,0,0,0,0,3,0,0,0,0,national
2025,CT,09170,South Central Connecticut,549300A5HHOL2ED18C72,,6,3,0,0.03,5,1,0,0,0,2,1,0,0,0,national
2025,CT,09170,South Central Connecticut,549300BOXNV8VLRBDT24,,5,3,1,0.03,5,0,0,0,0,3,0,0,0,0,national
2025,CT,09170,South Central Connecticut,549300G4ESSS6M0MEG51,,3,3,0,0.03,3,0,0,0,0,3,0,0,0,0,national
2025,CT,09170,South Central Connecticut,549300GRGZDEH4ZGQS06,WATERSTONE MORTGAGE CORPORATION,3,3,0,0.03,2,1,0,0,0,2,1,0,0,0,national
2025,CT,09170,South Central Connecticut,549300HRLROF7PLJ6735,CLEAREDGE LENDING LLC,12,3,7,0.03,12,0,0,0,0,3,0,0,0,0,national
2025,CT,09170,South Central Connecticut,549300HTMO7FGRKRLV06,"CLIFFCO, INC.",6,3,2,0.03,5,1,0,0,0,3,0,0,0,0,national
2025,CT,09170,South Central Connecticut,549300J6N77Q8OHYNF23,,4,3,0,0.03,4,0,0,0,0,3,0,0,0,0,national
2025,CT,09170,South Central Connecticut,549300KT5OWPGQKWUN86,,4,3,1,0.03,1,3,0,0,0,0,3,0,0,0,national
2025,CT,09170,South Central Connecticut,549300MKO88C3VZKD418,,3,3,0,0.03,3,0,0,0,0,3,0,0,0,0,national
2025,CT,09170,South Central Connecticut,549300MQEDQYDJR8CP22,,3,3,0,0.03,3,0,0,0,0,3,0,0,0,0,national
2025,CT,09170,South Central Connecticut,549300N38Q5YKSSV1106,Bankesb,3,3,0,0.03,3,0,0,0,0,3,0,0,0,0,national
2025,CT,09170,South Central Connecticut,549300PL267CW8182203,,12,3,1,0.03,2,9,1,0,0,1,1,1,0,0,national
2025,CT,09170,South Central Connecticut,549300S5NLOTO329NX77,,3,3,0,0.03,3,0,0,0,0,3,0,0,0,0,national
2025,CT,09170,South Central Connecticut,549300SQH6MBVMMRRA85,,4,3,1,0.03,4,0,0,0,0,3,0,0,0,0,national
2025,CT,09170,South Central Connecticut,549300SUCQ1358EGVE89,"NEW DAY FINANCIAL, LLC",32,3,10,0.03,0,1,31,0,0,0,0,3,0,0,national
2025,CT,09170,South Central Connecticut,549300ZOKUKS0Z7C3X31,,5,3,2,0.03,5,0,0,0,0,3,0,0,0,0,national
2025,CT,09170,South Central Connecticut,C398JSK21YCXWM603F55,,7,3,0,0.03,5,0,2,0,0,2,0,1,0,0,national
2025,CT,09170,South Central Connecticut,JJKC32MCHWDI71265Z06,Truist Bank,4,3,0,0.03,4,0,0,0,0,3,0,0,0,0,national
2025,CT,09170,South Central Connecticut,KI0VI4JRMCIJ329YTN75,Valley National Bank,6,3,0,0.03,4,2,0,0,0,2,1,0,0,0,national
2025,CT,09170,South Central Connecticut,Q708HHR4LD2B7XIZNO92,First Federal Bank,9,3,1,0.03,8,0,1,0,0,3,0,0,0,0,national
2025,CT,09170,South Central Connecticut,U9WBLC3ZT2VBJSNY2Y81,,3,3,0,0.03,3,0,0,0,0,3,0,0,0,0,national
2025,CT,09170,South Central Connecticut,2549001JPW8TWJYMNE74,,3,2,0,0.02,3,0,0,0,0,2,0,0,0,0,national
2025,CT,09170,South Central Connecticut,2549004CU9LAM5CYA280,,2,2,0,0.02,2,0,0,0,0,2,0,0,0,0,national
2025,CT,09170,South Central Connecticut,2549004XJQQPBYQSMT39,,3,2,1,0.02,3,0,0,0,0,2,0,0,0,0,national
2025,CT,09170,South Central Connecticut,254900J5OSYRB4AN2309,,9,2,2,0.02,8,1,0,0,0,2,0,0,0,0,national
2025,CT,09170,South Central Connecticut,254900TTZ395IC926125,,3,2,0,0.02,3,0,0,0,0,2,0,0,0,0,national
2025,CT,09170,South Central Connecticut,254900YA1AQXNM8QVZ06,,2,2,0,0.02,2,0,0,0,0,2,0,0,0,0,national
2025,CT,09170,South Central Connecticut,254900ZPR9P3OI95VG04,,2,2,0,0.02,0,2,0,0,0,0,2,0,0,0,national
2025,CT,09170,South Central Connecticut,5493000349C5XXDRQX28,,7,2,0,0.02,2,5,0,0,0,1,1,0,0,0,national
2025,CT,09170,South Central Connecticut,54930039IUN6515TBG78,,2,2,0,0.02,2,0,0,0,0,2,0,0,0,0,national
2025,CT,09170,South Central Connecticut,5493003B2LEGQHDWRN55,HANSCOM,2,2,0,0.02,2,0,0,0,0,2,0,0,0,0,national
2025,CT,09170,South Central Connecticut,5493005NN76XZ2NOFH19,Country Bank for Savings,2,2,0,0.02,2,0,0,0,0,2,0,0,0,0,national
2025,CT,09170,South Central Connecticut,5493007CLWQN2S6IZK91,,3,2,0,0.02,1,1,1,0,0,0,1,1,0,0,national
2025,CT,09170,South Central Connecticut,5493007Z7FTUKQGFMZ98,,3,2,0,0.02,3,0,0,0,0,2,0,0,0,0,national
2025,CT,09170,South Central Connecticut,54930085BPQMVH9JFX69,HUDSON VALLEY CREDIT UNION,3,2,0,0.02,3,0,0,0,0,2,0,0,0,0,national
2025,CT,09170,South Central Connecticut,549300ALNLUNS3Y53T24,,30,2,12,0.02,15,15,0,0,0,0,2,0,0,0,national
2025,CT,09170,South Central Connecticut,549300AOB4S7B0DB7863,,3,2,0,0.02,3,0,0,0,0,2,0,0,0,0,national
2025,CT,09170,South Central Connecticut,549300BLL6VL7AXWYP56,,5,2,0,0.02,1,4,0,0,0,1,1,0,0,0,national
2025,CT,09170,South Central Connecticut,549300C04BJ0G297NC13,,3,2,0,0.02,3,0,0,0,0,2,0,0,0,0,national
2025,CT,09170,South Central Connecticut,549300C8GOC4OYUV0Z32,,5,2,0,0.02,5,0,0,0,0,2,0,0,0,0,national
2025,CT,09170,South Central Connecticut,549300CK7U1WMTIG6687,,3,2,0,0.02,3,0,0,0,0,2,0,0,0,0,national
2025,CT,09170,South Central Connecticut,549300DAUXQ2DCY4H838,"HARBORONE MORTGAGE, LLC",3,2,1,0.02,2,0,1,0,0,2,0,0,0,0,national
2025,CT,09170,South Central Connecticut,549300DCGBXW5FJMV921,,2,2,0,0.02,2,0,0,0,0,2,0,0,0,0,national
2025,CT,09170,South Central Connecticut,549300DNWSJUNAWUM003,,4,2,0,0.02,4,0,0,0,0,2,0,0,0,0,national
2025,CT,09170,South Central Connecticut,549300GCEUZLVML1J263,RADIUS FINANCIAL GROUP INC.,2,2,0,0.02,2,0,0,0,0,2,0,0,0,0,national
2025,CT,09170,South Central Connecticut,549300HKYBSATM44Q425,"The Washington Trust Company, of Westerly",4,2,1,0.02,4,0,0,0,0,2,0,0,0,0,national
2025,CT,09170,South Central Connecticut,549300IFOE4SCP384147,University Bank,2,2,0,0.02,2,0,0,0,0,2,0,0,0,0,national
2025,CT,09170,South Central Connecticut,549300KJ8PAJ7E52HG32,Plains Commerce Bank,2,2,0,0.02,1,1,0,0,0,1,1,0,0,0,national
2025,CT,09170,South Central Connecticut,549300KV83NH6PNL5E48,Westfield Bank,2,2,0,0.02,2,0,0,0,0,2,0,0,0,0,national
2025,CT,09170,South Central Connecticut,549300OPB0G5OMY0SM65,,2,2,0,0.02,2,0,0,0,0,2,0,0,0,0,national
2025,CT,09170,South Central Connecticut,549300OTLWFQPOOSC346,BayCoast Bank,2,2,0,0.02,2,0,0,0,0,2,0,0,0,0,national
2025,CT,09170,South Central Connecticut,549300PXIFIEPL7D7R86,,2,2,0,0.02,1,1,0,0,0,1,1,0,0,0,national
2025,CT,09170,South Central Connecticut,549300Q4BYXP7YD9UI61,,2,2,0,0.02,2,0,0,0,0,2,0,0,0,0,national
2025,CT,09170,South Central Connecticut,549300Q61S3IBOJITT02,Fall River Five Cents Savings Bank,2,2,0,0.02,1,1,0,0,0,1,1,0,0,0,national
2025,CT,09170,South Central Connecticut,549300QY4UCP33T94N09,,3,2,0,0.02,3,0,0,0,0,2,0,0,0,0,national
2025,CT,09170,South Central Connecticut,549300R8VPSFM828B312,TEACHERS FEDERAL CREDIT UNION,2,2,0,0.02,2,0,0,0,0,2,0,0,0,0,national
2025,CT,09170,South Central Connecticut,549300T61O0X0RJMQ375,,2,2,0,0.02,2,0,0,0,0,2,0,0,0,0,national
2025,CT,09170,South Central Connecticut,549300U4FBW37LFHW771,,3,2,0,0.02,2,1,0,0,0,2,0,0,0,0,national
2025,CT,09170,South Central Connecticut,549300UG1DH7RQL41718,,6,2,3,0.02,6,0,0,0,0,2,0,0,0,0,national
2025,CT,09170,South Central Connecticut,549300UG7QXKM7KGV847,,2,2,0,0.02,2,0,0,0,0,2,0,0,0,0,national
2025,CT,09170,South Central Connecticut,549300VORTI31GZTJL53,"CARDINAL FINANCIAL COMPANY, LIMITED PARTNERSHIP",6,2,3,0.02,2,4,0,0,0,0,2,0,0,0,national
2025,CT,09170,South Central Connecticut,549300WK15ESCDNJ5M35,CORNING FEDERAL CREDIT UNION,2,2,0,0.02,2,0,0,0,0,2,0,0,0,0,national
2025,CT,09170,South Central Connecticut,549300XTSMAC5DOX6447,,2,2,0,0.02,2,0,0,0,0,2,0,0,0,0,national
2025,CT,09170,South Central Connecticut,549300YIBRM1ZYA6GT07,NAVIGANT CREDIT UNION,2,2,0,0.02,2,0,0,0,0,2,0,0,0,0,national
2025,CT,09170,South Central Connecticut,549300ZOBXG0DT4I6U54,,4,2,1,0.02,2,2,0,0,0,1,1,0,0,0,national
2025,CT,09170,South Central Connecticut,CKVBED0S4DMLKJJ5XH28,,4,2,0,0.02,4,0,0,0,0,2,0,0,0,0,national
2025,CT,09170,South Central Connecticut,25490018IFQOT83Q7H49,,1,1,0,0.01,0,0,1,0,0,0,0,1,0,0,national
2025,CT,09170,South Central Connecticut,2549003GSJF52BBIBW81,,2,1,0,0.01,2,0,0,0,0,1,0,0,0,0,national
2025,CT,09170,South Central Connecticut,2549005FUF02T1IFCA22,,2,1,0,0.01,2,0,0,0,0,1,0,0,0,0,national
2025,CT,09170,South Central Connecticut,2549006A34A1F1ZGTT81,,1,1,0,0.01,1,0,0,0,0,1,0,0,0,0,national
2025,CT,09170,South Central Connecticut,2549009X2AG1P20YAJ63,,1,1,0,0.01,1,0,0,0,0,1,0,0,0,0,national
2025,CT,09170,South Central Connecticut,254900I68BOSEM149Q58,,2,1,1,0.01,2,0,0,0,0,1,0,0,0,0,national
2025,CT,09170,South Central Connecticut,254900KKWIJLOTNP7667,,1,1,0,0.01,1,0,0,0,0,1,0,0,0,0,national
2025,CT,09170,South Central Connecticut,254900LTD432L5CHIZ48,,1,1,0,0.01,1,0,0,0,0,1,0,0,0,0,national
2025,CT,09170,South Central Connecticut,254900O723MCLR701H50,,2,1,1,0.01,1,1,0,0,0,1,0,0,0,0,national
2025,CT,09170,South Central Connecticut,254900P7WLDQD9IUL038,Service Federal Credit Union,3,1,2,0.01,3,0,0,0,0,1,0,0,0,0,national
2025,CT,09170,South Central Connecticut,254900U1OBL1MC6M6518,,1,1,0,0.01,1,0,0,0,0,1,0,0,0,0,national
2025,CT,09170,South Central Connecticut,54930015NKWX0FSGV150,,1,1,0,0.01,1,0,0,0,0,1,0,0,0,0,national
2025,CT,09170,South Central Connecticut,5493001QR7MEE12WC276,,1,1,0,0.01,1,0,0,0,0,1,0,0,0,0,national
2025,CT,09170,South Central Connecticut,54930025XJJO3T0M1A92,,2,1,1,0.01,2,0,0,0,0,1,0,0,0,0,national
2025,CT,09170,South Central Connecticut,5493002N5168AC238149,"OceanFirst Bank, National Association",1,1,0,0.01,1,0,0,0,0,1,0,0,0,0,national
2025,CT,09170,South Central Connecticut,5493002QRULT2T40BH09,,1,1,0,0.01,1,0,0,0,0,1,0,0,0,0,national
2025,CT,09170,South Central Connecticut,5493002Y5XYV7DV1ZV88,"GOLD STAR MORTGAGE FINANCIAL GROUP, CORPORATION",2,1,1,0.01,1,1,0,0,0,1,0,0,0,0,national
2025,CT,09170,South Central Connecticut,5493003BXKRGHQHRJV38,,1,1,0,0.01,1,0,0,0,0,1,0,0,0,0,national
2025,CT,09170,South Central Connecticut,54930049L5WINET09Q97,"CLICK N' CLOSE, INC.",1,1,0,0.01,0,1,0,0,0,0,1,0,0,0,national
2025,CT,09170,South Central Connecticut,5493004LYI6NSVMGYH15,,1,1,0,0.01,1,0,0,0,0,1,0,0,0,0,national
2025,CT,09170,South Central Connecticut,5493004R423PBPM6A173,,1,1,0,0.01,0,1,0,0,0,0,1,0,0,0,national
2025,CT,09170,South Central Connecticut,5493005DKMV1IHIM8E20,"Wilmington Savings Fund Society, FSB",1,1,0,0.01,1,0,0,0,0,1,0,0,0,0,national
2025,CT,09170,South Central Connecticut,5493007H0KZ81N1H6352,,1,1,0,0.01,1,0,0,0,0,1,0,0,0,0,national
2025,CT,09170,South Central Connecticut,5493008E4KBJCB6UKR64,,1,1,0,0.01,0,1,0,0,0,0,1,0,0,0,national
2025,CT,09170,South Central Connecticut,5493008ZTV4S0W9DCX64,,1,1,0,0.01,1,0,0,0,0,1,0,0,0,0,national
2025,CT,09170,South Central Connecticut,5493009B17HXCVXTD608,"JMAC LENDING, INC.",2,1,0,0.01,1,0,1,0,0,1,0,0,0,0,national
2025,CT,09170,South Central Connecticut,5493009LZZ8VZRVIX755,,1,1,0,0.01,1,0,0,0,0,1,0,0,0,0,national
2025,CT,09170,South Central Connecticut,549300ASFUWYQO0RW077,,1,1,0,0.01,1,0,0,0,0,1,0,0,0,0,national
2025,CT,09170,South Central Connecticut,549300BXWU32AYWT1A56,,1,1,0,0.01,1,0,0,0,0,1,0,0,0,0,national
2025,CT,09170,South Central Connecticut,549300C1YZ5ZORJBI935,,1,1,0,0.01,1,0,0,0,0,1,0,0,0,0,national
2025,CT,09170,South Central Connecticut,549300CB67L6KPJLHE19,"TRIAD FINANCIAL SERVICES, INC.",8,1,1,0.01,8,0,0,0,0,1,0,0,0,0,national
2025,CT,09170,South Central Connecticut,549300DQLGJ1YQRRHH73,,1,1,0,0.01,1,0,0,0,0,1,0,0,0,0,national
2025,CT,09170,South Central Connecticut,549300DW87L2IZ7ZHF47,,2,1,1,0.01,0,2,0,0,0,0,1,0,0,0,national
2025,CT,09170,South Central Connecticut,549300E4YLQ3BVQ4GW30,,1,1,0,0.01,1,0,0,0,0,1,0,0,0,0,national
2025,CT,09170,South Central Connecticut,549300F1COXL6UBFCP55,,1,1,0,0.01,1,0,0,0,0,1,0,0,0,0,national
2025,CT,09170,South Central Connecticut,549300GPO6DWUZR4UY30,,1,1,0,0.01,1,0,0,0,0,1,0,0,0,0,national
2025,CT,09170,South Central Connecticut,549300HMKAPEK7YMHY76,,1,1,0,0.01,1,0,0,0,0,1,0,0,0,0,national
2025,CT,09170,South Central Connecticut,549300HQW3FSOL75WC88,,5,1,2,0.01,5,0,0,0,0,1,0,0,0,0,national
2025,CT,09170,South Central Connecticut,549300HVW3AI97UKTO72,,1,1,0,0.01,1,0,0,0,0,1,0,0,0,0,national
2025,CT,09170,South Central Connecticut,549300IBT3SCF2K09D58,,1,1,0,0.01,1,0,0,0,0,1,0,0,0,0,national
2025,CT,09170,South Central Connecticut,549300IRXW9RSZM2B951,,2,1,0,0.01,1,1,0,0,0,0,1,0,0,0,national
2025,CT,09170,South Central Connecticut,549300JGMQJ4R419LR70,,2,1,1,0.01,2,0,0,0,0,1,0,0,0,0,national
2025,CT,09170,South Central Connecticut,549300JQALY53TH22D13,,1,1,0,0.01,1,0,0,0,0,1,0,0,0,0,national
2025,CT,09170,South Central Connecticut,549300JZD4L02YZI3Z50,NJ LENDERS CORP.,1,1,0,0.01,0,1,0,0,0,0,1,0,0,0,national
2025,CT,09170,South Central Connecticut,549300KIOYNU323LVJ37,AMERICAN PACIFIC MORTGAGE CORPORATION,3,1,1,0.01,1,1,1,0,0,0,1,0,0,0,national
2025,CT,09170,South Central Connecticut,549300KWKWPEKL40WD44,,2,1,0,0.01,2,0,0,0,0,1,0,0,0,0,national
2025,CT,09170,South Central Connecticut,549300LLQD0X2OTG0Y27,,3,1,0,0.01,1,2,0,0,0,1,0,0,0,0,national
2025,CT,09170,South Central Connecticut,549300LZUXCJFE5ONM48,,2,1,1,0.01,0,2,0,0,0,0,1,0,0,0,national
2025,CT,09170,South Central Connecticut,549300NZWZUYUWEOA562,,2,1,0,0.01,2,0,0,0,0,1,0,0,0,0,national
2025,CT,09170,South Central Connecticut,549300OGIGNKGO2DX942,,1,1,0,0.01,1,0,0,0,0,1,0,0,0,0,national
2025,CT,09170,South Central Connecticut,549300OITV2T766YLP15,,1,1,0,0.01,1,0,0,0,0,1,0,0,0,0,national
2025,CT,09170,South Central Connecticut,549300PBTV7FCWLSMM53,,1,1,0,0.01,0,1,0,0,0,0,1,0,0,0,national
2025,CT,09170,South Central Connecticut,549300QIUZLVR1OLDH55,,1,1,0,0.01,1,0,0,0,0,1,0,0,0,0,national
2025,CT,09170,South Central Connecticut,549300QVGK8WC4HQ3C28,,3,1,2,0.01,3,0,0,0,0,1,0,0,0,0,national
2025,CT,09170,South Central Connecticut,549300R0SXC1JU7ZU290,,1,1,0,0.01,0,1,0,0,0,0,1,0,0,0,national
2025,CT,09170,South Central Connecticut,549300RFLICNI75BG067,Luminate Bank,2,1,0,0.01,2,0,0,0,0,1,0,0,0,0,national
2025,CT,09170,South Central Connecticut,549300RM1IZYGQDSNL85,,8,1,1,0.01,1,5,2,0,0,1,0,0,0,0,national
2025,CT,09170,South Central Connecticut,549300RYJCJ7JPQ4RF20,BankNewport,4,1,1,0.01,4,0,0,0,0,1,0,0,0,0,national
2025,CT,09170,South Central Connecticut,549300S347HTLHLOC775,,7,1,6,0.01,7,0,0,0,0,1,0,0,0,0,national
2025,CT,09170,South Central Connecticut,549300SYR11CYON0JE74,"BAYCOAST MORTGAGE COMPANY, LLC",1,1,0,0.01,1,0,0,0,0,1,0,0,0,0,national
2025,CT,09170,South Central Connecticut,549300TMY3OACQC9U777,,1,1,0,0.01,1,0,0,0,0,1,0,0,0,0,national
2025,CT,09170,South Central Connecticut,549300UK3Z5PC7V71K69,COASTAL1 Credit Union,1,1,0,0.01,1,0,0,0,0,1,0,0,0,0,national
2025,CT,09170,South Central Connecticut,549300UV5JQXLGVWIP44,,2,1,0,0.01,2,0,0,0,0,1,0,0,0,0,national
2025,CT,09170,South Central Connecticut,549300VBY3NBKUNMKL64,,1,1,0,0.01,1,0,0,0,0,1,0,0,0,0,national
2025,CT,09170,South Central Connecticut,549300WH9FMXOC63ZV77,,1,1,0,0.01,1,0,0,0,0,1,0,0,0,0,national
2025,CT,09170,South Central Connecticut,549300WHVRE44NRBU558,,3,1,0,0.01,2,1,0,0,0,1,0,0,0,0,national
2025,CT,09170,South Central Connecticut,549300YM15OICCNPH537,,1,1,0,0.01,1,0,0,0,0,1,0,0,0,0,national
2025,CT,09170,South Central Connecticut,549300YQJU3WVKMRXR40,,2,1,0,0.01,0,2,0,0,0,0,1,0,0,0,national
2025,CT,09170,South Central Connecticut,549300YX5RPSSMR88K92,,1,1,0,0.01,1,0,0,0,0,1,0,0,0,0,national
2025,CT,09170,South Central Connecticut,549300ZGZ9WQMJLEPH17,"1ST PRIORITY MORTGAGE, INC.",3,1,1,0.01,3,0,0,0,0,1,0,0,0,0,national
2025,CT,09170,South Central Connecticut,549300ZIQ24V0C88AC41,GTE Federal Credit Union,1,1,0,0.01,1,0,0,0,0,1,0,0,0,0,national
2025,CT,09170,South Central Connecticut,549300ZZME37MXI1EF14,,1,1,0,0.01,0,1,0,0,0,0,1,0,0,0,national
2025,CT,09170,South Central Connecticut,6UHRKD73G36IZYN3FC43,,1,1,0,0.01,1,0,0,0,0,1,0,0,0,0,national
2025,CT,09170,South Central Connecticut,B2S31CFVSWTN3FR00Q90,,1,1,0,0.01,1,0,0,0,0,1,0,0,0,0,national
2025,CT,09170,South Central Connecticut,COINQMNIM6RBU631DD85,,2,1,0,0.01,1,1,0,0,0,0,1,0,0,0,national
2025,CT,09170,South Central Connecticut,COOWI3L2W9TPYR3WJX37,First Horizon Bank,1,1,0,0.01,1,0,0,0,0,1,0,0,0,0,national
2025,CT,09170,South Central Connecticut,L9VVX1KT5TFTKS0MLF66,First-Citizens Bank & Trust Company,1,1,0,0.01,1,0,0,0,0,1,0,0,0,0,national
2025,CT,09170,South Central Connecticut,QFROUN1UWUYU0DVIWD51,"Eagle Home Mortgage, LLC",4,1,1,0.01,3,1,0,0,0,1,0,0,0,0,national
2025,CT,09170,South Central Connecticut,XC7Z0BA39TU7L1AKOJ12,,1,1,0,0.01,1,0,0,0,0,1,0,0,0,0,national
2025,CT,09170,South Central Connecticut,2549006T9J2DMLJVRS64,Municipal Credit Union,5,0,4,0.0,5,0,0,0,0,0,0,0,0,0,national
2025,CT,09170,South Central Connecticut,549300XQVJ1XBNFA5536,21ST MORTGAGE CORPORATION,5,0,2,0.0,5,0,0,0,0,0,0,0,0,0,national
2025,CT,09180,Southeastern Connecticut,254900HJA1Y85EJCGB90,,662,477,86,7.59,661,1,0,0,0,476,1,0,0,0,national
2025,CT,09180,Southeastern Connecticut,DRMSV1Q0EKMEXLAU1P80,"Citizens Bank, National Association",714,411,221,6.54,710,4,0,0,0,409,2,0,0,0,national
2025,CT,09180,Southeastern Connecticut,549300FGXN1K3HLB1R50,"Rocket Mortgage, LLC",513,369,82,5.87,389,74,50,0,0,293,46,30,0,0,national
2025,CT,09180,Southeastern Connecticut,549300KWXO8FUM7L0E14,Liberty Bank,409,315,52,5.02,406,3,0,0,0,314,1,0,0,0,national
2025,CT,09180,Southeastern Connecticut,549300HW662MN1WU8550,"United Wholesale Mortgage, LLC",401,296,46,4.71,219,92,90,0,0,168,63,65,0,0,national
2025,CT,09180,Southeastern Connecticut,5493003GQDUH26DNNH17,Navy Federal Credit Union,509,291,79,4.63,400,0,109,0,0,215,0,76,0,0,national
2025,CT,09180,Southeastern Connecticut,5493000GQWJTTR0TEH83,,371,252,48,4.01,370,1,0,0,0,252,0,0,0,0,national
2025,CT,09180,Southeastern Connecticut,549300VJQJVZKJBDWS17,"TOTAL MORTGAGE SERVICES, LLC",302,230,10,3.66,242,37,22,1,0,183,28,18,1,0,national
2025,CT,09180,Southeastern Connecticut,549300T3F9S1MKFKHC53,HOMESTEAD FUNDING CORP.,262,217,10,3.45,194,58,10,0,0,160,49,8,0,0,national
2025,CT,09180,Southeastern Connecticut,549300DD5QQUHO6PCH70,"Movement Mortgage, LLC",283,136,37,2.17,24,4,255,0,0,6,2,128,0,0,national
2025,CT,09180,Southeastern Connecticut,RVDPPPGHCGZ40J4VQ731,Fairway Independent Mortgage Corporation,200,120,20,1.91,105,37,58,0,0,66,12,42,0,0,national
2025,CT,09180,Southeastern Connecticut,5493005PKOSG7MYX0B34,"Prosperity Home Mortgage, LLC",121,104,2,1.66,100,11,10,0,0,85,11,8,0,0,national
2025,CT,09180,Southeastern Connecticut,254900QY5ST0J7P6M123,,183,102,47,1.62,182,1,0,0,0,101,1,0,0,0,national
2025,CT,09180,Southeastern Connecticut,549300MGPZBLQDIL7538,"PrimeLending, a PlainsCapital Company",137,94,9,1.5,109,21,6,1,0,77,11,5,1,0,national
2025,CT,09180,Southeastern Connecticut,WWB2V0FCW3A0EE3ZJN75,Manufacturers and Traders Trust Company,192,94,72,1.5,185,5,2,0,0,94,0,0,0,0,national
2025,CT,09180,Southeastern Connecticut,549300DD4R4SYK5RAQ92,"Cardinal Financial Company, Limited Partnership",115,89,4,1.42,83,16,16,0,0,63,13,13,0,0,national
2025,CT,09180,Southeastern Connecticut,549300HYHFCULSUBAE54,FIRST WORLD MORTGAGE CORPORATION,98,86,2,1.37,73,22,3,0,0,66,17,3,0,0,national
2025,CT,09180,Southeastern Connecticut,549300U3721PJGQZYY68,Nationstar Mortgage LLC,135,86,11,1.37,86,27,16,6,0,50,19,13,4,0,national
2025,CT,09180,Southeastern Connecticut,B4TYDEB6GKMZO031MB27,"Guaranteed Rate, Inc.",199,78,67,1.24,199,0,0,0,0,78,0,0,0,0,national
2025,CT,09180,Southeastern Connecticut,549300GTVXJ2PGXNLM73,T2 FINANCIAL LLC,96,76,4,1.21,71,13,12,0,0,56,11,9,0,0,national
2025,CT,09180,Southeastern Connecticut,549300AG64NHILB7ZP05,"PennyMac Loan Services, LLC",124,75,23,1.19,85,20,19,0,0,48,13,14,0,0,national
2025,CT,09180,Southeastern Connecticut,549300NFPC3Y4W3Y7R87,,78,63,2,1.0,66,9,3,0,0,55,5,3,0,0,national
2025,CT,09180,Southeastern Connecticut,549300121SF0K2LN2804,"PRIMELENDING, A PLAINSCAPITAL COMPANY",82,60,3,0.96,65,10,7,0,0,46,8,6,0,0,national
2025,CT,09180,Southeastern Connecticut,549300F8C5JA44WNMI75,AMERICAN NEIGHBORHOOD MORTGAGE ACCEPTANCE COMPANY LLC,95,59,4,0.94,61,18,15,1,0,36,11,11,1,0,national
2025,CT,09180,Southeastern Connecticut,549300GKFNPRWNS0GF29,"AmeriHome Mortgage Company, LLC",91,55,10,0.88,55,15,9,12,0,33,7,8,7,0,national
2025,CT,09180,Southeastern Connecticut,549300T5QSL6MC8M4D04,"NORWICH COMMERCIAL GROUP, INC.",77,54,4,0.86,53,19,3,2,0,37,17,0,0,0,national
2025,CT,09180,Southeastern Connecticut,254900J5OSYRB4AN2309,,126,51,55,0.81,126,0,0,0,0,51,0,0,0,0,national
2025,CT,09180,Southeastern Connecticut,549300FNXYY540N23N64,Newrez LLC,174,51,32,0.81,114,28,31,1,0,31,5,14,1,0,national
2025,CT,09180,Southeastern Connecticut,549300LYRWPSYPK6S325,Guild Mortgage Company LLC,165,50,12,0.8,21,68,76,0,0,8,17,25,0,0,national
2025,CT,09180,Southeastern Connecticut,254900UL88QFG0E40516,FIGURE LENDING LLC,97,47,23,0.75,97,0,0,0,0,47,0,0,0,0,national
2025,CT,09180,Southeastern Connecticut,549300HKYBSATM44Q425,"The Washington Trust Company, of Westerly",67,47,8,0.75,65,2,0,0,0,45,2,0,0,0,national
2025,CT,09180,Southeastern Connecticut,549300UG1DH7RQL41718,,62,46,6,0.73,62,0,0,0,0,46,0,0,0,0,national
2025,CT,09180,Southeastern Connecticut,549300LBCBNR1OT00651,NATIONSTAR MORTGAGE LLC,77,45,21,0.72,60,12,5,0,0,35,6,4,0,0,national
2025,CT,09180,Southeastern Connecticut,549300BUIG4G67S5O712,,63,44,6,0.7,63,0,0,0,0,44,0,0,0,0,national
2025,CT,09180,Southeastern Connecticut,549300TYBI78RNWPFB28,,64,42,11,0.67,63,1,0,0,0,41,1,0,0,0,national
2025,CT,09180,Southeastern Connecticut,549300VZVN841I2ILS84,Freedom Mortgage Corporation,67,42,4,0.67,43,19,5,0,0,32,8,2,0,0,national
2025,CT,09180,Southeastern Connecticut,549300JYXTZDSPJEPI44,"PLAZA HOME MORTGAGE, INC.",63,38,18,0.6,43,17,2,1,0,23,12,2,1,0,national
2025,CT,09180,Southeastern Connecticut,549300MCIFZSDHUT8X63,"NFM, INC.",46,35,3,0.56,30,14,2,0,0,23,11,1,0,0,national
2025,CT,09180,Southeastern Connecticut,6BYL5QZYBDK8S7L73M02,U.S. Bank National Association,54,35,12,0.56,53,0,1,0,0,34,0,1,0,0,national
2025,CT,09180,Southeastern Connecticut,03D0JEWFDFUS0SEEKG89,"TD Bank, National Association",61,34,13,0.54,60,1,0,0,0,34,0,0,0,0,national
2025,CT,09180,Southeastern Connecticut,5493009OLY1HC3F0SB77,,55,32,6,0.51,50,2,3,0,0,30,2,0,0,0,national
2025,CT,09180,Southeastern Connecticut,549300PIL8LFAQ04XC20,Better Mortgage Corporation,80,32,37,0.51,80,0,0,0,0,32,0,0,0,0,national
2025,CT,09180,Southeastern Connecticut,549300QKL5FUBZ8LSF50,,31,28,1,0.45,17,4,10,0,0,15,3,10,0,0,national
2025,CT,09180,Southeastern Connecticut,5493006VAGP3GQ8FJT49,"Kiavi Funding, Inc.",38,27,4,0.43,38,0,0,0,0,27,0,0,0,0,national
2025,CT,09180,Southeastern Connecticut,549300E2UX99HKDBR481,"Broker Solutions, Inc.",91,27,14,0.43,45,41,5,0,0,15,10,2,0,0,national
2025,CT,09180,Southeastern Connecticut,549300Q4BYXP7YD9UI61,,36,25,10,0.4,35,1,0,0,0,24,1,0,0,0,national
2025,CT,09180,Southeastern Connecticut,7H6GLXDRUGQFU57RNE97,"JPMorgan Chase Bank, National Association",50,25,6,0.4,48,2,0,0,0,24,1,0,0,0,national
2025,CT,09180,Southeastern Connecticut,5493005H3NABV4GMAG85,,35,24,9,0.38,35,0,0,0,0,24,0,0,0,0,national
2025,CT,09180,Southeastern Connecticut,254900ZFWS2106HWPH46,"PARAMOUNT RESIDENTIAL MORTGAGE GROUP, INC.",33,23,1,0.37,18,11,3,1,0,14,7,1,1,0,national
2025,CT,09180,Southeastern Connecticut,549300OPCWU6E72WUT29,"MUTUAL OF OMAHA MORTGAGE, INC.",44,23,11,0.37,10,29,5,0,0,6,14,3,0,0,national
2025,CT,09180,Southeastern Connecticut,549300R9S3MVDV4MGF56,"CARRINGTON MORTGAGE SERVICES, LLC",78,23,34,0.37,40,29,9,0,0,12,9,2,0,0,national
2025,CT,09180,Southeastern Connecticut,549300YIQ7S7Z8PIHE53,AMERISAVE MORTGAGE CORPORATION,81,23,46,0.37,58,19,4,0,0,18,4,1,0,0,national
2025,CT,09180,Southeastern Connecticut,5493001WHVQBGRSWEU75,"HOMEBRIDGE FINANCIAL SERVICES, INC.",33,22,6,0.35,30,3,0,0,0,19,3,0,0,0,national
2025,CT,09180,Southeastern Connecticut,54930054ET8KM4O1D485,"SOFI BANK, NATIONAL ASSOCIATION",63,21,11,0.33,61,1,1,0,0,21,0,0,0,0,national
2025,CT,09180,Southeastern Connecticut,549300LR1ZETOWYE9Z89,Berkshire Bank,39,21,10,0.33,38,0,1,0,0,21,0,0,0,0,national
2025,CT,09180,Southeastern Connecticut,984500U2F9A83N391A91,"CHAMPIONS FUNDING, LLC",25,20,2,0.32,25,0,0,0,0,20,0,0,0,0,national
2025,CT,09180,Southeastern Connecticut,KB1H1DSPRFMYMCUFXT09,"Wells Fargo Bank, National Association",40,20,4,0.32,37,3,0,0,0,18,2,0,0,0,national
2025,CT,09180,Southeastern Connecticut,54930015NKWX0FSGV150,,43,19,16,0.3,43,0,0,0,0,19,0,0,0,0,national
2025,CT,09180,Southeastern Connecticut,254900RUCO27MVGTO768,LOAN FUNDER LLC,40,18,3,0.29,40,0,0,0,0,18,0,0,0,0,national
2025,CT,09180,Southeastern Connecticut,549300J7I82PNDVU8H22,"OCMBC, INC.",28,18,4,0.29,28,0,0,0,0,18,0,0,0,0,national
2025,CT,09180,Southeastern Connecticut,254900C1CRYSCHG38F20,,21,17,1,0.27,21,0,0,0,0,17,0,0,0,0,national
2025,CT,09180,Southeastern Connecticut,549300GE8KIGZVQV1223,,17,16,0,0.25,16,0,1,0,0,15,0,1,0,0,national
2025,CT,09180,Southeastern Connecticut,549300NOCASXPA34X033,"LAKEVIEW LOAN SERVICING, LLC",60,16,24,0.25,25,23,12,0,0,8,6,2,0,0,national
2025,CT,09180,Southeastern Connecticut,549300T7HRS5DVBUPQ06,,19,15,0,0.24,3,0,16,0,0,3,0,12,0,0,national
2025,CT,09180,Southeastern Connecticut,WV0OVGBTLUP1XIUJE722,"Webster Bank, National Association",24,15,3,0.24,24,0,0,0,0,15,0,0,0,0,national
2025,CT,09180,Southeastern Connecticut,549300MZ8VZJOVC63092,"KIND LENDING, LLC",21,13,6,0.21,13,6,2,0,0,8,3,2,0,0,national
2025,CT,09180,Southeastern Connecticut,549300YIBRM1ZYA6GT07,NAVIGANT CREDIT UNION,19,13,1,0.21,19,0,0,0,0,13,0,0,0,0,national
2025,CT,09180,Southeastern Connecticut,C5654JQHZUHN0772B561,USAA Federal Savings Bank,27,13,5,0.21,13,0,14,0,0,7,0,6,0,0,national
2025,CT,09180,Southeastern Connecticut,54930052M48FOD3CWA54,"PRIMARY RESIDENTIAL MORTGAGE, INC.",23,12,2,0.19,16,6,1,0,0,8,3,1,0,0,national
2025,CT,09180,Southeastern Connecticut,549300L0OVX5O63S8C68,WASHINGTON TRUST MORTGAGE COMPANY LLC,16,12,0,0.19,16,0,0,0,0,12,0,0,0,0,national
2025,CT,09180,Southeastern Connecticut,549300SUCQ1358EGVE89,"NEW DAY FINANCIAL, LLC",35,12,9,0.19,0,1,34,0,0,0,0,12,0,0,national
2025,CT,09180,Southeastern Connecticut,549300T9P3WXNMXX0I34,Ixonia Bank,15,12,1,0.19,13,2,0,0,0,10,2,0,0,0,national
2025,CT,09180,Southeastern Connecticut,549300FW5QWKDV0UY394,,12,11,0,0.18,12,0,0,0,0,11,0,0,0,0,national
2025,CT,09180,Southeastern Connecticut,549300R0SXC1JU7ZU290,,12,11,0,0.18,9,3,0,0,0,9,2,0,0,0,national
2025,CT,09180,Southeastern Connecticut,2549005SIVTHG14U2905,A&D Mortgage LLC,17,10,1,0.16,17,0,0,0,0,10,0,0,0,0,national
2025,CT,09180,Southeastern Connecticut,254900DTLHVWQ7NP7R34,"CMG Mortgage, Inc.",18,10,3,0.16,18,0,0,0,0,10,0,0,0,0,national
2025,CT,09180,Southeastern Connecticut,549300370QILXLFUWD20,"ZILLOW HOME LOANS, LLC",13,10,2,0.16,10,3,0,0,0,7,3,0,0,0,national
2025,CT,09180,Southeastern Connecticut,549300XUMML1SMLTVQ62,,16,10,5,0.16,16,0,0,0,0,10,0,0,0,0,national
2025,CT,09180,Southeastern Connecticut,54930001NSTOD85LT125,"GUARANTEED RATE AFFINITY, LLC",14,9,0,0.14,10,2,2,0,0,6,2,1,0,0,national
2025,CT,09180,Southeastern Connecticut,5493008XQDQ2YZPQKX53,,10,9,0,0.14,8,2,0,0,0,7,2,0,0,0,national
2025,CT,09180,Southeastern Connecticut,549300O6Z0I6KYMESL47,AMWEST FUNDING CORP.,15,9,1,0.14,15,0,0,0,0,9,0,0,0,0,national
2025,CT,09180,Southeastern Connecticut,549300R77W0P105C3S50,HOMEXPRESS MORTGAGE CORP.,17,9,8,0.14,17,0,0,0,0,9,0,0,0,0,national
2025,CT,09180,Southeastern Connecticut,549300SYR11CYON0JE74,"BAYCOAST MORTGAGE COMPANY, LLC",12,9,0,0.14,7,2,3,0,0,6,1,2,0,0,national
2025,CT,09180,Southeastern Connecticut,549300TR6MWKSIOP3B72,Beacon Bank And Trust,22,9,5,0.14,22,0,0,0,0,9,0,0,0,0,national
2025,CT,09180,Southeastern Connecticut,549300UXY7OP0IC38293,,11,9,1,0.14,9,0,2,0,0,8,0,1,0,0,national
2025,CT,09180,Southeastern Connecticut,549300XWUSRVVOHPRY47,Academy Mortgage Corporation,14,9,2,0.14,6,7,1,0,0,5,4,0,0,0,national
2025,CT,09180,Southeastern Connecticut,549300XY701IELCE5Q08,BETTER MORTGAGE CORPORATION,44,9,17,0.14,41,3,0,0,0,9,0,0,0,0,national
2025,CT,09180,Southeastern Connecticut,549300YFPHIE78XPP635,,14,9,0,0.14,14,0,0,0,0,9,0,0,0,0,national
2025,CT,09180,Southeastern Connecticut,HUX2X73FUCYHUVH1BK78,KeyBank National Association,15,9,4,0.14,15,0,0,0,0,9,0,0,0,0,national
2025,CT,09180,Southeastern Connecticut,54930021WPEXNHYZUL09,"PLANET HOME LENDING, LLC",8,8,0,0.13,2,3,3,0,0,2,3,3,0,0,national
2025,CT,09180,Southeastern Connecticut,549300K4ZLGS7SRDTL86,Equity Prime Mortgage LLC,16,8,0,0.13,0,11,5,0,0,0,5,3,0,0,national
2025,CT,09180,Southeastern Connecticut,549300MHH03ICJYEPE85,,13,8,2,0.13,0,13,0,0,0,0,8,0,0,0,national
2025,CT,09180,Southeastern Connecticut,549300QY4UCP33T94N09,,10,8,0,0.13,10,0,0,0,0,8,0,0,0,0,national
2025,CT,09180,Southeastern Connecticut,2549002VH9C0PKB8K153,,11,7,0,0.11,11,0,0,0,0,7,0,0,0,0,national
2025,CT,09180,Southeastern Connecticut,5493001GCBD5XGNIC815,Coastal Community Bank,34,7,0,0.11,34,0,0,0,0,7,0,0,0,0,national
2025,CT,09180,Southeastern Connecticut,549300CB67L6KPJLHE19,"TRIAD FINANCIAL SERVICES, INC.",21,7,5,0.11,21,0,0,0,0,7,0,0,0,0,national
2025,CT,09180,Southeastern Connecticut,549300LROQOOQU77WS20,,13,7,1,0.11,13,0,0,0,0,7,0,0,0,0,national
2025,CT,09180,Southeastern Connecticut,549300RYWXR8TL5LIK35,,16,7,4,0.11,12,3,1,0,0,5,2,0,0,0,national
2025,CT,09180,Southeastern Connecticut,549300TA4MQM8WN2XG31,,11,7,0,0.11,11,0,0,0,0,7,0,0,0,0,national
2025,CT,09180,Southeastern Connecticut,AD6GFRVSDT01YPT1CS68,"PNC Bank, National Association",11,7,3,0.11,11,0,0,0,0,7,0,0,0,0,national
2025,CT,09180,Southeastern Connecticut,254900HA4DQWAE0W3342,"AMERIHOME MORTGAGE COMPANY, LLC",14,6,1,0.1,6,8,0,0,0,2,4,0,0,0,national
2025,CT,09180,Southeastern Connecticut,254900O2K17TNH5CL873,"RF RENOVO MANAGEMENT COMPANY, LLC",8,6,0,0.1,8,0,0,0,0,6,0,0,0,0,national
2025,CT,09180,Southeastern Connecticut,54930049L5WINET09Q97,"CLICK N' CLOSE, INC.",12,6,0,0.1,2,10,0,0,0,1,5,0,0,0,national
2025,CT,09180,Southeastern Connecticut,549300KT5OWPGQKWUN86,,9,6,1,0.1,5,4,0,0,0,3,3,0,0,0,national
2025,CT,09180,Southeastern Connecticut,549300PC4MFWQBNVKG88,,8,6,1,0.1,6,0,2,0,0,5,0,1,0,0,national
2025,CT,09180,Southeastern Connecticut,549300XQVJ1XBNFA5536,21ST MORTGAGE CORPORATION,55,6,26,0.1,55,0,0,0,0,6,0,0,0,0,national
2025,CT,09180,Southeastern Connecticut,549300ZPSJZO10ZAX556,"AMERICAN HERITAGE LENDING, LLC",8,6,0,0.1,8,0,0,0,0,6,0,0,0,0,national
2025,CT,09180,Southeastern Connecticut,X05BVSK68TQ7YTOSNR22,Discover Bank,66,6,37,0.1,66,0,0,0,0,6,0,0,0,0,national
2025,CT,09180,Southeastern Connecticut,254900E6AIE4Z8YQM970,Citadel Servicing Corporation,5,5,0,0.08,5,0,0,0,0,5,0,0,0,0,national
2025,CT,09180,Southeastern Connecticut,5493002B2WMHY23GFK92,"AMERICAN FINANCIAL RESOURCES, INC.",6,5,1,0.08,3,3,0,0,0,3,2,0,0,0,national
2025,CT,09180,Southeastern Connecticut,54930030Z1JWTP3SVD16,,8,5,0,0.08,3,5,0,0,0,2,3,0,0,0,national
2025,CT,09180,Southeastern Connecticut,54930043BMDE130FJ617,"PROVIDENT FUNDING ASSOCIATES, L.P.",9,5,2,0.08,9,0,0,0,0,5,0,0,0,0,national
2025,CT,09180,Southeastern Connecticut,54930091JQKCU3Z6IP44,,40,5,7,0.08,40,0,0,0,0,5,0,0,0,0,national
2025,CT,09180,Southeastern Connecticut,549300A5HHOL2ED18C72,,5,5,0,0.08,4,1,0,0,0,4,1,0,0,0,national
2025,CT,09180,Southeastern Connecticut,549300AQ3T62GXDU7D76,Ally Bank,10,5,0,0.08,8,2,0,0,0,4,1,0,0,0,national
2025,CT,09180,Southeastern Connecticut,549300EKFFG3BU8DNX74,NEXERA HOLDING LLC,9,5,1,0.08,8,1,0,0,0,4,1,0,0,0,national
2025,CT,09180,Southeastern Connecticut,549300EMNDEK4BA8WB53,EMM LOANS LLC,8,5,1,0.08,2,6,0,0,0,2,3,0,0,0,national
2025,CT,09180,Southeastern Connecticut,549300FK3AFCFVAPH234,"Leader Bank, National Association",10,5,0,0.08,8,2,0,0,0,5,0,0,0,0,national
2025,CT,09180,Southeastern Connecticut,549300FX7K8PTEQUU487,PENTAGON FEDERAL CREDIT UNION,15,5,6,0.08,13,0,2,0,0,3,0,2,0,0,national
2025,CT,09180,Southeastern Connecticut,549300RA3E0BUFO7YZ21,"Hometown Equity Mortgage, LLC",13,5,8,0.08,13,0,0,0,0,5,0,0,0,0,national
2025,CT,09180,Southeastern Connecticut,549300S347HTLHLOC775,,21,5,6,0.08,21,0,0,0,0,5,0,0,0,0,national
2025,CT,09180,Southeastern Connecticut,549300S5NLOTO329NX77,,7,5,0,0.08,7,0,0,0,0,5,0,0,0,0,national
2025,CT,09180,Southeastern Connecticut,549300SK2GVCQXPD4S58,"SUN WEST MORTGAGE COMPANY, INC.",8,5,2,0.08,3,5,0,0,0,1,4,0,0,0,national
2025,CT,09180,Southeastern Connecticut,549300UR5AOWTJJ7KZ64,,8,5,0,0.08,8,0,0,0,0,5,0,0,0,0,national
2025,CT,09180,Southeastern Connecticut,549300VCMRO4ST680C11,VILLAGE CAPITAL & INVESTMENT LLC,23,5,5,0.08,0,5,18,0,0,0,1,4,0,0,national
2025,CT,09180,Southeastern Connecticut,984500D092D1E2CYDB19,,5,5,0,0.08,5,0,0,0,0,5,0,0,0,0,national
2025,CT,09180,Southeastern Connecticut,984500F6E6940CCB6A60,,5,5,0,0.08,5,0,0,0,0,5,0,0,0,0,national
2025,CT,09180,Southeastern Connecticut,213800XR2TCBQJSF1X93,,11,4,2,0.06,8,0,3,0,0,1,0,3,0,0,national
2025,CT,09180,Southeastern Connecticut,254900114YHTRFBALC74,,4,4,0,0.06,4,0,0,0,0,4,0,0,0,0,national
2025,CT,09180,Southeastern Connecticut,2549001NJY765EZWDI06,,8,4,1,0.06,3,5,0,0,0,3,1,0,0,0,national
2025,CT,09180,Southeastern Connecticut,254900VE4XTOQUE8NZ77,,9,4,2,0.06,9,0,0,0,0,4,0,0,0,0,national
2025,CT,09180,Southeastern Connecticut,5493003V40VGM7YDFM54,FIRST COLONY MORTGAGE CORPORATION,7,4,0,0.06,7,0,0,0,0,4,0,0,0,0,national
2025,CT,09180,Southeastern Connecticut,5493003XFPPSO0JVIB33,,7,4,2,0.06,7,0,0,0,0,4,0,0,0,0,national
2025,CT,09180,Southeastern Connecticut,54930048P8RWCQHQM310,,6,4,0,0.06,6,0,0,0,0,4,0,0,0,0,national
2025,CT,09180,Southeastern Connecticut,5493005HTCBH4TWCVM82,,5,4,0,0.06,5,0,0,0,0,4,0,0,0,0,national
2025,CT,09180,Southeastern Connecticut,5493006Z74IVZXJ0XO35,,10,4,4,0.06,10,0,0,0,0,4,0,0,0,0,national
2025,CT,09180,Southeastern Connecticut,549300BX448ALT10FI43,The Federal Savings Bank,17,4,1,0.06,0,3,14,0,0,0,0,4,0,0,national
2025,CT,09180,Southeastern Connecticut,549300DRZGISDSL1BX02,,6,4,1,0.06,6,0,0,0,0,4,0,0,0,0,national
2025,CT,09180,Southeastern Connecticut,549300G4ESSS6M0MEG51,,5,4,1,0.06,5,0,0,0,0,4,0,0,0,0,national
2025,CT,09180,Southeastern Connecticut,549300HQL7U3JZ4LCJ17,,4,4,0,0.06,4,0,0,0,0,4,0,0,0,0,national
2025,CT,09180,Southeastern Connecticut,549300INFJ8TYNZ1G568,,4,4,0,0.06,4,0,0,0,0,4,0,0,0,0,national
2025,CT,09180,Southeastern Connecticut,549300IYKILIU506KA05,PeoplesBank,5,4,0,0.06,5,0,0,0,0,4,0,0,0,0,national
2025,CT,09180,Southeastern Connecticut,549300J6N77Q8OHYNF23,,4,4,0,0.06,3,0,1,0,0,3,0,1,0,0,national
2025,CT,09180,Southeastern Connecticut,549300JBZ3MK7Z4FI764,,5,4,0,0.06,5,0,0,0,0,4,0,0,0,0,national
2025,CT,09180,Southeastern Connecticut,549300JI0UWY4QIWDV89,"NORTHPOINT MORTGAGE, INC.",6,4,0,0.06,5,1,0,0,0,3,1,0,0,0,national
2025,CT,09180,Southeastern Connecticut,549300KSOOZZVXCMA627,ANGEL OAK MORTGAGE SOLUTIONS LLC,4,4,0,0.06,4,0,0,0,0,4,0,0,0,0,national
2025,CT,09180,Southeastern Connecticut,549300PBTV7FCWLSMM53,,6,4,0,0.06,0,1,5,0,0,0,0,4,0,0,national
2025,CT,09180,Southeastern Connecticut,549300RFLICNI75BG067,Luminate Bank,5,4,0,0.06,2,0,3,0,0,1,0,3,0,0,national
2025,CT,09180,Southeastern Connecticut,549300RN01LBYR8ZVX74,"LOWER, LLC",11,4,2,0.06,8,2,1,0,0,4,0,0,0,0,national
2025,CT,09180,Southeastern Connecticut,549300YN94MOAVYW0F52,"GoodLeap, LLC",8,4,2,0.06,6,1,1,0,0,3,0,1,0,0,national
2025,CT,09180,Southeastern Connecticut,213800QUAI2VH5YM6310,"EMBRACE HOME LOANS, INC.",3,3,0,0.05,2,0,1,0,0,2,0,1,0,0,national
2025,CT,09180,Southeastern Connecticut,254900CTT87ZKAUTIJ37,,5,3,1,0.05,5,0,0,0,0,3,0,0,0,0,national
2025,CT,09180,Southeastern Connecticut,254900PRB9DTJAHMMZ45,,3,3,0,0.05,3,0,0,0,0,3,0,0,0,0,national
2025,CT,09180,Southeastern Connecticut,254900W4EKVR6GZ0KS84,,3,3,0,0.05,3,0,0,0,0,3,0,0,0,0,national
2025,CT,09180,Southeastern Connecticut,5493000349C5XXDRQX28,,6,3,0,0.05,4,1,0,1,0,1,1,0,1,0,national
2025,CT,09180,Southeastern Connecticut,549300323EON4W3CCM44,"RESICENTRAL, LLC",4,3,0,0.05,2,1,1,0,0,1,1,1,0,0,national
2025,CT,09180,Southeastern Connecticut,5493005PD34O8ZT7QT17,,3,3,0,0.05,3,0,0,0,0,3,0,0,0,0,national
2025,CT,09180,Southeastern Connecticut,5493008CPTDVOS570626,"Primary Residential Mortgage, Inc.",6,3,1,0.05,6,0,0,0,0,3,0,0,0,0,national
2025,CT,09180,Southeastern Connecticut,5493009B17HXCVXTD608,"JMAC LENDING, INC.",3,3,0,0.05,0,2,1,0,0,0,2,1,0,0,national
2025,CT,09180,Southeastern Connecticut,549300DAUXQ2DCY4H838,"HARBORONE MORTGAGE, LLC",4,3,1,0.05,3,1,0,0,0,2,1,0,0,0,national
2025,CT,09180,Southeastern Connecticut,549300G2LV8W3C1G3762,,3,3,0,0.05,3,0,0,0,0,3,0,0,0,0,national
2025,CT,09180,Southeastern Connecticut,549300GRGZDEH4ZGQS06,WATERSTONE MORTGAGE CORPORATION,4,3,0,0.05,3,0,1,0,0,2,0,1,0,0,national
2025,CT,09180,Southeastern Connecticut,549300GWD9H4FQ2VR805,,4,3,0,0.05,4,0,0,0,0,3,0,0,0,0,national
2025,CT,09180,Southeastern Connecticut,549300KTR1JGH3K6LU06,FOURLEAF,11,3,6,0.05,11,0,0,0,0,3,0,0,0,0,national
2025,CT,09180,Southeastern Connecticut,549300MKO88C3VZKD418,,4,3,0,0.05,4,0,0,0,0,3,0,0,0,0,national
2025,CT,09180,Southeastern Connecticut,549300Q50XCC0473FG63,,3,3,0,0.05,3,0,0,0,0,3,0,0,0,0,national
2025,CT,09180,Southeastern Connecticut,549300REENMLD2RN3W58,,3,3,0,0.05,0,0,3,0,0,0,0,3,0,0,national
2025,CT,09180,Southeastern Connecticut,549300RPOGWJRH63HS39,UNION HOME MORTGAGE CORP.,7,3,1,0.05,6,0,1,0,0,2,0,1,0,0,national
2025,CT,09180,Southeastern Connecticut,549300RYJCJ7JPQ4RF20,BankNewport,3,3,0,0.05,3,0,0,0,0,3,0,0,0,0,national
2025,CT,09180,Southeastern Connecticut,549300S5YL3OH0IVCS62,FINANCE OF AMERICA REVERSE LLC,6,3,1,0.05,1,5,0,0,0,0,3,0,0,0,national
2025,CT,09180,Southeastern Connecticut,549300T94GSH3C4U5M59,ALLIANT CREDIT UNION,10,3,5,0.05,10,0,0,0,0,3,0,0,0,0,national
2025,CT,09180,Southeastern Connecticut,549300TPAN1WJY46W431,,4,3,0,0.05,4,0,0,0,0,3,0,0,0,0,national
2025,CT,09180,Southeastern Connecticut,549300UHEEV73TKCZY62,,3,3,0,0.05,3,0,0,0,0,3,0,0,0,0,national
2025,CT,09180,Southeastern Connecticut,549300YW2UBCMDRMBT48,,3,3,0,0.05,2,1,0,0,0,2,1,0,0,0,national
2025,CT,09180,Southeastern Connecticut,98450057741D3B36B015,,3,3,0,0.05,3,0,0,0,0,3,0,0,0,0,national
2025,CT,09180,Southeastern Connecticut,PAOOWF3GUFM46FBSP561,,16,3,1,0.05,6,8,2,0,0,0,2,1,0,0,national
2025,CT,09180,Southeastern Connecticut,Q708HHR4LD2B7XIZNO92,First Federal Bank,6,3,1,0.05,4,0,2,0,0,2,0,1,0,0,national
2025,CT,09180,Southeastern Connecticut,2549001SI0EMFPT39035,"Cornerstone First Mortgage, Inc",5,2,0,0.03,4,0,1,0,0,1,0,1,0,0,national
2025,CT,09180,Southeastern Connecticut,2549004XJQQPBYQSMT39,,2,2,0,0.03,2,0,0,0,0,2,0,0,0,0,national
2025,CT,09180,Southeastern Connecticut,2549004Z576VEJBK3N72,"NQM FUNDING, LLC",3,2,0,0.03,3,0,0,0,0,2,0,0,0,0,national
2025,CT,09180,Southeastern Connecticut,2549005Q4HZ55QX7YC64,,2,2,0,0.03,2,0,0,0,0,2,0,0,0,0,national
2025,CT,09180,Southeastern Connecticut,254900DSZI6CJXJL6Z14,,2,2,0,0.03,2,0,0,0,0,2,0,0,0,0,national
2025,CT,09180,Southeastern Connecticut,254900HEJ9F73IMPX887,,12,2,1,0.03,12,0,0,0,0,2,0,0,0,0,national
2025,CT,09180,Southeastern Connecticut,254900NZOY3XB2DNSZ34,,3,2,0,0.03,3,0,0,0,0,2,0,0,0,0,national
2025,CT,09180,Southeastern Connecticut,254900O86JRT86YLQO47,,2,2,0,0.03,2,0,0,0,0,2,0,0,0,0,national
2025,CT,09180,Southeastern Connecticut,254900TG14TB8RKS3U42,,4,2,1,0.03,4,0,0,0,0,2,0,0,0,0,national
2025,CT,09180,Southeastern Connecticut,254900WTZC5SSKIN2M11,,2,2,0,0.03,2,0,0,0,0,2,0,0,0,0,national
2025,CT,09180,Southeastern Connecticut,5493000IIYWBLONJVJ30,,3,2,0,0.03,2,1,0,0,0,2,0,0,0,0,national
2025,CT,09180,Southeastern Connecticut,5493001GDRY0EL7VG372,"ARK-LA-TEX FINANCIAL SERVICES, LLC.",4,2,1,0.03,4,0,0,0,0,2,0,0,0,0,national
2025,CT,09180,Southeastern Connecticut,5493001XKL0FTNOJ0866,,2,2,0,0.03,2,0,0,0,0,2,0,0,0,0,national
2025,CT,09180,Southeastern Connecticut,5493005DJAOTPGS83Z81,Cornerstone Bank,2,2,0,0.03,2,0,0,0,0,2,0,0,0,0,national
2025,CT,09180,Southeastern Connecticut,5493005DKMV1IHIM8E20,"Wilmington Savings Fund Society, FSB",2,2,0,0.03,2,0,0,0,0,2,0,0,0,0,national
2025,CT,09180,Southeastern Connecticut,54930078TNN7GKZ7NU89,,3,2,0,0.03,0,1,2,0,0,0,0,2,0,0,national
2025,CT,09180,Southeastern Connecticut,5493008NWHQT1R22C024,"AMERICAN FINANCIAL NETWORK, INC.",6,2,3,0.03,2,2,2,0,0,0,0,2,0,0,national
2025,CT,09180,Southeastern Connecticut,5493008PQSMR41Y70C36,,2,2,0,0.03,1,1,0,0,0,1,1,0,0,0,national
2025,CT,09180,Southeastern Connecticut,549300C8GOC4OYUV0Z32,,5,2,0,0.03,5,0,0,0,0,2,0,0,0,0,national
2025,CT,09180,Southeastern Connecticut,549300CA0J0Z7OFQBG71,,6,2,3,0.03,6,0,0,0,0,2,0,0,0,0,national
2025,CT,09180,Southeastern Connecticut,549300CLRXFVF83ZL806,"NATIONWIDE MORTGAGE BANKERS, INC.",3,2,0,0.03,0,2,1,0,0,0,1,1,0,0,national
2025,CT,09180,Southeastern Connecticut,549300F570XAWYN8Z237,,2,2,0,0.03,2,0,0,0,0,2,0,0,0,0,national
2025,CT,09180,Southeastern Connecticut,549300GCEUZLVML1J263,RADIUS FINANCIAL GROUP INC.,2,2,0,0.03,2,0,0,0,0,2,0,0,0,0,national
2025,CT,09180,Southeastern Connecticut,549300GPO6DWUZR4UY30,,4,2,0,0.03,3,1,0,0,0,1,1,0,0,0,national
2025,CT,09180,Southeastern Connecticut,549300GS0W0TEUQS8571,"Morgan Stanley Private Bank, National Association",4,2,0,0.03,4,0,0,0,0,2,0,0,0,0,national
2025,CT,09180,Southeastern Connecticut,549300HRKD2IJSOPRA57,,3,2,0,0.03,3,0,0,0,0,2,0,0,0,0,national
2025,CT,09180,Southeastern Connecticut,549300ISCZS1R0CJMO47,,3,2,0,0.03,3,0,0,0,0,2,0,0,0,0,national
2025,CT,09180,Southeastern Connecticut,549300JPGMCMBEJEK584,FIRST TECHNOLOGY,4,2,0,0.03,4,0,0,0,0,2,0,0,0,0,national
2025,CT,09180,Southeastern Connecticut,549300K6K2IS7FRS7S09,,3,2,1,0.03,3,0,0,0,0,2,0,0,0,0,national
2025,CT,09180,Southeastern Connecticut,549300KIOYNU323LVJ37,AMERICAN PACIFIC MORTGAGE CORPORATION,2,2,0,0.03,0,1,1,0,0,0,1,1,0,0,national
2025,CT,09180,Southeastern Connecticut,549300KV83NH6PNL5E48,Westfield Bank,3,2,1,0.03,3,0,0,0,0,2,0,0,0,0,national
2025,CT,09180,Southeastern Connecticut,549300LI3FDGO7UKFF39,EAST COAST CAPITAL CORP.,2,2,0,0.03,2,0,0,0,0,2,0,0,0,0,national
2025,CT,09180,Southeastern Connecticut,549300LLKEKXL2RM1F61,CONTOUR MORTGAGE CORPORATION,3,2,0,0.03,3,0,0,0,0,2,0,0,0,0,national
2025,CT,09180,Southeastern Connecticut,549300N38Q5YKSSV1106,Bankesb,2,2,0,0.03,2,0,0,0,0,2,0,0,0,0,national
2025,CT,09180,Southeastern Connecticut,549300NWBS6MQJX15N44,,3,2,0,0.03,3,0,0,0,0,2,0,0,0,0,national
2025,CT,09180,Southeastern Connecticut,549300OTLWFQPOOSC346,BayCoast Bank,2,2,0,0.03,2,0,0,0,0,2,0,0,0,0,national
2025,CT,09180,Southeastern Connecticut,549300PL267CW8182203,,5,2,0,0.03,0,1,4,0,0,0,0,2,0,0,national
2025,CT,09180,Southeastern Connecticut,549300PQLK8E48ILXV41,,4,2,1,0.03,4,0,0,0,0,2,0,0,0,0,national
2025,CT,09180,Southeastern Connecticut,549300Q1YFRSB8UEGH03,,2,2,0,0.03,2,0,0,0,0,2,0,0,0,0,national
2025,CT,09180,Southeastern Connecticut,549300Q61S3IBOJITT02,Fall River Five Cents Savings Bank,2,2,0,0.03,2,0,0,0,0,2,0,0,0,0,national
2025,CT,09180,Southeastern Connecticut,549300QCV4J37OC2IL06,,2,2,0,0.03,2,0,0,0,0,2,0,0,0,0,national
2025,CT,09180,Southeastern Connecticut,549300RFPLMCMJL7BS81,,2,2,0,0.03,2,0,0,0,0,2,0,0,0,0,national
2025,CT,09180,Southeastern Connecticut,549300VMX06UV1F7NS76,,2,2,0,0.03,1,0,1,0,0,1,0,1,0,0,national
2025,CT,09180,Southeastern Connecticut,549300VORTI31GZTJL53,"CARDINAL FINANCIAL COMPANY, LIMITED PARTNERSHIP",5,2,1,0.03,4,1,0,0,0,1,1,0,0,0,national
2025,CT,09180,Southeastern Connecticut,549300VQUTI5IU7GXT57,,3,2,0,0.03,2,1,0,0,0,1,1,0,0,0,national
2025,CT,09180,Southeastern Connecticut,549300YMIOLU51FSTO86,,2,2,0,0.03,2,0,0,0,0,2,0,0,0,0,national
2025,CT,09180,Southeastern Connecticut,549300ZZME37MXI1EF14,,2,2,0,0.03,1,1,0,0,0,1,1,0,0,0,national
2025,CT,09180,Southeastern Connecticut,984500CD6F0743B8F530,,2,2,0,0.03,0,0,2,0,0,0,0,2,0,0,national
2025,CT,09180,Southeastern Connecticut,C398JSK21YCXWM603F55,,2,2,0,0.03,1,0,1,0,0,1,0,1,0,0,national
2025,CT,09180,Southeastern Connecticut,E57ODZWZ7FF32TWEFA76,"Citibank, National Association",5,2,1,0.03,4,0,1,0,0,2,0,0,0,0,national
2025,CT,09180,Southeastern Connecticut,JJKC32MCHWDI71265Z06,Truist Bank,4,2,2,0.03,4,0,0,0,0,2,0,0,0,0,national
2025,CT,09180,Southeastern Connecticut,KD3XUN7C6T14HNAYLU02,,3,2,1,0.03,3,0,0,0,0,2,0,0,0,0,national
2025,CT,09180,Southeastern Connecticut,1IE8VN30JCEQV1H4R804,,2,1,0,0.02,2,0,0,0,0,1,0,0,0,0,national
2025,CT,09180,Southeastern Connecticut,1VUZZZCW0TWP6R7N3Z33,,2,1,1,0.02,2,0,0,0,0,1,0,0,0,0,national
2025,CT,09180,Southeastern Connecticut,2549006HJBA7HTOZF285,,1,1,0,0.02,1,0,0,0,0,1,0,0,0,0,national
2025,CT,09180,Southeastern Connecticut,2549007AU24FVDMNUB40,,1,1,0,0.02,1,0,0,0,0,1,0,0,0,0,national
2025,CT,09180,Southeastern Connecticut,254900F9ZTVTX763V835,"Advisors Mortgage Group, L.L.C.",2,1,0,0.02,1,1,0,0,0,1,0,0,0,0,national
2025,CT,09180,Southeastern Connecticut,254900KKWIJLOTNP7667,,1,1,0,0.02,0,1,0,0,0,0,1,0,0,0,national
2025,CT,09180,Southeastern Connecticut,254900OVHD0ZZK65EQ86,,2,1,1,0.02,2,0,0,0,0,1,0,0,0,0,national
2025,CT,09180,Southeastern Connecticut,254900T8N4RLS6G3BF64,,1,1,0,0.02,1,0,0,0,0,1,0,0,0,0,national
2025,CT,09180,Southeastern Connecticut,254900TM81D0YC1B9584,,1,1,0,0.02,1,0,0,0,0,1,0,0,0,0,national
2025,CT,09180,Southeastern Connecticut,254900TTZ395IC926125,,1,1,0,0.02,1,0,0,0,0,1,0,0,0,0,national
2025,CT,09180,Southeastern Connecticut,254900V6GCDMRQZ34D96,,1,1,0,0.02,1,0,0,0,0,1,0,0,0,0,national
2025,CT,09180,Southeastern Connecticut,254900WEP08K7U7S3A80,,1,1,0,0.02,0,1,0,0,0,0,1,0,0,0,national
2025,CT,09180,Southeastern Connecticut,254900YA1AQXNM8QVZ06,,1,1,0,0.02,1,0,0,0,0,1,0,0,0,0,national
2025,CT,09180,Southeastern Connecticut,2WHM8VNJH63UN14OL754,The Huntington National Bank,1,1,0,0.02,1,0,0,0,0,1,0,0,0,0,national
2025,CT,09180,Southeastern Connecticut,54930002M4XN64FM7Z89,,4,1,0,0.02,4,0,0,0,0,1,0,0,0,0,national
2025,CT,09180,Southeastern Connecticut,5493001B4TX233UP4J06,,1,1,0,0.02,1,0,0,0,0,1,0,0,0,0,national
2025,CT,09180,Southeastern Connecticut,5493001X0T84TYRJ5Y59,,1,1,0,0.02,1,0,0,0,0,1,0,0,0,0,national
2025,CT,09180,Southeastern Connecticut,54930023C70YMJJDRL61,,2,1,0,0.02,2,0,0,0,0,1,0,0,0,0,national
2025,CT,09180,Southeastern Connecticut,5493002Y5XYV7DV1ZV88,"GOLD STAR MORTGAGE FINANCIAL GROUP, CORPORATION",2,1,0,0.02,0,2,0,0,0,0,1,0,0,0,national
2025,CT,09180,Southeastern Connecticut,5493003B2LEGQHDWRN55,HANSCOM,1,1,0,0.02,1,0,0,0,0,1,0,0,0,0,national
2025,CT,09180,Southeastern Connecticut,5493003X6Y6JGJKHPA25,,1,1,0,0.02,0,1,0,0,0,0,1,0,0,0,national
2025,CT,09180,Southeastern Connecticut,5493004D0Z2WQR26VL57,,1,1,0,0.02,1,0,0,0,0,1,0,0,0,0,national
2025,CT,09180,Southeastern Connecticut,5493004RLLKTQS8K7U51,,2,1,1,0.02,2,0,0,0,0,1,0,0,0,0,national
2025,CT,09180,Southeastern Connecticut,54930059GZZ7G4G40O53,,1,1,0,0.02,0,0,1,0,0,0,0,1,0,0,national
2025,CT,09180,Southeastern Connecticut,5493005JPZ3LXXMB0S24,"Carrington Mortgage Services, LLC",1,1,0,0.02,1,0,0,0,0,1,0,0,0,0,national
2025,CT,09180,Southeastern Connecticut,54930063578UDYE3JR69,,2,1,0,0.02,0,2,0,0,0,0,1,0,0,0,national
2025,CT,09180,Southeastern Connecticut,5493006IZV5N1QXJNG33,,1,1,0,0.02,1,0,0,0,0,1,0,0,0,0,national
2025,CT,09180,Southeastern Connecticut,5493007CLWQN2S6IZK91,,2,1,1,0.02,1,0,1,0,0,0,0,1,0,0,national
2025,CT,09180,Southeastern Connecticut,5493007H0KZ81N1H6352,,2,1,0,0.02,2,0,0,0,0,1,0,0,0,0,national
2025,CT,09180,Southeastern Connecticut,5493007L4GYNO2PUBS09,,1,1,0,0.02,1,0,0,0,0,1,0,0,0,0,national
2025,CT,09180,Southeastern Connecticut,5493007Z7FTUKQGFMZ98,,1,1,0,0.02,1,0,0,0,0,1,0,0,0,0,national
2025,CT,09180,Southeastern Connecticut,54930080168VA6Z8UX21,,1,1,0,0.02,1,0,0,0,0,1,0,0,0,0,national
2025,CT,09180,Southeastern Connecticut,5493008P6YO2KM3EO556,,1,1,0,0.02,1,0,0,0,0,1,0,0,0,0,national
2025,CT,09180,Southeastern Connecticut,5493009BOQDC6PCFR785,"NBT Bank, National Association",1,1,0,0.02,1,0,0,0,0,1,0,0,0,0,national
2025,CT,09180,Southeastern Connecticut,549300AEULLVYD8L9B04,,1,1,0,0.02,1,0,0,0,0,1,0,0,0,0,national
2025,CT,09180,Southeastern Connecticut,549300AG10BX85DF5S49,MLD MORTGAGE INC.,1,1,0,0.02,1,0,0,0,0,1,0,0,0,0,national
2025,CT,09180,Southeastern Connecticut,549300AOB4S7B0DB7863,,1,1,0,0.02,1,0,0,0,0,1,0,0,0,0,national
2025,CT,09180,Southeastern Connecticut,549300ASFUWYQO0RW077,,1,1,0,0.02,1,0,0,0,0,1,0,0,0,0,national
2025,CT,09180,Southeastern Connecticut,549300BLL6VL7AXWYP56,,4,1,1,0.02,2,2,0,0,0,0,1,0,0,0,national
2025,CT,09180,Southeastern Connecticut,549300BOXNV8VLRBDT24,,4,1,1,0.02,4,0,0,0,0,1,0,0,0,0,national
2025,CT,09180,Southeastern Connecticut,549300C1ICNCM0V37Y02,,1,1,0,0.02,1,0,0,0,0,1,0,0,0,0,national
2025,CT,09180,Southeastern Connecticut,549300D4ZYLSQ5LMTV35,ABSOLUTE HOME MORTGAGE CORPORATION,1,1,0,0.02,0,1,0,0,0,0,1,0,0,0,national
2025,CT,09180,Southeastern Connecticut,549300DCGBXW5FJMV921,,1,1,0,0.02,1,0,0,0,0,1,0,0,0,0,national
2025,CT,09180,Southeastern Connecticut,549300DE8TS4EYTPX729,"AFFORDABLE MORTGAGE ADVISORS, LLC",2,1,0,0.02,2,0,0,0,0,1,0,0,0,0,national
2025,CT,09180,Southeastern Connecticut,549300DW87L2IZ7ZHF47,,1,1,0,0.02,0,1,0,0,0,0,1,0,0,0,national
2025,CT,09180,Southeastern Connecticut,549300FNQXUCMCVLKL76,,1,1,0,0.02,1,0,0,0,0,1,0,0,0,0,national
2025,CT,09180,Southeastern Connecticut,549300H12E7AUMUHP294,,1,1,0,0.02,1,0,0,0,0,1,0,0,0,0,national
2025,CT,09180,Southeastern Connecticut,549300HCNXMTNGIMAR91,,3,1,1,0.02,3,0,0,0,0,1,0,0,0,0,national
2025,CT,09180,Southeastern Connecticut,549300HMKAPEK7YMHY76,,1,1,0,0.02,1,0,0,0,0,1,0,0,0,0,national
2025,CT,09180,Southeastern Connecticut,549300HRLROF7PLJ6735,CLEAREDGE LENDING LLC,3,1,1,0.02,3,0,0,0,0,1,0,0,0,0,national
2025,CT,09180,Southeastern Connecticut,549300JEBULFT3BSU682,Bangor Savings Bank,1,1,0,0.02,1,0,0,0,0,1,0,0,0,0,national
2025,CT,09180,Southeastern Connecticut,549300KJ8PAJ7E52HG32,Plains Commerce Bank,1,1,0,0.02,1,0,0,0,0,1,0,0,0,0,national
2025,CT,09180,Southeastern Connecticut,549300KQHWNSVCE2MY88,,1,1,0,0.02,1,0,0,0,0,1,0,0,0,0,national
2025,CT,09180,Southeastern Connecticut,549300L4PTYXDMX1GS50,BRIGHTBRIDGE CREDIT UNION,1,1,0,0.02,1,0,0,0,0,1,0,0,0,0,national
2025,CT,09180,Southeastern Connecticut,549300LI67PLCC1Z3P80,,1,1,0,0.02,1,0,0,0,0,1,0,0,0,0,national
2025,CT,09180,Southeastern Connecticut,549300LLESTPOVRG3X73,,1,1,0,0.02,1,0,0,0,0,1,0,0,0,0,national
2025,CT,09180,Southeastern Connecticut,549300LLQD0X2OTG0Y27,,1,1,0,0.02,1,0,0,0,0,1,0,0,0,0,national
2025,CT,09180,Southeastern Connecticut,549300LZUXCJFE5ONM48,,2,1,0,0.02,0,2,0,0,0,0,1,0,0,0,national
2025,CT,09180,Southeastern Connecticut,549300M6EHOPLD2SFD66,,2,1,1,0.02,2,0,0,0,0,1,0,0,0,0,national
2025,CT,09180,Southeastern Connecticut,549300MUTFJQGRZJH019,CENTRAL ONE FEDERAL CREDIT UNION,1,1,0,0.02,1,0,0,0,0,1,0,0,0,0,national
2025,CT,09180,Southeastern Connecticut,549300OITV2T766YLP15,,1,1,0,0.02,1,0,0,0,0,1,0,0,0,0,national
2025,CT,09180,Southeastern Connecticut,549300PL8ER6H23P0Z91,,1,1,0,0.02,0,1,0,0,0,0,1,0,0,0,national
2025,CT,09180,Southeastern Connecticut,549300Q6YL1SFVPEGV90,,2,1,0,0.02,0,2,0,0,0,0,1,0,0,0,national
2025,CT,09180,Southeastern Connecticut,549300R0L43GUZ8EW811,,2,1,0,0.02,2,0,0,0,0,1,0,0,0,0,national
2025,CT,09180,Southeastern Connecticut,549300R8VPSFM828B312,TEACHERS FEDERAL CREDIT UNION,2,1,0,0.02,2,0,0,0,0,1,0,0,0,0,national
2025,CT,09180,Southeastern Connecticut,549300RD5IG88VPO6P22,,1,1,0,0.02,1,0,0,0,0,1,0,0,0,0,national
2025,CT,09180,Southeastern Connecticut,549300RM1IZYGQDSNL85,,4,1,0,0.02,0,1,3,0,0,0,0,1,0,0,national
2025,CT,09180,Southeastern Connecticut,549300RYTR2RVL4SFJ90,,2,1,1,0.02,2,0,0,0,0,1,0,0,0,0,national
2025,CT,09180,Southeastern Connecticut,549300T7AIY7RU1YDP31,,1,1,0,0.02,0,1,0,0,0,0,1,0,0,0,national
2025,CT,09180,Southeastern Connecticut,549300TCY9QY8BRDQJ12,,1,1,0,0.02,1,0,0,0,0,1,0,0,0,0,national
2025,CT,09180,Southeastern Connecticut,549300UG7QXKM7KGV847,,1,1,0,0.02,1,0,0,0,0,1,0,0,0,0,national
2025,CT,09180,Southeastern Connecticut,549300VGMMXKSX821O69,,1,1,0,0.02,1,0,0,0,0,1,0,0,0,0,national
2025,CT,09180,Southeastern Connecticut,549300VVH8HHFMWL8536,,1,1,0,0.02,1,0,0,0,0,1,0,0,0,0,national
2025,CT,09180,Southeastern Connecticut,549300X03SL4SM0F3U87,,1,1,0,0.02,1,0,0,0,0,1,0,0,0,0,national
2025,CT,09180,Southeastern Connecticut,549300YV77ZZ5ADLO929,,1,1,0,0.02,1,0,0,0,0,1,0,0,0,0,national
2025,CT,09180,Southeastern Connecticut,549300ZOKUKS0Z7C3X31,,2,1,0,0.02,2,0,0,0,0,1,0,0,0,0,national
2025,CT,09180,Southeastern Connecticut,562V2SM4I80MJO5HYB83,,1,1,0,0.02,1,0,0,0,0,1,0,0,0,0,national
2025,CT,09180,Southeastern Connecticut,9845002BFC70CNA9B356,,1,1,0,0.02,1,0,0,0,0,1,0,0,0,0,national
2025,CT,09180,Southeastern Connecticut,98450087981AP406JG03,,2,1,1,0.02,2,0,0,0,0,1,0,0,0,0,national
2025,CT,09180,Southeastern Connecticut,984500CBWD5B079K2C86,,1,1,0,0.02,1,0,0,0,0,1,0,0,0,0,national
2025,CT,09180,Southeastern Connecticut,CKVBED0S4DMLKJJ5XH28,,1,1,0,0.02,1,0,0,0,0,1,0,0,0,0,national
2025,CT,09180,Southeastern Connecticut,COINQMNIM6RBU631DD85,,1,1,0,0.02,0,0,1,0,0,0,0,1,0,0,national
2025,CT,09180,Southeastern Connecticut,FDXQ75GPEQKRPWABYN63,,1,1,0,0.02,1,0,0,0,0,1,0,0,0,0,national
2025,CT,09180,Southeastern Connecticut,SS1TRMSN6BRNMOREEV51,"Flagstar Bank, National Association",1,1,0,0.02,1,0,0,0,0,1,0,0,0,0,national
2025,CT,09180,Southeastern Connecticut,X8V2II80XTQHRH7NCB19,Eastern Bank,4,1,2,0.02,4,0,0,0,0,1,0,0,0,0,national
2025,CT,09180,Southeastern Connecticut,ZXMJHJK466PBZTM5F379,,1,1,0,0.02,1,0,0,0,0,1,0,0,0,0,national
2025,CT,09180,Southeastern Connecticut,549300ALNLUNS3Y53T24,,14,0,10,0.0,4,6,4,0,0,0,0,0,0,0,national
2025,CT,09180,Southeastern Connecticut,549300XCVBRR56D08F03,,8,0,0,0.0,6,2,0,0,0,0,0,0,0,0,national
2025,CT,09190,Western Connecticut,DRMSV1Q0EKMEXLAU1P80,"Citizens Bank, National Association",1129,785,222,6.71,1126,3,0,0,0,784,1,0,0,0,national
2025,CT,09190,Western Connecticut,549300FGXN1K3HLB1R50,"Rocket Mortgage, LLC",932,664,145,5.67,839,73,20,0,0,604,50,10,0,0,national
2025,CT,09190,Western Connecticut,6BYL5QZYBDK8S7L73M02,U.S. Bank National Association,921,655,99,5.6,915,5,1,0,0,653,1,1,0,0,national
2025,CT,09190,Western Connecticut,B4TYDEB6GKMZO031MB27,"Guaranteed Rate, Inc.",1197,647,297,5.53,1197,0,0,0,0,647,0,0,0,0,national
2025,CT,09190,Western Connecticut,7H6GLXDRUGQFU57RNE97,"JPMorgan Chase Bank, National Association",861,600,60,5.13,859,1,1,0,0,599,0,1,0,0,national
2025,CT,09190,Western Connecticut,WWB2V0FCW3A0EE3ZJN75,Manufacturers and Traders Trust Company,809,516,224,4.41,803,6,0,0,0,513,3,0,0,0,national
2025,CT,09190,Western Connecticut,549300VJQJVZKJBDWS17,"TOTAL MORTGAGE SERVICES, LLC",580,436,20,3.72,526,50,4,0,0,401,32,3,0,0,national
2025,CT,09190,Western Connecticut,549300VZVN841I2ILS84,Freedom Mortgage Corporation,568,402,36,3.43,523,39,6,0,0,374,23,5,0,0,national
2025,CT,09190,Western Connecticut,1VUZZZCW0TWP6R7N3Z33,,560,377,78,3.22,560,0,0,0,0,377,0,0,0,0,national
2025,CT,09190,Western Connecticut,549300YFPHIE78XPP635,,453,321,32,2.74,448,3,2,0,0,319,1,1,0,0,national
2025,CT,09190,Western Connecticut,549300HW662MN1WU8550,"United Wholesale Mortgage, LLC",402,287,58,2.45,303,67,32,0,0,231,32,24,0,0,national
2025,CT,09190,Western Connecticut,WV0OVGBTLUP1XIUJE722,"Webster Bank, National Association",444,256,96,2.19,444,0,0,0,0,256,0,0,0,0,national
2025,CT,09190,Western Connecticut,549300GKFNPRWNS0GF29,"AmeriHome Mortgage Company, LLC",323,237,18,2.02,277,11,4,31,0,202,6,3,26,0,national
2025,CT,09190,Western Connecticut,03D0JEWFDFUS0SEEKG89,"TD Bank, National Association",395,213,106,1.82,395,0,0,0,0,213,0,0,0,0,national
2025,CT,09190,Western Connecticut,E57ODZWZ7FF32TWEFA76,"Citibank, National Association",355,189,39,1.61,353,2,0,0,0,189,0,0,0,0,national
2025,CT,09190,Western Connecticut,KB1H1DSPRFMYMCUFXT09,"Wells Fargo Bank, National Association",292,180,28,1.54,290,2,0,0,0,179,1,0,0,0,national
2025,CT,09190,Western Connecticut,5493006Z74IVZXJ0XO35,,266,172,41,1.47,266,0,0,0,0,172,0,0,0,0,national
2025,CT,09190,Western Connecticut,549300GS0W0TEUQS8571,"Morgan Stanley Private Bank, National Association",198,150,8,1.28,198,0,0,0,0,150,0,0,0,0,national
2025,CT,09190,Western Connecticut,549300FNXYY540N23N64,Newrez LLC,424,145,103,1.24,338,67,19,0,0,119,14,12,0,0,national
2025,CT,09190,Western Connecticut,549300AG64NHILB7ZP05,"PennyMac Loan Services, LLC",261,144,64,1.23,229,25,7,0,0,123,16,5,0,0,national
2025,CT,09190,Western Connecticut,54930023C70YMJJDRL61,,186,129,17,1.1,186,0,0,0,0,129,0,0,0,0,national
2025,CT,09190,Western Connecticut,5493005PKOSG7MYX0B34,"Prosperity Home Mortgage, LLC",168,120,10,1.03,158,10,0,0,0,112,8,0,0,0,national
2025,CT,09190,Western Connecticut,54930001NSTOD85LT125,"GUARANTEED RATE AFFINITY, LLC",192,111,9,0.95,183,6,3,0,0,106,3,2,0,0,national
2025,CT,09190,Western Connecticut,549300FW5QWKDV0UY394,,122,89,7,0.76,104,18,0,0,0,76,13,0,0,0,national
2025,CT,09190,Western Connecticut,5493009OLY1HC3F0SB77,,126,86,18,0.73,119,6,0,1,0,82,4,0,0,0,national
2025,CT,09190,Western Connecticut,549300KWXO8FUM7L0E14,Liberty Bank,118,81,19,0.69,118,0,0,0,0,81,0,0,0,0,national
2025,CT,09190,Western Connecticut,254900UL88QFG0E40516,FIGURE LENDING LLC,187,79,57,0.67,187,0,0,0,0,79,0,0,0,0,national
2025,CT,09190,Western Connecticut,549300U3721PJGQZYY68,Nationstar Mortgage LLC,180,78,13,0.67,168,7,5,0,0,74,1,3,0,0,national
2025,CT,09190,Western Connecticut,U9WBLC3ZT2VBJSNY2Y81,,95,78,4,0.67,95,0,0,0,0,78,0,0,0,0,national
2025,CT,09190,Western Connecticut,5493001WHVQBGRSWEU75,"HOMEBRIDGE FINANCIAL SERVICES, INC.",115,77,11,0.66,110,4,1,0,0,73,4,0,0,0,national
2025,CT,09190,Western Connecticut,2549008G9SP4WM32NN96,,93,76,0,0.65,83,9,1,0,0,67,8,1,0,0,national
2025,CT,09190,Western Connecticut,549300LBCBNR1OT00651,NATIONSTAR MORTGAGE LLC,126,75,28,0.64,116,8,2,0,0,67,6,2,0,0,national
2025,CT,09190,Western Connecticut,RVDPPPGHCGZ40J4VQ731,Fairway Independent Mortgage Corporation,137,73,21,0.62,102,32,3,0,0,61,10,2,0,0,national
2025,CT,09190,Western Connecticut,549300PIL8LFAQ04XC20,Better Mortgage Corporation,223,68,103,0.58,223,0,0,0,0,68,0,0,0,0,national
2025,CT,09190,Western Connecticut,549300KTR1JGH3K6LU06,FOURLEAF,112,67,32,0.57,112,0,0,0,0,67,0,0,0,0,national
2025,CT,09190,Western Connecticut,5493003GQDUH26DNNH17,Navy Federal Credit Union,139,65,26,0.56,121,0,18,0,0,52,0,13,0,0,national
2025,CT,09190,Western Connecticut,549300HQW3FSOL75WC88,,103,59,16,0.5,103,0,0,0,0,59,0,0,0,0,national
2025,CT,09190,Western Connecticut,549300XY701IELCE5Q08,BETTER MORTGAGE CORPORATION,146,54,38,0.46,142,4,0,0,0,52,2,0,0,0,national
2025,CT,09190,Western Connecticut,549300INFJ8TYNZ1G568,,57,53,3,0.45,57,0,0,0,0,53,0,0,0,0,national
2025,CT,09190,Western Connecticut,549300GWD9H4FQ2VR805,,65,51,1,0.44,65,0,0,0,0,51,0,0,0,0,national
2025,CT,09190,Western Connecticut,AD6GFRVSDT01YPT1CS68,"PNC Bank, National Association",100,50,28,0.43,100,0,0,0,0,50,0,0,0,0,national
2025,CT,09190,Western Connecticut,54930054ET8KM4O1D485,"SOFI BANK, NATIONAL ASSOCIATION",135,49,14,0.42,132,3,0,0,0,47,2,0,0,0,national
2025,CT,09190,Western Connecticut,549300E2UX99HKDBR481,"Broker Solutions, Inc.",178,48,21,0.41,109,67,2,0,0,37,11,0,0,0,national
2025,CT,09190,Western Connecticut,549300Q50XCC0473FG63,,82,47,24,0.4,82,0,0,0,0,47,0,0,0,0,national
2025,CT,09190,Western Connecticut,5493008CPTDVOS570626,"Primary Residential Mortgage, Inc.",81,46,21,0.39,81,0,0,0,0,46,0,0,0,0,national
2025,CT,09190,Western Connecticut,549300OPCWU6E72WUT29,"MUTUAL OF OMAHA MORTGAGE, INC.",75,46,7,0.39,33,40,2,0,0,24,22,0,0,0,national
2025,CT,09190,Western Connecticut,549300MZ8VZJOVC63092,"KIND LENDING, LLC",68,45,18,0.38,59,7,2,0,0,42,2,1,0,0,national
2025,CT,09190,Western Connecticut,2549008X67CV1MNM7747,,51,41,1,0.35,45,6,0,0,0,37,4,0,0,0,national
2025,CT,09190,Western Connecticut,254900RUCO27MVGTO768,LOAN FUNDER LLC,82,41,8,0.35,82,0,0,0,0,41,0,0,0,0,national
2025,CT,09190,Western Connecticut,549300LYRWPSYPK6S325,Guild Mortgage Company LLC,126,40,10,0.34,38,66,22,0,0,11,18,11,0,0,national
2025,CT,09190,Western Connecticut,254900E6AIE4Z8YQM970,Citadel Servicing Corporation,56,38,0,0.32,56,0,0,0,0,38,0,0,0,0,national
2025,CT,09190,Western Connecticut,549300DD4R4SYK5RAQ92,"Cardinal Financial Company, Limited Partnership",49,38,0,0.32,47,2,0,0,0,37,1,0,0,0,national
2025,CT,09190,Western Connecticut,549300JYXTZDSPJEPI44,"PLAZA HOME MORTGAGE, INC.",63,36,20,0.31,53,9,1,0,0,31,4,1,0,0,national
2025,CT,09190,Western Connecticut,549300YIQ7S7Z8PIHE53,AMERISAVE MORTGAGE CORPORATION,138,35,83,0.3,108,26,4,0,0,29,6,0,0,0,national
2025,CT,09190,Western Connecticut,HUX2X73FUCYHUVH1BK78,KeyBank National Association,66,33,22,0.28,63,3,0,0,0,33,0,0,0,0,national
2025,CT,09190,Western Connecticut,549300T7RPUYDIE5FH39,,44,32,2,0.27,44,0,0,0,0,32,0,0,0,0,national
2025,CT,09190,Western Connecticut,254900WTZC5SSKIN2M11,,46,31,7,0.26,46,0,0,0,0,31,0,0,0,0,national
2025,CT,09190,Western Connecticut,549300YLIY5SO2XSK094,,49,31,8,0.26,49,0,0,0,0,31,0,0,0,0,national
2025,CT,09190,Western Connecticut,984500U2F9A83N391A91,"CHAMPIONS FUNDING, LLC",55,31,10,0.26,55,0,0,0,0,31,0,0,0,0,national
2025,CT,09190,Western Connecticut,5493008P6YO2KM3EO556,,35,30,3,0.26,34,1,0,0,0,29,1,0,0,0,national
2025,CT,09190,Western Connecticut,549300T3F9S1MKFKHC53,HOMESTEAD FUNDING CORP.,38,30,2,0.26,37,1,0,0,0,30,0,0,0,0,national
2025,CT,09190,Western Connecticut,SS1TRMSN6BRNMOREEV51,"Flagstar Bank, National Association",51,30,7,0.26,46,5,0,0,0,28,2,0,0,0,national
2025,CT,09190,Western Connecticut,1IE8VN30JCEQV1H4R804,,44,28,5,0.24,44,0,0,0,0,28,0,0,0,0,national
2025,CT,09190,Western Connecticut,254900NZOY3XB2DNSZ34,,36,27,2,0.23,36,0,0,0,0,27,0,0,0,0,national
2025,CT,09190,Western Connecticut,549300DD5QQUHO6PCH70,"Movement Mortgage, LLC",67,27,15,0.23,15,2,50,0,0,4,2,21,0,0,national
2025,CT,09190,Western Connecticut,549300O6Z0I6KYMESL47,AMWEST FUNDING CORP.,39,27,1,0.23,39,0,0,0,0,27,0,0,0,0,national
2025,CT,09190,Western Connecticut,2549005SIVTHG14U2905,A&D Mortgage LLC,42,26,2,0.22,41,1,0,0,0,26,0,0,0,0,national
2025,CT,09190,Western Connecticut,254900DTLHVWQ7NP7R34,"CMG Mortgage, Inc.",29,26,1,0.22,29,0,0,0,0,26,0,0,0,0,national
2025,CT,09190,Western Connecticut,54930085BPQMVH9JFX69,HUDSON VALLEY CREDIT UNION,64,26,23,0.22,64,0,0,0,0,26,0,0,0,0,national
2025,CT,09190,Western Connecticut,549300FX7K8PTEQUU487,PENTAGON FEDERAL CREDIT UNION,66,26,25,0.22,62,2,2,0,0,25,0,1,0,0,national
2025,CT,09190,Western Connecticut,549300HYHFCULSUBAE54,FIRST WORLD MORTGAGE CORPORATION,31,26,2,0.22,28,3,0,0,0,24,2,0,0,0,national
2025,CT,09190,Western Connecticut,549300121SF0K2LN2804,"PRIMELENDING, A PLAINSCAPITAL COMPANY",39,25,5,0.21,32,6,1,0,0,21,3,1,0,0,national
2025,CT,09190,Western Connecticut,5493004UNRG4PWDF2K60,AFFINITY FEDERAL CREDIT UNION,38,24,10,0.21,38,0,0,0,0,24,0,0,0,0,national
2025,CT,09190,Western Connecticut,549300RA3E0BUFO7YZ21,"Hometown Equity Mortgage, LLC",36,23,13,0.2,36,0,0,0,0,23,0,0,0,0,national
2025,CT,09190,Western Connecticut,549300RPOGWJRH63HS39,UNION HOME MORTGAGE CORP.,35,23,1,0.2,28,6,1,0,0,18,4,1,0,0,national
2025,CT,09190,Western Connecticut,549300CA0J0Z7OFQBG71,,43,22,8,0.19,43,0,0,0,0,22,0,0,0,0,national
2025,CT,09190,Western Connecticut,549300KSOOZZVXCMA627,ANGEL OAK MORTGAGE SOLUTIONS LLC,34,22,7,0.19,34,0,0,0,0,22,0,0,0,0,national
2025,CT,09190,Western Connecticut,549300MGPZBLQDIL7538,"PrimeLending, a PlainsCapital Company",30,22,1,0.19,23,6,1,0,0,16,5,1,0,0,national
2025,CT,09190,Western Connecticut,549300R77W0P105C3S50,HOMEXPRESS MORTGAGE CORP.,35,22,10,0.19,34,1,0,0,0,22,0,0,0,0,national
2025,CT,09190,Western Connecticut,549300R9S3MVDV4MGF56,"CARRINGTON MORTGAGE SERVICES, LLC",99,22,49,0.19,71,24,4,0,0,15,6,1,0,0,national
2025,CT,09190,Western Connecticut,2549004Z576VEJBK3N72,"NQM FUNDING, LLC",30,21,2,0.18,30,0,0,0,0,21,0,0,0,0,national
2025,CT,09190,Western Connecticut,549300FK3AFCFVAPH234,"Leader Bank, National Association",24,21,0,0.18,24,0,0,0,0,21,0,0,0,0,national
2025,CT,09190,Western Connecticut,549300CLRXFVF83ZL806,"NATIONWIDE MORTGAGE BANKERS, INC.",29,20,1,0.17,21,8,0,0,0,15,5,0,0,0,national
2025,CT,09190,Western Connecticut,549300F8C5JA44WNMI75,AMERICAN NEIGHBORHOOD MORTGAGE ACCEPTANCE COMPANY LLC,23,20,0,0.17,23,0,0,0,0,20,0,0,0,0,national
2025,CT,09190,Western Connecticut,549300G4ESSS6M0MEG51,,37,20,2,0.17,35,0,2,0,0,20,0,0,0,0,national
2025,CT,09190,Western Connecticut,5493001BJFQ0EM41N379,,26,19,1,0.16,26,0,0,0,0,19,0,0,0,0,national
2025,CT,09190,Western Connecticut,549300G2LV8W3C1G3762,,33,19,2,0.16,31,2,0,0,0,18,1,0,0,0,national
2025,CT,09190,Western Connecticut,X05BVSK68TQ7YTOSNR22,Discover Bank,174,18,85,0.15,174,0,0,0,0,18,0,0,0,0,national
2025,CT,09190,Western Connecticut,54930048P8RWCQHQM310,,28,17,4,0.15,28,0,0,0,0,17,0,0,0,0,national
2025,CT,09190,Western Connecticut,549300LI3FDGO7UKFF39,EAST COAST CAPITAL CORP.,25,17,1,0.15,20,4,1,0,0,13,3,1,0,0,national
2025,CT,09190,Western Connecticut,KD3XUN7C6T14HNAYLU02,,22,17,1,0.15,22,0,0,0,0,17,0,0,0,0,national
2025,CT,09190,Western Connecticut,PAOOWF3GUFM46FBSP561,,40,17,2,0.15,22,18,0,0,0,7,10,0,0,0,national
2025,CT,09190,Western Connecticut,5493004D0Z2WQR26VL57,,16,16,0,0.14,16,0,0,0,0,16,0,0,0,0,national
2025,CT,09190,Western Connecticut,5493006VAGP3GQ8FJT49,"Kiavi Funding, Inc.",28,16,1,0.14,28,0,0,0,0,16,0,0,0,0,national
2025,CT,09190,Western Connecticut,549300T94GSH3C4U5M59,ALLIANT CREDIT UNION,40,16,18,0.14,40,0,0,0,0,16,0,0,0,0,national
2025,CT,09190,Western Connecticut,2549006T9J2DMLJVRS64,Municipal Credit Union,24,15,4,0.13,24,0,0,0,0,15,0,0,0,0,national
2025,CT,09190,Western Connecticut,254900IRE136HFEI2562,,21,15,1,0.13,21,0,0,0,0,15,0,0,0,0,national
2025,CT,09190,Western Connecticut,549300J7I82PNDVU8H22,"OCMBC, INC.",34,15,7,0.13,31,3,0,0,0,15,0,0,0,0,national
2025,CT,09190,Western Connecticut,549300Y5Y88FQLI7VE83,DEEPHAVEN MORTGAGE LLC,28,15,9,0.13,28,0,0,0,0,15,0,0,0,0,national
2025,CT,09190,Western Connecticut,5493001GCBD5XGNIC815,Coastal Community Bank,99,14,0,0.12,99,0,0,0,0,14,0,0,0,0,national
2025,CT,09190,Western Connecticut,549300NOCASXPA34X033,"LAKEVIEW LOAN SERVICING, LLC",80,14,47,0.12,49,29,2,0,0,10,4,0,0,0,national
2025,CT,09190,Western Connecticut,213800XR2TCBQJSF1X93,,23,13,3,0.11,23,0,0,0,0,13,0,0,0,0,national
2025,CT,09190,Western Connecticut,254900ACUWEGW702BR80,"FM Home Loans, LLC",22,13,0,0.11,22,0,0,0,0,13,0,0,0,0,national
2025,CT,09190,Western Connecticut,549300S5YL3OH0IVCS62,FINANCE OF AMERICA REVERSE LLC,26,13,5,0.11,16,10,0,0,0,8,5,0,0,0,national
2025,CT,09190,Western Connecticut,549300TA4MQM8WN2XG31,,22,13,0,0.11,22,0,0,0,0,13,0,0,0,0,national
2025,CT,09190,Western Connecticut,593C3GZG957YOJPS2Z63,,15,13,1,0.11,15,0,0,0,0,13,0,0,0,0,national
2025,CT,09190,Western Connecticut,2549002VH9C0PKB8K153,,23,12,1,0.1,23,0,0,0,0,12,0,0,0,0,national
2025,CT,09190,Western Connecticut,254900HEJ9F73IMPX887,,27,12,3,0.1,26,1,0,0,0,12,0,0,0,0,national
2025,CT,09190,Western Connecticut,4EP6JBYBTPTQ47LZOB67,,15,12,0,0.1,15,0,0,0,0,12,0,0,0,0,national
2025,CT,09190,Western Connecticut,5493004AS1SPBQOFDR49,"Change Lending, LLC",20,12,1,0.1,20,0,0,0,0,12,0,0,0,0,national
2025,CT,09190,Western Connecticut,549300AQ3T62GXDU7D76,Ally Bank,21,12,1,0.1,18,3,0,0,0,10,2,0,0,0,national
2025,CT,09190,Western Connecticut,549300M6EHOPLD2SFD66,,16,12,4,0.1,16,0,0,0,0,12,0,0,0,0,national
2025,CT,09190,Western Connecticut,549300RJ5S2V4F8C4H36,,12,12,0,0.1,12,0,0,0,0,12,0,0,0,0,national
2025,CT,09190,Western Connecticut,549300SY0ZRUCS4CSY07,,14,12,1,0.1,14,0,0,0,0,12,0,0,0,0,national
2025,CT,09190,Western Connecticut,CKVBED0S4DMLKJJ5XH28,,13,12,0,0.1,13,0,0,0,0,12,0,0,0,0,national
2025,CT,09190,Western Connecticut,5493009BD405QQTMXO12,TOLL BROTHERS MORTGAGE COMPANY,16,11,0,0.09,16,0,0,0,0,11,0,0,0,0,national
2025,CT,09190,Western Connecticut,549300BX448ALT10FI43,The Federal Savings Bank,25,11,4,0.09,12,6,7,0,0,7,1,3,0,0,national
2025,CT,09190,Western Connecticut,549300DH8EI64ITBY388,,11,11,0,0.09,11,0,0,0,0,11,0,0,0,0,national
2025,CT,09190,Western Connecticut,549300GTVXJ2PGXNLM73,T2 FINANCIAL LLC,14,11,2,0.09,11,3,0,0,0,8,3,0,0,0,national
2025,CT,09190,Western Connecticut,549300LLKEKXL2RM1F61,CONTOUR MORTGAGE CORPORATION,19,11,2,0.09,17,2,0,0,0,10,1,0,0,0,national
2025,CT,09190,Western Connecticut,549300MHH03ICJYEPE85,,20,11,4,0.09,7,13,0,0,0,4,7,0,0,0,national
2025,CT,09190,Western Connecticut,549300RM1IZYGQDSNL85,,28,11,0,0.09,27,1,0,0,0,11,0,0,0,0,national
2025,CT,09190,Western Connecticut,549300XUMML1SMLTVQ62,,25,11,14,0.09,25,0,0,0,0,11,0,0,0,0,national
2025,CT,09190,Western Connecticut,254900ZJM7YMM3MA5J75,,11,10,0,0.09,11,0,0,0,0,10,0,0,0,0,national
2025,CT,09190,Western Connecticut,5493001GDRY0EL7VG372,"ARK-LA-TEX FINANCIAL SERVICES, LLC.",12,10,1,0.09,11,1,0,0,0,9,1,0,0,0,national
2025,CT,09190,Western Connecticut,54930052M48FOD3CWA54,"PRIMARY RESIDENTIAL MORTGAGE, INC.",17,10,1,0.09,14,3,0,0,0,7,3,0,0,0,national
2025,CT,09190,Western Connecticut,549300EKFFG3BU8DNX74,NEXERA HOLDING LLC,17,10,1,0.09,17,0,0,0,0,10,0,0,0,0,national
2025,CT,09190,Western Connecticut,549300NWBS6MQJX15N44,,14,10,2,0.09,14,0,0,0,0,10,0,0,0,0,national
2025,CT,09190,Western Connecticut,549300T5QSL6MC8M4D04,"NORWICH COMMERCIAL GROUP, INC.",26,10,4,0.09,14,9,3,0,0,6,3,1,0,0,national
2025,CT,09190,Western Connecticut,549300TYBI78RNWPFB28,,23,10,6,0.09,23,0,0,0,0,10,0,0,0,0,national
2025,CT,09190,Western Connecticut,549300UXY7OP0IC38293,,17,10,0,0.09,15,1,1,0,0,9,0,1,0,0,national
2025,CT,09190,Western Connecticut,549300ZPSJZO10ZAX556,"AMERICAN HERITAGE LENDING, LLC",23,10,2,0.09,23,0,0,0,0,10,0,0,0,0,national
2025,CT,09190,Western Connecticut,2549004XJQQPBYQSMT39,,12,9,1,0.08,12,0,0,0,0,9,0,0,0,0,national
2025,CT,09190,Western Connecticut,254900ZFWS2106HWPH46,"PARAMOUNT RESIDENTIAL MORTGAGE GROUP, INC.",13,9,0,0.08,10,3,0,0,0,7,2,0,0,0,national
2025,CT,09190,Western Connecticut,5493005HTCBH4TWCVM82,,16,9,1,0.08,15,1,0,0,0,9,0,0,0,0,national
2025,CT,09190,Western Connecticut,5493005ICQ3QGEIWV618,UNITED MORTGAGE CORP.,14,9,1,0.08,7,7,0,0,0,4,5,0,0,0,national
2025,CT,09190,Western Connecticut,549300PQLK8E48ILXV41,,14,9,2,0.08,14,0,0,0,0,9,0,0,0,0,national
2025,CT,09190,Western Connecticut,549300TCY9QY8BRDQJ12,,16,9,0,0.08,14,2,0,0,0,8,1,0,0,0,national
2025,CT,09190,Western Connecticut,984500F6E6940CCB6A60,,12,9,0,0.08,12,0,0,0,0,9,0,0,0,0,national
2025,CT,09190,Western Connecticut,JJKC32MCHWDI71265Z06,Truist Bank,11,9,0,0.08,10,1,0,0,0,8,1,0,0,0,national
2025,CT,09190,Western Connecticut,254900Q6YS0NMCYAH669,Tompkins Bank & Trust,8,8,0,0.07,8,0,0,0,0,8,0,0,0,0,national
2025,CT,09190,Western Connecticut,54930043BMDE130FJ617,"PROVIDENT FUNDING ASSOCIATES, L.P.",17,8,3,0.07,17,0,0,0,0,8,0,0,0,0,national
2025,CT,09190,Western Connecticut,549300LROQOOQU77WS20,,17,8,2,0.07,17,0,0,0,0,8,0,0,0,0,national
2025,CT,09190,Western Connecticut,549300MCIFZSDHUT8X63,"NFM, INC.",13,8,0,0.07,13,0,0,0,0,8,0,0,0,0,national
2025,CT,09190,Western Connecticut,549300YW2UBCMDRMBT48,,9,8,1,0.07,7,2,0,0,0,6,2,0,0,0,national
2025,CT,09190,Western Connecticut,ZXMJHJK466PBZTM5F379,,10,8,0,0.07,10,0,0,0,0,8,0,0,0,0,national
2025,CT,09190,Western Connecticut,2549001NJY765EZWDI06,,13,7,0,0.06,9,4,0,0,0,6,1,0,0,0,national
2025,CT,09190,Western Connecticut,254900C1CRYSCHG38F20,,8,7,0,0.06,8,0,0,0,0,7,0,0,0,0,national
2025,CT,09190,Western Connecticut,54930021WPEXNHYZUL09,"PLANET HOME LENDING, LLC",11,7,2,0.06,3,6,2,0,0,1,4,2,0,0,national
2025,CT,09190,Western Connecticut,54930030Z1JWTP3SVD16,,11,7,1,0.06,4,6,1,0,0,3,3,1,0,0,national
2025,CT,09190,Western Connecticut,5493008NWHQT1R22C024,"AMERICAN FINANCIAL NETWORK, INC.",18,7,1,0.06,11,7,0,0,0,5,2,0,0,0,national
2025,CT,09190,Western Connecticut,549300H68PK1CZUVUQ73,,7,7,0,0.06,7,0,0,0,0,7,0,0,0,0,national
2025,CT,09190,Western Connecticut,549300VORTI31GZTJL53,"CARDINAL FINANCIAL COMPANY, LIMITED PARTNERSHIP",12,7,2,0.06,9,3,0,0,0,7,0,0,0,0,national
2025,CT,09190,Western Connecticut,254900O2K17TNH5CL873,"RF RENOVO MANAGEMENT COMPANY, LLC",7,6,0,0.05,7,0,0,0,0,6,0,0,0,0,national
2025,CT,09190,Western Connecticut,254900TM81D0YC1B9584,,7,6,1,0.05,7,0,0,0,0,6,0,0,0,0,national
2025,CT,09190,Western Connecticut,254900TTZ395IC926125,,11,6,0,0.05,11,0,0,0,0,6,0,0,0,0,national
2025,CT,09190,Western Connecticut,254900V6GCDMRQZ34D96,,8,6,1,0.05,8,0,0,0,0,6,0,0,0,0,national
2025,CT,09190,Western Connecticut,5493004RLLKTQS8K7U51,,8,6,1,0.05,8,0,0,0,0,6,0,0,0,0,national
2025,CT,09190,Western Connecticut,549300JPGMCMBEJEK584,FIRST TECHNOLOGY,12,6,2,0.05,12,0,0,0,0,6,0,0,0,0,national
2025,CT,09190,Western Connecticut,549300Q02LGIN9AXKP98,,8,6,1,0.05,8,0,0,0,0,6,0,0,0,0,national
2025,CT,09190,Western Connecticut,549300RN01LBYR8ZVX74,"LOWER, LLC",20,6,2,0.05,16,4,0,0,0,5,1,0,0,0,national
2025,CT,09190,Western Connecticut,549300SYR11CYON0JE74,"BAYCOAST MORTGAGE COMPANY, LLC",6,6,0,0.05,6,0,0,0,0,6,0,0,0,0,national
2025,CT,09190,Western Connecticut,549300XWUSRVVOHPRY47,Academy Mortgage Corporation,10,6,0,0.05,7,3,0,0,0,4,2,0,0,0,national
2025,CT,09190,Western Connecticut,549300YM15OICCNPH537,,7,6,0,0.05,7,0,0,0,0,6,0,0,0,0,national
2025,CT,09190,Western Connecticut,549300ZGZ9WQMJLEPH17,"1ST PRIORITY MORTGAGE, INC.",9,6,0,0.05,9,0,0,0,0,6,0,0,0,0,national
2025,CT,09190,Western Connecticut,9845005BP6974AE5D838,,10,6,1,0.05,10,0,0,0,0,6,0,0,0,0,national
2025,CT,09190,Western Connecticut,KI0VI4JRMCIJ329YTN75,Valley National Bank,9,6,0,0.05,9,0,0,0,0,6,0,0,0,0,national
2025,CT,09190,Western Connecticut,L9VVX1KT5TFTKS0MLF66,First-Citizens Bank & Trust Company,11,6,1,0.05,11,0,0,0,0,6,0,0,0,0,national
2025,CT,09190,Western Connecticut,213800QUAI2VH5YM6310,"EMBRACE HOME LOANS, INC.",7,5,0,0.04,7,0,0,0,0,5,0,0,0,0,national
2025,CT,09190,Western Connecticut,254900HA4DQWAE0W3342,"AMERIHOME MORTGAGE COMPANY, LLC",16,5,4,0.04,6,10,0,0,0,3,2,0,0,0,national
2025,CT,09190,Western Connecticut,2WHM8VNJH63UN14OL754,The Huntington National Bank,5,5,0,0.04,5,0,0,0,0,5,0,0,0,0,national
2025,CT,09190,Western Connecticut,3Y4U8VZURTYWI1W2K376,,8,5,2,0.04,8,0,0,0,0,5,0,0,0,0,national
2025,CT,09190,Western Connecticut,54930002M4XN64FM7Z89,,14,5,2,0.04,14,0,0,0,0,5,0,0,0,0,national
2025,CT,09190,Western Connecticut,5493000IIYWBLONJVJ30,,7,5,2,0.04,7,0,0,0,0,5,0,0,0,0,national
2025,CT,09190,Western Connecticut,5493001X0T84TYRJ5Y59,,5,5,0,0.04,5,0,0,0,0,5,0,0,0,0,national
2025,CT,09190,Western Connecticut,54930025XJJO3T0M1A92,,9,5,4,0.04,9,0,0,0,0,5,0,0,0,0,national
2025,CT,09190,Western Connecticut,549300BLL6VL7AXWYP56,,7,5,0,0.04,5,2,0,0,0,4,1,0,0,0,national
2025,CT,09190,Western Connecticut,549300D4ZYLSQ5LMTV35,ABSOLUTE HOME MORTGAGE CORPORATION,6,5,0,0.04,5,1,0,0,0,4,1,0,0,0,national
2025,CT,09190,Western Connecticut,549300EMNDEK4BA8WB53,EMM LOANS LLC,7,5,1,0.04,6,1,0,0,0,5,0,0,0,0,national
2025,CT,09190,Western Connecticut,549300HKYBSATM44Q425,"The Washington Trust Company, of Westerly",9,5,2,0.04,9,0,0,0,0,5,0,0,0,0,national
2025,CT,09190,Western Connecticut,549300HQL7U3JZ4LCJ17,,8,5,1,0.04,8,0,0,0,0,5,0,0,0,0,national
2025,CT,09190,Western Connecticut,549300I1HK1BBZLKOB84,,6,5,0,0.04,6,0,0,0,0,5,0,0,0,0,national
2025,CT,09190,Western Connecticut,549300LZUXCJFE5ONM48,,6,5,0,0.04,0,6,0,0,0,0,5,0,0,0,national
2025,CT,09190,Western Connecticut,549300PC4MFWQBNVKG88,,6,5,0,0.04,6,0,0,0,0,5,0,0,0,0,national
2025,CT,09190,Western Connecticut,549300R8VPSFM828B312,TEACHERS FEDERAL CREDIT UNION,9,5,1,0.04,9,0,0,0,0,5,0,0,0,0,national
2025,CT,09190,Western Connecticut,549300RD5IG88VPO6P22,,12,5,2,0.04,12,0,0,0,0,5,0,0,0,0,national
2025,CT,09190,Western Connecticut,549300TZDKJ07KL8T621,,6,5,1,0.04,6,0,0,0,0,5,0,0,0,0,national
2025,CT,09190,Western Connecticut,2549009X2AG1P20YAJ63,,10,4,2,0.03,10,0,0,0,0,4,0,0,0,0,national
2025,CT,09190,Western Connecticut,254900QY5ST0J7P6M123,,6,4,1,0.03,6,0,0,0,0,4,0,0,0,0,national
2025,CT,09190,Western Connecticut,254900VE4XTOQUE8NZ77,,21,4,4,0.03,21,0,0,0,0,4,0,0,0,0,national
2025,CT,09190,Western Connecticut,254900VELJPWWT51WN03,,8,4,0,0.03,8,0,0,0,0,4,0,0,0,0,national
2025,CT,09190,Western Connecticut,254900YA1AQXNM8QVZ06,,4,4,0,0.03,4,0,0,0,0,4,0,0,0,0,national
2025,CT,09190,Western Connecticut,5493002N5168AC238149,"OceanFirst Bank, National Association",4,4,0,0.03,3,0,1,0,0,3,0,1,0,0,national
2025,CT,09190,Western Connecticut,5493003B2LEGQHDWRN55,HANSCOM,4,4,0,0.03,4,0,0,0,0,4,0,0,0,0,national
2025,CT,09190,Western Connecticut,5493003V40VGM7YDFM54,FIRST COLONY MORTGAGE CORPORATION,6,4,0,0.03,6,0,0,0,0,4,0,0,0,0,national
2025,CT,09190,Western Connecticut,549300A68YW07V5R5G22,,6,4,0,0.03,6,0,0,0,0,4,0,0,0,0,national
2025,CT,09190,Western Connecticut,549300F570XAWYN8Z237,,6,4,0,0.03,6,0,0,0,0,4,0,0,0,0,national
2025,CT,09190,Western Connecticut,549300GCEUZLVML1J263,RADIUS FINANCIAL GROUP INC.,4,4,0,0.03,4,0,0,0,0,4,0,0,0,0,national
2025,CT,09190,Western Connecticut,549300GRGZDEH4ZGQS06,WATERSTONE MORTGAGE CORPORATION,4,4,0,0.03,2,0,2,0,0,2,0,2,0,0,national
2025,CT,09190,Western Connecticut,549300HTMO7FGRKRLV06,"CLIFFCO, INC.",5,4,0,0.03,3,2,0,0,0,2,2,0,0,0,national
2025,CT,09190,Western Connecticut,549300IYKILIU506KA05,PeoplesBank,4,4,0,0.03,4,0,0,0,0,4,0,0,0,0,national
2025,CT,09190,Western Connecticut,549300JBZ3MK7Z4FI764,,6,4,1,0.03,6,0,0,0,0,4,0,0,0,0,national
2025,CT,09190,Western Connecticut,549300KIOYNU323LVJ37,AMERICAN PACIFIC MORTGAGE CORPORATION,4,4,0,0.03,1,3,0,0,0,1,3,0,0,0,national
2025,CT,09190,Western Connecticut,549300L0OVX5O63S8C68,WASHINGTON TRUST MORTGAGE COMPANY LLC,6,4,1,0.03,6,0,0,0,0,4,0,0,0,0,national
2025,CT,09190,Western Connecticut,549300QKL5FUBZ8LSF50,,8,4,0,0.03,8,0,0,0,0,4,0,0,0,0,national
2025,CT,09190,Western Connecticut,549300RFLICNI75BG067,Luminate Bank,6,4,1,0.03,6,0,0,0,0,4,0,0,0,0,national
2025,CT,09190,Western Connecticut,549300RUKY2I2HQ2AI44,,4,4,0,0.03,4,0,0,0,0,4,0,0,0,0,national
2025,CT,09190,Western Connecticut,549300UR5AOWTJJ7KZ64,,8,4,4,0.03,8,0,0,0,0,4,0,0,0,0,national
2025,CT,09190,Western Connecticut,549300VCMRO4ST680C11,VILLAGE CAPITAL & INVESTMENT LLC,19,4,1,0.03,0,14,5,0,0,0,1,3,0,0,national
2025,CT,09190,Western Connecticut,549300W45D2J6BT4LX65,,4,4,0,0.03,4,0,0,0,0,4,0,0,0,0,national
2025,CT,09190,Western Connecticut,549300XQVJ1XBNFA5536,21ST MORTGAGE CORPORATION,6,4,2,0.03,6,0,0,0,0,4,0,0,0,0,national
2025,CT,09190,Western Connecticut,549300ZIQ24V0C88AC41,GTE Federal Credit Union,6,4,2,0.03,6,0,0,0,0,4,0,0,0,0,national
2025,CT,09190,Western Connecticut,C5654JQHZUHN0772B561,USAA Federal Savings Bank,25,4,13,0.03,19,0,6,0,0,4,0,0,0,0,national
2025,CT,09190,Western Connecticut,2549001SI0EMFPT39035,"Cornerstone First Mortgage, Inc",11,3,0,0.03,9,0,2,0,0,2,0,1,0,0,national
2025,CT,09190,Western Connecticut,2549007AU24FVDMNUB40,,7,3,4,0.03,7,0,0,0,0,3,0,0,0,0,national
2025,CT,09190,Western Connecticut,254900BBWJ82FQDQ6823,,3,3,0,0.03,3,0,0,0,0,3,0,0,0,0,national
2025,CT,09190,Western Connecticut,254900CTT87ZKAUTIJ37,,3,3,0,0.03,3,0,0,0,0,3,0,0,0,0,national
2025,CT,09190,Western Connecticut,254900DRSIZBQXDCJ875,,3,3,0,0.03,3,0,0,0,0,3,0,0,0,0,national
2025,CT,09190,Western Connecticut,254900TG14TB8RKS3U42,,10,3,0,0.03,10,0,0,0,0,3,0,0,0,0,national
2025,CT,09190,Western Connecticut,254900XN7UWEWK13RO81,PREMIUM MORTGAGE CORPORATION,5,3,0,0.03,5,0,0,0,0,3,0,0,0,0,national
2025,CT,09190,Western Connecticut,337KMNHEWWWR6B7Q7W10,,3,3,0,0.03,3,0,0,0,0,3,0,0,0,0,national
2025,CT,09190,Western Connecticut,5493002B2WMHY23GFK92,"AMERICAN FINANCIAL RESOURCES, INC.",7,3,1,0.03,3,1,3,0,0,3,0,0,0,0,national
2025,CT,09190,Western Connecticut,5493002GI63WHHUTUD85,,4,3,0,0.03,3,1,0,0,0,2,1,0,0,0,national
2025,CT,09190,Western Connecticut,549300323EON4W3CCM44,"RESICENTRAL, LLC",3,3,0,0.03,3,0,0,0,0,3,0,0,0,0,national
2025,CT,09190,Western Connecticut,549300370QILXLFUWD20,"ZILLOW HOME LOANS, LLC",4,3,0,0.03,4,0,0,0,0,3,0,0,0,0,national
2025,CT,09190,Western Connecticut,5493005DKMV1IHIM8E20,"Wilmington Savings Fund Society, FSB",4,3,1,0.03,4,0,0,0,0,3,0,0,0,0,national
2025,CT,09190,Western Connecticut,5493005H3NABV4GMAG85,,6,3,1,0.03,6,0,0,0,0,3,0,0,0,0,national
2025,CT,09190,Western Connecticut,5493005PD34O8ZT7QT17,,4,3,1,0.03,4,0,0,0,0,3,0,0,0,0,national
2025,CT,09190,Western Connecticut,5493007Z7FTUKQGFMZ98,,3,3,0,0.03,3,0,0,0,0,3,0,0,0,0,national
2025,CT,09190,Western Connecticut,5493008XQDQ2YZPQKX53,,3,3,0,0.03,3,0,0,0,0,3,0,0,0,0,national
2025,CT,09190,Western Connecticut,5493009B17HXCVXTD608,"JMAC LENDING, INC.",3,3,0,0.03,3,0,0,0,0,3,0,0,0,0,national
2025,CT,09190,Western Connecticut,549300AG10BX85DF5S49,MLD MORTGAGE INC.,4,3,0,0.03,4,0,0,0,0,3,0,0,0,0,national
2025,CT,09190,Western Connecticut,549300BXWU32AYWT1A56,,5,3,0,0.03,5,0,0,0,0,3,0,0,0,0,national
2025,CT,09190,Western Connecticut,549300DNWSJUNAWUM003,,6,3,1,0.03,6,0,0,0,0,3,0,0,0,0,national
2025,CT,09190,Western Connecticut,549300FZJCP0WM3QJH15,,3,3,0,0.03,3,0,0,0,0,3,0,0,0,0,national
2025,CT,09190,Western Connecticut,549300HCNXMTNGIMAR91,,4,3,1,0.03,4,0,0,0,0,3,0,0,0,0,national
2025,CT,09190,Western Connecticut,549300IRXW9RSZM2B951,,7,3,3,0.03,6,0,0,1,0,3,0,0,0,0,national
2025,CT,09190,Western Connecticut,549300ISCZS1R0CJMO47,,5,3,0,0.03,5,0,0,0,0,3,0,0,0,0,national
2025,CT,09190,Western Connecticut,549300JZD4L02YZI3Z50,NJ LENDERS CORP.,5,3,1,0.03,5,0,0,0,0,3,0,0,0,0,national
2025,CT,09190,Western Connecticut,549300K4ZLGS7SRDTL86,Equity Prime Mortgage LLC,11,3,4,0.03,0,7,4,0,0,0,3,0,0,0,national
2025,CT,09190,Western Connecticut,549300LR1ZETOWYE9Z89,Berkshire Bank,7,3,2,0.03,7,0,0,0,0,3,0,0,0,0,national
2025,CT,09190,Western Connecticut,549300OTLWFQPOOSC346,BayCoast Bank,4,3,1,0.03,4,0,0,0,0,3,0,0,0,0,national
2025,CT,09190,Western Connecticut,549300REENMLD2RN3W58,,4,3,1,0.03,0,3,1,0,0,0,2,1,0,0,national
2025,CT,09190,Western Connecticut,549300SK2GVCQXPD4S58,"SUN WEST MORTGAGE COMPANY, INC.",7,3,0,0.03,3,4,0,0,0,2,1,0,0,0,national
2025,CT,09190,Western Connecticut,549300SUCQ1358EGVE89,"NEW DAY FINANCIAL, LLC",27,3,6,0.03,0,3,24,0,0,0,0,3,0,0,national
2025,CT,09190,Western Connecticut,549300U4FBW37LFHW771,,3,3,0,0.03,3,0,0,0,0,3,0,0,0,0,national
2025,CT,09190,Western Connecticut,549300VQUTI5IU7GXT57,,4,3,1,0.03,3,1,0,0,0,2,1,0,0,0,national
2025,CT,09190,Western Connecticut,549300YKTME1U7Z0UN20,Empower Federal Credit Union,5,3,2,0.03,5,0,0,0,0,3,0,0,0,0,national
2025,CT,09190,Western Connecticut,549300ZCR1XCLNEEI724,,10,3,2,0.03,10,0,0,0,0,3,0,0,0,0,national
2025,CT,09190,Western Connecticut,549300ZOKUKS0Z7C3X31,,3,3,0,0.03,3,0,0,0,0,3,0,0,0,0,national
2025,CT,09190,Western Connecticut,6PTKHDJ8HDUF78PFWH30,,3,3,0,0.03,3,0,0,0,0,3,0,0,0,0,national
2025,CT,09190,Western Connecticut,984500D092D1E2CYDB19,,3,3,0,0.03,3,0,0,0,0,3,0,0,0,0,national
2025,CT,09190,Western Connecticut,X8V2II80XTQHRH7NCB19,Eastern Bank,3,3,0,0.03,3,0,0,0,0,3,0,0,0,0,national
2025,CT,09190,Western Connecticut,25490018IFQOT83Q7H49,,2,2,0,0.02,2,0,0,0,0,2,0,0,0,0,national
2025,CT,09190,Western Connecticut,254900F9ZTVTX763V835,"Advisors Mortgage Group, L.L.C.",3,2,0,0.02,2,1,0,0,0,2,0,0,0,0,national
2025,CT,09190,Western Connecticut,254900HJA1Y85EJCGB90,,7,2,4,0.02,7,0,0,0,0,2,0,0,0,0,national
2025,CT,09190,Western Connecticut,254900KKWIJLOTNP7667,,3,2,0,0.02,2,1,0,0,0,2,0,0,0,0,national
2025,CT,09190,Western Connecticut,254900O86JRT86YLQO47,,4,2,2,0.02,4,0,0,0,0,2,0,0,0,0,national
2025,CT,09190,Western Connecticut,254900P7WLDQD9IUL038,Service Federal Credit Union,4,2,0,0.02,4,0,0,0,0,2,0,0,0,0,national
2025,CT,09190,Western Connecticut,254900U1OBL1MC6M6518,,2,2,0,0.02,2,0,0,0,0,2,0,0,0,0,national
2025,CT,09190,Western Connecticut,254900W4EKVR6GZ0KS84,,2,2,0,0.02,2,0,0,0,0,2,0,0,0,0,national
2025,CT,09190,Western Connecticut,5493000EUC3MM52PJV85,,2,2,0,0.02,2,0,0,0,0,2,0,0,0,0,national
2025,CT,09190,Western Connecticut,5493000GQWJTTR0TEH83,,2,2,0,0.02,2,0,0,0,0,2,0,0,0,0,national
2025,CT,09190,Western Connecticut,5493002JA8HUVL2CRT33,,2,2,0,0.02,2,0,0,0,0,2,0,0,0,0,national
2025,CT,09190,Western Connecticut,54930039IUN6515TBG78,,2,2,0,0.02,1,1,0,0,0,1,1,0,0,0,national
2025,CT,09190,Western Connecticut,5493003X6Y6JGJKHPA25,,4,2,0,0.02,4,0,0,0,0,2,0,0,0,0,national
2025,CT,09190,Western Connecticut,5493003XFPPSO0JVIB33,,3,2,0,0.02,3,0,0,0,0,2,0,0,0,0,national
2025,CT,09190,Western Connecticut,54930078TNN7GKZ7NU89,,5,2,0,0.02,4,0,0,1,0,2,0,0,0,0,national
2025,CT,09190,Western Connecticut,5493007CLWQN2S6IZK91,,4,2,1,0.02,1,0,3,0,0,1,0,1,0,0,national
2025,CT,09190,Western Connecticut,5493008SP1FN4D81IS17,,2,2,0,0.02,2,0,0,0,0,2,0,0,0,0,national
2025,CT,09190,Western Connecticut,5493008VCYW25D52ZC98,,4,2,0,0.02,4,0,0,0,0,2,0,0,0,0,national
2025,CT,09190,Western Connecticut,5493009LZZ8VZRVIX755,,2,2,0,0.02,2,0,0,0,0,2,0,0,0,0,national
2025,CT,09190,Western Connecticut,549300A5HHOL2ED18C72,,4,2,1,0.02,4,0,0,0,0,2,0,0,0,0,national
2025,CT,09190,Western Connecticut,549300ALNLUNS3Y53T24,,24,2,13,0.02,12,12,0,0,0,1,1,0,0,0,national
2025,CT,09190,Western Connecticut,549300AT7EB9FJAF0E61,,3,2,0,0.02,3,0,0,0,0,2,0,0,0,0,national
2025,CT,09190,Western Connecticut,549300BOXNV8VLRBDT24,,5,2,2,0.02,5,0,0,0,0,2,0,0,0,0,national
2025,CT,09190,Western Connecticut,549300COIWXM618UBE82,,2,2,0,0.02,2,0,0,0,0,2,0,0,0,0,national
2025,CT,09190,Western Connecticut,549300E4YLQ3BVQ4GW30,,2,2,0,0.02,2,0,0,0,0,2,0,0,0,0,national
2025,CT,09190,Western Connecticut,549300EFCZM6KD6B8K69,MORTGAGE ACCESS CORP.,5,2,1,0.02,5,0,0,0,0,2,0,0,0,0,national
2025,CT,09190,Western Connecticut,549300HRLROF7PLJ6735,CLEAREDGE LENDING LLC,2,2,0,0.02,2,0,0,0,0,2,0,0,0,0,national
2025,CT,09190,Western Connecticut,549300JI0UWY4QIWDV89,"NORTHPOINT MORTGAGE, INC.",3,2,0,0.02,3,0,0,0,0,2,0,0,0,0,national
2025,CT,09190,Western Connecticut,549300KPHGEE40YQXO21,,2,2,0,0.02,2,0,0,0,0,2,0,0,0,0,national
2025,CT,09190,Western Connecticut,549300KV83NH6PNL5E48,Westfield Bank,5,2,1,0.02,5,0,0,0,0,2,0,0,0,0,national
2025,CT,09190,Western Connecticut,549300KW3HYVC06WS898,,2,2,0,0.02,2,0,0,0,0,2,0,0,0,0,national
2025,CT,09190,Western Connecticut,549300KWKWPEKL40WD44,,8,2,0,0.02,8,0,0,0,0,2,0,0,0,0,national
2025,CT,09190,Western Connecticut,549300KX4S1573HISS22,,5,2,1,0.02,5,0,0,0,0,2,0,0,0,0,national
2025,CT,09190,Western Connecticut,549300NZ2IPWRMLAYZ30,,2,2,0,0.02,2,0,0,0,0,2,0,0,0,0,national
2025,CT,09190,Western Connecticut,549300PL8ER6H23P0Z91,,4,2,0,0.02,4,0,0,0,0,2,0,0,0,0,national
2025,CT,09190,Western Connecticut,549300R22XCNNGVXRO22,,2,2,0,0.02,2,0,0,0,0,2,0,0,0,0,national
2025,CT,09190,Western Connecticut,549300S0KDQNIC08M074,,2,2,0,0.02,2,0,0,0,0,2,0,0,0,0,national
2025,CT,09190,Western Connecticut,549300T9P3WXNMXX0I34,Ixonia Bank,5,2,1,0.02,5,0,0,0,0,2,0,0,0,0,national
2025,CT,09190,Western Connecticut,549300VQSHPYTNCOP496,,3,2,0,0.02,3,0,0,0,0,2,0,0,0,0,national
2025,CT,09190,Western Connecticut,549300WHVRE44NRBU558,,2,2,0,0.02,1,1,0,0,0,1,1,0,0,0,national
2025,CT,09190,Western Connecticut,549300XCVBRR56D08F03,,23,2,0,0.02,18,5,0,0,0,1,1,0,0,0,national
2025,CT,09190,Western Connecticut,549300ZOBXG0DT4I6U54,,4,2,0,0.02,2,1,1,0,0,1,0,1,0,0,national
2025,CT,09190,Western Connecticut,C398JSK21YCXWM603F55,,2,2,0,0.02,2,0,0,0,0,2,0,0,0,0,national
2025,CT,09190,Western Connecticut,COOWI3L2W9TPYR3WJX37,First Horizon Bank,4,2,1,0.02,4,0,0,0,0,2,0,0,0,0,national
2025,CT,09190,Western Connecticut,HIDXEG9BLUJZKBGUT764,,2,2,0,0.02,2,0,0,0,0,2,0,0,0,0,national
2025,CT,09190,Western Connecticut,QFROUN1UWUYU0DVIWD51,"Eagle Home Mortgage, LLC",8,2,1,0.02,8,0,0,0,0,2,0,0,0,0,national
2025,CT,09190,Western Connecticut,254900114YHTRFBALC74,,1,1,0,0.01,1,0,0,0,0,1,0,0,0,0,national
2025,CT,09190,Western Connecticut,2549003SYL72OG7Y6S21,,1,1,0,0.01,1,0,0,0,0,1,0,0,0,0,national
2025,CT,09190,Western Connecticut,2549005FUF02T1IFCA22,,1,1,0,0.01,1,0,0,0,0,1,0,0,0,0,national
2025,CT,09190,Western Connecticut,2549005Q4HZ55QX7YC64,,4,1,1,0.01,4,0,0,0,0,1,0,0,0,0,national
2025,CT,09190,Western Connecticut,2549008TT6UNYR7AXF54,,1,1,0,0.01,1,0,0,0,0,1,0,0,0,0,national
2025,CT,09190,Western Connecticut,254900BBEPZS8MDE1S61,,1,1,0,0.01,1,0,0,0,0,1,0,0,0,0,national
2025,CT,09190,Western Connecticut,254900BD5NFQPLWIEE89,,1,1,0,0.01,1,0,0,0,0,1,0,0,0,0,national
2025,CT,09190,Western Connecticut,254900DSZI6CJXJL6Z14,,3,1,0,0.01,3,0,0,0,0,1,0,0,0,0,national
2025,CT,09190,Western Connecticut,254900FMBXF85WQYV433,,1,1,0,0.01,1,0,0,0,0,1,0,0,0,0,national
2025,CT,09190,Western Connecticut,254900LTD432L5CHIZ48,,1,1,0,0.01,1,0,0,0,0,1,0,0,0,0,national
2025,CT,09190,Western Connecticut,254900MWCJLSHMSYCL19,,1,1,0,0.01,1,0,0,0,0,1,0,0,0,0,national
2025,CT,09190,Western Connecticut,254900PFOL1KDTRYWV11,,1,1,0,0.01,1,0,0,0,0,1,0,0,0,0,national
2025,CT,09190,Western Connecticut,254900SUZ313OILKVD67,,1,1,0,0.01,1,0,0,0,0,1,0,0,0,0,national
2025,CT,09190,Western Connecticut,254900WO60HTEULEHM24,,1,1,0,0.01,1,0,0,0,0,1,0,0,0,0,national
2025,CT,09190,Western Connecticut,254900ZPR9P3OI95VG04,,1,1,0,0.01,1,0,0,0,0,1,0,0,0,0,national
2025,CT,09190,Western Connecticut,5493001JT9MT3Z3Y3M39,,2,1,0,0.01,2,0,0,0,0,1,0,0,0,0,national
2025,CT,09190,Western Connecticut,549300217ZPIHWEYT887,,1,1,0,0.01,1,0,0,0,0,1,0,0,0,0,national
2025,CT,09190,Western Connecticut,5493002Y5XYV7DV1ZV88,"GOLD STAR MORTGAGE FINANCIAL GROUP, CORPORATION",1,1,0,0.01,1,0,0,0,0,1,0,0,0,0,national
2025,CT,09190,Western Connecticut,5493003NV9L53LK1XI52,,3,1,0,0.01,3,0,0,0,0,1,0,0,0,0,national
2025,CT,09190,Western Connecticut,54930047YMR4VOMFGS35,,1,1,0,0.01,1,0,0,0,0,1,0,0,0,0,national
2025,CT,09190,Western Connecticut,5493004T9SQFCNRQ2L76,,2,1,1,0.01,2,0,0,0,0,1,0,0,0,0,national
2025,CT,09190,Western Connecticut,54930055Z5ZI5MLNR750,,2,1,0,0.01,2,0,0,0,0,1,0,0,0,0,national
2025,CT,09190,Western Connecticut,5493005JPZ3LXXMB0S24,"Carrington Mortgage Services, LLC",3,1,0,0.01,3,0,0,0,0,1,0,0,0,0,national
2025,CT,09190,Western Connecticut,5493005ONLDV0W4QDI82,,1,1,0,0.01,1,0,0,0,0,1,0,0,0,0,national
2025,CT,09190,Western Connecticut,5493007O5KJGDP4CB858,,1,1,0,0.01,1,0,0,0,0,1,0,0,0,0,national
2025,CT,09190,Western Connecticut,54930080168VA6Z8UX21,,3,1,1,0.01,3,0,0,0,0,1,0,0,0,0,national
2025,CT,09190,Western Connecticut,5493008PQSMR41Y70C36,,1,1,0,0.01,1,0,0,0,0,1,0,0,0,0,national
2025,CT,09190,Western Connecticut,549300ASFUWYQO0RW077,,1,1,0,0.01,1,0,0,0,0,1,0,0,0,0,national
2025,CT,09190,Western Connecticut,549300CHBB3GN7JFXU86,,1,1,0,0.01,1,0,0,0,0,1,0,0,0,0,national
2025,CT,09190,Western Connecticut,549300DMHEHNYZ2OLB41,,2,1,0,0.01,2,0,0,0,0,1,0,0,0,0,national
2025,CT,09190,Western Connecticut,549300DRZGISDSL1BX02,,3,1,1,0.01,3,0,0,0,0,1,0,0,0,0,national
2025,CT,09190,Western Connecticut,549300DT7WZ1SOTNFJ62,,1,1,0,0.01,1,0,0,0,0,1,0,0,0,0,national
2025,CT,09190,Western Connecticut,549300DW87L2IZ7ZHF47,,1,1,0,0.01,1,0,0,0,0,1,0,0,0,0,national
2025,CT,09190,Western Connecticut,549300E0KRXI8PZWAO17,,1,1,0,0.01,1,0,0,0,0,1,0,0,0,0,national
2025,CT,09190,Western Connecticut,549300GE8KIGZVQV1223,,1,1,0,0.01,1,0,0,0,0,1,0,0,0,0,national
2025,CT,09190,Western Connecticut,549300GK8CWYLPIWOV65,,1,1,0,0.01,1,0,0,0,0,1,0,0,0,0,national
2025,CT,09190,Western Connecticut,549300GPO6DWUZR4UY30,,1,1,0,0.01,1,0,0,0,0,1,0,0,0,0,national
2025,CT,09190,Western Connecticut,549300HRKD2IJSOPRA57,,2,1,0,0.01,2,0,0,0,0,1,0,0,0,0,national
2025,CT,09190,Western Connecticut,549300I7G0WB7Z0BCX80,,1,1,0,0.01,1,0,0,0,0,1,0,0,0,0,national
2025,CT,09190,Western Connecticut,549300J6N77Q8OHYNF23,,1,1,0,0.01,1,0,0,0,0,1,0,0,0,0,national
2025,CT,09190,Western Connecticut,549300JD1162QW84ZO34,,1,1,0,0.01,1,0,0,0,0,1,0,0,0,0,national
2025,CT,09190,Western Connecticut,549300JGK6WNKYXQ0821,,1,1,0,0.01,1,0,0,0,0,1,0,0,0,0,national
2025,CT,09190,Western Connecticut,549300K0ZDYG8YJZ3L95,,1,1,0,0.01,1,0,0,0,0,1,0,0,0,0,national
2025,CT,09190,Western Connecticut,549300KJ8PAJ7E52HG32,Plains Commerce Bank,2,1,1,0.01,2,0,0,0,0,1,0,0,0,0,national
2025,CT,09190,Western Connecticut,549300KPBZCTMM3Y0061,,1,1,0,0.01,1,0,0,0,0,1,0,0,0,0,national
2025,CT,09190,Western Connecticut,549300KQHWNSVCE2MY88,,1,1,0,0.01,1,0,0,0,0,1,0,0,0,0,national
2025,CT,09190,Western Connecticut,549300L9MOPDT0NKE883,,1,1,0,0.01,1,0,0,0,0,1,0,0,0,0,national
2025,CT,09190,Western Connecticut,549300LLESTPOVRG3X73,,3,1,0,0.01,3,0,0,0,0,1,0,0,0,0,national
2025,CT,09190,Western Connecticut,549300MKO88C3VZKD418,,3,1,0,0.01,3,0,0,0,0,1,0,0,0,0,national
2025,CT,09190,Western Connecticut,549300MPZDD9EFQ1E963,,1,1,0,0.01,1,0,0,0,0,1,0,0,0,0,national
2025,CT,09190,Western Connecticut,549300MSU5WVAU4ZN645,,2,1,1,0.01,2,0,0,0,0,1,0,0,0,0,national
2025,CT,09190,Western Connecticut,549300N38Q5YKSSV1106,Bankesb,1,1,0,0.01,1,0,0,0,0,1,0,0,0,0,national
2025,CT,09190,Western Connecticut,549300N5GF79IZ5Y7G10,AMERICAN HERITAGE FCU,1,1,0,0.01,1,0,0,0,0,1,0,0,0,0,national
2025,CT,09190,Western Connecticut,549300NFPC3Y4W3Y7R87,,1,1,0,0.01,1,0,0,0,0,1,0,0,0,0,national
2025,CT,09190,Western Connecticut,549300NT030LXB2A8T82,"MY MORTGAGE, INC.",3,1,0,0.01,3,0,0,0,0,1,0,0,0,0,national
2025,CT,09190,Western Connecticut,549300QIUZLVR1OLDH55,,2,1,0,0.01,2,0,0,0,0,1,0,0,0,0,national
2025,CT,09190,Western Connecticut,549300QY4UCP33T94N09,,5,1,0,0.01,5,0,0,0,0,1,0,0,0,0,national
2025,CT,09190,Western Connecticut,549300RYTR2RVL4SFJ90,,3,1,0,0.01,3,0,0,0,0,1,0,0,0,0,national
2025,CT,09190,Western Connecticut,549300RYWXR8TL5LIK35,,8,1,0,0.01,7,1,0,0,0,0,1,0,0,0,national
2025,CT,09190,Western Connecticut,549300S347HTLHLOC775,,10,1,6,0.01,10,0,0,0,0,1,0,0,0,0,national
2025,CT,09190,Western Connecticut,549300S5NLOTO329NX77,,1,1,0,0.01,1,0,0,0,0,1,0,0,0,0,national
2025,CT,09190,Western Connecticut,549300S8SHBRCI7UU819,,2,1,0,0.01,2,0,0,0,0,1,0,0,0,0,national
2025,CT,09190,Western Connecticut,549300SI3EZ7U02L5E39,,1,1,0,0.01,1,0,0,0,0,1,0,0,0,0,national
2025,CT,09190,Western Connecticut,549300SIZ5KBISEZE503,UniBank for Savings,1,1,0,0.01,1,0,0,0,0,1,0,0,0,0,national
2025,CT,09190,Western Connecticut,549300SQKZC6HESYGO25,,3,1,0,0.01,3,0,0,0,0,1,0,0,0,0,national
2025,CT,09190,Western Connecticut,549300T61O0X0RJMQ375,,2,1,0,0.01,2,0,0,0,0,1,0,0,0,0,national
2025,CT,09190,Western Connecticut,549300T7AIY7RU1YDP31,,2,1,0,0.01,2,0,0,0,0,1,0,0,0,0,national
2025,CT,09190,Western Connecticut,549300TR6MWKSIOP3B72,Beacon Bank And Trust,1,1,0,0.01,1,0,0,0,0,1,0,0,0,0,national
2025,CT,09190,Western Connecticut,549300TV5ZED3EINI708,,2,1,0,0.01,2,0,0,0,0,1,0,0,0,0,national
2025,CT,09190,Western Connecticut,549300UG1DH7RQL41718,,1,1,0,0.01,1,0,0,0,0,1,0,0,0,0,national
2025,CT,09190,Western Connecticut,549300UG7QXKM7KGV847,,1,1,0,0.01,1,0,0,0,0,1,0,0,0,0,national
2025,CT,09190,Western Connecticut,549300WH9FMXOC63ZV77,,2,1,1,0.01,2,0,0,0,0,1,0,0,0,0,national
2025,CT,09190,Western Connecticut,549300X6ESK4SUBRYL85,,1,1,0,0.01,1,0,0,0,0,1,0,0,0,0,national
2025,CT,09190,Western Connecticut,549300YDBNK66R6ZES34,,1,1,0,0.01,1,0,0,0,0,1,0,0,0,0,national
2025,CT,09190,Western Connecticut,549300YMIOLU51FSTO86,,2,1,0,0.01,2,0,0,0,0,1,0,0,0,0,national
2025,CT,09190,Western Connecticut,549300YN94MOAVYW0F52,"GoodLeap, LLC",3,1,2,0.01,3,0,0,0,0,1,0,0,0,0,national
2025,CT,09190,Western Connecticut,549300ZZME37MXI1EF14,,1,1,0,0.01,1,0,0,0,0,1,0,0,0,0,national
2025,CT,09190,Western Connecticut,98450057741D3B36B015,,2,1,1,0.01,2,0,0,0,0,1,0,0,0,0,national
2025,CT,09190,Western Connecticut,9845006YE04B346EC919,,6,1,1,0.01,3,1,2,0,0,1,0,0,0,0,national
2025,CT,09190,Western Connecticut,98450087981AP406JG03,,2,1,0,0.01,2,0,0,0,0,1,0,0,0,0,national
2025,CT,09190,Western Connecticut,984500D61DCEC4E2B661,,1,1,0,0.01,1,0,0,0,0,1,0,0,0,0,national
2025,CT,09190,Western Connecticut,FDXQ75GPEQKRPWABYN63,,1,1,0,0.01,1,0,0,0,0,1,0,0,0,0,national
2025,CT,09190,Western Connecticut,LVR1UQE8OOCO93IHEB52,Northwest Bank,1,1,0,0.01,1,0,0,0,0,1,0,0,0,0,national
2025,CT,09190,Western Connecticut,Q708HHR4LD2B7XIZNO92,First Federal Bank,4,1,1,0.01,4,0,0,0,0,1,0,0,0,0,national
2025,CT,09190,Western Connecticut,XC7Z0BA39TU7L1AKOJ12,,1,1,0,0.01,1,0,0,0,0,1,0,0,0,0,national
2025,CT,09190,Western Connecticut,54930091JQKCU3Z6IP44,,49,0,2,0.0,49,0,0,0,0,0,0,0,0,0,national
2025,CT,09190,Western Connecticut,549300CB67L6KPJLHE19,"TRIAD FINANCIAL SERVICES, INC.",12,0,7,0.0,12,0,0,0,0,0,0,0,0,0,national
