year,state,county_fips,county_name,lei,institution_name,applications,originations,denials,market_share_orig_pct,apps_conventional,apps_fha,apps_va,apps_usda_other,apps_other_loan_type,orig_conventional,orig_fha,orig_va,orig_usda_other,orig_other_loan_type,priority_market
2025,AR,05005,Baxter,54930049L5WINET09Q97,"CLICK N' CLOSE, INC.",238,197,0,17.8,86,45,51,56,0,70,42,38,47,0,national
2025,AR,05005,Baxter,COINQMNIM6RBU631DD85,Arvest Bank,237,169,26,15.27,216,15,3,3,0,157,10,1,1,0,national
2025,AR,05005,Baxter,549300FAG4VH7YJ66576,,93,81,3,7.32,92,0,0,1,0,81,0,0,0,0,national
2025,AR,05005,Baxter,254900561K135J92VD38,First Security Bank,87,66,9,5.96,79,7,0,1,0,62,3,0,1,0,national
2025,AR,05005,Baxter,549300FGXN1K3HLB1R50,"Rocket Mortgage, LLC",95,57,26,5.15,71,19,5,0,0,46,8,3,0,0,national
2025,AR,05005,Baxter,54930009DUZUXUZIDL84,,82,55,11,4.97,82,0,0,0,0,55,0,0,0,0,national
2025,AR,05005,Baxter,549300IEIM2IT5YK4368,First Community Bank,44,35,1,3.16,35,6,1,2,0,27,5,1,2,0,national
2025,AR,05005,Baxter,549300S8SHBRCI7UU819,,44,29,8,2.62,44,0,0,0,0,29,0,0,0,0,national
2025,AR,05005,Baxter,549300HW662MN1WU8550,"United Wholesale Mortgage, LLC",41,27,5,2.44,10,6,25,0,0,6,3,18,0,0,national
2025,AR,05005,Baxter,6BYL5QZYBDK8S7L73M02,U.S. Bank National Association,55,23,17,2.08,53,0,2,0,0,22,0,1,0,0,national
2025,AR,05005,Baxter,549300CCQSH6ZSQHNS49,,24,21,1,1.9,24,0,0,0,0,21,0,0,0,0,national
2025,AR,05005,Baxter,549300VYK2WBD7SST478,Bank OZK,36,18,15,1.63,31,5,0,0,0,16,2,0,0,0,national
2025,AR,05005,Baxter,RVDPPPGHCGZ40J4VQ731,"PENNYMAC LOAN SERVICES, LLC",30,17,3,1.54,19,6,4,1,0,12,3,1,1,0,national
2025,AR,05005,Baxter,549300LYRWPSYPK6S325,FREEDOM MORTGAGE CORPORATION,40,15,5,1.36,3,14,23,0,0,1,5,9,0,0,national
2025,AR,05005,Baxter,549300DD5QQUHO6PCH70,"MORTGAGE RESEARCH CENTER, LLC",35,14,3,1.26,2,1,32,0,0,1,0,13,0,0,national
2025,AR,05005,Baxter,549300BEFX6JRSCS5N78,Centennial Bank,21,12,5,1.08,17,2,2,0,0,11,0,1,0,0,national
2025,AR,05005,Baxter,25490000VM5YTLF4NM50,,11,11,0,0.99,11,0,0,0,0,11,0,0,0,0,national
2025,AR,05005,Baxter,5493003GQDUH26DNNH17,Navy Federal Credit Union,18,11,2,0.99,15,0,3,0,0,9,0,2,0,0,national
2025,AR,05005,Baxter,549300FNXYY540N23N64,Newrez LLC,20,11,3,0.99,12,6,2,0,0,9,1,1,0,0,national
2025,AR,05005,Baxter,549300LBCBNR1OT00651,NATIONSTAR MORTGAGE LLC,15,10,3,0.9,12,1,2,0,0,9,0,1,0,0,national
2025,AR,05005,Baxter,254900UL88QFG0E40516,FIGURE LENDING LLC,12,9,1,0.81,12,0,0,0,0,9,0,0,0,0,national
2025,AR,05005,Baxter,549300K4ZLGS7SRDTL86,Equity Prime Mortgage LLC,12,9,0,0.81,0,6,2,4,0,0,5,1,3,0,national
2025,AR,05005,Baxter,5493001GCBD5XGNIC815,Coastal Community Bank,17,7,0,0.63,17,0,0,0,0,7,0,0,0,0,national
2025,AR,05005,Baxter,5493001GDRY0EL7VG372,"ARK-LA-TEX FINANCIAL SERVICES, LLC.",9,7,0,0.63,7,2,0,0,0,5,2,0,0,0,national
2025,AR,05005,Baxter,549300KJ8PAJ7E52HG32,Plains Commerce Bank,12,7,1,0.63,11,1,0,0,0,6,1,0,0,0,national
2025,AR,05005,Baxter,549300YIQ7S7Z8PIHE53,AMERISAVE MORTGAGE CORPORATION,21,7,12,0.63,14,4,3,0,0,6,0,1,0,0,national
2025,AR,05005,Baxter,549300AG64NHILB7ZP05,"LOANDEPOT.COM, LLC",13,6,3,0.54,8,4,1,0,0,4,1,1,0,0,national
2025,AR,05005,Baxter,549300OPCWU6E72WUT29,"MUTUAL OF OMAHA MORTGAGE, INC.",11,6,3,0.54,2,7,2,0,0,1,3,2,0,0,national
2025,AR,05005,Baxter,549300YKBMBBIIMQJS94,Southern Bank,5,5,0,0.45,5,0,0,0,0,5,0,0,0,0,national
2025,AR,05005,Baxter,549300BX448ALT10FI43,The Federal Savings Bank,8,4,0,0.36,2,0,6,0,0,1,0,3,0,0,national
2025,AR,05005,Baxter,549300E2UX99HKDBR481,"NEW AMERICAN FUNDING, LLC",20,4,4,0.36,10,9,1,0,0,3,0,1,0,0,national
2025,AR,05005,Baxter,549300HIKKZQ0TVJWA08,ARKANSAS FEDERAL CREDIT UNION,10,4,3,0.36,10,0,0,0,0,4,0,0,0,0,national
2025,AR,05005,Baxter,549300XQVJ1XBNFA5536,21ST MORTGAGE CORPORATION,23,4,9,0.36,23,0,0,0,0,4,0,0,0,0,national
2025,AR,05005,Baxter,549300Y4CEEGC4KCFI45,,4,4,0,0.36,3,0,0,1,0,3,0,0,1,0,national
2025,AR,05005,Baxter,549300ZZME37MXI1EF14,"DAS ACQUISITION COMPANY, LLC",5,4,0,0.36,3,2,0,0,0,2,2,0,0,0,national
2025,AR,05005,Baxter,2549007JQKHU8KQ0FC19,"FIRSTTRUST HOME LOANS, INC.",3,3,0,0.27,2,1,0,0,0,2,1,0,0,0,national
2025,AR,05005,Baxter,254900HA4DQWAE0W3342,"AMERIHOME MORTGAGE COMPANY, LLC",5,3,1,0.27,5,0,0,0,0,3,0,0,0,0,national
2025,AR,05005,Baxter,5493000YNV8IX4VD3X12,"VANDERBILT MORTGAGE AND FINANCE, INC.",17,3,6,0.27,17,0,0,0,0,3,0,0,0,0,national
2025,AR,05005,Baxter,5493002QRULT2T40BH09,COMMUNITYAMERICA FEDERAL CREDIT UNION,3,3,0,0.27,3,0,0,0,0,3,0,0,0,0,national
2025,AR,05005,Baxter,54930054ET8KM4O1D485,"SOFI BANK, NATIONAL ASSOCIATION",7,3,0,0.27,6,0,1,0,0,3,0,0,0,0,national
2025,AR,05005,Baxter,549300AQ3T62GXDU7D76,GUILD MORTGAGE COMPANY LLC,6,3,0,0.27,3,1,1,1,0,2,0,0,1,0,national
2025,AR,05005,Baxter,549300G5DVGM0ZHRQC33,,4,3,1,0.27,0,0,4,0,0,0,0,3,0,0,national
2025,AR,05005,Baxter,549300GY4NTTEM7WWB64,,3,3,0,0.27,1,1,1,0,0,1,1,1,0,0,national
2025,AR,05005,Baxter,549300RFLICNI75BG067,Luminate Bank,3,3,0,0.27,0,3,0,0,0,0,3,0,0,0,national
2025,AR,05005,Baxter,549300U3721PJGQZYY68,"GUARANTEED RATE, INC.",4,3,0,0.27,3,1,0,0,0,2,1,0,0,0,national
2025,AR,05005,Baxter,549300YN94MOAVYW0F52,"GoodLeap, LLC",10,3,2,0.27,6,1,3,0,0,2,0,1,0,0,national
2025,AR,05005,Baxter,7H6GLXDRUGQFU57RNE97,"JPMorgan Chase Bank, National Association",5,3,1,0.27,5,0,0,0,0,3,0,0,0,0,national
2025,AR,05005,Baxter,C5654JQHZUHN0772B561,USAA Federal Savings Bank,8,3,2,0.27,2,0,6,0,0,0,0,3,0,0,national
2025,AR,05005,Baxter,Q7C315HKI8VX0SSKBS64,Cadence Bank,3,3,0,0.27,2,0,1,0,0,2,0,1,0,0,national
2025,AR,05005,Baxter,X05BVSK68TQ7YTOSNR22,Discover Bank,9,3,5,0.27,9,0,0,0,0,3,0,0,0,0,national
2025,AR,05005,Baxter,25490046GL77VSFSYG24,Signature Bank of Arkansas,3,2,0,0.18,3,0,0,0,0,2,0,0,0,0,national
2025,AR,05005,Baxter,5493001WHVQBGRSWEU75,"HOMEBRIDGE FINANCIAL SERVICES, INC.",2,2,0,0.18,1,1,0,0,0,1,1,0,0,0,national
2025,AR,05005,Baxter,5493003EW6T31TGECO83,,2,2,0,0.18,2,0,0,0,0,2,0,0,0,0,national
2025,AR,05005,Baxter,549300ALNLUNS3Y53T24,AMERICAN FINANCING CORPORATION,2,2,0,0.18,1,0,1,0,0,1,0,1,0,0,national
2025,AR,05005,Baxter,549300CUUEEQ66ZVK149,,3,2,0,0.18,0,3,0,0,0,0,2,0,0,0,national
2025,AR,05005,Baxter,549300DPRWSBUY619V27,Simmons Bank,6,2,2,0.18,6,0,0,0,0,2,0,0,0,0,national
2025,AR,05005,Baxter,549300IRXW9RSZM2B951,,2,2,0,0.18,2,0,0,0,0,2,0,0,0,0,national
2025,AR,05005,Baxter,549300LXKO1O7CSK5J52,"FLAT BRANCH MORTGAGE, INC.",3,2,0,0.18,3,0,0,0,0,2,0,0,0,0,national
2025,AR,05005,Baxter,549300MGPZBLQDIL7538,FAIRWAY INDEPENDENT MORTGAGE CORPORATION,6,2,1,0.18,2,4,0,0,0,1,1,0,0,0,national
2025,AR,05005,Baxter,549300PBTV7FCWLSMM53,,2,2,0,0.18,0,0,2,0,0,0,0,2,0,0,national
2025,AR,05005,Baxter,549300QLO8TSQW5JTK72,WEST GATE BANK,2,2,0,0.18,2,0,0,0,0,2,0,0,0,0,national
2025,AR,05005,Baxter,549300SUCQ1358EGVE89,"NEW DAY FINANCIAL, LLC",19,2,1,0.18,0,2,17,0,0,0,1,1,0,0,national
2025,AR,05005,Baxter,549300XCVBRR56D08F03,,4,2,0,0.18,3,1,0,0,0,1,1,0,0,0,national
2025,AR,05005,Baxter,AD6GFRVSDT01YPT1CS68,"PNC Bank, National Association",2,2,0,0.18,2,0,0,0,0,2,0,0,0,0,national
2025,AR,05005,Baxter,C398JSK21YCXWM603F55,"Barrington Bank & Trust Company, National Association",2,2,0,0.18,0,1,1,0,0,0,1,1,0,0,national
2025,AR,05005,Baxter,IUGPUX5LWRZ3B6KIZ697,Ameris Bank,2,2,0,0.18,2,0,0,0,0,2,0,0,0,0,national
2025,AR,05005,Baxter,2549004FXPNKCLIN8250,"Synergy One Lending, Inc.",2,1,0,0.09,2,0,0,0,0,1,0,0,0,0,national
2025,AR,05005,Baxter,2549005SIVTHG14U2905,A&D Mortgage LLC,2,1,0,0.09,2,0,0,0,0,1,0,0,0,0,national
2025,AR,05005,Baxter,25490066WMF8ZMQXQB18,"Lendage, LLC",1,1,0,0.09,1,0,0,0,0,1,0,0,0,0,national
2025,AR,05005,Baxter,254900CNZPI5WN45KW48,First Financial Bank,1,1,0,0.09,1,0,0,0,0,1,0,0,0,0,national
2025,AR,05005,Baxter,254900N9T42X4VF8F740,,1,1,0,0.09,1,0,0,0,0,1,0,0,0,0,national
2025,AR,05005,Baxter,254900RM3T6WAVE6SA24,,1,1,0,0.09,0,0,1,0,0,0,0,1,0,0,national
2025,AR,05005,Baxter,254900TTZ395IC926125,,2,1,1,0.09,0,1,0,1,0,0,0,0,1,0,national
2025,AR,05005,Baxter,254900WEP08K7U7S3A80,,2,1,1,0.09,0,2,0,0,0,0,1,0,0,0,national
2025,AR,05005,Baxter,3Y4U8VZURTYWI1W2K376,BMO Bank National Association,3,1,2,0.09,3,0,0,0,0,1,0,0,0,0,national
2025,AR,05005,Baxter,5493000JFVFQFL816N45,ENCORE BANK,1,1,0,0.09,1,0,0,0,0,1,0,0,0,0,national
2025,AR,05005,Baxter,5493000LJB0L73TDJT41,,1,1,0,0.09,1,0,0,0,0,1,0,0,0,0,national
2025,AR,05005,Baxter,5493001Q8FNQ5TSRE594,,1,1,0,0.09,1,0,0,0,0,1,0,0,0,0,national
2025,AR,05005,Baxter,54930021WPEXNHYZUL09,"PLANET HOME LENDING, LLC",3,1,2,0.09,0,2,1,0,0,0,0,1,0,0,national
2025,AR,05005,Baxter,54930023DLYUOD6GKQ42,,1,1,0,0.09,1,0,0,0,0,1,0,0,0,0,national
2025,AR,05005,Baxter,5493002B2WMHY23GFK92,"AMERICAN FINANCIAL RESOURCES, INC.",1,1,0,0.09,0,0,1,0,0,0,0,1,0,0,national
2025,AR,05005,Baxter,5493002YXAOJOQPEGS38,,1,1,0,0.09,1,0,0,0,0,1,0,0,0,0,national
2025,AR,05005,Baxter,54930030Z1JWTP3SVD16,,1,1,0,0.09,0,0,1,0,0,0,0,1,0,0,national
2025,AR,05005,Baxter,54930052M48FOD3CWA54,"PRIMARY RESIDENTIAL MORTGAGE, INC.",2,1,0,0.09,0,1,0,1,0,0,1,0,0,0,national
2025,AR,05005,Baxter,5493006BPEIMPS70UU26,,1,1,0,0.09,1,0,0,0,0,1,0,0,0,0,national
2025,AR,05005,Baxter,5493007UW5GSKHED2095,,1,1,0,0.09,1,0,0,0,0,1,0,0,0,0,national
2025,AR,05005,Baxter,54930098QK48NVYBZC62,,1,1,0,0.09,0,0,1,0,0,0,0,1,0,0,national
2025,AR,05005,Baxter,5493009Y8ROUG903AQ21,,1,1,0,0.09,1,0,0,0,0,1,0,0,0,0,national
2025,AR,05005,Baxter,549300AENO88GEUWCZ39,,1,1,0,0.09,1,0,0,0,0,1,0,0,0,0,national
2025,AR,05005,Baxter,549300BREPLU2KKPI102,The First National Bank of Fort Smith,1,1,0,0.09,1,0,0,0,0,1,0,0,0,0,national
2025,AR,05005,Baxter,549300C04BJ0G297NC13,,1,1,0,0.09,1,0,0,0,0,1,0,0,0,0,national
2025,AR,05005,Baxter,549300DL7AWRPX6NXO12,,1,1,0,0.09,1,0,0,0,0,1,0,0,0,0,national
2025,AR,05005,Baxter,549300DV8S0IJF2QWL30,,1,1,0,0.09,1,0,0,0,0,1,0,0,0,0,national
2025,AR,05005,Baxter,549300EWFHPBZH38K695,,1,1,0,0.09,1,0,0,0,0,1,0,0,0,0,national
2025,AR,05005,Baxter,549300HVW3AI97UKTO72,Wings Financial Credit Union,1,1,0,0.09,1,0,0,0,0,1,0,0,0,0,national
2025,AR,05005,Baxter,549300ID4RCRD8BXYH30,,1,1,0,0.09,1,0,0,0,0,1,0,0,0,0,national
2025,AR,05005,Baxter,549300JE6M4A1G4LPS75,,2,1,0,0.09,2,0,0,0,0,1,0,0,0,0,national
2025,AR,05005,Baxter,549300K6K2IS7FRS7S09,,1,1,0,0.09,1,0,0,0,0,1,0,0,0,0,national
2025,AR,05005,Baxter,549300KQHWNSVCE2MY88,,1,1,0,0.09,1,0,0,0,0,1,0,0,0,0,national
2025,AR,05005,Baxter,549300KTR1JGH3K6LU06,FOURLEAF,1,1,0,0.09,1,0,0,0,0,1,0,0,0,0,national
2025,AR,05005,Baxter,549300L8JRY60EOROT34,,1,1,0,0.09,1,0,0,0,0,1,0,0,0,0,national
2025,AR,05005,Baxter,549300MZ8VZJOVC63092,"KIND LENDING, LLC",1,1,0,0.09,1,0,0,0,0,1,0,0,0,0,national
2025,AR,05005,Baxter,549300O6Z0I6KYMESL47,AMWEST FUNDING CORP.,1,1,0,0.09,1,0,0,0,0,1,0,0,0,0,national
2025,AR,05005,Baxter,549300PGV74J5SPHTG47,Planters Bank & Trust Company,1,1,0,0.09,1,0,0,0,0,1,0,0,0,0,national
2025,AR,05005,Baxter,549300PIL8LFAQ04XC20,Better Mortgage Corporation,8,1,7,0.09,8,0,0,0,0,1,0,0,0,0,national
2025,AR,05005,Baxter,549300PKEQ3Q9S0IXW76,UNITED FEDERAL CREDIT UNION,1,1,0,0.09,1,0,0,0,0,1,0,0,0,0,national
2025,AR,05005,Baxter,549300PL267CW8182203,,1,1,0,0.09,0,1,0,0,0,0,1,0,0,0,national
2025,AR,05005,Baxter,549300QR0KFPEDZPEI42,STOCKTON MORTGAGE CORPORATION,1,1,0,0.09,1,0,0,0,0,1,0,0,0,0,national
2025,AR,05005,Baxter,549300QWJ3UDIX8KBP64,,1,1,0,0.09,1,0,0,0,0,1,0,0,0,0,national
2025,AR,05005,Baxter,549300R7HGHP2I754087,TOWNE MORTGAGE COMPANY,1,1,0,0.09,0,1,0,0,0,0,1,0,0,0,national
2025,AR,05005,Baxter,549300R9S3MVDV4MGF56,"CARRINGTON MORTGAGE SERVICES, LLC",4,1,2,0.09,3,0,1,0,0,1,0,0,0,0,national
2025,AR,05005,Baxter,549300REENMLD2RN3W58,"Magnolia Bank, Incorporated",2,1,0,0.09,0,0,2,0,0,0,0,1,0,0,national
2025,AR,05005,Baxter,549300RFPLMCMJL7BS81,,1,1,0,0.09,1,0,0,0,0,1,0,0,0,0,national
2025,AR,05005,Baxter,549300RP3DLR09NF6157,,1,1,0,0.09,1,0,0,0,0,1,0,0,0,0,national
2025,AR,05005,Baxter,549300RPOGWJRH63HS39,UNION HOME MORTGAGE CORP.,1,1,0,0.09,1,0,0,0,0,1,0,0,0,0,national
2025,AR,05005,Baxter,549300S5YL3OH0IVCS62,FINANCE OF AMERICA REVERSE LLC,1,1,0,0.09,0,1,0,0,0,0,1,0,0,0,national
2025,AR,05005,Baxter,549300T67186NPGCHI50,FIRST COMMUNITY,1,1,0,0.09,1,0,0,0,0,1,0,0,0,0,national
2025,AR,05005,Baxter,549300TJF420N3F01V87,,1,1,0,0.09,1,0,0,0,0,1,0,0,0,0,national
2025,AR,05005,Baxter,549300UF3FPC7U6RFC59,The Central Trust Bank,2,1,0,0.09,2,0,0,0,0,1,0,0,0,0,national
2025,AR,05005,Baxter,549300UG7QXKM7KGV847,,3,1,2,0.09,3,0,0,0,0,1,0,0,0,0,national
2025,AR,05005,Baxter,549300VZVN841I2ILS84,"CROSSCOUNTRY MORTGAGE, LLC",3,1,0,0.09,1,2,0,0,0,0,1,0,0,0,national
2025,AR,05005,Baxter,549300YD7XJM19TH5O82,CITIZENS EQUITY FIRST CREDIT UNION,1,1,0,0.09,1,0,0,0,0,1,0,0,0,0,national
2025,AR,05005,Baxter,549300YW2UBCMDRMBT48,,1,1,0,0.09,0,1,0,0,0,0,1,0,0,0,national
2025,AR,05005,Baxter,593C3GZG957YOJPS2Z63,,1,1,0,0.09,1,0,0,0,0,1,0,0,0,0,national
2025,AR,05005,Baxter,984500F03B9034CQB904,,1,1,0,0.09,1,0,0,0,0,1,0,0,0,0,national
2025,AR,05005,Baxter,B4TYDEB6GKMZO031MB27,"Bank of America, National Association",8,1,5,0.09,8,0,0,0,0,1,0,0,0,0,national
2025,AR,05005,Baxter,COOWI3L2W9TPYR3WJX37,First Horizon Bank,1,1,0,0.09,1,0,0,0,0,1,0,0,0,0,national
2025,AR,05005,Baxter,FU7RSW4CQQY98A2O7J66,"BOKF, National Association",1,1,0,0.09,1,0,0,0,0,1,0,0,0,0,national
2025,AR,05005,Baxter,KB1H1DSPRFMYMCUFXT09,"Wells Fargo Bank, National Association",3,1,0,0.09,3,0,0,0,0,1,0,0,0,0,national
2025,AR,05005,Baxter,SS1TRMSN6BRNMOREEV51,"Flagstar Bank, National Association",1,1,0,0.09,1,0,0,0,0,1,0,0,0,0,national
2025,AR,05005,Baxter,549300CB67L6KPJLHE19,"TRIAD FINANCIAL SERVICES, INC.",13,0,8,0.0,13,0,0,0,0,0,0,0,0,0,national
2025,AR,05005,Baxter,549300NFA0VY9215VV25,,5,0,0,0.0,2,0,2,1,0,0,0,0,0,0,national
2025,AR,05005,Baxter,549300NOCASXPA34X033,"LAKEVIEW LOAN SERVICING, LLC",6,0,4,0.0,4,2,0,0,0,0,0,0,0,0,national
2025,AR,05005,Baxter,549300Q3ROEQU3D1IW91,,5,0,5,0.0,5,0,0,0,0,0,0,0,0,0,national
2025,AR,05007,Benton,COINQMNIM6RBU631DD85,Arvest Bank,2801,1932,359,18.22,2588,146,61,6,0,1789,96,43,4,0,national
2025,AR,05007,Benton,549300FGXN1K3HLB1R50,"Rocket Mortgage, LLC",947,716,102,6.75,754,134,59,0,0,573,96,47,0,0,national
2025,AR,05007,Benton,549300LXKO1O7CSK5J52,"FLAT BRANCH MORTGAGE, INC.",485,390,0,3.68,343,111,25,6,0,273,92,20,5,0,national
2025,AR,05007,Benton,549300HW662MN1WU8550,"United Wholesale Mortgage, LLC",482,362,52,3.41,309,79,94,0,0,242,45,75,0,0,national
2025,AR,05007,Benton,549300BEFX6JRSCS5N78,Centennial Bank,477,289,42,2.72,378,71,26,2,0,225,45,18,1,0,national
2025,AR,05007,Benton,549300HIKKZQ0TVJWA08,ARKANSAS FEDERAL CREDIT UNION,389,193,81,1.82,384,0,5,0,0,189,0,4,0,0,national
2025,AR,05007,Benton,549300PKEQ3Q9S0IXW76,UNITED FEDERAL CREDIT UNION,282,165,58,1.56,253,22,3,4,0,149,12,3,1,0,national
2025,AR,05007,Benton,5493001SXWZ4OFP8Z903,"DHI MORTGAGE COMPANY, LTD.",305,157,34,1.48,183,98,13,11,0,88,58,5,6,0,national
2025,AR,05007,Benton,RVDPPPGHCGZ40J4VQ731,"PENNYMAC LOAN SERVICES, LLC",313,157,33,1.48,175,88,48,2,0,96,38,22,1,0,national
2025,AR,05007,Benton,549300QWJ3UDIX8KBP64,,192,152,13,1.43,190,2,0,0,0,152,0,0,0,0,national
2025,AR,05007,Benton,549300NB3SBC1KHAWB92,GERSHMAN INVESTMENT CORP.,197,148,7,1.4,142,39,14,2,0,106,31,10,1,0,national
2025,AR,05007,Benton,54930034MNPILHP25H80,Gateway First Bank,195,147,11,1.39,146,37,8,4,0,117,22,5,3,0,national
2025,AR,05007,Benton,54930016ZSB1QWXLRJ13,"MY MOVE MORTGAGE, LLC",188,143,0,1.35,140,31,11,6,0,111,20,9,3,0,national
2025,AR,05007,Benton,549300H3IZO24NSOO931,"LENNAR MORTGAGE, LLC",191,133,29,1.25,104,70,9,8,0,73,49,6,5,0,national
2025,AR,05007,Benton,54930067KY3OO1D8HC58,ASSOCIATED MORTGAGE CORPORATION,175,127,0,1.2,128,33,11,3,0,92,24,8,3,0,national
2025,AR,05007,Benton,25490046GL77VSFSYG24,Signature Bank of Arkansas,144,123,6,1.16,144,0,0,0,0,123,0,0,0,0,national
2025,AR,05007,Benton,549300BREPLU2KKPI102,The First National Bank of Fort Smith,165,123,7,1.16,149,13,3,0,0,114,9,0,0,0,national
2025,AR,05007,Benton,5493007ASPHNTEYEZ797,,156,112,8,1.06,57,73,7,19,0,36,54,7,15,0,national
2025,AR,05007,Benton,549300AR337B2RGP3C69,,128,112,2,1.06,125,2,1,0,0,112,0,0,0,0,national
2025,AR,05007,Benton,B4TYDEB6GKMZO031MB27,"Bank of America, National Association",235,108,64,1.02,235,0,0,0,0,108,0,0,0,0,national
2025,AR,05007,Benton,549300AQ3T62GXDU7D76,GUILD MORTGAGE COMPANY LLC,126,102,2,0.96,89,23,8,6,0,76,15,6,5,0,national
2025,AR,05007,Benton,5493003GQDUH26DNNH17,Navy Federal Credit Union,178,99,21,0.93,121,0,57,0,0,68,0,31,0,0,national
2025,AR,05007,Benton,549300DD5QQUHO6PCH70,"MORTGAGE RESEARCH CENTER, LLC",250,98,53,0.92,19,9,222,0,0,5,3,90,0,0,national
2025,AR,05007,Benton,549300KHXD7JSQUZIJ22,"HIGHLANDS RESIDENTIAL MORTGAGE, LTD.",120,98,0,0.92,91,19,7,3,0,73,17,5,3,0,national
2025,AR,05007,Benton,7H6GLXDRUGQFU57RNE97,"JPMorgan Chase Bank, National Association",150,98,10,0.92,146,1,3,0,0,94,1,3,0,0,national
2025,AR,05007,Benton,549300D3IKJ7KU3SH574,,115,95,0,0.9,58,39,9,9,0,50,33,6,6,0,national
2025,AR,05007,Benton,549300OPCWU6E72WUT29,"MUTUAL OF OMAHA MORTGAGE, INC.",132,95,13,0.9,75,42,14,1,0,58,23,14,0,0,national
2025,AR,05007,Benton,54930013SG5BXUL3G429,,97,94,0,0.89,97,0,0,0,0,94,0,0,0,0,national
2025,AR,05007,Benton,549300121SF0K2LN2804,"PRIMELENDING, A PLAINSCAPITAL COMPANY",133,91,1,0.86,123,6,4,0,0,82,6,3,0,0,national
2025,AR,05007,Benton,549300LYRWPSYPK6S325,FREEDOM MORTGAGE CORPORATION,209,91,9,0.86,28,88,93,0,0,9,27,55,0,0,national
2025,AR,05007,Benton,549300DPRWSBUY619V27,Simmons Bank,133,90,29,0.85,112,20,1,0,0,75,15,0,0,0,national
2025,AR,05007,Benton,549300LBCBNR1OT00651,NATIONSTAR MORTGAGE LLC,126,89,16,0.84,99,18,9,0,0,74,7,8,0,0,national
2025,AR,05007,Benton,254900561K135J92VD38,First Security Bank,111,86,10,0.81,109,2,0,0,0,84,2,0,0,0,national
2025,AR,05007,Benton,549300MGPZBLQDIL7538,FAIRWAY INDEPENDENT MORTGAGE CORPORATION,126,86,7,0.81,70,50,6,0,0,51,33,2,0,0,national
2025,AR,05007,Benton,EQTWLK1G7ODGC2MGLV11,Regions Bank,169,85,47,0.8,158,10,1,0,0,78,7,0,0,0,national
2025,AR,05007,Benton,COOWI3L2W9TPYR3WJX37,First Horizon Bank,110,79,14,0.74,95,8,6,1,0,68,6,4,1,0,national
2025,AR,05007,Benton,FU7RSW4CQQY98A2O7J66,"BOKF, National Association",129,77,21,0.73,118,11,0,0,0,72,5,0,0,0,national
2025,AR,05007,Benton,549300370QILXLFUWD20,"ZILLOW HOME LOANS, LLC",102,76,3,0.72,80,17,5,0,0,61,10,5,0,0,national
2025,AR,05007,Benton,549300VYK2WBD7SST478,Bank OZK,160,74,50,0.7,154,2,2,2,0,72,1,1,0,0,national
2025,AR,05007,Benton,5493008YOT5ACN2UNP66,,103,73,4,0.69,95,6,2,0,0,67,4,2,0,0,national
2025,AR,05007,Benton,549300AG64NHILB7ZP05,"LOANDEPOT.COM, LLC",132,72,39,0.68,91,28,13,0,0,54,9,9,0,0,national
2025,AR,05007,Benton,549300UF3FPC7U6RFC59,The Central Trust Bank,123,69,3,0.65,85,34,4,0,0,51,16,2,0,0,national
2025,AR,05007,Benton,5493003K28DNSKKT2059,,68,68,0,0.64,68,0,0,0,0,68,0,0,0,0,national
2025,AR,05007,Benton,549300FNXYY540N23N64,Newrez LLC,178,64,20,0.6,121,29,28,0,0,44,12,8,0,0,national
2025,AR,05007,Benton,549300J6N77Q8OHYNF23,,80,62,1,0.58,62,10,8,0,0,50,7,5,0,0,national
2025,AR,05007,Benton,549300S8CJG5MSY8BH57,,84,62,4,0.58,74,8,2,0,0,55,5,2,0,0,national
2025,AR,05007,Benton,6BYL5QZYBDK8S7L73M02,U.S. Bank National Association,128,61,24,0.58,127,0,1,0,0,60,0,1,0,0,national
2025,AR,05007,Benton,Q7C315HKI8VX0SSKBS64,Cadence Bank,80,61,10,0.58,77,2,1,0,0,58,2,1,0,0,national
2025,AR,05007,Benton,549300QFP6J5QSZVF805,Eagle Bank and Trust Company,77,57,3,0.54,62,8,6,1,0,48,5,4,0,0,national
2025,AR,05007,Benton,549300XY701IELCE5Q08,BETTER MORTGAGE CORPORATION,146,57,23,0.54,137,7,2,0,0,53,4,0,0,0,national
2025,AR,05007,Benton,5493000JFVFQFL816N45,ENCORE BANK,69,55,6,0.52,51,14,3,1,0,42,9,3,1,0,national
2025,AR,05007,Benton,5493000NYUJT9UC6G261,LEADERONE FINANCIAL CORPORATION,66,55,3,0.52,33,25,4,4,0,29,20,4,2,0,national
2025,AR,05007,Benton,5493001GDRY0EL7VG372,"ARK-LA-TEX FINANCIAL SERVICES, LLC.",63,51,1,0.48,45,15,3,0,0,36,13,2,0,0,national
2025,AR,05007,Benton,549300O2D8BPO6PJRB90,Armstrong Bank,59,47,1,0.44,59,0,0,0,0,47,0,0,0,0,national
2025,AR,05007,Benton,5493001GCBD5XGNIC815,Coastal Community Bank,167,44,3,0.41,167,0,0,0,0,44,0,0,0,0,national
2025,AR,05007,Benton,549300E2UX99HKDBR481,"NEW AMERICAN FUNDING, LLC",136,43,19,0.41,80,38,18,0,0,28,10,5,0,0,national
2025,AR,05007,Benton,254900UL88QFG0E40516,FIGURE LENDING LLC,83,40,22,0.38,83,0,0,0,0,40,0,0,0,0,national
2025,AR,05007,Benton,5493001XKL0FTNOJ0866,,56,40,1,0.38,33,21,1,1,0,26,13,1,0,0,national
2025,AR,05007,Benton,549300GTVXJ2PGXNLM73,T2 FINANCIAL LLC,51,40,3,0.38,33,17,1,0,0,24,16,0,0,0,national
2025,AR,05007,Benton,549300VZVN841I2ILS84,"CROSSCOUNTRY MORTGAGE, LLC",69,40,2,0.38,47,16,5,1,0,32,4,3,1,0,national
2025,AR,05007,Benton,549300TJF420N3F01V87,,49,39,7,0.37,49,0,0,0,0,39,0,0,0,0,national
2025,AR,05007,Benton,549300PIL8LFAQ04XC20,Better Mortgage Corporation,102,36,43,0.34,102,0,0,0,0,36,0,0,0,0,national
2025,AR,05007,Benton,JJKC32MCHWDI71265Z06,Truist Bank,47,36,6,0.34,47,0,0,0,0,36,0,0,0,0,national
2025,AR,05007,Benton,213800XR2TCBQJSF1X93,,54,35,6,0.33,49,4,1,0,0,30,4,1,0,0,national
2025,AR,05007,Benton,5493002QRULT2T40BH09,COMMUNITYAMERICA FEDERAL CREDIT UNION,91,35,25,0.33,91,0,0,0,0,35,0,0,0,0,national
2025,AR,05007,Benton,549300IJ8KTGYPKLXK63,,36,32,0,0.3,30,4,1,1,0,27,4,1,0,0,national
2025,AR,05007,Benton,549300YIQ7S7Z8PIHE53,AMERISAVE MORTGAGE CORPORATION,109,32,62,0.3,82,20,7,0,0,23,8,1,0,0,national
2025,AR,05007,Benton,54930039OWZFM2IGRN69,,44,31,8,0.29,42,1,1,0,0,29,1,1,0,0,national
2025,AR,05007,Benton,5493003V40VGM7YDFM54,FIRST COLONY MORTGAGE CORPORATION,36,29,2,0.27,29,2,5,0,0,23,1,5,0,0,national
2025,AR,05007,Benton,54930054ET8KM4O1D485,"SOFI BANK, NATIONAL ASSOCIATION",93,29,7,0.27,87,2,4,0,0,27,1,1,0,0,national
2025,AR,05007,Benton,549300ZZME37MXI1EF14,"DAS ACQUISITION COMPANY, LLC",45,29,1,0.27,26,15,3,1,0,19,7,2,1,0,national
2025,AR,05007,Benton,5493006VAGP3GQ8FJT49,"Kiavi Funding, Inc.",74,27,6,0.25,74,0,0,0,0,27,0,0,0,0,national
2025,AR,05007,Benton,PINLJ7T7GLTF48NFP863,,33,27,0,0.25,33,0,0,0,0,27,0,0,0,0,national
2025,AR,05007,Benton,25490066WMF8ZMQXQB18,"Lendage, LLC",34,26,2,0.25,34,0,0,0,0,26,0,0,0,0,national
2025,AR,05007,Benton,549300GKFNPRWNS0GF29,"AmeriHome Mortgage Company, LLC",45,26,3,0.25,36,3,6,0,0,22,1,3,0,0,national
2025,AR,05007,Benton,2549007JQKHU8KQ0FC19,"FIRSTTRUST HOME LOANS, INC.",30,25,0,0.24,26,3,1,0,0,23,1,1,0,0,national
2025,AR,05007,Benton,549300MZ8VZJOVC63092,"KIND LENDING, LLC",36,24,10,0.23,31,2,2,1,0,20,2,1,1,0,national
2025,AR,05007,Benton,DRMSV1Q0EKMEXLAU1P80,"Citizens Bank, National Association",39,24,10,0.23,38,0,1,0,0,23,0,1,0,0,national
2025,AR,05007,Benton,X05BVSK68TQ7YTOSNR22,Discover Bank,99,24,47,0.23,99,0,0,0,0,24,0,0,0,0,national
2025,AR,05007,Benton,AD6GFRVSDT01YPT1CS68,"PNC Bank, National Association",55,23,16,0.22,55,0,0,0,0,23,0,0,0,0,national
2025,AR,05007,Benton,254900CNZPI5WN45KW48,First Financial Bank,28,22,1,0.21,24,1,3,0,0,18,1,3,0,0,national
2025,AR,05007,Benton,549300NOCASXPA34X033,"LAKEVIEW LOAN SERVICING, LLC",64,22,29,0.21,32,24,8,0,0,13,5,4,0,0,national
2025,AR,05007,Benton,549300VQUTI5IU7GXT57,SECURITYNATIONAL MORTGAGE COMPANY,35,22,1,0.21,17,18,0,0,0,11,11,0,0,0,national
2025,AR,05007,Benton,C5654JQHZUHN0772B561,USAA Federal Savings Bank,60,21,15,0.2,33,0,27,0,0,9,0,12,0,0,national
2025,AR,05007,Benton,254900ZFWS2106HWPH46,"PARAMOUNT RESIDENTIAL MORTGAGE GROUP, INC.",29,20,0,0.19,20,4,4,1,0,14,3,3,0,0,national
2025,AR,05007,Benton,549300IEIM2IT5YK4368,First Community Bank,31,20,1,0.19,27,4,0,0,0,17,3,0,0,0,national
2025,AR,05007,Benton,549300U3721PJGQZYY68,"GUARANTEED RATE, INC.",86,20,7,0.19,68,12,6,0,0,15,4,1,0,0,national
2025,AR,05007,Benton,549300IXP5DNWSGY6F96,,27,19,6,0.18,26,0,1,0,0,18,0,1,0,0,national
2025,AR,05007,Benton,549300KJ8PAJ7E52HG32,Plains Commerce Bank,29,19,0,0.18,24,2,3,0,0,15,1,3,0,0,national
2025,AR,05007,Benton,KB1H1DSPRFMYMCUFXT09,"Wells Fargo Bank, National Association",35,19,4,0.18,35,0,0,0,0,19,0,0,0,0,national
2025,AR,05007,Benton,254900RFZH9I62FGU045,"AMERICAN MORTGAGE BANK, INC.",37,18,3,0.17,18,19,0,0,0,10,8,0,0,0,national
2025,AR,05007,Benton,549300LAQ3M8E5I08F43,,19,17,0,0.16,19,0,0,0,0,17,0,0,0,0,national
2025,AR,05007,Benton,549300LROQOOQU77WS20,,39,17,1,0.16,39,0,0,0,0,17,0,0,0,0,national
2025,AR,05007,Benton,549300R9S3MVDV4MGF56,"CARRINGTON MORTGAGE SERVICES, LLC",48,17,18,0.16,26,15,7,0,0,9,5,3,0,0,national
2025,AR,05007,Benton,549300RN01LBYR8ZVX74,"LOWER, LLC",29,17,1,0.16,19,6,4,0,0,13,2,2,0,0,national
2025,AR,05007,Benton,Q708HHR4LD2B7XIZNO92,First Federal Bank,35,17,4,0.16,24,2,8,1,0,11,0,5,1,0,national
2025,AR,05007,Benton,254900DTLHVWQ7NP7R34,"CMG Mortgage, Inc.",23,16,4,0.15,22,0,1,0,0,15,0,1,0,0,national
2025,AR,05007,Benton,54930009DUZUXUZIDL84,,22,16,3,0.15,22,0,0,0,0,16,0,0,0,0,national
2025,AR,05007,Benton,5493001WHVQBGRSWEU75,"HOMEBRIDGE FINANCIAL SERVICES, INC.",20,16,2,0.15,16,2,2,0,0,13,2,1,0,0,national
2025,AR,05007,Benton,5493002B2WMHY23GFK92,"AMERICAN FINANCIAL RESOURCES, INC.",20,16,0,0.15,12,5,1,2,0,11,3,1,1,0,national
2025,AR,05007,Benton,549300C6XY8GTVR2TV60,,23,16,4,0.15,23,0,0,0,0,16,0,0,0,0,national
2025,AR,05007,Benton,549300SUCQ1358EGVE89,"NEW DAY FINANCIAL, LLC",53,16,12,0.15,0,1,52,0,0,0,0,16,0,0,national
2025,AR,05007,Benton,5493000YNV8IX4VD3X12,"VANDERBILT MORTGAGE AND FINANCE, INC.",142,15,42,0.14,142,0,0,0,0,15,0,0,0,0,national
2025,AR,05007,Benton,549300CY7WNAHKHYSJ73,,17,15,1,0.14,12,4,1,0,0,10,4,1,0,0,national
2025,AR,05007,Benton,254900VELJPWWT51WN03,,16,14,0,0.13,16,0,0,0,0,14,0,0,0,0,national
2025,AR,05007,Benton,54930021WPEXNHYZUL09,"PLANET HOME LENDING, LLC",22,14,6,0.13,8,7,7,0,0,4,5,5,0,0,national
2025,AR,05007,Benton,549300UB5TJ0YPVPT503,,18,14,0,0.13,13,0,5,0,0,9,0,5,0,0,national
2025,AR,05007,Benton,549300VCMRO4ST680C11,VILLAGE CAPITAL & INVESTMENT LLC,41,14,7,0.13,0,10,31,0,0,0,5,9,0,0,national
2025,AR,05007,Benton,254900HEJ9F73IMPX887,,42,13,1,0.12,42,0,0,0,0,13,0,0,0,0,national
2025,AR,05007,Benton,5493005PKOSG7MYX0B34,"Prosperity Home Mortgage, LLC",20,13,2,0.12,5,8,7,0,0,3,6,4,0,0,national
2025,AR,05007,Benton,549300SK2GVCQXPD4S58,"SUN WEST MORTGAGE COMPANY, INC.",14,12,0,0.11,9,1,4,0,0,7,1,4,0,0,national
2025,AR,05007,Benton,5493002Y5XYV7DV1ZV88,"GOLD STAR MORTGAGE FINANCIAL GROUP, CORPORATION",17,11,0,0.1,8,4,4,1,0,5,2,3,1,0,national
2025,AR,05007,Benton,5493003EW6T31TGECO83,,13,11,0,0.1,12,0,0,1,0,11,0,0,0,0,national
2025,AR,05007,Benton,549300EKFFG3BU8DNX74,NEXERA HOLDING LLC,22,11,1,0.1,21,1,0,0,0,11,0,0,0,0,national
2025,AR,05007,Benton,549300INFJ8TYNZ1G568,,11,11,0,0.1,11,0,0,0,0,11,0,0,0,0,national
2025,AR,05007,Benton,549300JPGMCMBEJEK584,FIRST TECHNOLOGY,37,11,4,0.1,37,0,0,0,0,11,0,0,0,0,national
2025,AR,05007,Benton,549300NWBS6MQJX15N44,,12,11,0,0.1,12,0,0,0,0,11,0,0,0,0,national
2025,AR,05007,Benton,549300YN94MOAVYW0F52,"GoodLeap, LLC",22,11,6,0.1,13,5,4,0,0,8,1,2,0,0,national
2025,AR,05007,Benton,549300YW2UBCMDRMBT48,,11,11,0,0.1,9,1,1,0,0,9,1,1,0,0,national
2025,AR,05007,Benton,549300FX7K8PTEQUU487,PENTAGON FEDERAL CREDIT UNION,28,10,14,0.09,24,0,4,0,0,7,0,3,0,0,national
2025,AR,05007,Benton,549300R0SXC1JU7ZU290,"FIRST COMMUNITY MORTGAGE, INC.",13,10,1,0.09,7,3,2,1,0,6,2,1,1,0,national
2025,AR,05007,Benton,1TMVIO1SD0RLIPEIW803,Great Southern Bank,17,9,6,0.08,16,0,1,0,0,9,0,0,0,0,national
2025,AR,05007,Benton,549300ISCZS1R0CJMO47,,10,9,0,0.08,10,0,0,0,0,9,0,0,0,0,national
2025,AR,05007,Benton,549300J7I82PNDVU8H22,"OCMBC, INC.",19,9,1,0.08,17,2,0,0,0,8,1,0,0,0,national
2025,AR,05007,Benton,254900HA4DQWAE0W3342,"AMERIHOME MORTGAGE COMPANY, LLC",18,8,1,0.08,7,10,1,0,0,4,3,1,0,0,national
2025,AR,05007,Benton,254900RM3T6WAVE6SA24,,11,8,0,0.08,10,1,0,0,0,7,1,0,0,0,national
2025,AR,05007,Benton,5493000IIYWBLONJVJ30,,11,8,0,0.08,11,0,0,0,0,8,0,0,0,0,national
2025,AR,05007,Benton,549300249G20MDIDRR27,,24,8,5,0.08,17,6,1,0,0,4,4,0,0,0,national
2025,AR,05007,Benton,549300DMYENRV818D594,,8,8,0,0.08,7,0,1,0,0,7,0,1,0,0,national
2025,AR,05007,Benton,549300KQHWNSVCE2MY88,,8,8,0,0.08,6,1,1,0,0,6,1,1,0,0,national
2025,AR,05007,Benton,549300RD5IG88VPO6P22,,9,8,0,0.08,9,0,0,0,0,8,0,0,0,0,national
2025,AR,05007,Benton,549300RPOGWJRH63HS39,UNION HOME MORTGAGE CORP.,9,8,0,0.08,6,1,2,0,0,6,1,1,0,0,national
2025,AR,05007,Benton,549300S8SHBRCI7UU819,,12,8,1,0.08,12,0,0,0,0,8,0,0,0,0,national
2025,AR,05007,Benton,549300T94GSH3C4U5M59,ALLIANT CREDIT UNION,13,8,2,0.08,10,2,1,0,0,7,1,0,0,0,national
2025,AR,05007,Benton,549300ZPSJZO10ZAX556,"AMERICAN HERITAGE LENDING, LLC",10,8,0,0.08,10,0,0,0,0,8,0,0,0,0,national
2025,AR,05007,Benton,PAOOWF3GUFM46FBSP561,,29,8,2,0.08,11,9,9,0,0,0,2,6,0,0,national
2025,AR,05007,Benton,5493004EVKOLRF3JI477,,10,7,2,0.07,10,0,0,0,0,7,0,0,0,0,national
2025,AR,05007,Benton,549300S5YL3OH0IVCS62,FINANCE OF AMERICA REVERSE LLC,10,7,1,0.07,0,10,0,0,0,0,7,0,0,0,national
2025,AR,05007,Benton,549300T7HRS5DVBUPQ06,,8,7,0,0.07,6,2,0,0,0,6,1,0,0,0,national
2025,AR,05007,Benton,549300VORTI31GZTJL53,"CARDINAL FINANCIAL COMPANY, LIMITED PARTNERSHIP",10,7,1,0.07,9,1,0,0,0,7,0,0,0,0,national
2025,AR,05007,Benton,549300XWUSRVVOHPRY47,Academy Mortgage Corporation,13,7,0,0.07,5,4,4,0,0,2,4,1,0,0,national
2025,AR,05007,Benton,7DMUJTL9FFTVIAG9H788,Commerce Bank,7,7,0,0.07,7,0,0,0,0,7,0,0,0,0,national
2025,AR,05007,Benton,C398JSK21YCXWM603F55,"Barrington Bank & Trust Company, National Association",11,7,0,0.07,8,0,3,0,0,5,0,2,0,0,national
2025,AR,05007,Benton,254900WEP08K7U7S3A80,,6,6,0,0.06,2,4,0,0,0,2,4,0,0,0,national
2025,AR,05007,Benton,5493001X0T84TYRJ5Y59,,6,6,0,0.06,6,0,0,0,0,6,0,0,0,0,national
2025,AR,05007,Benton,54930049L5WINET09Q97,"CLICK N' CLOSE, INC.",11,6,2,0.06,5,5,1,0,0,3,2,1,0,0,national
2025,AR,05007,Benton,549300AT7EB9FJAF0E61,Old National Bank,11,6,0,0.06,10,0,1,0,0,5,0,1,0,0,national
2025,AR,05007,Benton,549300G5DVGM0ZHRQC33,,8,6,1,0.06,1,0,7,0,0,1,0,5,0,0,national
2025,AR,05007,Benton,549300GS0W0TEUQS8571,"Morgan Stanley Private Bank, National Association",9,6,0,0.06,9,0,0,0,0,6,0,0,0,0,national
2025,AR,05007,Benton,549300KSOOZZVXCMA627,ANGEL OAK MORTGAGE SOLUTIONS LLC,11,6,2,0.06,11,0,0,0,0,6,0,0,0,0,national
2025,AR,05007,Benton,549300LLESTPOVRG3X73,,17,6,0,0.06,17,0,0,0,0,6,0,0,0,0,national
2025,AR,05007,Benton,549300LZUXCJFE5ONM48,,6,6,0,0.06,0,6,0,0,0,0,6,0,0,0,national
2025,AR,05007,Benton,549300PBTV7FCWLSMM53,,9,6,0,0.06,1,1,7,0,0,1,1,4,0,0,national
2025,AR,05007,Benton,549300VWURV8LBNGQ353,Firstar Bank,7,6,0,0.06,7,0,0,0,0,6,0,0,0,0,national
2025,AR,05007,Benton,549300XQVJ1XBNFA5536,21ST MORTGAGE CORPORATION,52,6,27,0.06,52,0,0,0,0,6,0,0,0,0,national
2025,AR,05007,Benton,549300Y5Y88FQLI7VE83,DEEPHAVEN MORTGAGE LLC,9,6,3,0.06,9,0,0,0,0,6,0,0,0,0,national
2025,AR,05007,Benton,984500U2F9A83N391A91,"CHAMPIONS FUNDING, LLC",8,6,1,0.06,8,0,0,0,0,6,0,0,0,0,national
2025,AR,05007,Benton,ZXMJHJK466PBZTM5F379,,6,6,0,0.06,6,0,0,0,0,6,0,0,0,0,national
2025,AR,05007,Benton,54930030Z1JWTP3SVD16,,8,5,0,0.05,2,5,1,0,0,2,3,0,0,0,national
2025,AR,05007,Benton,5493008ETVHBTJEF0O91,,5,5,0,0.05,5,0,0,0,0,5,0,0,0,0,national
2025,AR,05007,Benton,549300BLL6VL7AXWYP56,CHURCHILL MORTGAGE CORPORATION,13,5,0,0.05,12,1,0,0,0,5,0,0,0,0,national
2025,AR,05007,Benton,549300BOXNV8VLRBDT24,,10,5,1,0.05,10,0,0,0,0,5,0,0,0,0,national
2025,AR,05007,Benton,549300BX448ALT10FI43,The Federal Savings Bank,18,5,1,0.05,3,3,12,0,0,1,0,4,0,0,national
2025,AR,05007,Benton,549300CUUEEQ66ZVK149,,13,5,0,0.05,7,4,2,0,0,3,1,1,0,0,national
2025,AR,05007,Benton,549300GWD9H4FQ2VR805,,7,5,0,0.05,7,0,0,0,0,5,0,0,0,0,national
2025,AR,05007,Benton,549300IRXW9RSZM2B951,,10,5,0,0.05,9,0,1,0,0,5,0,0,0,0,national
2025,AR,05007,Benton,549300JYXTZDSPJEPI44,"PLAZA HOME MORTGAGE, INC.",9,5,2,0.05,6,1,2,0,0,3,1,1,0,0,national
2025,AR,05007,Benton,549300KIOYNU323LVJ37,AMERICAN PACIFIC MORTGAGE CORPORATION,7,5,0,0.05,4,2,1,0,0,3,2,0,0,0,national
2025,AR,05007,Benton,549300NFA0VY9215VV25,,24,5,2,0.05,13,9,1,1,0,3,2,0,0,0,national
2025,AR,05007,Benton,549300O6Z0I6KYMESL47,AMWEST FUNDING CORP.,7,5,0,0.05,7,0,0,0,0,5,0,0,0,0,national
2025,AR,05007,Benton,549300R77W0P105C3S50,HOMEXPRESS MORTGAGE CORP.,8,5,3,0.05,8,0,0,0,0,5,0,0,0,0,national
2025,AR,05007,Benton,254900H07R1I9HDMFT89,,6,4,1,0.04,6,0,0,0,0,4,0,0,0,0,national
2025,AR,05007,Benton,254900TTZ395IC926125,,6,4,2,0.04,6,0,0,0,0,4,0,0,0,0,national
2025,AR,05007,Benton,5493004RLLKTQS8K7U51,,5,4,1,0.04,5,0,0,0,0,4,0,0,0,0,national
2025,AR,05007,Benton,5493004T9SQFCNRQ2L76,,4,4,0,0.04,3,0,1,0,0,3,0,1,0,0,national
2025,AR,05007,Benton,54930052M48FOD3CWA54,"PRIMARY RESIDENTIAL MORTGAGE, INC.",10,4,2,0.04,6,4,0,0,0,2,2,0,0,0,national
2025,AR,05007,Benton,5493007UW5GSKHED2095,,6,4,1,0.04,6,0,0,0,0,4,0,0,0,0,national
2025,AR,05007,Benton,549300A5HHOL2ED18C72,,5,4,0,0.04,2,0,3,0,0,2,0,2,0,0,national
2025,AR,05007,Benton,549300BBKMRS6J0CB539,,8,4,0,0.04,6,2,0,0,0,3,1,0,0,0,national
2025,AR,05007,Benton,549300DG3IV05V4C4E03,EUSTIS MORTGAGE CORPORATION,4,4,0,0.04,2,2,0,0,0,2,2,0,0,0,national
2025,AR,05007,Benton,549300DNP4W96HB6LV07,,5,4,1,0.04,5,0,0,0,0,4,0,0,0,0,national
2025,AR,05007,Benton,549300GKNMX0ZXKVPE54,,4,4,0,0.04,4,0,0,0,0,4,0,0,0,0,national
2025,AR,05007,Benton,549300JE6M4A1G4LPS75,,5,4,1,0.04,5,0,0,0,0,4,0,0,0,0,national
2025,AR,05007,Benton,549300MHH03ICJYEPE85,,6,4,1,0.04,0,6,0,0,0,0,4,0,0,0,national
2025,AR,05007,Benton,549300OBJRCHJ0G6XU24,,4,4,0,0.04,4,0,0,0,0,4,0,0,0,0,national
2025,AR,05007,Benton,549300REENMLD2RN3W58,"Magnolia Bank, Incorporated",4,4,0,0.04,0,1,3,0,0,0,1,3,0,0,national
2025,AR,05007,Benton,549300RFLICNI75BG067,Luminate Bank,5,4,0,0.04,4,1,0,0,0,3,1,0,0,0,national
2025,AR,05007,Benton,549300TAWK59H74PXZ55,,4,4,0,0.04,4,0,0,0,0,4,0,0,0,0,national
2025,AR,05007,Benton,549300UG7QXKM7KGV847,,9,4,0,0.04,9,0,0,0,0,4,0,0,0,0,national
2025,AR,05007,Benton,549300UXY7OP0IC38293,Northpointe Bank,5,4,0,0.04,5,0,0,0,0,4,0,0,0,0,national
2025,AR,05007,Benton,549300WYBPIWKK6SQC06,Bell Bank,4,4,0,0.04,4,0,0,0,0,4,0,0,0,0,national
2025,AR,05007,Benton,CKVBED0S4DMLKJJ5XH28,Stifel Bank and Trust,4,4,0,0.04,4,0,0,0,0,4,0,0,0,0,national
2025,AR,05007,Benton,SS1TRMSN6BRNMOREEV51,"Flagstar Bank, National Association",10,4,4,0.04,7,3,0,0,0,2,2,0,0,0,national
2025,AR,05007,Benton,WWB2V0FCW3A0EE3ZJN75,Manufacturers and Traders Trust Company,4,4,0,0.04,1,2,0,1,0,1,2,0,1,0,national
2025,AR,05007,Benton,254900378RFGMBEKAF12,Empeople Credit Union,7,3,3,0.03,7,0,0,0,0,3,0,0,0,0,national
2025,AR,05007,Benton,254900XPILOY1LB5CK32,,3,3,0,0.03,1,2,0,0,0,1,2,0,0,0,national
2025,AR,05007,Benton,54930001NSTOD85LT125,"GUARANTEED RATE AFFINITY, LLC",3,3,0,0.03,2,1,0,0,0,2,1,0,0,0,national
2025,AR,05007,Benton,5493003K6JB8F2ZMRI65,,3,3,0,0.03,3,0,0,0,0,3,0,0,0,0,national
2025,AR,05007,Benton,5493004AS1SPBQOFDR49,"Change Lending, LLC",6,3,2,0.03,6,0,0,0,0,3,0,0,0,0,national
2025,AR,05007,Benton,5493004T38NMC864VL66,,3,3,0,0.03,3,0,0,0,0,3,0,0,0,0,national
2025,AR,05007,Benton,5493005PD34O8ZT7QT17,,4,3,0,0.03,4,0,0,0,0,3,0,0,0,0,national
2025,AR,05007,Benton,54930072OCHTUJOZQB56,Liberty Credit Union,3,3,0,0.03,3,0,0,0,0,3,0,0,0,0,national
2025,AR,05007,Benton,5493008NWHQT1R22C024,"AMERICAN FINANCIAL NETWORK, INC.",4,3,0,0.03,0,4,0,0,0,0,3,0,0,0,national
2025,AR,05007,Benton,549300ALNLUNS3Y53T24,AMERICAN FINANCING CORPORATION,26,3,13,0.03,7,16,3,0,0,1,2,0,0,0,national
2025,AR,05007,Benton,549300COZ9YQTC4J1378,,4,3,0,0.03,4,0,0,0,0,3,0,0,0,0,national
2025,AR,05007,Benton,549300DD4R4SYK5RAQ92,"MOVEMENT MORTGAGE, LLC",9,3,2,0.03,8,1,0,0,0,3,0,0,0,0,national
2025,AR,05007,Benton,549300DF7LT6VI5BQC34,,3,3,0,0.03,3,0,0,0,0,3,0,0,0,0,national
2025,AR,05007,Benton,549300GY4NTTEM7WWB64,,5,3,0,0.03,3,2,0,0,0,2,1,0,0,0,national
2025,AR,05007,Benton,549300JOYC0RUSF9DL04,,4,3,0,0.03,4,0,0,0,0,3,0,0,0,0,national
2025,AR,05007,Benton,549300LP3GMTWS4OB353,,3,3,0,0.03,2,1,0,0,0,2,1,0,0,0,national
2025,AR,05007,Benton,549300O5WDIJU8S7OI05,"Stride Bank, National Association",5,3,0,0.03,4,0,1,0,0,3,0,0,0,0,national
2025,AR,05007,Benton,549300PEWJWBNEOSS013,,6,3,1,0.03,5,1,0,0,0,3,0,0,0,0,national
2025,AR,05007,Benton,549300RA3E0BUFO7YZ21,"Hometown Equity Mortgage, LLC",4,3,1,0.03,4,0,0,0,0,3,0,0,0,0,national
2025,AR,05007,Benton,549300RM1IZYGQDSNL85,,10,3,1,0.03,3,6,1,0,0,2,0,1,0,0,national
2025,AR,05007,Benton,549300TA4MQM8WN2XG31,,3,3,0,0.03,3,0,0,0,0,3,0,0,0,0,national
2025,AR,05007,Benton,549300Y4CEEGC4KCFI45,,3,3,0,0.03,3,0,0,0,0,3,0,0,0,0,national
2025,AR,05007,Benton,894500UIQNJRMSPN5G70,,3,3,0,0.03,3,0,0,0,0,3,0,0,0,0,national
2025,AR,05007,Benton,E57ODZWZ7FF32TWEFA76,"Citibank, National Association",14,3,4,0.03,14,0,0,0,0,3,0,0,0,0,national
2025,AR,05007,Benton,WKN6AF1FCL7BBYGTGI83,,4,3,0,0.03,4,0,0,0,0,3,0,0,0,0,national
2025,AR,05007,Benton,2549001SI0EMFPT39035,"Cornerstone First Mortgage, Inc",5,2,0,0.02,2,0,3,0,0,1,0,1,0,0,national
2025,AR,05007,Benton,2549005SIVTHG14U2905,A&D Mortgage LLC,3,2,0,0.02,3,0,0,0,0,2,0,0,0,0,national
2025,AR,05007,Benton,2549007AU24FVDMNUB40,,5,2,2,0.02,5,0,0,0,0,2,0,0,0,0,national
2025,AR,05007,Benton,2549007RR4DXYXPJCZ82,,2,2,0,0.02,2,0,0,0,0,2,0,0,0,0,national
2025,AR,05007,Benton,2549008TT6UNYR7AXF54,,4,2,0,0.02,2,2,0,0,0,2,0,0,0,0,national
2025,AR,05007,Benton,2549009X2AG1P20YAJ63,,4,2,0,0.02,4,0,0,0,0,2,0,0,0,0,national
2025,AR,05007,Benton,254900CTT87ZKAUTIJ37,,4,2,1,0.02,4,0,0,0,0,2,0,0,0,0,national
2025,AR,05007,Benton,254900QRD0ZXHH08TX87,,2,2,0,0.02,2,0,0,0,0,2,0,0,0,0,national
2025,AR,05007,Benton,254900WT4HAMDFWH3048,,4,2,0,0.02,1,3,0,0,0,1,1,0,0,0,national
2025,AR,05007,Benton,5493001JT9MT3Z3Y3M39,,2,2,0,0.02,2,0,0,0,0,2,0,0,0,0,national
2025,AR,05007,Benton,549300323EON4W3CCM44,"RESICENTRAL, LLC",4,2,0,0.02,4,0,0,0,0,2,0,0,0,0,national
2025,AR,05007,Benton,5493005L8AW1CTD9HZ03,,3,2,0,0.02,3,0,0,0,0,2,0,0,0,0,national
2025,AR,05007,Benton,54930063578UDYE3JR69,,4,2,0,0.02,3,1,0,0,0,2,0,0,0,0,national
2025,AR,05007,Benton,54930077O97ZNP1ECH16,,5,2,0,0.02,5,0,0,0,0,2,0,0,0,0,national
2025,AR,05007,Benton,5493007OXXFLNNHTW637,,2,2,0,0.02,2,0,0,0,0,2,0,0,0,0,national
2025,AR,05007,Benton,54930091JQKCU3Z6IP44,,14,2,1,0.02,14,0,0,0,0,2,0,0,0,0,national
2025,AR,05007,Benton,549300CB67L6KPJLHE19,"TRIAD FINANCIAL SERVICES, INC.",17,2,8,0.02,17,0,0,0,0,2,0,0,0,0,national
2025,AR,05007,Benton,549300DFQP4S0ZYOBT18,,2,2,0,0.02,2,0,0,0,0,2,0,0,0,0,national
2025,AR,05007,Benton,549300DHRESF8KLNP162,,2,2,0,0.02,2,0,0,0,0,2,0,0,0,0,national
2025,AR,05007,Benton,549300DMHEHNYZ2OLB41,First United Bank and Trust Company,3,2,0,0.02,3,0,0,0,0,2,0,0,0,0,national
2025,AR,05007,Benton,549300DRA4BDXW23LD45,,3,2,0,0.02,3,0,0,0,0,2,0,0,0,0,national
2025,AR,05007,Benton,549300DT7WZ1SOTNFJ62,,2,2,0,0.02,2,0,0,0,0,2,0,0,0,0,national
2025,AR,05007,Benton,549300EF3CM0UIOIS476,,3,2,0,0.02,3,0,0,0,0,2,0,0,0,0,national
2025,AR,05007,Benton,549300EKCKDF80ZM4V51,,2,2,0,0.02,2,0,0,0,0,2,0,0,0,0,national
2025,AR,05007,Benton,549300FAG4VH7YJ66576,,3,2,0,0.02,3,0,0,0,0,2,0,0,0,0,national
2025,AR,05007,Benton,549300FK3AFCFVAPH234,"Leader Bank, National Association",2,2,0,0.02,2,0,0,0,0,2,0,0,0,0,national
2025,AR,05007,Benton,549300HCNXMTNGIMAR91,,3,2,0,0.02,3,0,0,0,0,2,0,0,0,0,national
2025,AR,05007,Benton,549300HRLROF7PLJ6735,CLEAREDGE LENDING LLC,3,2,1,0.02,3,0,0,0,0,2,0,0,0,0,national
2025,AR,05007,Benton,549300HUGQ1D4T4GJH13,,2,2,0,0.02,2,0,0,0,0,2,0,0,0,0,national
2025,AR,05007,Benton,549300IBT3SCF2K09D58,,2,2,0,0.02,2,0,0,0,0,2,0,0,0,0,national
2025,AR,05007,Benton,549300IFOE4SCP384147,University Bank,2,2,0,0.02,2,0,0,0,0,2,0,0,0,0,national
2025,AR,05007,Benton,549300IJO7NO6VDZPD35,"THE MORTGAGE LINK, INC.",2,2,0,0.02,2,0,0,0,0,2,0,0,0,0,national
2025,AR,05007,Benton,549300K4ZLGS7SRDTL86,Equity Prime Mortgage LLC,18,2,0,0.02,0,8,10,0,0,0,1,1,0,0,national
2025,AR,05007,Benton,549300KTR1JGH3K6LU06,FOURLEAF,8,2,5,0.02,8,0,0,0,0,2,0,0,0,0,national
2025,AR,05007,Benton,549300LG8MECYD8F2A55,,2,2,0,0.02,2,0,0,0,0,2,0,0,0,0,national
2025,AR,05007,Benton,549300MCIFZSDHUT8X63,"NFM, INC.",3,2,0,0.02,3,0,0,0,0,2,0,0,0,0,national
2025,AR,05007,Benton,549300PC4MFWQBNVKG88,"V.I.P. MORTGAGE, INC.",3,2,0,0.02,3,0,0,0,0,2,0,0,0,0,national
2025,AR,05007,Benton,549300PL267CW8182203,,8,2,2,0.02,1,3,4,0,0,1,0,1,0,0,national
2025,AR,05007,Benton,549300PQLK8E48ILXV41,,6,2,1,0.02,5,1,0,0,0,2,0,0,0,0,national
2025,AR,05007,Benton,549300PZ44DNQDPOV865,Pinnacle Bank,2,2,0,0.02,2,0,0,0,0,2,0,0,0,0,national
2025,AR,05007,Benton,549300Q02LGIN9AXKP98,FIRST TECHNOLOGY FEDERAL CREDIT UNION,2,2,0,0.02,2,0,0,0,0,2,0,0,0,0,national
2025,AR,05007,Benton,549300Q3ROEQU3D1IW91,,5,2,2,0.02,5,0,0,0,0,2,0,0,0,0,national
2025,AR,05007,Benton,549300VNBQD8FDHF7563,"MORTGAGE INVESTORS GROUP, INC.",2,2,0,0.02,2,0,0,0,0,2,0,0,0,0,national
2025,AR,05007,Benton,549300XCVBRR56D08F03,,5,2,0,0.02,5,0,0,0,0,2,0,0,0,0,national
2025,AR,05007,Benton,549300YKBMBBIIMQJS94,Southern Bank,2,2,0,0.02,2,0,0,0,0,2,0,0,0,0,national
2025,AR,05007,Benton,549300ZWNETGFXTBBY03,"CANOPY MORTGAGE, LLC",6,2,0,0.02,5,0,1,0,0,2,0,0,0,0,national
2025,AR,05007,Benton,635400IW1QMK3FNFF894,MERIDIAN BANK,2,2,0,0.02,2,0,0,0,0,2,0,0,0,0,national
2025,AR,05007,Benton,875500CPQ9Z7QEFE5G90,,2,2,0,0.02,1,0,1,0,0,1,0,1,0,0,national
2025,AR,05007,Benton,VNOO6EITDJ2YUEBMSZ83,"UMB Bank, National Association",3,2,0,0.02,3,0,0,0,0,2,0,0,0,0,national
2025,AR,05007,Benton,01J4SO3XTWZF4PP38209,Trustmark Bank,2,1,1,0.01,2,0,0,0,0,1,0,0,0,0,national
2025,AR,05007,Benton,1IE8VN30JCEQV1H4R804,,1,1,0,0.01,1,0,0,0,0,1,0,0,0,0,national
2025,AR,05007,Benton,2549002VH9C0PKB8K153,,3,1,1,0.01,3,0,0,0,0,1,0,0,0,0,national
2025,AR,05007,Benton,2549004Z576VEJBK3N72,"NQM FUNDING, LLC",1,1,0,0.01,1,0,0,0,0,1,0,0,0,0,national
2025,AR,05007,Benton,2549005Q4HZ55QX7YC64,,1,1,0,0.01,1,0,0,0,0,1,0,0,0,0,national
2025,AR,05007,Benton,2549007W5PWUV8XG3V90,RCB BANK,1,1,0,0.01,1,0,0,0,0,1,0,0,0,0,national
2025,AR,05007,Benton,2549008LUH7QKMXQ8N53,,1,1,0,0.01,1,0,0,0,0,1,0,0,0,0,national
2025,AR,05007,Benton,25490099UNYWX2PZ4J91,,1,1,0,0.01,1,0,0,0,0,1,0,0,0,0,national
2025,AR,05007,Benton,254900A1LV2U6NM10498,,1,1,0,0.01,1,0,0,0,0,1,0,0,0,0,national
2025,AR,05007,Benton,254900DSZI6CJXJL6Z14,,1,1,0,0.01,1,0,0,0,0,1,0,0,0,0,national
2025,AR,05007,Benton,254900EZRN0CBEP77K34,,1,1,0,0.01,1,0,0,0,0,1,0,0,0,0,national
2025,AR,05007,Benton,254900FBWEZ3YUPOBN33,,1,1,0,0.01,1,0,0,0,0,1,0,0,0,0,national
2025,AR,05007,Benton,254900FJRICL380R4T46,Leaders Credit Union,1,1,0,0.01,1,0,0,0,0,1,0,0,0,0,national
2025,AR,05007,Benton,254900H43FZ07VEY2T39,,1,1,0,0.01,1,0,0,0,0,1,0,0,0,0,national
2025,AR,05007,Benton,254900HO9WPE4LTLQU96,,3,1,0,0.01,3,0,0,0,0,1,0,0,0,0,national
2025,AR,05007,Benton,254900I68BOSEM149Q58,,1,1,0,0.01,0,1,0,0,0,0,1,0,0,0,national
2025,AR,05007,Benton,254900NZOY3XB2DNSZ34,,1,1,0,0.01,1,0,0,0,0,1,0,0,0,0,national
2025,AR,05007,Benton,254900U1OBL1MC6M6518,,5,1,0,0.01,5,0,0,0,0,1,0,0,0,0,national
2025,AR,05007,Benton,254900V6GCDMRQZ34D96,,2,1,1,0.01,2,0,0,0,0,1,0,0,0,0,national
2025,AR,05007,Benton,254900WRP19TBSQG0Z89,,1,1,0,0.01,1,0,0,0,0,1,0,0,0,0,national
2025,AR,05007,Benton,254900XDI51NPWZM0N29,Union Bank,1,1,0,0.01,1,0,0,0,0,1,0,0,0,0,national
2025,AR,05007,Benton,254900YA1AQXNM8QVZ06,,2,1,1,0.01,2,0,0,0,0,1,0,0,0,0,national
2025,AR,05007,Benton,254900ZX1UPIG2E7TH11,"ASSURANCE FINANCIAL GROUP, L.L.C.",1,1,0,0.01,1,0,0,0,0,1,0,0,0,0,national
2025,AR,05007,Benton,337KMNHEWWWR6B7Q7W10,MidFirst Bank,1,1,0,0.01,1,0,0,0,0,1,0,0,0,0,national
2025,AR,05007,Benton,3Y4U8VZURTYWI1W2K376,BMO Bank National Association,2,1,1,0.01,2,0,0,0,0,1,0,0,0,0,national
2025,AR,05007,Benton,5493001HOQL7ZEKTRZ55,,1,1,0,0.01,1,0,0,0,0,1,0,0,0,0,national
2025,AR,05007,Benton,54930021DZJ9CEN11D61,,1,1,0,0.01,0,0,1,0,0,0,0,1,0,0,national
2025,AR,05007,Benton,54930022CQGV47Q8PM03,,2,1,0,0.01,0,1,1,0,0,0,0,1,0,0,national
2025,AR,05007,Benton,5493002F9OWLKRICTY67,STANDARD MORTGAGE CORPORATION,1,1,0,0.01,1,0,0,0,0,1,0,0,0,0,national
2025,AR,05007,Benton,5493002N5168AC238149,"OceanFirst Bank, National Association",1,1,0,0.01,1,0,0,0,0,1,0,0,0,0,national
2025,AR,05007,Benton,54930032OCUOR526IR93,,2,1,0,0.01,0,2,0,0,0,0,1,0,0,0,national
2025,AR,05007,Benton,5493003B2LEGQHDWRN55,HANSCOM,1,1,0,0.01,1,0,0,0,0,1,0,0,0,0,national
2025,AR,05007,Benton,5493003X0GM1DHJIWC22,,1,1,0,0.01,1,0,0,0,0,1,0,0,0,0,national
2025,AR,05007,Benton,54930044OSTKOJMHF287,"Capital Bank, National Association",1,1,0,0.01,1,0,0,0,0,1,0,0,0,0,national
2025,AR,05007,Benton,54930048P8RWCQHQM310,,2,1,0,0.01,2,0,0,0,0,1,0,0,0,0,national
2025,AR,05007,Benton,5493005JPZ3LXXMB0S24,"Carrington Mortgage Services, LLC",3,1,0,0.01,3,0,0,0,0,1,0,0,0,0,national
2025,AR,05007,Benton,5493006HFDG31YJ3MM36,,1,1,0,0.01,1,0,0,0,0,1,0,0,0,0,national
2025,AR,05007,Benton,5493006RIR31ORKYB608,,1,1,0,0.01,1,0,0,0,0,1,0,0,0,0,national
2025,AR,05007,Benton,54930079VLB4FPPZ7Y58,,1,1,0,0.01,1,0,0,0,0,1,0,0,0,0,national
2025,AR,05007,Benton,5493007B7MEWKMDWUZ73,Guaranty Bank And Trust Company,1,1,0,0.01,1,0,0,0,0,1,0,0,0,0,national
2025,AR,05007,Benton,5493007CLWQN2S6IZK91,,2,1,1,0.01,0,1,1,0,0,0,1,0,0,0,national
2025,AR,05007,Benton,5493007JVSQYT5Y2V066,,1,1,0,0.01,1,0,0,0,0,1,0,0,0,0,national
2025,AR,05007,Benton,5493008E4KBJCB6UKR64,,2,1,1,0.01,0,0,2,0,0,0,0,1,0,0,national
2025,AR,05007,Benton,5493008VVXQIDO1EZ460,"SUMMIT FUNDING, INC.",1,1,0,0.01,1,0,0,0,0,1,0,0,0,0,national
2025,AR,05007,Benton,54930091IM32ECQG7562,Peoples Bank and Trust Company,1,1,0,0.01,1,0,0,0,0,1,0,0,0,0,national
2025,AR,05007,Benton,54930095UWUUXAWASB02,"Atlantic Coast Mortgage, LLC",1,1,0,0.01,1,0,0,0,0,1,0,0,0,0,national
2025,AR,05007,Benton,5493009F6BJDCZMZ7Y26,,1,1,0,0.01,0,0,1,0,0,0,0,1,0,0,national
2025,AR,05007,Benton,5493009QYNVEZ9VDJU57,,1,1,0,0.01,0,1,0,0,0,0,1,0,0,0,national
2025,AR,05007,Benton,549300AENO88GEUWCZ39,,1,1,0,0.01,0,0,1,0,0,0,0,1,0,0,national
2025,AR,05007,Benton,549300AG10BX85DF5S49,MLD MORTGAGE INC.,1,1,0,0.01,1,0,0,0,0,1,0,0,0,0,national
2025,AR,05007,Benton,549300ASFUWYQO0RW077,,1,1,0,0.01,1,0,0,0,0,1,0,0,0,0,national
2025,AR,05007,Benton,549300B4IYL7TZT8FA34,,1,1,0,0.01,0,0,0,1,0,0,0,0,1,0,national
2025,AR,05007,Benton,549300B8JQ9XD5FQQH32,,1,1,0,0.01,0,1,0,0,0,0,1,0,0,0,national
2025,AR,05007,Benton,549300C1ICNCM0V37Y02,"First State Bank of St. Charles, Missouri",1,1,0,0.01,1,0,0,0,0,1,0,0,0,0,national
2025,AR,05007,Benton,549300C4J510S9L1RF98,"Alerus Financial, National Association",1,1,0,0.01,1,0,0,0,0,1,0,0,0,0,national
2025,AR,05007,Benton,549300C61LNGA8J8EF85,Capitol Federal Savings Bank,3,1,0,0.01,3,0,0,0,0,1,0,0,0,0,national
2025,AR,05007,Benton,549300C8GOC4OYUV0Z32,,5,1,0,0.01,5,0,0,0,0,1,0,0,0,0,national
2025,AR,05007,Benton,549300CCELEPUO4TOE73,,2,1,1,0.01,2,0,0,0,0,1,0,0,0,0,national
2025,AR,05007,Benton,549300CLRXFVF83ZL806,"NATIONWIDE MORTGAGE BANKERS, INC.",1,1,0,0.01,1,0,0,0,0,1,0,0,0,0,national
2025,AR,05007,Benton,549300CRPIDBSEMEY066,,2,1,0,0.01,2,0,0,0,0,1,0,0,0,0,national
2025,AR,05007,Benton,549300CRSE0TY73U6X46,,1,1,0,0.01,1,0,0,0,0,1,0,0,0,0,national
2025,AR,05007,Benton,549300D064PXOX5JP483,,1,1,0,0.01,1,0,0,0,0,1,0,0,0,0,national
2025,AR,05007,Benton,549300DDDXGC8OXLNZ36,,1,1,0,0.01,1,0,0,0,0,1,0,0,0,0,national
2025,AR,05007,Benton,549300DDLYW49R2HCV81,EASTMAN CREDIT UNION,2,1,1,0.01,2,0,0,0,0,1,0,0,0,0,national
2025,AR,05007,Benton,549300DE8TS4EYTPX729,"AFFORDABLE MORTGAGE ADVISORS, LLC",1,1,0,0.01,1,0,0,0,0,1,0,0,0,0,national
2025,AR,05007,Benton,549300ELXS6PBT8OEE44,,1,1,0,0.01,1,0,0,0,0,1,0,0,0,0,national
2025,AR,05007,Benton,549300EMNDEK4BA8WB53,EMM LOANS LLC,2,1,0,0.01,0,2,0,0,0,0,1,0,0,0,national
2025,AR,05007,Benton,549300EY247F6R5IHX75,,1,1,0,0.01,1,0,0,0,0,1,0,0,0,0,national
2025,AR,05007,Benton,549300F04B6FGYBJY412,First State Community Bank,1,1,0,0.01,1,0,0,0,0,1,0,0,0,0,national
2025,AR,05007,Benton,549300GRGZDEH4ZGQS06,WATERSTONE MORTGAGE CORPORATION,3,1,1,0.01,1,0,2,0,0,1,0,0,0,0,national
2025,AR,05007,Benton,549300HFBEONQN2CK447,Union Savings Bank,1,1,0,0.01,1,0,0,0,0,1,0,0,0,0,national
2025,AR,05007,Benton,549300HINJH60UG3KG47,,1,1,0,0.01,1,0,0,0,0,1,0,0,0,0,national
2025,AR,05007,Benton,549300HTRLFU2IIL4380,,24,1,4,0.01,24,0,0,0,0,1,0,0,0,0,national
2025,AR,05007,Benton,549300IVURCTJ6QVMD67,,1,1,0,0.01,1,0,0,0,0,1,0,0,0,0,national
2025,AR,05007,Benton,549300JGK6WNKYXQ0821,,1,1,0,0.01,1,0,0,0,0,1,0,0,0,0,national
2025,AR,05007,Benton,549300JQEF6V2RNWCC75,Southern Bancorp Bank,1,1,0,0.01,1,0,0,0,0,1,0,0,0,0,national
2025,AR,05007,Benton,549300KM0M1BH7LBWW77,,1,1,0,0.01,1,0,0,0,0,1,0,0,0,0,national
2025,AR,05007,Benton,549300KR4ZW8KJC82O47,,1,1,0,0.01,0,0,1,0,0,0,0,1,0,0,national
2025,AR,05007,Benton,549300KW705BBINDIZ26,,1,1,0,0.01,0,1,0,0,0,0,1,0,0,0,national
2025,AR,05007,Benton,549300KX6E1IE2LM5E30,,1,1,0,0.01,1,0,0,0,0,1,0,0,0,0,national
2025,AR,05007,Benton,549300LE3ZOZXUS7W648,FIDELITY BANK,1,1,0,0.01,1,0,0,0,0,1,0,0,0,0,national
2025,AR,05007,Benton,549300LFR4FQMI48MF92,,1,1,0,0.01,1,0,0,0,0,1,0,0,0,0,national
2025,AR,05007,Benton,549300LIZH7VW4DFJK44,,3,1,0,0.01,0,3,0,0,0,0,1,0,0,0,national
2025,AR,05007,Benton,549300LTSES0DE01Z405,,2,1,0,0.01,2,0,0,0,0,1,0,0,0,0,national
2025,AR,05007,Benton,549300M2Z8GR3VL0QQ74,,2,1,0,0.01,2,0,0,0,0,1,0,0,0,0,national
2025,AR,05007,Benton,549300M4MFIHXLR7AI37,,1,1,0,0.01,1,0,0,0,0,1,0,0,0,0,national
2025,AR,05007,Benton,549300M8WGW2D17CZD19,,1,1,0,0.01,1,0,0,0,0,1,0,0,0,0,national
2025,AR,05007,Benton,549300MNVXT92RBYBF93,,1,1,0,0.01,1,0,0,0,0,1,0,0,0,0,national
2025,AR,05007,Benton,549300MNZECUR067HB12,BancFirst,1,1,0,0.01,1,0,0,0,0,1,0,0,0,0,national
2025,AR,05007,Benton,549300NJVKCDJA5YC939,,2,1,0,0.01,2,0,0,0,0,1,0,0,0,0,national
2025,AR,05007,Benton,549300OGIGNKGO2DX942,,1,1,0,0.01,1,0,0,0,0,1,0,0,0,0,national
2025,AR,05007,Benton,549300OJTK0IPSNDA832,,1,1,0,0.01,1,0,0,0,0,1,0,0,0,0,national
2025,AR,05007,Benton,549300OSZK2W0WJYS771,,2,1,0,0.01,2,0,0,0,0,1,0,0,0,0,national
2025,AR,05007,Benton,549300OZ550X4QD5PC74,Royal Credit Union,1,1,0,0.01,1,0,0,0,0,1,0,0,0,0,national
2025,AR,05007,Benton,549300PJ2WT35S77Q208,,2,1,1,0.01,1,1,0,0,0,1,0,0,0,0,national
2025,AR,05007,Benton,549300Q1YFRSB8UEGH03,,4,1,1,0.01,4,0,0,0,0,1,0,0,0,0,national
2025,AR,05007,Benton,549300Q4JBLTKDC7J303,,1,1,0,0.01,1,0,0,0,0,1,0,0,0,0,national
2025,AR,05007,Benton,549300Q50XCC0473FG63,,10,1,6,0.01,10,0,0,0,0,1,0,0,0,0,national
2025,AR,05007,Benton,549300Q8R70WLHGFLX73,,1,1,0,0.01,1,0,0,0,0,1,0,0,0,0,national
2025,AR,05007,Benton,549300QCYEU2QLIWN517,,1,1,0,0.01,1,0,0,0,0,1,0,0,0,0,national
2025,AR,05007,Benton,549300QDGMFASKEN7Z77,BLAZE CREDIT UNION,1,1,0,0.01,1,0,0,0,0,1,0,0,0,0,national
2025,AR,05007,Benton,549300QHPJ9CLOLCVE82,,1,1,0,0.01,1,0,0,0,0,1,0,0,0,0,national
2025,AR,05007,Benton,549300QIUZLVR1OLDH55,Genisys Credit Union,1,1,0,0.01,1,0,0,0,0,1,0,0,0,0,national
2025,AR,05007,Benton,549300QR0KFPEDZPEI42,STOCKTON MORTGAGE CORPORATION,1,1,0,0.01,1,0,0,0,0,1,0,0,0,0,national
2025,AR,05007,Benton,549300QURAICH2YGJV94,,1,1,0,0.01,1,0,0,0,0,1,0,0,0,0,national
2025,AR,05007,Benton,549300R7HGHP2I754087,TOWNE MORTGAGE COMPANY,2,1,0,0.01,0,2,0,0,0,0,1,0,0,0,national
2025,AR,05007,Benton,549300RBN5KM5RUFOE42,,2,1,0,0.01,2,0,0,0,0,1,0,0,0,0,national
2025,AR,05007,Benton,549300RFPLMCMJL7BS81,,1,1,0,0.01,1,0,0,0,0,1,0,0,0,0,national
2025,AR,05007,Benton,549300RWMKY0FK1H5L44,,1,1,0,0.01,1,0,0,0,0,1,0,0,0,0,national
2025,AR,05007,Benton,549300S5FVOSK5DQJN30,INTERCAP LENDING INC.,2,1,0,0.01,2,0,0,0,0,1,0,0,0,0,national
2025,AR,05007,Benton,549300SWKVL60SKWK981,,1,1,0,0.01,1,0,0,0,0,1,0,0,0,0,national
2025,AR,05007,Benton,549300T1ONVEMLQ4B629,,2,1,0,0.01,2,0,0,0,0,1,0,0,0,0,national
2025,AR,05007,Benton,549300T3F9S1MKFKHC53,HOMESTEAD FUNDING CORP.,1,1,0,0.01,1,0,0,0,0,1,0,0,0,0,national
2025,AR,05007,Benton,549300T61O0X0RJMQ375,,1,1,0,0.01,1,0,0,0,0,1,0,0,0,0,national
2025,AR,05007,Benton,549300U1HSN2YJRJ0U33,,1,1,0,0.01,1,0,0,0,0,1,0,0,0,0,national
2025,AR,05007,Benton,549300U2B1ZNGX3H8U54,,2,1,0,0.01,2,0,0,0,0,1,0,0,0,0,national
2025,AR,05007,Benton,549300UR5AOWTJJ7KZ64,,1,1,0,0.01,1,0,0,0,0,1,0,0,0,0,national
2025,AR,05007,Benton,549300UVOSI4XZZGUE14,,2,1,0,0.01,0,2,0,0,0,0,1,0,0,0,national
2025,AR,05007,Benton,549300V8CF81JGIV7038,,1,1,0,0.01,1,0,0,0,0,1,0,0,0,0,national
2025,AR,05007,Benton,549300VHBALPLHRR4080,,1,1,0,0.01,1,0,0,0,0,1,0,0,0,0,national
2025,AR,05007,Benton,549300VJQJVZKJBDWS17,"TOTAL MORTGAGE SERVICES, LLC",1,1,0,0.01,0,1,0,0,0,0,1,0,0,0,national
2025,AR,05007,Benton,549300VUVWGNUHYOLA93,,1,1,0,0.01,1,0,0,0,0,1,0,0,0,0,national
2025,AR,05007,Benton,549300W2LKZKSX67ZU02,,1,1,0,0.01,1,0,0,0,0,1,0,0,0,0,national
2025,AR,05007,Benton,549300XAJENHWRM32Z86,,2,1,0,0.01,2,0,0,0,0,1,0,0,0,0,national
2025,AR,05007,Benton,549300Y01XP7FO81MC08,,1,1,0,0.01,1,0,0,0,0,1,0,0,0,0,national
2025,AR,05007,Benton,549300YHSRT5YOR5W454,,1,1,0,0.01,1,0,0,0,0,1,0,0,0,0,national
2025,AR,05007,Benton,549300Z6EE8DBBFUW487,,1,1,0,0.01,1,0,0,0,0,1,0,0,0,0,national
2025,AR,05007,Benton,549300ZIQ24V0C88AC41,GTE Federal Credit Union,3,1,0,0.01,3,0,0,0,0,1,0,0,0,0,national
2025,AR,05007,Benton,549300ZIXM1VUXPG4D03,,1,1,0,0.01,1,0,0,0,0,1,0,0,0,0,national
2025,AR,05007,Benton,549300ZL6THC5R7VUP98,,1,1,0,0.01,1,0,0,0,0,1,0,0,0,0,national
2025,AR,05007,Benton,549300ZM3TKJVUYB3676,,1,1,0,0.01,1,0,0,0,0,1,0,0,0,0,national
2025,AR,05007,Benton,549300ZX4OGRPOOEH505,,1,1,0,0.01,1,0,0,0,0,1,0,0,0,0,national
2025,AR,05007,Benton,593C3GZG957YOJPS2Z63,,1,1,0,0.01,1,0,0,0,0,1,0,0,0,0,national
2025,AR,05007,Benton,6PTKHDJ8HDUF78PFWH30,,1,1,0,0.01,1,0,0,0,0,1,0,0,0,0,national
2025,AR,05007,Benton,9845007CY0EC0F59W414,,1,1,0,0.01,1,0,0,0,0,1,0,0,0,0,national
2025,AR,05007,Benton,984500F03B9034CQB904,,4,1,0,0.01,3,0,1,0,0,1,0,0,0,0,national
2025,AR,05007,Benton,QFROUN1UWUYU0DVIWD51,"Eagle Home Mortgage, LLC",1,1,0,0.01,1,0,0,0,0,1,0,0,0,0,national
2025,AR,05009,Boone,54930049L5WINET09Q97,"CLICK N' CLOSE, INC.",115,89,0,9.43,37,37,12,29,0,27,33,9,20,0,national
2025,AR,05009,Boone,COINQMNIM6RBU631DD85,Arvest Bank,124,76,22,8.05,103,11,3,7,0,62,7,3,4,0,national
2025,AR,05009,Boone,25490046GL77VSFSYG24,Signature Bank of Arkansas,80,67,0,7.1,80,0,0,0,0,67,0,0,0,0,national
2025,AR,05009,Boone,549300IEIM2IT5YK4368,First Community Bank,79,64,3,6.78,71,4,1,3,0,59,2,1,2,0,national
2025,AR,05009,Boone,549300FAG4VH7YJ66576,,76,58,5,6.14,72,0,0,4,0,58,0,0,0,0,national
2025,AR,05009,Boone,549300FGXN1K3HLB1R50,"Rocket Mortgage, LLC",85,56,21,5.93,58,14,13,0,0,42,8,6,0,0,national
2025,AR,05009,Boone,549300TJF420N3F01V87,,76,53,13,5.61,75,0,1,0,0,53,0,0,0,0,national
2025,AR,05009,Boone,549300AQ3T62GXDU7D76,GUILD MORTGAGE COMPANY LLC,65,52,1,5.51,26,22,3,14,0,22,16,3,11,0,national
2025,AR,05009,Boone,5493007UW5GSKHED2095,,38,36,1,3.81,37,0,1,0,0,36,0,0,0,0,national
2025,AR,05009,Boone,549300KIOYNU323LVJ37,AMERICAN PACIFIC MORTGAGE CORPORATION,42,36,2,3.81,10,15,4,13,0,8,15,3,10,0,national
2025,AR,05009,Boone,5493000LJB0L73TDJT41,,32,32,0,3.39,32,0,0,0,0,32,0,0,0,0,national
2025,AR,05009,Boone,549300DD5QQUHO6PCH70,"MORTGAGE RESEARCH CENTER, LLC",45,19,4,2.01,1,4,40,0,0,0,3,16,0,0,national
2025,AR,05009,Boone,EQTWLK1G7ODGC2MGLV11,Regions Bank,45,18,19,1.91,40,4,1,0,0,17,1,0,0,0,national
2025,AR,05009,Boone,549300LXKO1O7CSK5J52,"FLAT BRANCH MORTGAGE, INC.",20,17,0,1.8,8,5,3,4,0,7,5,3,2,0,national
2025,AR,05009,Boone,IUGPUX5LWRZ3B6KIZ697,Ameris Bank,17,14,0,1.48,12,0,0,5,0,11,0,0,3,0,national
2025,AR,05009,Boone,549300HW662MN1WU8550,"United Wholesale Mortgage, LLC",26,13,5,1.38,5,5,16,0,0,1,4,8,0,0,national
2025,AR,05009,Boone,254900ZFWS2106HWPH46,"PARAMOUNT RESIDENTIAL MORTGAGE GROUP, INC.",16,12,2,1.27,2,8,1,5,0,2,4,1,5,0,national
2025,AR,05009,Boone,549300UMOKQUJLI81448,,12,12,0,1.27,12,0,0,0,0,12,0,0,0,0,national
2025,AR,05009,Boone,549300AG64NHILB7ZP05,"LOANDEPOT.COM, LLC",21,10,6,1.06,13,7,1,0,0,6,3,1,0,0,national
2025,AR,05009,Boone,549300VYK2WBD7SST478,Bank OZK,28,9,11,0.95,27,1,0,0,0,9,0,0,0,0,national
2025,AR,05009,Boone,549300LBCBNR1OT00651,NATIONSTAR MORTGAGE LLC,12,8,2,0.85,10,1,1,0,0,7,1,0,0,0,national
2025,AR,05009,Boone,254900UL88QFG0E40516,FIGURE LENDING LLC,12,7,4,0.74,12,0,0,0,0,7,0,0,0,0,national
2025,AR,05009,Boone,549300LYRWPSYPK6S325,FREEDOM MORTGAGE CORPORATION,17,7,0,0.74,2,9,6,0,0,1,2,4,0,0,national
2025,AR,05009,Boone,549300UF3FPC7U6RFC59,The Central Trust Bank,11,7,1,0.74,8,2,1,0,0,5,1,1,0,0,national
2025,AR,05009,Boone,6BYL5QZYBDK8S7L73M02,U.S. Bank National Association,14,7,5,0.74,12,0,2,0,0,6,0,1,0,0,national
2025,AR,05009,Boone,549300KJ8PAJ7E52HG32,Plains Commerce Bank,13,6,5,0.64,6,4,0,3,0,4,1,0,1,0,national
2025,AR,05009,Boone,549300XQVJ1XBNFA5536,21ST MORTGAGE CORPORATION,39,6,23,0.64,39,0,0,0,0,6,0,0,0,0,national
2025,AR,05009,Boone,RVDPPPGHCGZ40J4VQ731,"PENNYMAC LOAN SERVICES, LLC",16,6,1,0.64,9,4,3,0,0,3,1,2,0,0,national
2025,AR,05009,Boone,5493003GQDUH26DNNH17,Navy Federal Credit Union,12,5,0,0.53,7,0,5,0,0,4,0,1,0,0,national
2025,AR,05009,Boone,549300FNXYY540N23N64,Newrez LLC,20,5,5,0.53,8,10,2,0,0,3,1,1,0,0,national
2025,AR,05009,Boone,549300K4ZLGS7SRDTL86,Equity Prime Mortgage LLC,10,5,0,0.53,0,7,2,1,0,0,4,0,1,0,national
2025,AR,05009,Boone,549300OGIGNKGO2DX942,,6,5,0,0.53,6,0,0,0,0,5,0,0,0,0,national
2025,AR,05009,Boone,5493001GCBD5XGNIC815,Coastal Community Bank,23,4,0,0.42,23,0,0,0,0,4,0,0,0,0,national
2025,AR,05009,Boone,549300RPOGWJRH63HS39,UNION HOME MORTGAGE CORP.,7,4,2,0.42,5,2,0,0,0,4,0,0,0,0,national
2025,AR,05009,Boone,549300VORTI31GZTJL53,"CARDINAL FINANCIAL COMPANY, LIMITED PARTNERSHIP",4,4,0,0.42,2,2,0,0,0,2,2,0,0,0,national
2025,AR,05009,Boone,7H6GLXDRUGQFU57RNE97,"JPMorgan Chase Bank, National Association",4,4,0,0.42,4,0,0,0,0,4,0,0,0,0,national
2025,AR,05009,Boone,54930021WPEXNHYZUL09,"PLANET HOME LENDING, LLC",3,3,0,0.32,0,0,3,0,0,0,0,3,0,0,national
2025,AR,05009,Boone,549300CB67L6KPJLHE19,"TRIAD FINANCIAL SERVICES, INC.",8,3,2,0.32,8,0,0,0,0,3,0,0,0,0,national
2025,AR,05009,Boone,549300MGPZBLQDIL7538,FAIRWAY INDEPENDENT MORTGAGE CORPORATION,7,3,0,0.32,2,3,0,2,0,1,2,0,0,0,national
2025,AR,05009,Boone,549300NB3SBC1KHAWB92,GERSHMAN INVESTMENT CORP.,5,3,1,0.32,1,2,2,0,0,1,2,0,0,0,national
2025,AR,05009,Boone,549300PIL8LFAQ04XC20,Better Mortgage Corporation,8,3,3,0.32,8,0,0,0,0,3,0,0,0,0,national
2025,AR,05009,Boone,549300QWJ3UDIX8KBP64,,3,3,0,0.32,3,0,0,0,0,3,0,0,0,0,national
2025,AR,05009,Boone,549300SUCQ1358EGVE89,"NEW DAY FINANCIAL, LLC",13,3,3,0.32,0,0,13,0,0,0,0,3,0,0,national
2025,AR,05009,Boone,549300VZVN841I2ILS84,"CROSSCOUNTRY MORTGAGE, LLC",7,3,0,0.32,4,2,1,0,0,2,0,1,0,0,national
2025,AR,05009,Boone,549300YN94MOAVYW0F52,"GoodLeap, LLC",5,3,1,0.32,3,1,1,0,0,2,0,1,0,0,national
2025,AR,05009,Boone,549300ZZME37MXI1EF14,"DAS ACQUISITION COMPANY, LLC",6,3,1,0.32,3,1,0,2,0,1,1,0,1,0,national
2025,AR,05009,Boone,2549008TT6UNYR7AXF54,,2,2,0,0.21,2,0,0,0,0,2,0,0,0,0,national
2025,AR,05009,Boone,5493000JFVFQFL816N45,ENCORE BANK,2,2,0,0.21,0,1,1,0,0,0,1,1,0,0,national
2025,AR,05009,Boone,54930034MNPILHP25H80,Gateway First Bank,2,2,0,0.21,2,0,0,0,0,2,0,0,0,0,national
2025,AR,05009,Boone,549300BLL6VL7AXWYP56,CHURCHILL MORTGAGE CORPORATION,3,2,0,0.21,3,0,0,0,0,2,0,0,0,0,national
2025,AR,05009,Boone,549300DPRWSBUY619V27,Simmons Bank,2,2,0,0.21,2,0,0,0,0,2,0,0,0,0,national
2025,AR,05009,Boone,549300GKFNPRWNS0GF29,"AmeriHome Mortgage Company, LLC",2,2,0,0.21,0,0,0,2,0,0,0,0,2,0,national
2025,AR,05009,Boone,549300HTRLFU2IIL4380,,2,2,0,0.21,2,0,0,0,0,2,0,0,0,0,national
2025,AR,05009,Boone,549300JYXTZDSPJEPI44,"PLAZA HOME MORTGAGE, INC.",3,2,0,0.21,0,1,2,0,0,0,1,1,0,0,national
2025,AR,05009,Boone,549300LAQ3M8E5I08F43,,3,2,1,0.21,3,0,0,0,0,2,0,0,0,0,national
2025,AR,05009,Boone,549300NOCASXPA34X033,"LAKEVIEW LOAN SERVICING, LLC",5,2,2,0.21,2,1,2,0,0,1,0,1,0,0,national
2025,AR,05009,Boone,549300OPCWU6E72WUT29,"MUTUAL OF OMAHA MORTGAGE, INC.",2,2,0,0.21,0,2,0,0,0,0,2,0,0,0,national
2025,AR,05009,Boone,549300PL267CW8182203,,2,2,0,0.21,0,1,1,0,0,0,1,1,0,0,national
2025,AR,05009,Boone,549300PQLK8E48ILXV41,,2,2,0,0.21,2,0,0,0,0,2,0,0,0,0,national
2025,AR,05009,Boone,549300YIQ7S7Z8PIHE53,AMERISAVE MORTGAGE CORPORATION,14,2,10,0.21,7,5,2,0,0,1,0,1,0,0,national
2025,AR,05009,Boone,JJKC32MCHWDI71265Z06,Truist Bank,2,2,0,0.21,2,0,0,0,0,2,0,0,0,0,national
2025,AR,05009,Boone,PAOOWF3GUFM46FBSP561,,3,2,0,0.21,2,1,0,0,0,1,1,0,0,0,national
2025,AR,05009,Boone,X05BVSK68TQ7YTOSNR22,Discover Bank,9,2,3,0.21,9,0,0,0,0,2,0,0,0,0,national
2025,AR,05009,Boone,1TMVIO1SD0RLIPEIW803,Great Southern Bank,1,1,0,0.11,1,0,0,0,0,1,0,0,0,0,national
2025,AR,05009,Boone,213800XR2TCBQJSF1X93,,1,1,0,0.11,1,0,0,0,0,1,0,0,0,0,national
2025,AR,05009,Boone,2549001S0U8EFNDOG816,,1,1,0,0.11,1,0,0,0,0,1,0,0,0,0,national
2025,AR,05009,Boone,2549007JQKHU8KQ0FC19,"FIRSTTRUST HOME LOANS, INC.",1,1,0,0.11,1,0,0,0,0,1,0,0,0,0,national
2025,AR,05009,Boone,254900HA4DQWAE0W3342,"AMERIHOME MORTGAGE COMPANY, LLC",3,1,1,0.11,1,2,0,0,0,1,0,0,0,0,national
2025,AR,05009,Boone,5493001GDRY0EL7VG372,"ARK-LA-TEX FINANCIAL SERVICES, LLC.",1,1,0,0.11,1,0,0,0,0,1,0,0,0,0,national
2025,AR,05009,Boone,5493001Q8FNQ5TSRE594,,1,1,0,0.11,1,0,0,0,0,1,0,0,0,0,national
2025,AR,05009,Boone,5493001WHVQBGRSWEU75,"HOMEBRIDGE FINANCIAL SERVICES, INC.",1,1,0,0.11,0,0,1,0,0,0,0,1,0,0,national
2025,AR,05009,Boone,549300249G20MDIDRR27,,1,1,0,0.11,1,0,0,0,0,1,0,0,0,0,national
2025,AR,05009,Boone,5493002B2WMHY23GFK92,"AMERICAN FINANCIAL RESOURCES, INC.",1,1,0,0.11,1,0,0,0,0,1,0,0,0,0,national
2025,AR,05009,Boone,5493004T9SQFCNRQ2L76,,1,1,0,0.11,1,0,0,0,0,1,0,0,0,0,national
2025,AR,05009,Boone,54930052M48FOD3CWA54,"PRIMARY RESIDENTIAL MORTGAGE, INC.",1,1,0,0.11,0,1,0,0,0,0,1,0,0,0,national
2025,AR,05009,Boone,5493005PKOSG7MYX0B34,"Prosperity Home Mortgage, LLC",1,1,0,0.11,0,1,0,0,0,0,1,0,0,0,national
2025,AR,05009,Boone,54930063578UDYE3JR69,,1,1,0,0.11,0,1,0,0,0,0,1,0,0,0,national
2025,AR,05009,Boone,5493006VAGP3GQ8FJT49,"Kiavi Funding, Inc.",2,1,0,0.11,2,0,0,0,0,1,0,0,0,0,national
2025,AR,05009,Boone,54930077O97ZNP1ECH16,,1,1,0,0.11,1,0,0,0,0,1,0,0,0,0,national
2025,AR,05009,Boone,5493007IES1RWVUDDU23,,1,1,0,0.11,1,0,0,0,0,1,0,0,0,0,national
2025,AR,05009,Boone,5493008NWHQT1R22C024,"AMERICAN FINANCIAL NETWORK, INC.",1,1,0,0.11,1,0,0,0,0,1,0,0,0,0,national
2025,AR,05009,Boone,549300AR1PZJHZ7BYH72,,1,1,0,0.11,1,0,0,0,0,1,0,0,0,0,national
2025,AR,05009,Boone,549300BEFX6JRSCS5N78,Centennial Bank,1,1,0,0.11,1,0,0,0,0,1,0,0,0,0,national
2025,AR,05009,Boone,549300BSTNYSV3EWYM24,,2,1,0,0.11,2,0,0,0,0,1,0,0,0,0,national
2025,AR,05009,Boone,549300DF7LT6VI5BQC34,,1,1,0,0.11,1,0,0,0,0,1,0,0,0,0,national
2025,AR,05009,Boone,549300DT7WZ1SOTNFJ62,,1,1,0,0.11,1,0,0,0,0,1,0,0,0,0,national
2025,AR,05009,Boone,549300DV8S0IJF2QWL30,,1,1,0,0.11,1,0,0,0,0,1,0,0,0,0,national
2025,AR,05009,Boone,549300E2UX99HKDBR481,"NEW AMERICAN FUNDING, LLC",12,1,1,0.11,3,8,1,0,0,0,1,0,0,0,national
2025,AR,05009,Boone,549300GKNMX0ZXKVPE54,,1,1,0,0.11,1,0,0,0,0,1,0,0,0,0,national
2025,AR,05009,Boone,549300HIKKZQ0TVJWA08,ARKANSAS FEDERAL CREDIT UNION,5,1,2,0.11,5,0,0,0,0,1,0,0,0,0,national
2025,AR,05009,Boone,549300ID4RCRD8BXYH30,,1,1,0,0.11,0,1,0,0,0,0,1,0,0,0,national
2025,AR,05009,Boone,549300ISCZS1R0CJMO47,,2,1,0,0.11,0,2,0,0,0,0,1,0,0,0,national
2025,AR,05009,Boone,549300KHXD7JSQUZIJ22,"HIGHLANDS RESIDENTIAL MORTGAGE, LTD.",1,1,0,0.11,0,0,1,0,0,0,0,1,0,0,national
2025,AR,05009,Boone,549300MZ8VZJOVC63092,"KIND LENDING, LLC",2,1,0,0.11,2,0,0,0,0,1,0,0,0,0,national
2025,AR,05009,Boone,549300NFA0VY9215VV25,,1,1,0,0.11,0,1,0,0,0,0,1,0,0,0,national
2025,AR,05009,Boone,549300PHPKOL5FJ7D438,,1,1,0,0.11,1,0,0,0,0,1,0,0,0,0,national
2025,AR,05009,Boone,549300PJ2WT35S77Q208,,1,1,0,0.11,0,1,0,0,0,0,1,0,0,0,national
2025,AR,05009,Boone,549300PKEQ3Q9S0IXW76,UNITED FEDERAL CREDIT UNION,1,1,0,0.11,1,0,0,0,0,1,0,0,0,0,national
2025,AR,05009,Boone,549300R0SXC1JU7ZU290,"FIRST COMMUNITY MORTGAGE, INC.",2,1,0,0.11,0,1,0,1,0,0,1,0,0,0,national
2025,AR,05009,Boone,549300R9S3MVDV4MGF56,"CARRINGTON MORTGAGE SERVICES, LLC",7,1,4,0.11,4,1,2,0,0,1,0,0,0,0,national
2025,AR,05009,Boone,549300T61O0X0RJMQ375,,1,1,0,0.11,1,0,0,0,0,1,0,0,0,0,national
2025,AR,05009,Boone,549300U3721PJGQZYY68,"GUARANTEED RATE, INC.",2,1,0,0.11,0,2,0,0,0,0,1,0,0,0,national
2025,AR,05009,Boone,549300VCMRO4ST680C11,VILLAGE CAPITAL & INVESTMENT LLC,3,1,0,0.11,0,1,2,0,0,0,0,1,0,0,national
2025,AR,05009,Boone,549300W2LKZKSX67ZU02,,1,1,0,0.11,1,0,0,0,0,1,0,0,0,0,national
2025,AR,05009,Boone,7DMUJTL9FFTVIAG9H788,Commerce Bank,1,1,0,0.11,1,0,0,0,0,1,0,0,0,0,national
2025,AR,05009,Boone,B4TYDEB6GKMZO031MB27,"Bank of America, National Association",7,1,2,0.11,6,1,0,0,0,1,0,0,0,0,national
2025,AR,05009,Boone,CKVBED0S4DMLKJJ5XH28,Stifel Bank and Trust,1,1,0,0.11,1,0,0,0,0,1,0,0,0,0,national
2025,AR,05009,Boone,FU7RSW4CQQY98A2O7J66,"BOKF, National Association",1,1,0,0.11,1,0,0,0,0,1,0,0,0,0,national
2025,AR,05009,Boone,KB1H1DSPRFMYMCUFXT09,"Wells Fargo Bank, National Association",1,1,0,0.11,1,0,0,0,0,1,0,0,0,0,national
2025,AR,05009,Boone,Q7C315HKI8VX0SSKBS64,Cadence Bank,1,1,0,0.11,1,0,0,0,0,1,0,0,0,0,national
2025,AR,05009,Boone,5493000YNV8IX4VD3X12,"VANDERBILT MORTGAGE AND FINANCE, INC.",17,0,6,0.0,17,0,0,0,0,0,0,0,0,0,national
2025,AR,05009,Boone,549300ALNLUNS3Y53T24,AMERICAN FINANCING CORPORATION,5,0,2,0.0,0,4,1,0,0,0,0,0,0,0,national
2025,AR,05009,Boone,549300BX448ALT10FI43,The Federal Savings Bank,5,0,0,0.0,2,0,3,0,0,0,0,0,0,0,national
2025,AR,05031,Craighead,COINQMNIM6RBU631DD85,Arvest Bank,319,213,36,8.21,255,47,14,3,0,173,31,8,1,0,national
2025,AR,05031,Craighead,549300DPRWSBUY619V27,Simmons Bank,159,118,21,4.55,139,18,1,1,0,105,12,0,1,0,national
2025,AR,05031,Craighead,549300IEIM2IT5YK4368,First Community Bank,133,102,8,3.93,100,30,0,3,0,74,25,0,3,0,national
2025,AR,05031,Craighead,549300FGXN1K3HLB1R50,"Rocket Mortgage, LLC",150,98,35,3.78,98,36,16,0,0,68,19,11,0,0,national
2025,AR,05031,Craighead,549300HW662MN1WU8550,"United Wholesale Mortgage, LLC",125,83,24,3.2,54,43,26,2,0,37,26,19,1,0,national
2025,AR,05031,Craighead,549300MGPZBLQDIL7538,FAIRWAY INDEPENDENT MORTGAGE CORPORATION,107,82,6,3.16,40,59,4,4,0,30,47,2,3,0,national
2025,AR,05031,Craighead,5493003EW6T31TGECO83,,96,78,1,3.01,93,3,0,0,0,78,0,0,0,0,national
2025,AR,05031,Craighead,2549007JQKHU8KQ0FC19,"FIRSTTRUST HOME LOANS, INC.",101,77,0,2.97,32,50,8,11,0,22,41,7,7,0,national
2025,AR,05031,Craighead,549300YKBMBBIIMQJS94,Southern Bank,84,75,0,2.89,84,0,0,0,0,75,0,0,0,0,national
2025,AR,05031,Craighead,Q7C315HKI8VX0SSKBS64,Cadence Bank,112,70,25,2.7,105,5,1,1,0,66,3,0,1,0,national
2025,AR,05031,Craighead,5493001SXWZ4OFP8Z903,"DHI MORTGAGE COMPANY, LTD.",114,69,19,2.66,23,73,9,9,0,15,42,6,6,0,national
2025,AR,05031,Craighead,25490000VM5YTLF4NM50,,73,60,6,2.31,73,0,0,0,0,60,0,0,0,0,national
2025,AR,05031,Craighead,549300IRXW9RSZM2B951,,63,58,4,2.24,62,1,0,0,0,57,1,0,0,0,national
2025,AR,05031,Craighead,5493003V40VGM7YDFM54,FIRST COLONY MORTGAGE CORPORATION,65,56,1,2.16,65,0,0,0,0,56,0,0,0,0,national
2025,AR,05031,Craighead,549300BEFX6JRSCS5N78,Centennial Bank,95,56,21,2.16,73,17,1,4,0,42,11,1,2,0,national
2025,AR,05031,Craighead,COOWI3L2W9TPYR3WJX37,First Horizon Bank,87,56,12,2.16,74,9,2,2,0,48,5,2,1,0,national
2025,AR,05031,Craighead,549300VYK2WBD7SST478,Bank OZK,62,54,3,2.08,62,0,0,0,0,54,0,0,0,0,national
2025,AR,05031,Craighead,254900CNZPI5WN45KW48,First Financial Bank,69,50,5,1.93,26,36,3,4,0,16,29,3,2,0,national
2025,AR,05031,Craighead,549300VNBQD8FDHF7563,"MORTGAGE INVESTORS GROUP, INC.",45,44,0,1.7,33,9,1,2,0,32,9,1,2,0,national
2025,AR,05031,Craighead,549300ZZME37MXI1EF14,"DAS ACQUISITION COMPANY, LLC",72,43,3,1.66,18,40,2,12,0,10,25,1,7,0,national
2025,AR,05031,Craighead,549300CCQSH6ZSQHNS49,,43,41,0,1.58,43,0,0,0,0,41,0,0,0,0,national
2025,AR,05031,Craighead,RVDPPPGHCGZ40J4VQ731,"PENNYMAC LOAN SERVICES, LLC",95,41,6,1.58,31,46,16,2,0,14,21,5,1,0,national
2025,AR,05031,Craighead,549300DD5QQUHO6PCH70,"MORTGAGE RESEARCH CENTER, LLC",86,40,17,1.54,3,10,73,0,0,1,4,35,0,0,national
2025,AR,05031,Craighead,254900561K135J92VD38,First Security Bank,48,35,3,1.35,36,8,3,1,0,27,6,1,1,0,national
2025,AR,05031,Craighead,549300HIKKZQ0TVJWA08,ARKANSAS FEDERAL CREDIT UNION,87,35,31,1.35,85,0,2,0,0,34,0,1,0,0,national
2025,AR,05031,Craighead,EQTWLK1G7ODGC2MGLV11,Regions Bank,78,35,30,1.35,70,3,5,0,0,30,3,2,0,0,national
2025,AR,05031,Craighead,5493001GDRY0EL7VG372,"ARK-LA-TEX FINANCIAL SERVICES, LLC.",49,34,2,1.31,19,20,6,4,0,11,15,6,2,0,national
2025,AR,05031,Craighead,549300GBMYUTNLY00W24,,37,33,2,1.27,37,0,0,0,0,33,0,0,0,0,national
2025,AR,05031,Craighead,25490046GL77VSFSYG24,Signature Bank of Arkansas,39,30,1,1.16,39,0,0,0,0,30,0,0,0,0,national
2025,AR,05031,Craighead,549300LXKO1O7CSK5J52,"FLAT BRANCH MORTGAGE, INC.",38,29,1,1.12,23,10,4,1,0,18,8,2,1,0,national
2025,AR,05031,Craighead,549300LYRWPSYPK6S325,FREEDOM MORTGAGE CORPORATION,67,29,8,1.12,4,36,27,0,0,1,14,14,0,0,national
2025,AR,05031,Craighead,54930009DUZUXUZIDL84,,39,27,5,1.04,39,0,0,0,0,27,0,0,0,0,national
2025,AR,05031,Craighead,549300GKFNPRWNS0GF29,"AmeriHome Mortgage Company, LLC",34,25,2,0.96,13,14,1,6,0,10,11,1,3,0,national
2025,AR,05031,Craighead,549300JQEF6V2RNWCC75,Southern Bancorp Bank,34,23,2,0.89,31,2,0,1,0,23,0,0,0,0,national
2025,AR,05031,Craighead,549300QFP6J5QSZVF805,Eagle Bank and Trust Company,24,20,0,0.77,13,8,1,2,0,10,7,1,2,0,national
2025,AR,05031,Craighead,549300KHXD7JSQUZIJ22,"HIGHLANDS RESIDENTIAL MORTGAGE, LTD.",25,19,0,0.73,5,14,3,3,0,4,11,2,2,0,national
2025,AR,05031,Craighead,549300LBCBNR1OT00651,NATIONSTAR MORTGAGE LLC,30,18,6,0.69,24,5,1,0,0,15,3,0,0,0,national
2025,AR,05031,Craighead,254900UEAUWHP0CJXA09,,17,16,0,0.62,17,0,0,0,0,16,0,0,0,0,national
2025,AR,05031,Craighead,5493000JFVFQFL816N45,ENCORE BANK,17,15,1,0.58,15,2,0,0,0,14,1,0,0,0,national
2025,AR,05031,Craighead,549300GTVXJ2PGXNLM73,T2 FINANCIAL LLC,14,13,1,0.5,0,10,4,0,0,0,9,4,0,0,national
2025,AR,05031,Craighead,5493003GQDUH26DNNH17,Navy Federal Credit Union,22,12,5,0.46,14,0,8,0,0,9,0,3,0,0,national
2025,AR,05031,Craighead,549300AG64NHILB7ZP05,"LOANDEPOT.COM, LLC",24,12,9,0.46,12,11,1,0,0,6,5,1,0,0,national
2025,AR,05031,Craighead,549300H3IZO24NSOO931,"LENNAR MORTGAGE, LLC",21,12,5,0.46,3,17,1,0,0,2,9,1,0,0,national
2025,AR,05031,Craighead,549300E2UX99HKDBR481,"NEW AMERICAN FUNDING, LLC",34,11,4,0.42,9,24,1,0,0,4,7,0,0,0,national
2025,AR,05031,Craighead,549300RPOGWJRH63HS39,UNION HOME MORTGAGE CORP.,17,11,5,0.42,16,1,0,0,0,10,1,0,0,0,national
2025,AR,05031,Craighead,54930049L5WINET09Q97,"CLICK N' CLOSE, INC.",17,10,2,0.39,5,5,4,3,0,3,2,3,2,0,national
2025,AR,05031,Craighead,549300R9S3MVDV4MGF56,"CARRINGTON MORTGAGE SERVICES, LLC",16,10,5,0.39,8,6,2,0,0,5,3,2,0,0,national
2025,AR,05031,Craighead,5493001GCBD5XGNIC815,Coastal Community Bank,34,9,1,0.35,34,0,0,0,0,9,0,0,0,0,national
2025,AR,05031,Craighead,5493008NWHQT1R22C024,"AMERICAN FINANCIAL NETWORK, INC.",18,9,4,0.35,3,13,1,1,0,1,8,0,0,0,national
2025,AR,05031,Craighead,549300K4ZLGS7SRDTL86,Equity Prime Mortgage LLC,15,9,2,0.35,0,6,5,4,0,0,3,3,3,0,national
2025,AR,05031,Craighead,549300MZ8VZJOVC63092,"KIND LENDING, LLC",16,9,7,0.35,2,9,3,2,0,1,6,2,0,0,national
2025,AR,05031,Craighead,549300RN01LBYR8ZVX74,"LOWER, LLC",12,9,1,0.35,5,5,2,0,0,4,5,0,0,0,national
2025,AR,05031,Craighead,549300SEIRB4CK6DTC04,,9,9,0,0.35,9,0,0,0,0,9,0,0,0,0,national
2025,AR,05031,Craighead,549300YIQ7S7Z8PIHE53,AMERISAVE MORTGAGE CORPORATION,43,9,26,0.35,19,19,5,0,0,5,4,0,0,0,national
2025,AR,05031,Craighead,254900UL88QFG0E40516,FIGURE LENDING LLC,14,8,2,0.31,14,0,0,0,0,8,0,0,0,0,national
2025,AR,05031,Craighead,254900ZFWS2106HWPH46,"PARAMOUNT RESIDENTIAL MORTGAGE GROUP, INC.",13,8,2,0.31,2,9,0,2,0,2,6,0,0,0,national
2025,AR,05031,Craighead,549300OPCWU6E72WUT29,"MUTUAL OF OMAHA MORTGAGE, INC.",14,8,3,0.31,3,9,2,0,0,3,4,1,0,0,national
2025,AR,05031,Craighead,6BYL5QZYBDK8S7L73M02,U.S. Bank National Association,22,8,9,0.31,21,0,1,0,0,8,0,0,0,0,national
2025,AR,05031,Craighead,AD6GFRVSDT01YPT1CS68,"PNC Bank, National Association",10,8,2,0.31,9,1,0,0,0,7,1,0,0,0,national
2025,AR,05031,Craighead,C5654JQHZUHN0772B561,USAA Federal Savings Bank,14,8,3,0.31,2,0,12,0,0,0,0,8,0,0,national
2025,AR,05031,Craighead,5493009I5VHHGVFQ1O54,,8,7,1,0.27,8,0,0,0,0,7,0,0,0,0,national
2025,AR,05031,Craighead,549300FNXYY540N23N64,Newrez LLC,42,7,8,0.27,22,16,3,1,0,4,1,1,1,0,national
2025,AR,05031,Craighead,549300VCMRO4ST680C11,VILLAGE CAPITAL & INVESTMENT LLC,19,7,5,0.27,0,7,12,0,0,0,4,3,0,0,national
2025,AR,05031,Craighead,549300VORTI31GZTJL53,"CARDINAL FINANCIAL COMPANY, LIMITED PARTNERSHIP",8,7,1,0.27,0,8,0,0,0,0,7,0,0,0,national
2025,AR,05031,Craighead,549300XWUSRVVOHPRY47,Academy Mortgage Corporation,20,7,2,0.27,7,11,0,2,0,0,5,0,2,0,national
2025,AR,05031,Craighead,5493000YNV8IX4VD3X12,"VANDERBILT MORTGAGE AND FINANCE, INC.",84,6,34,0.23,84,0,0,0,0,6,0,0,0,0,national
2025,AR,05031,Craighead,549300370QILXLFUWD20,"ZILLOW HOME LOANS, LLC",7,6,0,0.23,4,3,0,0,0,3,3,0,0,0,national
2025,AR,05031,Craighead,549300O6Z0I6KYMESL47,AMWEST FUNDING CORP.,6,6,0,0.23,6,0,0,0,0,6,0,0,0,0,national
2025,AR,05031,Craighead,549300XY701IELCE5Q08,BETTER MORTGAGE CORPORATION,12,6,3,0.23,9,3,0,0,0,5,1,0,0,0,national
2025,AR,05031,Craighead,KB1H1DSPRFMYMCUFXT09,"Wells Fargo Bank, National Association",10,6,3,0.23,8,2,0,0,0,5,1,0,0,0,national
2025,AR,05031,Craighead,25490066WMF8ZMQXQB18,"Lendage, LLC",5,5,0,0.19,5,0,0,0,0,5,0,0,0,0,national
2025,AR,05031,Craighead,5493002B2WMHY23GFK92,"AMERICAN FINANCIAL RESOURCES, INC.",6,5,0,0.19,1,2,1,2,0,1,2,1,1,0,national
2025,AR,05031,Craighead,5493007ASPHNTEYEZ797,,6,5,0,0.19,1,5,0,0,0,1,4,0,0,0,national
2025,AR,05031,Craighead,549300AQ3T62GXDU7D76,GUILD MORTGAGE COMPANY LLC,6,5,0,0.19,1,5,0,0,0,1,4,0,0,0,national
2025,AR,05031,Craighead,549300G5DVGM0ZHRQC33,,7,5,1,0.19,0,0,7,0,0,0,0,5,0,0,national
2025,AR,05031,Craighead,549300PBTV7FCWLSMM53,,16,5,2,0.19,0,3,12,1,0,0,0,5,0,0,national
2025,AR,05031,Craighead,549300PIL8LFAQ04XC20,Better Mortgage Corporation,15,5,9,0.19,15,0,0,0,0,5,0,0,0,0,national
2025,AR,05031,Craighead,549300R0SXC1JU7ZU290,"FIRST COMMUNITY MORTGAGE, INC.",6,5,0,0.19,2,2,0,2,0,1,2,0,2,0,national
2025,AR,05031,Craighead,549300ZPSJZO10ZAX556,"AMERICAN HERITAGE LENDING, LLC",6,5,0,0.19,6,0,0,0,0,5,0,0,0,0,national
2025,AR,05031,Craighead,7H6GLXDRUGQFU57RNE97,"JPMorgan Chase Bank, National Association",9,5,1,0.19,7,2,0,0,0,4,1,0,0,0,national
2025,AR,05031,Craighead,254900HA4DQWAE0W3342,"AMERIHOME MORTGAGE COMPANY, LLC",6,4,0,0.15,2,3,1,0,0,2,1,1,0,0,national
2025,AR,05031,Craighead,254900RD08FFMO7DRN13,,4,4,0,0.15,4,0,0,0,0,4,0,0,0,0,national
2025,AR,05031,Craighead,5493001WHVQBGRSWEU75,"HOMEBRIDGE FINANCIAL SERVICES, INC.",7,4,2,0.15,2,1,4,0,0,2,1,1,0,0,national
2025,AR,05031,Craighead,5493006JISETNI0GLE61,,5,4,0,0.15,5,0,0,0,0,4,0,0,0,0,national
2025,AR,05031,Craighead,549300BX448ALT10FI43,The Federal Savings Bank,8,4,0,0.15,0,3,5,0,0,0,2,2,0,0,national
2025,AR,05031,Craighead,549300CUUEEQ66ZVK149,,5,4,0,0.15,2,3,0,0,0,1,3,0,0,0,national
2025,AR,05031,Craighead,549300IJ8KTGYPKLXK63,,6,4,0,0.15,1,3,2,0,0,1,1,2,0,0,national
2025,AR,05031,Craighead,549300U3721PJGQZYY68,"GUARANTEED RATE, INC.",8,4,2,0.15,3,3,2,0,0,1,2,1,0,0,national
2025,AR,05031,Craighead,549300W2LKZKSX67ZU02,,4,4,0,0.15,4,0,0,0,0,4,0,0,0,0,national
2025,AR,05031,Craighead,549300XQVJ1XBNFA5536,21ST MORTGAGE CORPORATION,19,4,9,0.15,19,0,0,0,0,4,0,0,0,0,national
2025,AR,05031,Craighead,B4TYDEB6GKMZO031MB27,"Bank of America, National Association",24,4,13,0.15,24,0,0,0,0,4,0,0,0,0,national
2025,AR,05031,Craighead,X05BVSK68TQ7YTOSNR22,Discover Bank,18,4,10,0.15,18,0,0,0,0,4,0,0,0,0,national
2025,AR,05031,Craighead,254900V9842QPBGIO804,,3,3,0,0.12,3,0,0,0,0,3,0,0,0,0,national
2025,AR,05031,Craighead,254900WEP08K7U7S3A80,,3,3,0,0.12,0,2,0,1,0,0,2,0,1,0,national
2025,AR,05031,Craighead,54930021WPEXNHYZUL09,"PLANET HOME LENDING, LLC",4,3,1,0.12,1,2,1,0,0,1,1,1,0,0,national
2025,AR,05031,Craighead,54930030Z1JWTP3SVD16,,3,3,0,0.12,0,2,0,1,0,0,2,0,1,0,national
2025,AR,05031,Craighead,5493003K6JB8F2ZMRI65,,3,3,0,0.12,3,0,0,0,0,3,0,0,0,0,national
2025,AR,05031,Craighead,54930054ET8KM4O1D485,"SOFI BANK, NATIONAL ASSOCIATION",8,3,1,0.12,8,0,0,0,0,3,0,0,0,0,national
2025,AR,05031,Craighead,549300A5HHOL2ED18C72,,4,3,0,0.12,3,0,1,0,0,2,0,1,0,0,national
2025,AR,05031,Craighead,549300DMYENRV818D594,,4,3,0,0.12,4,0,0,0,0,3,0,0,0,0,national
2025,AR,05031,Craighead,549300K2JM6ID3V5LO24,,3,3,0,0.12,3,0,0,0,0,3,0,0,0,0,national
2025,AR,05031,Craighead,549300NOCASXPA34X033,"LAKEVIEW LOAN SERVICING, LLC",21,3,10,0.12,9,12,0,0,0,0,3,0,0,0,national
2025,AR,05031,Craighead,549300PJ2WT35S77Q208,,3,3,0,0.12,0,3,0,0,0,0,3,0,0,0,national
2025,AR,05031,Craighead,549300R7HGHP2I754087,TOWNE MORTGAGE COMPANY,3,3,0,0.12,1,1,1,0,0,1,1,1,0,0,national
2025,AR,05031,Craighead,549300VZVN841I2ILS84,"CROSSCOUNTRY MORTGAGE, LLC",3,3,0,0.12,0,1,2,0,0,0,1,2,0,0,national
2025,AR,05031,Craighead,549300Y4CEEGC4KCFI45,,3,3,0,0.12,3,0,0,0,0,3,0,0,0,0,national
2025,AR,05031,Craighead,C398JSK21YCXWM603F55,"Barrington Bank & Trust Company, National Association",3,3,0,0.12,0,0,3,0,0,0,0,3,0,0,national
2025,AR,05031,Craighead,PAOOWF3GUFM46FBSP561,,5,3,0,0.12,2,1,2,0,0,1,1,1,0,0,national
2025,AR,05031,Craighead,549300121SF0K2LN2804,"PRIMELENDING, A PLAINSCAPITAL COMPANY",3,2,0,0.08,3,0,0,0,0,2,0,0,0,0,national
2025,AR,05031,Craighead,54930016ZSB1QWXLRJ13,"MY MOVE MORTGAGE, LLC",3,2,0,0.08,3,0,0,0,0,2,0,0,0,0,national
2025,AR,05031,Craighead,5493002QRULT2T40BH09,COMMUNITYAMERICA FEDERAL CREDIT UNION,2,2,0,0.08,2,0,0,0,0,2,0,0,0,0,national
2025,AR,05031,Craighead,5493002RF1ERFA2XR050,Renasant Bank,3,2,1,0.08,1,1,1,0,0,0,1,1,0,0,national
2025,AR,05031,Craighead,5493002TJKC8NLH1ZP82,,3,2,0,0.08,1,0,2,0,0,1,0,1,0,0,national
2025,AR,05031,Craighead,5493002Y5XYV7DV1ZV88,"GOLD STAR MORTGAGE FINANCIAL GROUP, CORPORATION",3,2,1,0.08,0,3,0,0,0,0,2,0,0,0,national
2025,AR,05031,Craighead,5493008ETVHBTJEF0O91,,2,2,0,0.08,2,0,0,0,0,2,0,0,0,0,national
2025,AR,05031,Craighead,549300C8GOC4OYUV0Z32,,3,2,0,0.08,3,0,0,0,0,2,0,0,0,0,national
2025,AR,05031,Craighead,549300CDOC4F7XSRG390,Pinnacle Bank,2,2,0,0.08,2,0,0,0,0,2,0,0,0,0,national
2025,AR,05031,Craighead,549300DG3IV05V4C4E03,EUSTIS MORTGAGE CORPORATION,2,2,0,0.08,2,0,0,0,0,2,0,0,0,0,national
2025,AR,05031,Craighead,549300L1DBFIJZI8LA40,,2,2,0,0.08,1,1,0,0,0,1,1,0,0,0,national
2025,AR,05031,Craighead,549300PC4MFWQBNVKG88,"V.I.P. MORTGAGE, INC.",3,2,0,0.08,3,0,0,0,0,2,0,0,0,0,national
2025,AR,05031,Craighead,549300R77W0P105C3S50,HOMEXPRESS MORTGAGE CORP.,4,2,2,0.08,4,0,0,0,0,2,0,0,0,0,national
2025,AR,05031,Craighead,549300RM1IZYGQDSNL85,,4,2,0,0.08,2,1,1,0,0,2,0,0,0,0,national
2025,AR,05031,Craighead,549300SK2GVCQXPD4S58,"SUN WEST MORTGAGE COMPANY, INC.",3,2,1,0.08,1,2,0,0,0,1,1,0,0,0,national
2025,AR,05031,Craighead,549300SUCQ1358EGVE89,"NEW DAY FINANCIAL, LLC",27,2,6,0.08,0,0,27,0,0,0,0,2,0,0,national
2025,AR,05031,Craighead,549300UG7QXKM7KGV847,,3,2,0,0.08,3,0,0,0,0,2,0,0,0,0,national
2025,AR,05031,Craighead,213800XR2TCBQJSF1X93,,1,1,0,0.04,0,1,0,0,0,0,1,0,0,0,national
2025,AR,05031,Craighead,2549001SI0EMFPT39035,"Cornerstone First Mortgage, Inc",2,1,0,0.04,0,2,0,0,0,0,1,0,0,0,national
2025,AR,05031,Craighead,254900378RFGMBEKAF12,Empeople Credit Union,9,1,6,0.04,9,0,0,0,0,1,0,0,0,0,national
2025,AR,05031,Craighead,254900DRSIZBQXDCJ875,,1,1,0,0.04,1,0,0,0,0,1,0,0,0,0,national
2025,AR,05031,Craighead,254900E6AIE4Z8YQM970,Citadel Servicing Corporation,1,1,0,0.04,1,0,0,0,0,1,0,0,0,0,national
2025,AR,05031,Craighead,254900FJRICL380R4T46,Leaders Credit Union,1,1,0,0.04,1,0,0,0,0,1,0,0,0,0,national
2025,AR,05031,Craighead,254900HEJ9F73IMPX887,,1,1,0,0.04,1,0,0,0,0,1,0,0,0,0,national
2025,AR,05031,Craighead,254900KI7219LQKCI772,First Western Trust Bank,1,1,0,0.04,0,0,1,0,0,0,0,1,0,0,national
2025,AR,05031,Craighead,254900U2ZPLWQTSD3158,,1,1,0,0.04,1,0,0,0,0,1,0,0,0,0,national
2025,AR,05031,Craighead,254900UD8AEXTVCVAF72,,1,1,0,0.04,1,0,0,0,0,1,0,0,0,0,national
2025,AR,05031,Craighead,254900XPILOY1LB5CK32,,1,1,0,0.04,0,1,0,0,0,0,1,0,0,0,national
2025,AR,05031,Craighead,5493003IRCQIQ6T3QS04,,1,1,0,0.04,1,0,0,0,0,1,0,0,0,0,national
2025,AR,05031,Craighead,54930044OSTKOJMHF287,"Capital Bank, National Association",1,1,0,0.04,0,1,0,0,0,0,1,0,0,0,national
2025,AR,05031,Craighead,5493004R423PBPM6A173,,1,1,0,0.04,0,1,0,0,0,0,1,0,0,0,national
2025,AR,05031,Craighead,5493004T9SQFCNRQ2L76,,1,1,0,0.04,1,0,0,0,0,1,0,0,0,0,national
2025,AR,05031,Craighead,5493005PD34O8ZT7QT17,,1,1,0,0.04,1,0,0,0,0,1,0,0,0,0,national
2025,AR,05031,Craighead,5493005PKOSG7MYX0B34,"Prosperity Home Mortgage, LLC",1,1,0,0.04,0,0,1,0,0,0,0,1,0,0,national
2025,AR,05031,Craighead,54930067KY3OO1D8HC58,ASSOCIATED MORTGAGE CORPORATION,1,1,0,0.04,1,0,0,0,0,1,0,0,0,0,national
2025,AR,05031,Craighead,5493006VAGP3GQ8FJT49,"Kiavi Funding, Inc.",34,1,1,0.04,34,0,0,0,0,1,0,0,0,0,national
2025,AR,05031,Craighead,5493007CLWQN2S6IZK91,,2,1,1,0.04,0,1,1,0,0,0,1,0,0,0,national
2025,AR,05031,Craighead,5493008ZTV4S0W9DCX64,,1,1,0,0.04,0,1,0,0,0,0,1,0,0,0,national
2025,AR,05031,Craighead,5493009F6BJDCZMZ7Y26,,2,1,0,0.04,1,1,0,0,0,0,1,0,0,0,national
2025,AR,05031,Craighead,549300ALNLUNS3Y53T24,AMERICAN FINANCING CORPORATION,7,1,2,0.04,3,4,0,0,0,0,1,0,0,0,national
2025,AR,05031,Craighead,549300BLL6VL7AXWYP56,CHURCHILL MORTGAGE CORPORATION,5,1,0,0.04,4,0,1,0,0,1,0,0,0,0,national
2025,AR,05031,Craighead,549300C1ICNCM0V37Y02,"First State Bank of St. Charles, Missouri",1,1,0,0.04,1,0,0,0,0,1,0,0,0,0,national
2025,AR,05031,Craighead,549300CB67L6KPJLHE19,"TRIAD FINANCIAL SERVICES, INC.",39,1,25,0.04,39,0,0,0,0,1,0,0,0,0,national
2025,AR,05031,Craighead,549300EKFFG3BU8DNX74,NEXERA HOLDING LLC,2,1,0,0.04,2,0,0,0,0,1,0,0,0,0,national
2025,AR,05031,Craighead,549300EMNDEK4BA8WB53,EMM LOANS LLC,1,1,0,0.04,0,1,0,0,0,0,1,0,0,0,national
2025,AR,05031,Craighead,549300F04B6FGYBJY412,First State Community Bank,1,1,0,0.04,1,0,0,0,0,1,0,0,0,0,national
2025,AR,05031,Craighead,549300FAG4VH7YJ66576,,1,1,0,0.04,1,0,0,0,0,1,0,0,0,0,national
2025,AR,05031,Craighead,549300ISCZS1R0CJMO47,,1,1,0,0.04,1,0,0,0,0,1,0,0,0,0,national
2025,AR,05031,Craighead,549300J7I82PNDVU8H22,"OCMBC, INC.",1,1,0,0.04,1,0,0,0,0,1,0,0,0,0,national
2025,AR,05031,Craighead,549300JE6M4A1G4LPS75,,1,1,0,0.04,1,0,0,0,0,1,0,0,0,0,national
2025,AR,05031,Craighead,549300JOYC0RUSF9DL04,,1,1,0,0.04,1,0,0,0,0,1,0,0,0,0,national
2025,AR,05031,Craighead,549300JYXTZDSPJEPI44,"PLAZA HOME MORTGAGE, INC.",2,1,0,0.04,1,0,1,0,0,0,0,1,0,0,national
2025,AR,05031,Craighead,549300KIOYNU323LVJ37,AMERICAN PACIFIC MORTGAGE CORPORATION,3,1,0,0.04,1,2,0,0,0,0,1,0,0,0,national
2025,AR,05031,Craighead,549300MCPCNPQAOB4032,GMFS LLC,2,1,0,0.04,0,1,0,1,0,0,1,0,0,0,national
2025,AR,05031,Craighead,549300OGIGNKGO2DX942,,1,1,0,0.04,1,0,0,0,0,1,0,0,0,0,national
2025,AR,05031,Craighead,549300P3JUY6QMZ8DY86,,1,1,0,0.04,1,0,0,0,0,1,0,0,0,0,national
2025,AR,05031,Craighead,549300PL267CW8182203,,2,1,0,0.04,0,1,1,0,0,0,0,1,0,0,national
2025,AR,05031,Craighead,549300Q02LGIN9AXKP98,FIRST TECHNOLOGY FEDERAL CREDIT UNION,1,1,0,0.04,1,0,0,0,0,1,0,0,0,0,national
2025,AR,05031,Craighead,549300QLO8TSQW5JTK72,WEST GATE BANK,1,1,0,0.04,1,0,0,0,0,1,0,0,0,0,national
2025,AR,05031,Craighead,549300QR0KFPEDZPEI42,STOCKTON MORTGAGE CORPORATION,4,1,1,0.04,4,0,0,0,0,1,0,0,0,0,national
2025,AR,05031,Craighead,549300RZFHIGIM84KN09,,1,1,0,0.04,1,0,0,0,0,1,0,0,0,0,national
2025,AR,05031,Craighead,549300S5YL3OH0IVCS62,FINANCE OF AMERICA REVERSE LLC,1,1,0,0.04,0,1,0,0,0,0,1,0,0,0,national
2025,AR,05031,Craighead,549300SQH6MBVMMRRA85,,1,1,0,0.04,1,0,0,0,0,1,0,0,0,0,national
2025,AR,05031,Craighead,549300UR5AOWTJJ7KZ64,,1,1,0,0.04,1,0,0,0,0,1,0,0,0,0,national
2025,AR,05031,Craighead,549300XZEU2LB7FLWW04,,1,1,0,0.04,1,0,0,0,0,1,0,0,0,0,national
2025,AR,05031,Craighead,549300YD7XJM19TH5O82,CITIZENS EQUITY FIRST CREDIT UNION,1,1,0,0.04,1,0,0,0,0,1,0,0,0,0,national
2025,AR,05031,Craighead,549300YW2UBCMDRMBT48,,2,1,0,0.04,1,1,0,0,0,1,0,0,0,0,national
2025,AR,05031,Craighead,549300ZWNETGFXTBBY03,"CANOPY MORTGAGE, LLC",4,1,0,0.04,1,2,0,1,0,0,1,0,0,0,national
2025,AR,05031,Craighead,549300ZX4OGRPOOEH505,,1,1,0,0.04,1,0,0,0,0,1,0,0,0,0,national
2025,AR,05031,Craighead,8I3UVGYULPJQIP7FQV10,"SouthState Bank, National Association",1,1,0,0.04,1,0,0,0,0,1,0,0,0,0,national
2025,AR,05031,Craighead,984500CBWD5B079K2C86,,1,1,0,0.04,0,1,0,0,0,0,1,0,0,0,national
2025,AR,05031,Craighead,984500U2F9A83N391A91,"CHAMPIONS FUNDING, LLC",1,1,0,0.04,1,0,0,0,0,1,0,0,0,0,national
2025,AR,05031,Craighead,DRMSV1Q0EKMEXLAU1P80,"Citizens Bank, National Association",5,1,2,0.04,5,0,0,0,0,1,0,0,0,0,national
2025,AR,05031,Craighead,JJKC32MCHWDI71265Z06,Truist Bank,2,1,1,0.04,1,1,0,0,0,0,1,0,0,0,national
2025,AR,05031,Craighead,PINLJ7T7GLTF48NFP863,,1,1,0,0.04,1,0,0,0,0,1,0,0,0,0,national
2025,AR,05031,Craighead,Q708HHR4LD2B7XIZNO92,First Federal Bank,1,1,0,0.04,0,0,1,0,0,0,0,1,0,0,national
2025,AR,05031,Craighead,SS1TRMSN6BRNMOREEV51,"Flagstar Bank, National Association",2,1,1,0.04,0,2,0,0,0,0,1,0,0,0,national
2025,AR,05031,Craighead,549300249G20MDIDRR27,,7,0,2,0.0,7,0,0,0,0,0,0,0,0,0,national
2025,AR,05031,Craighead,54930091JQKCU3Z6IP44,,6,0,0,0.0,6,0,0,0,0,0,0,0,0,0,national
2025,AR,05031,Craighead,549300Q3ROEQU3D1IW91,,17,0,12,0.0,17,0,0,0,0,0,0,0,0,0,national
2025,AR,05031,Craighead,549300YN94MOAVYW0F52,"GoodLeap, LLC",6,0,4,0.0,4,2,0,0,0,0,0,0,0,0,national
2025,AR,05033,Crawford,COINQMNIM6RBU631DD85,Arvest Bank,233,149,42,11.13,192,28,8,5,0,117,22,6,4,0,national
2025,AR,05033,Crawford,549300KHXD7JSQUZIJ22,"HIGHLANDS RESIDENTIAL MORTGAGE, LTD.",124,99,0,7.39,51,53,14,6,0,44,41,10,4,0,national
2025,AR,05033,Crawford,549300FGXN1K3HLB1R50,"Rocket Mortgage, LLC",130,87,24,6.5,83,29,18,0,0,53,20,14,0,0,national
2025,AR,05033,Crawford,549300PKEQ3Q9S0IXW76,UNITED FEDERAL CREDIT UNION,135,78,38,5.83,126,4,3,2,0,72,3,2,1,0,national
2025,AR,05033,Crawford,549300EY247F6R5IHX75,,89,77,7,5.75,83,2,1,3,0,71,2,1,3,0,national
2025,AR,05033,Crawford,549300VWURV8LBNGQ353,Firstar Bank,85,73,4,5.45,53,16,8,8,0,45,15,8,5,0,national
2025,AR,05033,Crawford,2549007JQKHU8KQ0FC19,"FIRSTTRUST HOME LOANS, INC.",84,67,0,5.0,30,34,12,8,0,24,28,8,7,0,national
2025,AR,05033,Crawford,Q7C315HKI8VX0SSKBS64,Cadence Bank,73,50,11,3.73,64,8,0,1,0,44,6,0,0,0,national
2025,AR,05033,Crawford,549300HIKKZQ0TVJWA08,ARKANSAS FEDERAL CREDIT UNION,82,44,20,3.29,82,0,0,0,0,44,0,0,0,0,national
2025,AR,05033,Crawford,549300LXKO1O7CSK5J52,"FLAT BRANCH MORTGAGE, INC.",44,36,0,2.69,19,19,4,2,0,17,14,3,2,0,national
2025,AR,05033,Crawford,549300VYK2WBD7SST478,Bank OZK,52,28,18,2.09,49,3,0,0,0,27,1,0,0,0,national
2025,AR,05033,Crawford,549300HW662MN1WU8550,"United Wholesale Mortgage, LLC",41,27,6,2.02,9,16,16,0,0,5,7,15,0,0,national
2025,AR,05033,Crawford,254900CNZPI5WN45KW48,First Financial Bank,33,26,0,1.94,18,9,5,1,0,15,7,3,1,0,national
2025,AR,05033,Crawford,549300DD5QQUHO6PCH70,"MORTGAGE RESEARCH CENTER, LLC",64,22,14,1.64,3,1,59,1,0,0,1,21,0,0,national
2025,AR,05033,Crawford,549300BREPLU2KKPI102,The First National Bank of Fort Smith,31,21,2,1.57,21,8,1,1,0,15,6,0,0,0,national
2025,AR,05033,Crawford,549300DMYENRV818D594,,24,21,1,1.57,13,5,5,1,0,10,5,5,1,0,national
2025,AR,05033,Crawford,549300MGPZBLQDIL7538,FAIRWAY INDEPENDENT MORTGAGE CORPORATION,25,21,0,1.57,6,12,4,3,0,5,10,3,3,0,national
2025,AR,05033,Crawford,54930039OWZFM2IGRN69,,21,20,1,1.49,20,1,0,0,0,19,1,0,0,0,national
2025,AR,05033,Crawford,5493003GQDUH26DNNH17,Navy Federal Credit Union,26,18,2,1.34,17,0,9,0,0,10,0,8,0,0,national
2025,AR,05033,Crawford,549300QWJ3UDIX8KBP64,,24,18,2,1.34,24,0,0,0,0,18,0,0,0,0,national
2025,AR,05033,Crawford,254900UL88QFG0E40516,FIGURE LENDING LLC,28,14,6,1.05,28,0,0,0,0,14,0,0,0,0,national
2025,AR,05033,Crawford,549300O2D8BPO6PJRB90,Armstrong Bank,22,14,4,1.05,22,0,0,0,0,14,0,0,0,0,national
2025,AR,05033,Crawford,549300AG64NHILB7ZP05,"LOANDEPOT.COM, LLC",23,13,7,0.97,11,11,1,0,0,6,7,0,0,0,national
2025,AR,05033,Crawford,549300R0SXC1JU7ZU290,"FIRST COMMUNITY MORTGAGE, INC.",15,13,0,0.97,6,5,3,1,0,5,5,3,0,0,national
2025,AR,05033,Crawford,RVDPPPGHCGZ40J4VQ731,"PENNYMAC LOAN SERVICES, LLC",26,13,4,0.97,9,12,5,0,0,3,6,4,0,0,national
2025,AR,05033,Crawford,5493008YOT5ACN2UNP66,,21,12,0,0.9,12,6,2,1,0,5,5,1,1,0,national
2025,AR,05033,Crawford,549300LYRWPSYPK6S325,FREEDOM MORTGAGE CORPORATION,36,12,6,0.9,0,20,16,0,0,0,6,6,0,0,national
2025,AR,05033,Crawford,549300XQVJ1XBNFA5536,21ST MORTGAGE CORPORATION,62,12,28,0.9,62,0,0,0,0,12,0,0,0,0,national
2025,AR,05033,Crawford,6BYL5QZYBDK8S7L73M02,U.S. Bank National Association,37,12,21,0.9,36,1,0,0,0,11,1,0,0,0,national
2025,AR,05033,Crawford,549300CB67L6KPJLHE19,"TRIAD FINANCIAL SERVICES, INC.",45,10,23,0.75,45,0,0,0,0,10,0,0,0,0,national
2025,AR,05033,Crawford,549300LBCBNR1OT00651,NATIONSTAR MORTGAGE LLC,13,10,2,0.75,10,2,1,0,0,8,1,1,0,0,national
2025,AR,05033,Crawford,EQTWLK1G7ODGC2MGLV11,Regions Bank,27,10,15,0.75,23,3,0,1,0,8,1,0,1,0,national
2025,AR,05033,Crawford,549300LAQ3M8E5I08F43,,14,9,2,0.67,14,0,0,0,0,9,0,0,0,0,national
2025,AR,05033,Crawford,C5654JQHZUHN0772B561,USAA Federal Savings Bank,13,9,3,0.67,3,0,10,0,0,3,0,6,0,0,national
2025,AR,05033,Crawford,5493000YNV8IX4VD3X12,"VANDERBILT MORTGAGE AND FINANCE, INC.",38,8,12,0.6,38,0,0,0,0,8,0,0,0,0,national
2025,AR,05033,Crawford,549300BEFX6JRSCS5N78,Centennial Bank,9,7,1,0.52,6,2,1,0,0,5,1,1,0,0,national
2025,AR,05033,Crawford,549300FNXYY540N23N64,Newrez LLC,27,7,6,0.52,10,12,5,0,0,2,1,4,0,0,national
2025,AR,05033,Crawford,549300YIQ7S7Z8PIHE53,AMERISAVE MORTGAGE CORPORATION,26,6,17,0.45,14,8,4,0,0,3,2,1,0,0,national
2025,AR,05033,Crawford,254900561K135J92VD38,First Security Bank,8,5,0,0.37,8,0,0,0,0,5,0,0,0,0,national
2025,AR,05033,Crawford,54930013SG5BXUL3G429,,5,5,0,0.37,5,0,0,0,0,5,0,0,0,0,national
2025,AR,05033,Crawford,X05BVSK68TQ7YTOSNR22,Discover Bank,9,5,4,0.37,9,0,0,0,0,5,0,0,0,0,national
2025,AR,05033,Crawford,5493003L2LYA333BZY52,,5,4,1,0.3,5,0,0,0,0,4,0,0,0,0,national
2025,AR,05033,Crawford,549300E2UX99HKDBR481,"NEW AMERICAN FUNDING, LLC",33,4,4,0.3,9,21,3,0,0,2,2,0,0,0,national
2025,AR,05033,Crawford,549300QFP6J5QSZVF805,Eagle Bank and Trust Company,4,4,0,0.3,4,0,0,0,0,4,0,0,0,0,national
2025,AR,05033,Crawford,549300VZVN841I2ILS84,"CROSSCOUNTRY MORTGAGE, LLC",8,4,0,0.3,2,4,2,0,0,1,1,2,0,0,national
2025,AR,05033,Crawford,7H6GLXDRUGQFU57RNE97,"JPMorgan Chase Bank, National Association",5,4,1,0.3,4,1,0,0,0,3,1,0,0,0,national
2025,AR,05033,Crawford,25490046GL77VSFSYG24,Signature Bank of Arkansas,3,3,0,0.22,3,0,0,0,0,3,0,0,0,0,national
2025,AR,05033,Crawford,5493000V86JDJLM0OV13,,3,3,0,0.22,3,0,0,0,0,3,0,0,0,0,national
2025,AR,05033,Crawford,5493002B2WMHY23GFK92,"AMERICAN FINANCIAL RESOURCES, INC.",4,3,0,0.22,0,1,3,0,0,0,1,2,0,0,national
2025,AR,05033,Crawford,54930054ET8KM4O1D485,"SOFI BANK, NATIONAL ASSOCIATION",12,3,1,0.22,12,0,0,0,0,3,0,0,0,0,national
2025,AR,05033,Crawford,549300AQ3T62GXDU7D76,GUILD MORTGAGE COMPANY LLC,4,3,0,0.22,2,1,0,1,0,2,0,0,1,0,national
2025,AR,05033,Crawford,549300BX448ALT10FI43,The Federal Savings Bank,5,3,1,0.22,0,0,5,0,0,0,0,3,0,0,national
2025,AR,05033,Crawford,549300GTVXJ2PGXNLM73,T2 FINANCIAL LLC,3,3,0,0.22,0,0,2,1,0,0,0,2,1,0,national
2025,AR,05033,Crawford,549300OPCWU6E72WUT29,"MUTUAL OF OMAHA MORTGAGE, INC.",16,3,5,0.22,5,9,1,1,0,2,1,0,0,0,national
2025,AR,05033,Crawford,549300R9S3MVDV4MGF56,"CARRINGTON MORTGAGE SERVICES, LLC",9,3,5,0.22,2,6,1,0,0,2,1,0,0,0,national
2025,AR,05033,Crawford,549300UG7QXKM7KGV847,,4,3,0,0.22,4,0,0,0,0,3,0,0,0,0,national
2025,AR,05033,Crawford,254900XDI51NPWZM0N29,Union Bank,2,2,0,0.15,2,0,0,0,0,2,0,0,0,0,national
2025,AR,05033,Crawford,5493000NYUJT9UC6G261,LEADERONE FINANCIAL CORPORATION,3,2,0,0.15,0,2,1,0,0,0,2,0,0,0,national
2025,AR,05033,Crawford,54930021WPEXNHYZUL09,"PLANET HOME LENDING, LLC",4,2,2,0.15,0,0,4,0,0,0,0,2,0,0,national
2025,AR,05033,Crawford,549300370QILXLFUWD20,"ZILLOW HOME LOANS, LLC",4,2,0,0.15,4,0,0,0,0,2,0,0,0,0,national
2025,AR,05033,Crawford,5493008NWHQT1R22C024,"AMERICAN FINANCIAL NETWORK, INC.",3,2,0,0.15,2,1,0,0,0,1,1,0,0,0,national
2025,AR,05033,Crawford,549300CUUEEQ66ZVK149,,3,2,0,0.15,0,3,0,0,0,0,2,0,0,0,national
2025,AR,05033,Crawford,549300D3IKJ7KU3SH574,,2,2,0,0.15,2,0,0,0,0,2,0,0,0,0,national
2025,AR,05033,Crawford,549300DPRWSBUY619V27,Simmons Bank,7,2,2,0.15,6,1,0,0,0,2,0,0,0,0,national
2025,AR,05033,Crawford,549300FQD0RJERL83Q30,,2,2,0,0.15,2,0,0,0,0,2,0,0,0,0,national
2025,AR,05033,Crawford,549300G5DVGM0ZHRQC33,,3,2,0,0.15,0,0,3,0,0,0,0,2,0,0,national
2025,AR,05033,Crawford,549300GY4NTTEM7WWB64,,2,2,0,0.15,1,1,0,0,0,1,1,0,0,0,national
2025,AR,05033,Crawford,549300J6N77Q8OHYNF23,,2,2,0,0.15,0,2,0,0,0,0,2,0,0,0,national
2025,AR,05033,Crawford,549300KJ8PAJ7E52HG32,Plains Commerce Bank,4,2,0,0.15,2,0,0,2,0,1,0,0,1,0,national
2025,AR,05033,Crawford,549300KQHWNSVCE2MY88,,2,2,0,0.15,1,0,1,0,0,1,0,1,0,0,national
2025,AR,05033,Crawford,549300PBTV7FCWLSMM53,,2,2,0,0.15,0,0,2,0,0,0,0,2,0,0,national
2025,AR,05033,Crawford,549300PIL8LFAQ04XC20,Better Mortgage Corporation,9,2,6,0.15,9,0,0,0,0,2,0,0,0,0,national
2025,AR,05033,Crawford,549300SUCQ1358EGVE89,"NEW DAY FINANCIAL, LLC",17,2,2,0.15,0,0,17,0,0,0,0,2,0,0,national
2025,AR,05033,Crawford,549300UF3FPC7U6RFC59,The Central Trust Bank,2,2,0,0.15,1,1,0,0,0,1,1,0,0,0,national
2025,AR,05033,Crawford,549300VORTI31GZTJL53,"CARDINAL FINANCIAL COMPANY, LIMITED PARTNERSHIP",2,2,0,0.15,1,1,0,0,0,1,1,0,0,0,national
2025,AR,05033,Crawford,549300XY701IELCE5Q08,BETTER MORTGAGE CORPORATION,4,2,2,0.15,4,0,0,0,0,2,0,0,0,0,national
2025,AR,05033,Crawford,549300YW2UBCMDRMBT48,,3,2,0,0.15,1,2,0,0,0,1,1,0,0,0,national
2025,AR,05033,Crawford,B4TYDEB6GKMZO031MB27,"Bank of America, National Association",6,2,1,0.15,6,0,0,0,0,2,0,0,0,0,national
2025,AR,05033,Crawford,PAOOWF3GUFM46FBSP561,,3,2,0,0.15,2,1,0,0,0,1,1,0,0,0,national
2025,AR,05033,Crawford,254900114YHTRFBALC74,,1,1,0,0.07,1,0,0,0,0,1,0,0,0,0,national
2025,AR,05033,Crawford,254900378RFGMBEKAF12,Empeople Credit Union,2,1,1,0.07,2,0,0,0,0,1,0,0,0,0,national
2025,AR,05033,Crawford,2549004XDCE3LGQW7H72,,1,1,0,0.07,1,0,0,0,0,1,0,0,0,0,national
2025,AR,05033,Crawford,25490066WMF8ZMQXQB18,"Lendage, LLC",2,1,1,0.07,2,0,0,0,0,1,0,0,0,0,national
2025,AR,05033,Crawford,254900DTLHVWQ7NP7R34,"CMG Mortgage, Inc.",1,1,0,0.07,1,0,0,0,0,1,0,0,0,0,national
2025,AR,05033,Crawford,254900HA4DQWAE0W3342,"AMERIHOME MORTGAGE COMPANY, LLC",1,1,0,0.07,0,1,0,0,0,0,1,0,0,0,national
2025,AR,05033,Crawford,254900NZOY3XB2DNSZ34,,1,1,0,0.07,1,0,0,0,0,1,0,0,0,0,national
2025,AR,05033,Crawford,254900RUCO27MVGTO768,LOAN FUNDER LLC,2,1,0,0.07,2,0,0,0,0,1,0,0,0,0,national
2025,AR,05033,Crawford,54930001NSTOD85LT125,"GUARANTEED RATE AFFINITY, LLC",1,1,0,0.07,0,1,0,0,0,0,1,0,0,0,national
2025,AR,05033,Crawford,5493000JFVFQFL816N45,ENCORE BANK,1,1,0,0.07,1,0,0,0,0,1,0,0,0,0,national
2025,AR,05033,Crawford,549300121SF0K2LN2804,"PRIMELENDING, A PLAINSCAPITAL COMPANY",1,1,0,0.07,0,0,0,1,0,0,0,0,1,0,national
2025,AR,05033,Crawford,54930016ZSB1QWXLRJ13,"MY MOVE MORTGAGE, LLC",1,1,0,0.07,0,1,0,0,0,0,1,0,0,0,national
2025,AR,05033,Crawford,5493001GCBD5XGNIC815,Coastal Community Bank,19,1,2,0.07,19,0,0,0,0,1,0,0,0,0,national
2025,AR,05033,Crawford,5493001GDRY0EL7VG372,"ARK-LA-TEX FINANCIAL SERVICES, LLC.",2,1,1,0.07,0,0,2,0,0,0,0,1,0,0,national
2025,AR,05033,Crawford,5493001WHVQBGRSWEU75,"HOMEBRIDGE FINANCIAL SERVICES, INC.",1,1,0,0.07,0,1,0,0,0,0,1,0,0,0,national
2025,AR,05033,Crawford,54930034MNPILHP25H80,Gateway First Bank,2,1,0,0.07,2,0,0,0,0,1,0,0,0,0,national
2025,AR,05033,Crawford,54930048P8RWCQHQM310,,2,1,1,0.07,2,0,0,0,0,1,0,0,0,0,national
2025,AR,05033,Crawford,54930049L5WINET09Q97,"CLICK N' CLOSE, INC.",1,1,0,0.07,0,1,0,0,0,0,1,0,0,0,national
2025,AR,05033,Crawford,5493004EVKOLRF3JI477,,1,1,0,0.07,1,0,0,0,0,1,0,0,0,0,national
2025,AR,05033,Crawford,54930052M48FOD3CWA54,"PRIMARY RESIDENTIAL MORTGAGE, INC.",1,1,0,0.07,0,0,0,1,0,0,0,0,1,0,national
2025,AR,05033,Crawford,5493005PKOSG7MYX0B34,"Prosperity Home Mortgage, LLC",3,1,0,0.07,0,2,1,0,0,0,1,0,0,0,national
2025,AR,05033,Crawford,54930067KY3OO1D8HC58,ASSOCIATED MORTGAGE CORPORATION,1,1,0,0.07,0,1,0,0,0,0,1,0,0,0,national
2025,AR,05033,Crawford,5493007CLWQN2S6IZK91,,2,1,0,0.07,0,0,2,0,0,0,0,1,0,0,national
2025,AR,05033,Crawford,5493007XAKU2Q6LGXD23,,1,1,0,0.07,1,0,0,0,0,1,0,0,0,0,national
2025,AR,05033,Crawford,549300ALNLUNS3Y53T24,AMERICAN FINANCING CORPORATION,9,1,4,0.07,2,6,1,0,0,0,1,0,0,0,national
2025,AR,05033,Crawford,549300AR337B2RGP3C69,,1,1,0,0.07,1,0,0,0,0,1,0,0,0,0,national
2025,AR,05033,Crawford,549300DG3IV05V4C4E03,EUSTIS MORTGAGE CORPORATION,1,1,0,0.07,1,0,0,0,0,1,0,0,0,0,national
2025,AR,05033,Crawford,549300IJ8KTGYPKLXK63,,1,1,0,0.07,1,0,0,0,0,1,0,0,0,0,national
2025,AR,05033,Crawford,549300ISCZS1R0CJMO47,,1,1,0,0.07,1,0,0,0,0,1,0,0,0,0,national
2025,AR,05033,Crawford,549300KX6E1IE2LM5E30,,1,1,0,0.07,1,0,0,0,0,1,0,0,0,0,national
2025,AR,05033,Crawford,549300LIZH7VW4DFJK44,,2,1,0,0.07,0,2,0,0,0,0,1,0,0,0,national
2025,AR,05033,Crawford,549300MCIFZSDHUT8X63,"NFM, INC.",1,1,0,0.07,1,0,0,0,0,1,0,0,0,0,national
2025,AR,05033,Crawford,549300MHH03ICJYEPE85,,2,1,0,0.07,0,2,0,0,0,0,1,0,0,0,national
2025,AR,05033,Crawford,549300NB3SBC1KHAWB92,GERSHMAN INVESTMENT CORP.,1,1,0,0.07,1,0,0,0,0,1,0,0,0,0,national
2025,AR,05033,Crawford,549300NN0PRX3I4QGG46,,1,1,0,0.07,1,0,0,0,0,1,0,0,0,0,national
2025,AR,05033,Crawford,549300NOCASXPA34X033,"LAKEVIEW LOAN SERVICING, LLC",6,1,4,0.07,2,4,0,0,0,0,1,0,0,0,national
2025,AR,05033,Crawford,549300PL267CW8182203,,4,1,0,0.07,0,1,3,0,0,0,0,1,0,0,national
2025,AR,05033,Crawford,549300Q1YFRSB8UEGH03,,1,1,0,0.07,1,0,0,0,0,1,0,0,0,0,national
2025,AR,05033,Crawford,549300QR0KFPEDZPEI42,STOCKTON MORTGAGE CORPORATION,3,1,1,0.07,1,2,0,0,0,0,1,0,0,0,national
2025,AR,05033,Crawford,549300R77W0P105C3S50,HOMEXPRESS MORTGAGE CORP.,1,1,0,0.07,1,0,0,0,0,1,0,0,0,0,national
2025,AR,05033,Crawford,549300REENMLD2RN3W58,"Magnolia Bank, Incorporated",2,1,0,0.07,0,0,2,0,0,0,0,1,0,0,national
2025,AR,05033,Crawford,549300UXY7OP0IC38293,Northpointe Bank,1,1,0,0.07,1,0,0,0,0,1,0,0,0,0,national
2025,AR,05033,Crawford,549300W2LKZKSX67ZU02,,1,1,0,0.07,1,0,0,0,0,1,0,0,0,0,national
2025,AR,05033,Crawford,549300XWUSRVVOHPRY47,Academy Mortgage Corporation,5,1,0,0.07,4,1,0,0,0,1,0,0,0,0,national
2025,AR,05033,Crawford,549300Y4CEEGC4KCFI45,,1,1,0,0.07,1,0,0,0,0,1,0,0,0,0,national
2025,AR,05033,Crawford,549300Y5Y88FQLI7VE83,DEEPHAVEN MORTGAGE LLC,1,1,0,0.07,1,0,0,0,0,1,0,0,0,0,national
2025,AR,05033,Crawford,549300YN94MOAVYW0F52,"GoodLeap, LLC",5,1,1,0.07,3,0,2,0,0,1,0,0,0,0,national
2025,AR,05033,Crawford,984500CD6F0743B8F530,,1,1,0,0.07,0,1,0,0,0,0,1,0,0,0,national
2025,AR,05033,Crawford,AD6GFRVSDT01YPT1CS68,"PNC Bank, National Association",1,1,0,0.07,1,0,0,0,0,1,0,0,0,0,national
2025,AR,05033,Crawford,C398JSK21YCXWM603F55,"Barrington Bank & Trust Company, National Association",1,1,0,0.07,1,0,0,0,0,1,0,0,0,0,national
2025,AR,05033,Crawford,COOWI3L2W9TPYR3WJX37,First Horizon Bank,2,1,1,0.07,0,2,0,0,0,0,1,0,0,0,national
2025,AR,05033,Crawford,DRMSV1Q0EKMEXLAU1P80,"Citizens Bank, National Association",4,1,0,0.07,4,0,0,0,0,1,0,0,0,0,national
2025,AR,05033,Crawford,FU7RSW4CQQY98A2O7J66,"BOKF, National Association",1,1,0,0.07,1,0,0,0,0,1,0,0,0,0,national
2025,AR,05033,Crawford,KB1H1DSPRFMYMCUFXT09,"Wells Fargo Bank, National Association",4,1,1,0.07,2,2,0,0,0,1,0,0,0,0,national
2025,AR,05033,Crawford,SS1TRMSN6BRNMOREEV51,"Flagstar Bank, National Association",2,1,0,0.07,2,0,0,0,0,1,0,0,0,0,national
2025,AR,05035,Crittenden,2549007JQKHU8KQ0FC19,"FIRSTTRUST HOME LOANS, INC.",238,217,2,27.57,68,126,8,36,0,64,116,8,29,0,national
2025,AR,05035,Crittenden,549300QFP6J5QSZVF805,Eagle Bank and Trust Company,120,100,5,12.71,54,46,6,14,0,45,36,5,14,0,national
2025,AR,05035,Crittenden,549300FGXN1K3HLB1R50,"Rocket Mortgage, LLC",72,49,13,6.23,47,22,3,0,0,32,15,2,0,0,national
2025,AR,05035,Crittenden,549300GDAFL5HNJKDR03,,27,25,1,3.18,27,0,0,0,0,25,0,0,0,0,national
2025,AR,05035,Crittenden,549300IJ8KTGYPKLXK63,,23,22,0,2.8,9,13,1,0,0,9,12,1,0,0,national
2025,AR,05035,Crittenden,549300UHLXT004ITEJ56,,20,20,0,2.54,20,0,0,0,0,20,0,0,0,0,national
2025,AR,05035,Crittenden,549300DD5QQUHO6PCH70,"MORTGAGE RESEARCH CENTER, LLC",33,16,5,2.03,0,1,32,0,0,0,0,16,0,0,national
2025,AR,05035,Crittenden,549300MGPZBLQDIL7538,FAIRWAY INDEPENDENT MORTGAGE CORPORATION,18,16,0,2.03,7,9,1,1,0,5,9,1,1,0,national
2025,AR,05035,Crittenden,549300HW662MN1WU8550,"United Wholesale Mortgage, LLC",22,15,3,1.91,7,10,5,0,0,5,5,5,0,0,national
2025,AR,05035,Crittenden,EQTWLK1G7ODGC2MGLV11,Regions Bank,70,15,40,1.91,63,7,0,0,0,14,1,0,0,0,national
2025,AR,05035,Crittenden,RVDPPPGHCGZ40J4VQ731,"PENNYMAC LOAN SERVICES, LLC",44,13,6,1.65,15,21,7,1,0,3,9,1,0,0,national
2025,AR,05035,Crittenden,5493003GQDUH26DNNH17,Navy Federal Credit Union,22,11,5,1.4,19,0,3,0,0,8,0,3,0,0,national
2025,AR,05035,Crittenden,549300KHXD7JSQUZIJ22,"HIGHLANDS RESIDENTIAL MORTGAGE, LTD.",13,11,0,1.4,7,5,0,1,0,7,3,0,1,0,national
2025,AR,05035,Crittenden,549300LBCBNR1OT00651,NATIONSTAR MORTGAGE LLC,16,10,2,1.27,9,6,1,0,0,6,4,0,0,0,national
2025,AR,05035,Crittenden,JJKC32MCHWDI71265Z06,Truist Bank,24,10,12,1.27,23,1,0,0,0,9,1,0,0,0,national
2025,AR,05035,Crittenden,549300JQEF6V2RNWCC75,Southern Bancorp Bank,16,9,2,1.14,15,0,1,0,0,9,0,0,0,0,national
2025,AR,05035,Crittenden,549300IRXW9RSZM2B951,,8,8,0,1.02,7,0,1,0,0,7,0,1,0,0,national
2025,AR,05035,Crittenden,549300U3721PJGQZYY68,"GUARANTEED RATE, INC.",15,8,1,1.02,8,5,2,0,0,5,2,1,0,0,national
2025,AR,05035,Crittenden,549300XQVJ1XBNFA5536,21ST MORTGAGE CORPORATION,45,8,22,1.02,45,0,0,0,0,8,0,0,0,0,national
2025,AR,05035,Crittenden,549300FNXYY540N23N64,Newrez LLC,25,7,9,0.89,7,13,5,0,0,2,3,2,0,0,national
2025,AR,05035,Crittenden,549300LYRWPSYPK6S325,FREEDOM MORTGAGE CORPORATION,32,7,1,0.89,1,27,4,0,0,1,6,0,0,0,national
2025,AR,05035,Crittenden,5493005PD34O8ZT7QT17,,10,6,2,0.76,10,0,0,0,0,6,0,0,0,0,national
2025,AR,05035,Crittenden,549300AG64NHILB7ZP05,"LOANDEPOT.COM, LLC",12,6,6,0.76,2,8,2,0,0,2,2,2,0,0,national
2025,AR,05035,Crittenden,5493001GCBD5XGNIC815,Coastal Community Bank,15,5,0,0.64,15,0,0,0,0,5,0,0,0,0,national
2025,AR,05035,Crittenden,549300EF3CM0UIOIS476,,8,5,1,0.64,8,0,0,0,0,5,0,0,0,0,national
2025,AR,05035,Crittenden,549300HIKKZQ0TVJWA08,ARKANSAS FEDERAL CREDIT UNION,7,5,1,0.64,7,0,0,0,0,5,0,0,0,0,national
2025,AR,05035,Crittenden,549300RBN5KM5RUFOE42,,5,5,0,0.64,5,0,0,0,0,5,0,0,0,0,national
2025,AR,05035,Crittenden,549300TA4MQM8WN2XG31,,5,5,0,0.64,5,0,0,0,0,5,0,0,0,0,national
2025,AR,05035,Crittenden,7H6GLXDRUGQFU57RNE97,"JPMorgan Chase Bank, National Association",8,5,0,0.64,8,0,0,0,0,5,0,0,0,0,national
2025,AR,05035,Crittenden,KB1H1DSPRFMYMCUFXT09,"Wells Fargo Bank, National Association",7,5,2,0.64,5,2,0,0,0,4,1,0,0,0,national
2025,AR,05035,Crittenden,54930052M48FOD3CWA54,"PRIMARY RESIDENTIAL MORTGAGE, INC.",10,4,0,0.51,4,4,0,2,0,1,2,0,1,0,national
2025,AR,05035,Crittenden,5493008Q3XBC7O0Q4X02,HOPE FEDERAL CREDIT UNION,6,4,2,0.51,6,0,0,0,0,4,0,0,0,0,national
2025,AR,05035,Crittenden,549300IEIM2IT5YK4368,First Community Bank,4,4,0,0.51,3,1,0,0,0,3,1,0,0,0,national
2025,AR,05035,Crittenden,549300YIQ7S7Z8PIHE53,AMERISAVE MORTGAGE CORPORATION,25,4,19,0.51,10,13,2,0,0,3,1,0,0,0,national
2025,AR,05035,Crittenden,C5654JQHZUHN0772B561,USAA Federal Savings Bank,6,4,0,0.51,2,0,4,0,0,1,0,3,0,0,national
2025,AR,05035,Crittenden,254900FBWEZ3YUPOBN33,,4,3,0,0.38,4,0,0,0,0,3,0,0,0,0,national
2025,AR,05035,Crittenden,549300370QILXLFUWD20,"ZILLOW HOME LOANS, LLC",3,3,0,0.38,1,2,0,0,0,1,2,0,0,0,national
2025,AR,05035,Crittenden,549300BEFX6JRSCS5N78,Centennial Bank,4,3,1,0.38,3,1,0,0,0,2,1,0,0,0,national
2025,AR,05035,Crittenden,549300E2UX99HKDBR481,"NEW AMERICAN FUNDING, LLC",19,3,3,0.38,4,14,1,0,0,1,2,0,0,0,national
2025,AR,05035,Crittenden,549300OPCWU6E72WUT29,"MUTUAL OF OMAHA MORTGAGE, INC.",5,3,2,0.38,0,5,0,0,0,0,3,0,0,0,national
2025,AR,05035,Crittenden,549300R0SXC1JU7ZU290,"FIRST COMMUNITY MORTGAGE, INC.",5,3,2,0.38,2,0,3,0,0,1,0,2,0,0,national
2025,AR,05035,Crittenden,549300SUCQ1358EGVE89,"NEW DAY FINANCIAL, LLC",13,3,6,0.38,0,1,12,0,0,0,0,3,0,0,national
2025,AR,05035,Crittenden,549300VCMRO4ST680C11,VILLAGE CAPITAL & INVESTMENT LLC,12,3,2,0.38,0,3,9,0,0,0,0,3,0,0,national
2025,AR,05035,Crittenden,549300YN94MOAVYW0F52,"GoodLeap, LLC",6,3,0,0.38,3,3,0,0,0,1,2,0,0,0,national
2025,AR,05035,Crittenden,B4TYDEB6GKMZO031MB27,"Bank of America, National Association",7,3,3,0.38,7,0,0,0,0,3,0,0,0,0,national
2025,AR,05035,Crittenden,01J4SO3XTWZF4PP38209,Trustmark Bank,3,2,0,0.25,3,0,0,0,0,2,0,0,0,0,national
2025,AR,05035,Crittenden,254900CNZPI5WN45KW48,First Financial Bank,3,2,0,0.25,3,0,0,0,0,2,0,0,0,0,national
2025,AR,05035,Crittenden,254900RUCO27MVGTO768,LOAN FUNDER LLC,4,2,0,0.25,4,0,0,0,0,2,0,0,0,0,national
2025,AR,05035,Crittenden,254900UL88QFG0E40516,FIGURE LENDING LLC,7,2,0,0.25,7,0,0,0,0,2,0,0,0,0,national
2025,AR,05035,Crittenden,254900WEP08K7U7S3A80,,3,2,0,0.25,1,2,0,0,0,1,1,0,0,0,national
2025,AR,05035,Crittenden,5493001EXVWX6Q13MY44,,2,2,0,0.25,2,0,0,0,0,2,0,0,0,0,national
2025,AR,05035,Crittenden,54930021WPEXNHYZUL09,"PLANET HOME LENDING, LLC",4,2,2,0.25,1,0,3,0,0,0,0,2,0,0,national
2025,AR,05035,Crittenden,5493002B2WMHY23GFK92,"AMERICAN FINANCIAL RESOURCES, INC.",4,2,0,0.25,1,2,0,1,0,1,1,0,0,0,national
2025,AR,05035,Crittenden,5493002RF1ERFA2XR050,Renasant Bank,2,2,0,0.25,1,1,0,0,0,1,1,0,0,0,national
2025,AR,05035,Crittenden,5493009F6BJDCZMZ7Y26,,3,2,0,0.25,3,0,0,0,0,2,0,0,0,0,national
2025,AR,05035,Crittenden,549300DU662K57XBSH20,,4,2,1,0.25,4,0,0,0,0,2,0,0,0,0,national
2025,AR,05035,Crittenden,549300GY4NTTEM7WWB64,,4,2,1,0.25,3,0,1,0,0,1,0,1,0,0,national
2025,AR,05035,Crittenden,549300J7I82PNDVU8H22,"OCMBC, INC.",2,2,0,0.25,1,1,0,0,0,1,1,0,0,0,national
2025,AR,05035,Crittenden,549300OGIGNKGO2DX942,,2,2,0,0.25,2,0,0,0,0,2,0,0,0,0,national
2025,AR,05035,Crittenden,549300QR0KFPEDZPEI42,STOCKTON MORTGAGE CORPORATION,2,2,0,0.25,0,0,2,0,0,0,0,2,0,0,national
2025,AR,05035,Crittenden,549300T9P3WXNMXX0I34,Ixonia Bank,2,2,0,0.25,0,1,0,1,0,0,1,0,1,0,national
2025,AR,05035,Crittenden,549300VNBQD8FDHF7563,"MORTGAGE INVESTORS GROUP, INC.",2,2,0,0.25,1,1,0,0,0,1,1,0,0,0,national
2025,AR,05035,Crittenden,549300ZZME37MXI1EF14,"DAS ACQUISITION COMPANY, LLC",4,2,1,0.25,1,1,0,2,0,1,0,0,1,0,national
2025,AR,05035,Crittenden,6BYL5QZYBDK8S7L73M02,U.S. Bank National Association,20,2,14,0.25,19,0,1,0,0,2,0,0,0,0,national
2025,AR,05035,Crittenden,COOWI3L2W9TPYR3WJX37,First Horizon Bank,2,2,0,0.25,2,0,0,0,0,2,0,0,0,0,national
2025,AR,05035,Crittenden,ZXMJHJK466PBZTM5F379,,2,2,0,0.25,2,0,0,0,0,2,0,0,0,0,national
2025,AR,05035,Crittenden,213800XR2TCBQJSF1X93,,1,1,0,0.13,1,0,0,0,0,1,0,0,0,0,national
2025,AR,05035,Crittenden,254900561K135J92VD38,First Security Bank,1,1,0,0.13,1,0,0,0,0,1,0,0,0,0,national
2025,AR,05035,Crittenden,254900CTT87ZKAUTIJ37,,1,1,0,0.13,1,0,0,0,0,1,0,0,0,0,national
2025,AR,05035,Crittenden,254900FJRICL380R4T46,Leaders Credit Union,2,1,0,0.13,2,0,0,0,0,1,0,0,0,0,national
2025,AR,05035,Crittenden,5493000YNV8IX4VD3X12,"VANDERBILT MORTGAGE AND FINANCE, INC.",35,1,21,0.13,35,0,0,0,0,1,0,0,0,0,national
2025,AR,05035,Crittenden,54930020YWIK7HGH2R34,,1,1,0,0.13,1,0,0,0,0,1,0,0,0,0,national
2025,AR,05035,Crittenden,5493003QDHMW1W0GEH16,,1,1,0,0.13,1,0,0,0,0,1,0,0,0,0,national
2025,AR,05035,Crittenden,5493004F7BXDIUFVPV87,,1,1,0,0.13,1,0,0,0,0,1,0,0,0,0,national
2025,AR,05035,Crittenden,54930054ET8KM4O1D485,"SOFI BANK, NATIONAL ASSOCIATION",6,1,0,0.13,6,0,0,0,0,1,0,0,0,0,national
2025,AR,05035,Crittenden,5493005PKOSG7MYX0B34,"Prosperity Home Mortgage, LLC",2,1,1,0.13,0,0,2,0,0,0,0,1,0,0,national
2025,AR,05035,Crittenden,54930067KY3OO1D8HC58,ASSOCIATED MORTGAGE CORPORATION,1,1,0,0.13,0,1,0,0,0,0,1,0,0,0,national
2025,AR,05035,Crittenden,5493006JISETNI0GLE61,,2,1,0,0.13,2,0,0,0,0,1,0,0,0,0,national
2025,AR,05035,Crittenden,5493006VAGP3GQ8FJT49,"Kiavi Funding, Inc.",1,1,0,0.13,1,0,0,0,0,1,0,0,0,0,national
2025,AR,05035,Crittenden,5493008VVXQIDO1EZ460,"SUMMIT FUNDING, INC.",1,1,0,0.13,0,1,0,0,0,0,1,0,0,0,national
2025,AR,05035,Crittenden,549300ALNLUNS3Y53T24,AMERICAN FINANCING CORPORATION,3,1,2,0.13,1,2,0,0,0,0,1,0,0,0,national
2025,AR,05035,Crittenden,549300AQ3T62GXDU7D76,GUILD MORTGAGE COMPANY LLC,3,1,1,0.13,2,1,0,0,0,1,0,0,0,0,national
2025,AR,05035,Crittenden,549300B4IYL7TZT8FA34,,1,1,0,0.13,0,1,0,0,0,0,1,0,0,0,national
2025,AR,05035,Crittenden,549300CB67L6KPJLHE19,"TRIAD FINANCIAL SERVICES, INC.",12,1,9,0.13,12,0,0,0,0,1,0,0,0,0,national
2025,AR,05035,Crittenden,549300CCQSH6ZSQHNS49,,1,1,0,0.13,1,0,0,0,0,1,0,0,0,0,national
2025,AR,05035,Crittenden,549300CDOC4F7XSRG390,Pinnacle Bank,4,1,1,0.13,4,0,0,0,0,1,0,0,0,0,national
2025,AR,05035,Crittenden,549300CRSE0TY73U6X46,,1,1,0,0.13,1,0,0,0,0,1,0,0,0,0,national
2025,AR,05035,Crittenden,549300DD4R4SYK5RAQ92,"MOVEMENT MORTGAGE, LLC",1,1,0,0.13,0,1,0,0,0,0,1,0,0,0,national
2025,AR,05035,Crittenden,549300DPRWSBUY619V27,Simmons Bank,5,1,3,0.13,5,0,0,0,0,1,0,0,0,0,national
2025,AR,05035,Crittenden,549300GBMYUTNLY00W24,,1,1,0,0.13,1,0,0,0,0,1,0,0,0,0,national
2025,AR,05035,Crittenden,549300K2JM6ID3V5LO24,,2,1,0,0.13,2,0,0,0,0,1,0,0,0,0,national
2025,AR,05035,Crittenden,549300K4ZLGS7SRDTL86,Equity Prime Mortgage LLC,5,1,0,0.13,0,3,2,0,0,0,1,0,0,0,national
2025,AR,05035,Crittenden,549300LXKO1O7CSK5J52,"FLAT BRANCH MORTGAGE, INC.",1,1,0,0.13,0,1,0,0,0,0,1,0,0,0,national
2025,AR,05035,Crittenden,549300MCIFZSDHUT8X63,"NFM, INC.",1,1,0,0.13,0,1,0,0,0,0,1,0,0,0,national
2025,AR,05035,Crittenden,549300MHH03ICJYEPE85,,1,1,0,0.13,0,1,0,0,0,0,1,0,0,0,national
2025,AR,05035,Crittenden,549300MZ8VZJOVC63092,"KIND LENDING, LLC",2,1,1,0.13,2,0,0,0,0,1,0,0,0,0,national
2025,AR,05035,Crittenden,549300NN0PRX3I4QGG46,,1,1,0,0.13,0,0,1,0,0,0,0,1,0,0,national
2025,AR,05035,Crittenden,549300NOCASXPA34X033,"LAKEVIEW LOAN SERVICING, LLC",4,1,2,0.13,2,2,0,0,0,0,1,0,0,0,national
2025,AR,05035,Crittenden,549300OBO7DOF2KOP535,FirstBank,1,1,0,0.13,1,0,0,0,0,1,0,0,0,0,national
2025,AR,05035,Crittenden,549300PIL8LFAQ04XC20,Better Mortgage Corporation,8,1,7,0.13,8,0,0,0,0,1,0,0,0,0,national
2025,AR,05035,Crittenden,549300Q50XCC0473FG63,,1,1,0,0.13,1,0,0,0,0,1,0,0,0,0,national
2025,AR,05035,Crittenden,549300R77W0P105C3S50,HOMEXPRESS MORTGAGE CORP.,1,1,0,0.13,1,0,0,0,0,1,0,0,0,0,national
2025,AR,05035,Crittenden,549300R9S3MVDV4MGF56,"CARRINGTON MORTGAGE SERVICES, LLC",8,1,4,0.13,2,6,0,0,0,0,1,0,0,0,national
2025,AR,05035,Crittenden,549300RD5IG88VPO6P22,,1,1,0,0.13,1,0,0,0,0,1,0,0,0,0,national
2025,AR,05035,Crittenden,549300RFLICNI75BG067,Luminate Bank,1,1,0,0.13,1,0,0,0,0,1,0,0,0,0,national
2025,AR,05035,Crittenden,549300RM1IZYGQDSNL85,,6,1,0,0.13,1,3,2,0,0,0,1,0,0,0,national
2025,AR,05035,Crittenden,549300RPOGWJRH63HS39,UNION HOME MORTGAGE CORP.,2,1,0,0.13,1,0,1,0,0,0,0,1,0,0,national
2025,AR,05035,Crittenden,549300T7HRS5DVBUPQ06,,1,1,0,0.13,1,0,0,0,0,1,0,0,0,0,national
2025,AR,05035,Crittenden,549300VZVN841I2ILS84,"CROSSCOUNTRY MORTGAGE, LLC",10,1,2,0.13,6,4,0,0,0,0,1,0,0,0,national
2025,AR,05035,Crittenden,549300WO9TX4YEFAC338,,1,1,0,0.13,1,0,0,0,0,1,0,0,0,0,national
2025,AR,05035,Crittenden,549300YKBMBBIIMQJS94,Southern Bank,1,1,0,0.13,1,0,0,0,0,1,0,0,0,0,national
2025,AR,05035,Crittenden,549300ZGTXNHL5BKQZ27,,2,1,0,0.13,1,1,0,0,0,0,1,0,0,0,national
2025,AR,05035,Crittenden,549300ZPSJZO10ZAX556,"AMERICAN HERITAGE LENDING, LLC",5,1,2,0.13,5,0,0,0,0,1,0,0,0,0,national
2025,AR,05035,Crittenden,CKVBED0S4DMLKJJ5XH28,Stifel Bank and Trust,1,1,0,0.13,1,0,0,0,0,1,0,0,0,0,national
2025,AR,05035,Crittenden,COINQMNIM6RBU631DD85,Arvest Bank,2,1,0,0.13,2,0,0,0,0,1,0,0,0,0,national
2025,AR,05035,Crittenden,DRMSV1Q0EKMEXLAU1P80,"Citizens Bank, National Association",2,1,1,0.13,2,0,0,0,0,1,0,0,0,0,national
2025,AR,05035,Crittenden,Q7C315HKI8VX0SSKBS64,Cadence Bank,4,1,3,0.13,4,0,0,0,0,1,0,0,0,0,national
2025,AR,05035,Crittenden,549300249G20MDIDRR27,,6,0,2,0.0,6,0,0,0,0,0,0,0,0,0,national
2025,AR,05035,Crittenden,549300Q3ROEQU3D1IW91,,6,0,6,0.0,6,0,0,0,0,0,0,0,0,0,national
2025,AR,05035,Crittenden,X05BVSK68TQ7YTOSNR22,Discover Bank,6,0,4,0.0,6,0,0,0,0,0,0,0,0,0,national
2025,AR,05045,Faulkner,254900561K135J92VD38,First Security Bank,385,341,13,10.26,350,21,3,11,0,313,16,2,10,0,national
2025,AR,05045,Faulkner,549300HIKKZQ0TVJWA08,ARKANSAS FEDERAL CREDIT UNION,400,258,70,7.76,390,0,9,1,0,250,0,7,1,0,national
2025,AR,05045,Faulkner,549300QFP6J5QSZVF805,Eagle Bank and Trust Company,269,191,19,5.74,200,33,22,14,0,142,24,16,9,0,national
2025,AR,05045,Faulkner,549300FGXN1K3HLB1R50,"Rocket Mortgage, LLC",261,183,51,5.5,159,74,28,0,0,111,49,23,0,0,national
2025,AR,05045,Faulkner,549300BEFX6JRSCS5N78,Centennial Bank,287,180,34,5.41,229,40,12,6,0,141,29,7,3,0,national
2025,AR,05045,Faulkner,2549007JQKHU8KQ0FC19,"FIRSTTRUST HOME LOANS, INC.",205,175,2,5.26,85,73,19,28,0,74,59,16,26,0,national
2025,AR,05045,Faulkner,COINQMNIM6RBU631DD85,Arvest Bank,241,164,32,4.93,204,29,8,0,0,144,15,5,0,0,national
2025,AR,05045,Faulkner,549300IEIM2IT5YK4368,First Community Bank,150,124,8,3.73,101,38,9,2,0,87,27,8,2,0,national
2025,AR,05045,Faulkner,549300LXKO1O7CSK5J52,"FLAT BRANCH MORTGAGE, INC.",85,76,1,2.29,27,29,20,9,0,25,27,17,7,0,national
2025,AR,05045,Faulkner,549300DPRWSBUY619V27,Simmons Bank,103,74,15,2.23,91,11,1,0,0,63,10,1,0,0,national
2025,AR,05045,Faulkner,549300HW662MN1WU8550,"United Wholesale Mortgage, LLC",114,73,22,2.2,22,46,46,0,0,15,25,33,0,0,national
2025,AR,05045,Faulkner,RVDPPPGHCGZ40J4VQ731,"PENNYMAC LOAN SERVICES, LLC",129,62,16,1.86,67,39,21,2,0,41,9,12,0,0,national
2025,AR,05045,Faulkner,549300VYK2WBD7SST478,Bank OZK,105,60,29,1.8,96,7,1,1,0,56,4,0,0,0,national
2025,AR,05045,Faulkner,EQTWLK1G7ODGC2MGLV11,Regions Bank,120,59,36,1.77,106,11,3,0,0,53,4,2,0,0,national
2025,AR,05045,Faulkner,549300DD5QQUHO6PCH70,"MORTGAGE RESEARCH CENTER, LLC",125,53,27,1.59,9,5,111,0,0,5,4,44,0,0,national
2025,AR,05045,Faulkner,549300W2LKZKSX67ZU02,,64,52,3,1.56,63,0,1,0,0,52,0,0,0,0,national
2025,AR,05045,Faulkner,6BYL5QZYBDK8S7L73M02,U.S. Bank National Association,79,43,19,1.29,68,5,5,1,0,35,4,4,0,0,national
2025,AR,05045,Faulkner,Q7C315HKI8VX0SSKBS64,Cadence Bank,58,43,4,1.29,53,3,2,0,0,39,3,1,0,0,national
2025,AR,05045,Faulkner,549300LYRWPSYPK6S325,FREEDOM MORTGAGE CORPORATION,85,35,4,1.05,5,45,35,0,0,2,17,16,0,0,national
2025,AR,05045,Faulkner,549300XQVJ1XBNFA5536,21ST MORTGAGE CORPORATION,129,33,52,0.99,129,0,0,0,0,33,0,0,0,0,national
2025,AR,05045,Faulkner,5493007ASPHNTEYEZ797,,33,31,0,0.93,5,19,4,5,0,4,19,4,4,0,national
2025,AR,05045,Faulkner,549300MGPZBLQDIL7538,FAIRWAY INDEPENDENT MORTGAGE CORPORATION,44,30,1,0.9,24,16,3,1,0,15,12,2,1,0,national
2025,AR,05045,Faulkner,549300H3IZO24NSOO931,"LENNAR MORTGAGE, LLC",37,29,3,0.87,13,17,4,3,0,10,14,2,3,0,national
2025,AR,05045,Faulkner,549300GTVXJ2PGXNLM73,T2 FINANCIAL LLC,31,28,1,0.84,15,8,6,2,0,15,7,4,2,0,national
2025,AR,05045,Faulkner,549300BREPLU2KKPI102,The First National Bank of Fort Smith,36,27,1,0.81,26,10,0,0,0,21,6,0,0,0,national
2025,AR,05045,Faulkner,549300LBCBNR1OT00651,NATIONSTAR MORTGAGE LLC,34,26,1,0.78,28,3,3,0,0,22,2,2,0,0,national
2025,AR,05045,Faulkner,549300GY4NTTEM7WWB64,,31,23,2,0.69,16,12,3,0,0,12,8,3,0,0,national
2025,AR,05045,Faulkner,5493003GQDUH26DNNH17,Navy Federal Credit Union,52,22,13,0.66,28,0,24,0,0,8,0,14,0,0,national
2025,AR,05045,Faulkner,549300FNXYY540N23N64,Newrez LLC,60,21,12,0.63,32,20,7,1,0,10,7,4,0,0,national
2025,AR,05045,Faulkner,549300AG64NHILB7ZP05,"LOANDEPOT.COM, LLC",38,20,10,0.6,24,9,4,1,0,13,3,3,1,0,national
2025,AR,05045,Faulkner,549300LP3GMTWS4OB353,,23,20,0,0.6,7,11,3,2,0,6,9,3,2,0,national
2025,AR,05045,Faulkner,B4TYDEB6GKMZO031MB27,"Bank of America, National Association",52,20,18,0.6,51,1,0,0,0,19,1,0,0,0,national
2025,AR,05045,Faulkner,5493000YNV8IX4VD3X12,"VANDERBILT MORTGAGE AND FINANCE, INC.",161,19,54,0.57,160,1,0,0,0,18,1,0,0,0,national
2025,AR,05045,Faulkner,254900CNZPI5WN45KW48,First Financial Bank,19,18,0,0.54,11,4,2,2,0,10,4,2,2,0,national
2025,AR,05045,Faulkner,5493001SXWZ4OFP8Z903,"DHI MORTGAGE COMPANY, LTD.",33,18,7,0.54,3,15,5,10,0,2,9,4,3,0,national
2025,AR,05045,Faulkner,549300DG3IV05V4C4E03,EUSTIS MORTGAGE CORPORATION,20,16,0,0.48,11,5,3,1,0,9,4,2,1,0,national
2025,AR,05045,Faulkner,549300AQ3T62GXDU7D76,GUILD MORTGAGE COMPANY LLC,16,15,0,0.45,11,3,2,0,0,11,3,1,0,0,national
2025,AR,05045,Faulkner,549300MVSM4XYFQL3X62,BARKSDALE,27,15,10,0.45,27,0,0,0,0,15,0,0,0,0,national
2025,AR,05045,Faulkner,5493007BBMW58UQT5588,,14,14,0,0.42,14,0,0,0,0,14,0,0,0,0,national
2025,AR,05045,Faulkner,549300YIQ7S7Z8PIHE53,AMERISAVE MORTGAGE CORPORATION,45,14,25,0.42,27,13,5,0,0,9,2,3,0,0,national
2025,AR,05045,Faulkner,54930039OWZFM2IGRN69,,17,13,1,0.39,12,2,2,1,0,8,2,2,1,0,national
2025,AR,05045,Faulkner,549300YN94MOAVYW0F52,"GoodLeap, LLC",18,13,2,0.39,9,7,2,0,0,6,6,1,0,0,national
2025,AR,05045,Faulkner,AD6GFRVSDT01YPT1CS68,"PNC Bank, National Association",16,12,2,0.36,15,1,0,0,0,11,1,0,0,0,national
2025,AR,05045,Faulkner,COOWI3L2W9TPYR3WJX37,First Horizon Bank,18,12,2,0.36,10,6,2,0,0,8,3,1,0,0,national
2025,AR,05045,Faulkner,254900UL88QFG0E40516,FIGURE LENDING LLC,18,11,2,0.33,18,0,0,0,0,11,0,0,0,0,national
2025,AR,05045,Faulkner,54930021WPEXNHYZUL09,"PLANET HOME LENDING, LLC",12,11,0,0.33,6,3,3,0,0,5,3,3,0,0,national
2025,AR,05045,Faulkner,549300R0SXC1JU7ZU290,"FIRST COMMUNITY MORTGAGE, INC.",14,11,2,0.33,7,1,6,0,0,6,1,4,0,0,national
2025,AR,05045,Faulkner,PAOOWF3GUFM46FBSP561,,20,11,0,0.33,8,3,9,0,0,4,1,6,0,0,national
2025,AR,05045,Faulkner,5493001GCBD5XGNIC815,Coastal Community Bank,39,10,2,0.3,39,0,0,0,0,10,0,0,0,0,national
2025,AR,05045,Faulkner,54930054ET8KM4O1D485,"SOFI BANK, NATIONAL ASSOCIATION",21,10,1,0.3,20,0,1,0,0,9,0,1,0,0,national
2025,AR,05045,Faulkner,549300E2UX99HKDBR481,"NEW AMERICAN FUNDING, LLC",39,10,5,0.3,12,24,3,0,0,4,6,0,0,0,national
2025,AR,05045,Faulkner,549300GKFNPRWNS0GF29,"AmeriHome Mortgage Company, LLC",11,10,0,0.3,3,5,1,2,0,3,4,1,2,0,national
2025,AR,05045,Faulkner,549300PIL8LFAQ04XC20,Better Mortgage Corporation,26,10,10,0.3,26,0,0,0,0,10,0,0,0,0,national
2025,AR,05045,Faulkner,549300VCMRO4ST680C11,VILLAGE CAPITAL & INVESTMENT LLC,20,10,4,0.3,0,8,12,0,0,0,2,8,0,0,national
2025,AR,05045,Faulkner,549300XY701IELCE5Q08,BETTER MORTGAGE CORPORATION,16,10,3,0.3,10,4,2,0,0,6,3,1,0,0,national
2025,AR,05045,Faulkner,C5654JQHZUHN0772B561,USAA Federal Savings Bank,16,10,3,0.3,4,0,12,0,0,4,0,6,0,0,national
2025,AR,05045,Faulkner,25490066WMF8ZMQXQB18,"Lendage, LLC",12,9,2,0.27,12,0,0,0,0,9,0,0,0,0,national
2025,AR,05045,Faulkner,5493000LJB0L73TDJT41,,10,9,0,0.27,10,0,0,0,0,9,0,0,0,0,national
2025,AR,05045,Faulkner,5493002B2WMHY23GFK92,"AMERICAN FINANCIAL RESOURCES, INC.",10,9,0,0.27,3,4,0,3,0,2,4,0,3,0,national
2025,AR,05045,Faulkner,54930034MNPILHP25H80,Gateway First Bank,9,9,0,0.27,9,0,0,0,0,9,0,0,0,0,national
2025,AR,05045,Faulkner,549300VNBQD8FDHF7563,"MORTGAGE INVESTORS GROUP, INC.",11,9,0,0.27,3,7,0,1,0,1,7,0,1,0,national
2025,AR,05045,Faulkner,549300VZVN841I2ILS84,"CROSSCOUNTRY MORTGAGE, LLC",20,9,0,0.27,9,9,2,0,0,6,3,0,0,0,national
2025,AR,05045,Faulkner,X05BVSK68TQ7YTOSNR22,Discover Bank,31,9,16,0.27,31,0,0,0,0,9,0,0,0,0,national
2025,AR,05045,Faulkner,54930052M48FOD3CWA54,"PRIMARY RESIDENTIAL MORTGAGE, INC.",11,8,1,0.24,5,4,1,1,0,3,3,1,1,0,national
2025,AR,05045,Faulkner,549300NOCASXPA34X033,"LAKEVIEW LOAN SERVICING, LLC",27,8,12,0.24,9,8,10,0,0,5,2,1,0,0,national
2025,AR,05045,Faulkner,549300RN01LBYR8ZVX74,"LOWER, LLC",9,8,0,0.24,7,1,1,0,0,7,1,0,0,0,national
2025,AR,05045,Faulkner,7H6GLXDRUGQFU57RNE97,"JPMorgan Chase Bank, National Association",16,8,5,0.24,15,1,0,0,0,8,0,0,0,0,national
2025,AR,05045,Faulkner,5493005PKOSG7MYX0B34,"Prosperity Home Mortgage, LLC",8,7,0,0.21,0,4,4,0,0,0,3,4,0,0,national
2025,AR,05045,Faulkner,549300JQEF6V2RNWCC75,Southern Bancorp Bank,12,7,1,0.21,10,2,0,0,0,6,1,0,0,0,national
2025,AR,05045,Faulkner,549300KHXD7JSQUZIJ22,"HIGHLANDS RESIDENTIAL MORTGAGE, LTD.",9,7,0,0.21,3,3,1,2,0,2,2,1,2,0,national
2025,AR,05045,Faulkner,549300LAQ3M8E5I08F43,,12,7,3,0.21,12,0,0,0,0,7,0,0,0,0,national
2025,AR,05045,Faulkner,549300OPCWU6E72WUT29,"MUTUAL OF OMAHA MORTGAGE, INC.",15,7,0,0.21,7,5,3,0,0,5,2,0,0,0,national
2025,AR,05045,Faulkner,549300REENMLD2RN3W58,"Magnolia Bank, Incorporated",14,7,2,0.21,7,1,3,3,0,4,1,2,0,0,national
2025,AR,05045,Faulkner,549300RPOGWJRH63HS39,UNION HOME MORTGAGE CORP.,12,7,2,0.21,10,2,0,0,0,7,0,0,0,0,national
2025,AR,05045,Faulkner,549300S8CJG5MSY8BH57,,15,7,0,0.21,9,3,3,0,0,6,1,0,0,0,national
2025,AR,05045,Faulkner,DRMSV1Q0EKMEXLAU1P80,"Citizens Bank, National Association",10,7,2,0.21,10,0,0,0,0,7,0,0,0,0,national
2025,AR,05045,Faulkner,5493001GDRY0EL7VG372,"ARK-LA-TEX FINANCIAL SERVICES, LLC.",7,6,0,0.18,2,3,2,0,0,2,2,2,0,0,national
2025,AR,05045,Faulkner,5493003V40VGM7YDFM54,FIRST COLONY MORTGAGE CORPORATION,7,6,0,0.18,7,0,0,0,0,6,0,0,0,0,national
2025,AR,05045,Faulkner,5493009F6BJDCZMZ7Y26,,6,6,0,0.18,3,2,0,1,0,3,2,0,1,0,national
2025,AR,05045,Faulkner,549300BX448ALT10FI43,The Federal Savings Bank,16,6,3,0.18,0,1,15,0,0,0,0,6,0,0,national
2025,AR,05045,Faulkner,549300R9S3MVDV4MGF56,"CARRINGTON MORTGAGE SERVICES, LLC",20,6,11,0.18,9,10,1,0,0,3,2,1,0,0,national
2025,AR,05045,Faulkner,549300Y4CEEGC4KCFI45,,6,6,0,0.18,6,0,0,0,0,6,0,0,0,0,national
2025,AR,05045,Faulkner,254900ZFWS2106HWPH46,"PARAMOUNT RESIDENTIAL MORTGAGE GROUP, INC.",7,5,1,0.15,3,3,0,1,0,2,3,0,0,0,national
2025,AR,05045,Faulkner,5493000JFVFQFL816N45,ENCORE BANK,8,5,0,0.15,7,1,0,0,0,4,1,0,0,0,national
2025,AR,05045,Faulkner,54930049L5WINET09Q97,"CLICK N' CLOSE, INC.",8,5,0,0.15,3,3,1,1,0,2,2,1,0,0,national
2025,AR,05045,Faulkner,549300CB67L6KPJLHE19,"TRIAD FINANCIAL SERVICES, INC.",52,5,32,0.15,52,0,0,0,0,5,0,0,0,0,national
2025,AR,05045,Faulkner,549300K4ZLGS7SRDTL86,Equity Prime Mortgage LLC,8,5,0,0.15,0,3,4,1,0,0,1,3,1,0,national
2025,AR,05045,Faulkner,549300QR0KFPEDZPEI42,STOCKTON MORTGAGE CORPORATION,9,5,2,0.15,4,3,0,2,0,4,0,0,1,0,national
2025,AR,05045,Faulkner,254900HA4DQWAE0W3342,"AMERIHOME MORTGAGE COMPANY, LLC",4,4,0,0.12,1,3,0,0,0,1,3,0,0,0,national
2025,AR,05045,Faulkner,254900HEJ9F73IMPX887,,5,4,0,0.12,5,0,0,0,0,4,0,0,0,0,national
2025,AR,05045,Faulkner,549300249G20MDIDRR27,,14,4,2,0.12,12,2,0,0,0,4,0,0,0,0,national
2025,AR,05045,Faulkner,5493004AS1SPBQOFDR49,"Change Lending, LLC",6,4,1,0.12,5,0,1,0,0,4,0,0,0,0,national
2025,AR,05045,Faulkner,549300DFQP4S0ZYOBT18,,4,4,0,0.12,4,0,0,0,0,4,0,0,0,0,national
2025,AR,05045,Faulkner,549300DMYENRV818D594,,4,4,0,0.12,3,1,0,0,0,3,1,0,0,0,national
2025,AR,05045,Faulkner,549300IJ8KTGYPKLXK63,,5,4,0,0.12,2,3,0,0,0,2,2,0,0,0,national
2025,AR,05045,Faulkner,549300MZ8VZJOVC63092,"KIND LENDING, LLC",6,4,2,0.12,2,2,2,0,0,1,1,2,0,0,national
2025,AR,05045,Faulkner,549300PEWJWBNEOSS013,,4,4,0,0.12,4,0,0,0,0,4,0,0,0,0,national
2025,AR,05045,Faulkner,549300U3721PJGQZYY68,"GUARANTEED RATE, INC.",10,4,0,0.12,5,4,1,0,0,3,1,0,0,0,national
2025,AR,05045,Faulkner,549300W6GQTN13GWDQ17,,4,4,0,0.12,4,0,0,0,0,4,0,0,0,0,national
2025,AR,05045,Faulkner,549300YKBMBBIIMQJS94,Southern Bank,5,4,0,0.12,5,0,0,0,0,4,0,0,0,0,national
2025,AR,05045,Faulkner,KB1H1DSPRFMYMCUFXT09,"Wells Fargo Bank, National Association",10,4,2,0.12,6,2,2,0,0,2,0,2,0,0,national
2025,AR,05045,Faulkner,25490046GL77VSFSYG24,Signature Bank of Arkansas,3,3,0,0.09,3,0,0,0,0,3,0,0,0,0,national
2025,AR,05045,Faulkner,54930030Z1JWTP3SVD16,,3,3,0,0.09,1,2,0,0,0,1,2,0,0,0,national
2025,AR,05045,Faulkner,549300370QILXLFUWD20,"ZILLOW HOME LOANS, LLC",5,3,1,0.09,5,0,0,0,0,3,0,0,0,0,national
2025,AR,05045,Faulkner,5493008ETVHBTJEF0O91,,3,3,0,0.09,3,0,0,0,0,3,0,0,0,0,national
2025,AR,05045,Faulkner,549300ALNLUNS3Y53T24,AMERICAN FINANCING CORPORATION,18,3,9,0.09,8,8,2,0,0,0,2,1,0,0,national
2025,AR,05045,Faulkner,549300EF3CM0UIOIS476,,3,3,0,0.09,3,0,0,0,0,3,0,0,0,0,national
2025,AR,05045,Faulkner,549300EFCZM6KD6B8K69,MORTGAGE ACCESS CORP.,3,3,0,0.09,3,0,0,0,0,3,0,0,0,0,national
2025,AR,05045,Faulkner,549300FAG4VH7YJ66576,,3,3,0,0.09,3,0,0,0,0,3,0,0,0,0,national
2025,AR,05045,Faulkner,549300JOYC0RUSF9DL04,,3,3,0,0.09,3,0,0,0,0,3,0,0,0,0,national
2025,AR,05045,Faulkner,549300MCIFZSDHUT8X63,"NFM, INC.",3,3,0,0.09,1,1,1,0,0,1,1,1,0,0,national
2025,AR,05045,Faulkner,549300PBTV7FCWLSMM53,,4,3,1,0.09,0,0,4,0,0,0,0,3,0,0,national
2025,AR,05045,Faulkner,SS1TRMSN6BRNMOREEV51,"Flagstar Bank, National Association",3,3,0,0.09,2,1,0,0,0,2,1,0,0,0,national
2025,AR,05045,Faulkner,213800XR2TCBQJSF1X93,,3,2,1,0.06,2,0,1,0,0,1,0,1,0,0,national
2025,AR,05045,Faulkner,2549005SIVTHG14U2905,A&D Mortgage LLC,3,2,0,0.06,1,2,0,0,0,1,1,0,0,0,national
2025,AR,05045,Faulkner,254900TTZ395IC926125,,2,2,0,0.06,1,1,0,0,0,1,1,0,0,0,national
2025,AR,05045,Faulkner,254900WT4HAMDFWH3048,,2,2,0,0.06,1,1,0,0,0,1,1,0,0,0,national
2025,AR,05045,Faulkner,5493003EW6T31TGECO83,,3,2,1,0.06,3,0,0,0,0,2,0,0,0,0,national
2025,AR,05045,Faulkner,5493008NWHQT1R22C024,"AMERICAN FINANCIAL NETWORK, INC.",5,2,0,0.06,3,2,0,0,0,1,1,0,0,0,national
2025,AR,05045,Faulkner,5493009I5VHHGVFQ1O54,,2,2,0,0.06,2,0,0,0,0,2,0,0,0,0,national
2025,AR,05045,Faulkner,549300DD4R4SYK5RAQ92,"MOVEMENT MORTGAGE, LLC",2,2,0,0.06,2,0,0,0,0,2,0,0,0,0,national
2025,AR,05045,Faulkner,549300GKNMX0ZXKVPE54,,2,2,0,0.06,2,0,0,0,0,2,0,0,0,0,national
2025,AR,05045,Faulkner,549300JYXTZDSPJEPI44,"PLAZA HOME MORTGAGE, INC.",4,2,0,0.06,2,2,0,0,0,1,1,0,0,0,national
2025,AR,05045,Faulkner,549300KIOYNU323LVJ37,AMERICAN PACIFIC MORTGAGE CORPORATION,2,2,0,0.06,2,0,0,0,0,2,0,0,0,0,national
2025,AR,05045,Faulkner,549300L6SV1WXLO6BB96,,2,2,0,0.06,2,0,0,0,0,2,0,0,0,0,national
2025,AR,05045,Faulkner,549300NB3SBC1KHAWB92,GERSHMAN INVESTMENT CORP.,4,2,0,0.06,0,2,2,0,0,0,2,0,0,0,national
2025,AR,05045,Faulkner,549300PL267CW8182203,,4,2,0,0.06,0,1,3,0,0,0,0,2,0,0,national
2025,AR,05045,Faulkner,549300R7HGHP2I754087,TOWNE MORTGAGE COMPANY,2,2,0,0.06,1,1,0,0,0,1,1,0,0,0,national
2025,AR,05045,Faulkner,549300SUCQ1358EGVE89,"NEW DAY FINANCIAL, LLC",23,2,4,0.06,0,1,22,0,0,0,0,2,0,0,national
2025,AR,05045,Faulkner,549300UG7QXKM7KGV847,,2,2,0,0.06,2,0,0,0,0,2,0,0,0,0,national
2025,AR,05045,Faulkner,549300UVOSI4XZZGUE14,,3,2,1,0.06,0,0,3,0,0,0,0,2,0,0,national
2025,AR,05045,Faulkner,549300Y5Y88FQLI7VE83,DEEPHAVEN MORTGAGE LLC,4,2,2,0.06,4,0,0,0,0,2,0,0,0,0,national
2025,AR,05045,Faulkner,549300YW2UBCMDRMBT48,,4,2,0,0.06,0,4,0,0,0,0,2,0,0,0,national
2025,AR,05045,Faulkner,549300ZZME37MXI1EF14,"DAS ACQUISITION COMPANY, LLC",2,2,0,0.06,1,1,0,0,0,1,1,0,0,0,national
2025,AR,05045,Faulkner,984500F6E6940CCB6A60,,2,2,0,0.06,2,0,0,0,0,2,0,0,0,0,national
2025,AR,05045,Faulkner,984500RF83EA742B5589,,2,2,0,0.06,2,0,0,0,0,2,0,0,0,0,national
2025,AR,05045,Faulkner,IUGPUX5LWRZ3B6KIZ697,Ameris Bank,2,2,0,0.06,1,1,0,0,0,1,1,0,0,0,national
2025,AR,05045,Faulkner,PINLJ7T7GLTF48NFP863,,3,2,0,0.06,3,0,0,0,0,2,0,0,0,0,national
2025,AR,05045,Faulkner,01J4SO3XTWZF4PP38209,Trustmark Bank,2,1,0,0.03,2,0,0,0,0,1,0,0,0,0,national
2025,AR,05045,Faulkner,2549004FXPNKCLIN8250,"Synergy One Lending, Inc.",1,1,0,0.03,1,0,0,0,0,1,0,0,0,0,national
2025,AR,05045,Faulkner,254900AASWOQ6SVWCG44,,1,1,0,0.03,1,0,0,0,0,1,0,0,0,0,national
2025,AR,05045,Faulkner,254900DTLHVWQ7NP7R34,"CMG Mortgage, Inc.",2,1,0,0.03,2,0,0,0,0,1,0,0,0,0,national
2025,AR,05045,Faulkner,254900FJRICL380R4T46,Leaders Credit Union,1,1,0,0.03,1,0,0,0,0,1,0,0,0,0,national
2025,AR,05045,Faulkner,254900H07R1I9HDMFT89,,1,1,0,0.03,1,0,0,0,0,1,0,0,0,0,national
2025,AR,05045,Faulkner,254900NZOY3XB2DNSZ34,,1,1,0,0.03,1,0,0,0,0,1,0,0,0,0,national
2025,AR,05045,Faulkner,254900RM3T6WAVE6SA24,,1,1,0,0.03,1,0,0,0,0,1,0,0,0,0,national
2025,AR,05045,Faulkner,54930009DUZUXUZIDL84,,5,1,2,0.03,5,0,0,0,0,1,0,0,0,0,national
2025,AR,05045,Faulkner,5493000A2XS66AH5XM81,,1,1,0,0.03,1,0,0,0,0,1,0,0,0,0,national
2025,AR,05045,Faulkner,549300121SF0K2LN2804,"PRIMELENDING, A PLAINSCAPITAL COMPANY",2,1,0,0.03,2,0,0,0,0,1,0,0,0,0,national
2025,AR,05045,Faulkner,54930013SG5BXUL3G429,,2,1,0,0.03,2,0,0,0,0,1,0,0,0,0,national
2025,AR,05045,Faulkner,54930016ZSB1QWXLRJ13,"MY MOVE MORTGAGE, LLC",1,1,0,0.03,0,0,1,0,0,0,0,1,0,0,national
2025,AR,05045,Faulkner,5493001WHVQBGRSWEU75,"HOMEBRIDGE FINANCIAL SERVICES, INC.",2,1,0,0.03,2,0,0,0,0,1,0,0,0,0,national
2025,AR,05045,Faulkner,5493002Y5XYV7DV1ZV88,"GOLD STAR MORTGAGE FINANCIAL GROUP, CORPORATION",1,1,0,0.03,0,1,0,0,0,0,1,0,0,0,national
2025,AR,05045,Faulkner,54930032OCUOR526IR93,,1,1,0,0.03,0,1,0,0,0,0,1,0,0,0,national
2025,AR,05045,Faulkner,5493003K6JB8F2ZMRI65,,1,1,0,0.03,1,0,0,0,0,1,0,0,0,0,national
2025,AR,05045,Faulkner,5493004EVKOLRF3JI477,,2,1,1,0.03,2,0,0,0,0,1,0,0,0,0,national
2025,AR,05045,Faulkner,5493004OB0KD7VERQW98,,1,1,0,0.03,1,0,0,0,0,1,0,0,0,0,national
2025,AR,05045,Faulkner,5493004R423PBPM6A173,,1,1,0,0.03,0,1,0,0,0,0,1,0,0,0,national
2025,AR,05045,Faulkner,5493004T9SQFCNRQ2L76,,1,1,0,0.03,1,0,0,0,0,1,0,0,0,0,national
2025,AR,05045,Faulkner,5493005PD34O8ZT7QT17,,1,1,0,0.03,1,0,0,0,0,1,0,0,0,0,national
2025,AR,05045,Faulkner,5493006QG55R8V712J33,Red River Bank,1,1,0,0.03,1,0,0,0,0,1,0,0,0,0,national
2025,AR,05045,Faulkner,5493006VAGP3GQ8FJT49,"Kiavi Funding, Inc.",2,1,0,0.03,2,0,0,0,0,1,0,0,0,0,national
2025,AR,05045,Faulkner,5493007CLWQN2S6IZK91,,1,1,0,0.03,0,0,1,0,0,0,0,1,0,0,national
2025,AR,05045,Faulkner,5493007UW5GSKHED2095,,1,1,0,0.03,1,0,0,0,0,1,0,0,0,0,national
2025,AR,05045,Faulkner,5493008VVXQIDO1EZ460,"SUMMIT FUNDING, INC.",1,1,0,0.03,1,0,0,0,0,1,0,0,0,0,national
2025,AR,05045,Faulkner,5493008YOT5ACN2UNP66,,2,1,0,0.03,2,0,0,0,0,1,0,0,0,0,national
2025,AR,05045,Faulkner,549300AR337B2RGP3C69,,1,1,0,0.03,1,0,0,0,0,1,0,0,0,0,national
2025,AR,05045,Faulkner,549300B4IYL7TZT8FA34,,3,1,0,0.03,0,2,0,1,0,0,1,0,0,0,national
2025,AR,05045,Faulkner,549300BLL6VL7AXWYP56,CHURCHILL MORTGAGE CORPORATION,1,1,0,0.03,1,0,0,0,0,1,0,0,0,0,national
2025,AR,05045,Faulkner,549300COZ9YQTC4J1378,,1,1,0,0.03,0,1,0,0,0,0,1,0,0,0,national
2025,AR,05045,Faulkner,549300CUUEEQ66ZVK149,,3,1,0,0.03,0,2,1,0,0,0,1,0,0,0,national
2025,AR,05045,Faulkner,549300DDLYW49R2HCV81,EASTMAN CREDIT UNION,1,1,0,0.03,1,0,0,0,0,1,0,0,0,0,national
2025,AR,05045,Faulkner,549300DMHEHNYZ2OLB41,First United Bank and Trust Company,2,1,0,0.03,2,0,0,0,0,1,0,0,0,0,national
2025,AR,05045,Faulkner,549300EAO0HUFDR48U74,,1,1,0,0.03,1,0,0,0,0,1,0,0,0,0,national
2025,AR,05045,Faulkner,549300EKFFG3BU8DNX74,NEXERA HOLDING LLC,1,1,0,0.03,1,0,0,0,0,1,0,0,0,0,national
2025,AR,05045,Faulkner,549300FX7K8PTEQUU487,PENTAGON FEDERAL CREDIT UNION,3,1,1,0.03,0,0,3,0,0,0,0,1,0,0,national
2025,AR,05045,Faulkner,549300G5DVGM0ZHRQC33,,1,1,0,0.03,0,0,1,0,0,0,0,1,0,0,national
2025,AR,05045,Faulkner,549300GBMYUTNLY00W24,,1,1,0,0.03,1,0,0,0,0,1,0,0,0,0,national
2025,AR,05045,Faulkner,549300GCILEV6KJUST91,,1,1,0,0.03,1,0,0,0,0,1,0,0,0,0,national
2025,AR,05045,Faulkner,549300GS6ONO04ORI292,,1,1,0,0.03,1,0,0,0,0,1,0,0,0,0,national
2025,AR,05045,Faulkner,549300HTRLFU2IIL4380,,7,1,5,0.03,7,0,0,0,0,1,0,0,0,0,national
2025,AR,05045,Faulkner,549300IRXW9RSZM2B951,,1,1,0,0.03,1,0,0,0,0,1,0,0,0,0,national
2025,AR,05045,Faulkner,549300ISCZS1R0CJMO47,,1,1,0,0.03,1,0,0,0,0,1,0,0,0,0,national
2025,AR,05045,Faulkner,549300IX6RAX31C1BI75,,11,1,2,0.03,11,0,0,0,0,1,0,0,0,0,national
2025,AR,05045,Faulkner,549300J7I82PNDVU8H22,"OCMBC, INC.",3,1,0,0.03,2,1,0,0,0,0,1,0,0,0,national
2025,AR,05045,Faulkner,549300JPGMCMBEJEK584,FIRST TECHNOLOGY,1,1,0,0.03,1,0,0,0,0,1,0,0,0,0,national
2025,AR,05045,Faulkner,549300KJ8PAJ7E52HG32,Plains Commerce Bank,2,1,0,0.03,0,2,0,0,0,0,1,0,0,0,national
2025,AR,05045,Faulkner,549300KPHGEE40YQXO21,,1,1,0,0.03,1,0,0,0,0,1,0,0,0,0,national
2025,AR,05045,Faulkner,549300KQHWNSVCE2MY88,,1,1,0,0.03,1,0,0,0,0,1,0,0,0,0,national
2025,AR,05045,Faulkner,549300KTR1JGH3K6LU06,FOURLEAF,1,1,0,0.03,1,0,0,0,0,1,0,0,0,0,national
2025,AR,05045,Faulkner,549300KW705BBINDIZ26,,1,1,0,0.03,1,0,0,0,0,1,0,0,0,0,national
2025,AR,05045,Faulkner,549300LROQOOQU77WS20,,1,1,0,0.03,1,0,0,0,0,1,0,0,0,0,national
2025,AR,05045,Faulkner,549300MCPCNPQAOB4032,GMFS LLC,1,1,0,0.03,1,0,0,0,0,1,0,0,0,0,national
2025,AR,05045,Faulkner,549300MHH03ICJYEPE85,,1,1,0,0.03,0,1,0,0,0,0,1,0,0,0,national
2025,AR,05045,Faulkner,549300OGIGNKGO2DX942,,1,1,0,0.03,1,0,0,0,0,1,0,0,0,0,national
2025,AR,05045,Faulkner,549300PKEQ3Q9S0IXW76,UNITED FEDERAL CREDIT UNION,2,1,0,0.03,2,0,0,0,0,1,0,0,0,0,national
2025,AR,05045,Faulkner,549300PQLK8E48ILXV41,,1,1,0,0.03,1,0,0,0,0,1,0,0,0,0,national
2025,AR,05045,Faulkner,549300Q3ROEQU3D1IW91,,27,1,22,0.03,27,0,0,0,0,1,0,0,0,0,national
2025,AR,05045,Faulkner,549300RA3E0BUFO7YZ21,"Hometown Equity Mortgage, LLC",1,1,0,0.03,1,0,0,0,0,1,0,0,0,0,national
2025,AR,05045,Faulkner,549300RD5IG88VPO6P22,,1,1,0,0.03,1,0,0,0,0,1,0,0,0,0,national
2025,AR,05045,Faulkner,549300RFLICNI75BG067,Luminate Bank,2,1,1,0.03,1,0,1,0,0,0,0,1,0,0,national
2025,AR,05045,Faulkner,549300RFPLMCMJL7BS81,,1,1,0,0.03,1,0,0,0,0,1,0,0,0,0,national
2025,AR,05045,Faulkner,549300RM1IZYGQDSNL85,,5,1,1,0.03,0,1,4,0,0,0,0,1,0,0,national
2025,AR,05045,Faulkner,549300S8SHBRCI7UU819,,2,1,1,0.03,2,0,0,0,0,1,0,0,0,0,national
2025,AR,05045,Faulkner,549300T3F9S1MKFKHC53,HOMESTEAD FUNDING CORP.,1,1,0,0.03,1,0,0,0,0,1,0,0,0,0,national
2025,AR,05045,Faulkner,549300T7HRS5DVBUPQ06,,2,1,0,0.03,2,0,0,0,0,1,0,0,0,0,national
2025,AR,05045,Faulkner,549300T94GSH3C4U5M59,ALLIANT CREDIT UNION,3,1,0,0.03,2,0,1,0,0,0,0,1,0,0,national
2025,AR,05045,Faulkner,549300T9P3WXNMXX0I34,Ixonia Bank,1,1,0,0.03,0,1,0,0,0,0,1,0,0,0,national
2025,AR,05045,Faulkner,549300TA4MQM8WN2XG31,,1,1,0,0.03,1,0,0,0,0,1,0,0,0,0,national
2025,AR,05045,Faulkner,549300TJF420N3F01V87,,1,1,0,0.03,0,0,0,1,0,0,0,0,1,0,national
2025,AR,05045,Faulkner,549300UXY7OP0IC38293,Northpointe Bank,1,1,0,0.03,1,0,0,0,0,1,0,0,0,0,national
2025,AR,05045,Faulkner,549300VMX06UV1F7NS76,,1,1,0,0.03,1,0,0,0,0,1,0,0,0,0,national
2025,AR,05045,Faulkner,549300VWURV8LBNGQ353,Firstar Bank,1,1,0,0.03,0,1,0,0,0,0,1,0,0,0,national
2025,AR,05045,Faulkner,549300W45D2J6BT4LX65,,1,1,0,0.03,1,0,0,0,0,1,0,0,0,0,national
2025,AR,05045,Faulkner,549300ZWNETGFXTBBY03,"CANOPY MORTGAGE, LLC",1,1,0,0.03,0,0,1,0,0,0,0,1,0,0,national
2025,AR,05045,Faulkner,9845001DAE89414CBB55,,2,1,1,0.03,2,0,0,0,0,1,0,0,0,0,national
2025,AR,05045,Faulkner,984500CD6F0743B8F530,,1,1,0,0.03,0,0,1,0,0,0,0,1,0,0,national
2025,AR,05045,Faulkner,C398JSK21YCXWM603F55,"Barrington Bank & Trust Company, National Association",1,1,0,0.03,1,0,0,0,0,1,0,0,0,0,national
2025,AR,05045,Faulkner,FU7RSW4CQQY98A2O7J66,"BOKF, National Association",1,1,0,0.03,0,1,0,0,0,0,1,0,0,0,national
2025,AR,05045,Faulkner,JJKC32MCHWDI71265Z06,Truist Bank,3,1,1,0.03,2,1,0,0,0,1,0,0,0,0,national
2025,AR,05045,Faulkner,NSGZD26XPW2CUM2JKU70,HANCOCK WHITNEY BANK,1,1,0,0.03,1,0,0,0,0,1,0,0,0,0,national
2025,AR,05045,Faulkner,WWB2V0FCW3A0EE3ZJN75,Manufacturers and Traders Trust Company,3,1,0,0.03,1,2,0,0,0,0,1,0,0,0,national
2025,AR,05045,Faulkner,54930091JQKCU3Z6IP44,,5,0,1,0.0,5,0,0,0,0,0,0,0,0,0,national
2025,AR,05051,Garland,COINQMNIM6RBU631DD85,Arvest Bank,324,205,65,8.7,307,15,2,0,0,192,12,1,0,0,national
2025,AR,05051,Garland,549300FGXN1K3HLB1R50,"Rocket Mortgage, LLC",262,164,61,6.96,192,51,19,0,0,126,27,11,0,0,national
2025,AR,05051,Garland,549300DMYENRV818D594,,164,120,4,5.09,106,36,18,4,0,74,28,14,4,0,national
2025,AR,05051,Garland,549300HIKKZQ0TVJWA08,ARKANSAS FEDERAL CREDIT UNION,219,112,45,4.75,218,0,1,0,0,111,0,1,0,0,national
2025,AR,05051,Garland,EQTWLK1G7ODGC2MGLV11,Regions Bank,196,91,74,3.86,188,7,1,0,0,89,2,0,0,0,national
2025,AR,05051,Garland,549300HW662MN1WU8550,"United Wholesale Mortgage, LLC",129,86,19,3.65,57,26,45,1,0,42,11,32,1,0,national
2025,AR,05051,Garland,549300JQEF6V2RNWCC75,Southern Bancorp Bank,100,76,5,3.22,97,3,0,0,0,75,1,0,0,0,national
2025,AR,05051,Garland,549300VYK2WBD7SST478,Bank OZK,150,68,52,2.89,144,2,3,1,0,66,1,1,0,0,national
2025,AR,05051,Garland,2549007JQKHU8KQ0FC19,"FIRSTTRUST HOME LOANS, INC.",81,66,0,2.8,48,24,5,4,0,41,21,1,3,0,national
2025,AR,05051,Garland,254900561K135J92VD38,First Security Bank,82,65,3,2.76,75,4,2,1,0,61,3,1,0,0,national
2025,AR,05051,Garland,549300DD5QQUHO6PCH70,"MORTGAGE RESEARCH CENTER, LLC",121,62,19,2.63,14,5,102,0,0,9,3,50,0,0,national
2025,AR,05051,Garland,5493001GDRY0EL7VG372,"ARK-LA-TEX FINANCIAL SERVICES, LLC.",88,59,0,2.5,63,15,9,1,0,43,11,5,0,0,national
2025,AR,05051,Garland,6BYL5QZYBDK8S7L73M02,U.S. Bank National Association,112,43,51,1.82,111,0,1,0,0,42,0,1,0,0,national
2025,AR,05051,Garland,549300DPRWSBUY619V27,Simmons Bank,66,40,13,1.7,58,7,0,1,0,38,2,0,0,0,national
2025,AR,05051,Garland,549300MGPZBLQDIL7538,FAIRWAY INDEPENDENT MORTGAGE CORPORATION,58,36,2,1.53,27,21,7,3,0,14,15,6,1,0,national
2025,AR,05051,Garland,549300FNXYY540N23N64,Newrez LLC,74,34,8,1.44,54,8,10,2,0,27,1,4,2,0,national
2025,AR,05051,Garland,54930052M48FOD3CWA54,"PRIMARY RESIDENTIAL MORTGAGE, INC.",50,32,3,1.36,29,16,1,4,0,19,9,1,3,0,national
2025,AR,05051,Garland,549300IJ8KTGYPKLXK63,,38,31,2,1.32,13,20,4,1,0,9,18,3,1,0,national
2025,AR,05051,Garland,RVDPPPGHCGZ40J4VQ731,"PENNYMAC LOAN SERVICES, LLC",60,30,9,1.27,31,16,13,0,0,20,5,5,0,0,national
2025,AR,05051,Garland,254900YY36UO9MBPH808,,29,27,1,1.15,29,0,0,0,0,27,0,0,0,0,national
2025,AR,05051,Garland,549300XY701IELCE5Q08,BETTER MORTGAGE CORPORATION,55,27,19,1.15,39,12,4,0,0,17,8,2,0,0,national
2025,AR,05051,Garland,549300VZVN841I2ILS84,"CROSSCOUNTRY MORTGAGE, LLC",56,26,1,1.1,26,22,7,1,0,15,6,5,0,0,national
2025,AR,05051,Garland,549300DG3IV05V4C4E03,EUSTIS MORTGAGE CORPORATION,35,24,0,1.02,17,15,3,0,0,12,10,2,0,0,national
2025,AR,05051,Garland,549300GCILEV6KJUST91,,34,24,2,1.02,34,0,0,0,0,24,0,0,0,0,national
2025,AR,05051,Garland,5493000YNV8IX4VD3X12,"VANDERBILT MORTGAGE AND FINANCE, INC.",212,22,91,0.93,212,0,0,0,0,22,0,0,0,0,national
2025,AR,05051,Garland,5493000JFVFQFL816N45,ENCORE BANK,34,20,1,0.85,23,3,8,0,0,13,2,5,0,0,national
2025,AR,05051,Garland,549300XQVJ1XBNFA5536,21ST MORTGAGE CORPORATION,136,20,84,0.85,136,0,0,0,0,20,0,0,0,0,national
2025,AR,05051,Garland,7H6GLXDRUGQFU57RNE97,"JPMorgan Chase Bank, National Association",30,20,5,0.85,29,1,0,0,0,20,0,0,0,0,national
2025,AR,05051,Garland,254900NWDFXM54GX9625,,19,19,0,0.81,16,1,2,0,0,16,1,2,0,0,national
2025,AR,05051,Garland,549300AG64NHILB7ZP05,"LOANDEPOT.COM, LLC",51,17,24,0.72,30,19,2,0,0,10,7,0,0,0,national
2025,AR,05051,Garland,Q7C315HKI8VX0SSKBS64,Cadence Bank,26,17,5,0.72,26,0,0,0,0,17,0,0,0,0,national
2025,AR,05051,Garland,549300E2UX99HKDBR481,"NEW AMERICAN FUNDING, LLC",54,16,3,0.68,23,28,3,0,0,8,7,1,0,0,national
2025,AR,05051,Garland,549300KHXD7JSQUZIJ22,"HIGHLANDS RESIDENTIAL MORTGAGE, LTD.",25,16,2,0.68,13,10,1,1,0,8,7,1,0,0,national
2025,AR,05051,Garland,549300LBCBNR1OT00651,NATIONSTAR MORTGAGE LLC,29,16,6,0.68,15,7,7,0,0,7,4,5,0,0,national
2025,AR,05051,Garland,549300QFP6J5QSZVF805,Eagle Bank and Trust Company,21,16,0,0.68,15,4,2,0,0,12,3,1,0,0,national
2025,AR,05051,Garland,549300RPOGWJRH63HS39,UNION HOME MORTGAGE CORP.,22,16,4,0.68,15,3,3,1,0,10,3,2,1,0,national
2025,AR,05051,Garland,549300YIQ7S7Z8PIHE53,AMERISAVE MORTGAGE CORPORATION,70,16,44,0.68,47,20,3,0,0,14,2,0,0,0,national
2025,AR,05051,Garland,5493003GQDUH26DNNH17,Navy Federal Credit Union,33,14,6,0.59,22,0,11,0,0,7,0,7,0,0,national
2025,AR,05051,Garland,5493004EVKOLRF3JI477,,15,14,1,0.59,15,0,0,0,0,14,0,0,0,0,national
2025,AR,05051,Garland,254900UL88QFG0E40516,FIGURE LENDING LLC,28,13,7,0.55,28,0,0,0,0,13,0,0,0,0,national
2025,AR,05051,Garland,549300R0SXC1JU7ZU290,"FIRST COMMUNITY MORTGAGE, INC.",14,13,0,0.55,10,1,2,1,0,10,1,1,1,0,national
2025,AR,05051,Garland,5493001GCBD5XGNIC815,Coastal Community Bank,43,12,0,0.51,43,0,0,0,0,12,0,0,0,0,national
2025,AR,05051,Garland,5493002B2WMHY23GFK92,"AMERICAN FINANCIAL RESOURCES, INC.",17,11,2,0.47,9,6,0,2,0,6,3,0,2,0,national
2025,AR,05051,Garland,54930030Z1JWTP3SVD16,,19,11,4,0.47,5,11,2,1,0,4,6,0,1,0,national
2025,AR,05051,Garland,549300SUCQ1358EGVE89,"NEW DAY FINANCIAL, LLC",50,11,11,0.47,0,2,48,0,0,0,0,11,0,0,national
2025,AR,05051,Garland,549300249G20MDIDRR27,,27,10,2,0.42,20,6,1,0,0,7,3,0,0,0,national
2025,AR,05051,Garland,54930039OWZFM2IGRN69,,13,10,1,0.42,13,0,0,0,0,10,0,0,0,0,national
2025,AR,05051,Garland,549300DFQP4S0ZYOBT18,,10,10,0,0.42,10,0,0,0,0,10,0,0,0,0,national
2025,AR,05051,Garland,549300LYRWPSYPK6S325,FREEDOM MORTGAGE CORPORATION,33,10,2,0.42,4,16,13,0,0,0,4,6,0,0,national
2025,AR,05051,Garland,C5654JQHZUHN0772B561,USAA Federal Savings Bank,27,10,5,0.42,16,0,11,0,0,4,0,6,0,0,national
2025,AR,05051,Garland,549300S8CJG5MSY8BH57,,13,9,2,0.38,12,0,1,0,0,8,0,1,0,0,national
2025,AR,05051,Garland,549300XWUSRVVOHPRY47,Academy Mortgage Corporation,12,9,0,0.38,7,3,0,2,0,5,2,0,2,0,national
2025,AR,05051,Garland,B4TYDEB6GKMZO031MB27,"Bank of America, National Association",33,9,16,0.38,33,0,0,0,0,9,0,0,0,0,national
2025,AR,05051,Garland,54930054ET8KM4O1D485,"SOFI BANK, NATIONAL ASSOCIATION",20,8,1,0.34,18,2,0,0,0,7,1,0,0,0,national
2025,AR,05051,Garland,549300GTVXJ2PGXNLM73,T2 FINANCIAL LLC,9,8,0,0.34,5,2,1,1,0,4,2,1,1,0,national
2025,AR,05051,Garland,549300RFLICNI75BG067,Luminate Bank,12,8,0,0.34,5,7,0,0,0,3,5,0,0,0,national
2025,AR,05051,Garland,549300370QILXLFUWD20,"ZILLOW HOME LOANS, LLC",11,7,0,0.3,9,2,0,0,0,6,1,0,0,0,national
2025,AR,05051,Garland,5493003K6JB8F2ZMRI65,,7,7,0,0.3,7,0,0,0,0,7,0,0,0,0,national
2025,AR,05051,Garland,549300GKNMX0ZXKVPE54,,8,7,0,0.3,8,0,0,0,0,7,0,0,0,0,national
2025,AR,05051,Garland,549300PIL8LFAQ04XC20,Better Mortgage Corporation,22,7,12,0.3,22,0,0,0,0,7,0,0,0,0,national
2025,AR,05051,Garland,DRMSV1Q0EKMEXLAU1P80,"Citizens Bank, National Association",11,7,2,0.3,11,0,0,0,0,7,0,0,0,0,national
2025,AR,05051,Garland,25490066WMF8ZMQXQB18,"Lendage, LLC",8,6,0,0.25,8,0,0,0,0,6,0,0,0,0,national
2025,AR,05051,Garland,254900DTLHVWQ7NP7R34,"CMG Mortgage, Inc.",7,6,0,0.25,7,0,0,0,0,6,0,0,0,0,national
2025,AR,05051,Garland,5493009F6BJDCZMZ7Y26,,10,6,0,0.25,6,2,1,1,0,2,2,1,1,0,national
2025,AR,05051,Garland,549300LXKO1O7CSK5J52,"FLAT BRANCH MORTGAGE, INC.",11,6,0,0.25,7,1,3,0,0,5,0,1,0,0,national
2025,AR,05051,Garland,549300MCIFZSDHUT8X63,"NFM, INC.",9,6,0,0.25,9,0,0,0,0,6,0,0,0,0,national
2025,AR,05051,Garland,549300W2LKZKSX67ZU02,,9,6,0,0.25,9,0,0,0,0,6,0,0,0,0,national
2025,AR,05051,Garland,549300W6GQTN13GWDQ17,,11,6,2,0.25,11,0,0,0,0,6,0,0,0,0,national
2025,AR,05051,Garland,COOWI3L2W9TPYR3WJX37,First Horizon Bank,8,6,1,0.25,8,0,0,0,0,6,0,0,0,0,national
2025,AR,05051,Garland,KB1H1DSPRFMYMCUFXT09,"Wells Fargo Bank, National Association",12,6,2,0.25,10,2,0,0,0,6,0,0,0,0,national
2025,AR,05051,Garland,5493004AS1SPBQOFDR49,"Change Lending, LLC",5,5,0,0.21,5,0,0,0,0,5,0,0,0,0,national
2025,AR,05051,Garland,549300IEIM2IT5YK4368,First Community Bank,8,5,2,0.21,8,0,0,0,0,5,0,0,0,0,national
2025,AR,05051,Garland,549300K4ZLGS7SRDTL86,Equity Prime Mortgage LLC,13,5,1,0.21,0,3,7,3,0,0,1,2,2,0,national
2025,AR,05051,Garland,549300LAQ3M8E5I08F43,,6,5,0,0.21,6,0,0,0,0,5,0,0,0,0,national
2025,AR,05051,Garland,549300OPCWU6E72WUT29,"MUTUAL OF OMAHA MORTGAGE, INC.",15,5,7,0.21,4,8,3,0,0,1,3,1,0,0,national
2025,AR,05051,Garland,549300U3721PJGQZYY68,"GUARANTEED RATE, INC.",8,5,0,0.21,7,1,0,0,0,5,0,0,0,0,national
2025,AR,05051,Garland,549300Y4CEEGC4KCFI45,,5,5,0,0.21,5,0,0,0,0,5,0,0,0,0,national
2025,AR,05051,Garland,549300YKBMBBIIMQJS94,Southern Bank,5,5,0,0.21,5,0,0,0,0,5,0,0,0,0,national
2025,AR,05051,Garland,X05BVSK68TQ7YTOSNR22,Discover Bank,27,5,19,0.21,27,0,0,0,0,5,0,0,0,0,national
2025,AR,05051,Garland,5493008NWHQT1R22C024,"AMERICAN FINANCIAL NETWORK, INC.",4,4,0,0.17,3,1,0,0,0,3,1,0,0,0,national
2025,AR,05051,Garland,549300BEFX6JRSCS5N78,Centennial Bank,10,4,3,0.17,10,0,0,0,0,4,0,0,0,0,national
2025,AR,05051,Garland,549300NOCASXPA34X033,"LAKEVIEW LOAN SERVICING, LLC",16,4,9,0.17,8,6,2,0,0,1,1,2,0,0,national
2025,AR,05051,Garland,549300R9S3MVDV4MGF56,"CARRINGTON MORTGAGE SERVICES, LLC",20,4,9,0.17,9,9,2,0,0,3,1,0,0,0,national
2025,AR,05051,Garland,549300UMOKQUJLI81448,,4,4,0,0.17,4,0,0,0,0,4,0,0,0,0,national
2025,AR,05051,Garland,549300YW2UBCMDRMBT48,,5,4,0,0.17,2,3,0,0,0,2,2,0,0,0,national
2025,AR,05051,Garland,C398JSK21YCXWM603F55,"Barrington Bank & Trust Company, National Association",5,4,1,0.17,3,0,2,0,0,2,0,2,0,0,national
2025,AR,05051,Garland,254900HA4DQWAE0W3342,"AMERIHOME MORTGAGE COMPANY, LLC",7,3,1,0.13,0,7,0,0,0,0,3,0,0,0,national
2025,AR,05051,Garland,254900XDI51NPWZM0N29,Union Bank,3,3,0,0.13,3,0,0,0,0,3,0,0,0,0,national
2025,AR,05051,Garland,5493004T9SQFCNRQ2L76,,3,3,0,0.13,3,0,0,0,0,3,0,0,0,0,national
2025,AR,05051,Garland,549300BX448ALT10FI43,The Federal Savings Bank,8,3,1,0.13,2,2,4,0,0,1,1,1,0,0,national
2025,AR,05051,Garland,549300CB67L6KPJLHE19,"TRIAD FINANCIAL SERVICES, INC.",128,3,86,0.13,128,0,0,0,0,3,0,0,0,0,national
2025,AR,05051,Garland,549300DD4R4SYK5RAQ92,"MOVEMENT MORTGAGE, LLC",3,3,0,0.13,3,0,0,0,0,3,0,0,0,0,national
2025,AR,05051,Garland,549300GKFNPRWNS0GF29,"AmeriHome Mortgage Company, LLC",4,3,0,0.13,2,2,0,0,0,2,1,0,0,0,national
2025,AR,05051,Garland,549300GY4NTTEM7WWB64,,3,3,0,0.13,2,0,1,0,0,2,0,1,0,0,national
2025,AR,05051,Garland,549300HTRLFU2IIL4380,,7,3,1,0.13,7,0,0,0,0,3,0,0,0,0,national
2025,AR,05051,Garland,549300L6SV1WXLO6BB96,,5,3,0,0.13,5,0,0,0,0,3,0,0,0,0,national
2025,AR,05051,Garland,549300MCPCNPQAOB4032,GMFS LLC,5,3,0,0.13,3,1,0,1,0,2,1,0,0,0,national
2025,AR,05051,Garland,549300O6Z0I6KYMESL47,AMWEST FUNDING CORP.,3,3,0,0.13,3,0,0,0,0,3,0,0,0,0,national
2025,AR,05051,Garland,549300PBTV7FCWLSMM53,,5,3,0,0.13,0,1,4,0,0,0,0,3,0,0,national
2025,AR,05051,Garland,549300RA3E0BUFO7YZ21,"Hometown Equity Mortgage, LLC",6,3,2,0.13,6,0,0,0,0,3,0,0,0,0,national
2025,AR,05051,Garland,549300RP4LE08QWSLQ50,,3,3,0,0.13,3,0,0,0,0,3,0,0,0,0,national
2025,AR,05051,Garland,549300S5YL3OH0IVCS62,FINANCE OF AMERICA REVERSE LLC,5,3,1,0.13,0,5,0,0,0,0,3,0,0,0,national
2025,AR,05051,Garland,549300VCMRO4ST680C11,VILLAGE CAPITAL & INVESTMENT LLC,14,3,5,0.13,0,5,9,0,0,0,0,3,0,0,national
2025,AR,05051,Garland,549300ZZME37MXI1EF14,"DAS ACQUISITION COMPANY, LLC",3,3,0,0.13,2,0,0,1,0,2,0,0,1,0,national
2025,AR,05051,Garland,PAOOWF3GUFM46FBSP561,,11,3,0,0.13,3,5,3,0,0,1,2,0,0,0,national
2025,AR,05051,Garland,213800XR2TCBQJSF1X93,,3,2,1,0.08,3,0,0,0,0,2,0,0,0,0,national
2025,AR,05051,Garland,254900HEJ9F73IMPX887,,6,2,1,0.08,5,1,0,0,0,2,0,0,0,0,national
2025,AR,05051,Garland,549300121SF0K2LN2804,"PRIMELENDING, A PLAINSCAPITAL COMPANY",2,2,0,0.08,1,0,1,0,0,1,0,1,0,0,national
2025,AR,05051,Garland,54930021WPEXNHYZUL09,"PLANET HOME LENDING, LLC",4,2,1,0.08,0,3,1,0,0,0,1,1,0,0,national
2025,AR,05051,Garland,54930034MNPILHP25H80,Gateway First Bank,2,2,0,0.08,2,0,0,0,0,2,0,0,0,0,national
2025,AR,05051,Garland,5493003EW6T31TGECO83,,2,2,0,0.08,2,0,0,0,0,2,0,0,0,0,national
2025,AR,05051,Garland,5493005PD34O8ZT7QT17,,4,2,2,0.08,4,0,0,0,0,2,0,0,0,0,national
2025,AR,05051,Garland,5493008ETVHBTJEF0O91,,2,2,0,0.08,2,0,0,0,0,2,0,0,0,0,national
2025,AR,05051,Garland,549300AQ3T62GXDU7D76,GUILD MORTGAGE COMPANY LLC,3,2,0,0.08,1,0,0,2,0,0,0,0,2,0,national
2025,AR,05051,Garland,549300CLRXFVF83ZL806,"NATIONWIDE MORTGAGE BANKERS, INC.",2,2,0,0.08,2,0,0,0,0,2,0,0,0,0,national
2025,AR,05051,Garland,549300EF3CM0UIOIS476,,2,2,0,0.08,2,0,0,0,0,2,0,0,0,0,national
2025,AR,05051,Garland,549300GS0W0TEUQS8571,"Morgan Stanley Private Bank, National Association",4,2,0,0.08,4,0,0,0,0,2,0,0,0,0,national
2025,AR,05051,Garland,549300IRXW9RSZM2B951,,2,2,0,0.08,2,0,0,0,0,2,0,0,0,0,national
2025,AR,05051,Garland,549300KSOOZZVXCMA627,ANGEL OAK MORTGAGE SOLUTIONS LLC,5,2,1,0.08,5,0,0,0,0,2,0,0,0,0,national
2025,AR,05051,Garland,549300LP3GMTWS4OB353,,2,2,0,0.08,1,0,1,0,0,1,0,1,0,0,national
2025,AR,05051,Garland,549300PL267CW8182203,,6,2,1,0.08,1,3,2,0,0,0,1,1,0,0,national
2025,AR,05051,Garland,549300Q3ROEQU3D1IW91,,51,2,41,0.08,51,0,0,0,0,2,0,0,0,0,national
2025,AR,05051,Garland,549300R77W0P105C3S50,HOMEXPRESS MORTGAGE CORP.,5,2,3,0.08,5,0,0,0,0,2,0,0,0,0,national
2025,AR,05051,Garland,549300REENMLD2RN3W58,"Magnolia Bank, Incorporated",3,2,0,0.08,1,0,2,0,0,1,0,1,0,0,national
2025,AR,05051,Garland,549300RN01LBYR8ZVX74,"LOWER, LLC",4,2,0,0.08,2,0,2,0,0,1,0,1,0,0,national
2025,AR,05051,Garland,549300TA4MQM8WN2XG31,,3,2,0,0.08,3,0,0,0,0,2,0,0,0,0,national
2025,AR,05051,Garland,549300VNBQD8FDHF7563,"MORTGAGE INVESTORS GROUP, INC.",4,2,0,0.08,2,2,0,0,0,1,1,0,0,0,national
2025,AR,05051,Garland,549300VQUTI5IU7GXT57,SECURITYNATIONAL MORTGAGE COMPANY,3,2,0,0.08,3,0,0,0,0,2,0,0,0,0,national
2025,AR,05051,Garland,549300Y5Y88FQLI7VE83,DEEPHAVEN MORTGAGE LLC,8,2,6,0.08,8,0,0,0,0,2,0,0,0,0,national
2025,AR,05051,Garland,1TMVIO1SD0RLIPEIW803,Great Southern Bank,1,1,0,0.04,1,0,0,0,0,1,0,0,0,0,national
2025,AR,05051,Garland,2549001S0U8EFNDOG816,,1,1,0,0.04,1,0,0,0,0,1,0,0,0,0,national
2025,AR,05051,Garland,254900378RFGMBEKAF12,Empeople Credit Union,4,1,2,0.04,4,0,0,0,0,1,0,0,0,0,national
2025,AR,05051,Garland,2549004XJQQPBYQSMT39,,2,1,0,0.04,2,0,0,0,0,1,0,0,0,0,national
2025,AR,05051,Garland,2549005Z23HAAZ6QDM98,,1,1,0,0.04,1,0,0,0,0,1,0,0,0,0,national
2025,AR,05051,Garland,2549006YTBW0GRVA9N57,,1,1,0,0.04,1,0,0,0,0,1,0,0,0,0,national
2025,AR,05051,Garland,2549007UK2BZOOSF6C76,,1,1,0,0.04,1,0,0,0,0,1,0,0,0,0,national
2025,AR,05051,Garland,254900B71NF607TXAW72,,1,1,0,0.04,1,0,0,0,0,1,0,0,0,0,national
2025,AR,05051,Garland,254900CNZPI5WN45KW48,First Financial Bank,1,1,0,0.04,1,0,0,0,0,1,0,0,0,0,national
2025,AR,05051,Garland,254900CTT87ZKAUTIJ37,,2,1,1,0.04,2,0,0,0,0,1,0,0,0,0,national
2025,AR,05051,Garland,254900E6AIE4Z8YQM970,Citadel Servicing Corporation,1,1,0,0.04,1,0,0,0,0,1,0,0,0,0,national
2025,AR,05051,Garland,254900EZRN0CBEP77K34,,1,1,0,0.04,1,0,0,0,0,1,0,0,0,0,national
2025,AR,05051,Garland,254900FJRICL380R4T46,Leaders Credit Union,1,1,0,0.04,1,0,0,0,0,1,0,0,0,0,national
2025,AR,05051,Garland,254900HO9WPE4LTLQU96,,1,1,0,0.04,1,0,0,0,0,1,0,0,0,0,national
2025,AR,05051,Garland,254900KE9OJJUH139Q12,,1,1,0,0.04,1,0,0,0,0,1,0,0,0,0,national
2025,AR,05051,Garland,254900QRD0ZXHH08TX87,,1,1,0,0.04,1,0,0,0,0,1,0,0,0,0,national
2025,AR,05051,Garland,254900RD08FFMO7DRN13,,1,1,0,0.04,1,0,0,0,0,1,0,0,0,0,national
2025,AR,05051,Garland,254900U2ZPLWQTSD3158,,1,1,0,0.04,1,0,0,0,0,1,0,0,0,0,national
2025,AR,05051,Garland,254900WT4HAMDFWH3048,,2,1,0,0.04,0,2,0,0,0,0,1,0,0,0,national
2025,AR,05051,Garland,254900ZFWS2106HWPH46,"PARAMOUNT RESIDENTIAL MORTGAGE GROUP, INC.",4,1,3,0.04,3,1,0,0,0,1,0,0,0,0,national
2025,AR,05051,Garland,5493000A2XS66AH5XM81,,1,1,0,0.04,1,0,0,0,0,1,0,0,0,0,national
2025,AR,05051,Garland,5493001XKL0FTNOJ0866,,3,1,0,0.04,3,0,0,0,0,1,0,0,0,0,national
2025,AR,05051,Garland,5493002F9OWLKRICTY67,STANDARD MORTGAGE CORPORATION,1,1,0,0.04,1,0,0,0,0,1,0,0,0,0,national
2025,AR,05051,Garland,5493002RF1ERFA2XR050,Renasant Bank,1,1,0,0.04,1,0,0,0,0,1,0,0,0,0,national
2025,AR,05051,Garland,5493002YXAOJOQPEGS38,,1,1,0,0.04,1,0,0,0,0,1,0,0,0,0,national
2025,AR,05051,Garland,5493003NV9L53LK1XI52,,1,1,0,0.04,1,0,0,0,0,1,0,0,0,0,national
2025,AR,05051,Garland,5493003V40VGM7YDFM54,FIRST COLONY MORTGAGE CORPORATION,1,1,0,0.04,1,0,0,0,0,1,0,0,0,0,national
2025,AR,05051,Garland,54930048P8RWCQHQM310,,1,1,0,0.04,1,0,0,0,0,1,0,0,0,0,national
2025,AR,05051,Garland,5493005PKOSG7MYX0B34,"Prosperity Home Mortgage, LLC",3,1,1,0.04,1,1,1,0,0,0,0,1,0,0,national
2025,AR,05051,Garland,5493005QK4NV0ZZ5EM64,Community Bank of Mississippi,2,1,0,0.04,2,0,0,0,0,1,0,0,0,0,national
2025,AR,05051,Garland,54930063578UDYE3JR69,,1,1,0,0.04,0,0,1,0,0,0,0,1,0,0,national
2025,AR,05051,Garland,5493007BBMW58UQT5588,,1,1,0,0.04,1,0,0,0,0,1,0,0,0,0,national
2025,AR,05051,Garland,5493007JVSQYT5Y2V066,,1,1,0,0.04,1,0,0,0,0,1,0,0,0,0,national
2025,AR,05051,Garland,5493008Q3XBC7O0Q4X02,HOPE FEDERAL CREDIT UNION,3,1,2,0.04,1,2,0,0,0,1,0,0,0,0,national
2025,AR,05051,Garland,5493008YOT5ACN2UNP66,,1,1,0,0.04,1,0,0,0,0,1,0,0,0,0,national
2025,AR,05051,Garland,5493009I5VHHGVFQ1O54,,1,1,0,0.04,1,0,0,0,0,1,0,0,0,0,national
2025,AR,05051,Garland,549300A2N0IEBKSB5I23,,1,1,0,0.04,1,0,0,0,0,1,0,0,0,0,national
2025,AR,05051,Garland,549300AENO88GEUWCZ39,,1,1,0,0.04,0,1,0,0,0,0,1,0,0,0,national
2025,AR,05051,Garland,549300BLL6VL7AXWYP56,CHURCHILL MORTGAGE CORPORATION,1,1,0,0.04,1,0,0,0,0,1,0,0,0,0,national
2025,AR,05051,Garland,549300C6XY8GTVR2TV60,,1,1,0,0.04,1,0,0,0,0,1,0,0,0,0,national
2025,AR,05051,Garland,549300CKG3JGNHH34D61,,1,1,0,0.04,1,0,0,0,0,1,0,0,0,0,national
2025,AR,05051,Garland,549300CUUEEQ66ZVK149,,1,1,0,0.04,1,0,0,0,0,1,0,0,0,0,national
2025,AR,05051,Garland,549300CY7WNAHKHYSJ73,,2,1,0,0.04,1,0,1,0,0,1,0,0,0,0,national
2025,AR,05051,Garland,549300DDLYW49R2HCV81,EASTMAN CREDIT UNION,1,1,0,0.04,1,0,0,0,0,1,0,0,0,0,national
2025,AR,05051,Garland,549300DNP4W96HB6LV07,,1,1,0,0.04,1,0,0,0,0,1,0,0,0,0,national
2025,AR,05051,Garland,549300DNWSJUNAWUM003,,1,1,0,0.04,1,0,0,0,0,1,0,0,0,0,national
2025,AR,05051,Garland,549300EAO0HUFDR48U74,,1,1,0,0.04,1,0,0,0,0,1,0,0,0,0,national
2025,AR,05051,Garland,549300EFCZM6KD6B8K69,MORTGAGE ACCESS CORP.,2,1,0,0.04,1,1,0,0,0,0,1,0,0,0,national
2025,AR,05051,Garland,549300EKFFG3BU8DNX74,NEXERA HOLDING LLC,2,1,0,0.04,2,0,0,0,0,1,0,0,0,0,national
2025,AR,05051,Garland,549300FK3AFCFVAPH234,"Leader Bank, National Association",1,1,0,0.04,1,0,0,0,0,1,0,0,0,0,national
2025,AR,05051,Garland,549300FX7K8PTEQUU487,PENTAGON FEDERAL CREDIT UNION,4,1,2,0.04,3,0,1,0,0,0,0,1,0,0,national
2025,AR,05051,Garland,549300G4ESSS6M0MEG51,ORIGINPOINT LLC,2,1,0,0.04,2,0,0,0,0,1,0,0,0,0,national
2025,AR,05051,Garland,549300G5DVGM0ZHRQC33,,1,1,0,0.04,0,0,1,0,0,0,0,1,0,0,national
2025,AR,05051,Garland,549300GWD9H4FQ2VR805,,2,1,0,0.04,2,0,0,0,0,1,0,0,0,0,national
2025,AR,05051,Garland,549300HUGQ1D4T4GJH13,,1,1,0,0.04,1,0,0,0,0,1,0,0,0,0,national
2025,AR,05051,Garland,549300ID4RCRD8BXYH30,,1,1,0,0.04,0,1,0,0,0,0,1,0,0,0,national
2025,AR,05051,Garland,549300INFJ8TYNZ1G568,,2,1,1,0.04,2,0,0,0,0,1,0,0,0,0,national
2025,AR,05051,Garland,549300ISCZS1R0CJMO47,,1,1,0,0.04,1,0,0,0,0,1,0,0,0,0,national
2025,AR,05051,Garland,549300J7I82PNDVU8H22,"OCMBC, INC.",3,1,1,0.04,3,0,0,0,0,1,0,0,0,0,national
2025,AR,05051,Garland,549300JGK6WNKYXQ0821,,1,1,0,0.04,1,0,0,0,0,1,0,0,0,0,national
2025,AR,05051,Garland,549300JX8UXNIMMZYW86,,1,1,0,0.04,1,0,0,0,0,1,0,0,0,0,national
2025,AR,05051,Garland,549300KIOYNU323LVJ37,AMERICAN PACIFIC MORTGAGE CORPORATION,3,1,1,0.04,3,0,0,0,0,1,0,0,0,0,national
2025,AR,05051,Garland,549300KJ8PAJ7E52HG32,Plains Commerce Bank,1,1,0,0.04,1,0,0,0,0,1,0,0,0,0,national
2025,AR,05051,Garland,549300KR4ZW8KJC82O47,,1,1,0,0.04,0,0,1,0,0,0,0,1,0,0,national
2025,AR,05051,Garland,549300LZUXCJFE5ONM48,,1,1,0,0.04,0,1,0,0,0,0,1,0,0,0,national
2025,AR,05051,Garland,549300MHH03ICJYEPE85,,5,1,1,0.04,0,5,0,0,0,0,1,0,0,0,national
2025,AR,05051,Garland,549300NN0PRX3I4QGG46,,3,1,1,0.04,0,0,3,0,0,0,0,1,0,0,national
2025,AR,05051,Garland,549300O2D8BPO6PJRB90,Armstrong Bank,1,1,0,0.04,1,0,0,0,0,1,0,0,0,0,national
2025,AR,05051,Garland,549300OBO7DOF2KOP535,FirstBank,1,1,0,0.04,1,0,0,0,0,1,0,0,0,0,national
2025,AR,05051,Garland,549300PJ2WT35S77Q208,,1,1,0,0.04,0,1,0,0,0,0,1,0,0,0,national
2025,AR,05051,Garland,549300PQLK8E48ILXV41,,1,1,0,0.04,1,0,0,0,0,1,0,0,0,0,national
2025,AR,05051,Garland,549300PXIFIEPL7D7R86,,1,1,0,0.04,1,0,0,0,0,1,0,0,0,0,national
2025,AR,05051,Garland,549300QIUZLVR1OLDH55,Genisys Credit Union,1,1,0,0.04,1,0,0,0,0,1,0,0,0,0,national
2025,AR,05051,Garland,549300QLO8TSQW5JTK72,WEST GATE BANK,1,1,0,0.04,0,0,1,0,0,0,0,1,0,0,national
2025,AR,05051,Garland,549300QR0KFPEDZPEI42,STOCKTON MORTGAGE CORPORATION,2,1,1,0.04,1,1,0,0,0,0,1,0,0,0,national
2025,AR,05051,Garland,549300QWJ3UDIX8KBP64,,2,1,0,0.04,2,0,0,0,0,1,0,0,0,0,national
2025,AR,05051,Garland,549300RFPLMCMJL7BS81,,1,1,0,0.04,1,0,0,0,0,1,0,0,0,0,national
2025,AR,05051,Garland,549300RM1IZYGQDSNL85,,4,1,0,0.04,0,0,4,0,0,0,0,1,0,0,national
2025,AR,05051,Garland,549300RP3DLR09NF6157,,1,1,0,0.04,1,0,0,0,0,1,0,0,0,0,national
2025,AR,05051,Garland,549300SK2GVCQXPD4S58,"SUN WEST MORTGAGE COMPANY, INC.",1,1,0,0.04,0,0,1,0,0,0,0,1,0,0,national
2025,AR,05051,Garland,549300T1KLQQ7B84EZ41,,1,1,0,0.04,1,0,0,0,0,1,0,0,0,0,national
2025,AR,05051,Garland,549300T94GSH3C4U5M59,ALLIANT CREDIT UNION,2,1,1,0.04,2,0,0,0,0,1,0,0,0,0,national
2025,AR,05051,Garland,549300T9P3WXNMXX0I34,Ixonia Bank,2,1,0,0.04,2,0,0,0,0,1,0,0,0,0,national
2025,AR,05051,Garland,549300TJF420N3F01V87,,1,1,0,0.04,1,0,0,0,0,1,0,0,0,0,national
2025,AR,05051,Garland,549300UF3FPC7U6RFC59,The Central Trust Bank,1,1,0,0.04,1,0,0,0,0,1,0,0,0,0,national
2025,AR,05051,Garland,549300UG7QXKM7KGV847,,4,1,2,0.04,3,1,0,0,0,1,0,0,0,0,national
2025,AR,05051,Garland,549300UXTDELQS5SLF91,DUPACO COMMUNITY,1,1,0,0.04,1,0,0,0,0,1,0,0,0,0,national
2025,AR,05051,Garland,549300UXY7OP0IC38293,Northpointe Bank,2,1,1,0.04,2,0,0,0,0,1,0,0,0,0,national
2025,AR,05051,Garland,549300UYF8OQLB7L7745,,2,1,0,0.04,2,0,0,0,0,1,0,0,0,0,national
2025,AR,05051,Garland,549300VORTI31GZTJL53,"CARDINAL FINANCIAL COMPANY, LIMITED PARTNERSHIP",1,1,0,0.04,1,0,0,0,0,1,0,0,0,0,national
2025,AR,05051,Garland,549300VVH8HHFMWL8536,,1,1,0,0.04,1,0,0,0,0,1,0,0,0,0,national
2025,AR,05051,Garland,549300W45D2J6BT4LX65,,1,1,0,0.04,1,0,0,0,0,1,0,0,0,0,national
2025,AR,05051,Garland,549300XCHJ481RPPSP63,,1,1,0,0.04,1,0,0,0,0,1,0,0,0,0,national
2025,AR,05051,Garland,549300XCVBRR56D08F03,,1,1,0,0.04,1,0,0,0,0,1,0,0,0,0,national
2025,AR,05051,Garland,549300XKEC7P1D7OKJ16,Great Plains National Bank,1,1,0,0.04,1,0,0,0,0,1,0,0,0,0,national
2025,AR,05051,Garland,549300XZEU2LB7FLWW04,,1,1,0,0.04,1,0,0,0,0,1,0,0,0,0,national
2025,AR,05051,Garland,549300Y817BTHHMVNH95,,1,1,0,0.04,1,0,0,0,0,1,0,0,0,0,national
2025,AR,05051,Garland,549300YN94MOAVYW0F52,"GoodLeap, LLC",8,1,4,0.04,4,3,1,0,0,0,1,0,0,0,national
2025,AR,05051,Garland,549300ZPSJZO10ZAX556,"AMERICAN HERITAGE LENDING, LLC",3,1,0,0.04,3,0,0,0,0,1,0,0,0,0,national
2025,AR,05051,Garland,8AI385EP1ZJCMUOZ8022,Landmark National Bank,1,1,0,0.04,1,0,0,0,0,1,0,0,0,0,national
2025,AR,05051,Garland,984500F6E6940CCB6A60,,1,1,0,0.04,1,0,0,0,0,1,0,0,0,0,national
2025,AR,05051,Garland,984500RF83EA742B5589,,1,1,0,0.04,1,0,0,0,0,1,0,0,0,0,national
2025,AR,05051,Garland,984500U2F9A83N391A91,"CHAMPIONS FUNDING, LLC",1,1,0,0.04,1,0,0,0,0,1,0,0,0,0,national
2025,AR,05051,Garland,CKVBED0S4DMLKJJ5XH28,Stifel Bank and Trust,2,1,1,0.04,2,0,0,0,0,1,0,0,0,0,national
2025,AR,05051,Garland,FU7RSW4CQQY98A2O7J66,"BOKF, National Association",4,1,1,0.04,4,0,0,0,0,1,0,0,0,0,national
2025,AR,05051,Garland,IUGPUX5LWRZ3B6KIZ697,Ameris Bank,2,1,0,0.04,1,0,1,0,0,1,0,0,0,0,national
2025,AR,05051,Garland,KD3XUN7C6T14HNAYLU02,,1,1,0,0.04,1,0,0,0,0,1,0,0,0,0,national
2025,AR,05051,Garland,QFROUN1UWUYU0DVIWD51,"Eagle Home Mortgage, LLC",2,1,0,0.04,2,0,0,0,0,1,0,0,0,0,national
2025,AR,05051,Garland,RA4FKR1AA05ZK88M8034,,1,1,0,0.04,1,0,0,0,0,1,0,0,0,0,national
2025,AR,05051,Garland,WKN6AF1FCL7BBYGTGI83,,1,1,0,0.04,1,0,0,0,0,1,0,0,0,0,national
2025,AR,05051,Garland,ZXMJHJK466PBZTM5F379,,1,1,0,0.04,1,0,0,0,0,1,0,0,0,0,national
2025,AR,05051,Garland,5493006VAGP3GQ8FJT49,"Kiavi Funding, Inc.",16,0,1,0.0,16,0,0,0,0,0,0,0,0,0,national
2025,AR,05051,Garland,54930091JQKCU3Z6IP44,,7,0,1,0.0,7,0,0,0,0,0,0,0,0,0,national
2025,AR,05051,Garland,549300ALNLUNS3Y53T24,AMERICAN FINANCING CORPORATION,10,0,6,0.0,3,5,2,0,0,0,0,0,0,0,national
2025,AR,05051,Garland,AD6GFRVSDT01YPT1CS68,"PNC Bank, National Association",8,0,6,0.0,8,0,0,0,0,0,0,0,0,0,national
2025,AR,05055,Greene,25490000VM5YTLF4NM50,,109,95,5,8.86,109,0,0,0,0,95,0,0,0,0,national
2025,AR,05055,Greene,5493003EW6T31TGECO83,,99,88,0,8.21,97,0,0,2,0,88,0,0,0,0,national
2025,AR,05055,Greene,549300FGXN1K3HLB1R50,"Rocket Mortgage, LLC",81,63,11,5.88,46,21,14,0,0,35,16,12,0,0,national
2025,AR,05055,Greene,549300VNBQD8FDHF7563,"MORTGAGE INVESTORS GROUP, INC.",69,62,0,5.78,37,20,5,7,0,34,18,4,6,0,national
2025,AR,05055,Greene,549300YKBMBBIIMQJS94,Southern Bank,57,52,1,4.85,56,0,0,1,0,52,0,0,0,0,national
2025,AR,05055,Greene,Q7C315HKI8VX0SSKBS64,Cadence Bank,55,46,3,4.29,51,3,0,1,0,43,2,0,1,0,national
2025,AR,05055,Greene,549300ZZME37MXI1EF14,"DAS ACQUISITION COMPANY, LLC",66,45,8,4.2,11,26,3,26,0,9,15,2,19,0,national
2025,AR,05055,Greene,549300MGPZBLQDIL7538,FAIRWAY INDEPENDENT MORTGAGE CORPORATION,52,40,2,3.73,16,27,3,6,0,13,22,2,3,0,national
2025,AR,05055,Greene,COINQMNIM6RBU631DD85,Arvest Bank,56,38,9,3.54,40,14,0,2,0,26,11,0,1,0,national
2025,AR,05055,Greene,254900UEAUWHP0CJXA09,,33,33,0,3.08,33,0,0,0,0,33,0,0,0,0,national
2025,AR,05055,Greene,2549007JQKHU8KQ0FC19,"FIRSTTRUST HOME LOANS, INC.",35,29,0,2.71,7,15,0,13,0,5,14,0,10,0,national
2025,AR,05055,Greene,549300BEFX6JRSCS5N78,Centennial Bank,43,25,10,2.33,27,8,1,7,0,14,6,1,4,0,national
2025,AR,05055,Greene,5493001GDRY0EL7VG372,"ARK-LA-TEX FINANCIAL SERVICES, LLC.",24,22,0,2.05,9,13,0,2,0,9,11,0,2,0,national
2025,AR,05055,Greene,549300DPRWSBUY619V27,Simmons Bank,32,22,4,2.05,27,4,0,1,0,19,2,0,1,0,national
2025,AR,05055,Greene,549300DD5QQUHO6PCH70,"MORTGAGE RESEARCH CENTER, LLC",48,21,9,1.96,2,2,43,1,0,0,1,19,1,0,national
2025,AR,05055,Greene,549300HW662MN1WU8550,"United Wholesale Mortgage, LLC",26,19,3,1.77,6,12,7,1,0,4,8,6,1,0,national
2025,AR,05055,Greene,549300GKFNPRWNS0GF29,"AmeriHome Mortgage Company, LLC",23,18,0,1.68,4,9,5,5,0,4,8,3,3,0,national
2025,AR,05055,Greene,RVDPPPGHCGZ40J4VQ731,"PENNYMAC LOAN SERVICES, LLC",42,18,6,1.68,11,20,8,3,0,4,10,3,1,0,national
2025,AR,05055,Greene,54930049L5WINET09Q97,"CLICK N' CLOSE, INC.",18,13,1,1.21,5,9,1,3,0,4,7,0,2,0,national
2025,AR,05055,Greene,549300KHXD7JSQUZIJ22,"HIGHLANDS RESIDENTIAL MORTGAGE, LTD.",16,13,0,1.21,4,5,1,6,0,4,4,1,4,0,national
2025,AR,05055,Greene,549300LYRWPSYPK6S325,FREEDOM MORTGAGE CORPORATION,23,12,5,1.12,0,12,11,0,0,0,5,7,0,0,national
2025,AR,05055,Greene,EQTWLK1G7ODGC2MGLV11,Regions Bank,24,10,12,0.93,22,1,0,1,0,9,0,0,1,0,national
2025,AR,05055,Greene,5493000YNV8IX4VD3X12,"VANDERBILT MORTGAGE AND FINANCE, INC.",60,9,20,0.84,60,0,0,0,0,9,0,0,0,0,national
2025,AR,05055,Greene,549300RN01LBYR8ZVX74,"LOWER, LLC",14,9,1,0.84,4,4,4,2,0,3,2,2,2,0,national
2025,AR,05055,Greene,549300RPOGWJRH63HS39,UNION HOME MORTGAGE CORP.,11,9,2,0.84,8,1,1,1,0,7,1,1,0,0,national
2025,AR,05055,Greene,254900CNZPI5WN45KW48,First Financial Bank,15,8,1,0.75,3,7,0,5,0,1,3,0,4,0,national
2025,AR,05055,Greene,549300HIKKZQ0TVJWA08,ARKANSAS FEDERAL CREDIT UNION,18,8,4,0.75,18,0,0,0,0,8,0,0,0,0,national
2025,AR,05055,Greene,549300IEIM2IT5YK4368,First Community Bank,10,8,2,0.75,5,3,0,2,0,4,3,0,1,0,national
2025,AR,05055,Greene,549300IRXW9RSZM2B951,,9,8,1,0.75,9,0,0,0,0,8,0,0,0,0,national
2025,AR,05055,Greene,549300K4ZLGS7SRDTL86,Equity Prime Mortgage LLC,14,8,1,0.75,0,4,1,9,0,0,1,1,6,0,national
2025,AR,05055,Greene,549300LXKO1O7CSK5J52,"FLAT BRANCH MORTGAGE, INC.",11,8,0,0.75,6,1,3,1,0,4,0,3,1,0,national
2025,AR,05055,Greene,5493006JISETNI0GLE61,,12,7,2,0.65,12,0,0,0,0,7,0,0,0,0,national
2025,AR,05055,Greene,549300AG64NHILB7ZP05,"LOANDEPOT.COM, LLC",13,7,5,0.65,5,5,3,0,0,3,2,2,0,0,national
2025,AR,05055,Greene,COOWI3L2W9TPYR3WJX37,First Horizon Bank,11,7,1,0.65,6,4,0,1,0,2,4,0,1,0,national
2025,AR,05055,Greene,254900561K135J92VD38,First Security Bank,8,6,2,0.56,6,2,0,0,0,5,1,0,0,0,national
2025,AR,05055,Greene,5493003GQDUH26DNNH17,Navy Federal Credit Union,6,6,0,0.56,0,0,6,0,0,0,0,6,0,0,national
2025,AR,05055,Greene,549300GTVXJ2PGXNLM73,T2 FINANCIAL LLC,7,6,0,0.56,0,2,0,5,0,0,2,0,4,0,national
2025,AR,05055,Greene,549300LBCBNR1OT00651,NATIONSTAR MORTGAGE LLC,9,6,1,0.56,6,1,2,0,0,4,0,2,0,0,national
2025,AR,05055,Greene,549300VCMRO4ST680C11,VILLAGE CAPITAL & INVESTMENT LLC,14,6,0,0.56,0,7,6,1,0,0,3,3,0,0,national
2025,AR,05055,Greene,254900RD08FFMO7DRN13,,7,5,0,0.47,7,0,0,0,0,5,0,0,0,0,national
2025,AR,05055,Greene,549300MZ8VZJOVC63092,"KIND LENDING, LLC",6,5,0,0.47,3,3,0,0,0,2,3,0,0,0,national
2025,AR,05055,Greene,549300YIQ7S7Z8PIHE53,AMERISAVE MORTGAGE CORPORATION,19,5,12,0.47,10,4,5,0,0,4,1,0,0,0,national
2025,AR,05055,Greene,6BYL5QZYBDK8S7L73M02,U.S. Bank National Association,10,5,3,0.47,10,0,0,0,0,5,0,0,0,0,national
2025,AR,05055,Greene,25490046GL77VSFSYG24,Signature Bank of Arkansas,6,4,1,0.37,6,0,0,0,0,4,0,0,0,0,national
2025,AR,05055,Greene,54930009DUZUXUZIDL84,,6,4,0,0.37,6,0,0,0,0,4,0,0,0,0,national
2025,AR,05055,Greene,549300CB67L6KPJLHE19,"TRIAD FINANCIAL SERVICES, INC.",32,4,19,0.37,32,0,0,0,0,4,0,0,0,0,national
2025,AR,05055,Greene,549300CCQSH6ZSQHNS49,,4,4,0,0.37,4,0,0,0,0,4,0,0,0,0,national
2025,AR,05055,Greene,549300GBMYUTNLY00W24,,5,4,1,0.37,5,0,0,0,0,4,0,0,0,0,national
2025,AR,05055,Greene,KB1H1DSPRFMYMCUFXT09,"Wells Fargo Bank, National Association",5,4,1,0.37,2,3,0,0,0,1,3,0,0,0,national
2025,AR,05055,Greene,25490066WMF8ZMQXQB18,"Lendage, LLC",3,3,0,0.28,3,0,0,0,0,3,0,0,0,0,national
2025,AR,05055,Greene,254900HA4DQWAE0W3342,"AMERIHOME MORTGAGE COMPANY, LLC",3,3,0,0.28,0,3,0,0,0,0,3,0,0,0,national
2025,AR,05055,Greene,254900UL88QFG0E40516,FIGURE LENDING LLC,11,3,8,0.28,11,0,0,0,0,3,0,0,0,0,national
2025,AR,05055,Greene,254900ZFWS2106HWPH46,"PARAMOUNT RESIDENTIAL MORTGAGE GROUP, INC.",3,3,0,0.28,2,0,0,1,0,2,0,0,1,0,national
2025,AR,05055,Greene,5493001GCBD5XGNIC815,Coastal Community Bank,9,3,0,0.28,9,0,0,0,0,3,0,0,0,0,national
2025,AR,05055,Greene,549300E2UX99HKDBR481,"NEW AMERICAN FUNDING, LLC",17,3,2,0.28,6,11,0,0,0,1,2,0,0,0,national
2025,AR,05055,Greene,549300JYXTZDSPJEPI44,"PLAZA HOME MORTGAGE, INC.",4,3,1,0.28,2,2,0,0,0,2,1,0,0,0,national
2025,AR,05055,Greene,549300PBTV7FCWLSMM53,,3,3,0,0.28,0,0,3,0,0,0,0,3,0,0,national
2025,AR,05055,Greene,549300QFP6J5QSZVF805,Eagle Bank and Trust Company,4,3,0,0.28,0,1,2,1,0,0,1,1,1,0,national
2025,AR,05055,Greene,549300R0SXC1JU7ZU290,"FIRST COMMUNITY MORTGAGE, INC.",3,3,0,0.28,1,1,0,1,0,1,1,0,1,0,national
2025,AR,05055,Greene,549300VYK2WBD7SST478,Bank OZK,3,3,0,0.28,3,0,0,0,0,3,0,0,0,0,national
2025,AR,05055,Greene,549300XQVJ1XBNFA5536,21ST MORTGAGE CORPORATION,13,3,5,0.28,13,0,0,0,0,3,0,0,0,0,national
2025,AR,05055,Greene,7H6GLXDRUGQFU57RNE97,"JPMorgan Chase Bank, National Association",3,3,0,0.28,2,1,0,0,0,2,1,0,0,0,national
2025,AR,05055,Greene,B4TYDEB6GKMZO031MB27,"Bank of America, National Association",6,3,2,0.28,5,1,0,0,0,2,1,0,0,0,national
2025,AR,05055,Greene,X05BVSK68TQ7YTOSNR22,Discover Bank,13,3,8,0.28,13,0,0,0,0,3,0,0,0,0,national
2025,AR,05055,Greene,2549008LUH7QKMXQ8N53,,3,2,0,0.19,1,1,0,1,0,1,0,0,1,0,national
2025,AR,05055,Greene,254900DTLHVWQ7NP7R34,"CMG Mortgage, Inc.",2,2,0,0.19,2,0,0,0,0,2,0,0,0,0,national
2025,AR,05055,Greene,254900RUCO27MVGTO768,LOAN FUNDER LLC,3,2,0,0.19,3,0,0,0,0,2,0,0,0,0,national
2025,AR,05055,Greene,5493001SXWZ4OFP8Z903,"DHI MORTGAGE COMPANY, LTD.",5,2,2,0.19,1,4,0,0,0,0,2,0,0,0,national
2025,AR,05055,Greene,5493001WHVQBGRSWEU75,"HOMEBRIDGE FINANCIAL SERVICES, INC.",3,2,0,0.19,2,0,1,0,0,1,0,1,0,0,national
2025,AR,05055,Greene,5493002B2WMHY23GFK92,"AMERICAN FINANCIAL RESOURCES, INC.",5,2,1,0.19,2,1,0,2,0,1,0,0,1,0,national
2025,AR,05055,Greene,549300370QILXLFUWD20,"ZILLOW HOME LOANS, LLC",2,2,0,0.19,2,0,0,0,0,2,0,0,0,0,national
2025,AR,05055,Greene,549300AQ3T62GXDU7D76,GUILD MORTGAGE COMPANY LLC,4,2,1,0.19,1,3,0,0,0,0,2,0,0,0,national
2025,AR,05055,Greene,549300B4IYL7TZT8FA34,,3,2,1,0.19,1,2,0,0,0,1,1,0,0,0,national
2025,AR,05055,Greene,549300NFA0VY9215VV25,,7,2,0,0.19,3,2,1,1,0,1,0,0,1,0,national
2025,AR,05055,Greene,549300NOCASXPA34X033,"LAKEVIEW LOAN SERVICING, LLC",4,2,0,0.19,3,1,0,0,0,1,1,0,0,0,national
2025,AR,05055,Greene,549300OPCWU6E72WUT29,"MUTUAL OF OMAHA MORTGAGE, INC.",8,2,3,0.19,1,6,1,0,0,1,1,0,0,0,national
2025,AR,05055,Greene,549300REENMLD2RN3W58,"Magnolia Bank, Incorporated",2,2,0,0.19,1,0,1,0,0,1,0,1,0,0,national
2025,AR,05055,Greene,549300SEIRB4CK6DTC04,,3,2,0,0.19,3,0,0,0,0,2,0,0,0,0,national
2025,AR,05055,Greene,549300SUCQ1358EGVE89,"NEW DAY FINANCIAL, LLC",13,2,3,0.19,0,1,12,0,0,0,0,2,0,0,national
2025,AR,05055,Greene,549300VZVN841I2ILS84,"CROSSCOUNTRY MORTGAGE, LLC",3,2,0,0.19,1,1,1,0,0,1,1,0,0,0,national
2025,AR,05055,Greene,549300XWUSRVVOHPRY47,Academy Mortgage Corporation,4,2,0,0.19,1,2,0,1,0,0,1,0,1,0,national
2025,AR,05055,Greene,C5654JQHZUHN0772B561,USAA Federal Savings Bank,4,2,1,0.19,0,0,4,0,0,0,0,2,0,0,national
2025,AR,05055,Greene,DRMSV1Q0EKMEXLAU1P80,"Citizens Bank, National Association",4,2,0,0.19,2,0,2,0,0,1,0,1,0,0,national
2025,AR,05055,Greene,PAOOWF3GUFM46FBSP561,,5,2,1,0.19,1,4,0,0,0,0,2,0,0,0,national
2025,AR,05055,Greene,254900DSZI6CJXJL6Z14,,3,1,2,0.09,3,0,0,0,0,1,0,0,0,0,national
2025,AR,05055,Greene,254900E6AIE4Z8YQM970,Citadel Servicing Corporation,1,1,0,0.09,1,0,0,0,0,1,0,0,0,0,national
2025,AR,05055,Greene,254900VE4XTOQUE8NZ77,,1,1,0,0.09,1,0,0,0,0,1,0,0,0,0,national
2025,AR,05055,Greene,254900WEP08K7U7S3A80,,1,1,0,0.09,0,0,1,0,0,0,0,1,0,0,national
2025,AR,05055,Greene,549300249G20MDIDRR27,,4,1,0,0.09,4,0,0,0,0,1,0,0,0,0,national
2025,AR,05055,Greene,54930032OCUOR526IR93,,1,1,0,0.09,0,1,0,0,0,0,1,0,0,0,national
2025,AR,05055,Greene,54930052M48FOD3CWA54,"PRIMARY RESIDENTIAL MORTGAGE, INC.",3,1,2,0.09,0,0,0,3,0,0,0,0,1,0,national
2025,AR,05055,Greene,54930054ET8KM4O1D485,"SOFI BANK, NATIONAL ASSOCIATION",2,1,0,0.09,2,0,0,0,0,1,0,0,0,0,national
2025,AR,05055,Greene,5493005EWJNDWPLNG328,,1,1,0,0.09,1,0,0,0,0,1,0,0,0,0,national
2025,AR,05055,Greene,5493005PD34O8ZT7QT17,,2,1,1,0.09,2,0,0,0,0,1,0,0,0,0,national
2025,AR,05055,Greene,5493006RIR31ORKYB608,,1,1,0,0.09,1,0,0,0,0,1,0,0,0,0,national
2025,AR,05055,Greene,5493008ETVHBTJEF0O91,,1,1,0,0.09,1,0,0,0,0,1,0,0,0,0,national
2025,AR,05055,Greene,549300EMNDEK4BA8WB53,EMM LOANS LLC,1,1,0,0.09,0,1,0,0,0,0,1,0,0,0,national
2025,AR,05055,Greene,549300FNXYY540N23N64,Newrez LLC,9,1,3,0.09,4,3,2,0,0,1,0,0,0,0,national
2025,AR,05055,Greene,549300GDAFL5HNJKDR03,,1,1,0,0.09,1,0,0,0,0,1,0,0,0,0,national
2025,AR,05055,Greene,549300IJ8KTGYPKLXK63,,1,1,0,0.09,0,0,1,0,0,0,0,1,0,0,national
2025,AR,05055,Greene,549300KQHWNSVCE2MY88,,1,1,0,0.09,0,1,0,0,0,0,1,0,0,0,national
2025,AR,05055,Greene,549300PC4MFWQBNVKG88,"V.I.P. MORTGAGE, INC.",1,1,0,0.09,0,1,0,0,0,0,1,0,0,0,national
2025,AR,05055,Greene,549300PIL8LFAQ04XC20,Better Mortgage Corporation,4,1,3,0.09,4,0,0,0,0,1,0,0,0,0,national
2025,AR,05055,Greene,549300PJ2WT35S77Q208,,2,1,0,0.09,0,1,0,1,0,0,1,0,0,0,national
2025,AR,05055,Greene,549300QIUZLVR1OLDH55,Genisys Credit Union,1,1,0,0.09,1,0,0,0,0,1,0,0,0,0,national
2025,AR,05055,Greene,549300QLO8TSQW5JTK72,WEST GATE BANK,1,1,0,0.09,1,0,0,0,0,1,0,0,0,0,national
2025,AR,05055,Greene,549300QR0KFPEDZPEI42,STOCKTON MORTGAGE CORPORATION,1,1,0,0.09,0,1,0,0,0,0,1,0,0,0,national
2025,AR,05055,Greene,549300R7HGHP2I754087,TOWNE MORTGAGE COMPANY,1,1,0,0.09,0,1,0,0,0,0,1,0,0,0,national
2025,AR,05055,Greene,549300R9S3MVDV4MGF56,"CARRINGTON MORTGAGE SERVICES, LLC",9,1,6,0.09,3,5,1,0,0,0,1,0,0,0,national
2025,AR,05055,Greene,549300UQPFB0RR8JCA42,,1,1,0,0.09,1,0,0,0,0,1,0,0,0,0,national
2025,AR,05055,Greene,549300Y4CEEGC4KCFI45,,1,1,0,0.09,1,0,0,0,0,1,0,0,0,0,national
2025,AR,05055,Greene,549300YDBNK66R6ZES34,TOGETHER CREDIT UNION,1,1,0,0.09,1,0,0,0,0,1,0,0,0,0,national
2025,AR,05055,Greene,549300YN94MOAVYW0F52,"GoodLeap, LLC",2,1,1,0.09,1,0,1,0,0,1,0,0,0,0,national
2025,AR,05055,Greene,549300ZTT08EKQRVTR15,Atlantic Union Bank,1,1,0,0.09,1,0,0,0,0,1,0,0,0,0,national
2025,AR,05055,Greene,984500CD6F0743B8F530,,1,1,0,0.09,0,0,1,0,0,0,0,1,0,0,national
2025,AR,05055,Greene,AD6GFRVSDT01YPT1CS68,"PNC Bank, National Association",1,1,0,0.09,1,0,0,0,0,1,0,0,0,0,national
2025,AR,05055,Greene,JJKC32MCHWDI71265Z06,Truist Bank,1,1,0,0.09,1,0,0,0,0,1,0,0,0,0,national
2025,AR,05055,Greene,5493006VAGP3GQ8FJT49,"Kiavi Funding, Inc.",24,0,0,0.0,24,0,0,0,0,0,0,0,0,0,national
2025,AR,05055,Greene,549300Q3ROEQU3D1IW91,,11,0,10,0.0,11,0,0,0,0,0,0,0,0,0,national
2025,AR,05055,Greene,549300XY701IELCE5Q08,BETTER MORTGAGE CORPORATION,5,0,2,0.0,3,2,0,0,0,0,0,0,0,0,national
2025,AR,05063,Independence,549300IEIM2IT5YK4368,First Community Bank,297,235,17,33.38,223,60,7,7,0,175,49,6,5,0,national
2025,AR,05063,Independence,549300FGXN1K3HLB1R50,"Rocket Mortgage, LLC",78,57,15,8.1,50,24,4,0,0,38,16,3,0,0,national
2025,AR,05063,Independence,5493004EVKOLRF3JI477,,71,51,11,7.24,71,0,0,0,0,51,0,0,0,0,national
2025,AR,05063,Independence,549300CCQSH6ZSQHNS49,,37,35,1,4.97,37,0,0,0,0,35,0,0,0,0,national
2025,AR,05063,Independence,549300R0SXC1JU7ZU290,"FIRST COMMUNITY MORTGAGE, INC.",45,35,3,4.97,14,10,7,14,0,13,7,6,9,0,national
2025,AR,05063,Independence,549300DD5QQUHO6PCH70,"MORTGAGE RESEARCH CENTER, LLC",37,19,8,2.7,6,1,30,0,0,2,1,16,0,0,national
2025,AR,05063,Independence,549300YKBMBBIIMQJS94,Southern Bank,24,18,3,2.56,24,0,0,0,0,18,0,0,0,0,national
2025,AR,05063,Independence,549300LXKO1O7CSK5J52,"FLAT BRANCH MORTGAGE, INC.",15,13,0,1.85,8,5,0,2,0,7,4,0,2,0,national
2025,AR,05063,Independence,549300HIKKZQ0TVJWA08,ARKANSAS FEDERAL CREDIT UNION,29,12,9,1.7,29,0,0,0,0,12,0,0,0,0,national
2025,AR,05063,Independence,549300LYRWPSYPK6S325,FREEDOM MORTGAGE CORPORATION,17,12,0,1.7,3,8,6,0,0,2,5,5,0,0,national
2025,AR,05063,Independence,549300XQVJ1XBNFA5536,21ST MORTGAGE CORPORATION,59,11,24,1.56,59,0,0,0,0,11,0,0,0,0,national
2025,AR,05063,Independence,549300BEFX6JRSCS5N78,Centennial Bank,16,10,4,1.42,11,4,1,0,0,7,2,1,0,0,national
2025,AR,05063,Independence,549300HW662MN1WU8550,"United Wholesale Mortgage, LLC",15,9,2,1.28,2,5,7,1,0,1,4,3,1,0,national
2025,AR,05063,Independence,2549007JQKHU8KQ0FC19,"FIRSTTRUST HOME LOANS, INC.",10,8,0,1.14,1,5,0,4,0,1,4,0,3,0,national
2025,AR,05063,Independence,54930049L5WINET09Q97,"CLICK N' CLOSE, INC.",10,8,0,1.14,5,1,2,2,0,3,1,2,2,0,national
2025,AR,05063,Independence,549300MZ8VZJOVC63092,"KIND LENDING, LLC",15,8,6,1.14,7,6,0,2,0,3,3,0,2,0,national
2025,AR,05063,Independence,RVDPPPGHCGZ40J4VQ731,"PENNYMAC LOAN SERVICES, LLC",14,8,4,1.14,4,5,4,1,0,1,3,3,1,0,national
2025,AR,05063,Independence,549300E2UX99HKDBR481,"NEW AMERICAN FUNDING, LLC",13,7,0,0.99,6,7,0,0,0,2,5,0,0,0,national
2025,AR,05063,Independence,COINQMNIM6RBU631DD85,Arvest Bank,9,7,1,0.99,6,2,1,0,0,5,1,1,0,0,national
2025,AR,05063,Independence,5493000YNV8IX4VD3X12,"VANDERBILT MORTGAGE AND FINANCE, INC.",41,6,13,0.85,41,0,0,0,0,6,0,0,0,0,national
2025,AR,05063,Independence,5493002RF1ERFA2XR050,Renasant Bank,7,5,2,0.71,5,0,0,2,0,5,0,0,0,0,national
2025,AR,05063,Independence,549300GKFNPRWNS0GF29,"AmeriHome Mortgage Company, LLC",5,5,0,0.71,1,3,0,1,0,1,3,0,1,0,national
2025,AR,05063,Independence,549300VRH8KD60XSZK39,,5,5,0,0.71,5,0,0,0,0,5,0,0,0,0,national
2025,AR,05063,Independence,549300ZZME37MXI1EF14,"DAS ACQUISITION COMPANY, LLC",5,5,0,0.71,2,2,0,1,0,2,2,0,1,0,national
2025,AR,05063,Independence,549300AG64NHILB7ZP05,"LOANDEPOT.COM, LLC",9,4,2,0.57,3,4,2,0,0,1,2,1,0,0,national
2025,AR,05063,Independence,549300VZVN841I2ILS84,"CROSSCOUNTRY MORTGAGE, LLC",5,4,0,0.57,1,4,0,0,0,1,3,0,0,0,national
2025,AR,05063,Independence,549300XY701IELCE5Q08,BETTER MORTGAGE CORPORATION,8,4,2,0.57,8,0,0,0,0,4,0,0,0,0,national
2025,AR,05063,Independence,549300Y4CEEGC4KCFI45,,5,4,1,0.57,5,0,0,0,0,4,0,0,0,0,national
2025,AR,05063,Independence,549300YIQ7S7Z8PIHE53,AMERISAVE MORTGAGE CORPORATION,16,4,11,0.57,10,6,0,0,0,2,2,0,0,0,national
2025,AR,05063,Independence,6BYL5QZYBDK8S7L73M02,U.S. Bank National Association,5,4,1,0.57,5,0,0,0,0,4,0,0,0,0,national
2025,AR,05063,Independence,EQTWLK1G7ODGC2MGLV11,Regions Bank,8,4,2,0.57,6,1,1,0,0,2,1,1,0,0,national
2025,AR,05063,Independence,254900561K135J92VD38,First Security Bank,3,3,0,0.43,2,1,0,0,0,2,1,0,0,0,national
2025,AR,05063,Independence,254900UL88QFG0E40516,FIGURE LENDING LLC,7,3,3,0.43,7,0,0,0,0,3,0,0,0,0,national
2025,AR,05063,Independence,54930009DUZUXUZIDL84,,4,3,0,0.43,4,0,0,0,0,3,0,0,0,0,national
2025,AR,05063,Independence,549300LBCBNR1OT00651,NATIONSTAR MORTGAGE LLC,3,3,0,0.43,1,1,1,0,0,1,1,1,0,0,national
2025,AR,05063,Independence,549300VCMRO4ST680C11,VILLAGE CAPITAL & INVESTMENT LLC,5,3,0,0.43,0,1,4,0,0,0,0,3,0,0,national
2025,AR,05063,Independence,25490066WMF8ZMQXQB18,"Lendage, LLC",2,2,0,0.28,2,0,0,0,0,2,0,0,0,0,national
2025,AR,05063,Independence,549300249G20MDIDRR27,,5,2,0,0.28,4,1,0,0,0,1,1,0,0,0,national
2025,AR,05063,Independence,549300370QILXLFUWD20,"ZILLOW HOME LOANS, LLC",2,2,0,0.28,0,2,0,0,0,0,2,0,0,0,national
2025,AR,05063,Independence,5493003GQDUH26DNNH17,Navy Federal Credit Union,5,2,2,0.28,2,0,3,0,0,0,0,2,0,0,national
2025,AR,05063,Independence,54930052M48FOD3CWA54,"PRIMARY RESIDENTIAL MORTGAGE, INC.",2,2,0,0.28,0,1,0,1,0,0,1,0,1,0,national
2025,AR,05063,Independence,549300DDLYW49R2HCV81,EASTMAN CREDIT UNION,4,2,1,0.28,4,0,0,0,0,2,0,0,0,0,national
2025,AR,05063,Independence,549300DPRWSBUY619V27,Simmons Bank,2,2,0,0.28,2,0,0,0,0,2,0,0,0,0,national
2025,AR,05063,Independence,549300PIL8LFAQ04XC20,Better Mortgage Corporation,6,2,3,0.28,6,0,0,0,0,2,0,0,0,0,national
2025,AR,05063,Independence,549300QR0KFPEDZPEI42,STOCKTON MORTGAGE CORPORATION,3,2,0,0.28,3,0,0,0,0,2,0,0,0,0,national
2025,AR,05063,Independence,549300R9S3MVDV4MGF56,"CARRINGTON MORTGAGE SERVICES, LLC",5,2,3,0.28,1,0,4,0,0,1,0,1,0,0,national
2025,AR,05063,Independence,549300RPOGWJRH63HS39,UNION HOME MORTGAGE CORP.,2,2,0,0.28,0,0,1,1,0,0,0,1,1,0,national
2025,AR,05063,Independence,549300SUCQ1358EGVE89,"NEW DAY FINANCIAL, LLC",11,2,4,0.28,0,0,11,0,0,0,0,2,0,0,national
2025,AR,05063,Independence,549300UG7QXKM7KGV847,,2,2,0,0.28,2,0,0,0,0,2,0,0,0,0,national
2025,AR,05063,Independence,PAOOWF3GUFM46FBSP561,,4,2,1,0.28,4,0,0,0,0,2,0,0,0,0,national
2025,AR,05063,Independence,2549004XDCE3LGQW7H72,,2,1,0,0.14,2,0,0,0,0,1,0,0,0,0,national
2025,AR,05063,Independence,254900BDGU9FU91PQA51,,1,1,0,0.14,1,0,0,0,0,1,0,0,0,0,national
2025,AR,05063,Independence,254900HA4DQWAE0W3342,"AMERIHOME MORTGAGE COMPANY, LLC",4,1,0,0.14,2,2,0,0,0,1,0,0,0,0,national
2025,AR,05063,Independence,254900I68BOSEM149Q58,,1,1,0,0.14,1,0,0,0,0,1,0,0,0,0,national
2025,AR,05063,Independence,254900RM3T6WAVE6SA24,,2,1,0,0.14,2,0,0,0,0,1,0,0,0,0,national
2025,AR,05063,Independence,5493000JFVFQFL816N45,ENCORE BANK,1,1,0,0.14,1,0,0,0,0,1,0,0,0,0,national
2025,AR,05063,Independence,5493000V86JDJLM0OV13,,1,1,0,0.14,1,0,0,0,0,1,0,0,0,0,national
2025,AR,05063,Independence,549300121SF0K2LN2804,"PRIMELENDING, A PLAINSCAPITAL COMPANY",1,1,0,0.14,0,0,1,0,0,0,0,1,0,0,national
2025,AR,05063,Independence,5493001GCBD5XGNIC815,Coastal Community Bank,5,1,0,0.14,5,0,0,0,0,1,0,0,0,0,national
2025,AR,05063,Independence,5493001GDRY0EL7VG372,"ARK-LA-TEX FINANCIAL SERVICES, LLC.",1,1,0,0.14,1,0,0,0,0,1,0,0,0,0,national
2025,AR,05063,Independence,54930030Z1JWTP3SVD16,,1,1,0,0.14,0,1,0,0,0,0,1,0,0,0,national
2025,AR,05063,Independence,54930032OCUOR526IR93,,2,1,0,0.14,0,0,0,2,0,0,0,0,1,0,national
2025,AR,05063,Independence,5493006RIR31ORKYB608,,1,1,0,0.14,1,0,0,0,0,1,0,0,0,0,national
2025,AR,05063,Independence,5493006VAGP3GQ8FJT49,"Kiavi Funding, Inc.",1,1,0,0.14,1,0,0,0,0,1,0,0,0,0,national
2025,AR,05063,Independence,5493007CLWQN2S6IZK91,,1,1,0,0.14,0,0,1,0,0,0,0,1,0,0,national
2025,AR,05063,Independence,5493009F6BJDCZMZ7Y26,,2,1,0,0.14,1,0,1,0,0,0,0,1,0,0,national
2025,AR,05063,Independence,549300AQ3T62GXDU7D76,GUILD MORTGAGE COMPANY LLC,3,1,2,0.14,2,1,0,0,0,1,0,0,0,0,national
2025,AR,05063,Independence,549300BLL6VL7AXWYP56,CHURCHILL MORTGAGE CORPORATION,1,1,0,0.14,1,0,0,0,0,1,0,0,0,0,national
2025,AR,05063,Independence,549300BX448ALT10FI43,The Federal Savings Bank,2,1,0,0.14,0,0,2,0,0,0,0,1,0,0,national
2025,AR,05063,Independence,549300DFQP4S0ZYOBT18,,1,1,0,0.14,1,0,0,0,0,1,0,0,0,0,national
2025,AR,05063,Independence,549300FNXYY540N23N64,Newrez LLC,5,1,3,0.14,3,1,1,0,0,1,0,0,0,0,national
2025,AR,05063,Independence,549300FX7K8PTEQUU487,PENTAGON FEDERAL CREDIT UNION,2,1,1,0.14,2,0,0,0,0,1,0,0,0,0,national
2025,AR,05063,Independence,549300G5DVGM0ZHRQC33,,1,1,0,0.14,0,0,1,0,0,0,0,1,0,0,national
2025,AR,05063,Independence,549300GY4NTTEM7WWB64,,1,1,0,0.14,0,1,0,0,0,0,1,0,0,0,national
2025,AR,05063,Independence,549300IJ8KTGYPKLXK63,,1,1,0,0.14,0,0,0,1,0,0,0,0,1,0,national
2025,AR,05063,Independence,549300K4ZLGS7SRDTL86,Equity Prime Mortgage LLC,1,1,0,0.14,0,0,1,0,0,0,0,1,0,0,national
2025,AR,05063,Independence,549300KJ8PAJ7E52HG32,Plains Commerce Bank,1,1,0,0.14,0,1,0,0,0,0,1,0,0,0,national
2025,AR,05063,Independence,549300NB3SBC1KHAWB92,GERSHMAN INVESTMENT CORP.,1,1,0,0.14,0,1,0,0,0,0,1,0,0,0,national
2025,AR,05063,Independence,549300NOCASXPA34X033,"LAKEVIEW LOAN SERVICING, LLC",2,1,1,0.14,1,0,1,0,0,0,0,1,0,0,national
2025,AR,05063,Independence,549300OPCWU6E72WUT29,"MUTUAL OF OMAHA MORTGAGE, INC.",3,1,1,0.14,0,3,0,0,0,0,1,0,0,0,national
2025,AR,05063,Independence,549300PKEQ3Q9S0IXW76,UNITED FEDERAL CREDIT UNION,1,1,0,0.14,1,0,0,0,0,1,0,0,0,0,national
2025,AR,05063,Independence,549300RM1IZYGQDSNL85,,1,1,0,0.14,0,0,1,0,0,0,0,1,0,0,national
2025,AR,05063,Independence,549300U3721PJGQZYY68,"GUARANTEED RATE, INC.",5,1,0,0.14,3,2,0,0,0,1,0,0,0,0,national
2025,AR,05063,Independence,549300VYK2WBD7SST478,Bank OZK,1,1,0,0.14,0,0,0,1,0,0,0,0,1,0,national
2025,AR,05063,Independence,549300W2LKZKSX67ZU02,,1,1,0,0.14,1,0,0,0,0,1,0,0,0,0,national
2025,AR,05063,Independence,549300Y5Y88FQLI7VE83,DEEPHAVEN MORTGAGE LLC,1,1,0,0.14,1,0,0,0,0,1,0,0,0,0,national
2025,AR,05063,Independence,549300YN94MOAVYW0F52,"GoodLeap, LLC",4,1,3,0.14,1,2,1,0,0,0,0,1,0,0,national
2025,AR,05063,Independence,7H6GLXDRUGQFU57RNE97,"JPMorgan Chase Bank, National Association",4,1,0,0.14,4,0,0,0,0,1,0,0,0,0,national
2025,AR,05063,Independence,C5654JQHZUHN0772B561,USAA Federal Savings Bank,2,1,0,0.14,0,0,2,0,0,0,0,1,0,0,national
2025,AR,05063,Independence,COOWI3L2W9TPYR3WJX37,First Horizon Bank,1,1,0,0.14,1,0,0,0,0,1,0,0,0,0,national
2025,AR,05063,Independence,DRMSV1Q0EKMEXLAU1P80,"Citizens Bank, National Association",3,1,1,0.14,3,0,0,0,0,1,0,0,0,0,national
2025,AR,05063,Independence,JJKC32MCHWDI71265Z06,Truist Bank,1,1,0,0.14,1,0,0,0,0,1,0,0,0,0,national
2025,AR,05063,Independence,KB1H1DSPRFMYMCUFXT09,"Wells Fargo Bank, National Association",1,1,0,0.14,0,1,0,0,0,0,1,0,0,0,national
2025,AR,05063,Independence,X05BVSK68TQ7YTOSNR22,Discover Bank,3,1,0,0.14,3,0,0,0,0,1,0,0,0,0,national
2025,AR,05063,Independence,54930054ET8KM4O1D485,"SOFI BANK, NATIONAL ASSOCIATION",6,0,0,0.0,6,0,0,0,0,0,0,0,0,0,national
2025,AR,05063,Independence,549300ALNLUNS3Y53T24,AMERICAN FINANCING CORPORATION,5,0,3,0.0,2,1,2,0,0,0,0,0,0,0,national
2025,AR,05063,Independence,549300CB67L6KPJLHE19,"TRIAD FINANCIAL SERVICES, INC.",18,0,10,0.0,18,0,0,0,0,0,0,0,0,0,national
2025,AR,05063,Independence,549300Q3ROEQU3D1IW91,,20,0,20,0.0,20,0,0,0,0,0,0,0,0,0,national
2025,AR,05069,Jefferson,5493009F6BJDCZMZ7Y26,,93,74,0,9.1,39,35,11,8,0,27,29,11,7,0,national
2025,AR,05069,Jefferson,2549007JQKHU8KQ0FC19,"FIRSTTRUST HOME LOANS, INC.",78,69,0,8.49,28,33,5,12,0,24,30,4,11,0,national
2025,AR,05069,Jefferson,549300FGXN1K3HLB1R50,"Rocket Mortgage, LLC",101,62,25,7.63,60,33,8,0,0,38,19,5,0,0,national
2025,AR,05069,Jefferson,549300UYF8OQLB7L7745,,87,55,13,6.77,80,0,7,0,0,51,0,4,0,0,national
2025,AR,05069,Jefferson,549300DPRWSBUY619V27,Simmons Bank,77,47,24,5.78,64,11,0,2,0,37,8,0,2,0,national
2025,AR,05069,Jefferson,549300MGPZBLQDIL7538,FAIRWAY INDEPENDENT MORTGAGE CORPORATION,54,36,5,4.43,26,25,1,2,0,17,16,1,2,0,national
2025,AR,05069,Jefferson,549300HW662MN1WU8550,"United Wholesale Mortgage, LLC",35,26,5,3.2,11,16,7,1,0,9,10,6,1,0,national
2025,AR,05069,Jefferson,549300GCILEV6KJUST91,,29,25,4,3.08,29,0,0,0,0,25,0,0,0,0,national
2025,AR,05069,Jefferson,6BYL5QZYBDK8S7L73M02,U.S. Bank National Association,52,24,20,2.95,42,10,0,0,0,18,6,0,0,0,national
2025,AR,05069,Jefferson,549300VZVN841I2ILS84,"CROSSCOUNTRY MORTGAGE, LLC",33,19,2,2.34,11,17,3,2,0,6,11,2,0,0,national
2025,AR,05069,Jefferson,549300DD5QQUHO6PCH70,"MORTGAGE RESEARCH CENTER, LLC",51,18,11,2.21,10,3,38,0,0,1,1,16,0,0,national
2025,AR,05069,Jefferson,549300UMOKQUJLI81448,,18,18,0,2.21,18,0,0,0,0,18,0,0,0,0,national
2025,AR,05069,Jefferson,549300RPCSICP6848N30,,21,16,4,1.97,21,0,0,0,0,16,0,0,0,0,national
2025,AR,05069,Jefferson,549300RP4LE08QWSLQ50,,15,15,0,1.85,15,0,0,0,0,15,0,0,0,0,national
2025,AR,05069,Jefferson,549300XQVJ1XBNFA5536,21ST MORTGAGE CORPORATION,75,15,33,1.85,75,0,0,0,0,15,0,0,0,0,national
2025,AR,05069,Jefferson,RVDPPPGHCGZ40J4VQ731,"PENNYMAC LOAN SERVICES, LLC",46,15,7,1.85,17,21,7,1,0,8,5,2,0,0,national
2025,AR,05069,Jefferson,549300AG64NHILB7ZP05,"LOANDEPOT.COM, LLC",33,12,18,1.48,13,19,1,0,0,4,7,1,0,0,national
2025,AR,05069,Jefferson,549300HIKKZQ0TVJWA08,ARKANSAS FEDERAL CREDIT UNION,44,11,23,1.35,43,0,0,1,0,11,0,0,0,0,national
2025,AR,05069,Jefferson,549300LYRWPSYPK6S325,FREEDOM MORTGAGE CORPORATION,22,11,0,1.35,0,12,10,0,0,0,4,7,0,0,national
2025,AR,05069,Jefferson,549300FNXYY540N23N64,Newrez LLC,25,10,2,1.23,13,6,5,1,0,5,2,2,1,0,national
2025,AR,05069,Jefferson,549300IEIM2IT5YK4368,First Community Bank,14,10,1,1.23,7,4,3,0,0,4,4,2,0,0,national
2025,AR,05069,Jefferson,5493000YNV8IX4VD3X12,"VANDERBILT MORTGAGE AND FINANCE, INC.",63,9,19,1.11,63,0,0,0,0,9,0,0,0,0,national
2025,AR,05069,Jefferson,549300LXKO1O7CSK5J52,"FLAT BRANCH MORTGAGE, INC.",14,9,1,1.11,5,7,1,1,0,4,4,1,0,0,national
2025,AR,05069,Jefferson,B4TYDEB6GKMZO031MB27,"Bank of America, National Association",33,9,20,1.11,32,1,0,0,0,8,1,0,0,0,national
2025,AR,05069,Jefferson,549300YN94MOAVYW0F52,"GoodLeap, LLC",12,8,2,0.98,5,5,2,0,0,5,1,2,0,0,national
2025,AR,05069,Jefferson,COINQMNIM6RBU631DD85,Arvest Bank,14,8,5,0.98,13,1,0,0,0,7,1,0,0,0,national
2025,AR,05069,Jefferson,549300BEFX6JRSCS5N78,Centennial Bank,9,7,0,0.86,9,0,0,0,0,7,0,0,0,0,national
2025,AR,05069,Jefferson,549300YIQ7S7Z8PIHE53,AMERISAVE MORTGAGE CORPORATION,46,7,28,0.86,18,14,14,0,0,1,2,4,0,0,national
2025,AR,05069,Jefferson,54930052M48FOD3CWA54,"PRIMARY RESIDENTIAL MORTGAGE, INC.",8,6,0,0.74,2,2,0,4,0,1,1,0,4,0,national
2025,AR,05069,Jefferson,5493008Q3XBC7O0Q4X02,HOPE FEDERAL CREDIT UNION,6,6,0,0.74,6,0,0,0,0,6,0,0,0,0,national
2025,AR,05069,Jefferson,549300LBCBNR1OT00651,NATIONSTAR MORTGAGE LLC,12,6,1,0.74,7,4,1,0,0,4,2,0,0,0,national
2025,AR,05069,Jefferson,549300QFP6J5QSZVF805,Eagle Bank and Trust Company,7,6,0,0.74,1,5,1,0,0,1,4,1,0,0,national
2025,AR,05069,Jefferson,7H6GLXDRUGQFU57RNE97,"JPMorgan Chase Bank, National Association",11,6,1,0.74,11,0,0,0,0,6,0,0,0,0,national
2025,AR,05069,Jefferson,5493001GCBD5XGNIC815,Coastal Community Bank,23,5,3,0.62,23,0,0,0,0,5,0,0,0,0,national
2025,AR,05069,Jefferson,5493003GQDUH26DNNH17,Navy Federal Credit Union,20,5,7,0.62,19,0,1,0,0,5,0,0,0,0,national
2025,AR,05069,Jefferson,549300KHXD7JSQUZIJ22,"HIGHLANDS RESIDENTIAL MORTGAGE, LTD.",5,5,0,0.62,2,1,2,0,0,2,1,2,0,0,national
2025,AR,05069,Jefferson,549300PBTV7FCWLSMM53,,6,5,0,0.62,0,1,4,1,0,0,1,3,1,0,national
2025,AR,05069,Jefferson,549300VYK2WBD7SST478,Bank OZK,15,5,9,0.62,13,1,1,0,0,5,0,0,0,0,national
2025,AR,05069,Jefferson,EQTWLK1G7ODGC2MGLV11,Regions Bank,17,5,8,0.62,13,4,0,0,0,4,1,0,0,0,national
2025,AR,05069,Jefferson,54930021WPEXNHYZUL09,"PLANET HOME LENDING, LLC",4,4,0,0.49,0,3,1,0,0,0,3,1,0,0,national
2025,AR,05069,Jefferson,549300GTVXJ2PGXNLM73,T2 FINANCIAL LLC,4,4,0,0.49,1,1,2,0,0,1,1,2,0,0,national
2025,AR,05069,Jefferson,549300PIL8LFAQ04XC20,Better Mortgage Corporation,22,4,15,0.49,22,0,0,0,0,4,0,0,0,0,national
2025,AR,05069,Jefferson,549300R9S3MVDV4MGF56,"CARRINGTON MORTGAGE SERVICES, LLC",11,4,4,0.49,5,6,0,0,0,3,1,0,0,0,national
2025,AR,05069,Jefferson,549300SUCQ1358EGVE89,"NEW DAY FINANCIAL, LLC",33,4,11,0.49,0,3,30,0,0,0,0,4,0,0,national
2025,AR,05069,Jefferson,5493001WHVQBGRSWEU75,"HOMEBRIDGE FINANCIAL SERVICES, INC.",4,3,0,0.37,3,0,0,1,0,2,0,0,1,0,national
2025,AR,05069,Jefferson,549300370QILXLFUWD20,"ZILLOW HOME LOANS, LLC",5,3,0,0.37,1,4,0,0,0,0,3,0,0,0,national
2025,AR,05069,Jefferson,549300CB67L6KPJLHE19,"TRIAD FINANCIAL SERVICES, INC.",31,3,13,0.37,31,0,0,0,0,3,0,0,0,0,national
2025,AR,05069,Jefferson,549300DG3IV05V4C4E03,EUSTIS MORTGAGE CORPORATION,4,3,0,0.37,2,1,1,0,0,1,1,1,0,0,national
2025,AR,05069,Jefferson,549300E2UX99HKDBR481,"NEW AMERICAN FUNDING, LLC",32,3,4,0.37,5,25,2,0,0,0,3,0,0,0,national
2025,AR,05069,Jefferson,549300OPCWU6E72WUT29,"MUTUAL OF OMAHA MORTGAGE, INC.",3,3,0,0.37,0,3,0,0,0,0,3,0,0,0,national
2025,AR,05069,Jefferson,549300VCMRO4ST680C11,VILLAGE CAPITAL & INVESTMENT LLC,15,3,2,0.37,0,5,10,0,0,0,0,3,0,0,national
2025,AR,05069,Jefferson,KB1H1DSPRFMYMCUFXT09,"Wells Fargo Bank, National Association",6,3,0,0.37,3,3,0,0,0,1,2,0,0,0,national
2025,AR,05069,Jefferson,25490066WMF8ZMQXQB18,"Lendage, LLC",2,2,0,0.25,2,0,0,0,0,2,0,0,0,0,national
2025,AR,05069,Jefferson,254900HA4DQWAE0W3342,"AMERIHOME MORTGAGE COMPANY, LLC",4,2,0,0.25,1,3,0,0,0,0,2,0,0,0,national
2025,AR,05069,Jefferson,254900RM3T6WAVE6SA24,,2,2,0,0.25,2,0,0,0,0,2,0,0,0,0,national
2025,AR,05069,Jefferson,5493002B2WMHY23GFK92,"AMERICAN FINANCIAL RESOURCES, INC.",2,2,0,0.25,0,2,0,0,0,0,2,0,0,0,national
2025,AR,05069,Jefferson,549300AQ3T62GXDU7D76,GUILD MORTGAGE COMPANY LLC,4,2,1,0.25,1,3,0,0,0,1,1,0,0,0,national
2025,AR,05069,Jefferson,549300BX448ALT10FI43,The Federal Savings Bank,7,2,1,0.25,0,2,5,0,0,0,1,1,0,0,national
2025,AR,05069,Jefferson,549300GY4NTTEM7WWB64,,4,2,0,0.25,2,2,0,0,0,0,2,0,0,0,national
2025,AR,05069,Jefferson,549300RN01LBYR8ZVX74,"LOWER, LLC",4,2,1,0.25,2,1,1,0,0,2,0,0,0,0,national
2025,AR,05069,Jefferson,549300S8CJG5MSY8BH57,,2,2,0,0.25,1,1,0,0,0,1,1,0,0,0,national
2025,AR,05069,Jefferson,549300U3721PJGQZYY68,"GUARANTEED RATE, INC.",7,2,3,0.25,2,4,1,0,0,0,1,1,0,0,national
2025,AR,05069,Jefferson,549300W2LKZKSX67ZU02,,2,2,0,0.25,2,0,0,0,0,2,0,0,0,0,national
2025,AR,05069,Jefferson,C5654JQHZUHN0772B561,USAA Federal Savings Bank,7,2,2,0.25,2,0,5,0,0,1,0,1,0,0,national
2025,AR,05069,Jefferson,Q708HHR4LD2B7XIZNO92,First Federal Bank,2,2,0,0.25,1,0,1,0,0,1,0,1,0,0,national
2025,AR,05069,Jefferson,Q7C315HKI8VX0SSKBS64,Cadence Bank,6,2,1,0.25,6,0,0,0,0,2,0,0,0,0,national
2025,AR,05069,Jefferson,213800QUAI2VH5YM6310,"EMBRACE HOME LOANS, INC.",1,1,0,0.12,1,0,0,0,0,1,0,0,0,0,national
2025,AR,05069,Jefferson,254900DSZI6CJXJL6Z14,,1,1,0,0.12,1,0,0,0,0,1,0,0,0,0,national
2025,AR,05069,Jefferson,254900E6AIE4Z8YQM970,Citadel Servicing Corporation,1,1,0,0.12,1,0,0,0,0,1,0,0,0,0,national
2025,AR,05069,Jefferson,254900FBWEZ3YUPOBN33,,1,1,0,0.12,1,0,0,0,0,1,0,0,0,0,national
2025,AR,05069,Jefferson,254900NWDFXM54GX9625,,1,1,0,0.12,1,0,0,0,0,1,0,0,0,0,national
2025,AR,05069,Jefferson,254900UL88QFG0E40516,FIGURE LENDING LLC,7,1,4,0.12,7,0,0,0,0,1,0,0,0,0,national
2025,AR,05069,Jefferson,2WHM8VNJH63UN14OL754,The Huntington National Bank,1,1,0,0.12,1,0,0,0,0,1,0,0,0,0,national
2025,AR,05069,Jefferson,5493000JFVFQFL816N45,ENCORE BANK,2,1,1,0.12,0,2,0,0,0,0,1,0,0,0,national
2025,AR,05069,Jefferson,5493000V86JDJLM0OV13,,1,1,0,0.12,1,0,0,0,0,1,0,0,0,0,national
2025,AR,05069,Jefferson,549300249G20MDIDRR27,,6,1,1,0.12,4,2,0,0,0,0,1,0,0,0,national
2025,AR,05069,Jefferson,54930030Z1JWTP3SVD16,,2,1,0,0.12,1,1,0,0,0,1,0,0,0,0,national
2025,AR,05069,Jefferson,5493004EVKOLRF3JI477,,1,1,0,0.12,1,0,0,0,0,1,0,0,0,0,national
2025,AR,05069,Jefferson,5493005PD34O8ZT7QT17,,1,1,0,0.12,1,0,0,0,0,1,0,0,0,0,national
2025,AR,05069,Jefferson,549300A5HHOL2ED18C72,,2,1,0,0.12,1,1,0,0,0,1,0,0,0,0,national
2025,AR,05069,Jefferson,549300BLL6VL7AXWYP56,CHURCHILL MORTGAGE CORPORATION,1,1,0,0.12,0,1,0,0,0,0,1,0,0,0,national
2025,AR,05069,Jefferson,549300C8GOC4OYUV0Z32,,1,1,0,0.12,1,0,0,0,0,1,0,0,0,0,national
2025,AR,05069,Jefferson,549300CUUEEQ66ZVK149,,2,1,0,0.12,0,2,0,0,0,0,1,0,0,0,national
2025,AR,05069,Jefferson,549300FX7K8PTEQUU487,PENTAGON FEDERAL CREDIT UNION,3,1,1,0.12,2,1,0,0,0,1,0,0,0,0,national
2025,AR,05069,Jefferson,549300GS0W0TEUQS8571,"Morgan Stanley Private Bank, National Association",1,1,0,0.12,1,0,0,0,0,1,0,0,0,0,national
2025,AR,05069,Jefferson,549300JQEF6V2RNWCC75,Southern Bancorp Bank,2,1,1,0.12,2,0,0,0,0,1,0,0,0,0,national
2025,AR,05069,Jefferson,549300JYXTZDSPJEPI44,"PLAZA HOME MORTGAGE, INC.",2,1,0,0.12,1,0,0,1,0,0,0,0,1,0,national
2025,AR,05069,Jefferson,549300K4ZLGS7SRDTL86,Equity Prime Mortgage LLC,5,1,1,0.12,0,4,1,0,0,0,0,1,0,0,national
2025,AR,05069,Jefferson,549300KSOOZZVXCMA627,ANGEL OAK MORTGAGE SOLUTIONS LLC,1,1,0,0.12,1,0,0,0,0,1,0,0,0,0,national
2025,AR,05069,Jefferson,549300Q3ROEQU3D1IW91,,18,1,14,0.12,18,0,0,0,0,1,0,0,0,0,national
2025,AR,05069,Jefferson,549300R0SXC1JU7ZU290,"FIRST COMMUNITY MORTGAGE, INC.",1,1,0,0.12,0,1,0,0,0,0,1,0,0,0,national
2025,AR,05069,Jefferson,549300RPOGWJRH63HS39,UNION HOME MORTGAGE CORP.,1,1,0,0.12,0,1,0,0,0,0,1,0,0,0,national
2025,AR,05069,Jefferson,549300S5YL3OH0IVCS62,FINANCE OF AMERICA REVERSE LLC,1,1,0,0.12,0,1,0,0,0,0,1,0,0,0,national
2025,AR,05069,Jefferson,549300UG7QXKM7KGV847,,5,1,4,0.12,5,0,0,0,0,1,0,0,0,0,national
2025,AR,05069,Jefferson,549300VRH8KD60XSZK39,,1,1,0,0.12,1,0,0,0,0,1,0,0,0,0,national
2025,AR,05069,Jefferson,549300XY701IELCE5Q08,BETTER MORTGAGE CORPORATION,2,1,0,0.12,1,1,0,0,0,0,1,0,0,0,national
2025,AR,05069,Jefferson,549300Y4CEEGC4KCFI45,,1,1,0,0.12,1,0,0,0,0,1,0,0,0,0,national
2025,AR,05069,Jefferson,549300Y5Y88FQLI7VE83,DEEPHAVEN MORTGAGE LLC,1,1,0,0.12,1,0,0,0,0,1,0,0,0,0,national
2025,AR,05069,Jefferson,549300YW2UBCMDRMBT48,,1,1,0,0.12,0,1,0,0,0,0,1,0,0,0,national
2025,AR,05069,Jefferson,DRMSV1Q0EKMEXLAU1P80,"Citizens Bank, National Association",2,1,0,0.12,2,0,0,0,0,1,0,0,0,0,national
2025,AR,05069,Jefferson,IUGPUX5LWRZ3B6KIZ697,Ameris Bank,1,1,0,0.12,0,1,0,0,0,0,1,0,0,0,national
2025,AR,05069,Jefferson,PAOOWF3GUFM46FBSP561,,4,1,0,0.12,1,3,0,0,0,1,0,0,0,0,national
2025,AR,05069,Jefferson,54930054ET8KM4O1D485,"SOFI BANK, NATIONAL ASSOCIATION",7,0,1,0.0,6,1,0,0,0,0,0,0,0,0,national
2025,AR,05069,Jefferson,5493006VAGP3GQ8FJT49,"Kiavi Funding, Inc.",6,0,0,0.0,6,0,0,0,0,0,0,0,0,0,national
2025,AR,05069,Jefferson,54930091JQKCU3Z6IP44,,8,0,0,0.0,8,0,0,0,0,0,0,0,0,0,national
2025,AR,05069,Jefferson,549300NOCASXPA34X033,"LAKEVIEW LOAN SERVICING, LLC",7,0,6,0.0,3,4,0,0,0,0,0,0,0,0,national
2025,AR,05069,Jefferson,X05BVSK68TQ7YTOSNR22,Discover Bank,8,0,5,0.0,8,0,0,0,0,0,0,0,0,0,national
2025,AR,05085,Lonoke,549300HIKKZQ0TVJWA08,ARKANSAS FEDERAL CREDIT UNION,312,175,60,7.95,295,0,15,2,0,161,0,13,1,0,national
2025,AR,05085,Lonoke,2549007JQKHU8KQ0FC19,"FIRSTTRUST HOME LOANS, INC.",164,141,2,6.41,65,28,50,21,0,57,22,45,17,0,national
2025,AR,05085,Lonoke,549300LXKO1O7CSK5J52,"FLAT BRANCH MORTGAGE, INC.",160,135,0,6.13,62,46,36,16,0,56,35,29,15,0,national
2025,AR,05085,Lonoke,549300FGXN1K3HLB1R50,"Rocket Mortgage, LLC",189,131,36,5.95,102,41,46,0,0,71,26,34,0,0,national
2025,AR,05085,Lonoke,549300BEFX6JRSCS5N78,Centennial Bank,144,111,16,5.04,104,15,22,3,0,80,10,18,3,0,national
2025,AR,05085,Lonoke,549300DD5QQUHO6PCH70,"MORTGAGE RESEARCH CENTER, LLC",167,84,24,3.82,10,6,151,0,0,2,2,80,0,0,national
2025,AR,05085,Lonoke,549300LP3GMTWS4OB353,,95,80,1,3.63,28,31,35,1,0,21,27,31,1,0,national
2025,AR,05085,Lonoke,COINQMNIM6RBU631DD85,Arvest Bank,113,71,15,3.23,82,19,12,0,0,52,14,5,0,0,national
2025,AR,05085,Lonoke,54930039OWZFM2IGRN69,,70,61,0,2.77,14,9,45,2,0,13,8,38,2,0,national
2025,AR,05085,Lonoke,549300HW662MN1WU8550,"United Wholesale Mortgage, LLC",84,58,4,2.64,15,9,60,0,0,8,5,45,0,0,national
2025,AR,05085,Lonoke,549300IEIM2IT5YK4368,First Community Bank,77,58,2,2.64,43,29,5,0,0,38,16,4,0,0,national
2025,AR,05085,Lonoke,549300LYRWPSYPK6S325,FREEDOM MORTGAGE CORPORATION,112,48,5,2.18,5,25,82,0,0,4,9,35,0,0,national
2025,AR,05085,Lonoke,RVDPPPGHCGZ40J4VQ731,"PENNYMAC LOAN SERVICES, LLC",86,46,9,2.09,41,17,26,2,0,25,10,11,0,0,national
2025,AR,05085,Lonoke,EQTWLK1G7ODGC2MGLV11,Regions Bank,75,38,25,1.73,68,3,3,1,0,33,3,2,0,0,national
2025,AR,05085,Lonoke,254900561K135J92VD38,First Security Bank,39,34,3,1.54,36,2,0,1,0,33,0,0,1,0,national
2025,AR,05085,Lonoke,5493003GQDUH26DNNH17,Navy Federal Credit Union,60,33,12,1.5,37,0,23,0,0,19,0,14,0,0,national
2025,AR,05085,Lonoke,549300QFP6J5QSZVF805,Eagle Bank and Trust Company,35,28,0,1.27,19,6,9,1,0,14,5,8,1,0,national
2025,AR,05085,Lonoke,5493007BBMW58UQT5588,,28,26,0,1.18,28,0,0,0,0,26,0,0,0,0,national
2025,AR,05085,Lonoke,549300GTVXJ2PGXNLM73,T2 FINANCIAL LLC,28,26,0,1.18,7,7,11,3,0,7,7,10,2,0,national
2025,AR,05085,Lonoke,549300IJ8KTGYPKLXK63,,28,25,0,1.14,5,6,17,0,0,4,6,15,0,0,national
2025,AR,05085,Lonoke,549300MGPZBLQDIL7538,FAIRWAY INDEPENDENT MORTGAGE CORPORATION,30,24,0,1.09,10,12,4,4,0,7,10,4,3,0,national
2025,AR,05085,Lonoke,COOWI3L2W9TPYR3WJX37,First Horizon Bank,37,24,3,1.09,20,9,7,1,0,12,4,7,1,0,national
2025,AR,05085,Lonoke,549300FNXYY540N23N64,Newrez LLC,51,22,7,1.0,17,8,26,0,0,7,3,12,0,0,national
2025,AR,05085,Lonoke,549300H3IZO24NSOO931,"LENNAR MORTGAGE, LLC",33,22,9,1.0,4,14,9,6,0,4,6,8,4,0,national
2025,AR,05085,Lonoke,549300S8CJG5MSY8BH57,,27,22,0,1.0,14,8,4,1,0,10,8,3,1,0,national
2025,AR,05085,Lonoke,Q7C315HKI8VX0SSKBS64,Cadence Bank,33,22,8,1.0,31,1,1,0,0,21,0,1,0,0,national
2025,AR,05085,Lonoke,549300VYK2WBD7SST478,Bank OZK,43,21,16,0.95,41,1,0,1,0,20,0,0,1,0,national
2025,AR,05085,Lonoke,549300DG3IV05V4C4E03,EUSTIS MORTGAGE CORPORATION,24,20,0,0.91,2,11,11,0,0,1,9,10,0,0,national
2025,AR,05085,Lonoke,549300VZVN841I2ILS84,"CROSSCOUNTRY MORTGAGE, LLC",28,19,1,0.86,11,9,8,0,0,9,4,6,0,0,national
2025,AR,05085,Lonoke,549300LBCBNR1OT00651,NATIONSTAR MORTGAGE LLC,26,18,3,0.82,18,6,2,0,0,11,5,2,0,0,national
2025,AR,05085,Lonoke,549300GY4NTTEM7WWB64,,30,17,6,0.77,22,3,4,1,0,12,3,2,0,0,national
2025,AR,05085,Lonoke,549300VRH8KD60XSZK39,,19,17,2,0.77,19,0,0,0,0,17,0,0,0,0,national
2025,AR,05085,Lonoke,6BYL5QZYBDK8S7L73M02,U.S. Bank National Association,39,16,17,0.73,34,3,2,0,0,13,2,1,0,0,national
2025,AR,05085,Lonoke,5493000YNV8IX4VD3X12,"VANDERBILT MORTGAGE AND FINANCE, INC.",71,15,14,0.68,71,0,0,0,0,15,0,0,0,0,national
2025,AR,05085,Lonoke,549300E2UX99HKDBR481,"NEW AMERICAN FUNDING, LLC",38,15,3,0.68,17,14,7,0,0,5,6,4,0,0,national
2025,AR,05085,Lonoke,549300DPRWSBUY619V27,Simmons Bank,24,14,4,0.64,18,1,2,3,0,10,0,2,2,0,national
2025,AR,05085,Lonoke,549300VCMRO4ST680C11,VILLAGE CAPITAL & INVESTMENT LLC,34,14,0,0.64,0,4,30,0,0,0,1,13,0,0,national
2025,AR,05085,Lonoke,549300YKBMBBIIMQJS94,Southern Bank,15,14,1,0.64,15,0,0,0,0,14,0,0,0,0,national
2025,AR,05085,Lonoke,549300AG64NHILB7ZP05,"LOANDEPOT.COM, LLC",24,13,8,0.59,11,11,2,0,0,5,6,2,0,0,national
2025,AR,05085,Lonoke,549300QR0KFPEDZPEI42,STOCKTON MORTGAGE CORPORATION,14,13,0,0.59,7,3,4,0,0,7,2,4,0,0,national
2025,AR,05085,Lonoke,549300XQVJ1XBNFA5536,21ST MORTGAGE CORPORATION,80,13,34,0.59,80,0,0,0,0,13,0,0,0,0,national
2025,AR,05085,Lonoke,5493007ASPHNTEYEZ797,,14,11,2,0.5,1,6,6,1,0,1,3,6,1,0,national
2025,AR,05085,Lonoke,549300U3721PJGQZYY68,"GUARANTEED RATE, INC.",17,11,1,0.5,8,1,8,0,0,4,1,6,0,0,national
2025,AR,05085,Lonoke,549300YIQ7S7Z8PIHE53,AMERISAVE MORTGAGE CORPORATION,45,11,29,0.5,22,18,5,0,0,8,1,2,0,0,national
2025,AR,05085,Lonoke,C5654JQHZUHN0772B561,USAA Federal Savings Bank,22,11,4,0.5,6,0,16,0,0,2,0,9,0,0,national
2025,AR,05085,Lonoke,254900UL88QFG0E40516,FIGURE LENDING LLC,18,10,3,0.45,18,0,0,0,0,10,0,0,0,0,national
2025,AR,05085,Lonoke,549300SUCQ1358EGVE89,"NEW DAY FINANCIAL, LLC",43,10,9,0.45,0,2,41,0,0,0,1,9,0,0,national
2025,AR,05085,Lonoke,54930052M48FOD3CWA54,"PRIMARY RESIDENTIAL MORTGAGE, INC.",14,9,3,0.41,2,5,1,6,0,1,2,1,5,0,national
2025,AR,05085,Lonoke,549300BREPLU2KKPI102,The First National Bank of Fort Smith,10,9,0,0.41,6,4,0,0,0,6,3,0,0,0,national
2025,AR,05085,Lonoke,KB1H1DSPRFMYMCUFXT09,"Wells Fargo Bank, National Association",11,9,0,0.41,8,2,1,0,0,7,1,1,0,0,national
2025,AR,05085,Lonoke,549300DFQP4S0ZYOBT18,,9,8,0,0.36,9,0,0,0,0,8,0,0,0,0,national
2025,AR,05085,Lonoke,549300NOCASXPA34X033,"LAKEVIEW LOAN SERVICING, LLC",22,8,11,0.36,9,7,6,0,0,5,2,1,0,0,national
2025,AR,05085,Lonoke,PINLJ7T7GLTF48NFP863,,13,8,2,0.36,13,0,0,0,0,8,0,0,0,0,national
2025,AR,05085,Lonoke,54930021WPEXNHYZUL09,"PLANET HOME LENDING, LLC",7,7,0,0.32,0,3,4,0,0,0,3,4,0,0,national
2025,AR,05085,Lonoke,54930034MNPILHP25H80,Gateway First Bank,7,7,0,0.32,5,0,0,2,0,5,0,0,2,0,national
2025,AR,05085,Lonoke,54930054ET8KM4O1D485,"SOFI BANK, NATIONAL ASSOCIATION",21,7,0,0.32,20,0,1,0,0,7,0,0,0,0,national
2025,AR,05085,Lonoke,549300W2LKZKSX67ZU02,,8,7,0,0.32,8,0,0,0,0,7,0,0,0,0,national
2025,AR,05085,Lonoke,25490066WMF8ZMQXQB18,"Lendage, LLC",8,6,1,0.27,8,0,0,0,0,6,0,0,0,0,national
2025,AR,05085,Lonoke,5493000JFVFQFL816N45,ENCORE BANK,9,6,1,0.27,7,1,0,1,0,5,0,0,1,0,national
2025,AR,05085,Lonoke,5493001GCBD5XGNIC815,Coastal Community Bank,38,6,1,0.27,38,0,0,0,0,6,0,0,0,0,national
2025,AR,05085,Lonoke,549300KHXD7JSQUZIJ22,"HIGHLANDS RESIDENTIAL MORTGAGE, LTD.",8,6,0,0.27,0,3,4,1,0,0,1,4,1,0,national
2025,AR,05085,Lonoke,549300R9S3MVDV4MGF56,"CARRINGTON MORTGAGE SERVICES, LLC",24,6,12,0.27,7,11,6,0,0,1,3,2,0,0,national
2025,AR,05085,Lonoke,54930020YWIK7HGH2R34,,6,5,1,0.23,1,3,2,0,0,1,2,2,0,0,national
2025,AR,05085,Lonoke,5493007CLWQN2S6IZK91,,6,5,0,0.23,0,0,6,0,0,0,0,5,0,0,national
2025,AR,05085,Lonoke,549300B4IYL7TZT8FA34,,7,5,1,0.23,0,1,2,4,0,0,1,2,2,0,national
2025,AR,05085,Lonoke,549300BX448ALT10FI43,The Federal Savings Bank,10,5,0,0.23,1,0,9,0,0,1,0,4,0,0,national
2025,AR,05085,Lonoke,549300R0SXC1JU7ZU290,"FIRST COMMUNITY MORTGAGE, INC.",8,5,2,0.23,3,2,2,1,0,2,1,2,0,0,national
2025,AR,05085,Lonoke,549300Y4CEEGC4KCFI45,,5,5,0,0.23,5,0,0,0,0,5,0,0,0,0,national
2025,AR,05085,Lonoke,54930009DUZUXUZIDL84,,5,4,1,0.18,5,0,0,0,0,4,0,0,0,0,national
2025,AR,05085,Lonoke,5493001GDRY0EL7VG372,"ARK-LA-TEX FINANCIAL SERVICES, LLC.",7,4,0,0.18,2,2,0,3,0,1,2,0,1,0,national
2025,AR,05085,Lonoke,5493005PKOSG7MYX0B34,"Prosperity Home Mortgage, LLC",7,4,1,0.18,0,1,6,0,0,0,1,3,0,0,national
2025,AR,05085,Lonoke,5493008ETVHBTJEF0O91,,4,4,0,0.18,4,0,0,0,0,4,0,0,0,0,national
2025,AR,05085,Lonoke,5493009F6BJDCZMZ7Y26,,6,4,0,0.18,3,3,0,0,0,1,3,0,0,0,national
2025,AR,05085,Lonoke,549300AQ3T62GXDU7D76,GUILD MORTGAGE COMPANY LLC,6,4,0,0.18,4,2,0,0,0,2,2,0,0,0,national
2025,AR,05085,Lonoke,549300BLL6VL7AXWYP56,CHURCHILL MORTGAGE CORPORATION,6,4,0,0.18,5,0,1,0,0,3,0,1,0,0,national
2025,AR,05085,Lonoke,549300CB67L6KPJLHE19,"TRIAD FINANCIAL SERVICES, INC.",53,4,28,0.18,53,0,0,0,0,4,0,0,0,0,national
2025,AR,05085,Lonoke,549300DD4R4SYK5RAQ92,"MOVEMENT MORTGAGE, LLC",4,4,0,0.18,0,0,4,0,0,0,0,4,0,0,national
2025,AR,05085,Lonoke,549300GKFNPRWNS0GF29,"AmeriHome Mortgage Company, LLC",10,4,1,0.18,3,1,3,3,0,0,0,3,1,0,national
2025,AR,05085,Lonoke,549300K4ZLGS7SRDTL86,Equity Prime Mortgage LLC,9,4,2,0.18,0,3,6,0,0,0,1,3,0,0,national
2025,AR,05085,Lonoke,549300PBTV7FCWLSMM53,,7,4,2,0.18,1,1,5,0,0,0,0,4,0,0,national
2025,AR,05085,Lonoke,549300PL267CW8182203,,8,4,1,0.18,0,4,4,0,0,0,2,2,0,0,national
2025,AR,05085,Lonoke,549300XY701IELCE5Q08,BETTER MORTGAGE CORPORATION,9,4,2,0.18,4,5,0,0,0,1,3,0,0,0,national
2025,AR,05085,Lonoke,7H6GLXDRUGQFU57RNE97,"JPMorgan Chase Bank, National Association",11,4,1,0.18,11,0,0,0,0,4,0,0,0,0,national
2025,AR,05085,Lonoke,984500CD6F0743B8F530,,4,4,0,0.18,0,1,3,0,0,0,1,3,0,0,national
2025,AR,05085,Lonoke,AD6GFRVSDT01YPT1CS68,"PNC Bank, National Association",5,4,1,0.18,4,0,1,0,0,3,0,1,0,0,national
2025,AR,05085,Lonoke,B4TYDEB6GKMZO031MB27,"Bank of America, National Association",22,4,7,0.18,22,0,0,0,0,4,0,0,0,0,national
2025,AR,05085,Lonoke,213800XR2TCBQJSF1X93,,3,3,0,0.14,0,0,3,0,0,0,0,3,0,0,national
2025,AR,05085,Lonoke,254900HA4DQWAE0W3342,"AMERIHOME MORTGAGE COMPANY, LLC",10,3,0,0.14,1,6,3,0,0,0,2,1,0,0,national
2025,AR,05085,Lonoke,5493008NWHQT1R22C024,"AMERICAN FINANCIAL NETWORK, INC.",4,3,0,0.14,1,2,1,0,0,1,2,0,0,0,national
2025,AR,05085,Lonoke,549300A5HHOL2ED18C72,,5,3,0,0.14,1,1,3,0,0,0,1,2,0,0,national
2025,AR,05085,Lonoke,549300MZ8VZJOVC63092,"KIND LENDING, LLC",5,3,0,0.14,2,1,2,0,0,2,1,0,0,0,national
2025,AR,05085,Lonoke,549300PIL8LFAQ04XC20,Better Mortgage Corporation,12,3,6,0.14,12,0,0,0,0,3,0,0,0,0,national
2025,AR,05085,Lonoke,549300UVOSI4XZZGUE14,,3,3,0,0.14,0,0,3,0,0,0,0,3,0,0,national
2025,AR,05085,Lonoke,549300ZZME37MXI1EF14,"DAS ACQUISITION COMPANY, LLC",4,3,0,0.14,1,2,0,1,0,1,1,0,1,0,national
2025,AR,05085,Lonoke,DRMSV1Q0EKMEXLAU1P80,"Citizens Bank, National Association",4,3,1,0.14,2,1,1,0,0,1,1,1,0,0,national
2025,AR,05085,Lonoke,PAOOWF3GUFM46FBSP561,,7,3,2,0.14,1,5,1,0,0,1,1,1,0,0,national
2025,AR,05085,Lonoke,X05BVSK68TQ7YTOSNR22,Discover Bank,17,3,11,0.14,17,0,0,0,0,3,0,0,0,0,national
2025,AR,05085,Lonoke,254900RD08FFMO7DRN13,,2,2,0,0.09,2,0,0,0,0,2,0,0,0,0,national
2025,AR,05085,Lonoke,254900TTZ395IC926125,,13,2,0,0.09,13,0,0,0,0,2,0,0,0,0,national
2025,AR,05085,Lonoke,5493001WHVQBGRSWEU75,"HOMEBRIDGE FINANCIAL SERVICES, INC.",2,2,0,0.09,1,0,1,0,0,1,0,1,0,0,national
2025,AR,05085,Lonoke,549300249G20MDIDRR27,,11,2,0,0.09,11,0,0,0,0,2,0,0,0,0,national
2025,AR,05085,Lonoke,5493002B2WMHY23GFK92,"AMERICAN FINANCIAL RESOURCES, INC.",2,2,0,0.09,0,1,1,0,0,0,1,1,0,0,national
2025,AR,05085,Lonoke,54930049L5WINET09Q97,"CLICK N' CLOSE, INC.",3,2,0,0.09,1,0,2,0,0,0,0,2,0,0,national
2025,AR,05085,Lonoke,54930067KY3OO1D8HC58,ASSOCIATED MORTGAGE CORPORATION,4,2,0,0.09,3,0,1,0,0,1,0,1,0,0,national
2025,AR,05085,Lonoke,5493006VAGP3GQ8FJT49,"Kiavi Funding, Inc.",4,2,0,0.09,4,0,0,0,0,2,0,0,0,0,national
2025,AR,05085,Lonoke,549300CUUEEQ66ZVK149,,2,2,0,0.09,0,2,0,0,0,0,2,0,0,0,national
2025,AR,05085,Lonoke,549300CY7WNAHKHYSJ73,,2,2,0,0.09,0,1,1,0,0,0,1,1,0,0,national
2025,AR,05085,Lonoke,549300DMYENRV818D594,,2,2,0,0.09,1,0,0,1,0,1,0,0,1,0,national
2025,AR,05085,Lonoke,549300FX7K8PTEQUU487,PENTAGON FEDERAL CREDIT UNION,4,2,1,0.09,2,0,2,0,0,2,0,0,0,0,national
2025,AR,05085,Lonoke,549300G5DVGM0ZHRQC33,,2,2,0,0.09,0,0,2,0,0,0,0,2,0,0,national
2025,AR,05085,Lonoke,549300IRXW9RSZM2B951,,2,2,0,0.09,2,0,0,0,0,2,0,0,0,0,national
2025,AR,05085,Lonoke,549300KSOOZZVXCMA627,ANGEL OAK MORTGAGE SOLUTIONS LLC,2,2,0,0.09,2,0,0,0,0,2,0,0,0,0,national
2025,AR,05085,Lonoke,549300NB3SBC1KHAWB92,GERSHMAN INVESTMENT CORP.,4,2,1,0.09,0,1,2,1,0,0,1,1,0,0,national
2025,AR,05085,Lonoke,549300O6Z0I6KYMESL47,AMWEST FUNDING CORP.,2,2,0,0.09,2,0,0,0,0,2,0,0,0,0,national
2025,AR,05085,Lonoke,549300OPCWU6E72WUT29,"MUTUAL OF OMAHA MORTGAGE, INC.",11,2,3,0.09,2,8,1,0,0,1,1,0,0,0,national
2025,AR,05085,Lonoke,549300PJ2WT35S77Q208,,3,2,0,0.09,0,1,0,2,0,0,1,0,1,0,national
2025,AR,05085,Lonoke,549300Y5Y88FQLI7VE83,DEEPHAVEN MORTGAGE LLC,2,2,0,0.09,2,0,0,0,0,2,0,0,0,0,national
2025,AR,05085,Lonoke,549300YN94MOAVYW0F52,"GoodLeap, LLC",4,2,0,0.09,0,1,3,0,0,0,1,1,0,0,national
2025,AR,05085,Lonoke,984500F6E6940CCB6A60,,2,2,0,0.09,2,0,0,0,0,2,0,0,0,0,national
2025,AR,05085,Lonoke,984500P059VACEAAFA22,,2,2,0,0.09,1,1,0,0,0,1,1,0,0,0,national
2025,AR,05085,Lonoke,254900378RFGMBEKAF12,Empeople Credit Union,1,1,0,0.05,1,0,0,0,0,1,0,0,0,0,national
2025,AR,05085,Lonoke,254900CNZPI5WN45KW48,First Financial Bank,1,1,0,0.05,0,0,1,0,0,0,0,1,0,0,national
2025,AR,05085,Lonoke,254900E6AIE4Z8YQM970,Citadel Servicing Corporation,1,1,0,0.05,1,0,0,0,0,1,0,0,0,0,national
2025,AR,05085,Lonoke,254900NWDFXM54GX9625,,1,1,0,0.05,0,0,1,0,0,0,0,1,0,0,national
2025,AR,05085,Lonoke,254900RM3T6WAVE6SA24,,1,1,0,0.05,1,0,0,0,0,1,0,0,0,0,national
2025,AR,05085,Lonoke,254900U2ZPLWQTSD3158,,1,1,0,0.05,1,0,0,0,0,1,0,0,0,0,national
2025,AR,05085,Lonoke,254900YA1AQXNM8QVZ06,,1,1,0,0.05,1,0,0,0,0,1,0,0,0,0,national
2025,AR,05085,Lonoke,38CFVD4YYFWD1FV7IM34,Nicolet National Bank,1,1,0,0.05,1,0,0,0,0,1,0,0,0,0,national
2025,AR,05085,Lonoke,3Y4U8VZURTYWI1W2K376,BMO Bank National Association,1,1,0,0.05,1,0,0,0,0,1,0,0,0,0,national
2025,AR,05085,Lonoke,5493000NYUJT9UC6G261,LEADERONE FINANCIAL CORPORATION,1,1,0,0.05,1,0,0,0,0,1,0,0,0,0,national
2025,AR,05085,Lonoke,5493000V86JDJLM0OV13,,1,1,0,0.05,1,0,0,0,0,1,0,0,0,0,national
2025,AR,05085,Lonoke,5493001SXWZ4OFP8Z903,"DHI MORTGAGE COMPANY, LTD.",1,1,0,0.05,1,0,0,0,0,1,0,0,0,0,national
2025,AR,05085,Lonoke,5493002RF1ERFA2XR050,Renasant Bank,1,1,0,0.05,0,0,1,0,0,0,0,1,0,0,national
2025,AR,05085,Lonoke,54930030Z1JWTP3SVD16,,2,1,0,0.05,1,1,0,0,0,1,0,0,0,0,national
2025,AR,05085,Lonoke,549300370QILXLFUWD20,"ZILLOW HOME LOANS, LLC",3,1,1,0.05,2,1,0,0,0,1,0,0,0,0,national
2025,AR,05085,Lonoke,5493003EW6T31TGECO83,,1,1,0,0.05,1,0,0,0,0,1,0,0,0,0,national
2025,AR,05085,Lonoke,5493003K6JB8F2ZMRI65,,1,1,0,0.05,1,0,0,0,0,1,0,0,0,0,national
2025,AR,05085,Lonoke,5493004AS1SPBQOFDR49,"Change Lending, LLC",1,1,0,0.05,1,0,0,0,0,1,0,0,0,0,national
2025,AR,05085,Lonoke,5493004EVKOLRF3JI477,,1,1,0,0.05,1,0,0,0,0,1,0,0,0,0,national
2025,AR,05085,Lonoke,5493006RIR31ORKYB608,,1,1,0,0.05,1,0,0,0,0,1,0,0,0,0,national
2025,AR,05085,Lonoke,5493007IES1RWVUDDU23,,1,1,0,0.05,1,0,0,0,0,1,0,0,0,0,national
2025,AR,05085,Lonoke,5493007L4GYNO2PUBS09,,1,1,0,0.05,1,0,0,0,0,1,0,0,0,0,national
2025,AR,05085,Lonoke,549300ALNLUNS3Y53T24,AMERICAN FINANCING CORPORATION,5,1,3,0.05,0,3,2,0,0,0,1,0,0,0,national
2025,AR,05085,Lonoke,549300AT7EB9FJAF0E61,Old National Bank,1,1,0,0.05,1,0,0,0,0,1,0,0,0,0,national
2025,AR,05085,Lonoke,549300BOXNV8VLRBDT24,,1,1,0,0.05,1,0,0,0,0,1,0,0,0,0,national
2025,AR,05085,Lonoke,549300CLRXFVF83ZL806,"NATIONWIDE MORTGAGE BANKERS, INC.",1,1,0,0.05,0,0,1,0,0,0,0,1,0,0,national
2025,AR,05085,Lonoke,549300EKFFG3BU8DNX74,NEXERA HOLDING LLC,1,1,0,0.05,1,0,0,0,0,1,0,0,0,0,national
2025,AR,05085,Lonoke,549300F6Y1YO2YXN6135,,1,1,0,0.05,1,0,0,0,0,1,0,0,0,0,national
2025,AR,05085,Lonoke,549300G4ESSS6M0MEG51,ORIGINPOINT LLC,1,1,0,0.05,0,1,0,0,0,0,1,0,0,0,national
2025,AR,05085,Lonoke,549300GCILEV6KJUST91,,1,1,0,0.05,1,0,0,0,0,1,0,0,0,0,national
2025,AR,05085,Lonoke,549300GKNMX0ZXKVPE54,,2,1,1,0.05,1,1,0,0,0,0,1,0,0,0,national
2025,AR,05085,Lonoke,549300ISCZS1R0CJMO47,,1,1,0,0.05,1,0,0,0,0,1,0,0,0,0,national
2025,AR,05085,Lonoke,549300JQEF6V2RNWCC75,Southern Bancorp Bank,6,1,3,0.05,5,1,0,0,0,1,0,0,0,0,national
2025,AR,05085,Lonoke,549300K6K2IS7FRS7S09,,1,1,0,0.05,1,0,0,0,0,1,0,0,0,0,national
2025,AR,05085,Lonoke,549300KJ8PAJ7E52HG32,Plains Commerce Bank,1,1,0,0.05,1,0,0,0,0,1,0,0,0,0,national
2025,AR,05085,Lonoke,549300KW705BBINDIZ26,,1,1,0,0.05,1,0,0,0,0,1,0,0,0,0,national
2025,AR,05085,Lonoke,549300LLESTPOVRG3X73,,1,1,0,0.05,1,0,0,0,0,1,0,0,0,0,national
2025,AR,05085,Lonoke,549300MCIFZSDHUT8X63,"NFM, INC.",1,1,0,0.05,0,0,0,1,0,0,0,0,1,0,national
2025,AR,05085,Lonoke,549300MHH03ICJYEPE85,,2,1,0,0.05,0,2,0,0,0,0,1,0,0,0,national
2025,AR,05085,Lonoke,549300MVSM4XYFQL3X62,BARKSDALE,2,1,0,0.05,2,0,0,0,0,1,0,0,0,0,national
2025,AR,05085,Lonoke,549300NN0PRX3I4QGG46,,1,1,0,0.05,0,0,1,0,0,0,0,1,0,0,national
2025,AR,05085,Lonoke,549300OBO7DOF2KOP535,FirstBank,1,1,0,0.05,1,0,0,0,0,1,0,0,0,0,national
2025,AR,05085,Lonoke,549300PQLK8E48ILXV41,,1,1,0,0.05,1,0,0,0,0,1,0,0,0,0,national
2025,AR,05085,Lonoke,549300R7HGHP2I754087,TOWNE MORTGAGE COMPANY,3,1,2,0.05,0,3,0,0,0,0,1,0,0,0,national
2025,AR,05085,Lonoke,549300REENMLD2RN3W58,"Magnolia Bank, Incorporated",2,1,0,0.05,0,0,2,0,0,0,0,1,0,0,national
2025,AR,05085,Lonoke,549300RFLICNI75BG067,Luminate Bank,1,1,0,0.05,0,1,0,0,0,0,1,0,0,0,national
2025,AR,05085,Lonoke,549300RM1IZYGQDSNL85,,6,1,0,0.05,0,1,5,0,0,0,0,1,0,0,national
2025,AR,05085,Lonoke,549300RN01LBYR8ZVX74,"LOWER, LLC",4,1,0,0.05,0,2,2,0,0,0,1,0,0,0,national
2025,AR,05085,Lonoke,549300RPOGWJRH63HS39,UNION HOME MORTGAGE CORP.,1,1,0,0.05,0,0,1,0,0,0,0,1,0,0,national
2025,AR,05085,Lonoke,549300RYBJHWWDENV610,Alcova Mortgage LLC,1,1,0,0.05,0,0,1,0,0,0,0,1,0,0,national
2025,AR,05085,Lonoke,549300SJ3G0VVQQIQW03,,1,1,0,0.05,1,0,0,0,0,1,0,0,0,0,national
2025,AR,05085,Lonoke,549300SK2GVCQXPD4S58,"SUN WEST MORTGAGE COMPANY, INC.",5,1,3,0.05,1,3,1,0,0,0,1,0,0,0,national
2025,AR,05085,Lonoke,549300T61O0X0RJMQ375,,1,1,0,0.05,1,0,0,0,0,1,0,0,0,0,national
2025,AR,05085,Lonoke,549300T9P3WXNMXX0I34,Ixonia Bank,1,1,0,0.05,1,0,0,0,0,1,0,0,0,0,national
2025,AR,05085,Lonoke,549300UG7QXKM7KGV847,,2,1,0,0.05,2,0,0,0,0,1,0,0,0,0,national
2025,AR,05085,Lonoke,549300UYF8OQLB7L7745,,1,1,0,0.05,1,0,0,0,0,1,0,0,0,0,national
2025,AR,05085,Lonoke,549300VORTI31GZTJL53,"CARDINAL FINANCIAL COMPANY, LIMITED PARTNERSHIP",1,1,0,0.05,1,0,0,0,0,1,0,0,0,0,national
2025,AR,05085,Lonoke,549300XWUSRVVOHPRY47,Academy Mortgage Corporation,4,1,0,0.05,1,1,2,0,0,0,0,1,0,0,national
2025,AR,05085,Lonoke,875500CPQ9Z7QEFE5G90,,1,1,0,0.05,1,0,0,0,0,1,0,0,0,0,national
2025,AR,05085,Lonoke,C398JSK21YCXWM603F55,"Barrington Bank & Trust Company, National Association",1,1,0,0.05,0,0,1,0,0,0,0,1,0,0,national
2025,AR,05085,Lonoke,CKVBED0S4DMLKJJ5XH28,Stifel Bank and Trust,1,1,0,0.05,1,0,0,0,0,1,0,0,0,0,national
2025,AR,05085,Lonoke,FU7RSW4CQQY98A2O7J66,"BOKF, National Association",4,1,1,0.05,4,0,0,0,0,1,0,0,0,0,national
2025,AR,05085,Lonoke,Q708HHR4LD2B7XIZNO92,First Federal Bank,2,1,1,0.05,1,0,1,0,0,0,0,1,0,0,national
2025,AR,05085,Lonoke,254900RUCO27MVGTO768,LOAN FUNDER LLC,6,0,0,0.0,6,0,0,0,0,0,0,0,0,0,national
2025,AR,05085,Lonoke,549300HTRLFU2IIL4380,,7,0,4,0.0,7,0,0,0,0,0,0,0,0,0,national
2025,AR,05085,Lonoke,549300Q3ROEQU3D1IW91,,31,0,26,0.0,31,0,0,0,0,0,0,0,0,0,national
2025,AR,05085,Lonoke,549300XRF9LCZ3RX3Q39,,6,0,0,0.0,0,0,6,0,0,0,0,0,0,0,national
2025,AR,05115,Pope,COINQMNIM6RBU631DD85,Arvest Bank,382,257,57,21.58,288,43,15,36,0,186,31,10,30,0,national
2025,AR,05115,Pope,549300FGXN1K3HLB1R50,"Rocket Mortgage, LLC",120,78,21,6.55,79,24,17,0,0,52,16,10,0,0,national
2025,AR,05115,Pope,549300JOYC0RUSF9DL04,,58,57,1,4.79,58,0,0,0,0,57,0,0,0,0,national
2025,AR,05115,Pope,549300MGPZBLQDIL7538,FAIRWAY INDEPENDENT MORTGAGE CORPORATION,83,55,3,4.62,30,43,6,4,0,19,26,6,4,0,national
2025,AR,05115,Pope,254900XDI51NPWZM0N29,Union Bank,52,52,0,4.37,52,0,0,0,0,52,0,0,0,0,national
2025,AR,05115,Pope,254900561K135J92VD38,First Security Bank,59,47,0,3.95,41,8,5,5,0,34,6,3,4,0,national
2025,AR,05115,Pope,549300BEFX6JRSCS5N78,Centennial Bank,61,40,14,3.36,49,11,0,1,0,30,9,0,1,0,national
2025,AR,05115,Pope,549300DD5QQUHO6PCH70,"MORTGAGE RESEARCH CENTER, LLC",62,35,11,2.94,6,1,54,1,0,3,0,32,0,0,national
2025,AR,05115,Pope,549300VYK2WBD7SST478,Bank OZK,59,35,15,2.94,52,4,2,1,0,32,2,1,0,0,national
2025,AR,05115,Pope,EQTWLK1G7ODGC2MGLV11,Regions Bank,79,35,28,2.94,69,9,0,1,0,30,4,0,1,0,national
2025,AR,05115,Pope,549300DPRWSBUY619V27,Simmons Bank,50,29,12,2.43,38,5,3,4,0,20,3,3,3,0,national
2025,AR,05115,Pope,54930039OWZFM2IGRN69,,37,27,5,2.27,32,4,0,1,0,24,3,0,0,0,national
2025,AR,05115,Pope,549300HIKKZQ0TVJWA08,ARKANSAS FEDERAL CREDIT UNION,61,26,15,2.18,60,0,1,0,0,26,0,0,0,0,national
2025,AR,05115,Pope,549300HW662MN1WU8550,"United Wholesale Mortgage, LLC",41,26,4,2.18,10,14,16,1,0,5,8,12,1,0,national
2025,AR,05115,Pope,254900YY36UO9MBPH808,,27,21,3,1.76,27,0,0,0,0,21,0,0,0,0,national
2025,AR,05115,Pope,5493004OB0KD7VERQW98,,23,21,0,1.76,7,16,0,0,0,7,14,0,0,0,national
2025,AR,05115,Pope,549300E2UX99HKDBR481,"NEW AMERICAN FUNDING, LLC",32,18,2,1.51,9,18,2,3,0,4,11,2,1,0,national
2025,AR,05115,Pope,54930021WPEXNHYZUL09,"PLANET HOME LENDING, LLC",18,17,1,1.43,8,5,0,5,0,7,5,0,5,0,national
2025,AR,05115,Pope,549300XQVJ1XBNFA5536,21ST MORTGAGE CORPORATION,62,15,31,1.26,62,0,0,0,0,15,0,0,0,0,national
2025,AR,05115,Pope,5493002B2WMHY23GFK92,"AMERICAN FINANCIAL RESOURCES, INC.",16,13,1,1.09,3,3,1,9,0,3,2,1,7,0,national
2025,AR,05115,Pope,549300LBCBNR1OT00651,NATIONSTAR MORTGAGE LLC,18,13,3,1.09,12,3,3,0,0,8,2,3,0,0,national
2025,AR,05115,Pope,2549007JQKHU8KQ0FC19,"FIRSTTRUST HOME LOANS, INC.",14,12,0,1.01,5,5,1,3,0,4,4,1,3,0,national
2025,AR,05115,Pope,5493003GQDUH26DNNH17,Navy Federal Credit Union,15,11,2,0.92,9,0,6,0,0,6,0,5,0,0,national
2025,AR,05115,Pope,RVDPPPGHCGZ40J4VQ731,"PENNYMAC LOAN SERVICES, LLC",27,11,5,0.92,12,11,4,0,0,6,4,1,0,0,national
2025,AR,05115,Pope,254900UL88QFG0E40516,FIGURE LENDING LLC,16,10,3,0.84,16,0,0,0,0,10,0,0,0,0,national
2025,AR,05115,Pope,6BYL5QZYBDK8S7L73M02,U.S. Bank National Association,19,10,7,0.84,18,1,0,0,0,9,1,0,0,0,national
2025,AR,05115,Pope,549300LAQ3M8E5I08F43,,10,7,0,0.59,10,0,0,0,0,7,0,0,0,0,national
2025,AR,05115,Pope,54930052M48FOD3CWA54,"PRIMARY RESIDENTIAL MORTGAGE, INC.",8,6,0,0.5,2,2,1,3,0,1,1,1,3,0,national
2025,AR,05115,Pope,549300AG64NHILB7ZP05,"LOANDEPOT.COM, LLC",11,6,1,0.5,7,3,1,0,0,2,3,1,0,0,national
2025,AR,05115,Pope,549300IEIM2IT5YK4368,First Community Bank,8,6,1,0.5,6,2,0,0,0,5,1,0,0,0,national
2025,AR,05115,Pope,549300LYRWPSYPK6S325,FREEDOM MORTGAGE CORPORATION,23,6,2,0.5,1,11,11,0,0,1,0,5,0,0,national
2025,AR,05115,Pope,549300R9S3MVDV4MGF56,"CARRINGTON MORTGAGE SERVICES, LLC",14,6,7,0.5,5,6,3,0,0,1,3,2,0,0,national
2025,AR,05115,Pope,549300Y4CEEGC4KCFI45,,7,6,0,0.5,4,2,0,1,0,3,2,0,1,0,national
2025,AR,05115,Pope,549300YIQ7S7Z8PIHE53,AMERISAVE MORTGAGE CORPORATION,20,6,13,0.5,9,10,1,0,0,2,3,1,0,0,national
2025,AR,05115,Pope,5493000YNV8IX4VD3X12,"VANDERBILT MORTGAGE AND FINANCE, INC.",34,5,19,0.42,34,0,0,0,0,5,0,0,0,0,national
2025,AR,05115,Pope,549300VZVN841I2ILS84,"CROSSCOUNTRY MORTGAGE, LLC",7,5,0,0.42,2,4,1,0,0,1,3,1,0,0,national
2025,AR,05115,Pope,254900ZFWS2106HWPH46,"PARAMOUNT RESIDENTIAL MORTGAGE GROUP, INC.",13,4,3,0.34,3,5,3,2,0,1,1,2,0,0,national
2025,AR,05115,Pope,5493001GCBD5XGNIC815,Coastal Community Bank,13,4,0,0.34,13,0,0,0,0,4,0,0,0,0,national
2025,AR,05115,Pope,549300AQ3T62GXDU7D76,GUILD MORTGAGE COMPANY LLC,8,4,2,0.34,5,3,0,0,0,2,2,0,0,0,national
2025,AR,05115,Pope,549300CB67L6KPJLHE19,"TRIAD FINANCIAL SERVICES, INC.",24,4,10,0.34,24,0,0,0,0,4,0,0,0,0,national
2025,AR,05115,Pope,549300FNXYY540N23N64,Newrez LLC,10,4,0,0.34,6,1,3,0,0,3,0,1,0,0,national
2025,AR,05115,Pope,549300QFP6J5QSZVF805,Eagle Bank and Trust Company,7,4,1,0.34,4,1,1,1,0,2,0,1,1,0,national
2025,AR,05115,Pope,C5654JQHZUHN0772B561,USAA Federal Savings Bank,5,4,0,0.34,1,0,4,0,0,1,0,3,0,0,national
2025,AR,05115,Pope,5493000V86JDJLM0OV13,,3,3,0,0.25,3,0,0,0,0,3,0,0,0,0,national
2025,AR,05115,Pope,5493005JPZ3LXXMB0S24,"Carrington Mortgage Services, LLC",4,3,0,0.25,2,1,0,1,0,2,1,0,0,0,national
2025,AR,05115,Pope,549300GKFNPRWNS0GF29,"AmeriHome Mortgage Company, LLC",6,3,0,0.25,3,1,1,1,0,1,1,0,1,0,national
2025,AR,05115,Pope,549300JQEF6V2RNWCC75,Southern Bancorp Bank,3,3,0,0.25,3,0,0,0,0,3,0,0,0,0,national
2025,AR,05115,Pope,549300Q3ROEQU3D1IW91,,11,3,8,0.25,11,0,0,0,0,3,0,0,0,0,national
2025,AR,05115,Pope,549300QR0KFPEDZPEI42,STOCKTON MORTGAGE CORPORATION,5,3,1,0.25,2,1,1,1,0,1,0,1,1,0,national
2025,AR,05115,Pope,549300RPOGWJRH63HS39,UNION HOME MORTGAGE CORP.,3,3,0,0.25,1,1,1,0,0,1,1,1,0,0,national
2025,AR,05115,Pope,AD6GFRVSDT01YPT1CS68,"PNC Bank, National Association",6,3,1,0.25,6,0,0,0,0,3,0,0,0,0,national
2025,AR,05115,Pope,PAOOWF3GUFM46FBSP561,,3,3,0,0.25,0,2,1,0,0,0,2,1,0,0,national
2025,AR,05115,Pope,Q7C315HKI8VX0SSKBS64,Cadence Bank,4,3,0,0.25,4,0,0,0,0,3,0,0,0,0,national
2025,AR,05115,Pope,X05BVSK68TQ7YTOSNR22,Discover Bank,9,3,5,0.25,9,0,0,0,0,3,0,0,0,0,national
2025,AR,05115,Pope,25490066WMF8ZMQXQB18,"Lendage, LLC",2,2,0,0.17,2,0,0,0,0,2,0,0,0,0,national
2025,AR,05115,Pope,254900CTT87ZKAUTIJ37,,2,2,0,0.17,2,0,0,0,0,2,0,0,0,0,national
2025,AR,05115,Pope,549300121SF0K2LN2804,"PRIMELENDING, A PLAINSCAPITAL COMPANY",3,2,0,0.17,1,2,0,0,0,0,2,0,0,0,national
2025,AR,05115,Pope,549300370QILXLFUWD20,"ZILLOW HOME LOANS, LLC",3,2,0,0.17,1,2,0,0,0,0,2,0,0,0,national
2025,AR,05115,Pope,54930049L5WINET09Q97,"CLICK N' CLOSE, INC.",2,2,0,0.17,1,1,0,0,0,1,1,0,0,0,national
2025,AR,05115,Pope,549300ALNLUNS3Y53T24,AMERICAN FINANCING CORPORATION,5,2,2,0.17,3,2,0,0,0,1,1,0,0,0,national
2025,AR,05115,Pope,549300BREPLU2KKPI102,The First National Bank of Fort Smith,2,2,0,0.17,2,0,0,0,0,2,0,0,0,0,national
2025,AR,05115,Pope,549300BX448ALT10FI43,The Federal Savings Bank,5,2,0,0.17,0,0,5,0,0,0,0,2,0,0,national
2025,AR,05115,Pope,549300GTVXJ2PGXNLM73,T2 FINANCIAL LLC,3,2,0,0.17,2,1,0,0,0,1,1,0,0,0,national
2025,AR,05115,Pope,549300PIL8LFAQ04XC20,Better Mortgage Corporation,6,2,4,0.17,6,0,0,0,0,2,0,0,0,0,national
2025,AR,05115,Pope,549300PJ2WT35S77Q208,,5,2,2,0.17,0,2,0,3,0,0,1,0,1,0,national
2025,AR,05115,Pope,549300PKEQ3Q9S0IXW76,UNITED FEDERAL CREDIT UNION,5,2,1,0.17,3,1,1,0,0,2,0,0,0,0,national
2025,AR,05115,Pope,549300S8CJG5MSY8BH57,,2,2,0,0.17,2,0,0,0,0,2,0,0,0,0,national
2025,AR,05115,Pope,549300SUCQ1358EGVE89,"NEW DAY FINANCIAL, LLC",15,2,1,0.17,0,0,15,0,0,0,0,2,0,0,national
2025,AR,05115,Pope,549300XY701IELCE5Q08,BETTER MORTGAGE CORPORATION,8,2,3,0.17,5,3,0,0,0,0,2,0,0,0,national
2025,AR,05115,Pope,7H6GLXDRUGQFU57RNE97,"JPMorgan Chase Bank, National Association",7,2,0,0.17,7,0,0,0,0,2,0,0,0,0,national
2025,AR,05115,Pope,2549001SI0EMFPT39035,"Cornerstone First Mortgage, Inc",1,1,0,0.08,1,0,0,0,0,1,0,0,0,0,national
2025,AR,05115,Pope,254900CNZPI5WN45KW48,First Financial Bank,1,1,0,0.08,0,0,1,0,0,0,0,1,0,0,national
2025,AR,05115,Pope,254900DTLHVWQ7NP7R34,"CMG Mortgage, Inc.",1,1,0,0.08,1,0,0,0,0,1,0,0,0,0,national
2025,AR,05115,Pope,254900E6AIE4Z8YQM970,Citadel Servicing Corporation,1,1,0,0.08,1,0,0,0,0,1,0,0,0,0,national
2025,AR,05115,Pope,254900FBWEZ3YUPOBN33,,1,1,0,0.08,1,0,0,0,0,1,0,0,0,0,national
2025,AR,05115,Pope,254900FJRICL380R4T46,Leaders Credit Union,1,1,0,0.08,1,0,0,0,0,1,0,0,0,0,national
2025,AR,05115,Pope,254900KI7219LQKCI772,First Western Trust Bank,1,1,0,0.08,0,0,1,0,0,0,0,1,0,0,national
2025,AR,05115,Pope,254900ZX1UPIG2E7TH11,"ASSURANCE FINANCIAL GROUP, L.L.C.",1,1,0,0.08,0,0,1,0,0,0,0,1,0,0,national
2025,AR,05115,Pope,54930001NSTOD85LT125,"GUARANTEED RATE AFFINITY, LLC",1,1,0,0.08,0,1,0,0,0,0,1,0,0,0,national
2025,AR,05115,Pope,5493000D7DINI9PZN749,,2,1,0,0.08,1,0,1,0,0,0,0,1,0,0,national
2025,AR,05115,Pope,5493000JFVFQFL816N45,ENCORE BANK,1,1,0,0.08,1,0,0,0,0,1,0,0,0,0,national
2025,AR,05115,Pope,549300249G20MDIDRR27,,6,1,0,0.08,4,2,0,0,0,1,0,0,0,0,national
2025,AR,05115,Pope,54930030Z1JWTP3SVD16,,3,1,0,0.08,0,3,0,0,0,0,1,0,0,0,national
2025,AR,05115,Pope,54930034MNPILHP25H80,Gateway First Bank,1,1,0,0.08,1,0,0,0,0,1,0,0,0,0,national
2025,AR,05115,Pope,5493004RLLKTQS8K7U51,,1,1,0,0.08,1,0,0,0,0,1,0,0,0,0,national
2025,AR,05115,Pope,54930054ET8KM4O1D485,"SOFI BANK, NATIONAL ASSOCIATION",10,1,0,0.08,9,0,1,0,0,1,0,0,0,0,national
2025,AR,05115,Pope,5493005PKOSG7MYX0B34,"Prosperity Home Mortgage, LLC",1,1,0,0.08,0,0,1,0,0,0,0,1,0,0,national
2025,AR,05115,Pope,5493006RIR31ORKYB608,,1,1,0,0.08,1,0,0,0,0,1,0,0,0,0,national
2025,AR,05115,Pope,5493006VAGP3GQ8FJT49,"Kiavi Funding, Inc.",1,1,0,0.08,1,0,0,0,0,1,0,0,0,0,national
2025,AR,05115,Pope,5493007CLWQN2S6IZK91,,2,1,0,0.08,0,0,2,0,0,0,0,1,0,0,national
2025,AR,05115,Pope,5493007LU04D28P9RD79,,1,1,0,0.08,1,0,0,0,0,1,0,0,0,0,national
2025,AR,05115,Pope,5493008NWHQT1R22C024,"AMERICAN FINANCIAL NETWORK, INC.",3,1,0,0.08,0,1,1,1,0,0,1,0,0,0,national
2025,AR,05115,Pope,5493009F6BJDCZMZ7Y26,,1,1,0,0.08,1,0,0,0,0,1,0,0,0,0,national
2025,AR,05115,Pope,549300AENO88GEUWCZ39,,5,1,0,0.08,2,3,0,0,0,1,0,0,0,0,national
2025,AR,05115,Pope,549300D3IKJ7KU3SH574,,1,1,0,0.08,0,0,1,0,0,0,0,1,0,0,national
2025,AR,05115,Pope,549300DMYENRV818D594,,1,1,0,0.08,0,0,1,0,0,0,0,1,0,0,national
2025,AR,05115,Pope,549300EFCZM6KD6B8K69,MORTGAGE ACCESS CORP.,1,1,0,0.08,1,0,0,0,0,1,0,0,0,0,national
2025,AR,05115,Pope,549300FX7K8PTEQUU487,PENTAGON FEDERAL CREDIT UNION,1,1,0,0.08,0,0,1,0,0,0,0,1,0,0,national
2025,AR,05115,Pope,549300G5DVGM0ZHRQC33,,1,1,0,0.08,0,0,1,0,0,0,0,1,0,0,national
2025,AR,05115,Pope,549300GRGZDEH4ZGQS06,WATERSTONE MORTGAGE CORPORATION,1,1,0,0.08,1,0,0,0,0,1,0,0,0,0,national
2025,AR,05115,Pope,549300GY4NTTEM7WWB64,,1,1,0,0.08,1,0,0,0,0,1,0,0,0,0,national
2025,AR,05115,Pope,549300J6N77Q8OHYNF23,,2,1,0,0.08,2,0,0,0,0,1,0,0,0,0,national
2025,AR,05115,Pope,549300KHXD7JSQUZIJ22,"HIGHLANDS RESIDENTIAL MORTGAGE, LTD.",2,1,0,0.08,0,1,0,1,0,0,1,0,0,0,national
2025,AR,05115,Pope,549300KIOYNU323LVJ37,AMERICAN PACIFIC MORTGAGE CORPORATION,1,1,0,0.08,0,0,1,0,0,0,0,1,0,0,national
2025,AR,05115,Pope,549300KJ8PAJ7E52HG32,Plains Commerce Bank,1,1,0,0.08,0,1,0,0,0,0,1,0,0,0,national
2025,AR,05115,Pope,549300KSOOZZVXCMA627,ANGEL OAK MORTGAGE SOLUTIONS LLC,2,1,0,0.08,2,0,0,0,0,1,0,0,0,0,national
2025,AR,05115,Pope,549300KTR1JGH3K6LU06,FOURLEAF,1,1,0,0.08,1,0,0,0,0,1,0,0,0,0,national
2025,AR,05115,Pope,549300LP3GMTWS4OB353,,1,1,0,0.08,0,1,0,0,0,0,1,0,0,0,national
2025,AR,05115,Pope,549300LXKO1O7CSK5J52,"FLAT BRANCH MORTGAGE, INC.",1,1,0,0.08,0,1,0,0,0,0,1,0,0,0,national
2025,AR,05115,Pope,549300MCIFZSDHUT8X63,"NFM, INC.",1,1,0,0.08,0,0,1,0,0,0,0,1,0,0,national
2025,AR,05115,Pope,549300MHH03ICJYEPE85,,1,1,0,0.08,0,1,0,0,0,0,1,0,0,0,national
2025,AR,05115,Pope,549300NB3SBC1KHAWB92,GERSHMAN INVESTMENT CORP.,2,1,0,0.08,1,0,1,0,0,1,0,0,0,0,national
2025,AR,05115,Pope,549300NOCASXPA34X033,"LAKEVIEW LOAN SERVICING, LLC",3,1,2,0.08,2,1,0,0,0,0,1,0,0,0,national
2025,AR,05115,Pope,549300O5WDIJU8S7OI05,"Stride Bank, National Association",1,1,0,0.08,1,0,0,0,0,1,0,0,0,0,national
2025,AR,05115,Pope,549300QWJ3UDIX8KBP64,,1,1,0,0.08,1,0,0,0,0,1,0,0,0,0,national
2025,AR,05115,Pope,549300RN01LBYR8ZVX74,"LOWER, LLC",2,1,0,0.08,1,1,0,0,0,1,0,0,0,0,national
2025,AR,05115,Pope,549300SEIRB4CK6DTC04,,1,1,0,0.08,1,0,0,0,0,1,0,0,0,0,national
2025,AR,05115,Pope,549300T94GSH3C4U5M59,ALLIANT CREDIT UNION,3,1,0,0.08,3,0,0,0,0,1,0,0,0,0,national
2025,AR,05115,Pope,549300UMOKQUJLI81448,,1,1,0,0.08,1,0,0,0,0,1,0,0,0,0,national
2025,AR,05115,Pope,549300UT4EN6IH579Q63,,1,1,0,0.08,0,0,1,0,0,0,0,1,0,0,national
2025,AR,05115,Pope,549300UVOSI4XZZGUE14,,2,1,0,0.08,0,1,1,0,0,0,0,1,0,0,national
2025,AR,05115,Pope,549300VCMRO4ST680C11,VILLAGE CAPITAL & INVESTMENT LLC,4,1,0,0.08,0,0,4,0,0,0,0,1,0,0,national
2025,AR,05115,Pope,549300VQUTI5IU7GXT57,SECURITYNATIONAL MORTGAGE COMPANY,1,1,0,0.08,0,0,0,1,0,0,0,0,1,0,national
2025,AR,05115,Pope,549300VVH8HHFMWL8536,,1,1,0,0.08,1,0,0,0,0,1,0,0,0,0,national
2025,AR,05115,Pope,549300W2LKZKSX67ZU02,,1,1,0,0.08,1,0,0,0,0,1,0,0,0,0,national
2025,AR,05115,Pope,549300XCVBRR56D08F03,,1,1,0,0.08,1,0,0,0,0,1,0,0,0,0,national
2025,AR,05115,Pope,549300ZZME37MXI1EF14,"DAS ACQUISITION COMPANY, LLC",1,1,0,0.08,0,1,0,0,0,0,1,0,0,0,national
2025,AR,05115,Pope,984500B8F043AF564B98,,1,1,0,0.08,0,0,0,1,0,0,0,0,1,0,national
2025,AR,05115,Pope,B4TYDEB6GKMZO031MB27,"Bank of America, National Association",6,1,4,0.08,6,0,0,0,0,1,0,0,0,0,national
2025,AR,05115,Pope,CKVBED0S4DMLKJJ5XH28,Stifel Bank and Trust,1,1,0,0.08,1,0,0,0,0,1,0,0,0,0,national
2025,AR,05115,Pope,DRMSV1Q0EKMEXLAU1P80,"Citizens Bank, National Association",2,1,1,0.08,1,1,0,0,0,0,1,0,0,0,national
2025,AR,05115,Pope,FU7RSW4CQQY98A2O7J66,"BOKF, National Association",1,1,0,0.08,1,0,0,0,0,1,0,0,0,0,national
2025,AR,05115,Pope,KB1H1DSPRFMYMCUFXT09,"Wells Fargo Bank, National Association",1,1,0,0.08,1,0,0,0,0,1,0,0,0,0,national
2025,AR,05115,Pope,PINLJ7T7GLTF48NFP863,,1,1,0,0.08,1,0,0,0,0,1,0,0,0,0,national
2025,AR,05115,Pope,Q708HHR4LD2B7XIZNO92,First Federal Bank,1,1,0,0.08,0,0,1,0,0,0,0,1,0,0,national
2025,AR,05115,Pope,VNOO6EITDJ2YUEBMSZ83,"UMB Bank, National Association",1,1,0,0.08,0,0,1,0,0,0,0,1,0,0,national
2025,AR,05115,Pope,WKN6AF1FCL7BBYGTGI83,,2,1,1,0.08,2,0,0,0,0,1,0,0,0,0,national
2025,AR,05115,Pope,WWB2V0FCW3A0EE3ZJN75,Manufacturers and Traders Trust Company,1,1,0,0.08,1,0,0,0,0,1,0,0,0,0,national
2025,AR,05115,Pope,549300MCPCNPQAOB4032,GMFS LLC,6,0,0,0.0,2,0,1,3,0,0,0,0,0,0,national
2025,AR,05115,Pope,549300U3721PJGQZYY68,"GUARANTEED RATE, INC.",5,0,2,0.0,2,2,1,0,0,0,0,0,0,0,national
2025,AR,05119,Pulaski,COINQMNIM6RBU631DD85,Arvest Bank,978,661,159,7.77,835,116,26,1,0,576,68,16,1,0,national
2025,AR,05119,Pulaski,549300HIKKZQ0TVJWA08,ARKANSAS FEDERAL CREDIT UNION,1220,649,266,7.63,1211,0,9,0,0,644,0,5,0,0,national
2025,AR,05119,Pulaski,549300FGXN1K3HLB1R50,"Rocket Mortgage, LLC",640,423,148,4.97,420,140,80,0,0,280,81,62,0,0,national
2025,AR,05119,Pulaski,549300VYK2WBD7SST478,Bank OZK,511,307,113,3.61,473,30,8,0,0,290,13,4,0,0,national
2025,AR,05119,Pulaski,2549007JQKHU8KQ0FC19,"FIRSTTRUST HOME LOANS, INC.",296,242,2,2.84,157,92,43,4,0,129,76,34,3,0,national
2025,AR,05119,Pulaski,EQTWLK1G7ODGC2MGLV11,Regions Bank,565,237,224,2.78,499,57,9,0,0,212,19,6,0,0,national
2025,AR,05119,Pulaski,549300HW662MN1WU8550,"United Wholesale Mortgage, LLC",335,236,39,2.77,115,83,137,0,0,81,51,104,0,0,national
2025,AR,05119,Pulaski,COOWI3L2W9TPYR3WJX37,First Horizon Bank,325,215,55,2.53,255,37,33,0,0,169,24,22,0,0,national
2025,AR,05119,Pulaski,549300QFP6J5QSZVF805,Eagle Bank and Trust Company,292,211,16,2.48,202,57,31,2,0,145,42,22,2,0,national
2025,AR,05119,Pulaski,549300S8CJG5MSY8BH57,,253,184,11,2.16,186,38,26,3,0,133,32,18,1,0,national
2025,AR,05119,Pulaski,254900561K135J92VD38,First Security Bank,213,176,12,2.07,205,7,1,0,0,173,3,0,0,0,national
2025,AR,05119,Pulaski,549300LXKO1O7CSK5J52,"FLAT BRANCH MORTGAGE, INC.",247,176,1,2.07,102,108,33,4,0,74,74,26,2,0,national
2025,AR,05119,Pulaski,549300DD5QQUHO6PCH70,"MORTGAGE RESEARCH CENTER, LLC",377,169,70,1.99,30,15,332,0,0,8,6,155,0,0,national
2025,AR,05119,Pulaski,549300IEIM2IT5YK4368,First Community Bank,216,168,3,1.97,164,49,2,1,0,135,30,2,1,0,national
2025,AR,05119,Pulaski,549300VZVN841I2ILS84,"CROSSCOUNTRY MORTGAGE, LLC",238,158,11,1.86,150,66,21,1,0,103,41,13,1,0,national
2025,AR,05119,Pulaski,549300DG3IV05V4C4E03,EUSTIS MORTGAGE CORPORATION,214,156,1,1.83,122,57,34,1,0,87,41,28,0,0,national
2025,AR,05119,Pulaski,Q7C315HKI8VX0SSKBS64,Cadence Bank,236,152,37,1.79,219,15,2,0,0,140,10,2,0,0,national
2025,AR,05119,Pulaski,5493000JFVFQFL816N45,ENCORE BANK,256,147,47,1.73,204,44,8,0,0,127,15,5,0,0,national
2025,AR,05119,Pulaski,549300DPRWSBUY619V27,Simmons Bank,247,141,65,1.66,224,20,3,0,0,123,16,2,0,0,national
2025,AR,05119,Pulaski,549300U3721PJGQZYY68,"GUARANTEED RATE, INC.",193,140,3,1.65,170,9,14,0,0,126,6,8,0,0,national
2025,AR,05119,Pulaski,RVDPPPGHCGZ40J4VQ731,"PENNYMAC LOAN SERVICES, LLC",285,135,24,1.59,135,81,67,2,0,74,33,27,1,0,national
2025,AR,05119,Pulaski,549300BEFX6JRSCS5N78,Centennial Bank,242,134,45,1.57,200,27,15,0,0,110,16,8,0,0,national
2025,AR,05119,Pulaski,B4TYDEB6GKMZO031MB27,"Bank of America, National Association",252,108,93,1.27,242,9,1,0,0,101,6,1,0,0,national
2025,AR,05119,Pulaski,6BYL5QZYBDK8S7L73M02,U.S. Bank National Association,302,106,142,1.25,287,10,5,0,0,100,4,2,0,0,national
2025,AR,05119,Pulaski,549300LYRWPSYPK6S325,FREEDOM MORTGAGE CORPORATION,233,97,20,1.14,10,86,137,0,0,0,25,72,0,0,national
2025,AR,05119,Pulaski,549300AQ3T62GXDU7D76,GUILD MORTGAGE COMPANY LLC,115,93,9,1.09,80,28,7,0,0,69,18,6,0,0,national
2025,AR,05119,Pulaski,5493003GQDUH26DNNH17,Navy Federal Credit Union,193,82,34,0.96,133,0,60,0,0,48,0,34,0,0,national
2025,AR,05119,Pulaski,549300IJ8KTGYPKLXK63,,99,76,3,0.89,61,18,20,0,0,45,14,17,0,0,national
2025,AR,05119,Pulaski,549300GTVXJ2PGXNLM73,T2 FINANCIAL LLC,98,72,2,0.85,38,42,18,0,0,29,30,13,0,0,national
2025,AR,05119,Pulaski,549300GY4NTTEM7WWB64,,104,72,3,0.85,66,24,14,0,0,48,16,8,0,0,national
2025,AR,05119,Pulaski,549300KHXD7JSQUZIJ22,"HIGHLANDS RESIDENTIAL MORTGAGE, LTD.",80,70,1,0.82,49,26,5,0,0,43,23,4,0,0,national
2025,AR,05119,Pulaski,549300MGPZBLQDIL7538,FAIRWAY INDEPENDENT MORTGAGE CORPORATION,105,67,11,0.79,44,53,8,0,0,28,33,6,0,0,national
2025,AR,05119,Pulaski,549300LBCBNR1OT00651,NATIONSTAR MORTGAGE LLC,94,64,14,0.75,75,9,10,0,0,50,6,8,0,0,national
2025,AR,05119,Pulaski,549300FNXYY540N23N64,Newrez LLC,217,63,42,0.74,95,65,57,0,0,27,15,21,0,0,national
2025,AR,05119,Pulaski,7H6GLXDRUGQFU57RNE97,"JPMorgan Chase Bank, National Association",96,61,12,0.72,89,4,3,0,0,59,0,2,0,0,national
2025,AR,05119,Pulaski,5493001SXWZ4OFP8Z903,"DHI MORTGAGE COMPANY, LTD.",98,58,13,0.68,30,48,19,1,0,22,26,10,0,0,national
2025,AR,05119,Pulaski,549300W2LKZKSX67ZU02,,66,55,2,0.65,65,1,0,0,0,55,0,0,0,0,national
2025,AR,05119,Pulaski,549300AG64NHILB7ZP05,"LOANDEPOT.COM, LLC",119,53,40,0.62,53,49,17,0,0,25,18,10,0,0,national
2025,AR,05119,Pulaski,549300E2UX99HKDBR481,"NEW AMERICAN FUNDING, LLC",157,53,7,0.62,61,80,15,1,0,25,25,3,0,0,national
2025,AR,05119,Pulaski,254900UL88QFG0E40516,FIGURE LENDING LLC,106,50,36,0.59,106,0,0,0,0,50,0,0,0,0,national
2025,AR,05119,Pulaski,5493008ETVHBTJEF0O91,,52,49,1,0.58,52,0,0,0,0,49,0,0,0,0,national
2025,AR,05119,Pulaski,5493003K6JB8F2ZMRI65,,44,44,0,0.52,44,0,0,0,0,44,0,0,0,0,national
2025,AR,05119,Pulaski,54930034MNPILHP25H80,Gateway First Bank,47,40,0,0.47,37,7,3,0,0,32,5,3,0,0,national
2025,AR,05119,Pulaski,549300GKFNPRWNS0GF29,"AmeriHome Mortgage Company, LLC",64,40,4,0.47,9,29,4,22,0,2,19,3,16,0,national
2025,AR,05119,Pulaski,549300H3IZO24NSOO931,"LENNAR MORTGAGE, LLC",59,40,11,0.47,16,29,14,0,0,11,20,9,0,0,national
2025,AR,05119,Pulaski,5493007BBMW58UQT5588,,38,38,0,0.45,38,0,0,0,0,38,0,0,0,0,national
2025,AR,05119,Pulaski,549300R0SXC1JU7ZU290,"FIRST COMMUNITY MORTGAGE, INC.",48,38,3,0.45,24,14,9,1,0,19,11,7,1,0,national
2025,AR,05119,Pulaski,549300Y4CEEGC4KCFI45,,42,37,2,0.43,36,6,0,0,0,32,5,0,0,0,national
2025,AR,05119,Pulaski,5493007ASPHNTEYEZ797,,46,36,0,0.42,10,28,8,0,0,6,23,7,0,0,national
2025,AR,05119,Pulaski,549300MCIFZSDHUT8X63,"NFM, INC.",48,36,2,0.42,20,27,1,0,0,14,21,1,0,0,national
2025,AR,05119,Pulaski,5493001GDRY0EL7VG372,"ARK-LA-TEX FINANCIAL SERVICES, LLC.",71,35,1,0.41,45,15,11,0,0,24,6,5,0,0,national
2025,AR,05119,Pulaski,549300YIQ7S7Z8PIHE53,AMERISAVE MORTGAGE CORPORATION,157,34,107,0.4,80,67,10,0,0,19,14,1,0,0,national
2025,AR,05119,Pulaski,C5654JQHZUHN0772B561,USAA Federal Savings Bank,70,33,19,0.39,29,0,41,0,0,11,0,22,0,0,national
2025,AR,05119,Pulaski,5493001GCBD5XGNIC815,Coastal Community Bank,133,32,2,0.38,133,0,0,0,0,32,0,0,0,0,national
2025,AR,05119,Pulaski,5493004EVKOLRF3JI477,,32,30,1,0.35,32,0,0,0,0,30,0,0,0,0,national
2025,AR,05119,Pulaski,54930052M48FOD3CWA54,"PRIMARY RESIDENTIAL MORTGAGE, INC.",46,30,4,0.35,19,25,2,0,0,12,16,2,0,0,national
2025,AR,05119,Pulaski,549300XQVJ1XBNFA5536,21ST MORTGAGE CORPORATION,104,30,46,0.35,104,0,0,0,0,30,0,0,0,0,national
2025,AR,05119,Pulaski,54930021WPEXNHYZUL09,"PLANET HOME LENDING, LLC",34,28,5,0.33,4,19,11,0,0,2,17,9,0,0,national
2025,AR,05119,Pulaski,549300XY701IELCE5Q08,BETTER MORTGAGE CORPORATION,63,27,18,0.32,46,12,5,0,0,15,8,4,0,0,national
2025,AR,05119,Pulaski,549300LP3GMTWS4OB353,,34,26,0,0.31,12,15,7,0,0,10,11,5,0,0,national
2025,AR,05119,Pulaski,549300PBTV7FCWLSMM53,,40,26,0,0.31,5,13,22,0,0,2,8,16,0,0,national
2025,AR,05119,Pulaski,549300RN01LBYR8ZVX74,"LOWER, LLC",38,26,4,0.31,29,3,6,0,0,21,2,3,0,0,national
2025,AR,05119,Pulaski,549300SUCQ1358EGVE89,"NEW DAY FINANCIAL, LLC",140,25,32,0.29,0,5,135,0,0,0,0,25,0,0,national
2025,AR,05119,Pulaski,549300R9S3MVDV4MGF56,"CARRINGTON MORTGAGE SERVICES, LLC",82,24,39,0.28,31,34,17,0,0,10,6,8,0,0,national
2025,AR,05119,Pulaski,213800XR2TCBQJSF1X93,,37,23,2,0.27,22,4,11,0,0,12,2,9,0,0,national
2025,AR,05119,Pulaski,5493005PD34O8ZT7QT17,,34,23,7,0.27,34,0,0,0,0,23,0,0,0,0,national
2025,AR,05119,Pulaski,549300JQEF6V2RNWCC75,Southern Bancorp Bank,38,23,3,0.27,29,6,2,1,0,22,1,0,0,0,national
2025,AR,05119,Pulaski,549300PIL8LFAQ04XC20,Better Mortgage Corporation,66,23,34,0.27,66,0,0,0,0,23,0,0,0,0,national
2025,AR,05119,Pulaski,549300OPCWU6E72WUT29,"MUTUAL OF OMAHA MORTGAGE, INC.",45,22,12,0.26,11,21,13,0,0,6,10,6,0,0,national
2025,AR,05119,Pulaski,549300UMOKQUJLI81448,,22,22,0,0.26,22,0,0,0,0,22,0,0,0,0,national
2025,AR,05119,Pulaski,549300VCMRO4ST680C11,VILLAGE CAPITAL & INVESTMENT LLC,52,21,9,0.25,0,8,44,0,0,0,2,19,0,0,national
2025,AR,05119,Pulaski,54930054ET8KM4O1D485,"SOFI BANK, NATIONAL ASSOCIATION",49,20,2,0.24,42,5,2,0,0,15,4,1,0,0,national
2025,AR,05119,Pulaski,549300YKBMBBIIMQJS94,Southern Bank,22,20,2,0.24,22,0,0,0,0,20,0,0,0,0,national
2025,AR,05119,Pulaski,54930049L5WINET09Q97,"CLICK N' CLOSE, INC.",39,19,6,0.22,21,16,2,0,0,11,6,2,0,0,national
2025,AR,05119,Pulaski,5493006VAGP3GQ8FJT49,"Kiavi Funding, Inc.",42,19,0,0.22,42,0,0,0,0,19,0,0,0,0,national
2025,AR,05119,Pulaski,5493009F6BJDCZMZ7Y26,,24,18,0,0.21,7,14,3,0,0,6,9,3,0,0,national
2025,AR,05119,Pulaski,549300YN94MOAVYW0F52,"GoodLeap, LLC",43,18,12,0.21,20,13,10,0,0,12,3,3,0,0,national
2025,AR,05119,Pulaski,254900CNZPI5WN45KW48,First Financial Bank,21,17,2,0.2,18,3,0,0,0,14,3,0,0,0,national
2025,AR,05119,Pulaski,5493002B2WMHY23GFK92,"AMERICAN FINANCIAL RESOURCES, INC.",31,17,4,0.2,4,20,7,0,0,3,11,3,0,0,national
2025,AR,05119,Pulaski,549300RP4LE08QWSLQ50,,17,17,0,0.2,17,0,0,0,0,17,0,0,0,0,national
2025,AR,05119,Pulaski,DRMSV1Q0EKMEXLAU1P80,"Citizens Bank, National Association",33,17,8,0.2,31,2,0,0,0,16,1,0,0,0,national
2025,AR,05119,Pulaski,54930039OWZFM2IGRN69,,19,16,0,0.19,8,1,9,1,0,5,1,9,1,0,national
2025,AR,05119,Pulaski,549300EF3CM0UIOIS476,,24,16,1,0.19,17,6,1,0,0,13,2,1,0,0,national
2025,AR,05119,Pulaski,KB1H1DSPRFMYMCUFXT09,"Wells Fargo Bank, National Association",31,15,3,0.18,27,4,0,0,0,14,1,0,0,0,national
2025,AR,05119,Pulaski,PINLJ7T7GLTF48NFP863,,22,15,3,0.18,22,0,0,0,0,15,0,0,0,0,national
2025,AR,05119,Pulaski,254900RUCO27MVGTO768,LOAN FUNDER LLC,33,14,2,0.16,33,0,0,0,0,14,0,0,0,0,national
2025,AR,05119,Pulaski,549300NOCASXPA34X033,"LAKEVIEW LOAN SERVICING, LLC",51,14,23,0.16,14,19,18,0,0,7,3,4,0,0,national
2025,AR,05119,Pulaski,254900FBWEZ3YUPOBN33,,18,13,2,0.15,18,0,0,0,0,13,0,0,0,0,national
2025,AR,05119,Pulaski,254900HA4DQWAE0W3342,"AMERIHOME MORTGAGE COMPANY, LLC",22,13,4,0.15,3,15,4,0,0,2,9,2,0,0,national
2025,AR,05119,Pulaski,25490066WMF8ZMQXQB18,"Lendage, LLC",20,12,3,0.14,20,0,0,0,0,12,0,0,0,0,national
2025,AR,05119,Pulaski,549300IRXW9RSZM2B951,,15,12,0,0.14,14,0,1,0,0,11,0,1,0,0,national
2025,AR,05119,Pulaski,549300MZ8VZJOVC63092,"KIND LENDING, LLC",16,12,3,0.14,7,8,1,0,0,6,5,1,0,0,national
2025,AR,05119,Pulaski,549300K4ZLGS7SRDTL86,Equity Prime Mortgage LLC,34,11,1,0.13,1,16,17,0,0,0,3,8,0,0,national
2025,AR,05119,Pulaski,549300NB3SBC1KHAWB92,GERSHMAN INVESTMENT CORP.,19,11,4,0.13,11,5,1,2,0,6,3,1,1,0,national
2025,AR,05119,Pulaski,549300RPOGWJRH63HS39,UNION HOME MORTGAGE CORP.,16,11,3,0.13,13,0,2,1,0,9,0,1,1,0,national
2025,AR,05119,Pulaski,5493000YNV8IX4VD3X12,"VANDERBILT MORTGAGE AND FINANCE, INC.",186,10,74,0.12,186,0,0,0,0,10,0,0,0,0,national
2025,AR,05119,Pulaski,549300BX448ALT10FI43,The Federal Savings Bank,29,10,2,0.12,0,3,26,0,0,0,1,9,0,0,national
2025,AR,05119,Pulaski,549300UG7QXKM7KGV847,,14,10,1,0.12,12,2,0,0,0,9,1,0,0,0,national
2025,AR,05119,Pulaski,254900DTLHVWQ7NP7R34,"CMG Mortgage, Inc.",18,9,1,0.11,18,0,0,0,0,9,0,0,0,0,national
2025,AR,05119,Pulaski,549300370QILXLFUWD20,"ZILLOW HOME LOANS, LLC",20,9,1,0.11,14,5,1,0,0,5,3,1,0,0,national
2025,AR,05119,Pulaski,5493003EW6T31TGECO83,,9,9,0,0.11,9,0,0,0,0,9,0,0,0,0,national
2025,AR,05119,Pulaski,5493004AS1SPBQOFDR49,"Change Lending, LLC",11,9,1,0.11,11,0,0,0,0,9,0,0,0,0,national
2025,AR,05119,Pulaski,549300BREPLU2KKPI102,The First National Bank of Fort Smith,15,9,1,0.11,9,4,2,0,0,7,2,0,0,0,national
2025,AR,05119,Pulaski,549300O6Z0I6KYMESL47,AMWEST FUNDING CORP.,13,9,0,0.11,13,0,0,0,0,9,0,0,0,0,national
2025,AR,05119,Pulaski,549300REENMLD2RN3W58,"Magnolia Bank, Incorporated",11,9,1,0.11,4,1,6,0,0,3,1,5,0,0,national
2025,AR,05119,Pulaski,549300T7HRS5DVBUPQ06,,9,9,0,0.11,8,1,0,0,0,8,1,0,0,0,national
2025,AR,05119,Pulaski,549300W6GQTN13GWDQ17,,11,9,0,0.11,11,0,0,0,0,9,0,0,0,0,national
2025,AR,05119,Pulaski,549300Y5Y88FQLI7VE83,DEEPHAVEN MORTGAGE LLC,16,9,7,0.11,16,0,0,0,0,9,0,0,0,0,national
2025,AR,05119,Pulaski,X05BVSK68TQ7YTOSNR22,Discover Bank,60,9,33,0.11,60,0,0,0,0,9,0,0,0,0,national
2025,AR,05119,Pulaski,549300FX7K8PTEQUU487,PENTAGON FEDERAL CREDIT UNION,15,8,5,0.09,10,4,1,0,0,6,2,0,0,0,national
2025,AR,05119,Pulaski,549300G5DVGM0ZHRQC33,,8,8,0,0.09,0,0,8,0,0,0,0,8,0,0,national
2025,AR,05119,Pulaski,549300J7I82PNDVU8H22,"OCMBC, INC.",11,8,1,0.09,8,3,0,0,0,6,2,0,0,0,national
2025,AR,05119,Pulaski,549300QR0KFPEDZPEI42,STOCKTON MORTGAGE CORPORATION,11,8,2,0.09,5,3,3,0,0,3,2,3,0,0,national
2025,AR,05119,Pulaski,549300RFLICNI75BG067,Luminate Bank,9,8,0,0.09,9,0,0,0,0,8,0,0,0,0,national
2025,AR,05119,Pulaski,549300ZPSJZO10ZAX556,"AMERICAN HERITAGE LENDING, LLC",15,8,2,0.09,15,0,0,0,0,8,0,0,0,0,national
2025,AR,05119,Pulaski,AD6GFRVSDT01YPT1CS68,"PNC Bank, National Association",20,8,3,0.09,20,0,0,0,0,8,0,0,0,0,national
2025,AR,05119,Pulaski,254900HEJ9F73IMPX887,,16,7,1,0.08,15,1,0,0,0,6,1,0,0,0,national
2025,AR,05119,Pulaski,5493000A2XS66AH5XM81,,9,7,2,0.08,9,0,0,0,0,7,0,0,0,0,national
2025,AR,05119,Pulaski,5493001XKL0FTNOJ0866,,60,7,0,0.08,59,1,0,0,0,6,1,0,0,0,national
2025,AR,05119,Pulaski,54930091JQKCU3Z6IP44,,40,7,5,0.08,40,0,0,0,0,7,0,0,0,0,national
2025,AR,05119,Pulaski,549300LROQOOQU77WS20,,16,7,1,0.08,14,2,0,0,0,6,1,0,0,0,national
2025,AR,05119,Pulaski,549300RD5IG88VPO6P22,,10,7,0,0.08,10,0,0,0,0,7,0,0,0,0,national
2025,AR,05119,Pulaski,549300YW2UBCMDRMBT48,,9,7,2,0.08,1,7,1,0,0,1,6,0,0,0,national
2025,AR,05119,Pulaski,5493001WHVQBGRSWEU75,"HOMEBRIDGE FINANCIAL SERVICES, INC.",20,6,11,0.07,13,2,5,0,0,6,0,0,0,0,national
2025,AR,05119,Pulaski,5493004T38NMC864VL66,,8,6,2,0.07,8,0,0,0,0,6,0,0,0,0,national
2025,AR,05119,Pulaski,549300CB67L6KPJLHE19,"TRIAD FINANCIAL SERVICES, INC.",71,6,37,0.07,71,0,0,0,0,6,0,0,0,0,national
2025,AR,05119,Pulaski,549300GCILEV6KJUST91,,8,6,1,0.07,8,0,0,0,0,6,0,0,0,0,national
2025,AR,05119,Pulaski,549300PL267CW8182203,,11,6,0,0.07,2,1,8,0,0,2,0,4,0,0,national
2025,AR,05119,Pulaski,549300VNBQD8FDHF7563,"MORTGAGE INVESTORS GROUP, INC.",7,6,0,0.07,7,0,0,0,0,6,0,0,0,0,national
2025,AR,05119,Pulaski,549300ZZME37MXI1EF14,"DAS ACQUISITION COMPANY, LLC",10,6,3,0.07,0,8,0,2,0,0,4,0,2,0,national
2025,AR,05119,Pulaski,Q708HHR4LD2B7XIZNO92,First Federal Bank,9,6,0,0.07,8,0,1,0,0,5,0,1,0,0,national
2025,AR,05119,Pulaski,5493008NWHQT1R22C024,"AMERICAN FINANCIAL NETWORK, INC.",14,5,1,0.06,8,6,0,0,0,3,2,0,0,0,national
2025,AR,05119,Pulaski,549300CUUEEQ66ZVK149,,15,5,1,0.06,4,11,0,0,0,1,4,0,0,0,national
2025,AR,05119,Pulaski,549300DD4R4SYK5RAQ92,"MOVEMENT MORTGAGE, LLC",12,5,0,0.06,11,1,0,0,0,4,1,0,0,0,national
2025,AR,05119,Pulaski,549300DMYENRV818D594,,6,5,0,0.06,4,2,0,0,0,4,1,0,0,0,national
2025,AR,05119,Pulaski,549300VRH8KD60XSZK39,,6,5,0,0.06,6,0,0,0,0,5,0,0,0,0,national
2025,AR,05119,Pulaski,C398JSK21YCXWM603F55,"Barrington Bank & Trust Company, National Association",10,5,2,0.06,1,0,9,0,0,0,0,5,0,0,national
2025,AR,05119,Pulaski,JJKC32MCHWDI71265Z06,Truist Bank,11,5,4,0.06,11,0,0,0,0,5,0,0,0,0,national
2025,AR,05119,Pulaski,PAOOWF3GUFM46FBSP561,,30,5,3,0.06,16,9,5,0,0,3,2,0,0,0,national
2025,AR,05119,Pulaski,254900DRSIZBQXDCJ875,,4,4,0,0.05,4,0,0,0,0,4,0,0,0,0,national
2025,AR,05119,Pulaski,254900O2K17TNH5CL873,"RF RENOVO MANAGEMENT COMPANY, LLC",4,4,0,0.05,4,0,0,0,0,4,0,0,0,0,national
2025,AR,05119,Pulaski,254900RD08FFMO7DRN13,,4,4,0,0.05,4,0,0,0,0,4,0,0,0,0,national
2025,AR,05119,Pulaski,254900RM3T6WAVE6SA24,,6,4,0,0.05,5,1,0,0,0,3,1,0,0,0,national
2025,AR,05119,Pulaski,254900ZFWS2106HWPH46,"PARAMOUNT RESIDENTIAL MORTGAGE GROUP, INC.",6,4,0,0.05,2,2,2,0,0,1,1,2,0,0,national
2025,AR,05119,Pulaski,54930030Z1JWTP3SVD16,,11,4,1,0.05,6,5,0,0,0,3,1,0,0,0,national
2025,AR,05119,Pulaski,5493004RLLKTQS8K7U51,,5,4,0,0.05,5,0,0,0,0,4,0,0,0,0,national
2025,AR,05119,Pulaski,5493005PKOSG7MYX0B34,"Prosperity Home Mortgage, LLC",12,4,5,0.05,1,6,5,0,0,0,2,2,0,0,national
2025,AR,05119,Pulaski,549300ALNLUNS3Y53T24,AMERICAN FINANCING CORPORATION,23,4,9,0.05,12,11,0,0,0,2,2,0,0,0,national
2025,AR,05119,Pulaski,549300B4IYL7TZT8FA34,,5,4,0,0.05,3,2,0,0,0,2,2,0,0,0,national
2025,AR,05119,Pulaski,549300KSOOZZVXCMA627,ANGEL OAK MORTGAGE SOLUTIONS LLC,8,4,2,0.05,8,0,0,0,0,4,0,0,0,0,national
2025,AR,05119,Pulaski,549300RM1IZYGQDSNL85,,13,4,0,0.05,1,2,10,0,0,1,0,3,0,0,national
2025,AR,05119,Pulaski,549300VQUTI5IU7GXT57,SECURITYNATIONAL MORTGAGE COMPANY,5,4,1,0.05,4,1,0,0,0,3,1,0,0,0,national
2025,AR,05119,Pulaski,25490000VM5YTLF4NM50,,4,3,0,0.04,4,0,0,0,0,3,0,0,0,0,national
2025,AR,05119,Pulaski,254900CTT87ZKAUTIJ37,,6,3,2,0.04,6,0,0,0,0,3,0,0,0,0,national
2025,AR,05119,Pulaski,254900E6AIE4Z8YQM970,Citadel Servicing Corporation,5,3,0,0.04,5,0,0,0,0,3,0,0,0,0,national
2025,AR,05119,Pulaski,254900P7WLDQD9IUL038,Service Federal Credit Union,3,3,0,0.04,3,0,0,0,0,3,0,0,0,0,national
2025,AR,05119,Pulaski,549300121SF0K2LN2804,"PRIMELENDING, A PLAINSCAPITAL COMPANY",5,3,0,0.04,1,0,4,0,0,0,0,3,0,0,national
2025,AR,05119,Pulaski,549300249G20MDIDRR27,,25,3,2,0.04,21,2,2,0,0,1,1,1,0,0,national
2025,AR,05119,Pulaski,5493002QRULT2T40BH09,COMMUNITYAMERICA FEDERAL CREDIT UNION,4,3,0,0.04,4,0,0,0,0,3,0,0,0,0,national
2025,AR,05119,Pulaski,5493003V40VGM7YDFM54,FIRST COLONY MORTGAGE CORPORATION,3,3,0,0.04,3,0,0,0,0,3,0,0,0,0,national
2025,AR,05119,Pulaski,5493008VVXQIDO1EZ460,"SUMMIT FUNDING, INC.",3,3,0,0.04,3,0,0,0,0,3,0,0,0,0,national
2025,AR,05119,Pulaski,549300A5HHOL2ED18C72,,12,3,0,0.04,5,7,0,0,0,2,1,0,0,0,national
2025,AR,05119,Pulaski,549300BLL6VL7AXWYP56,CHURCHILL MORTGAGE CORPORATION,7,3,1,0.04,5,2,0,0,0,3,0,0,0,0,national
2025,AR,05119,Pulaski,549300C8GOC4OYUV0Z32,,7,3,0,0.04,7,0,0,0,0,3,0,0,0,0,national
2025,AR,05119,Pulaski,549300DFQP4S0ZYOBT18,,4,3,0,0.04,4,0,0,0,0,3,0,0,0,0,national
2025,AR,05119,Pulaski,549300EAO0HUFDR48U74,,3,3,0,0.04,3,0,0,0,0,3,0,0,0,0,national
2025,AR,05119,Pulaski,549300GKNMX0ZXKVPE54,,4,3,0,0.04,2,2,0,0,0,2,1,0,0,0,national
2025,AR,05119,Pulaski,549300HRLROF7PLJ6735,CLEAREDGE LENDING LLC,3,3,0,0.04,3,0,0,0,0,3,0,0,0,0,national
2025,AR,05119,Pulaski,549300IX6RAX31C1BI75,,12,3,5,0.04,12,0,0,0,0,3,0,0,0,0,national
2025,AR,05119,Pulaski,549300JYXTZDSPJEPI44,"PLAZA HOME MORTGAGE, INC.",5,3,2,0.04,1,2,2,0,0,1,1,1,0,0,national
2025,AR,05119,Pulaski,549300MHH03ICJYEPE85,,5,3,1,0.04,0,5,0,0,0,0,3,0,0,0,national
2025,AR,05119,Pulaski,549300PJ2WT35S77Q208,,4,3,0,0.04,0,3,0,1,0,0,3,0,0,0,national
2025,AR,05119,Pulaski,549300SK2GVCQXPD4S58,"SUN WEST MORTGAGE COMPANY, INC.",6,3,2,0.04,1,2,3,0,0,1,0,2,0,0,national
2025,AR,05119,Pulaski,549300T94GSH3C4U5M59,ALLIANT CREDIT UNION,3,3,0,0.04,3,0,0,0,0,3,0,0,0,0,national
2025,AR,05119,Pulaski,549300TA4MQM8WN2XG31,,5,3,0,0.04,5,0,0,0,0,3,0,0,0,0,national
2025,AR,05119,Pulaski,549300UR5AOWTJJ7KZ64,,5,3,0,0.04,5,0,0,0,0,3,0,0,0,0,national
2025,AR,05119,Pulaski,984500F6E6940CCB6A60,,5,3,0,0.04,5,0,0,0,0,3,0,0,0,0,national
2025,AR,05119,Pulaski,984500P059VACEAAFA22,,4,3,0,0.04,2,1,1,0,0,2,0,1,0,0,national
2025,AR,05119,Pulaski,CKVBED0S4DMLKJJ5XH28,Stifel Bank and Trust,3,3,0,0.04,3,0,0,0,0,3,0,0,0,0,national
2025,AR,05119,Pulaski,FU7RSW4CQQY98A2O7J66,"BOKF, National Association",5,3,1,0.04,5,0,0,0,0,3,0,0,0,0,national
2025,AR,05119,Pulaski,IUGPUX5LWRZ3B6KIZ697,Ameris Bank,5,3,0,0.04,3,1,1,0,0,2,1,0,0,0,national
2025,AR,05119,Pulaski,KD3XUN7C6T14HNAYLU02,,3,3,0,0.04,3,0,0,0,0,3,0,0,0,0,national
2025,AR,05119,Pulaski,ZXMJHJK466PBZTM5F379,,6,3,1,0.04,6,0,0,0,0,3,0,0,0,0,national
2025,AR,05119,Pulaski,2549004FXPNKCLIN8250,"Synergy One Lending, Inc.",2,2,0,0.02,1,0,1,0,0,1,0,1,0,0,national
2025,AR,05119,Pulaski,254900KI7219LQKCI772,First Western Trust Bank,2,2,0,0.02,2,0,0,0,0,2,0,0,0,0,national
2025,AR,05119,Pulaski,254900WEP08K7U7S3A80,,2,2,0,0.02,1,1,0,0,0,1,1,0,0,0,national
2025,AR,05119,Pulaski,254900XDI51NPWZM0N29,Union Bank,2,2,0,0.02,2,0,0,0,0,2,0,0,0,0,national
2025,AR,05119,Pulaski,2WHM8VNJH63UN14OL754,The Huntington National Bank,2,2,0,0.02,2,0,0,0,0,2,0,0,0,0,national
2025,AR,05119,Pulaski,337KMNHEWWWR6B7Q7W10,MidFirst Bank,2,2,0,0.02,0,2,0,0,0,0,2,0,0,0,national
2025,AR,05119,Pulaski,54930009DUZUXUZIDL84,,4,2,0,0.02,4,0,0,0,0,2,0,0,0,0,national
2025,AR,05119,Pulaski,54930021DZJ9CEN11D61,,2,2,0,0.02,0,1,1,0,0,0,1,1,0,0,national
2025,AR,05119,Pulaski,5493003L2LYA333BZY52,,2,2,0,0.02,2,0,0,0,0,2,0,0,0,0,national
2025,AR,05119,Pulaski,54930059GZZ7G4G40O53,Primis Mortgage Company,4,2,0,0.02,4,0,0,0,0,2,0,0,0,0,national
2025,AR,05119,Pulaski,5493005ICQ3QGEIWV618,UNITED MORTGAGE CORP.,2,2,0,0.02,2,0,0,0,0,2,0,0,0,0,national
2025,AR,05119,Pulaski,5493006RIR31ORKYB608,,2,2,0,0.02,2,0,0,0,0,2,0,0,0,0,national
2025,AR,05119,Pulaski,5493008Q3XBC7O0Q4X02,HOPE FEDERAL CREDIT UNION,9,2,7,0.02,8,0,1,0,0,2,0,0,0,0,national
2025,AR,05119,Pulaski,5493009I5VHHGVFQ1O54,,4,2,0,0.02,3,0,1,0,0,2,0,0,0,0,national
2025,AR,05119,Pulaski,549300AENO88GEUWCZ39,,2,2,0,0.02,2,0,0,0,0,2,0,0,0,0,national
2025,AR,05119,Pulaski,549300ASFUWYQO0RW077,,2,2,0,0.02,2,0,0,0,0,2,0,0,0,0,national
2025,AR,05119,Pulaski,549300BOXNV8VLRBDT24,,6,2,0,0.02,6,0,0,0,0,2,0,0,0,0,national
2025,AR,05119,Pulaski,549300CY7WNAHKHYSJ73,,3,2,0,0.02,2,1,0,0,0,1,1,0,0,0,national
2025,AR,05119,Pulaski,549300DRA4BDXW23LD45,,2,2,0,0.02,1,0,1,0,0,1,0,1,0,0,national
2025,AR,05119,Pulaski,549300EKFFG3BU8DNX74,NEXERA HOLDING LLC,3,2,0,0.02,3,0,0,0,0,2,0,0,0,0,national
2025,AR,05119,Pulaski,549300GS0W0TEUQS8571,"Morgan Stanley Private Bank, National Association",2,2,0,0.02,2,0,0,0,0,2,0,0,0,0,national
2025,AR,05119,Pulaski,549300I72FXKCNGRQC43,,3,2,0,0.02,3,0,0,0,0,2,0,0,0,0,national
2025,AR,05119,Pulaski,549300INFJ8TYNZ1G568,,2,2,0,0.02,2,0,0,0,0,2,0,0,0,0,national
2025,AR,05119,Pulaski,549300JOYC0RUSF9DL04,,2,2,0,0.02,2,0,0,0,0,2,0,0,0,0,national
2025,AR,05119,Pulaski,549300L6SV1WXLO6BB96,,2,2,0,0.02,2,0,0,0,0,2,0,0,0,0,national
2025,AR,05119,Pulaski,549300LLESTPOVRG3X73,,2,2,0,0.02,1,0,1,0,0,1,0,1,0,0,national
2025,AR,05119,Pulaski,549300NWBS6MQJX15N44,,2,2,0,0.02,2,0,0,0,0,2,0,0,0,0,national
2025,AR,05119,Pulaski,549300PKEQ3Q9S0IXW76,UNITED FEDERAL CREDIT UNION,6,2,3,0.02,5,1,0,0,0,1,1,0,0,0,national
2025,AR,05119,Pulaski,549300Q3ROEQU3D1IW91,,59,2,55,0.02,59,0,0,0,0,2,0,0,0,0,national
2025,AR,05119,Pulaski,549300Q50XCC0473FG63,,3,2,1,0.02,3,0,0,0,0,2,0,0,0,0,national
2025,AR,05119,Pulaski,549300S8SHBRCI7UU819,,3,2,1,0.02,3,0,0,0,0,2,0,0,0,0,national
2025,AR,05119,Pulaski,549300UVOSI4XZZGUE14,,6,2,1,0.02,0,4,2,0,0,0,2,0,0,0,national
2025,AR,05119,Pulaski,549300UYF8OQLB7L7745,,2,2,0,0.02,2,0,0,0,0,2,0,0,0,0,national
2025,AR,05119,Pulaski,549300VORTI31GZTJL53,"CARDINAL FINANCIAL COMPANY, LIMITED PARTNERSHIP",8,2,2,0.02,5,3,0,0,0,2,0,0,0,0,national
2025,AR,05119,Pulaski,549300XAJENHWRM32Z86,,2,2,0,0.02,2,0,0,0,0,2,0,0,0,0,national
2025,AR,05119,Pulaski,549300XQM4M89ZBZLQ02,,2,2,0,0.02,2,0,0,0,0,2,0,0,0,0,national
2025,AR,05119,Pulaski,549300ZGTXNHL5BKQZ27,,2,2,0,0.02,1,0,1,0,0,1,0,1,0,0,national
2025,AR,05119,Pulaski,549300ZWNETGFXTBBY03,"CANOPY MORTGAGE, LLC",7,2,1,0.02,6,1,0,0,0,2,0,0,0,0,national
2025,AR,05119,Pulaski,984500CD6F0743B8F530,,4,2,1,0.02,0,0,4,0,0,0,0,2,0,0,national
2025,AR,05119,Pulaski,984500F03B9034CQB904,,11,2,4,0.02,11,0,0,0,0,2,0,0,0,0,national
2025,AR,05119,Pulaski,984500U2F9A83N391A91,"CHAMPIONS FUNDING, LLC",2,2,0,0.02,2,0,0,0,0,2,0,0,0,0,national
2025,AR,05119,Pulaski,E57ODZWZ7FF32TWEFA76,"Citibank, National Association",5,2,1,0.02,5,0,0,0,0,2,0,0,0,0,national
2025,AR,05119,Pulaski,01J4SO3XTWZF4PP38209,Trustmark Bank,4,1,1,0.01,4,0,0,0,0,1,0,0,0,0,national
2025,AR,05119,Pulaski,213800QUAI2VH5YM6310,"EMBRACE HOME LOANS, INC.",2,1,1,0.01,1,1,0,0,0,1,0,0,0,0,national
2025,AR,05119,Pulaski,25490018IFQOT83Q7H49,,1,1,0,0.01,1,0,0,0,0,1,0,0,0,0,national
2025,AR,05119,Pulaski,2549002VH9C0PKB8K153,,1,1,0,0.01,1,0,0,0,0,1,0,0,0,0,national
2025,AR,05119,Pulaski,25490046GL77VSFSYG24,Signature Bank of Arkansas,1,1,0,0.01,1,0,0,0,0,1,0,0,0,0,national
2025,AR,05119,Pulaski,2549004XJQQPBYQSMT39,,1,1,0,0.01,1,0,0,0,0,1,0,0,0,0,national
2025,AR,05119,Pulaski,2549005SIVTHG14U2905,A&D Mortgage LLC,1,1,0,0.01,1,0,0,0,0,1,0,0,0,0,national
2025,AR,05119,Pulaski,2549005Z23HAAZ6QDM98,,1,1,0,0.01,0,0,1,0,0,0,0,1,0,0,national
2025,AR,05119,Pulaski,254900BDGU9FU91PQA51,,1,1,0,0.01,1,0,0,0,0,1,0,0,0,0,national
2025,AR,05119,Pulaski,254900DSZI6CJXJL6Z14,,2,1,0,0.01,2,0,0,0,0,1,0,0,0,0,national
2025,AR,05119,Pulaski,254900F8XCJE1G9OYR92,TTCU Federal Credit Union,1,1,0,0.01,1,0,0,0,0,1,0,0,0,0,national
2025,AR,05119,Pulaski,254900H07R1I9HDMFT89,,1,1,0,0.01,1,0,0,0,0,1,0,0,0,0,national
2025,AR,05119,Pulaski,254900LTD432L5CHIZ48,,1,1,0,0.01,1,0,0,0,0,1,0,0,0,0,national
2025,AR,05119,Pulaski,254900M1AHTCIYKM7V90,,1,1,0,0.01,1,0,0,0,0,1,0,0,0,0,national
2025,AR,05119,Pulaski,254900T8N4RLS6G3BF64,,2,1,1,0.01,2,0,0,0,0,1,0,0,0,0,national
2025,AR,05119,Pulaski,254900U2ZPLWQTSD3158,,2,1,0,0.01,2,0,0,0,0,1,0,0,0,0,national
2025,AR,05119,Pulaski,254900VE4XTOQUE8NZ77,,3,1,0,0.01,3,0,0,0,0,1,0,0,0,0,national
2025,AR,05119,Pulaski,254900ZX1UPIG2E7TH11,"ASSURANCE FINANCIAL GROUP, L.L.C.",2,1,0,0.01,2,0,0,0,0,1,0,0,0,0,national
2025,AR,05119,Pulaski,5493000F6NFDOVVZP043,,1,1,0,0.01,0,1,0,0,0,0,1,0,0,0,national
2025,AR,05119,Pulaski,5493000IIYWBLONJVJ30,,2,1,0,0.01,2,0,0,0,0,1,0,0,0,0,national
2025,AR,05119,Pulaski,5493001JT9MT3Z3Y3M39,,1,1,0,0.01,1,0,0,0,0,1,0,0,0,0,national
2025,AR,05119,Pulaski,54930020YWIK7HGH2R34,,1,1,0,0.01,0,1,0,0,0,0,1,0,0,0,national
2025,AR,05119,Pulaski,5493002RF1ERFA2XR050,Renasant Bank,2,1,0,0.01,1,1,0,0,0,1,0,0,0,0,national
2025,AR,05119,Pulaski,54930047YAX7UHRKN043,,2,1,0,0.01,2,0,0,0,0,1,0,0,0,0,national
2025,AR,05119,Pulaski,5493004OB0KD7VERQW98,,1,1,0,0.01,0,1,0,0,0,0,1,0,0,0,national
2025,AR,05119,Pulaski,5493004R423PBPM6A173,,1,1,0,0.01,0,1,0,0,0,0,1,0,0,0,national
2025,AR,05119,Pulaski,5493004T9SQFCNRQ2L76,,1,1,0,0.01,0,0,1,0,0,0,0,1,0,0,national
2025,AR,05119,Pulaski,5493005CFFMKTUKLO381,,1,1,0,0.01,1,0,0,0,0,1,0,0,0,0,national
2025,AR,05119,Pulaski,5493005QK4NV0ZZ5EM64,Community Bank of Mississippi,1,1,0,0.01,1,0,0,0,0,1,0,0,0,0,national
2025,AR,05119,Pulaski,54930067KY3OO1D8HC58,ASSOCIATED MORTGAGE CORPORATION,1,1,0,0.01,0,1,0,0,0,0,1,0,0,0,national
2025,AR,05119,Pulaski,5493006P5IHSK77SZ855,,1,1,0,0.01,0,0,1,0,0,0,0,1,0,0,national
2025,AR,05119,Pulaski,549300748YYU6VG08N83,"Loan Simple, Inc.",1,1,0,0.01,0,1,0,0,0,0,1,0,0,0,national
2025,AR,05119,Pulaski,5493008RSN6F31BTGT93,Gulf Coast Bank and Trust Company,2,1,0,0.01,2,0,0,0,0,1,0,0,0,0,national
2025,AR,05119,Pulaski,549300A0SVCQJPHVGV20,ALTRA Federal Credit Union,1,1,0,0.01,1,0,0,0,0,1,0,0,0,0,national
2025,AR,05119,Pulaski,549300BBKMRS6J0CB539,,1,1,0,0.01,0,1,0,0,0,0,1,0,0,0,national
2025,AR,05119,Pulaski,549300C04BJ0G297NC13,,2,1,0,0.01,2,0,0,0,0,1,0,0,0,0,national
2025,AR,05119,Pulaski,549300CDOC4F7XSRG390,Pinnacle Bank,2,1,0,0.01,2,0,0,0,0,1,0,0,0,0,national
2025,AR,05119,Pulaski,549300CRSE0TY73U6X46,,1,1,0,0.01,0,1,0,0,0,0,1,0,0,0,national
2025,AR,05119,Pulaski,549300DMHEHNYZ2OLB41,First United Bank and Trust Company,2,1,0,0.01,2,0,0,0,0,1,0,0,0,0,national
2025,AR,05119,Pulaski,549300DNP4W96HB6LV07,,1,1,0,0.01,1,0,0,0,0,1,0,0,0,0,national
2025,AR,05119,Pulaski,549300DQLGJ1YQRRHH73,,1,1,0,0.01,1,0,0,0,0,1,0,0,0,0,national
2025,AR,05119,Pulaski,549300EFCZM6KD6B8K69,MORTGAGE ACCESS CORP.,2,1,0,0.01,2,0,0,0,0,1,0,0,0,0,national
2025,AR,05119,Pulaski,549300EMNDEK4BA8WB53,EMM LOANS LLC,1,1,0,0.01,0,1,0,0,0,0,1,0,0,0,national
2025,AR,05119,Pulaski,549300F04B6FGYBJY412,First State Community Bank,1,1,0,0.01,1,0,0,0,0,1,0,0,0,0,national
2025,AR,05119,Pulaski,549300FVD3YHE65PKH97,,1,1,0,0.01,0,1,0,0,0,0,1,0,0,0,national
2025,AR,05119,Pulaski,549300GN85R5S1V3SJ96,,1,1,0,0.01,1,0,0,0,0,1,0,0,0,0,national
2025,AR,05119,Pulaski,549300GRGZDEH4ZGQS06,WATERSTONE MORTGAGE CORPORATION,1,1,0,0.01,1,0,0,0,0,1,0,0,0,0,national
2025,AR,05119,Pulaski,549300GWD9H4FQ2VR805,,2,1,0,0.01,2,0,0,0,0,1,0,0,0,0,national
2025,AR,05119,Pulaski,549300GYK7N8U42X9587,,1,1,0,0.01,1,0,0,0,0,1,0,0,0,0,national
2025,AR,05119,Pulaski,549300HINJH60UG3KG47,,1,1,0,0.01,1,0,0,0,0,1,0,0,0,0,national
2025,AR,05119,Pulaski,549300HTRLFU2IIL4380,,16,1,8,0.01,16,0,0,0,0,1,0,0,0,0,national
2025,AR,05119,Pulaski,549300ID4RCRD8BXYH30,,3,1,0,0.01,0,2,1,0,0,0,1,0,0,0,national
2025,AR,05119,Pulaski,549300ISCZS1R0CJMO47,,1,1,0,0.01,1,0,0,0,0,1,0,0,0,0,national
2025,AR,05119,Pulaski,549300IVURCTJ6QVMD67,,2,1,0,0.01,0,0,2,0,0,0,0,1,0,0,national
2025,AR,05119,Pulaski,549300J6N77Q8OHYNF23,,1,1,0,0.01,0,1,0,0,0,0,1,0,0,0,national
2025,AR,05119,Pulaski,549300JE6M4A1G4LPS75,,1,1,0,0.01,1,0,0,0,0,1,0,0,0,0,national
2025,AR,05119,Pulaski,549300JGK6WNKYXQ0821,,1,1,0,0.01,1,0,0,0,0,1,0,0,0,0,national
2025,AR,05119,Pulaski,549300JGMQJ4R419LR70,,2,1,0,0.01,1,1,0,0,0,1,0,0,0,0,national
2025,AR,05119,Pulaski,549300K2JM6ID3V5LO24,,1,1,0,0.01,1,0,0,0,0,1,0,0,0,0,national
2025,AR,05119,Pulaski,549300KJ8PAJ7E52HG32,Plains Commerce Bank,2,1,0,0.01,2,0,0,0,0,1,0,0,0,0,national
2025,AR,05119,Pulaski,549300KPBZCTMM3Y0061,,1,1,0,0.01,1,0,0,0,0,1,0,0,0,0,national
2025,AR,05119,Pulaski,549300KPHGEE40YQXO21,,2,1,1,0.01,2,0,0,0,0,1,0,0,0,0,national
2025,AR,05119,Pulaski,549300KW3HYVC06WS898,,1,1,0,0.01,1,0,0,0,0,1,0,0,0,0,national
2025,AR,05119,Pulaski,549300LAQ3M8E5I08F43,,2,1,0,0.01,2,0,0,0,0,1,0,0,0,0,national
2025,AR,05119,Pulaski,549300LUF8JLB9HKT321,,1,1,0,0.01,1,0,0,0,0,1,0,0,0,0,national
2025,AR,05119,Pulaski,549300LZUXCJFE5ONM48,,1,1,0,0.01,0,1,0,0,0,0,1,0,0,0,national
2025,AR,05119,Pulaski,549300MCPCNPQAOB4032,GMFS LLC,1,1,0,0.01,0,1,0,0,0,0,1,0,0,0,national
2025,AR,05119,Pulaski,549300MU2YI0HXIT3257,,1,1,0,0.01,1,0,0,0,0,1,0,0,0,0,national
2025,AR,05119,Pulaski,549300MUXFVZKH4XLG17,,1,1,0,0.01,1,0,0,0,0,1,0,0,0,0,national
2025,AR,05119,Pulaski,549300MVSM4XYFQL3X62,BARKSDALE,2,1,1,0.01,2,0,0,0,0,1,0,0,0,0,national
2025,AR,05119,Pulaski,549300N3JBQ15RQ7AV97,,2,1,1,0.01,1,1,0,0,0,1,0,0,0,0,national
2025,AR,05119,Pulaski,549300NFPC3Y4W3Y7R87,,1,1,0,0.01,0,1,0,0,0,0,1,0,0,0,national
2025,AR,05119,Pulaski,549300NN0PRX3I4QGG46,,3,1,0,0.01,0,0,3,0,0,0,0,1,0,0,national
2025,AR,05119,Pulaski,549300O2D8BPO6PJRB90,Armstrong Bank,1,1,0,0.01,1,0,0,0,0,1,0,0,0,0,national
2025,AR,05119,Pulaski,549300O5WDIJU8S7OI05,"Stride Bank, National Association",1,1,0,0.01,0,0,1,0,0,0,0,1,0,0,national
2025,AR,05119,Pulaski,549300OGIGNKGO2DX942,,1,1,0,0.01,1,0,0,0,0,1,0,0,0,0,national
2025,AR,05119,Pulaski,549300OHLAHJ10DFF198,,1,1,0,0.01,1,0,0,0,0,1,0,0,0,0,national
2025,AR,05119,Pulaski,549300OR2C7AGDZFTS24,,1,1,0,0.01,1,0,0,0,0,1,0,0,0,0,national
2025,AR,05119,Pulaski,549300OYEKEORA1GI088,,1,1,0,0.01,0,0,1,0,0,0,0,1,0,0,national
2025,AR,05119,Pulaski,549300PQLK8E48ILXV41,,2,1,0,0.01,2,0,0,0,0,1,0,0,0,0,national
2025,AR,05119,Pulaski,549300Q6YL1SFVPEGV90,,1,1,0,0.01,0,0,1,0,0,0,0,1,0,0,national
2025,AR,05119,Pulaski,549300QIUZLVR1OLDH55,Genisys Credit Union,1,1,0,0.01,1,0,0,0,0,1,0,0,0,0,national
2025,AR,05119,Pulaski,549300QURAICH2YGJV94,,1,1,0,0.01,1,0,0,0,0,1,0,0,0,0,national
2025,AR,05119,Pulaski,549300QWJ3UDIX8KBP64,,1,1,0,0.01,1,0,0,0,0,1,0,0,0,0,national
2025,AR,05119,Pulaski,549300R77W0P105C3S50,HOMEXPRESS MORTGAGE CORP.,6,1,5,0.01,6,0,0,0,0,1,0,0,0,0,national
2025,AR,05119,Pulaski,549300RA3E0BUFO7YZ21,"Hometown Equity Mortgage, LLC",3,1,2,0.01,3,0,0,0,0,1,0,0,0,0,national
2025,AR,05119,Pulaski,549300RYBJHWWDENV610,Alcova Mortgage LLC,1,1,0,0.01,1,0,0,0,0,1,0,0,0,0,national
2025,AR,05119,Pulaski,549300RYTR2RVL4SFJ90,,1,1,0,0.01,1,0,0,0,0,1,0,0,0,0,national
2025,AR,05119,Pulaski,549300S5FVOSK5DQJN30,INTERCAP LENDING INC.,1,1,0,0.01,1,0,0,0,0,1,0,0,0,0,national
2025,AR,05119,Pulaski,549300S5YL3OH0IVCS62,FINANCE OF AMERICA REVERSE LLC,4,1,0,0.01,0,4,0,0,0,0,1,0,0,0,national
2025,AR,05119,Pulaski,549300T1KLQQ7B84EZ41,,1,1,0,0.01,1,0,0,0,0,1,0,0,0,0,national
2025,AR,05119,Pulaski,549300T3F9S1MKFKHC53,HOMESTEAD FUNDING CORP.,1,1,0,0.01,1,0,0,0,0,1,0,0,0,0,national
2025,AR,05119,Pulaski,549300TK6RZQSFXZHV09,,1,1,0,0.01,0,1,0,0,0,0,1,0,0,0,national
2025,AR,05119,Pulaski,549300UT4EN6IH579Q63,,1,1,0,0.01,0,1,0,0,0,0,1,0,0,0,national
2025,AR,05119,Pulaski,549300UXY7OP0IC38293,Northpointe Bank,1,1,0,0.01,1,0,0,0,0,1,0,0,0,0,national
2025,AR,05119,Pulaski,549300VHBALPLHRR4080,,3,1,1,0.01,3,0,0,0,0,1,0,0,0,0,national
2025,AR,05119,Pulaski,549300W45D2J6BT4LX65,,1,1,0,0.01,1,0,0,0,0,1,0,0,0,0,national
2025,AR,05119,Pulaski,549300WYBPIWKK6SQC06,Bell Bank,3,1,0,0.01,0,0,3,0,0,0,0,1,0,0,national
2025,AR,05119,Pulaski,549300XCVBRR56D08F03,,14,1,0,0.01,7,6,1,0,0,0,1,0,0,0,national
2025,AR,05119,Pulaski,549300XWUSRVVOHPRY47,Academy Mortgage Corporation,6,1,0,0.01,4,2,0,0,0,1,0,0,0,0,national
2025,AR,05119,Pulaski,549300YHSRT5YOR5W454,,1,1,0,0.01,1,0,0,0,0,1,0,0,0,0,national
2025,AR,05119,Pulaski,549300YR7U7TZTQ1GH77,,1,1,0,0.01,1,0,0,0,0,1,0,0,0,0,national
2025,AR,05119,Pulaski,549300ZIXM1VUXPG4D03,,2,1,0,0.01,2,0,0,0,0,1,0,0,0,0,national
2025,AR,05119,Pulaski,593C3GZG957YOJPS2Z63,,1,1,0,0.01,1,0,0,0,0,1,0,0,0,0,national
2025,AR,05119,Pulaski,7DMUJTL9FFTVIAG9H788,Commerce Bank,1,1,0,0.01,1,0,0,0,0,1,0,0,0,0,national
2025,AR,05119,Pulaski,875500CPQ9Z7QEFE5G90,,1,1,0,0.01,1,0,0,0,0,1,0,0,0,0,national
2025,AR,05119,Pulaski,98450087981AP406JG03,,1,1,0,0.01,1,0,0,0,0,1,0,0,0,0,national
2025,AR,05119,Pulaski,D8RBTOL3JO2Q6IEO0F34,Origin Bank,1,1,0,0.01,1,0,0,0,0,1,0,0,0,0,national
2025,AR,05119,Pulaski,PS6WLKTYGZOKK05G5O59,,1,1,0,0.01,1,0,0,0,0,1,0,0,0,0,national
2025,AR,05119,Pulaski,QFROUN1UWUYU0DVIWD51,"Eagle Home Mortgage, LLC",1,1,0,0.01,1,0,0,0,0,1,0,0,0,0,national
2025,AR,05119,Pulaski,QGPGHQ1ENZOOLJRFTH41,"WesBanco Bank, Inc.",1,1,0,0.01,1,0,0,0,0,1,0,0,0,0,national
2025,AR,05119,Pulaski,RA4FKR1AA05ZK88M8034,,1,1,0,0.01,1,0,0,0,0,1,0,0,0,0,national
2025,AR,05119,Pulaski,SS1TRMSN6BRNMOREEV51,"Flagstar Bank, National Association",2,1,1,0.01,1,0,1,0,0,1,0,0,0,0,national
2025,AR,05119,Pulaski,WWB2V0FCW3A0EE3ZJN75,Manufacturers and Traders Trust Company,5,1,1,0.01,3,2,0,0,0,1,0,0,0,0,national
2025,AR,05119,Pulaski,254900O723MCLR701H50,,9,0,8,0.0,9,0,0,0,0,0,0,0,0,0,national
2025,AR,05119,Pulaski,254900TTZ395IC926125,,7,0,0,0.0,7,0,0,0,0,0,0,0,0,0,national
2025,AR,05119,Pulaski,5493008ZTV4S0W9DCX64,,8,0,4,0.0,4,4,0,0,0,0,0,0,0,0,national
2025,AR,05119,Pulaski,549300XRF9LCZ3RX3Q39,,7,0,6,0.0,1,1,5,0,0,0,0,0,0,0,national
2025,AR,05125,Saline,549300DG3IV05V4C4E03,EUSTIS MORTGAGE CORPORATION,286,245,1,6.87,144,107,30,5,0,125,91,25,4,0,national
2025,AR,05125,Saline,549300HIKKZQ0TVJWA08,ARKANSAS FEDERAL CREDIT UNION,404,236,88,6.62,401,0,3,0,0,233,0,3,0,0,national
2025,AR,05125,Saline,COINQMNIM6RBU631DD85,Arvest Bank,326,226,45,6.34,275,38,10,3,0,192,24,7,3,0,national
2025,AR,05125,Saline,2549007JQKHU8KQ0FC19,"FIRSTTRUST HOME LOANS, INC.",251,213,1,5.97,119,83,26,23,0,99,70,22,22,0,national
2025,AR,05125,Saline,549300FGXN1K3HLB1R50,"Rocket Mortgage, LLC",269,194,46,5.44,175,65,29,0,0,129,44,21,0,0,national
2025,AR,05125,Saline,549300QFP6J5QSZVF805,Eagle Bank and Trust Company,178,142,9,3.98,98,56,18,6,0,78,47,13,4,0,national
2025,AR,05125,Saline,549300HW662MN1WU8550,"United Wholesale Mortgage, LLC",152,119,16,3.34,52,41,55,4,0,46,28,43,2,0,national
2025,AR,05125,Saline,254900561K135J92VD38,First Security Bank,140,118,12,3.31,139,0,1,0,0,117,0,1,0,0,national
2025,AR,05125,Saline,549300XY701IELCE5Q08,BETTER MORTGAGE CORPORATION,118,79,23,2.22,73,31,14,0,0,49,23,7,0,0,national
2025,AR,05125,Saline,RVDPPPGHCGZ40J4VQ731,"PENNYMAC LOAN SERVICES, LLC",130,72,15,2.02,65,40,24,1,0,43,18,11,0,0,national
2025,AR,05125,Saline,549300DD5QQUHO6PCH70,"MORTGAGE RESEARCH CENTER, LLC",145,69,21,1.93,4,5,134,2,0,3,4,61,1,0,national
2025,AR,05125,Saline,EQTWLK1G7ODGC2MGLV11,Regions Bank,144,62,56,1.74,123,14,6,1,0,54,5,3,0,0,national
2025,AR,05125,Saline,549300LXKO1O7CSK5J52,"FLAT BRANCH MORTGAGE, INC.",75,59,0,1.65,33,32,6,4,0,28,23,4,4,0,national
2025,AR,05125,Saline,6BYL5QZYBDK8S7L73M02,U.S. Bank National Association,92,55,25,1.54,86,4,2,0,0,49,4,2,0,0,national
2025,AR,05125,Saline,COOWI3L2W9TPYR3WJX37,First Horizon Bank,77,55,11,1.54,59,8,6,4,0,43,7,3,2,0,national
2025,AR,05125,Saline,549300VYK2WBD7SST478,Bank OZK,123,51,45,1.43,116,6,1,0,0,47,3,1,0,0,national
2025,AR,05125,Saline,549300DPRWSBUY619V27,Simmons Bank,83,50,20,1.4,71,11,1,0,0,43,6,1,0,0,national
2025,AR,05125,Saline,549300LYRWPSYPK6S325,FREEDOM MORTGAGE CORPORATION,126,50,14,1.4,5,54,67,0,0,3,16,31,0,0,national
2025,AR,05125,Saline,5493001SXWZ4OFP8Z903,"DHI MORTGAGE COMPANY, LTD.",79,47,7,1.32,25,31,18,5,0,15,18,12,2,0,national
2025,AR,05125,Saline,549300MGPZBLQDIL7538,FAIRWAY INDEPENDENT MORTGAGE CORPORATION,62,42,4,1.18,28,22,9,3,0,19,14,8,1,0,national
2025,AR,05125,Saline,5493000JFVFQFL816N45,ENCORE BANK,52,41,2,1.15,42,6,4,0,0,34,4,3,0,0,national
2025,AR,05125,Saline,549300H3IZO24NSOO931,"LENNAR MORTGAGE, LLC",47,41,4,1.15,10,23,4,10,0,10,19,4,8,0,national
2025,AR,05125,Saline,549300IJ8KTGYPKLXK63,,42,36,0,1.01,18,19,4,1,0,16,15,4,1,0,national
2025,AR,05125,Saline,5493001GDRY0EL7VG372,"ARK-LA-TEX FINANCIAL SERVICES, LLC.",50,33,0,0.93,38,7,4,1,0,23,7,3,0,0,national
2025,AR,05125,Saline,5493007ASPHNTEYEZ797,,33,33,0,0.93,2,19,5,7,0,2,19,5,7,0,national
2025,AR,05125,Saline,549300IEIM2IT5YK4368,First Community Bank,40,33,1,0.93,24,13,3,0,0,21,9,3,0,0,national
2025,AR,05125,Saline,549300AQ3T62GXDU7D76,GUILD MORTGAGE COMPANY LLC,45,32,6,0.9,25,14,4,2,0,18,9,3,2,0,national
2025,AR,05125,Saline,549300VZVN841I2ILS84,"CROSSCOUNTRY MORTGAGE, LLC",50,32,4,0.9,23,22,5,0,0,13,17,2,0,0,national
2025,AR,05125,Saline,549300S8CJG5MSY8BH57,,40,31,2,0.87,22,10,8,0,0,19,7,5,0,0,national
2025,AR,05125,Saline,549300GTVXJ2PGXNLM73,T2 FINANCIAL LLC,36,28,1,0.79,16,13,6,1,0,13,10,4,1,0,national
2025,AR,05125,Saline,549300LBCBNR1OT00651,NATIONSTAR MORTGAGE LLC,39,28,6,0.79,27,7,5,0,0,20,5,3,0,0,national
2025,AR,05125,Saline,5493000YNV8IX4VD3X12,"VANDERBILT MORTGAGE AND FINANCE, INC.",296,25,121,0.7,296,0,0,0,0,25,0,0,0,0,national
2025,AR,05125,Saline,Q7C315HKI8VX0SSKBS64,Cadence Bank,39,25,7,0.7,36,3,0,0,0,24,1,0,0,0,national
2025,AR,05125,Saline,5493003GQDUH26DNNH17,Navy Federal Credit Union,64,24,11,0.67,43,0,21,0,0,17,0,7,0,0,national
2025,AR,05125,Saline,549300AG64NHILB7ZP05,"LOANDEPOT.COM, LLC",39,22,12,0.62,22,11,6,0,0,11,6,5,0,0,national
2025,AR,05125,Saline,549300RN01LBYR8ZVX74,"LOWER, LLC",24,22,0,0.62,16,2,4,2,0,15,2,3,2,0,national
2025,AR,05125,Saline,549300BEFX6JRSCS5N78,Centennial Bank,40,21,12,0.59,29,10,1,0,0,15,5,1,0,0,national
2025,AR,05125,Saline,549300DMYENRV818D594,,26,21,0,0.59,17,7,2,0,0,16,4,1,0,0,national
2025,AR,05125,Saline,549300E2UX99HKDBR481,"NEW AMERICAN FUNDING, LLC",54,20,3,0.56,20,27,7,0,0,12,7,1,0,0,national
2025,AR,05125,Saline,549300FNXYY540N23N64,Newrez LLC,63,20,14,0.56,28,15,20,0,0,7,3,10,0,0,national
2025,AR,05125,Saline,549300GY4NTTEM7WWB64,,26,20,1,0.56,14,10,2,0,0,13,6,1,0,0,national
2025,AR,05125,Saline,B4TYDEB6GKMZO031MB27,"Bank of America, National Association",39,19,13,0.53,38,1,0,0,0,19,0,0,0,0,national
2025,AR,05125,Saline,549300W6GQTN13GWDQ17,,21,18,2,0.5,21,0,0,0,0,18,0,0,0,0,national
2025,AR,05125,Saline,549300XQVJ1XBNFA5536,21ST MORTGAGE CORPORATION,105,18,43,0.5,105,0,0,0,0,18,0,0,0,0,national
2025,AR,05125,Saline,549300YIQ7S7Z8PIHE53,AMERISAVE MORTGAGE CORPORATION,56,18,31,0.5,33,15,8,0,0,12,5,1,0,0,national
2025,AR,05125,Saline,549300KHXD7JSQUZIJ22,"HIGHLANDS RESIDENTIAL MORTGAGE, LTD.",19,16,0,0.45,8,8,2,1,0,6,7,2,1,0,national
2025,AR,05125,Saline,549300UMOKQUJLI81448,,16,16,0,0.45,16,0,0,0,0,16,0,0,0,0,national
2025,AR,05125,Saline,549300W2LKZKSX67ZU02,,17,16,0,0.45,17,0,0,0,0,16,0,0,0,0,national
2025,AR,05125,Saline,7H6GLXDRUGQFU57RNE97,"JPMorgan Chase Bank, National Association",20,16,2,0.45,18,2,0,0,0,16,0,0,0,0,national
2025,AR,05125,Saline,C5654JQHZUHN0772B561,USAA Federal Savings Bank,25,16,4,0.45,7,0,18,0,0,5,0,11,0,0,national
2025,AR,05125,Saline,5493001GCBD5XGNIC815,Coastal Community Bank,53,15,3,0.42,53,0,0,0,0,15,0,0,0,0,national
2025,AR,05125,Saline,54930052M48FOD3CWA54,"PRIMARY RESIDENTIAL MORTGAGE, INC.",23,15,3,0.42,7,9,3,4,0,4,6,2,3,0,national
2025,AR,05125,Saline,549300R0SXC1JU7ZU290,"FIRST COMMUNITY MORTGAGE, INC.",17,15,1,0.42,10,2,3,2,0,10,2,2,1,0,national
2025,AR,05125,Saline,5493009I5VHHGVFQ1O54,,14,14,0,0.39,14,0,0,0,0,14,0,0,0,0,national
2025,AR,05125,Saline,549300R9S3MVDV4MGF56,"CARRINGTON MORTGAGE SERVICES, LLC",36,14,14,0.39,10,21,5,0,0,3,7,4,0,0,national
2025,AR,05125,Saline,25490066WMF8ZMQXQB18,"Lendage, LLC",15,13,0,0.36,15,0,0,0,0,13,0,0,0,0,national
2025,AR,05125,Saline,KB1H1DSPRFMYMCUFXT09,"Wells Fargo Bank, National Association",18,13,0,0.36,13,3,2,0,0,9,2,2,0,0,national
2025,AR,05125,Saline,254900DTLHVWQ7NP7R34,"CMG Mortgage, Inc.",14,12,0,0.34,14,0,0,0,0,12,0,0,0,0,national
2025,AR,05125,Saline,254900UL88QFG0E40516,FIGURE LENDING LLC,29,12,9,0.34,29,0,0,0,0,12,0,0,0,0,national
2025,AR,05125,Saline,549300SUCQ1358EGVE89,"NEW DAY FINANCIAL, LLC",43,12,4,0.34,0,3,40,0,0,0,0,12,0,0,national
2025,AR,05125,Saline,5493009F6BJDCZMZ7Y26,,15,11,0,0.31,9,5,1,0,0,7,3,1,0,0,national
2025,AR,05125,Saline,54930054ET8KM4O1D485,"SOFI BANK, NATIONAL ASSOCIATION",20,10,3,0.28,19,1,0,0,0,9,1,0,0,0,national
2025,AR,05125,Saline,549300JQEF6V2RNWCC75,Southern Bancorp Bank,14,10,0,0.28,11,2,0,1,0,8,2,0,0,0,national
2025,AR,05125,Saline,549300OPCWU6E72WUT29,"MUTUAL OF OMAHA MORTGAGE, INC.",15,10,3,0.28,3,11,1,0,0,3,7,0,0,0,national
2025,AR,05125,Saline,549300RPOGWJRH63HS39,UNION HOME MORTGAGE CORP.,30,10,3,0.28,15,8,4,3,0,6,2,1,1,0,national
2025,AR,05125,Saline,549300Y4CEEGC4KCFI45,,14,10,1,0.28,12,1,0,1,0,8,1,0,1,0,national
2025,AR,05125,Saline,5493000A2XS66AH5XM81,,11,9,0,0.25,11,0,0,0,0,9,0,0,0,0,national
2025,AR,05125,Saline,54930049L5WINET09Q97,"CLICK N' CLOSE, INC.",16,9,2,0.25,8,7,0,1,0,4,4,0,1,0,national
2025,AR,05125,Saline,549300CB67L6KPJLHE19,"TRIAD FINANCIAL SERVICES, INC.",102,9,47,0.25,102,0,0,0,0,9,0,0,0,0,national
2025,AR,05125,Saline,549300MCPCNPQAOB4032,GMFS LLC,12,9,0,0.25,8,1,1,2,0,6,1,0,2,0,national
2025,AR,05125,Saline,549300RP4LE08QWSLQ50,,11,9,1,0.25,11,0,0,0,0,9,0,0,0,0,national
2025,AR,05125,Saline,254900HA4DQWAE0W3342,"AMERIHOME MORTGAGE COMPANY, LLC",18,8,2,0.22,0,17,1,0,0,0,7,1,0,0,national
2025,AR,05125,Saline,5493005PD34O8ZT7QT17,,8,8,0,0.22,8,0,0,0,0,8,0,0,0,0,national
2025,AR,05125,Saline,549300AENO88GEUWCZ39,,11,8,0,0.22,6,3,1,1,0,4,2,1,1,0,national
2025,AR,05125,Saline,549300MCIFZSDHUT8X63,"NFM, INC.",9,8,1,0.22,1,6,1,1,0,1,5,1,1,0,national
2025,AR,05125,Saline,549300U3721PJGQZYY68,"GUARANTEED RATE, INC.",21,8,1,0.22,14,5,2,0,0,5,1,2,0,0,national
2025,AR,05125,Saline,213800XR2TCBQJSF1X93,,10,7,1,0.2,1,0,9,0,0,1,0,6,0,0,national
2025,AR,05125,Saline,54930021WPEXNHYZUL09,"PLANET HOME LENDING, LLC",10,7,3,0.2,0,4,6,0,0,0,3,4,0,0,national
2025,AR,05125,Saline,5493004AS1SPBQOFDR49,"Change Lending, LLC",11,7,0,0.2,11,0,0,0,0,7,0,0,0,0,national
2025,AR,05125,Saline,549300FX7K8PTEQUU487,PENTAGON FEDERAL CREDIT UNION,7,7,0,0.2,6,0,1,0,0,6,0,1,0,0,national
2025,AR,05125,Saline,549300PIL8LFAQ04XC20,Better Mortgage Corporation,33,7,18,0.2,33,0,0,0,0,7,0,0,0,0,national
2025,AR,05125,Saline,549300REENMLD2RN3W58,"Magnolia Bank, Incorporated",8,7,0,0.2,4,2,2,0,0,3,2,2,0,0,national
2025,AR,05125,Saline,549300VCMRO4ST680C11,VILLAGE CAPITAL & INVESTMENT LLC,17,7,5,0.2,0,7,10,0,0,0,1,6,0,0,national
2025,AR,05125,Saline,54930034MNPILHP25H80,Gateway First Bank,6,6,0,0.17,5,1,0,0,0,5,1,0,0,0,national
2025,AR,05125,Saline,5493003V40VGM7YDFM54,FIRST COLONY MORTGAGE CORPORATION,6,6,0,0.17,6,0,0,0,0,6,0,0,0,0,national
2025,AR,05125,Saline,5493005PKOSG7MYX0B34,"Prosperity Home Mortgage, LLC",11,6,2,0.17,0,5,6,0,0,0,4,2,0,0,national
2025,AR,05125,Saline,5493008ETVHBTJEF0O91,,6,6,0,0.17,6,0,0,0,0,6,0,0,0,0,national
2025,AR,05125,Saline,549300BX448ALT10FI43,The Federal Savings Bank,12,6,1,0.17,1,1,10,0,0,1,0,5,0,0,national
2025,AR,05125,Saline,549300QR0KFPEDZPEI42,STOCKTON MORTGAGE CORPORATION,10,6,1,0.17,2,6,2,0,0,0,4,2,0,0,national
2025,AR,05125,Saline,PAOOWF3GUFM46FBSP561,,11,6,1,0.17,4,6,1,0,0,2,4,0,0,0,national
2025,AR,05125,Saline,549300249G20MDIDRR27,,30,5,6,0.14,26,4,0,0,0,4,1,0,0,0,national
2025,AR,05125,Saline,549300G5DVGM0ZHRQC33,,6,5,1,0.14,0,0,6,0,0,0,0,5,0,0,national
2025,AR,05125,Saline,549300GCILEV6KJUST91,,8,5,0,0.14,8,0,0,0,0,5,0,0,0,0,national
2025,AR,05125,Saline,549300PBTV7FCWLSMM53,,13,5,2,0.14,0,1,12,0,0,0,1,4,0,0,national
2025,AR,05125,Saline,549300XWUSRVVOHPRY47,Academy Mortgage Corporation,7,5,0,0.14,4,3,0,0,0,3,2,0,0,0,national
2025,AR,05125,Saline,549300YW2UBCMDRMBT48,,7,5,0,0.14,3,3,1,0,0,3,1,1,0,0,national
2025,AR,05125,Saline,JJKC32MCHWDI71265Z06,Truist Bank,8,5,3,0.14,8,0,0,0,0,5,0,0,0,0,national
2025,AR,05125,Saline,254900NWDFXM54GX9625,,4,4,0,0.11,4,0,0,0,0,4,0,0,0,0,national
2025,AR,05125,Saline,5493006RIR31ORKYB608,,4,4,0,0.11,4,0,0,0,0,4,0,0,0,0,national
2025,AR,05125,Saline,549300DRA4BDXW23LD45,,5,4,0,0.11,5,0,0,0,0,4,0,0,0,0,national
2025,AR,05125,Saline,549300K4ZLGS7SRDTL86,Equity Prime Mortgage LLC,16,4,2,0.11,0,7,9,0,0,0,1,3,0,0,national
2025,AR,05125,Saline,549300T7HRS5DVBUPQ06,,5,4,0,0.11,2,2,1,0,0,1,2,1,0,0,national
2025,AR,05125,Saline,549300UYF8OQLB7L7745,,4,4,0,0.11,3,0,1,0,0,3,0,1,0,0,national
2025,AR,05125,Saline,549300VORTI31GZTJL53,"CARDINAL FINANCIAL COMPANY, LIMITED PARTNERSHIP",4,4,0,0.11,2,2,0,0,0,2,2,0,0,0,national
2025,AR,05125,Saline,DRMSV1Q0EKMEXLAU1P80,"Citizens Bank, National Association",10,4,4,0.11,9,1,0,0,0,4,0,0,0,0,national
2025,AR,05125,Saline,254900378RFGMBEKAF12,Empeople Credit Union,3,3,0,0.08,3,0,0,0,0,3,0,0,0,0,national
2025,AR,05125,Saline,254900CNZPI5WN45KW48,First Financial Bank,3,3,0,0.08,1,1,0,1,0,1,1,0,1,0,national
2025,AR,05125,Saline,254900HEJ9F73IMPX887,,4,3,0,0.08,4,0,0,0,0,3,0,0,0,0,national
2025,AR,05125,Saline,254900ZFWS2106HWPH46,"PARAMOUNT RESIDENTIAL MORTGAGE GROUP, INC.",3,3,0,0.08,1,1,1,0,0,1,1,1,0,0,national
2025,AR,05125,Saline,5493002B2WMHY23GFK92,"AMERICAN FINANCIAL RESOURCES, INC.",4,3,0,0.08,0,1,3,0,0,0,1,2,0,0,national
2025,AR,05125,Saline,549300370QILXLFUWD20,"ZILLOW HOME LOANS, LLC",7,3,1,0.08,5,2,0,0,0,2,1,0,0,0,national
2025,AR,05125,Saline,5493006VAGP3GQ8FJT49,"Kiavi Funding, Inc.",26,3,0,0.08,26,0,0,0,0,3,0,0,0,0,national
2025,AR,05125,Saline,549300CUUEEQ66ZVK149,,4,3,0,0.08,0,3,1,0,0,0,2,1,0,0,national
2025,AR,05125,Saline,549300EF3CM0UIOIS476,,6,3,2,0.08,5,1,0,0,0,3,0,0,0,0,national
2025,AR,05125,Saline,549300LAQ3M8E5I08F43,,5,3,1,0.08,5,0,0,0,0,3,0,0,0,0,national
2025,AR,05125,Saline,549300LP3GMTWS4OB353,,4,3,0,0.08,0,4,0,0,0,0,3,0,0,0,national
2025,AR,05125,Saline,549300NB3SBC1KHAWB92,GERSHMAN INVESTMENT CORP.,6,3,2,0.08,5,0,0,1,0,3,0,0,0,0,national
2025,AR,05125,Saline,549300NOCASXPA34X033,"LAKEVIEW LOAN SERVICING, LLC",14,3,7,0.08,5,8,1,0,0,1,2,0,0,0,national
2025,AR,05125,Saline,549300RFLICNI75BG067,Luminate Bank,4,3,0,0.08,0,2,2,0,0,0,2,1,0,0,national
2025,AR,05125,Saline,549300SK2GVCQXPD4S58,"SUN WEST MORTGAGE COMPANY, INC.",5,3,1,0.08,0,3,2,0,0,0,1,2,0,0,national
2025,AR,05125,Saline,549300UG7QXKM7KGV847,,3,3,0,0.08,3,0,0,0,0,3,0,0,0,0,national
2025,AR,05125,Saline,549300Y5Y88FQLI7VE83,DEEPHAVEN MORTGAGE LLC,14,3,10,0.08,14,0,0,0,0,3,0,0,0,0,national
2025,AR,05125,Saline,549300YN94MOAVYW0F52,"GoodLeap, LLC",10,3,3,0.08,4,3,3,0,0,1,2,0,0,0,national
2025,AR,05125,Saline,549300ZZME37MXI1EF14,"DAS ACQUISITION COMPANY, LLC",4,3,0,0.08,3,0,0,1,0,2,0,0,1,0,national
2025,AR,05125,Saline,CKVBED0S4DMLKJJ5XH28,Stifel Bank and Trust,3,3,0,0.08,3,0,0,0,0,3,0,0,0,0,national
2025,AR,05125,Saline,X05BVSK68TQ7YTOSNR22,Discover Bank,25,3,15,0.08,25,0,0,0,0,3,0,0,0,0,national
2025,AR,05125,Saline,54930030Z1JWTP3SVD16,,4,2,0,0.06,2,2,0,0,0,1,1,0,0,0,national
2025,AR,05125,Saline,54930039OWZFM2IGRN69,,2,2,0,0.06,1,0,1,0,0,1,0,1,0,0,national
2025,AR,05125,Saline,54930063578UDYE3JR69,,2,2,0,0.06,1,0,1,0,0,1,0,1,0,0,national
2025,AR,05125,Saline,5493006KQF5UKZ3Y9N07,,2,2,0,0.06,0,0,2,0,0,0,0,2,0,0,national
2025,AR,05125,Saline,5493007BBMW58UQT5588,,2,2,0,0.06,2,0,0,0,0,2,0,0,0,0,national
2025,AR,05125,Saline,5493007CLWQN2S6IZK91,,4,2,0,0.06,2,1,1,0,0,0,1,1,0,0,national
2025,AR,05125,Saline,549300A5HHOL2ED18C72,,11,2,0,0.06,2,8,1,0,0,0,2,0,0,0,national
2025,AR,05125,Saline,549300BLL6VL7AXWYP56,CHURCHILL MORTGAGE CORPORATION,2,2,0,0.06,2,0,0,0,0,2,0,0,0,0,national
2025,AR,05125,Saline,549300BOXNV8VLRBDT24,,2,2,0,0.06,2,0,0,0,0,2,0,0,0,0,national
2025,AR,05125,Saline,549300CY7WNAHKHYSJ73,,2,2,0,0.06,0,2,0,0,0,0,2,0,0,0,national
2025,AR,05125,Saline,549300EFCZM6KD6B8K69,MORTGAGE ACCESS CORP.,3,2,0,0.06,2,0,1,0,0,2,0,0,0,0,national
2025,AR,05125,Saline,549300GKFNPRWNS0GF29,"AmeriHome Mortgage Company, LLC",2,2,0,0.06,1,0,1,0,0,1,0,1,0,0,national
2025,AR,05125,Saline,549300GKNMX0ZXKVPE54,,3,2,0,0.06,3,0,0,0,0,2,0,0,0,0,national
2025,AR,05125,Saline,549300IFOE4SCP384147,University Bank,2,2,0,0.06,2,0,0,0,0,2,0,0,0,0,national
2025,AR,05125,Saline,549300ISCZS1R0CJMO47,,2,2,0,0.06,1,1,0,0,0,1,1,0,0,0,national
2025,AR,05125,Saline,549300J7I82PNDVU8H22,"OCMBC, INC.",3,2,0,0.06,1,2,0,0,0,1,1,0,0,0,national
2025,AR,05125,Saline,549300KQHWNSVCE2MY88,,2,2,0,0.06,2,0,0,0,0,2,0,0,0,0,national
2025,AR,05125,Saline,549300KSOOZZVXCMA627,ANGEL OAK MORTGAGE SOLUTIONS LLC,3,2,0,0.06,3,0,0,0,0,2,0,0,0,0,national
2025,AR,05125,Saline,549300LROQOOQU77WS20,,3,2,0,0.06,3,0,0,0,0,2,0,0,0,0,national
2025,AR,05125,Saline,549300PJ2WT35S77Q208,,2,2,0,0.06,1,1,0,0,0,1,1,0,0,0,national
2025,AR,05125,Saline,549300VNBQD8FDHF7563,"MORTGAGE INVESTORS GROUP, INC.",3,2,1,0.06,2,1,0,0,0,2,0,0,0,0,national
2025,AR,05125,Saline,549300VRH8KD60XSZK39,,3,2,1,0.06,3,0,0,0,0,2,0,0,0,0,national
2025,AR,05125,Saline,549300W45D2J6BT4LX65,,2,2,0,0.06,2,0,0,0,0,2,0,0,0,0,national
2025,AR,05125,Saline,549300YKBMBBIIMQJS94,Southern Bank,2,2,0,0.06,2,0,0,0,0,2,0,0,0,0,national
2025,AR,05125,Saline,984500F6E6940CCB6A60,,2,2,0,0.06,2,0,0,0,0,2,0,0,0,0,national
2025,AR,05125,Saline,C398JSK21YCXWM603F55,"Barrington Bank & Trust Company, National Association",2,2,0,0.06,1,0,1,0,0,1,0,1,0,0,national
2025,AR,05125,Saline,D8RBTOL3JO2Q6IEO0F34,Origin Bank,2,2,0,0.06,2,0,0,0,0,2,0,0,0,0,national
2025,AR,05125,Saline,PINLJ7T7GLTF48NFP863,,5,2,1,0.06,5,0,0,0,0,2,0,0,0,0,national
2025,AR,05125,Saline,SS1TRMSN6BRNMOREEV51,"Flagstar Bank, National Association",3,2,1,0.06,3,0,0,0,0,2,0,0,0,0,national
2025,AR,05125,Saline,2549004Z576VEJBK3N72,"NQM FUNDING, LLC",2,1,1,0.03,2,0,0,0,0,1,0,0,0,0,national
2025,AR,05125,Saline,2549007RR4DXYXPJCZ82,,1,1,0,0.03,1,0,0,0,0,1,0,0,0,0,national
2025,AR,05125,Saline,254900B71NF607TXAW72,,1,1,0,0.03,1,0,0,0,0,1,0,0,0,0,national
2025,AR,05125,Saline,254900DSZI6CJXJL6Z14,,1,1,0,0.03,1,0,0,0,0,1,0,0,0,0,national
2025,AR,05125,Saline,254900EZRN0CBEP77K34,,1,1,0,0.03,1,0,0,0,0,1,0,0,0,0,national
2025,AR,05125,Saline,254900P7WLDQD9IUL038,Service Federal Credit Union,1,1,0,0.03,1,0,0,0,0,1,0,0,0,0,national
2025,AR,05125,Saline,254900RFZH9I62FGU045,"AMERICAN MORTGAGE BANK, INC.",1,1,0,0.03,1,0,0,0,0,1,0,0,0,0,national
2025,AR,05125,Saline,254900RUCO27MVGTO768,LOAN FUNDER LLC,1,1,0,0.03,1,0,0,0,0,1,0,0,0,0,national
2025,AR,05125,Saline,254900WT4HAMDFWH3048,,1,1,0,0.03,0,1,0,0,0,0,1,0,0,0,national
2025,AR,05125,Saline,254900YY36UO9MBPH808,,1,1,0,0.03,1,0,0,0,0,1,0,0,0,0,national
2025,AR,05125,Saline,2WHM8VNJH63UN14OL754,The Huntington National Bank,2,1,0,0.03,1,0,1,0,0,0,0,1,0,0,national
2025,AR,05125,Saline,5493000F6NFDOVVZP043,,1,1,0,0.03,1,0,0,0,0,1,0,0,0,0,national
2025,AR,05125,Saline,5493000NYUJT9UC6G261,LEADERONE FINANCIAL CORPORATION,1,1,0,0.03,0,0,1,0,0,0,0,1,0,0,national
2025,AR,05125,Saline,549300121SF0K2LN2804,"PRIMELENDING, A PLAINSCAPITAL COMPANY",1,1,0,0.03,0,0,1,0,0,0,0,1,0,0,national
2025,AR,05125,Saline,5493001WHVQBGRSWEU75,"HOMEBRIDGE FINANCIAL SERVICES, INC.",1,1,0,0.03,1,0,0,0,0,1,0,0,0,0,national
2025,AR,05125,Saline,5493001XKL0FTNOJ0866,,24,1,0,0.03,22,1,1,0,0,0,0,1,0,0,national
2025,AR,05125,Saline,5493002QRULT2T40BH09,COMMUNITYAMERICA FEDERAL CREDIT UNION,2,1,0,0.03,1,0,1,0,0,0,0,1,0,0,national
2025,AR,05125,Saline,5493002YXAOJOQPEGS38,,1,1,0,0.03,1,0,0,0,0,1,0,0,0,0,national
2025,AR,05125,Saline,54930032OCUOR526IR93,,1,1,0,0.03,0,1,0,0,0,0,1,0,0,0,national
2025,AR,05125,Saline,5493003EW6T31TGECO83,,1,1,0,0.03,1,0,0,0,0,1,0,0,0,0,national
2025,AR,05125,Saline,5493004EVKOLRF3JI477,,1,1,0,0.03,1,0,0,0,0,1,0,0,0,0,national
2025,AR,05125,Saline,5493004T9SQFCNRQ2L76,,1,1,0,0.03,1,0,0,0,0,1,0,0,0,0,national
2025,AR,05125,Saline,54930067KY3OO1D8HC58,ASSOCIATED MORTGAGE CORPORATION,1,1,0,0.03,0,1,0,0,0,0,1,0,0,0,national
2025,AR,05125,Saline,549300748YYU6VG08N83,"Loan Simple, Inc.",1,1,0,0.03,0,1,0,0,0,0,1,0,0,0,national
2025,AR,05125,Saline,54930077D8KXQADF5Q23,"GVC MORTGAGE, INC.",1,1,0,0.03,1,0,0,0,0,1,0,0,0,0,national
2025,AR,05125,Saline,5493007XAKU2Q6LGXD23,,1,1,0,0.03,0,1,0,0,0,0,1,0,0,0,national
2025,AR,05125,Saline,5493008NWHQT1R22C024,"AMERICAN FINANCIAL NETWORK, INC.",4,1,0,0.03,1,3,0,0,0,0,1,0,0,0,national
2025,AR,05125,Saline,5493008Q3XBC7O0Q4X02,HOPE FEDERAL CREDIT UNION,3,1,2,0.03,2,1,0,0,0,1,0,0,0,0,national
2025,AR,05125,Saline,54930091JQKCU3Z6IP44,,8,1,3,0.03,8,0,0,0,0,1,0,0,0,0,national
2025,AR,05125,Saline,549300A2N0IEBKSB5I23,,1,1,0,0.03,1,0,0,0,0,1,0,0,0,0,national
2025,AR,05125,Saline,549300ALNLUNS3Y53T24,AMERICAN FINANCING CORPORATION,9,1,2,0.03,1,7,1,0,0,0,1,0,0,0,national
2025,AR,05125,Saline,549300AT7EB9FJAF0E61,Old National Bank,1,1,0,0.03,0,0,1,0,0,0,0,1,0,0,national
2025,AR,05125,Saline,549300C8GOC4OYUV0Z32,,1,1,0,0.03,1,0,0,0,0,1,0,0,0,0,national
2025,AR,05125,Saline,549300CRSE0TY73U6X46,,1,1,0,0.03,0,1,0,0,0,0,1,0,0,0,national
2025,AR,05125,Saline,549300DD4R4SYK5RAQ92,"MOVEMENT MORTGAGE, LLC",1,1,0,0.03,0,0,1,0,0,0,0,1,0,0,national
2025,AR,05125,Saline,549300DFQP4S0ZYOBT18,,1,1,0,0.03,1,0,0,0,0,1,0,0,0,0,national
2025,AR,05125,Saline,549300DQLGJ1YQRRHH73,,1,1,0,0.03,1,0,0,0,0,1,0,0,0,0,national
2025,AR,05125,Saline,549300EAO0HUFDR48U74,,1,1,0,0.03,1,0,0,0,0,1,0,0,0,0,national
2025,AR,05125,Saline,549300FK3AFCFVAPH234,"Leader Bank, National Association",1,1,0,0.03,1,0,0,0,0,1,0,0,0,0,national
2025,AR,05125,Saline,549300HRLROF7PLJ6735,CLEAREDGE LENDING LLC,1,1,0,0.03,1,0,0,0,0,1,0,0,0,0,national
2025,AR,05125,Saline,549300HTRLFU2IIL4380,,10,1,3,0.03,10,0,0,0,0,1,0,0,0,0,national
2025,AR,05125,Saline,549300J6N77Q8OHYNF23,,2,1,0,0.03,1,1,0,0,0,1,0,0,0,0,national
2025,AR,05125,Saline,549300JYXTZDSPJEPI44,"PLAZA HOME MORTGAGE, INC.",1,1,0,0.03,1,0,0,0,0,1,0,0,0,0,national
2025,AR,05125,Saline,549300K2JM6ID3V5LO24,,1,1,0,0.03,1,0,0,0,0,1,0,0,0,0,national
2025,AR,05125,Saline,549300KIOYNU323LVJ37,AMERICAN PACIFIC MORTGAGE CORPORATION,2,1,0,0.03,1,0,1,0,0,0,0,1,0,0,national
2025,AR,05125,Saline,549300KJ8PAJ7E52HG32,Plains Commerce Bank,1,1,0,0.03,1,0,0,0,0,1,0,0,0,0,national
2025,AR,05125,Saline,549300KPHGEE40YQXO21,,1,1,0,0.03,1,0,0,0,0,1,0,0,0,0,national
2025,AR,05125,Saline,549300KTR1JGH3K6LU06,FOURLEAF,2,1,1,0.03,2,0,0,0,0,1,0,0,0,0,national
2025,AR,05125,Saline,549300KW705BBINDIZ26,,1,1,0,0.03,0,0,1,0,0,0,0,1,0,0,national
2025,AR,05125,Saline,549300LLESTPOVRG3X73,,1,1,0,0.03,1,0,0,0,0,1,0,0,0,0,national
2025,AR,05125,Saline,549300LLQD0X2OTG0Y27,,2,1,1,0.03,0,2,0,0,0,0,1,0,0,0,national
2025,AR,05125,Saline,549300LO3MP4RAI32X70,,1,1,0,0.03,0,0,1,0,0,0,0,1,0,0,national
2025,AR,05125,Saline,549300O6Z0I6KYMESL47,AMWEST FUNDING CORP.,2,1,0,0.03,2,0,0,0,0,1,0,0,0,0,national
2025,AR,05125,Saline,549300PL267CW8182203,,5,1,2,0.03,0,3,2,0,0,0,1,0,0,0,national
2025,AR,05125,Saline,549300PQLK8E48ILXV41,,2,1,0,0.03,2,0,0,0,0,1,0,0,0,0,national
2025,AR,05125,Saline,549300Q02LGIN9AXKP98,FIRST TECHNOLOGY FEDERAL CREDIT UNION,1,1,0,0.03,1,0,0,0,0,1,0,0,0,0,national
2025,AR,05125,Saline,549300Q3ROEQU3D1IW91,,80,1,70,0.03,80,0,0,0,0,1,0,0,0,0,national
2025,AR,05125,Saline,549300Q50XCC0473FG63,,1,1,0,0.03,1,0,0,0,0,1,0,0,0,0,national
2025,AR,05125,Saline,549300RD5IG88VPO6P22,,1,1,0,0.03,1,0,0,0,0,1,0,0,0,0,national
2025,AR,05125,Saline,549300RM1IZYGQDSNL85,,4,1,0,0.03,1,1,2,0,0,1,0,0,0,0,national
2025,AR,05125,Saline,549300S8SHBRCI7UU819,,1,1,0,0.03,1,0,0,0,0,1,0,0,0,0,national
2025,AR,05125,Saline,549300SQRR7T3EUSDD87,,1,1,0,0.03,1,0,0,0,0,1,0,0,0,0,national
2025,AR,05125,Saline,549300T94GSH3C4U5M59,ALLIANT CREDIT UNION,1,1,0,0.03,1,0,0,0,0,1,0,0,0,0,national
2025,AR,05125,Saline,549300TTPRGSP8DGY569,,1,1,0,0.03,1,0,0,0,0,1,0,0,0,0,national
2025,AR,05125,Saline,549300UR5AOWTJJ7KZ64,,3,1,0,0.03,3,0,0,0,0,1,0,0,0,0,national
2025,AR,05125,Saline,549300VJQJVZKJBDWS17,"TOTAL MORTGAGE SERVICES, LLC",1,1,0,0.03,0,0,1,0,0,0,0,1,0,0,national
2025,AR,05125,Saline,549300VVH8HHFMWL8536,,1,1,0,0.03,1,0,0,0,0,1,0,0,0,0,national
2025,AR,05125,Saline,549300W6UP8EY0KSBG85,,1,1,0,0.03,1,0,0,0,0,1,0,0,0,0,national
2025,AR,05125,Saline,549300XCVBRR56D08F03,,4,1,0,0.03,3,1,0,0,0,1,0,0,0,0,national
2025,AR,05125,Saline,549300ZPSJZO10ZAX556,"AMERICAN HERITAGE LENDING, LLC",2,1,0,0.03,2,0,0,0,0,1,0,0,0,0,national
2025,AR,05125,Saline,7DMUJTL9FFTVIAG9H788,Commerce Bank,1,1,0,0.03,1,0,0,0,0,1,0,0,0,0,national
2025,AR,05125,Saline,875500CPQ9Z7QEFE5G90,,1,1,0,0.03,1,0,0,0,0,1,0,0,0,0,national
2025,AR,05125,Saline,9845001DAE89414CBB55,,4,1,2,0.03,4,0,0,0,0,1,0,0,0,0,national
2025,AR,05125,Saline,9845006EEFF0EDFA9E57,,1,1,0,0.03,1,0,0,0,0,1,0,0,0,0,national
2025,AR,05125,Saline,984500U2F9A83N391A91,"CHAMPIONS FUNDING, LLC",11,1,0,0.03,11,0,0,0,0,1,0,0,0,0,national
2025,AR,05125,Saline,AD6GFRVSDT01YPT1CS68,"PNC Bank, National Association",3,1,2,0.03,3,0,0,0,0,1,0,0,0,0,national
2025,AR,05125,Saline,E57ODZWZ7FF32TWEFA76,"Citibank, National Association",5,1,1,0.03,5,0,0,0,0,1,0,0,0,0,national
2025,AR,05125,Saline,FU7RSW4CQQY98A2O7J66,"BOKF, National Association",5,1,2,0.03,5,0,0,0,0,1,0,0,0,0,national
2025,AR,05125,Saline,IWRZQFYIRJ0IMURZBB68,Johnson Bank,1,1,0,0.03,1,0,0,0,0,1,0,0,0,0,national
2025,AR,05125,Saline,Q708HHR4LD2B7XIZNO92,First Federal Bank,4,1,1,0.03,2,0,2,0,0,0,0,1,0,0,national
2025,AR,05125,Saline,WWB2V0FCW3A0EE3ZJN75,Manufacturers and Traders Trust Company,3,1,1,0.03,0,2,0,1,0,0,1,0,0,0,national
2025,AR,05125,Saline,549300IX6RAX31C1BI75,,7,0,2,0.0,7,0,0,0,0,0,0,0,0,0,national
2025,AR,05131,Sebastian,COINQMNIM6RBU631DD85,Arvest Bank,535,352,69,13.71,418,96,17,4,0,279,60,11,2,0,national
2025,AR,05131,Sebastian,549300FGXN1K3HLB1R50,"Rocket Mortgage, LLC",206,157,36,6.12,127,55,24,0,0,100,39,18,0,0,national
2025,AR,05131,Sebastian,Q7C315HKI8VX0SSKBS64,Cadence Bank,222,149,36,5.8,189,24,8,1,0,128,16,4,1,0,national
2025,AR,05131,Sebastian,549300VWURV8LBNGQ353,Firstar Bank,169,137,7,5.34,121,29,9,10,0,99,24,8,6,0,national
2025,AR,05131,Sebastian,549300PKEQ3Q9S0IXW76,UNITED FEDERAL CREDIT UNION,184,110,53,4.29,156,21,3,4,0,93,13,1,3,0,national
2025,AR,05131,Sebastian,549300BREPLU2KKPI102,The First National Bank of Fort Smith,120,99,6,3.86,110,10,0,0,0,89,10,0,0,0,national
2025,AR,05131,Sebastian,549300O2D8BPO6PJRB90,Armstrong Bank,108,90,2,3.51,108,0,0,0,0,90,0,0,0,0,national
2025,AR,05131,Sebastian,2549007JQKHU8KQ0FC19,"FIRSTTRUST HOME LOANS, INC.",104,81,0,3.16,40,42,11,11,0,31,32,9,9,0,national
2025,AR,05131,Sebastian,549300KHXD7JSQUZIJ22,"HIGHLANDS RESIDENTIAL MORTGAGE, LTD.",107,81,0,3.16,55,39,11,2,0,42,29,8,2,0,national
2025,AR,05131,Sebastian,5493003L2LYA333BZY52,,98,76,16,2.96,98,0,0,0,0,76,0,0,0,0,national
2025,AR,05131,Sebastian,549300HIKKZQ0TVJWA08,ARKANSAS FEDERAL CREDIT UNION,137,68,39,2.65,133,0,3,1,0,66,0,2,0,0,national
2025,AR,05131,Sebastian,254900CNZPI5WN45KW48,First Financial Bank,83,62,2,2.42,47,22,11,3,0,35,14,11,2,0,national
2025,AR,05131,Sebastian,EQTWLK1G7ODGC2MGLV11,Regions Bank,142,58,59,2.26,134,8,0,0,0,55,3,0,0,0,national
2025,AR,05131,Sebastian,549300DD5QQUHO6PCH70,"MORTGAGE RESEARCH CENTER, LLC",126,54,30,2.1,11,4,110,1,0,4,1,48,1,0,national
2025,AR,05131,Sebastian,549300DMYENRV818D594,,73,53,1,2.06,43,14,14,2,0,31,10,10,2,0,national
2025,AR,05131,Sebastian,549300HW662MN1WU8550,"United Wholesale Mortgage, LLC",68,49,11,1.91,13,12,43,0,0,9,7,33,0,0,national
2025,AR,05131,Sebastian,549300VYK2WBD7SST478,Bank OZK,73,45,14,1.75,64,6,2,1,0,40,3,2,0,0,national
2025,AR,05131,Sebastian,549300LXKO1O7CSK5J52,"FLAT BRANCH MORTGAGE, INC.",58,37,0,1.44,27,23,4,4,0,17,14,4,2,0,national
2025,AR,05131,Sebastian,5493008YOT5ACN2UNP66,,51,35,4,1.36,29,20,2,0,0,19,14,2,0,0,national
2025,AR,05131,Sebastian,549300R0SXC1JU7ZU290,"FIRST COMMUNITY MORTGAGE, INC.",40,35,2,1.36,19,15,5,1,0,17,12,5,1,0,national
2025,AR,05131,Sebastian,549300MGPZBLQDIL7538,FAIRWAY INDEPENDENT MORTGAGE CORPORATION,39,27,0,1.05,11,21,3,4,0,8,15,1,3,0,national
2025,AR,05131,Sebastian,254900561K135J92VD38,First Security Bank,27,26,1,1.01,27,0,0,0,0,26,0,0,0,0,national
2025,AR,05131,Sebastian,54930039OWZFM2IGRN69,,35,25,6,0.97,33,1,0,1,0,24,0,0,1,0,national
2025,AR,05131,Sebastian,549300DPRWSBUY619V27,Simmons Bank,33,22,9,0.86,33,0,0,0,0,22,0,0,0,0,national
2025,AR,05131,Sebastian,549300IEIM2IT5YK4368,First Community Bank,20,20,0,0.78,20,0,0,0,0,20,0,0,0,0,national
2025,AR,05131,Sebastian,549300LBCBNR1OT00651,NATIONSTAR MORTGAGE LLC,30,20,6,0.78,19,9,2,0,0,16,2,2,0,0,national
2025,AR,05131,Sebastian,RVDPPPGHCGZ40J4VQ731,"PENNYMAC LOAN SERVICES, LLC",53,20,9,0.78,18,17,18,0,0,8,5,7,0,0,national
2025,AR,05131,Sebastian,254900UL88QFG0E40516,FIGURE LENDING LLC,30,18,8,0.7,30,0,0,0,0,18,0,0,0,0,national
2025,AR,05131,Sebastian,549300121SF0K2LN2804,"PRIMELENDING, A PLAINSCAPITAL COMPANY",21,18,0,0.7,7,3,5,6,0,6,2,4,6,0,national
2025,AR,05131,Sebastian,549300LYRWPSYPK6S325,FREEDOM MORTGAGE CORPORATION,54,17,7,0.66,5,24,25,0,0,0,9,8,0,0,national
2025,AR,05131,Sebastian,549300YIQ7S7Z8PIHE53,AMERISAVE MORTGAGE CORPORATION,57,17,33,0.66,36,13,8,0,0,14,2,1,0,0,national
2025,AR,05131,Sebastian,549300EY247F6R5IHX75,,24,16,4,0.62,20,2,2,0,0,14,1,1,0,0,national
2025,AR,05131,Sebastian,6BYL5QZYBDK8S7L73M02,U.S. Bank National Association,49,16,24,0.62,43,2,4,0,0,13,0,3,0,0,national
2025,AR,05131,Sebastian,C5654JQHZUHN0772B561,USAA Federal Savings Bank,20,16,0,0.62,5,0,15,0,0,2,0,14,0,0,national
2025,AR,05131,Sebastian,549300AG64NHILB7ZP05,"LOANDEPOT.COM, LLC",36,14,11,0.55,20,13,3,0,0,8,5,1,0,0,national
2025,AR,05131,Sebastian,54930013SG5BXUL3G429,,14,13,1,0.51,14,0,0,0,0,13,0,0,0,0,national
2025,AR,05131,Sebastian,5493003GQDUH26DNNH17,Navy Federal Credit Union,30,13,7,0.51,18,0,12,0,0,6,0,7,0,0,national
2025,AR,05131,Sebastian,549300AQ3T62GXDU7D76,GUILD MORTGAGE COMPANY LLC,20,13,0,0.51,8,9,3,0,0,4,7,2,0,0,national
2025,AR,05131,Sebastian,549300QWJ3UDIX8KBP64,,13,11,2,0.43,13,0,0,0,0,11,0,0,0,0,national
2025,AR,05131,Sebastian,549300GTVXJ2PGXNLM73,T2 FINANCIAL LLC,14,10,1,0.39,5,7,2,0,0,2,6,2,0,0,national
2025,AR,05131,Sebastian,B4TYDEB6GKMZO031MB27,"Bank of America, National Association",18,10,5,0.39,17,1,0,0,0,10,0,0,0,0,national
2025,AR,05131,Sebastian,54930034MNPILHP25H80,Gateway First Bank,13,9,1,0.35,10,2,0,1,0,7,2,0,0,0,national
2025,AR,05131,Sebastian,549300SUCQ1358EGVE89,"NEW DAY FINANCIAL, LLC",36,9,7,0.35,0,2,34,0,0,0,0,9,0,0,national
2025,AR,05131,Sebastian,549300XQVJ1XBNFA5536,21ST MORTGAGE CORPORATION,43,9,19,0.35,43,0,0,0,0,9,0,0,0,0,national
2025,AR,05131,Sebastian,5493001GCBD5XGNIC815,Coastal Community Bank,42,8,1,0.31,42,0,0,0,0,8,0,0,0,0,national
2025,AR,05131,Sebastian,549300E2UX99HKDBR481,"NEW AMERICAN FUNDING, LLC",46,8,8,0.31,13,25,8,0,0,6,2,0,0,0,national
2025,AR,05131,Sebastian,549300FNXYY540N23N64,Newrez LLC,36,8,8,0.31,18,8,10,0,0,4,1,3,0,0,national
2025,AR,05131,Sebastian,549300OPCWU6E72WUT29,"MUTUAL OF OMAHA MORTGAGE, INC.",18,8,4,0.31,7,7,4,0,0,4,3,1,0,0,national
2025,AR,05131,Sebastian,549300VZVN841I2ILS84,"CROSSCOUNTRY MORTGAGE, LLC",16,8,0,0.31,5,7,4,0,0,4,2,2,0,0,national
2025,AR,05131,Sebastian,7H6GLXDRUGQFU57RNE97,"JPMorgan Chase Bank, National Association",17,8,3,0.31,16,1,0,0,0,7,1,0,0,0,national
2025,AR,05131,Sebastian,549300BEFX6JRSCS5N78,Centennial Bank,14,7,3,0.27,13,1,0,0,0,6,1,0,0,0,national
2025,AR,05131,Sebastian,549300PIL8LFAQ04XC20,Better Mortgage Corporation,14,7,5,0.27,14,0,0,0,0,7,0,0,0,0,national
2025,AR,05131,Sebastian,25490046GL77VSFSYG24,Signature Bank of Arkansas,7,6,0,0.23,7,0,0,0,0,6,0,0,0,0,national
2025,AR,05131,Sebastian,25490066WMF8ZMQXQB18,"Lendage, LLC",7,6,1,0.23,7,0,0,0,0,6,0,0,0,0,national
2025,AR,05131,Sebastian,5493004AS1SPBQOFDR49,"Change Lending, LLC",7,6,0,0.23,7,0,0,0,0,6,0,0,0,0,national
2025,AR,05131,Sebastian,54930054ET8KM4O1D485,"SOFI BANK, NATIONAL ASSOCIATION",19,6,0,0.23,18,1,0,0,0,6,0,0,0,0,national
2025,AR,05131,Sebastian,5493007ASPHNTEYEZ797,,7,6,0,0.23,2,4,1,0,0,2,3,1,0,0,national
2025,AR,05131,Sebastian,549300LAQ3M8E5I08F43,,10,6,1,0.23,10,0,0,0,0,6,0,0,0,0,national
2025,AR,05131,Sebastian,549300PBTV7FCWLSMM53,,7,6,0,0.23,0,2,5,0,0,0,2,4,0,0,national
2025,AR,05131,Sebastian,549300R9S3MVDV4MGF56,"CARRINGTON MORTGAGE SERVICES, LLC",20,6,7,0.23,6,8,6,0,0,1,2,3,0,0,national
2025,AR,05131,Sebastian,549300U3721PJGQZYY68,"GUARANTEED RATE, INC.",15,6,1,0.23,12,1,2,0,0,5,0,1,0,0,national
2025,AR,05131,Sebastian,254900XDI51NPWZM0N29,Union Bank,5,5,0,0.19,5,0,0,0,0,5,0,0,0,0,national
2025,AR,05131,Sebastian,5493000YNV8IX4VD3X12,"VANDERBILT MORTGAGE AND FINANCE, INC.",37,5,14,0.19,37,0,0,0,0,5,0,0,0,0,national
2025,AR,05131,Sebastian,KB1H1DSPRFMYMCUFXT09,"Wells Fargo Bank, National Association",13,5,4,0.19,10,3,0,0,0,4,1,0,0,0,national
2025,AR,05131,Sebastian,X05BVSK68TQ7YTOSNR22,Discover Bank,39,5,26,0.19,39,0,0,0,0,5,0,0,0,0,national
2025,AR,05131,Sebastian,254900RM3T6WAVE6SA24,,4,4,0,0.16,4,0,0,0,0,4,0,0,0,0,national
2025,AR,05131,Sebastian,54930048P8RWCQHQM310,,5,4,0,0.16,5,0,0,0,0,4,0,0,0,0,national
2025,AR,05131,Sebastian,54930049L5WINET09Q97,"CLICK N' CLOSE, INC.",5,4,1,0.16,1,3,1,0,0,1,2,1,0,0,national
2025,AR,05131,Sebastian,549300ALNLUNS3Y53T24,AMERICAN FINANCING CORPORATION,16,4,8,0.16,4,12,0,0,0,1,3,0,0,0,national
2025,AR,05131,Sebastian,549300JOYC0RUSF9DL04,,4,4,0,0.16,4,0,0,0,0,4,0,0,0,0,national
2025,AR,05131,Sebastian,549300K4ZLGS7SRDTL86,Equity Prime Mortgage LLC,9,4,1,0.16,0,8,1,0,0,0,4,0,0,0,national
2025,AR,05131,Sebastian,549300LROQOOQU77WS20,,6,4,2,0.16,5,0,1,0,0,4,0,0,0,0,national
2025,AR,05131,Sebastian,549300T7HRS5DVBUPQ06,,4,4,0,0.16,3,1,0,0,0,3,1,0,0,0,national
2025,AR,05131,Sebastian,549300VCMRO4ST680C11,VILLAGE CAPITAL & INVESTMENT LLC,12,4,1,0.16,0,2,10,0,0,0,1,3,0,0,national
2025,AR,05131,Sebastian,549300VQUTI5IU7GXT57,SECURITYNATIONAL MORTGAGE COMPANY,4,4,0,0.16,3,1,0,0,0,3,1,0,0,0,national
2025,AR,05131,Sebastian,549300YN94MOAVYW0F52,"GoodLeap, LLC",12,4,0,0.16,8,2,2,0,0,4,0,0,0,0,national
2025,AR,05131,Sebastian,AD6GFRVSDT01YPT1CS68,"PNC Bank, National Association",10,4,1,0.16,10,0,0,0,0,4,0,0,0,0,national
2025,AR,05131,Sebastian,54930021WPEXNHYZUL09,"PLANET HOME LENDING, LLC",7,3,2,0.12,1,2,4,0,0,0,1,2,0,0,national
2025,AR,05131,Sebastian,5493002B2WMHY23GFK92,"AMERICAN FINANCIAL RESOURCES, INC.",5,3,0,0.12,1,1,1,2,0,0,0,1,2,0,national
2025,AR,05131,Sebastian,549300370QILXLFUWD20,"ZILLOW HOME LOANS, LLC",5,3,0,0.12,4,1,0,0,0,2,1,0,0,0,national
2025,AR,05131,Sebastian,549300BX448ALT10FI43,The Federal Savings Bank,6,3,2,0.12,0,0,6,0,0,0,0,3,0,0,national
2025,AR,05131,Sebastian,549300C6XY8GTVR2TV60,,3,3,0,0.12,3,0,0,0,0,3,0,0,0,0,national
2025,AR,05131,Sebastian,549300GKFNPRWNS0GF29,"AmeriHome Mortgage Company, LLC",4,3,0,0.12,1,0,3,0,0,0,0,3,0,0,national
2025,AR,05131,Sebastian,549300KJ8PAJ7E52HG32,Plains Commerce Bank,3,3,0,0.12,0,2,1,0,0,0,2,1,0,0,national
2025,AR,05131,Sebastian,549300NOCASXPA34X033,"LAKEVIEW LOAN SERVICING, LLC",10,3,4,0.12,4,6,0,0,0,2,1,0,0,0,national
2025,AR,05131,Sebastian,549300RN01LBYR8ZVX74,"LOWER, LLC",6,3,0,0.12,0,2,4,0,0,0,2,1,0,0,national
2025,AR,05131,Sebastian,549300TA4MQM8WN2XG31,,3,3,0,0.12,3,0,0,0,0,3,0,0,0,0,national
2025,AR,05131,Sebastian,COOWI3L2W9TPYR3WJX37,First Horizon Bank,3,3,0,0.12,3,0,0,0,0,3,0,0,0,0,national
2025,AR,05131,Sebastian,254900DTLHVWQ7NP7R34,"CMG Mortgage, Inc.",4,2,0,0.08,4,0,0,0,0,2,0,0,0,0,national
2025,AR,05131,Sebastian,254900H07R1I9HDMFT89,,2,2,0,0.08,2,0,0,0,0,2,0,0,0,0,national
2025,AR,05131,Sebastian,5493000NYUJT9UC6G261,LEADERONE FINANCIAL CORPORATION,4,2,0,0.08,1,1,2,0,0,0,1,1,0,0,national
2025,AR,05131,Sebastian,5493001GDRY0EL7VG372,"ARK-LA-TEX FINANCIAL SERVICES, LLC.",2,2,0,0.08,1,1,0,0,0,1,1,0,0,0,national
2025,AR,05131,Sebastian,54930052M48FOD3CWA54,"PRIMARY RESIDENTIAL MORTGAGE, INC.",4,2,0,0.08,1,1,0,2,0,0,0,0,2,0,national
2025,AR,05131,Sebastian,54930067KY3OO1D8HC58,ASSOCIATED MORTGAGE CORPORATION,2,2,0,0.08,1,0,1,0,0,1,0,1,0,0,national
2025,AR,05131,Sebastian,5493006RIR31ORKYB608,,2,2,0,0.08,2,0,0,0,0,2,0,0,0,0,national
2025,AR,05131,Sebastian,5493006VAGP3GQ8FJT49,"Kiavi Funding, Inc.",80,2,1,0.08,80,0,0,0,0,2,0,0,0,0,national
2025,AR,05131,Sebastian,549300A0SVCQJPHVGV20,ALTRA Federal Credit Union,2,2,0,0.08,2,0,0,0,0,2,0,0,0,0,national
2025,AR,05131,Sebastian,549300CB67L6KPJLHE19,"TRIAD FINANCIAL SERVICES, INC.",20,2,11,0.08,20,0,0,0,0,2,0,0,0,0,national
2025,AR,05131,Sebastian,549300D3IKJ7KU3SH574,,3,2,0,0.08,3,0,0,0,0,2,0,0,0,0,national
2025,AR,05131,Sebastian,549300DD4R4SYK5RAQ92,"MOVEMENT MORTGAGE, LLC",3,2,0,0.08,1,1,1,0,0,0,1,1,0,0,national
2025,AR,05131,Sebastian,549300FX7K8PTEQUU487,PENTAGON FEDERAL CREDIT UNION,5,2,1,0.08,4,0,1,0,0,1,0,1,0,0,national
2025,AR,05131,Sebastian,549300H3IZO24NSOO931,"LENNAR MORTGAGE, LLC",4,2,2,0.08,2,1,1,0,0,1,1,0,0,0,national
2025,AR,05131,Sebastian,549300J7I82PNDVU8H22,"OCMBC, INC.",2,2,0,0.08,2,0,0,0,0,2,0,0,0,0,national
2025,AR,05131,Sebastian,549300KSOOZZVXCMA627,ANGEL OAK MORTGAGE SOLUTIONS LLC,3,2,0,0.08,3,0,0,0,0,2,0,0,0,0,national
2025,AR,05131,Sebastian,549300NB3SBC1KHAWB92,GERSHMAN INVESTMENT CORP.,2,2,0,0.08,1,1,0,0,0,1,1,0,0,0,national
2025,AR,05131,Sebastian,549300QFP6J5QSZVF805,Eagle Bank and Trust Company,4,2,0,0.08,3,1,0,0,0,1,1,0,0,0,national
2025,AR,05131,Sebastian,549300R77W0P105C3S50,HOMEXPRESS MORTGAGE CORP.,2,2,0,0.08,2,0,0,0,0,2,0,0,0,0,national
2025,AR,05131,Sebastian,549300RM1IZYGQDSNL85,,2,2,0,0.08,0,0,2,0,0,0,0,2,0,0,national
2025,AR,05131,Sebastian,549300RPOGWJRH63HS39,UNION HOME MORTGAGE CORP.,2,2,0,0.08,1,0,1,0,0,1,0,1,0,0,national
2025,AR,05131,Sebastian,549300UG7QXKM7KGV847,,3,2,0,0.08,3,0,0,0,0,2,0,0,0,0,national
2025,AR,05131,Sebastian,549300VORTI31GZTJL53,"CARDINAL FINANCIAL COMPANY, LIMITED PARTNERSHIP",4,2,1,0.08,3,1,0,0,0,2,0,0,0,0,national
2025,AR,05131,Sebastian,549300XWUSRVVOHPRY47,Academy Mortgage Corporation,3,2,0,0.08,2,1,0,0,0,1,1,0,0,0,national
2025,AR,05131,Sebastian,549300XY701IELCE5Q08,BETTER MORTGAGE CORPORATION,9,2,3,0.08,5,4,0,0,0,1,1,0,0,0,national
2025,AR,05131,Sebastian,549300YW2UBCMDRMBT48,,3,2,0,0.08,1,2,0,0,0,0,2,0,0,0,national
2025,AR,05131,Sebastian,549300ZPSJZO10ZAX556,"AMERICAN HERITAGE LENDING, LLC",5,2,0,0.08,5,0,0,0,0,2,0,0,0,0,national
2025,AR,05131,Sebastian,984500U2F9A83N391A91,"CHAMPIONS FUNDING, LLC",2,2,0,0.08,2,0,0,0,0,2,0,0,0,0,national
2025,AR,05131,Sebastian,DRMSV1Q0EKMEXLAU1P80,"Citizens Bank, National Association",7,2,3,0.08,3,4,0,0,0,1,1,0,0,0,national
2025,AR,05131,Sebastian,FU7RSW4CQQY98A2O7J66,"BOKF, National Association",2,2,0,0.08,2,0,0,0,0,2,0,0,0,0,national
2025,AR,05131,Sebastian,254900CTT87ZKAUTIJ37,,1,1,0,0.04,1,0,0,0,0,1,0,0,0,0,national
2025,AR,05131,Sebastian,254900FMBXF85WQYV433,,1,1,0,0.04,1,0,0,0,0,1,0,0,0,0,national
2025,AR,05131,Sebastian,254900HA4DQWAE0W3342,"AMERIHOME MORTGAGE COMPANY, LLC",4,1,1,0.04,1,3,0,0,0,0,1,0,0,0,national
2025,AR,05131,Sebastian,254900I68BOSEM149Q58,,1,1,0,0.04,1,0,0,0,0,1,0,0,0,0,national
2025,AR,05131,Sebastian,254900O2K17TNH5CL873,"RF RENOVO MANAGEMENT COMPANY, LLC",1,1,0,0.04,1,0,0,0,0,1,0,0,0,0,national
2025,AR,05131,Sebastian,254900RFZH9I62FGU045,"AMERICAN MORTGAGE BANK, INC.",1,1,0,0.04,1,0,0,0,0,1,0,0,0,0,national
2025,AR,05131,Sebastian,254900RUCO27MVGTO768,LOAN FUNDER LLC,3,1,0,0.04,3,0,0,0,0,1,0,0,0,0,national
2025,AR,05131,Sebastian,254900YA1AQXNM8QVZ06,,1,1,0,0.04,1,0,0,0,0,1,0,0,0,0,national
2025,AR,05131,Sebastian,254900ZFWS2106HWPH46,"PARAMOUNT RESIDENTIAL MORTGAGE GROUP, INC.",3,1,0,0.04,1,0,1,1,0,1,0,0,0,0,national
2025,AR,05131,Sebastian,54930001NSTOD85LT125,"GUARANTEED RATE AFFINITY, LLC",1,1,0,0.04,1,0,0,0,0,1,0,0,0,0,national
2025,AR,05131,Sebastian,54930009DUZUXUZIDL84,,1,1,0,0.04,1,0,0,0,0,1,0,0,0,0,national
2025,AR,05131,Sebastian,5493000V86JDJLM0OV13,,1,1,0,0.04,1,0,0,0,0,1,0,0,0,0,national
2025,AR,05131,Sebastian,5493001WHVQBGRSWEU75,"HOMEBRIDGE FINANCIAL SERVICES, INC.",1,1,0,0.04,0,0,1,0,0,0,0,1,0,0,national
2025,AR,05131,Sebastian,5493001WL16YUSR2TI47,,1,1,0,0.04,1,0,0,0,0,1,0,0,0,0,national
2025,AR,05131,Sebastian,549300249G20MDIDRR27,,4,1,0,0.04,3,1,0,0,0,1,0,0,0,0,national
2025,AR,05131,Sebastian,5493002TJKC8NLH1ZP82,,1,1,0,0.04,0,0,1,0,0,0,0,1,0,0,national
2025,AR,05131,Sebastian,54930030Z1JWTP3SVD16,,3,1,0,0.04,1,1,1,0,0,1,0,0,0,0,national
2025,AR,05131,Sebastian,5493004EVKOLRF3JI477,,1,1,0,0.04,1,0,0,0,0,1,0,0,0,0,national
2025,AR,05131,Sebastian,5493005WCUTOOZMTV053,,1,1,0,0.04,0,1,0,0,0,0,1,0,0,0,national
2025,AR,05131,Sebastian,5493006P5IHSK77SZ855,,1,1,0,0.04,0,1,0,0,0,0,1,0,0,0,national
2025,AR,05131,Sebastian,5493007CLWQN2S6IZK91,,2,1,0,0.04,0,0,2,0,0,0,0,1,0,0,national
2025,AR,05131,Sebastian,5493008NWHQT1R22C024,"AMERICAN FINANCIAL NETWORK, INC.",2,1,0,0.04,0,1,1,0,0,0,0,1,0,0,national
2025,AR,05131,Sebastian,5493009I5VHHGVFQ1O54,,1,1,0,0.04,1,0,0,0,0,1,0,0,0,0,national
2025,AR,05131,Sebastian,5493009QYNVEZ9VDJU57,,1,1,0,0.04,0,0,1,0,0,0,0,1,0,0,national
2025,AR,05131,Sebastian,549300AR337B2RGP3C69,,2,1,0,0.04,2,0,0,0,0,1,0,0,0,0,national
2025,AR,05131,Sebastian,549300ASFUWYQO0RW077,,1,1,0,0.04,1,0,0,0,0,1,0,0,0,0,national
2025,AR,05131,Sebastian,549300BBKMRS6J0CB539,,1,1,0,0.04,1,0,0,0,0,1,0,0,0,0,national
2025,AR,05131,Sebastian,549300BLL6VL7AXWYP56,CHURCHILL MORTGAGE CORPORATION,2,1,0,0.04,1,1,0,0,0,0,1,0,0,0,national
2025,AR,05131,Sebastian,549300CY7WNAHKHYSJ73,,1,1,0,0.04,1,0,0,0,0,1,0,0,0,0,national
2025,AR,05131,Sebastian,549300DMHEHNYZ2OLB41,First United Bank and Trust Company,1,1,0,0.04,1,0,0,0,0,1,0,0,0,0,national
2025,AR,05131,Sebastian,549300EAO0HUFDR48U74,,1,1,0,0.04,1,0,0,0,0,1,0,0,0,0,national
2025,AR,05131,Sebastian,549300EFCZM6KD6B8K69,MORTGAGE ACCESS CORP.,1,1,0,0.04,1,0,0,0,0,1,0,0,0,0,national
2025,AR,05131,Sebastian,549300EMNDEK4BA8WB53,EMM LOANS LLC,1,1,0,0.04,0,1,0,0,0,0,1,0,0,0,national
2025,AR,05131,Sebastian,549300G5DVGM0ZHRQC33,,2,1,0,0.04,0,0,2,0,0,0,0,1,0,0,national
2025,AR,05131,Sebastian,549300GRGZDEH4ZGQS06,WATERSTONE MORTGAGE CORPORATION,1,1,0,0.04,1,0,0,0,0,1,0,0,0,0,national
2025,AR,05131,Sebastian,549300INFJ8TYNZ1G568,,1,1,0,0.04,1,0,0,0,0,1,0,0,0,0,national
2025,AR,05131,Sebastian,549300J6N77Q8OHYNF23,,1,1,0,0.04,0,1,0,0,0,0,1,0,0,0,national
2025,AR,05131,Sebastian,549300KQHWNSVCE2MY88,,1,1,0,0.04,1,0,0,0,0,1,0,0,0,0,national
2025,AR,05131,Sebastian,549300KUIZTYQRC0R888,,1,1,0,0.04,1,0,0,0,0,1,0,0,0,0,national
2025,AR,05131,Sebastian,549300LI3FDGO7UKFF39,EAST COAST CAPITAL CORP.,1,1,0,0.04,1,0,0,0,0,1,0,0,0,0,national
2025,AR,05131,Sebastian,549300LZUXCJFE5ONM48,,1,1,0,0.04,0,1,0,0,0,0,1,0,0,0,national
2025,AR,05131,Sebastian,549300MHH03ICJYEPE85,,2,1,1,0.04,0,2,0,0,0,0,1,0,0,0,national
2025,AR,05131,Sebastian,549300MQEDQYDJR8CP22,,1,1,0,0.04,1,0,0,0,0,1,0,0,0,0,national
2025,AR,05131,Sebastian,549300MZ8VZJOVC63092,"KIND LENDING, LLC",2,1,1,0.04,2,0,0,0,0,1,0,0,0,0,national
2025,AR,05131,Sebastian,549300NJVKCDJA5YC939,,2,1,0,0.04,2,0,0,0,0,1,0,0,0,0,national
2025,AR,05131,Sebastian,549300NWBS6MQJX15N44,,1,1,0,0.04,1,0,0,0,0,1,0,0,0,0,national
2025,AR,05131,Sebastian,549300O5WDIJU8S7OI05,"Stride Bank, National Association",1,1,0,0.04,1,0,0,0,0,1,0,0,0,0,national
2025,AR,05131,Sebastian,549300PL267CW8182203,,4,1,0,0.04,1,2,1,0,0,1,0,0,0,0,national
2025,AR,05131,Sebastian,549300PQLK8E48ILXV41,,1,1,0,0.04,1,0,0,0,0,1,0,0,0,0,national
2025,AR,05131,Sebastian,549300Q3ROEQU3D1IW91,,2,1,1,0.04,2,0,0,0,0,1,0,0,0,0,national
2025,AR,05131,Sebastian,549300Q8R70WLHGFLX73,,1,1,0,0.04,1,0,0,0,0,1,0,0,0,0,national
2025,AR,05131,Sebastian,549300QLO8TSQW5JTK72,WEST GATE BANK,1,1,0,0.04,1,0,0,0,0,1,0,0,0,0,national
2025,AR,05131,Sebastian,549300RD5IG88VPO6P22,,1,1,0,0.04,1,0,0,0,0,1,0,0,0,0,national
2025,AR,05131,Sebastian,549300REENMLD2RN3W58,"Magnolia Bank, Incorporated",3,1,0,0.04,0,0,3,0,0,0,0,1,0,0,national
2025,AR,05131,Sebastian,549300S5YL3OH0IVCS62,FINANCE OF AMERICA REVERSE LLC,1,1,0,0.04,0,1,0,0,0,0,1,0,0,0,national
2025,AR,05131,Sebastian,549300S8CJG5MSY8BH57,,2,1,0,0.04,1,1,0,0,0,0,1,0,0,0,national
2025,AR,05131,Sebastian,549300SK2GVCQXPD4S58,"SUN WEST MORTGAGE COMPANY, INC.",2,1,0,0.04,0,0,2,0,0,0,0,1,0,0,national
2025,AR,05131,Sebastian,549300UF3FPC7U6RFC59,The Central Trust Bank,1,1,0,0.04,0,0,1,0,0,0,0,1,0,0,national
2025,AR,05131,Sebastian,549300UVOSI4XZZGUE14,,2,1,1,0.04,0,0,2,0,0,0,0,1,0,0,national
2025,AR,05131,Sebastian,549300VMX06UV1F7NS76,,1,1,0,0.04,1,0,0,0,0,1,0,0,0,0,national
2025,AR,05131,Sebastian,549300VNBQD8FDHF7563,"MORTGAGE INVESTORS GROUP, INC.",1,1,0,0.04,0,1,0,0,0,0,1,0,0,0,national
2025,AR,05131,Sebastian,549300W2LKZKSX67ZU02,,1,1,0,0.04,1,0,0,0,0,1,0,0,0,0,national
2025,AR,05131,Sebastian,549300WRDGBHKR1BXL98,,1,1,0,0.04,1,0,0,0,0,1,0,0,0,0,national
2025,AR,05131,Sebastian,549300Y5Y88FQLI7VE83,DEEPHAVEN MORTGAGE LLC,1,1,0,0.04,1,0,0,0,0,1,0,0,0,0,national
2025,AR,05131,Sebastian,549300YKBMBBIIMQJS94,Southern Bank,1,1,0,0.04,1,0,0,0,0,1,0,0,0,0,national
2025,AR,05131,Sebastian,894500NI2UNWVZRRZP19,,1,1,0,0.04,1,0,0,0,0,1,0,0,0,0,national
2025,AR,05131,Sebastian,984500CD6F0743B8F530,,1,1,0,0.04,0,0,1,0,0,0,0,1,0,0,national
2025,AR,05131,Sebastian,C398JSK21YCXWM603F55,"Barrington Bank & Trust Company, National Association",2,1,0,0.04,1,0,1,0,0,0,0,1,0,0,national
2025,AR,05131,Sebastian,CKVBED0S4DMLKJJ5XH28,Stifel Bank and Trust,1,1,0,0.04,1,0,0,0,0,1,0,0,0,0,national
2025,AR,05131,Sebastian,JJKC32MCHWDI71265Z06,Truist Bank,3,1,1,0.04,3,0,0,0,0,1,0,0,0,0,national
2025,AR,05131,Sebastian,PAOOWF3GUFM46FBSP561,,4,1,1,0.04,1,1,2,0,0,0,0,1,0,0,national
2025,AR,05131,Sebastian,PINLJ7T7GLTF48NFP863,,1,1,0,0.04,1,0,0,0,0,1,0,0,0,0,national
2025,AR,05131,Sebastian,Q708HHR4LD2B7XIZNO92,First Federal Bank,1,1,0,0.04,1,0,0,0,0,1,0,0,0,0,national
2025,AR,05131,Sebastian,54930091JQKCU3Z6IP44,,11,0,1,0.0,11,0,0,0,0,0,0,0,0,0,national
2025,AR,05143,Washington,COINQMNIM6RBU631DD85,Arvest Bank,1866,1291,258,20.78,1719,110,30,7,0,1190,74,22,5,0,national
2025,AR,05143,Washington,549300FGXN1K3HLB1R50,"Rocket Mortgage, LLC",458,333,72,5.36,354,69,35,0,0,255,47,31,0,0,national
2025,AR,05143,Washington,5493001SXWZ4OFP8Z903,"DHI MORTGAGE COMPANY, LTD.",420,268,46,4.31,223,152,35,10,0,145,97,22,4,0,national
2025,AR,05143,Washington,549300LXKO1O7CSK5J52,"FLAT BRANCH MORTGAGE, INC.",321,268,2,4.31,219,76,22,4,0,181,64,19,4,0,national
2025,AR,05143,Washington,549300BEFX6JRSCS5N78,Centennial Bank,229,146,32,2.35,179,42,5,3,0,112,29,4,1,0,national
2025,AR,05143,Washington,25490046GL77VSFSYG24,Signature Bank of Arkansas,160,135,5,2.17,160,0,0,0,0,135,0,0,0,0,national
2025,AR,05143,Washington,254900561K135J92VD38,First Security Bank,164,135,8,2.17,158,3,1,2,0,132,2,0,1,0,national
2025,AR,05143,Washington,549300D3IKJ7KU3SH574,,127,113,1,1.82,73,42,5,7,0,67,35,5,6,0,national
2025,AR,05143,Washington,549300HW662MN1WU8550,"United Wholesale Mortgage, LLC",155,108,18,1.74,74,43,38,0,0,57,24,27,0,0,national
2025,AR,05143,Washington,54930034MNPILHP25H80,Gateway First Bank,118,99,4,1.59,92,14,7,5,0,78,12,6,3,0,national
2025,AR,05143,Washington,5493007ASPHNTEYEZ797,,121,95,7,1.53,41,70,6,4,0,33,52,6,4,0,national
2025,AR,05143,Washington,549300QWJ3UDIX8KBP64,,114,89,7,1.43,113,1,0,0,0,89,0,0,0,0,national
2025,AR,05143,Washington,549300PKEQ3Q9S0IXW76,UNITED FEDERAL CREDIT UNION,139,84,33,1.35,129,10,0,0,0,78,6,0,0,0,national
2025,AR,05143,Washington,54930016ZSB1QWXLRJ13,"MY MOVE MORTGAGE, LLC",122,83,2,1.34,96,20,4,2,0,64,14,3,2,0,national
2025,AR,05143,Washington,549300HIKKZQ0TVJWA08,ARKANSAS FEDERAL CREDIT UNION,173,79,48,1.27,172,0,0,1,0,78,0,0,1,0,national
2025,AR,05143,Washington,549300DD5QQUHO6PCH70,"MORTGAGE RESEARCH CENTER, LLC",145,73,20,1.17,11,4,129,1,0,3,2,68,0,0,national
2025,AR,05143,Washington,COOWI3L2W9TPYR3WJX37,First Horizon Bank,100,72,14,1.16,89,8,3,0,0,67,3,2,0,0,national
2025,AR,05143,Washington,54930067KY3OO1D8HC58,ASSOCIATED MORTGAGE CORPORATION,101,71,1,1.14,60,33,5,3,0,41,25,2,3,0,national
2025,AR,05143,Washington,549300H3IZO24NSOO931,"LENNAR MORTGAGE, LLC",105,70,20,1.13,50,46,6,3,0,33,28,6,3,0,national
2025,AR,05143,Washington,549300AR337B2RGP3C69,,77,69,1,1.11,76,1,0,0,0,69,0,0,0,0,national
2025,AR,05143,Washington,549300DPRWSBUY619V27,Simmons Bank,111,63,29,1.01,96,12,3,0,0,55,7,1,0,0,national
2025,AR,05143,Washington,549300BREPLU2KKPI102,The First National Bank of Fort Smith,78,62,2,1.0,70,7,0,1,0,57,5,0,0,0,national
2025,AR,05143,Washington,RVDPPPGHCGZ40J4VQ731,"PENNYMAC LOAN SERVICES, LLC",143,61,20,0.98,72,51,19,1,0,37,19,5,0,0,national
2025,AR,05143,Washington,549300O2D8BPO6PJRB90,Armstrong Bank,73,60,4,0.97,73,0,0,0,0,60,0,0,0,0,national
2025,AR,05143,Washington,5493000JFVFQFL816N45,ENCORE BANK,83,57,9,0.92,66,14,0,3,0,46,9,0,2,0,national
2025,AR,05143,Washington,549300MGPZBLQDIL7538,FAIRWAY INDEPENDENT MORTGAGE CORPORATION,87,57,9,0.92,48,34,3,2,0,30,24,2,1,0,national
2025,AR,05143,Washington,549300QFP6J5QSZVF805,Eagle Bank and Trust Company,69,55,4,0.89,57,8,2,2,0,45,6,2,2,0,national
2025,AR,05143,Washington,549300KHXD7JSQUZIJ22,"HIGHLANDS RESIDENTIAL MORTGAGE, LTD.",73,53,0,0.85,55,15,2,1,0,38,12,2,1,0,national
2025,AR,05143,Washington,EQTWLK1G7ODGC2MGLV11,Regions Bank,100,53,35,0.85,89,10,1,0,0,45,7,1,0,0,national
2025,AR,05143,Washington,54930009DUZUXUZIDL84,,62,51,3,0.82,62,0,0,0,0,51,0,0,0,0,national
2025,AR,05143,Washington,549300NB3SBC1KHAWB92,GERSHMAN INVESTMENT CORP.,77,51,3,0.82,54,14,9,0,0,35,10,6,0,0,national
2025,AR,05143,Washington,549300370QILXLFUWD20,"ZILLOW HOME LOANS, LLC",67,50,2,0.8,59,5,3,0,0,44,4,2,0,0,national
2025,AR,05143,Washington,549300VYK2WBD7SST478,Bank OZK,76,44,24,0.71,75,1,0,0,0,43,1,0,0,0,national
2025,AR,05143,Washington,5493003GQDUH26DNNH17,Navy Federal Credit Union,74,42,7,0.68,51,0,23,0,0,29,0,13,0,0,national
2025,AR,05143,Washington,B4TYDEB6GKMZO031MB27,"Bank of America, National Association",105,40,30,0.64,105,0,0,0,0,40,0,0,0,0,national
2025,AR,05143,Washington,549300IEIM2IT5YK4368,First Community Bank,45,39,1,0.63,37,7,0,1,0,32,6,0,1,0,national
2025,AR,05143,Washington,549300OPCWU6E72WUT29,"MUTUAL OF OMAHA MORTGAGE, INC.",54,38,3,0.61,24,23,7,0,0,20,14,4,0,0,national
2025,AR,05143,Washington,549300AG64NHILB7ZP05,"LOANDEPOT.COM, LLC",65,36,16,0.58,47,15,3,0,0,25,10,1,0,0,national
2025,AR,05143,Washington,549300FNXYY540N23N64,Newrez LLC,125,36,23,0.58,80,29,16,0,0,19,11,6,0,0,national
2025,AR,05143,Washington,549300LYRWPSYPK6S325,FREEDOM MORTGAGE CORPORATION,117,36,9,0.58,12,58,47,0,0,3,15,18,0,0,national
2025,AR,05143,Washington,549300LBCBNR1OT00651,NATIONSTAR MORTGAGE LLC,55,34,3,0.55,46,9,0,0,0,30,4,0,0,0,national
2025,AR,05143,Washington,7H6GLXDRUGQFU57RNE97,"JPMorgan Chase Bank, National Association",54,34,3,0.55,52,1,1,0,0,34,0,0,0,0,national
2025,AR,05143,Washington,549300AQ3T62GXDU7D76,GUILD MORTGAGE COMPANY LLC,47,32,5,0.51,31,10,2,4,0,21,8,1,2,0,national
2025,AR,05143,Washington,FU7RSW4CQQY98A2O7J66,"BOKF, National Association",59,32,15,0.51,53,6,0,0,0,27,5,0,0,0,national
2025,AR,05143,Washington,549300XY701IELCE5Q08,BETTER MORTGAGE CORPORATION,72,31,18,0.5,66,4,2,0,0,29,0,2,0,0,national
2025,AR,05143,Washington,254900UL88QFG0E40516,FIGURE LENDING LLC,62,30,15,0.48,62,0,0,0,0,30,0,0,0,0,national
2025,AR,05143,Washington,54930039OWZFM2IGRN69,,36,30,2,0.48,34,2,0,0,0,28,2,0,0,0,national
2025,AR,05143,Washington,254900CNZPI5WN45KW48,First Financial Bank,40,29,2,0.47,34,4,1,1,0,24,4,1,0,0,national
2025,AR,05143,Washington,5493001GDRY0EL7VG372,"ARK-LA-TEX FINANCIAL SERVICES, LLC.",35,28,0,0.45,25,8,2,0,0,19,8,1,0,0,national
2025,AR,05143,Washington,5493001GCBD5XGNIC815,Coastal Community Bank,77,26,2,0.42,77,0,0,0,0,26,0,0,0,0,national
2025,AR,05143,Washington,5493003V40VGM7YDFM54,FIRST COLONY MORTGAGE CORPORATION,29,25,1,0.4,23,3,2,1,0,20,3,2,0,0,national
2025,AR,05143,Washington,549300CB67L6KPJLHE19,"TRIAD FINANCIAL SERVICES, INC.",61,25,23,0.4,61,0,0,0,0,25,0,0,0,0,national
2025,AR,05143,Washington,2549007JQKHU8KQ0FC19,"FIRSTTRUST HOME LOANS, INC.",27,23,0,0.37,23,3,0,1,0,19,3,0,1,0,national
2025,AR,05143,Washington,549300E2UX99HKDBR481,"NEW AMERICAN FUNDING, LLC",76,23,9,0.37,31,41,4,0,0,9,13,1,0,0,national
2025,AR,05143,Washington,6BYL5QZYBDK8S7L73M02,U.S. Bank National Association,44,22,14,0.35,43,0,1,0,0,21,0,1,0,0,national
2025,AR,05143,Washington,JJKC32MCHWDI71265Z06,Truist Bank,28,22,1,0.35,28,0,0,0,0,22,0,0,0,0,national
2025,AR,05143,Washington,549300YIQ7S7Z8PIHE53,AMERISAVE MORTGAGE CORPORATION,64,21,35,0.34,43,18,3,0,0,18,3,0,0,0,national
2025,AR,05143,Washington,Q7C315HKI8VX0SSKBS64,Cadence Bank,32,21,5,0.34,31,1,0,0,0,21,0,0,0,0,national
2025,AR,05143,Washington,5493000NYUJT9UC6G261,LEADERONE FINANCIAL CORPORATION,27,19,1,0.31,12,6,8,1,0,9,6,3,1,0,national
2025,AR,05143,Washington,5493008YOT5ACN2UNP66,,28,19,1,0.31,28,0,0,0,0,19,0,0,0,0,national
2025,AR,05143,Washington,549300PIL8LFAQ04XC20,Better Mortgage Corporation,63,19,26,0.31,63,0,0,0,0,19,0,0,0,0,national
2025,AR,05143,Washington,5493000YNV8IX4VD3X12,"VANDERBILT MORTGAGE AND FINANCE, INC.",150,18,57,0.29,150,0,0,0,0,18,0,0,0,0,national
2025,AR,05143,Washington,5493003K28DNSKKT2059,,21,18,1,0.29,21,0,0,0,0,18,0,0,0,0,national
2025,AR,05143,Washington,549300S8CJG5MSY8BH57,,23,18,1,0.29,19,4,0,0,0,14,4,0,0,0,national
2025,AR,05143,Washington,549300U3721PJGQZYY68,"GUARANTEED RATE, INC.",49,18,2,0.29,34,9,6,0,0,13,3,2,0,0,national
2025,AR,05143,Washington,549300UF3FPC7U6RFC59,The Central Trust Bank,35,17,3,0.27,23,11,1,0,0,12,4,1,0,0,national
2025,AR,05143,Washington,C5654JQHZUHN0772B561,USAA Federal Savings Bank,27,17,6,0.27,8,0,19,0,0,5,0,12,0,0,national
2025,AR,05143,Washington,25490066WMF8ZMQXQB18,"Lendage, LLC",20,16,2,0.26,20,0,0,0,0,16,0,0,0,0,national
2025,AR,05143,Washington,54930013SG5BXUL3G429,,17,16,0,0.26,17,0,0,0,0,16,0,0,0,0,national
2025,AR,05143,Washington,5493003EW6T31TGECO83,,18,16,1,0.26,18,0,0,0,0,16,0,0,0,0,national
2025,AR,05143,Washington,5493001XKL0FTNOJ0866,,19,15,0,0.24,5,13,0,1,0,4,10,0,1,0,national
2025,AR,05143,Washington,549300LAQ3M8E5I08F43,,18,15,1,0.24,18,0,0,0,0,15,0,0,0,0,national
2025,AR,05143,Washington,549300J6N77Q8OHYNF23,,17,13,0,0.21,12,2,3,0,0,9,2,2,0,0,national
2025,AR,05143,Washington,549300JOYC0RUSF9DL04,,13,13,0,0.21,13,0,0,0,0,13,0,0,0,0,national
2025,AR,05143,Washington,549300VZVN841I2ILS84,"CROSSCOUNTRY MORTGAGE, LLC",29,13,1,0.21,17,12,0,0,0,10,3,0,0,0,national
2025,AR,05143,Washington,DRMSV1Q0EKMEXLAU1P80,"Citizens Bank, National Association",29,13,8,0.21,29,0,0,0,0,13,0,0,0,0,national
2025,AR,05143,Washington,KB1H1DSPRFMYMCUFXT09,"Wells Fargo Bank, National Association",22,13,5,0.21,20,1,1,0,0,13,0,0,0,0,national
2025,AR,05143,Washington,549300DFQP4S0ZYOBT18,,12,12,0,0.19,12,0,0,0,0,12,0,0,0,0,national
2025,AR,05143,Washington,549300GTVXJ2PGXNLM73,T2 FINANCIAL LLC,14,12,1,0.19,5,7,1,1,0,5,5,1,1,0,national
2025,AR,05143,Washington,549300VQUTI5IU7GXT57,SECURITYNATIONAL MORTGAGE COMPANY,18,11,2,0.18,7,11,0,0,0,4,7,0,0,0,national
2025,AR,05143,Washington,PAOOWF3GUFM46FBSP561,,18,11,0,0.18,9,8,1,0,0,5,5,1,0,0,national
2025,AR,05143,Washington,254900ZFWS2106HWPH46,"PARAMOUNT RESIDENTIAL MORTGAGE GROUP, INC.",13,10,0,0.16,8,4,0,1,0,5,4,0,1,0,national
2025,AR,05143,Washington,549300121SF0K2LN2804,"PRIMELENDING, A PLAINSCAPITAL COMPANY",11,10,0,0.16,7,3,1,0,0,6,3,1,0,0,national
2025,AR,05143,Washington,5493002QRULT2T40BH09,COMMUNITYAMERICA FEDERAL CREDIT UNION,21,10,8,0.16,21,0,0,0,0,10,0,0,0,0,national
2025,AR,05143,Washington,54930054ET8KM4O1D485,"SOFI BANK, NATIONAL ASSOCIATION",35,10,2,0.16,35,0,0,0,0,10,0,0,0,0,national
2025,AR,05143,Washington,5493007UW5GSKHED2095,,15,10,0,0.16,15,0,0,0,0,10,0,0,0,0,national
2025,AR,05143,Washington,549300RPOGWJRH63HS39,UNION HOME MORTGAGE CORP.,13,10,1,0.16,11,1,1,0,0,8,1,1,0,0,national
2025,AR,05143,Washington,549300XQVJ1XBNFA5536,21ST MORTGAGE CORPORATION,42,10,15,0.16,42,0,0,0,0,10,0,0,0,0,national
2025,AR,05143,Washington,894500UIQNJRMSPN5G70,,10,10,0,0.16,10,0,0,0,0,10,0,0,0,0,national
2025,AR,05143,Washington,5493006VAGP3GQ8FJT49,"Kiavi Funding, Inc.",13,9,2,0.14,13,0,0,0,0,9,0,0,0,0,national
2025,AR,05143,Washington,549300IXP5DNWSGY6F96,,13,9,2,0.14,13,0,0,0,0,9,0,0,0,0,national
2025,AR,05143,Washington,549300MZ8VZJOVC63092,"KIND LENDING, LLC",16,9,6,0.14,10,1,5,0,0,6,1,2,0,0,national
2025,AR,05143,Washington,549300PBTV7FCWLSMM53,,12,9,0,0.14,0,4,8,0,0,0,1,8,0,0,national
2025,AR,05143,Washington,549300YN94MOAVYW0F52,"GoodLeap, LLC",22,9,5,0.14,11,9,2,0,0,5,3,1,0,0,national
2025,AR,05143,Washington,AD6GFRVSDT01YPT1CS68,"PNC Bank, National Association",18,9,5,0.14,18,0,0,0,0,9,0,0,0,0,national
2025,AR,05143,Washington,X05BVSK68TQ7YTOSNR22,Discover Bank,49,9,17,0.14,49,0,0,0,0,9,0,0,0,0,national
2025,AR,05143,Washington,254900HA4DQWAE0W3342,"AMERIHOME MORTGAGE COMPANY, LLC",14,8,0,0.13,4,10,0,0,0,4,4,0,0,0,national
2025,AR,05143,Washington,5493000LJB0L73TDJT41,,10,8,1,0.13,10,0,0,0,0,8,0,0,0,0,national
2025,AR,05143,Washington,549300GKFNPRWNS0GF29,"AmeriHome Mortgage Company, LLC",11,8,2,0.13,8,1,0,2,0,7,0,0,1,0,national
2025,AR,05143,Washington,549300IJ8KTGYPKLXK63,,10,8,1,0.13,8,1,1,0,0,7,0,1,0,0,national
2025,AR,05143,Washington,549300NOCASXPA34X033,"LAKEVIEW LOAN SERVICING, LLC",29,8,9,0.13,14,8,7,0,0,3,3,2,0,0,national
2025,AR,05143,Washington,549300RN01LBYR8ZVX74,"LOWER, LLC",15,8,2,0.13,10,3,2,0,0,6,1,1,0,0,national
2025,AR,05143,Washington,549300ZZME37MXI1EF14,"DAS ACQUISITION COMPANY, LLC",13,8,0,0.13,5,6,1,1,0,3,5,0,0,0,national
2025,AR,05143,Washington,5493001WHVQBGRSWEU75,"HOMEBRIDGE FINANCIAL SERVICES, INC.",10,7,1,0.11,7,1,2,0,0,5,1,1,0,0,national
2025,AR,05143,Washington,5493002B2WMHY23GFK92,"AMERICAN FINANCIAL RESOURCES, INC.",11,7,2,0.11,3,3,3,2,0,2,1,3,1,0,national
2025,AR,05143,Washington,54930049L5WINET09Q97,"CLICK N' CLOSE, INC.",12,7,1,0.11,4,4,3,1,0,3,3,0,1,0,national
2025,AR,05143,Washington,5493008ETVHBTJEF0O91,,7,7,0,0.11,7,0,0,0,0,7,0,0,0,0,national
2025,AR,05143,Washington,549300BX448ALT10FI43,The Federal Savings Bank,18,7,2,0.11,2,3,13,0,0,1,0,6,0,0,national
2025,AR,05143,Washington,549300LROQOOQU77WS20,,22,7,5,0.11,21,0,1,0,0,7,0,0,0,0,national
2025,AR,05143,Washington,549300R0SXC1JU7ZU290,"FIRST COMMUNITY MORTGAGE, INC.",12,7,0,0.11,8,2,0,2,0,4,1,0,2,0,national
2025,AR,05143,Washington,549300R9S3MVDV4MGF56,"CARRINGTON MORTGAGE SERVICES, LLC",33,7,11,0.11,12,13,8,0,0,4,2,1,0,0,national
2025,AR,05143,Washington,549300UB5TJ0YPVPT503,,9,7,0,0.11,7,2,0,0,0,6,1,0,0,0,national
2025,AR,05143,Washington,549300VCMRO4ST680C11,VILLAGE CAPITAL & INVESTMENT LLC,22,7,9,0.11,0,10,12,0,0,0,3,4,0,0,national
2025,AR,05143,Washington,549300VWURV8LBNGQ353,Firstar Bank,9,7,1,0.11,7,1,0,1,0,5,1,0,1,0,national
2025,AR,05143,Washington,213800XR2TCBQJSF1X93,,19,6,3,0.1,16,1,2,0,0,5,1,0,0,0,national
2025,AR,05143,Washington,549300BLL6VL7AXWYP56,CHURCHILL MORTGAGE CORPORATION,9,6,0,0.1,6,2,1,0,0,4,1,1,0,0,national
2025,AR,05143,Washington,549300CUUEEQ66ZVK149,,8,6,0,0.1,4,3,1,0,0,3,2,1,0,0,national
2025,AR,05143,Washington,549300HTRLFU2IIL4380,,36,6,12,0.1,36,0,0,0,0,6,0,0,0,0,national
2025,AR,05143,Washington,549300KTR1JGH3K6LU06,FOURLEAF,7,6,0,0.1,7,0,0,0,0,6,0,0,0,0,national
2025,AR,05143,Washington,549300VNBQD8FDHF7563,"MORTGAGE INVESTORS GROUP, INC.",7,6,0,0.1,4,1,1,1,0,4,0,1,1,0,national
2025,AR,05143,Washington,PINLJ7T7GLTF48NFP863,,6,6,0,0.1,6,0,0,0,0,6,0,0,0,0,national
2025,AR,05143,Washington,254900H07R1I9HDMFT89,,6,5,1,0.08,6,0,0,0,0,5,0,0,0,0,national
2025,AR,05143,Washington,254900HEJ9F73IMPX887,,13,5,1,0.08,12,0,1,0,0,5,0,0,0,0,national
2025,AR,05143,Washington,54930021WPEXNHYZUL09,"PLANET HOME LENDING, LLC",7,5,2,0.08,3,3,1,0,0,2,2,1,0,0,national
2025,AR,05143,Washington,5493002Y5XYV7DV1ZV88,"GOLD STAR MORTGAGE FINANCIAL GROUP, CORPORATION",7,5,0,0.08,5,1,1,0,0,4,0,1,0,0,national
2025,AR,05143,Washington,5493004EVKOLRF3JI477,,5,5,0,0.08,5,0,0,0,0,5,0,0,0,0,national
2025,AR,05143,Washington,549300C6XY8GTVR2TV60,,5,5,0,0.08,5,0,0,0,0,5,0,0,0,0,national
2025,AR,05143,Washington,549300GY4NTTEM7WWB64,,5,5,0,0.08,3,2,0,0,0,3,2,0,0,0,national
2025,AR,05143,Washington,549300SUCQ1358EGVE89,"NEW DAY FINANCIAL, LLC",37,5,12,0.08,0,2,35,0,0,0,0,5,0,0,national
2025,AR,05143,Washington,IUGPUX5LWRZ3B6KIZ697,Ameris Bank,7,5,0,0.08,5,1,1,0,0,3,1,1,0,0,national
2025,AR,05143,Washington,Q708HHR4LD2B7XIZNO92,First Federal Bank,10,5,0,0.08,10,0,0,0,0,5,0,0,0,0,national
2025,AR,05143,Washington,254900VELJPWWT51WN03,,7,4,0,0.06,7,0,0,0,0,4,0,0,0,0,national
2025,AR,05143,Washington,54930001NSTOD85LT125,"GUARANTEED RATE AFFINITY, LLC",5,4,0,0.06,4,0,1,0,0,3,0,1,0,0,national
2025,AR,05143,Washington,5493004AS1SPBQOFDR49,"Change Lending, LLC",4,4,0,0.06,4,0,0,0,0,4,0,0,0,0,national
2025,AR,05143,Washington,5493005PD34O8ZT7QT17,,5,4,0,0.06,5,0,0,0,0,4,0,0,0,0,national
2025,AR,05143,Washington,549300CY7WNAHKHYSJ73,,4,4,0,0.06,3,0,1,0,0,3,0,1,0,0,national
2025,AR,05143,Washington,549300DMYENRV818D594,,5,4,0,0.06,5,0,0,0,0,4,0,0,0,0,national
2025,AR,05143,Washington,549300DNP4W96HB6LV07,,4,4,0,0.06,4,0,0,0,0,4,0,0,0,0,national
2025,AR,05143,Washington,549300EY247F6R5IHX75,,4,4,0,0.06,4,0,0,0,0,4,0,0,0,0,national
2025,AR,05143,Washington,549300FAG4VH7YJ66576,,5,4,0,0.06,5,0,0,0,0,4,0,0,0,0,national
2025,AR,05143,Washington,549300GS0W0TEUQS8571,"Morgan Stanley Private Bank, National Association",4,4,0,0.06,4,0,0,0,0,4,0,0,0,0,national
2025,AR,05143,Washington,549300K4ZLGS7SRDTL86,Equity Prime Mortgage LLC,9,4,1,0.06,0,8,1,0,0,0,3,1,0,0,national
2025,AR,05143,Washington,549300KIOYNU323LVJ37,AMERICAN PACIFIC MORTGAGE CORPORATION,4,4,0,0.06,2,2,0,0,0,2,2,0,0,0,national
2025,AR,05143,Washington,549300T7HRS5DVBUPQ06,,4,4,0,0.06,3,1,0,0,0,3,1,0,0,0,national
2025,AR,05143,Washington,549300T94GSH3C4U5M59,ALLIANT CREDIT UNION,6,4,0,0.06,5,0,1,0,0,4,0,0,0,0,national
2025,AR,05143,Washington,549300TJF420N3F01V87,,5,4,0,0.06,5,0,0,0,0,4,0,0,0,0,national
2025,AR,05143,Washington,2549001SI0EMFPT39035,"Cornerstone First Mortgage, Inc",4,3,0,0.05,1,3,0,0,0,0,3,0,0,0,national
2025,AR,05143,Washington,254900DTLHVWQ7NP7R34,"CMG Mortgage, Inc.",5,3,0,0.05,4,0,0,1,0,3,0,0,0,0,national
2025,AR,05143,Washington,254900RM3T6WAVE6SA24,,3,3,0,0.05,3,0,0,0,0,3,0,0,0,0,national
2025,AR,05143,Washington,254900XPILOY1LB5CK32,,3,3,0,0.05,1,2,0,0,0,1,2,0,0,0,national
2025,AR,05143,Washington,5493000IIYWBLONJVJ30,,3,3,0,0.05,3,0,0,0,0,3,0,0,0,0,national
2025,AR,05143,Washington,549300249G20MDIDRR27,,20,3,4,0.05,17,3,0,0,0,3,0,0,0,0,national
2025,AR,05143,Washington,5493002F9OWLKRICTY67,STANDARD MORTGAGE CORPORATION,3,3,0,0.05,2,1,0,0,0,2,1,0,0,0,national
2025,AR,05143,Washington,5493003K6JB8F2ZMRI65,,3,3,0,0.05,3,0,0,0,0,3,0,0,0,0,national
2025,AR,05143,Washington,5493005JPZ3LXXMB0S24,"Carrington Mortgage Services, LLC",3,3,0,0.05,3,0,0,0,0,3,0,0,0,0,national
2025,AR,05143,Washington,5493008Q3XBC7O0Q4X02,HOPE FEDERAL CREDIT UNION,5,3,2,0.05,5,0,0,0,0,3,0,0,0,0,national
2025,AR,05143,Washington,54930091JQKCU3Z6IP44,,18,3,2,0.05,18,0,0,0,0,3,0,0,0,0,national
2025,AR,05143,Washington,549300AENO88GEUWCZ39,,4,3,0,0.05,3,1,0,0,0,2,1,0,0,0,national
2025,AR,05143,Washington,549300BOXNV8VLRBDT24,,6,3,2,0.05,6,0,0,0,0,3,0,0,0,0,national
2025,AR,05143,Washington,549300DMHEHNYZ2OLB41,First United Bank and Trust Company,3,3,0,0.05,3,0,0,0,0,3,0,0,0,0,national
2025,AR,05143,Washington,549300F8C5JA44WNMI75,AMERICAN NEIGHBORHOOD MORTGAGE ACCEPTANCE COMPANY LLC,5,3,0,0.05,2,3,0,0,0,1,2,0,0,0,national
2025,AR,05143,Washington,549300FX7K8PTEQUU487,PENTAGON FEDERAL CREDIT UNION,12,3,5,0.05,9,0,3,0,0,3,0,0,0,0,national
2025,AR,05143,Washington,549300HUGQ1D4T4GJH13,,3,3,0,0.05,3,0,0,0,0,3,0,0,0,0,national
2025,AR,05143,Washington,549300IRXW9RSZM2B951,,4,3,0,0.05,4,0,0,0,0,3,0,0,0,0,national
2025,AR,05143,Washington,549300J7I82PNDVU8H22,"OCMBC, INC.",8,3,1,0.05,8,0,0,0,0,3,0,0,0,0,national
2025,AR,05143,Washington,549300JYXTZDSPJEPI44,"PLAZA HOME MORTGAGE, INC.",6,3,3,0.05,3,1,2,0,0,1,1,1,0,0,national
2025,AR,05143,Washington,549300KJ8PAJ7E52HG32,Plains Commerce Bank,5,3,0,0.05,4,0,1,0,0,3,0,0,0,0,national
2025,AR,05143,Washington,549300KPHGEE40YQXO21,,3,3,0,0.05,3,0,0,0,0,3,0,0,0,0,national
2025,AR,05143,Washington,549300KSOOZZVXCMA627,ANGEL OAK MORTGAGE SOLUTIONS LLC,6,3,0,0.05,6,0,0,0,0,3,0,0,0,0,national
2025,AR,05143,Washington,549300LZUXCJFE5ONM48,,5,3,0,0.05,0,5,0,0,0,0,3,0,0,0,national
2025,AR,05143,Washington,549300MHH03ICJYEPE85,,8,3,1,0.05,0,8,0,0,0,0,3,0,0,0,national
2025,AR,05143,Washington,549300PEWJWBNEOSS013,,3,3,0,0.05,3,0,0,0,0,3,0,0,0,0,national
2025,AR,05143,Washington,549300PQLK8E48ILXV41,,4,3,0,0.05,4,0,0,0,0,3,0,0,0,0,national
2025,AR,05143,Washington,549300QLO8TSQW5JTK72,WEST GATE BANK,4,3,0,0.05,4,0,0,0,0,3,0,0,0,0,national
2025,AR,05143,Washington,549300TA4MQM8WN2XG31,,6,3,0,0.05,6,0,0,0,0,3,0,0,0,0,national
2025,AR,05143,Washington,549300UG7QXKM7KGV847,,5,3,1,0.05,5,0,0,0,0,3,0,0,0,0,national
2025,AR,05143,Washington,549300Y5Y88FQLI7VE83,DEEPHAVEN MORTGAGE LLC,5,3,2,0.05,5,0,0,0,0,3,0,0,0,0,national
2025,AR,05143,Washington,549300YW2UBCMDRMBT48,,3,3,0,0.05,2,1,0,0,0,2,1,0,0,0,national
2025,AR,05143,Washington,254900RFZH9I62FGU045,"AMERICAN MORTGAGE BANK, INC.",17,2,6,0.03,10,6,0,1,0,1,0,0,1,0,national
2025,AR,05143,Washington,254900XDI51NPWZM0N29,Union Bank,2,2,0,0.03,2,0,0,0,0,2,0,0,0,0,national
2025,AR,05143,Washington,337KMNHEWWWR6B7Q7W10,MidFirst Bank,2,2,0,0.03,2,0,0,0,0,2,0,0,0,0,national
2025,AR,05143,Washington,3Y4U8VZURTYWI1W2K376,BMO Bank National Association,3,2,1,0.03,3,0,0,0,0,2,0,0,0,0,national
2025,AR,05143,Washington,54930030Z1JWTP3SVD16,,4,2,0,0.03,1,3,0,0,0,1,1,0,0,0,national
2025,AR,05143,Washington,54930048P8RWCQHQM310,,2,2,0,0.03,2,0,0,0,0,2,0,0,0,0,national
2025,AR,05143,Washington,5493004T38NMC864VL66,,2,2,0,0.03,2,0,0,0,0,2,0,0,0,0,national
2025,AR,05143,Washington,5493004T9SQFCNRQ2L76,,2,2,0,0.03,2,0,0,0,0,2,0,0,0,0,national
2025,AR,05143,Washington,5493007CLWQN2S6IZK91,,2,2,0,0.03,0,0,2,0,0,0,0,2,0,0,national
2025,AR,05143,Washington,549300C1ICNCM0V37Y02,"First State Bank of St. Charles, Missouri",2,2,0,0.03,2,0,0,0,0,2,0,0,0,0,national
2025,AR,05143,Washington,549300D064PXOX5JP483,,2,2,0,0.03,2,0,0,0,0,2,0,0,0,0,national
2025,AR,05143,Washington,549300DD4R4SYK5RAQ92,"MOVEMENT MORTGAGE, LLC",3,2,0,0.03,3,0,0,0,0,2,0,0,0,0,national
2025,AR,05143,Washington,549300DG3IV05V4C4E03,EUSTIS MORTGAGE CORPORATION,2,2,0,0.03,1,1,0,0,0,1,1,0,0,0,national
2025,AR,05143,Washington,549300DRA4BDXW23LD45,,2,2,0,0.03,2,0,0,0,0,2,0,0,0,0,national
2025,AR,05143,Washington,549300EF3CM0UIOIS476,,6,2,0,0.03,6,0,0,0,0,2,0,0,0,0,national
2025,AR,05143,Washington,549300G4ESSS6M0MEG51,ORIGINPOINT LLC,2,2,0,0.03,2,0,0,0,0,2,0,0,0,0,national
2025,AR,05143,Washington,549300GCILEV6KJUST91,,3,2,0,0.03,3,0,0,0,0,2,0,0,0,0,national
2025,AR,05143,Washington,549300GKNMX0ZXKVPE54,,2,2,0,0.03,2,0,0,0,0,2,0,0,0,0,national
2025,AR,05143,Washington,549300GRGZDEH4ZGQS06,WATERSTONE MORTGAGE CORPORATION,2,2,0,0.03,2,0,0,0,0,2,0,0,0,0,national
2025,AR,05143,Washington,549300ISCZS1R0CJMO47,,2,2,0,0.03,0,2,0,0,0,0,2,0,0,0,national
2025,AR,05143,Washington,549300JQEF6V2RNWCC75,Southern Bancorp Bank,3,2,0,0.03,2,1,0,0,0,2,0,0,0,0,national
2025,AR,05143,Washington,549300PL267CW8182203,,2,2,0,0.03,0,0,2,0,0,0,0,2,0,0,national
2025,AR,05143,Washington,549300Q1YFRSB8UEGH03,,8,2,0,0.03,7,1,0,0,0,2,0,0,0,0,national
2025,AR,05143,Washington,549300Q2EZNO3H86ED06,,2,2,0,0.03,2,0,0,0,0,2,0,0,0,0,national
2025,AR,05143,Washington,549300R77W0P105C3S50,HOMEXPRESS MORTGAGE CORP.,2,2,0,0.03,2,0,0,0,0,2,0,0,0,0,national
2025,AR,05143,Washington,549300REENMLD2RN3W58,"Magnolia Bank, Incorporated",2,2,0,0.03,1,0,1,0,0,1,0,1,0,0,national
2025,AR,05143,Washington,549300S8SHBRCI7UU819,,2,2,0,0.03,2,0,0,0,0,2,0,0,0,0,national
2025,AR,05143,Washington,549300UR5AOWTJJ7KZ64,,2,2,0,0.03,2,0,0,0,0,2,0,0,0,0,national
2025,AR,05143,Washington,549300VORTI31GZTJL53,"CARDINAL FINANCIAL COMPANY, LIMITED PARTNERSHIP",4,2,1,0.03,2,0,2,0,0,2,0,0,0,0,national
2025,AR,05143,Washington,549300XWUSRVVOHPRY47,Academy Mortgage Corporation,2,2,0,0.03,1,1,0,0,0,1,1,0,0,0,national
2025,AR,05143,Washington,549300Y4CEEGC4KCFI45,,2,2,0,0.03,2,0,0,0,0,2,0,0,0,0,national
2025,AR,05143,Washington,549300ZPSJZO10ZAX556,"AMERICAN HERITAGE LENDING, LLC",4,2,0,0.03,4,0,0,0,0,2,0,0,0,0,national
2025,AR,05143,Washington,549300ZWNETGFXTBBY03,"CANOPY MORTGAGE, LLC",4,2,0,0.03,2,2,0,0,0,1,1,0,0,0,national
2025,AR,05143,Washington,984500F03B9034CQB904,,3,2,0,0.03,3,0,0,0,0,2,0,0,0,0,national
2025,AR,05143,Washington,984500U2F9A83N391A91,"CHAMPIONS FUNDING, LLC",2,2,0,0.03,2,0,0,0,0,2,0,0,0,0,national
2025,AR,05143,Washington,CKVBED0S4DMLKJJ5XH28,Stifel Bank and Trust,2,2,0,0.03,2,0,0,0,0,2,0,0,0,0,national
2025,AR,05143,Washington,E57ODZWZ7FF32TWEFA76,"Citibank, National Association",4,2,0,0.03,4,0,0,0,0,2,0,0,0,0,national
2025,AR,05143,Washington,SS1TRMSN6BRNMOREEV51,"Flagstar Bank, National Association",2,2,0,0.03,2,0,0,0,0,2,0,0,0,0,national
2025,AR,05143,Washington,VNOO6EITDJ2YUEBMSZ83,"UMB Bank, National Association",2,2,0,0.03,2,0,0,0,0,2,0,0,0,0,national
2025,AR,05143,Washington,ZXMJHJK466PBZTM5F379,,4,2,0,0.03,4,0,0,0,0,2,0,0,0,0,national
2025,AR,05143,Washington,01J4SO3XTWZF4PP38209,Trustmark Bank,1,1,0,0.02,1,0,0,0,0,1,0,0,0,0,national
2025,AR,05143,Washington,25490000VM5YTLF4NM50,,2,1,0,0.02,2,0,0,0,0,1,0,0,0,0,national
2025,AR,05143,Washington,2549001S0U8EFNDOG816,,1,1,0,0.02,1,0,0,0,0,1,0,0,0,0,national
2025,AR,05143,Washington,254900378RFGMBEKAF12,Empeople Credit Union,2,1,0,0.02,2,0,0,0,0,1,0,0,0,0,national
2025,AR,05143,Washington,2549004Z576VEJBK3N72,"NQM FUNDING, LLC",2,1,1,0.02,2,0,0,0,0,1,0,0,0,0,national
2025,AR,05143,Washington,2549006VBLRP288VX853,,1,1,0,0.02,1,0,0,0,0,1,0,0,0,0,national
2025,AR,05143,Washington,2549007RR4DXYXPJCZ82,,1,1,0,0.02,1,0,0,0,0,1,0,0,0,0,national
2025,AR,05143,Washington,254900CTT87ZKAUTIJ37,,1,1,0,0.02,1,0,0,0,0,1,0,0,0,0,national
2025,AR,05143,Washington,254900E6AIE4Z8YQM970,Citadel Servicing Corporation,2,1,0,0.02,2,0,0,0,0,1,0,0,0,0,national
2025,AR,05143,Washington,254900FJRICL380R4T46,Leaders Credit Union,1,1,0,0.02,1,0,0,0,0,1,0,0,0,0,national
2025,AR,05143,Washington,254900KOW652UXXY2V12,,1,1,0,0.02,1,0,0,0,0,1,0,0,0,0,national
2025,AR,05143,Washington,254900PCN2EQDRMIHV68,,2,1,0,0.02,1,1,0,0,0,0,1,0,0,0,national
2025,AR,05143,Washington,254900RD08FFMO7DRN13,,1,1,0,0.02,1,0,0,0,0,1,0,0,0,0,national
2025,AR,05143,Washington,254900U2ZPLWQTSD3158,,2,1,0,0.02,2,0,0,0,0,1,0,0,0,0,national
2025,AR,05143,Washington,254900UD8AEXTVCVAF72,,1,1,0,0.02,1,0,0,0,0,1,0,0,0,0,national
2025,AR,05143,Washington,254900WEP08K7U7S3A80,,1,1,0,0.02,1,0,0,0,0,1,0,0,0,0,national
2025,AR,05143,Washington,254900YA1AQXNM8QVZ06,,1,1,0,0.02,1,0,0,0,0,1,0,0,0,0,national
2025,AR,05143,Washington,254900YY36UO9MBPH808,,1,1,0,0.02,1,0,0,0,0,1,0,0,0,0,national
2025,AR,05143,Washington,254900Z5QRSHW4Y8CR51,,1,1,0,0.02,1,0,0,0,0,1,0,0,0,0,national
2025,AR,05143,Washington,5493000A2XS66AH5XM81,,1,1,0,0.02,1,0,0,0,0,1,0,0,0,0,national
2025,AR,05143,Washington,5493000V86JDJLM0OV13,,1,1,0,0.02,1,0,0,0,0,1,0,0,0,0,national
2025,AR,05143,Washington,5493001JT9MT3Z3Y3M39,,1,1,0,0.02,1,0,0,0,0,1,0,0,0,0,national
2025,AR,05143,Washington,5493001Q8FNQ5TSRE594,,1,1,0,0.02,1,0,0,0,0,1,0,0,0,0,national
2025,AR,05143,Washington,54930032OCUOR526IR93,,1,1,0,0.02,0,1,0,0,0,0,1,0,0,0,national
2025,AR,05143,Washington,5493003L2LYA333BZY52,,1,1,0,0.02,1,0,0,0,0,1,0,0,0,0,national
2025,AR,05143,Washington,5493003QDHMW1W0GEH16,,1,1,0,0.02,1,0,0,0,0,1,0,0,0,0,national
2025,AR,05143,Washington,5493004RLLKTQS8K7U51,,1,1,0,0.02,1,0,0,0,0,1,0,0,0,0,national
2025,AR,05143,Washington,54930052M48FOD3CWA54,"PRIMARY RESIDENTIAL MORTGAGE, INC.",1,1,0,0.02,0,0,0,1,0,0,0,0,1,0,national
2025,AR,05143,Washington,5493005PKOSG7MYX0B34,"Prosperity Home Mortgage, LLC",6,1,0,0.02,3,3,0,0,0,0,1,0,0,0,national
2025,AR,05143,Washington,5493006KQF5UKZ3Y9N07,,1,1,0,0.02,0,0,1,0,0,0,0,1,0,0,national
2025,AR,05143,Washington,5493006RIR31ORKYB608,,1,1,0,0.02,0,1,0,0,0,0,1,0,0,0,national
2025,AR,05143,Washington,54930072OCHTUJOZQB56,Liberty Credit Union,1,1,0,0.02,1,0,0,0,0,1,0,0,0,0,national
2025,AR,05143,Washington,5493007BBMW58UQT5588,,1,1,0,0.02,1,0,0,0,0,1,0,0,0,0,national
2025,AR,05143,Washington,5493007IES1RWVUDDU23,,1,1,0,0.02,0,1,0,0,0,0,1,0,0,0,national
2025,AR,05143,Washington,5493008VVXQIDO1EZ460,"SUMMIT FUNDING, INC.",1,1,0,0.02,0,1,0,0,0,0,1,0,0,0,national
2025,AR,05143,Washington,54930095UWUUXAWASB02,"Atlantic Coast Mortgage, LLC",1,1,0,0.02,1,0,0,0,0,1,0,0,0,0,national
2025,AR,05143,Washington,5493009F6BJDCZMZ7Y26,,2,1,0,0.02,0,2,0,0,0,0,1,0,0,0,national
2025,AR,05143,Washington,549300A5HHOL2ED18C72,,3,1,2,0.02,3,0,0,0,0,1,0,0,0,0,national
2025,AR,05143,Washington,549300AG10BX85DF5S49,MLD MORTGAGE INC.,1,1,0,0.02,1,0,0,0,0,1,0,0,0,0,national
2025,AR,05143,Washington,549300ALNLUNS3Y53T24,AMERICAN FINANCING CORPORATION,11,1,7,0.02,2,7,2,0,0,0,0,1,0,0,national
2025,AR,05143,Washington,549300ASFUWYQO0RW077,,1,1,0,0.02,1,0,0,0,0,1,0,0,0,0,national
2025,AR,05143,Washington,549300ASIS4D2QDWH380,,2,1,0,0.02,1,1,0,0,0,1,0,0,0,0,national
2025,AR,05143,Washington,549300AT7EB9FJAF0E61,Old National Bank,1,1,0,0.02,1,0,0,0,0,1,0,0,0,0,national
2025,AR,05143,Washington,549300C04BJ0G297NC13,,1,1,0,0.02,1,0,0,0,0,1,0,0,0,0,national
2025,AR,05143,Washington,549300C1YZ5ZORJBI935,,1,1,0,0.02,1,0,0,0,0,1,0,0,0,0,national
2025,AR,05143,Washington,549300C8GOC4OYUV0Z32,,2,1,0,0.02,2,0,0,0,0,1,0,0,0,0,national
2025,AR,05143,Washington,549300CKG3JGNHH34D61,,1,1,0,0.02,1,0,0,0,0,1,0,0,0,0,national
2025,AR,05143,Washington,549300DE8TS4EYTPX729,"AFFORDABLE MORTGAGE ADVISORS, LLC",1,1,0,0.02,0,0,1,0,0,0,0,1,0,0,national
2025,AR,05143,Washington,549300EKFFG3BU8DNX74,NEXERA HOLDING LLC,3,1,0,0.02,3,0,0,0,0,1,0,0,0,0,national
2025,AR,05143,Washington,549300F04B6FGYBJY412,First State Community Bank,1,1,0,0.02,1,0,0,0,0,1,0,0,0,0,national
2025,AR,05143,Washington,549300GBMYUTNLY00W24,,1,1,0,0.02,1,0,0,0,0,1,0,0,0,0,national
2025,AR,05143,Washington,549300GQDT484LGI9C04,,4,1,0,0.02,4,0,0,0,0,1,0,0,0,0,national
2025,AR,05143,Washington,549300GWD9H4FQ2VR805,,1,1,0,0.02,1,0,0,0,0,1,0,0,0,0,national
2025,AR,05143,Washington,549300IBT3SCF2K09D58,,1,1,0,0.02,1,0,0,0,0,1,0,0,0,0,national
2025,AR,05143,Washington,549300INFJ8TYNZ1G568,,1,1,0,0.02,1,0,0,0,0,1,0,0,0,0,national
2025,AR,05143,Washington,549300IVURCTJ6QVMD67,,1,1,0,0.02,1,0,0,0,0,1,0,0,0,0,national
2025,AR,05143,Washington,549300JE6M4A1G4LPS75,,1,1,0,0.02,1,0,0,0,0,1,0,0,0,0,national
2025,AR,05143,Washington,549300JGK6WNKYXQ0821,,2,1,1,0.02,2,0,0,0,0,1,0,0,0,0,national
2025,AR,05143,Washington,549300JQALY53TH22D13,,1,1,0,0.02,1,0,0,0,0,1,0,0,0,0,national
2025,AR,05143,Washington,549300K2EV48DVSYNV15,,1,1,0,0.02,1,0,0,0,0,1,0,0,0,0,national
2025,AR,05143,Washington,549300KQHWNSVCE2MY88,,2,1,0,0.02,2,0,0,0,0,1,0,0,0,0,national
2025,AR,05143,Washington,549300KST6N97GYH0O45,,1,1,0,0.02,1,0,0,0,0,1,0,0,0,0,national
2025,AR,05143,Washington,549300L6SV1WXLO6BB96,,1,1,0,0.02,1,0,0,0,0,1,0,0,0,0,national
2025,AR,05143,Washington,549300L8JRY60EOROT34,,1,1,0,0.02,0,0,1,0,0,0,0,1,0,0,national
2025,AR,05143,Washington,549300L9MOPDT0NKE883,"Fidelity Bank, National Association",3,1,1,0.02,3,0,0,0,0,1,0,0,0,0,national
2025,AR,05143,Washington,549300LIZH7VW4DFJK44,,1,1,0,0.02,0,1,0,0,0,0,1,0,0,0,national
2025,AR,05143,Washington,549300LP3GMTWS4OB353,,1,1,0,0.02,0,1,0,0,0,0,1,0,0,0,national
2025,AR,05143,Washington,549300MCPCNPQAOB4032,GMFS LLC,1,1,0,0.02,1,0,0,0,0,1,0,0,0,0,national
2025,AR,05143,Washington,549300NFA0VY9215VV25,,4,1,0,0.02,2,2,0,0,0,1,0,0,0,0,national
2025,AR,05143,Washington,549300NN0PRX3I4QGG46,,1,1,0,0.02,1,0,0,0,0,1,0,0,0,0,national
2025,AR,05143,Washington,549300NWBS6MQJX15N44,,1,1,0,0.02,1,0,0,0,0,1,0,0,0,0,national
2025,AR,05143,Washington,549300O6Z0I6KYMESL47,AMWEST FUNDING CORP.,1,1,0,0.02,1,0,0,0,0,1,0,0,0,0,national
2025,AR,05143,Washington,549300OBO7DOF2KOP535,FirstBank,1,1,0,0.02,1,0,0,0,0,1,0,0,0,0,national
2025,AR,05143,Washington,549300OR2C7AGDZFTS24,,2,1,0,0.02,2,0,0,0,0,1,0,0,0,0,national
2025,AR,05143,Washington,549300OYEKEORA1GI088,,1,1,0,0.02,0,0,1,0,0,0,0,1,0,0,national
2025,AR,05143,Washington,549300P3JUY6QMZ8DY86,,1,1,0,0.02,1,0,0,0,0,1,0,0,0,0,national
2025,AR,05143,Washington,549300PGV74J5SPHTG47,Planters Bank & Trust Company,1,1,0,0.02,1,0,0,0,0,1,0,0,0,0,national
2025,AR,05143,Washington,549300Q8R70WLHGFLX73,,1,1,0,0.02,1,0,0,0,0,1,0,0,0,0,national
2025,AR,05143,Washington,549300QJOGSPJ8EAX798,,1,1,0,0.02,1,0,0,0,0,1,0,0,0,0,national
2025,AR,05143,Washington,549300QR0KFPEDZPEI42,STOCKTON MORTGAGE CORPORATION,4,1,0,0.02,2,0,2,0,0,0,0,1,0,0,national
2025,AR,05143,Washington,549300R7HGHP2I754087,TOWNE MORTGAGE COMPANY,2,1,0,0.02,0,2,0,0,0,0,1,0,0,0,national
2025,AR,05143,Washington,549300RD5IG88VPO6P22,,2,1,0,0.02,2,0,0,0,0,1,0,0,0,0,national
2025,AR,05143,Washington,549300RDN1T32WR2WF91,,1,1,0,0.02,1,0,0,0,0,1,0,0,0,0,national
2025,AR,05143,Washington,549300S5YL3OH0IVCS62,FINANCE OF AMERICA REVERSE LLC,3,1,1,0.02,0,3,0,0,0,0,1,0,0,0,national
2025,AR,05143,Washington,549300SK2GVCQXPD4S58,"SUN WEST MORTGAGE COMPANY, INC.",3,1,2,0.02,1,1,1,0,0,0,0,1,0,0,national
2025,AR,05143,Washington,549300T1KLQQ7B84EZ41,,1,1,0,0.02,1,0,0,0,0,1,0,0,0,0,national
2025,AR,05143,Washington,549300T3F9S1MKFKHC53,HOMESTEAD FUNDING CORP.,1,1,0,0.02,1,0,0,0,0,1,0,0,0,0,national
2025,AR,05143,Washington,549300T61O0X0RJMQ375,,1,1,0,0.02,1,0,0,0,0,1,0,0,0,0,national
2025,AR,05143,Washington,549300T9P3WXNMXX0I34,Ixonia Bank,2,1,0,0.02,1,1,0,0,0,0,1,0,0,0,national
2025,AR,05143,Washington,549300UMOKQUJLI81448,,1,1,0,0.02,1,0,0,0,0,1,0,0,0,0,national
2025,AR,05143,Washington,549300UT4EN6IH579Q63,,1,1,0,0.02,1,0,0,0,0,1,0,0,0,0,national
2025,AR,05143,Washington,549300UVOSI4XZZGUE14,,4,1,1,0.02,0,3,1,0,0,0,1,0,0,0,national
2025,AR,05143,Washington,549300VMX06UV1F7NS76,,1,1,0,0.02,1,0,0,0,0,1,0,0,0,0,national
2025,AR,05143,Washington,549300VRH8KD60XSZK39,,1,1,0,0.02,1,0,0,0,0,1,0,0,0,0,national
2025,AR,05143,Washington,549300W2LKZKSX67ZU02,,1,1,0,0.02,1,0,0,0,0,1,0,0,0,0,national
2025,AR,05143,Washington,549300WYBPIWKK6SQC06,Bell Bank,2,1,0,0.02,1,0,1,0,0,0,0,1,0,0,national
2025,AR,05143,Washington,549300XCVBRR56D08F03,,7,1,0,0.02,6,0,1,0,0,1,0,0,0,0,national
2025,AR,05143,Washington,549300YKBMBBIIMQJS94,Southern Bank,1,1,0,0.02,1,0,0,0,0,1,0,0,0,0,national
2025,AR,05143,Washington,7DMUJTL9FFTVIAG9H788,Commerce Bank,1,1,0,0.02,1,0,0,0,0,1,0,0,0,0,national
2025,AR,05143,Washington,B2S31CFVSWTN3FR00Q90,,1,1,0,0.02,1,0,0,0,0,1,0,0,0,0,national
2025,AR,05143,Washington,C398JSK21YCXWM603F55,"Barrington Bank & Trust Company, National Association",3,1,1,0.02,2,1,0,0,0,1,0,0,0,0,national
2025,AR,05143,Washington,D8RBTOL3JO2Q6IEO0F34,Origin Bank,1,1,0,0.02,1,0,0,0,0,1,0,0,0,0,national
2025,AR,05143,Washington,PS6WLKTYGZOKK05G5O59,,1,1,0,0.02,1,0,0,0,0,1,0,0,0,0,national
2025,AR,05143,Washington,QFROUN1UWUYU0DVIWD51,"Eagle Home Mortgage, LLC",1,1,0,0.02,1,0,0,0,0,1,0,0,0,0,national
2025,AR,05143,Washington,WKN6AF1FCL7BBYGTGI83,,1,1,0,0.02,1,0,0,0,0,1,0,0,0,0,national
2025,AR,05143,Washington,549300Q3ROEQU3D1IW91,,12,0,10,0.0,12,0,0,0,0,0,0,0,0,0,national
2025,AR,05143,Washington,549300RM1IZYGQDSNL85,,6,0,0,0.0,0,4,2,0,0,0,0,0,0,0,national
2025,AR,05145,White,549300IEIM2IT5YK4368,First Community Bank,329,248,12,14.31,214,79,16,20,0,162,60,12,14,0,national
2025,AR,05145,White,254900561K135J92VD38,First Security Bank,210,183,9,10.56,172,25,3,10,0,152,18,3,10,0,national
2025,AR,05145,White,549300FGXN1K3HLB1R50,"Rocket Mortgage, LLC",162,107,41,6.17,95,44,23,0,0,62,30,15,0,0,national
2025,AR,05145,White,549300HIKKZQ0TVJWA08,ARKANSAS FEDERAL CREDIT UNION,195,92,40,5.31,191,0,3,1,0,89,0,3,0,0,national
2025,AR,05145,White,549300LXKO1O7CSK5J52,"FLAT BRANCH MORTGAGE, INC.",108,91,0,5.25,37,31,19,21,0,34,28,13,16,0,national
2025,AR,05145,White,549300DPRWSBUY619V27,Simmons Bank,115,89,9,5.14,91,11,2,11,0,70,8,2,9,0,national
2025,AR,05145,White,2549007JQKHU8KQ0FC19,"FIRSTTRUST HOME LOANS, INC.",97,82,0,4.73,36,21,11,29,0,31,17,9,25,0,national
2025,AR,05145,White,EQTWLK1G7ODGC2MGLV11,Regions Bank,136,72,45,4.15,131,3,0,2,0,71,1,0,0,0,national
2025,AR,05145,White,549300XQVJ1XBNFA5536,21ST MORTGAGE CORPORATION,190,49,69,2.83,190,0,0,0,0,49,0,0,0,0,national
2025,AR,05145,White,549300DD5QQUHO6PCH70,"MORTGAGE RESEARCH CENTER, LLC",86,43,15,2.48,7,2,76,1,0,2,2,38,1,0,national
2025,AR,05145,White,549300HW662MN1WU8550,"United Wholesale Mortgage, LLC",59,43,8,2.48,10,10,37,2,0,9,5,27,2,0,national
2025,AR,05145,White,549300YKBMBBIIMQJS94,Southern Bank,40,30,3,1.73,38,0,0,2,0,29,0,0,1,0,national
2025,AR,05145,White,549300LP3GMTWS4OB353,,33,27,0,1.56,9,14,10,0,0,7,11,9,0,0,national
2025,AR,05145,White,549300BEFX6JRSCS5N78,Centennial Bank,52,26,14,1.5,43,3,3,3,0,20,2,2,2,0,national
2025,AR,05145,White,549300LYRWPSYPK6S325,FREEDOM MORTGAGE CORPORATION,51,25,5,1.44,3,21,27,0,0,0,10,15,0,0,national
2025,AR,05145,White,RVDPPPGHCGZ40J4VQ731,"PENNYMAC LOAN SERVICES, LLC",46,22,3,1.27,18,15,11,2,0,10,6,6,0,0,national
2025,AR,05145,White,549300B4IYL7TZT8FA34,,30,18,1,1.04,9,9,1,11,0,7,4,0,7,0,national
2025,AR,05145,White,5493001SXWZ4OFP8Z903,"DHI MORTGAGE COMPANY, LTD.",22,17,1,0.98,13,6,1,2,0,11,4,1,1,0,national
2025,AR,05145,White,5493000YNV8IX4VD3X12,"VANDERBILT MORTGAGE AND FINANCE, INC.",146,14,70,0.81,146,0,0,0,0,14,0,0,0,0,national
2025,AR,05145,White,549300LBCBNR1OT00651,NATIONSTAR MORTGAGE LLC,19,14,0,0.81,13,3,3,0,0,9,3,2,0,0,national
2025,AR,05145,White,COINQMNIM6RBU631DD85,Arvest Bank,27,14,5,0.81,20,5,2,0,0,11,2,1,0,0,national
2025,AR,05145,White,549300VRH8KD60XSZK39,,15,12,0,0.69,15,0,0,0,0,12,0,0,0,0,national
2025,AR,05145,White,5493002B2WMHY23GFK92,"AMERICAN FINANCIAL RESOURCES, INC.",12,11,0,0.63,0,6,5,1,0,0,6,4,1,0,national
2025,AR,05145,White,549300AG64NHILB7ZP05,"LOANDEPOT.COM, LLC",32,11,16,0.63,19,11,2,0,0,7,3,1,0,0,national
2025,AR,05145,White,5493003GQDUH26DNNH17,Navy Federal Credit Union,25,10,7,0.58,16,0,9,0,0,4,0,6,0,0,national
2025,AR,05145,White,5493009F6BJDCZMZ7Y26,,14,10,0,0.58,5,4,1,4,0,5,3,0,2,0,national
2025,AR,05145,White,549300GTVXJ2PGXNLM73,T2 FINANCIAL LLC,13,10,2,0.58,1,5,2,5,0,1,4,1,4,0,national
2025,AR,05145,White,549300E2UX99HKDBR481,"NEW AMERICAN FUNDING, LLC",33,9,1,0.52,8,22,3,0,0,2,6,1,0,0,national
2025,AR,05145,White,549300FNXYY540N23N64,Newrez LLC,28,9,8,0.52,9,12,6,1,0,2,3,3,1,0,national
2025,AR,05145,White,6BYL5QZYBDK8S7L73M02,U.S. Bank National Association,23,9,9,0.52,23,0,0,0,0,9,0,0,0,0,national
2025,AR,05145,White,254900CNZPI5WN45KW48,First Financial Bank,9,8,1,0.46,6,3,0,0,0,5,3,0,0,0,national
2025,AR,05145,White,254900UL88QFG0E40516,FIGURE LENDING LLC,15,8,3,0.46,15,0,0,0,0,8,0,0,0,0,national
2025,AR,05145,White,549300CB67L6KPJLHE19,"TRIAD FINANCIAL SERVICES, INC.",63,8,34,0.46,63,0,0,0,0,8,0,0,0,0,national
2025,AR,05145,White,549300GY4NTTEM7WWB64,,16,8,1,0.46,3,11,0,2,0,1,5,0,2,0,national
2025,AR,05145,White,549300H3IZO24NSOO931,"LENNAR MORTGAGE, LLC",11,8,1,0.46,3,5,2,1,0,2,3,2,1,0,national
2025,AR,05145,White,549300SUCQ1358EGVE89,"NEW DAY FINANCIAL, LLC",48,8,13,0.46,0,0,48,0,0,0,0,8,0,0,national
2025,AR,05145,White,5493001GCBD5XGNIC815,Coastal Community Bank,35,7,0,0.4,35,0,0,0,0,7,0,0,0,0,national
2025,AR,05145,White,5493007ASPHNTEYEZ797,,9,7,0,0.4,4,2,3,0,0,2,2,3,0,0,national
2025,AR,05145,White,549300VCMRO4ST680C11,VILLAGE CAPITAL & INVESTMENT LLC,17,7,2,0.4,0,1,16,0,0,0,0,7,0,0,national
2025,AR,05145,White,549300YIQ7S7Z8PIHE53,AMERISAVE MORTGAGE CORPORATION,35,7,23,0.4,17,15,3,0,0,5,2,0,0,0,national
2025,AR,05145,White,C5654JQHZUHN0772B561,USAA Federal Savings Bank,13,7,3,0.4,6,0,7,0,0,3,0,4,0,0,national
2025,AR,05145,White,549300249G20MDIDRR27,,18,6,2,0.35,14,3,1,0,0,5,1,0,0,0,national
2025,AR,05145,White,54930039OWZFM2IGRN69,,6,6,0,0.35,2,1,2,1,0,2,1,2,1,0,national
2025,AR,05145,White,549300DG3IV05V4C4E03,EUSTIS MORTGAGE CORPORATION,6,6,0,0.35,2,2,2,0,0,2,2,2,0,0,national
2025,AR,05145,White,549300QFP6J5QSZVF805,Eagle Bank and Trust Company,10,6,1,0.35,6,1,2,1,0,3,0,2,1,0,national
2025,AR,05145,White,549300R0SXC1JU7ZU290,"FIRST COMMUNITY MORTGAGE, INC.",6,6,0,0.35,2,3,1,0,0,2,3,1,0,0,national
2025,AR,05145,White,54930052M48FOD3CWA54,"PRIMARY RESIDENTIAL MORTGAGE, INC.",8,5,0,0.29,3,2,1,2,0,2,2,1,0,0,national
2025,AR,05145,White,549300AQ3T62GXDU7D76,GUILD MORTGAGE COMPANY LLC,7,5,0,0.29,2,4,1,0,0,1,3,1,0,0,national
2025,AR,05145,White,549300KHXD7JSQUZIJ22,"HIGHLANDS RESIDENTIAL MORTGAGE, LTD.",5,5,0,0.29,3,2,0,0,0,3,2,0,0,0,national
2025,AR,05145,White,549300RP4LE08QWSLQ50,,5,5,0,0.29,5,0,0,0,0,5,0,0,0,0,national
2025,AR,05145,White,549300VYK2WBD7SST478,Bank OZK,13,5,5,0.29,10,2,0,1,0,4,1,0,0,0,national
2025,AR,05145,White,549300VZVN841I2ILS84,"CROSSCOUNTRY MORTGAGE, LLC",11,5,0,0.29,6,4,1,0,0,3,1,1,0,0,national
2025,AR,05145,White,7H6GLXDRUGQFU57RNE97,"JPMorgan Chase Bank, National Association",9,5,0,0.29,8,1,0,0,0,4,1,0,0,0,national
2025,AR,05145,White,C398JSK21YCXWM603F55,"Barrington Bank & Trust Company, National Association",5,5,0,0.29,1,1,3,0,0,1,1,3,0,0,national
2025,AR,05145,White,5493000V86JDJLM0OV13,,4,4,0,0.23,4,0,0,0,0,4,0,0,0,0,national
2025,AR,05145,White,5493001GDRY0EL7VG372,"ARK-LA-TEX FINANCIAL SERVICES, LLC.",4,4,0,0.23,1,3,0,0,0,1,3,0,0,0,national
2025,AR,05145,White,5493008ETVHBTJEF0O91,,4,4,0,0.23,4,0,0,0,0,4,0,0,0,0,national
2025,AR,05145,White,549300K4ZLGS7SRDTL86,Equity Prime Mortgage LLC,9,4,2,0.23,0,4,5,0,0,0,1,3,0,0,national
2025,AR,05145,White,549300PIL8LFAQ04XC20,Better Mortgage Corporation,12,4,6,0.23,12,0,0,0,0,4,0,0,0,0,national
2025,AR,05145,White,549300QR0KFPEDZPEI42,STOCKTON MORTGAGE CORPORATION,4,4,0,0.23,1,2,1,0,0,1,2,1,0,0,national
2025,AR,05145,White,549300YN94MOAVYW0F52,"GoodLeap, LLC",9,4,1,0.23,5,3,1,0,0,3,1,0,0,0,national
2025,AR,05145,White,213800XR2TCBQJSF1X93,,3,3,0,0.17,3,0,0,0,0,3,0,0,0,0,national
2025,AR,05145,White,25490066WMF8ZMQXQB18,"Lendage, LLC",4,3,1,0.17,4,0,0,0,0,3,0,0,0,0,national
2025,AR,05145,White,54930009DUZUXUZIDL84,,5,3,0,0.17,5,0,0,0,0,3,0,0,0,0,national
2025,AR,05145,White,54930049L5WINET09Q97,"CLICK N' CLOSE, INC.",3,3,0,0.17,1,1,1,0,0,1,1,1,0,0,national
2025,AR,05145,White,5493006RIR31ORKYB608,,3,3,0,0.17,3,0,0,0,0,3,0,0,0,0,national
2025,AR,05145,White,549300GKFNPRWNS0GF29,"AmeriHome Mortgage Company, LLC",8,3,0,0.17,2,4,0,2,0,2,1,0,0,0,national
2025,AR,05145,White,549300IJ8KTGYPKLXK63,,4,3,0,0.17,2,0,2,0,0,2,0,1,0,0,national
2025,AR,05145,White,549300S8CJG5MSY8BH57,,5,3,1,0.17,3,1,1,0,0,3,0,0,0,0,national
2025,AR,05145,White,549300XY701IELCE5Q08,BETTER MORTGAGE CORPORATION,9,3,0,0.17,8,1,0,0,0,2,1,0,0,0,national
2025,AR,05145,White,549300Y4CEEGC4KCFI45,,3,3,0,0.17,3,0,0,0,0,3,0,0,0,0,national
2025,AR,05145,White,COOWI3L2W9TPYR3WJX37,First Horizon Bank,8,3,2,0.17,5,0,3,0,0,1,0,2,0,0,national
2025,AR,05145,White,KB1H1DSPRFMYMCUFXT09,"Wells Fargo Bank, National Association",5,3,1,0.17,5,0,0,0,0,3,0,0,0,0,national
2025,AR,05145,White,2549001SI0EMFPT39035,"Cornerstone First Mortgage, Inc",2,2,0,0.12,1,0,1,0,0,1,0,1,0,0,national
2025,AR,05145,White,254900HA4DQWAE0W3342,"AMERIHOME MORTGAGE COMPANY, LLC",4,2,0,0.12,1,2,1,0,0,1,1,0,0,0,national
2025,AR,05145,White,254900RD08FFMO7DRN13,,2,2,0,0.12,2,0,0,0,0,2,0,0,0,0,national
2025,AR,05145,White,5493000LJB0L73TDJT41,,2,2,0,0.12,2,0,0,0,0,2,0,0,0,0,national
2025,AR,05145,White,54930021WPEXNHYZUL09,"PLANET HOME LENDING, LLC",5,2,3,0.12,2,1,2,0,0,1,0,1,0,0,national
2025,AR,05145,White,54930030Z1JWTP3SVD16,,2,2,0,0.12,0,2,0,0,0,0,2,0,0,0,national
2025,AR,05145,White,549300370QILXLFUWD20,"ZILLOW HOME LOANS, LLC",3,2,0,0.12,3,0,0,0,0,2,0,0,0,0,national
2025,AR,05145,White,5493004EVKOLRF3JI477,,3,2,1,0.12,3,0,0,0,0,2,0,0,0,0,national
2025,AR,05145,White,549300BREPLU2KKPI102,The First National Bank of Fort Smith,2,2,0,0.12,0,2,0,0,0,0,2,0,0,0,national
2025,AR,05145,White,549300BX448ALT10FI43,The Federal Savings Bank,8,2,2,0.12,0,2,6,0,0,0,0,2,0,0,national
2025,AR,05145,White,549300CCQSH6ZSQHNS49,,2,2,0,0.12,2,0,0,0,0,2,0,0,0,0,national
2025,AR,05145,White,549300DFQP4S0ZYOBT18,,2,2,0,0.12,2,0,0,0,0,2,0,0,0,0,national
2025,AR,05145,White,549300MGPZBLQDIL7538,FAIRWAY INDEPENDENT MORTGAGE CORPORATION,2,2,0,0.12,1,1,0,0,0,1,1,0,0,0,national
2025,AR,05145,White,549300OPCWU6E72WUT29,"MUTUAL OF OMAHA MORTGAGE, INC.",9,2,1,0.12,6,3,0,0,0,2,0,0,0,0,national
2025,AR,05145,White,549300PBTV7FCWLSMM53,,5,2,0,0.12,0,0,5,0,0,0,0,2,0,0,national
2025,AR,05145,White,549300PEWJWBNEOSS013,,3,2,0,0.12,2,0,0,1,0,2,0,0,0,0,national
2025,AR,05145,White,549300PKEQ3Q9S0IXW76,UNITED FEDERAL CREDIT UNION,6,2,4,0.12,6,0,0,0,0,2,0,0,0,0,national
2025,AR,05145,White,549300RN01LBYR8ZVX74,"LOWER, LLC",5,2,1,0.12,1,2,1,1,0,1,1,0,0,0,national
2025,AR,05145,White,549300RPOGWJRH63HS39,UNION HOME MORTGAGE CORP.,2,2,0,0.12,1,0,1,0,0,1,0,1,0,0,national
2025,AR,05145,White,549300T9P3WXNMXX0I34,Ixonia Bank,2,2,0,0.12,1,0,1,0,0,1,0,1,0,0,national
2025,AR,05145,White,549300U3721PJGQZYY68,"GUARANTEED RATE, INC.",7,2,1,0.12,4,0,3,0,0,0,0,2,0,0,national
2025,AR,05145,White,549300UG7QXKM7KGV847,,2,2,0,0.12,1,0,1,0,0,1,0,1,0,0,national
2025,AR,05145,White,AD6GFRVSDT01YPT1CS68,"PNC Bank, National Association",5,2,1,0.12,5,0,0,0,0,2,0,0,0,0,national
2025,AR,05145,White,B4TYDEB6GKMZO031MB27,"Bank of America, National Association",5,2,3,0.12,5,0,0,0,0,2,0,0,0,0,national
2025,AR,05145,White,DRMSV1Q0EKMEXLAU1P80,"Citizens Bank, National Association",4,2,2,0.12,4,0,0,0,0,2,0,0,0,0,national
2025,AR,05145,White,JJKC32MCHWDI71265Z06,Truist Bank,4,2,1,0.12,4,0,0,0,0,2,0,0,0,0,national
2025,AR,05145,White,PAOOWF3GUFM46FBSP561,,5,2,0,0.12,4,0,1,0,0,1,0,1,0,0,national
2025,AR,05145,White,X05BVSK68TQ7YTOSNR22,Discover Bank,7,2,4,0.12,7,0,0,0,0,2,0,0,0,0,national
2025,AR,05145,White,2549005SIVTHG14U2905,A&D Mortgage LLC,2,1,0,0.06,2,0,0,0,0,1,0,0,0,0,national
2025,AR,05145,White,25490072C0PMGDUJQU77,,1,1,0,0.06,1,0,0,0,0,1,0,0,0,0,national
2025,AR,05145,White,2549007AU24FVDMNUB40,,2,1,1,0.06,2,0,0,0,0,1,0,0,0,0,national
2025,AR,05145,White,2549008TT6UNYR7AXF54,,2,1,0,0.06,0,0,2,0,0,0,0,1,0,0,national
2025,AR,05145,White,254900DTLHVWQ7NP7R34,"CMG Mortgage, Inc.",1,1,0,0.06,1,0,0,0,0,1,0,0,0,0,national
2025,AR,05145,White,254900NZOY3XB2DNSZ34,,1,1,0,0.06,1,0,0,0,0,1,0,0,0,0,national
2025,AR,05145,White,254900RM3T6WAVE6SA24,,1,1,0,0.06,1,0,0,0,0,1,0,0,0,0,national
2025,AR,05145,White,254900RUCO27MVGTO768,LOAN FUNDER LLC,1,1,0,0.06,1,0,0,0,0,1,0,0,0,0,national
2025,AR,05145,White,254900WEP08K7U7S3A80,,1,1,0,0.06,0,1,0,0,0,0,1,0,0,0,national
2025,AR,05145,White,5493000JFVFQFL816N45,ENCORE BANK,3,1,1,0.06,3,0,0,0,0,1,0,0,0,0,national
2025,AR,05145,White,5493001EXVWX6Q13MY44,,1,1,0,0.06,1,0,0,0,0,1,0,0,0,0,national
2025,AR,05145,White,5493001WHVQBGRSWEU75,"HOMEBRIDGE FINANCIAL SERVICES, INC.",2,1,1,0.06,0,1,1,0,0,0,0,1,0,0,national
2025,AR,05145,White,54930020YWIK7HGH2R34,,1,1,0,0.06,0,1,0,0,0,0,1,0,0,0,national
2025,AR,05145,White,5493002Y5XYV7DV1ZV88,"GOLD STAR MORTGAGE FINANCIAL GROUP, CORPORATION",2,1,0,0.06,2,0,0,0,0,1,0,0,0,0,national
2025,AR,05145,White,54930034MNPILHP25H80,Gateway First Bank,1,1,0,0.06,1,0,0,0,0,1,0,0,0,0,national
2025,AR,05145,White,5493003EW6T31TGECO83,,2,1,1,0.06,2,0,0,0,0,1,0,0,0,0,national
2025,AR,05145,White,5493004AS1SPBQOFDR49,"Change Lending, LLC",1,1,0,0.06,0,0,1,0,0,0,0,1,0,0,national
2025,AR,05145,White,5493004RLLKTQS8K7U51,,1,1,0,0.06,1,0,0,0,0,1,0,0,0,0,national
2025,AR,05145,White,54930054ET8KM4O1D485,"SOFI BANK, NATIONAL ASSOCIATION",5,1,2,0.06,3,1,1,0,0,0,0,1,0,0,national
2025,AR,05145,White,5493005PKOSG7MYX0B34,"Prosperity Home Mortgage, LLC",2,1,0,0.06,0,0,2,0,0,0,0,1,0,0,national
2025,AR,05145,White,54930067KY3OO1D8HC58,ASSOCIATED MORTGAGE CORPORATION,1,1,0,0.06,0,0,0,1,0,0,0,0,1,0,national
2025,AR,05145,White,5493007B7MEWKMDWUZ73,Guaranty Bank And Trust Company,2,1,1,0.06,1,0,1,0,0,1,0,0,0,0,national
2025,AR,05145,White,5493007BBMW58UQT5588,,1,1,0,0.06,1,0,0,0,0,1,0,0,0,0,national
2025,AR,05145,White,5493007CXTOHZ2JBEJ61,"THE MORTGAGE FIRM, INC.",1,1,0,0.06,0,0,0,1,0,0,0,0,1,0,national
2025,AR,05145,White,54930091JQKCU3Z6IP44,,2,1,1,0.06,2,0,0,0,0,1,0,0,0,0,national
2025,AR,05145,White,549300ALNLUNS3Y53T24,AMERICAN FINANCING CORPORATION,4,1,1,0.06,0,4,0,0,0,0,1,0,0,0,national
2025,AR,05145,White,549300ASFUWYQO0RW077,,1,1,0,0.06,1,0,0,0,0,1,0,0,0,0,national
2025,AR,05145,White,549300BLL6VL7AXWYP56,CHURCHILL MORTGAGE CORPORATION,3,1,0,0.06,2,1,0,0,0,0,1,0,0,0,national
2025,AR,05145,White,549300CUUEEQ66ZVK149,,2,1,1,0.06,0,2,0,0,0,0,1,0,0,0,national
2025,AR,05145,White,549300EFCZM6KD6B8K69,MORTGAGE ACCESS CORP.,1,1,0,0.06,0,0,1,0,0,0,0,1,0,0,national
2025,AR,05145,White,549300FX7K8PTEQUU487,PENTAGON FEDERAL CREDIT UNION,1,1,0,0.06,1,0,0,0,0,1,0,0,0,0,national
2025,AR,05145,White,549300G5DVGM0ZHRQC33,,1,1,0,0.06,0,0,1,0,0,0,0,1,0,0,national
2025,AR,05145,White,549300GDAFL5HNJKDR03,,1,1,0,0.06,1,0,0,0,0,1,0,0,0,0,national
2025,AR,05145,White,549300GMJ6RM02VXK542,,1,1,0,0.06,1,0,0,0,0,1,0,0,0,0,national
2025,AR,05145,White,549300HTRLFU2IIL4380,,8,1,5,0.06,8,0,0,0,0,1,0,0,0,0,national
2025,AR,05145,White,549300IX6RAX31C1BI75,,1,1,0,0.06,1,0,0,0,0,1,0,0,0,0,national
2025,AR,05145,White,549300JQEF6V2RNWCC75,Southern Bancorp Bank,1,1,0,0.06,1,0,0,0,0,1,0,0,0,0,national
2025,AR,05145,White,549300K6K2IS7FRS7S09,,3,1,0,0.06,3,0,0,0,0,1,0,0,0,0,national
2025,AR,05145,White,549300KJ8PAJ7E52HG32,Plains Commerce Bank,1,1,0,0.06,1,0,0,0,0,1,0,0,0,0,national
2025,AR,05145,White,549300KPHGEE40YQXO21,,1,1,0,0.06,1,0,0,0,0,1,0,0,0,0,national
2025,AR,05145,White,549300LAQ3M8E5I08F43,,1,1,0,0.06,1,0,0,0,0,1,0,0,0,0,national
2025,AR,05145,White,549300LROQOOQU77WS20,,1,1,0,0.06,1,0,0,0,0,1,0,0,0,0,national
2025,AR,05145,White,549300MVSM4XYFQL3X62,BARKSDALE,2,1,1,0.06,2,0,0,0,0,1,0,0,0,0,national
2025,AR,05145,White,549300MZ8VZJOVC63092,"KIND LENDING, LLC",5,1,3,0.06,2,1,1,1,0,1,0,0,0,0,national
2025,AR,05145,White,549300NB3SBC1KHAWB92,GERSHMAN INVESTMENT CORP.,1,1,0,0.06,1,0,0,0,0,1,0,0,0,0,national
2025,AR,05145,White,549300NOCASXPA34X033,"LAKEVIEW LOAN SERVICING, LLC",11,1,3,0.06,3,5,3,0,0,1,0,0,0,0,national
2025,AR,05145,White,549300PJ2WT35S77Q208,,3,1,2,0.06,1,0,0,2,0,0,0,0,1,0,national
2025,AR,05145,White,549300PQLK8E48ILXV41,,3,1,0,0.06,3,0,0,0,0,1,0,0,0,0,national
2025,AR,05145,White,549300Q3ROEQU3D1IW91,,61,1,57,0.06,61,0,0,0,0,1,0,0,0,0,national
2025,AR,05145,White,549300QWJ3UDIX8KBP64,,1,1,0,0.06,1,0,0,0,0,1,0,0,0,0,national
2025,AR,05145,White,549300R7HGHP2I754087,TOWNE MORTGAGE COMPANY,1,1,0,0.06,0,1,0,0,0,0,1,0,0,0,national
2025,AR,05145,White,549300R9S3MVDV4MGF56,"CARRINGTON MORTGAGE SERVICES, LLC",6,1,4,0.06,3,2,1,0,0,0,1,0,0,0,national
2025,AR,05145,White,549300TA4MQM8WN2XG31,,1,1,0,0.06,1,0,0,0,0,1,0,0,0,0,national
2025,AR,05145,White,549300U7UH8QCS8WQ406,,1,1,0,0.06,1,0,0,0,0,1,0,0,0,0,national
2025,AR,05145,White,549300UMOKQUJLI81448,,1,1,0,0.06,1,0,0,0,0,1,0,0,0,0,national
2025,AR,05145,White,549300UVOSI4XZZGUE14,,1,1,0,0.06,0,1,0,0,0,0,1,0,0,0,national
2025,AR,05145,White,549300VORTI31GZTJL53,"CARDINAL FINANCIAL COMPANY, LIMITED PARTNERSHIP",4,1,1,0.06,3,1,0,0,0,1,0,0,0,0,national
2025,AR,05145,White,549300XCVBRR56D08F03,,1,1,0,0.06,1,0,0,0,0,1,0,0,0,0,national
2025,AR,05145,White,549300YMIOLU51FSTO86,"CONSTRUCTIVE LOANS, LLC",1,1,0,0.06,1,0,0,0,0,1,0,0,0,0,national
2025,AR,05145,White,PINLJ7T7GLTF48NFP863,,2,1,1,0.06,2,0,0,0,0,1,0,0,0,0,national
2025,AR,05145,White,QFROUN1UWUYU0DVIWD51,"Eagle Home Mortgage, LLC",1,1,0,0.06,1,0,0,0,0,1,0,0,0,0,national
2025,AR,05145,White,SS1TRMSN6BRNMOREEV51,"Flagstar Bank, National Association",1,1,0,0.06,0,1,0,0,0,0,1,0,0,0,national
2025,AR,05145,White,WWB2V0FCW3A0EE3ZJN75,Manufacturers and Traders Trust Company,1,1,0,0.06,0,1,0,0,0,0,1,0,0,0,national
2025,AR,05145,White,549300RM1IZYGQDSNL85,,5,0,0,0.0,0,0,5,0,0,0,0,0,0,0,national
