year,state,county_fips,county_name,lei,institution_name,applications,originations,denials,market_share_orig_pct,apps_conventional,apps_fha,apps_va,apps_usda_other,apps_other_loan_type,orig_conventional,orig_fha,orig_va,orig_usda_other,orig_other_loan_type,priority_market
2025,SD,46011,Brookings,549300IQ5NY7CSJLZW53,FIRST BANK & TRUST,296,214,29,41.23,280,10,4,2,0,204,5,4,1,0,national
2025,SD,46011,Brookings,549300U3721PJGQZYY68,"GUARANTEED RATE, INC.",56,45,2,8.67,36,12,8,0,0,27,10,8,0,0,national
2025,SD,46011,Brookings,549300KJ8PAJ7E52HG32,Plains Commerce Bank,36,23,2,4.43,21,9,6,0,0,14,5,4,0,0,national
2025,SD,46011,Brookings,549300FGXN1K3HLB1R50,"Rocket Mortgage, LLC",23,18,2,3.47,14,6,3,0,0,11,5,2,0,0,national
2025,SD,46011,Brookings,549300Q76VHK6FGPX546,Central Bank,21,17,0,3.28,20,1,0,0,0,16,1,0,0,0,national
2025,SD,46011,Brookings,549300UQPFB0RR8JCA42,Dacotah Bank,17,14,1,2.7,16,0,1,0,0,13,0,1,0,0,national
2025,SD,46011,Brookings,549300Z77WUYJM3QG591,First PREMIER Bank,15,12,1,2.31,12,2,1,0,0,10,1,1,0,0,national
2025,SD,46011,Brookings,549300VORTI31GZTJL53,"CARDINAL FINANCIAL COMPANY, LIMITED PARTNERSHIP",14,10,1,1.93,11,1,1,1,0,7,1,1,1,0,national
2025,SD,46011,Brookings,549300DD5QQUHO6PCH70,"MORTGAGE RESEARCH CENTER, LLC",16,9,2,1.73,0,1,15,0,0,0,1,8,0,0,national
2025,SD,46011,Brookings,5493007YN2BYYXCI7W64,"BANKWEST, INC.",12,8,2,1.54,11,1,0,0,0,7,1,0,0,0,national
2025,SD,46011,Brookings,549300MGPZBLQDIL7538,FAIRWAY INDEPENDENT MORTGAGE CORPORATION,10,7,1,1.35,3,5,0,2,0,1,4,0,2,0,national
2025,SD,46011,Brookings,549300T1ONVEMLQ4B629,First Dakota National Bank,7,7,0,1.35,7,0,0,0,0,7,0,0,0,0,national
2025,SD,46011,Brookings,KB1H1DSPRFMYMCUFXT09,"Wells Fargo Bank, National Association",10,7,0,1.35,9,0,1,0,0,6,0,1,0,0,national
2025,SD,46011,Brookings,5493003GQDUH26DNNH17,Navy Federal Credit Union,6,6,0,1.16,2,0,4,0,0,2,0,4,0,0,national
2025,SD,46011,Brookings,549300HW662MN1WU8550,"United Wholesale Mortgage, LLC",6,6,0,1.16,3,1,2,0,0,3,1,2,0,0,national
2025,SD,46011,Brookings,549300LYRWPSYPK6S325,FREEDOM MORTGAGE CORPORATION,11,5,1,0.96,0,5,6,0,0,0,2,3,0,0,national
2025,SD,46011,Brookings,549300T03X096VF60C57,American Bank & Trust,6,4,1,0.77,6,0,0,0,0,4,0,0,0,0,national
2025,SD,46011,Brookings,213800XR2TCBQJSF1X93,,3,3,0,0.58,3,0,0,0,0,3,0,0,0,0,national
2025,SD,46011,Brookings,254900KSUTZO899YU680,,3,3,0,0.58,3,0,0,0,0,3,0,0,0,0,national
2025,SD,46011,Brookings,254900UL88QFG0E40516,FIGURE LENDING LLC,4,3,0,0.58,4,0,0,0,0,3,0,0,0,0,national
2025,SD,46011,Brookings,5493002LPXKMOZNXUY90,First International Bank & Trust,3,3,0,0.58,2,1,0,0,0,2,1,0,0,0,national
2025,SD,46011,Brookings,54930054ET8KM4O1D485,"SOFI BANK, NATIONAL ASSOCIATION",5,3,0,0.58,5,0,0,0,0,3,0,0,0,0,national
2025,SD,46011,Brookings,5493006JISETNI0GLE61,,5,3,1,0.58,5,0,0,0,0,3,0,0,0,0,national
2025,SD,46011,Brookings,549300FNXYY540N23N64,Newrez LLC,5,3,0,0.58,2,1,2,0,0,1,0,2,0,0,national
2025,SD,46011,Brookings,549300RBJCM5B02O5U05,Northwest Bank,3,3,0,0.58,3,0,0,0,0,3,0,0,0,0,national
2025,SD,46011,Brookings,549300REHZOIYMHDPI61,Levo Federal Credit Union,3,3,0,0.58,3,0,0,0,0,3,0,0,0,0,national
2025,SD,46011,Brookings,549300RFSMIRUODUVW59,First Interstate Bank,9,3,3,0.58,9,0,0,0,0,3,0,0,0,0,national
2025,SD,46011,Brookings,549300VZVN841I2ILS84,"CROSSCOUNTRY MORTGAGE, LLC",3,3,0,0.58,2,0,1,0,0,2,0,1,0,0,national
2025,SD,46011,Brookings,549300YIQ7S7Z8PIHE53,AMERISAVE MORTGAGE CORPORATION,10,3,5,0.58,6,2,2,0,0,2,0,1,0,0,national
2025,SD,46011,Brookings,7H6GLXDRUGQFU57RNE97,"JPMorgan Chase Bank, National Association",5,3,0,0.58,5,0,0,0,0,3,0,0,0,0,national
2025,SD,46011,Brookings,Q107R4XFOZ6F6K73C488,The First National Bank in Sioux Falls,5,3,0,0.58,5,0,0,0,0,3,0,0,0,0,national
2025,SD,46011,Brookings,213800M6RMI3YBX62W88,"CORTRUST MORTGAGE, INC.",2,2,0,0.39,2,0,0,0,0,2,0,0,0,0,national
2025,SD,46011,Brookings,254900PHRI1MCM69UM20,,2,2,0,0.39,2,0,0,0,0,2,0,0,0,0,national
2025,SD,46011,Brookings,5493001GCBD5XGNIC815,Coastal Community Bank,8,2,0,0.39,8,0,0,0,0,2,0,0,0,0,national
2025,SD,46011,Brookings,54930021WPEXNHYZUL09,"PLANET HOME LENDING, LLC",2,2,0,0.39,1,0,1,0,0,1,0,1,0,0,national
2025,SD,46011,Brookings,549300AG64NHILB7ZP05,"LOANDEPOT.COM, LLC",8,2,2,0.39,4,1,3,0,0,1,0,1,0,0,national
2025,SD,46011,Brookings,549300ALNLUNS3Y53T24,AMERICAN FINANCING CORPORATION,3,2,0,0.39,1,1,1,0,0,1,1,0,0,0,national
2025,SD,46011,Brookings,549300BLL6VL7AXWYP56,CHURCHILL MORTGAGE CORPORATION,2,2,0,0.39,2,0,0,0,0,2,0,0,0,0,national
2025,SD,46011,Brookings,549300KCR7QWQQCWBG94,,2,2,0,0.39,2,0,0,0,0,2,0,0,0,0,national
2025,SD,46011,Brookings,549300KER3YVZ3U5RK57,VERIDIAN CREDIT UNION,2,2,0,0.39,2,0,0,0,0,2,0,0,0,0,national
2025,SD,46011,Brookings,549300NOCASXPA34X033,"LAKEVIEW LOAN SERVICING, LLC",4,2,1,0.39,2,0,2,0,0,1,0,1,0,0,national
2025,SD,46011,Brookings,549300ODTHTLPTSBD612,,2,2,0,0.39,2,0,0,0,0,2,0,0,0,0,national
2025,SD,46011,Brookings,C5654JQHZUHN0772B561,USAA Federal Savings Bank,2,2,0,0.39,1,0,1,0,0,1,0,1,0,0,national
2025,SD,46011,Brookings,ZXMJHJK466PBZTM5F379,,3,2,1,0.39,3,0,0,0,0,2,0,0,0,0,national
2025,SD,46011,Brookings,2138004QPZ7FMGPTU106,CorTrust Bank National Association,2,1,1,0.19,2,0,0,0,0,1,0,0,0,0,national
2025,SD,46011,Brookings,213800THW6KSUL191M34,FIRST COMMUNITY CREDIT UNION,1,1,0,0.19,1,0,0,0,0,1,0,0,0,0,national
2025,SD,46011,Brookings,2549008LUH7QKMXQ8N53,,1,1,0,0.19,0,1,0,0,0,0,1,0,0,0,national
2025,SD,46011,Brookings,2549009PBYH62M6NZK12,,1,1,0,0.19,1,0,0,0,0,1,0,0,0,0,national
2025,SD,46011,Brookings,254900B9B6TYYGLOXT47,,1,1,0,0.19,1,0,0,0,0,1,0,0,0,0,national
2025,SD,46011,Brookings,254900FI363837PZX856,,1,1,0,0.19,1,0,0,0,0,1,0,0,0,0,national
2025,SD,46011,Brookings,254900L3UJN7196A5W71,,1,1,0,0.19,0,0,1,0,0,0,0,1,0,0,national
2025,SD,46011,Brookings,254900OD9TDRYGWJ0N48,First National Bank,1,1,0,0.19,1,0,0,0,0,1,0,0,0,0,national
2025,SD,46011,Brookings,254900P681DTTH4I3144,Western State Bank,1,1,0,0.19,1,0,0,0,0,1,0,0,0,0,national
2025,SD,46011,Brookings,549300AQ3T62GXDU7D76,GUILD MORTGAGE COMPANY LLC,1,1,0,0.19,1,0,0,0,0,1,0,0,0,0,national
2025,SD,46011,Brookings,549300C04BJ0G297NC13,,1,1,0,0.19,1,0,0,0,0,1,0,0,0,0,national
2025,SD,46011,Brookings,549300DRA4BDXW23LD45,,1,1,0,0.19,0,0,1,0,0,0,0,1,0,0,national
2025,SD,46011,Brookings,549300E2UX99HKDBR481,"NEW AMERICAN FUNDING, LLC",4,1,2,0.19,1,3,0,0,0,0,1,0,0,0,national
2025,SD,46011,Brookings,549300EKCKDF80ZM4V51,,1,1,0,0.19,1,0,0,0,0,1,0,0,0,0,national
2025,SD,46011,Brookings,549300FSZH0FMQ1T8Y90,IOWA BANKERS MORTGAGE CORPORATION,1,1,0,0.19,1,0,0,0,0,1,0,0,0,0,national
2025,SD,46011,Brookings,549300INKSPQCTELMO58,Granite Bank,1,1,0,0.19,1,0,0,0,0,1,0,0,0,0,national
2025,SD,46011,Brookings,549300ISCZS1R0CJMO47,,1,1,0,0.19,1,0,0,0,0,1,0,0,0,0,national
2025,SD,46011,Brookings,549300J7I82PNDVU8H22,"OCMBC, INC.",1,1,0,0.19,1,0,0,0,0,1,0,0,0,0,national
2025,SD,46011,Brookings,549300K4ZLGS7SRDTL86,Equity Prime Mortgage LLC,2,1,0,0.19,0,1,1,0,0,0,0,1,0,0,national
2025,SD,46011,Brookings,549300KQHWNSVCE2MY88,,1,1,0,0.19,0,1,0,0,0,0,1,0,0,0,national
2025,SD,46011,Brookings,549300LXKO1O7CSK5J52,"FLAT BRANCH MORTGAGE, INC.",1,1,0,0.19,0,0,1,0,0,0,0,1,0,0,national
2025,SD,46011,Brookings,549300M2Z8GR3VL0QQ74,BLACK HILLS FEDERAL CREDIT UNION,1,1,0,0.19,1,0,0,0,0,1,0,0,0,0,national
2025,SD,46011,Brookings,549300RFPLMCMJL7BS81,,1,1,0,0.19,1,0,0,0,0,1,0,0,0,0,national
2025,SD,46011,Brookings,549300T3F9S1MKFKHC53,HOMESTEAD FUNDING CORP.,1,1,0,0.19,1,0,0,0,0,1,0,0,0,0,national
2025,SD,46011,Brookings,549300VHSPIDK7A5D559,"CU MORTGAGE DIRECT, LLC",1,1,0,0.19,0,0,1,0,0,0,0,1,0,0,national
2025,SD,46011,Brookings,549300VJ9DGB4OZNPL63,,1,1,0,0.19,1,0,0,0,0,1,0,0,0,0,national
2025,SD,46011,Brookings,549300VTMXH07KUIB722,,1,1,0,0.19,1,0,0,0,0,1,0,0,0,0,national
2025,SD,46011,Brookings,549300WYC8C6REMY4E38,,1,1,0,0.19,1,0,0,0,0,1,0,0,0,0,national
2025,SD,46011,Brookings,549300XQVJ1XBNFA5536,21ST MORTGAGE CORPORATION,5,1,3,0.19,5,0,0,0,0,1,0,0,0,0,national
2025,SD,46011,Brookings,549300XY701IELCE5Q08,BETTER MORTGAGE CORPORATION,1,1,0,0.19,1,0,0,0,0,1,0,0,0,0,national
2025,SD,46011,Brookings,549300Y01XP7FO81MC08,,1,1,0,0.19,1,0,0,0,0,1,0,0,0,0,national
2025,SD,46011,Brookings,6BYL5QZYBDK8S7L73M02,U.S. Bank National Association,1,1,0,0.19,1,0,0,0,0,1,0,0,0,0,national
2025,SD,46011,Brookings,984500P059VACEAAFA22,,1,1,0,0.19,1,0,0,0,0,1,0,0,0,0,national
2025,SD,46011,Brookings,B4TYDEB6GKMZO031MB27,"Bank of America, National Association",1,1,0,0.19,1,0,0,0,0,1,0,0,0,0,national
2025,SD,46011,Brookings,C398JSK21YCXWM603F55,"Barrington Bank & Trust Company, National Association",1,1,0,0.19,0,0,1,0,0,0,0,1,0,0,national
2025,SD,46011,Brookings,COINQMNIM6RBU631DD85,Arvest Bank,1,1,0,0.19,1,0,0,0,0,1,0,0,0,0,national
2025,SD,46011,Brookings,DRMSV1Q0EKMEXLAU1P80,"Citizens Bank, National Association",3,1,1,0.19,3,0,0,0,0,1,0,0,0,0,national
2025,SD,46011,Brookings,LDVFX8JEECFFE8HRWA73,First National Bank of Omaha,3,1,1,0.19,3,0,0,0,0,1,0,0,0,0,national
2025,SD,46011,Brookings,RVDPPPGHCGZ40J4VQ731,"PENNYMAC LOAN SERVICES, LLC",4,1,1,0.19,0,2,1,1,0,0,0,1,0,0,national
2025,SD,46013,Brown,549300UQPFB0RR8JCA42,Dacotah Bank,137,115,6,25.0,106,17,6,8,0,86,16,6,7,0,national
2025,SD,46013,Brown,549300KJ8PAJ7E52HG32,Plains Commerce Bank,61,47,2,10.22,49,7,4,1,0,39,3,4,1,0,national
2025,SD,46013,Brown,6BYL5QZYBDK8S7L73M02,U.S. Bank National Association,73,43,19,9.35,36,30,5,2,0,18,20,3,2,0,national
2025,SD,46013,Brown,549300T03X096VF60C57,American Bank & Trust,39,29,4,6.3,30,1,4,4,0,23,0,3,3,0,national
2025,SD,46013,Brown,213800M6RMI3YBX62W88,"CORTRUST MORTGAGE, INC.",35,28,1,6.09,19,11,1,4,0,15,8,1,4,0,national
2025,SD,46013,Brown,549300FGXN1K3HLB1R50,"Rocket Mortgage, LLC",44,28,12,6.09,26,10,8,0,0,17,5,6,0,0,national
2025,SD,46013,Brown,549300RFSMIRUODUVW59,First Interstate Bank,38,20,8,4.35,37,1,0,0,0,20,0,0,0,0,national
2025,SD,46013,Brown,2138004QPZ7FMGPTU106,CorTrust Bank National Association,24,19,0,4.13,24,0,0,0,0,19,0,0,0,0,national
2025,SD,46013,Brown,549300DD5QQUHO6PCH70,"MORTGAGE RESEARCH CENTER, LLC",21,11,2,2.39,3,0,18,0,0,2,0,9,0,0,national
2025,SD,46013,Brown,549300HW662MN1WU8550,"United Wholesale Mortgage, LLC",12,9,2,1.96,5,3,4,0,0,3,2,4,0,0,national
2025,SD,46013,Brown,549300LYRWPSYPK6S325,FREEDOM MORTGAGE CORPORATION,13,8,0,1.74,3,7,3,0,0,1,6,1,0,0,national
2025,SD,46013,Brown,5493006JISETNI0GLE61,,9,6,0,1.3,9,0,0,0,0,6,0,0,0,0,national
2025,SD,46013,Brown,5493007YN2BYYXCI7W64,"BANKWEST, INC.",12,6,6,1.3,8,3,0,1,0,4,1,0,1,0,national
2025,SD,46013,Brown,549300U3721PJGQZYY68,"GUARANTEED RATE, INC.",11,6,1,1.3,8,2,1,0,0,4,2,0,0,0,national
2025,SD,46013,Brown,549300OPCWU6E72WUT29,"MUTUAL OF OMAHA MORTGAGE, INC.",7,4,0,0.87,6,0,1,0,0,3,0,1,0,0,national
2025,SD,46013,Brown,549300YIQ7S7Z8PIHE53,AMERISAVE MORTGAGE CORPORATION,8,4,4,0.87,7,1,0,0,0,4,0,0,0,0,national
2025,SD,46013,Brown,RVDPPPGHCGZ40J4VQ731,"PENNYMAC LOAN SERVICES, LLC",10,4,0,0.87,5,3,1,1,0,2,1,1,0,0,national
2025,SD,46013,Brown,549300AG64NHILB7ZP05,"LOANDEPOT.COM, LLC",7,3,3,0.65,3,4,0,0,0,2,1,0,0,0,national
2025,SD,46013,Brown,549300QLO8TSQW5JTK72,WEST GATE BANK,3,3,0,0.65,3,0,0,0,0,3,0,0,0,0,national
2025,SD,46013,Brown,KB1H1DSPRFMYMCUFXT09,"Wells Fargo Bank, National Association",3,3,0,0.65,3,0,0,0,0,3,0,0,0,0,national
2025,SD,46013,Brown,5493001GCBD5XGNIC815,Coastal Community Bank,11,2,0,0.43,11,0,0,0,0,2,0,0,0,0,national
2025,SD,46013,Brown,5493003V40VGM7YDFM54,FIRST COLONY MORTGAGE CORPORATION,2,2,0,0.43,1,1,0,0,0,1,1,0,0,0,national
2025,SD,46013,Brown,54930049L5WINET09Q97,"CLICK N' CLOSE, INC.",3,2,0,0.43,0,3,0,0,0,0,2,0,0,0,national
2025,SD,46013,Brown,54930054ET8KM4O1D485,"SOFI BANK, NATIONAL ASSOCIATION",10,2,2,0.43,10,0,0,0,0,2,0,0,0,0,national
2025,SD,46013,Brown,549300LBCBNR1OT00651,NATIONSTAR MORTGAGE LLC,3,2,1,0.43,3,0,0,0,0,2,0,0,0,0,national
2025,SD,46013,Brown,549300LROQOOQU77WS20,,3,2,0,0.43,3,0,0,0,0,2,0,0,0,0,national
2025,SD,46013,Brown,549300REHZOIYMHDPI61,Levo Federal Credit Union,2,2,0,0.43,1,1,0,0,0,1,1,0,0,0,national
2025,SD,46013,Brown,549300RFLICNI75BG067,Luminate Bank,2,2,0,0.43,2,0,0,0,0,2,0,0,0,0,national
2025,SD,46013,Brown,549300S0KDM58LZT5C96,,2,2,0,0.43,2,0,0,0,0,2,0,0,0,0,national
2025,SD,46013,Brown,549300T1ONVEMLQ4B629,First Dakota National Bank,2,2,0,0.43,2,0,0,0,0,2,0,0,0,0,national
2025,SD,46013,Brown,549300VHSPIDK7A5D559,"CU MORTGAGE DIRECT, LLC",4,2,0,0.43,2,1,0,1,0,2,0,0,0,0,national
2025,SD,46013,Brown,549300XY701IELCE5Q08,BETTER MORTGAGE CORPORATION,5,2,1,0.43,5,0,0,0,0,2,0,0,0,0,national
2025,SD,46013,Brown,DRMSV1Q0EKMEXLAU1P80,"Citizens Bank, National Association",6,2,2,0.43,6,0,0,0,0,2,0,0,0,0,national
2025,SD,46013,Brown,25490018IFQOT83Q7H49,,1,1,0,0.22,1,0,0,0,0,1,0,0,0,0,national
2025,SD,46013,Brown,2549001SI0EMFPT39035,"Cornerstone First Mortgage, Inc",1,1,0,0.22,0,1,0,0,0,0,1,0,0,0,national
2025,SD,46013,Brown,254900PHRI1MCM69UM20,,2,1,0,0.22,2,0,0,0,0,1,0,0,0,0,national
2025,SD,46013,Brown,254900UL88QFG0E40516,FIGURE LENDING LLC,4,1,0,0.22,4,0,0,0,0,1,0,0,0,0,national
2025,SD,46013,Brown,2WHM8VNJH63UN14OL754,The Huntington National Bank,1,1,0,0.22,1,0,0,0,0,1,0,0,0,0,national
2025,SD,46013,Brown,3Y4U8VZURTYWI1W2K376,BMO Bank National Association,1,1,0,0.22,1,0,0,0,0,1,0,0,0,0,national
2025,SD,46013,Brown,54930019RBT2SM6CQS78,Starion Bank,1,1,0,0.22,1,0,0,0,0,1,0,0,0,0,national
2025,SD,46013,Brown,5493001XKL0FTNOJ0866,,1,1,0,0.22,1,0,0,0,0,1,0,0,0,0,national
2025,SD,46013,Brown,5493002LPXKMOZNXUY90,First International Bank & Trust,1,1,0,0.22,1,0,0,0,0,1,0,0,0,0,national
2025,SD,46013,Brown,5493003GQDUH26DNNH17,Navy Federal Credit Union,4,1,0,0.22,2,0,2,0,0,0,0,1,0,0,national
2025,SD,46013,Brown,54930063578UDYE3JR69,,1,1,0,0.22,0,1,0,0,0,0,1,0,0,0,national
2025,SD,46013,Brown,549300BX448ALT10FI43,The Federal Savings Bank,2,1,0,0.22,0,1,1,0,0,0,0,1,0,0,national
2025,SD,46013,Brown,549300DRA4BDXW23LD45,,1,1,0,0.22,0,1,0,0,0,0,1,0,0,0,national
2025,SD,46013,Brown,549300F8C5JA44WNMI75,AMERICAN NEIGHBORHOOD MORTGAGE ACCEPTANCE COMPANY LLC,1,1,0,0.22,1,0,0,0,0,1,0,0,0,0,national
2025,SD,46013,Brown,549300FNXYY540N23N64,Newrez LLC,5,1,3,0.22,2,3,0,0,0,0,1,0,0,0,national
2025,SD,46013,Brown,549300GKFNPRWNS0GF29,"AmeriHome Mortgage Company, LLC",2,1,0,0.22,1,0,1,0,0,1,0,0,0,0,national
2025,SD,46013,Brown,549300GS6ONO04ORI292,,1,1,0,0.22,0,1,0,0,0,0,1,0,0,0,national
2025,SD,46013,Brown,549300IBT3SCF2K09D58,,1,1,0,0.22,1,0,0,0,0,1,0,0,0,0,national
2025,SD,46013,Brown,549300INFJ8TYNZ1G568,,1,1,0,0.22,1,0,0,0,0,1,0,0,0,0,national
2025,SD,46013,Brown,549300INKSPQCTELMO58,Granite Bank,1,1,0,0.22,1,0,0,0,0,1,0,0,0,0,national
2025,SD,46013,Brown,549300KCR7QWQQCWBG94,,1,1,0,0.22,0,1,0,0,0,0,1,0,0,0,national
2025,SD,46013,Brown,549300ODTHTLPTSBD612,,1,1,0,0.22,1,0,0,0,0,1,0,0,0,0,national
2025,SD,46013,Brown,549300OZIFHR7THILC90,"Merchants Bank, National Association",1,1,0,0.22,1,0,0,0,0,1,0,0,0,0,national
2025,SD,46013,Brown,549300PL8ER6H23P0Z91,,1,1,0,0.22,1,0,0,0,0,1,0,0,0,0,national
2025,SD,46013,Brown,549300R7HGHP2I754087,TOWNE MORTGAGE COMPANY,1,1,0,0.22,1,0,0,0,0,1,0,0,0,0,national
2025,SD,46013,Brown,549300RBJCM5B02O5U05,Northwest Bank,1,1,0,0.22,1,0,0,0,0,1,0,0,0,0,national
2025,SD,46013,Brown,549300VZVN841I2ILS84,"CROSSCOUNTRY MORTGAGE, LLC",1,1,0,0.22,1,0,0,0,0,1,0,0,0,0,national
2025,SD,46013,Brown,549300WYC8C6REMY4E38,,1,1,0,0.22,1,0,0,0,0,1,0,0,0,0,national
2025,SD,46013,Brown,549300XQVJ1XBNFA5536,21ST MORTGAGE CORPORATION,1,1,0,0.22,1,0,0,0,0,1,0,0,0,0,national
2025,SD,46013,Brown,549300XRB0LTJL53XI04,,1,1,0,0.22,1,0,0,0,0,1,0,0,0,0,national
2025,SD,46013,Brown,549300XWUSRVVOHPRY47,Academy Mortgage Corporation,1,1,0,0.22,1,0,0,0,0,1,0,0,0,0,national
2025,SD,46013,Brown,549300Z77WUYJM3QG591,First PREMIER Bank,2,1,1,0.22,1,1,0,0,0,1,0,0,0,0,national
2025,SD,46013,Brown,7H6GLXDRUGQFU57RNE97,"JPMorgan Chase Bank, National Association",2,1,0,0.22,1,1,0,0,0,1,0,0,0,0,national
2025,SD,46013,Brown,C398JSK21YCXWM603F55,"Barrington Bank & Trust Company, National Association",1,1,0,0.22,1,0,0,0,0,1,0,0,0,0,national
2025,SD,46013,Brown,C5654JQHZUHN0772B561,USAA Federal Savings Bank,5,1,3,0.22,3,0,2,0,0,1,0,0,0,0,national
2025,SD,46013,Brown,II61D6IY86YZ37HBBL25,,1,1,0,0.22,1,0,0,0,0,1,0,0,0,0,national
2025,SD,46013,Brown,PAOOWF3GUFM46FBSP561,,1,1,0,0.22,0,1,0,0,0,0,1,0,0,0,national
2025,SD,46013,Brown,WWB2V0FCW3A0EE3ZJN75,Manufacturers and Traders Trust Company,1,1,0,0.22,1,0,0,0,0,1,0,0,0,0,national
2025,SD,46013,Brown,X05BVSK68TQ7YTOSNR22,Discover Bank,6,0,6,0.0,6,0,0,0,0,0,0,0,0,0,national
2025,SD,46019,Butte,549300GKFNPRWNS0GF29,"AmeriHome Mortgage Company, LLC",35,26,1,11.06,17,10,5,3,0,14,7,4,1,0,national
2025,SD,46019,Butte,549300M2Z8GR3VL0QQ74,BLACK HILLS FEDERAL CREDIT UNION,37,22,10,9.36,34,2,1,0,0,20,2,0,0,0,national
2025,SD,46019,Butte,54930034MNPILHP25H80,Gateway First Bank,26,20,0,8.51,14,6,2,4,0,11,5,1,3,0,national
2025,SD,46019,Butte,549300HW662MN1WU8550,"United Wholesale Mortgage, LLC",27,19,3,8.09,14,9,4,0,0,9,7,3,0,0,national
2025,SD,46019,Butte,549300FGXN1K3HLB1R50,"Rocket Mortgage, LLC",24,16,6,6.81,15,2,7,0,0,11,1,4,0,0,national
2025,SD,46019,Butte,254900CYWJYH3ES8BV63,,19,13,3,5.53,16,3,0,0,0,11,2,0,0,0,national
2025,SD,46019,Butte,549300INKSPQCTELMO58,Granite Bank,16,12,0,5.11,4,6,5,1,0,3,4,4,1,0,national
2025,SD,46019,Butte,549300RFSMIRUODUVW59,First Interstate Bank,17,11,5,4.68,17,0,0,0,0,11,0,0,0,0,national
2025,SD,46019,Butte,2549001R6R928Y08SC30,,11,10,0,4.26,8,2,1,0,0,7,2,1,0,0,national
2025,SD,46019,Butte,549300KJ8PAJ7E52HG32,Plains Commerce Bank,8,7,0,2.98,3,3,2,0,0,3,3,1,0,0,national
2025,SD,46019,Butte,5493007YN2BYYXCI7W64,"BANKWEST, INC.",15,6,3,2.55,13,2,0,0,0,6,0,0,0,0,national
2025,SD,46019,Butte,549300DD5QQUHO6PCH70,"MORTGAGE RESEARCH CENTER, LLC",13,6,5,2.55,2,0,11,0,0,1,0,5,0,0,national
2025,SD,46019,Butte,5493003GQDUH26DNNH17,Navy Federal Credit Union,5,5,0,2.13,3,0,2,0,0,3,0,2,0,0,national
2025,SD,46019,Butte,549300ZE5N7SFL05BW25,,8,5,0,2.13,7,1,0,0,0,5,0,0,0,0,national
2025,SD,46019,Butte,254900OD9TDRYGWJ0N48,First National Bank,5,4,1,1.7,2,0,2,1,0,1,0,2,1,0,national
2025,SD,46019,Butte,RVDPPPGHCGZ40J4VQ731,"PENNYMAC LOAN SERVICES, LLC",8,4,0,1.7,4,2,2,0,0,2,1,1,0,0,national
2025,SD,46019,Butte,549300ALNLUNS3Y53T24,AMERICAN FINANCING CORPORATION,4,3,0,1.28,2,1,1,0,0,1,1,1,0,0,national
2025,SD,46019,Butte,549300DRA4BDXW23LD45,,5,3,0,1.28,2,2,1,0,0,2,1,0,0,0,national
2025,SD,46019,Butte,549300OPCWU6E72WUT29,"MUTUAL OF OMAHA MORTGAGE, INC.",3,3,0,1.28,0,1,2,0,0,0,1,2,0,0,national
2025,SD,46019,Butte,549300R9S3MVDV4MGF56,"CARRINGTON MORTGAGE SERVICES, LLC",5,3,2,1.28,1,0,4,0,0,0,0,3,0,0,national
2025,SD,46019,Butte,549300SUCQ1358EGVE89,"NEW DAY FINANCIAL, LLC",6,3,1,1.28,0,0,6,0,0,0,0,3,0,0,national
2025,SD,46019,Butte,254900UL88QFG0E40516,FIGURE LENDING LLC,7,2,4,0.85,7,0,0,0,0,2,0,0,0,0,national
2025,SD,46019,Butte,5493009JZ6NIQL6RQT28,,2,2,0,0.85,2,0,0,0,0,2,0,0,0,0,national
2025,SD,46019,Butte,549300F8C5JA44WNMI75,AMERICAN NEIGHBORHOOD MORTGAGE ACCEPTANCE COMPANY LLC,2,2,0,0.85,0,2,0,0,0,0,2,0,0,0,national
2025,SD,46019,Butte,549300K4ZLGS7SRDTL86,Equity Prime Mortgage LLC,3,2,1,0.85,0,1,2,0,0,0,1,1,0,0,national
2025,SD,46019,Butte,549300QG83M0EX7VC434,Pinnacle Bank - Wyoming,2,2,0,0.85,1,1,0,0,0,1,1,0,0,0,national
2025,SD,46019,Butte,549300U3721PJGQZYY68,"GUARANTEED RATE, INC.",4,2,0,0.85,4,0,0,0,0,2,0,0,0,0,national
2025,SD,46019,Butte,6BYL5QZYBDK8S7L73M02,U.S. Bank National Association,3,2,1,0.85,3,0,0,0,0,2,0,0,0,0,national
2025,SD,46019,Butte,213800M6RMI3YBX62W88,"CORTRUST MORTGAGE, INC.",2,1,1,0.43,2,0,0,0,0,1,0,0,0,0,national
2025,SD,46019,Butte,5493006JISETNI0GLE61,,1,1,0,0.43,1,0,0,0,0,1,0,0,0,0,national
2025,SD,46019,Butte,549300AG64NHILB7ZP05,"LOANDEPOT.COM, LLC",1,1,0,0.43,1,0,0,0,0,1,0,0,0,0,national
2025,SD,46019,Butte,549300BX448ALT10FI43,The Federal Savings Bank,1,1,0,0.43,0,0,1,0,0,0,0,1,0,0,national
2025,SD,46019,Butte,549300C8GOC4OYUV0Z32,,1,1,0,0.43,1,0,0,0,0,1,0,0,0,0,national
2025,SD,46019,Butte,549300E2UX99HKDBR481,"NEW AMERICAN FUNDING, LLC",3,1,0,0.43,1,2,0,0,0,1,0,0,0,0,national
2025,SD,46019,Butte,549300FNXYY540N23N64,Newrez LLC,7,1,2,0.43,6,1,0,0,0,1,0,0,0,0,national
2025,SD,46019,Butte,549300KIOYNU323LVJ37,AMERICAN PACIFIC MORTGAGE CORPORATION,2,1,0,0.43,1,0,0,1,0,1,0,0,0,0,national
2025,SD,46019,Butte,549300LBCBNR1OT00651,NATIONSTAR MORTGAGE LLC,2,1,0,0.43,2,0,0,0,0,1,0,0,0,0,national
2025,SD,46019,Butte,549300LYRWPSYPK6S325,FREEDOM MORTGAGE CORPORATION,5,1,0,0.43,0,2,3,0,0,0,1,0,0,0,national
2025,SD,46019,Butte,549300MGPZBLQDIL7538,FAIRWAY INDEPENDENT MORTGAGE CORPORATION,1,1,0,0.43,1,0,0,0,0,1,0,0,0,0,national
2025,SD,46019,Butte,549300MZ8VZJOVC63092,"KIND LENDING, LLC",6,1,3,0.43,4,2,0,0,0,0,1,0,0,0,national
2025,SD,46019,Butte,549300PBTV7FCWLSMM53,,1,1,0,0.43,0,0,1,0,0,0,0,1,0,0,national
2025,SD,46019,Butte,549300PL267CW8182203,,1,1,0,0.43,0,0,1,0,0,0,0,1,0,0,national
2025,SD,46019,Butte,549300RN01LBYR8ZVX74,"LOWER, LLC",2,1,0,0.43,1,0,1,0,0,0,0,1,0,0,national
2025,SD,46019,Butte,549300UQPFB0RR8JCA42,Dacotah Bank,1,1,0,0.43,1,0,0,0,0,1,0,0,0,0,national
2025,SD,46019,Butte,549300XQVJ1XBNFA5536,21ST MORTGAGE CORPORATION,3,1,1,0.43,3,0,0,0,0,1,0,0,0,0,national
2025,SD,46019,Butte,549300YIQ7S7Z8PIHE53,AMERISAVE MORTGAGE CORPORATION,3,1,2,0.43,1,2,0,0,0,0,1,0,0,0,national
2025,SD,46019,Butte,7H6GLXDRUGQFU57RNE97,"JPMorgan Chase Bank, National Association",1,1,0,0.43,1,0,0,0,0,1,0,0,0,0,national
2025,SD,46019,Butte,B4TYDEB6GKMZO031MB27,"Bank of America, National Association",2,1,1,0.43,2,0,0,0,0,1,0,0,0,0,national
2025,SD,46027,Clay,549300KJ8PAJ7E52HG32,Plains Commerce Bank,37,28,2,11.48,26,9,2,0,0,21,6,1,0,0,national
2025,SD,46027,Clay,549300T1ONVEMLQ4B629,First Dakota National Bank,30,25,2,10.25,25,2,1,2,0,21,1,1,2,0,national
2025,SD,46027,Clay,549300IQ5NY7CSJLZW53,FIRST BANK & TRUST,27,19,5,7.79,23,3,1,0,0,17,2,0,0,0,national
2025,SD,46027,Clay,3Y4U8VZURTYWI1W2K376,BMO Bank National Association,19,13,2,5.33,19,0,0,0,0,13,0,0,0,0,national
2025,SD,46027,Clay,2138004QPZ7FMGPTU106,CorTrust Bank National Association,15,12,2,4.92,15,0,0,0,0,12,0,0,0,0,national
2025,SD,46027,Clay,549300XZB7LPI2LTGX17,,13,11,2,4.51,13,0,0,0,0,11,0,0,0,0,national
2025,SD,46027,Clay,549300FGXN1K3HLB1R50,"Rocket Mortgage, LLC",12,10,2,4.1,9,2,1,0,0,8,1,1,0,0,national
2025,SD,46027,Clay,549300Z77WUYJM3QG591,First PREMIER Bank,16,10,5,4.1,12,3,1,0,0,9,0,1,0,0,national
2025,SD,46027,Clay,549300MVYX1L50756117,,19,9,4,3.69,19,0,0,0,0,9,0,0,0,0,national
2025,SD,46027,Clay,213800M6RMI3YBX62W88,"CORTRUST MORTGAGE, INC.",11,8,1,3.28,8,2,0,1,0,5,2,0,1,0,national
2025,SD,46027,Clay,549300XQVJ1XBNFA5536,21ST MORTGAGE CORPORATION,24,7,8,2.87,24,0,0,0,0,7,0,0,0,0,national
2025,SD,46027,Clay,549300Q76VHK6FGPX546,Central Bank,6,6,0,2.46,5,0,1,0,0,5,0,1,0,0,national
2025,SD,46027,Clay,6BYL5QZYBDK8S7L73M02,U.S. Bank National Association,8,6,0,2.46,8,0,0,0,0,6,0,0,0,0,national
2025,SD,46027,Clay,549300DD5QQUHO6PCH70,"MORTGAGE RESEARCH CENTER, LLC",7,5,2,2.05,1,0,6,0,0,0,0,5,0,0,national
2025,SD,46027,Clay,549300LBCBNR1OT00651,NATIONSTAR MORTGAGE LLC,6,5,0,2.05,6,0,0,0,0,5,0,0,0,0,national
2025,SD,46027,Clay,549300VHSPIDK7A5D559,"CU MORTGAGE DIRECT, LLC",7,5,0,2.05,5,0,1,1,0,4,0,1,0,0,national
2025,SD,46027,Clay,549300VZVN841I2ILS84,"CROSSCOUNTRY MORTGAGE, LLC",6,5,0,2.05,4,2,0,0,0,3,2,0,0,0,national
2025,SD,46027,Clay,Q107R4XFOZ6F6K73C488,The First National Bank in Sioux Falls,4,4,0,1.64,4,0,0,0,0,4,0,0,0,0,national
2025,SD,46027,Clay,5493002LPXKMOZNXUY90,First International Bank & Trust,4,3,0,1.23,3,1,0,0,0,2,1,0,0,0,national
2025,SD,46027,Clay,549300CB67L6KPJLHE19,"TRIAD FINANCIAL SERVICES, INC.",18,3,10,1.23,18,0,0,0,0,3,0,0,0,0,national
2025,SD,46027,Clay,549300INKSPQCTELMO58,Granite Bank,3,3,0,1.23,2,1,0,0,0,2,1,0,0,0,national
2025,SD,46027,Clay,54930054ET8KM4O1D485,"SOFI BANK, NATIONAL ASSOCIATION",4,2,0,0.82,4,0,0,0,0,2,0,0,0,0,national
2025,SD,46027,Clay,5493006JISETNI0GLE61,,2,2,0,0.82,2,0,0,0,0,2,0,0,0,0,national
2025,SD,46027,Clay,5493007YN2BYYXCI7W64,"BANKWEST, INC.",3,2,0,0.82,3,0,0,0,0,2,0,0,0,0,national
2025,SD,46027,Clay,549300E2UX99HKDBR481,"NEW AMERICAN FUNDING, LLC",3,2,0,0.82,1,2,0,0,0,1,1,0,0,0,national
2025,SD,46027,Clay,549300GKFNPRWNS0GF29,"AmeriHome Mortgage Company, LLC",2,2,0,0.82,1,0,1,0,0,1,0,1,0,0,national
2025,SD,46027,Clay,549300HW662MN1WU8550,"United Wholesale Mortgage, LLC",2,2,0,0.82,1,0,1,0,0,1,0,1,0,0,national
2025,SD,46027,Clay,549300RFSMIRUODUVW59,First Interstate Bank,3,2,1,0.82,3,0,0,0,0,2,0,0,0,0,national
2025,SD,46027,Clay,549300UQPFB0RR8JCA42,Dacotah Bank,3,2,0,0.82,2,1,0,0,0,1,1,0,0,0,national
2025,SD,46027,Clay,549300VCMRO4ST680C11,VILLAGE CAPITAL & INVESTMENT LLC,2,2,0,0.82,0,0,2,0,0,0,0,2,0,0,national
2025,SD,46027,Clay,CKVBED0S4DMLKJJ5XH28,Stifel Bank and Trust,2,2,0,0.82,2,0,0,0,0,2,0,0,0,0,national
2025,SD,46027,Clay,KB1H1DSPRFMYMCUFXT09,"Wells Fargo Bank, National Association",5,2,3,0.82,5,0,0,0,0,2,0,0,0,0,national
2025,SD,46027,Clay,254900HA4DQWAE0W3342,"AMERIHOME MORTGAGE COMPANY, LLC",2,1,0,0.41,1,0,1,0,0,1,0,0,0,0,national
2025,SD,46027,Clay,254900NR9EA98B6A4L55,,1,1,0,0.41,1,0,0,0,0,1,0,0,0,0,national
2025,SD,46027,Clay,254900UL88QFG0E40516,FIGURE LENDING LLC,2,1,1,0.41,2,0,0,0,0,1,0,0,0,0,national
2025,SD,46027,Clay,254900WQBZOLXT53K570,,1,1,0,0.41,1,0,0,0,0,1,0,0,0,0,national
2025,SD,46027,Clay,5493004RLLKTQS8K7U51,,1,1,0,0.41,1,0,0,0,0,1,0,0,0,0,national
2025,SD,46027,Clay,54930052M48FOD3CWA54,"PRIMARY RESIDENTIAL MORTGAGE, INC.",1,1,0,0.41,1,0,0,0,0,1,0,0,0,0,national
2025,SD,46027,Clay,549300AG64NHILB7ZP05,"LOANDEPOT.COM, LLC",2,1,0,0.41,1,1,0,0,0,0,1,0,0,0,national
2025,SD,46027,Clay,549300AQ3T62GXDU7D76,GUILD MORTGAGE COMPANY LLC,1,1,0,0.41,0,0,1,0,0,0,0,1,0,0,national
2025,SD,46027,Clay,549300B4IYL7TZT8FA34,"PREMIER MORTGAGE RESOURCES, L.L.C.",1,1,0,0.41,1,0,0,0,0,1,0,0,0,0,national
2025,SD,46027,Clay,549300FNXYY540N23N64,Newrez LLC,1,1,0,0.41,0,0,1,0,0,0,0,1,0,0,national
2025,SD,46027,Clay,549300FX2QBKG7ZTBX37,,1,1,0,0.41,1,0,0,0,0,1,0,0,0,0,national
2025,SD,46027,Clay,549300MGPZBLQDIL7538,FAIRWAY INDEPENDENT MORTGAGE CORPORATION,3,1,0,0.41,2,0,1,0,0,0,0,1,0,0,national
2025,SD,46027,Clay,549300PZ44DNQDPOV865,Pinnacle Bank,1,1,0,0.41,1,0,0,0,0,1,0,0,0,0,national
2025,SD,46027,Clay,549300REHZOIYMHDPI61,Levo Federal Credit Union,1,1,0,0.41,1,0,0,0,0,1,0,0,0,0,national
2025,SD,46027,Clay,549300S0KDM58LZT5C96,,1,1,0,0.41,1,0,0,0,0,1,0,0,0,0,national
2025,SD,46027,Clay,549300SUCQ1358EGVE89,"NEW DAY FINANCIAL, LLC",2,1,1,0.41,0,1,1,0,0,0,0,1,0,0,national
2025,SD,46027,Clay,549300T03X096VF60C57,American Bank & Trust,3,1,0,0.41,3,0,0,0,0,1,0,0,0,0,national
2025,SD,46027,Clay,549300U3721PJGQZYY68,"GUARANTEED RATE, INC.",2,1,0,0.41,2,0,0,0,0,1,0,0,0,0,national
2025,SD,46027,Clay,549300UF3FPC7U6RFC59,The Central Trust Bank,1,1,0,0.41,1,0,0,0,0,1,0,0,0,0,national
2025,SD,46027,Clay,549300XCVBRR56D08F03,,1,1,0,0.41,1,0,0,0,0,1,0,0,0,0,national
2025,SD,46027,Clay,549300XZEU2LB7FLWW04,,1,1,0,0.41,1,0,0,0,0,1,0,0,0,0,national
2025,SD,46027,Clay,C5654JQHZUHN0772B561,USAA Federal Savings Bank,3,1,1,0.41,1,0,2,0,0,1,0,0,0,0,national
2025,SD,46027,Clay,DRMSV1Q0EKMEXLAU1P80,"Citizens Bank, National Association",1,1,0,0.41,1,0,0,0,0,1,0,0,0,0,national
2025,SD,46027,Clay,LDVFX8JEECFFE8HRWA73,First National Bank of Omaha,4,1,0,0.41,4,0,0,0,0,1,0,0,0,0,national
2025,SD,46027,Clay,RVDPPPGHCGZ40J4VQ731,"PENNYMAC LOAN SERVICES, LLC",3,1,1,0.41,2,0,1,0,0,1,0,0,0,0,national
2025,SD,46029,Codington,549300IQ5NY7CSJLZW53,FIRST BANK & TRUST,108,92,7,15.46,87,13,6,2,0,74,12,4,2,0,national
2025,SD,46029,Codington,549300Z77WUYJM3QG591,First PREMIER Bank,105,87,5,14.62,94,10,1,0,0,78,8,1,0,0,national
2025,SD,46029,Codington,549300T03X096VF60C57,American Bank & Trust,95,82,6,13.78,72,11,4,8,0,67,7,0,8,0,national
2025,SD,46029,Codington,549300UQPFB0RR8JCA42,Dacotah Bank,47,45,2,7.56,43,0,1,3,0,42,0,1,2,0,national
2025,SD,46029,Codington,549300MGPZBLQDIL7538,FAIRWAY INDEPENDENT MORTGAGE CORPORATION,46,38,2,6.39,21,18,4,3,0,17,15,4,2,0,national
2025,SD,46029,Codington,549300KJ8PAJ7E52HG32,Plains Commerce Bank,50,31,4,5.21,32,16,2,0,0,22,8,1,0,0,national
2025,SD,46029,Codington,549300RFSMIRUODUVW59,First Interstate Bank,44,30,10,5.04,38,5,0,1,0,25,4,0,1,0,national
2025,SD,46029,Codington,549300FGXN1K3HLB1R50,"Rocket Mortgage, LLC",33,22,6,3.7,23,7,3,0,0,15,5,2,0,0,national
2025,SD,46029,Codington,549300KCR7QWQQCWBG94,,24,19,0,3.19,19,5,0,0,0,15,4,0,0,0,national
2025,SD,46029,Codington,549300U3721PJGQZYY68,"GUARANTEED RATE, INC.",21,19,1,3.19,11,5,4,1,0,10,4,4,1,0,national
2025,SD,46029,Codington,549300VHSPIDK7A5D559,"CU MORTGAGE DIRECT, LLC",20,11,1,1.85,12,5,2,1,0,7,3,1,0,0,national
2025,SD,46029,Codington,5493006JISETNI0GLE61,,10,10,0,1.68,10,0,0,0,0,10,0,0,0,0,national
2025,SD,46029,Codington,KB1H1DSPRFMYMCUFXT09,"Wells Fargo Bank, National Association",12,10,0,1.68,11,0,1,0,0,9,0,1,0,0,national
2025,SD,46029,Codington,549300DD5QQUHO6PCH70,"MORTGAGE RESEARCH CENTER, LLC",18,8,3,1.34,1,1,16,0,0,1,1,6,0,0,national
2025,SD,46029,Codington,5493007YN2BYYXCI7W64,"BANKWEST, INC.",7,7,0,1.18,7,0,0,0,0,7,0,0,0,0,national
2025,SD,46029,Codington,5493002LPXKMOZNXUY90,First International Bank & Trust,7,6,1,1.01,7,0,0,0,0,6,0,0,0,0,national
2025,SD,46029,Codington,RVDPPPGHCGZ40J4VQ731,"PENNYMAC LOAN SERVICES, LLC",9,6,1,1.01,6,1,2,0,0,5,0,1,0,0,national
2025,SD,46029,Codington,254900UL88QFG0E40516,FIGURE LENDING LLC,8,3,2,0.5,8,0,0,0,0,3,0,0,0,0,national
2025,SD,46029,Codington,5493003GQDUH26DNNH17,Navy Federal Credit Union,4,3,0,0.5,3,0,1,0,0,2,0,1,0,0,national
2025,SD,46029,Codington,549300LBCBNR1OT00651,NATIONSTAR MORTGAGE LLC,4,3,0,0.5,3,0,1,0,0,2,0,1,0,0,national
2025,SD,46029,Codington,549300VZVN841I2ILS84,"CROSSCOUNTRY MORTGAGE, LLC",4,3,0,0.5,2,1,1,0,0,2,1,0,0,0,national
2025,SD,46029,Codington,549300WYC8C6REMY4E38,,5,3,0,0.5,5,0,0,0,0,3,0,0,0,0,national
2025,SD,46029,Codington,2549005SIVTHG14U2905,A&D Mortgage LLC,2,2,0,0.34,2,0,0,0,0,2,0,0,0,0,national
2025,SD,46029,Codington,54930054ET8KM4O1D485,"SOFI BANK, NATIONAL ASSOCIATION",5,2,0,0.34,5,0,0,0,0,2,0,0,0,0,national
2025,SD,46029,Codington,549300HW662MN1WU8550,"United Wholesale Mortgage, LLC",5,2,0,0.34,2,1,2,0,0,0,0,2,0,0,national
2025,SD,46029,Codington,549300LYRWPSYPK6S325,FREEDOM MORTGAGE CORPORATION,7,2,1,0.34,1,1,5,0,0,0,0,2,0,0,national
2025,SD,46029,Codington,549300NOCASXPA34X033,"LAKEVIEW LOAN SERVICING, LLC",6,2,2,0.34,4,1,1,0,0,2,0,0,0,0,national
2025,SD,46029,Codington,549300TQVOMKNKFOH392,GATE CITY BANK,3,2,0,0.34,3,0,0,0,0,2,0,0,0,0,national
2025,SD,46029,Codington,549300YIQ7S7Z8PIHE53,AMERISAVE MORTGAGE CORPORATION,7,2,5,0.34,4,3,0,0,0,1,1,0,0,0,national
2025,SD,46029,Codington,6BYL5QZYBDK8S7L73M02,U.S. Bank National Association,4,2,2,0.34,4,0,0,0,0,2,0,0,0,0,national
2025,SD,46029,Codington,2138004QPZ7FMGPTU106,CorTrust Bank National Association,2,1,0,0.17,2,0,0,0,0,1,0,0,0,0,national
2025,SD,46029,Codington,254900HA4DQWAE0W3342,"AMERIHOME MORTGAGE COMPANY, LLC",1,1,0,0.17,0,0,1,0,0,0,0,1,0,0,national
2025,SD,46029,Codington,254900KSUTZO899YU680,,1,1,0,0.17,1,0,0,0,0,1,0,0,0,0,national
2025,SD,46029,Codington,254900PHRI1MCM69UM20,,1,1,0,0.17,1,0,0,0,0,1,0,0,0,0,national
2025,SD,46029,Codington,5493001GCBD5XGNIC815,Coastal Community Bank,6,1,0,0.17,6,0,0,0,0,1,0,0,0,0,national
2025,SD,46029,Codington,54930021WPEXNHYZUL09,"PLANET HOME LENDING, LLC",1,1,0,0.17,1,0,0,0,0,1,0,0,0,0,national
2025,SD,46029,Codington,5493002B2WMHY23GFK92,"AMERICAN FINANCIAL RESOURCES, INC.",1,1,0,0.17,1,0,0,0,0,1,0,0,0,0,national
2025,SD,46029,Codington,549300370QILXLFUWD20,"ZILLOW HOME LOANS, LLC",1,1,0,0.17,1,0,0,0,0,1,0,0,0,0,national
2025,SD,46029,Codington,54930059GZZ7G4G40O53,Primis Mortgage Company,2,1,0,0.17,2,0,0,0,0,1,0,0,0,0,national
2025,SD,46029,Codington,549300AG64NHILB7ZP05,"LOANDEPOT.COM, LLC",3,1,2,0.17,0,2,1,0,0,0,1,0,0,0,national
2025,SD,46029,Codington,549300ALNLUNS3Y53T24,AMERICAN FINANCING CORPORATION,2,1,1,0.17,1,1,0,0,0,0,1,0,0,0,national
2025,SD,46029,Codington,549300AQ3T62GXDU7D76,GUILD MORTGAGE COMPANY LLC,1,1,0,0.17,0,1,0,0,0,0,1,0,0,0,national
2025,SD,46029,Codington,549300BLL6VL7AXWYP56,CHURCHILL MORTGAGE CORPORATION,2,1,0,0.17,1,0,1,0,0,0,0,1,0,0,national
2025,SD,46029,Codington,549300BX448ALT10FI43,The Federal Savings Bank,1,1,0,0.17,0,0,1,0,0,0,0,1,0,0,national
2025,SD,46029,Codington,549300DRA4BDXW23LD45,,2,1,0,0.17,0,0,2,0,0,0,0,1,0,0,national
2025,SD,46029,Codington,549300FNXYY540N23N64,Newrez LLC,10,1,4,0.17,8,0,2,0,0,0,0,1,0,0,national
2025,SD,46029,Codington,549300LROQOOQU77WS20,,2,1,0,0.17,2,0,0,0,0,1,0,0,0,0,national
2025,SD,46029,Codington,549300M2Z8GR3VL0QQ74,BLACK HILLS FEDERAL CREDIT UNION,2,1,0,0.17,2,0,0,0,0,1,0,0,0,0,national
2025,SD,46029,Codington,549300MM52W3C4U18L74,,1,1,0,0.17,1,0,0,0,0,1,0,0,0,0,national
2025,SD,46029,Codington,549300MZ8VZJOVC63092,"KIND LENDING, LLC",1,1,0,0.17,1,0,0,0,0,1,0,0,0,0,national
2025,SD,46029,Codington,549300OPCWU6E72WUT29,"MUTUAL OF OMAHA MORTGAGE, INC.",4,1,3,0.17,1,2,1,0,0,0,1,0,0,0,national
2025,SD,46029,Codington,549300OZIFHR7THILC90,"Merchants Bank, National Association",1,1,0,0.17,1,0,0,0,0,1,0,0,0,0,national
2025,SD,46029,Codington,549300PQLK8E48ILXV41,,1,1,0,0.17,1,0,0,0,0,1,0,0,0,0,national
2025,SD,46029,Codington,549300Q76VHK6FGPX546,Central Bank,1,1,0,0.17,1,0,0,0,0,1,0,0,0,0,national
2025,SD,46029,Codington,549300RN01LBYR8ZVX74,"LOWER, LLC",2,1,0,0.17,0,1,1,0,0,0,1,0,0,0,national
2025,SD,46029,Codington,549300S46DHLT3EQ9F05,,1,1,0,0.17,1,0,0,0,0,1,0,0,0,0,national
2025,SD,46029,Codington,549300S8SHBRCI7UU819,,1,1,0,0.17,1,0,0,0,0,1,0,0,0,0,national
2025,SD,46029,Codington,549300VPYRW4D9VH0G53,,1,1,0,0.17,1,0,0,0,0,1,0,0,0,0,national
2025,SD,46029,Codington,549300WYBPIWKK6SQC06,Bell Bank,1,1,0,0.17,1,0,0,0,0,1,0,0,0,0,national
2025,SD,46029,Codington,549300XCVBRR56D08F03,,1,1,0,0.17,1,0,0,0,0,1,0,0,0,0,national
2025,SD,46029,Codington,549300XY701IELCE5Q08,BETTER MORTGAGE CORPORATION,3,1,1,0.17,2,1,0,0,0,1,0,0,0,0,national
2025,SD,46029,Codington,549300ZBB5XXXOWVNS92,Deerwood Bank,1,1,0,0.17,1,0,0,0,0,1,0,0,0,0,national
2025,SD,46029,Codington,549300ZZZUYWXK72JD21,Frandsen Bank & Trust,1,1,0,0.17,1,0,0,0,0,1,0,0,0,0,national
2025,SD,46029,Codington,7H6GLXDRUGQFU57RNE97,"JPMorgan Chase Bank, National Association",1,1,0,0.17,1,0,0,0,0,1,0,0,0,0,national
2025,SD,46029,Codington,B4TYDEB6GKMZO031MB27,"Bank of America, National Association",4,1,1,0.17,4,0,0,0,0,1,0,0,0,0,national
2025,SD,46029,Codington,C398JSK21YCXWM603F55,"Barrington Bank & Trust Company, National Association",2,1,1,0.17,1,0,1,0,0,1,0,0,0,0,national
2025,SD,46029,Codington,DRMSV1Q0EKMEXLAU1P80,"Citizens Bank, National Association",1,1,0,0.17,1,0,0,0,0,1,0,0,0,0,national
2025,SD,46029,Codington,FU7RSW4CQQY98A2O7J66,"BOKF, National Association",1,1,0,0.17,1,0,0,0,0,1,0,0,0,0,national
2025,SD,46029,Codington,LDVFX8JEECFFE8HRWA73,First National Bank of Omaha,2,1,0,0.17,2,0,0,0,0,1,0,0,0,0,national
2025,SD,46029,Codington,PAOOWF3GUFM46FBSP561,,1,1,0,0.17,1,0,0,0,0,1,0,0,0,0,national
2025,SD,46029,Codington,SS1TRMSN6BRNMOREEV51,"Flagstar Bank, National Association",1,1,0,0.17,1,0,0,0,0,1,0,0,0,0,national
2025,SD,46029,Codington,549300CB67L6KPJLHE19,"TRIAD FINANCIAL SERVICES, INC.",5,0,2,0.0,5,0,0,0,0,0,0,0,0,0,national
2025,SD,46029,Codington,549300SUCQ1358EGVE89,"NEW DAY FINANCIAL, LLC",8,0,3,0.0,0,1,7,0,0,0,0,0,0,0,national
2025,SD,46029,Codington,549300XQVJ1XBNFA5536,21ST MORTGAGE CORPORATION,13,0,8,0.0,13,0,0,0,0,0,0,0,0,0,national
2025,SD,46035,Davison,549300KJ8PAJ7E52HG32,Plains Commerce Bank,76,54,6,15.61,52,20,4,0,0,36,15,3,0,0,national
2025,SD,46035,Davison,549300T1ONVEMLQ4B629,First Dakota National Bank,60,54,1,15.61,56,3,0,1,0,51,2,0,1,0,national
2025,SD,46035,Davison,213800M6RMI3YBX62W88,"CORTRUST MORTGAGE, INC.",44,33,4,9.54,38,5,1,0,0,27,5,1,0,0,national
2025,SD,46035,Davison,5493007YN2BYYXCI7W64,"BANKWEST, INC.",36,32,2,9.25,33,2,0,1,0,29,2,0,1,0,national
2025,SD,46035,Davison,2138004QPZ7FMGPTU106,CorTrust Bank National Association,35,31,0,8.96,35,0,0,0,0,31,0,0,0,0,national
2025,SD,46035,Davison,6BYL5QZYBDK8S7L73M02,U.S. Bank National Association,27,19,7,5.49,23,2,1,1,0,16,1,1,1,0,national
2025,SD,46035,Davison,549300FGXN1K3HLB1R50,"Rocket Mortgage, LLC",20,14,4,4.05,17,3,0,0,0,12,2,0,0,0,national
2025,SD,46035,Davison,549300HW662MN1WU8550,"United Wholesale Mortgage, LLC",18,12,2,3.47,9,7,2,0,0,7,4,1,0,0,national
2025,SD,46035,Davison,LDVFX8JEECFFE8HRWA73,First National Bank of Omaha,13,10,0,2.89,12,1,0,0,0,9,1,0,0,0,national
2025,SD,46035,Davison,549300Z77WUYJM3QG591,First PREMIER Bank,13,7,2,2.02,10,3,0,0,0,6,1,0,0,0,national
2025,SD,46035,Davison,549300IQ5NY7CSJLZW53,FIRST BANK & TRUST,8,5,1,1.45,7,0,0,1,0,4,0,0,1,0,national
2025,SD,46035,Davison,5493001GCBD5XGNIC815,Coastal Community Bank,8,4,0,1.16,8,0,0,0,0,4,0,0,0,0,national
2025,SD,46035,Davison,549300DD5QQUHO6PCH70,"MORTGAGE RESEARCH CENTER, LLC",6,4,2,1.16,0,0,6,0,0,0,0,4,0,0,national
2025,SD,46035,Davison,549300LBCBNR1OT00651,NATIONSTAR MORTGAGE LLC,5,4,0,1.16,3,0,2,0,0,2,0,2,0,0,national
2025,SD,46035,Davison,5493002LPXKMOZNXUY90,First International Bank & Trust,3,3,0,0.87,2,1,0,0,0,2,1,0,0,0,national
2025,SD,46035,Davison,549300FNXYY540N23N64,Newrez LLC,5,3,0,0.87,2,0,3,0,0,0,0,3,0,0,national
2025,SD,46035,Davison,549300PBTV7FCWLSMM53,,5,3,0,0.87,2,2,1,0,0,1,1,1,0,0,national
2025,SD,46035,Davison,549300T03X096VF60C57,American Bank & Trust,4,3,1,0.87,4,0,0,0,0,3,0,0,0,0,national
2025,SD,46035,Davison,549300VZVN841I2ILS84,"CROSSCOUNTRY MORTGAGE, LLC",4,3,1,0.87,1,2,1,0,0,1,1,1,0,0,national
2025,SD,46035,Davison,549300YIQ7S7Z8PIHE53,AMERISAVE MORTGAGE CORPORATION,9,3,5,0.87,4,5,0,0,0,1,2,0,0,0,national
2025,SD,46035,Davison,254900OD9TDRYGWJ0N48,First National Bank,3,2,0,0.58,3,0,0,0,0,2,0,0,0,0,national
2025,SD,46035,Davison,5493002B2WMHY23GFK92,"AMERICAN FINANCIAL RESOURCES, INC.",3,2,0,0.58,1,0,1,1,0,1,0,0,1,0,national
2025,SD,46035,Davison,549300CB67L6KPJLHE19,"TRIAD FINANCIAL SERVICES, INC.",2,2,0,0.58,2,0,0,0,0,2,0,0,0,0,national
2025,SD,46035,Davison,549300E2UX99HKDBR481,"NEW AMERICAN FUNDING, LLC",5,2,1,0.58,1,3,1,0,0,0,2,0,0,0,national
2025,SD,46035,Davison,549300NWBS6MQJX15N44,,2,2,0,0.58,2,0,0,0,0,2,0,0,0,0,national
2025,SD,46035,Davison,549300REHZOIYMHDPI61,Levo Federal Credit Union,3,2,0,0.58,3,0,0,0,0,2,0,0,0,0,national
2025,SD,46035,Davison,549300SUCQ1358EGVE89,"NEW DAY FINANCIAL, LLC",2,2,0,0.58,0,0,2,0,0,0,0,2,0,0,national
2025,SD,46035,Davison,549300VORTI31GZTJL53,"CARDINAL FINANCIAL COMPANY, LIMITED PARTNERSHIP",4,2,2,0.58,2,2,0,0,0,1,1,0,0,0,national
2025,SD,46035,Davison,KB1H1DSPRFMYMCUFXT09,"Wells Fargo Bank, National Association",4,2,1,0.58,4,0,0,0,0,2,0,0,0,0,national
2025,SD,46035,Davison,PAOOWF3GUFM46FBSP561,,2,2,0,0.58,2,0,0,0,0,2,0,0,0,0,national
2025,SD,46035,Davison,Q107R4XFOZ6F6K73C488,The First National Bank in Sioux Falls,2,2,0,0.58,2,0,0,0,0,2,0,0,0,0,national
2025,SD,46035,Davison,25490034470BYC1MSE16,,1,1,0,0.29,1,0,0,0,0,1,0,0,0,0,national
2025,SD,46035,Davison,2549005SIVTHG14U2905,A&D Mortgage LLC,1,1,0,0.29,1,0,0,0,0,1,0,0,0,0,national
2025,SD,46035,Davison,254900UL88QFG0E40516,FIGURE LENDING LLC,2,1,0,0.29,2,0,0,0,0,1,0,0,0,0,national
2025,SD,46035,Davison,54930021WPEXNHYZUL09,"PLANET HOME LENDING, LLC",1,1,0,0.29,1,0,0,0,0,1,0,0,0,0,national
2025,SD,46035,Davison,5493003GQDUH26DNNH17,Navy Federal Credit Union,2,1,0,0.29,2,0,0,0,0,1,0,0,0,0,national
2025,SD,46035,Davison,5493003LIT6MPMIF5W07,,1,1,0,0.29,1,0,0,0,0,1,0,0,0,0,national
2025,SD,46035,Davison,5493005A0757T9GRRI44,First Western Bank & Trust,1,1,0,0.29,1,0,0,0,0,1,0,0,0,0,national
2025,SD,46035,Davison,549300AG64NHILB7ZP05,"LOANDEPOT.COM, LLC",1,1,0,0.29,1,0,0,0,0,1,0,0,0,0,national
2025,SD,46035,Davison,549300BOXNV8VLRBDT24,,1,1,0,0.29,1,0,0,0,0,1,0,0,0,0,national
2025,SD,46035,Davison,549300DRA4BDXW23LD45,,2,1,0,0.29,0,1,1,0,0,0,0,1,0,0,national
2025,SD,46035,Davison,549300K4ZLGS7SRDTL86,Equity Prime Mortgage LLC,1,1,0,0.29,0,1,0,0,0,0,1,0,0,0,national
2025,SD,46035,Davison,549300KSOOZZVXCMA627,ANGEL OAK MORTGAGE SOLUTIONS LLC,1,1,0,0.29,1,0,0,0,0,1,0,0,0,0,national
2025,SD,46035,Davison,549300MGPZBLQDIL7538,FAIRWAY INDEPENDENT MORTGAGE CORPORATION,2,1,0,0.29,2,0,0,0,0,1,0,0,0,0,national
2025,SD,46035,Davison,549300OPCWU6E72WUT29,"MUTUAL OF OMAHA MORTGAGE, INC.",1,1,0,0.29,0,1,0,0,0,0,1,0,0,0,national
2025,SD,46035,Davison,549300R9S3MVDV4MGF56,"CARRINGTON MORTGAGE SERVICES, LLC",3,1,2,0.29,2,1,0,0,0,1,0,0,0,0,national
2025,SD,46035,Davison,549300RN01LBYR8ZVX74,"LOWER, LLC",2,1,1,0.29,0,1,1,0,0,0,0,1,0,0,national
2025,SD,46035,Davison,549300U3721PJGQZYY68,"GUARANTEED RATE, INC.",2,1,0,0.29,2,0,0,0,0,1,0,0,0,0,national
2025,SD,46035,Davison,549300VE85K2XTVRSG76,,1,1,0,0.29,1,0,0,0,0,1,0,0,0,0,national
2025,SD,46035,Davison,549300VHSPIDK7A5D559,"CU MORTGAGE DIRECT, LLC",1,1,0,0.29,1,0,0,0,0,1,0,0,0,0,national
2025,SD,46035,Davison,7H6GLXDRUGQFU57RNE97,"JPMorgan Chase Bank, National Association",3,1,1,0.29,3,0,0,0,0,1,0,0,0,0,national
2025,SD,46035,Davison,DRMSV1Q0EKMEXLAU1P80,"Citizens Bank, National Association",2,1,1,0.29,2,0,0,0,0,1,0,0,0,0,national
2025,SD,46035,Davison,RVDPPPGHCGZ40J4VQ731,"PENNYMAC LOAN SERVICES, LLC",4,1,2,0.29,3,1,0,0,0,1,0,0,0,0,national
2025,SD,46035,Davison,X05BVSK68TQ7YTOSNR22,Discover Bank,1,1,0,0.29,1,0,0,0,0,1,0,0,0,0,national
2025,SD,46035,Davison,549300VCMRO4ST680C11,VILLAGE CAPITAL & INVESTMENT LLC,5,0,1,0.0,0,3,2,0,0,0,0,0,0,0,national
2025,SD,46065,Hughes,5493007YN2BYYXCI7W64,"BANKWEST, INC.",150,111,12,37.12,123,21,1,5,0,85,20,1,5,0,national
2025,SD,46065,Hughes,254900OD9TDRYGWJ0N48,First National Bank,35,25,2,8.36,29,6,0,0,0,21,4,0,0,0,national
2025,SD,46065,Hughes,549300T1ONVEMLQ4B629,First Dakota National Bank,32,24,3,8.03,25,5,0,2,0,20,3,0,1,0,national
2025,SD,46065,Hughes,549300T03X096VF60C57,American Bank & Trust,31,23,1,7.69,25,4,2,0,0,20,3,0,0,0,national
2025,SD,46065,Hughes,549300M2Z8GR3VL0QQ74,BLACK HILLS FEDERAL CREDIT UNION,39,19,12,6.35,32,5,1,1,0,16,3,0,0,0,national
2025,SD,46065,Hughes,549300FGXN1K3HLB1R50,"Rocket Mortgage, LLC",19,15,0,5.02,16,2,1,0,0,12,2,1,0,0,national
2025,SD,46065,Hughes,549300DD5QQUHO6PCH70,"MORTGAGE RESEARCH CENTER, LLC",14,7,0,2.34,0,0,14,0,0,0,0,7,0,0,national
2025,SD,46065,Hughes,RVDPPPGHCGZ40J4VQ731,"PENNYMAC LOAN SERVICES, LLC",11,7,1,2.34,6,2,3,0,0,5,0,2,0,0,national
2025,SD,46065,Hughes,549300KJ8PAJ7E52HG32,Plains Commerce Bank,8,6,0,2.01,4,3,1,0,0,3,3,0,0,0,national
2025,SD,46065,Hughes,549300LYRWPSYPK6S325,FREEDOM MORTGAGE CORPORATION,7,6,0,2.01,0,1,6,0,0,0,1,5,0,0,national
2025,SD,46065,Hughes,5493001GCBD5XGNIC815,Coastal Community Bank,8,4,0,1.34,8,0,0,0,0,4,0,0,0,0,national
2025,SD,46065,Hughes,549300GKFNPRWNS0GF29,"AmeriHome Mortgage Company, LLC",4,4,0,1.34,3,1,0,0,0,3,1,0,0,0,national
2025,SD,46065,Hughes,254900UL88QFG0E40516,FIGURE LENDING LLC,5,3,2,1.0,5,0,0,0,0,3,0,0,0,0,national
2025,SD,46065,Hughes,5493003GQDUH26DNNH17,Navy Federal Credit Union,5,3,1,1.0,1,0,4,0,0,0,0,3,0,0,national
2025,SD,46065,Hughes,549300INKSPQCTELMO58,Granite Bank,6,3,2,1.0,5,1,0,0,0,2,1,0,0,0,national
2025,SD,46065,Hughes,549300IQ5NY7CSJLZW53,FIRST BANK & TRUST,3,3,0,1.0,3,0,0,0,0,3,0,0,0,0,national
2025,SD,46065,Hughes,6BYL5QZYBDK8S7L73M02,U.S. Bank National Association,5,3,0,1.0,5,0,0,0,0,3,0,0,0,0,national
2025,SD,46065,Hughes,549300HW662MN1WU8550,"United Wholesale Mortgage, LLC",3,2,0,0.67,1,1,1,0,0,0,1,1,0,0,national
2025,SD,46065,Hughes,549300LBCBNR1OT00651,NATIONSTAR MORTGAGE LLC,2,2,0,0.67,2,0,0,0,0,2,0,0,0,0,national
2025,SD,46065,Hughes,549300Q76VHK6FGPX546,Central Bank,2,2,0,0.67,2,0,0,0,0,2,0,0,0,0,national
2025,SD,46065,Hughes,C5654JQHZUHN0772B561,USAA Federal Savings Bank,2,2,0,0.67,0,0,2,0,0,0,0,2,0,0,national
2025,SD,46065,Hughes,254900DTLHVWQ7NP7R34,"CMG Mortgage, Inc.",1,1,0,0.33,1,0,0,0,0,1,0,0,0,0,national
2025,SD,46065,Hughes,54930001NSTOD85LT125,"GUARANTEED RATE AFFINITY, LLC",1,1,0,0.33,0,0,1,0,0,0,0,1,0,0,national
2025,SD,46065,Hughes,5493002B2WMHY23GFK92,"AMERICAN FINANCIAL RESOURCES, INC.",1,1,0,0.33,1,0,0,0,0,1,0,0,0,0,national
2025,SD,46065,Hughes,549300370QILXLFUWD20,"ZILLOW HOME LOANS, LLC",1,1,0,0.33,1,0,0,0,0,1,0,0,0,0,national
2025,SD,46065,Hughes,54930054ET8KM4O1D485,"SOFI BANK, NATIONAL ASSOCIATION",2,1,0,0.33,2,0,0,0,0,1,0,0,0,0,national
2025,SD,46065,Hughes,5493006JISETNI0GLE61,,1,1,0,0.33,1,0,0,0,0,1,0,0,0,0,national
2025,SD,46065,Hughes,549300AG64NHILB7ZP05,"LOANDEPOT.COM, LLC",6,1,3,0.33,3,2,1,0,0,0,0,1,0,0,national
2025,SD,46065,Hughes,549300AT7EB9FJAF0E61,Old National Bank,1,1,0,0.33,1,0,0,0,0,1,0,0,0,0,national
2025,SD,46065,Hughes,549300BLL6VL7AXWYP56,CHURCHILL MORTGAGE CORPORATION,2,1,0,0.33,2,0,0,0,0,1,0,0,0,0,national
2025,SD,46065,Hughes,549300CB67L6KPJLHE19,"TRIAD FINANCIAL SERVICES, INC.",3,1,1,0.33,3,0,0,0,0,1,0,0,0,0,national
2025,SD,46065,Hughes,549300F8C5JA44WNMI75,AMERICAN NEIGHBORHOOD MORTGAGE ACCEPTANCE COMPANY LLC,1,1,0,0.33,1,0,0,0,0,1,0,0,0,0,national
2025,SD,46065,Hughes,549300FNXYY540N23N64,Newrez LLC,3,1,0,0.33,1,0,2,0,0,0,0,1,0,0,national
2025,SD,46065,Hughes,549300FX7K8PTEQUU487,PENTAGON FEDERAL CREDIT UNION,1,1,0,0.33,1,0,0,0,0,1,0,0,0,0,national
2025,SD,46065,Hughes,549300J6N77Q8OHYNF23,,1,1,0,0.33,0,1,0,0,0,0,1,0,0,0,national
2025,SD,46065,Hughes,549300K4ZLGS7SRDTL86,Equity Prime Mortgage LLC,1,1,0,0.33,0,0,1,0,0,0,0,1,0,0,national
2025,SD,46065,Hughes,549300LLESTPOVRG3X73,,1,1,0,0.33,1,0,0,0,0,1,0,0,0,0,national
2025,SD,46065,Hughes,549300MZ8VZJOVC63092,"KIND LENDING, LLC",2,1,0,0.33,1,1,0,0,0,1,0,0,0,0,national
2025,SD,46065,Hughes,549300NOCASXPA34X033,"LAKEVIEW LOAN SERVICING, LLC",2,1,1,0.33,1,0,1,0,0,0,0,1,0,0,national
2025,SD,46065,Hughes,549300UQPFB0RR8JCA42,Dacotah Bank,1,1,0,0.33,1,0,0,0,0,1,0,0,0,0,national
2025,SD,46065,Hughes,549300W4FT4H1UWPGU95,GREENSTATE Credit Union,1,1,0,0.33,1,0,0,0,0,1,0,0,0,0,national
2025,SD,46065,Hughes,549300XQVJ1XBNFA5536,21ST MORTGAGE CORPORATION,5,1,2,0.33,5,0,0,0,0,1,0,0,0,0,national
2025,SD,46065,Hughes,549300YIQ7S7Z8PIHE53,AMERISAVE MORTGAGE CORPORATION,7,1,5,0.33,2,5,0,0,0,1,0,0,0,0,national
2025,SD,46065,Hughes,549300Z6EE8DBBFUW487,,1,1,0,0.33,1,0,0,0,0,1,0,0,0,0,national
2025,SD,46065,Hughes,LDVFX8JEECFFE8HRWA73,First National Bank of Omaha,1,1,0,0.33,0,1,0,0,0,0,1,0,0,0,national
2025,SD,46065,Hughes,PINLJ7T7GLTF48NFP863,,1,1,0,0.33,1,0,0,0,0,1,0,0,0,0,national
2025,SD,46065,Hughes,549300E2UX99HKDBR481,"NEW AMERICAN FUNDING, LLC",6,0,1,0.0,1,5,0,0,0,0,0,0,0,0,national
2025,SD,46065,Hughes,X05BVSK68TQ7YTOSNR22,Discover Bank,5,0,4,0.0,5,0,0,0,0,0,0,0,0,0,national
2025,SD,46079,Lake,549300Z77WUYJM3QG591,First PREMIER Bank,61,48,6,18.32,53,5,3,0,0,43,2,3,0,0,national
2025,SD,46079,Lake,549300IQ5NY7CSJLZW53,FIRST BANK & TRUST,45,35,8,13.36,41,3,1,0,0,34,1,0,0,0,national
2025,SD,46079,Lake,549300KJ8PAJ7E52HG32,Plains Commerce Bank,39,28,1,10.69,27,2,10,0,0,20,1,7,0,0,national
2025,SD,46079,Lake,549300VHSPIDK7A5D559,"CU MORTGAGE DIRECT, LLC",26,21,1,8.02,20,3,1,2,0,17,3,0,1,0,national
2025,SD,46079,Lake,5493007YN2BYYXCI7W64,"BANKWEST, INC.",22,18,2,6.87,19,3,0,0,0,15,3,0,0,0,national
2025,SD,46079,Lake,549300FGXN1K3HLB1R50,"Rocket Mortgage, LLC",16,12,4,4.58,12,2,2,0,0,10,0,2,0,0,national
2025,SD,46079,Lake,5493003FRXPF7VWOYZ40,,6,6,0,2.29,6,0,0,0,0,6,0,0,0,0,national
2025,SD,46079,Lake,549300RFSMIRUODUVW59,First Interstate Bank,13,6,2,2.29,12,0,0,1,0,5,0,0,1,0,national
2025,SD,46079,Lake,5493002LPXKMOZNXUY90,First International Bank & Trust,6,5,1,1.91,5,0,1,0,0,4,0,1,0,0,national
2025,SD,46079,Lake,549300DD5QQUHO6PCH70,"MORTGAGE RESEARCH CENTER, LLC",9,5,1,1.91,0,1,8,0,0,0,0,5,0,0,national
2025,SD,46079,Lake,549300MGPZBLQDIL7538,FAIRWAY INDEPENDENT MORTGAGE CORPORATION,4,4,0,1.53,2,2,0,0,0,2,2,0,0,0,national
2025,SD,46079,Lake,549300REHZOIYMHDPI61,Levo Federal Credit Union,8,4,2,1.53,8,0,0,0,0,4,0,0,0,0,national
2025,SD,46079,Lake,Q107R4XFOZ6F6K73C488,The First National Bank in Sioux Falls,5,4,0,1.53,5,0,0,0,0,4,0,0,0,0,national
2025,SD,46079,Lake,549300FNXYY540N23N64,Newrez LLC,4,3,0,1.15,0,0,4,0,0,0,0,3,0,0,national
2025,SD,46079,Lake,549300LYRWPSYPK6S325,FREEDOM MORTGAGE CORPORATION,5,3,0,1.15,0,2,3,0,0,0,0,3,0,0,national
2025,SD,46079,Lake,549300MM52W3C4U18L74,,4,3,0,1.15,4,0,0,0,0,3,0,0,0,0,national
2025,SD,46079,Lake,549300Q76VHK6FGPX546,Central Bank,4,3,0,1.15,2,1,1,0,0,1,1,1,0,0,national
2025,SD,46079,Lake,DRMSV1Q0EKMEXLAU1P80,"Citizens Bank, National Association",4,3,1,1.15,4,0,0,0,0,3,0,0,0,0,national
2025,SD,46079,Lake,KB1H1DSPRFMYMCUFXT09,"Wells Fargo Bank, National Association",4,3,1,1.15,3,0,1,0,0,2,0,1,0,0,national
2025,SD,46079,Lake,213800M6RMI3YBX62W88,"CORTRUST MORTGAGE, INC.",2,2,0,0.76,1,1,0,0,0,1,1,0,0,0,national
2025,SD,46079,Lake,254900PHRI1MCM69UM20,,2,2,0,0.76,2,0,0,0,0,2,0,0,0,0,national
2025,SD,46079,Lake,5493003QPO86QUI9FJ04,,2,2,0,0.76,2,0,0,0,0,2,0,0,0,0,national
2025,SD,46079,Lake,549300AG64NHILB7ZP05,"LOANDEPOT.COM, LLC",2,2,0,0.76,2,0,0,0,0,2,0,0,0,0,national
2025,SD,46079,Lake,549300KCR7QWQQCWBG94,,2,2,0,0.76,1,1,0,0,0,1,1,0,0,0,national
2025,SD,46079,Lake,549300T03X096VF60C57,American Bank & Trust,3,2,0,0.76,3,0,0,0,0,2,0,0,0,0,national
2025,SD,46079,Lake,549300U3721PJGQZYY68,"GUARANTEED RATE, INC.",2,2,0,0.76,1,1,0,0,0,1,1,0,0,0,national
2025,SD,46079,Lake,549300UQPFB0RR8JCA42,Dacotah Bank,2,2,0,0.76,2,0,0,0,0,2,0,0,0,0,national
2025,SD,46079,Lake,549300VTMXH07KUIB722,,2,2,0,0.76,1,1,0,0,0,1,1,0,0,0,national
2025,SD,46079,Lake,549300VZVN841I2ILS84,"CROSSCOUNTRY MORTGAGE, LLC",4,2,1,0.76,3,1,0,0,0,1,1,0,0,0,national
2025,SD,46079,Lake,7H6GLXDRUGQFU57RNE97,"JPMorgan Chase Bank, National Association",2,2,0,0.76,2,0,0,0,0,2,0,0,0,0,national
2025,SD,46079,Lake,RVDPPPGHCGZ40J4VQ731,"PENNYMAC LOAN SERVICES, LLC",3,2,1,0.76,1,0,2,0,0,1,0,1,0,0,national
2025,SD,46079,Lake,25490034470BYC1MSE16,,1,1,0,0.38,1,0,0,0,0,1,0,0,0,0,national
2025,SD,46079,Lake,254900RND4J0SY320F06,,1,1,0,0.38,1,0,0,0,0,1,0,0,0,0,national
2025,SD,46079,Lake,254900UL88QFG0E40516,FIGURE LENDING LLC,6,1,4,0.38,6,0,0,0,0,1,0,0,0,0,national
2025,SD,46079,Lake,254900ZK2F0EPOFMKG41,,1,1,0,0.38,1,0,0,0,0,1,0,0,0,0,national
2025,SD,46079,Lake,5493001GCBD5XGNIC815,Coastal Community Bank,1,1,0,0.38,1,0,0,0,0,1,0,0,0,0,national
2025,SD,46079,Lake,54930054ET8KM4O1D485,"SOFI BANK, NATIONAL ASSOCIATION",2,1,0,0.38,1,1,0,0,0,1,0,0,0,0,national
2025,SD,46079,Lake,549300E2UX99HKDBR481,"NEW AMERICAN FUNDING, LLC",3,1,0,0.38,2,1,0,0,0,0,1,0,0,0,national
2025,SD,46079,Lake,549300FSZH0FMQ1T8Y90,IOWA BANKERS MORTGAGE CORPORATION,1,1,0,0.38,1,0,0,0,0,1,0,0,0,0,national
2025,SD,46079,Lake,549300FX7K8PTEQUU487,PENTAGON FEDERAL CREDIT UNION,3,1,2,0.38,1,2,0,0,0,0,1,0,0,0,national
2025,SD,46079,Lake,549300HW662MN1WU8550,"United Wholesale Mortgage, LLC",2,1,1,0.38,1,1,0,0,0,1,0,0,0,0,national
2025,SD,46079,Lake,549300IFOE4SCP384147,University Bank,1,1,0,0.38,0,1,0,0,0,0,1,0,0,0,national
2025,SD,46079,Lake,549300LBCBNR1OT00651,NATIONSTAR MORTGAGE LLC,1,1,0,0.38,1,0,0,0,0,1,0,0,0,0,national
2025,SD,46079,Lake,549300M2Z8GR3VL0QQ74,BLACK HILLS FEDERAL CREDIT UNION,2,1,0,0.38,2,0,0,0,0,1,0,0,0,0,national
2025,SD,46079,Lake,549300MVYX1L50756117,,1,1,0,0.38,1,0,0,0,0,1,0,0,0,0,national
2025,SD,46079,Lake,549300NOCASXPA34X033,"LAKEVIEW LOAN SERVICING, LLC",3,1,2,0.38,2,0,1,0,0,0,0,1,0,0,national
2025,SD,46079,Lake,549300OPCWU6E72WUT29,"MUTUAL OF OMAHA MORTGAGE, INC.",2,1,1,0.38,1,1,0,0,0,0,1,0,0,0,national
2025,SD,46079,Lake,549300PBTV7FCWLSMM53,,1,1,0,0.38,0,0,1,0,0,0,0,1,0,0,national
2025,SD,46079,Lake,549300S5YL3OH0IVCS62,FINANCE OF AMERICA REVERSE LLC,1,1,0,0.38,0,1,0,0,0,0,1,0,0,0,national
2025,SD,46079,Lake,549300SUCQ1358EGVE89,"NEW DAY FINANCIAL, LLC",3,1,0,0.38,0,0,3,0,0,0,0,1,0,0,national
2025,SD,46079,Lake,549300T1ONVEMLQ4B629,First Dakota National Bank,2,1,0,0.38,2,0,0,0,0,1,0,0,0,0,national
2025,SD,46079,Lake,549300W4FT4H1UWPGU95,GREENSTATE Credit Union,1,1,0,0.38,1,0,0,0,0,1,0,0,0,0,national
2025,SD,46079,Lake,549300WW4OBT30G5DK23,,1,1,0,0.38,1,0,0,0,0,1,0,0,0,0,national
2025,SD,46079,Lake,6BYL5QZYBDK8S7L73M02,U.S. Bank National Association,5,1,2,0.38,5,0,0,0,0,1,0,0,0,0,national
2025,SD,46079,Lake,B4TYDEB6GKMZO031MB27,"Bank of America, National Association",1,1,0,0.38,1,0,0,0,0,1,0,0,0,0,national
2025,SD,46081,Lawrence,549300M2Z8GR3VL0QQ74,BLACK HILLS FEDERAL CREDIT UNION,121,82,23,12.09,115,6,0,0,0,78,4,0,0,0,national
2025,SD,46081,Lawrence,549300GKFNPRWNS0GF29,"AmeriHome Mortgage Company, LLC",97,79,2,11.65,62,12,17,6,0,51,12,13,3,0,national
2025,SD,46081,Lawrence,549300RFSMIRUODUVW59,First Interstate Bank,106,68,24,10.03,103,2,1,0,0,66,1,1,0,0,national
2025,SD,46081,Lawrence,254900CYWJYH3ES8BV63,,72,51,5,7.52,58,7,7,0,0,40,6,5,0,0,national
2025,SD,46081,Lawrence,549300HW662MN1WU8550,"United Wholesale Mortgage, LLC",49,37,4,5.46,36,6,7,0,0,29,2,6,0,0,national
2025,SD,46081,Lawrence,549300FGXN1K3HLB1R50,"Rocket Mortgage, LLC",53,35,6,5.16,44,7,2,0,0,32,3,0,0,0,national
2025,SD,46081,Lawrence,2549001R6R928Y08SC30,,44,28,3,4.13,37,6,1,0,0,25,2,1,0,0,national
2025,SD,46081,Lawrence,54930034MNPILHP25H80,Gateway First Bank,32,24,1,3.54,25,5,1,1,0,18,4,1,1,0,national
2025,SD,46081,Lawrence,5493007YN2BYYXCI7W64,"BANKWEST, INC.",39,21,3,3.1,38,0,1,0,0,20,0,1,0,0,national
2025,SD,46081,Lawrence,549300INKSPQCTELMO58,Granite Bank,27,17,2,2.51,20,7,0,0,0,13,4,0,0,0,national
2025,SD,46081,Lawrence,549300F8C5JA44WNMI75,AMERICAN NEIGHBORHOOD MORTGAGE ACCEPTANCE COMPANY LLC,18,15,0,2.21,13,5,0,0,0,12,3,0,0,0,national
2025,SD,46081,Lawrence,549300KJ8PAJ7E52HG32,Plains Commerce Bank,17,12,1,1.77,15,2,0,0,0,10,2,0,0,0,national
2025,SD,46081,Lawrence,549300DD5QQUHO6PCH70,"MORTGAGE RESEARCH CENTER, LLC",20,11,4,1.62,2,0,18,0,0,1,0,10,0,0,national
2025,SD,46081,Lawrence,6BYL5QZYBDK8S7L73M02,U.S. Bank National Association,12,11,0,1.62,12,0,0,0,0,11,0,0,0,0,national
2025,SD,46081,Lawrence,RVDPPPGHCGZ40J4VQ731,"PENNYMAC LOAN SERVICES, LLC",16,11,0,1.62,13,2,1,0,0,9,2,0,0,0,national
2025,SD,46081,Lawrence,549300FNXYY540N23N64,Newrez LLC,17,9,3,1.33,14,1,2,0,0,6,1,2,0,0,national
2025,SD,46081,Lawrence,5493003GQDUH26DNNH17,Navy Federal Credit Union,15,7,5,1.03,12,0,3,0,0,6,0,1,0,0,national
2025,SD,46081,Lawrence,549300AG64NHILB7ZP05,"LOANDEPOT.COM, LLC",13,7,3,1.03,7,4,2,0,0,5,1,1,0,0,national
2025,SD,46081,Lawrence,549300BZTITCLMZ3TL46,,9,7,1,1.03,9,0,0,0,0,7,0,0,0,0,national
2025,SD,46081,Lawrence,549300ZE5N7SFL05BW25,,8,7,0,1.03,8,0,0,0,0,7,0,0,0,0,national
2025,SD,46081,Lawrence,549300T03X096VF60C57,American Bank & Trust,7,6,0,0.88,6,0,1,0,0,5,0,1,0,0,national
2025,SD,46081,Lawrence,254900OD9TDRYGWJ0N48,First National Bank,12,5,1,0.74,11,1,0,0,0,4,1,0,0,0,national
2025,SD,46081,Lawrence,5493009JZ6NIQL6RQT28,,5,5,0,0.74,5,0,0,0,0,5,0,0,0,0,national
2025,SD,46081,Lawrence,549300DRA4BDXW23LD45,,5,5,0,0.74,4,1,0,0,0,4,1,0,0,0,national
2025,SD,46081,Lawrence,549300LYRWPSYPK6S325,FREEDOM MORTGAGE CORPORATION,17,5,2,0.74,3,6,8,0,0,1,2,2,0,0,national
2025,SD,46081,Lawrence,KB1H1DSPRFMYMCUFXT09,"Wells Fargo Bank, National Association",12,5,3,0.74,11,1,0,0,0,5,0,0,0,0,national
2025,SD,46081,Lawrence,549300E2UX99HKDBR481,"NEW AMERICAN FUNDING, LLC",11,4,1,0.59,7,4,0,0,0,2,2,0,0,0,national
2025,SD,46081,Lawrence,549300LBCBNR1OT00651,NATIONSTAR MORTGAGE LLC,7,4,0,0.59,4,2,1,0,0,2,1,1,0,0,national
2025,SD,46081,Lawrence,549300MZ8VZJOVC63092,"KIND LENDING, LLC",4,4,0,0.59,3,1,0,0,0,3,1,0,0,0,national
2025,SD,46081,Lawrence,Q107R4XFOZ6F6K73C488,The First National Bank in Sioux Falls,5,4,0,0.59,5,0,0,0,0,4,0,0,0,0,national
2025,SD,46081,Lawrence,549300GS0W0TEUQS8571,"Morgan Stanley Private Bank, National Association",5,3,2,0.44,5,0,0,0,0,3,0,0,0,0,national
2025,SD,46081,Lawrence,549300KIOYNU323LVJ37,AMERICAN PACIFIC MORTGAGE CORPORATION,4,3,1,0.44,1,2,1,0,0,1,1,1,0,0,national
2025,SD,46081,Lawrence,549300OPCWU6E72WUT29,"MUTUAL OF OMAHA MORTGAGE, INC.",6,3,1,0.44,3,3,0,0,0,2,1,0,0,0,national
2025,SD,46081,Lawrence,549300UONVHJ0G6DSL23,Bravera Bank,3,3,0,0.44,3,0,0,0,0,3,0,0,0,0,national
2025,SD,46081,Lawrence,549300UQPFB0RR8JCA42,Dacotah Bank,3,3,0,0.44,1,2,0,0,0,1,2,0,0,0,national
2025,SD,46081,Lawrence,98450068WC14506F0D88,,6,3,1,0.44,5,0,1,0,0,3,0,0,0,0,national
2025,SD,46081,Lawrence,254900WRP19TBSQG0Z89,,2,2,0,0.29,2,0,0,0,0,2,0,0,0,0,national
2025,SD,46081,Lawrence,54930019RBT2SM6CQS78,Starion Bank,2,2,0,0.29,2,0,0,0,0,2,0,0,0,0,national
2025,SD,46081,Lawrence,5493002POZ4RFS6X0Z30,"Dakota Community Bank & Trust, National Association",2,2,0,0.29,2,0,0,0,0,2,0,0,0,0,national
2025,SD,46081,Lawrence,5493004AS1SPBQOFDR49,"Change Lending, LLC",2,2,0,0.29,2,0,0,0,0,2,0,0,0,0,national
2025,SD,46081,Lawrence,5493006JISETNI0GLE61,,2,2,0,0.29,2,0,0,0,0,2,0,0,0,0,national
2025,SD,46081,Lawrence,549300AQ3T62GXDU7D76,GUILD MORTGAGE COMPANY LLC,2,2,0,0.29,2,0,0,0,0,2,0,0,0,0,national
2025,SD,46081,Lawrence,549300MGPZBLQDIL7538,FAIRWAY INDEPENDENT MORTGAGE CORPORATION,2,2,0,0.29,2,0,0,0,0,2,0,0,0,0,national
2025,SD,46081,Lawrence,549300MP1N04YL1TZP61,,2,2,0,0.29,2,0,0,0,0,2,0,0,0,0,national
2025,SD,46081,Lawrence,549300QG83M0EX7VC434,Pinnacle Bank - Wyoming,5,2,0,0.29,5,0,0,0,0,2,0,0,0,0,national
2025,SD,46081,Lawrence,549300RPOGWJRH63HS39,UNION HOME MORTGAGE CORP.,3,2,0,0.29,3,0,0,0,0,2,0,0,0,0,national
2025,SD,46081,Lawrence,549300SQN9E467RQOF48,,4,2,1,0.29,4,0,0,0,0,2,0,0,0,0,national
2025,SD,46081,Lawrence,549300T1ONVEMLQ4B629,First Dakota National Bank,6,2,1,0.29,6,0,0,0,0,2,0,0,0,0,national
2025,SD,46081,Lawrence,549300VZVN841I2ILS84,"CROSSCOUNTRY MORTGAGE, LLC",5,2,0,0.29,3,1,1,0,0,2,0,0,0,0,national
2025,SD,46081,Lawrence,549300YIQ7S7Z8PIHE53,AMERISAVE MORTGAGE CORPORATION,7,2,4,0.29,6,0,1,0,0,1,0,1,0,0,national
2025,SD,46081,Lawrence,7H6GLXDRUGQFU57RNE97,"JPMorgan Chase Bank, National Association",4,2,0,0.29,4,0,0,0,0,2,0,0,0,0,national
2025,SD,46081,Lawrence,C5654JQHZUHN0772B561,USAA Federal Savings Bank,8,2,4,0.29,3,0,5,0,0,0,0,2,0,0,national
2025,SD,46081,Lawrence,FU7RSW4CQQY98A2O7J66,"BOKF, National Association",2,2,0,0.29,2,0,0,0,0,2,0,0,0,0,national
2025,SD,46081,Lawrence,2138004QPZ7FMGPTU106,CorTrust Bank National Association,1,1,0,0.15,1,0,0,0,0,1,0,0,0,0,national
2025,SD,46081,Lawrence,213800M6RMI3YBX62W88,"CORTRUST MORTGAGE, INC.",1,1,0,0.15,1,0,0,0,0,1,0,0,0,0,national
2025,SD,46081,Lawrence,25490034470BYC1MSE16,,1,1,0,0.15,1,0,0,0,0,1,0,0,0,0,national
2025,SD,46081,Lawrence,2549004FXPNKCLIN8250,"Synergy One Lending, Inc.",1,1,0,0.15,1,0,0,0,0,1,0,0,0,0,national
2025,SD,46081,Lawrence,2549008TT6UNYR7AXF54,,1,1,0,0.15,1,0,0,0,0,1,0,0,0,0,national
2025,SD,46081,Lawrence,254900B9B6TYYGLOXT47,,1,1,0,0.15,1,0,0,0,0,1,0,0,0,0,national
2025,SD,46081,Lawrence,254900IL7D0ACZ6YVF12,,1,1,0,0.15,1,0,0,0,0,1,0,0,0,0,national
2025,SD,46081,Lawrence,254900UL88QFG0E40516,FIGURE LENDING LLC,3,1,2,0.15,3,0,0,0,0,1,0,0,0,0,national
2025,SD,46081,Lawrence,2WHM8VNJH63UN14OL754,The Huntington National Bank,1,1,0,0.15,1,0,0,0,0,1,0,0,0,0,national
2025,SD,46081,Lawrence,5493001WHVQBGRSWEU75,"HOMEBRIDGE FINANCIAL SERVICES, INC.",1,1,0,0.15,1,0,0,0,0,1,0,0,0,0,national
2025,SD,46081,Lawrence,5493002B2WMHY23GFK92,"AMERICAN FINANCIAL RESOURCES, INC.",1,1,0,0.15,1,0,0,0,0,1,0,0,0,0,national
2025,SD,46081,Lawrence,5493002LPXKMOZNXUY90,First International Bank & Trust,1,1,0,0.15,1,0,0,0,0,1,0,0,0,0,national
2025,SD,46081,Lawrence,5493006VAGP3GQ8FJT49,"Kiavi Funding, Inc.",1,1,0,0.15,1,0,0,0,0,1,0,0,0,0,national
2025,SD,46081,Lawrence,549300ALNLUNS3Y53T24,AMERICAN FINANCING CORPORATION,4,1,0,0.15,4,0,0,0,0,1,0,0,0,0,national
2025,SD,46081,Lawrence,549300BB4LSE4JRRGV15,Choice Financial Group,1,1,0,0.15,1,0,0,0,0,1,0,0,0,0,national
2025,SD,46081,Lawrence,549300C5STIFBCFMRJ96,Kirkwood Bank & Trust Co.,3,1,0,0.15,3,0,0,0,0,1,0,0,0,0,national
2025,SD,46081,Lawrence,549300CDOC4F7XSRG390,Pinnacle Bank,1,1,0,0.15,1,0,0,0,0,1,0,0,0,0,national
2025,SD,46081,Lawrence,549300CLRXFVF83ZL806,"NATIONWIDE MORTGAGE BANKERS, INC.",1,1,0,0.15,1,0,0,0,0,1,0,0,0,0,national
2025,SD,46081,Lawrence,549300DD4R4SYK5RAQ92,"MOVEMENT MORTGAGE, LLC",4,1,2,0.15,4,0,0,0,0,1,0,0,0,0,national
2025,SD,46081,Lawrence,549300IFOE4SCP384147,University Bank,1,1,0,0.15,0,1,0,0,0,0,1,0,0,0,national
2025,SD,46081,Lawrence,549300LLESTPOVRG3X73,,1,1,0,0.15,1,0,0,0,0,1,0,0,0,0,national
2025,SD,46081,Lawrence,549300NOCASXPA34X033,"LAKEVIEW LOAN SERVICING, LLC",5,1,2,0.15,3,2,0,0,0,1,0,0,0,0,national
2025,SD,46081,Lawrence,549300QIUZLVR1OLDH55,Genisys Credit Union,1,1,0,0.15,1,0,0,0,0,1,0,0,0,0,national
2025,SD,46081,Lawrence,549300QLO8TSQW5JTK72,WEST GATE BANK,1,1,0,0.15,1,0,0,0,0,1,0,0,0,0,national
2025,SD,46081,Lawrence,549300R7HGHP2I754087,TOWNE MORTGAGE COMPANY,1,1,0,0.15,0,0,1,0,0,0,0,1,0,0,national
2025,SD,46081,Lawrence,549300REENMLD2RN3W58,"Magnolia Bank, Incorporated",1,1,0,0.15,0,0,1,0,0,0,0,1,0,0,national
2025,SD,46081,Lawrence,549300REHZOIYMHDPI61,Levo Federal Credit Union,1,1,0,0.15,1,0,0,0,0,1,0,0,0,0,national
2025,SD,46081,Lawrence,549300RK7Q0WLYYRNC19,,1,1,0,0.15,1,0,0,0,0,1,0,0,0,0,national
2025,SD,46081,Lawrence,549300UDUI586USMO954,,1,1,0,0.15,1,0,0,0,0,1,0,0,0,0,national
2025,SD,46081,Lawrence,549300VF12R0WS33KN43,CAPITAL,1,1,0,0.15,1,0,0,0,0,1,0,0,0,0,national
2025,SD,46081,Lawrence,549300W45D2J6BT4LX65,,1,1,0,0.15,1,0,0,0,0,1,0,0,0,0,national
2025,SD,46081,Lawrence,549300WW4OBT30G5DK23,,2,1,0,0.15,2,0,0,0,0,1,0,0,0,0,national
2025,SD,46081,Lawrence,549300XY701IELCE5Q08,BETTER MORTGAGE CORPORATION,7,1,2,0.15,7,0,0,0,0,1,0,0,0,0,national
2025,SD,46081,Lawrence,549300Y5Y88FQLI7VE83,DEEPHAVEN MORTGAGE LLC,1,1,0,0.15,1,0,0,0,0,1,0,0,0,0,national
2025,SD,46081,Lawrence,549300Z77WUYJM3QG591,First PREMIER Bank,1,1,0,0.15,1,0,0,0,0,1,0,0,0,0,national
2025,SD,46081,Lawrence,549300ZZZUYWXK72JD21,Frandsen Bank & Trust,1,1,0,0.15,1,0,0,0,0,1,0,0,0,0,national
2025,SD,46081,Lawrence,PAOOWF3GUFM46FBSP561,,2,1,0,0.15,1,1,0,0,0,0,1,0,0,0,national
2025,SD,46081,Lawrence,PINLJ7T7GLTF48NFP863,,2,1,0,0.15,2,0,0,0,0,1,0,0,0,0,national
2025,SD,46081,Lawrence,SS1TRMSN6BRNMOREEV51,"Flagstar Bank, National Association",4,1,2,0.15,3,0,1,0,0,0,0,1,0,0,national
2025,SD,46081,Lawrence,X05BVSK68TQ7YTOSNR22,Discover Bank,5,1,1,0.15,5,0,0,0,0,1,0,0,0,0,national
2025,SD,46081,Lawrence,5493001GCBD5XGNIC815,Coastal Community Bank,10,0,0,0.0,10,0,0,0,0,0,0,0,0,0,national
2025,SD,46081,Lawrence,54930054ET8KM4O1D485,"SOFI BANK, NATIONAL ASSOCIATION",6,0,0,0.0,4,1,1,0,0,0,0,0,0,0,national
2025,SD,46083,Lincoln,549300KJ8PAJ7E52HG32,Plains Commerce Bank,396,288,8,14.32,283,75,36,2,0,201,58,28,1,0,national
2025,SD,46083,Lincoln,549300Z77WUYJM3QG591,First PREMIER Bank,251,183,15,9.1,214,27,7,3,0,156,21,4,2,0,national
2025,SD,46083,Lincoln,5493002LPXKMOZNXUY90,First International Bank & Trust,177,148,9,7.36,138,23,15,1,0,115,20,12,1,0,national
2025,SD,46083,Lincoln,549300REHZOIYMHDPI61,Levo Federal Credit Union,169,148,8,7.36,152,10,4,3,0,131,10,4,3,0,national
2025,SD,46083,Lincoln,549300IQ5NY7CSJLZW53,FIRST BANK & TRUST,191,143,21,7.11,163,19,9,0,0,123,15,5,0,0,national
2025,SD,46083,Lincoln,549300T1ONVEMLQ4B629,First Dakota National Bank,98,84,2,4.18,91,3,4,0,0,77,3,4,0,0,national
2025,SD,46083,Lincoln,549300Q76VHK6FGPX546,Central Bank,99,77,6,3.83,89,5,4,1,0,69,4,3,1,0,national
2025,SD,46083,Lincoln,549300MGPZBLQDIL7538,FAIRWAY INDEPENDENT MORTGAGE CORPORATION,92,74,3,3.68,49,30,12,1,0,35,26,12,1,0,national
2025,SD,46083,Lincoln,6BYL5QZYBDK8S7L73M02,U.S. Bank National Association,82,54,20,2.69,82,0,0,0,0,54,0,0,0,0,national
2025,SD,46083,Lincoln,549300FGXN1K3HLB1R50,"Rocket Mortgage, LLC",70,53,10,2.64,50,12,8,0,0,40,9,4,0,0,national
2025,SD,46083,Lincoln,549300T03X096VF60C57,American Bank & Trust,63,51,4,2.54,55,3,5,0,0,44,2,5,0,0,national
2025,SD,46083,Lincoln,2138004QPZ7FMGPTU106,CorTrust Bank National Association,34,30,2,1.49,34,0,0,0,0,30,0,0,0,0,national
2025,SD,46083,Lincoln,549300VHSPIDK7A5D559,"CU MORTGAGE DIRECT, LLC",39,28,4,1.39,28,8,3,0,0,19,6,3,0,0,national
2025,SD,46083,Lincoln,Q107R4XFOZ6F6K73C488,The First National Bank in Sioux Falls,33,28,2,1.39,33,0,0,0,0,28,0,0,0,0,national
2025,SD,46083,Lincoln,213800M6RMI3YBX62W88,"CORTRUST MORTGAGE, INC.",38,27,2,1.34,37,0,1,0,0,26,0,1,0,0,national
2025,SD,46083,Lincoln,549300VTMXH07KUIB722,,37,27,1,1.34,28,7,2,0,0,22,4,1,0,0,national
2025,SD,46083,Lincoln,549300HW662MN1WU8550,"United Wholesale Mortgage, LLC",37,25,7,1.24,20,11,6,0,0,15,5,5,0,0,national
2025,SD,46083,Lincoln,549300M2Z8GR3VL0QQ74,BLACK HILLS FEDERAL CREDIT UNION,33,25,6,1.24,31,0,2,0,0,24,0,1,0,0,national
2025,SD,46083,Lincoln,549300KCR7QWQQCWBG94,,34,23,2,1.14,24,2,6,2,0,19,0,4,0,0,national
2025,SD,46083,Lincoln,549300VZVN841I2ILS84,"CROSSCOUNTRY MORTGAGE, LLC",33,23,1,1.14,19,10,4,0,0,13,7,3,0,0,national
2025,SD,46083,Lincoln,549300DD5QQUHO6PCH70,"MORTGAGE RESEARCH CENTER, LLC",43,20,6,0.99,0,0,43,0,0,0,0,20,0,0,national
2025,SD,46083,Lincoln,549300LYRWPSYPK6S325,FREEDOM MORTGAGE CORPORATION,34,20,1,0.99,1,8,25,0,0,0,5,15,0,0,national
2025,SD,46083,Lincoln,549300RFSMIRUODUVW59,First Interstate Bank,26,19,5,0.94,25,0,0,1,0,18,0,0,1,0,national
2025,SD,46083,Lincoln,549300U3721PJGQZYY68,"GUARANTEED RATE, INC.",34,19,6,0.94,27,2,5,0,0,14,1,4,0,0,national
2025,SD,46083,Lincoln,549300FNXYY540N23N64,Newrez LLC,33,18,7,0.9,14,3,16,0,0,7,1,10,0,0,national
2025,SD,46083,Lincoln,KB1H1DSPRFMYMCUFXT09,"Wells Fargo Bank, National Association",19,16,2,0.8,19,0,0,0,0,16,0,0,0,0,national
2025,SD,46083,Lincoln,RVDPPPGHCGZ40J4VQ731,"PENNYMAC LOAN SERVICES, LLC",26,16,4,0.8,15,6,5,0,0,11,2,3,0,0,national
2025,SD,46083,Lincoln,549300MM52W3C4U18L74,,16,15,0,0.75,16,0,0,0,0,15,0,0,0,0,national
2025,SD,46083,Lincoln,DRMSV1Q0EKMEXLAU1P80,"Citizens Bank, National Association",18,15,1,0.75,15,0,3,0,0,12,0,3,0,0,national
2025,SD,46083,Lincoln,549300RK7Q0WLYYRNC19,,24,14,1,0.7,22,0,2,0,0,14,0,0,0,0,national
2025,SD,46083,Lincoln,549300UQPFB0RR8JCA42,Dacotah Bank,17,14,1,0.7,16,0,1,0,0,14,0,0,0,0,national
2025,SD,46083,Lincoln,5493003GQDUH26DNNH17,Navy Federal Credit Union,20,11,4,0.55,12,0,8,0,0,6,0,5,0,0,national
2025,SD,46083,Lincoln,549300BNZVNK1XN85P72,,15,11,1,0.55,15,0,0,0,0,11,0,0,0,0,national
2025,SD,46083,Lincoln,549300FSZH0FMQ1T8Y90,IOWA BANKERS MORTGAGE CORPORATION,14,11,3,0.55,13,1,0,0,0,11,0,0,0,0,national
2025,SD,46083,Lincoln,5493003FRXPF7VWOYZ40,,12,10,0,0.5,12,0,0,0,0,10,0,0,0,0,national
2025,SD,46083,Lincoln,5493007YN2BYYXCI7W64,"BANKWEST, INC.",25,10,7,0.5,24,1,0,0,0,9,1,0,0,0,national
2025,SD,46083,Lincoln,549300LBCBNR1OT00651,NATIONSTAR MORTGAGE LLC,15,10,4,0.5,13,1,1,0,0,9,1,0,0,0,national
2025,SD,46083,Lincoln,549300MVYX1L50756117,,12,10,1,0.5,12,0,0,0,0,10,0,0,0,0,national
2025,SD,46083,Lincoln,25490031SXYH24299E86,,11,9,2,0.45,9,0,0,2,0,9,0,0,0,0,national
2025,SD,46083,Lincoln,549300R92KASZD16MT49,,11,9,1,0.45,9,2,0,0,0,9,0,0,0,0,national
2025,SD,46083,Lincoln,549300AG64NHILB7ZP05,"LOANDEPOT.COM, LLC",9,8,1,0.4,8,0,1,0,0,7,0,1,0,0,national
2025,SD,46083,Lincoln,5493003LIT6MPMIF5W07,,8,7,0,0.35,8,0,0,0,0,7,0,0,0,0,national
2025,SD,46083,Lincoln,549300QLO8TSQW5JTK72,WEST GATE BANK,8,7,1,0.35,8,0,0,0,0,7,0,0,0,0,national
2025,SD,46083,Lincoln,7H6GLXDRUGQFU57RNE97,"JPMorgan Chase Bank, National Association",16,7,4,0.35,16,0,0,0,0,7,0,0,0,0,national
2025,SD,46083,Lincoln,254900UL88QFG0E40516,FIGURE LENDING LLC,15,6,3,0.3,15,0,0,0,0,6,0,0,0,0,national
2025,SD,46083,Lincoln,54930054ET8KM4O1D485,"SOFI BANK, NATIONAL ASSOCIATION",11,6,1,0.3,10,1,0,0,0,5,1,0,0,0,national
2025,SD,46083,Lincoln,549300OZ8A612R2D8J95,,7,6,0,0.3,7,0,0,0,0,6,0,0,0,0,national
2025,SD,46083,Lincoln,549300XCVBRR56D08F03,,10,6,0,0.3,10,0,0,0,0,6,0,0,0,0,national
2025,SD,46083,Lincoln,B4TYDEB6GKMZO031MB27,"Bank of America, National Association",12,6,3,0.3,12,0,0,0,0,6,0,0,0,0,national
2025,SD,46083,Lincoln,254900QE8DMX9C02HU80,,7,5,0,0.25,7,0,0,0,0,5,0,0,0,0,national
2025,SD,46083,Lincoln,549300S0KDM58LZT5C96,,6,5,1,0.25,6,0,0,0,0,5,0,0,0,0,national
2025,SD,46083,Lincoln,549300SUCQ1358EGVE89,"NEW DAY FINANCIAL, LLC",10,5,0,0.25,0,0,10,0,0,0,0,5,0,0,national
2025,SD,46083,Lincoln,549300YIQ7S7Z8PIHE53,AMERISAVE MORTGAGE CORPORATION,14,5,7,0.25,7,6,1,0,0,3,2,0,0,0,national
2025,SD,46083,Lincoln,54930052M48FOD3CWA54,"PRIMARY RESIDENTIAL MORTGAGE, INC.",6,4,1,0.2,5,0,1,0,0,4,0,0,0,0,national
2025,SD,46083,Lincoln,549300KUIZTYQRC0R888,,5,4,0,0.2,5,0,0,0,0,4,0,0,0,0,national
2025,SD,46083,Lincoln,25490034470BYC1MSE16,,3,3,0,0.15,3,0,0,0,0,3,0,0,0,0,national
2025,SD,46083,Lincoln,2549008LUH7QKMXQ8N53,,3,3,0,0.15,0,2,1,0,0,0,2,1,0,0,national
2025,SD,46083,Lincoln,5493001GCBD5XGNIC815,Coastal Community Bank,18,3,0,0.15,18,0,0,0,0,3,0,0,0,0,national
2025,SD,46083,Lincoln,5493006JISETNI0GLE61,,3,3,0,0.15,3,0,0,0,0,3,0,0,0,0,national
2025,SD,46083,Lincoln,549300HWDY3N8UVJO697,,4,3,1,0.15,4,0,0,0,0,3,0,0,0,0,national
2025,SD,46083,Lincoln,549300OPCWU6E72WUT29,"MUTUAL OF OMAHA MORTGAGE, INC.",8,3,3,0.15,2,5,1,0,0,1,1,1,0,0,national
2025,SD,46083,Lincoln,549300VCMRO4ST680C11,VILLAGE CAPITAL & INVESTMENT LLC,3,3,0,0.15,0,1,2,0,0,0,1,2,0,0,national
2025,SD,46083,Lincoln,549300WYC8C6REMY4E38,,3,3,0,0.15,3,0,0,0,0,3,0,0,0,0,national
2025,SD,46083,Lincoln,C5654JQHZUHN0772B561,USAA Federal Savings Bank,4,3,0,0.15,0,0,4,0,0,0,0,3,0,0,national
2025,SD,46083,Lincoln,213800XR2TCBQJSF1X93,,2,2,0,0.1,2,0,0,0,0,2,0,0,0,0,national
2025,SD,46083,Lincoln,254900OD9TDRYGWJ0N48,First National Bank,2,2,0,0.1,1,1,0,0,0,1,1,0,0,0,national
2025,SD,46083,Lincoln,254900WQBZOLXT53K570,,3,2,1,0.1,3,0,0,0,0,2,0,0,0,0,national
2025,SD,46083,Lincoln,54930021WPEXNHYZUL09,"PLANET HOME LENDING, LLC",2,2,0,0.1,0,0,2,0,0,0,0,2,0,0,national
2025,SD,46083,Lincoln,549300FX2QBKG7ZTBX37,,2,2,0,0.1,2,0,0,0,0,2,0,0,0,0,national
2025,SD,46083,Lincoln,549300KIOYNU323LVJ37,AMERICAN PACIFIC MORTGAGE CORPORATION,3,2,0,0.1,3,0,0,0,0,2,0,0,0,0,national
2025,SD,46083,Lincoln,549300NOCASXPA34X033,"LAKEVIEW LOAN SERVICING, LLC",9,2,2,0.1,5,2,2,0,0,2,0,0,0,0,national
2025,SD,46083,Lincoln,549300PL267CW8182203,,3,2,0,0.1,0,1,2,0,0,0,0,2,0,0,national
2025,SD,46083,Lincoln,549300R9S3MVDV4MGF56,"CARRINGTON MORTGAGE SERVICES, LLC",3,2,0,0.1,2,0,1,0,0,1,0,1,0,0,national
2025,SD,46083,Lincoln,549300RBJCM5B02O5U05,Northwest Bank,3,2,0,0.1,3,0,0,0,0,2,0,0,0,0,national
2025,SD,46083,Lincoln,549300USNPUCH96WTF23,,2,2,0,0.1,2,0,0,0,0,2,0,0,0,0,national
2025,SD,46083,Lincoln,549300WYBPIWKK6SQC06,Bell Bank,3,2,0,0.1,3,0,0,0,0,2,0,0,0,0,national
2025,SD,46083,Lincoln,C398JSK21YCXWM603F55,"Barrington Bank & Trust Company, National Association",3,2,0,0.1,1,0,2,0,0,1,0,1,0,0,national
2025,SD,46083,Lincoln,E57ODZWZ7FF32TWEFA76,"Citibank, National Association",2,2,0,0.1,2,0,0,0,0,2,0,0,0,0,national
2025,SD,46083,Lincoln,LDVFX8JEECFFE8HRWA73,First National Bank of Omaha,2,2,0,0.1,2,0,0,0,0,2,0,0,0,0,national
2025,SD,46083,Lincoln,SS1TRMSN6BRNMOREEV51,"Flagstar Bank, National Association",4,2,1,0.1,2,0,2,0,0,0,0,2,0,0,national
2025,SD,46083,Lincoln,X05BVSK68TQ7YTOSNR22,Discover Bank,13,2,7,0.1,13,0,0,0,0,2,0,0,0,0,national
2025,SD,46083,Lincoln,2549004EEJO192FMAC61,,1,1,0,0.05,1,0,0,0,0,1,0,0,0,0,national
2025,SD,46083,Lincoln,2549005SIVTHG14U2905,A&D Mortgage LLC,2,1,1,0.05,1,1,0,0,0,1,0,0,0,0,national
2025,SD,46083,Lincoln,254900CYWJYH3ES8BV63,,1,1,0,0.05,1,0,0,0,0,1,0,0,0,0,national
2025,SD,46083,Lincoln,254900HA4DQWAE0W3342,"AMERIHOME MORTGAGE COMPANY, LLC",3,1,0,0.05,0,3,0,0,0,0,1,0,0,0,national
2025,SD,46083,Lincoln,254900RFZH9I62FGU045,"AMERICAN MORTGAGE BANK, INC.",1,1,0,0.05,1,0,0,0,0,1,0,0,0,0,national
2025,SD,46083,Lincoln,254900WEP08K7U7S3A80,,1,1,0,0.05,1,0,0,0,0,1,0,0,0,0,national
2025,SD,46083,Lincoln,54930001NSTOD85LT125,"GUARANTEED RATE AFFINITY, LLC",1,1,0,0.05,0,1,0,0,0,0,1,0,0,0,national
2025,SD,46083,Lincoln,5493001GDRY0EL7VG372,"ARK-LA-TEX FINANCIAL SERVICES, LLC.",1,1,0,0.05,1,0,0,0,0,1,0,0,0,0,national
2025,SD,46083,Lincoln,5493001WHVQBGRSWEU75,"HOMEBRIDGE FINANCIAL SERVICES, INC.",1,1,0,0.05,1,0,0,0,0,1,0,0,0,0,national
2025,SD,46083,Lincoln,5493002B2WMHY23GFK92,"AMERICAN FINANCIAL RESOURCES, INC.",2,1,0,0.05,0,2,0,0,0,0,1,0,0,0,national
2025,SD,46083,Lincoln,5493003V40VGM7YDFM54,FIRST COLONY MORTGAGE CORPORATION,1,1,0,0.05,1,0,0,0,0,1,0,0,0,0,national
2025,SD,46083,Lincoln,5493005A0757T9GRRI44,First Western Bank & Trust,1,1,0,0.05,1,0,0,0,0,1,0,0,0,0,national
2025,SD,46083,Lincoln,549300AQ3T62GXDU7D76,GUILD MORTGAGE COMPANY LLC,1,1,0,0.05,1,0,0,0,0,1,0,0,0,0,national
2025,SD,46083,Lincoln,549300ASFUWYQO0RW077,,1,1,0,0.05,1,0,0,0,0,1,0,0,0,0,national
2025,SD,46083,Lincoln,549300BX448ALT10FI43,The Federal Savings Bank,1,1,0,0.05,0,0,1,0,0,0,0,1,0,0,national
2025,SD,46083,Lincoln,549300CB67L6KPJLHE19,"TRIAD FINANCIAL SERVICES, INC.",5,1,4,0.05,5,0,0,0,0,1,0,0,0,0,national
2025,SD,46083,Lincoln,549300E2UX99HKDBR481,"NEW AMERICAN FUNDING, LLC",7,1,1,0.05,3,4,0,0,0,1,0,0,0,0,national
2025,SD,46083,Lincoln,549300EP58VNEJR7BV48,,1,1,0,0.05,1,0,0,0,0,1,0,0,0,0,national
2025,SD,46083,Lincoln,549300F8C5JA44WNMI75,AMERICAN NEIGHBORHOOD MORTGAGE ACCEPTANCE COMPANY LLC,2,1,0,0.05,2,0,0,0,0,1,0,0,0,0,national
2025,SD,46083,Lincoln,549300GG5XNEIGHQTG04,CHARTER WEST BANK,1,1,0,0.05,1,0,0,0,0,1,0,0,0,0,national
2025,SD,46083,Lincoln,549300GKFNPRWNS0GF29,"AmeriHome Mortgage Company, LLC",3,1,0,0.05,1,1,0,1,0,1,0,0,0,0,national
2025,SD,46083,Lincoln,549300GS0W0TEUQS8571,"Morgan Stanley Private Bank, National Association",1,1,0,0.05,1,0,0,0,0,1,0,0,0,0,national
2025,SD,46083,Lincoln,549300INKSPQCTELMO58,Granite Bank,1,1,0,0.05,0,0,1,0,0,0,0,1,0,0,national
2025,SD,46083,Lincoln,549300K4ZLGS7SRDTL86,Equity Prime Mortgage LLC,3,1,0,0.05,0,2,1,0,0,0,1,0,0,0,national
2025,SD,46083,Lincoln,549300KER3YVZ3U5RK57,VERIDIAN CREDIT UNION,1,1,0,0.05,1,0,0,0,0,1,0,0,0,0,national
2025,SD,46083,Lincoln,549300KPHGEE40YQXO21,,1,1,0,0.05,1,0,0,0,0,1,0,0,0,0,national
2025,SD,46083,Lincoln,549300LROQOOQU77WS20,,1,1,0,0.05,1,0,0,0,0,1,0,0,0,0,national
2025,SD,46083,Lincoln,549300LXKO1O7CSK5J52,"FLAT BRANCH MORTGAGE, INC.",1,1,0,0.05,1,0,0,0,0,1,0,0,0,0,national
2025,SD,46083,Lincoln,549300MZ8VZJOVC63092,"KIND LENDING, LLC",1,1,0,0.05,0,0,1,0,0,0,0,1,0,0,national
2025,SD,46083,Lincoln,549300PC4MFWQBNVKG88,"V.I.P. MORTGAGE, INC.",1,1,0,0.05,1,0,0,0,0,1,0,0,0,0,national
2025,SD,46083,Lincoln,549300Q4JBLTKDC7J303,,1,1,0,0.05,1,0,0,0,0,1,0,0,0,0,national
2025,SD,46083,Lincoln,549300QDGMFASKEN7Z77,BLAZE CREDIT UNION,1,1,0,0.05,1,0,0,0,0,1,0,0,0,0,national
2025,SD,46083,Lincoln,549300R8N9KVQUKVNJ71,,1,1,0,0.05,1,0,0,0,0,1,0,0,0,0,national
2025,SD,46083,Lincoln,549300RFPLMCMJL7BS81,,1,1,0,0.05,1,0,0,0,0,1,0,0,0,0,national
2025,SD,46083,Lincoln,549300S8SHBRCI7UU819,,1,1,0,0.05,1,0,0,0,0,1,0,0,0,0,national
2025,SD,46083,Lincoln,549300SQKZC6HESYGO25,,1,1,0,0.05,1,0,0,0,0,1,0,0,0,0,national
2025,SD,46083,Lincoln,549300TQVOMKNKFOH392,GATE CITY BANK,1,1,0,0.05,1,0,0,0,0,1,0,0,0,0,national
2025,SD,46083,Lincoln,549300TSZB60GNONKL22,,1,1,0,0.05,1,0,0,0,0,1,0,0,0,0,national
2025,SD,46083,Lincoln,549300UR5AOWTJJ7KZ64,,2,1,0,0.05,2,0,0,0,0,1,0,0,0,0,national
2025,SD,46083,Lincoln,549300W4FT4H1UWPGU95,GREENSTATE Credit Union,1,1,0,0.05,1,0,0,0,0,1,0,0,0,0,national
2025,SD,46083,Lincoln,549300XQVJ1XBNFA5536,21ST MORTGAGE CORPORATION,9,1,5,0.05,9,0,0,0,0,1,0,0,0,0,national
2025,SD,46083,Lincoln,549300XY701IELCE5Q08,BETTER MORTGAGE CORPORATION,7,1,1,0.05,7,0,0,0,0,1,0,0,0,0,national
2025,SD,46083,Lincoln,549300XZEU2LB7FLWW04,,1,1,0,0.05,1,0,0,0,0,1,0,0,0,0,national
2025,SD,46083,Lincoln,CKVBED0S4DMLKJJ5XH28,Stifel Bank and Trust,1,1,0,0.05,1,0,0,0,0,1,0,0,0,0,national
2025,SD,46083,Lincoln,COINQMNIM6RBU631DD85,Arvest Bank,2,1,0,0.05,2,0,0,0,0,1,0,0,0,0,national
2025,SD,46083,Lincoln,PAOOWF3GUFM46FBSP561,,2,1,0,0.05,2,0,0,0,0,1,0,0,0,0,national
2025,SD,46083,Lincoln,WKN6AF1FCL7BBYGTGI83,,2,1,0,0.05,2,0,0,0,0,1,0,0,0,0,national
2025,SD,46083,Lincoln,549300ALNLUNS3Y53T24,AMERICAN FINANCING CORPORATION,6,0,4,0.0,0,5,1,0,0,0,0,0,0,0,national
2025,SD,46093,Meade,549300GKFNPRWNS0GF29,"AmeriHome Mortgage Company, LLC",139,109,5,14.69,73,21,38,7,0,53,20,31,5,0,national
2025,SD,46093,Meade,549300M2Z8GR3VL0QQ74,BLACK HILLS FEDERAL CREDIT UNION,150,101,28,13.61,137,6,5,2,0,91,4,4,2,0,national
2025,SD,46093,Meade,54930034MNPILHP25H80,Gateway First Bank,54,48,1,6.47,34,8,11,1,0,31,8,8,1,0,national
2025,SD,46093,Meade,549300HW662MN1WU8550,"United Wholesale Mortgage, LLC",59,48,4,6.47,21,10,28,0,0,18,5,25,0,0,national
2025,SD,46093,Meade,549300FGXN1K3HLB1R50,"Rocket Mortgage, LLC",44,33,5,4.45,28,7,9,0,0,21,5,7,0,0,national
2025,SD,46093,Meade,549300KJ8PAJ7E52HG32,Plains Commerce Bank,40,30,0,4.04,18,12,10,0,0,14,8,8,0,0,national
2025,SD,46093,Meade,RVDPPPGHCGZ40J4VQ731,"PENNYMAC LOAN SERVICES, LLC",38,26,1,3.5,23,7,8,0,0,19,4,3,0,0,national
2025,SD,46093,Meade,254900CYWJYH3ES8BV63,,27,20,1,2.7,23,1,3,0,0,17,1,2,0,0,national
2025,SD,46093,Meade,549300DD5QQUHO6PCH70,"MORTGAGE RESEARCH CENTER, LLC",45,20,11,2.7,2,0,43,0,0,1,0,19,0,0,national
2025,SD,46093,Meade,549300F8C5JA44WNMI75,AMERICAN NEIGHBORHOOD MORTGAGE ACCEPTANCE COMPANY LLC,31,19,0,2.56,13,8,10,0,0,8,5,6,0,0,national
2025,SD,46093,Meade,549300MZ8VZJOVC63092,"KIND LENDING, LLC",28,19,5,2.56,6,5,15,2,0,4,2,12,1,0,national
2025,SD,46093,Meade,5493007YN2BYYXCI7W64,"BANKWEST, INC.",28,17,3,2.29,27,1,0,0,0,17,0,0,0,0,national
2025,SD,46093,Meade,549300INKSPQCTELMO58,Granite Bank,20,17,0,2.29,14,2,4,0,0,12,1,4,0,0,national
2025,SD,46093,Meade,549300RFSMIRUODUVW59,First Interstate Bank,34,17,13,2.29,32,2,0,0,0,16,1,0,0,0,national
2025,SD,46093,Meade,254900OD9TDRYGWJ0N48,First National Bank,17,12,1,1.62,13,3,1,0,0,10,1,1,0,0,national
2025,SD,46093,Meade,549300KIOYNU323LVJ37,AMERICAN PACIFIC MORTGAGE CORPORATION,15,12,1,1.62,6,4,3,2,0,4,3,3,2,0,national
2025,SD,46093,Meade,549300LYRWPSYPK6S325,FREEDOM MORTGAGE CORPORATION,21,12,4,1.62,1,5,15,0,0,0,2,10,0,0,national
2025,SD,46093,Meade,2549001R6R928Y08SC30,,13,10,2,1.35,10,3,0,0,0,8,2,0,0,0,national
2025,SD,46093,Meade,549300UQPFB0RR8JCA42,Dacotah Bank,13,10,2,1.35,12,0,1,0,0,9,0,1,0,0,national
2025,SD,46093,Meade,6BYL5QZYBDK8S7L73M02,U.S. Bank National Association,18,10,5,1.35,17,0,1,0,0,9,0,1,0,0,national
2025,SD,46093,Meade,549300NOCASXPA34X033,"LAKEVIEW LOAN SERVICING, LLC",24,9,11,1.21,8,6,10,0,0,1,3,5,0,0,national
2025,SD,46093,Meade,549300YIQ7S7Z8PIHE53,AMERISAVE MORTGAGE CORPORATION,16,7,7,0.94,9,3,4,0,0,7,0,0,0,0,national
2025,SD,46093,Meade,98450068WC14506F0D88,,15,7,1,0.94,14,0,1,0,0,7,0,0,0,0,national
2025,SD,46093,Meade,5493009JZ6NIQL6RQT28,,6,6,0,0.81,6,0,0,0,0,6,0,0,0,0,national
2025,SD,46093,Meade,549300FNXYY540N23N64,Newrez LLC,24,6,3,0.81,13,3,8,0,0,4,0,2,0,0,national
2025,SD,46093,Meade,549300LBCBNR1OT00651,NATIONSTAR MORTGAGE LLC,7,6,0,0.81,3,2,2,0,0,2,2,2,0,0,national
2025,SD,46093,Meade,549300ZE5N7SFL05BW25,,8,6,0,0.81,8,0,0,0,0,6,0,0,0,0,national
2025,SD,46093,Meade,549300K4ZLGS7SRDTL86,Equity Prime Mortgage LLC,7,5,0,0.67,0,2,5,0,0,0,1,4,0,0,national
2025,SD,46093,Meade,5493001GCBD5XGNIC815,Coastal Community Bank,5,4,0,0.54,5,0,0,0,0,4,0,0,0,0,national
2025,SD,46093,Meade,5493002B2WMHY23GFK92,"AMERICAN FINANCIAL RESOURCES, INC.",4,4,0,0.54,2,0,1,1,0,2,0,1,1,0,national
2025,SD,46093,Meade,5493003GQDUH26DNNH17,Navy Federal Credit Union,4,4,0,0.54,1,0,3,0,0,1,0,3,0,0,national
2025,SD,46093,Meade,549300DRA4BDXW23LD45,,6,4,0,0.54,5,0,1,0,0,3,0,1,0,0,national
2025,SD,46093,Meade,549300SQN9E467RQOF48,,5,4,0,0.54,5,0,0,0,0,4,0,0,0,0,national
2025,SD,46093,Meade,DRMSV1Q0EKMEXLAU1P80,"Citizens Bank, National Association",6,4,0,0.54,6,0,0,0,0,4,0,0,0,0,national
2025,SD,46093,Meade,549300E2UX99HKDBR481,"NEW AMERICAN FUNDING, LLC",7,3,1,0.4,2,5,0,0,0,1,2,0,0,0,national
2025,SD,46093,Meade,549300R7HGHP2I754087,TOWNE MORTGAGE COMPANY,3,3,0,0.4,1,1,1,0,0,1,1,1,0,0,national
2025,SD,46093,Meade,KB1H1DSPRFMYMCUFXT09,"Wells Fargo Bank, National Association",5,3,2,0.4,4,0,1,0,0,3,0,0,0,0,national
2025,SD,46093,Meade,254900DTLHVWQ7NP7R34,"CMG Mortgage, Inc.",2,2,0,0.27,2,0,0,0,0,2,0,0,0,0,national
2025,SD,46093,Meade,254900UL88QFG0E40516,FIGURE LENDING LLC,4,2,1,0.27,4,0,0,0,0,2,0,0,0,0,national
2025,SD,46093,Meade,549300121SF0K2LN2804,"PRIMELENDING, A PLAINSCAPITAL COMPANY",2,2,0,0.27,0,1,1,0,0,0,1,1,0,0,national
2025,SD,46093,Meade,5493001WHVQBGRSWEU75,"HOMEBRIDGE FINANCIAL SERVICES, INC.",2,2,0,0.27,0,1,1,0,0,0,1,1,0,0,national
2025,SD,46093,Meade,54930021WPEXNHYZUL09,"PLANET HOME LENDING, LLC",2,2,0,0.27,1,1,0,0,0,1,1,0,0,0,national
2025,SD,46093,Meade,5493004AS1SPBQOFDR49,"Change Lending, LLC",2,2,0,0.27,2,0,0,0,0,2,0,0,0,0,national
2025,SD,46093,Meade,5493006JISETNI0GLE61,,5,2,2,0.27,5,0,0,0,0,2,0,0,0,0,national
2025,SD,46093,Meade,549300AG64NHILB7ZP05,"LOANDEPOT.COM, LLC",7,2,5,0.27,5,1,1,0,0,1,0,1,0,0,national
2025,SD,46093,Meade,549300AQ3T62GXDU7D76,GUILD MORTGAGE COMPANY LLC,2,2,0,0.27,2,0,0,0,0,2,0,0,0,0,national
2025,SD,46093,Meade,549300JYXTZDSPJEPI44,"PLAZA HOME MORTGAGE, INC.",2,2,0,0.27,1,1,0,0,0,1,1,0,0,0,national
2025,SD,46093,Meade,549300MGPZBLQDIL7538,FAIRWAY INDEPENDENT MORTGAGE CORPORATION,2,2,0,0.27,2,0,0,0,0,2,0,0,0,0,national
2025,SD,46093,Meade,549300OPCWU6E72WUT29,"MUTUAL OF OMAHA MORTGAGE, INC.",4,2,1,0.27,3,1,0,0,0,1,1,0,0,0,national
2025,SD,46093,Meade,549300SUCQ1358EGVE89,"NEW DAY FINANCIAL, LLC",6,2,1,0.27,0,0,6,0,0,0,0,2,0,0,national
2025,SD,46093,Meade,549300VCMRO4ST680C11,VILLAGE CAPITAL & INVESTMENT LLC,5,2,2,0.27,0,0,5,0,0,0,0,2,0,0,national
2025,SD,46093,Meade,549300XQVJ1XBNFA5536,21ST MORTGAGE CORPORATION,5,2,1,0.27,5,0,0,0,0,2,0,0,0,0,national
2025,SD,46093,Meade,C5654JQHZUHN0772B561,USAA Federal Savings Bank,6,2,2,0.27,1,0,5,0,0,1,0,1,0,0,national
2025,SD,46093,Meade,PAOOWF3GUFM46FBSP561,,5,2,2,0.27,2,0,3,0,0,0,0,2,0,0,national
2025,SD,46093,Meade,X05BVSK68TQ7YTOSNR22,Discover Bank,4,2,1,0.27,4,0,0,0,0,2,0,0,0,0,national
2025,SD,46093,Meade,2549001SI0EMFPT39035,"Cornerstone First Mortgage, Inc",1,1,0,0.13,0,1,0,0,0,0,1,0,0,0,national
2025,SD,46093,Meade,2549004Z576VEJBK3N72,"NQM FUNDING, LLC",1,1,0,0.13,1,0,0,0,0,1,0,0,0,0,national
2025,SD,46093,Meade,254900DTLB5WWMBJAD86,Bank Five Nine,1,1,0,0.13,0,0,0,1,0,0,0,0,1,0,national
2025,SD,46093,Meade,254900P681DTTH4I3144,Western State Bank,1,1,0,0.13,1,0,0,0,0,1,0,0,0,0,national
2025,SD,46093,Meade,254900RQX8N4HXJIDK44,,1,1,0,0.13,1,0,0,0,0,1,0,0,0,0,national
2025,SD,46093,Meade,254900ZFWS2106HWPH46,"PARAMOUNT RESIDENTIAL MORTGAGE GROUP, INC.",1,1,0,0.13,1,0,0,0,0,1,0,0,0,0,national
2025,SD,46093,Meade,2WHM8VNJH63UN14OL754,The Huntington National Bank,1,1,0,0.13,1,0,0,0,0,1,0,0,0,0,national
2025,SD,46093,Meade,5493001GDRY0EL7VG372,"ARK-LA-TEX FINANCIAL SERVICES, LLC.",1,1,0,0.13,1,0,0,0,0,1,0,0,0,0,national
2025,SD,46093,Meade,5493002LPXKMOZNXUY90,First International Bank & Trust,1,1,0,0.13,1,0,0,0,0,1,0,0,0,0,national
2025,SD,46093,Meade,54930040GLSEV5H11Q12,,1,1,0,0.13,1,0,0,0,0,1,0,0,0,0,national
2025,SD,46093,Meade,54930049L5WINET09Q97,"CLICK N' CLOSE, INC.",2,1,0,0.13,0,2,0,0,0,0,1,0,0,0,national
2025,SD,46093,Meade,54930054ET8KM4O1D485,"SOFI BANK, NATIONAL ASSOCIATION",7,1,1,0.13,7,0,0,0,0,1,0,0,0,0,national
2025,SD,46093,Meade,54930063578UDYE3JR69,,2,1,0,0.13,0,1,1,0,0,0,0,1,0,0,national
2025,SD,46093,Meade,549300ALNLUNS3Y53T24,AMERICAN FINANCING CORPORATION,2,1,0,0.13,1,1,0,0,0,1,0,0,0,0,national
2025,SD,46093,Meade,549300BNZVNK1XN85P72,,1,1,0,0.13,1,0,0,0,0,1,0,0,0,0,national
2025,SD,46093,Meade,549300BX448ALT10FI43,The Federal Savings Bank,1,1,0,0.13,0,0,1,0,0,0,0,1,0,0,national
2025,SD,46093,Meade,549300C4J510S9L1RF98,"Alerus Financial, National Association",1,1,0,0.13,1,0,0,0,0,1,0,0,0,0,national
2025,SD,46093,Meade,549300CB67L6KPJLHE19,"TRIAD FINANCIAL SERVICES, INC.",4,1,2,0.13,4,0,0,0,0,1,0,0,0,0,national
2025,SD,46093,Meade,549300CY7WNAHKHYSJ73,"CORNERSTONE CAPITAL BANK, SSB",1,1,0,0.13,1,0,0,0,0,1,0,0,0,0,national
2025,SD,46093,Meade,549300DD4R4SYK5RAQ92,"MOVEMENT MORTGAGE, LLC",1,1,0,0.13,0,1,0,0,0,0,1,0,0,0,national
2025,SD,46093,Meade,549300FX7K8PTEQUU487,PENTAGON FEDERAL CREDIT UNION,2,1,0,0.13,2,0,0,0,0,1,0,0,0,0,national
2025,SD,46093,Meade,549300IQ5NY7CSJLZW53,FIRST BANK & TRUST,2,1,0,0.13,1,1,0,0,0,1,0,0,0,0,national
2025,SD,46093,Meade,549300O2EZG72LO2FX38,,1,1,0,0.13,1,0,0,0,0,1,0,0,0,0,national
2025,SD,46093,Meade,549300PBTV7FCWLSMM53,,2,1,0,0.13,0,0,2,0,0,0,0,1,0,0,national
2025,SD,46093,Meade,549300RN01LBYR8ZVX74,"LOWER, LLC",2,1,0,0.13,0,0,2,0,0,0,0,1,0,0,national
2025,SD,46093,Meade,549300RPOGWJRH63HS39,UNION HOME MORTGAGE CORP.,2,1,0,0.13,0,2,0,0,0,0,1,0,0,0,national
2025,SD,46093,Meade,549300VORTI31GZTJL53,"CARDINAL FINANCIAL COMPANY, LIMITED PARTNERSHIP",1,1,0,0.13,0,1,0,0,0,0,1,0,0,0,national
2025,SD,46093,Meade,549300VZVN841I2ILS84,"CROSSCOUNTRY MORTGAGE, LLC",3,1,0,0.13,0,1,1,1,0,0,1,0,0,0,national
2025,SD,46093,Meade,549300XCVBRR56D08F03,,2,1,0,0.13,0,1,1,0,0,0,0,1,0,0,national
2025,SD,46093,Meade,549300XY701IELCE5Q08,BETTER MORTGAGE CORPORATION,1,1,0,0.13,1,0,0,0,0,1,0,0,0,0,national
2025,SD,46093,Meade,PINLJ7T7GLTF48NFP863,,1,1,0,0.13,1,0,0,0,0,1,0,0,0,0,national
2025,SD,46099,Minnehaha,549300KJ8PAJ7E52HG32,Plains Commerce Bank,988,701,51,14.9,678,227,81,2,0,481,161,58,1,0,national
2025,SD,46099,Minnehaha,549300Z77WUYJM3QG591,First PREMIER Bank,720,470,91,9.99,585,111,24,0,0,396,59,15,0,0,national
2025,SD,46099,Minnehaha,549300REHZOIYMHDPI61,Levo Federal Credit Union,413,345,32,7.33,382,20,10,1,0,319,16,9,1,0,national
2025,SD,46099,Minnehaha,5493002LPXKMOZNXUY90,First International Bank & Trust,337,278,13,5.91,270,36,29,2,0,223,32,21,2,0,national
2025,SD,46099,Minnehaha,549300IQ5NY7CSJLZW53,FIRST BANK & TRUST,363,267,36,5.67,317,35,10,1,0,233,25,8,1,0,national
2025,SD,46099,Minnehaha,549300T1ONVEMLQ4B629,First Dakota National Bank,218,190,3,4.04,203,10,5,0,0,179,8,3,0,0,national
2025,SD,46099,Minnehaha,549300MGPZBLQDIL7538,FAIRWAY INDEPENDENT MORTGAGE CORPORATION,247,173,5,3.68,143,77,26,1,0,98,57,17,1,0,national
2025,SD,46099,Minnehaha,549300Q76VHK6FGPX546,Central Bank,209,160,11,3.4,164,31,14,0,0,123,25,12,0,0,national
2025,SD,46099,Minnehaha,549300FGXN1K3HLB1R50,"Rocket Mortgage, LLC",202,156,27,3.32,155,35,12,0,0,120,27,9,0,0,national
2025,SD,46099,Minnehaha,6BYL5QZYBDK8S7L73M02,U.S. Bank National Association,186,115,46,2.44,168,15,2,1,0,101,12,1,1,0,national
2025,SD,46099,Minnehaha,2138004QPZ7FMGPTU106,CorTrust Bank National Association,108,99,8,2.1,108,0,0,0,0,99,0,0,0,0,national
2025,SD,46099,Minnehaha,Q107R4XFOZ6F6K73C488,The First National Bank in Sioux Falls,110,98,2,2.08,110,0,0,0,0,98,0,0,0,0,national
2025,SD,46099,Minnehaha,549300VTMXH07KUIB722,,126,97,11,2.06,82,38,6,0,0,62,29,6,0,0,national
2025,SD,46099,Minnehaha,549300VZVN841I2ILS84,"CROSSCOUNTRY MORTGAGE, LLC",126,97,5,2.06,76,39,11,0,0,59,30,8,0,0,national
2025,SD,46099,Minnehaha,549300HW662MN1WU8550,"United Wholesale Mortgage, LLC",113,76,16,1.62,63,30,20,0,0,43,17,16,0,0,national
2025,SD,46099,Minnehaha,549300T03X096VF60C57,American Bank & Trust,115,75,14,1.59,83,28,4,0,0,62,9,4,0,0,national
2025,SD,46099,Minnehaha,549300KCR7QWQQCWBG94,,79,67,2,1.42,66,11,2,0,0,58,7,2,0,0,national
2025,SD,46099,Minnehaha,549300M2Z8GR3VL0QQ74,BLACK HILLS FEDERAL CREDIT UNION,102,65,22,1.38,96,5,1,0,0,60,4,1,0,0,national
2025,SD,46099,Minnehaha,549300RFSMIRUODUVW59,First Interstate Bank,98,60,28,1.28,96,2,0,0,0,58,2,0,0,0,national
2025,SD,46099,Minnehaha,213800M6RMI3YBX62W88,"CORTRUST MORTGAGE, INC.",68,57,1,1.21,61,7,0,0,0,50,7,0,0,0,national
2025,SD,46099,Minnehaha,549300VHSPIDK7A5D559,"CU MORTGAGE DIRECT, LLC",66,54,3,1.15,51,8,7,0,0,41,7,6,0,0,national
2025,SD,46099,Minnehaha,549300FNXYY540N23N64,Newrez LLC,100,44,19,0.94,38,24,38,0,0,14,9,21,0,0,national
2025,SD,46099,Minnehaha,549300MVYX1L50756117,,63,44,7,0.94,63,0,0,0,0,44,0,0,0,0,national
2025,SD,46099,Minnehaha,549300UQPFB0RR8JCA42,Dacotah Bank,50,44,4,0.94,44,3,2,1,0,39,2,2,1,0,national
2025,SD,46099,Minnehaha,549300DD5QQUHO6PCH70,"MORTGAGE RESEARCH CENTER, LLC",81,41,16,0.87,5,0,76,0,0,0,0,41,0,0,national
2025,SD,46099,Minnehaha,KB1H1DSPRFMYMCUFXT09,"Wells Fargo Bank, National Association",62,41,9,0.87,62,0,0,0,0,41,0,0,0,0,national
2025,SD,46099,Minnehaha,549300U3721PJGQZYY68,"GUARANTEED RATE, INC.",58,35,4,0.74,36,12,10,0,0,20,6,9,0,0,national
2025,SD,46099,Minnehaha,5493007YN2BYYXCI7W64,"BANKWEST, INC.",70,34,18,0.72,70,0,0,0,0,34,0,0,0,0,national
2025,SD,46099,Minnehaha,549300LYRWPSYPK6S325,FREEDOM MORTGAGE CORPORATION,68,31,6,0.66,9,27,32,0,0,3,12,16,0,0,national
2025,SD,46099,Minnehaha,DRMSV1Q0EKMEXLAU1P80,"Citizens Bank, National Association",60,31,18,0.66,54,5,1,0,0,29,1,1,0,0,national
2025,SD,46099,Minnehaha,549300S0KDM58LZT5C96,,32,29,0,0.62,32,0,0,0,0,29,0,0,0,0,national
2025,SD,46099,Minnehaha,549300MM52W3C4U18L74,,36,28,3,0.6,36,0,0,0,0,28,0,0,0,0,national
2025,SD,46099,Minnehaha,549300RK7Q0WLYYRNC19,,42,23,8,0.49,40,0,2,0,0,23,0,0,0,0,national
2025,SD,46099,Minnehaha,RVDPPPGHCGZ40J4VQ731,"PENNYMAC LOAN SERVICES, LLC",52,23,7,0.49,32,13,7,0,0,13,6,4,0,0,national
2025,SD,46099,Minnehaha,549300R92KASZD16MT49,,22,21,1,0.45,22,0,0,0,0,21,0,0,0,0,national
2025,SD,46099,Minnehaha,549300WYC8C6REMY4E38,,29,20,2,0.43,29,0,0,0,0,20,0,0,0,0,national
2025,SD,46099,Minnehaha,5493003FRXPF7VWOYZ40,,29,19,3,0.4,29,0,0,0,0,19,0,0,0,0,national
2025,SD,46099,Minnehaha,549300QLO8TSQW5JTK72,WEST GATE BANK,19,19,0,0.4,19,0,0,0,0,19,0,0,0,0,national
2025,SD,46099,Minnehaha,549300LBCBNR1OT00651,NATIONSTAR MORTGAGE LLC,25,18,4,0.38,22,2,1,0,0,17,1,0,0,0,national
2025,SD,46099,Minnehaha,5493003GQDUH26DNNH17,Navy Federal Credit Union,37,17,6,0.36,30,0,7,0,0,14,0,3,0,0,national
2025,SD,46099,Minnehaha,5493001GCBD5XGNIC815,Coastal Community Bank,57,15,0,0.32,57,0,0,0,0,15,0,0,0,0,national
2025,SD,46099,Minnehaha,54930052M48FOD3CWA54,"PRIMARY RESIDENTIAL MORTGAGE, INC.",22,15,0,0.32,16,5,1,0,0,10,4,1,0,0,national
2025,SD,46099,Minnehaha,549300BNZVNK1XN85P72,,20,15,1,0.32,20,0,0,0,0,15,0,0,0,0,national
2025,SD,46099,Minnehaha,549300XCVBRR56D08F03,,25,15,0,0.32,23,2,0,0,0,14,1,0,0,0,national
2025,SD,46099,Minnehaha,254900QE8DMX9C02HU80,,15,13,0,0.28,15,0,0,0,0,13,0,0,0,0,national
2025,SD,46099,Minnehaha,254900UL88QFG0E40516,FIGURE LENDING LLC,28,12,8,0.26,28,0,0,0,0,12,0,0,0,0,national
2025,SD,46099,Minnehaha,549300AG64NHILB7ZP05,"LOANDEPOT.COM, LLC",34,11,13,0.23,23,9,2,0,0,7,3,1,0,0,national
2025,SD,46099,Minnehaha,549300FSZH0FMQ1T8Y90,IOWA BANKERS MORTGAGE CORPORATION,11,11,0,0.23,11,0,0,0,0,11,0,0,0,0,national
2025,SD,46099,Minnehaha,549300CB67L6KPJLHE19,"TRIAD FINANCIAL SERVICES, INC.",42,10,21,0.21,42,0,0,0,0,10,0,0,0,0,national
2025,SD,46099,Minnehaha,7H6GLXDRUGQFU57RNE97,"JPMorgan Chase Bank, National Association",15,10,3,0.21,13,2,0,0,0,8,2,0,0,0,national
2025,SD,46099,Minnehaha,5493003LIT6MPMIF5W07,,9,9,0,0.19,9,0,0,0,0,9,0,0,0,0,national
2025,SD,46099,Minnehaha,54930054ET8KM4O1D485,"SOFI BANK, NATIONAL ASSOCIATION",28,9,0,0.19,27,1,0,0,0,9,0,0,0,0,national
2025,SD,46099,Minnehaha,549300NOCASXPA34X033,"LAKEVIEW LOAN SERVICING, LLC",27,8,16,0.17,11,13,3,0,0,5,1,2,0,0,national
2025,SD,46099,Minnehaha,549300OPCWU6E72WUT29,"MUTUAL OF OMAHA MORTGAGE, INC.",15,8,3,0.17,5,9,1,0,0,3,4,1,0,0,national
2025,SD,46099,Minnehaha,549300XQVJ1XBNFA5536,21ST MORTGAGE CORPORATION,34,8,21,0.17,34,0,0,0,0,8,0,0,0,0,national
2025,SD,46099,Minnehaha,2549008LUH7QKMXQ8N53,,8,6,1,0.13,2,2,4,0,0,1,2,3,0,0,national
2025,SD,46099,Minnehaha,5493005A0757T9GRRI44,First Western Bank & Trust,6,6,0,0.13,6,0,0,0,0,6,0,0,0,0,national
2025,SD,46099,Minnehaha,549300ALNLUNS3Y53T24,AMERICAN FINANCING CORPORATION,14,6,3,0.13,6,7,1,0,0,4,1,1,0,0,national
2025,SD,46099,Minnehaha,549300E2UX99HKDBR481,"NEW AMERICAN FUNDING, LLC",33,6,5,0.13,10,22,1,0,0,2,4,0,0,0,national
2025,SD,46099,Minnehaha,549300SUCQ1358EGVE89,"NEW DAY FINANCIAL, LLC",20,6,6,0.13,0,0,20,0,0,0,0,6,0,0,national
2025,SD,46099,Minnehaha,C5654JQHZUHN0772B561,USAA Federal Savings Bank,11,6,1,0.13,4,0,7,0,0,2,0,4,0,0,national
2025,SD,46099,Minnehaha,254900PHRI1MCM69UM20,,5,5,0,0.11,5,0,0,0,0,5,0,0,0,0,national
2025,SD,46099,Minnehaha,5493006JISETNI0GLE61,,10,5,2,0.11,10,0,0,0,0,5,0,0,0,0,national
2025,SD,46099,Minnehaha,549300BX448ALT10FI43,The Federal Savings Bank,10,5,2,0.11,0,0,10,0,0,0,0,5,0,0,national
2025,SD,46099,Minnehaha,549300K4ZLGS7SRDTL86,Equity Prime Mortgage LLC,7,5,1,0.11,0,6,1,0,0,0,4,1,0,0,national
2025,SD,46099,Minnehaha,549300MZ8VZJOVC63092,"KIND LENDING, LLC",6,5,1,0.11,2,2,2,0,0,1,2,2,0,0,national
2025,SD,46099,Minnehaha,549300RBJCM5B02O5U05,Northwest Bank,5,5,0,0.11,5,0,0,0,0,5,0,0,0,0,national
2025,SD,46099,Minnehaha,549300WYBPIWKK6SQC06,Bell Bank,5,5,0,0.11,4,0,1,0,0,4,0,1,0,0,national
2025,SD,46099,Minnehaha,549300XY701IELCE5Q08,BETTER MORTGAGE CORPORATION,17,5,3,0.11,14,3,0,0,0,4,1,0,0,0,national
2025,SD,46099,Minnehaha,549300YIQ7S7Z8PIHE53,AMERISAVE MORTGAGE CORPORATION,34,5,24,0.11,17,14,3,0,0,5,0,0,0,0,national
2025,SD,46099,Minnehaha,X05BVSK68TQ7YTOSNR22,Discover Bank,40,5,24,0.11,40,0,0,0,0,5,0,0,0,0,national
2025,SD,46099,Minnehaha,25490031SXYH24299E86,,4,4,0,0.09,4,0,0,0,0,4,0,0,0,0,national
2025,SD,46099,Minnehaha,2549005SIVTHG14U2905,A&D Mortgage LLC,4,4,0,0.09,3,1,0,0,0,3,1,0,0,0,national
2025,SD,46099,Minnehaha,254900FI363837PZX856,,4,4,0,0.09,4,0,0,0,0,4,0,0,0,0,national
2025,SD,46099,Minnehaha,2WHM8VNJH63UN14OL754,The Huntington National Bank,4,4,0,0.09,4,0,0,0,0,4,0,0,0,0,national
2025,SD,46099,Minnehaha,3Y4U8VZURTYWI1W2K376,BMO Bank National Association,4,4,0,0.09,4,0,0,0,0,4,0,0,0,0,national
2025,SD,46099,Minnehaha,54930021WPEXNHYZUL09,"PLANET HOME LENDING, LLC",4,4,0,0.09,0,2,2,0,0,0,2,2,0,0,national
2025,SD,46099,Minnehaha,54930049L5WINET09Q97,"CLICK N' CLOSE, INC.",6,4,1,0.09,0,6,0,0,0,0,4,0,0,0,national
2025,SD,46099,Minnehaha,549300GKFNPRWNS0GF29,"AmeriHome Mortgage Company, LLC",8,4,0,0.09,6,1,1,0,0,4,0,0,0,0,national
2025,SD,46099,Minnehaha,549300VORTI31GZTJL53,"CARDINAL FINANCIAL COMPANY, LIMITED PARTNERSHIP",6,4,1,0.09,3,2,0,1,0,2,2,0,0,0,national
2025,SD,46099,Minnehaha,B4TYDEB6GKMZO031MB27,"Bank of America, National Association",19,4,4,0.09,19,0,0,0,0,4,0,0,0,0,national
2025,SD,46099,Minnehaha,E57ODZWZ7FF32TWEFA76,"Citibank, National Association",8,4,1,0.09,7,1,0,0,0,4,0,0,0,0,national
2025,SD,46099,Minnehaha,SS1TRMSN6BRNMOREEV51,"Flagstar Bank, National Association",6,4,2,0.09,5,1,0,0,0,4,0,0,0,0,national
2025,SD,46099,Minnehaha,213800XR2TCBQJSF1X93,,7,3,1,0.06,4,1,2,0,0,1,0,2,0,0,national
2025,SD,46099,Minnehaha,25490034470BYC1MSE16,,3,3,0,0.06,3,0,0,0,0,3,0,0,0,0,national
2025,SD,46099,Minnehaha,254900HA4DQWAE0W3342,"AMERIHOME MORTGAGE COMPANY, LLC",3,3,0,0.06,0,3,0,0,0,0,3,0,0,0,national
2025,SD,46099,Minnehaha,254900WQBZOLXT53K570,,5,3,1,0.06,5,0,0,0,0,3,0,0,0,0,national
2025,SD,46099,Minnehaha,5493002B2WMHY23GFK92,"AMERICAN FINANCIAL RESOURCES, INC.",4,3,0,0.06,1,3,0,0,0,0,3,0,0,0,national
2025,SD,46099,Minnehaha,549300AQ3T62GXDU7D76,GUILD MORTGAGE COMPANY LLC,6,3,0,0.06,3,2,1,0,0,2,0,1,0,0,national
2025,SD,46099,Minnehaha,549300IFOE4SCP384147,University Bank,4,3,0,0.06,1,3,0,0,0,1,2,0,0,0,national
2025,SD,46099,Minnehaha,549300INKSPQCTELMO58,Granite Bank,4,3,1,0.06,2,2,0,0,0,1,2,0,0,0,national
2025,SD,46099,Minnehaha,549300ISCZS1R0CJMO47,,3,3,0,0.06,2,0,1,0,0,2,0,1,0,0,national
2025,SD,46099,Minnehaha,549300KTR1JGH3K6LU06,FOURLEAF,4,3,1,0.06,4,0,0,0,0,3,0,0,0,0,national
2025,SD,46099,Minnehaha,549300KUIZTYQRC0R888,,6,3,0,0.06,5,1,0,0,0,3,0,0,0,0,national
2025,SD,46099,Minnehaha,549300PL267CW8182203,,9,3,1,0.06,2,3,4,0,0,1,0,2,0,0,national
2025,SD,46099,Minnehaha,549300USNPUCH96WTF23,,4,3,0,0.06,4,0,0,0,0,3,0,0,0,0,national
2025,SD,46099,Minnehaha,549300W4FT4H1UWPGU95,GREENSTATE Credit Union,4,3,0,0.06,4,0,0,0,0,3,0,0,0,0,national
2025,SD,46099,Minnehaha,2549001R6R928Y08SC30,,2,2,0,0.04,1,1,0,0,0,1,1,0,0,0,national
2025,SD,46099,Minnehaha,2549009X2AG1P20YAJ63,,2,2,0,0.04,2,0,0,0,0,2,0,0,0,0,national
2025,SD,46099,Minnehaha,254900DTLHVWQ7NP7R34,"CMG Mortgage, Inc.",2,2,0,0.04,1,0,1,0,0,1,0,1,0,0,national
2025,SD,46099,Minnehaha,254900OD9TDRYGWJ0N48,First National Bank,3,2,0,0.04,2,1,0,0,0,2,0,0,0,0,national
2025,SD,46099,Minnehaha,549300DD4R4SYK5RAQ92,"MOVEMENT MORTGAGE, LLC",2,2,0,0.04,1,0,1,0,0,1,0,1,0,0,national
2025,SD,46099,Minnehaha,549300DRA4BDXW23LD45,,3,2,0,0.04,3,0,0,0,0,2,0,0,0,0,national
2025,SD,46099,Minnehaha,549300GS0W0TEUQS8571,"Morgan Stanley Private Bank, National Association",2,2,0,0.04,2,0,0,0,0,2,0,0,0,0,national
2025,SD,46099,Minnehaha,549300HVW3AI97UKTO72,Wings Financial Credit Union,3,2,0,0.04,3,0,0,0,0,2,0,0,0,0,national
2025,SD,46099,Minnehaha,549300KIOYNU323LVJ37,AMERICAN PACIFIC MORTGAGE CORPORATION,3,2,0,0.04,1,1,1,0,0,1,0,1,0,0,national
2025,SD,46099,Minnehaha,549300LROQOOQU77WS20,,4,2,2,0.04,4,0,0,0,0,2,0,0,0,0,national
2025,SD,46099,Minnehaha,549300NNL9H573MWO110,BANK OF UTAH,2,2,0,0.04,2,0,0,0,0,2,0,0,0,0,national
2025,SD,46099,Minnehaha,549300NWBS6MQJX15N44,,3,2,0,0.04,3,0,0,0,0,2,0,0,0,0,national
2025,SD,46099,Minnehaha,549300PC4MFWQBNVKG88,"V.I.P. MORTGAGE, INC.",2,2,0,0.04,1,1,0,0,0,1,1,0,0,0,national
2025,SD,46099,Minnehaha,549300R0SXC1JU7ZU290,"FIRST COMMUNITY MORTGAGE, INC.",2,2,0,0.04,2,0,0,0,0,2,0,0,0,0,national
2025,SD,46099,Minnehaha,549300R9S3MVDV4MGF56,"CARRINGTON MORTGAGE SERVICES, LLC",6,2,3,0.04,3,3,0,0,0,1,1,0,0,0,national
2025,SD,46099,Minnehaha,549300RN01LBYR8ZVX74,"LOWER, LLC",7,2,1,0.04,2,2,3,0,0,0,1,1,0,0,national
2025,SD,46099,Minnehaha,549300S8SHBRCI7UU819,,4,2,2,0.04,4,0,0,0,0,2,0,0,0,0,national
2025,SD,46099,Minnehaha,549300VCMRO4ST680C11,VILLAGE CAPITAL & INVESTMENT LLC,10,2,2,0.04,0,4,6,0,0,0,2,0,0,0,national
2025,SD,46099,Minnehaha,549300XZB7LPI2LTGX17,,2,2,0,0.04,2,0,0,0,0,2,0,0,0,0,national
2025,SD,46099,Minnehaha,AD6GFRVSDT01YPT1CS68,"PNC Bank, National Association",2,2,0,0.04,2,0,0,0,0,2,0,0,0,0,national
2025,SD,46099,Minnehaha,LDVFX8JEECFFE8HRWA73,First National Bank of Omaha,5,2,1,0.04,4,1,0,0,0,1,1,0,0,0,national
2025,SD,46099,Minnehaha,Q708HHR4LD2B7XIZNO92,First Federal Bank,3,2,0,0.04,2,0,1,0,0,1,0,1,0,0,national
2025,SD,46099,Minnehaha,254900378RFGMBEKAF12,Empeople Credit Union,2,1,1,0.02,2,0,0,0,0,1,0,0,0,0,national
2025,SD,46099,Minnehaha,254900CYWJYH3ES8BV63,,2,1,0,0.02,2,0,0,0,0,1,0,0,0,0,national
2025,SD,46099,Minnehaha,254900KSUTZO899YU680,,1,1,0,0.02,1,0,0,0,0,1,0,0,0,0,national
2025,SD,46099,Minnehaha,5493000JZXUB8NOEMF64,TOWN AND COUNTRY Credit Union,1,1,0,0.02,0,1,0,0,0,0,1,0,0,0,national
2025,SD,46099,Minnehaha,549300121SF0K2LN2804,"PRIMELENDING, A PLAINSCAPITAL COMPANY",1,1,0,0.02,0,0,1,0,0,0,0,1,0,0,national
2025,SD,46099,Minnehaha,5493001WHVQBGRSWEU75,"HOMEBRIDGE FINANCIAL SERVICES, INC.",1,1,0,0.02,1,0,0,0,0,1,0,0,0,0,national
2025,SD,46099,Minnehaha,54930020YWIK7HGH2R34,,1,1,0,0.02,1,0,0,0,0,1,0,0,0,0,national
2025,SD,46099,Minnehaha,54930022CQGV47Q8PM03,,1,1,0,0.02,1,0,0,0,0,1,0,0,0,0,national
2025,SD,46099,Minnehaha,5493003X0GM1DHJIWC22,,1,1,0,0.02,1,0,0,0,0,1,0,0,0,0,national
2025,SD,46099,Minnehaha,5493005PKOSG7MYX0B34,"Prosperity Home Mortgage, LLC",1,1,0,0.02,1,0,0,0,0,1,0,0,0,0,national
2025,SD,46099,Minnehaha,5493006VAGP3GQ8FJT49,"Kiavi Funding, Inc.",3,1,1,0.02,3,0,0,0,0,1,0,0,0,0,national
2025,SD,46099,Minnehaha,54930082GM1TWV6QVI24,,1,1,0,0.02,1,0,0,0,0,1,0,0,0,0,national
2025,SD,46099,Minnehaha,5493009JZ6NIQL6RQT28,,1,1,0,0.02,1,0,0,0,0,1,0,0,0,0,national
2025,SD,46099,Minnehaha,549300BOXNV8VLRBDT24,,1,1,0,0.02,1,0,0,0,0,1,0,0,0,0,national
2025,SD,46099,Minnehaha,549300BZTITCLMZ3TL46,,1,1,0,0.02,1,0,0,0,0,1,0,0,0,0,national
2025,SD,46099,Minnehaha,549300C8GOC4OYUV0Z32,,1,1,0,0.02,1,0,0,0,0,1,0,0,0,0,national
2025,SD,46099,Minnehaha,549300EKCKDF80ZM4V51,,1,1,0,0.02,1,0,0,0,0,1,0,0,0,0,national
2025,SD,46099,Minnehaha,549300EP58VNEJR7BV48,,1,1,0,0.02,1,0,0,0,0,1,0,0,0,0,national
2025,SD,46099,Minnehaha,549300EWFHPBZH38K695,,1,1,0,0.02,1,0,0,0,0,1,0,0,0,0,national
2025,SD,46099,Minnehaha,549300F8C5JA44WNMI75,AMERICAN NEIGHBORHOOD MORTGAGE ACCEPTANCE COMPANY LLC,3,1,0,0.02,0,0,3,0,0,0,0,1,0,0,national
2025,SD,46099,Minnehaha,549300FX7K8PTEQUU487,PENTAGON FEDERAL CREDIT UNION,4,1,2,0.02,2,1,1,0,0,1,0,0,0,0,national
2025,SD,46099,Minnehaha,549300GWD9H4FQ2VR805,,1,1,0,0.02,1,0,0,0,0,1,0,0,0,0,national
2025,SD,46099,Minnehaha,549300HWDY3N8UVJO697,,3,1,2,0.02,3,0,0,0,0,1,0,0,0,0,national
2025,SD,46099,Minnehaha,549300INFJ8TYNZ1G568,,1,1,0,0.02,1,0,0,0,0,1,0,0,0,0,national
2025,SD,46099,Minnehaha,549300J7I82PNDVU8H22,"OCMBC, INC.",4,1,0,0.02,3,1,0,0,0,1,0,0,0,0,national
2025,SD,46099,Minnehaha,549300KQHWNSVCE2MY88,,1,1,0,0.02,0,1,0,0,0,0,1,0,0,0,national
2025,SD,46099,Minnehaha,549300KSOOZZVXCMA627,ANGEL OAK MORTGAGE SOLUTIONS LLC,1,1,0,0.02,1,0,0,0,0,1,0,0,0,0,national
2025,SD,46099,Minnehaha,549300L8ZRL1FNUUOA59,,1,1,0,0.02,1,0,0,0,0,1,0,0,0,0,national
2025,SD,46099,Minnehaha,549300LLESTPOVRG3X73,,1,1,0,0.02,1,0,0,0,0,1,0,0,0,0,national
2025,SD,46099,Minnehaha,549300MP1N04YL1TZP61,,1,1,0,0.02,1,0,0,0,0,1,0,0,0,0,national
2025,SD,46099,Minnehaha,549300OHXNUMVE33Q475,,1,1,0,0.02,1,0,0,0,0,1,0,0,0,0,national
2025,SD,46099,Minnehaha,549300OZ8A612R2D8J95,,1,1,0,0.02,1,0,0,0,0,1,0,0,0,0,national
2025,SD,46099,Minnehaha,549300QDGMFASKEN7Z77,BLAZE CREDIT UNION,1,1,0,0.02,1,0,0,0,0,1,0,0,0,0,national
2025,SD,46099,Minnehaha,549300RFLICNI75BG067,Luminate Bank,3,1,0,0.02,3,0,0,0,0,1,0,0,0,0,national
2025,SD,46099,Minnehaha,549300S5YL3OH0IVCS62,FINANCE OF AMERICA REVERSE LLC,2,1,0,0.02,0,2,0,0,0,0,1,0,0,0,national
2025,SD,46099,Minnehaha,549300T94GSH3C4U5M59,ALLIANT CREDIT UNION,2,1,0,0.02,2,0,0,0,0,1,0,0,0,0,national
2025,SD,46099,Minnehaha,549300TQVOMKNKFOH392,GATE CITY BANK,2,1,0,0.02,2,0,0,0,0,1,0,0,0,0,national
2025,SD,46099,Minnehaha,549300TSZB60GNONKL22,,1,1,0,0.02,1,0,0,0,0,1,0,0,0,0,national
2025,SD,46099,Minnehaha,549300U82B82JH54TO79,Lincoln FSB of Nebraska,1,1,0,0.02,1,0,0,0,0,1,0,0,0,0,national
2025,SD,46099,Minnehaha,549300UF3FPC7U6RFC59,The Central Trust Bank,1,1,0,0.02,0,0,1,0,0,0,0,1,0,0,national
2025,SD,46099,Minnehaha,549300UV5JQXLGVWIP44,,1,1,0,0.02,1,0,0,0,0,1,0,0,0,0,national
2025,SD,46099,Minnehaha,549300VVH8HHFMWL8536,,1,1,0,0.02,1,0,0,0,0,1,0,0,0,0,national
2025,SD,46099,Minnehaha,549300W1HU6IVVIEJ389,"RANLIFE, INC.",1,1,0,0.02,0,1,0,0,0,0,1,0,0,0,national
2025,SD,46099,Minnehaha,549300WW4OBT30G5DK23,,1,1,0,0.02,1,0,0,0,0,1,0,0,0,0,national
2025,SD,46099,Minnehaha,549300ZFJ1696ECS0S38,,1,1,0,0.02,1,0,0,0,0,1,0,0,0,0,national
2025,SD,46099,Minnehaha,894500HRLC4E0APLYS82,,2,1,0,0.02,2,0,0,0,0,1,0,0,0,0,national
2025,SD,46099,Minnehaha,984500DB378C704F4610,,1,1,0,0.02,1,0,0,0,0,1,0,0,0,0,national
2025,SD,46099,Minnehaha,984500FAD1FB7FEGTE82,,1,1,0,0.02,1,0,0,0,0,1,0,0,0,0,national
2025,SD,46099,Minnehaha,CKVBED0S4DMLKJJ5XH28,Stifel Bank and Trust,1,1,0,0.02,1,0,0,0,0,1,0,0,0,0,national
2025,SD,46099,Minnehaha,COINQMNIM6RBU631DD85,Arvest Bank,6,1,2,0.02,5,1,0,0,0,0,1,0,0,0,national
2025,SD,46099,Minnehaha,KD3XUN7C6T14HNAYLU02,,1,1,0,0.02,1,0,0,0,0,1,0,0,0,0,national
2025,SD,46099,Minnehaha,PAOOWF3GUFM46FBSP561,,3,1,1,0.02,3,0,0,0,0,1,0,0,0,0,national
2025,SD,46099,Minnehaha,WWB2V0FCW3A0EE3ZJN75,Manufacturers and Traders Trust Company,1,1,0,0.02,1,0,0,0,0,1,0,0,0,0,national
2025,SD,46099,Minnehaha,ZXMJHJK466PBZTM5F379,,1,1,0,0.02,1,0,0,0,0,1,0,0,0,0,national
2025,SD,46099,Minnehaha,549300370QILXLFUWD20,"ZILLOW HOME LOANS, LLC",6,0,1,0.0,2,3,1,0,0,0,0,0,0,0,national
2025,SD,46099,Minnehaha,549300XRF9LCZ3RX3Q39,,6,0,4,0.0,0,2,4,0,0,0,0,0,0,0,national
2025,SD,46103,Pennington,549300GKFNPRWNS0GF29,"AmeriHome Mortgage Company, LLC",573,430,12,16.16,300,119,108,46,0,216,93,89,32,0,national
2025,SD,46103,Pennington,549300M2Z8GR3VL0QQ74,BLACK HILLS FEDERAL CREDIT UNION,542,315,134,11.84,489,38,15,0,0,278,28,9,0,0,national
2025,SD,46103,Pennington,549300INKSPQCTELMO58,Granite Bank,191,144,15,5.41,99,54,36,2,0,73,44,25,2,0,national
2025,SD,46103,Pennington,549300FGXN1K3HLB1R50,"Rocket Mortgage, LLC",177,140,23,5.26,123,25,29,0,0,99,19,22,0,0,national
2025,SD,46103,Pennington,549300HW662MN1WU8550,"United Wholesale Mortgage, LLC",161,139,3,5.22,69,31,60,1,0,63,25,51,0,0,national
2025,SD,46103,Pennington,549300KJ8PAJ7E52HG32,Plains Commerce Bank,190,134,11,5.04,85,66,38,1,0,59,49,25,1,0,national
2025,SD,46103,Pennington,549300DD5QQUHO6PCH70,"MORTGAGE RESEARCH CENTER, LLC",161,90,26,3.38,13,6,142,0,0,7,2,81,0,0,national
2025,SD,46103,Pennington,549300F8C5JA44WNMI75,AMERICAN NEIGHBORHOOD MORTGAGE ACCEPTANCE COMPANY LLC,105,85,0,3.19,63,18,21,3,0,50,15,18,2,0,national
2025,SD,46103,Pennington,6BYL5QZYBDK8S7L73M02,U.S. Bank National Association,115,66,30,2.48,109,1,4,1,0,61,1,3,1,0,national
2025,SD,46103,Pennington,5493007YN2BYYXCI7W64,"BANKWEST, INC.",108,65,16,2.44,104,4,0,0,0,63,2,0,0,0,national
2025,SD,46103,Pennington,RVDPPPGHCGZ40J4VQ731,"PENNYMAC LOAN SERVICES, LLC",101,59,6,2.22,60,24,17,0,0,37,12,10,0,0,national
2025,SD,46103,Pennington,549300MZ8VZJOVC63092,"KIND LENDING, LLC",73,54,11,2.03,27,22,23,1,0,20,15,18,1,0,national
2025,SD,46103,Pennington,549300KIOYNU323LVJ37,AMERICAN PACIFIC MORTGAGE CORPORATION,66,51,4,1.92,41,14,8,3,0,32,9,7,3,0,national
2025,SD,46103,Pennington,54930034MNPILHP25H80,Gateway First Bank,73,49,3,1.84,49,12,11,1,0,31,10,7,1,0,national
2025,SD,46103,Pennington,549300LYRWPSYPK6S325,FREEDOM MORTGAGE CORPORATION,98,48,3,1.8,3,28,67,0,0,1,9,38,0,0,national
2025,SD,46103,Pennington,549300UQPFB0RR8JCA42,Dacotah Bank,56,47,2,1.77,45,6,5,0,0,40,4,3,0,0,national
2025,SD,46103,Pennington,98450068WC14506F0D88,,69,44,2,1.65,64,3,2,0,0,42,0,2,0,0,national
2025,SD,46103,Pennington,254900OD9TDRYGWJ0N48,First National Bank,54,43,4,1.62,38,6,10,0,0,29,6,8,0,0,national
2025,SD,46103,Pennington,2549001R6R928Y08SC30,,64,41,8,1.54,51,9,4,0,0,33,5,3,0,0,national
2025,SD,46103,Pennington,254900CYWJYH3ES8BV63,,52,38,5,1.43,48,1,3,0,0,35,1,2,0,0,national
2025,SD,46103,Pennington,549300FNXYY540N23N64,Newrez LLC,75,37,12,1.39,34,13,27,1,0,17,6,14,0,0,national
2025,SD,46103,Pennington,5493003GQDUH26DNNH17,Navy Federal Credit Union,50,27,10,1.01,26,0,24,0,0,11,0,16,0,0,national
2025,SD,46103,Pennington,549300RFSMIRUODUVW59,First Interstate Bank,51,25,17,0.94,49,1,1,0,0,25,0,0,0,0,national
2025,SD,46103,Pennington,549300BZTITCLMZ3TL46,,28,24,1,0.9,28,0,0,0,0,24,0,0,0,0,national
2025,SD,46103,Pennington,549300LBCBNR1OT00651,NATIONSTAR MORTGAGE LLC,32,23,5,0.86,24,4,4,0,0,19,0,4,0,0,national
2025,SD,46103,Pennington,5493009JZ6NIQL6RQT28,,20,20,0,0.75,19,0,1,0,0,19,0,1,0,0,national
2025,SD,46103,Pennington,549300SQN9E467RQOF48,,23,20,0,0.75,23,0,0,0,0,20,0,0,0,0,national
2025,SD,46103,Pennington,549300R7HGHP2I754087,TOWNE MORTGAGE COMPANY,20,17,0,0.64,6,3,11,0,0,5,2,10,0,0,national
2025,SD,46103,Pennington,5493002B2WMHY23GFK92,"AMERICAN FINANCIAL RESOURCES, INC.",20,16,0,0.6,9,6,4,1,0,7,5,3,1,0,national
2025,SD,46103,Pennington,549300RPOGWJRH63HS39,UNION HOME MORTGAGE CORP.,18,14,0,0.53,15,0,3,0,0,11,0,3,0,0,national
2025,SD,46103,Pennington,549300AG64NHILB7ZP05,"LOANDEPOT.COM, LLC",27,11,10,0.41,14,10,3,0,0,5,4,2,0,0,national
2025,SD,46103,Pennington,KB1H1DSPRFMYMCUFXT09,"Wells Fargo Bank, National Association",17,11,3,0.41,17,0,0,0,0,11,0,0,0,0,national
2025,SD,46103,Pennington,549300NOCASXPA34X033,"LAKEVIEW LOAN SERVICING, LLC",47,10,21,0.38,11,10,26,0,0,2,1,7,0,0,national
2025,SD,46103,Pennington,549300OPCWU6E72WUT29,"MUTUAL OF OMAHA MORTGAGE, INC.",15,10,3,0.38,3,9,3,0,0,2,6,2,0,0,national
2025,SD,46103,Pennington,54930054ET8KM4O1D485,"SOFI BANK, NATIONAL ASSOCIATION",22,9,2,0.34,22,0,0,0,0,9,0,0,0,0,national
2025,SD,46103,Pennington,549300DRA4BDXW23LD45,,14,9,1,0.34,6,4,4,0,0,4,2,3,0,0,national
2025,SD,46103,Pennington,549300YIQ7S7Z8PIHE53,AMERISAVE MORTGAGE CORPORATION,38,9,21,0.34,21,11,6,0,0,7,1,1,0,0,national
2025,SD,46103,Pennington,DRMSV1Q0EKMEXLAU1P80,"Citizens Bank, National Association",10,9,0,0.34,9,0,1,0,0,8,0,1,0,0,national
2025,SD,46103,Pennington,254900UL88QFG0E40516,FIGURE LENDING LLC,19,8,8,0.3,19,0,0,0,0,8,0,0,0,0,national
2025,SD,46103,Pennington,549300AQ3T62GXDU7D76,GUILD MORTGAGE COMPANY LLC,12,7,0,0.26,4,2,6,0,0,4,1,2,0,0,national
2025,SD,46103,Pennington,549300CB67L6KPJLHE19,"TRIAD FINANCIAL SERVICES, INC.",24,7,12,0.26,24,0,0,0,0,7,0,0,0,0,national
2025,SD,46103,Pennington,549300JYXTZDSPJEPI44,"PLAZA HOME MORTGAGE, INC.",11,7,2,0.26,7,2,2,0,0,5,1,1,0,0,national
2025,SD,46103,Pennington,549300MGPZBLQDIL7538,FAIRWAY INDEPENDENT MORTGAGE CORPORATION,8,7,0,0.26,3,3,2,0,0,3,3,1,0,0,national
2025,SD,46103,Pennington,549300SUCQ1358EGVE89,"NEW DAY FINANCIAL, LLC",22,7,7,0.26,0,0,22,0,0,0,0,7,0,0,national
2025,SD,46103,Pennington,549300XQVJ1XBNFA5536,21ST MORTGAGE CORPORATION,38,7,21,0.26,38,0,0,0,0,7,0,0,0,0,national
2025,SD,46103,Pennington,549300BX448ALT10FI43,The Federal Savings Bank,17,6,2,0.23,2,4,11,0,0,2,0,4,0,0,national
2025,SD,46103,Pennington,549300LROQOOQU77WS20,,7,6,0,0.23,7,0,0,0,0,6,0,0,0,0,national
2025,SD,46103,Pennington,549300U3721PJGQZYY68,"GUARANTEED RATE, INC.",13,6,3,0.23,9,3,1,0,0,3,2,1,0,0,national
2025,SD,46103,Pennington,5493001GDRY0EL7VG372,"ARK-LA-TEX FINANCIAL SERVICES, LLC.",5,5,0,0.19,2,0,3,0,0,2,0,3,0,0,national
2025,SD,46103,Pennington,549300E2UX99HKDBR481,"NEW AMERICAN FUNDING, LLC",38,5,6,0.19,10,21,7,0,0,0,4,1,0,0,national
2025,SD,46103,Pennington,549300GRGZDEH4ZGQS06,WATERSTONE MORTGAGE CORPORATION,7,5,0,0.19,3,4,0,0,0,3,2,0,0,0,national
2025,SD,46103,Pennington,549300T1ONVEMLQ4B629,First Dakota National Bank,7,5,0,0.19,4,3,0,0,0,3,2,0,0,0,national
2025,SD,46103,Pennington,549300VZVN841I2ILS84,"CROSSCOUNTRY MORTGAGE, LLC",7,5,0,0.19,4,1,2,0,0,4,0,1,0,0,national
2025,SD,46103,Pennington,549300ZZME37MXI1EF14,"DAS ACQUISITION COMPANY, LLC",5,5,0,0.19,4,0,1,0,0,4,0,1,0,0,national
2025,SD,46103,Pennington,C5654JQHZUHN0772B561,USAA Federal Savings Bank,19,5,7,0.19,3,0,16,0,0,0,0,5,0,0,national
2025,SD,46103,Pennington,3Y4U8VZURTYWI1W2K376,BMO Bank National Association,6,4,1,0.15,6,0,0,0,0,4,0,0,0,0,national
2025,SD,46103,Pennington,54930021WPEXNHYZUL09,"PLANET HOME LENDING, LLC",5,4,1,0.15,0,0,5,0,0,0,0,4,0,0,national
2025,SD,46103,Pennington,5493002LPXKMOZNXUY90,First International Bank & Trust,4,4,0,0.15,4,0,0,0,0,4,0,0,0,0,national
2025,SD,46103,Pennington,549300VCMRO4ST680C11,VILLAGE CAPITAL & INVESTMENT LLC,12,4,2,0.15,0,1,11,0,0,0,0,4,0,0,national
2025,SD,46103,Pennington,549300W4FT4H1UWPGU95,GREENSTATE Credit Union,4,4,0,0.15,2,0,2,0,0,2,0,2,0,0,national
2025,SD,46103,Pennington,549300XY701IELCE5Q08,BETTER MORTGAGE CORPORATION,9,4,1,0.15,8,1,0,0,0,4,0,0,0,0,national
2025,SD,46103,Pennington,549300Z77WUYJM3QG591,First PREMIER Bank,5,4,1,0.15,3,1,1,0,0,2,1,1,0,0,national
2025,SD,46103,Pennington,B4TYDEB6GKMZO031MB27,"Bank of America, National Association",10,4,4,0.15,10,0,0,0,0,4,0,0,0,0,national
2025,SD,46103,Pennington,PAOOWF3GUFM46FBSP561,,9,4,2,0.15,5,1,3,0,0,0,1,3,0,0,national
2025,SD,46103,Pennington,PINLJ7T7GLTF48NFP863,,8,4,2,0.15,8,0,0,0,0,4,0,0,0,0,national
2025,SD,46103,Pennington,X05BVSK68TQ7YTOSNR22,Discover Bank,16,4,6,0.15,16,0,0,0,0,4,0,0,0,0,national
2025,SD,46103,Pennington,254900HA4DQWAE0W3342,"AMERIHOME MORTGAGE COMPANY, LLC",6,3,1,0.11,1,5,0,0,0,0,3,0,0,0,national
2025,SD,46103,Pennington,54930049L5WINET09Q97,"CLICK N' CLOSE, INC.",4,3,0,0.11,0,4,0,0,0,0,3,0,0,0,national
2025,SD,46103,Pennington,5493006VAGP3GQ8FJT49,"Kiavi Funding, Inc.",3,3,0,0.11,3,0,0,0,0,3,0,0,0,0,national
2025,SD,46103,Pennington,549300RN01LBYR8ZVX74,"LOWER, LLC",5,3,0,0.11,0,5,0,0,0,0,3,0,0,0,national
2025,SD,46103,Pennington,549300T03X096VF60C57,American Bank & Trust,3,3,0,0.11,3,0,0,0,0,3,0,0,0,0,national
2025,SD,46103,Pennington,549300VHSPIDK7A5D559,"CU MORTGAGE DIRECT, LLC",3,3,0,0.11,2,0,1,0,0,2,0,1,0,0,national
2025,SD,46103,Pennington,549300ZE5N7SFL05BW25,,4,3,1,0.11,4,0,0,0,0,3,0,0,0,0,national
2025,SD,46103,Pennington,7H6GLXDRUGQFU57RNE97,"JPMorgan Chase Bank, National Association",5,3,1,0.11,4,1,0,0,0,3,0,0,0,0,national
2025,SD,46103,Pennington,LDVFX8JEECFFE8HRWA73,First National Bank of Omaha,3,3,0,0.11,3,0,0,0,0,3,0,0,0,0,national
2025,SD,46103,Pennington,SS1TRMSN6BRNMOREEV51,"Flagstar Bank, National Association",5,3,1,0.11,2,2,1,0,0,1,1,1,0,0,national
2025,SD,46103,Pennington,2138004QPZ7FMGPTU106,CorTrust Bank National Association,2,2,0,0.08,2,0,0,0,0,2,0,0,0,0,national
2025,SD,46103,Pennington,213800XR2TCBQJSF1X93,,5,2,0,0.08,3,1,1,0,0,0,1,1,0,0,national
2025,SD,46103,Pennington,254900P7WLDQD9IUL038,Service Federal Credit Union,2,2,0,0.08,2,0,0,0,0,2,0,0,0,0,national
2025,SD,46103,Pennington,254900ZFWS2106HWPH46,"PARAMOUNT RESIDENTIAL MORTGAGE GROUP, INC.",3,2,0,0.08,2,0,1,0,0,2,0,0,0,0,national
2025,SD,46103,Pennington,2WHM8VNJH63UN14OL754,The Huntington National Bank,4,2,1,0.08,4,0,0,0,0,2,0,0,0,0,national
2025,SD,46103,Pennington,5493004AS1SPBQOFDR49,"Change Lending, LLC",2,2,0,0.08,2,0,0,0,0,2,0,0,0,0,national
2025,SD,46103,Pennington,5493007KYI3BO5LTXF79,Meridian Trust Federal Credit Union,2,2,0,0.08,2,0,0,0,0,2,0,0,0,0,national
2025,SD,46103,Pennington,54930099BVD0E448JX38,,2,2,0,0.08,2,0,0,0,0,2,0,0,0,0,national
2025,SD,46103,Pennington,549300ALNLUNS3Y53T24,AMERICAN FINANCING CORPORATION,9,2,3,0.08,1,6,2,0,0,0,2,0,0,0,national
2025,SD,46103,Pennington,549300AT7EB9FJAF0E61,Old National Bank,4,2,1,0.08,2,0,2,0,0,0,0,2,0,0,national
2025,SD,46103,Pennington,549300BOXNV8VLRBDT24,,4,2,0,0.08,4,0,0,0,0,2,0,0,0,0,national
2025,SD,46103,Pennington,549300DD4R4SYK5RAQ92,"MOVEMENT MORTGAGE, LLC",3,2,0,0.08,1,0,2,0,0,0,0,2,0,0,national
2025,SD,46103,Pennington,549300FX7K8PTEQUU487,PENTAGON FEDERAL CREDIT UNION,3,2,1,0.08,3,0,0,0,0,2,0,0,0,0,national
2025,SD,46103,Pennington,549300GS0W0TEUQS8571,"Morgan Stanley Private Bank, National Association",2,2,0,0.08,2,0,0,0,0,2,0,0,0,0,national
2025,SD,46103,Pennington,549300HVW3AI97UKTO72,Wings Financial Credit Union,3,2,1,0.08,3,0,0,0,0,2,0,0,0,0,national
2025,SD,46103,Pennington,549300INFJ8TYNZ1G568,,2,2,0,0.08,2,0,0,0,0,2,0,0,0,0,national
2025,SD,46103,Pennington,549300ISCZS1R0CJMO47,,3,2,0,0.08,2,0,1,0,0,2,0,0,0,0,national
2025,SD,46103,Pennington,549300NFPC3Y4W3Y7R87,,2,2,0,0.08,1,0,1,0,0,1,0,1,0,0,national
2025,SD,46103,Pennington,549300R9S3MVDV4MGF56,"CARRINGTON MORTGAGE SERVICES, LLC",8,2,4,0.08,3,3,2,0,0,1,0,1,0,0,national
2025,SD,46103,Pennington,549300S5YL3OH0IVCS62,FINANCE OF AMERICA REVERSE LLC,3,2,0,0.08,0,3,0,0,0,0,2,0,0,0,national
2025,SD,46103,Pennington,549300UHQ3UXVA4AGM53,,3,2,0,0.08,3,0,0,0,0,2,0,0,0,0,national
2025,SD,46103,Pennington,549300WYBPIWKK6SQC06,Bell Bank,2,2,0,0.08,1,0,1,0,0,1,0,1,0,0,national
2025,SD,46103,Pennington,549300ZWNETGFXTBBY03,"CANOPY MORTGAGE, LLC",2,2,0,0.08,1,1,0,0,0,1,1,0,0,0,national
2025,SD,46103,Pennington,AD6GFRVSDT01YPT1CS68,"PNC Bank, National Association",2,2,0,0.08,2,0,0,0,0,2,0,0,0,0,national
2025,SD,46103,Pennington,2549002OCMCJIOOONI88,,1,1,0,0.04,1,0,0,0,0,1,0,0,0,0,national
2025,SD,46103,Pennington,2549004XJQQPBYQSMT39,,1,1,0,0.04,1,0,0,0,0,1,0,0,0,0,national
2025,SD,46103,Pennington,2549005FUF02T1IFCA22,,1,1,0,0.04,1,0,0,0,0,1,0,0,0,0,national
2025,SD,46103,Pennington,2549007AU24FVDMNUB40,,1,1,0,0.04,1,0,0,0,0,1,0,0,0,0,national
2025,SD,46103,Pennington,2549008LUH7QKMXQ8N53,,1,1,0,0.04,0,0,1,0,0,0,0,1,0,0,national
2025,SD,46103,Pennington,2549008TT6UNYR7AXF54,,1,1,0,0.04,1,0,0,0,0,1,0,0,0,0,national
2025,SD,46103,Pennington,2549009X2AG1P20YAJ63,,3,1,0,0.04,3,0,0,0,0,1,0,0,0,0,national
2025,SD,46103,Pennington,254900DTLHVWQ7NP7R34,"CMG Mortgage, Inc.",1,1,0,0.04,1,0,0,0,0,1,0,0,0,0,national
2025,SD,46103,Pennington,254900KI7219LQKCI772,First Western Trust Bank,1,1,0,0.04,1,0,0,0,0,1,0,0,0,0,national
2025,SD,46103,Pennington,254900WTZC5SSKIN2M11,,1,1,0,0.04,1,0,0,0,0,1,0,0,0,0,national
2025,SD,46103,Pennington,337KMNHEWWWR6B7Q7W10,MidFirst Bank,1,1,0,0.04,1,0,0,0,0,1,0,0,0,0,national
2025,SD,46103,Pennington,4EP6JBYBTPTQ47LZOB67,,1,1,0,0.04,1,0,0,0,0,1,0,0,0,0,national
2025,SD,46103,Pennington,5493000IIYWBLONJVJ30,,2,1,1,0.04,2,0,0,0,0,1,0,0,0,0,national
2025,SD,46103,Pennington,5493000OM9RKJW8W5K82,,1,1,0,0.04,1,0,0,0,0,1,0,0,0,0,national
2025,SD,46103,Pennington,5493000YNV8IX4VD3X12,"VANDERBILT MORTGAGE AND FINANCE, INC.",1,1,0,0.04,1,0,0,0,0,1,0,0,0,0,national
2025,SD,46103,Pennington,549300121SF0K2LN2804,"PRIMELENDING, A PLAINSCAPITAL COMPANY",1,1,0,0.04,1,0,0,0,0,1,0,0,0,0,national
2025,SD,46103,Pennington,5493001WHVQBGRSWEU75,"HOMEBRIDGE FINANCIAL SERVICES, INC.",2,1,1,0.04,2,0,0,0,0,1,0,0,0,0,national
2025,SD,46103,Pennington,54930022CQGV47Q8PM03,,2,1,0,0.04,0,1,1,0,0,0,1,0,0,0,national
2025,SD,46103,Pennington,54930039IUN6515TBG78,,1,1,0,0.04,1,0,0,0,0,1,0,0,0,0,national
2025,SD,46103,Pennington,54930040GLSEV5H11Q12,,1,1,0,0.04,1,0,0,0,0,1,0,0,0,0,national
2025,SD,46103,Pennington,5493005PKOSG7MYX0B34,"Prosperity Home Mortgage, LLC",2,1,0,0.04,1,1,0,0,0,0,1,0,0,0,national
2025,SD,46103,Pennington,5493006JISETNI0GLE61,,3,1,1,0.04,3,0,0,0,0,1,0,0,0,0,national
2025,SD,46103,Pennington,5493007CLWQN2S6IZK91,,1,1,0,0.04,0,0,1,0,0,0,0,1,0,0,national
2025,SD,46103,Pennington,5493009DQQ81725XIJ49,,1,1,0,0.04,1,0,0,0,0,1,0,0,0,0,national
2025,SD,46103,Pennington,549300B4IYL7TZT8FA34,"PREMIER MORTGAGE RESOURCES, L.L.C.",2,1,0,0.04,0,2,0,0,0,0,1,0,0,0,national
2025,SD,46103,Pennington,549300BNZVNK1XN85P72,,1,1,0,0.04,1,0,0,0,0,1,0,0,0,0,national
2025,SD,46103,Pennington,549300CY7WNAHKHYSJ73,"CORNERSTONE CAPITAL BANK, SSB",1,1,0,0.04,1,0,0,0,0,1,0,0,0,0,national
2025,SD,46103,Pennington,549300DDLYW49R2HCV81,EASTMAN CREDIT UNION,1,1,0,0.04,1,0,0,0,0,1,0,0,0,0,national
2025,SD,46103,Pennington,549300EMNDEK4BA8WB53,EMM LOANS LLC,2,1,0,0.04,1,1,0,0,0,1,0,0,0,0,national
2025,SD,46103,Pennington,549300EP58VNEJR7BV48,,1,1,0,0.04,1,0,0,0,0,1,0,0,0,0,national
2025,SD,46103,Pennington,549300FSZH0FMQ1T8Y90,IOWA BANKERS MORTGAGE CORPORATION,1,1,0,0.04,1,0,0,0,0,1,0,0,0,0,national
2025,SD,46103,Pennington,549300FVJ3IB88LTR841,Stockman Bank of Montana,2,1,0,0.04,2,0,0,0,0,1,0,0,0,0,national
2025,SD,46103,Pennington,549300IQ5NY7CSJLZW53,FIRST BANK & TRUST,3,1,1,0.04,3,0,0,0,0,1,0,0,0,0,national
2025,SD,46103,Pennington,549300JRDGV1559XM376,,1,1,0,0.04,1,0,0,0,0,1,0,0,0,0,national
2025,SD,46103,Pennington,549300K4ZLGS7SRDTL86,Equity Prime Mortgage LLC,6,1,1,0.04,0,4,2,0,0,0,1,0,0,0,national
2025,SD,46103,Pennington,549300KCR7QWQQCWBG94,,1,1,0,0.04,1,0,0,0,0,1,0,0,0,0,national
2025,SD,46103,Pennington,549300KER3YVZ3U5RK57,VERIDIAN CREDIT UNION,1,1,0,0.04,0,0,1,0,0,0,0,1,0,0,national
2025,SD,46103,Pennington,549300MP1N04YL1TZP61,,1,1,0,0.04,1,0,0,0,0,1,0,0,0,0,national
2025,SD,46103,Pennington,549300PBTV7FCWLSMM53,,2,1,0,0.04,1,0,1,0,0,0,0,1,0,0,national
2025,SD,46103,Pennington,549300Q02LGIN9AXKP98,FIRST TECHNOLOGY FEDERAL CREDIT UNION,1,1,0,0.04,1,0,0,0,0,1,0,0,0,0,national
2025,SD,46103,Pennington,549300QIUZLVR1OLDH55,Genisys Credit Union,1,1,0,0.04,1,0,0,0,0,1,0,0,0,0,national
2025,SD,46103,Pennington,549300SK2GVCQXPD4S58,"SUN WEST MORTGAGE COMPANY, INC.",1,1,0,0.04,0,0,0,1,0,0,0,0,1,0,national
2025,SD,46103,Pennington,549300T94GSH3C4U5M59,ALLIANT CREDIT UNION,1,1,0,0.04,1,0,0,0,0,1,0,0,0,0,national
2025,SD,46103,Pennington,549300U82B82JH54TO79,Lincoln FSB of Nebraska,1,1,0,0.04,1,0,0,0,0,1,0,0,0,0,national
2025,SD,46103,Pennington,549300UF3FPC7U6RFC59,The Central Trust Bank,1,1,0,0.04,1,0,0,0,0,1,0,0,0,0,national
2025,SD,46103,Pennington,549300UXY7OP0IC38293,Northpointe Bank,1,1,0,0.04,1,0,0,0,0,1,0,0,0,0,national
2025,SD,46103,Pennington,549300Y5Y88FQLI7VE83,DEEPHAVEN MORTGAGE LLC,2,1,1,0.04,2,0,0,0,0,1,0,0,0,0,national
2025,SD,46103,Pennington,549300ZTT08EKQRVTR15,Atlantic Union Bank,1,1,0,0.04,0,0,1,0,0,0,0,1,0,0,national
2025,SD,46103,Pennington,593C3GZG957YOJPS2Z63,,1,1,0,0.04,1,0,0,0,0,1,0,0,0,0,national
2025,SD,46103,Pennington,984500P059VACEAAFA22,,1,1,0,0.04,1,0,0,0,0,1,0,0,0,0,national
2025,SD,46103,Pennington,C398JSK21YCXWM603F55,"Barrington Bank & Trust Company, National Association",2,1,0,0.04,1,0,1,0,0,1,0,0,0,0,national
2025,SD,46103,Pennington,JJKC32MCHWDI71265Z06,Truist Bank,2,1,0,0.04,2,0,0,0,0,1,0,0,0,0,national
2025,SD,46103,Pennington,R6KJ2D7C3UT8OVTWHS39,Union Bank and Trust Company,1,1,0,0.04,1,0,0,0,0,1,0,0,0,0,national
2025,SD,46103,Pennington,549300J7I82PNDVU8H22,"OCMBC, INC.",9,0,1,0.0,9,0,0,0,0,0,0,0,0,0,national
2025,SD,46127,Union,549300Q76VHK6FGPX546,Central Bank,33,25,2,7.14,29,2,2,0,0,21,2,2,0,0,national
2025,SD,46127,Union,549300FGXN1K3HLB1R50,"Rocket Mortgage, LLC",31,24,5,6.86,22,4,5,0,0,19,2,3,0,0,national
2025,SD,46127,Union,549300FX2QBKG7ZTBX37,,31,23,3,6.57,31,0,0,0,0,23,0,0,0,0,national
2025,SD,46127,Union,6BYL5QZYBDK8S7L73M02,U.S. Bank National Association,25,19,2,5.43,24,0,1,0,0,18,0,1,0,0,national
2025,SD,46127,Union,5493003QPO86QUI9FJ04,,25,17,1,4.86,24,0,1,0,0,17,0,0,0,0,national
2025,SD,46127,Union,549300KJ8PAJ7E52HG32,Plains Commerce Bank,31,16,2,4.57,19,10,1,1,0,11,4,0,1,0,national
2025,SD,46127,Union,549300T1ONVEMLQ4B629,First Dakota National Bank,21,15,3,4.29,18,1,1,1,0,13,0,1,1,0,national
2025,SD,46127,Union,549300RBJCM5B02O5U05,Northwest Bank,13,12,0,3.43,12,1,0,0,0,11,1,0,0,0,national
2025,SD,46127,Union,549300EP58VNEJR7BV48,,13,11,1,3.14,13,0,0,0,0,11,0,0,0,0,national
2025,SD,46127,Union,25490031SXYH24299E86,,12,9,1,2.57,12,0,0,0,0,9,0,0,0,0,national
2025,SD,46127,Union,254900WQBZOLXT53K570,,8,8,0,2.29,8,0,0,0,0,8,0,0,0,0,national
2025,SD,46127,Union,549300DD5QQUHO6PCH70,"MORTGAGE RESEARCH CENTER, LLC",16,8,2,2.29,0,1,15,0,0,0,1,7,0,0,national
2025,SD,46127,Union,549300MP1N04YL1TZP61,,8,8,0,2.29,8,0,0,0,0,8,0,0,0,0,national
2025,SD,46127,Union,549300OZ8A612R2D8J95,,8,8,0,2.29,8,0,0,0,0,8,0,0,0,0,national
2025,SD,46127,Union,549300FSZH0FMQ1T8Y90,IOWA BANKERS MORTGAGE CORPORATION,9,7,2,2.0,8,0,0,1,0,7,0,0,0,0,national
2025,SD,46127,Union,549300IQ5NY7CSJLZW53,FIRST BANK & TRUST,10,7,0,2.0,8,0,2,0,0,6,0,1,0,0,national
2025,SD,46127,Union,549300Z77WUYJM3QG591,First PREMIER Bank,15,7,5,2.0,9,4,2,0,0,4,2,1,0,0,national
2025,SD,46127,Union,DRMSV1Q0EKMEXLAU1P80,"Citizens Bank, National Association",10,7,2,2.0,10,0,0,0,0,7,0,0,0,0,national
2025,SD,46127,Union,5493002LPXKMOZNXUY90,First International Bank & Trust,9,6,0,1.71,6,3,0,0,0,3,3,0,0,0,national
2025,SD,46127,Union,549300RK7Q0WLYYRNC19,,7,6,1,1.71,7,0,0,0,0,6,0,0,0,0,national
2025,SD,46127,Union,549300GG5XNEIGHQTG04,CHARTER WEST BANK,6,5,1,1.43,3,3,0,0,0,3,2,0,0,0,national
2025,SD,46127,Union,549300REHZOIYMHDPI61,Levo Federal Credit Union,8,5,2,1.43,6,2,0,0,0,3,2,0,0,0,national
2025,SD,46127,Union,549300T03X096VF60C57,American Bank & Trust,5,5,0,1.43,4,0,1,0,0,4,0,1,0,0,national
2025,SD,46127,Union,549300U3721PJGQZYY68,"GUARANTEED RATE, INC.",7,5,1,1.43,2,3,2,0,0,2,1,2,0,0,national
2025,SD,46127,Union,RVDPPPGHCGZ40J4VQ731,"PENNYMAC LOAN SERVICES, LLC",9,5,1,1.43,2,5,2,0,0,1,3,1,0,0,national
2025,SD,46127,Union,3Y4U8VZURTYWI1W2K376,BMO Bank National Association,4,3,1,0.86,4,0,0,0,0,3,0,0,0,0,national
2025,SD,46127,Union,5493006JISETNI0GLE61,,7,3,2,0.86,7,0,0,0,0,3,0,0,0,0,national
2025,SD,46127,Union,549300HW662MN1WU8550,"United Wholesale Mortgage, LLC",6,3,1,0.86,1,5,0,0,0,0,3,0,0,0,national
2025,SD,46127,Union,549300MGPZBLQDIL7538,FAIRWAY INDEPENDENT MORTGAGE CORPORATION,5,3,0,0.86,2,2,0,1,0,1,2,0,0,0,national
2025,SD,46127,Union,549300MVYX1L50756117,,6,3,1,0.86,6,0,0,0,0,3,0,0,0,0,national
2025,SD,46127,Union,549300UQPFB0RR8JCA42,Dacotah Bank,4,3,1,0.86,3,1,0,0,0,3,0,0,0,0,national
2025,SD,46127,Union,549300VHSPIDK7A5D559,"CU MORTGAGE DIRECT, LLC",3,3,0,0.86,2,1,0,0,0,2,1,0,0,0,national
2025,SD,46127,Union,549300VTMXH07KUIB722,,3,3,0,0.86,2,1,0,0,0,2,1,0,0,0,national
2025,SD,46127,Union,SS1TRMSN6BRNMOREEV51,"Flagstar Bank, National Association",4,3,0,0.86,3,1,0,0,0,3,0,0,0,0,national
2025,SD,46127,Union,2549004WBDC394DA3W87,,2,2,0,0.57,2,0,0,0,0,2,0,0,0,0,national
2025,SD,46127,Union,254900A0ZXGBI45YZX94,,3,2,0,0.57,3,0,0,0,0,2,0,0,0,0,national
2025,SD,46127,Union,254900UL88QFG0E40516,FIGURE LENDING LLC,4,2,0,0.57,4,0,0,0,0,2,0,0,0,0,national
2025,SD,46127,Union,5493003GQDUH26DNNH17,Navy Federal Credit Union,3,2,0,0.57,1,0,2,0,0,1,0,1,0,0,national
2025,SD,46127,Union,54930054ET8KM4O1D485,"SOFI BANK, NATIONAL ASSOCIATION",5,2,0,0.57,5,0,0,0,0,2,0,0,0,0,national
2025,SD,46127,Union,549300AG64NHILB7ZP05,"LOANDEPOT.COM, LLC",2,2,0,0.57,1,0,1,0,0,1,0,1,0,0,national
2025,SD,46127,Union,549300E2UX99HKDBR481,"NEW AMERICAN FUNDING, LLC",3,2,0,0.57,1,2,0,0,0,1,1,0,0,0,national
2025,SD,46127,Union,549300FNXYY540N23N64,Newrez LLC,8,2,3,0.57,2,2,4,0,0,1,0,1,0,0,national
2025,SD,46127,Union,549300GKFNPRWNS0GF29,"AmeriHome Mortgage Company, LLC",2,2,0,0.57,1,0,1,0,0,1,0,1,0,0,national
2025,SD,46127,Union,549300QLO8TSQW5JTK72,WEST GATE BANK,2,2,0,0.57,2,0,0,0,0,2,0,0,0,0,national
2025,SD,46127,Union,549300VZVN841I2ILS84,"CROSSCOUNTRY MORTGAGE, LLC",2,2,0,0.57,2,0,0,0,0,2,0,0,0,0,national
2025,SD,46127,Union,549300XQVJ1XBNFA5536,21ST MORTGAGE CORPORATION,2,2,0,0.57,2,0,0,0,0,2,0,0,0,0,national
2025,SD,46127,Union,KB1H1DSPRFMYMCUFXT09,"Wells Fargo Bank, National Association",7,2,2,0.57,6,1,0,0,0,2,0,0,0,0,national
2025,SD,46127,Union,1TMVIO1SD0RLIPEIW803,Great Southern Bank,1,1,0,0.29,1,0,0,0,0,1,0,0,0,0,national
2025,SD,46127,Union,2138004QPZ7FMGPTU106,CorTrust Bank National Association,2,1,1,0.29,2,0,0,0,0,1,0,0,0,0,national
2025,SD,46127,Union,213800M6RMI3YBX62W88,"CORTRUST MORTGAGE, INC.",1,1,0,0.29,0,0,1,0,0,0,0,1,0,0,national
2025,SD,46127,Union,213800XR2TCBQJSF1X93,,1,1,0,0.29,1,0,0,0,0,1,0,0,0,0,national
2025,SD,46127,Union,2549002OCMCJIOOONI88,,1,1,0,0.29,1,0,0,0,0,1,0,0,0,0,national
2025,SD,46127,Union,25490034470BYC1MSE16,,1,1,0,0.29,1,0,0,0,0,1,0,0,0,0,national
2025,SD,46127,Union,5493001GCBD5XGNIC815,Coastal Community Bank,2,1,0,0.29,2,0,0,0,0,1,0,0,0,0,national
2025,SD,46127,Union,5493002B2WMHY23GFK92,"AMERICAN FINANCIAL RESOURCES, INC.",1,1,0,0.29,0,0,1,0,0,0,0,1,0,0,national
2025,SD,46127,Union,549300370QILXLFUWD20,"ZILLOW HOME LOANS, LLC",1,1,0,0.29,1,0,0,0,0,1,0,0,0,0,national
2025,SD,46127,Union,549300BNZVNK1XN85P72,,1,1,0,0.29,1,0,0,0,0,1,0,0,0,0,national
2025,SD,46127,Union,549300INKSPQCTELMO58,Granite Bank,1,1,0,0.29,0,0,1,0,0,0,0,1,0,0,national
2025,SD,46127,Union,549300ISCZS1R0CJMO47,,1,1,0,0.29,1,0,0,0,0,1,0,0,0,0,national
2025,SD,46127,Union,549300K4ZLGS7SRDTL86,Equity Prime Mortgage LLC,1,1,0,0.29,0,0,1,0,0,0,0,1,0,0,national
2025,SD,46127,Union,549300KCR7QWQQCWBG94,,1,1,0,0.29,0,1,0,0,0,0,1,0,0,0,national
2025,SD,46127,Union,549300LBCBNR1OT00651,NATIONSTAR MORTGAGE LLC,2,1,0,0.29,2,0,0,0,0,1,0,0,0,0,national
2025,SD,46127,Union,549300M2Z8GR3VL0QQ74,BLACK HILLS FEDERAL CREDIT UNION,2,1,1,0.29,2,0,0,0,0,1,0,0,0,0,national
2025,SD,46127,Union,549300MJGHTLBSL8LJ59,,1,1,0,0.29,1,0,0,0,0,1,0,0,0,0,national
2025,SD,46127,Union,549300MM52W3C4U18L74,,1,1,0,0.29,1,0,0,0,0,1,0,0,0,0,national
2025,SD,46127,Union,549300NJVKCDJA5YC939,,1,1,0,0.29,0,1,0,0,0,0,1,0,0,0,national
2025,SD,46127,Union,549300OPCWU6E72WUT29,"MUTUAL OF OMAHA MORTGAGE, INC.",1,1,0,0.29,1,0,0,0,0,1,0,0,0,0,national
2025,SD,46127,Union,549300PIL8LFAQ04XC20,Better Mortgage Corporation,1,1,0,0.29,1,0,0,0,0,1,0,0,0,0,national
2025,SD,46127,Union,549300RFLICNI75BG067,Luminate Bank,1,1,0,0.29,1,0,0,0,0,1,0,0,0,0,national
2025,SD,46127,Union,549300RFSMIRUODUVW59,First Interstate Bank,1,1,0,0.29,0,1,0,0,0,0,1,0,0,0,national
2025,SD,46127,Union,549300THLH8NJUNMGF13,,1,1,0,0.29,1,0,0,0,0,1,0,0,0,0,national
2025,SD,46127,Union,7H6GLXDRUGQFU57RNE97,"JPMorgan Chase Bank, National Association",1,1,0,0.29,1,0,0,0,0,1,0,0,0,0,national
2025,SD,46127,Union,B4TYDEB6GKMZO031MB27,"Bank of America, National Association",4,1,1,0.29,4,0,0,0,0,1,0,0,0,0,national
2025,SD,46127,Union,C398JSK21YCXWM603F55,"Barrington Bank & Trust Company, National Association",1,1,0,0.29,1,0,0,0,0,1,0,0,0,0,national
2025,SD,46127,Union,C5654JQHZUHN0772B561,USAA Federal Savings Bank,1,1,0,0.29,0,0,1,0,0,0,0,1,0,0,national
2025,SD,46127,Union,CKVBED0S4DMLKJJ5XH28,Stifel Bank and Trust,3,1,0,0.29,3,0,0,0,0,1,0,0,0,0,national
2025,SD,46127,Union,X05BVSK68TQ7YTOSNR22,Discover Bank,5,0,4,0.0,5,0,0,0,0,0,0,0,0,0,national
2025,SD,46135,Yankton,549300T1ONVEMLQ4B629,First Dakota National Bank,103,82,9,23.91,89,8,4,2,0,73,4,4,1,0,national
2025,SD,46135,Yankton,213800M6RMI3YBX62W88,"CORTRUST MORTGAGE, INC.",41,33,2,9.62,31,6,3,1,0,26,5,2,0,0,national
2025,SD,46135,Yankton,LDVFX8JEECFFE8HRWA73,First National Bank of Omaha,40,26,8,7.58,36,2,0,2,0,23,2,0,1,0,national
2025,SD,46135,Yankton,2138004QPZ7FMGPTU106,CorTrust Bank National Association,25,22,2,6.41,25,0,0,0,0,22,0,0,0,0,national
2025,SD,46135,Yankton,549300FGXN1K3HLB1R50,"Rocket Mortgage, LLC",24,16,4,4.66,19,4,1,0,0,14,2,0,0,0,national
2025,SD,46135,Yankton,549300KJ8PAJ7E52HG32,Plains Commerce Bank,25,15,3,4.37,16,7,2,0,0,10,4,1,0,0,national
2025,SD,46135,Yankton,5493002LPXKMOZNXUY90,First International Bank & Trust,16,11,1,3.21,7,6,1,2,0,5,5,0,1,0,national
2025,SD,46135,Yankton,549300U3721PJGQZYY68,"GUARANTEED RATE, INC.",13,8,1,2.33,4,7,2,0,0,2,4,2,0,0,national
2025,SD,46135,Yankton,549300HW662MN1WU8550,"United Wholesale Mortgage, LLC",15,7,5,2.04,1,11,3,0,0,1,5,1,0,0,national
2025,SD,46135,Yankton,549300MGPZBLQDIL7538,FAIRWAY INDEPENDENT MORTGAGE CORPORATION,8,7,0,2.04,4,3,1,0,0,4,3,0,0,0,national
2025,SD,46135,Yankton,25490034470BYC1MSE16,,6,6,0,1.75,6,0,0,0,0,6,0,0,0,0,national
2025,SD,46135,Yankton,549300VHSPIDK7A5D559,"CU MORTGAGE DIRECT, LLC",9,6,1,1.75,6,1,0,2,0,3,1,0,2,0,national
2025,SD,46135,Yankton,5493006JISETNI0GLE61,,7,5,0,1.46,7,0,0,0,0,5,0,0,0,0,national
2025,SD,46135,Yankton,549300AG64NHILB7ZP05,"LOANDEPOT.COM, LLC",7,5,1,1.46,5,2,0,0,0,3,2,0,0,0,national
2025,SD,46135,Yankton,549300RFSMIRUODUVW59,First Interstate Bank,10,5,2,1.46,7,1,0,2,0,3,1,0,1,0,national
2025,SD,46135,Yankton,549300VZVN841I2ILS84,"CROSSCOUNTRY MORTGAGE, LLC",8,5,0,1.46,4,1,3,0,0,3,0,2,0,0,national
2025,SD,46135,Yankton,KB1H1DSPRFMYMCUFXT09,"Wells Fargo Bank, National Association",6,4,0,1.17,5,0,1,0,0,4,0,0,0,0,national
2025,SD,46135,Yankton,5493003GQDUH26DNNH17,Navy Federal Credit Union,4,3,0,0.87,2,0,2,0,0,2,0,1,0,0,national
2025,SD,46135,Yankton,549300DD5QQUHO6PCH70,"MORTGAGE RESEARCH CENTER, LLC",8,3,2,0.87,1,0,7,0,0,0,0,3,0,0,national
2025,SD,46135,Yankton,549300LYRWPSYPK6S325,FREEDOM MORTGAGE CORPORATION,12,3,2,0.87,0,9,3,0,0,0,3,0,0,0,national
2025,SD,46135,Yankton,549300QLO8TSQW5JTK72,WEST GATE BANK,3,3,0,0.87,3,0,0,0,0,3,0,0,0,0,national
2025,SD,46135,Yankton,549300REHZOIYMHDPI61,Levo Federal Credit Union,3,3,0,0.87,2,1,0,0,0,2,1,0,0,0,national
2025,SD,46135,Yankton,549300Z77WUYJM3QG591,First PREMIER Bank,8,3,2,0.87,6,2,0,0,0,2,1,0,0,0,national
2025,SD,46135,Yankton,6BYL5QZYBDK8S7L73M02,U.S. Bank National Association,6,3,2,0.87,6,0,0,0,0,3,0,0,0,0,national
2025,SD,46135,Yankton,RVDPPPGHCGZ40J4VQ731,"PENNYMAC LOAN SERVICES, LLC",7,3,1,0.87,1,3,3,0,0,1,1,1,0,0,national
2025,SD,46135,Yankton,3Y4U8VZURTYWI1W2K376,BMO Bank National Association,2,2,0,0.58,2,0,0,0,0,2,0,0,0,0,national
2025,SD,46135,Yankton,549300BX448ALT10FI43,The Federal Savings Bank,3,2,0,0.58,1,0,2,0,0,1,0,1,0,0,national
2025,SD,46135,Yankton,549300IQ5NY7CSJLZW53,FIRST BANK & TRUST,3,2,1,0.58,3,0,0,0,0,2,0,0,0,0,national
2025,SD,46135,Yankton,549300KIOYNU323LVJ37,AMERICAN PACIFIC MORTGAGE CORPORATION,2,2,0,0.58,0,0,2,0,0,0,0,2,0,0,national
2025,SD,46135,Yankton,549300M2Z8GR3VL0QQ74,BLACK HILLS FEDERAL CREDIT UNION,3,2,0,0.58,2,1,0,0,0,1,1,0,0,0,national
2025,SD,46135,Yankton,549300MVYX1L50756117,,4,2,0,0.58,4,0,0,0,0,2,0,0,0,0,national
2025,SD,46135,Yankton,549300PZ44DNQDPOV865,Pinnacle Bank,2,2,0,0.58,2,0,0,0,0,2,0,0,0,0,national
2025,SD,46135,Yankton,549300RK7Q0WLYYRNC19,,2,2,0,0.58,2,0,0,0,0,2,0,0,0,0,national
2025,SD,46135,Yankton,549300YIQ7S7Z8PIHE53,AMERISAVE MORTGAGE CORPORATION,5,2,2,0.58,3,1,1,0,0,1,1,0,0,0,national
2025,SD,46135,Yankton,R6KJ2D7C3UT8OVTWHS39,Union Bank and Trust Company,3,2,1,0.58,3,0,0,0,0,2,0,0,0,0,national
2025,SD,46135,Yankton,254900DTLHVWQ7NP7R34,"CMG Mortgage, Inc.",1,1,0,0.29,1,0,0,0,0,1,0,0,0,0,national
2025,SD,46135,Yankton,254900IL7D0ACZ6YVF12,,1,1,0,0.29,1,0,0,0,0,1,0,0,0,0,national
2025,SD,46135,Yankton,254900UL88QFG0E40516,FIGURE LENDING LLC,2,1,1,0.29,2,0,0,0,0,1,0,0,0,0,national
2025,SD,46135,Yankton,5493000H7FLU47PQYQ10,,2,1,1,0.29,2,0,0,0,0,1,0,0,0,0,national
2025,SD,46135,Yankton,5493002N5168AC238149,"OceanFirst Bank, National Association",1,1,0,0.29,1,0,0,0,0,1,0,0,0,0,national
2025,SD,46135,Yankton,54930032OCUOR526IR93,,1,1,0,0.29,0,1,0,0,0,0,1,0,0,0,national
2025,SD,46135,Yankton,549300370QILXLFUWD20,"ZILLOW HOME LOANS, LLC",1,1,0,0.29,0,1,0,0,0,0,1,0,0,0,national
2025,SD,46135,Yankton,5493003QPO86QUI9FJ04,,1,1,0,0.29,1,0,0,0,0,1,0,0,0,0,national
2025,SD,46135,Yankton,5493004RLLKTQS8K7U51,,1,1,0,0.29,1,0,0,0,0,1,0,0,0,0,national
2025,SD,46135,Yankton,5493007YN2BYYXCI7W64,"BANKWEST, INC.",6,1,2,0.29,6,0,0,0,0,1,0,0,0,0,national
2025,SD,46135,Yankton,549300AQ3T62GXDU7D76,GUILD MORTGAGE COMPANY LLC,1,1,0,0.29,1,0,0,0,0,1,0,0,0,0,national
2025,SD,46135,Yankton,549300BLL6VL7AXWYP56,CHURCHILL MORTGAGE CORPORATION,1,1,0,0.29,1,0,0,0,0,1,0,0,0,0,national
2025,SD,46135,Yankton,549300BOXNV8VLRBDT24,,1,1,0,0.29,1,0,0,0,0,1,0,0,0,0,national
2025,SD,46135,Yankton,549300CB67L6KPJLHE19,"TRIAD FINANCIAL SERVICES, INC.",1,1,0,0.29,1,0,0,0,0,1,0,0,0,0,national
2025,SD,46135,Yankton,549300E2UX99HKDBR481,"NEW AMERICAN FUNDING, LLC",2,1,1,0.29,1,1,0,0,0,1,0,0,0,0,national
2025,SD,46135,Yankton,549300FX2QBKG7ZTBX37,,1,1,0,0.29,1,0,0,0,0,1,0,0,0,0,national
2025,SD,46135,Yankton,549300KUIZTYQRC0R888,,1,1,0,0.29,1,0,0,0,0,1,0,0,0,0,national
2025,SD,46135,Yankton,549300LXKO1O7CSK5J52,"FLAT BRANCH MORTGAGE, INC.",1,1,0,0.29,1,0,0,0,0,1,0,0,0,0,national
2025,SD,46135,Yankton,549300MHH03ICJYEPE85,,1,1,0,0.29,0,1,0,0,0,0,1,0,0,0,national
2025,SD,46135,Yankton,549300NOCASXPA34X033,"LAKEVIEW LOAN SERVICING, LLC",2,1,1,0.29,2,0,0,0,0,1,0,0,0,0,national
2025,SD,46135,Yankton,549300Q76VHK6FGPX546,Central Bank,1,1,0,0.29,1,0,0,0,0,1,0,0,0,0,national
2025,SD,46135,Yankton,549300S5YL3OH0IVCS62,FINANCE OF AMERICA REVERSE LLC,2,1,0,0.29,0,2,0,0,0,0,1,0,0,0,national
2025,SD,46135,Yankton,549300UQPFB0RR8JCA42,Dacotah Bank,1,1,0,0.29,1,0,0,0,0,1,0,0,0,0,national
2025,SD,46135,Yankton,549300VCMRO4ST680C11,VILLAGE CAPITAL & INVESTMENT LLC,2,1,0,0.29,0,1,1,0,0,0,0,1,0,0,national
2025,SD,46135,Yankton,549300VTMXH07KUIB722,,1,1,0,0.29,1,0,0,0,0,1,0,0,0,0,national
2025,SD,46135,Yankton,549300W4FT4H1UWPGU95,GREENSTATE Credit Union,1,1,0,0.29,1,0,0,0,0,1,0,0,0,0,national
2025,SD,46135,Yankton,549300WYC8C6REMY4E38,,1,1,0,0.29,1,0,0,0,0,1,0,0,0,0,national
2025,SD,46135,Yankton,549300XCVBRR56D08F03,,1,1,0,0.29,1,0,0,0,0,1,0,0,0,0,national
2025,SD,46135,Yankton,549300XY701IELCE5Q08,BETTER MORTGAGE CORPORATION,2,1,0,0.29,2,0,0,0,0,1,0,0,0,0,national
2025,SD,46135,Yankton,549300XZB7LPI2LTGX17,,1,1,0,0.29,1,0,0,0,0,1,0,0,0,0,national
2025,SD,46135,Yankton,7DMUJTL9FFTVIAG9H788,Commerce Bank,1,1,0,0.29,1,0,0,0,0,1,0,0,0,0,national
2025,SD,46135,Yankton,7H6GLXDRUGQFU57RNE97,"JPMorgan Chase Bank, National Association",1,1,0,0.29,1,0,0,0,0,1,0,0,0,0,national
2025,SD,46135,Yankton,B4TYDEB6GKMZO031MB27,"Bank of America, National Association",2,1,1,0.29,2,0,0,0,0,1,0,0,0,0,national
2025,SD,46135,Yankton,C5654JQHZUHN0772B561,USAA Federal Savings Bank,1,1,0,0.29,0,0,1,0,0,0,0,1,0,0,national
2025,SD,46135,Yankton,COINQMNIM6RBU631DD85,Arvest Bank,1,1,0,0.29,1,0,0,0,0,1,0,0,0,0,national
2025,SD,46135,Yankton,Q107R4XFOZ6F6K73C488,The First National Bank in Sioux Falls,1,1,0,0.29,1,0,0,0,0,1,0,0,0,0,national
2025,SD,46135,Yankton,549300XQVJ1XBNFA5536,21ST MORTGAGE CORPORATION,11,0,5,0.0,11,0,0,0,0,0,0,0,0,0,national
