year,state,county_fips,county_name,lei,institution_name,applications,originations,denials,market_share_orig_pct,apps_conventional,apps_fha,apps_va,apps_usda_other,apps_other_loan_type,orig_conventional,orig_fha,orig_va,orig_usda_other,orig_other_loan_type,priority_market
2025,WA,53005,Benton,5493001B4U37VT2ML818,GESA CREDIT UNION,777,565,90,10.28,772,1,4,0,0,565,0,0,0,0,national
2025,WA,53005,Benton,549300GKFNPRWNS0GF29,"AmeriHome Mortgage Company, LLC",599,495,6,9.0,345,148,45,61,0,287,119,37,52,0,national
2025,WA,53005,Benton,549300HW662MN1WU8550,"United Wholesale Mortgage, LLC",599,471,56,8.57,322,139,138,0,0,269,100,102,0,0,national
2025,WA,53005,Benton,549300FGXN1K3HLB1R50,"Rocket Mortgage, LLC",473,350,65,6.37,357,73,43,0,0,278,43,29,0,0,national
2025,WA,53005,Benton,5493003T5D4N1CM46J77,1st Security Bank of Washington,321,246,16,4.47,210,82,28,1,0,156,66,24,0,0,national
2025,WA,53005,Benton,549300121SF0K2LN2804,"PRIMELENDING, A PLAINSCAPITAL COMPANY",272,225,4,4.09,175,88,9,0,0,139,78,8,0,0,national
2025,WA,53005,Benton,549300N52O6FKUCU5G62,NUMERICA CREDIT UNION,328,176,127,3.2,318,8,2,0,0,171,3,2,0,0,national
2025,WA,53005,Benton,IFQSIUC9AGQV2NE8CN25,Columbia Bank,222,169,25,3.07,193,23,6,0,0,144,19,6,0,0,national
2025,WA,53005,Benton,54930097J3TUZXBXXE75,,258,149,33,2.71,250,5,3,0,0,149,0,0,0,0,national
2025,WA,53005,Benton,549300VZVN841I2ILS84,"CROSSCOUNTRY MORTGAGE, LLC",183,134,5,2.44,109,61,13,0,0,79,45,10,0,0,national
2025,WA,53005,Benton,549300B4IYL7TZT8FA34,"PREMIER MORTGAGE RESOURCES, L.L.C.",143,103,4,1.87,88,51,4,0,0,61,39,3,0,0,national
2025,WA,53005,Benton,5493005JXQCVNMUHBR38,,118,88,12,1.6,118,0,0,0,0,88,0,0,0,0,national
2025,WA,53005,Benton,5493008VVXQIDO1EZ460,"SUMMIT FUNDING, INC.",112,79,4,1.44,68,38,6,0,0,46,28,5,0,0,national
2025,WA,53005,Benton,RVDPPPGHCGZ40J4VQ731,"PENNYMAC LOAN SERVICES, LLC",137,79,8,1.44,86,28,23,0,0,56,15,8,0,0,national
2025,WA,53005,Benton,549300AG64NHILB7ZP05,"LOANDEPOT.COM, LLC",117,74,20,1.35,87,16,14,0,0,56,7,11,0,0,national
2025,WA,53005,Benton,549300KIOYNU323LVJ37,AMERICAN PACIFIC MORTGAGE CORPORATION,94,72,4,1.31,58,25,11,0,0,47,16,9,0,0,national
2025,WA,53005,Benton,549300LBCBNR1OT00651,NATIONSTAR MORTGAGE LLC,93,71,10,1.29,84,4,5,0,0,64,3,4,0,0,national
2025,WA,53005,Benton,549300TUSRLWD8ETNR90,SPOKANE TEACHERS,123,66,39,1.2,120,3,0,0,0,64,2,0,0,0,national
2025,WA,53005,Benton,549300AQ3T62GXDU7D76,GUILD MORTGAGE COMPANY LLC,82,64,2,1.16,50,22,10,0,0,40,16,8,0,0,national
2025,WA,53005,Benton,549300LYRWPSYPK6S325,FREEDOM MORTGAGE CORPORATION,173,64,15,1.16,23,68,82,0,0,9,19,36,0,0,national
2025,WA,53005,Benton,549300E2UX99HKDBR481,"NEW AMERICAN FUNDING, LLC",113,58,12,1.05,64,36,13,0,0,35,15,8,0,0,national
2025,WA,53005,Benton,WE0I402RW25AU38DTI13,Banner Bank,116,58,42,1.05,104,11,1,0,0,50,7,1,0,0,national
2025,WA,53005,Benton,549300BLL6VL7AXWYP56,CHURCHILL MORTGAGE CORPORATION,81,57,1,1.04,50,22,9,0,0,34,16,7,0,0,national
2025,WA,53005,Benton,5493001SXWZ4OFP8Z903,"DHI MORTGAGE COMPANY, LTD.",81,55,2,1.0,42,34,5,0,0,30,22,3,0,0,national
2025,WA,53005,Benton,6BYL5QZYBDK8S7L73M02,U.S. Bank National Association,125,54,38,0.98,123,1,1,0,0,54,0,0,0,0,national
2025,WA,53005,Benton,254900Q3NKMPZB4K2E34,,122,49,9,0.89,122,0,0,0,0,49,0,0,0,0,national
2025,WA,53005,Benton,5493005F145IP6JL7314,,60,48,3,0.87,60,0,0,0,0,48,0,0,0,0,national
2025,WA,53005,Benton,549300FNXYY540N23N64,Newrez LLC,115,48,14,0.87,67,20,28,0,0,31,3,14,0,0,national
2025,WA,53005,Benton,2549001SI0EMFPT39035,"Cornerstone First Mortgage, Inc",55,43,0,0.78,36,16,3,0,0,29,14,0,0,0,national
2025,WA,53005,Benton,B4TYDEB6GKMZO031MB27,"Bank of America, National Association",110,41,42,0.75,110,0,0,0,0,41,0,0,0,0,national
2025,WA,53005,Benton,5493003GQDUH26DNNH17,Navy Federal Credit Union,64,40,8,0.73,48,0,16,0,0,28,0,12,0,0,national
2025,WA,53005,Benton,7H6GLXDRUGQFU57RNE97,"JPMorgan Chase Bank, National Association",64,40,5,0.73,60,3,1,0,0,39,0,1,0,0,national
2025,WA,53005,Benton,549300QKL5FUBZ8LSF50,"NATIONS DIRECT MORTGAGE, LLC",38,36,0,0.65,30,3,5,0,0,28,3,5,0,0,national
2025,WA,53005,Benton,549300DD5QQUHO6PCH70,"MORTGAGE RESEARCH CENTER, LLC",98,33,17,0.6,5,0,93,0,0,0,0,33,0,0,national
2025,WA,53005,Benton,549300PIL8LFAQ04XC20,Better Mortgage Corporation,76,33,34,0.6,76,0,0,0,0,33,0,0,0,0,national
2025,WA,53005,Benton,254900UL88QFG0E40516,FIGURE LENDING LLC,61,28,12,0.51,61,0,0,0,0,28,0,0,0,0,national
2025,WA,53005,Benton,549300CB67L6KPJLHE19,"TRIAD FINANCIAL SERVICES, INC.",73,27,24,0.49,73,0,0,0,0,27,0,0,0,0,national
2025,WA,53005,Benton,549300U3721PJGQZYY68,"GUARANTEED RATE, INC.",47,27,2,0.49,33,7,7,0,0,17,5,5,0,0,national
2025,WA,53005,Benton,254900DTLHVWQ7NP7R34,"CMG Mortgage, Inc.",31,22,5,0.4,28,3,0,0,0,22,0,0,0,0,national
2025,WA,53005,Benton,549300J6N77Q8OHYNF23,,24,22,0,0.4,7,15,2,0,0,6,14,2,0,0,national
2025,WA,53005,Benton,549300P2GEYNMH5OQA71,WASHINGTON TRUST BANK,26,22,2,0.4,26,0,0,0,0,22,0,0,0,0,national
2025,WA,53005,Benton,549300XQVJ1XBNFA5536,21ST MORTGAGE CORPORATION,90,20,40,0.36,90,0,0,0,0,20,0,0,0,0,national
2025,WA,53005,Benton,549300KM40FP4MSQU941,Boeing Employees Credit Union,30,19,8,0.35,30,0,0,0,0,19,0,0,0,0,national
2025,WA,53005,Benton,549300NOCASXPA34X033,"LAKEVIEW LOAN SERVICING, LLC",75,19,42,0.35,45,22,8,0,0,8,6,5,0,0,national
2025,WA,53005,Benton,549300YIQ7S7Z8PIHE53,AMERISAVE MORTGAGE CORPORATION,58,19,35,0.35,31,21,6,0,0,16,1,2,0,0,national
2025,WA,53005,Benton,SS1TRMSN6BRNMOREEV51,"Flagstar Bank, National Association",24,19,4,0.35,15,4,5,0,0,13,1,5,0,0,national
2025,WA,53005,Benton,549300ESRQ6OLBB56N04,Glacier Bank,31,18,7,0.33,26,5,0,0,0,16,2,0,0,0,national
2025,WA,53005,Benton,254900FBWEZ3YUPOBN33,,17,17,0,0.31,17,0,0,0,0,17,0,0,0,0,national
2025,WA,53005,Benton,54930060G4MDPWHISD89,EVERGREEN MONEYSOURCE MORTGAGE COMPANY,20,17,0,0.31,18,2,0,0,0,15,2,0,0,0,national
2025,WA,53005,Benton,549300OPCWU6E72WUT29,"MUTUAL OF OMAHA MORTGAGE, INC.",37,17,9,0.31,9,23,5,0,0,4,9,4,0,0,national
2025,WA,53005,Benton,549300CY7WNAHKHYSJ73,"CORNERSTONE CAPITAL BANK, SSB",19,16,1,0.29,10,6,2,1,0,8,5,2,1,0,national
2025,WA,53005,Benton,KB1H1DSPRFMYMCUFXT09,"Wells Fargo Bank, National Association",35,16,3,0.29,29,6,0,0,0,13,3,0,0,0,national
2025,WA,53005,Benton,5493001PXRJMPLXPG540,IDAHO CENTRAL CREDIT UNION,38,15,13,0.27,33,1,4,0,0,14,0,1,0,0,national
2025,WA,53005,Benton,2549004FXPNKCLIN8250,"Synergy One Lending, Inc.",23,14,1,0.25,18,3,2,0,0,11,2,1,0,0,national
2025,WA,53005,Benton,254900TTZ395IC926125,,23,14,3,0.25,11,4,7,1,0,6,4,4,0,0,national
2025,WA,53005,Benton,3Y4U8VZURTYWI1W2K376,BMO Bank National Association,22,14,4,0.25,22,0,0,0,0,14,0,0,0,0,national
2025,WA,53005,Benton,5493001GCBD5XGNIC815,Coastal Community Bank,46,14,1,0.25,46,0,0,0,0,14,0,0,0,0,national
2025,WA,53005,Benton,549300ZWNETGFXTBBY03,"CANOPY MORTGAGE, LLC",22,14,0,0.25,14,8,0,0,0,8,6,0,0,0,national
2025,WA,53005,Benton,549300MGPZBLQDIL7538,FAIRWAY INDEPENDENT MORTGAGE CORPORATION,19,13,1,0.24,11,7,1,0,0,8,5,0,0,0,national
2025,WA,53005,Benton,549300MZ8VZJOVC63092,"KIND LENDING, LLC",16,13,2,0.24,6,3,7,0,0,6,2,5,0,0,national
2025,WA,53005,Benton,5493002TJKC8NLH1ZP82,,12,11,0,0.2,5,3,4,0,0,5,2,4,0,0,national
2025,WA,53005,Benton,54930054ET8KM4O1D485,"SOFI BANK, NATIONAL ASSOCIATION",43,11,3,0.2,43,0,0,0,0,11,0,0,0,0,national
2025,WA,53005,Benton,5493006KXUHSYFT7SD10,,12,11,0,0.2,5,4,3,0,0,5,3,3,0,0,national
2025,WA,53005,Benton,549300ALNLUNS3Y53T24,AMERICAN FINANCING CORPORATION,29,11,9,0.2,13,12,4,0,0,7,4,0,0,0,national
2025,WA,53005,Benton,549300DD4R4SYK5RAQ92,"MOVEMENT MORTGAGE, LLC",12,11,0,0.2,11,1,0,0,0,10,1,0,0,0,national
2025,WA,53005,Benton,C5654JQHZUHN0772B561,USAA Federal Savings Bank,15,11,3,0.2,5,0,10,0,0,3,0,8,0,0,national
2025,WA,53005,Benton,5493000FWM3I2HHQY149,WASHINGTON STATE EMPLOYEES CREDIT UNION,22,10,9,0.18,22,0,0,0,0,10,0,0,0,0,national
2025,WA,53005,Benton,549300RPOGWJRH63HS39,UNION HOME MORTGAGE CORP.,12,10,0,0.18,6,1,5,0,0,6,1,3,0,0,national
2025,WA,53005,Benton,549300XY701IELCE5Q08,BETTER MORTGAGE CORPORATION,26,10,7,0.18,25,0,1,0,0,10,0,0,0,0,national
2025,WA,53005,Benton,549300R9S3MVDV4MGF56,"CARRINGTON MORTGAGE SERVICES, LLC",40,9,24,0.16,14,17,9,0,0,3,2,4,0,0,national
2025,WA,53005,Benton,25490066WMF8ZMQXQB18,"Lendage, LLC",13,8,4,0.15,13,0,0,0,0,8,0,0,0,0,national
2025,WA,53005,Benton,5493001WHVQBGRSWEU75,"HOMEBRIDGE FINANCIAL SERVICES, INC.",10,8,1,0.15,8,0,2,0,0,6,0,2,0,0,national
2025,WA,53005,Benton,54930021WPEXNHYZUL09,"PLANET HOME LENDING, LLC",14,8,5,0.15,4,6,4,0,0,2,5,1,0,0,national
2025,WA,53005,Benton,54930049L5WINET09Q97,"CLICK N' CLOSE, INC.",8,8,0,0.15,4,4,0,0,0,4,4,0,0,0,national
2025,WA,53005,Benton,5493006RIR31ORKYB608,,12,8,0,0.15,3,8,1,0,0,2,5,1,0,0,national
2025,WA,53005,Benton,5493009HUMWCHFRDKF12,SAMMAMISH MORTGAGE COMPANY,9,8,0,0.15,9,0,0,0,0,8,0,0,0,0,national
2025,WA,53005,Benton,549300RA3E0BUFO7YZ21,"Hometown Equity Mortgage, LLC",12,8,4,0.15,12,0,0,0,0,8,0,0,0,0,national
2025,WA,53005,Benton,549300SK2GVCQXPD4S58,"SUN WEST MORTGAGE COMPANY, INC.",11,8,3,0.15,1,5,5,0,0,1,2,5,0,0,national
2025,WA,53005,Benton,AD6GFRVSDT01YPT1CS68,"PNC Bank, National Association",11,8,1,0.15,10,1,0,0,0,7,1,0,0,0,national
2025,WA,53005,Benton,HUX2X73FUCYHUVH1BK78,KeyBank National Association,14,8,6,0.15,14,0,0,0,0,8,0,0,0,0,national
2025,WA,53005,Benton,X05BVSK68TQ7YTOSNR22,Discover Bank,35,8,17,0.15,35,0,0,0,0,8,0,0,0,0,national
2025,WA,53005,Benton,254900ZFWS2106HWPH46,"PARAMOUNT RESIDENTIAL MORTGAGE GROUP, INC.",11,7,0,0.13,6,3,2,0,0,4,1,2,0,0,national
2025,WA,53005,Benton,54930043BMDE130FJ617,"PROVIDENT FUNDING ASSOCIATES, L.P.",10,7,0,0.13,10,0,0,0,0,7,0,0,0,0,national
2025,WA,53005,Benton,5493006P5IHSK77SZ855,,8,7,0,0.13,3,4,1,0,0,3,3,1,0,0,national
2025,WA,53005,Benton,5493008CPTDVOS570626,"Primary Residential Mortgage, Inc.",15,7,4,0.13,15,0,0,0,0,7,0,0,0,0,national
2025,WA,53005,Benton,549300KJ8PAJ7E52HG32,Plains Commerce Bank,8,7,0,0.13,3,3,2,0,0,3,2,2,0,0,national
2025,WA,53005,Benton,549300RN01LBYR8ZVX74,"LOWER, LLC",18,7,2,0.13,4,9,5,0,0,2,3,2,0,0,national
2025,WA,53005,Benton,549300SUCQ1358EGVE89,"NEW DAY FINANCIAL, LLC",36,7,7,0.13,0,2,34,0,0,0,0,7,0,0,national
2025,WA,53005,Benton,549300UT4EN6IH579Q63,"RIGHT START MORTGAGE, INC.",9,7,1,0.13,5,4,0,0,0,4,3,0,0,0,national
2025,WA,53005,Benton,549300VCMRO4ST680C11,VILLAGE CAPITAL & INVESTMENT LLC,27,7,4,0.13,0,13,14,0,0,0,3,4,0,0,national
2025,WA,53005,Benton,549300VORTI31GZTJL53,"CARDINAL FINANCIAL COMPANY, LIMITED PARTNERSHIP",10,7,0,0.13,7,3,0,0,0,5,2,0,0,0,national
2025,WA,53005,Benton,549300YN94MOAVYW0F52,"GoodLeap, LLC",16,7,3,0.13,9,7,0,0,0,6,1,0,0,0,national
2025,WA,53005,Benton,01KWVG908KE7RKPTNP46,HomeStreet Bank,12,6,4,0.11,8,4,0,0,0,3,3,0,0,0,national
2025,WA,53005,Benton,254900E6AIE4Z8YQM970,Citadel Servicing Corporation,8,6,1,0.11,8,0,0,0,0,6,0,0,0,0,national
2025,WA,53005,Benton,5493008JECR4UE0WVR04,"MORTGAGE EXPRESS, LLC",11,6,0,0.11,8,3,0,0,0,4,2,0,0,0,national
2025,WA,53005,Benton,549300LROQOOQU77WS20,,10,6,0,0.11,10,0,0,0,0,6,0,0,0,0,national
2025,WA,53005,Benton,549300T94GSH3C4U5M59,ALLIANT CREDIT UNION,11,6,2,0.11,11,0,0,0,0,6,0,0,0,0,national
2025,WA,53005,Benton,254900HA4DQWAE0W3342,"AMERIHOME MORTGAGE COMPANY, LLC",5,5,0,0.09,0,4,1,0,0,0,4,1,0,0,national
2025,WA,53005,Benton,549300323EON4W3CCM44,"RESICENTRAL, LLC",5,5,0,0.09,3,0,2,0,0,3,0,2,0,0,national
2025,WA,53005,Benton,54930052M48FOD3CWA54,"PRIMARY RESIDENTIAL MORTGAGE, INC.",7,5,0,0.09,5,2,0,0,0,3,2,0,0,0,national
2025,WA,53005,Benton,549300BX448ALT10FI43,The Federal Savings Bank,12,5,2,0.09,0,2,10,0,0,0,1,4,0,0,national
2025,WA,53005,Benton,549300DK7QID2ZON6Q55,Global Federal Credit Union,7,5,1,0.09,7,0,0,0,0,5,0,0,0,0,national
2025,WA,53005,Benton,549300KQHWNSVCE2MY88,,5,5,0,0.09,4,1,0,0,0,4,1,0,0,0,national
2025,WA,53005,Benton,549300PL8ER6H23P0Z91,BAY EQUITY LLC,7,5,0,0.09,6,1,0,0,0,4,1,0,0,0,national
2025,WA,53005,Benton,549300Q02LGIN9AXKP98,FIRST TECHNOLOGY FEDERAL CREDIT UNION,5,5,0,0.09,5,0,0,0,0,5,0,0,0,0,national
2025,WA,53005,Benton,549300S5YL3OH0IVCS62,FINANCE OF AMERICA REVERSE LLC,6,5,0,0.09,0,6,0,0,0,0,5,0,0,0,national
2025,WA,53005,Benton,984500U2F9A83N391A91,"CHAMPIONS FUNDING, LLC",5,5,0,0.09,5,0,0,0,0,5,0,0,0,0,national
2025,WA,53005,Benton,254900LX8DA8FRHUUD51,Potlatch No. 1 Financial Credit Union,4,4,0,0.07,4,0,0,0,0,4,0,0,0,0,national
2025,WA,53005,Benton,5493000IIYWBLONJVJ30,,6,4,1,0.07,5,1,0,0,0,4,0,0,0,0,national
2025,WA,53005,Benton,549300370QILXLFUWD20,"ZILLOW HOME LOANS, LLC",5,4,0,0.07,4,1,0,0,0,3,1,0,0,0,national
2025,WA,53005,Benton,549300A5HHOL2ED18C72,,5,4,0,0.07,5,0,0,0,0,4,0,0,0,0,national
2025,WA,53005,Benton,549300EKFFG3BU8DNX74,NEXERA HOLDING LLC,5,4,0,0.07,5,0,0,0,0,4,0,0,0,0,national
2025,WA,53005,Benton,549300GS0W0TEUQS8571,"Morgan Stanley Private Bank, National Association",5,4,0,0.07,5,0,0,0,0,4,0,0,0,0,national
2025,WA,53005,Benton,549300PQLK8E48ILXV41,,11,4,5,0.07,11,0,0,0,0,4,0,0,0,0,national
2025,WA,53005,Benton,549300Q6YL1SFVPEGV90,,7,4,0,0.07,0,7,0,0,0,0,4,0,0,0,national
2025,WA,53005,Benton,549300UG7QXKM7KGV847,,5,4,1,0.07,5,0,0,0,0,4,0,0,0,0,national
2025,WA,53005,Benton,549300UHEEV73TKCZY62,,7,4,1,0.07,7,0,0,0,0,4,0,0,0,0,national
2025,WA,53005,Benton,549300UR5AOWTJJ7KZ64,,7,4,0,0.07,7,0,0,0,0,4,0,0,0,0,national
2025,WA,53005,Benton,549300XW2H531FLD3I90,,4,4,0,0.07,4,0,0,0,0,4,0,0,0,0,national
2025,WA,53005,Benton,2549008LK3474E9U2888,ONPOINT COMMUNITY CREDIT UNION,6,3,2,0.05,6,0,0,0,0,3,0,0,0,0,national
2025,WA,53005,Benton,2549008TT6UNYR7AXF54,"Sunflower Bank, National Association",5,3,0,0.05,3,0,2,0,0,2,0,1,0,0,national
2025,WA,53005,Benton,2549009AOX259OY87H37,,3,3,0,0.05,3,0,0,0,0,3,0,0,0,0,national
2025,WA,53005,Benton,254900BMXWPEHXG4LF21,,6,3,3,0.05,1,5,0,0,0,0,3,0,0,0,national
2025,WA,53005,Benton,254900WEP08K7U7S3A80,,4,3,0,0.05,3,1,0,0,0,2,1,0,0,0,national
2025,WA,53005,Benton,54930001NSTOD85LT125,"GUARANTEED RATE AFFINITY, LLC",3,3,0,0.05,1,1,1,0,0,1,1,1,0,0,national
2025,WA,53005,Benton,5493000349C5XXDRQX28,,3,3,0,0.05,3,0,0,0,0,3,0,0,0,0,national
2025,WA,53005,Benton,5493000NYUJT9UC6G261,LEADERONE FINANCIAL CORPORATION,3,3,0,0.05,2,1,0,0,0,2,1,0,0,0,national
2025,WA,53005,Benton,54930021QRU8VXNS6152,Sound Credit Union,6,3,2,0.05,6,0,0,0,0,3,0,0,0,0,national
2025,WA,53005,Benton,5493004AS1SPBQOFDR49,"Change Lending, LLC",6,3,0,0.05,5,1,0,0,0,3,0,0,0,0,national
2025,WA,53005,Benton,549300748YYU6VG08N83,"Loan Simple, Inc.",3,3,0,0.05,0,3,0,0,0,0,3,0,0,0,national
2025,WA,53005,Benton,549300BOXNV8VLRBDT24,,5,3,0,0.05,5,0,0,0,0,3,0,0,0,0,national
2025,WA,53005,Benton,549300HINJH60UG3KG47,,3,3,0,0.05,3,0,0,0,0,3,0,0,0,0,national
2025,WA,53005,Benton,549300J7I82PNDVU8H22,"OCMBC, INC.",5,3,0,0.05,5,0,0,0,0,3,0,0,0,0,national
2025,WA,53005,Benton,549300SCFWZXMDMZPE93,"RESIDENTIAL MORTGAGE, LLC",4,3,0,0.05,1,2,1,0,0,1,2,0,0,0,national
2025,WA,53005,Benton,549300W45D2J6BT4LX65,,3,3,0,0.05,3,0,0,0,0,3,0,0,0,0,national
2025,WA,53005,Benton,254900378RFGMBEKAF12,Empeople Credit Union,2,2,0,0.04,2,0,0,0,0,2,0,0,0,0,national
2025,WA,53005,Benton,254900HIDMT4ZG09RP47,,2,2,0,0.04,0,1,1,0,0,0,1,1,0,0,national
2025,WA,53005,Benton,254900IEGKUDRDS23V26,,2,2,0,0.04,2,0,0,0,0,2,0,0,0,0,national
2025,WA,53005,Benton,254900N49YI2HHKDPS92,IQ Credit Union,4,2,1,0.04,4,0,0,0,0,2,0,0,0,0,national
2025,WA,53005,Benton,254900O2K17TNH5CL873,"RF RENOVO MANAGEMENT COMPANY, LLC",2,2,0,0.04,2,0,0,0,0,2,0,0,0,0,national
2025,WA,53005,Benton,254900T37KTTXKCK3416,,2,2,0,0.04,2,0,0,0,0,2,0,0,0,0,national
2025,WA,53005,Benton,254900TG14TB8RKS3U42,,3,2,0,0.04,2,1,0,0,0,2,0,0,0,0,national
2025,WA,53005,Benton,5493000H6DFDDJRORG89,,4,2,0,0.04,4,0,0,0,0,2,0,0,0,0,national
2025,WA,53005,Benton,5493001GDRY0EL7VG372,"ARK-LA-TEX FINANCIAL SERVICES, LLC.",2,2,0,0.04,0,0,2,0,0,0,0,2,0,0,national
2025,WA,53005,Benton,5493001SDQVS1NWYH012,,2,2,0,0.04,1,1,0,0,0,1,1,0,0,0,national
2025,WA,53005,Benton,5493001XKL0FTNOJ0866,,3,2,0,0.04,3,0,0,0,0,2,0,0,0,0,national
2025,WA,53005,Benton,5493002B2WMHY23GFK92,"AMERICAN FINANCIAL RESOURCES, INC.",3,2,0,0.04,0,0,3,0,0,0,0,2,0,0,national
2025,WA,53005,Benton,54930048P8RWCQHQM310,,2,2,0,0.04,2,0,0,0,0,2,0,0,0,0,national
2025,WA,53005,Benton,5493004R423PBPM6A173,,3,2,1,0.04,0,3,0,0,0,0,2,0,0,0,national
2025,WA,53005,Benton,5493006VAGP3GQ8FJT49,"Kiavi Funding, Inc.",4,2,0,0.04,4,0,0,0,0,2,0,0,0,0,national
2025,WA,53005,Benton,5493007CLWQN2S6IZK91,,3,2,0,0.04,2,0,1,0,0,1,0,1,0,0,national
2025,WA,53005,Benton,5493007QERYQSQ3QNH02,,6,2,1,0.04,6,0,0,0,0,2,0,0,0,0,national
2025,WA,53005,Benton,5493008NWHQT1R22C024,"AMERICAN FINANCIAL NETWORK, INC.",3,2,0,0.04,2,1,0,0,0,1,1,0,0,0,national
2025,WA,53005,Benton,54930091JQKCU3Z6IP44,,13,2,2,0.04,13,0,0,0,0,2,0,0,0,0,national
2025,WA,53005,Benton,549300AG10BX85DF5S49,MLD MORTGAGE INC.,3,2,1,0.04,3,0,0,0,0,2,0,0,0,0,national
2025,WA,53005,Benton,549300DCGBXW5FJMV921,,2,2,0,0.04,1,1,0,0,0,1,1,0,0,0,national
2025,WA,53005,Benton,549300FX7K8PTEQUU487,PENTAGON FEDERAL CREDIT UNION,9,2,4,0.04,7,0,2,0,0,1,0,1,0,0,national
2025,WA,53005,Benton,549300GGB04TG4AH1377,,3,2,1,0.04,3,0,0,0,0,2,0,0,0,0,national
2025,WA,53005,Benton,549300GQDT484LGI9C04,,9,2,2,0.04,2,0,7,0,0,0,0,2,0,0,national
2025,WA,53005,Benton,549300GS6ONO04ORI292,,2,2,0,0.04,2,0,0,0,0,2,0,0,0,0,national
2025,WA,53005,Benton,549300GWD9H4FQ2VR805,,2,2,0,0.04,2,0,0,0,0,2,0,0,0,0,national
2025,WA,53005,Benton,549300HRLROF7PLJ6735,CLEAREDGE LENDING LLC,2,2,0,0.04,2,0,0,0,0,2,0,0,0,0,national
2025,WA,53005,Benton,549300IFOE4SCP384147,University Bank,2,2,0,0.04,2,0,0,0,0,2,0,0,0,0,national
2025,WA,53005,Benton,549300ISCZS1R0CJMO47,,2,2,0,0.04,2,0,0,0,0,2,0,0,0,0,national
2025,WA,53005,Benton,549300KHXD7JSQUZIJ22,"HIGHLANDS RESIDENTIAL MORTGAGE, LTD.",4,2,0,0.04,3,1,0,0,0,1,1,0,0,0,national
2025,WA,53005,Benton,549300MHH03ICJYEPE85,,4,2,2,0.04,0,4,0,0,0,0,2,0,0,0,national
2025,WA,53005,Benton,549300NFPC3Y4W3Y7R87,,3,2,0,0.04,1,2,0,0,0,0,2,0,0,0,national
2025,WA,53005,Benton,549300VQUTI5IU7GXT57,SECURITYNATIONAL MORTGAGE COMPANY,2,2,0,0.04,1,1,0,0,0,1,1,0,0,0,national
2025,WA,53005,Benton,549300VVH8HHFMWL8536,,5,2,1,0.04,5,0,0,0,0,2,0,0,0,0,national
2025,WA,53005,Benton,549300ZBXINP1Y94CN02,,2,2,0,0.04,1,1,0,0,0,1,1,0,0,0,national
2025,WA,53005,Benton,549300ZPSJZO10ZAX556,"AMERICAN HERITAGE LENDING, LLC",2,2,0,0.04,2,0,0,0,0,2,0,0,0,0,national
2025,WA,53005,Benton,L9VVX1KT5TFTKS0MLF66,First-Citizens Bank & Trust Company,3,2,1,0.04,3,0,0,0,0,2,0,0,0,0,national
2025,WA,53005,Benton,PAOOWF3GUFM46FBSP561,,11,2,2,0.04,7,2,2,0,0,2,0,0,0,0,national
2025,WA,53005,Benton,1IE8VN30JCEQV1H4R804,,1,1,0,0.02,1,0,0,0,0,1,0,0,0,0,national
2025,WA,53005,Benton,213800XR2TCBQJSF1X93,,4,1,1,0.02,2,1,1,0,0,1,0,0,0,0,national
2025,WA,53005,Benton,2549004Z576VEJBK3N72,"NQM FUNDING, LLC",1,1,0,0.02,1,0,0,0,0,1,0,0,0,0,national
2025,WA,53005,Benton,2549005SIVTHG14U2905,A&D Mortgage LLC,4,1,1,0.02,4,0,0,0,0,1,0,0,0,0,national
2025,WA,53005,Benton,254900DNPJINSUKFZ002,,1,1,0,0.02,0,1,0,0,0,0,1,0,0,0,national
2025,WA,53005,Benton,254900EZRN0CBEP77K34,,1,1,0,0.02,1,0,0,0,0,1,0,0,0,0,national
2025,WA,53005,Benton,254900FI363837PZX856,,1,1,0,0.02,1,0,0,0,0,1,0,0,0,0,national
2025,WA,53005,Benton,254900HEJ9F73IMPX887,,7,1,1,0.02,6,1,0,0,0,1,0,0,0,0,national
2025,WA,53005,Benton,254900KI7219LQKCI772,First Western Trust Bank,1,1,0,0.02,1,0,0,0,0,1,0,0,0,0,national
2025,WA,53005,Benton,254900MKY47WU65N1J56,,1,1,0,0.02,1,0,0,0,0,1,0,0,0,0,national
2025,WA,53005,Benton,254900QPRPHIXEAX3L37,,3,1,1,0.02,3,0,0,0,0,1,0,0,0,0,national
2025,WA,53005,Benton,254900VELJPWWT51WN03,,1,1,0,0.02,1,0,0,0,0,1,0,0,0,0,national
2025,WA,53005,Benton,254900WT4HAMDFWH3048,,2,1,0,0.02,0,2,0,0,0,0,1,0,0,0,national
2025,WA,53005,Benton,254900WTZC5SSKIN2M11,,1,1,0,0.02,1,0,0,0,0,1,0,0,0,0,national
2025,WA,53005,Benton,2WHM8VNJH63UN14OL754,The Huntington National Bank,1,1,0,0.02,1,0,0,0,0,1,0,0,0,0,national
2025,WA,53005,Benton,54930002O9LLXKR6TF11,,1,1,0,0.02,0,1,0,0,0,0,1,0,0,0,national
2025,WA,53005,Benton,54930007KK7ZS3IJVC25,RED CANOE CREDIT UNION,1,1,0,0.02,1,0,0,0,0,1,0,0,0,0,national
2025,WA,53005,Benton,5493000XC2Y1SLXRQP11,,1,1,0,0.02,1,0,0,0,0,1,0,0,0,0,national
2025,WA,53005,Benton,5493001JT9MT3Z3Y3M39,,1,1,0,0.02,1,0,0,0,0,1,0,0,0,0,national
2025,WA,53005,Benton,5493001X0T84TYRJ5Y59,,1,1,0,0.02,1,0,0,0,0,1,0,0,0,0,national
2025,WA,53005,Benton,54930022CQGV47Q8PM03,,1,1,0,0.02,0,1,0,0,0,0,1,0,0,0,national
2025,WA,53005,Benton,54930025XJJO3T0M1A92,,1,1,0,0.02,1,0,0,0,0,1,0,0,0,0,national
2025,WA,53005,Benton,5493002GI63WHHUTUD85,"KEYSTONE FUNDING, INC.",2,1,0,0.02,2,0,0,0,0,1,0,0,0,0,national
2025,WA,53005,Benton,5493002Y5XYV7DV1ZV88,"GOLD STAR MORTGAGE FINANCIAL GROUP, CORPORATION",1,1,0,0.02,0,1,0,0,0,0,1,0,0,0,national
2025,WA,53005,Benton,54930030Z1JWTP3SVD16,,3,1,1,0.02,1,2,0,0,0,1,0,0,0,0,national
2025,WA,53005,Benton,54930032OCUOR526IR93,,1,1,0,0.02,0,1,0,0,0,0,1,0,0,0,national
2025,WA,53005,Benton,5493003Q3L1PO9NBVK64,WHATCOM EDUCATIONAL CREDIT UNION,2,1,0,0.02,2,0,0,0,0,1,0,0,0,0,national
2025,WA,53005,Benton,5493004T38NMC864VL66,,1,1,0,0.02,1,0,0,0,0,1,0,0,0,0,national
2025,WA,53005,Benton,5493005ICQ3QGEIWV618,UNITED MORTGAGE CORP.,1,1,0,0.02,1,0,0,0,0,1,0,0,0,0,national
2025,WA,53005,Benton,5493006S869XKIESMV41,Mountain America Federal Credit Union,2,1,0,0.02,2,0,0,0,0,1,0,0,0,0,national
2025,WA,53005,Benton,5493007Z7FTUKQGFMZ98,,1,1,0,0.02,1,0,0,0,0,1,0,0,0,0,national
2025,WA,53005,Benton,5493008SP1FN4D81IS17,,1,1,0,0.02,1,0,0,0,0,1,0,0,0,0,national
2025,WA,53005,Benton,5493008ZTV4S0W9DCX64,,1,1,0,0.02,0,1,0,0,0,0,1,0,0,0,national
2025,WA,53005,Benton,5493009B17HXCVXTD608,"JMAC LENDING, INC.",5,1,1,0.02,1,2,2,0,0,0,0,1,0,0,national
2025,WA,53005,Benton,5493009Y8ROUG903AQ21,,1,1,0,0.02,1,0,0,0,0,1,0,0,0,0,national
2025,WA,53005,Benton,549300CK7U1WMTIG6687,,1,1,0,0.02,1,0,0,0,0,1,0,0,0,0,national
2025,WA,53005,Benton,549300COIWXM618UBE82,HomeTrust Bank,1,1,0,0.02,1,0,0,0,0,1,0,0,0,0,national
2025,WA,53005,Benton,549300EFCZM6KD6B8K69,MORTGAGE ACCESS CORP.,1,1,0,0.02,0,1,0,0,0,0,1,0,0,0,national
2025,WA,53005,Benton,549300F6Y1YO2YXN6135,,1,1,0,0.02,1,0,0,0,0,1,0,0,0,0,national
2025,WA,53005,Benton,549300G4ESSS6M0MEG51,ORIGINPOINT LLC,2,1,0,0.02,2,0,0,0,0,1,0,0,0,0,national
2025,WA,53005,Benton,549300GYK7N8U42X9587,,1,1,0,0.02,1,0,0,0,0,1,0,0,0,0,national
2025,WA,53005,Benton,549300HIVO8XPBPNVG69,NOVA FINANCIAL & INVESTMENT CORPORATION,1,1,0,0.02,1,0,0,0,0,1,0,0,0,0,national
2025,WA,53005,Benton,549300HV02VPA0FYR272,,1,1,0,0.02,0,1,0,0,0,0,1,0,0,0,national
2025,WA,53005,Benton,549300I43FC7P0IJMR13,,1,1,0,0.02,0,1,0,0,0,0,1,0,0,0,national
2025,WA,53005,Benton,549300JYXTZDSPJEPI44,"PLAZA HOME MORTGAGE, INC.",2,1,0,0.02,1,0,1,0,0,0,0,1,0,0,national
2025,WA,53005,Benton,549300K4ZLGS7SRDTL86,Equity Prime Mortgage LLC,8,1,1,0.02,1,4,3,0,0,0,1,0,0,0,national
2025,WA,53005,Benton,549300KDR80I1ELW8D36,,4,1,0,0.02,4,0,0,0,0,1,0,0,0,0,national
2025,WA,53005,Benton,549300KR4ZW8KJC82O47,,1,1,0,0.02,0,0,1,0,0,0,0,1,0,0,national
2025,WA,53005,Benton,549300KTR1JGH3K6LU06,FOURLEAF,2,1,1,0.02,2,0,0,0,0,1,0,0,0,0,national
2025,WA,53005,Benton,549300L44U62O7WHRR78,FIRST COMMUNITY,2,1,1,0.02,2,0,0,0,0,1,0,0,0,0,national
2025,WA,53005,Benton,549300LLESTPOVRG3X73,,1,1,0,0.02,1,0,0,0,0,1,0,0,0,0,national
2025,WA,53005,Benton,549300LLKEKXL2RM1F61,CONTOUR MORTGAGE CORPORATION,1,1,0,0.02,0,1,0,0,0,0,1,0,0,0,national
2025,WA,53005,Benton,549300LZUXCJFE5ONM48,,1,1,0,0.02,0,1,0,0,0,0,1,0,0,0,national
2025,WA,53005,Benton,549300O6Z0I6KYMESL47,AMWEST FUNDING CORP.,2,1,0,0.02,1,0,1,0,0,1,0,0,0,0,national
2025,WA,53005,Benton,549300PEWJWBNEOSS013,,1,1,0,0.02,1,0,0,0,0,1,0,0,0,0,national
2025,WA,53005,Benton,549300PL267CW8182203,,6,1,0,0.02,1,1,4,0,0,0,1,0,0,0,national
2025,WA,53005,Benton,549300PXIFIEPL7D7R86,,1,1,0,0.02,1,0,0,0,0,1,0,0,0,0,national
2025,WA,53005,Benton,549300Q3ROEQU3D1IW91,,11,1,7,0.02,11,0,0,0,0,1,0,0,0,0,national
2025,WA,53005,Benton,549300Q50XCC0473FG63,,5,1,4,0.02,5,0,0,0,0,1,0,0,0,0,national
2025,WA,53005,Benton,549300QCYEU2QLIWN517,,1,1,0,0.02,1,0,0,0,0,1,0,0,0,0,national
2025,WA,53005,Benton,549300QFP6J5QSZVF805,Eagle Bank and Trust Company,1,1,0,0.02,1,0,0,0,0,1,0,0,0,0,national
2025,WA,53005,Benton,549300R77W0P105C3S50,HOMEXPRESS MORTGAGE CORP.,3,1,2,0.02,3,0,0,0,0,1,0,0,0,0,national
2025,WA,53005,Benton,549300RFLICNI75BG067,Luminate Bank,1,1,0,0.02,1,0,0,0,0,1,0,0,0,0,national
2025,WA,53005,Benton,549300RKVDUINI2A8Y77,,1,1,0,0.02,1,0,0,0,0,1,0,0,0,0,national
2025,WA,53005,Benton,549300S5FVOSK5DQJN30,INTERCAP LENDING INC.,1,1,0,0.02,1,0,0,0,0,1,0,0,0,0,national
2025,WA,53005,Benton,549300T9P3WXNMXX0I34,Ixonia Bank,2,1,0,0.02,1,0,1,0,0,1,0,0,0,0,national
2025,WA,53005,Benton,549300TCY9QY8BRDQJ12,,1,1,0,0.02,1,0,0,0,0,1,0,0,0,0,national
2025,WA,53005,Benton,549300TDBTRK89DZRC13,Fibre Federal Credit Union,1,1,0,0.02,1,0,0,0,0,1,0,0,0,0,national
2025,WA,53005,Benton,549300U8DCOOTG96YM89,,1,1,0,0.02,1,0,0,0,0,1,0,0,0,0,national
2025,WA,53005,Benton,549300UXY7OP0IC38293,Northpointe Bank,2,1,1,0.02,0,1,1,0,0,0,0,1,0,0,national
2025,WA,53005,Benton,549300VEMK0LXVCRZM49,,1,1,0,0.02,1,0,0,0,0,1,0,0,0,0,national
2025,WA,53005,Benton,549300VMX06UV1F7NS76,,1,1,0,0.02,0,1,0,0,0,0,1,0,0,0,national
2025,WA,53005,Benton,549300XCVBRR56D08F03,,11,1,0,0.02,8,3,0,0,0,0,1,0,0,0,national
2025,WA,53005,Benton,549300XHPPLC0TBRV021,,1,1,0,0.02,0,1,0,0,0,0,1,0,0,0,national
2025,WA,53005,Benton,549300XQ7B5FIVUNFE29,VAN DYK MORTGAGE CORPORATION,1,1,0,0.02,0,1,0,0,0,0,1,0,0,0,national
2025,WA,53005,Benton,549300Y5Y88FQLI7VE83,DEEPHAVEN MORTGAGE LLC,4,1,3,0.02,4,0,0,0,0,1,0,0,0,0,national
2025,WA,53005,Benton,549300YEI60WAHWQ3110,KITSAP Credit Union,1,1,0,0.02,1,0,0,0,0,1,0,0,0,0,national
2025,WA,53005,Benton,549300ZIQ24V0C88AC41,GTE Federal Credit Union,1,1,0,0.02,1,0,0,0,0,1,0,0,0,0,national
2025,WA,53005,Benton,549300ZZME37MXI1EF14,"DAS ACQUISITION COMPANY, LLC",2,1,0,0.02,1,1,0,0,0,1,0,0,0,0,national
2025,WA,53005,Benton,9845005BP6974AE5D838,,1,1,0,0.02,1,0,0,0,0,1,0,0,0,0,national
2025,WA,53005,Benton,984500CD6F0743B8F530,,1,1,0,0.02,0,0,1,0,0,0,0,1,0,0,national
2025,WA,53005,Benton,984500F6E6940CCB6A60,,1,1,0,0.02,1,0,0,0,0,1,0,0,0,0,national
2025,WA,53005,Benton,B2S31CFVSWTN3FR00Q90,,1,1,0,0.02,1,0,0,0,0,1,0,0,0,0,national
2025,WA,53005,Benton,C398JSK21YCXWM603F55,"Barrington Bank & Trust Company, National Association",1,1,0,0.02,0,0,1,0,0,0,0,1,0,0,national
2025,WA,53005,Benton,D38AC76TAMYI50NBPX33,,2,1,0,0.02,2,0,0,0,0,1,0,0,0,0,national
2025,WA,53005,Benton,JJKC32MCHWDI71265Z06,Truist Bank,1,1,0,0.02,1,0,0,0,0,1,0,0,0,0,national
2025,WA,53005,Benton,QFROUN1UWUYU0DVIWD51,"Eagle Home Mortgage, LLC",2,1,0,0.02,2,0,0,0,0,1,0,0,0,0,national
2025,WA,53005,Benton,5493000YNV8IX4VD3X12,"VANDERBILT MORTGAGE AND FINANCE, INC.",8,0,5,0.0,8,0,0,0,0,0,0,0,0,0,national
2025,WA,53007,Chelan,549300N52O6FKUCU5G62,NUMERICA CREDIT UNION,245,132,84,7.59,240,5,0,0,0,129,3,0,0,0,national
2025,WA,53007,Chelan,54930060G4MDPWHISD89,EVERGREEN MONEYSOURCE MORTGAGE COMPANY,145,111,2,6.39,113,23,9,0,0,88,15,8,0,0,national
2025,WA,53007,Chelan,549300FGXN1K3HLB1R50,"Rocket Mortgage, LLC",145,103,31,5.93,131,9,5,0,0,90,8,5,0,0,national
2025,WA,53007,Chelan,549300HW662MN1WU8550,"United Wholesale Mortgage, LLC",114,88,13,5.06,80,15,19,0,0,64,8,16,0,0,national
2025,WA,53007,Chelan,549300KM40FP4MSQU941,Boeing Employees Credit Union,128,84,27,4.83,125,1,2,0,0,82,1,1,0,0,national
2025,WA,53007,Chelan,WE0I402RW25AU38DTI13,Banner Bank,143,78,33,4.49,138,3,2,0,0,74,2,2,0,0,national
2025,WA,53007,Chelan,5493001B4U37VT2ML818,GESA CREDIT UNION,113,73,24,4.2,111,1,1,0,0,73,0,0,0,0,national
2025,WA,53007,Chelan,549300AQ3T62GXDU7D76,GUILD MORTGAGE COMPANY LLC,126,73,2,4.2,95,20,10,1,0,56,11,5,1,0,national
2025,WA,53007,Chelan,549300ESRQ6OLBB56N04,Glacier Bank,104,72,14,4.14,97,6,1,0,0,66,5,1,0,0,national
2025,WA,53007,Chelan,549300DU4JZVSGF3G964,,100,70,11,4.03,100,0,0,0,0,70,0,0,0,0,national
2025,WA,53007,Chelan,5493001VH4ZJNSI25781,Peoples Bank,100,51,22,2.93,98,1,1,0,0,50,1,0,0,0,national
2025,WA,53007,Chelan,549300DD4R4SYK5RAQ92,"MOVEMENT MORTGAGE, LLC",74,51,4,2.93,63,7,4,0,0,43,7,1,0,0,national
2025,WA,53007,Chelan,549300VZVN841I2ILS84,"CROSSCOUNTRY MORTGAGE, LLC",68,45,3,2.59,59,6,3,0,0,37,5,3,0,0,national
2025,WA,53007,Chelan,5493002Y5XYV7DV1ZV88,"GOLD STAR MORTGAGE FINANCIAL GROUP, CORPORATION",54,33,2,1.9,36,17,1,0,0,19,13,1,0,0,national
2025,WA,53007,Chelan,549300AG64NHILB7ZP05,"LOANDEPOT.COM, LLC",44,30,9,1.73,32,7,5,0,0,21,5,4,0,0,national
2025,WA,53007,Chelan,549300GKFNPRWNS0GF29,"AmeriHome Mortgage Company, LLC",39,27,2,1.55,33,0,4,2,0,21,0,4,2,0,national
2025,WA,53007,Chelan,6BYL5QZYBDK8S7L73M02,U.S. Bank National Association,49,25,15,1.44,49,0,0,0,0,25,0,0,0,0,national
2025,WA,53007,Chelan,549300FNXYY540N23N64,Newrez LLC,51,24,6,1.38,40,9,2,0,0,18,4,2,0,0,national
2025,WA,53007,Chelan,7H6GLXDRUGQFU57RNE97,"JPMorgan Chase Bank, National Association",33,24,3,1.38,32,1,0,0,0,24,0,0,0,0,national
2025,WA,53007,Chelan,549300121SF0K2LN2804,"PRIMELENDING, A PLAINSCAPITAL COMPANY",35,22,1,1.27,24,11,0,0,0,13,9,0,0,0,national
2025,WA,53007,Chelan,549300P2GEYNMH5OQA71,WASHINGTON TRUST BANK,43,20,15,1.15,39,4,0,0,0,17,3,0,0,0,national
2025,WA,53007,Chelan,RVDPPPGHCGZ40J4VQ731,"PENNYMAC LOAN SERVICES, LLC",39,17,7,0.98,33,5,1,0,0,14,3,0,0,0,national
2025,WA,53007,Chelan,549300U3721PJGQZYY68,"GUARANTEED RATE, INC.",27,16,1,0.92,27,0,0,0,0,16,0,0,0,0,national
2025,WA,53007,Chelan,IFQSIUC9AGQV2NE8CN25,Columbia Bank,19,14,3,0.81,17,2,0,0,0,12,2,0,0,0,national
2025,WA,53007,Chelan,254900DTLHVWQ7NP7R34,"CMG Mortgage, Inc.",16,13,1,0.75,15,0,1,0,0,13,0,0,0,0,national
2025,WA,53007,Chelan,KB1H1DSPRFMYMCUFXT09,"Wells Fargo Bank, National Association",18,12,1,0.69,17,1,0,0,0,11,1,0,0,0,national
2025,WA,53007,Chelan,5493003GQDUH26DNNH17,Navy Federal Credit Union,20,11,1,0.63,15,0,5,0,0,9,0,2,0,0,national
2025,WA,53007,Chelan,549300T94GSH3C4U5M59,ALLIANT CREDIT UNION,19,10,7,0.58,19,0,0,0,0,10,0,0,0,0,national
2025,WA,53007,Chelan,549300CY7WNAHKHYSJ73,"CORNERSTONE CAPITAL BANK, SSB",16,9,0,0.52,13,3,0,0,0,9,0,0,0,0,national
2025,WA,53007,Chelan,549300DD5QQUHO6PCH70,"MORTGAGE RESEARCH CENTER, LLC",27,9,5,0.52,4,0,23,0,0,0,0,9,0,0,national
2025,WA,53007,Chelan,549300LBCBNR1OT00651,NATIONSTAR MORTGAGE LLC,14,9,4,0.52,13,0,1,0,0,9,0,0,0,0,national
2025,WA,53007,Chelan,549300LYRWPSYPK6S325,FREEDOM MORTGAGE CORPORATION,31,9,1,0.52,5,15,11,0,0,2,3,4,0,0,national
2025,WA,53007,Chelan,549300ZWNETGFXTBBY03,"CANOPY MORTGAGE, LLC",16,9,1,0.52,7,7,2,0,0,5,3,1,0,0,national
2025,WA,53007,Chelan,B4TYDEB6GKMZO031MB27,"Bank of America, National Association",26,9,5,0.52,26,0,0,0,0,9,0,0,0,0,national
2025,WA,53007,Chelan,549300WJIJV987NXVC31,,12,8,1,0.46,10,2,0,0,0,6,2,0,0,0,national
2025,WA,53007,Chelan,5493009HUMWCHFRDKF12,SAMMAMISH MORTGAGE COMPANY,13,7,1,0.4,13,0,0,0,0,7,0,0,0,0,national
2025,WA,53007,Chelan,549300TUSRLWD8ETNR90,SPOKANE TEACHERS,9,7,2,0.4,9,0,0,0,0,7,0,0,0,0,national
2025,WA,53007,Chelan,5493000FWM3I2HHQY149,WASHINGTON STATE EMPLOYEES CREDIT UNION,12,6,5,0.35,12,0,0,0,0,6,0,0,0,0,national
2025,WA,53007,Chelan,5493008CPTDVOS570626,"Primary Residential Mortgage, Inc.",14,6,5,0.35,14,0,0,0,0,6,0,0,0,0,national
2025,WA,53007,Chelan,549300CB67L6KPJLHE19,"TRIAD FINANCIAL SERVICES, INC.",16,6,10,0.35,16,0,0,0,0,6,0,0,0,0,national
2025,WA,53007,Chelan,549300GGB04TG4AH1377,,11,6,2,0.35,11,0,0,0,0,6,0,0,0,0,national
2025,WA,53007,Chelan,549300MGPZBLQDIL7538,FAIRWAY INDEPENDENT MORTGAGE CORPORATION,10,6,1,0.35,7,2,1,0,0,5,0,1,0,0,national
2025,WA,53007,Chelan,549300MZ8VZJOVC63092,"KIND LENDING, LLC",11,6,3,0.35,9,1,1,0,0,5,1,0,0,0,national
2025,WA,53007,Chelan,549300OPCWU6E72WUT29,"MUTUAL OF OMAHA MORTGAGE, INC.",8,6,1,0.35,2,6,0,0,0,2,4,0,0,0,national
2025,WA,53007,Chelan,549300PIL8LFAQ04XC20,Better Mortgage Corporation,17,6,10,0.35,17,0,0,0,0,6,0,0,0,0,national
2025,WA,53007,Chelan,C5654JQHZUHN0772B561,USAA Federal Savings Bank,10,6,0,0.35,5,0,5,0,0,4,0,2,0,0,national
2025,WA,53007,Chelan,254900UL88QFG0E40516,FIGURE LENDING LLC,12,5,6,0.29,12,0,0,0,0,5,0,0,0,0,national
2025,WA,53007,Chelan,5493001GCBD5XGNIC815,Coastal Community Bank,17,5,1,0.29,17,0,0,0,0,5,0,0,0,0,national
2025,WA,53007,Chelan,54930043BMDE130FJ617,"PROVIDENT FUNDING ASSOCIATES, L.P.",6,5,0,0.29,6,0,0,0,0,5,0,0,0,0,national
2025,WA,53007,Chelan,54930049L5WINET09Q97,"CLICK N' CLOSE, INC.",5,5,0,0.29,3,2,0,0,0,3,2,0,0,0,national
2025,WA,53007,Chelan,549300E2UX99HKDBR481,"NEW AMERICAN FUNDING, LLC",24,5,3,0.29,15,8,1,0,0,4,0,1,0,0,national
2025,WA,53007,Chelan,549300KIOYNU323LVJ37,AMERICAN PACIFIC MORTGAGE CORPORATION,14,5,1,0.29,12,2,0,0,0,5,0,0,0,0,national
2025,WA,53007,Chelan,549300Q02LGIN9AXKP98,FIRST TECHNOLOGY FEDERAL CREDIT UNION,6,5,1,0.29,6,0,0,0,0,5,0,0,0,0,national
2025,WA,53007,Chelan,549300Q3ROEQU3D1IW91,,9,5,2,0.29,9,0,0,0,0,5,0,0,0,0,national
2025,WA,53007,Chelan,549300XY701IELCE5Q08,BETTER MORTGAGE CORPORATION,22,5,5,0.29,20,2,0,0,0,5,0,0,0,0,national
2025,WA,53007,Chelan,2549001SI0EMFPT39035,"Cornerstone First Mortgage, Inc",5,4,0,0.23,4,1,0,0,0,3,1,0,0,0,national
2025,WA,53007,Chelan,25490066WMF8ZMQXQB18,"Lendage, LLC",6,4,2,0.23,6,0,0,0,0,4,0,0,0,0,national
2025,WA,53007,Chelan,254900ZFWS2106HWPH46,"PARAMOUNT RESIDENTIAL MORTGAGE GROUP, INC.",8,4,0,0.23,6,2,0,0,0,3,1,0,0,0,national
2025,WA,53007,Chelan,549300GS0W0TEUQS8571,"Morgan Stanley Private Bank, National Association",4,4,0,0.23,4,0,0,0,0,4,0,0,0,0,national
2025,WA,53007,Chelan,549300INFJ8TYNZ1G568,,4,4,0,0.23,4,0,0,0,0,4,0,0,0,0,national
2025,WA,53007,Chelan,549300LROQOOQU77WS20,,8,4,1,0.23,7,1,0,0,0,3,1,0,0,0,national
2025,WA,53007,Chelan,549300MCIFZSDHUT8X63,"NFM, INC.",4,4,0,0.23,2,1,1,0,0,2,1,1,0,0,national
2025,WA,53007,Chelan,549300NWBS6MQJX15N44,,7,4,2,0.23,6,0,1,0,0,3,0,1,0,0,national
2025,WA,53007,Chelan,549300WHVRE44NRBU558,,10,4,4,0.23,5,5,0,0,0,2,2,0,0,0,national
2025,WA,53007,Chelan,D38AC76TAMYI50NBPX33,,11,4,3,0.23,11,0,0,0,0,4,0,0,0,0,national
2025,WA,53007,Chelan,HUX2X73FUCYHUVH1BK78,KeyBank National Association,7,4,1,0.23,7,0,0,0,0,4,0,0,0,0,national
2025,WA,53007,Chelan,PAOOWF3GUFM46FBSP561,,7,4,0,0.23,3,4,0,0,0,1,3,0,0,0,national
2025,WA,53007,Chelan,X05BVSK68TQ7YTOSNR22,Discover Bank,9,4,4,0.23,9,0,0,0,0,4,0,0,0,0,national
2025,WA,53007,Chelan,254900E6AIE4Z8YQM970,Citadel Servicing Corporation,3,3,0,0.17,3,0,0,0,0,3,0,0,0,0,national
2025,WA,53007,Chelan,254900HEJ9F73IMPX887,,6,3,1,0.17,6,0,0,0,0,3,0,0,0,0,national
2025,WA,53007,Chelan,254900WT4HAMDFWH3048,,3,3,0,0.17,0,3,0,0,0,0,3,0,0,0,national
2025,WA,53007,Chelan,5493001WHVQBGRSWEU75,"HOMEBRIDGE FINANCIAL SERVICES, INC.",5,3,2,0.17,3,0,2,0,0,3,0,0,0,0,national
2025,WA,53007,Chelan,5493003T5D4N1CM46J77,1st Security Bank of Washington,4,3,0,0.17,4,0,0,0,0,3,0,0,0,0,national
2025,WA,53007,Chelan,549300B4IYL7TZT8FA34,"PREMIER MORTGAGE RESOURCES, L.L.C.",4,3,0,0.17,3,1,0,0,0,2,1,0,0,0,national
2025,WA,53007,Chelan,549300G4ESSS6M0MEG51,ORIGINPOINT LLC,4,3,0,0.17,4,0,0,0,0,3,0,0,0,0,national
2025,WA,53007,Chelan,549300KDR80I1ELW8D36,,8,3,2,0.17,8,0,0,0,0,3,0,0,0,0,national
2025,WA,53007,Chelan,549300MHH03ICJYEPE85,,4,3,1,0.17,0,4,0,0,0,0,3,0,0,0,national
2025,WA,53007,Chelan,549300QKL5FUBZ8LSF50,"NATIONS DIRECT MORTGAGE, LLC",3,3,0,0.17,3,0,0,0,0,3,0,0,0,0,national
2025,WA,53007,Chelan,549300S5YL3OH0IVCS62,FINANCE OF AMERICA REVERSE LLC,4,3,0,0.17,0,4,0,0,0,0,3,0,0,0,national
2025,WA,53007,Chelan,549300U8DCOOTG96YM89,,3,3,0,0.17,3,0,0,0,0,3,0,0,0,0,national
2025,WA,53007,Chelan,549300UR5AOWTJJ7KZ64,,8,3,0,0.17,8,0,0,0,0,3,0,0,0,0,national
2025,WA,53007,Chelan,549300XCVBRR56D08F03,,7,3,1,0.17,7,0,0,0,0,3,0,0,0,0,national
2025,WA,53007,Chelan,AD6GFRVSDT01YPT1CS68,"PNC Bank, National Association",5,3,0,0.17,5,0,0,0,0,3,0,0,0,0,national
2025,WA,53007,Chelan,CKVBED0S4DMLKJJ5XH28,Stifel Bank and Trust,3,3,0,0.17,3,0,0,0,0,3,0,0,0,0,national
2025,WA,53007,Chelan,2549002VH9C0PKB8K153,,2,2,0,0.12,2,0,0,0,0,2,0,0,0,0,national
2025,WA,53007,Chelan,2549008TT6UNYR7AXF54,"Sunflower Bank, National Association",3,2,1,0.12,3,0,0,0,0,2,0,0,0,0,national
2025,WA,53007,Chelan,254900BMXWPEHXG4LF21,,2,2,0,0.12,2,0,0,0,0,2,0,0,0,0,national
2025,WA,53007,Chelan,254900NZOY3XB2DNSZ34,,2,2,0,0.12,2,0,0,0,0,2,0,0,0,0,national
2025,WA,53007,Chelan,254900O28OG3UMHXQY81,,3,2,0,0.12,3,0,0,0,0,2,0,0,0,0,national
2025,WA,53007,Chelan,254900QPRPHIXEAX3L37,,3,2,0,0.12,3,0,0,0,0,2,0,0,0,0,national
2025,WA,53007,Chelan,254900TG14TB8RKS3U42,,2,2,0,0.12,0,2,0,0,0,0,2,0,0,0,national
2025,WA,53007,Chelan,5493001X0T84TYRJ5Y59,,2,2,0,0.12,2,0,0,0,0,2,0,0,0,0,national
2025,WA,53007,Chelan,54930021QRU8VXNS6152,Sound Credit Union,3,2,0,0.12,3,0,0,0,0,2,0,0,0,0,national
2025,WA,53007,Chelan,54930025XJJO3T0M1A92,,2,2,0,0.12,2,0,0,0,0,2,0,0,0,0,national
2025,WA,53007,Chelan,5493004F7BXDIUFVPV87,,2,2,0,0.12,2,0,0,0,0,2,0,0,0,0,national
2025,WA,53007,Chelan,5493008ZTV4S0W9DCX64,,2,2,0,0.12,1,1,0,0,0,1,1,0,0,0,national
2025,WA,53007,Chelan,549300AG10BX85DF5S49,MLD MORTGAGE INC.,2,2,0,0.12,2,0,0,0,0,2,0,0,0,0,national
2025,WA,53007,Chelan,549300I1HK1BBZLKOB84,,2,2,0,0.12,2,0,0,0,0,2,0,0,0,0,national
2025,WA,53007,Chelan,549300KJ8PAJ7E52HG32,Plains Commerce Bank,2,2,0,0.12,2,0,0,0,0,2,0,0,0,0,national
2025,WA,53007,Chelan,549300KSOOZZVXCMA627,ANGEL OAK MORTGAGE SOLUTIONS LLC,3,2,0,0.12,3,0,0,0,0,2,0,0,0,0,national
2025,WA,53007,Chelan,549300KTR1JGH3K6LU06,FOURLEAF,4,2,1,0.12,4,0,0,0,0,2,0,0,0,0,national
2025,WA,53007,Chelan,549300KX4S1573HISS22,,4,2,0,0.12,4,0,0,0,0,2,0,0,0,0,national
2025,WA,53007,Chelan,549300LLESTPOVRG3X73,,2,2,0,0.12,2,0,0,0,0,2,0,0,0,0,national
2025,WA,53007,Chelan,549300NOCASXPA34X033,"LAKEVIEW LOAN SERVICING, LLC",11,2,5,0.12,4,6,1,0,0,0,2,0,0,0,national
2025,WA,53007,Chelan,549300Q50XCC0473FG63,,3,2,0,0.12,3,0,0,0,0,2,0,0,0,0,national
2025,WA,53007,Chelan,549300RN01LBYR8ZVX74,"LOWER, LLC",2,2,0,0.12,0,1,1,0,0,0,1,1,0,0,national
2025,WA,53007,Chelan,549300RPOGWJRH63HS39,UNION HOME MORTGAGE CORP.,2,2,0,0.12,2,0,0,0,0,2,0,0,0,0,national
2025,WA,53007,Chelan,549300S5FVOSK5DQJN30,INTERCAP LENDING INC.,2,2,0,0.12,1,0,1,0,0,1,0,1,0,0,national
2025,WA,53007,Chelan,549300UHEEV73TKCZY62,,4,2,2,0.12,4,0,0,0,0,2,0,0,0,0,national
2025,WA,53007,Chelan,549300VORTI31GZTJL53,"CARDINAL FINANCIAL COMPANY, LIMITED PARTNERSHIP",3,2,0,0.12,3,0,0,0,0,2,0,0,0,0,national
2025,WA,53007,Chelan,549300VQUTI5IU7GXT57,SECURITYNATIONAL MORTGAGE COMPANY,2,2,0,0.12,1,1,0,0,0,1,1,0,0,0,national
2025,WA,53007,Chelan,549300YIQ7S7Z8PIHE53,AMERISAVE MORTGAGE CORPORATION,21,2,14,0.12,16,3,2,0,0,2,0,0,0,0,national
2025,WA,53007,Chelan,549300ZBXINP1Y94CN02,,2,2,0,0.12,2,0,0,0,0,2,0,0,0,0,national
2025,WA,53007,Chelan,549300ZIQ24V0C88AC41,GTE Federal Credit Union,4,2,2,0.12,4,0,0,0,0,2,0,0,0,0,national
2025,WA,53007,Chelan,549300ZPSJZO10ZAX556,"AMERICAN HERITAGE LENDING, LLC",2,2,0,0.12,2,0,0,0,0,2,0,0,0,0,national
2025,WA,53007,Chelan,01KWVG908KE7RKPTNP46,HomeStreet Bank,1,1,0,0.06,1,0,0,0,0,1,0,0,0,0,national
2025,WA,53007,Chelan,213800XR2TCBQJSF1X93,,3,1,0,0.06,3,0,0,0,0,1,0,0,0,0,national
2025,WA,53007,Chelan,25490018IFQOT83Q7H49,,1,1,0,0.06,1,0,0,0,0,1,0,0,0,0,national
2025,WA,53007,Chelan,2549004XJQQPBYQSMT39,,1,1,0,0.06,1,0,0,0,0,1,0,0,0,0,national
2025,WA,53007,Chelan,2549005SIVTHG14U2905,A&D Mortgage LLC,3,1,0,0.06,3,0,0,0,0,1,0,0,0,0,national
2025,WA,53007,Chelan,2549007IU6SKFLLNKZ07,,1,1,0,0.06,0,1,0,0,0,0,1,0,0,0,national
2025,WA,53007,Chelan,254900HO9WPE4LTLQU96,,1,1,0,0.06,1,0,0,0,0,1,0,0,0,0,national
2025,WA,53007,Chelan,254900LTD432L5CHIZ48,,1,1,0,0.06,1,0,0,0,0,1,0,0,0,0,national
2025,WA,53007,Chelan,254900N133DZGPB2X985,,1,1,0,0.06,1,0,0,0,0,1,0,0,0,0,national
2025,WA,53007,Chelan,254900RUCO27MVGTO768,LOAN FUNDER LLC,1,1,0,0.06,1,0,0,0,0,1,0,0,0,0,national
2025,WA,53007,Chelan,254900WEP08K7U7S3A80,,2,1,1,0.06,0,1,1,0,0,0,0,1,0,0,national
2025,WA,53007,Chelan,2WHM8VNJH63UN14OL754,The Huntington National Bank,1,1,0,0.06,1,0,0,0,0,1,0,0,0,0,national
2025,WA,53007,Chelan,3Y4U8VZURTYWI1W2K376,BMO Bank National Association,2,1,0,0.06,2,0,0,0,0,1,0,0,0,0,national
2025,WA,53007,Chelan,5493000349C5XXDRQX28,,1,1,0,0.06,1,0,0,0,0,1,0,0,0,0,national
2025,WA,53007,Chelan,54930007KK7ZS3IJVC25,RED CANOE CREDIT UNION,1,1,0,0.06,1,0,0,0,0,1,0,0,0,0,national
2025,WA,53007,Chelan,5493000BAKE4VAHVCU55,,1,1,0,0.06,1,0,0,0,0,1,0,0,0,0,national
2025,WA,53007,Chelan,5493000IIYWBLONJVJ30,,3,1,0,0.06,3,0,0,0,0,1,0,0,0,0,national
2025,WA,53007,Chelan,5493000NYUJT9UC6G261,LEADERONE FINANCIAL CORPORATION,1,1,0,0.06,1,0,0,0,0,1,0,0,0,0,national
2025,WA,53007,Chelan,5493001JT9MT3Z3Y3M39,,1,1,0,0.06,1,0,0,0,0,1,0,0,0,0,national
2025,WA,53007,Chelan,5493001PXRJMPLXPG540,IDAHO CENTRAL CREDIT UNION,7,1,4,0.06,7,0,0,0,0,1,0,0,0,0,national
2025,WA,53007,Chelan,5493001YIUWLFRXQUO81,,1,1,0,0.06,1,0,0,0,0,1,0,0,0,0,national
2025,WA,53007,Chelan,54930021WPEXNHYZUL09,"PLANET HOME LENDING, LLC",2,1,0,0.06,2,0,0,0,0,1,0,0,0,0,national
2025,WA,53007,Chelan,5493002B2WMHY23GFK92,"AMERICAN FINANCIAL RESOURCES, INC.",2,1,0,0.06,1,0,1,0,0,0,0,1,0,0,national
2025,WA,53007,Chelan,54930030Z1JWTP3SVD16,,1,1,0,0.06,1,0,0,0,0,1,0,0,0,0,national
2025,WA,53007,Chelan,549300370QILXLFUWD20,"ZILLOW HOME LOANS, LLC",1,1,0,0.06,1,0,0,0,0,1,0,0,0,0,national
2025,WA,53007,Chelan,5493003NV9L53LK1XI52,,1,1,0,0.06,1,0,0,0,0,1,0,0,0,0,national
2025,WA,53007,Chelan,5493004AS1SPBQOFDR49,"Change Lending, LLC",1,1,0,0.06,0,1,0,0,0,0,1,0,0,0,national
2025,WA,53007,Chelan,54930052M48FOD3CWA54,"PRIMARY RESIDENTIAL MORTGAGE, INC.",3,1,1,0.06,2,1,0,0,0,1,0,0,0,0,national
2025,WA,53007,Chelan,54930054ET8KM4O1D485,"SOFI BANK, NATIONAL ASSOCIATION",10,1,1,0.06,10,0,0,0,0,1,0,0,0,0,national
2025,WA,53007,Chelan,5493006S869XKIESMV41,Mountain America Federal Credit Union,2,1,0,0.06,2,0,0,0,0,1,0,0,0,0,national
2025,WA,53007,Chelan,54930078TNN7GKZ7NU89,,1,1,0,0.06,1,0,0,0,0,1,0,0,0,0,national
2025,WA,53007,Chelan,5493007VW2EU20PZYU97,INSPIRE HOME LOANS INC.,1,1,0,0.06,0,0,1,0,0,0,0,1,0,0,national
2025,WA,53007,Chelan,5493008NWHQT1R22C024,"AMERICAN FINANCIAL NETWORK, INC.",2,1,1,0.06,0,2,0,0,0,0,1,0,0,0,national
2025,WA,53007,Chelan,5493008SP1FN4D81IS17,,1,1,0,0.06,1,0,0,0,0,1,0,0,0,0,national
2025,WA,53007,Chelan,5493008VVXQIDO1EZ460,"SUMMIT FUNDING, INC.",1,1,0,0.06,0,1,0,0,0,0,1,0,0,0,national
2025,WA,53007,Chelan,5493009B17HXCVXTD608,"JMAC LENDING, INC.",1,1,0,0.06,1,0,0,0,0,1,0,0,0,0,national
2025,WA,53007,Chelan,5493009QB0KBU5M6NP90,,1,1,0,0.06,1,0,0,0,0,1,0,0,0,0,national
2025,WA,53007,Chelan,549300A5HHOL2ED18C72,,1,1,0,0.06,1,0,0,0,0,1,0,0,0,0,national
2025,WA,53007,Chelan,549300ALNLUNS3Y53T24,AMERICAN FINANCING CORPORATION,7,1,3,0.06,4,3,0,0,0,1,0,0,0,0,national
2025,WA,53007,Chelan,549300CLRXFVF83ZL806,"NATIONWIDE MORTGAGE BANKERS, INC.",1,1,0,0.06,0,1,0,0,0,0,1,0,0,0,national
2025,WA,53007,Chelan,549300COIWXM618UBE82,HomeTrust Bank,1,1,0,0.06,1,0,0,0,0,1,0,0,0,0,national
2025,WA,53007,Chelan,549300DK7QID2ZON6Q55,Global Federal Credit Union,1,1,0,0.06,0,1,0,0,0,0,1,0,0,0,national
2025,WA,53007,Chelan,549300EKFFG3BU8DNX74,NEXERA HOLDING LLC,1,1,0,0.06,1,0,0,0,0,1,0,0,0,0,national
2025,WA,53007,Chelan,549300ELLMUEKP1JHB70,,1,1,0,0.06,0,1,0,0,0,0,1,0,0,0,national
2025,WA,53007,Chelan,549300FX7K8PTEQUU487,PENTAGON FEDERAL CREDIT UNION,3,1,1,0.06,3,0,0,0,0,1,0,0,0,0,national
2025,WA,53007,Chelan,549300GTVXJ2PGXNLM73,T2 FINANCIAL LLC,1,1,0,0.06,1,0,0,0,0,1,0,0,0,0,national
2025,WA,53007,Chelan,549300GWD9H4FQ2VR805,,2,1,1,0.06,2,0,0,0,0,1,0,0,0,0,national
2025,WA,53007,Chelan,549300IEP77RKJ87Z176,OREGON COMMUNITY,1,1,0,0.06,1,0,0,0,0,1,0,0,0,0,national
2025,WA,53007,Chelan,549300JYXTZDSPJEPI44,"PLAZA HOME MORTGAGE, INC.",3,1,2,0.06,2,1,0,0,0,1,0,0,0,0,national
2025,WA,53007,Chelan,549300JZD4L02YZI3Z50,NJ LENDERS CORP.,1,1,0,0.06,1,0,0,0,0,1,0,0,0,0,national
2025,WA,53007,Chelan,549300K4ZLGS7SRDTL86,Equity Prime Mortgage LLC,1,1,0,0.06,1,0,0,0,0,1,0,0,0,0,national
2025,WA,53007,Chelan,549300K6K2IS7FRS7S09,,1,1,0,0.06,1,0,0,0,0,1,0,0,0,0,national
2025,WA,53007,Chelan,549300KHXD7JSQUZIJ22,"HIGHLANDS RESIDENTIAL MORTGAGE, LTD.",2,1,0,0.06,1,1,0,0,0,1,0,0,0,0,national
2025,WA,53007,Chelan,549300LGE7I6F2K89769,,1,1,0,0.06,1,0,0,0,0,1,0,0,0,0,national
2025,WA,53007,Chelan,549300OTNSBY6RS8HU51,,1,1,0,0.06,1,0,0,0,0,1,0,0,0,0,national
2025,WA,53007,Chelan,549300PBTV7FCWLSMM53,"MORTGAGE SOLUTIONS OF COLORADO, LLC",1,1,0,0.06,0,0,1,0,0,0,0,1,0,0,national
2025,WA,53007,Chelan,549300Q6YL1SFVPEGV90,,1,1,0,0.06,1,0,0,0,0,1,0,0,0,0,national
2025,WA,53007,Chelan,549300R9S3MVDV4MGF56,"CARRINGTON MORTGAGE SERVICES, LLC",7,1,5,0.06,4,2,1,0,0,1,0,0,0,0,national
2025,WA,53007,Chelan,549300RFSMIRUODUVW59,First Interstate Bank,1,1,0,0.06,1,0,0,0,0,1,0,0,0,0,national
2025,WA,53007,Chelan,549300SUCQ1358EGVE89,"NEW DAY FINANCIAL, LLC",7,1,2,0.06,0,1,6,0,0,0,0,1,0,0,national
2025,WA,53007,Chelan,549300TMY3OACQC9U777,,2,1,0,0.06,2,0,0,0,0,1,0,0,0,0,national
2025,WA,53007,Chelan,549300UT4EN6IH579Q63,"RIGHT START MORTGAGE, INC.",1,1,0,0.06,1,0,0,0,0,1,0,0,0,0,national
2025,WA,53007,Chelan,549300VCMRO4ST680C11,VILLAGE CAPITAL & INVESTMENT LLC,1,1,0,0.06,0,0,1,0,0,0,0,1,0,0,national
2025,WA,53007,Chelan,549300XHPPLC0TBRV021,,1,1,0,0.06,1,0,0,0,0,1,0,0,0,0,national
2025,WA,53007,Chelan,549300YD7XJM19TH5O82,CITIZENS EQUITY FIRST CREDIT UNION,1,1,0,0.06,1,0,0,0,0,1,0,0,0,0,national
2025,WA,53007,Chelan,549300YEI60WAHWQ3110,KITSAP Credit Union,2,1,1,0.06,2,0,0,0,0,1,0,0,0,0,national
2025,WA,53007,Chelan,9845005BP6974AE5D838,,1,1,0,0.06,1,0,0,0,0,1,0,0,0,0,national
2025,WA,53007,Chelan,984500U2F9A83N391A91,"CHAMPIONS FUNDING, LLC",1,1,0,0.06,1,0,0,0,0,1,0,0,0,0,national
2025,WA,53007,Chelan,DRMSV1Q0EKMEXLAU1P80,"Citizens Bank, National Association",1,1,0,0.06,1,0,0,0,0,1,0,0,0,0,national
2025,WA,53007,Chelan,Q708HHR4LD2B7XIZNO92,First Federal Bank,1,1,0,0.06,1,0,0,0,0,1,0,0,0,0,national
2025,WA,53007,Chelan,WWB2V0FCW3A0EE3ZJN75,Manufacturers and Traders Trust Company,1,1,0,0.06,1,0,0,0,0,1,0,0,0,0,national
2025,WA,53007,Chelan,ZXMJHJK466PBZTM5F379,,1,1,0,0.06,1,0,0,0,0,1,0,0,0,0,national
2025,WA,53007,Chelan,549300BX448ALT10FI43,The Federal Savings Bank,11,0,1,0.0,3,1,7,0,0,0,0,0,0,0,national
2025,WA,53007,Chelan,SS1TRMSN6BRNMOREEV51,"Flagstar Bank, National Association",5,0,3,0.0,4,1,0,0,0,0,0,0,0,0,national
2025,WA,53009,Clallam,549300HW662MN1WU8550,"United Wholesale Mortgage, LLC",199,163,12,9.65,128,23,47,1,0,104,18,40,1,0,national
2025,WA,53009,Clallam,549300KHXD7JSQUZIJ22,"HIGHLANDS RESIDENTIAL MORTGAGE, LTD.",134,112,1,6.63,104,18,9,3,0,88,15,6,3,0,national
2025,WA,53009,Clallam,549300VZVN841I2ILS84,"CROSSCOUNTRY MORTGAGE, LLC",141,98,3,5.8,84,37,18,2,0,58,26,13,1,0,national
2025,WA,53009,Clallam,549300XW2H531FLD3I90,,133,87,13,5.15,128,0,3,2,0,82,0,3,2,0,national
2025,WA,53009,Clallam,549300FGXN1K3HLB1R50,"Rocket Mortgage, LLC",137,85,28,5.03,106,21,10,0,0,68,12,5,0,0,national
2025,WA,53009,Clallam,549300ZWNETGFXTBBY03,"CANOPY MORTGAGE, LLC",100,83,0,4.91,76,16,8,0,0,65,14,4,0,0,national
2025,WA,53009,Clallam,549300U8DCOOTG96YM89,,95,69,20,4.09,95,0,0,0,0,69,0,0,0,0,national
2025,WA,53009,Clallam,549300KM40FP4MSQU941,Boeing Employees Credit Union,86,50,21,2.96,86,0,0,0,0,50,0,0,0,0,national
2025,WA,53009,Clallam,549300FNXYY540N23N64,Newrez LLC,108,46,10,2.72,75,17,16,0,0,34,5,7,0,0,national
2025,WA,53009,Clallam,RVDPPPGHCGZ40J4VQ731,"PENNYMAC LOAN SERVICES, LLC",58,36,4,2.13,37,6,14,1,0,27,3,6,0,0,national
2025,WA,53009,Clallam,5493003T5D4N1CM46J77,1st Security Bank of Washington,43,30,7,1.78,36,7,0,0,0,26,4,0,0,0,national
2025,WA,53009,Clallam,5493003GQDUH26DNNH17,Navy Federal Credit Union,49,26,4,1.54,32,0,17,0,0,14,0,12,0,0,national
2025,WA,53009,Clallam,549300DD5QQUHO6PCH70,"MORTGAGE RESEARCH CENTER, LLC",55,26,7,1.54,5,0,50,0,0,2,0,24,0,0,national
2025,WA,53009,Clallam,254900DTLHVWQ7NP7R34,"CMG Mortgage, Inc.",29,24,1,1.42,28,1,0,0,0,24,0,0,0,0,national
2025,WA,53009,Clallam,54930060G4MDPWHISD89,EVERGREEN MONEYSOURCE MORTGAGE COMPANY,32,24,1,1.42,24,8,0,0,0,16,8,0,0,0,national
2025,WA,53009,Clallam,549300RN01LBYR8ZVX74,"LOWER, LLC",34,24,2,1.42,27,6,1,0,0,18,5,1,0,0,national
2025,WA,53009,Clallam,549300DD4R4SYK5RAQ92,"MOVEMENT MORTGAGE, LLC",40,23,4,1.36,33,4,3,0,0,20,1,2,0,0,national
2025,WA,53009,Clallam,7H6GLXDRUGQFU57RNE97,"JPMorgan Chase Bank, National Association",37,23,2,1.36,36,1,0,0,0,23,0,0,0,0,national
2025,WA,53009,Clallam,6BYL5QZYBDK8S7L73M02,U.S. Bank National Association,44,22,17,1.3,44,0,0,0,0,22,0,0,0,0,national
2025,WA,53009,Clallam,2549001SI0EMFPT39035,"Cornerstone First Mortgage, Inc",22,21,1,1.24,15,7,0,0,0,14,7,0,0,0,national
2025,WA,53009,Clallam,IFQSIUC9AGQV2NE8CN25,Columbia Bank,34,21,8,1.24,32,2,0,0,0,19,2,0,0,0,national
2025,WA,53009,Clallam,549300LYRWPSYPK6S325,FREEDOM MORTGAGE CORPORATION,44,20,3,1.18,8,13,23,0,0,5,6,9,0,0,national
2025,WA,53009,Clallam,549300MGPZBLQDIL7538,FAIRWAY INDEPENDENT MORTGAGE CORPORATION,28,20,1,1.18,22,5,1,0,0,15,4,1,0,0,national
2025,WA,53009,Clallam,549300AG64NHILB7ZP05,"LOANDEPOT.COM, LLC",31,16,5,0.95,26,4,1,0,0,12,3,1,0,0,national
2025,WA,53009,Clallam,549300LBCBNR1OT00651,NATIONSTAR MORTGAGE LLC,23,16,3,0.95,21,0,2,0,0,15,0,1,0,0,national
2025,WA,53009,Clallam,549300E2UX99HKDBR481,"NEW AMERICAN FUNDING, LLC",30,15,1,0.89,24,4,2,0,0,12,1,2,0,0,national
2025,WA,53009,Clallam,549300H3IZO24NSOO931,"LENNAR MORTGAGE, LLC",17,15,0,0.89,13,1,3,0,0,12,1,2,0,0,national
2025,WA,53009,Clallam,B4TYDEB6GKMZO031MB27,"Bank of America, National Association",28,15,4,0.89,28,0,0,0,0,15,0,0,0,0,national
2025,WA,53009,Clallam,549300AQ3T62GXDU7D76,GUILD MORTGAGE COMPANY LLC,20,13,1,0.77,15,3,2,0,0,9,2,2,0,0,national
2025,WA,53009,Clallam,549300GKFNPRWNS0GF29,"AmeriHome Mortgage Company, LLC",21,13,1,0.77,16,2,3,0,0,11,1,1,0,0,national
2025,WA,53009,Clallam,549300OPCWU6E72WUT29,"MUTUAL OF OMAHA MORTGAGE, INC.",23,13,6,0.77,9,10,4,0,0,7,4,2,0,0,national
2025,WA,53009,Clallam,5493000FWM3I2HHQY149,WASHINGTON STATE EMPLOYEES CREDIT UNION,28,12,10,0.71,26,2,0,0,0,12,0,0,0,0,national
2025,WA,53009,Clallam,549300YEI60WAHWQ3110,KITSAP Credit Union,22,12,9,0.71,21,0,1,0,0,11,0,1,0,0,national
2025,WA,53009,Clallam,549300HGZNH5YBU04369,,17,11,3,0.65,17,0,0,0,0,11,0,0,0,0,national
2025,WA,53009,Clallam,549300U3721PJGQZYY68,"GUARANTEED RATE, INC.",19,10,2,0.59,12,2,5,0,0,5,2,3,0,0,national
2025,WA,53009,Clallam,5493001B4U37VT2ML818,GESA CREDIT UNION,11,9,1,0.53,11,0,0,0,0,9,0,0,0,0,national
2025,WA,53009,Clallam,54930049L5WINET09Q97,"CLICK N' CLOSE, INC.",9,9,0,0.53,4,5,0,0,0,4,5,0,0,0,national
2025,WA,53009,Clallam,549300KIOYNU323LVJ37,AMERICAN PACIFIC MORTGAGE CORPORATION,11,9,0,0.53,5,1,5,0,0,4,1,4,0,0,national
2025,WA,53009,Clallam,549300YIQ7S7Z8PIHE53,AMERISAVE MORTGAGE CORPORATION,39,9,25,0.53,29,8,2,0,0,7,2,0,0,0,national
2025,WA,53009,Clallam,HUX2X73FUCYHUVH1BK78,KeyBank National Association,21,9,9,0.53,20,1,0,0,0,8,1,0,0,0,national
2025,WA,53009,Clallam,SS1TRMSN6BRNMOREEV51,"Flagstar Bank, National Association",13,9,3,0.53,11,1,1,0,0,8,0,1,0,0,national
2025,WA,53009,Clallam,254900UL88QFG0E40516,FIGURE LENDING LLC,19,8,5,0.47,19,0,0,0,0,8,0,0,0,0,national
2025,WA,53009,Clallam,254900ZFWS2106HWPH46,"PARAMOUNT RESIDENTIAL MORTGAGE GROUP, INC.",9,8,0,0.47,4,2,3,0,0,4,2,2,0,0,national
2025,WA,53009,Clallam,5493009HUMWCHFRDKF12,SAMMAMISH MORTGAGE COMPANY,10,8,0,0.47,10,0,0,0,0,8,0,0,0,0,national
2025,WA,53009,Clallam,549300CB67L6KPJLHE19,"TRIAD FINANCIAL SERVICES, INC.",20,8,7,0.47,20,0,0,0,0,8,0,0,0,0,national
2025,WA,53009,Clallam,549300T94GSH3C4U5M59,ALLIANT CREDIT UNION,9,8,0,0.47,8,0,1,0,0,7,0,1,0,0,national
2025,WA,53009,Clallam,C5654JQHZUHN0772B561,USAA Federal Savings Bank,11,8,3,0.47,3,0,8,0,0,2,0,6,0,0,national
2025,WA,53009,Clallam,5493001WHVQBGRSWEU75,"HOMEBRIDGE FINANCIAL SERVICES, INC.",11,7,3,0.41,11,0,0,0,0,7,0,0,0,0,national
2025,WA,53009,Clallam,549300S5YL3OH0IVCS62,FINANCE OF AMERICA REVERSE LLC,9,7,1,0.41,2,7,0,0,0,1,6,0,0,0,national
2025,WA,53009,Clallam,549300XQVJ1XBNFA5536,21ST MORTGAGE CORPORATION,19,6,5,0.36,19,0,0,0,0,6,0,0,0,0,national
2025,WA,53009,Clallam,KB1H1DSPRFMYMCUFXT09,"Wells Fargo Bank, National Association",10,6,0,0.36,9,0,1,0,0,5,0,1,0,0,national
2025,WA,53009,Clallam,54930054ET8KM4O1D485,"SOFI BANK, NATIONAL ASSOCIATION",16,5,0,0.3,16,0,0,0,0,5,0,0,0,0,national
2025,WA,53009,Clallam,549300CY7WNAHKHYSJ73,"CORNERSTONE CAPITAL BANK, SSB",6,5,0,0.3,6,0,0,0,0,5,0,0,0,0,national
2025,WA,53009,Clallam,549300FWQNRPTKXB8G79,,8,5,2,0.3,4,4,0,0,0,2,3,0,0,0,national
2025,WA,53009,Clallam,549300GTVXJ2PGXNLM73,T2 FINANCIAL LLC,6,5,0,0.3,5,0,1,0,0,5,0,0,0,0,national
2025,WA,53009,Clallam,549300KDR80I1ELW8D36,,10,5,3,0.3,10,0,0,0,0,5,0,0,0,0,national
2025,WA,53009,Clallam,549300R9S3MVDV4MGF56,"CARRINGTON MORTGAGE SERVICES, LLC",16,5,6,0.3,8,6,2,0,0,2,2,1,0,0,national
2025,WA,53009,Clallam,2549005SIVTHG14U2905,A&D Mortgage LLC,4,4,0,0.24,4,0,0,0,0,4,0,0,0,0,national
2025,WA,53009,Clallam,254900QPRPHIXEAX3L37,,4,4,0,0.24,4,0,0,0,0,4,0,0,0,0,national
2025,WA,53009,Clallam,54930021WPEXNHYZUL09,"PLANET HOME LENDING, LLC",4,4,0,0.24,2,2,0,0,0,2,2,0,0,0,national
2025,WA,53009,Clallam,5493002B2WMHY23GFK92,"AMERICAN FINANCIAL RESOURCES, INC.",6,4,0,0.24,5,0,1,0,0,3,0,1,0,0,national
2025,WA,53009,Clallam,5493008CPTDVOS570626,"Primary Residential Mortgage, Inc.",7,4,2,0.24,7,0,0,0,0,4,0,0,0,0,national
2025,WA,53009,Clallam,5493008NWHQT1R22C024,"AMERICAN FINANCIAL NETWORK, INC.",4,4,0,0.24,2,1,0,1,0,2,1,0,1,0,national
2025,WA,53009,Clallam,549300K4ZLGS7SRDTL86,Equity Prime Mortgage LLC,12,4,2,0.24,2,4,6,0,0,1,2,1,0,0,national
2025,WA,53009,Clallam,549300PL8ER6H23P0Z91,BAY EQUITY LLC,6,4,0,0.24,4,2,0,0,0,4,0,0,0,0,national
2025,WA,53009,Clallam,X05BVSK68TQ7YTOSNR22,Discover Bank,15,4,7,0.24,15,0,0,0,0,4,0,0,0,0,national
2025,WA,53009,Clallam,213800XR2TCBQJSF1X93,,3,3,0,0.18,2,0,1,0,0,2,0,1,0,0,national
2025,WA,53009,Clallam,2549004FXPNKCLIN8250,"Synergy One Lending, Inc.",3,3,0,0.18,3,0,0,0,0,3,0,0,0,0,national
2025,WA,53009,Clallam,25490066WMF8ZMQXQB18,"Lendage, LLC",5,3,1,0.18,5,0,0,0,0,3,0,0,0,0,national
2025,WA,53009,Clallam,254900MKY47WU65N1J56,,4,3,1,0.18,4,0,0,0,0,3,0,0,0,0,national
2025,WA,53009,Clallam,254900WEP08K7U7S3A80,,4,3,1,0.18,1,1,2,0,0,0,1,2,0,0,national
2025,WA,53009,Clallam,54930025XJJO3T0M1A92,,3,3,0,0.18,3,0,0,0,0,3,0,0,0,0,national
2025,WA,53009,Clallam,5493003Q3L1PO9NBVK64,WHATCOM EDUCATIONAL CREDIT UNION,6,3,2,0.18,6,0,0,0,0,3,0,0,0,0,national
2025,WA,53009,Clallam,5493006VAGP3GQ8FJT49,"Kiavi Funding, Inc.",3,3,0,0.18,3,0,0,0,0,3,0,0,0,0,national
2025,WA,53009,Clallam,549300DK7QID2ZON6Q55,Global Federal Credit Union,6,3,1,0.18,5,1,0,0,0,2,1,0,0,0,national
2025,WA,53009,Clallam,549300FX7K8PTEQUU487,PENTAGON FEDERAL CREDIT UNION,5,3,1,0.18,4,0,1,0,0,3,0,0,0,0,national
2025,WA,53009,Clallam,549300GS0W0TEUQS8571,"Morgan Stanley Private Bank, National Association",3,3,0,0.18,3,0,0,0,0,3,0,0,0,0,national
2025,WA,53009,Clallam,549300INKSPQCTELMO58,Granite Bank,4,3,0,0.18,3,1,0,0,0,2,1,0,0,0,national
2025,WA,53009,Clallam,549300KJ8PAJ7E52HG32,Plains Commerce Bank,9,3,2,0.18,7,2,0,0,0,2,1,0,0,0,national
2025,WA,53009,Clallam,549300LROQOOQU77WS20,,6,3,2,0.18,6,0,0,0,0,3,0,0,0,0,national
2025,WA,53009,Clallam,549300MHH03ICJYEPE85,,3,3,0,0.18,0,3,0,0,0,0,3,0,0,0,national
2025,WA,53009,Clallam,549300MZ8VZJOVC63092,"KIND LENDING, LLC",5,3,0,0.18,4,1,0,0,0,2,1,0,0,0,national
2025,WA,53009,Clallam,549300PIL8LFAQ04XC20,Better Mortgage Corporation,23,3,13,0.18,23,0,0,0,0,3,0,0,0,0,national
2025,WA,53009,Clallam,549300Q02LGIN9AXKP98,FIRST TECHNOLOGY FEDERAL CREDIT UNION,3,3,0,0.18,3,0,0,0,0,3,0,0,0,0,national
2025,WA,53009,Clallam,549300Q3ROEQU3D1IW91,,5,3,1,0.18,5,0,0,0,0,3,0,0,0,0,national
2025,WA,53009,Clallam,549300UB5TJ0YPVPT503,,3,3,0,0.18,1,0,2,0,0,1,0,2,0,0,national
2025,WA,53009,Clallam,549300UBGGLZLZEY0M18,Peak Credit Union,4,3,1,0.18,4,0,0,0,0,3,0,0,0,0,national
2025,WA,53009,Clallam,549300XY701IELCE5Q08,BETTER MORTGAGE CORPORATION,5,3,1,0.18,5,0,0,0,0,3,0,0,0,0,national
2025,WA,53009,Clallam,Q708HHR4LD2B7XIZNO92,First Federal Bank,3,3,0,0.18,3,0,0,0,0,3,0,0,0,0,national
2025,WA,53009,Clallam,WE0I402RW25AU38DTI13,Banner Bank,7,3,4,0.18,6,1,0,0,0,3,0,0,0,0,national
2025,WA,53009,Clallam,254900N49YI2HHKDPS92,IQ Credit Union,2,2,0,0.12,2,0,0,0,0,2,0,0,0,0,national
2025,WA,53009,Clallam,254900WT4HAMDFWH3048,,3,2,0,0.12,0,3,0,0,0,0,2,0,0,0,national
2025,WA,53009,Clallam,254900WTZC5SSKIN2M11,,2,2,0,0.12,2,0,0,0,0,2,0,0,0,0,national
2025,WA,53009,Clallam,5493000D6RXLNBZQYA47,COLUMBIA COMMUNITY CREDIT UNION,4,2,1,0.12,4,0,0,0,0,2,0,0,0,0,national
2025,WA,53009,Clallam,5493000IIYWBLONJVJ30,,3,2,0,0.12,3,0,0,0,0,2,0,0,0,0,national
2025,WA,53009,Clallam,5493001GCBD5XGNIC815,Coastal Community Bank,10,2,0,0.12,10,0,0,0,0,2,0,0,0,0,national
2025,WA,53009,Clallam,5493001VH4ZJNSI25781,Peoples Bank,5,2,1,0.12,5,0,0,0,0,2,0,0,0,0,national
2025,WA,53009,Clallam,54930021QRU8VXNS6152,Sound Credit Union,4,2,1,0.12,4,0,0,0,0,2,0,0,0,0,national
2025,WA,53009,Clallam,54930028J11BWKUVGX50,,2,2,0,0.12,2,0,0,0,0,2,0,0,0,0,national
2025,WA,53009,Clallam,549300323EON4W3CCM44,"RESICENTRAL, LLC",3,2,0,0.12,3,0,0,0,0,2,0,0,0,0,national
2025,WA,53009,Clallam,54930043BMDE130FJ617,"PROVIDENT FUNDING ASSOCIATES, L.P.",6,2,0,0.12,6,0,0,0,0,2,0,0,0,0,national
2025,WA,53009,Clallam,549300748YYU6VG08N83,"Loan Simple, Inc.",2,2,0,0.12,0,2,0,0,0,0,2,0,0,0,national
2025,WA,53009,Clallam,5493007CLWQN2S6IZK91,,2,2,0,0.12,0,0,2,0,0,0,0,2,0,0,national
2025,WA,53009,Clallam,549300AG10BX85DF5S49,MLD MORTGAGE INC.,3,2,0,0.12,3,0,0,0,0,2,0,0,0,0,national
2025,WA,53009,Clallam,549300BLL6VL7AXWYP56,CHURCHILL MORTGAGE CORPORATION,2,2,0,0.12,2,0,0,0,0,2,0,0,0,0,national
2025,WA,53009,Clallam,549300BX448ALT10FI43,The Federal Savings Bank,7,2,2,0.12,2,0,4,1,0,0,0,2,0,0,national
2025,WA,53009,Clallam,549300ESRQ6OLBB56N04,Glacier Bank,2,2,0,0.12,1,0,1,0,0,1,0,1,0,0,national
2025,WA,53009,Clallam,549300IKS3MMB5YK6T18,,2,2,0,0.12,2,0,0,0,0,2,0,0,0,0,national
2025,WA,53009,Clallam,549300INFJ8TYNZ1G568,,2,2,0,0.12,2,0,0,0,0,2,0,0,0,0,national
2025,WA,53009,Clallam,549300LZUXCJFE5ONM48,,2,2,0,0.12,0,2,0,0,0,0,2,0,0,0,national
2025,WA,53009,Clallam,549300NFPC3Y4W3Y7R87,,2,2,0,0.12,2,0,0,0,0,2,0,0,0,0,national
2025,WA,53009,Clallam,549300NOCASXPA34X033,"LAKEVIEW LOAN SERVICING, LLC",10,2,6,0.12,4,4,2,0,0,1,1,0,0,0,national
2025,WA,53009,Clallam,549300PBTV7FCWLSMM53,"MORTGAGE SOLUTIONS OF COLORADO, LLC",2,2,0,0.12,0,1,1,0,0,0,1,1,0,0,national
2025,WA,53009,Clallam,549300RA3E0BUFO7YZ21,"Hometown Equity Mortgage, LLC",7,2,4,0.12,7,0,0,0,0,2,0,0,0,0,national
2025,WA,53009,Clallam,549300SUCQ1358EGVE89,"NEW DAY FINANCIAL, LLC",9,2,0,0.12,0,0,9,0,0,0,0,2,0,0,national
2025,WA,53009,Clallam,549300TEBV514KLDE180,,6,2,3,0.12,6,0,0,0,0,2,0,0,0,0,national
2025,WA,53009,Clallam,549300UR5AOWTJJ7KZ64,,2,2,0,0.12,2,0,0,0,0,2,0,0,0,0,national
2025,WA,53009,Clallam,549300VCMRO4ST680C11,VILLAGE CAPITAL & INVESTMENT LLC,9,2,4,0.12,0,4,5,0,0,0,1,1,0,0,national
2025,WA,53009,Clallam,549300VORTI31GZTJL53,"CARDINAL FINANCIAL COMPANY, LIMITED PARTNERSHIP",3,2,0,0.12,2,0,1,0,0,1,0,1,0,0,national
2025,WA,53009,Clallam,549300Y5Y88FQLI7VE83,DEEPHAVEN MORTGAGE LLC,3,2,1,0.12,3,0,0,0,0,2,0,0,0,0,national
2025,WA,53009,Clallam,AD6GFRVSDT01YPT1CS68,"PNC Bank, National Association",6,2,3,0.12,6,0,0,0,0,2,0,0,0,0,national
2025,WA,53009,Clallam,01KWVG908KE7RKPTNP46,HomeStreet Bank,1,1,0,0.06,1,0,0,0,0,1,0,0,0,0,national
2025,WA,53009,Clallam,2549008GIE3QVYB2FT28,,1,1,0,0.06,1,0,0,0,0,1,0,0,0,0,national
2025,WA,53009,Clallam,2549008LK3474E9U2888,ONPOINT COMMUNITY CREDIT UNION,1,1,0,0.06,0,0,1,0,0,0,0,1,0,0,national
2025,WA,53009,Clallam,254900FDPG829O6VBB05,"EASTSIDE FUNDING, LLC",2,1,0,0.06,2,0,0,0,0,1,0,0,0,0,national
2025,WA,53009,Clallam,254900G7NNSN8LRSPM89,,1,1,0,0.06,1,0,0,0,0,1,0,0,0,0,national
2025,WA,53009,Clallam,254900O28OG3UMHXQY81,,1,1,0,0.06,1,0,0,0,0,1,0,0,0,0,national
2025,WA,53009,Clallam,254900QNIR86GUIRYH95,,1,1,0,0.06,1,0,0,0,0,1,0,0,0,0,national
2025,WA,53009,Clallam,254900TG14TB8RKS3U42,,2,1,0,0.06,2,0,0,0,0,1,0,0,0,0,national
2025,WA,53009,Clallam,254900YK0G0T2WULHK84,,1,1,0,0.06,1,0,0,0,0,1,0,0,0,0,national
2025,WA,53009,Clallam,5493000349C5XXDRQX28,,3,1,0,0.06,1,2,0,0,0,0,1,0,0,0,national
2025,WA,53009,Clallam,54930007KK7ZS3IJVC25,RED CANOE CREDIT UNION,1,1,0,0.06,1,0,0,0,0,1,0,0,0,0,national
2025,WA,53009,Clallam,5493000H6DFDDJRORG89,,2,1,0,0.06,2,0,0,0,0,1,0,0,0,0,national
2025,WA,53009,Clallam,5493001JT9MT3Z3Y3M39,,2,1,1,0.06,2,0,0,0,0,1,0,0,0,0,national
2025,WA,53009,Clallam,5493001PXRJMPLXPG540,IDAHO CENTRAL CREDIT UNION,1,1,0,0.06,1,0,0,0,0,1,0,0,0,0,national
2025,WA,53009,Clallam,54930030Z1JWTP3SVD16,,3,1,0,0.06,1,1,1,0,0,0,0,1,0,0,national
2025,WA,53009,Clallam,549300370QILXLFUWD20,"ZILLOW HOME LOANS, LLC",3,1,0,0.06,2,1,0,0,0,1,0,0,0,0,national
2025,WA,53009,Clallam,5493004AS1SPBQOFDR49,"Change Lending, LLC",2,1,0,0.06,1,0,1,0,0,1,0,0,0,0,national
2025,WA,53009,Clallam,54930052M48FOD3CWA54,"PRIMARY RESIDENTIAL MORTGAGE, INC.",1,1,0,0.06,1,0,0,0,0,1,0,0,0,0,national
2025,WA,53009,Clallam,54930083D8Q8RK84Y448,,2,1,0,0.06,2,0,0,0,0,1,0,0,0,0,national
2025,WA,53009,Clallam,5493008VVXQIDO1EZ460,"SUMMIT FUNDING, INC.",1,1,0,0.06,0,1,0,0,0,0,1,0,0,0,national
2025,WA,53009,Clallam,5493009B17HXCVXTD608,"JMAC LENDING, INC.",2,1,0,0.06,2,0,0,0,0,1,0,0,0,0,national
2025,WA,53009,Clallam,5493009Y8ROUG903AQ21,,1,1,0,0.06,1,0,0,0,0,1,0,0,0,0,national
2025,WA,53009,Clallam,549300ALNLUNS3Y53T24,AMERICAN FINANCING CORPORATION,4,1,1,0.06,3,1,0,0,0,1,0,0,0,0,national
2025,WA,53009,Clallam,549300BOXNV8VLRBDT24,,1,1,0,0.06,1,0,0,0,0,1,0,0,0,0,national
2025,WA,53009,Clallam,549300DRA4BDXW23LD45,,2,1,0,0.06,2,0,0,0,0,1,0,0,0,0,national
2025,WA,53009,Clallam,549300EKFFG3BU8DNX74,NEXERA HOLDING LLC,2,1,1,0.06,2,0,0,0,0,1,0,0,0,0,national
2025,WA,53009,Clallam,549300ELXS6PBT8OEE44,,2,1,0,0.06,2,0,0,0,0,1,0,0,0,0,national
2025,WA,53009,Clallam,549300G4ESSS6M0MEG51,ORIGINPOINT LLC,2,1,0,0.06,2,0,0,0,0,1,0,0,0,0,national
2025,WA,53009,Clallam,549300GQDT484LGI9C04,,3,1,1,0.06,1,1,1,0,0,0,1,0,0,0,national
2025,WA,53009,Clallam,549300GS6ONO04ORI292,,1,1,0,0.06,1,0,0,0,0,1,0,0,0,0,national
2025,WA,53009,Clallam,549300HV02VPA0FYR272,,1,1,0,0.06,0,1,0,0,0,0,1,0,0,0,national
2025,WA,53009,Clallam,549300IEP77RKJ87Z176,OREGON COMMUNITY,2,1,1,0.06,2,0,0,0,0,1,0,0,0,0,national
2025,WA,53009,Clallam,549300K6K2IS7FRS7S09,,1,1,0,0.06,1,0,0,0,0,1,0,0,0,0,national
2025,WA,53009,Clallam,549300KP95LHU8OP0H40,,1,1,0,0.06,1,0,0,0,0,1,0,0,0,0,national
2025,WA,53009,Clallam,549300KTR1JGH3K6LU06,FOURLEAF,1,1,0,0.06,1,0,0,0,0,1,0,0,0,0,national
2025,WA,53009,Clallam,549300MUXFVZKH4XLG17,,1,1,0,0.06,1,0,0,0,0,1,0,0,0,0,national
2025,WA,53009,Clallam,549300N52O6FKUCU5G62,NUMERICA CREDIT UNION,1,1,0,0.06,1,0,0,0,0,1,0,0,0,0,national
2025,WA,53009,Clallam,549300PL267CW8182203,,1,1,0,0.06,0,1,0,0,0,0,1,0,0,0,national
2025,WA,53009,Clallam,549300PQLK8E48ILXV41,,3,1,1,0.06,3,0,0,0,0,1,0,0,0,0,national
2025,WA,53009,Clallam,549300Q50XCC0473FG63,,3,1,0,0.06,3,0,0,0,0,1,0,0,0,0,national
2025,WA,53009,Clallam,549300QKL5FUBZ8LSF50,"NATIONS DIRECT MORTGAGE, LLC",1,1,0,0.06,0,1,0,0,0,0,1,0,0,0,national
2025,WA,53009,Clallam,549300R77W0P105C3S50,HOMEXPRESS MORTGAGE CORP.,4,1,3,0.06,4,0,0,0,0,1,0,0,0,0,national
2025,WA,53009,Clallam,549300RD5IG88VPO6P22,,1,1,0,0.06,1,0,0,0,0,1,0,0,0,0,national
2025,WA,53009,Clallam,549300RFLICNI75BG067,Luminate Bank,1,1,0,0.06,0,0,1,0,0,0,0,1,0,0,national
2025,WA,53009,Clallam,549300RPOGWJRH63HS39,UNION HOME MORTGAGE CORP.,1,1,0,0.06,0,0,1,0,0,0,0,1,0,0,national
2025,WA,53009,Clallam,549300SCFWZXMDMZPE93,"RESIDENTIAL MORTGAGE, LLC",1,1,0,0.06,1,0,0,0,0,1,0,0,0,0,national
2025,WA,53009,Clallam,549300SK2GVCQXPD4S58,"SUN WEST MORTGAGE COMPANY, INC.",2,1,1,0.06,0,1,1,0,0,0,1,0,0,0,national
2025,WA,53009,Clallam,549300T7HRS5DVBUPQ06,,4,1,0,0.06,4,0,0,0,0,1,0,0,0,0,national
2025,WA,53009,Clallam,549300TF1E42EUFBSL45,,1,1,0,0.06,1,0,0,0,0,1,0,0,0,0,national
2025,WA,53009,Clallam,549300TMY3OACQC9U777,,1,1,0,0.06,1,0,0,0,0,1,0,0,0,0,national
2025,WA,53009,Clallam,549300TUSRLWD8ETNR90,SPOKANE TEACHERS,2,1,0,0.06,0,2,0,0,0,0,1,0,0,0,national
2025,WA,53009,Clallam,549300UF3FPC7U6RFC59,The Central Trust Bank,2,1,0,0.06,2,0,0,0,0,1,0,0,0,0,national
2025,WA,53009,Clallam,549300VEMK0LXVCRZM49,,1,1,0,0.06,1,0,0,0,0,1,0,0,0,0,national
2025,WA,53009,Clallam,549300VQUTI5IU7GXT57,SECURITYNATIONAL MORTGAGE COMPANY,1,1,0,0.06,1,0,0,0,0,1,0,0,0,0,national
2025,WA,53009,Clallam,549300W45D2J6BT4LX65,,1,1,0,0.06,1,0,0,0,0,1,0,0,0,0,national
2025,WA,53009,Clallam,549300WJIJV987NXVC31,,1,1,0,0.06,1,0,0,0,0,1,0,0,0,0,national
2025,WA,53009,Clallam,549300XRXBA38J60S618,,1,1,0,0.06,1,0,0,0,0,1,0,0,0,0,national
2025,WA,53009,Clallam,549300YN94MOAVYW0F52,"GoodLeap, LLC",1,1,0,0.06,1,0,0,0,0,1,0,0,0,0,national
2025,WA,53009,Clallam,549300Z2B4FHRYOXTS09,,1,1,0,0.06,1,0,0,0,0,1,0,0,0,0,national
2025,WA,53009,Clallam,549300ZS1TR1B4LHX377,,2,1,0,0.06,2,0,0,0,0,1,0,0,0,0,national
2025,WA,53009,Clallam,984500U2F9A83N391A91,"CHAMPIONS FUNDING, LLC",2,1,1,0.06,2,0,0,0,0,1,0,0,0,0,national
2025,WA,53009,Clallam,C398JSK21YCXWM603F55,"Barrington Bank & Trust Company, National Association",1,1,0,0.06,0,0,1,0,0,0,0,1,0,0,national
2025,WA,53009,Clallam,CKVBED0S4DMLKJJ5XH28,Stifel Bank and Trust,1,1,0,0.06,1,0,0,0,0,1,0,0,0,0,national
2025,WA,53009,Clallam,D38AC76TAMYI50NBPX33,,3,1,1,0.06,3,0,0,0,0,1,0,0,0,0,national
2025,WA,53009,Clallam,E57ODZWZ7FF32TWEFA76,"Citibank, National Association",3,1,1,0.06,3,0,0,0,0,1,0,0,0,0,national
2025,WA,53009,Clallam,PAOOWF3GUFM46FBSP561,,5,1,3,0.06,3,2,0,0,0,0,1,0,0,0,national
2025,WA,53009,Clallam,QFROUN1UWUYU0DVIWD51,"Eagle Home Mortgage, LLC",3,1,1,0.06,3,0,0,0,0,1,0,0,0,0,national
2025,WA,53011,Clark,5493000D6RXLNBZQYA47,COLUMBIA COMMUNITY CREDIT UNION,1687,998,455,7.81,1675,6,6,0,0,998,0,0,0,0,national
2025,WA,53011,Clark,254900N49YI2HHKDPS92,IQ Credit Union,1398,942,258,7.37,1398,0,0,0,0,942,0,0,0,0,national
2025,WA,53011,Clark,549300HW662MN1WU8550,"United Wholesale Mortgage, LLC",1150,894,109,6.99,801,186,163,0,0,633,136,125,0,0,national
2025,WA,53011,Clark,549300FGXN1K3HLB1R50,"Rocket Mortgage, LLC",845,633,109,4.95,696,87,62,0,0,528,60,45,0,0,national
2025,WA,53011,Clark,2549008LK3474E9U2888,ONPOINT COMMUNITY CREDIT UNION,827,561,136,4.39,814,12,1,0,0,553,7,1,0,0,national
2025,WA,53011,Clark,549300AQ3T62GXDU7D76,GUILD MORTGAGE COMPANY LLC,778,520,25,4.07,607,135,36,0,0,400,95,25,0,0,national
2025,WA,53011,Clark,549300GKFNPRWNS0GF29,"AmeriHome Mortgage Company, LLC",659,450,21,3.52,498,101,50,10,0,336,67,39,8,0,national
2025,WA,53011,Clark,6BYL5QZYBDK8S7L73M02,U.S. Bank National Association,560,268,178,2.1,548,6,6,0,0,263,2,3,0,0,national
2025,WA,53011,Clark,5493001SXWZ4OFP8Z903,"DHI MORTGAGE COMPANY, LTD.",364,267,21,2.09,251,83,30,0,0,187,56,24,0,0,national
2025,WA,53011,Clark,549300MGPZBLQDIL7538,FAIRWAY INDEPENDENT MORTGAGE CORPORATION,336,229,8,1.79,240,74,22,0,0,158,55,16,0,0,national
2025,WA,53011,Clark,549300U3721PJGQZYY68,"GUARANTEED RATE, INC.",350,229,7,1.79,271,48,31,0,0,169,36,24,0,0,national
2025,WA,53011,Clark,RVDPPPGHCGZ40J4VQ731,"PENNYMAC LOAN SERVICES, LLC",359,214,27,1.67,250,68,41,0,0,150,35,29,0,0,national
2025,WA,53011,Clark,549300KIOYNU323LVJ37,AMERICAN PACIFIC MORTGAGE CORPORATION,266,197,9,1.54,194,51,21,0,0,143,40,14,0,0,national
2025,WA,53011,Clark,549300KOAKQX3BEWWT56,"CLM MORTGAGE, INC.",210,183,1,1.43,157,40,13,0,0,134,37,12,0,0,national
2025,WA,53011,Clark,B4TYDEB6GKMZO031MB27,"Bank of America, National Association",363,176,107,1.38,363,0,0,0,0,176,0,0,0,0,national
2025,WA,53011,Clark,IFQSIUC9AGQV2NE8CN25,Columbia Bank,282,174,77,1.36,274,3,5,0,0,169,3,2,0,0,national
2025,WA,53011,Clark,549300QKL5FUBZ8LSF50,"NATIONS DIRECT MORTGAGE, LLC",194,169,4,1.32,127,39,28,0,0,114,31,24,0,0,national
2025,WA,53011,Clark,54930060G4MDPWHISD89,EVERGREEN MONEYSOURCE MORTGAGE COMPANY,218,168,3,1.31,182,25,11,0,0,142,17,9,0,0,national
2025,WA,53011,Clark,549300AG64NHILB7ZP05,"LOANDEPOT.COM, LLC",254,153,55,1.2,159,78,17,0,0,101,43,9,0,0,national
2025,WA,53011,Clark,549300O2EZG72LO2FX38,,243,153,5,1.2,192,36,14,1,0,121,22,9,1,0,national
2025,WA,53011,Clark,549300CY7WNAHKHYSJ73,"CORNERSTONE CAPITAL BANK, SSB",179,148,1,1.16,140,30,9,0,0,115,26,7,0,0,national
2025,WA,53011,Clark,549300FNXYY540N23N64,Newrez LLC,312,142,48,1.11,225,58,29,0,0,112,19,11,0,0,national
2025,WA,53011,Clark,7H6GLXDRUGQFU57RNE97,"JPMorgan Chase Bank, National Association",232,136,31,1.06,221,10,1,0,0,132,3,1,0,0,national
2025,WA,53011,Clark,549300VZVN841I2ILS84,"CROSSCOUNTRY MORTGAGE, LLC",190,129,6,1.01,139,34,17,0,0,100,17,12,0,0,national
2025,WA,53011,Clark,254900DTLHVWQ7NP7R34,"CMG Mortgage, Inc.",168,125,18,0.98,160,7,1,0,0,120,4,1,0,0,national
2025,WA,53011,Clark,549300RPOGWJRH63HS39,UNION HOME MORTGAGE CORP.,195,125,11,0.98,154,29,12,0,0,97,20,8,0,0,national
2025,WA,53011,Clark,549300Q02LGIN9AXKP98,FIRST TECHNOLOGY FEDERAL CREDIT UNION,162,111,20,0.87,162,0,0,0,0,111,0,0,0,0,national
2025,WA,53011,Clark,549300PIL8LFAQ04XC20,Better Mortgage Corporation,297,109,143,0.85,297,0,0,0,0,109,0,0,0,0,national
2025,WA,53011,Clark,01KWVG908KE7RKPTNP46,HomeStreet Bank,142,107,12,0.84,134,3,5,0,0,99,3,5,0,0,national
2025,WA,53011,Clark,5493003GQDUH26DNNH17,Navy Federal Credit Union,210,107,35,0.84,171,0,39,0,0,87,0,20,0,0,national
2025,WA,53011,Clark,549300DD4R4SYK5RAQ92,"MOVEMENT MORTGAGE, LLC",149,100,2,0.78,121,19,9,0,0,79,13,8,0,0,national
2025,WA,53011,Clark,549300LBCBNR1OT00651,NATIONSTAR MORTGAGE LLC,149,94,24,0.74,135,12,2,0,0,87,6,1,0,0,national
2025,WA,53011,Clark,549300OPCWU6E72WUT29,"MUTUAL OF OMAHA MORTGAGE, INC.",125,88,16,0.69,63,44,18,0,0,46,31,11,0,0,national
2025,WA,53011,Clark,549300LYRWPSYPK6S325,FREEDOM MORTGAGE CORPORATION,226,85,18,0.66,37,93,96,0,0,9,30,46,0,0,national
2025,WA,53011,Clark,54930052M48FOD3CWA54,"PRIMARY RESIDENTIAL MORTGAGE, INC.",114,74,3,0.58,86,23,5,0,0,58,13,3,0,0,national
2025,WA,53011,Clark,549300DD5QQUHO6PCH70,"MORTGAGE RESEARCH CENTER, LLC",193,73,34,0.57,8,2,183,0,0,2,2,69,0,0,national
2025,WA,53011,Clark,5493008JECR4UE0WVR04,"MORTGAGE EXPRESS, LLC",92,68,1,0.53,66,16,10,0,0,47,13,8,0,0,national
2025,WA,53011,Clark,549300KM40FP4MSQU941,Boeing Employees Credit Union,109,67,27,0.52,109,0,0,0,0,67,0,0,0,0,national
2025,WA,53011,Clark,254900ZFWS2106HWPH46,"PARAMOUNT RESIDENTIAL MORTGAGE GROUP, INC.",83,65,2,0.51,66,13,4,0,0,51,11,3,0,0,national
2025,WA,53011,Clark,WE0I402RW25AU38DTI13,Banner Bank,140,64,49,0.5,139,1,0,0,0,64,0,0,0,0,national
2025,WA,53011,Clark,549300T94GSH3C4U5M59,ALLIANT CREDIT UNION,95,62,21,0.48,94,0,1,0,0,61,0,1,0,0,national
2025,WA,53011,Clark,549300UBGGLZLZEY0M18,Peak Credit Union,118,62,35,0.48,118,0,0,0,0,62,0,0,0,0,national
2025,WA,53011,Clark,549300SCFWZXMDMZPE93,"RESIDENTIAL MORTGAGE, LLC",106,59,10,0.46,80,18,8,0,0,45,10,4,0,0,national
2025,WA,53011,Clark,5493001HHBUTXHS7TZ96,HOMEAMERICAN MORTGAGE CORPORATION,82,58,14,0.45,42,36,4,0,0,32,23,3,0,0,national
2025,WA,53011,Clark,2549008TT6UNYR7AXF54,"Sunflower Bank, National Association",76,57,0,0.45,61,10,5,0,0,46,7,4,0,0,national
2025,WA,53011,Clark,549300E2UX99HKDBR481,"NEW AMERICAN FUNDING, LLC",125,56,10,0.44,91,29,5,0,0,46,8,2,0,0,national
2025,WA,53011,Clark,2549001IK7UDPADKAG34,,110,54,38,0.42,110,0,0,0,0,54,0,0,0,0,national
2025,WA,53011,Clark,KB1H1DSPRFMYMCUFXT09,"Wells Fargo Bank, National Association",101,54,15,0.42,95,1,5,0,0,53,0,1,0,0,national
2025,WA,53011,Clark,549300370QILXLFUWD20,"ZILLOW HOME LOANS, LLC",60,52,4,0.41,45,14,1,0,0,39,12,1,0,0,national
2025,WA,53011,Clark,549300NOCASXPA34X033,"LAKEVIEW LOAN SERVICING, LLC",171,51,86,0.4,99,55,17,0,0,30,17,4,0,0,national
2025,WA,53011,Clark,54930043BMDE130FJ617,"PROVIDENT FUNDING ASSOCIATES, L.P.",74,48,4,0.38,74,0,0,0,0,48,0,0,0,0,national
2025,WA,53011,Clark,549300TDBTRK89DZRC13,Fibre Federal Credit Union,75,47,18,0.37,75,0,0,0,0,47,0,0,0,0,national
2025,WA,53011,Clark,5493003T5D4N1CM46J77,1st Security Bank of Washington,60,46,2,0.36,49,8,3,0,0,38,5,3,0,0,national
2025,WA,53011,Clark,549300H3IZO24NSOO931,"LENNAR MORTGAGE, LLC",57,44,0,0.34,50,3,4,0,0,39,3,2,0,0,national
2025,WA,53011,Clark,549300MZ8VZJOVC63092,"KIND LENDING, LLC",70,44,15,0.34,52,16,2,0,0,35,8,1,0,0,national
2025,WA,53011,Clark,2549004FXPNKCLIN8250,"Synergy One Lending, Inc.",74,43,11,0.34,55,16,3,0,0,31,9,3,0,0,national
2025,WA,53011,Clark,254900UL88QFG0E40516,FIGURE LENDING LLC,96,42,27,0.33,96,0,0,0,0,42,0,0,0,0,national
2025,WA,53011,Clark,254900T37KTTXKCK3416,,94,40,14,0.31,94,0,0,0,0,40,0,0,0,0,national
2025,WA,53011,Clark,549300CB67L6KPJLHE19,"TRIAD FINANCIAL SERVICES, INC.",102,40,25,0.31,102,0,0,0,0,40,0,0,0,0,national
2025,WA,53011,Clark,549300J6N77Q8OHYNF23,,65,40,2,0.31,47,10,8,0,0,26,8,6,0,0,national
2025,WA,53011,Clark,HUX2X73FUCYHUVH1BK78,KeyBank National Association,59,40,14,0.31,50,6,3,0,0,34,4,2,0,0,national
2025,WA,53011,Clark,2549001SI0EMFPT39035,"Cornerstone First Mortgage, Inc",50,39,0,0.31,33,17,0,0,0,26,13,0,0,0,national
2025,WA,53011,Clark,5493001GCBD5XGNIC815,Coastal Community Bank,153,39,1,0.31,153,0,0,0,0,39,0,0,0,0,national
2025,WA,53011,Clark,549300XY701IELCE5Q08,BETTER MORTGAGE CORPORATION,99,38,18,0.3,91,6,2,0,0,37,0,1,0,0,national
2025,WA,53011,Clark,549300PL8ER6H23P0Z91,BAY EQUITY LLC,48,35,0,0.27,37,6,5,0,0,28,4,3,0,0,national
2025,WA,53011,Clark,5493009BD405QQTMXO12,TOLL BROTHERS MORTGAGE COMPANY,70,34,5,0.27,69,1,0,0,0,34,0,0,0,0,national
2025,WA,53011,Clark,549300TF1E42EUFBSL45,,59,33,11,0.26,55,2,2,0,0,33,0,0,0,0,national
2025,WA,53011,Clark,549300UI36AJZ0WZ4U93,"TAYLOR MORRISON HOME FUNDING, INC.",38,32,1,0.25,34,3,1,0,0,29,2,1,0,0,national
2025,WA,53011,Clark,54930007KK7ZS3IJVC25,RED CANOE CREDIT UNION,48,31,5,0.24,48,0,0,0,0,31,0,0,0,0,national
2025,WA,53011,Clark,5493000NYUJT9UC6G261,LEADERONE FINANCIAL CORPORATION,42,31,4,0.24,33,3,6,0,0,24,2,5,0,0,national
2025,WA,53011,Clark,549300YIQ7S7Z8PIHE53,AMERISAVE MORTGAGE CORPORATION,110,31,73,0.24,72,31,7,0,0,25,5,1,0,0,national
2025,WA,53011,Clark,5493001WHVQBGRSWEU75,"HOMEBRIDGE FINANCIAL SERVICES, INC.",41,28,4,0.22,40,0,1,0,0,28,0,0,0,0,national
2025,WA,53011,Clark,549300B4IYL7TZT8FA34,"PREMIER MORTGAGE RESOURCES, L.L.C.",47,28,0,0.22,40,4,3,0,0,23,3,2,0,0,national
2025,WA,53011,Clark,549300JYXTZDSPJEPI44,"PLAZA HOME MORTGAGE, INC.",43,28,11,0.22,26,16,1,0,0,17,10,1,0,0,national
2025,WA,53011,Clark,549300KJ8PAJ7E52HG32,Plains Commerce Bank,40,28,3,0.22,27,13,0,0,0,19,9,0,0,0,national
2025,WA,53011,Clark,5493004WMLN60ZJ2ON46,"Paramount Residential Mortgage Group, Inc.",32,27,2,0.21,24,2,6,0,0,20,1,6,0,0,national
2025,WA,53011,Clark,5493008CPTDVOS570626,"Primary Residential Mortgage, Inc.",52,26,15,0.2,52,0,0,0,0,26,0,0,0,0,national
2025,WA,53011,Clark,C5654JQHZUHN0772B561,USAA Federal Savings Bank,47,25,9,0.2,22,0,25,0,0,12,0,13,0,0,national
2025,WA,53011,Clark,25490066WMF8ZMQXQB18,"Lendage, LLC",29,24,5,0.19,29,0,0,0,0,24,0,0,0,0,national
2025,WA,53011,Clark,54930054ET8KM4O1D485,"SOFI BANK, NATIONAL ASSOCIATION",84,24,11,0.19,84,0,0,0,0,24,0,0,0,0,national
2025,WA,53011,Clark,549300KZVCKCUN23YY80,,35,24,6,0.19,35,0,0,0,0,24,0,0,0,0,national
2025,WA,53011,Clark,254900TTZ395IC926125,,36,23,5,0.18,30,4,2,0,0,20,2,1,0,0,national
2025,WA,53011,Clark,549300R9S3MVDV4MGF56,"CARRINGTON MORTGAGE SERVICES, LLC",75,23,31,0.18,40,18,17,0,0,12,5,6,0,0,national
2025,WA,53011,Clark,549300J7I82PNDVU8H22,"OCMBC, INC.",44,22,3,0.17,36,7,1,0,0,19,2,1,0,0,national
2025,WA,53011,Clark,549300RN01LBYR8ZVX74,"LOWER, LLC",41,22,7,0.17,25,13,3,0,0,16,5,1,0,0,national
2025,WA,53011,Clark,549300S5YL3OH0IVCS62,FINANCE OF AMERICA REVERSE LLC,27,22,1,0.17,10,17,0,0,0,7,15,0,0,0,national
2025,WA,53011,Clark,54930025XJJO3T0M1A92,,28,21,5,0.16,28,0,0,0,0,21,0,0,0,0,national
2025,WA,53011,Clark,549300P2GEYNMH5OQA71,WASHINGTON TRUST BANK,27,21,3,0.16,24,2,1,0,0,19,1,1,0,0,national
2025,WA,53011,Clark,549300Q50XCC0473FG63,,36,21,8,0.16,36,0,0,0,0,21,0,0,0,0,national
2025,WA,53011,Clark,213800XR2TCBQJSF1X93,,33,20,5,0.16,27,3,3,0,0,16,2,2,0,0,national
2025,WA,53011,Clark,5493000FWM3I2HHQY149,WASHINGTON STATE EMPLOYEES CREDIT UNION,56,20,30,0.16,56,0,0,0,0,20,0,0,0,0,national
2025,WA,53011,Clark,PAOOWF3GUFM46FBSP561,,39,20,2,0.16,23,12,4,0,0,13,5,2,0,0,national
2025,WA,53011,Clark,549300INFJ8TYNZ1G568,,19,19,0,0.15,19,0,0,0,0,19,0,0,0,0,national
2025,WA,53011,Clark,AD6GFRVSDT01YPT1CS68,"PNC Bank, National Association",42,19,13,0.15,42,0,0,0,0,19,0,0,0,0,national
2025,WA,53011,Clark,2549005SIVTHG14U2905,A&D Mortgage LLC,28,18,2,0.14,25,3,0,0,0,16,2,0,0,0,national
2025,WA,53011,Clark,5493000OM9RKJW8W5K82,,34,18,1,0.14,24,8,2,0,0,12,4,2,0,0,national
2025,WA,53011,Clark,549300121SF0K2LN2804,"PRIMELENDING, A PLAINSCAPITAL COMPANY",22,18,1,0.14,20,0,2,0,0,16,0,2,0,0,national
2025,WA,53011,Clark,5493009B17HXCVXTD608,"JMAC LENDING, INC.",21,18,1,0.14,19,0,2,0,0,16,0,2,0,0,national
2025,WA,53011,Clark,549300R77W0P105C3S50,HOMEXPRESS MORTGAGE CORP.,23,18,5,0.14,23,0,0,0,0,18,0,0,0,0,national
2025,WA,53011,Clark,549300VCMRO4ST680C11,VILLAGE CAPITAL & INVESTMENT LLC,37,18,2,0.14,0,13,24,0,0,0,4,14,0,0,national
2025,WA,53011,Clark,5493001B4U37VT2ML818,GESA CREDIT UNION,24,17,4,0.13,24,0,0,0,0,17,0,0,0,0,national
2025,WA,53011,Clark,5493005PKOSG7MYX0B34,"Prosperity Home Mortgage, LLC",29,17,3,0.13,24,3,2,0,0,14,2,1,0,0,national
2025,WA,53011,Clark,549300LROQOOQU77WS20,,32,17,1,0.13,31,1,0,0,0,17,0,0,0,0,national
2025,WA,53011,Clark,549300WJIJV987NXVC31,,34,17,0,0.13,26,5,3,0,0,15,1,1,0,0,national
2025,WA,53011,Clark,5493006VAGP3GQ8FJT49,"Kiavi Funding, Inc.",30,16,5,0.13,30,0,0,0,0,16,0,0,0,0,national
2025,WA,53011,Clark,549300UB5TJ0YPVPT503,,27,16,3,0.13,18,8,1,0,0,11,5,0,0,0,national
2025,WA,53011,Clark,549300BLL6VL7AXWYP56,CHURCHILL MORTGAGE CORPORATION,25,15,1,0.12,23,1,1,0,0,13,1,1,0,0,national
2025,WA,53011,Clark,549300EKFFG3BU8DNX74,NEXERA HOLDING LLC,20,15,3,0.12,19,1,0,0,0,14,1,0,0,0,national
2025,WA,53011,Clark,549300FX7K8PTEQUU487,PENTAGON FEDERAL CREDIT UNION,36,15,6,0.12,33,0,3,0,0,15,0,0,0,0,national
2025,WA,53011,Clark,549300ZIQ24V0C88AC41,GTE Federal Credit Union,20,15,3,0.12,20,0,0,0,0,15,0,0,0,0,national
2025,WA,53011,Clark,SS1TRMSN6BRNMOREEV51,"Flagstar Bank, National Association",23,15,6,0.12,17,5,1,0,0,11,3,1,0,0,national
2025,WA,53011,Clark,549300GS0W0TEUQS8571,"Morgan Stanley Private Bank, National Association",15,14,0,0.11,15,0,0,0,0,14,0,0,0,0,national
2025,WA,53011,Clark,5493008NWHQT1R22C024,"AMERICAN FINANCIAL NETWORK, INC.",27,13,6,0.1,15,8,2,2,0,6,4,2,1,0,national
2025,WA,53011,Clark,549300ALNLUNS3Y53T24,AMERICAN FINANCING CORPORATION,83,13,37,0.1,54,27,2,0,0,11,1,1,0,0,national
2025,WA,53011,Clark,549300YN94MOAVYW0F52,"GoodLeap, LLC",17,12,1,0.09,12,4,1,0,0,9,3,0,0,0,national
2025,WA,53011,Clark,L9VVX1KT5TFTKS0MLF66,First-Citizens Bank & Trust Company,12,12,0,0.09,12,0,0,0,0,12,0,0,0,0,national
2025,WA,53011,Clark,X05BVSK68TQ7YTOSNR22,Discover Bank,86,12,54,0.09,86,0,0,0,0,12,0,0,0,0,national
2025,WA,53011,Clark,254900NZOY3XB2DNSZ34,,17,11,6,0.09,17,0,0,0,0,11,0,0,0,0,national
2025,WA,53011,Clark,5493009HUMWCHFRDKF12,SAMMAMISH MORTGAGE COMPANY,24,11,0,0.09,24,0,0,0,0,11,0,0,0,0,national
2025,WA,53011,Clark,549300IEP77RKJ87Z176,OREGON COMMUNITY,17,11,3,0.09,17,0,0,0,0,11,0,0,0,0,national
2025,WA,53011,Clark,549300NWBS6MQJX15N44,,14,11,2,0.09,14,0,0,0,0,11,0,0,0,0,national
2025,WA,53011,Clark,549300VQUTI5IU7GXT57,SECURITYNATIONAL MORTGAGE COMPANY,14,11,1,0.09,6,8,0,0,0,5,6,0,0,0,national
2025,WA,53011,Clark,549300ZBXINP1Y94CN02,,16,11,0,0.09,10,4,2,0,0,6,3,2,0,0,national
2025,WA,53011,Clark,3Y4U8VZURTYWI1W2K376,BMO Bank National Association,28,10,13,0.08,28,0,0,0,0,10,0,0,0,0,national
2025,WA,53011,Clark,549300323EON4W3CCM44,"RESICENTRAL, LLC",18,10,1,0.08,16,1,1,0,0,10,0,0,0,0,national
2025,WA,53011,Clark,54930049L5WINET09Q97,"CLICK N' CLOSE, INC.",14,10,0,0.08,6,7,1,0,0,5,5,0,0,0,national
2025,WA,53011,Clark,54930097J3TUZXBXXE75,,22,10,4,0.08,21,1,0,0,0,10,0,0,0,0,national
2025,WA,53011,Clark,549300BX448ALT10FI43,The Federal Savings Bank,33,10,2,0.08,7,2,24,0,0,4,0,6,0,0,national
2025,WA,53011,Clark,549300N2GMOJ61XHEL06,,12,10,0,0.08,12,0,0,0,0,10,0,0,0,0,national
2025,WA,53011,Clark,549300Q3ROEQU3D1IW91,,34,10,15,0.08,34,0,0,0,0,10,0,0,0,0,national
2025,WA,53011,Clark,549300S5FVOSK5DQJN30,INTERCAP LENDING INC.,12,10,0,0.08,12,0,0,0,0,10,0,0,0,0,national
2025,WA,53011,Clark,549300SUCQ1358EGVE89,"NEW DAY FINANCIAL, LLC",48,10,12,0.08,0,1,47,0,0,0,0,10,0,0,national
2025,WA,53011,Clark,549300XHPPLC0TBRV021,,10,10,0,0.08,7,3,0,0,0,7,3,0,0,0,national
2025,WA,53011,Clark,549300XQVJ1XBNFA5536,21ST MORTGAGE CORPORATION,90,10,40,0.08,90,0,0,0,0,10,0,0,0,0,national
2025,WA,53011,Clark,254900RNV63A0TIZNK90,,12,9,0,0.07,10,0,2,0,0,7,0,2,0,0,national
2025,WA,53011,Clark,54930021WPEXNHYZUL09,"PLANET HOME LENDING, LLC",15,9,6,0.07,6,7,2,0,0,2,5,2,0,0,national
2025,WA,53011,Clark,5493004AS1SPBQOFDR49,"Change Lending, LLC",15,9,1,0.07,12,3,0,0,0,7,2,0,0,0,national
2025,WA,53011,Clark,5493008ZTV4S0W9DCX64,,9,9,0,0.07,6,3,0,0,0,6,3,0,0,0,national
2025,WA,53011,Clark,549300DCGBXW5FJMV921,,9,9,0,0.07,4,5,0,0,0,4,5,0,0,0,national
2025,WA,53011,Clark,549300KTR1JGH3K6LU06,FOURLEAF,22,9,11,0.07,22,0,0,0,0,9,0,0,0,0,national
2025,WA,53011,Clark,254900E6AIE4Z8YQM970,Citadel Servicing Corporation,20,8,3,0.06,20,0,0,0,0,8,0,0,0,0,national
2025,WA,53011,Clark,254900HD4RROQDXNWI45,,16,8,4,0.06,16,0,0,0,0,8,0,0,0,0,national
2025,WA,53011,Clark,5493001GDRY0EL7VG372,"ARK-LA-TEX FINANCIAL SERVICES, LLC.",11,8,1,0.06,3,3,5,0,0,3,1,4,0,0,national
2025,WA,53011,Clark,5493001PXRJMPLXPG540,IDAHO CENTRAL CREDIT UNION,9,8,0,0.06,9,0,0,0,0,8,0,0,0,0,national
2025,WA,53011,Clark,5493004T38NMC864VL66,,8,8,0,0.06,8,0,0,0,0,8,0,0,0,0,national
2025,WA,53011,Clark,549300K4ZLGS7SRDTL86,Equity Prime Mortgage LLC,22,8,0,0.06,3,14,5,0,0,0,7,1,0,0,national
2025,WA,53011,Clark,549300L44U62O7WHRR78,FIRST COMMUNITY,10,8,0,0.06,10,0,0,0,0,8,0,0,0,0,national
2025,WA,53011,Clark,549300LZUXCJFE5ONM48,,9,8,1,0.06,0,9,0,0,0,0,8,0,0,0,national
2025,WA,53011,Clark,549300MCIFZSDHUT8X63,"NFM, INC.",9,8,0,0.06,7,0,2,0,0,7,0,1,0,0,national
2025,WA,53011,Clark,549300PC4MFWQBNVKG88,"V.I.P. MORTGAGE, INC.",10,8,0,0.06,6,3,1,0,0,4,3,1,0,0,national
2025,WA,53011,Clark,549300UXY7OP0IC38293,Northpointe Bank,10,8,0,0.06,10,0,0,0,0,8,0,0,0,0,national
2025,WA,53011,Clark,549300ZWNETGFXTBBY03,"CANOPY MORTGAGE, LLC",18,8,0,0.06,15,2,1,0,0,7,0,1,0,0,national
2025,WA,53011,Clark,254900FBWEZ3YUPOBN33,,8,7,1,0.05,8,0,0,0,0,7,0,0,0,0,national
2025,WA,53011,Clark,549300GTVXJ2PGXNLM73,T2 FINANCIAL LLC,11,7,0,0.05,7,1,3,0,0,5,1,1,0,0,national
2025,WA,53011,Clark,549300ISCZS1R0CJMO47,,8,7,0,0.05,6,2,0,0,0,6,1,0,0,0,national
2025,WA,53011,Clark,549300JPVHG8M0ADBX36,,12,7,0,0.05,11,0,1,0,0,7,0,0,0,0,national
2025,WA,53011,Clark,549300NFPC3Y4W3Y7R87,,13,7,0,0.05,9,4,0,0,0,3,4,0,0,0,national
2025,WA,53011,Clark,549300SK2GVCQXPD4S58,"SUN WEST MORTGAGE COMPANY, INC.",12,7,1,0.05,3,3,6,0,0,1,2,4,0,0,national
2025,WA,53011,Clark,549300UR5AOWTJJ7KZ64,,8,7,0,0.05,8,0,0,0,0,7,0,0,0,0,national
2025,WA,53011,Clark,549300VEJ302N3NLKA88,,10,7,3,0.05,10,0,0,0,0,7,0,0,0,0,national
2025,WA,53011,Clark,549300VORTI31GZTJL53,"CARDINAL FINANCIAL COMPANY, LIMITED PARTNERSHIP",9,7,0,0.05,5,3,1,0,0,5,1,1,0,0,national
2025,WA,53011,Clark,549300YX5RPSSMR88K92,,9,7,0,0.05,9,0,0,0,0,7,0,0,0,0,national
2025,WA,53011,Clark,549300Z2B4FHRYOXTS09,,12,7,5,0.05,12,0,0,0,0,7,0,0,0,0,national
2025,WA,53011,Clark,549300ZZME37MXI1EF14,"DAS ACQUISITION COMPANY, LLC",9,7,0,0.05,8,1,0,0,0,6,1,0,0,0,national
2025,WA,53011,Clark,25490018IFQOT83Q7H49,,6,6,0,0.05,5,0,1,0,0,5,0,1,0,0,national
2025,WA,53011,Clark,254900O2K17TNH5CL873,"RF RENOVO MANAGEMENT COMPANY, LLC",7,6,0,0.05,7,0,0,0,0,6,0,0,0,0,national
2025,WA,53011,Clark,254900VELJPWWT51WN03,,6,6,0,0.05,6,0,0,0,0,6,0,0,0,0,national
2025,WA,53011,Clark,2WHM8VNJH63UN14OL754,The Huntington National Bank,8,6,0,0.05,8,0,0,0,0,6,0,0,0,0,national
2025,WA,53011,Clark,5493002B2WMHY23GFK92,"AMERICAN FINANCIAL RESOURCES, INC.",10,6,2,0.05,6,3,1,0,0,4,1,1,0,0,national
2025,WA,53011,Clark,5493003WLEYGXGNTI654,SELCO COMMUNITY,13,6,5,0.05,13,0,0,0,0,6,0,0,0,0,national
2025,WA,53011,Clark,54930078TNN7GKZ7NU89,,11,6,1,0.05,11,0,0,0,0,6,0,0,0,0,national
2025,WA,53011,Clark,549300HIVO8XPBPNVG69,NOVA FINANCIAL & INVESTMENT CORPORATION,6,6,0,0.05,4,1,1,0,0,4,1,1,0,0,national
2025,WA,53011,Clark,549300PBTV7FCWLSMM53,"MORTGAGE SOLUTIONS OF COLORADO, LLC",6,6,0,0.05,0,1,5,0,0,0,1,5,0,0,national
2025,WA,53011,Clark,549300PL267CW8182203,,16,6,1,0.05,0,6,10,0,0,0,3,3,0,0,national
2025,WA,53011,Clark,549300RD5IG88VPO6P22,,9,6,0,0.05,9,0,0,0,0,6,0,0,0,0,national
2025,WA,53011,Clark,549300T9P3WXNMXX0I34,Ixonia Bank,8,6,0,0.05,6,1,0,1,0,5,1,0,0,0,national
2025,WA,53011,Clark,549300Y5Y88FQLI7VE83,DEEPHAVEN MORTGAGE LLC,14,6,7,0.05,14,0,0,0,0,6,0,0,0,0,national
2025,WA,53011,Clark,254900BMXWPEHXG4LF21,,10,5,3,0.04,2,8,0,0,0,1,4,0,0,0,national
2025,WA,53011,Clark,254900HEJ9F73IMPX887,,9,5,0,0.04,9,0,0,0,0,5,0,0,0,0,national
2025,WA,53011,Clark,54930001NSTOD85LT125,"GUARANTEED RATE AFFINITY, LLC",13,5,2,0.04,10,1,2,0,0,3,1,1,0,0,national
2025,WA,53011,Clark,5493001XKL0FTNOJ0866,,8,5,0,0.04,6,1,1,0,0,4,1,0,0,0,national
2025,WA,53011,Clark,5493002Y5XYV7DV1ZV88,"GOLD STAR MORTGAGE FINANCIAL GROUP, CORPORATION",6,5,0,0.04,1,2,3,0,0,1,2,2,0,0,national
2025,WA,53011,Clark,54930030Z1JWTP3SVD16,,8,5,1,0.04,2,6,0,0,0,2,3,0,0,0,national
2025,WA,53011,Clark,5493007L4GYNO2PUBS09,,6,5,1,0.04,6,0,0,0,0,5,0,0,0,0,national
2025,WA,53011,Clark,5493008VVXQIDO1EZ460,"SUMMIT FUNDING, INC.",7,5,0,0.04,6,1,0,0,0,4,1,0,0,0,national
2025,WA,53011,Clark,549300A5HHOL2ED18C72,,10,5,0,0.04,10,0,0,0,0,5,0,0,0,0,national
2025,WA,53011,Clark,549300BOXNV8VLRBDT24,,8,5,0,0.04,8,0,0,0,0,5,0,0,0,0,national
2025,WA,53011,Clark,549300KSOOZZVXCMA627,ANGEL OAK MORTGAGE SOLUTIONS LLC,19,5,3,0.04,19,0,0,0,0,5,0,0,0,0,national
2025,WA,53011,Clark,549300KX4S1573HISS22,,9,5,0,0.04,9,0,0,0,0,5,0,0,0,0,national
2025,WA,53011,Clark,549300MHH03ICJYEPE85,,16,5,5,0.04,6,10,0,0,0,2,3,0,0,0,national
2025,WA,53011,Clark,549300O6Z0I6KYMESL47,AMWEST FUNDING CORP.,6,5,0,0.04,6,0,0,0,0,5,0,0,0,0,national
2025,WA,53011,Clark,549300Q6YL1SFVPEGV90,,13,5,0,0.04,3,9,1,0,0,0,5,0,0,0,national
2025,WA,53011,Clark,549300TUQC6OYE8A0Y96,,5,5,0,0.04,4,0,1,0,0,4,0,1,0,0,national
2025,WA,53011,Clark,549300XCVBRR56D08F03,,26,5,0,0.04,24,2,0,0,0,4,1,0,0,0,national
2025,WA,53011,Clark,E57ODZWZ7FF32TWEFA76,"Citibank, National Association",13,5,2,0.04,13,0,0,0,0,5,0,0,0,0,national
2025,WA,53011,Clark,2549005FUF02T1IFCA22,,4,4,0,0.03,4,0,0,0,0,4,0,0,0,0,national
2025,WA,53011,Clark,2549005Q4HZ55QX7YC64,,5,4,1,0.03,5,0,0,0,0,4,0,0,0,0,national
2025,WA,53011,Clark,254900HA4DQWAE0W3342,"AMERIHOME MORTGAGE COMPANY, LLC",10,4,1,0.03,6,4,0,0,0,2,2,0,0,0,national
2025,WA,53011,Clark,254900O28OG3UMHXQY81,,4,4,0,0.03,1,2,1,0,0,1,2,1,0,0,national
2025,WA,53011,Clark,254900QPRPHIXEAX3L37,,7,4,1,0.03,7,0,0,0,0,4,0,0,0,0,national
2025,WA,53011,Clark,254900WTZC5SSKIN2M11,,6,4,1,0.03,6,0,0,0,0,4,0,0,0,0,national
2025,WA,53011,Clark,5493000349C5XXDRQX28,,9,4,1,0.03,7,1,1,0,0,4,0,0,0,0,national
2025,WA,53011,Clark,5493002GI63WHHUTUD85,"KEYSTONE FUNDING, INC.",5,4,0,0.03,5,0,0,0,0,4,0,0,0,0,national
2025,WA,53011,Clark,5493003V40VGM7YDFM54,FIRST COLONY MORTGAGE CORPORATION,5,4,0,0.03,1,2,2,0,0,1,2,1,0,0,national
2025,WA,53011,Clark,5493004M1U54OO4KKE09,,4,4,0,0.03,4,0,0,0,0,4,0,0,0,0,national
2025,WA,53011,Clark,5493005JXQCVNMUHBR38,,5,4,1,0.03,5,0,0,0,0,4,0,0,0,0,national
2025,WA,53011,Clark,549300AG10BX85DF5S49,MLD MORTGAGE INC.,5,4,0,0.03,2,2,1,0,0,2,2,0,0,0,national
2025,WA,53011,Clark,549300DK7QID2ZON6Q55,Global Federal Credit Union,13,4,3,0.03,11,1,1,0,0,2,1,1,0,0,national
2025,WA,53011,Clark,549300PQLK8E48ILXV41,,7,4,2,0.03,7,0,0,0,0,4,0,0,0,0,national
2025,WA,53011,Clark,549300RA3E0BUFO7YZ21,"Hometown Equity Mortgage, LLC",10,4,4,0.03,10,0,0,0,0,4,0,0,0,0,national
2025,WA,53011,Clark,549300T61O0X0RJMQ375,,6,4,0,0.03,6,0,0,0,0,4,0,0,0,0,national
2025,WA,53011,Clark,549300TUSRLWD8ETNR90,SPOKANE TEACHERS,7,4,1,0.03,7,0,0,0,0,4,0,0,0,0,national
2025,WA,53011,Clark,CKVBED0S4DMLKJJ5XH28,Stifel Bank and Trust,4,4,0,0.03,4,0,0,0,0,4,0,0,0,0,national
2025,WA,53011,Clark,Q708HHR4LD2B7XIZNO92,First Federal Bank,6,4,1,0.03,4,0,2,0,0,2,0,2,0,0,national
2025,WA,53011,Clark,WWB2V0FCW3A0EE3ZJN75,Manufacturers and Traders Trust Company,5,4,0,0.03,1,3,1,0,0,1,2,1,0,0,national
2025,WA,53011,Clark,254900ACU16O36WZP625,,3,3,0,0.02,3,0,0,0,0,3,0,0,0,0,national
2025,WA,53011,Clark,254900MHHOS58M9D0445,,3,3,0,0.02,3,0,0,0,0,3,0,0,0,0,national
2025,WA,53011,Clark,254900MRUZFHXLEPLR52,,6,3,3,0.02,6,0,0,0,0,3,0,0,0,0,national
2025,WA,53011,Clark,254900YA1AQXNM8QVZ06,,3,3,0,0.02,3,0,0,0,0,3,0,0,0,0,national
2025,WA,53011,Clark,5493001X0T84TYRJ5Y59,,6,3,2,0.02,6,0,0,0,0,3,0,0,0,0,national
2025,WA,53011,Clark,5493003NV9L53LK1XI52,,5,3,0,0.02,3,2,0,0,0,1,2,0,0,0,national
2025,WA,53011,Clark,54930048P8RWCQHQM310,,6,3,0,0.02,6,0,0,0,0,3,0,0,0,0,national
2025,WA,53011,Clark,549300COIWXM618UBE82,HomeTrust Bank,7,3,1,0.02,7,0,0,0,0,3,0,0,0,0,national
2025,WA,53011,Clark,549300GQDT484LGI9C04,,21,3,3,0.02,15,4,2,0,0,1,1,1,0,0,national
2025,WA,53011,Clark,549300GS6ONO04ORI292,,3,3,0,0.02,3,0,0,0,0,3,0,0,0,0,national
2025,WA,53011,Clark,549300GWD9H4FQ2VR805,,4,3,0,0.02,4,0,0,0,0,3,0,0,0,0,national
2025,WA,53011,Clark,549300I1HK1BBZLKOB84,,3,3,0,0.02,3,0,0,0,0,3,0,0,0,0,national
2025,WA,53011,Clark,549300NJVKCDJA5YC939,,4,3,0,0.02,3,1,0,0,0,2,1,0,0,0,national
2025,WA,53011,Clark,549300TK6RZQSFXZHV09,,3,3,0,0.02,2,1,0,0,0,2,1,0,0,0,national
2025,WA,53011,Clark,549300W4FT4H1UWPGU95,GREENSTATE Credit Union,3,3,0,0.02,3,0,0,0,0,3,0,0,0,0,national
2025,WA,53011,Clark,1IE8VN30JCEQV1H4R804,,5,2,1,0.02,5,0,0,0,0,2,0,0,0,0,national
2025,WA,53011,Clark,254900378RFGMBEKAF12,Empeople Credit Union,2,2,0,0.02,2,0,0,0,0,2,0,0,0,0,national
2025,WA,53011,Clark,25490045AQF6IJKP4394,,6,2,2,0.02,6,0,0,0,0,2,0,0,0,0,national
2025,WA,53011,Clark,2549009X2AG1P20YAJ63,,3,2,0,0.02,3,0,0,0,0,2,0,0,0,0,national
2025,WA,53011,Clark,254900HIDMT4ZG09RP47,,2,2,0,0.02,0,0,2,0,0,0,0,2,0,0,national
2025,WA,53011,Clark,254900JH11ROOV921P96,,2,2,0,0.02,0,1,1,0,0,0,1,1,0,0,national
2025,WA,53011,Clark,254900LTD432L5CHIZ48,,2,2,0,0.02,2,0,0,0,0,2,0,0,0,0,national
2025,WA,53011,Clark,254900MKY47WU65N1J56,,5,2,2,0.02,5,0,0,0,0,2,0,0,0,0,national
2025,WA,53011,Clark,254900QNIR86GUIRYH95,,2,2,0,0.02,2,0,0,0,0,2,0,0,0,0,national
2025,WA,53011,Clark,254900TG14TB8RKS3U42,,4,2,0,0.02,4,0,0,0,0,2,0,0,0,0,national
2025,WA,53011,Clark,254900VHUBSJJKOMBF27,,2,2,0,0.02,2,0,0,0,0,2,0,0,0,0,national
2025,WA,53011,Clark,254900WEP08K7U7S3A80,,2,2,0,0.02,1,0,1,0,0,1,0,1,0,0,national
2025,WA,53011,Clark,254900Z8J5L9POS71X51,Oregon State Credit Union,3,2,1,0.02,3,0,0,0,0,2,0,0,0,0,national
2025,WA,53011,Clark,54930002O9LLXKR6TF11,,2,2,0,0.02,2,0,0,0,0,2,0,0,0,0,national
2025,WA,53011,Clark,5493000EUC3MM52PJV85,,2,2,0,0.02,2,0,0,0,0,2,0,0,0,0,national
2025,WA,53011,Clark,5493000IIYWBLONJVJ30,,3,2,0,0.02,3,0,0,0,0,2,0,0,0,0,national
2025,WA,53011,Clark,5493002TJKC8NLH1ZP82,,3,2,0,0.02,3,0,0,0,0,2,0,0,0,0,national
2025,WA,53011,Clark,5493004F7BXDIUFVPV87,,3,2,1,0.02,3,0,0,0,0,2,0,0,0,0,national
2025,WA,53011,Clark,5493004RLLKTQS8K7U51,,4,2,1,0.02,4,0,0,0,0,2,0,0,0,0,national
2025,WA,53011,Clark,5493005ICQ3QGEIWV618,UNITED MORTGAGE CORP.,2,2,0,0.02,1,1,0,0,0,1,1,0,0,0,national
2025,WA,53011,Clark,5493005JPZ3LXXMB0S24,"Carrington Mortgage Services, LLC",6,2,0,0.02,4,1,1,0,0,1,1,0,0,0,national
2025,WA,53011,Clark,5493006KQF5UKZ3Y9N07,,2,2,0,0.02,1,1,0,0,0,1,1,0,0,0,national
2025,WA,53011,Clark,5493006KXUHSYFT7SD10,,2,2,0,0.02,2,0,0,0,0,2,0,0,0,0,national
2025,WA,53011,Clark,5493006RIR31ORKYB608,,3,2,0,0.02,0,2,1,0,0,0,1,1,0,0,national
2025,WA,53011,Clark,54930072OCHTUJOZQB56,Liberty Credit Union,2,2,0,0.02,1,1,0,0,0,1,1,0,0,0,national
2025,WA,53011,Clark,5493007CLWQN2S6IZK91,,2,2,0,0.02,0,0,2,0,0,0,0,2,0,0,national
2025,WA,53011,Clark,54930083D8Q8RK84Y448,,2,2,0,0.02,2,0,0,0,0,2,0,0,0,0,national
2025,WA,53011,Clark,5493008SP1FN4D81IS17,,4,2,1,0.02,4,0,0,0,0,2,0,0,0,0,national
2025,WA,53011,Clark,5493009QB0KBU5M6NP90,,3,2,0,0.02,3,0,0,0,0,2,0,0,0,0,national
2025,WA,53011,Clark,549300C04BJ0G297NC13,,2,2,0,0.02,2,0,0,0,0,2,0,0,0,0,national
2025,WA,53011,Clark,549300DNWSJUNAWUM003,,2,2,0,0.02,2,0,0,0,0,2,0,0,0,0,national
2025,WA,53011,Clark,549300DQLGJ1YQRRHH73,,2,2,0,0.02,2,0,0,0,0,2,0,0,0,0,national
2025,WA,53011,Clark,549300E34W6TNRG7B624,,5,2,1,0.02,5,0,0,0,0,2,0,0,0,0,national
2025,WA,53011,Clark,549300HRLROF7PLJ6735,CLEAREDGE LENDING LLC,4,2,1,0.02,4,0,0,0,0,2,0,0,0,0,national
2025,WA,53011,Clark,549300IBT3SCF2K09D58,,3,2,0,0.02,3,0,0,0,0,2,0,0,0,0,national
2025,WA,53011,Clark,549300IFOE4SCP384147,University Bank,2,2,0,0.02,2,0,0,0,0,2,0,0,0,0,national
2025,WA,53011,Clark,549300JD1162QW84ZO34,,2,2,0,0.02,2,0,0,0,0,2,0,0,0,0,national
2025,WA,53011,Clark,549300JQALY53TH22D13,,2,2,0,0.02,2,0,0,0,0,2,0,0,0,0,national
2025,WA,53011,Clark,549300KQHWNSVCE2MY88,,2,2,0,0.02,2,0,0,0,0,2,0,0,0,0,national
2025,WA,53011,Clark,549300KW3HYVC06WS898,,2,2,0,0.02,2,0,0,0,0,2,0,0,0,0,national
2025,WA,53011,Clark,549300N52O6FKUCU5G62,NUMERICA CREDIT UNION,2,2,0,0.02,2,0,0,0,0,2,0,0,0,0,national
2025,WA,53011,Clark,549300NN0PRX3I4QGG46,,3,2,0,0.02,0,0,3,0,0,0,0,2,0,0,national
2025,WA,53011,Clark,549300OBO7DOF2KOP535,FirstBank,3,2,1,0.02,2,0,1,0,0,1,0,1,0,0,national
2025,WA,53011,Clark,549300QIUZLVR1OLDH55,Genisys Credit Union,3,2,0,0.02,3,0,0,0,0,2,0,0,0,0,national
2025,WA,53011,Clark,549300RFLICNI75BG067,Luminate Bank,3,2,1,0.02,2,1,0,0,0,1,1,0,0,0,national
2025,WA,53011,Clark,549300TA4MQM8WN2XG31,,4,2,0,0.02,4,0,0,0,0,2,0,0,0,0,national
2025,WA,53011,Clark,549300TOZIPCBM0DLH67,,2,2,0,0.02,2,0,0,0,0,2,0,0,0,0,national
2025,WA,53011,Clark,549300UXTDELQS5SLF91,DUPACO COMMUNITY,2,2,0,0.02,2,0,0,0,0,2,0,0,0,0,national
2025,WA,53011,Clark,549300V1IRRYSYRSPU54,,2,2,0,0.02,2,0,0,0,0,2,0,0,0,0,national
2025,WA,53011,Clark,549300VMX06UV1F7NS76,,2,2,0,0.02,1,0,1,0,0,1,0,1,0,0,national
2025,WA,53011,Clark,549300W1HU6IVVIEJ389,"RANLIFE, INC.",4,2,0,0.02,1,3,0,0,0,0,2,0,0,0,national
2025,WA,53011,Clark,549300W45D2J6BT4LX65,,2,2,0,0.02,2,0,0,0,0,2,0,0,0,0,national
2025,WA,53011,Clark,549300XHF3PMRO08N352,,4,2,1,0.02,4,0,0,0,0,2,0,0,0,0,national
2025,WA,53011,Clark,549300XWUSRVVOHPRY47,Academy Mortgage Corporation,12,2,0,0.02,9,2,1,0,0,1,1,0,0,0,national
2025,WA,53011,Clark,549300ZPSJZO10ZAX556,"AMERICAN HERITAGE LENDING, LLC",4,2,0,0.02,4,0,0,0,0,2,0,0,0,0,national
2025,WA,53011,Clark,984500F6E6940CCB6A60,,3,2,1,0.02,3,0,0,0,0,2,0,0,0,0,national
2025,WA,53011,Clark,C398JSK21YCXWM603F55,"Barrington Bank & Trust Company, National Association",5,2,0,0.02,3,0,2,0,0,2,0,0,0,0,national
2025,WA,53011,Clark,DRMSV1Q0EKMEXLAU1P80,"Citizens Bank, National Association",4,2,1,0.02,3,1,0,0,0,2,0,0,0,0,national
2025,WA,53011,Clark,KD3XUN7C6T14HNAYLU02,,3,2,1,0.02,3,0,0,0,0,2,0,0,0,0,national
2025,WA,53011,Clark,WKN6AF1FCL7BBYGTGI83,,4,2,1,0.02,4,0,0,0,0,2,0,0,0,0,national
2025,WA,53011,Clark,2549004CU9LAM5CYA280,,1,1,0,0.01,1,0,0,0,0,1,0,0,0,0,national
2025,WA,53011,Clark,2549004XJQQPBYQSMT39,,3,1,0,0.01,3,0,0,0,0,1,0,0,0,0,national
2025,WA,53011,Clark,2549004Z576VEJBK3N72,"NQM FUNDING, LLC",3,1,2,0.01,3,0,0,0,0,1,0,0,0,0,national
2025,WA,53011,Clark,2549007IU6SKFLLNKZ07,,1,1,0,0.01,1,0,0,0,0,1,0,0,0,0,national
2025,WA,53011,Clark,254900IEGKUDRDS23V26,,3,1,0,0.01,3,0,0,0,0,1,0,0,0,0,national
2025,WA,53011,Clark,254900JZN2V0PWFMW808,,1,1,0,0.01,1,0,0,0,0,1,0,0,0,0,national
2025,WA,53011,Clark,254900KKWIJLOTNP7667,,1,1,0,0.01,1,0,0,0,0,1,0,0,0,0,national
2025,WA,53011,Clark,254900LX8DA8FRHUUD51,Potlatch No. 1 Financial Credit Union,1,1,0,0.01,1,0,0,0,0,1,0,0,0,0,national
2025,WA,53011,Clark,254900N6XFQR6TP1WG82,,1,1,0,0.01,1,0,0,0,0,1,0,0,0,0,national
2025,WA,53011,Clark,254900O723MCLR701H50,,3,1,2,0.01,3,0,0,0,0,1,0,0,0,0,national
2025,WA,53011,Clark,254900RM3T6WAVE6SA24,,1,1,0,0.01,1,0,0,0,0,1,0,0,0,0,national
2025,WA,53011,Clark,254900U7WUFP33SSQ460,,1,1,0,0.01,1,0,0,0,0,1,0,0,0,0,national
2025,WA,53011,Clark,254900WT4HAMDFWH3048,,6,1,0,0.01,0,6,0,0,0,0,1,0,0,0,national
2025,WA,53011,Clark,4EP6JBYBTPTQ47LZOB67,,2,1,0,0.01,2,0,0,0,0,1,0,0,0,0,national
2025,WA,53011,Clark,5493000BAKE4VAHVCU55,,2,1,0,0.01,2,0,0,0,0,1,0,0,0,0,national
2025,WA,53011,Clark,5493000H6DFDDJRORG89,,7,1,0,0.01,6,1,0,0,0,1,0,0,0,0,national
2025,WA,53011,Clark,5493001VH4ZJNSI25781,Peoples Bank,3,1,2,0.01,3,0,0,0,0,1,0,0,0,0,national
2025,WA,53011,Clark,54930021DZJ9CEN11D61,,2,1,0,0.01,2,0,0,0,0,1,0,0,0,0,national
2025,WA,53011,Clark,54930021QRU8VXNS6152,Sound Credit Union,6,1,3,0.01,6,0,0,0,0,1,0,0,0,0,national
2025,WA,53011,Clark,5493002QI5QUDX4RGW52,,1,1,0,0.01,1,0,0,0,0,1,0,0,0,0,national
2025,WA,53011,Clark,5493002QRULT2T40BH09,COMMUNITYAMERICA FEDERAL CREDIT UNION,1,1,0,0.01,1,0,0,0,0,1,0,0,0,0,national
2025,WA,53011,Clark,54930030S6J5KOL5LJ73,FAIRWINDS CREDIT UNION,1,1,0,0.01,1,0,0,0,0,1,0,0,0,0,national
2025,WA,53011,Clark,54930034MNPILHP25H80,Gateway First Bank,1,1,0,0.01,1,0,0,0,0,1,0,0,0,0,national
2025,WA,53011,Clark,5493003Q3L1PO9NBVK64,WHATCOM EDUCATIONAL CREDIT UNION,3,1,2,0.01,3,0,0,0,0,1,0,0,0,0,national
2025,WA,53011,Clark,5493006P5IHSK77SZ855,,1,1,0,0.01,1,0,0,0,0,1,0,0,0,0,national
2025,WA,53011,Clark,5493008E4KBJCB6UKR64,,1,1,0,0.01,0,1,0,0,0,0,1,0,0,0,national
2025,WA,53011,Clark,54930098QK48NVYBZC62,,1,1,0,0.01,1,0,0,0,0,1,0,0,0,0,national
2025,WA,53011,Clark,5493009Y8ROUG903AQ21,,1,1,0,0.01,1,0,0,0,0,1,0,0,0,0,national
2025,WA,53011,Clark,549300AENO88GEUWCZ39,,1,1,0,0.01,1,0,0,0,0,1,0,0,0,0,national
2025,WA,53011,Clark,549300AEULLVYD8L9B04,,1,1,0,0.01,1,0,0,0,0,1,0,0,0,0,national
2025,WA,53011,Clark,549300AT7EB9FJAF0E61,Old National Bank,1,1,0,0.01,1,0,0,0,0,1,0,0,0,0,national
2025,WA,53011,Clark,549300CDLJDN8ENOT455,MARION AND POLK SCHOOLS CREDIT UNION,1,1,0,0.01,1,0,0,0,0,1,0,0,0,0,national
2025,WA,53011,Clark,549300CLRXFVF83ZL806,"NATIONWIDE MORTGAGE BANKERS, INC.",1,1,0,0.01,0,1,0,0,0,0,1,0,0,0,national
2025,WA,53011,Clark,549300DRA4BDXW23LD45,,3,1,1,0.01,2,0,1,0,0,1,0,0,0,0,national
2025,WA,53011,Clark,549300DT7CCDCC7O6Z60,,1,1,0,0.01,1,0,0,0,0,1,0,0,0,0,national
2025,WA,53011,Clark,549300DT7WZ1SOTNFJ62,,1,1,0,0.01,1,0,0,0,0,1,0,0,0,0,national
2025,WA,53011,Clark,549300EFCZM6KD6B8K69,MORTGAGE ACCESS CORP.,1,1,0,0.01,1,0,0,0,0,1,0,0,0,0,national
2025,WA,53011,Clark,549300F6Y1YO2YXN6135,,1,1,0,0.01,1,0,0,0,0,1,0,0,0,0,national
2025,WA,53011,Clark,549300F8C5JA44WNMI75,AMERICAN NEIGHBORHOOD MORTGAGE ACCEPTANCE COMPANY LLC,4,1,0,0.01,1,3,0,0,0,1,0,0,0,0,national
2025,WA,53011,Clark,549300FK3AFCFVAPH234,"Leader Bank, National Association",3,1,0,0.01,3,0,0,0,0,1,0,0,0,0,national
2025,WA,53011,Clark,549300G4ESSS6M0MEG51,ORIGINPOINT LLC,2,1,0,0.01,2,0,0,0,0,1,0,0,0,0,national
2025,WA,53011,Clark,549300GRGZDEH4ZGQS06,WATERSTONE MORTGAGE CORPORATION,1,1,0,0.01,1,0,0,0,0,1,0,0,0,0,national
2025,WA,53011,Clark,549300GYK7N8U42X9587,,1,1,0,0.01,1,0,0,0,0,1,0,0,0,0,national
2025,WA,53011,Clark,549300HGZNH5YBU04369,,1,1,0,0.01,1,0,0,0,0,1,0,0,0,0,national
2025,WA,53011,Clark,549300HH0V8LECLNPQ26,ROGUE,1,1,0,0.01,1,0,0,0,0,1,0,0,0,0,national
2025,WA,53011,Clark,549300HINJH60UG3KG47,,1,1,0,0.01,1,0,0,0,0,1,0,0,0,0,national
2025,WA,53011,Clark,549300JPGMCMBEJEK584,FIRST TECHNOLOGY,2,1,0,0.01,2,0,0,0,0,1,0,0,0,0,national
2025,WA,53011,Clark,549300KDR80I1ELW8D36,,12,1,5,0.01,12,0,0,0,0,1,0,0,0,0,national
2025,WA,53011,Clark,549300KHXD7JSQUZIJ22,"HIGHLANDS RESIDENTIAL MORTGAGE, LTD.",1,1,0,0.01,0,1,0,0,0,0,1,0,0,0,national
2025,WA,53011,Clark,549300KPHGEE40YQXO21,,1,1,0,0.01,1,0,0,0,0,1,0,0,0,0,national
2025,WA,53011,Clark,549300KUIZTYQRC0R888,,1,1,0,0.01,1,0,0,0,0,1,0,0,0,0,national
2025,WA,53011,Clark,549300MP3KK77THHQT36,,2,1,0,0.01,2,0,0,0,0,1,0,0,0,0,national
2025,WA,53011,Clark,549300MUXFVZKH4XLG17,,1,1,0,0.01,1,0,0,0,0,1,0,0,0,0,national
2025,WA,53011,Clark,549300N3JBQ15RQ7AV97,,3,1,0,0.01,3,0,0,0,0,1,0,0,0,0,national
2025,WA,53011,Clark,549300NZWZUYUWEOA562,,2,1,1,0.01,2,0,0,0,0,1,0,0,0,0,national
2025,WA,53011,Clark,549300OGIGNKGO2DX942,,1,1,0,0.01,1,0,0,0,0,1,0,0,0,0,national
2025,WA,53011,Clark,549300OPB0G5OMY0SM65,,3,1,0,0.01,3,0,0,0,0,1,0,0,0,0,national
2025,WA,53011,Clark,549300OTLWFQPOOSC346,BayCoast Bank,1,1,0,0.01,1,0,0,0,0,1,0,0,0,0,national
2025,WA,53011,Clark,549300OTNSBY6RS8HU51,,1,1,0,0.01,1,0,0,0,0,1,0,0,0,0,national
2025,WA,53011,Clark,549300PKEQ3Q9S0IXW76,UNITED FEDERAL CREDIT UNION,1,1,0,0.01,1,0,0,0,0,1,0,0,0,0,national
2025,WA,53011,Clark,549300R8VPSFM828B312,TEACHERS FEDERAL CREDIT UNION,3,1,1,0.01,3,0,0,0,0,1,0,0,0,0,national
2025,WA,53011,Clark,549300RYWXR8TL5LIK35,,5,1,0,0.01,5,0,0,0,0,1,0,0,0,0,national
2025,WA,53011,Clark,549300S8SHBRCI7UU819,,1,1,0,0.01,1,0,0,0,0,1,0,0,0,0,national
2025,WA,53011,Clark,549300TMY3OACQC9U777,,2,1,0,0.01,2,0,0,0,0,1,0,0,0,0,national
2025,WA,53011,Clark,549300TSZB60GNONKL22,,1,1,0,0.01,1,0,0,0,0,1,0,0,0,0,national
2025,WA,53011,Clark,549300U8DCOOTG96YM89,,1,1,0,0.01,1,0,0,0,0,1,0,0,0,0,national
2025,WA,53011,Clark,549300UT4EN6IH579Q63,"RIGHT START MORTGAGE, INC.",1,1,0,0.01,1,0,0,0,0,1,0,0,0,0,national
2025,WA,53011,Clark,549300VZDEK4QLTWSL15,,1,1,0,0.01,1,0,0,0,0,1,0,0,0,0,national
2025,WA,53011,Clark,549300XQ7B5FIVUNFE29,VAN DYK MORTGAGE CORPORATION,1,1,0,0.01,1,0,0,0,0,1,0,0,0,0,national
2025,WA,53011,Clark,549300XRXBA38J60S618,,1,1,0,0.01,1,0,0,0,0,1,0,0,0,0,national
2025,WA,53011,Clark,549300YD7XJM19TH5O82,CITIZENS EQUITY FIRST CREDIT UNION,2,1,0,0.01,2,0,0,0,0,1,0,0,0,0,national
2025,WA,53011,Clark,549300YPBBHUEKV1YC68,,1,1,0,0.01,1,0,0,0,0,1,0,0,0,0,national
2025,WA,53011,Clark,549300YS7PW1Y7DQZG40,,1,1,0,0.01,1,0,0,0,0,1,0,0,0,0,national
2025,WA,53011,Clark,549300YW2UBCMDRMBT48,,1,1,0,0.01,0,1,0,0,0,0,1,0,0,0,national
2025,WA,53011,Clark,549300ZS1TR1B4LHX377,,3,1,1,0.01,3,0,0,0,0,1,0,0,0,0,national
2025,WA,53011,Clark,5Z1UQ1CWY0DQ3KJWDQ07,,1,1,0,0.01,1,0,0,0,0,1,0,0,0,0,national
2025,WA,53011,Clark,70WY0ID1N53Q4254VH70,,1,1,0,0.01,1,0,0,0,0,1,0,0,0,0,national
2025,WA,53011,Clark,9845005BP6974AE5D838,,1,1,0,0.01,1,0,0,0,0,1,0,0,0,0,national
2025,WA,53011,Clark,98450087981AP406JG03,CONVENTUS LLC,1,1,0,0.01,1,0,0,0,0,1,0,0,0,0,national
2025,WA,53011,Clark,984500P059VACEAAFA22,,1,1,0,0.01,0,0,1,0,0,0,0,1,0,0,national
2025,WA,53011,Clark,984500U2F9A83N391A91,"CHAMPIONS FUNDING, LLC",9,1,5,0.01,9,0,0,0,0,1,0,0,0,0,national
2025,WA,53011,Clark,AM9FLTUTLEC73M6N7I37,,1,1,0,0.01,1,0,0,0,0,1,0,0,0,0,national
2025,WA,53011,Clark,B94HV8SXGDD3J5XESU08,,1,1,0,0.01,1,0,0,0,0,1,0,0,0,0,national
2025,WA,53011,Clark,D38AC76TAMYI50NBPX33,,1,1,0,0.01,1,0,0,0,0,1,0,0,0,0,national
2025,WA,53011,Clark,EQTWLK1G7ODGC2MGLV11,Regions Bank,1,1,0,0.01,1,0,0,0,0,1,0,0,0,0,national
2025,WA,53011,Clark,FU7RSW4CQQY98A2O7J66,"BOKF, National Association",1,1,0,0.01,1,0,0,0,0,1,0,0,0,0,national
2025,WA,53011,Clark,HIDXEG9BLUJZKBGUT764,Bank-Fund Staff Federal Credit Union,1,1,0,0.01,1,0,0,0,0,1,0,0,0,0,national
2025,WA,53011,Clark,IUGPUX5LWRZ3B6KIZ697,Ameris Bank,1,1,0,0.01,0,0,1,0,0,0,0,1,0,0,national
2025,WA,53011,Clark,PINLJ7T7GLTF48NFP863,,1,1,0,0.01,1,0,0,0,0,1,0,0,0,0,national
2025,WA,53011,Clark,QFROUN1UWUYU0DVIWD51,"Eagle Home Mortgage, LLC",1,1,0,0.01,1,0,0,0,0,1,0,0,0,0,national
2025,WA,53011,Clark,ZXMJHJK466PBZTM5F379,,1,1,0,0.01,1,0,0,0,0,1,0,0,0,0,national
2025,WA,53011,Clark,54930091JQKCU3Z6IP44,,10,0,2,0.0,10,0,0,0,0,0,0,0,0,0,national
2025,WA,53015,Cowlitz,549300TDBTRK89DZRC13,Fibre Federal Credit Union,709,466,181,14.11,702,6,1,0,0,466,0,0,0,0,national
2025,WA,53015,Cowlitz,549300AQ3T62GXDU7D76,GUILD MORTGAGE COMPANY LLC,481,312,11,9.45,288,144,48,1,0,191,96,25,0,0,national
2025,WA,53015,Cowlitz,54930007KK7ZS3IJVC25,RED CANOE CREDIT UNION,384,255,36,7.72,384,0,0,0,0,255,0,0,0,0,national
2025,WA,53015,Cowlitz,549300FGXN1K3HLB1R50,"Rocket Mortgage, LLC",284,193,49,5.84,211,39,34,0,0,145,21,27,0,0,national
2025,WA,53015,Cowlitz,549300HW662MN1WU8550,"United Wholesale Mortgage, LLC",271,193,34,5.84,136,62,73,0,0,95,41,57,0,0,national
2025,WA,53015,Cowlitz,549300ZZME37MXI1EF14,"DAS ACQUISITION COMPANY, LLC",163,122,8,3.69,80,74,7,2,0,57,57,7,1,0,national
2025,WA,53015,Cowlitz,549300MGPZBLQDIL7538,FAIRWAY INDEPENDENT MORTGAGE CORPORATION,105,81,3,2.45,59,39,7,0,0,46,29,6,0,0,national
2025,WA,53015,Cowlitz,549300GKFNPRWNS0GF29,"AmeriHome Mortgage Company, LLC",97,68,3,2.06,57,25,5,10,0,42,18,3,5,0,national
2025,WA,53015,Cowlitz,549300PC4MFWQBNVKG88,"V.I.P. MORTGAGE, INC.",72,61,0,1.85,35,31,6,0,0,30,25,6,0,0,national
2025,WA,53015,Cowlitz,5493000D6RXLNBZQYA47,COLUMBIA COMMUNITY CREDIT UNION,93,58,26,1.76,92,1,0,0,0,58,0,0,0,0,national
2025,WA,53015,Cowlitz,254900N49YI2HHKDPS92,IQ Credit Union,82,51,16,1.54,82,0,0,0,0,51,0,0,0,0,national
2025,WA,53015,Cowlitz,RVDPPPGHCGZ40J4VQ731,"PENNYMAC LOAN SERVICES, LLC",88,51,12,1.54,40,35,13,0,0,24,19,8,0,0,national
2025,WA,53015,Cowlitz,2549004FXPNKCLIN8250,"Synergy One Lending, Inc.",71,49,4,1.48,49,15,7,0,0,34,12,3,0,0,national
2025,WA,53015,Cowlitz,549300DD5QQUHO6PCH70,"MORTGAGE RESEARCH CENTER, LLC",89,49,7,1.48,4,2,83,0,0,4,1,44,0,0,national
2025,WA,53015,Cowlitz,54930060G4MDPWHISD89,EVERGREEN MONEYSOURCE MORTGAGE COMPANY,58,45,1,1.36,38,15,5,0,0,28,13,4,0,0,national
2025,WA,53015,Cowlitz,IFQSIUC9AGQV2NE8CN25,Columbia Bank,58,44,7,1.33,57,1,0,0,0,43,1,0,0,0,national
2025,WA,53015,Cowlitz,549300QKL5FUBZ8LSF50,"NATIONS DIRECT MORTGAGE, LLC",62,43,2,1.3,30,19,13,0,0,20,12,11,0,0,national
2025,WA,53015,Cowlitz,6BYL5QZYBDK8S7L73M02,U.S. Bank National Association,92,41,30,1.24,89,3,0,0,0,40,1,0,0,0,national
2025,WA,53015,Cowlitz,549300U3721PJGQZYY68,"GUARANTEED RATE, INC.",57,37,2,1.12,32,17,8,0,0,19,10,8,0,0,national
2025,WA,53015,Cowlitz,549300KIOYNU323LVJ37,AMERICAN PACIFIC MORTGAGE CORPORATION,45,32,9,0.97,22,21,2,0,0,14,16,2,0,0,national
2025,WA,53015,Cowlitz,549300LBCBNR1OT00651,NATIONSTAR MORTGAGE LLC,42,30,5,0.91,37,4,1,0,0,25,4,1,0,0,national
2025,WA,53015,Cowlitz,549300FNXYY540N23N64,Newrez LLC,56,27,7,0.82,24,13,19,0,0,13,5,9,0,0,national
2025,WA,53015,Cowlitz,549300LYRWPSYPK6S325,FREEDOM MORTGAGE CORPORATION,78,26,8,0.79,5,25,48,0,0,3,4,19,0,0,national
2025,WA,53015,Cowlitz,2549008LK3474E9U2888,ONPOINT COMMUNITY CREDIT UNION,37,24,5,0.73,36,1,0,0,0,23,1,0,0,0,national
2025,WA,53015,Cowlitz,5493006P5IHSK77SZ855,,29,24,0,0.73,15,13,1,0,0,12,11,1,0,0,national
2025,WA,53015,Cowlitz,549300CY7WNAHKHYSJ73,"CORNERSTONE CAPITAL BANK, SSB",32,24,0,0.73,21,11,0,0,0,16,8,0,0,0,national
2025,WA,53015,Cowlitz,549300DD4R4SYK5RAQ92,"MOVEMENT MORTGAGE, LLC",29,22,4,0.67,20,6,3,0,0,14,5,3,0,0,national
2025,WA,53015,Cowlitz,549300OPCWU6E72WUT29,"MUTUAL OF OMAHA MORTGAGE, INC.",36,22,6,0.67,9,22,5,0,0,8,13,1,0,0,national
2025,WA,53015,Cowlitz,254900DTLHVWQ7NP7R34,"CMG Mortgage, Inc.",35,21,4,0.64,30,5,0,0,0,19,2,0,0,0,national
2025,WA,53015,Cowlitz,549300AG64NHILB7ZP05,"LOANDEPOT.COM, LLC",40,21,11,0.64,29,5,6,0,0,14,1,6,0,0,national
2025,WA,53015,Cowlitz,549300KM40FP4MSQU941,Boeing Employees Credit Union,28,21,4,0.64,28,0,0,0,0,21,0,0,0,0,national
2025,WA,53015,Cowlitz,549300RPOGWJRH63HS39,UNION HOME MORTGAGE CORP.,25,21,0,0.64,17,7,1,0,0,13,7,1,0,0,national
2025,WA,53015,Cowlitz,549300KJ8PAJ7E52HG32,Plains Commerce Bank,23,19,0,0.58,13,10,0,0,0,11,8,0,0,0,national
2025,WA,53015,Cowlitz,549300VZVN841I2ILS84,"CROSSCOUNTRY MORTGAGE, LLC",37,19,1,0.58,23,10,4,0,0,13,4,2,0,0,national
2025,WA,53015,Cowlitz,549300H3IZO24NSOO931,"LENNAR MORTGAGE, LLC",25,18,0,0.55,12,11,2,0,0,8,9,1,0,0,national
2025,WA,53015,Cowlitz,549300KOAKQX3BEWWT56,"CLM MORTGAGE, INC.",24,18,0,0.55,19,5,0,0,0,14,4,0,0,0,national
2025,WA,53015,Cowlitz,254900ZFWS2106HWPH46,"PARAMOUNT RESIDENTIAL MORTGAGE GROUP, INC.",23,17,0,0.51,17,5,0,1,0,12,5,0,0,0,national
2025,WA,53015,Cowlitz,549300YIQ7S7Z8PIHE53,AMERISAVE MORTGAGE CORPORATION,52,17,29,0.51,34,12,6,0,0,12,4,1,0,0,national
2025,WA,53015,Cowlitz,54930052M48FOD3CWA54,"PRIMARY RESIDENTIAL MORTGAGE, INC.",25,16,2,0.48,18,6,1,0,0,11,4,1,0,0,national
2025,WA,53015,Cowlitz,549300J6N77Q8OHYNF23,,18,16,1,0.48,10,7,1,0,0,9,7,0,0,0,national
2025,WA,53015,Cowlitz,549300MZ8VZJOVC63092,"KIND LENDING, LLC",24,16,7,0.48,18,5,1,0,0,12,3,1,0,0,national
2025,WA,53015,Cowlitz,549300PIL8LFAQ04XC20,Better Mortgage Corporation,57,16,28,0.48,57,0,0,0,0,16,0,0,0,0,national
2025,WA,53015,Cowlitz,5493004UNJQCCNMHSR95,,17,15,0,0.45,17,0,0,0,0,15,0,0,0,0,national
2025,WA,53015,Cowlitz,549300CB67L6KPJLHE19,"TRIAD FINANCIAL SERVICES, INC.",28,15,3,0.45,28,0,0,0,0,15,0,0,0,0,national
2025,WA,53015,Cowlitz,549300E2UX99HKDBR481,"NEW AMERICAN FUNDING, LLC",29,14,3,0.42,12,13,4,0,0,6,6,2,0,0,national
2025,WA,53015,Cowlitz,7H6GLXDRUGQFU57RNE97,"JPMorgan Chase Bank, National Association",21,14,1,0.42,21,0,0,0,0,14,0,0,0,0,national
2025,WA,53015,Cowlitz,549300SCFWZXMDMZPE93,"RESIDENTIAL MORTGAGE, LLC",17,13,2,0.39,15,2,0,0,0,11,2,0,0,0,national
2025,WA,53015,Cowlitz,B4TYDEB6GKMZO031MB27,"Bank of America, National Association",27,13,9,0.39,27,0,0,0,0,13,0,0,0,0,national
2025,WA,53015,Cowlitz,5493003T5D4N1CM46J77,1st Security Bank of Washington,19,12,0,0.36,15,2,2,0,0,10,2,0,0,0,national
2025,WA,53015,Cowlitz,5493009B17HXCVXTD608,"JMAC LENDING, INC.",16,11,0,0.33,12,3,1,0,0,8,3,0,0,0,national
2025,WA,53015,Cowlitz,549300O2EZG72LO2FX38,,14,11,1,0.33,7,7,0,0,0,6,5,0,0,0,national
2025,WA,53015,Cowlitz,2549001SI0EMFPT39035,"Cornerstone First Mortgage, Inc",12,10,0,0.3,7,5,0,0,0,5,5,0,0,0,national
2025,WA,53015,Cowlitz,254900UL88QFG0E40516,FIGURE LENDING LLC,27,10,11,0.3,27,0,0,0,0,10,0,0,0,0,national
2025,WA,53015,Cowlitz,54930049L5WINET09Q97,"CLICK N' CLOSE, INC.",12,10,0,0.3,3,8,1,0,0,3,6,1,0,0,national
2025,WA,53015,Cowlitz,KB1H1DSPRFMYMCUFXT09,"Wells Fargo Bank, National Association",16,10,2,0.3,15,1,0,0,0,9,1,0,0,0,national
2025,WA,53015,Cowlitz,WE0I402RW25AU38DTI13,Banner Bank,19,10,2,0.3,15,3,1,0,0,7,2,1,0,0,national
2025,WA,53015,Cowlitz,5493003GQDUH26DNNH17,Navy Federal Credit Union,28,9,9,0.27,21,0,7,0,0,6,0,3,0,0,national
2025,WA,53015,Cowlitz,54930043BMDE130FJ617,"PROVIDENT FUNDING ASSOCIATES, L.P.",12,9,1,0.27,12,0,0,0,0,9,0,0,0,0,national
2025,WA,53015,Cowlitz,549300NOCASXPA34X033,"LAKEVIEW LOAN SERVICING, LLC",40,9,19,0.27,16,20,4,0,0,4,5,0,0,0,national
2025,WA,53015,Cowlitz,549300Z2B4FHRYOXTS09,,14,9,5,0.27,14,0,0,0,0,9,0,0,0,0,national
2025,WA,53015,Cowlitz,5493000NYUJT9UC6G261,LEADERONE FINANCIAL CORPORATION,8,8,0,0.24,7,0,1,0,0,7,0,1,0,0,national
2025,WA,53015,Cowlitz,5493008JECR4UE0WVR04,"MORTGAGE EXPRESS, LLC",10,8,0,0.24,8,2,0,0,0,6,2,0,0,0,national
2025,WA,53015,Cowlitz,549300AG10BX85DF5S49,MLD MORTGAGE INC.,9,8,0,0.24,3,3,3,0,0,2,3,3,0,0,national
2025,WA,53015,Cowlitz,01KWVG908KE7RKPTNP46,HomeStreet Bank,9,7,0,0.21,9,0,0,0,0,7,0,0,0,0,national
2025,WA,53015,Cowlitz,5493001GCBD5XGNIC815,Coastal Community Bank,30,7,0,0.21,30,0,0,0,0,7,0,0,0,0,national
2025,WA,53015,Cowlitz,549300J7I82PNDVU8H22,"OCMBC, INC.",8,7,0,0.21,6,2,0,0,0,5,2,0,0,0,national
2025,WA,53015,Cowlitz,549300Q02LGIN9AXKP98,FIRST TECHNOLOGY FEDERAL CREDIT UNION,12,7,1,0.21,12,0,0,0,0,7,0,0,0,0,national
2025,WA,53015,Cowlitz,549300UB5TJ0YPVPT503,,8,7,0,0.21,6,2,0,0,0,5,2,0,0,0,national
2025,WA,53015,Cowlitz,2549008TT6UNYR7AXF54,"Sunflower Bank, National Association",9,6,0,0.18,4,5,0,0,0,3,3,0,0,0,national
2025,WA,53015,Cowlitz,54930054ET8KM4O1D485,"SOFI BANK, NATIONAL ASSOCIATION",15,6,0,0.18,14,1,0,0,0,6,0,0,0,0,national
2025,WA,53015,Cowlitz,549300JYXTZDSPJEPI44,"PLAZA HOME MORTGAGE, INC.",8,6,2,0.18,4,3,1,0,0,4,1,1,0,0,national
2025,WA,53015,Cowlitz,549300LVO8UXHRM8O957,,7,6,0,0.18,7,0,0,0,0,6,0,0,0,0,national
2025,WA,53015,Cowlitz,549300T94GSH3C4U5M59,ALLIANT CREDIT UNION,6,6,0,0.18,6,0,0,0,0,6,0,0,0,0,national
2025,WA,53015,Cowlitz,549300ZWNETGFXTBBY03,"CANOPY MORTGAGE, LLC",9,6,0,0.18,6,3,0,0,0,3,3,0,0,0,national
2025,WA,53015,Cowlitz,5493000FWM3I2HHQY149,WASHINGTON STATE EMPLOYEES CREDIT UNION,14,5,6,0.15,14,0,0,0,0,5,0,0,0,0,national
2025,WA,53015,Cowlitz,5493002B2WMHY23GFK92,"AMERICAN FINANCIAL RESOURCES, INC.",6,5,1,0.15,1,3,2,0,0,1,3,1,0,0,national
2025,WA,53015,Cowlitz,549300370QILXLFUWD20,"ZILLOW HOME LOANS, LLC",8,5,0,0.15,4,3,1,0,0,2,3,0,0,0,national
2025,WA,53015,Cowlitz,5493006VAGP3GQ8FJT49,"Kiavi Funding, Inc.",7,5,1,0.15,7,0,0,0,0,5,0,0,0,0,national
2025,WA,53015,Cowlitz,5493008VVXQIDO1EZ460,"SUMMIT FUNDING, INC.",7,5,0,0.15,2,2,3,0,0,1,2,2,0,0,national
2025,WA,53015,Cowlitz,549300C8GOC4OYUV0Z32,,6,5,0,0.15,6,0,0,0,0,5,0,0,0,0,national
2025,WA,53015,Cowlitz,549300K4ZLGS7SRDTL86,Equity Prime Mortgage LLC,12,5,1,0.15,1,3,8,0,0,0,2,3,0,0,national
2025,WA,53015,Cowlitz,549300PL8ER6H23P0Z91,BAY EQUITY LLC,13,5,0,0.15,10,3,0,0,0,3,2,0,0,0,national
2025,WA,53015,Cowlitz,549300UBGGLZLZEY0M18,Peak Credit Union,6,5,1,0.15,6,0,0,0,0,5,0,0,0,0,national
2025,WA,53015,Cowlitz,549300VCMRO4ST680C11,VILLAGE CAPITAL & INVESTMENT LLC,15,5,3,0.15,0,6,9,0,0,0,0,5,0,0,national
2025,WA,53015,Cowlitz,2549001IK7UDPADKAG34,,11,4,4,0.12,11,0,0,0,0,4,0,0,0,0,national
2025,WA,53015,Cowlitz,25490066WMF8ZMQXQB18,"Lendage, LLC",4,4,0,0.12,4,0,0,0,0,4,0,0,0,0,national
2025,WA,53015,Cowlitz,254900MKY47WU65N1J56,,8,4,0,0.12,8,0,0,0,0,4,0,0,0,0,national
2025,WA,53015,Cowlitz,5493001B4U37VT2ML818,GESA CREDIT UNION,6,4,2,0.12,6,0,0,0,0,4,0,0,0,0,national
2025,WA,53015,Cowlitz,5493005PKOSG7MYX0B34,"Prosperity Home Mortgage, LLC",6,4,0,0.12,3,1,2,0,0,3,0,1,0,0,national
2025,WA,53015,Cowlitz,5493008ZTV4S0W9DCX64,,7,4,1,0.12,3,4,0,0,0,2,2,0,0,0,national
2025,WA,53015,Cowlitz,549300ALNLUNS3Y53T24,AMERICAN FINANCING CORPORATION,26,4,14,0.12,15,10,1,0,0,2,2,0,0,0,national
2025,WA,53015,Cowlitz,549300BLL6VL7AXWYP56,CHURCHILL MORTGAGE CORPORATION,7,4,0,0.12,4,2,1,0,0,3,1,0,0,0,national
2025,WA,53015,Cowlitz,549300PBTV7FCWLSMM53,"MORTGAGE SOLUTIONS OF COLORADO, LLC",7,4,2,0.12,0,0,7,0,0,0,0,4,0,0,national
2025,WA,53015,Cowlitz,549300R9S3MVDV4MGF56,"CARRINGTON MORTGAGE SERVICES, LLC",18,4,6,0.12,8,5,5,0,0,2,1,1,0,0,national
2025,WA,53015,Cowlitz,549300RFLICNI75BG067,Luminate Bank,4,4,0,0.12,3,0,1,0,0,3,0,1,0,0,national
2025,WA,53015,Cowlitz,549300SK2GVCQXPD4S58,"SUN WEST MORTGAGE COMPANY, INC.",6,4,2,0.12,1,0,5,0,0,1,0,3,0,0,national
2025,WA,53015,Cowlitz,549300VORTI31GZTJL53,"CARDINAL FINANCIAL COMPANY, LIMITED PARTNERSHIP",7,4,0,0.12,4,3,0,0,0,3,1,0,0,0,national
2025,WA,53015,Cowlitz,549300XQVJ1XBNFA5536,21ST MORTGAGE CORPORATION,28,4,18,0.12,28,0,0,0,0,4,0,0,0,0,national
2025,WA,53015,Cowlitz,549300ZBXINP1Y94CN02,,6,4,0,0.12,4,1,1,0,0,3,0,1,0,0,national
2025,WA,53015,Cowlitz,C5654JQHZUHN0772B561,USAA Federal Savings Bank,10,4,2,0.12,3,0,7,0,0,1,0,3,0,0,national
2025,WA,53015,Cowlitz,HUX2X73FUCYHUVH1BK78,KeyBank National Association,10,4,5,0.12,8,1,1,0,0,4,0,0,0,0,national
2025,WA,53015,Cowlitz,2549005SIVTHG14U2905,A&D Mortgage LLC,3,3,0,0.09,2,1,0,0,0,2,1,0,0,0,national
2025,WA,53015,Cowlitz,254900NZOY3XB2DNSZ34,,4,3,1,0.09,4,0,0,0,0,3,0,0,0,0,national
2025,WA,53015,Cowlitz,5493000OM9RKJW8W5K82,,5,3,0,0.09,2,2,1,0,0,2,0,1,0,0,national
2025,WA,53015,Cowlitz,54930021WPEXNHYZUL09,"PLANET HOME LENDING, LLC",6,3,3,0.09,1,4,1,0,0,1,1,1,0,0,national
2025,WA,53015,Cowlitz,5493008NWHQT1R22C024,"AMERICAN FINANCIAL NETWORK, INC.",3,3,0,0.09,2,1,0,0,0,2,1,0,0,0,national
2025,WA,53015,Cowlitz,549300HIVO8XPBPNVG69,NOVA FINANCIAL & INVESTMENT CORPORATION,3,3,0,0.09,3,0,0,0,0,3,0,0,0,0,national
2025,WA,53015,Cowlitz,549300MHH03ICJYEPE85,,4,3,0,0.09,1,3,0,0,0,1,2,0,0,0,national
2025,WA,53015,Cowlitz,549300NFPC3Y4W3Y7R87,,7,3,0,0.09,5,0,2,0,0,2,0,1,0,0,national
2025,WA,53015,Cowlitz,549300Q3ROEQU3D1IW91,,7,3,2,0.09,7,0,0,0,0,3,0,0,0,0,national
2025,WA,53015,Cowlitz,549300R77W0P105C3S50,HOMEXPRESS MORTGAGE CORP.,5,3,2,0.09,5,0,0,0,0,3,0,0,0,0,national
2025,WA,53015,Cowlitz,549300SUCQ1358EGVE89,"NEW DAY FINANCIAL, LLC",16,3,7,0.09,0,0,16,0,0,0,0,3,0,0,national
2025,WA,53015,Cowlitz,549300TF1E42EUFBSL45,,5,3,1,0.09,5,0,0,0,0,3,0,0,0,0,national
2025,WA,53015,Cowlitz,549300XHPPLC0TBRV021,,5,3,2,0.09,3,2,0,0,0,2,1,0,0,0,national
2025,WA,53015,Cowlitz,549300XWUSRVVOHPRY47,Academy Mortgage Corporation,4,3,0,0.09,3,1,0,0,0,2,1,0,0,0,national
2025,WA,53015,Cowlitz,549300XY701IELCE5Q08,BETTER MORTGAGE CORPORATION,10,3,2,0.09,9,1,0,0,0,3,0,0,0,0,national
2025,WA,53015,Cowlitz,AD6GFRVSDT01YPT1CS68,"PNC Bank, National Association",5,3,1,0.09,5,0,0,0,0,3,0,0,0,0,national
2025,WA,53015,Cowlitz,213800XR2TCBQJSF1X93,,3,2,0,0.06,1,1,1,0,0,1,0,1,0,0,national
2025,WA,53015,Cowlitz,254900HA4DQWAE0W3342,"AMERIHOME MORTGAGE COMPANY, LLC",7,2,0,0.06,3,4,0,0,0,0,2,0,0,0,national
2025,WA,53015,Cowlitz,254900O2K17TNH5CL873,"RF RENOVO MANAGEMENT COMPANY, LLC",2,2,0,0.06,2,0,0,0,0,2,0,0,0,0,national
2025,WA,53015,Cowlitz,254900QPRPHIXEAX3L37,,2,2,0,0.06,2,0,0,0,0,2,0,0,0,0,national
2025,WA,53015,Cowlitz,254900T37KTTXKCK3416,,7,2,3,0.06,7,0,0,0,0,2,0,0,0,0,national
2025,WA,53015,Cowlitz,254900TTZ395IC926125,,3,2,0,0.06,2,1,0,0,0,1,1,0,0,0,national
2025,WA,53015,Cowlitz,254900WT4HAMDFWH3048,,2,2,0,0.06,0,2,0,0,0,0,2,0,0,0,national
2025,WA,53015,Cowlitz,5493000349C5XXDRQX28,,2,2,0,0.06,1,1,0,0,0,1,1,0,0,0,national
2025,WA,53015,Cowlitz,5493001HHBUTXHS7TZ96,HOMEAMERICAN MORTGAGE CORPORATION,2,2,0,0.06,1,0,1,0,0,1,0,1,0,0,national
2025,WA,53015,Cowlitz,5493001WHVQBGRSWEU75,"HOMEBRIDGE FINANCIAL SERVICES, INC.",4,2,1,0.06,4,0,0,0,0,2,0,0,0,0,national
2025,WA,53015,Cowlitz,5493002Y5XYV7DV1ZV88,"GOLD STAR MORTGAGE FINANCIAL GROUP, CORPORATION",2,2,0,0.06,1,0,1,0,0,1,0,1,0,0,national
2025,WA,53015,Cowlitz,5493004AS1SPBQOFDR49,"Change Lending, LLC",2,2,0,0.06,2,0,0,0,0,2,0,0,0,0,national
2025,WA,53015,Cowlitz,54930078TNN7GKZ7NU89,,2,2,0,0.06,2,0,0,0,0,2,0,0,0,0,national
2025,WA,53015,Cowlitz,5493009QB0KBU5M6NP90,,2,2,0,0.06,2,0,0,0,0,2,0,0,0,0,national
2025,WA,53015,Cowlitz,549300A5HHOL2ED18C72,,3,2,0,0.06,3,0,0,0,0,2,0,0,0,0,national
2025,WA,53015,Cowlitz,549300B4IYL7TZT8FA34,"PREMIER MORTGAGE RESOURCES, L.L.C.",6,2,0,0.06,3,3,0,0,0,1,1,0,0,0,national
2025,WA,53015,Cowlitz,549300COIWXM618UBE82,HomeTrust Bank,4,2,1,0.06,4,0,0,0,0,2,0,0,0,0,national
2025,WA,53015,Cowlitz,549300FX7K8PTEQUU487,PENTAGON FEDERAL CREDIT UNION,2,2,0,0.06,2,0,0,0,0,2,0,0,0,0,national
2025,WA,53015,Cowlitz,549300INFJ8TYNZ1G568,,2,2,0,0.06,2,0,0,0,0,2,0,0,0,0,national
2025,WA,53015,Cowlitz,549300KHXD7JSQUZIJ22,"HIGHLANDS RESIDENTIAL MORTGAGE, LTD.",3,2,0,0.06,1,0,2,0,0,1,0,1,0,0,national
2025,WA,53015,Cowlitz,549300LROQOOQU77WS20,,4,2,0,0.06,3,0,1,0,0,1,0,1,0,0,national
2025,WA,53015,Cowlitz,549300MCIFZSDHUT8X63,"NFM, INC.",2,2,0,0.06,0,1,1,0,0,0,1,1,0,0,national
2025,WA,53015,Cowlitz,549300NWBS6MQJX15N44,,3,2,1,0.06,3,0,0,0,0,2,0,0,0,0,national
2025,WA,53015,Cowlitz,549300P2GEYNMH5OQA71,WASHINGTON TRUST BANK,2,2,0,0.06,1,1,0,0,0,1,1,0,0,0,national
2025,WA,53015,Cowlitz,549300S5YL3OH0IVCS62,FINANCE OF AMERICA REVERSE LLC,3,2,1,0.06,0,3,0,0,0,0,2,0,0,0,national
2025,WA,53015,Cowlitz,549300WJIJV987NXVC31,,4,2,0,0.06,3,1,0,0,0,2,0,0,0,0,national
2025,WA,53015,Cowlitz,549300YN94MOAVYW0F52,"GoodLeap, LLC",2,2,0,0.06,1,1,0,0,0,1,1,0,0,0,national
2025,WA,53015,Cowlitz,549300ZIQ24V0C88AC41,GTE Federal Credit Union,2,2,0,0.06,2,0,0,0,0,2,0,0,0,0,national
2025,WA,53015,Cowlitz,DRMSV1Q0EKMEXLAU1P80,"Citizens Bank, National Association",2,2,0,0.06,2,0,0,0,0,2,0,0,0,0,national
2025,WA,53015,Cowlitz,2549004XJQQPBYQSMT39,,1,1,0,0.03,1,0,0,0,0,1,0,0,0,0,national
2025,WA,53015,Cowlitz,2549004Z576VEJBK3N72,"NQM FUNDING, LLC",1,1,0,0.03,1,0,0,0,0,1,0,0,0,0,national
2025,WA,53015,Cowlitz,2549007AU24FVDMNUB40,,1,1,0,0.03,1,0,0,0,0,1,0,0,0,0,national
2025,WA,53015,Cowlitz,2549009X2AG1P20YAJ63,,1,1,0,0.03,1,0,0,0,0,1,0,0,0,0,national
2025,WA,53015,Cowlitz,254900BBWJ82FQDQ6823,,1,1,0,0.03,1,0,0,0,0,1,0,0,0,0,national
2025,WA,53015,Cowlitz,254900FBWEZ3YUPOBN33,,1,1,0,0.03,1,0,0,0,0,1,0,0,0,0,national
2025,WA,53015,Cowlitz,254900FDPG829O6VBB05,"EASTSIDE FUNDING, LLC",2,1,0,0.03,2,0,0,0,0,1,0,0,0,0,national
2025,WA,53015,Cowlitz,254900HD4RROQDXNWI45,,1,1,0,0.03,1,0,0,0,0,1,0,0,0,0,national
2025,WA,53015,Cowlitz,254900N133DZGPB2X985,,1,1,0,0.03,1,0,0,0,0,1,0,0,0,0,national
2025,WA,53015,Cowlitz,254900QNIR86GUIRYH95,,1,1,0,0.03,1,0,0,0,0,1,0,0,0,0,national
2025,WA,53015,Cowlitz,254900RUCO27MVGTO768,LOAN FUNDER LLC,2,1,0,0.03,2,0,0,0,0,1,0,0,0,0,national
2025,WA,53015,Cowlitz,2WHM8VNJH63UN14OL754,The Huntington National Bank,1,1,0,0.03,1,0,0,0,0,1,0,0,0,0,national
2025,WA,53015,Cowlitz,54930001NSTOD85LT125,"GUARANTEED RATE AFFINITY, LLC",1,1,0,0.03,1,0,0,0,0,1,0,0,0,0,national
2025,WA,53015,Cowlitz,5493000H6DFDDJRORG89,,5,1,0,0.03,4,0,1,0,0,1,0,0,0,0,national
2025,WA,53015,Cowlitz,549300121SF0K2LN2804,"PRIMELENDING, A PLAINSCAPITAL COMPANY",3,1,0,0.03,3,0,0,0,0,1,0,0,0,0,national
2025,WA,53015,Cowlitz,54930021QRU8VXNS6152,Sound Credit Union,2,1,0,0.03,2,0,0,0,0,1,0,0,0,0,national
2025,WA,53015,Cowlitz,54930025XJJO3T0M1A92,,1,1,0,0.03,1,0,0,0,0,1,0,0,0,0,national
2025,WA,53015,Cowlitz,5493002GI63WHHUTUD85,"KEYSTONE FUNDING, INC.",2,1,0,0.03,1,1,0,0,0,0,1,0,0,0,national
2025,WA,53015,Cowlitz,5493002TJKC8NLH1ZP82,,1,1,0,0.03,0,0,1,0,0,0,0,1,0,0,national
2025,WA,53015,Cowlitz,5493003NV9L53LK1XI52,,1,1,0,0.03,1,0,0,0,0,1,0,0,0,0,national
2025,WA,53015,Cowlitz,5493003WLEYGXGNTI654,SELCO COMMUNITY,1,1,0,0.03,1,0,0,0,0,1,0,0,0,0,national
2025,WA,53015,Cowlitz,5493004R423PBPM6A173,,1,1,0,0.03,0,1,0,0,0,0,1,0,0,0,national
2025,WA,53015,Cowlitz,5493004T38NMC864VL66,,2,1,1,0.03,2,0,0,0,0,1,0,0,0,0,national
2025,WA,53015,Cowlitz,5493006KXUHSYFT7SD10,,1,1,0,0.03,0,1,0,0,0,0,1,0,0,0,national
2025,WA,53015,Cowlitz,54930072OCHTUJOZQB56,Liberty Credit Union,1,1,0,0.03,1,0,0,0,0,1,0,0,0,0,national
2025,WA,53015,Cowlitz,549300748YYU6VG08N83,"Loan Simple, Inc.",1,1,0,0.03,0,1,0,0,0,0,1,0,0,0,national
2025,WA,53015,Cowlitz,54930083D8Q8RK84Y448,,1,1,0,0.03,1,0,0,0,0,1,0,0,0,0,national
2025,WA,53015,Cowlitz,5493008CPTDVOS570626,"Primary Residential Mortgage, Inc.",3,1,0,0.03,3,0,0,0,0,1,0,0,0,0,national
2025,WA,53015,Cowlitz,54930091JQKCU3Z6IP44,,11,1,1,0.03,11,0,0,0,0,1,0,0,0,0,national
2025,WA,53015,Cowlitz,54930097J3TUZXBXXE75,,3,1,0,0.03,3,0,0,0,0,1,0,0,0,0,national
2025,WA,53015,Cowlitz,549300A68YW07V5R5G22,,1,1,0,0.03,1,0,0,0,0,1,0,0,0,0,national
2025,WA,53015,Cowlitz,549300BX448ALT10FI43,The Federal Savings Bank,14,1,1,0.03,2,2,10,0,0,1,0,0,0,0,national
2025,WA,53015,Cowlitz,549300C04BJ0G297NC13,,1,1,0,0.03,1,0,0,0,0,1,0,0,0,0,national
2025,WA,53015,Cowlitz,549300CK7U1WMTIG6687,,1,1,0,0.03,0,1,0,0,0,0,1,0,0,0,national
2025,WA,53015,Cowlitz,549300DCGBXW5FJMV921,,1,1,0,0.03,0,1,0,0,0,0,1,0,0,0,national
2025,WA,53015,Cowlitz,549300DK7QID2ZON6Q55,Global Federal Credit Union,3,1,0,0.03,3,0,0,0,0,1,0,0,0,0,national
2025,WA,53015,Cowlitz,549300DMYENRV818D594,SWBC MORTGAGE CORPORATION,1,1,0,0.03,0,0,1,0,0,0,0,1,0,0,national
2025,WA,53015,Cowlitz,549300DZIK106MY5NI60,,1,1,0,0.03,1,0,0,0,0,1,0,0,0,0,national
2025,WA,53015,Cowlitz,549300EFCZM6KD6B8K69,MORTGAGE ACCESS CORP.,1,1,0,0.03,1,0,0,0,0,1,0,0,0,0,national
2025,WA,53015,Cowlitz,549300EKFFG3BU8DNX74,NEXERA HOLDING LLC,1,1,0,0.03,1,0,0,0,0,1,0,0,0,0,national
2025,WA,53015,Cowlitz,549300F8C5JA44WNMI75,AMERICAN NEIGHBORHOOD MORTGAGE ACCEPTANCE COMPANY LLC,4,1,0,0.03,0,3,1,0,0,0,1,0,0,0,national
2025,WA,53015,Cowlitz,549300GS0W0TEUQS8571,"Morgan Stanley Private Bank, National Association",1,1,0,0.03,1,0,0,0,0,1,0,0,0,0,national
2025,WA,53015,Cowlitz,549300GTVXJ2PGXNLM73,T2 FINANCIAL LLC,2,1,0,0.03,0,2,0,0,0,0,1,0,0,0,national
2025,WA,53015,Cowlitz,549300KDR80I1ELW8D36,,5,1,1,0.03,5,0,0,0,0,1,0,0,0,0,national
2025,WA,53015,Cowlitz,549300KQHWNSVCE2MY88,,1,1,0,0.03,1,0,0,0,0,1,0,0,0,0,national
2025,WA,53015,Cowlitz,549300KX4S1573HISS22,,2,1,0,0.03,2,0,0,0,0,1,0,0,0,0,national
2025,WA,53015,Cowlitz,549300KZVCKCUN23YY80,,1,1,0,0.03,1,0,0,0,0,1,0,0,0,0,national
2025,WA,53015,Cowlitz,549300N3JBQ15RQ7AV97,,1,1,0,0.03,1,0,0,0,0,1,0,0,0,0,national
2025,WA,53015,Cowlitz,549300NN0PRX3I4QGG46,,2,1,0,0.03,0,0,2,0,0,0,0,1,0,0,national
2025,WA,53015,Cowlitz,549300OYEKEORA1GI088,,1,1,0,0.03,0,0,1,0,0,0,0,1,0,0,national
2025,WA,53015,Cowlitz,549300PL267CW8182203,,4,1,0,0.03,1,1,2,0,0,0,0,1,0,0,national
2025,WA,53015,Cowlitz,549300Q50XCC0473FG63,,1,1,0,0.03,1,0,0,0,0,1,0,0,0,0,national
2025,WA,53015,Cowlitz,549300RN01LBYR8ZVX74,"LOWER, LLC",10,1,3,0.03,1,7,2,0,0,0,1,0,0,0,national
2025,WA,53015,Cowlitz,549300RYWXR8TL5LIK35,,2,1,0,0.03,0,1,1,0,0,0,1,0,0,0,national
2025,WA,53015,Cowlitz,549300T61O0X0RJMQ375,,1,1,0,0.03,0,1,0,0,0,0,1,0,0,0,national
2025,WA,53015,Cowlitz,549300T7HRS5DVBUPQ06,,1,1,0,0.03,1,0,0,0,0,1,0,0,0,0,national
2025,WA,53015,Cowlitz,549300UG7QXKM7KGV847,,2,1,1,0.03,2,0,0,0,0,1,0,0,0,0,national
2025,WA,53015,Cowlitz,549300UXY7OP0IC38293,Northpointe Bank,2,1,0,0.03,2,0,0,0,0,1,0,0,0,0,national
2025,WA,53015,Cowlitz,549300VEJ302N3NLKA88,,1,1,0,0.03,1,0,0,0,0,1,0,0,0,0,national
2025,WA,53015,Cowlitz,549300VMX06UV1F7NS76,,1,1,0,0.03,1,0,0,0,0,1,0,0,0,0,national
2025,WA,53015,Cowlitz,549300VQUTI5IU7GXT57,SECURITYNATIONAL MORTGAGE COMPANY,3,1,0,0.03,1,2,0,0,0,0,1,0,0,0,national
2025,WA,53015,Cowlitz,549300VZDEK4QLTWSL15,,2,1,1,0.03,2,0,0,0,0,1,0,0,0,0,national
2025,WA,53015,Cowlitz,549300W45D2J6BT4LX65,,1,1,0,0.03,1,0,0,0,0,1,0,0,0,0,national
2025,WA,53015,Cowlitz,549300XQ7B5FIVUNFE29,VAN DYK MORTGAGE CORPORATION,1,1,0,0.03,1,0,0,0,0,1,0,0,0,0,national
2025,WA,53015,Cowlitz,549300ZPSJZO10ZAX556,"AMERICAN HERITAGE LENDING, LLC",1,1,0,0.03,1,0,0,0,0,1,0,0,0,0,national
2025,WA,53015,Cowlitz,9845005BP6974AE5D838,,1,1,0,0.03,1,0,0,0,0,1,0,0,0,0,national
2025,WA,53015,Cowlitz,984500CD6F0743B8F530,,1,1,0,0.03,0,0,1,0,0,0,0,1,0,0,national
2025,WA,53015,Cowlitz,JJKC32MCHWDI71265Z06,Truist Bank,2,1,0,0.03,2,0,0,0,0,1,0,0,0,0,national
2025,WA,53015,Cowlitz,Q708HHR4LD2B7XIZNO92,First Federal Bank,2,1,0,0.03,0,1,1,0,0,0,1,0,0,0,national
2025,WA,53015,Cowlitz,WKN6AF1FCL7BBYGTGI83,,1,1,0,0.03,1,0,0,0,0,1,0,0,0,0,national
2025,WA,53015,Cowlitz,WWB2V0FCW3A0EE3ZJN75,Manufacturers and Traders Trust Company,1,1,0,0.03,0,0,1,0,0,0,0,1,0,0,national
2025,WA,53015,Cowlitz,X05BVSK68TQ7YTOSNR22,Discover Bank,13,1,8,0.03,13,0,0,0,0,1,0,0,0,0,national
2025,WA,53015,Cowlitz,XC7Z0BA39TU7L1AKOJ12,First American Bank,1,1,0,0.03,1,0,0,0,0,1,0,0,0,0,national
2025,WA,53015,Cowlitz,549300GS6ONO04ORI292,,6,0,1,0.0,4,2,0,0,0,0,0,0,0,0,national
2025,WA,53015,Cowlitz,PAOOWF3GUFM46FBSP561,,10,0,1,0.0,4,6,0,0,0,0,0,0,0,0,national
2025,WA,53017,Douglas,549300N52O6FKUCU5G62,NUMERICA CREDIT UNION,201,105,71,10.31,194,6,0,1,0,101,4,0,0,0,national
2025,WA,53017,Douglas,54930060G4MDPWHISD89,EVERGREEN MONEYSOURCE MORTGAGE COMPANY,93,79,1,7.76,76,11,6,0,0,63,10,6,0,0,national
2025,WA,53017,Douglas,549300FGXN1K3HLB1R50,"Rocket Mortgage, LLC",105,75,19,7.37,84,17,4,0,0,62,10,3,0,0,national
2025,WA,53017,Douglas,WE0I402RW25AU38DTI13,Banner Bank,79,53,13,5.21,73,0,5,1,0,50,0,3,0,0,national
2025,WA,53017,Douglas,549300AQ3T62GXDU7D76,GUILD MORTGAGE COMPANY LLC,70,52,1,5.11,49,14,7,0,0,37,10,5,0,0,national
2025,WA,53017,Douglas,549300VZVN841I2ILS84,"CROSSCOUNTRY MORTGAGE, LLC",67,48,0,4.72,44,14,9,0,0,34,10,4,0,0,national
2025,WA,53017,Douglas,549300HW662MN1WU8550,"United Wholesale Mortgage, LLC",55,44,6,4.32,25,16,14,0,0,22,11,11,0,0,national
2025,WA,53017,Douglas,549300DD4R4SYK5RAQ92,"MOVEMENT MORTGAGE, LLC",52,39,2,3.83,35,10,7,0,0,25,8,6,0,0,national
2025,WA,53017,Douglas,5493001B4U37VT2ML818,GESA CREDIT UNION,41,28,8,2.75,41,0,0,0,0,28,0,0,0,0,national
2025,WA,53017,Douglas,5493002Y5XYV7DV1ZV88,"GOLD STAR MORTGAGE FINANCIAL GROUP, CORPORATION",55,28,0,2.75,29,23,3,0,0,12,14,2,0,0,national
2025,WA,53017,Douglas,549300DU4JZVSGF3G964,,36,27,2,2.65,36,0,0,0,0,27,0,0,0,0,national
2025,WA,53017,Douglas,549300AG64NHILB7ZP05,"LOANDEPOT.COM, LLC",32,25,3,2.46,19,11,2,0,0,14,9,2,0,0,national
2025,WA,53017,Douglas,549300ESRQ6OLBB56N04,Glacier Bank,42,23,9,2.26,34,8,0,0,0,19,4,0,0,0,national
2025,WA,53017,Douglas,549300KM40FP4MSQU941,Boeing Employees Credit Union,43,22,14,2.16,41,2,0,0,0,21,1,0,0,0,national
2025,WA,53017,Douglas,549300P2GEYNMH5OQA71,WASHINGTON TRUST BANK,30,21,5,2.06,27,3,0,0,0,21,0,0,0,0,national
2025,WA,53017,Douglas,6BYL5QZYBDK8S7L73M02,U.S. Bank National Association,30,21,7,2.06,30,0,0,0,0,21,0,0,0,0,national
2025,WA,53017,Douglas,5493001VH4ZJNSI25781,Peoples Bank,34,18,10,1.77,32,2,0,0,0,17,1,0,0,0,national
2025,WA,53017,Douglas,RVDPPPGHCGZ40J4VQ731,"PENNYMAC LOAN SERVICES, LLC",27,16,1,1.57,21,6,0,0,0,13,3,0,0,0,national
2025,WA,53017,Douglas,549300ZWNETGFXTBBY03,"CANOPY MORTGAGE, LLC",13,12,0,1.18,9,3,1,0,0,9,2,1,0,0,national
2025,WA,53017,Douglas,549300FNXYY540N23N64,Newrez LLC,24,11,3,1.08,15,8,1,0,0,8,2,1,0,0,national
2025,WA,53017,Douglas,549300GKFNPRWNS0GF29,"AmeriHome Mortgage Company, LLC",17,11,1,1.08,12,4,0,1,0,7,3,0,1,0,national
2025,WA,53017,Douglas,549300121SF0K2LN2804,"PRIMELENDING, A PLAINSCAPITAL COMPANY",19,10,0,0.98,13,2,4,0,0,6,2,2,0,0,national
2025,WA,53017,Douglas,549300LYRWPSYPK6S325,FREEDOM MORTGAGE CORPORATION,22,10,2,0.98,5,6,11,0,0,2,5,3,0,0,national
2025,WA,53017,Douglas,IFQSIUC9AGQV2NE8CN25,Columbia Bank,18,10,7,0.98,17,1,0,0,0,10,0,0,0,0,national
2025,WA,53017,Douglas,KB1H1DSPRFMYMCUFXT09,"Wells Fargo Bank, National Association",14,10,0,0.98,13,0,1,0,0,9,0,1,0,0,national
2025,WA,53017,Douglas,549300LBCBNR1OT00651,NATIONSTAR MORTGAGE LLC,12,9,2,0.88,9,1,2,0,0,7,0,2,0,0,national
2025,WA,53017,Douglas,7H6GLXDRUGQFU57RNE97,"JPMorgan Chase Bank, National Association",14,9,1,0.88,13,0,1,0,0,8,0,1,0,0,national
2025,WA,53017,Douglas,549300DD5QQUHO6PCH70,"MORTGAGE RESEARCH CENTER, LLC",14,8,0,0.79,2,0,12,0,0,1,0,7,0,0,national
2025,WA,53017,Douglas,5493003GQDUH26DNNH17,Navy Federal Credit Union,14,7,2,0.69,11,0,3,0,0,5,0,2,0,0,national
2025,WA,53017,Douglas,549300E2UX99HKDBR481,"NEW AMERICAN FUNDING, LLC",16,7,0,0.69,9,6,1,0,0,2,4,1,0,0,national
2025,WA,53017,Douglas,549300PIL8LFAQ04XC20,Better Mortgage Corporation,15,6,5,0.59,15,0,0,0,0,6,0,0,0,0,national
2025,WA,53017,Douglas,549300T94GSH3C4U5M59,ALLIANT CREDIT UNION,13,6,5,0.59,13,0,0,0,0,6,0,0,0,0,national
2025,WA,53017,Douglas,549300TUSRLWD8ETNR90,SPOKANE TEACHERS,9,6,1,0.59,8,1,0,0,0,5,1,0,0,0,national
2025,WA,53017,Douglas,549300WHVRE44NRBU558,,6,6,0,0.59,3,3,0,0,0,3,3,0,0,0,national
2025,WA,53017,Douglas,549300KIOYNU323LVJ37,AMERICAN PACIFIC MORTGAGE CORPORATION,5,5,0,0.49,1,2,2,0,0,1,2,2,0,0,national
2025,WA,53017,Douglas,549300U3721PJGQZYY68,"GUARANTEED RATE, INC.",6,5,0,0.49,5,0,1,0,0,4,0,1,0,0,national
2025,WA,53017,Douglas,549300WJIJV987NXVC31,,5,5,0,0.49,5,0,0,0,0,5,0,0,0,0,national
2025,WA,53017,Douglas,B4TYDEB6GKMZO031MB27,"Bank of America, National Association",8,5,0,0.49,8,0,0,0,0,5,0,0,0,0,national
2025,WA,53017,Douglas,5493008CPTDVOS570626,"Primary Residential Mortgage, Inc.",4,4,0,0.39,4,0,0,0,0,4,0,0,0,0,national
2025,WA,53017,Douglas,549300J7I82PNDVU8H22,"OCMBC, INC.",5,4,1,0.39,5,0,0,0,0,4,0,0,0,0,national
2025,WA,53017,Douglas,549300MGPZBLQDIL7538,FAIRWAY INDEPENDENT MORTGAGE CORPORATION,5,4,0,0.39,5,0,0,0,0,4,0,0,0,0,national
2025,WA,53017,Douglas,549300OPCWU6E72WUT29,"MUTUAL OF OMAHA MORTGAGE, INC.",7,4,2,0.39,2,5,0,0,0,1,3,0,0,0,national
2025,WA,53017,Douglas,254900N133DZGPB2X985,,3,3,0,0.29,3,0,0,0,0,3,0,0,0,0,national
2025,WA,53017,Douglas,254900QPRPHIXEAX3L37,,3,3,0,0.29,3,0,0,0,0,3,0,0,0,0,national
2025,WA,53017,Douglas,254900ZFWS2106HWPH46,"PARAMOUNT RESIDENTIAL MORTGAGE GROUP, INC.",3,3,0,0.29,3,0,0,0,0,3,0,0,0,0,national
2025,WA,53017,Douglas,5493000FWM3I2HHQY149,WASHINGTON STATE EMPLOYEES CREDIT UNION,8,3,4,0.29,8,0,0,0,0,3,0,0,0,0,national
2025,WA,53017,Douglas,5493001PXRJMPLXPG540,IDAHO CENTRAL CREDIT UNION,3,3,0,0.29,3,0,0,0,0,3,0,0,0,0,national
2025,WA,53017,Douglas,54930043BMDE130FJ617,"PROVIDENT FUNDING ASSOCIATES, L.P.",3,3,0,0.29,3,0,0,0,0,3,0,0,0,0,national
2025,WA,53017,Douglas,549300CB67L6KPJLHE19,"TRIAD FINANCIAL SERVICES, INC.",6,3,0,0.29,6,0,0,0,0,3,0,0,0,0,national
2025,WA,53017,Douglas,549300GGB04TG4AH1377,,9,3,3,0.29,9,0,0,0,0,3,0,0,0,0,national
2025,WA,53017,Douglas,549300Q3ROEQU3D1IW91,,7,3,1,0.29,7,0,0,0,0,3,0,0,0,0,national
2025,WA,53017,Douglas,C5654JQHZUHN0772B561,USAA Federal Savings Bank,5,3,1,0.29,2,0,3,0,0,1,0,2,0,0,national
2025,WA,53017,Douglas,254900DTLHVWQ7NP7R34,"CMG Mortgage, Inc.",3,2,0,0.2,3,0,0,0,0,2,0,0,0,0,national
2025,WA,53017,Douglas,254900E6AIE4Z8YQM970,Citadel Servicing Corporation,3,2,0,0.2,3,0,0,0,0,2,0,0,0,0,national
2025,WA,53017,Douglas,254900LX8DA8FRHUUD51,Potlatch No. 1 Financial Credit Union,2,2,0,0.2,2,0,0,0,0,2,0,0,0,0,national
2025,WA,53017,Douglas,3Y4U8VZURTYWI1W2K376,BMO Bank National Association,3,2,1,0.2,3,0,0,0,0,2,0,0,0,0,national
2025,WA,53017,Douglas,5493003T5D4N1CM46J77,1st Security Bank of Washington,4,2,1,0.2,3,1,0,0,0,2,0,0,0,0,national
2025,WA,53017,Douglas,54930049L5WINET09Q97,"CLICK N' CLOSE, INC.",2,2,0,0.2,1,1,0,0,0,1,1,0,0,0,national
2025,WA,53017,Douglas,54930052M48FOD3CWA54,"PRIMARY RESIDENTIAL MORTGAGE, INC.",2,2,0,0.2,2,0,0,0,0,2,0,0,0,0,national
2025,WA,53017,Douglas,5493008ZTV4S0W9DCX64,,6,2,0,0.2,3,3,0,0,0,1,1,0,0,0,national
2025,WA,53017,Douglas,549300ALNLUNS3Y53T24,AMERICAN FINANCING CORPORATION,3,2,0,0.2,3,0,0,0,0,2,0,0,0,0,national
2025,WA,53017,Douglas,549300BLL6VL7AXWYP56,CHURCHILL MORTGAGE CORPORATION,3,2,0,0.2,2,0,1,0,0,1,0,1,0,0,national
2025,WA,53017,Douglas,549300CY7WNAHKHYSJ73,"CORNERSTONE CAPITAL BANK, SSB",3,2,0,0.2,2,1,0,0,0,1,1,0,0,0,national
2025,WA,53017,Douglas,549300LROQOOQU77WS20,,3,2,0,0.2,3,0,0,0,0,2,0,0,0,0,national
2025,WA,53017,Douglas,549300MZ8VZJOVC63092,"KIND LENDING, LLC",4,2,2,0.2,3,1,0,0,0,1,1,0,0,0,national
2025,WA,53017,Douglas,549300S5YL3OH0IVCS62,FINANCE OF AMERICA REVERSE LLC,2,2,0,0.2,1,1,0,0,0,1,1,0,0,0,national
2025,WA,53017,Douglas,549300VORTI31GZTJL53,"CARDINAL FINANCIAL COMPANY, LIMITED PARTNERSHIP",3,2,0,0.2,2,1,0,0,0,1,1,0,0,0,national
2025,WA,53017,Douglas,549300VQUTI5IU7GXT57,SECURITYNATIONAL MORTGAGE COMPANY,3,2,0,0.2,3,0,0,0,0,2,0,0,0,0,national
2025,WA,53017,Douglas,549300XY701IELCE5Q08,BETTER MORTGAGE CORPORATION,2,2,0,0.2,1,0,1,0,0,1,0,1,0,0,national
2025,WA,53017,Douglas,HUX2X73FUCYHUVH1BK78,KeyBank National Association,8,2,4,0.2,8,0,0,0,0,2,0,0,0,0,national
2025,WA,53017,Douglas,PAOOWF3GUFM46FBSP561,,3,2,0,0.2,0,2,1,0,0,0,1,1,0,0,national
2025,WA,53017,Douglas,X05BVSK68TQ7YTOSNR22,Discover Bank,9,2,4,0.2,9,0,0,0,0,2,0,0,0,0,national
2025,WA,53017,Douglas,254900378RFGMBEKAF12,Empeople Credit Union,1,1,0,0.1,1,0,0,0,0,1,0,0,0,0,national
2025,WA,53017,Douglas,25490066WMF8ZMQXQB18,"Lendage, LLC",1,1,0,0.1,1,0,0,0,0,1,0,0,0,0,national
2025,WA,53017,Douglas,254900HD4RROQDXNWI45,,1,1,0,0.1,1,0,0,0,0,1,0,0,0,0,national
2025,WA,53017,Douglas,254900MKY47WU65N1J56,,1,1,0,0.1,1,0,0,0,0,1,0,0,0,0,national
2025,WA,53017,Douglas,254900T37KTTXKCK3416,,1,1,0,0.1,1,0,0,0,0,1,0,0,0,0,national
2025,WA,53017,Douglas,254900TG14TB8RKS3U42,,2,1,0,0.1,1,1,0,0,0,1,0,0,0,0,national
2025,WA,53017,Douglas,254900UL88QFG0E40516,FIGURE LENDING LLC,7,1,4,0.1,7,0,0,0,0,1,0,0,0,0,national
2025,WA,53017,Douglas,5493000YNV8IX4VD3X12,"VANDERBILT MORTGAGE AND FINANCE, INC.",1,1,0,0.1,1,0,0,0,0,1,0,0,0,0,national
2025,WA,53017,Douglas,5493001GCBD5XGNIC815,Coastal Community Bank,7,1,1,0.1,7,0,0,0,0,1,0,0,0,0,national
2025,WA,53017,Douglas,5493001YIUWLFRXQUO81,,1,1,0,0.1,1,0,0,0,0,1,0,0,0,0,national
2025,WA,53017,Douglas,54930021QRU8VXNS6152,Sound Credit Union,2,1,1,0.1,2,0,0,0,0,1,0,0,0,0,national
2025,WA,53017,Douglas,549300323EON4W3CCM44,"RESICENTRAL, LLC",5,1,0,0.1,4,1,0,0,0,1,0,0,0,0,national
2025,WA,53017,Douglas,54930054ET8KM4O1D485,"SOFI BANK, NATIONAL ASSOCIATION",7,1,0,0.1,7,0,0,0,0,1,0,0,0,0,national
2025,WA,53017,Douglas,54930083D8Q8RK84Y448,,1,1,0,0.1,1,0,0,0,0,1,0,0,0,0,national
2025,WA,53017,Douglas,549300ASFUWYQO0RW077,,1,1,0,0.1,1,0,0,0,0,1,0,0,0,0,national
2025,WA,53017,Douglas,549300B4IYL7TZT8FA34,"PREMIER MORTGAGE RESOURCES, L.L.C.",1,1,0,0.1,0,1,0,0,0,0,1,0,0,0,national
2025,WA,53017,Douglas,549300DK7QID2ZON6Q55,Global Federal Credit Union,1,1,0,0.1,1,0,0,0,0,1,0,0,0,0,national
2025,WA,53017,Douglas,549300EKFFG3BU8DNX74,NEXERA HOLDING LLC,3,1,0,0.1,3,0,0,0,0,1,0,0,0,0,national
2025,WA,53017,Douglas,549300FX7K8PTEQUU487,PENTAGON FEDERAL CREDIT UNION,1,1,0,0.1,1,0,0,0,0,1,0,0,0,0,national
2025,WA,53017,Douglas,549300G4ESSS6M0MEG51,ORIGINPOINT LLC,1,1,0,0.1,1,0,0,0,0,1,0,0,0,0,national
2025,WA,53017,Douglas,549300GS0W0TEUQS8571,"Morgan Stanley Private Bank, National Association",1,1,0,0.1,1,0,0,0,0,1,0,0,0,0,national
2025,WA,53017,Douglas,549300GWD9H4FQ2VR805,,1,1,0,0.1,1,0,0,0,0,1,0,0,0,0,national
2025,WA,53017,Douglas,549300HIVO8XPBPNVG69,NOVA FINANCIAL & INVESTMENT CORPORATION,1,1,0,0.1,1,0,0,0,0,1,0,0,0,0,national
2025,WA,53017,Douglas,549300J6N77Q8OHYNF23,,1,1,0,0.1,1,0,0,0,0,1,0,0,0,0,national
2025,WA,53017,Douglas,549300K4ZLGS7SRDTL86,Equity Prime Mortgage LLC,3,1,2,0.1,0,1,2,0,0,0,1,0,0,0,national
2025,WA,53017,Douglas,549300KHXD7JSQUZIJ22,"HIGHLANDS RESIDENTIAL MORTGAGE, LTD.",1,1,0,0.1,0,1,0,0,0,0,1,0,0,0,national
2025,WA,53017,Douglas,549300KJ8PAJ7E52HG32,Plains Commerce Bank,2,1,0,0.1,1,1,0,0,0,1,0,0,0,0,national
2025,WA,53017,Douglas,549300KSOOZZVXCMA627,ANGEL OAK MORTGAGE SOLUTIONS LLC,1,1,0,0.1,1,0,0,0,0,1,0,0,0,0,national
2025,WA,53017,Douglas,549300KX6E1IE2LM5E30,,1,1,0,0.1,1,0,0,0,0,1,0,0,0,0,national
2025,WA,53017,Douglas,549300LZUXCJFE5ONM48,,1,1,0,0.1,0,1,0,0,0,0,1,0,0,0,national
2025,WA,53017,Douglas,549300MCIFZSDHUT8X63,"NFM, INC.",1,1,0,0.1,1,0,0,0,0,1,0,0,0,0,national
2025,WA,53017,Douglas,549300O2EZG72LO2FX38,,1,1,0,0.1,0,1,0,0,0,0,1,0,0,0,national
2025,WA,53017,Douglas,549300O6Z0I6KYMESL47,AMWEST FUNDING CORP.,1,1,0,0.1,1,0,0,0,0,1,0,0,0,0,national
2025,WA,53017,Douglas,549300PL267CW8182203,,2,1,0,0.1,0,0,2,0,0,0,0,1,0,0,national
2025,WA,53017,Douglas,549300Q50XCC0473FG63,,4,1,3,0.1,4,0,0,0,0,1,0,0,0,0,national
2025,WA,53017,Douglas,549300QIUZLVR1OLDH55,Genisys Credit Union,1,1,0,0.1,1,0,0,0,0,1,0,0,0,0,national
2025,WA,53017,Douglas,549300QKL5FUBZ8LSF50,"NATIONS DIRECT MORTGAGE, LLC",1,1,0,0.1,0,1,0,0,0,0,1,0,0,0,national
2025,WA,53017,Douglas,549300SK2GVCQXPD4S58,"SUN WEST MORTGAGE COMPANY, INC.",1,1,0,0.1,0,0,1,0,0,0,0,1,0,0,national
2025,WA,53017,Douglas,549300SUCQ1358EGVE89,"NEW DAY FINANCIAL, LLC",4,1,1,0.1,0,0,4,0,0,0,0,1,0,0,national
2025,WA,53017,Douglas,549300TMY3OACQC9U777,,1,1,0,0.1,1,0,0,0,0,1,0,0,0,0,national
2025,WA,53017,Douglas,549300U8DCOOTG96YM89,,1,1,0,0.1,1,0,0,0,0,1,0,0,0,0,national
2025,WA,53017,Douglas,549300UHEEV73TKCZY62,,1,1,0,0.1,1,0,0,0,0,1,0,0,0,0,national
2025,WA,53017,Douglas,549300UT4EN6IH579Q63,"RIGHT START MORTGAGE, INC.",1,1,0,0.1,1,0,0,0,0,1,0,0,0,0,national
2025,WA,53017,Douglas,549300YIQ7S7Z8PIHE53,AMERISAVE MORTGAGE CORPORATION,13,1,11,0.1,9,4,0,0,0,1,0,0,0,0,national
2025,WA,53017,Douglas,549300ZIQ24V0C88AC41,GTE Federal Credit Union,2,1,1,0.1,2,0,0,0,0,1,0,0,0,0,national
2025,WA,53017,Douglas,984500U2F9A83N391A91,"CHAMPIONS FUNDING, LLC",1,1,0,0.1,1,0,0,0,0,1,0,0,0,0,national
2025,WA,53017,Douglas,AD6GFRVSDT01YPT1CS68,"PNC Bank, National Association",2,1,0,0.1,2,0,0,0,0,1,0,0,0,0,national
2025,WA,53017,Douglas,C398JSK21YCXWM603F55,"Barrington Bank & Trust Company, National Association",1,1,0,0.1,0,0,1,0,0,0,0,1,0,0,national
2025,WA,53017,Douglas,L9VVX1KT5TFTKS0MLF66,First-Citizens Bank & Trust Company,1,1,0,0.1,1,0,0,0,0,1,0,0,0,0,national
2025,WA,53017,Douglas,WWB2V0FCW3A0EE3ZJN75,Manufacturers and Traders Trust Company,1,1,0,0.1,0,0,1,0,0,0,0,1,0,0,national
2025,WA,53017,Douglas,549300NOCASXPA34X033,"LAKEVIEW LOAN SERVICING, LLC",7,0,4,0.0,5,2,0,0,0,0,0,0,0,0,national
2025,WA,53021,Franklin,5493001B4U37VT2ML818,GESA CREDIT UNION,355,240,73,11.92,354,0,1,0,0,240,0,0,0,0,national
2025,WA,53021,Franklin,549300HW662MN1WU8550,"United Wholesale Mortgage, LLC",161,121,18,6.01,83,59,19,0,0,65,38,18,0,0,national
2025,WA,53021,Franklin,5493003T5D4N1CM46J77,1st Security Bank of Washington,156,119,5,5.91,92,56,8,0,0,70,43,6,0,0,national
2025,WA,53021,Franklin,549300FGXN1K3HLB1R50,"Rocket Mortgage, LLC",146,113,17,5.61,104,25,17,0,0,84,15,14,0,0,national
2025,WA,53021,Franklin,549300GKFNPRWNS0GF29,"AmeriHome Mortgage Company, LLC",138,108,4,5.37,84,36,5,13,0,66,27,5,10,0,national
2025,WA,53021,Franklin,549300121SF0K2LN2804,"PRIMELENDING, A PLAINSCAPITAL COMPANY",121,98,2,4.87,88,30,3,0,0,72,24,2,0,0,national
2025,WA,53021,Franklin,549300N52O6FKUCU5G62,NUMERICA CREDIT UNION,225,91,115,4.52,218,7,0,0,0,88,3,0,0,0,national
2025,WA,53021,Franklin,IFQSIUC9AGQV2NE8CN25,Columbia Bank,114,70,33,3.48,106,6,2,0,0,63,5,2,0,0,national
2025,WA,53021,Franklin,5493001SXWZ4OFP8Z903,"DHI MORTGAGE COMPANY, LTD.",74,59,3,2.93,34,37,3,0,0,28,29,2,0,0,national
2025,WA,53021,Franklin,54930097J3TUZXBXXE75,,104,58,19,2.88,101,3,0,0,0,58,0,0,0,0,national
2025,WA,53021,Franklin,WE0I402RW25AU38DTI13,Banner Bank,77,48,17,2.38,65,12,0,0,0,38,10,0,0,0,national
2025,WA,53021,Franklin,549300B4IYL7TZT8FA34,"PREMIER MORTGAGE RESOURCES, L.L.C.",60,47,2,2.33,36,23,1,0,0,27,19,1,0,0,national
2025,WA,53021,Franklin,549300VZVN841I2ILS84,"CROSSCOUNTRY MORTGAGE, LLC",80,47,5,2.33,45,28,6,1,0,26,16,4,1,0,national
2025,WA,53021,Franklin,5493008VVXQIDO1EZ460,"SUMMIT FUNDING, INC.",50,39,1,1.94,29,17,4,0,0,23,14,2,0,0,national
2025,WA,53021,Franklin,5493005JXQCVNMUHBR38,,43,33,3,1.64,43,0,0,0,0,33,0,0,0,0,national
2025,WA,53021,Franklin,549300TUSRLWD8ETNR90,SPOKANE TEACHERS,60,33,14,1.64,56,4,0,0,0,32,1,0,0,0,national
2025,WA,53021,Franklin,549300E2UX99HKDBR481,"NEW AMERICAN FUNDING, LLC",45,30,1,1.49,28,13,4,0,0,19,8,3,0,0,national
2025,WA,53021,Franklin,549300KIOYNU323LVJ37,AMERICAN PACIFIC MORTGAGE CORPORATION,40,30,3,1.49,26,10,4,0,0,20,7,3,0,0,national
2025,WA,53021,Franklin,549300LBCBNR1OT00651,NATIONSTAR MORTGAGE LLC,39,27,7,1.34,33,4,2,0,0,23,2,2,0,0,national
2025,WA,53021,Franklin,RVDPPPGHCGZ40J4VQ731,"PENNYMAC LOAN SERVICES, LLC",44,27,3,1.34,32,10,2,0,0,20,7,0,0,0,national
2025,WA,53021,Franklin,549300AG64NHILB7ZP05,"LOANDEPOT.COM, LLC",37,26,3,1.29,27,9,1,0,0,17,8,1,0,0,national
2025,WA,53021,Franklin,549300BLL6VL7AXWYP56,CHURCHILL MORTGAGE CORPORATION,28,23,1,1.14,19,7,2,0,0,15,6,2,0,0,national
2025,WA,53021,Franklin,254900Q3NKMPZB4K2E34,,62,20,2,0.99,62,0,0,0,0,20,0,0,0,0,national
2025,WA,53021,Franklin,549300LYRWPSYPK6S325,FREEDOM MORTGAGE CORPORATION,59,20,4,0.99,6,33,20,0,0,2,9,9,0,0,national
2025,WA,53021,Franklin,549300ESRQ6OLBB56N04,Glacier Bank,28,18,3,0.89,20,8,0,0,0,13,5,0,0,0,national
2025,WA,53021,Franklin,549300AQ3T62GXDU7D76,GUILD MORTGAGE COMPANY LLC,23,17,1,0.84,15,7,1,0,0,13,3,1,0,0,national
2025,WA,53021,Franklin,5493005F145IP6JL7314,,19,16,0,0.79,17,2,0,0,0,15,1,0,0,0,national
2025,WA,53021,Franklin,549300PIL8LFAQ04XC20,Better Mortgage Corporation,34,15,14,0.75,34,0,0,0,0,15,0,0,0,0,national
2025,WA,53021,Franklin,B4TYDEB6GKMZO031MB27,"Bank of America, National Association",34,14,12,0.7,34,0,0,0,0,14,0,0,0,0,national
2025,WA,53021,Franklin,7H6GLXDRUGQFU57RNE97,"JPMorgan Chase Bank, National Association",19,13,2,0.65,19,0,0,0,0,13,0,0,0,0,national
2025,WA,53021,Franklin,549300FNXYY540N23N64,Newrez LLC,39,12,8,0.6,29,6,4,0,0,9,1,2,0,0,national
2025,WA,53021,Franklin,549300J6N77Q8OHYNF23,,17,12,0,0.6,2,14,1,0,0,1,10,1,0,0,national
2025,WA,53021,Franklin,6BYL5QZYBDK8S7L73M02,U.S. Bank National Association,43,12,24,0.6,42,1,0,0,0,12,0,0,0,0,national
2025,WA,53021,Franklin,254900UL88QFG0E40516,FIGURE LENDING LLC,26,11,8,0.55,26,0,0,0,0,11,0,0,0,0,national
2025,WA,53021,Franklin,5493002TJKC8NLH1ZP82,,11,11,0,0.55,3,7,1,0,0,3,7,1,0,0,national
2025,WA,53021,Franklin,2549001SI0EMFPT39035,"Cornerstone First Mortgage, Inc",13,10,0,0.5,6,5,2,0,0,5,4,1,0,0,national
2025,WA,53021,Franklin,549300DD4R4SYK5RAQ92,"MOVEMENT MORTGAGE, LLC",15,10,3,0.5,12,2,1,0,0,8,2,0,0,0,national
2025,WA,53021,Franklin,549300DD5QQUHO6PCH70,"MORTGAGE RESEARCH CENTER, LLC",29,10,10,0.5,1,1,27,0,0,0,0,10,0,0,national
2025,WA,53021,Franklin,549300OPCWU6E72WUT29,"MUTUAL OF OMAHA MORTGAGE, INC.",19,10,4,0.5,1,14,4,0,0,0,7,3,0,0,national
2025,WA,53021,Franklin,549300P2GEYNMH5OQA71,WASHINGTON TRUST BANK,14,10,2,0.5,13,1,0,0,0,9,1,0,0,0,national
2025,WA,53021,Franklin,549300QKL5FUBZ8LSF50,"NATIONS DIRECT MORTGAGE, LLC",12,10,0,0.5,12,0,0,0,0,10,0,0,0,0,national
2025,WA,53021,Franklin,549300R9S3MVDV4MGF56,"CARRINGTON MORTGAGE SERVICES, LLC",23,10,7,0.5,15,8,0,0,0,7,3,0,0,0,national
2025,WA,53021,Franklin,549300YIQ7S7Z8PIHE53,AMERISAVE MORTGAGE CORPORATION,14,9,4,0.45,9,4,1,0,0,5,4,0,0,0,national
2025,WA,53021,Franklin,549300NOCASXPA34X033,"LAKEVIEW LOAN SERVICING, LLC",29,8,12,0.4,10,16,3,0,0,3,4,1,0,0,national
2025,WA,53021,Franklin,5493003GQDUH26DNNH17,Navy Federal Credit Union,25,7,11,0.35,20,0,5,0,0,4,0,3,0,0,national
2025,WA,53021,Franklin,549300YN94MOAVYW0F52,"GoodLeap, LLC",8,7,0,0.35,6,2,0,0,0,6,1,0,0,0,national
2025,WA,53021,Franklin,2549004FXPNKCLIN8250,"Synergy One Lending, Inc.",8,6,1,0.3,6,1,1,0,0,4,1,1,0,0,national
2025,WA,53021,Franklin,254900TTZ395IC926125,,9,6,1,0.3,5,4,0,0,0,3,3,0,0,0,national
2025,WA,53021,Franklin,3Y4U8VZURTYWI1W2K376,BMO Bank National Association,19,6,8,0.3,19,0,0,0,0,6,0,0,0,0,national
2025,WA,53021,Franklin,5493001PXRJMPLXPG540,IDAHO CENTRAL CREDIT UNION,8,6,2,0.3,8,0,0,0,0,6,0,0,0,0,national
2025,WA,53021,Franklin,549300KM40FP4MSQU941,Boeing Employees Credit Union,7,6,1,0.3,7,0,0,0,0,6,0,0,0,0,national
2025,WA,53021,Franklin,549300ZWNETGFXTBBY03,"CANOPY MORTGAGE, LLC",9,6,0,0.3,4,5,0,0,0,3,3,0,0,0,national
2025,WA,53021,Franklin,549300CB67L6KPJLHE19,"TRIAD FINANCIAL SERVICES, INC.",15,5,6,0.25,15,0,0,0,0,5,0,0,0,0,national
2025,WA,53021,Franklin,549300CY7WNAHKHYSJ73,"CORNERSTONE CAPITAL BANK, SSB",8,5,0,0.25,5,3,0,0,0,3,2,0,0,0,national
2025,WA,53021,Franklin,549300RN01LBYR8ZVX74,"LOWER, LLC",8,5,1,0.25,2,3,3,0,0,2,1,2,0,0,national
2025,WA,53021,Franklin,KB1H1DSPRFMYMCUFXT09,"Wells Fargo Bank, National Association",12,5,4,0.25,10,1,1,0,0,4,0,1,0,0,national
2025,WA,53021,Franklin,SS1TRMSN6BRNMOREEV51,"Flagstar Bank, National Association",7,5,2,0.25,5,2,0,0,0,4,1,0,0,0,national
2025,WA,53021,Franklin,25490066WMF8ZMQXQB18,"Lendage, LLC",5,4,0,0.2,5,0,0,0,0,4,0,0,0,0,national
2025,WA,53021,Franklin,254900CTT87ZKAUTIJ37,,4,4,0,0.2,4,0,0,0,0,4,0,0,0,0,national
2025,WA,53021,Franklin,254900E6AIE4Z8YQM970,Citadel Servicing Corporation,8,4,0,0.2,8,0,0,0,0,4,0,0,0,0,national
2025,WA,53021,Franklin,54930060G4MDPWHISD89,EVERGREEN MONEYSOURCE MORTGAGE COMPANY,7,4,0,0.2,5,2,0,0,0,3,1,0,0,0,national
2025,WA,53021,Franklin,549300BX448ALT10FI43,The Federal Savings Bank,8,4,0,0.2,0,0,8,0,0,0,0,4,0,0,national
2025,WA,53021,Franklin,549300PQLK8E48ILXV41,,6,4,0,0.2,5,1,0,0,0,4,0,0,0,0,national
2025,WA,53021,Franklin,549300SUCQ1358EGVE89,"NEW DAY FINANCIAL, LLC",13,4,2,0.2,0,0,13,0,0,0,0,4,0,0,national
2025,WA,53021,Franklin,5493001GCBD5XGNIC815,Coastal Community Bank,20,3,1,0.15,20,0,0,0,0,3,0,0,0,0,national
2025,WA,53021,Franklin,549300323EON4W3CCM44,"RESICENTRAL, LLC",3,3,0,0.15,2,1,0,0,0,2,1,0,0,0,national
2025,WA,53021,Franklin,5493006P5IHSK77SZ855,,3,3,0,0.15,2,1,0,0,0,2,1,0,0,0,national
2025,WA,53021,Franklin,5493006RIR31ORKYB608,,3,3,0,0.15,1,2,0,0,0,1,2,0,0,0,national
2025,WA,53021,Franklin,5493008JECR4UE0WVR04,"MORTGAGE EXPRESS, LLC",5,3,0,0.15,2,3,0,0,0,1,2,0,0,0,national
2025,WA,53021,Franklin,5493009HUMWCHFRDKF12,SAMMAMISH MORTGAGE COMPANY,3,3,0,0.15,3,0,0,0,0,3,0,0,0,0,national
2025,WA,53021,Franklin,549300KDR80I1ELW8D36,,5,3,1,0.15,5,0,0,0,0,3,0,0,0,0,national
2025,WA,53021,Franklin,549300MCIFZSDHUT8X63,"NFM, INC.",3,3,0,0.15,3,0,0,0,0,3,0,0,0,0,national
2025,WA,53021,Franklin,549300RPOGWJRH63HS39,UNION HOME MORTGAGE CORP.,3,3,0,0.15,1,0,2,0,0,1,0,2,0,0,national
2025,WA,53021,Franklin,549300U3721PJGQZYY68,"GUARANTEED RATE, INC.",9,3,2,0.15,6,0,3,0,0,2,0,1,0,0,national
2025,WA,53021,Franklin,549300VCMRO4ST680C11,VILLAGE CAPITAL & INVESTMENT LLC,4,3,0,0.15,0,1,3,0,0,0,1,2,0,0,national
2025,WA,53021,Franklin,AD6GFRVSDT01YPT1CS68,"PNC Bank, National Association",5,3,2,0.15,5,0,0,0,0,3,0,0,0,0,national
2025,WA,53021,Franklin,X05BVSK68TQ7YTOSNR22,Discover Bank,9,3,4,0.15,9,0,0,0,0,3,0,0,0,0,national
2025,WA,53021,Franklin,2549005SIVTHG14U2905,A&D Mortgage LLC,3,2,0,0.1,3,0,0,0,0,2,0,0,0,0,national
2025,WA,53021,Franklin,2549009AOX259OY87H37,,3,2,0,0.1,3,0,0,0,0,2,0,0,0,0,national
2025,WA,53021,Franklin,254900HA4DQWAE0W3342,"AMERIHOME MORTGAGE COMPANY, LLC",3,2,0,0.1,1,1,1,0,0,0,1,1,0,0,national
2025,WA,53021,Franklin,254900ZFWS2106HWPH46,"PARAMOUNT RESIDENTIAL MORTGAGE GROUP, INC.",3,2,0,0.1,2,0,1,0,0,2,0,0,0,0,national
2025,WA,53021,Franklin,5493000FWM3I2HHQY149,WASHINGTON STATE EMPLOYEES CREDIT UNION,8,2,6,0.1,8,0,0,0,0,2,0,0,0,0,national
2025,WA,53021,Franklin,5493000IIYWBLONJVJ30,,2,2,0,0.1,2,0,0,0,0,2,0,0,0,0,national
2025,WA,53021,Franklin,5493001WHVQBGRSWEU75,"HOMEBRIDGE FINANCIAL SERVICES, INC.",3,2,0,0.1,3,0,0,0,0,2,0,0,0,0,national
2025,WA,53021,Franklin,54930043BMDE130FJ617,"PROVIDENT FUNDING ASSOCIATES, L.P.",3,2,0,0.1,3,0,0,0,0,2,0,0,0,0,national
2025,WA,53021,Franklin,5493006KXUHSYFT7SD10,,4,2,0,0.1,2,2,0,0,0,1,1,0,0,0,national
2025,WA,53021,Franklin,5493008ZTV4S0W9DCX64,,2,2,0,0.1,1,1,0,0,0,1,1,0,0,0,national
2025,WA,53021,Franklin,549300A5HHOL2ED18C72,,2,2,0,0.1,2,0,0,0,0,2,0,0,0,0,national
2025,WA,53021,Franklin,549300COIWXM618UBE82,HomeTrust Bank,2,2,0,0.1,2,0,0,0,0,2,0,0,0,0,national
2025,WA,53021,Franklin,549300DK7QID2ZON6Q55,Global Federal Credit Union,3,2,1,0.1,3,0,0,0,0,2,0,0,0,0,national
2025,WA,53021,Franklin,549300EKFFG3BU8DNX74,NEXERA HOLDING LLC,4,2,1,0.1,4,0,0,0,0,2,0,0,0,0,national
2025,WA,53021,Franklin,549300GGB04TG4AH1377,,4,2,1,0.1,4,0,0,0,0,2,0,0,0,0,national
2025,WA,53021,Franklin,549300J7I82PNDVU8H22,"OCMBC, INC.",3,2,1,0.1,2,1,0,0,0,1,1,0,0,0,national
2025,WA,53021,Franklin,549300K4ZLGS7SRDTL86,Equity Prime Mortgage LLC,2,2,0,0.1,0,1,1,0,0,0,1,1,0,0,national
2025,WA,53021,Franklin,549300KHXD7JSQUZIJ22,"HIGHLANDS RESIDENTIAL MORTGAGE, LTD.",3,2,0,0.1,3,0,0,0,0,2,0,0,0,0,national
2025,WA,53021,Franklin,549300MHH03ICJYEPE85,,3,2,0,0.1,0,3,0,0,0,0,2,0,0,0,national
2025,WA,53021,Franklin,549300Q6YL1SFVPEGV90,,6,2,1,0.1,1,5,0,0,0,0,2,0,0,0,national
2025,WA,53021,Franklin,549300SK2GVCQXPD4S58,"SUN WEST MORTGAGE COMPANY, INC.",3,2,1,0.1,1,1,1,0,0,1,0,1,0,0,national
2025,WA,53021,Franklin,549300UHEEV73TKCZY62,,5,2,2,0.1,5,0,0,0,0,2,0,0,0,0,national
2025,WA,53021,Franklin,549300UT4EN6IH579Q63,"RIGHT START MORTGAGE, INC.",8,2,2,0.1,6,1,1,0,0,1,1,0,0,0,national
2025,WA,53021,Franklin,549300X7KG2H84UCP685,,2,2,0,0.1,1,1,0,0,0,1,1,0,0,0,national
2025,WA,53021,Franklin,HUX2X73FUCYHUVH1BK78,KeyBank National Association,6,2,2,0.1,5,1,0,0,0,2,0,0,0,0,national
2025,WA,53021,Franklin,PAOOWF3GUFM46FBSP561,,5,2,1,0.1,2,3,0,0,0,1,1,0,0,0,national
2025,WA,53021,Franklin,213800XR2TCBQJSF1X93,,3,1,0,0.05,2,0,1,0,0,0,0,1,0,0,national
2025,WA,53021,Franklin,254900114YHTRFBALC74,,1,1,0,0.05,1,0,0,0,0,1,0,0,0,0,national
2025,WA,53021,Franklin,254900DTLHVWQ7NP7R34,"CMG Mortgage, Inc.",11,1,4,0.05,10,1,0,0,0,1,0,0,0,0,national
2025,WA,53021,Franklin,254900HEJ9F73IMPX887,,1,1,0,0.05,1,0,0,0,0,1,0,0,0,0,national
2025,WA,53021,Franklin,254900N49YI2HHKDPS92,IQ Credit Union,1,1,0,0.05,1,0,0,0,0,1,0,0,0,0,national
2025,WA,53021,Franklin,254900QPRPHIXEAX3L37,,1,1,0,0.05,1,0,0,0,0,1,0,0,0,0,national
2025,WA,53021,Franklin,254900TG14TB8RKS3U42,,2,1,0,0.05,1,1,0,0,0,0,1,0,0,0,national
2025,WA,53021,Franklin,254900WTZC5SSKIN2M11,,1,1,0,0.05,1,0,0,0,0,1,0,0,0,0,national
2025,WA,53021,Franklin,5493000EUC3MM52PJV85,,1,1,0,0.05,1,0,0,0,0,1,0,0,0,0,national
2025,WA,53021,Franklin,5493001SDQVS1NWYH012,,1,1,0,0.05,1,0,0,0,0,1,0,0,0,0,national
2025,WA,53021,Franklin,5493001VH4ZJNSI25781,Peoples Bank,1,1,0,0.05,1,0,0,0,0,1,0,0,0,0,national
2025,WA,53021,Franklin,54930021WPEXNHYZUL09,"PLANET HOME LENDING, LLC",1,1,0,0.05,1,0,0,0,0,1,0,0,0,0,national
2025,WA,53021,Franklin,5493002B2WMHY23GFK92,"AMERICAN FINANCIAL RESOURCES, INC.",1,1,0,0.05,0,0,1,0,0,0,0,1,0,0,national
2025,WA,53021,Franklin,549300370QILXLFUWD20,"ZILLOW HOME LOANS, LLC",1,1,0,0.05,1,0,0,0,0,1,0,0,0,0,national
2025,WA,53021,Franklin,5493004AS1SPBQOFDR49,"Change Lending, LLC",1,1,0,0.05,1,0,0,0,0,1,0,0,0,0,national
2025,WA,53021,Franklin,5493004R423PBPM6A173,,1,1,0,0.05,0,1,0,0,0,0,1,0,0,0,national
2025,WA,53021,Franklin,54930054ET8KM4O1D485,"SOFI BANK, NATIONAL ASSOCIATION",10,1,1,0.05,10,0,0,0,0,1,0,0,0,0,national
2025,WA,53021,Franklin,5493005ICQ3QGEIWV618,UNITED MORTGAGE CORP.,2,1,1,0.05,1,1,0,0,0,0,1,0,0,0,national
2025,WA,53021,Franklin,5493005JPZ3LXXMB0S24,"Carrington Mortgage Services, LLC",1,1,0,0.05,1,0,0,0,0,1,0,0,0,0,national
2025,WA,53021,Franklin,5493006S869XKIESMV41,Mountain America Federal Credit Union,3,1,1,0.05,3,0,0,0,0,1,0,0,0,0,national
2025,WA,53021,Franklin,5493006VAGP3GQ8FJT49,"Kiavi Funding, Inc.",1,1,0,0.05,1,0,0,0,0,1,0,0,0,0,national
2025,WA,53021,Franklin,549300715JT4HMT74E48,,4,1,2,0.05,4,0,0,0,0,1,0,0,0,0,national
2025,WA,53021,Franklin,5493008CPTDVOS570626,"Primary Residential Mortgage, Inc.",3,1,1,0.05,3,0,0,0,0,1,0,0,0,0,national
2025,WA,53021,Franklin,5493008NWHQT1R22C024,"AMERICAN FINANCIAL NETWORK, INC.",4,1,0,0.05,2,2,0,0,0,1,0,0,0,0,national
2025,WA,53021,Franklin,549300ALNLUNS3Y53T24,AMERICAN FINANCING CORPORATION,14,1,5,0.05,9,5,0,0,0,1,0,0,0,0,national
2025,WA,53021,Franklin,549300EFCZM6KD6B8K69,MORTGAGE ACCESS CORP.,2,1,0,0.05,1,0,1,0,0,1,0,0,0,0,national
2025,WA,53021,Franklin,549300HIVO8XPBPNVG69,NOVA FINANCIAL & INVESTMENT CORPORATION,1,1,0,0.05,1,0,0,0,0,1,0,0,0,0,national
2025,WA,53021,Franklin,549300J0CQITHCF2G618,,1,1,0,0.05,1,0,0,0,0,1,0,0,0,0,national
2025,WA,53021,Franklin,549300K6K2IS7FRS7S09,,1,1,0,0.05,1,0,0,0,0,1,0,0,0,0,national
2025,WA,53021,Franklin,549300KJ8PAJ7E52HG32,Plains Commerce Bank,1,1,0,0.05,1,0,0,0,0,1,0,0,0,0,national
2025,WA,53021,Franklin,549300KSOOZZVXCMA627,ANGEL OAK MORTGAGE SOLUTIONS LLC,1,1,0,0.05,1,0,0,0,0,1,0,0,0,0,national
2025,WA,53021,Franklin,549300LROQOOQU77WS20,,2,1,0,0.05,2,0,0,0,0,1,0,0,0,0,national
2025,WA,53021,Franklin,549300MGPZBLQDIL7538,FAIRWAY INDEPENDENT MORTGAGE CORPORATION,2,1,1,0.05,1,1,0,0,0,0,1,0,0,0,national
2025,WA,53021,Franklin,549300MZ8VZJOVC63092,"KIND LENDING, LLC",1,1,0,0.05,1,0,0,0,0,1,0,0,0,0,national
2025,WA,53021,Franklin,549300NLJI4QKZ3D0G94,,1,1,0,0.05,1,0,0,0,0,1,0,0,0,0,national
2025,WA,53021,Franklin,549300NWBS6MQJX15N44,,1,1,0,0.05,1,0,0,0,0,1,0,0,0,0,national
2025,WA,53021,Franklin,549300PBTV7FCWLSMM53,"MORTGAGE SOLUTIONS OF COLORADO, LLC",3,1,1,0.05,1,1,1,0,0,1,0,0,0,0,national
2025,WA,53021,Franklin,549300PEWJWBNEOSS013,,1,1,0,0.05,0,1,0,0,0,0,1,0,0,0,national
2025,WA,53021,Franklin,549300PL8ER6H23P0Z91,BAY EQUITY LLC,1,1,0,0.05,0,1,0,0,0,0,1,0,0,0,national
2025,WA,53021,Franklin,549300Q02LGIN9AXKP98,FIRST TECHNOLOGY FEDERAL CREDIT UNION,1,1,0,0.05,1,0,0,0,0,1,0,0,0,0,national
2025,WA,53021,Franklin,549300Q3ROEQU3D1IW91,,3,1,1,0.05,3,0,0,0,0,1,0,0,0,0,national
2025,WA,53021,Franklin,549300REENMLD2RN3W58,"Magnolia Bank, Incorporated",1,1,0,0.05,1,0,0,0,0,1,0,0,0,0,national
2025,WA,53021,Franklin,549300S5YL3OH0IVCS62,FINANCE OF AMERICA REVERSE LLC,2,1,0,0.05,0,2,0,0,0,0,1,0,0,0,national
2025,WA,53021,Franklin,549300SQKZC6HESYGO25,,1,1,0,0.05,1,0,0,0,0,1,0,0,0,0,national
2025,WA,53021,Franklin,549300T94GSH3C4U5M59,ALLIANT CREDIT UNION,1,1,0,0.05,1,0,0,0,0,1,0,0,0,0,national
2025,WA,53021,Franklin,549300TA4MQM8WN2XG31,,1,1,0,0.05,1,0,0,0,0,1,0,0,0,0,national
2025,WA,53021,Franklin,549300UBGGLZLZEY0M18,Peak Credit Union,1,1,0,0.05,1,0,0,0,0,1,0,0,0,0,national
2025,WA,53021,Franklin,549300UR5AOWTJJ7KZ64,,2,1,0,0.05,2,0,0,0,0,1,0,0,0,0,national
2025,WA,53021,Franklin,549300VORTI31GZTJL53,"CARDINAL FINANCIAL COMPANY, LIMITED PARTNERSHIP",1,1,0,0.05,1,0,0,0,0,1,0,0,0,0,national
2025,WA,53021,Franklin,549300VQUTI5IU7GXT57,SECURITYNATIONAL MORTGAGE COMPANY,1,1,0,0.05,1,0,0,0,0,1,0,0,0,0,national
2025,WA,53021,Franklin,549300W45D2J6BT4LX65,,1,1,0,0.05,1,0,0,0,0,1,0,0,0,0,national
2025,WA,53021,Franklin,C5654JQHZUHN0772B561,USAA Federal Savings Bank,5,1,3,0.05,2,0,3,0,0,0,0,1,0,0,national
2025,WA,53021,Franklin,FT6J43S06X6CLJ0R0B48,Cathay Bank,2,1,0,0.05,2,0,0,0,0,1,0,0,0,0,national
2025,WA,53021,Franklin,WWB2V0FCW3A0EE3ZJN75,Manufacturers and Traders Trust Company,1,1,0,0.05,0,1,0,0,0,0,1,0,0,0,national
2025,WA,53025,Grant,549300AQ3T62GXDU7D76,GUILD MORTGAGE COMPANY LLC,334,243,21,11.72,216,76,26,16,0,164,52,14,13,0,national
2025,WA,53025,Grant,549300DD4R4SYK5RAQ92,"MOVEMENT MORTGAGE, LLC",226,172,14,8.29,140,78,8,0,0,104,61,7,0,0,national
2025,WA,53025,Grant,549300FGXN1K3HLB1R50,"Rocket Mortgage, LLC",200,150,35,7.23,141,42,17,0,0,112,27,11,0,0,national
2025,WA,53025,Grant,549300GKFNPRWNS0GF29,"AmeriHome Mortgage Company, LLC",171,136,6,6.56,74,57,7,33,0,58,48,7,23,0,national
2025,WA,53025,Grant,5493001B4U37VT2ML818,GESA CREDIT UNION,166,106,36,5.11,165,1,0,0,0,106,0,0,0,0,national
2025,WA,53025,Grant,549300HW662MN1WU8550,"United Wholesale Mortgage, LLC",148,103,26,4.97,63,41,42,2,0,45,25,32,1,0,national
2025,WA,53025,Grant,549300P2GEYNMH5OQA71,WASHINGTON TRUST BANK,111,71,27,3.42,106,5,0,0,0,69,2,0,0,0,national
2025,WA,53025,Grant,549300TUSRLWD8ETNR90,SPOKANE TEACHERS,131,70,37,3.38,119,12,0,0,0,59,11,0,0,0,national
2025,WA,53025,Grant,549300715JT4HMT74E48,,104,69,27,3.33,101,2,1,0,0,66,2,1,0,0,national
2025,WA,53025,Grant,6BYL5QZYBDK8S7L73M02,U.S. Bank National Association,101,48,38,2.31,99,2,0,0,0,47,1,0,0,0,national
2025,WA,53025,Grant,WE0I402RW25AU38DTI13,Banner Bank,87,44,25,2.12,82,4,1,0,0,42,2,0,0,0,national
2025,WA,53025,Grant,5493003T5D4N1CM46J77,1st Security Bank of Washington,45,41,0,1.98,25,17,3,0,0,23,16,2,0,0,national
2025,WA,53025,Grant,54930060G4MDPWHISD89,EVERGREEN MONEYSOURCE MORTGAGE COMPANY,40,34,1,1.64,29,10,1,0,0,23,10,1,0,0,national
2025,WA,53025,Grant,7H6GLXDRUGQFU57RNE97,"JPMorgan Chase Bank, National Association",44,33,4,1.59,43,1,0,0,0,33,0,0,0,0,national
2025,WA,53025,Grant,IFQSIUC9AGQV2NE8CN25,Columbia Bank,54,30,13,1.45,53,0,1,0,0,30,0,0,0,0,national
2025,WA,53025,Grant,549300MGPZBLQDIL7538,FAIRWAY INDEPENDENT MORTGAGE CORPORATION,30,27,0,1.3,19,8,2,1,0,18,6,2,1,0,national
2025,WA,53025,Grant,549300VZVN841I2ILS84,"CROSSCOUNTRY MORTGAGE, LLC",44,27,0,1.3,22,15,7,0,0,16,7,4,0,0,national
2025,WA,53025,Grant,549300LYRWPSYPK6S325,FREEDOM MORTGAGE CORPORATION,69,26,8,1.25,9,35,25,0,0,3,7,16,0,0,national
2025,WA,53025,Grant,549300AG64NHILB7ZP05,"LOANDEPOT.COM, LLC",39,23,8,1.11,28,7,4,0,0,18,2,3,0,0,national
2025,WA,53025,Grant,549300DD5QQUHO6PCH70,"MORTGAGE RESEARCH CENTER, LLC",49,23,8,1.11,0,0,49,0,0,0,0,23,0,0,national
2025,WA,53025,Grant,549300KM40FP4MSQU941,Boeing Employees Credit Union,47,23,16,1.11,47,0,0,0,0,23,0,0,0,0,national
2025,WA,53025,Grant,RVDPPPGHCGZ40J4VQ731,"PENNYMAC LOAN SERVICES, LLC",48,23,13,1.11,26,14,8,0,0,12,8,3,0,0,national
2025,WA,53025,Grant,549300X7KG2H84UCP685,,25,20,0,0.96,14,7,1,3,0,13,4,1,2,0,national
2025,WA,53025,Grant,549300ESRQ6OLBB56N04,Glacier Bank,34,19,5,0.92,22,12,0,0,0,14,5,0,0,0,national
2025,WA,53025,Grant,549300N52O6FKUCU5G62,NUMERICA CREDIT UNION,50,18,25,0.87,46,4,0,0,0,16,2,0,0,0,national
2025,WA,53025,Grant,549300CB67L6KPJLHE19,"TRIAD FINANCIAL SERVICES, INC.",36,17,11,0.82,36,0,0,0,0,17,0,0,0,0,national
2025,WA,53025,Grant,5493006VAGP3GQ8FJT49,"Kiavi Funding, Inc.",16,16,0,0.77,16,0,0,0,0,16,0,0,0,0,national
2025,WA,53025,Grant,549300KIOYNU323LVJ37,AMERICAN PACIFIC MORTGAGE CORPORATION,18,16,0,0.77,12,6,0,0,0,12,4,0,0,0,national
2025,WA,53025,Grant,549300121SF0K2LN2804,"PRIMELENDING, A PLAINSCAPITAL COMPANY",16,14,0,0.68,11,5,0,0,0,11,3,0,0,0,national
2025,WA,53025,Grant,549300E2UX99HKDBR481,"NEW AMERICAN FUNDING, LLC",29,14,3,0.68,13,14,2,0,0,8,4,2,0,0,national
2025,WA,53025,Grant,549300LBCBNR1OT00651,NATIONSTAR MORTGAGE LLC,18,14,1,0.68,17,1,0,0,0,13,1,0,0,0,national
2025,WA,53025,Grant,2549001SI0EMFPT39035,"Cornerstone First Mortgage, Inc",17,13,1,0.63,9,7,1,0,0,6,6,1,0,0,national
2025,WA,53025,Grant,549300FNXYY540N23N64,Newrez LLC,28,12,4,0.58,16,5,7,0,0,8,0,4,0,0,national
2025,WA,53025,Grant,549300VQUTI5IU7GXT57,SECURITYNATIONAL MORTGAGE COMPANY,18,12,1,0.58,12,5,1,0,0,7,5,0,0,0,national
2025,WA,53025,Grant,HUX2X73FUCYHUVH1BK78,KeyBank National Association,28,11,13,0.53,25,3,0,0,0,11,0,0,0,0,national
2025,WA,53025,Grant,B4TYDEB6GKMZO031MB27,"Bank of America, National Association",23,9,8,0.43,23,0,0,0,0,9,0,0,0,0,national
2025,WA,53025,Grant,5493001PXRJMPLXPG540,IDAHO CENTRAL CREDIT UNION,14,8,3,0.39,14,0,0,0,0,8,0,0,0,0,national
2025,WA,53025,Grant,5493002Y5XYV7DV1ZV88,"GOLD STAR MORTGAGE FINANCIAL GROUP, CORPORATION",14,8,1,0.39,7,6,0,1,0,5,3,0,0,0,national
2025,WA,53025,Grant,549300MCIFZSDHUT8X63,"NFM, INC.",8,8,0,0.39,7,1,0,0,0,7,1,0,0,0,national
2025,WA,53025,Grant,549300YIQ7S7Z8PIHE53,AMERISAVE MORTGAGE CORPORATION,38,8,25,0.39,21,15,2,0,0,5,3,0,0,0,national
2025,WA,53025,Grant,2549004FXPNKCLIN8250,"Synergy One Lending, Inc.",8,7,0,0.34,4,4,0,0,0,3,4,0,0,0,national
2025,WA,53025,Grant,254900ZFWS2106HWPH46,"PARAMOUNT RESIDENTIAL MORTGAGE GROUP, INC.",9,7,1,0.34,4,3,0,2,0,3,3,0,1,0,national
2025,WA,53025,Grant,54930054ET8KM4O1D485,"SOFI BANK, NATIONAL ASSOCIATION",19,7,1,0.34,18,1,0,0,0,7,0,0,0,0,national
2025,WA,53025,Grant,549300KDR80I1ELW8D36,,13,7,3,0.34,13,0,0,0,0,7,0,0,0,0,national
2025,WA,53025,Grant,549300XY701IELCE5Q08,BETTER MORTGAGE CORPORATION,11,7,3,0.34,7,3,1,0,0,4,2,1,0,0,national
2025,WA,53025,Grant,549300ZWNETGFXTBBY03,"CANOPY MORTGAGE, LLC",12,7,0,0.34,9,3,0,0,0,6,1,0,0,0,national
2025,WA,53025,Grant,254900DTLHVWQ7NP7R34,"CMG Mortgage, Inc.",10,6,2,0.29,9,0,1,0,0,5,0,1,0,0,national
2025,WA,53025,Grant,254900UL88QFG0E40516,FIGURE LENDING LLC,15,6,2,0.29,15,0,0,0,0,6,0,0,0,0,national
2025,WA,53025,Grant,5493003GQDUH26DNNH17,Navy Federal Credit Union,17,6,6,0.29,12,0,5,0,0,4,0,2,0,0,national
2025,WA,53025,Grant,5493008VVXQIDO1EZ460,"SUMMIT FUNDING, INC.",7,6,1,0.29,3,4,0,0,0,3,3,0,0,0,national
2025,WA,53025,Grant,549300BLL6VL7AXWYP56,CHURCHILL MORTGAGE CORPORATION,9,6,1,0.29,8,0,1,0,0,5,0,1,0,0,national
2025,WA,53025,Grant,549300J6N77Q8OHYNF23,,9,6,0,0.29,4,5,0,0,0,2,4,0,0,0,national
2025,WA,53025,Grant,549300J7I82PNDVU8H22,"OCMBC, INC.",6,6,0,0.29,5,1,0,0,0,5,1,0,0,0,national
2025,WA,53025,Grant,549300PIL8LFAQ04XC20,Better Mortgage Corporation,25,6,11,0.29,25,0,0,0,0,6,0,0,0,0,national
2025,WA,53025,Grant,25490066WMF8ZMQXQB18,"Lendage, LLC",5,5,0,0.24,5,0,0,0,0,5,0,0,0,0,national
2025,WA,53025,Grant,549300AG10BX85DF5S49,MLD MORTGAGE INC.,6,5,0,0.24,6,0,0,0,0,5,0,0,0,0,national
2025,WA,53025,Grant,549300NOCASXPA34X033,"LAKEVIEW LOAN SERVICING, LLC",29,5,16,0.24,12,16,1,0,0,4,1,0,0,0,national
2025,WA,53025,Grant,549300XQVJ1XBNFA5536,21ST MORTGAGE CORPORATION,23,5,11,0.24,23,0,0,0,0,5,0,0,0,0,national
2025,WA,53025,Grant,549300YN94MOAVYW0F52,"GoodLeap, LLC",7,5,0,0.24,4,3,0,0,0,4,1,0,0,0,national
2025,WA,53025,Grant,254900N133DZGPB2X985,,4,4,0,0.19,4,0,0,0,0,4,0,0,0,0,national
2025,WA,53025,Grant,254900QPRPHIXEAX3L37,,7,4,3,0.19,7,0,0,0,0,4,0,0,0,0,national
2025,WA,53025,Grant,5493000FWM3I2HHQY149,WASHINGTON STATE EMPLOYEES CREDIT UNION,21,4,12,0.19,19,2,0,0,0,4,0,0,0,0,national
2025,WA,53025,Grant,5493002B2WMHY23GFK92,"AMERICAN FINANCIAL RESOURCES, INC.",5,4,0,0.19,1,2,1,1,0,1,1,1,1,0,national
2025,WA,53025,Grant,549300B4IYL7TZT8FA34,"PREMIER MORTGAGE RESOURCES, L.L.C.",11,4,1,0.19,7,4,0,0,0,2,2,0,0,0,national
2025,WA,53025,Grant,549300OPCWU6E72WUT29,"MUTUAL OF OMAHA MORTGAGE, INC.",15,4,6,0.19,2,11,2,0,0,1,3,0,0,0,national
2025,WA,53025,Grant,549300Q3ROEQU3D1IW91,,20,4,8,0.19,20,0,0,0,0,4,0,0,0,0,national
2025,WA,53025,Grant,549300R9S3MVDV4MGF56,"CARRINGTON MORTGAGE SERVICES, LLC",18,4,9,0.19,9,6,3,0,0,3,1,0,0,0,national
2025,WA,53025,Grant,549300RFLICNI75BG067,Luminate Bank,4,4,0,0.19,2,1,1,0,0,2,1,1,0,0,national
2025,WA,53025,Grant,549300RN01LBYR8ZVX74,"LOWER, LLC",5,4,0,0.19,2,1,2,0,0,2,0,2,0,0,national
2025,WA,53025,Grant,549300U3721PJGQZYY68,"GUARANTEED RATE, INC.",9,4,1,0.19,6,3,0,0,0,3,1,0,0,0,national
2025,WA,53025,Grant,549300UHEEV73TKCZY62,,6,4,1,0.19,6,0,0,0,0,4,0,0,0,0,national
2025,WA,53025,Grant,C5654JQHZUHN0772B561,USAA Federal Savings Bank,6,4,0,0.19,0,0,6,0,0,0,0,4,0,0,national
2025,WA,53025,Grant,D38AC76TAMYI50NBPX33,,9,4,0,0.19,9,0,0,0,0,4,0,0,0,0,national
2025,WA,53025,Grant,5493001GCBD5XGNIC815,Coastal Community Bank,23,3,1,0.14,23,0,0,0,0,3,0,0,0,0,national
2025,WA,53025,Grant,5493001VH4ZJNSI25781,Peoples Bank,9,3,4,0.14,9,0,0,0,0,3,0,0,0,0,national
2025,WA,53025,Grant,54930021WPEXNHYZUL09,"PLANET HOME LENDING, LLC",4,3,0,0.14,0,2,2,0,0,0,1,2,0,0,national
2025,WA,53025,Grant,549300BX448ALT10FI43,The Federal Savings Bank,13,3,2,0.14,3,0,10,0,0,1,0,2,0,0,national
2025,WA,53025,Grant,549300DK7QID2ZON6Q55,Global Federal Credit Union,5,3,2,0.14,5,0,0,0,0,3,0,0,0,0,national
2025,WA,53025,Grant,549300GGB04TG4AH1377,,6,3,2,0.14,6,0,0,0,0,3,0,0,0,0,national
2025,WA,53025,Grant,549300KSOOZZVXCMA627,ANGEL OAK MORTGAGE SOLUTIONS LLC,4,3,1,0.14,4,0,0,0,0,3,0,0,0,0,national
2025,WA,53025,Grant,549300MZ8VZJOVC63092,"KIND LENDING, LLC",8,3,4,0.14,7,0,1,0,0,2,0,1,0,0,national
2025,WA,53025,Grant,549300QKL5FUBZ8LSF50,"NATIONS DIRECT MORTGAGE, LLC",3,3,0,0.14,1,2,0,0,0,1,2,0,0,0,national
2025,WA,53025,Grant,549300RFSMIRUODUVW59,First Interstate Bank,6,3,3,0.14,6,0,0,0,0,3,0,0,0,0,national
2025,WA,53025,Grant,549300RPOGWJRH63HS39,UNION HOME MORTGAGE CORP.,3,3,0,0.14,3,0,0,0,0,3,0,0,0,0,national
2025,WA,53025,Grant,549300T94GSH3C4U5M59,ALLIANT CREDIT UNION,7,3,4,0.14,7,0,0,0,0,3,0,0,0,0,national
2025,WA,53025,Grant,984500U2F9A83N391A91,"CHAMPIONS FUNDING, LLC",4,3,0,0.14,4,0,0,0,0,3,0,0,0,0,national
2025,WA,53025,Grant,254900378RFGMBEKAF12,Empeople Credit Union,2,2,0,0.1,2,0,0,0,0,2,0,0,0,0,national
2025,WA,53025,Grant,2549008TT6UNYR7AXF54,"Sunflower Bank, National Association",4,2,0,0.1,1,2,1,0,0,1,1,0,0,0,national
2025,WA,53025,Grant,5493001WHVQBGRSWEU75,"HOMEBRIDGE FINANCIAL SERVICES, INC.",5,2,1,0.1,5,0,0,0,0,2,0,0,0,0,national
2025,WA,53025,Grant,5493001X0T84TYRJ5Y59,,2,2,0,0.1,2,0,0,0,0,2,0,0,0,0,national
2025,WA,53025,Grant,549300370QILXLFUWD20,"ZILLOW HOME LOANS, LLC",2,2,0,0.1,2,0,0,0,0,2,0,0,0,0,national
2025,WA,53025,Grant,5493004AS1SPBQOFDR49,"Change Lending, LLC",2,2,0,0.1,2,0,0,0,0,2,0,0,0,0,national
2025,WA,53025,Grant,549300748YYU6VG08N83,"Loan Simple, Inc.",2,2,0,0.1,0,2,0,0,0,0,2,0,0,0,national
2025,WA,53025,Grant,5493008NWHQT1R22C024,"AMERICAN FINANCIAL NETWORK, INC.",5,2,0,0.1,2,2,1,0,0,1,1,0,0,0,national
2025,WA,53025,Grant,5493009HUMWCHFRDKF12,SAMMAMISH MORTGAGE COMPANY,4,2,0,0.1,4,0,0,0,0,2,0,0,0,0,national
2025,WA,53025,Grant,5493009QYNVEZ9VDJU57,,2,2,0,0.1,1,1,0,0,0,1,1,0,0,0,national
2025,WA,53025,Grant,549300CY7WNAHKHYSJ73,"CORNERSTONE CAPITAL BANK, SSB",5,2,1,0.1,5,0,0,0,0,2,0,0,0,0,national
2025,WA,53025,Grant,549300DU4JZVSGF3G964,,2,2,0,0.1,2,0,0,0,0,2,0,0,0,0,national
2025,WA,53025,Grant,549300KJ8PAJ7E52HG32,Plains Commerce Bank,5,2,0,0.1,3,1,1,0,0,1,0,1,0,0,national
2025,WA,53025,Grant,549300PL267CW8182203,,3,2,0,0.1,0,1,2,0,0,0,1,1,0,0,national
2025,WA,53025,Grant,549300PQLK8E48ILXV41,,2,2,0,0.1,2,0,0,0,0,2,0,0,0,0,national
2025,WA,53025,Grant,549300S5YL3OH0IVCS62,FINANCE OF AMERICA REVERSE LLC,2,2,0,0.1,0,2,0,0,0,0,2,0,0,0,national
2025,WA,53025,Grant,549300UXY7OP0IC38293,Northpointe Bank,3,2,0,0.1,3,0,0,0,0,2,0,0,0,0,national
2025,WA,53025,Grant,549300VCMRO4ST680C11,VILLAGE CAPITAL & INVESTMENT LLC,10,2,3,0.1,0,5,5,0,0,0,1,1,0,0,national
2025,WA,53025,Grant,549300XCVBRR56D08F03,,7,2,0,0.1,5,2,0,0,0,0,2,0,0,0,national
2025,WA,53025,Grant,AD6GFRVSDT01YPT1CS68,"PNC Bank, National Association",3,2,1,0.1,3,0,0,0,0,2,0,0,0,0,national
2025,WA,53025,Grant,KB1H1DSPRFMYMCUFXT09,"Wells Fargo Bank, National Association",8,2,5,0.1,7,1,0,0,0,2,0,0,0,0,national
2025,WA,53025,Grant,PAOOWF3GUFM46FBSP561,,5,2,0,0.1,2,2,1,0,0,1,1,0,0,0,national
2025,WA,53025,Grant,X05BVSK68TQ7YTOSNR22,Discover Bank,12,2,5,0.1,12,0,0,0,0,2,0,0,0,0,national
2025,WA,53025,Grant,2549005SIVTHG14U2905,A&D Mortgage LLC,3,1,1,0.05,3,0,0,0,0,1,0,0,0,0,national
2025,WA,53025,Grant,254900CTT87ZKAUTIJ37,,1,1,0,0.05,1,0,0,0,0,1,0,0,0,0,national
2025,WA,53025,Grant,254900IHSG9OOX0DZH92,,1,1,0,0.05,1,0,0,0,0,1,0,0,0,0,national
2025,WA,53025,Grant,254900LTD432L5CHIZ48,,1,1,0,0.05,1,0,0,0,0,1,0,0,0,0,national
2025,WA,53025,Grant,254900LX8DA8FRHUUD51,Potlatch No. 1 Financial Credit Union,1,1,0,0.05,1,0,0,0,0,1,0,0,0,0,national
2025,WA,53025,Grant,254900N49YI2HHKDPS92,IQ Credit Union,1,1,0,0.05,1,0,0,0,0,1,0,0,0,0,national
2025,WA,53025,Grant,254900NZOY3XB2DNSZ34,,1,1,0,0.05,1,0,0,0,0,1,0,0,0,0,national
2025,WA,53025,Grant,254900TG14TB8RKS3U42,,1,1,0,0.05,1,0,0,0,0,1,0,0,0,0,national
2025,WA,53025,Grant,254900TTZ395IC926125,,1,1,0,0.05,0,0,0,1,0,0,0,0,1,0,national
2025,WA,53025,Grant,254900WT4HAMDFWH3048,,5,1,0,0.05,0,5,0,0,0,0,1,0,0,0,national
2025,WA,53025,Grant,254900WTZC5SSKIN2M11,,3,1,0,0.05,3,0,0,0,0,1,0,0,0,0,national
2025,WA,53025,Grant,54930007KK7ZS3IJVC25,RED CANOE CREDIT UNION,2,1,0,0.05,2,0,0,0,0,1,0,0,0,0,national
2025,WA,53025,Grant,5493000IIYWBLONJVJ30,,2,1,0,0.05,1,1,0,0,0,1,0,0,0,0,national
2025,WA,53025,Grant,5493000NYUJT9UC6G261,LEADERONE FINANCIAL CORPORATION,1,1,0,0.05,1,0,0,0,0,1,0,0,0,0,national
2025,WA,53025,Grant,5493001JT9MT3Z3Y3M39,,1,1,0,0.05,1,0,0,0,0,1,0,0,0,0,national
2025,WA,53025,Grant,54930021QRU8VXNS6152,Sound Credit Union,3,1,0,0.05,3,0,0,0,0,1,0,0,0,0,national
2025,WA,53025,Grant,54930028J11BWKUVGX50,,3,1,2,0.05,3,0,0,0,0,1,0,0,0,0,national
2025,WA,53025,Grant,5493002WVA17MT4UFH84,,1,1,0,0.05,1,0,0,0,0,1,0,0,0,0,national
2025,WA,53025,Grant,5493003V40VGM7YDFM54,FIRST COLONY MORTGAGE CORPORATION,1,1,0,0.05,1,0,0,0,0,1,0,0,0,0,national
2025,WA,53025,Grant,54930043BMDE130FJ617,"PROVIDENT FUNDING ASSOCIATES, L.P.",3,1,2,0.05,3,0,0,0,0,1,0,0,0,0,national
2025,WA,53025,Grant,5493005DKMV1IHIM8E20,"Wilmington Savings Fund Society, FSB",1,1,0,0.05,1,0,0,0,0,1,0,0,0,0,national
2025,WA,53025,Grant,5493005PKOSG7MYX0B34,"Prosperity Home Mortgage, LLC",2,1,1,0.05,1,1,0,0,0,1,0,0,0,0,national
2025,WA,53025,Grant,5493006P5IHSK77SZ855,,1,1,0,0.05,0,1,0,0,0,0,1,0,0,0,national
2025,WA,53025,Grant,5493007QERYQSQ3QNH02,,2,1,0,0.05,2,0,0,0,0,1,0,0,0,0,national
2025,WA,53025,Grant,5493007ZF78YQRSXQG49,OPPORTUNITY BANK OF MONTANA,2,1,0,0.05,2,0,0,0,0,1,0,0,0,0,national
2025,WA,53025,Grant,5493008CPTDVOS570626,"Primary Residential Mortgage, Inc.",1,1,0,0.05,1,0,0,0,0,1,0,0,0,0,national
2025,WA,53025,Grant,54930097J3TUZXBXXE75,,6,1,2,0.05,6,0,0,0,0,1,0,0,0,0,national
2025,WA,53025,Grant,5493009B17HXCVXTD608,"JMAC LENDING, INC.",1,1,0,0.05,1,0,0,0,0,1,0,0,0,0,national
2025,WA,53025,Grant,5493009QB0KBU5M6NP90,,1,1,0,0.05,1,0,0,0,0,1,0,0,0,0,national
2025,WA,53025,Grant,549300ALNLUNS3Y53T24,AMERICAN FINANCING CORPORATION,6,1,3,0.05,3,2,1,0,0,0,1,0,0,0,national
2025,WA,53025,Grant,549300F6NSBOJBM9ED39,NuVision Federal Credit Union,1,1,0,0.05,1,0,0,0,0,1,0,0,0,0,national
2025,WA,53025,Grant,549300G4ESSS6M0MEG51,ORIGINPOINT LLC,2,1,0,0.05,2,0,0,0,0,1,0,0,0,0,national
2025,WA,53025,Grant,549300HIVO8XPBPNVG69,NOVA FINANCIAL & INVESTMENT CORPORATION,1,1,0,0.05,0,1,0,0,0,0,1,0,0,0,national
2025,WA,53025,Grant,549300KQHWNSVCE2MY88,,2,1,0,0.05,2,0,0,0,0,1,0,0,0,0,national
2025,WA,53025,Grant,549300KX4S1573HISS22,,1,1,0,0.05,1,0,0,0,0,1,0,0,0,0,national
2025,WA,53025,Grant,549300LROQOOQU77WS20,,3,1,0,0.05,3,0,0,0,0,1,0,0,0,0,national
2025,WA,53025,Grant,549300NN0PRX3I4QGG46,,1,1,0,0.05,0,0,1,0,0,0,0,1,0,0,national
2025,WA,53025,Grant,549300O6Z0I6KYMESL47,AMWEST FUNDING CORP.,2,1,0,0.05,2,0,0,0,0,1,0,0,0,0,national
2025,WA,53025,Grant,549300Q6YL1SFVPEGV90,,5,1,0,0.05,2,3,0,0,0,0,1,0,0,0,national
2025,WA,53025,Grant,549300R77W0P105C3S50,HOMEXPRESS MORTGAGE CORP.,1,1,0,0.05,1,0,0,0,0,1,0,0,0,0,national
2025,WA,53025,Grant,549300RA3E0BUFO7YZ21,"Hometown Equity Mortgage, LLC",3,1,2,0.05,3,0,0,0,0,1,0,0,0,0,national
2025,WA,53025,Grant,549300S5FVOSK5DQJN30,INTERCAP LENDING INC.,1,1,0,0.05,1,0,0,0,0,1,0,0,0,0,national
2025,WA,53025,Grant,549300SK2GVCQXPD4S58,"SUN WEST MORTGAGE COMPANY, INC.",3,1,0,0.05,1,2,0,0,0,0,1,0,0,0,national
2025,WA,53025,Grant,549300SUCQ1358EGVE89,"NEW DAY FINANCIAL, LLC",9,1,4,0.05,0,0,9,0,0,0,0,1,0,0,national
2025,WA,53025,Grant,549300TA4MQM8WN2XG31,,1,1,0,0.05,1,0,0,0,0,1,0,0,0,0,national
2025,WA,53025,Grant,549300U8DCOOTG96YM89,,1,1,0,0.05,1,0,0,0,0,1,0,0,0,0,national
2025,WA,53025,Grant,549300UBGGLZLZEY0M18,Peak Credit Union,2,1,0,0.05,2,0,0,0,0,1,0,0,0,0,national
2025,WA,53025,Grant,549300UR5AOWTJJ7KZ64,,1,1,0,0.05,1,0,0,0,0,1,0,0,0,0,national
2025,WA,53025,Grant,549300UT4EN6IH579Q63,"RIGHT START MORTGAGE, INC.",3,1,0,0.05,3,0,0,0,0,1,0,0,0,0,national
2025,WA,53025,Grant,549300VORTI31GZTJL53,"CARDINAL FINANCIAL COMPANY, LIMITED PARTNERSHIP",2,1,0,0.05,2,0,0,0,0,1,0,0,0,0,national
2025,WA,53025,Grant,549300W45D2J6BT4LX65,,1,1,0,0.05,1,0,0,0,0,1,0,0,0,0,national
2025,WA,53025,Grant,549300X08QKYUH256I80,,1,1,0,0.05,1,0,0,0,0,1,0,0,0,0,national
2025,WA,53025,Grant,549300XWUSRVVOHPRY47,Academy Mortgage Corporation,1,1,0,0.05,1,0,0,0,0,1,0,0,0,0,national
2025,WA,53025,Grant,549300Y5Y88FQLI7VE83,DEEPHAVEN MORTGAGE LLC,1,1,0,0.05,1,0,0,0,0,1,0,0,0,0,national
2025,WA,53025,Grant,549300Z2B4FHRYOXTS09,,2,1,1,0.05,2,0,0,0,0,1,0,0,0,0,national
2025,WA,53025,Grant,549300ZPSJZO10ZAX556,"AMERICAN HERITAGE LENDING, LLC",1,1,0,0.05,1,0,0,0,0,1,0,0,0,0,national
2025,WA,53025,Grant,8WH0EE09O9V05QJZ3V89,"Zions Bancorporation, N.A.",1,1,0,0.05,1,0,0,0,0,1,0,0,0,0,national
2025,WA,53025,Grant,984500F6E6940CCB6A60,,1,1,0,0.05,1,0,0,0,0,1,0,0,0,0,national
2025,WA,53025,Grant,COINQMNIM6RBU631DD85,Arvest Bank,1,1,0,0.05,1,0,0,0,0,1,0,0,0,0,national
2025,WA,53027,Grays Harbor,549300AQ3T62GXDU7D76,GUILD MORTGAGE COMPANY LLC,297,208,4,10.26,185,83,28,1,0,131,54,22,1,0,national
2025,WA,53027,Grays Harbor,549300FGXN1K3HLB1R50,"Rocket Mortgage, LLC",275,184,63,9.08,202,41,32,0,0,134,25,25,0,0,national
2025,WA,53027,Grays Harbor,549300HW662MN1WU8550,"United Wholesale Mortgage, LLC",171,117,23,5.77,83,37,45,6,0,59,20,33,5,0,national
2025,WA,53027,Grays Harbor,549300UBGGLZLZEY0M18,Peak Credit Union,182,113,47,5.57,182,0,0,0,0,113,0,0,0,0,national
2025,WA,53027,Grays Harbor,549300KM40FP4MSQU941,Boeing Employees Credit Union,103,69,26,3.4,103,0,0,0,0,69,0,0,0,0,national
2025,WA,53027,Grays Harbor,549300VZVN841I2ILS84,"CROSSCOUNTRY MORTGAGE, LLC",74,51,3,2.52,34,20,20,0,0,25,13,13,0,0,national
2025,WA,53027,Grays Harbor,549300DD4R4SYK5RAQ92,"MOVEMENT MORTGAGE, LLC",58,46,2,2.27,40,14,4,0,0,32,10,4,0,0,national
2025,WA,53027,Grays Harbor,549300B4IYL7TZT8FA34,"PREMIER MORTGAGE RESOURCES, L.L.C.",60,45,0,2.22,43,14,2,1,0,31,13,0,1,0,national
2025,WA,53027,Grays Harbor,5493000FWM3I2HHQY149,WASHINGTON STATE EMPLOYEES CREDIT UNION,84,44,30,2.17,79,5,0,0,0,42,2,0,0,0,national
2025,WA,53027,Grays Harbor,549300DD5QQUHO6PCH70,"MORTGAGE RESEARCH CENTER, LLC",85,42,16,2.07,7,0,78,0,0,3,0,39,0,0,national
2025,WA,53027,Grays Harbor,549300KHXD7JSQUZIJ22,"HIGHLANDS RESIDENTIAL MORTGAGE, LTD.",77,40,3,1.97,54,18,5,0,0,32,6,2,0,0,national
2025,WA,53027,Grays Harbor,549300E2UX99HKDBR481,"NEW AMERICAN FUNDING, LLC",69,38,5,1.87,45,21,3,0,0,28,9,1,0,0,national
2025,WA,53027,Grays Harbor,549300GKFNPRWNS0GF29,"AmeriHome Mortgage Company, LLC",50,37,1,1.83,34,10,3,3,0,24,9,2,2,0,national
2025,WA,53027,Grays Harbor,5493003T5D4N1CM46J77,1st Security Bank of Washington,54,36,6,1.78,47,4,3,0,0,33,2,1,0,0,national
2025,WA,53027,Grays Harbor,54930060G4MDPWHISD89,EVERGREEN MONEYSOURCE MORTGAGE COMPANY,47,33,1,1.63,34,10,2,1,0,27,5,1,0,0,national
2025,WA,53027,Grays Harbor,254900MKY47WU65N1J56,,52,32,10,1.58,52,0,0,0,0,32,0,0,0,0,national
2025,WA,53027,Grays Harbor,6BYL5QZYBDK8S7L73M02,U.S. Bank National Association,56,30,16,1.48,53,2,1,0,0,27,2,1,0,0,national
2025,WA,53027,Grays Harbor,RVDPPPGHCGZ40J4VQ731,"PENNYMAC LOAN SERVICES, LLC",62,30,10,1.48,33,15,12,2,0,17,10,3,0,0,national
2025,WA,53027,Grays Harbor,549300FNXYY540N23N64,Newrez LLC,65,29,8,1.43,40,10,14,1,0,17,4,7,1,0,national
2025,WA,53027,Grays Harbor,549300MGPZBLQDIL7538,FAIRWAY INDEPENDENT MORTGAGE CORPORATION,37,29,0,1.43,24,10,3,0,0,18,8,3,0,0,national
2025,WA,53027,Grays Harbor,5493003GQDUH26DNNH17,Navy Federal Credit Union,45,25,3,1.23,28,0,17,0,0,15,0,10,0,0,national
2025,WA,53027,Grays Harbor,549300AG64NHILB7ZP05,"LOANDEPOT.COM, LLC",40,24,10,1.18,26,9,5,0,0,15,5,4,0,0,national
2025,WA,53027,Grays Harbor,549300LBCBNR1OT00651,NATIONSTAR MORTGAGE LLC,32,24,3,1.18,28,2,2,0,0,20,2,2,0,0,national
2025,WA,53027,Grays Harbor,549300U3721PJGQZYY68,"GUARANTEED RATE, INC.",46,24,2,1.18,29,8,8,1,0,16,3,4,1,0,national
2025,WA,53027,Grays Harbor,549300LYRWPSYPK6S325,FREEDOM MORTGAGE CORPORATION,48,19,3,0.94,6,23,19,0,0,2,6,11,0,0,national
2025,WA,53027,Grays Harbor,254900DTLHVWQ7NP7R34,"CMG Mortgage, Inc.",28,18,2,0.89,26,1,1,0,0,16,1,1,0,0,national
2025,WA,53027,Grays Harbor,IFQSIUC9AGQV2NE8CN25,Columbia Bank,29,18,6,0.89,26,0,3,0,0,15,0,3,0,0,national
2025,WA,53027,Grays Harbor,549300AG10BX85DF5S49,MLD MORTGAGE INC.,18,17,0,0.84,16,1,1,0,0,16,0,1,0,0,national
2025,WA,53027,Grays Harbor,2549001SI0EMFPT39035,"Cornerstone First Mortgage, Inc",22,14,0,0.69,16,6,0,0,0,10,4,0,0,0,national
2025,WA,53027,Grays Harbor,5493000NYUJT9UC6G261,LEADERONE FINANCIAL CORPORATION,18,14,1,0.69,10,7,1,0,0,7,6,1,0,0,national
2025,WA,53027,Grays Harbor,549300KIOYNU323LVJ37,AMERICAN PACIFIC MORTGAGE CORPORATION,18,14,1,0.69,10,5,3,0,0,8,4,2,0,0,national
2025,WA,53027,Grays Harbor,54930049L5WINET09Q97,"CLICK N' CLOSE, INC.",16,13,0,0.64,3,13,0,0,0,3,10,0,0,0,national
2025,WA,53027,Grays Harbor,549300CY7WNAHKHYSJ73,"CORNERSTONE CAPITAL BANK, SSB",19,13,0,0.64,12,6,1,0,0,9,3,1,0,0,national
2025,WA,53027,Grays Harbor,549300Q50XCC0473FG63,,15,12,2,0.59,15,0,0,0,0,12,0,0,0,0,national
2025,WA,53027,Grays Harbor,C5654JQHZUHN0772B561,USAA Federal Savings Bank,21,12,4,0.59,10,0,11,0,0,6,0,6,0,0,national
2025,WA,53027,Grays Harbor,254900UL88QFG0E40516,FIGURE LENDING LLC,18,11,7,0.54,18,0,0,0,0,11,0,0,0,0,national
2025,WA,53027,Grays Harbor,254900ZFWS2106HWPH46,"PARAMOUNT RESIDENTIAL MORTGAGE GROUP, INC.",17,11,0,0.54,8,4,5,0,0,5,3,3,0,0,national
2025,WA,53027,Grays Harbor,7H6GLXDRUGQFU57RNE97,"JPMorgan Chase Bank, National Association",18,11,1,0.54,18,0,0,0,0,11,0,0,0,0,national
2025,WA,53027,Grays Harbor,54930021WPEXNHYZUL09,"PLANET HOME LENDING, LLC",15,10,4,0.49,5,5,5,0,0,5,2,3,0,0,national
2025,WA,53027,Grays Harbor,549300NOCASXPA34X033,"LAKEVIEW LOAN SERVICING, LLC",23,10,7,0.49,12,8,3,0,0,5,4,1,0,0,national
2025,WA,53027,Grays Harbor,549300UB5TJ0YPVPT503,,10,10,0,0.49,6,4,0,0,0,6,4,0,0,0,national
2025,WA,53027,Grays Harbor,549300ZWNETGFXTBBY03,"CANOPY MORTGAGE, LLC",14,10,0,0.49,8,5,1,0,0,4,5,1,0,0,national
2025,WA,53027,Grays Harbor,5493006VAGP3GQ8FJT49,"Kiavi Funding, Inc.",13,9,2,0.44,13,0,0,0,0,9,0,0,0,0,national
2025,WA,53027,Grays Harbor,549300OPCWU6E72WUT29,"MUTUAL OF OMAHA MORTGAGE, INC.",20,9,3,0.44,4,13,3,0,0,3,4,2,0,0,national
2025,WA,53027,Grays Harbor,549300PBTV7FCWLSMM53,"MORTGAGE SOLUTIONS OF COLORADO, LLC",12,9,0,0.44,3,3,6,0,0,2,2,5,0,0,national
2025,WA,53027,Grays Harbor,5493001B4U37VT2ML818,GESA CREDIT UNION,11,8,1,0.39,11,0,0,0,0,8,0,0,0,0,national
2025,WA,53027,Grays Harbor,25490066WMF8ZMQXQB18,"Lendage, LLC",7,7,0,0.35,7,0,0,0,0,7,0,0,0,0,national
2025,WA,53027,Grays Harbor,549300121SF0K2LN2804,"PRIMELENDING, A PLAINSCAPITAL COMPANY",10,7,0,0.35,8,2,0,0,0,5,2,0,0,0,national
2025,WA,53027,Grays Harbor,549300PIL8LFAQ04XC20,Better Mortgage Corporation,28,7,13,0.35,28,0,0,0,0,7,0,0,0,0,national
2025,WA,53027,Grays Harbor,549300YIQ7S7Z8PIHE53,AMERISAVE MORTGAGE CORPORATION,40,7,26,0.35,22,16,2,0,0,3,4,0,0,0,national
2025,WA,53027,Grays Harbor,549300ZZME37MXI1EF14,"DAS ACQUISITION COMPANY, LLC",9,7,0,0.35,4,4,1,0,0,4,2,1,0,0,national
2025,WA,53027,Grays Harbor,B4TYDEB6GKMZO031MB27,"Bank of America, National Association",23,7,12,0.35,23,0,0,0,0,7,0,0,0,0,national
2025,WA,53027,Grays Harbor,HUX2X73FUCYHUVH1BK78,KeyBank National Association,29,7,16,0.35,28,0,1,0,0,7,0,0,0,0,national
2025,WA,53027,Grays Harbor,KB1H1DSPRFMYMCUFXT09,"Wells Fargo Bank, National Association",17,7,2,0.35,15,0,2,0,0,7,0,0,0,0,national
2025,WA,53027,Grays Harbor,01KWVG908KE7RKPTNP46,HomeStreet Bank,11,6,4,0.3,11,0,0,0,0,6,0,0,0,0,national
2025,WA,53027,Grays Harbor,2549008GIE3QVYB2FT28,,9,6,1,0.3,9,0,0,0,0,6,0,0,0,0,national
2025,WA,53027,Grays Harbor,254900BBWJ82FQDQ6823,,6,6,0,0.3,6,0,0,0,0,6,0,0,0,0,national
2025,WA,53027,Grays Harbor,549300CB67L6KPJLHE19,"TRIAD FINANCIAL SERVICES, INC.",13,6,4,0.3,13,0,0,0,0,6,0,0,0,0,national
2025,WA,53027,Grays Harbor,549300PL8ER6H23P0Z91,BAY EQUITY LLC,8,6,2,0.3,7,1,0,0,0,5,1,0,0,0,national
2025,WA,53027,Grays Harbor,549300R9S3MVDV4MGF56,"CARRINGTON MORTGAGE SERVICES, LLC",13,6,6,0.3,6,3,4,0,0,3,0,3,0,0,national
2025,WA,53027,Grays Harbor,549300TMY3OACQC9U777,,8,6,0,0.3,8,0,0,0,0,6,0,0,0,0,national
2025,WA,53027,Grays Harbor,549300YN94MOAVYW0F52,"GoodLeap, LLC",8,6,1,0.3,7,1,0,0,0,6,0,0,0,0,national
2025,WA,53027,Grays Harbor,9845005BP6974AE5D838,,7,6,0,0.3,7,0,0,0,0,6,0,0,0,0,national
2025,WA,53027,Grays Harbor,2549004FXPNKCLIN8250,"Synergy One Lending, Inc.",9,5,0,0.25,7,2,0,0,0,4,1,0,0,0,national
2025,WA,53027,Grays Harbor,5493002B2WMHY23GFK92,"AMERICAN FINANCIAL RESOURCES, INC.",6,5,0,0.25,3,2,1,0,0,3,1,1,0,0,national
2025,WA,53027,Grays Harbor,54930054ET8KM4O1D485,"SOFI BANK, NATIONAL ASSOCIATION",15,5,2,0.25,15,0,0,0,0,5,0,0,0,0,national
2025,WA,53027,Grays Harbor,549300HIVO8XPBPNVG69,NOVA FINANCIAL & INVESTMENT CORPORATION,5,5,0,0.25,3,1,1,0,0,3,1,1,0,0,national
2025,WA,53027,Grays Harbor,549300MZ8VZJOVC63092,"KIND LENDING, LLC",11,5,5,0.25,7,1,3,0,0,3,0,2,0,0,national
2025,WA,53027,Grays Harbor,549300RN01LBYR8ZVX74,"LOWER, LLC",12,5,1,0.25,6,5,1,0,0,4,1,0,0,0,national
2025,WA,53027,Grays Harbor,549300S5YL3OH0IVCS62,FINANCE OF AMERICA REVERSE LLC,8,5,0,0.25,0,8,0,0,0,0,5,0,0,0,national
2025,WA,53027,Grays Harbor,AD6GFRVSDT01YPT1CS68,"PNC Bank, National Association",7,5,1,0.25,7,0,0,0,0,5,0,0,0,0,national
2025,WA,53027,Grays Harbor,WE0I402RW25AU38DTI13,Banner Bank,9,5,2,0.25,9,0,0,0,0,5,0,0,0,0,national
2025,WA,53027,Grays Harbor,254900E6AIE4Z8YQM970,Citadel Servicing Corporation,7,4,0,0.2,7,0,0,0,0,4,0,0,0,0,national
2025,WA,53027,Grays Harbor,254900QPRPHIXEAX3L37,,7,4,3,0.2,7,0,0,0,0,4,0,0,0,0,national
2025,WA,53027,Grays Harbor,5493001WHVQBGRSWEU75,"HOMEBRIDGE FINANCIAL SERVICES, INC.",5,4,0,0.2,5,0,0,0,0,4,0,0,0,0,national
2025,WA,53027,Grays Harbor,5493009HUMWCHFRDKF12,SAMMAMISH MORTGAGE COMPANY,6,4,0,0.2,4,0,2,0,0,3,0,1,0,0,national
2025,WA,53027,Grays Harbor,549300BLL6VL7AXWYP56,CHURCHILL MORTGAGE CORPORATION,4,4,0,0.2,4,0,0,0,0,4,0,0,0,0,national
2025,WA,53027,Grays Harbor,549300KJ8PAJ7E52HG32,Plains Commerce Bank,5,4,0,0.2,4,1,0,0,0,3,1,0,0,0,national
2025,WA,53027,Grays Harbor,549300MHH03ICJYEPE85,,7,4,1,0.2,0,7,0,0,0,0,4,0,0,0,national
2025,WA,53027,Grays Harbor,549300RPOGWJRH63HS39,UNION HOME MORTGAGE CORP.,4,4,0,0.2,1,2,1,0,0,1,2,1,0,0,national
2025,WA,53027,Grays Harbor,549300T94GSH3C4U5M59,ALLIANT CREDIT UNION,9,4,3,0.2,9,0,0,0,0,4,0,0,0,0,national
2025,WA,53027,Grays Harbor,549300VCMRO4ST680C11,VILLAGE CAPITAL & INVESTMENT LLC,12,4,3,0.2,0,2,10,0,0,0,1,3,0,0,national
2025,WA,53027,Grays Harbor,2549005SIVTHG14U2905,A&D Mortgage LLC,6,3,0,0.15,6,0,0,0,0,3,0,0,0,0,national
2025,WA,53027,Grays Harbor,54930007KK7ZS3IJVC25,RED CANOE CREDIT UNION,4,3,0,0.15,4,0,0,0,0,3,0,0,0,0,national
2025,WA,53027,Grays Harbor,5493001GCBD5XGNIC815,Coastal Community Bank,21,3,0,0.15,21,0,0,0,0,3,0,0,0,0,national
2025,WA,53027,Grays Harbor,549300370QILXLFUWD20,"ZILLOW HOME LOANS, LLC",3,3,0,0.15,2,1,0,0,0,2,1,0,0,0,national
2025,WA,53027,Grays Harbor,5493007L4GYNO2PUBS09,,8,3,1,0.15,6,2,0,0,0,2,1,0,0,0,national
2025,WA,53027,Grays Harbor,549300EKFFG3BU8DNX74,NEXERA HOLDING LLC,4,3,0,0.15,4,0,0,0,0,3,0,0,0,0,national
2025,WA,53027,Grays Harbor,549300MP3KK77THHQT36,,5,3,1,0.15,5,0,0,0,0,3,0,0,0,0,national
2025,WA,53027,Grays Harbor,549300N52O6FKUCU5G62,NUMERICA CREDIT UNION,4,3,1,0.15,4,0,0,0,0,3,0,0,0,0,national
2025,WA,53027,Grays Harbor,549300PL267CW8182203,,7,3,2,0.15,0,3,4,0,0,0,1,2,0,0,national
2025,WA,53027,Grays Harbor,549300PQLK8E48ILXV41,,3,3,0,0.15,3,0,0,0,0,3,0,0,0,0,national
2025,WA,53027,Grays Harbor,549300Q3ROEQU3D1IW91,,8,3,2,0.15,8,0,0,0,0,3,0,0,0,0,national
2025,WA,53027,Grays Harbor,549300QKL5FUBZ8LSF50,"NATIONS DIRECT MORTGAGE, LLC",3,3,0,0.15,1,2,0,0,0,1,2,0,0,0,national
2025,WA,53027,Grays Harbor,549300R77W0P105C3S50,HOMEXPRESS MORTGAGE CORP.,4,3,1,0.15,4,0,0,0,0,3,0,0,0,0,national
2025,WA,53027,Grays Harbor,549300RFSMIRUODUVW59,First Interstate Bank,3,3,0,0.15,3,0,0,0,0,3,0,0,0,0,national
2025,WA,53027,Grays Harbor,549300SK2GVCQXPD4S58,"SUN WEST MORTGAGE COMPANY, INC.",8,3,1,0.15,2,1,5,0,0,0,1,2,0,0,national
2025,WA,53027,Grays Harbor,549300SUCQ1358EGVE89,"NEW DAY FINANCIAL, LLC",17,3,6,0.15,0,0,17,0,0,0,0,3,0,0,national
2025,WA,53027,Grays Harbor,549300WJIJV987NXVC31,,5,3,0,0.15,4,0,1,0,0,3,0,0,0,0,national
2025,WA,53027,Grays Harbor,549300XHPPLC0TBRV021,,3,3,0,0.15,3,0,0,0,0,3,0,0,0,0,national
2025,WA,53027,Grays Harbor,549300XWUSRVVOHPRY47,Academy Mortgage Corporation,3,3,0,0.15,2,0,1,0,0,2,0,1,0,0,national
2025,WA,53027,Grays Harbor,549300Y5Y88FQLI7VE83,DEEPHAVEN MORTGAGE LLC,5,3,0,0.15,5,0,0,0,0,3,0,0,0,0,national
2025,WA,53027,Grays Harbor,PAOOWF3GUFM46FBSP561,,6,3,0,0.15,1,4,1,0,0,1,1,1,0,0,national
2025,WA,53027,Grays Harbor,X05BVSK68TQ7YTOSNR22,Discover Bank,10,3,3,0.15,10,0,0,0,0,3,0,0,0,0,national
2025,WA,53027,Grays Harbor,213800XR2TCBQJSF1X93,,3,2,1,0.1,3,0,0,0,0,2,0,0,0,0,national
2025,WA,53027,Grays Harbor,254900BMXWPEHXG4LF21,,2,2,0,0.1,1,1,0,0,0,1,1,0,0,0,national
2025,WA,53027,Grays Harbor,254900FDPG829O6VBB05,"EASTSIDE FUNDING, LLC",3,2,0,0.1,3,0,0,0,0,2,0,0,0,0,national
2025,WA,53027,Grays Harbor,254900N49YI2HHKDPS92,IQ Credit Union,3,2,0,0.1,3,0,0,0,0,2,0,0,0,0,national
2025,WA,53027,Grays Harbor,254900O2K17TNH5CL873,"RF RENOVO MANAGEMENT COMPANY, LLC",2,2,0,0.1,2,0,0,0,0,2,0,0,0,0,national
2025,WA,53027,Grays Harbor,254900T37KTTXKCK3416,,3,2,0,0.1,3,0,0,0,0,2,0,0,0,0,national
2025,WA,53027,Grays Harbor,254900WT4HAMDFWH3048,,3,2,0,0.1,0,3,0,0,0,0,2,0,0,0,national
2025,WA,53027,Grays Harbor,254900WTZC5SSKIN2M11,,2,2,0,0.1,2,0,0,0,0,2,0,0,0,0,national
2025,WA,53027,Grays Harbor,54930021DZJ9CEN11D61,,4,2,0,0.1,3,1,0,0,0,1,1,0,0,0,national
2025,WA,53027,Grays Harbor,54930028J11BWKUVGX50,,3,2,1,0.1,3,0,0,0,0,2,0,0,0,0,national
2025,WA,53027,Grays Harbor,5493002Y5XYV7DV1ZV88,"GOLD STAR MORTGAGE FINANCIAL GROUP, CORPORATION",2,2,0,0.1,2,0,0,0,0,2,0,0,0,0,national
2025,WA,53027,Grays Harbor,54930043BMDE130FJ617,"PROVIDENT FUNDING ASSOCIATES, L.P.",5,2,0,0.1,5,0,0,0,0,2,0,0,0,0,national
2025,WA,53027,Grays Harbor,5493004T38NMC864VL66,,2,2,0,0.1,2,0,0,0,0,2,0,0,0,0,national
2025,WA,53027,Grays Harbor,5493005PKOSG7MYX0B34,"Prosperity Home Mortgage, LLC",2,2,0,0.1,1,0,0,1,0,1,0,0,1,0,national
2025,WA,53027,Grays Harbor,5493008VVXQIDO1EZ460,"SUMMIT FUNDING, INC.",4,2,0,0.1,4,0,0,0,0,2,0,0,0,0,national
2025,WA,53027,Grays Harbor,5493008ZTV4S0W9DCX64,,5,2,2,0.1,3,2,0,0,0,1,1,0,0,0,national
2025,WA,53027,Grays Harbor,549300ALNLUNS3Y53T24,AMERICAN FINANCING CORPORATION,3,2,0,0.1,2,1,0,0,0,2,0,0,0,0,national
2025,WA,53027,Grays Harbor,549300BX448ALT10FI43,The Federal Savings Bank,5,2,0,0.1,1,0,4,0,0,1,0,1,0,0,national
2025,WA,53027,Grays Harbor,549300DK7QID2ZON6Q55,Global Federal Credit Union,9,2,5,0.1,8,0,1,0,0,1,0,1,0,0,national
2025,WA,53027,Grays Harbor,549300G4ESSS6M0MEG51,ORIGINPOINT LLC,6,2,2,0.1,4,2,0,0,0,1,1,0,0,0,national
2025,WA,53027,Grays Harbor,549300GS6ONO04ORI292,,4,2,2,0.1,1,3,0,0,0,0,2,0,0,0,national
2025,WA,53027,Grays Harbor,549300GTVXJ2PGXNLM73,T2 FINANCIAL LLC,2,2,0,0.1,0,0,2,0,0,0,0,2,0,0,national
2025,WA,53027,Grays Harbor,549300HRLROF7PLJ6735,CLEAREDGE LENDING LLC,2,2,0,0.1,2,0,0,0,0,2,0,0,0,0,national
2025,WA,53027,Grays Harbor,549300INKSPQCTELMO58,Granite Bank,2,2,0,0.1,2,0,0,0,0,2,0,0,0,0,national
2025,WA,53027,Grays Harbor,549300JYXTZDSPJEPI44,"PLAZA HOME MORTGAGE, INC.",7,2,3,0.1,4,2,1,0,0,0,1,1,0,0,national
2025,WA,53027,Grays Harbor,549300K4ZLGS7SRDTL86,Equity Prime Mortgage LLC,7,2,1,0.1,1,3,3,0,0,0,1,1,0,0,national
2025,WA,53027,Grays Harbor,549300KDR80I1ELW8D36,,7,2,1,0.1,7,0,0,0,0,2,0,0,0,0,national
2025,WA,53027,Grays Harbor,549300NFPC3Y4W3Y7R87,,5,2,0,0.1,0,2,3,0,0,0,1,1,0,0,national
2025,WA,53027,Grays Harbor,549300O2EZG72LO2FX38,,2,2,0,0.1,2,0,0,0,0,2,0,0,0,0,national
2025,WA,53027,Grays Harbor,549300QCYEU2QLIWN517,,2,2,0,0.1,2,0,0,0,0,2,0,0,0,0,national
2025,WA,53027,Grays Harbor,549300TA4MQM8WN2XG31,,3,2,0,0.1,3,0,0,0,0,2,0,0,0,0,national
2025,WA,53027,Grays Harbor,549300VZDEK4QLTWSL15,,4,2,1,0.1,4,0,0,0,0,2,0,0,0,0,national
2025,WA,53027,Grays Harbor,549300XQVJ1XBNFA5536,21ST MORTGAGE CORPORATION,11,2,4,0.1,11,0,0,0,0,2,0,0,0,0,national
2025,WA,53027,Grays Harbor,549300XW2H531FLD3I90,,2,2,0,0.1,1,0,0,1,0,1,0,0,1,0,national
2025,WA,53027,Grays Harbor,549300YEI60WAHWQ3110,KITSAP Credit Union,7,2,1,0.1,7,0,0,0,0,2,0,0,0,0,national
2025,WA,53027,Grays Harbor,2549002VH9C0PKB8K153,,1,1,0,0.05,1,0,0,0,0,1,0,0,0,0,national
2025,WA,53027,Grays Harbor,2549004Z576VEJBK3N72,"NQM FUNDING, LLC",1,1,0,0.05,1,0,0,0,0,1,0,0,0,0,national
2025,WA,53027,Grays Harbor,2549008TT6UNYR7AXF54,"Sunflower Bank, National Association",1,1,0,0.05,1,0,0,0,0,1,0,0,0,0,national
2025,WA,53027,Grays Harbor,2549009OWTY7KVB18G12,,1,1,0,0.05,1,0,0,0,0,1,0,0,0,0,national
2025,WA,53027,Grays Harbor,254900DSZI6CJXJL6Z14,,1,1,0,0.05,1,0,0,0,0,1,0,0,0,0,national
2025,WA,53027,Grays Harbor,254900HA4DQWAE0W3342,"AMERIHOME MORTGAGE COMPANY, LLC",3,1,0,0.05,0,3,0,0,0,0,1,0,0,0,national
2025,WA,53027,Grays Harbor,254900HEJ9F73IMPX887,,2,1,0,0.05,2,0,0,0,0,1,0,0,0,0,national
2025,WA,53027,Grays Harbor,254900LX8DA8FRHUUD51,Potlatch No. 1 Financial Credit Union,1,1,0,0.05,1,0,0,0,0,1,0,0,0,0,national
2025,WA,53027,Grays Harbor,254900NZOY3XB2DNSZ34,,1,1,0,0.05,1,0,0,0,0,1,0,0,0,0,national
2025,WA,53027,Grays Harbor,254900TTZ395IC926125,,1,1,0,0.05,1,0,0,0,0,1,0,0,0,0,national
2025,WA,53027,Grays Harbor,254900VE4XTOQUE8NZ77,,1,1,0,0.05,1,0,0,0,0,1,0,0,0,0,national
2025,WA,53027,Grays Harbor,254900VHUBSJJKOMBF27,,1,1,0,0.05,1,0,0,0,0,1,0,0,0,0,national
2025,WA,53027,Grays Harbor,2WHM8VNJH63UN14OL754,The Huntington National Bank,2,1,0,0.05,2,0,0,0,0,1,0,0,0,0,national
2025,WA,53027,Grays Harbor,3Y4U8VZURTYWI1W2K376,BMO Bank National Association,3,1,2,0.05,3,0,0,0,0,1,0,0,0,0,national
2025,WA,53027,Grays Harbor,5493000OM9RKJW8W5K82,,1,1,0,0.05,0,1,0,0,0,0,1,0,0,0,national
2025,WA,53027,Grays Harbor,5493001GDRY0EL7VG372,"ARK-LA-TEX FINANCIAL SERVICES, LLC.",1,1,0,0.05,1,0,0,0,0,1,0,0,0,0,national
2025,WA,53027,Grays Harbor,5493001PXRJMPLXPG540,IDAHO CENTRAL CREDIT UNION,1,1,0,0.05,1,0,0,0,0,1,0,0,0,0,national
2025,WA,53027,Grays Harbor,5493001VH4ZJNSI25781,Peoples Bank,1,1,0,0.05,1,0,0,0,0,1,0,0,0,0,national
2025,WA,53027,Grays Harbor,5493001X0T84TYRJ5Y59,,1,1,0,0.05,1,0,0,0,0,1,0,0,0,0,national
2025,WA,53027,Grays Harbor,5493001XKL0FTNOJ0866,,1,1,0,0.05,1,0,0,0,0,1,0,0,0,0,national
2025,WA,53027,Grays Harbor,54930021QRU8VXNS6152,Sound Credit Union,4,1,1,0.05,4,0,0,0,0,1,0,0,0,0,national
2025,WA,53027,Grays Harbor,54930048P8RWCQHQM310,,2,1,0,0.05,2,0,0,0,0,1,0,0,0,0,national
2025,WA,53027,Grays Harbor,5493006RIR31ORKYB608,,1,1,0,0.05,1,0,0,0,0,1,0,0,0,0,national
2025,WA,53027,Grays Harbor,549300748YYU6VG08N83,"Loan Simple, Inc.",1,1,0,0.05,0,1,0,0,0,0,1,0,0,0,national
2025,WA,53027,Grays Harbor,54930083D8Q8RK84Y448,,1,1,0,0.05,1,0,0,0,0,1,0,0,0,0,national
2025,WA,53027,Grays Harbor,5493008CPTDVOS570626,"Primary Residential Mortgage, Inc.",2,1,1,0.05,2,0,0,0,0,1,0,0,0,0,national
2025,WA,53027,Grays Harbor,5493009B17HXCVXTD608,"JMAC LENDING, INC.",2,1,0,0.05,1,1,0,0,0,0,1,0,0,0,national
2025,WA,53027,Grays Harbor,5493009D2COWW65B8673,,1,1,0,0.05,1,0,0,0,0,1,0,0,0,0,national
2025,WA,53027,Grays Harbor,5493009QB0KBU5M6NP90,,1,1,0,0.05,1,0,0,0,0,1,0,0,0,0,national
2025,WA,53027,Grays Harbor,549300C04BJ0G297NC13,,1,1,0,0.05,1,0,0,0,0,1,0,0,0,0,national
2025,WA,53027,Grays Harbor,549300C20KZIWPASBC15,,1,1,0,0.05,1,0,0,0,0,1,0,0,0,0,national
2025,WA,53027,Grays Harbor,549300CK7U1WMTIG6687,,1,1,0,0.05,1,0,0,0,0,1,0,0,0,0,national
2025,WA,53027,Grays Harbor,549300DRA4BDXW23LD45,,1,1,0,0.05,1,0,0,0,0,1,0,0,0,0,national
2025,WA,53027,Grays Harbor,549300F8C5JA44WNMI75,AMERICAN NEIGHBORHOOD MORTGAGE ACCEPTANCE COMPANY LLC,2,1,0,0.05,0,2,0,0,0,0,1,0,0,0,national
2025,WA,53027,Grays Harbor,549300GS0W0TEUQS8571,"Morgan Stanley Private Bank, National Association",1,1,0,0.05,1,0,0,0,0,1,0,0,0,0,national
2025,WA,53027,Grays Harbor,549300IEP77RKJ87Z176,OREGON COMMUNITY,1,1,0,0.05,1,0,0,0,0,1,0,0,0,0,national
2025,WA,53027,Grays Harbor,549300INFJ8TYNZ1G568,,1,1,0,0.05,1,0,0,0,0,1,0,0,0,0,national
2025,WA,53027,Grays Harbor,549300ISCZS1R0CJMO47,,1,1,0,0.05,1,0,0,0,0,1,0,0,0,0,national
2025,WA,53027,Grays Harbor,549300J6N77Q8OHYNF23,,2,1,0,0.05,0,2,0,0,0,0,1,0,0,0,national
2025,WA,53027,Grays Harbor,549300J7I82PNDVU8H22,"OCMBC, INC.",3,1,0,0.05,3,0,0,0,0,1,0,0,0,0,national
2025,WA,53027,Grays Harbor,549300KSOOZZVXCMA627,ANGEL OAK MORTGAGE SOLUTIONS LLC,2,1,0,0.05,2,0,0,0,0,1,0,0,0,0,national
2025,WA,53027,Grays Harbor,549300KX6E1IE2LM5E30,,2,1,0,0.05,2,0,0,0,0,1,0,0,0,0,national
2025,WA,53027,Grays Harbor,549300KZVCKCUN23YY80,,1,1,0,0.05,1,0,0,0,0,1,0,0,0,0,national
2025,WA,53027,Grays Harbor,549300L3IHIP0RH6IY76,SANDIA AREA,1,1,0,0.05,0,0,1,0,0,0,0,1,0,0,national
2025,WA,53027,Grays Harbor,549300LLESTPOVRG3X73,,1,1,0,0.05,1,0,0,0,0,1,0,0,0,0,national
2025,WA,53027,Grays Harbor,549300LROQOOQU77WS20,,2,1,0,0.05,2,0,0,0,0,1,0,0,0,0,national
2025,WA,53027,Grays Harbor,549300MCIFZSDHUT8X63,"NFM, INC.",1,1,0,0.05,1,0,0,0,0,1,0,0,0,0,national
2025,WA,53027,Grays Harbor,549300ML3H1LUVR1FP75,,1,1,0,0.05,1,0,0,0,0,1,0,0,0,0,national
2025,WA,53027,Grays Harbor,549300NN0PRX3I4QGG46,,2,1,0,0.05,0,0,2,0,0,0,0,1,0,0,national
2025,WA,53027,Grays Harbor,549300NWBS6MQJX15N44,,2,1,0,0.05,2,0,0,0,0,1,0,0,0,0,national
2025,WA,53027,Grays Harbor,549300O6Z0I6KYMESL47,AMWEST FUNDING CORP.,1,1,0,0.05,1,0,0,0,0,1,0,0,0,0,national
2025,WA,53027,Grays Harbor,549300OYEKEORA1GI088,,3,1,1,0.05,0,0,3,0,0,0,0,1,0,0,national
2025,WA,53027,Grays Harbor,549300PC4MFWQBNVKG88,"V.I.P. MORTGAGE, INC.",1,1,0,0.05,0,0,1,0,0,0,0,1,0,0,national
2025,WA,53027,Grays Harbor,549300Q02LGIN9AXKP98,FIRST TECHNOLOGY FEDERAL CREDIT UNION,1,1,0,0.05,1,0,0,0,0,1,0,0,0,0,national
2025,WA,53027,Grays Harbor,549300R7HGHP2I754087,TOWNE MORTGAGE COMPANY,1,1,0,0.05,0,1,0,0,0,0,1,0,0,0,national
2025,WA,53027,Grays Harbor,549300RFLICNI75BG067,Luminate Bank,3,1,0,0.05,1,0,2,0,0,0,0,1,0,0,national
2025,WA,53027,Grays Harbor,549300S5FVOSK5DQJN30,INTERCAP LENDING INC.,1,1,0,0.05,1,0,0,0,0,1,0,0,0,0,national
2025,WA,53027,Grays Harbor,549300T5QSL6MC8M4D04,"NORWICH COMMERCIAL GROUP, INC.",1,1,0,0.05,0,0,1,0,0,0,0,1,0,0,national
2025,WA,53027,Grays Harbor,549300TF1E42EUFBSL45,,1,1,0,0.05,1,0,0,0,0,1,0,0,0,0,national
2025,WA,53027,Grays Harbor,549300UF3FPC7U6RFC59,The Central Trust Bank,2,1,0,0.05,2,0,0,0,0,1,0,0,0,0,national
2025,WA,53027,Grays Harbor,549300UR5AOWTJJ7KZ64,,1,1,0,0.05,1,0,0,0,0,1,0,0,0,0,national
2025,WA,53027,Grays Harbor,549300UXY7OP0IC38293,Northpointe Bank,1,1,0,0.05,1,0,0,0,0,1,0,0,0,0,national
2025,WA,53027,Grays Harbor,549300V8CF81JGIV7038,,2,1,0,0.05,2,0,0,0,0,1,0,0,0,0,national
2025,WA,53027,Grays Harbor,549300VORTI31GZTJL53,"CARDINAL FINANCIAL COMPANY, LIMITED PARTNERSHIP",3,1,0,0.05,3,0,0,0,0,1,0,0,0,0,national
2025,WA,53027,Grays Harbor,549300VQUTI5IU7GXT57,SECURITYNATIONAL MORTGAGE COMPANY,1,1,0,0.05,1,0,0,0,0,1,0,0,0,0,national
2025,WA,53027,Grays Harbor,549300WRDGBHKR1BXL98,,1,1,0,0.05,1,0,0,0,0,1,0,0,0,0,national
2025,WA,53027,Grays Harbor,549300XCVBRR56D08F03,,10,1,0,0.05,6,3,1,0,0,1,0,0,0,0,national
2025,WA,53027,Grays Harbor,549300XHF3PMRO08N352,,1,1,0,0.05,1,0,0,0,0,1,0,0,0,0,national
2025,WA,53027,Grays Harbor,549300XRXBA38J60S618,,1,1,0,0.05,1,0,0,0,0,1,0,0,0,0,national
2025,WA,53027,Grays Harbor,549300XY701IELCE5Q08,BETTER MORTGAGE CORPORATION,4,1,1,0.05,4,0,0,0,0,1,0,0,0,0,national
2025,WA,53027,Grays Harbor,984500F6E6940CCB6A60,,1,1,0,0.05,1,0,0,0,0,1,0,0,0,0,national
2025,WA,53027,Grays Harbor,C398JSK21YCXWM603F55,"Barrington Bank & Trust Company, National Association",1,1,0,0.05,1,0,0,0,0,1,0,0,0,0,national
2025,WA,53027,Grays Harbor,Q708HHR4LD2B7XIZNO92,First Federal Bank,2,1,0,0.05,1,0,1,0,0,1,0,0,0,0,national
2025,WA,53027,Grays Harbor,SS1TRMSN6BRNMOREEV51,"Flagstar Bank, National Association",5,1,4,0.05,4,0,0,1,0,1,0,0,0,0,national
2025,WA,53027,Grays Harbor,254900RUCO27MVGTO768,LOAN FUNDER LLC,5,0,1,0.0,5,0,0,0,0,0,0,0,0,0,national
2025,WA,53027,Grays Harbor,54930091JQKCU3Z6IP44,,12,0,1,0.0,12,0,0,0,0,0,0,0,0,0,national
2025,WA,53029,Island,549300HW662MN1WU8550,"United Wholesale Mortgage, LLC",219,168,14,6.7,76,22,120,1,0,62,16,90,0,0,national
2025,WA,53029,Island,549300FGXN1K3HLB1R50,"Rocket Mortgage, LLC",210,166,18,6.62,162,15,33,0,0,134,11,21,0,0,national
2025,WA,53029,Island,549300KM40FP4MSQU941,Boeing Employees Credit Union,274,166,61,6.62,273,1,0,0,0,165,1,0,0,0,national
2025,WA,53029,Island,5493003GQDUH26DNNH17,Navy Federal Credit Union,305,158,56,6.3,241,0,64,0,0,121,0,37,0,0,national
2025,WA,53029,Island,549300GKFNPRWNS0GF29,"AmeriHome Mortgage Company, LLC",179,128,3,5.11,96,24,52,7,0,66,15,42,5,0,national
2025,WA,53029,Island,549300AQ3T62GXDU7D76,GUILD MORTGAGE COMPANY LLC,148,108,4,4.31,71,23,54,0,0,52,15,41,0,0,national
2025,WA,53029,Island,549300DD4R4SYK5RAQ92,"MOVEMENT MORTGAGE, LLC",101,74,3,2.95,75,16,10,0,0,56,11,7,0,0,national
2025,WA,53029,Island,549300DD5QQUHO6PCH70,"MORTGAGE RESEARCH CENTER, LLC",128,64,18,2.55,6,2,120,0,0,0,0,64,0,0,national
2025,WA,53029,Island,549300DK7QID2ZON6Q55,Global Federal Credit Union,109,64,18,2.55,81,5,23,0,0,48,1,15,0,0,national
2025,WA,53029,Island,5493001VH4ZJNSI25781,Peoples Bank,102,61,17,2.43,101,0,1,0,0,60,0,1,0,0,national
2025,WA,53029,Island,549300VZVN841I2ILS84,"CROSSCOUNTRY MORTGAGE, LLC",75,56,1,2.23,46,16,13,0,0,39,7,10,0,0,national
2025,WA,53029,Island,549300FNXYY540N23N64,Newrez LLC,95,48,14,1.92,65,5,25,0,0,32,2,14,0,0,national
2025,WA,53029,Island,549300MGPZBLQDIL7538,FAIRWAY INDEPENDENT MORTGAGE CORPORATION,59,48,0,1.92,49,4,6,0,0,39,3,6,0,0,national
2025,WA,53029,Island,549300J6N77Q8OHYNF23,,67,46,3,1.84,11,6,49,1,0,6,3,36,1,0,national
2025,WA,53029,Island,549300Z2B4FHRYOXTS09,,72,45,23,1.8,72,0,0,0,0,45,0,0,0,0,national
2025,WA,53029,Island,RVDPPPGHCGZ40J4VQ731,"PENNYMAC LOAN SERVICES, LLC",79,42,6,1.68,53,5,21,0,0,27,1,14,0,0,national
2025,WA,53029,Island,6BYL5QZYBDK8S7L73M02,U.S. Bank National Association,82,41,23,1.64,81,0,1,0,0,40,0,1,0,0,national
2025,WA,53029,Island,B4TYDEB6GKMZO031MB27,"Bank of America, National Association",82,41,21,1.64,82,0,0,0,0,41,0,0,0,0,national
2025,WA,53029,Island,WE0I402RW25AU38DTI13,Banner Bank,59,41,11,1.64,56,2,1,0,0,38,2,1,0,0,national
2025,WA,53029,Island,549300KIOYNU323LVJ37,AMERICAN PACIFIC MORTGAGE CORPORATION,41,31,1,1.24,27,4,10,0,0,20,3,8,0,0,national
2025,WA,53029,Island,549300AG64NHILB7ZP05,"LOANDEPOT.COM, LLC",48,29,8,1.16,38,5,5,0,0,23,2,4,0,0,national
2025,WA,53029,Island,549300LYRWPSYPK6S325,FREEDOM MORTGAGE CORPORATION,69,29,6,1.16,10,8,51,0,0,4,3,22,0,0,national
2025,WA,53029,Island,54930060G4MDPWHISD89,EVERGREEN MONEYSOURCE MORTGAGE COMPANY,38,26,0,1.04,31,3,4,0,0,19,3,4,0,0,national
2025,WA,53029,Island,549300E2UX99HKDBR481,"NEW AMERICAN FUNDING, LLC",41,25,5,1.0,26,8,7,0,0,18,2,5,0,0,national
2025,WA,53029,Island,254900DTLHVWQ7NP7R34,"CMG Mortgage, Inc.",36,24,1,0.96,33,2,1,0,0,22,2,0,0,0,national
2025,WA,53029,Island,549300LBCBNR1OT00651,NATIONSTAR MORTGAGE LLC,29,24,3,0.96,23,2,4,0,0,19,1,4,0,0,national
2025,WA,53029,Island,7H6GLXDRUGQFU57RNE97,"JPMorgan Chase Bank, National Association",36,24,2,0.96,36,0,0,0,0,24,0,0,0,0,national
2025,WA,53029,Island,549300MZ8VZJOVC63092,"KIND LENDING, LLC",30,22,6,0.88,23,2,5,0,0,17,2,3,0,0,national
2025,WA,53029,Island,549300121SF0K2LN2804,"PRIMELENDING, A PLAINSCAPITAL COMPANY",29,21,0,0.84,19,1,9,0,0,14,1,6,0,0,national
2025,WA,53029,Island,KB1H1DSPRFMYMCUFXT09,"Wells Fargo Bank, National Association",26,19,1,0.76,22,1,3,0,0,16,0,3,0,0,national
2025,WA,53029,Island,254900UL88QFG0E40516,FIGURE LENDING LLC,34,18,10,0.72,34,0,0,0,0,18,0,0,0,0,national
2025,WA,53029,Island,549300CY7WNAHKHYSJ73,"CORNERSTONE CAPITAL BANK, SSB",18,18,0,0.72,9,3,6,0,0,9,3,6,0,0,national
2025,WA,53029,Island,549300U3721PJGQZYY68,"GUARANTEED RATE, INC.",29,16,2,0.64,23,1,5,0,0,14,0,2,0,0,national
2025,WA,53029,Island,5493001GCBD5XGNIC815,Coastal Community Bank,29,15,3,0.6,29,0,0,0,0,15,0,0,0,0,national
2025,WA,53029,Island,549300OPCWU6E72WUT29,"MUTUAL OF OMAHA MORTGAGE, INC.",24,15,4,0.6,5,14,5,0,0,4,10,1,0,0,national
2025,WA,53029,Island,549300T94GSH3C4U5M59,ALLIANT CREDIT UNION,22,15,5,0.6,22,0,0,0,0,15,0,0,0,0,national
2025,WA,53029,Island,549300G4ESSS6M0MEG51,ORIGINPOINT LLC,19,14,1,0.56,11,1,7,0,0,9,1,4,0,0,national
2025,WA,53029,Island,254900FDPG829O6VBB05,"EASTSIDE FUNDING, LLC",15,13,0,0.52,15,0,0,0,0,13,0,0,0,0,national
2025,WA,53029,Island,254900ZFWS2106HWPH46,"PARAMOUNT RESIDENTIAL MORTGAGE GROUP, INC.",14,12,0,0.48,6,1,7,0,0,5,1,6,0,0,national
2025,WA,53029,Island,549300NOCASXPA34X033,"LAKEVIEW LOAN SERVICING, LLC",31,12,12,0.48,12,4,15,0,0,5,3,4,0,0,national
2025,WA,53029,Island,549300S5YL3OH0IVCS62,FINANCE OF AMERICA REVERSE LLC,13,12,0,0.48,2,11,0,0,0,1,11,0,0,0,national
2025,WA,53029,Island,01KWVG908KE7RKPTNP46,HomeStreet Bank,13,11,2,0.44,13,0,0,0,0,11,0,0,0,0,national
2025,WA,53029,Island,5493003Q3L1PO9NBVK64,WHATCOM EDUCATIONAL CREDIT UNION,16,10,4,0.4,16,0,0,0,0,10,0,0,0,0,national
2025,WA,53029,Island,54930043BMDE130FJ617,"PROVIDENT FUNDING ASSOCIATES, L.P.",17,10,0,0.4,17,0,0,0,0,10,0,0,0,0,national
2025,WA,53029,Island,5493003T5D4N1CM46J77,1st Security Bank of Washington,16,9,2,0.36,13,3,0,0,0,8,1,0,0,0,national
2025,WA,53029,Island,5493008CPTDVOS570626,"Primary Residential Mortgage, Inc.",12,9,2,0.36,12,0,0,0,0,9,0,0,0,0,national
2025,WA,53029,Island,5493009HUMWCHFRDKF12,SAMMAMISH MORTGAGE COMPANY,10,9,0,0.36,10,0,0,0,0,9,0,0,0,0,national
2025,WA,53029,Island,549300MCIFZSDHUT8X63,"NFM, INC.",12,9,0,0.36,9,3,0,0,0,7,2,0,0,0,national
2025,WA,53029,Island,549300R9S3MVDV4MGF56,"CARRINGTON MORTGAGE SERVICES, LLC",15,9,4,0.36,7,3,5,0,0,4,1,4,0,0,national
2025,WA,53029,Island,549300VCMRO4ST680C11,VILLAGE CAPITAL & INVESTMENT LLC,14,9,1,0.36,0,3,11,0,0,0,1,8,0,0,national
2025,WA,53029,Island,C5654JQHZUHN0772B561,USAA Federal Savings Bank,19,9,5,0.36,6,0,13,0,0,3,0,6,0,0,national
2025,WA,53029,Island,25490066WMF8ZMQXQB18,"Lendage, LLC",9,8,0,0.32,9,0,0,0,0,8,0,0,0,0,national
2025,WA,53029,Island,5493001WHVQBGRSWEU75,"HOMEBRIDGE FINANCIAL SERVICES, INC.",11,8,3,0.32,9,0,2,0,0,6,0,2,0,0,national
2025,WA,53029,Island,549300INFJ8TYNZ1G568,,9,8,1,0.32,9,0,0,0,0,8,0,0,0,0,national
2025,WA,53029,Island,549300PIL8LFAQ04XC20,Better Mortgage Corporation,31,8,15,0.32,31,0,0,0,0,8,0,0,0,0,national
2025,WA,53029,Island,D38AC76TAMYI50NBPX33,,14,8,2,0.32,14,0,0,0,0,8,0,0,0,0,national
2025,WA,53029,Island,IFQSIUC9AGQV2NE8CN25,Columbia Bank,17,8,5,0.32,16,0,1,0,0,7,0,1,0,0,national
2025,WA,53029,Island,2549001SI0EMFPT39035,"Cornerstone First Mortgage, Inc",11,7,0,0.28,3,4,4,0,0,2,2,3,0,0,national
2025,WA,53029,Island,254900XK1QLA60R87H84,,8,7,0,0.28,8,0,0,0,0,7,0,0,0,0,national
2025,WA,53029,Island,5493000FWM3I2HHQY149,WASHINGTON STATE EMPLOYEES CREDIT UNION,25,7,15,0.28,25,0,0,0,0,7,0,0,0,0,national
2025,WA,53029,Island,5493001B4U37VT2ML818,GESA CREDIT UNION,12,7,4,0.28,12,0,0,0,0,7,0,0,0,0,national
2025,WA,53029,Island,549300BX448ALT10FI43,The Federal Savings Bank,19,7,1,0.28,1,0,18,0,0,0,0,7,0,0,national
2025,WA,53029,Island,549300KHXD7JSQUZIJ22,"HIGHLANDS RESIDENTIAL MORTGAGE, LTD.",10,7,2,0.28,9,1,0,0,0,7,0,0,0,0,national
2025,WA,53029,Island,549300WJIJV987NXVC31,,10,7,0,0.28,8,2,0,0,0,5,2,0,0,0,national
2025,WA,53029,Island,254900E6AIE4Z8YQM970,Citadel Servicing Corporation,10,6,1,0.24,10,0,0,0,0,6,0,0,0,0,national
2025,WA,53029,Island,54930054ET8KM4O1D485,"SOFI BANK, NATIONAL ASSOCIATION",14,6,0,0.24,14,0,0,0,0,6,0,0,0,0,national
2025,WA,53029,Island,549300PL8ER6H23P0Z91,BAY EQUITY LLC,7,6,0,0.24,4,0,3,0,0,3,0,3,0,0,national
2025,WA,53029,Island,CKVBED0S4DMLKJJ5XH28,Stifel Bank and Trust,8,6,0,0.24,8,0,0,0,0,6,0,0,0,0,national
2025,WA,53029,Island,HUX2X73FUCYHUVH1BK78,KeyBank National Association,8,6,1,0.24,7,0,1,0,0,6,0,0,0,0,national
2025,WA,53029,Island,213800XR2TCBQJSF1X93,,8,5,1,0.2,6,1,1,0,0,4,1,0,0,0,national
2025,WA,53029,Island,254900QPRPHIXEAX3L37,,5,5,0,0.2,5,0,0,0,0,5,0,0,0,0,national
2025,WA,53029,Island,54930021QRU8VXNS6152,Sound Credit Union,12,5,1,0.2,12,0,0,0,0,5,0,0,0,0,national
2025,WA,53029,Island,54930049L5WINET09Q97,"CLICK N' CLOSE, INC.",5,5,0,0.2,3,2,0,0,0,3,2,0,0,0,national
2025,WA,53029,Island,5493008VVXQIDO1EZ460,"SUMMIT FUNDING, INC.",5,5,0,0.2,3,2,0,0,0,3,2,0,0,0,national
2025,WA,53029,Island,5493009B17HXCVXTD608,"JMAC LENDING, INC.",5,5,0,0.2,2,3,0,0,0,2,3,0,0,0,national
2025,WA,53029,Island,549300J7I82PNDVU8H22,"OCMBC, INC.",7,5,0,0.2,7,0,0,0,0,5,0,0,0,0,national
2025,WA,53029,Island,549300LROQOOQU77WS20,,7,5,0,0.2,7,0,0,0,0,5,0,0,0,0,national
2025,WA,53029,Island,549300MHH03ICJYEPE85,,6,5,0,0.2,2,4,0,0,0,1,4,0,0,0,national
2025,WA,53029,Island,549300Q50XCC0473FG63,,10,5,1,0.2,10,0,0,0,0,5,0,0,0,0,national
2025,WA,53029,Island,549300T61O0X0RJMQ375,,6,5,0,0.2,6,0,0,0,0,5,0,0,0,0,national
2025,WA,53029,Island,254900HEJ9F73IMPX887,,4,4,0,0.16,4,0,0,0,0,4,0,0,0,0,national
2025,WA,53029,Island,54930001NSTOD85LT125,"GUARANTEED RATE AFFINITY, LLC",5,4,0,0.16,4,0,1,0,0,3,0,1,0,0,national
2025,WA,53029,Island,5493001PXRJMPLXPG540,IDAHO CENTRAL CREDIT UNION,8,4,3,0.16,8,0,0,0,0,4,0,0,0,0,national
2025,WA,53029,Island,5493002B2WMHY23GFK92,"AMERICAN FINANCIAL RESOURCES, INC.",5,4,0,0.16,2,0,3,0,0,1,0,3,0,0,national
2025,WA,53029,Island,549300323EON4W3CCM44,"RESICENTRAL, LLC",7,4,0,0.16,6,0,1,0,0,4,0,0,0,0,national
2025,WA,53029,Island,549300DJT1WS6SELJS28,,10,4,4,0.16,10,0,0,0,0,4,0,0,0,0,national
2025,WA,53029,Island,549300EKFFG3BU8DNX74,NEXERA HOLDING LLC,6,4,0,0.16,6,0,0,0,0,4,0,0,0,0,national
2025,WA,53029,Island,549300JYXTZDSPJEPI44,"PLAZA HOME MORTGAGE, INC.",7,4,3,0.16,3,3,1,0,0,2,2,0,0,0,national
2025,WA,53029,Island,549300P2GEYNMH5OQA71,WASHINGTON TRUST BANK,5,4,0,0.16,5,0,0,0,0,4,0,0,0,0,national
2025,WA,53029,Island,549300Q02LGIN9AXKP98,FIRST TECHNOLOGY FEDERAL CREDIT UNION,6,4,1,0.16,6,0,0,0,0,4,0,0,0,0,national
2025,WA,53029,Island,549300SK2GVCQXPD4S58,"SUN WEST MORTGAGE COMPANY, INC.",7,4,2,0.16,0,0,7,0,0,0,0,4,0,0,national
2025,WA,53029,Island,549300UR5AOWTJJ7KZ64,,7,4,0,0.16,7,0,0,0,0,4,0,0,0,0,national
2025,WA,53029,Island,549300XY701IELCE5Q08,BETTER MORTGAGE CORPORATION,13,4,5,0.16,12,1,0,0,0,4,0,0,0,0,national
2025,WA,53029,Island,549300YIQ7S7Z8PIHE53,AMERISAVE MORTGAGE CORPORATION,26,4,19,0.16,17,3,6,0,0,4,0,0,0,0,national
2025,WA,53029,Island,549300YX5RPSSMR88K92,,4,4,0,0.16,4,0,0,0,0,4,0,0,0,0,national
2025,WA,53029,Island,549300ZBXINP1Y94CN02,,4,4,0,0.16,3,1,0,0,0,3,1,0,0,0,national
2025,WA,53029,Island,54930021WPEXNHYZUL09,"PLANET HOME LENDING, LLC",5,3,1,0.12,2,0,3,0,0,1,0,2,0,0,national
2025,WA,53029,Island,549300370QILXLFUWD20,"ZILLOW HOME LOANS, LLC",3,3,0,0.12,2,0,1,0,0,2,0,1,0,0,national
2025,WA,53029,Island,549300FX7K8PTEQUU487,PENTAGON FEDERAL CREDIT UNION,11,3,5,0.12,7,0,4,0,0,2,0,1,0,0,national
2025,WA,53029,Island,549300GS0W0TEUQS8571,"Morgan Stanley Private Bank, National Association",3,3,0,0.12,3,0,0,0,0,3,0,0,0,0,national
2025,WA,53029,Island,549300MUXFVZKH4XLG17,,3,3,0,0.12,3,0,0,0,0,3,0,0,0,0,national
2025,WA,53029,Island,549300Q3ROEQU3D1IW91,,4,3,0,0.12,4,0,0,0,0,3,0,0,0,0,national
2025,WA,53029,Island,549300RN01LBYR8ZVX74,"LOWER, LLC",4,3,0,0.12,3,1,0,0,0,3,0,0,0,0,national
2025,WA,53029,Island,549300ZPSJZO10ZAX556,"AMERICAN HERITAGE LENDING, LLC",3,3,0,0.12,3,0,0,0,0,3,0,0,0,0,national
2025,WA,53029,Island,549300ZWNETGFXTBBY03,"CANOPY MORTGAGE, LLC",4,3,0,0.12,2,1,1,0,0,2,1,0,0,0,national
2025,WA,53029,Island,E57ODZWZ7FF32TWEFA76,"Citibank, National Association",5,3,1,0.12,5,0,0,0,0,3,0,0,0,0,national
2025,WA,53029,Island,Q708HHR4LD2B7XIZNO92,First Federal Bank,5,3,0,0.12,3,0,2,0,0,2,0,1,0,0,national
2025,WA,53029,Island,2549008TT6UNYR7AXF54,"Sunflower Bank, National Association",3,2,0,0.08,2,1,0,0,0,1,1,0,0,0,national
2025,WA,53029,Island,254900IHSG9OOX0DZH92,,2,2,0,0.08,2,0,0,0,0,2,0,0,0,0,national
2025,WA,53029,Island,3Y4U8VZURTYWI1W2K376,BMO Bank National Association,4,2,2,0.08,4,0,0,0,0,2,0,0,0,0,national
2025,WA,53029,Island,5493000NYUJT9UC6G261,LEADERONE FINANCIAL CORPORATION,3,2,0,0.08,3,0,0,0,0,2,0,0,0,0,national
2025,WA,53029,Island,54930025XJJO3T0M1A92,,3,2,1,0.08,3,0,0,0,0,2,0,0,0,0,national
2025,WA,53029,Island,54930028J11BWKUVGX50,,5,2,2,0.08,5,0,0,0,0,2,0,0,0,0,national
2025,WA,53029,Island,5493002GI63WHHUTUD85,"KEYSTONE FUNDING, INC.",2,2,0,0.08,2,0,0,0,0,2,0,0,0,0,national
2025,WA,53029,Island,5493006VAGP3GQ8FJT49,"Kiavi Funding, Inc.",5,2,0,0.08,5,0,0,0,0,2,0,0,0,0,national
2025,WA,53029,Island,5493007L4GYNO2PUBS09,,3,2,1,0.08,2,1,0,0,0,2,0,0,0,0,national
2025,WA,53029,Island,5493008NWHQT1R22C024,"AMERICAN FINANCIAL NETWORK, INC.",2,2,0,0.08,0,1,1,0,0,0,1,1,0,0,national
2025,WA,53029,Island,5493009QB0KBU5M6NP90,,2,2,0,0.08,2,0,0,0,0,2,0,0,0,0,national
2025,WA,53029,Island,549300ALNLUNS3Y53T24,AMERICAN FINANCING CORPORATION,8,2,1,0.08,4,3,1,0,0,1,1,0,0,0,national
2025,WA,53029,Island,549300BLL6VL7AXWYP56,CHURCHILL MORTGAGE CORPORATION,2,2,0,0.08,2,0,0,0,0,2,0,0,0,0,national
2025,WA,53029,Island,549300CB67L6KPJLHE19,"TRIAD FINANCIAL SERVICES, INC.",10,2,4,0.08,10,0,0,0,0,2,0,0,0,0,national
2025,WA,53029,Island,549300GRGZDEH4ZGQS06,WATERSTONE MORTGAGE CORPORATION,2,2,0,0.08,1,0,1,0,0,1,0,1,0,0,national
2025,WA,53029,Island,549300GWD9H4FQ2VR805,,4,2,0,0.08,4,0,0,0,0,2,0,0,0,0,national
2025,WA,53029,Island,549300HIVO8XPBPNVG69,NOVA FINANCIAL & INVESTMENT CORPORATION,2,2,0,0.08,2,0,0,0,0,2,0,0,0,0,national
2025,WA,53029,Island,549300ISCZS1R0CJMO47,,2,2,0,0.08,1,0,1,0,0,1,0,1,0,0,national
2025,WA,53029,Island,549300LLESTPOVRG3X73,,2,2,0,0.08,2,0,0,0,0,2,0,0,0,0,national
2025,WA,53029,Island,549300PBTV7FCWLSMM53,"MORTGAGE SOLUTIONS OF COLORADO, LLC",2,2,0,0.08,1,1,0,0,0,1,1,0,0,0,national
2025,WA,53029,Island,549300PL267CW8182203,,6,2,1,0.08,1,0,5,0,0,1,0,1,0,0,national
2025,WA,53029,Island,549300Q6YL1SFVPEGV90,,3,2,0,0.08,1,1,1,0,0,0,1,1,0,0,national
2025,WA,53029,Island,549300TF1E42EUFBSL45,,3,2,1,0.08,3,0,0,0,0,2,0,0,0,0,national
2025,WA,53029,Island,549300U8DCOOTG96YM89,,3,2,1,0.08,3,0,0,0,0,2,0,0,0,0,national
2025,WA,53029,Island,549300UB5TJ0YPVPT503,,3,2,0,0.08,3,0,0,0,0,2,0,0,0,0,national
2025,WA,53029,Island,549300WKFR15017V9850,,3,2,0,0.08,3,0,0,0,0,2,0,0,0,0,national
2025,WA,53029,Island,549300Y5Y88FQLI7VE83,DEEPHAVEN MORTGAGE LLC,2,2,0,0.08,2,0,0,0,0,2,0,0,0,0,national
2025,WA,53029,Island,549300YEI60WAHWQ3110,KITSAP Credit Union,6,2,2,0.08,6,0,0,0,0,2,0,0,0,0,national
2025,WA,53029,Island,593C3GZG957YOJPS2Z63,,2,2,0,0.08,2,0,0,0,0,2,0,0,0,0,national
2025,WA,53029,Island,6PTKHDJ8HDUF78PFWH30,,2,2,0,0.08,2,0,0,0,0,2,0,0,0,0,national
2025,WA,53029,Island,IUGPUX5LWRZ3B6KIZ697,Ameris Bank,2,2,0,0.08,2,0,0,0,0,2,0,0,0,0,national
2025,WA,53029,Island,PAOOWF3GUFM46FBSP561,,8,2,1,0.08,6,2,0,0,0,2,0,0,0,0,national
2025,WA,53029,Island,ZXMJHJK466PBZTM5F379,,2,2,0,0.08,2,0,0,0,0,2,0,0,0,0,national
2025,WA,53029,Island,2549004FXPNKCLIN8250,"Synergy One Lending, Inc.",2,1,0,0.04,1,1,0,0,0,0,1,0,0,0,national
2025,WA,53029,Island,2549008LK3474E9U2888,ONPOINT COMMUNITY CREDIT UNION,2,1,0,0.04,2,0,0,0,0,1,0,0,0,0,national
2025,WA,53029,Island,254900CTT87ZKAUTIJ37,,1,1,0,0.04,1,0,0,0,0,1,0,0,0,0,national
2025,WA,53029,Island,254900LX8DA8FRHUUD51,Potlatch No. 1 Financial Credit Union,1,1,0,0.04,1,0,0,0,0,1,0,0,0,0,national
2025,WA,53029,Island,254900NZOY3XB2DNSZ34,,1,1,0,0.04,1,0,0,0,0,1,0,0,0,0,national
2025,WA,53029,Island,254900TG14TB8RKS3U42,,3,1,1,0.04,1,0,2,0,0,0,0,1,0,0,national
2025,WA,53029,Island,5493000BAKE4VAHVCU55,,4,1,0,0.04,4,0,0,0,0,1,0,0,0,0,national
2025,WA,53029,Island,5493000FSLMV0FBEQY36,,1,1,0,0.04,1,0,0,0,0,1,0,0,0,0,national
2025,WA,53029,Island,5493000IIYWBLONJVJ30,,2,1,0,0.04,2,0,0,0,0,1,0,0,0,0,national
2025,WA,53029,Island,5493001JT9MT3Z3Y3M39,,1,1,0,0.04,1,0,0,0,0,1,0,0,0,0,national
2025,WA,53029,Island,5493001X0T84TYRJ5Y59,,2,1,0,0.04,2,0,0,0,0,1,0,0,0,0,national
2025,WA,53029,Island,54930022CQGV47Q8PM03,,1,1,0,0.04,1,0,0,0,0,1,0,0,0,0,national
2025,WA,53029,Island,5493003V40VGM7YDFM54,FIRST COLONY MORTGAGE CORPORATION,1,1,0,0.04,1,0,0,0,0,1,0,0,0,0,national
2025,WA,53029,Island,5493004AS1SPBQOFDR49,"Change Lending, LLC",2,1,1,0.04,0,2,0,0,0,0,1,0,0,0,national
2025,WA,53029,Island,5493004F7BXDIUFVPV87,,1,1,0,0.04,1,0,0,0,0,1,0,0,0,0,national
2025,WA,53029,Island,5493004RLLKTQS8K7U51,,3,1,1,0.04,3,0,0,0,0,1,0,0,0,0,national
2025,WA,53029,Island,54930052M48FOD3CWA54,"PRIMARY RESIDENTIAL MORTGAGE, INC.",1,1,0,0.04,0,1,0,0,0,0,1,0,0,0,national
2025,WA,53029,Island,549300715JT4HMT74E48,,1,1,0,0.04,1,0,0,0,0,1,0,0,0,0,national
2025,WA,53029,Island,5493007QERYQSQ3QNH02,,3,1,1,0.04,3,0,0,0,0,1,0,0,0,0,national
2025,WA,53029,Island,54930097J3TUZXBXXE75,,2,1,0,0.04,2,0,0,0,0,1,0,0,0,0,national
2025,WA,53029,Island,5493009Y8ROUG903AQ21,,1,1,0,0.04,1,0,0,0,0,1,0,0,0,0,national
2025,WA,53029,Island,549300AG10BX85DF5S49,MLD MORTGAGE INC.,1,1,0,0.04,0,0,1,0,0,0,0,1,0,0,national
2025,WA,53029,Island,549300ASFUWYQO0RW077,,1,1,0,0.04,1,0,0,0,0,1,0,0,0,0,national
2025,WA,53029,Island,549300AT7EB9FJAF0E61,Old National Bank,1,1,0,0.04,1,0,0,0,0,1,0,0,0,0,national
2025,WA,53029,Island,549300B4IYL7TZT8FA34,"PREMIER MORTGAGE RESOURCES, L.L.C.",1,1,0,0.04,1,0,0,0,0,1,0,0,0,0,national
2025,WA,53029,Island,549300BOXNV8VLRBDT24,,2,1,0,0.04,2,0,0,0,0,1,0,0,0,0,national
2025,WA,53029,Island,549300CLRXFVF83ZL806,"NATIONWIDE MORTGAGE BANKERS, INC.",1,1,0,0.04,1,0,0,0,0,1,0,0,0,0,national
2025,WA,53029,Island,549300COIWXM618UBE82,HomeTrust Bank,1,1,0,0.04,1,0,0,0,0,1,0,0,0,0,national
2025,WA,53029,Island,549300FK3AFCFVAPH234,"Leader Bank, National Association",1,1,0,0.04,1,0,0,0,0,1,0,0,0,0,national
2025,WA,53029,Island,549300GGB04TG4AH1377,,1,1,0,0.04,1,0,0,0,0,1,0,0,0,0,national
2025,WA,53029,Island,549300GTVXJ2PGXNLM73,T2 FINANCIAL LLC,3,1,0,0.04,0,0,3,0,0,0,0,1,0,0,national
2025,WA,53029,Island,549300HRLROF7PLJ6735,CLEAREDGE LENDING LLC,2,1,1,0.04,2,0,0,0,0,1,0,0,0,0,national
2025,WA,53029,Island,549300JE1TOUVEDSGD05,,1,1,0,0.04,1,0,0,0,0,1,0,0,0,0,national
2025,WA,53029,Island,549300K6K2IS7FRS7S09,,1,1,0,0.04,0,0,1,0,0,0,0,1,0,0,national
2025,WA,53029,Island,549300KJ8PAJ7E52HG32,Plains Commerce Bank,1,1,0,0.04,1,0,0,0,0,1,0,0,0,0,national
2025,WA,53029,Island,549300KX6E1IE2LM5E30,,1,1,0,0.04,1,0,0,0,0,1,0,0,0,0,national
2025,WA,53029,Island,549300LZUXCJFE5ONM48,,2,1,0,0.04,0,2,0,0,0,0,1,0,0,0,national
2025,WA,53029,Island,549300NFPC3Y4W3Y7R87,,5,1,0,0.04,4,1,0,0,0,0,1,0,0,0,national
2025,WA,53029,Island,549300NWBS6MQJX15N44,,1,1,0,0.04,1,0,0,0,0,1,0,0,0,0,national
2025,WA,53029,Island,549300O5WDIJU8S7OI05,"Stride Bank, National Association",2,1,0,0.04,1,0,1,0,0,0,0,1,0,0,national
2025,WA,53029,Island,549300O6Z0I6KYMESL47,AMWEST FUNDING CORP.,2,1,0,0.04,2,0,0,0,0,1,0,0,0,0,national
2025,WA,53029,Island,549300OBO7DOF2KOP535,FirstBank,1,1,0,0.04,0,0,1,0,0,0,0,1,0,0,national
2025,WA,53029,Island,549300QKL5FUBZ8LSF50,"NATIONS DIRECT MORTGAGE, LLC",2,1,1,0.04,0,1,1,0,0,0,0,1,0,0,national
2025,WA,53029,Island,549300R0DP2GXAIMGB41,Bank of Colorado,1,1,0,0.04,1,0,0,0,0,1,0,0,0,0,national
2025,WA,53029,Island,549300R77W0P105C3S50,HOMEXPRESS MORTGAGE CORP.,1,1,0,0.04,1,0,0,0,0,1,0,0,0,0,national
2025,WA,53029,Island,549300RFLICNI75BG067,Luminate Bank,1,1,0,0.04,1,0,0,0,0,1,0,0,0,0,national
2025,WA,53029,Island,549300RPOGWJRH63HS39,UNION HOME MORTGAGE CORP.,3,1,0,0.04,2,1,0,0,0,1,0,0,0,0,national
2025,WA,53029,Island,549300TTPRGSP8DGY569,,1,1,0,0.04,1,0,0,0,0,1,0,0,0,0,national
2025,WA,53029,Island,549300UBGGLZLZEY0M18,Peak Credit Union,3,1,2,0.04,3,0,0,0,0,1,0,0,0,0,national
2025,WA,53029,Island,549300UF3FPC7U6RFC59,The Central Trust Bank,1,1,0,0.04,1,0,0,0,0,1,0,0,0,0,national
2025,WA,53029,Island,549300UXY7OP0IC38293,Northpointe Bank,1,1,0,0.04,1,0,0,0,0,1,0,0,0,0,national
2025,WA,53029,Island,549300WH9FMXOC63ZV77,,1,1,0,0.04,1,0,0,0,0,1,0,0,0,0,national
2025,WA,53029,Island,549300WYBPIWKK6SQC06,Bell Bank,1,1,0,0.04,0,0,1,0,0,0,0,1,0,0,national
2025,WA,53029,Island,549300XCVBRR56D08F03,,4,1,0,0.04,3,1,0,0,0,0,1,0,0,0,national
2025,WA,53029,Island,549300XHF3PMRO08N352,,1,1,0,0.04,1,0,0,0,0,1,0,0,0,0,national
2025,WA,53029,Island,549300XW2H531FLD3I90,,1,1,0,0.04,1,0,0,0,0,1,0,0,0,0,national
2025,WA,53029,Island,549300XWUSRVVOHPRY47,Academy Mortgage Corporation,3,1,0,0.04,3,0,0,0,0,1,0,0,0,0,national
2025,WA,53029,Island,549300YN94MOAVYW0F52,"GoodLeap, LLC",1,1,0,0.04,0,1,0,0,0,0,1,0,0,0,national
2025,WA,53029,Island,549300ZIQ24V0C88AC41,GTE Federal Credit Union,2,1,0,0.04,2,0,0,0,0,1,0,0,0,0,national
2025,WA,53029,Island,549300ZIXM1VUXPG4D03,,1,1,0,0.04,1,0,0,0,0,1,0,0,0,0,national
2025,WA,53029,Island,549300ZZME37MXI1EF14,"DAS ACQUISITION COMPANY, LLC",1,1,0,0.04,1,0,0,0,0,1,0,0,0,0,national
2025,WA,53029,Island,9845006YE04B346EC919,,1,1,0,0.04,0,0,1,0,0,0,0,1,0,0,national
2025,WA,53029,Island,984500F5665613E36549,,2,1,1,0.04,2,0,0,0,0,1,0,0,0,0,national
2025,WA,53029,Island,984500U2F9A83N391A91,"CHAMPIONS FUNDING, LLC",3,1,1,0.04,3,0,0,0,0,1,0,0,0,0,national
2025,WA,53029,Island,AD6GFRVSDT01YPT1CS68,"PNC Bank, National Association",14,1,6,0.04,14,0,0,0,0,1,0,0,0,0,national
2025,WA,53029,Island,HIDXEG9BLUJZKBGUT764,Bank-Fund Staff Federal Credit Union,1,1,0,0.04,1,0,0,0,0,1,0,0,0,0,national
2025,WA,53029,Island,SS1TRMSN6BRNMOREEV51,"Flagstar Bank, National Association",2,1,0,0.04,2,0,0,0,0,1,0,0,0,0,national
2025,WA,53029,Island,X05BVSK68TQ7YTOSNR22,Discover Bank,17,1,11,0.04,17,0,0,0,0,1,0,0,0,0,national
2025,WA,53029,Island,54930091JQKCU3Z6IP44,,5,0,0,0.0,5,0,0,0,0,0,0,0,0,0,national
2025,WA,53029,Island,549300GQDT484LGI9C04,,6,0,3,0.0,3,1,2,0,0,0,0,0,0,0,national
2025,WA,53029,Island,549300K4ZLGS7SRDTL86,Equity Prime Mortgage LLC,8,0,1,0.0,0,5,3,0,0,0,0,0,0,0,national
2025,WA,53029,Island,549300SUCQ1358EGVE89,"NEW DAY FINANCIAL, LLC",15,0,2,0.0,0,1,14,0,0,0,0,0,0,0,national
2025,WA,53031,Jefferson,549300FGXN1K3HLB1R50,"Rocket Mortgage, LLC",64,48,11,7.22,59,1,4,0,0,44,0,4,0,0,national
2025,WA,53031,Jefferson,549300HW662MN1WU8550,"United Wholesale Mortgage, LLC",50,40,1,6.02,35,5,10,0,0,29,3,8,0,0,national
2025,WA,53031,Jefferson,5493003T5D4N1CM46J77,1st Security Bank of Washington,55,39,4,5.86,51,3,1,0,0,38,0,1,0,0,national
2025,WA,53031,Jefferson,549300E2UX99HKDBR481,"NEW AMERICAN FUNDING, LLC",61,39,0,5.86,49,7,5,0,0,29,5,5,0,0,national
2025,WA,53031,Jefferson,549300YEI60WAHWQ3110,KITSAP Credit Union,85,36,28,5.41,82,0,3,0,0,35,0,1,0,0,national
2025,WA,53031,Jefferson,549300FNXYY540N23N64,Newrez LLC,70,34,7,5.11,58,6,6,0,0,26,5,3,0,0,national
2025,WA,53031,Jefferson,549300KM40FP4MSQU941,Boeing Employees Credit Union,53,33,14,4.96,52,0,1,0,0,33,0,0,0,0,national
2025,WA,53031,Jefferson,549300ZWNETGFXTBBY03,"CANOPY MORTGAGE, LLC",32,20,1,3.01,21,5,6,0,0,12,4,4,0,0,national
2025,WA,53031,Jefferson,5493003GQDUH26DNNH17,Navy Federal Credit Union,26,17,2,2.56,20,0,6,0,0,13,0,4,0,0,national
2025,WA,53031,Jefferson,549300GKFNPRWNS0GF29,"AmeriHome Mortgage Company, LLC",17,16,0,2.41,13,2,2,0,0,12,2,2,0,0,national
2025,WA,53031,Jefferson,54930060G4MDPWHISD89,EVERGREEN MONEYSOURCE MORTGAGE COMPANY,22,15,0,2.26,18,1,3,0,0,12,1,2,0,0,national
2025,WA,53031,Jefferson,549300HGZNH5YBU04369,,19,14,2,2.11,19,0,0,0,0,14,0,0,0,0,national
2025,WA,53031,Jefferson,549300XW2H531FLD3I90,,22,14,2,2.11,22,0,0,0,0,14,0,0,0,0,national
2025,WA,53031,Jefferson,549300VZVN841I2ILS84,"CROSSCOUNTRY MORTGAGE, LLC",22,13,0,1.95,17,1,4,0,0,10,0,3,0,0,national
2025,WA,53031,Jefferson,6BYL5QZYBDK8S7L73M02,U.S. Bank National Association,21,13,5,1.95,21,0,0,0,0,13,0,0,0,0,national
2025,WA,53031,Jefferson,RVDPPPGHCGZ40J4VQ731,"PENNYMAC LOAN SERVICES, LLC",19,11,1,1.65,14,2,3,0,0,7,2,2,0,0,national
2025,WA,53031,Jefferson,549300AQ3T62GXDU7D76,GUILD MORTGAGE COMPANY LLC,14,10,2,1.5,13,1,0,0,0,10,0,0,0,0,national
2025,WA,53031,Jefferson,7H6GLXDRUGQFU57RNE97,"JPMorgan Chase Bank, National Association",14,10,1,1.5,14,0,0,0,0,10,0,0,0,0,national
2025,WA,53031,Jefferson,549300DD4R4SYK5RAQ92,"MOVEMENT MORTGAGE, LLC",15,9,2,1.35,11,1,3,0,0,6,0,3,0,0,national
2025,WA,53031,Jefferson,549300KHXD7JSQUZIJ22,"HIGHLANDS RESIDENTIAL MORTGAGE, LTD.",9,8,0,1.2,9,0,0,0,0,8,0,0,0,0,national
2025,WA,53031,Jefferson,549300DD5QQUHO6PCH70,"MORTGAGE RESEARCH CENTER, LLC",16,7,0,1.05,1,0,15,0,0,0,0,7,0,0,national
2025,WA,53031,Jefferson,549300U8DCOOTG96YM89,,9,7,2,1.05,9,0,0,0,0,7,0,0,0,0,national
2025,WA,53031,Jefferson,549300LYRWPSYPK6S325,FREEDOM MORTGAGE CORPORATION,16,6,2,0.9,2,5,9,0,0,1,2,3,0,0,national
2025,WA,53031,Jefferson,549300MGPZBLQDIL7538,FAIRWAY INDEPENDENT MORTGAGE CORPORATION,7,6,0,0.9,5,2,0,0,0,4,2,0,0,0,national
2025,WA,53031,Jefferson,549300S5YL3OH0IVCS62,FINANCE OF AMERICA REVERSE LLC,7,6,1,0.9,2,5,0,0,0,2,4,0,0,0,national
2025,WA,53031,Jefferson,B4TYDEB6GKMZO031MB27,"Bank of America, National Association",18,6,3,0.9,18,0,0,0,0,6,0,0,0,0,national
2025,WA,53031,Jefferson,KB1H1DSPRFMYMCUFXT09,"Wells Fargo Bank, National Association",10,5,1,0.75,8,1,1,0,0,3,1,1,0,0,national
2025,WA,53031,Jefferson,2549008LK3474E9U2888,ONPOINT COMMUNITY CREDIT UNION,6,4,1,0.6,6,0,0,0,0,4,0,0,0,0,national
2025,WA,53031,Jefferson,254900DTLHVWQ7NP7R34,"CMG Mortgage, Inc.",4,4,0,0.6,4,0,0,0,0,4,0,0,0,0,national
2025,WA,53031,Jefferson,5493001B4U37VT2ML818,GESA CREDIT UNION,4,4,0,0.6,4,0,0,0,0,4,0,0,0,0,national
2025,WA,53031,Jefferson,5493008CPTDVOS570626,"Primary Residential Mortgage, Inc.",6,4,1,0.6,6,0,0,0,0,4,0,0,0,0,national
2025,WA,53031,Jefferson,549300AG64NHILB7ZP05,"LOANDEPOT.COM, LLC",12,4,4,0.6,9,2,1,0,0,3,1,0,0,0,national
2025,WA,53031,Jefferson,549300DK7QID2ZON6Q55,Global Federal Credit Union,4,4,0,0.6,3,0,1,0,0,3,0,1,0,0,national
2025,WA,53031,Jefferson,549300OPCWU6E72WUT29,"MUTUAL OF OMAHA MORTGAGE, INC.",6,4,2,0.6,2,4,0,0,0,1,3,0,0,0,national
2025,WA,53031,Jefferson,549300U3721PJGQZYY68,"GUARANTEED RATE, INC.",7,4,1,0.6,6,1,0,0,0,4,0,0,0,0,national
2025,WA,53031,Jefferson,549300UXY7OP0IC38293,Northpointe Bank,4,4,0,0.6,4,0,0,0,0,4,0,0,0,0,national
2025,WA,53031,Jefferson,WE0I402RW25AU38DTI13,Banner Bank,6,4,1,0.6,6,0,0,0,0,4,0,0,0,0,national
2025,WA,53031,Jefferson,01KWVG908KE7RKPTNP46,HomeStreet Bank,5,3,1,0.45,5,0,0,0,0,3,0,0,0,0,national
2025,WA,53031,Jefferson,213800XR2TCBQJSF1X93,,4,3,0,0.45,2,0,2,0,0,2,0,1,0,0,national
2025,WA,53031,Jefferson,54930043BMDE130FJ617,"PROVIDENT FUNDING ASSOCIATES, L.P.",3,3,0,0.45,3,0,0,0,0,3,0,0,0,0,national
2025,WA,53031,Jefferson,5493009HUMWCHFRDKF12,SAMMAMISH MORTGAGE COMPANY,3,3,0,0.45,2,0,1,0,0,2,0,1,0,0,national
2025,WA,53031,Jefferson,549300CY7WNAHKHYSJ73,"CORNERSTONE CAPITAL BANK, SSB",4,3,0,0.45,4,0,0,0,0,3,0,0,0,0,national
2025,WA,53031,Jefferson,549300LBCBNR1OT00651,NATIONSTAR MORTGAGE LLC,4,3,0,0.45,4,0,0,0,0,3,0,0,0,0,national
2025,WA,53031,Jefferson,549300PIL8LFAQ04XC20,Better Mortgage Corporation,4,3,0,0.45,4,0,0,0,0,3,0,0,0,0,national
2025,WA,53031,Jefferson,549300Q02LGIN9AXKP98,FIRST TECHNOLOGY FEDERAL CREDIT UNION,4,3,0,0.45,4,0,0,0,0,3,0,0,0,0,national
2025,WA,53031,Jefferson,549300RN01LBYR8ZVX74,"LOWER, LLC",3,3,0,0.45,3,0,0,0,0,3,0,0,0,0,national
2025,WA,53031,Jefferson,IFQSIUC9AGQV2NE8CN25,Columbia Bank,10,3,3,0.45,10,0,0,0,0,3,0,0,0,0,national
2025,WA,53031,Jefferson,2549008GIE3QVYB2FT28,,2,2,0,0.3,2,0,0,0,0,2,0,0,0,0,national
2025,WA,53031,Jefferson,254900E6AIE4Z8YQM970,Citadel Servicing Corporation,3,2,0,0.3,3,0,0,0,0,2,0,0,0,0,national
2025,WA,53031,Jefferson,254900UL88QFG0E40516,FIGURE LENDING LLC,8,2,4,0.3,8,0,0,0,0,2,0,0,0,0,national
2025,WA,53031,Jefferson,3Y4U8VZURTYWI1W2K376,BMO Bank National Association,2,2,0,0.3,2,0,0,0,0,2,0,0,0,0,national
2025,WA,53031,Jefferson,5493000FWM3I2HHQY149,WASHINGTON STATE EMPLOYEES CREDIT UNION,4,2,2,0.3,4,0,0,0,0,2,0,0,0,0,national
2025,WA,53031,Jefferson,549300121SF0K2LN2804,"PRIMELENDING, A PLAINSCAPITAL COMPANY",2,2,0,0.3,2,0,0,0,0,2,0,0,0,0,national
2025,WA,53031,Jefferson,5493008VVXQIDO1EZ460,"SUMMIT FUNDING, INC.",2,2,0,0.3,1,1,0,0,0,1,1,0,0,0,national
2025,WA,53031,Jefferson,5493009QB0KBU5M6NP90,,2,2,0,0.3,2,0,0,0,0,2,0,0,0,0,national
2025,WA,53031,Jefferson,549300GS0W0TEUQS8571,"Morgan Stanley Private Bank, National Association",4,2,0,0.3,4,0,0,0,0,2,0,0,0,0,national
2025,WA,53031,Jefferson,549300H3IZO24NSOO931,"LENNAR MORTGAGE, LLC",4,2,2,0.3,3,1,0,0,0,1,1,0,0,0,national
2025,WA,53031,Jefferson,549300INFJ8TYNZ1G568,,2,2,0,0.3,2,0,0,0,0,2,0,0,0,0,national
2025,WA,53031,Jefferson,549300KIOYNU323LVJ37,AMERICAN PACIFIC MORTGAGE CORPORATION,3,2,0,0.3,2,0,1,0,0,1,0,1,0,0,national
2025,WA,53031,Jefferson,549300MZ8VZJOVC63092,"KIND LENDING, LLC",4,2,0,0.3,1,0,3,0,0,0,0,2,0,0,national
2025,WA,53031,Jefferson,549300R9S3MVDV4MGF56,"CARRINGTON MORTGAGE SERVICES, LLC",2,2,0,0.3,0,1,1,0,0,0,1,1,0,0,national
2025,WA,53031,Jefferson,549300RPOGWJRH63HS39,UNION HOME MORTGAGE CORP.,2,2,0,0.3,2,0,0,0,0,2,0,0,0,0,national
2025,WA,53031,Jefferson,549300TEBV514KLDE180,,9,2,3,0.3,9,0,0,0,0,2,0,0,0,0,national
2025,WA,53031,Jefferson,549300TUSRLWD8ETNR90,SPOKANE TEACHERS,2,2,0,0.3,2,0,0,0,0,2,0,0,0,0,national
2025,WA,53031,Jefferson,549300UB5TJ0YPVPT503,,2,2,0,0.3,2,0,0,0,0,2,0,0,0,0,national
2025,WA,53031,Jefferson,549300VCMRO4ST680C11,VILLAGE CAPITAL & INVESTMENT LLC,2,2,0,0.3,0,0,2,0,0,0,0,2,0,0,national
2025,WA,53031,Jefferson,549300YIQ7S7Z8PIHE53,AMERISAVE MORTGAGE CORPORATION,12,2,8,0.3,7,2,3,0,0,2,0,0,0,0,national
2025,WA,53031,Jefferson,AD6GFRVSDT01YPT1CS68,"PNC Bank, National Association",4,2,2,0.3,4,0,0,0,0,2,0,0,0,0,national
2025,WA,53031,Jefferson,C398JSK21YCXWM603F55,"Barrington Bank & Trust Company, National Association",2,2,0,0.3,1,0,1,0,0,1,0,1,0,0,national
2025,WA,53031,Jefferson,C5654JQHZUHN0772B561,USAA Federal Savings Bank,8,2,3,0.3,5,0,3,0,0,0,0,2,0,0,national
2025,WA,53031,Jefferson,HUX2X73FUCYHUVH1BK78,KeyBank National Association,2,2,0,0.3,2,0,0,0,0,2,0,0,0,0,national
2025,WA,53031,Jefferson,X05BVSK68TQ7YTOSNR22,Discover Bank,9,2,6,0.3,9,0,0,0,0,2,0,0,0,0,national
2025,WA,53031,Jefferson,2549001SI0EMFPT39035,"Cornerstone First Mortgage, Inc",3,1,0,0.15,2,1,0,0,0,1,0,0,0,0,national
2025,WA,53031,Jefferson,25490066WMF8ZMQXQB18,"Lendage, LLC",2,1,1,0.15,2,0,0,0,0,1,0,0,0,0,national
2025,WA,53031,Jefferson,254900BMXWPEHXG4LF21,,2,1,1,0.15,1,1,0,0,0,0,1,0,0,0,national
2025,WA,53031,Jefferson,254900MKY47WU65N1J56,,1,1,0,0.15,1,0,0,0,0,1,0,0,0,0,national
2025,WA,53031,Jefferson,254900QPRPHIXEAX3L37,,1,1,0,0.15,1,0,0,0,0,1,0,0,0,0,national
2025,WA,53031,Jefferson,254900ZFWS2106HWPH46,"PARAMOUNT RESIDENTIAL MORTGAGE GROUP, INC.",2,1,0,0.15,1,0,1,0,0,0,0,1,0,0,national
2025,WA,53031,Jefferson,5493000D6RXLNBZQYA47,COLUMBIA COMMUNITY CREDIT UNION,1,1,0,0.15,1,0,0,0,0,1,0,0,0,0,national
2025,WA,53031,Jefferson,5493000EUC3MM52PJV85,,1,1,0,0.15,1,0,0,0,0,1,0,0,0,0,national
2025,WA,53031,Jefferson,5493000NYUJT9UC6G261,LEADERONE FINANCIAL CORPORATION,1,1,0,0.15,1,0,0,0,0,1,0,0,0,0,national
2025,WA,53031,Jefferson,5493001GCBD5XGNIC815,Coastal Community Bank,4,1,0,0.15,4,0,0,0,0,1,0,0,0,0,national
2025,WA,53031,Jefferson,5493001GDRY0EL7VG372,"ARK-LA-TEX FINANCIAL SERVICES, LLC.",1,1,0,0.15,1,0,0,0,0,1,0,0,0,0,national
2025,WA,53031,Jefferson,54930021QRU8VXNS6152,Sound Credit Union,3,1,0,0.15,3,0,0,0,0,1,0,0,0,0,national
2025,WA,53031,Jefferson,54930021WPEXNHYZUL09,"PLANET HOME LENDING, LLC",1,1,0,0.15,0,1,0,0,0,0,1,0,0,0,national
2025,WA,53031,Jefferson,54930030Z1JWTP3SVD16,,2,1,0,0.15,2,0,0,0,0,1,0,0,0,0,national
2025,WA,53031,Jefferson,549300370QILXLFUWD20,"ZILLOW HOME LOANS, LLC",1,1,0,0.15,1,0,0,0,0,1,0,0,0,0,national
2025,WA,53031,Jefferson,5493003Q3L1PO9NBVK64,WHATCOM EDUCATIONAL CREDIT UNION,1,1,0,0.15,1,0,0,0,0,1,0,0,0,0,national
2025,WA,53031,Jefferson,5493004RLLKTQS8K7U51,,1,1,0,0.15,1,0,0,0,0,1,0,0,0,0,national
2025,WA,53031,Jefferson,54930052M48FOD3CWA54,"PRIMARY RESIDENTIAL MORTGAGE, INC.",2,1,0,0.15,2,0,0,0,0,1,0,0,0,0,national
2025,WA,53031,Jefferson,5493006VAGP3GQ8FJT49,"Kiavi Funding, Inc.",1,1,0,0.15,1,0,0,0,0,1,0,0,0,0,national
2025,WA,53031,Jefferson,5493008NWHQT1R22C024,"AMERICAN FINANCIAL NETWORK, INC.",1,1,0,0.15,1,0,0,0,0,1,0,0,0,0,national
2025,WA,53031,Jefferson,549300AENO88GEUWCZ39,,1,1,0,0.15,1,0,0,0,0,1,0,0,0,0,national
2025,WA,53031,Jefferson,549300AG10BX85DF5S49,MLD MORTGAGE INC.,2,1,0,0.15,1,0,1,0,0,0,0,1,0,0,national
2025,WA,53031,Jefferson,549300B0HNWBV7RX2661,,1,1,0,0.15,1,0,0,0,0,1,0,0,0,0,national
2025,WA,53031,Jefferson,549300B4IYL7TZT8FA34,"PREMIER MORTGAGE RESOURCES, L.L.C.",2,1,0,0.15,1,0,1,0,0,0,0,1,0,0,national
2025,WA,53031,Jefferson,549300ESNLIWVN3TK065,,1,1,0,0.15,1,0,0,0,0,1,0,0,0,0,national
2025,WA,53031,Jefferson,549300FX7K8PTEQUU487,PENTAGON FEDERAL CREDIT UNION,2,1,0,0.15,1,0,1,0,0,1,0,0,0,0,national
2025,WA,53031,Jefferson,549300G4ESSS6M0MEG51,ORIGINPOINT LLC,1,1,0,0.15,1,0,0,0,0,1,0,0,0,0,national
2025,WA,53031,Jefferson,549300GTVXJ2PGXNLM73,T2 FINANCIAL LLC,1,1,0,0.15,1,0,0,0,0,1,0,0,0,0,national
2025,WA,53031,Jefferson,549300IEP77RKJ87Z176,OREGON COMMUNITY,1,1,0,0.15,1,0,0,0,0,1,0,0,0,0,national
2025,WA,53031,Jefferson,549300KDR80I1ELW8D36,,2,1,0,0.15,2,0,0,0,0,1,0,0,0,0,national
2025,WA,53031,Jefferson,549300KJ8PAJ7E52HG32,Plains Commerce Bank,1,1,0,0.15,1,0,0,0,0,1,0,0,0,0,national
2025,WA,53031,Jefferson,549300KX6E1IE2LM5E30,,2,1,0,0.15,2,0,0,0,0,1,0,0,0,0,national
2025,WA,53031,Jefferson,549300KZVCKCUN23YY80,,1,1,0,0.15,1,0,0,0,0,1,0,0,0,0,national
2025,WA,53031,Jefferson,549300LE3ZOZXUS7W648,FIDELITY BANK,2,1,1,0.15,2,0,0,0,0,1,0,0,0,0,national
2025,WA,53031,Jefferson,549300LLESTPOVRG3X73,,2,1,0,0.15,2,0,0,0,0,1,0,0,0,0,national
2025,WA,53031,Jefferson,549300LROQOOQU77WS20,,2,1,0,0.15,2,0,0,0,0,1,0,0,0,0,national
2025,WA,53031,Jefferson,549300LZUXCJFE5ONM48,,1,1,0,0.15,0,1,0,0,0,0,1,0,0,0,national
2025,WA,53031,Jefferson,549300NOCASXPA34X033,"LAKEVIEW LOAN SERVICING, LLC",4,1,2,0.15,4,0,0,0,0,1,0,0,0,0,national
2025,WA,53031,Jefferson,549300NWBS6MQJX15N44,,1,1,0,0.15,1,0,0,0,0,1,0,0,0,0,national
2025,WA,53031,Jefferson,549300O2EZG72LO2FX38,,1,1,0,0.15,1,0,0,0,0,1,0,0,0,0,national
2025,WA,53031,Jefferson,549300PL8ER6H23P0Z91,BAY EQUITY LLC,1,1,0,0.15,1,0,0,0,0,1,0,0,0,0,national
2025,WA,53031,Jefferson,549300PQLK8E48ILXV41,,1,1,0,0.15,1,0,0,0,0,1,0,0,0,0,national
2025,WA,53031,Jefferson,549300Q3ROEQU3D1IW91,,3,1,2,0.15,3,0,0,0,0,1,0,0,0,0,national
2025,WA,53031,Jefferson,549300Q50XCC0473FG63,,2,1,1,0.15,2,0,0,0,0,1,0,0,0,0,national
2025,WA,53031,Jefferson,549300RA3E0BUFO7YZ21,"Hometown Equity Mortgage, LLC",1,1,0,0.15,1,0,0,0,0,1,0,0,0,0,national
2025,WA,53031,Jefferson,549300SK2GVCQXPD4S58,"SUN WEST MORTGAGE COMPANY, INC.",1,1,0,0.15,1,0,0,0,0,1,0,0,0,0,national
2025,WA,53031,Jefferson,549300T7HRS5DVBUPQ06,,1,1,0,0.15,1,0,0,0,0,1,0,0,0,0,national
2025,WA,53031,Jefferson,549300TDBTRK89DZRC13,Fibre Federal Credit Union,1,1,0,0.15,1,0,0,0,0,1,0,0,0,0,national
2025,WA,53031,Jefferson,549300W45D2J6BT4LX65,,1,1,0,0.15,1,0,0,0,0,1,0,0,0,0,national
2025,WA,53031,Jefferson,549300WH9FMXOC63ZV77,,1,1,0,0.15,1,0,0,0,0,1,0,0,0,0,national
2025,WA,53031,Jefferson,549300XCVBRR56D08F03,,3,1,0,0.15,3,0,0,0,0,1,0,0,0,0,national
2025,WA,53031,Jefferson,549300XHF3PMRO08N352,,3,1,1,0.15,3,0,0,0,0,1,0,0,0,0,national
2025,WA,53031,Jefferson,549300XY701IELCE5Q08,BETTER MORTGAGE CORPORATION,2,1,0,0.15,1,1,0,0,0,0,1,0,0,0,national
2025,WA,53031,Jefferson,549300Z2B4FHRYOXTS09,,1,1,0,0.15,1,0,0,0,0,1,0,0,0,0,national
2025,WA,53031,Jefferson,549300ZCR1XCLNEEI724,,1,1,0,0.15,1,0,0,0,0,1,0,0,0,0,national
2025,WA,53031,Jefferson,549300ZIQ24V0C88AC41,GTE Federal Credit Union,1,1,0,0.15,1,0,0,0,0,1,0,0,0,0,national
2025,WA,53031,Jefferson,98450087981AP406JG03,CONVENTUS LLC,1,1,0,0.15,1,0,0,0,0,1,0,0,0,0,national
2025,WA,53031,Jefferson,984500F6E6940CCB6A60,,1,1,0,0.15,1,0,0,0,0,1,0,0,0,0,national
2025,WA,53031,Jefferson,CKVBED0S4DMLKJJ5XH28,Stifel Bank and Trust,1,1,0,0.15,1,0,0,0,0,1,0,0,0,0,national
2025,WA,53031,Jefferson,IUGPUX5LWRZ3B6KIZ697,Ameris Bank,1,1,0,0.15,1,0,0,0,0,1,0,0,0,0,national
2025,WA,53031,Jefferson,PAOOWF3GUFM46FBSP561,,2,1,0,0.15,1,1,0,0,0,0,1,0,0,0,national
2025,WA,53031,Jefferson,SS1TRMSN6BRNMOREEV51,"Flagstar Bank, National Association",1,1,0,0.15,0,0,1,0,0,0,0,1,0,0,national
2025,WA,53031,Jefferson,ZXMJHJK466PBZTM5F379,,1,1,0,0.15,1,0,0,0,0,1,0,0,0,0,national
2025,WA,53031,Jefferson,549300XQVJ1XBNFA5536,21ST MORTGAGE CORPORATION,7,0,3,0.0,7,0,0,0,0,0,0,0,0,0,national
2025,WA,53033,King,549300KM40FP4MSQU941,Boeing Employees Credit Union,9668,6131,2177,14.16,9648,6,14,0,0,6121,5,5,0,0,national
2025,WA,53033,King,549300FGXN1K3HLB1R50,"Rocket Mortgage, LLC",3266,2378,517,5.49,2966,192,108,0,0,2187,117,74,0,0,national
2025,WA,53033,King,549300HW662MN1WU8550,"United Wholesale Mortgage, LLC",2598,2005,241,4.63,2074,297,227,0,0,1634,192,179,0,0,national
2025,WA,53033,King,549300DD4R4SYK5RAQ92,"MOVEMENT MORTGAGE, LLC",2503,1906,74,4.4,2222,207,74,0,0,1696,143,67,0,0,national
2025,WA,53033,King,B4TYDEB6GKMZO031MB27,"Bank of America, National Association",3117,1742,676,4.02,3114,3,0,0,0,1742,0,0,0,0,national
2025,WA,53033,King,7H6GLXDRUGQFU57RNE97,"JPMorgan Chase Bank, National Association",2190,1507,159,3.48,2170,11,9,0,0,1501,1,5,0,0,national
2025,WA,53033,King,6BYL5QZYBDK8S7L73M02,U.S. Bank National Association,2237,1321,493,3.05,2223,6,8,0,0,1310,5,6,0,0,national
2025,WA,53033,King,549300VZVN841I2ILS84,"CROSSCOUNTRY MORTGAGE, LLC",1801,1291,62,2.98,1594,135,72,0,0,1145,85,61,0,0,national
2025,WA,53033,King,549300GKFNPRWNS0GF29,"AmeriHome Mortgage Company, LLC",1617,1196,49,2.76,1446,95,47,29,0,1078,67,33,18,0,national
2025,WA,53033,King,549300AQ3T62GXDU7D76,GUILD MORTGAGE COMPANY LLC,1456,941,64,2.17,1277,129,50,0,0,820,85,36,0,0,national
2025,WA,53033,King,KB1H1DSPRFMYMCUFXT09,"Wells Fargo Bank, National Association",1502,906,113,2.09,1494,5,3,0,0,904,0,2,0,0,national
2025,WA,53033,King,RVDPPPGHCGZ40J4VQ731,"PENNYMAC LOAN SERVICES, LLC",1291,804,132,1.86,1121,104,66,0,0,724,41,39,0,0,national
2025,WA,53033,King,549300FNXYY540N23N64,Newrez LLC,1348,639,195,1.48,1122,143,83,0,0,542,50,47,0,0,national
2025,WA,53033,King,549300MGPZBLQDIL7538,FAIRWAY INDEPENDENT MORTGAGE CORPORATION,933,612,39,1.41,810,94,28,1,0,530,56,25,1,0,national
2025,WA,53033,King,549300G4ESSS6M0MEG51,ORIGINPOINT LLC,855,580,23,1.34,801,32,22,0,0,541,19,20,0,0,national
2025,WA,53033,King,549300AG64NHILB7ZP05,"LOANDEPOT.COM, LLC",877,569,128,1.31,780,68,29,0,0,510,40,19,0,0,national
2025,WA,53033,King,549300U3721PJGQZYY68,"GUARANTEED RATE, INC.",932,539,31,1.24,854,52,26,0,0,493,30,16,0,0,national
2025,WA,53033,King,549300Q02LGIN9AXKP98,FIRST TECHNOLOGY FEDERAL CREDIT UNION,811,512,105,1.18,811,0,0,0,0,512,0,0,0,0,national
2025,WA,53033,King,5493009HUMWCHFRDKF12,SAMMAMISH MORTGAGE COMPANY,650,459,16,1.06,634,0,16,0,0,445,0,14,0,0,national
2025,WA,53033,King,549300CY7WNAHKHYSJ73,"CORNERSTONE CAPITAL BANK, SSB",525,450,5,1.04,498,13,14,0,0,427,9,14,0,0,national
2025,WA,53033,King,IFQSIUC9AGQV2NE8CN25,Columbia Bank,633,377,169,0.87,632,0,1,0,0,376,0,1,0,0,national
2025,WA,53033,King,549300MCIFZSDHUT8X63,"NFM, INC.",433,359,9,0.83,398,26,9,0,0,331,22,6,0,0,national
2025,WA,53033,King,254900DTLHVWQ7NP7R34,"CMG Mortgage, Inc.",481,337,59,0.78,469,10,2,0,0,328,7,2,0,0,national
2025,WA,53033,King,54930060G4MDPWHISD89,EVERGREEN MONEYSOURCE MORTGAGE COMPANY,425,332,10,0.77,383,25,17,0,0,297,22,13,0,0,national
2025,WA,53033,King,549300DK7QID2ZON6Q55,Global Federal Credit Union,498,332,67,0.77,489,4,5,0,0,327,2,3,0,0,national
2025,WA,53033,King,HUX2X73FUCYHUVH1BK78,KeyBank National Association,663,326,224,0.75,648,14,1,0,0,321,5,0,0,0,national
2025,WA,53033,King,549300KIOYNU323LVJ37,AMERICAN PACIFIC MORTGAGE CORPORATION,415,323,27,0.75,339,64,12,0,0,264,50,9,0,0,national
2025,WA,53033,King,WE0I402RW25AU38DTI13,Banner Bank,576,318,181,0.73,557,18,1,0,0,311,6,1,0,0,national
2025,WA,53033,King,5493003T5D4N1CM46J77,1st Security Bank of Washington,414,312,9,0.72,398,13,3,0,0,303,6,3,0,0,national
2025,WA,53033,King,1IE8VN30JCEQV1H4R804,,404,310,8,0.72,404,0,0,0,0,310,0,0,0,0,national
2025,WA,53033,King,5493000FWM3I2HHQY149,WASHINGTON STATE EMPLOYEES CREDIT UNION,649,305,291,0.7,639,10,0,0,0,302,3,0,0,0,national
2025,WA,53033,King,549300E2UX99HKDBR481,"NEW AMERICAN FUNDING, LLC",607,297,56,0.69,482,103,22,0,0,253,34,10,0,0,national
2025,WA,53033,King,5493003GQDUH26DNNH17,Navy Federal Credit Union,581,294,96,0.68,475,0,106,0,0,229,0,65,0,0,national
2025,WA,53033,King,254900VELJPWWT51WN03,,336,267,4,0.62,336,0,0,0,0,267,0,0,0,0,national
2025,WA,53033,King,01KWVG908KE7RKPTNP46,HomeStreet Bank,391,264,43,0.61,382,8,1,0,0,258,5,1,0,0,national
2025,WA,53033,King,AD6GFRVSDT01YPT1CS68,"PNC Bank, National Association",390,249,72,0.58,390,0,0,0,0,249,0,0,0,0,national
2025,WA,53033,King,E57ODZWZ7FF32TWEFA76,"Citibank, National Association",441,236,24,0.55,441,0,0,0,0,236,0,0,0,0,national
2025,WA,53033,King,549300LBCBNR1OT00651,NATIONSTAR MORTGAGE LLC,336,224,59,0.52,309,19,8,0,0,209,8,7,0,0,national
2025,WA,53033,King,549300PIL8LFAQ04XC20,Better Mortgage Corporation,784,214,368,0.49,784,0,0,0,0,214,0,0,0,0,national
2025,WA,53033,King,549300GS0W0TEUQS8571,"Morgan Stanley Private Bank, National Association",250,201,9,0.46,250,0,0,0,0,201,0,0,0,0,national
2025,WA,53033,King,549300XY701IELCE5Q08,BETTER MORTGAGE CORPORATION,551,200,121,0.46,535,13,3,0,0,199,0,1,0,0,national
2025,WA,53033,King,54930043BMDE130FJ617,"PROVIDENT FUNDING ASSOCIATES, L.P.",304,198,20,0.46,304,0,0,0,0,198,0,0,0,0,national
2025,WA,53033,King,54930021QRU8VXNS6152,Sound Credit Union,467,192,143,0.44,465,0,2,0,0,191,0,1,0,0,national
2025,WA,53033,King,254900FDPG829O6VBB05,"EASTSIDE FUNDING, LLC",269,183,2,0.42,269,0,0,0,0,183,0,0,0,0,national
2025,WA,53033,King,549300P2GEYNMH5OQA71,WASHINGTON TRUST BANK,244,183,19,0.42,242,2,0,0,0,182,1,0,0,0,national
2025,WA,53033,King,549300T94GSH3C4U5M59,ALLIANT CREDIT UNION,271,183,45,0.42,270,1,0,0,0,183,0,0,0,0,national
2025,WA,53033,King,254900UL88QFG0E40516,FIGURE LENDING LLC,410,182,102,0.42,410,0,0,0,0,182,0,0,0,0,national
2025,WA,53033,King,F28JOQ8OBWCFUYM0UX93,East West Bank,237,178,21,0.41,237,0,0,0,0,178,0,0,0,0,national
2025,WA,53033,King,5493001SXWZ4OFP8Z903,"DHI MORTGAGE COMPANY, LTD.",245,167,15,0.39,238,2,5,0,0,162,2,3,0,0,national
2025,WA,53033,King,549300OPCWU6E72WUT29,"MUTUAL OF OMAHA MORTGAGE, INC.",252,166,34,0.38,132,101,19,0,0,87,68,11,0,0,national
2025,WA,53033,King,549300INFJ8TYNZ1G568,,172,162,7,0.37,172,0,0,0,0,162,0,0,0,0,national
2025,WA,53033,King,5493001B4U37VT2ML818,GESA CREDIT UNION,232,156,41,0.36,232,0,0,0,0,156,0,0,0,0,national
2025,WA,53033,King,549300LYRWPSYPK6S325,FREEDOM MORTGAGE CORPORATION,410,156,35,0.36,130,130,150,0,0,47,45,64,0,0,national
2025,WA,53033,King,593C3GZG957YOJPS2Z63,,197,155,6,0.36,197,0,0,0,0,155,0,0,0,0,national
2025,WA,53033,King,549300MZ8VZJOVC63092,"KIND LENDING, LLC",251,150,65,0.35,224,21,6,0,0,138,9,3,0,0,national
2025,WA,53033,King,5493008CPTDVOS570626,"Primary Residential Mortgage, Inc.",274,146,88,0.34,274,0,0,0,0,146,0,0,0,0,national
2025,WA,53033,King,549300370QILXLFUWD20,"ZILLOW HOME LOANS, LLC",193,142,9,0.33,178,10,5,0,0,129,9,4,0,0,national
2025,WA,53033,King,54930054ET8KM4O1D485,"SOFI BANK, NATIONAL ASSOCIATION",539,142,41,0.33,528,7,4,0,0,140,2,0,0,0,national
2025,WA,53033,King,549300LROQOOQU77WS20,,280,140,12,0.32,275,1,4,0,0,138,1,1,0,0,national
2025,WA,53033,King,549300O6Z0I6KYMESL47,AMWEST FUNDING CORP.,192,134,11,0.31,188,3,1,0,0,132,1,1,0,0,national
2025,WA,53033,King,549300NWBS6MQJX15N44,,171,129,24,0.3,170,0,1,0,0,128,0,1,0,0,national
2025,WA,53033,King,549300WJIJV987NXVC31,,258,125,4,0.29,246,4,8,0,0,117,3,5,0,0,national
2025,WA,53033,King,549300PL8ER6H23P0Z91,BAY EQUITY LLC,179,124,9,0.29,158,12,9,0,0,109,8,7,0,0,national
2025,WA,53033,King,254900ZFWS2106HWPH46,"PARAMOUNT RESIDENTIAL MORTGAGE GROUP, INC.",169,119,5,0.27,145,13,11,0,0,101,9,9,0,0,national
2025,WA,53033,King,549300DD5QQUHO6PCH70,"MORTGAGE RESEARCH CENTER, LLC",288,118,55,0.27,28,5,255,0,0,8,1,109,0,0,national
2025,WA,53033,King,254900YZ174H294JW398,,141,114,0,0.26,137,2,2,0,0,111,1,2,0,0,national
2025,WA,53033,King,254900QPRPHIXEAX3L37,,182,113,43,0.26,182,0,0,0,0,113,0,0,0,0,national
2025,WA,53033,King,5493004WMLN60ZJ2ON46,"Paramount Residential Mortgage Group, Inc.",141,109,8,0.25,136,3,2,0,0,105,2,2,0,0,national
2025,WA,53033,King,5493001WHVQBGRSWEU75,"HOMEBRIDGE FINANCIAL SERVICES, INC.",142,105,15,0.24,136,3,3,0,0,103,2,0,0,0,national
2025,WA,53033,King,2549001SI0EMFPT39035,"Cornerstone First Mortgage, Inc",125,96,2,0.22,106,13,6,0,0,82,9,5,0,0,national
2025,WA,53033,King,254900114YHTRFBALC74,,95,95,0,0.22,95,0,0,0,0,95,0,0,0,0,national
2025,WA,53033,King,98450087981AP406JG03,CONVENTUS LLC,114,95,0,0.22,114,0,0,0,0,95,0,0,0,0,national
2025,WA,53033,King,549300BLL6VL7AXWYP56,CHURCHILL MORTGAGE CORPORATION,130,92,7,0.21,115,13,2,0,0,81,10,1,0,0,national
2025,WA,53033,King,549300XHPPLC0TBRV021,,109,89,2,0.21,102,5,2,0,0,83,5,1,0,0,national
2025,WA,53033,King,549300XHF3PMRO08N352,,148,88,30,0.2,148,0,0,0,0,88,0,0,0,0,national
2025,WA,53033,King,549300S5YL3OH0IVCS62,FINANCE OF AMERICA REVERSE LLC,115,86,8,0.2,64,51,0,0,0,43,43,0,0,0,national
2025,WA,53033,King,5493001GCBD5XGNIC815,Coastal Community Bank,360,85,8,0.2,359,1,0,0,0,85,0,0,0,0,national
2025,WA,53033,King,549300TF1E42EUFBSL45,,125,83,15,0.19,120,4,1,0,0,81,1,1,0,0,national
2025,WA,53033,King,549300NOCASXPA34X033,"LAKEVIEW LOAN SERVICING, LLC",337,82,192,0.19,257,57,23,0,0,68,8,6,0,0,national
2025,WA,53033,King,213800XR2TCBQJSF1X93,,170,81,20,0.19,160,5,5,0,0,77,2,2,0,0,national
2025,WA,53033,King,5493002QI2ILHHZH8D20,"KBHS HOME LOANS, LLC",112,81,7,0.19,96,8,8,0,0,71,7,3,0,0,national
2025,WA,53033,King,549300GWD9H4FQ2VR805,,93,80,5,0.18,93,0,0,0,0,80,0,0,0,0,national
2025,WA,53033,King,5493009BD405QQTMXO12,TOLL BROTHERS MORTGAGE COMPANY,145,77,8,0.18,140,1,4,0,0,74,1,2,0,0,national
2025,WA,53033,King,549300CB67L6KPJLHE19,"TRIAD FINANCIAL SERVICES, INC.",195,77,62,0.18,195,0,0,0,0,77,0,0,0,0,national
2025,WA,53033,King,2549004FXPNKCLIN8250,"Synergy One Lending, Inc.",106,73,3,0.17,88,16,2,0,0,63,9,1,0,0,national
2025,WA,53033,King,FT6J43S06X6CLJ0R0B48,Cathay Bank,101,73,13,0.17,101,0,0,0,0,73,0,0,0,0,national
2025,WA,53033,King,549300ZBXINP1Y94CN02,,92,69,2,0.16,73,14,5,0,0,53,12,4,0,0,national
2025,WA,53033,King,549300KHXD7JSQUZIJ22,"HIGHLANDS RESIDENTIAL MORTGAGE, LTD.",80,67,0,0.15,77,2,1,0,0,64,2,1,0,0,national
2025,WA,53033,King,549300RD5IG88VPO6P22,,105,67,1,0.15,105,0,0,0,0,67,0,0,0,0,national
2025,WA,53033,King,549300UI36AJZ0WZ4U93,"TAYLOR MORRISON HOME FUNDING, INC.",87,67,3,0.15,85,0,2,0,0,66,0,1,0,0,national
2025,WA,53033,King,3Y4U8VZURTYWI1W2K376,BMO Bank National Association,117,66,22,0.15,117,0,0,0,0,66,0,0,0,0,national
2025,WA,53033,King,5493006VAGP3GQ8FJT49,"Kiavi Funding, Inc.",90,65,4,0.15,90,0,0,0,0,65,0,0,0,0,national
2025,WA,53033,King,549300YIQ7S7Z8PIHE53,AMERISAVE MORTGAGE CORPORATION,299,65,192,0.15,235,48,15,1,0,58,5,2,0,0,national
2025,WA,53033,King,5493005PKOSG7MYX0B34,"Prosperity Home Mortgage, LLC",79,62,5,0.14,67,7,5,0,0,55,4,3,0,0,national
2025,WA,53033,King,549300HIVO8XPBPNVG69,NOVA FINANCIAL & INVESTMENT CORPORATION,78,61,5,0.14,55,20,3,0,0,46,13,2,0,0,national
2025,WA,53033,King,8WH0EE09O9V05QJZ3V89,"Zions Bancorporation, N.A.",106,60,8,0.14,106,0,0,0,0,60,0,0,0,0,national
2025,WA,53033,King,549300RN01LBYR8ZVX74,"LOWER, LLC",114,57,12,0.13,92,14,8,0,0,51,4,2,0,0,national
2025,WA,53033,King,549300B4IYL7TZT8FA34,"PREMIER MORTGAGE RESOURCES, L.L.C.",82,56,1,0.13,62,18,2,0,0,41,13,2,0,0,national
2025,WA,53033,King,549300EKFFG3BU8DNX74,NEXERA HOLDING LLC,108,55,9,0.13,108,0,0,0,0,55,0,0,0,0,national
2025,WA,53033,King,549300FX7K8PTEQUU487,PENTAGON FEDERAL CREDIT UNION,127,55,45,0.13,124,1,2,0,0,54,0,1,0,0,national
2025,WA,53033,King,549300Q50XCC0473FG63,,125,55,39,0.13,125,0,0,0,0,55,0,0,0,0,national
2025,WA,53033,King,254900HEJ9F73IMPX887,,149,54,11,0.12,148,1,0,0,0,53,1,0,0,0,national
2025,WA,53033,King,549300YX5RPSSMR88K92,,59,53,0,0.12,59,0,0,0,0,53,0,0,0,0,national
2025,WA,53033,King,2549005SIVTHG14U2905,A&D Mortgage LLC,89,51,7,0.12,88,1,0,0,0,51,0,0,0,0,national
2025,WA,53033,King,54930025XJJO3T0M1A92,,73,51,7,0.12,73,0,0,0,0,51,0,0,0,0,national
2025,WA,53033,King,549300323EON4W3CCM44,"RESICENTRAL, LLC",81,51,3,0.12,68,12,1,0,0,45,5,1,0,0,national
2025,WA,53033,King,549300KTR1JGH3K6LU06,FOURLEAF,112,50,43,0.12,112,0,0,0,0,50,0,0,0,0,national
2025,WA,53033,King,254900E6AIE4Z8YQM970,Citadel Servicing Corporation,76,49,5,0.11,76,0,0,0,0,49,0,0,0,0,national
2025,WA,53033,King,984500U2F9A83N391A91,"CHAMPIONS FUNDING, LLC",86,49,25,0.11,86,0,0,0,0,49,0,0,0,0,national
2025,WA,53033,King,549300Z2B4FHRYOXTS09,,86,47,34,0.11,86,0,0,0,0,47,0,0,0,0,national
2025,WA,53033,King,C5654JQHZUHN0772B561,USAA Federal Savings Bank,92,47,27,0.11,52,0,40,0,0,29,0,18,0,0,national
2025,WA,53033,King,25490066WMF8ZMQXQB18,"Lendage, LLC",68,46,9,0.11,68,0,0,0,0,46,0,0,0,0,national
2025,WA,53033,King,54930028J11BWKUVGX50,,105,46,44,0.11,105,0,0,0,0,46,0,0,0,0,national
2025,WA,53033,King,549300DCGBXW5FJMV921,,46,46,0,0.11,45,1,0,0,0,45,1,0,0,0,national
2025,WA,53033,King,54930001NSTOD85LT125,"GUARANTEED RATE AFFINITY, LLC",67,45,5,0.1,65,2,0,0,0,44,1,0,0,0,national
2025,WA,53033,King,549300AG10BX85DF5S49,MLD MORTGAGE INC.,55,45,1,0.1,49,6,0,0,0,39,6,0,0,0,national
2025,WA,53033,King,549300GTVXJ2PGXNLM73,T2 FINANCIAL LLC,58,45,5,0.1,49,5,4,0,0,37,4,4,0,0,national
2025,WA,53033,King,549300Y5Y88FQLI7VE83,DEEPHAVEN MORTGAGE LLC,72,43,22,0.1,72,0,0,0,0,43,0,0,0,0,national
2025,WA,53033,King,5493002Y5XYV7DV1ZV88,"GOLD STAR MORTGAGE FINANCIAL GROUP, CORPORATION",60,41,1,0.09,40,16,4,0,0,26,14,1,0,0,national
2025,WA,53033,King,5493007L4GYNO2PUBS09,,63,41,6,0.09,60,3,0,0,0,39,2,0,0,0,national
2025,WA,53033,King,549300LLESTPOVRG3X73,,105,41,1,0.09,102,0,3,0,0,39,0,2,0,0,national
2025,WA,53033,King,549300R77W0P105C3S50,HOMEXPRESS MORTGAGE CORP.,64,40,22,0.09,62,1,1,0,0,39,0,1,0,0,national
2025,WA,53033,King,549300ZWNETGFXTBBY03,"CANOPY MORTGAGE, LLC",61,40,1,0.09,55,4,2,0,0,35,4,1,0,0,national
2025,WA,53033,King,549300J7I82PNDVU8H22,"OCMBC, INC.",78,36,8,0.08,77,1,0,0,0,36,0,0,0,0,national
2025,WA,53033,King,549300R9S3MVDV4MGF56,"CARRINGTON MORTGAGE SERVICES, LLC",138,36,56,0.08,71,45,22,0,0,18,12,6,0,0,national
2025,WA,53033,King,254900NZOY3XB2DNSZ34,,44,35,6,0.08,44,0,0,0,0,35,0,0,0,0,national
2025,WA,53033,King,54930021WPEXNHYZUL09,"PLANET HOME LENDING, LLC",51,35,10,0.08,34,13,4,0,0,23,8,4,0,0,national
2025,WA,53033,King,PAOOWF3GUFM46FBSP561,,108,35,8,0.08,75,22,11,0,0,18,10,7,0,0,national
2025,WA,53033,King,549300UR5AOWTJJ7KZ64,,58,34,3,0.08,58,0,0,0,0,34,0,0,0,0,national
2025,WA,53033,King,254900IEGKUDRDS23V26,,62,33,2,0.08,62,0,0,0,0,33,0,0,0,0,national
2025,WA,53033,King,549300J6N77Q8OHYNF23,,57,33,8,0.08,50,6,1,0,0,28,4,1,0,0,national
2025,WA,53033,King,549300UXY7OP0IC38293,Northpointe Bank,55,33,1,0.08,52,2,1,0,0,32,0,1,0,0,national
2025,WA,53033,King,D38AC76TAMYI50NBPX33,,61,33,5,0.08,61,0,0,0,0,33,0,0,0,0,national
2025,WA,53033,King,5493001PXRJMPLXPG540,IDAHO CENTRAL CREDIT UNION,61,32,8,0.07,61,0,0,0,0,32,0,0,0,0,national
2025,WA,53033,King,549300JYXTZDSPJEPI44,"PLAZA HOME MORTGAGE, INC.",52,32,15,0.07,36,14,2,0,0,23,8,1,0,0,national
2025,WA,53033,King,549300RPOGWJRH63HS39,UNION HOME MORTGAGE CORP.,47,32,6,0.07,42,4,1,0,0,29,2,1,0,0,national
2025,WA,53033,King,549300VQUTI5IU7GXT57,SECURITYNATIONAL MORTGAGE COMPANY,50,32,4,0.07,34,14,2,0,0,21,10,1,0,0,national
2025,WA,53033,King,L9VVX1KT5TFTKS0MLF66,First-Citizens Bank & Trust Company,52,32,11,0.07,52,0,0,0,0,32,0,0,0,0,national
2025,WA,53033,King,549300MHH03ICJYEPE85,,49,31,8,0.07,27,22,0,0,0,13,18,0,0,0,national
2025,WA,53033,King,X05BVSK68TQ7YTOSNR22,Discover Bank,265,31,134,0.07,265,0,0,0,0,31,0,0,0,0,national
2025,WA,53033,King,5493004AS1SPBQOFDR49,"Change Lending, LLC",51,30,4,0.07,49,2,0,0,0,29,1,0,0,0,national
2025,WA,53033,King,5493008NWHQT1R22C024,"AMERICAN FINANCIAL NETWORK, INC.",49,30,4,0.07,37,8,4,0,0,26,2,2,0,0,national
2025,WA,53033,King,549300RFLICNI75BG067,Luminate Bank,52,30,0,0.07,36,15,1,0,0,22,8,0,0,0,national
2025,WA,53033,King,549300U8DCOOTG96YM89,,47,29,13,0.07,47,0,0,0,0,29,0,0,0,0,national
2025,WA,53033,King,549300HRLROF7PLJ6735,CLEAREDGE LENDING LLC,39,28,6,0.06,39,0,0,0,0,28,0,0,0,0,national
2025,WA,53033,King,549300KX6E1IE2LM5E30,,36,28,3,0.06,36,0,0,0,0,28,0,0,0,0,national
2025,WA,53033,King,5493002B2WMHY23GFK92,"AMERICAN FINANCIAL RESOURCES, INC.",32,27,0,0.06,23,9,0,0,0,19,8,0,0,0,national
2025,WA,53033,King,54930048P8RWCQHQM310,,49,27,6,0.06,49,0,0,0,0,27,0,0,0,0,national
2025,WA,53033,King,5493004T38NMC864VL66,,31,27,4,0.06,31,0,0,0,0,27,0,0,0,0,national
2025,WA,53033,King,549300COIWXM618UBE82,HomeTrust Bank,36,27,5,0.06,36,0,0,0,0,27,0,0,0,0,national
2025,WA,53033,King,549300NFPC3Y4W3Y7R87,,40,27,1,0.06,39,1,0,0,0,26,1,0,0,0,national
2025,WA,53033,King,5493001XKL0FTNOJ0866,,38,26,4,0.06,27,8,3,0,0,19,5,2,0,0,national
2025,WA,53033,King,5493009B17HXCVXTD608,"JMAC LENDING, INC.",46,26,2,0.06,40,6,0,0,0,23,3,0,0,0,national
2025,WA,53033,King,549300KJ8PAJ7E52HG32,Plains Commerce Bank,56,26,2,0.06,48,8,0,0,0,23,3,0,0,0,national
2025,WA,53033,King,CKVBED0S4DMLKJJ5XH28,Stifel Bank and Trust,28,26,0,0.06,28,0,0,0,0,26,0,0,0,0,national
2025,WA,53033,King,KD3XUN7C6T14HNAYLU02,,32,26,3,0.06,32,0,0,0,0,26,0,0,0,0,national
2025,WA,53033,King,254900WTZC5SSKIN2M11,,30,25,0,0.06,30,0,0,0,0,25,0,0,0,0,national
2025,WA,53033,King,549300YN94MOAVYW0F52,"GoodLeap, LLC",48,25,6,0.06,39,6,3,0,0,20,3,2,0,0,national
2025,WA,53033,King,254900O2K17TNH5CL873,"RF RENOVO MANAGEMENT COMPANY, LLC",44,24,0,0.06,44,0,0,0,0,24,0,0,0,0,national
2025,WA,53033,King,254900TG14TB8RKS3U42,,47,24,1,0.06,45,1,1,0,0,22,1,1,0,0,national
2025,WA,53033,King,549300121SF0K2LN2804,"PRIMELENDING, A PLAINSCAPITAL COMPANY",39,24,5,0.06,34,5,0,0,0,21,3,0,0,0,national
2025,WA,53033,King,549300UB5TJ0YPVPT503,,39,24,2,0.06,34,4,1,0,0,21,3,0,0,0,national
2025,WA,53033,King,ZXMJHJK466PBZTM5F379,,24,24,0,0.06,24,0,0,0,0,24,0,0,0,0,national
2025,WA,53033,King,254900R4U4WND1HMIZ29,,26,23,0,0.05,26,0,0,0,0,23,0,0,0,0,national
2025,WA,53033,King,5493001GAASLCSP1PB64,,27,23,1,0.05,27,0,0,0,0,23,0,0,0,0,national
2025,WA,53033,King,549300SK2GVCQXPD4S58,"SUN WEST MORTGAGE COMPANY, INC.",39,23,2,0.05,22,7,10,0,0,13,4,6,0,0,national
2025,WA,53033,King,549300UT4EN6IH579Q63,"RIGHT START MORTGAGE, INC.",38,23,6,0.05,31,7,0,0,0,19,4,0,0,0,national
2025,WA,53033,King,549300VORTI31GZTJL53,"CARDINAL FINANCIAL COMPANY, LIMITED PARTNERSHIP",33,23,5,0.05,26,6,1,0,0,19,3,1,0,0,national
2025,WA,53033,King,54930049L5WINET09Q97,"CLICK N' CLOSE, INC.",42,22,4,0.05,20,22,0,0,0,10,12,0,0,0,national
2025,WA,53033,King,5493007QERYQSQ3QNH02,,109,22,14,0.05,109,0,0,0,0,22,0,0,0,0,national
2025,WA,53033,King,549300BX448ALT10FI43,The Federal Savings Bank,67,22,5,0.05,24,4,39,0,0,11,1,10,0,0,national
2025,WA,53033,King,549300H3IZO24NSOO931,"LENNAR MORTGAGE, LLC",28,22,0,0.05,23,1,4,0,0,19,1,2,0,0,national
2025,WA,53033,King,549300KSOOZZVXCMA627,ANGEL OAK MORTGAGE SOLUTIONS LLC,42,22,9,0.05,42,0,0,0,0,22,0,0,0,0,national
2025,WA,53033,King,549300RA3E0BUFO7YZ21,"Hometown Equity Mortgage, LLC",47,22,22,0.05,45,2,0,0,0,20,2,0,0,0,national
2025,WA,53033,King,Q708HHR4LD2B7XIZNO92,First Federal Bank,44,22,2,0.05,37,1,6,0,0,18,0,4,0,0,national
2025,WA,53033,King,549300ZPSJZO10ZAX556,"AMERICAN HERITAGE LENDING, LLC",38,21,1,0.05,38,0,0,0,0,21,0,0,0,0,national
2025,WA,53033,King,5493000349C5XXDRQX28,,32,20,3,0.05,27,5,0,0,0,18,2,0,0,0,national
2025,WA,53033,King,5493000IIYWBLONJVJ30,,29,20,3,0.05,29,0,0,0,0,20,0,0,0,0,national
2025,WA,53033,King,5493000NYUJT9UC6G261,LEADERONE FINANCIAL CORPORATION,42,20,6,0.05,38,4,0,0,0,18,2,0,0,0,national
2025,WA,53033,King,5493003Q3L1PO9NBVK64,WHATCOM EDUCATIONAL CREDIT UNION,40,20,10,0.05,39,0,1,0,0,20,0,0,0,0,national
2025,WA,53033,King,549300F6NSBOJBM9ED39,NuVision Federal Credit Union,38,20,9,0.05,37,0,1,0,0,20,0,0,0,0,national
2025,WA,53033,King,549300XWUSRVVOHPRY47,Academy Mortgage Corporation,67,20,2,0.05,65,2,0,0,0,20,0,0,0,0,national
2025,WA,53033,King,549300YEI60WAHWQ3110,KITSAP Credit Union,44,20,15,0.05,43,0,1,0,0,20,0,0,0,0,national
2025,WA,53033,King,549300ZIQ24V0C88AC41,GTE Federal Credit Union,26,19,5,0.04,26,0,0,0,0,19,0,0,0,0,national
2025,WA,53033,King,54930007KK7ZS3IJVC25,RED CANOE CREDIT UNION,39,18,7,0.04,39,0,0,0,0,18,0,0,0,0,national
2025,WA,53033,King,549300K4ZLGS7SRDTL86,Equity Prime Mortgage LLC,45,18,6,0.04,8,26,11,0,0,2,12,4,0,0,national
2025,WA,53033,King,549300OPB0G5OMY0SM65,,27,18,0,0.04,27,0,0,0,0,18,0,0,0,0,national
2025,WA,53033,King,254900BMXWPEHXG4LF21,,22,17,0,0.04,14,8,0,0,0,9,8,0,0,0,national
2025,WA,53033,King,254900TTZ395IC926125,,26,17,1,0.04,24,2,0,0,0,16,1,0,0,0,national
2025,WA,53033,King,5493001VH4ZJNSI25781,Peoples Bank,28,17,7,0.04,28,0,0,0,0,17,0,0,0,0,national
2025,WA,53033,King,5493001X0T84TYRJ5Y59,,21,17,1,0.04,21,0,0,0,0,17,0,0,0,0,national
2025,WA,53033,King,549300BOXNV8VLRBDT24,,41,17,4,0.04,41,0,0,0,0,17,0,0,0,0,national
2025,WA,53033,King,549300KX4S1573HISS22,,33,17,2,0.04,33,0,0,0,0,17,0,0,0,0,national
2025,WA,53033,King,549300TA4MQM8WN2XG31,,29,17,0,0.04,29,0,0,0,0,17,0,0,0,0,national
2025,WA,53033,King,SS1TRMSN6BRNMOREEV51,"Flagstar Bank, National Association",45,17,15,0.04,39,5,1,0,0,16,1,0,0,0,national
2025,WA,53033,King,2WHM8VNJH63UN14OL754,The Huntington National Bank,22,16,2,0.04,22,0,0,0,0,16,0,0,0,0,national
2025,WA,53033,King,549300FK3AFCFVAPH234,"Leader Bank, National Association",22,16,3,0.04,22,0,0,0,0,16,0,0,0,0,national
2025,WA,53033,King,549300HCNXMTNGIMAR91,,26,16,1,0.04,26,0,0,0,0,16,0,0,0,0,national
2025,WA,53033,King,549300LZUXCJFE5ONM48,,21,16,1,0.04,4,17,0,0,0,2,14,0,0,0,national
2025,WA,53033,King,549300QKL5FUBZ8LSF50,"NATIONS DIRECT MORTGAGE, LLC",25,16,1,0.04,18,7,0,0,0,11,5,0,0,0,national
2025,WA,53033,King,549300UBGGLZLZEY0M18,Peak Credit Union,36,16,16,0.04,36,0,0,0,0,16,0,0,0,0,national
2025,WA,53033,King,549300WKFR15017V9850,,19,16,0,0.04,19,0,0,0,0,16,0,0,0,0,national
2025,WA,53033,King,254900CTT87ZKAUTIJ37,,34,15,6,0.03,34,0,0,0,0,15,0,0,0,0,national
2025,WA,53033,King,5493000BAKE4VAHVCU55,,25,15,2,0.03,25,0,0,0,0,15,0,0,0,0,national
2025,WA,53033,King,5493000EUC3MM52PJV85,,25,15,1,0.03,25,0,0,0,0,15,0,0,0,0,national
2025,WA,53033,King,5493001GDRY0EL7VG372,"ARK-LA-TEX FINANCIAL SERVICES, LLC.",20,15,0,0.03,14,2,3,1,0,10,1,3,1,0,national
2025,WA,53033,King,549300BXWU32AYWT1A56,,24,15,5,0.03,24,0,0,0,0,15,0,0,0,0,national
2025,WA,53033,King,549300PBTV7FCWLSMM53,"MORTGAGE SOLUTIONS OF COLORADO, LLC",23,15,1,0.03,4,7,12,0,0,3,6,6,0,0,national
2025,WA,53033,King,2549008TT6UNYR7AXF54,"Sunflower Bank, National Association",18,14,0,0.03,13,5,0,0,0,11,3,0,0,0,national
2025,WA,53033,King,254900LTD432L5CHIZ48,,23,14,5,0.03,23,0,0,0,0,14,0,0,0,0,national
2025,WA,53033,King,254900RUCO27MVGTO768,LOAN FUNDER LLC,41,14,10,0.03,41,0,0,0,0,14,0,0,0,0,national
2025,WA,53033,King,549300JPGMCMBEJEK584,FIRST TECHNOLOGY,43,14,3,0.03,43,0,0,0,0,14,0,0,0,0,national
2025,WA,53033,King,549300MUXFVZKH4XLG17,,23,14,1,0.03,23,0,0,0,0,14,0,0,0,0,national
2025,WA,53033,King,549300T61O0X0RJMQ375,,26,14,0,0.03,25,0,1,0,0,14,0,0,0,0,national
2025,WA,53033,King,549300XQVJ1XBNFA5536,21ST MORTGAGE CORPORATION,102,14,61,0.03,102,0,0,0,0,14,0,0,0,0,national
2025,WA,53033,King,5Z1UQ1CWY0DQ3KJWDQ07,,16,14,1,0.03,16,0,0,0,0,14,0,0,0,0,national
2025,WA,53033,King,549300A68YW07V5R5G22,,17,13,1,0.03,17,0,0,0,0,13,0,0,0,0,national
2025,WA,53033,King,549300HVW3AI97UKTO72,Wings Financial Credit Union,25,13,5,0.03,25,0,0,0,0,13,0,0,0,0,national
2025,WA,53033,King,549300XW2H531FLD3I90,,17,13,1,0.03,17,0,0,0,0,13,0,0,0,0,national
2025,WA,53033,King,DRMSV1Q0EKMEXLAU1P80,"Citizens Bank, National Association",21,13,1,0.03,20,1,0,0,0,12,1,0,0,0,national
2025,WA,53033,King,549300HGZNH5YBU04369,,19,12,4,0.03,19,0,0,0,0,12,0,0,0,0,national
2025,WA,53033,King,549300Q3ROEQU3D1IW91,,57,12,27,0.03,57,0,0,0,0,12,0,0,0,0,national
2025,WA,53033,King,549300RYTR2RVL4SFJ90,,15,12,0,0.03,15,0,0,0,0,12,0,0,0,0,national
2025,WA,53033,King,254900MKY47WU65N1J56,,18,11,4,0.03,18,0,0,0,0,11,0,0,0,0,national
2025,WA,53033,King,254900P7WLDQD9IUL038,Service Federal Credit Union,29,11,5,0.03,29,0,0,0,0,11,0,0,0,0,national
2025,WA,53033,King,54930052M48FOD3CWA54,"PRIMARY RESIDENTIAL MORTGAGE, INC.",15,11,0,0.03,12,3,0,0,0,8,3,0,0,0,national
2025,WA,53033,King,549300CK7U1WMTIG6687,,14,11,0,0.03,9,5,0,0,0,7,4,0,0,0,national
2025,WA,53033,King,549300PL267CW8182203,,28,11,2,0.03,7,17,4,0,0,4,6,1,0,0,national
2025,WA,53033,King,549300VZDEK4QLTWSL15,,18,11,5,0.03,18,0,0,0,0,11,0,0,0,0,national
2025,WA,53033,King,549300XCVBRR56D08F03,,76,11,2,0.03,70,6,0,0,0,10,1,0,0,0,national
2025,WA,53033,King,2549005Q4HZ55QX7YC64,,12,10,1,0.02,12,0,0,0,0,10,0,0,0,0,national
2025,WA,53033,King,2549009X2AG1P20YAJ63,,25,10,7,0.02,25,0,0,0,0,10,0,0,0,0,national
2025,WA,53033,King,254900HA4DQWAE0W3342,"AMERIHOME MORTGAGE COMPANY, LLC",15,10,2,0.02,8,5,2,0,0,6,3,1,0,0,national
2025,WA,53033,King,254900O28OG3UMHXQY81,,26,10,0,0.02,24,2,0,0,0,8,2,0,0,0,national
2025,WA,53033,King,5493009Y8ROUG903AQ21,,18,10,2,0.02,18,0,0,0,0,10,0,0,0,0,national
2025,WA,53033,King,549300VCMRO4ST680C11,VILLAGE CAPITAL & INVESTMENT LLC,49,10,13,0.02,0,23,26,0,0,0,4,6,0,0,national
2025,WA,53033,King,JJKC32MCHWDI71265Z06,Truist Bank,13,10,1,0.02,12,1,0,0,0,10,0,0,0,0,national
2025,WA,53033,King,2549002VH9C0PKB8K153,,24,9,3,0.02,24,0,0,0,0,9,0,0,0,0,national
2025,WA,53033,King,254900T8N4RLS6G3BF64,,12,9,2,0.02,12,0,0,0,0,9,0,0,0,0,national
2025,WA,53033,King,4EP6JBYBTPTQ47LZOB67,,11,9,0,0.02,11,0,0,0,0,9,0,0,0,0,national
2025,WA,53033,King,5493001JT9MT3Z3Y3M39,,14,9,3,0.02,14,0,0,0,0,9,0,0,0,0,national
2025,WA,53033,King,54930083D8Q8RK84Y448,,20,9,1,0.02,20,0,0,0,0,9,0,0,0,0,national
2025,WA,53033,King,549300DH8EI64ITBY388,,11,9,0,0.02,9,2,0,0,0,9,0,0,0,0,national
2025,WA,53033,King,549300F570XAWYN8Z237,,18,9,3,0.02,18,0,0,0,0,9,0,0,0,0,national
2025,WA,53033,King,549300F6Y1YO2YXN6135,,9,9,0,0.02,9,0,0,0,0,9,0,0,0,0,national
2025,WA,53033,King,549300JGMQJ4R419LR70,,14,9,0,0.02,13,1,0,0,0,8,1,0,0,0,national
2025,WA,53033,King,549300SCFWZXMDMZPE93,"RESIDENTIAL MORTGAGE, LLC",12,9,2,0.02,9,3,0,0,0,7,2,0,0,0,national
2025,WA,53033,King,549300W45D2J6BT4LX65,,9,9,0,0.02,9,0,0,0,0,9,0,0,0,0,national
2025,WA,53033,King,549300ZCR1XCLNEEI724,,20,9,5,0.02,20,0,0,0,0,9,0,0,0,0,national
2025,WA,53033,King,254900YA1AQXNM8QVZ06,,10,8,0,0.02,9,1,0,0,0,7,1,0,0,0,national
2025,WA,53033,King,5493002GI63WHHUTUD85,"KEYSTONE FUNDING, INC.",11,8,2,0.02,11,0,0,0,0,8,0,0,0,0,national
2025,WA,53033,King,5493007VW2EU20PZYU97,INSPIRE HOME LOANS INC.,11,8,0,0.02,11,0,0,0,0,8,0,0,0,0,national
2025,WA,53033,King,5493008ZTV4S0W9DCX64,,16,8,4,0.02,9,7,0,0,0,4,4,0,0,0,national
2025,WA,53033,King,549300A5HHOL2ED18C72,,13,8,1,0.02,12,1,0,0,0,7,1,0,0,0,national
2025,WA,53033,King,549300IBT3SCF2K09D58,,9,8,0,0.02,9,0,0,0,0,8,0,0,0,0,national
2025,WA,53033,King,549300N52O6FKUCU5G62,NUMERICA CREDIT UNION,18,8,6,0.02,18,0,0,0,0,8,0,0,0,0,national
2025,WA,53033,King,549300PQLK8E48ILXV41,,20,8,4,0.02,20,0,0,0,0,8,0,0,0,0,national
2025,WA,53033,King,549300QD23LICPXTPB55,,8,8,0,0.02,7,0,1,0,0,7,0,1,0,0,national
2025,WA,53033,King,549300R4F5COFJE0DN81,,12,8,3,0.02,12,0,0,0,0,8,0,0,0,0,national
2025,WA,53033,King,549300R8VPSFM828B312,TEACHERS FEDERAL CREDIT UNION,13,8,0,0.02,13,0,0,0,0,8,0,0,0,0,national
2025,WA,53033,King,549300S8SHBRCI7UU819,,11,8,1,0.02,11,0,0,0,0,8,0,0,0,0,national
2025,WA,53033,King,549300SBA6BX8HZZF585,,16,8,2,0.02,16,0,0,0,0,8,0,0,0,0,national
2025,WA,53033,King,549300TUSRLWD8ETNR90,SPOKANE TEACHERS,17,8,5,0.02,17,0,0,0,0,8,0,0,0,0,national
2025,WA,53033,King,549300UV5JQXLGVWIP44,,16,8,1,0.02,16,0,0,0,0,8,0,0,0,0,national
2025,WA,53033,King,2549004Z576VEJBK3N72,"NQM FUNDING, LLC",14,7,2,0.02,14,0,0,0,0,7,0,0,0,0,national
2025,WA,53033,King,549300GQDT484LGI9C04,,49,7,8,0.02,31,12,6,0,0,6,0,1,0,0,national
2025,WA,53033,King,549300I0ICF6REKHOC74,"DIRECT MORTGAGE LOANS, LLC",8,7,0,0.02,6,1,1,0,0,5,1,1,0,0,national
2025,WA,53033,King,549300IEP77RKJ87Z176,OREGON COMMUNITY,12,7,0,0.02,12,0,0,0,0,7,0,0,0,0,national
2025,WA,53033,King,549300JOD3S8ZGZLHP53,,8,7,0,0.02,8,0,0,0,0,7,0,0,0,0,national
2025,WA,53033,King,5493000OM9RKJW8W5K82,,9,6,0,0.01,9,0,0,0,0,6,0,0,0,0,national
2025,WA,53033,King,5493005JPZ3LXXMB0S24,"Carrington Mortgage Services, LLC",15,6,2,0.01,15,0,0,0,0,6,0,0,0,0,national
2025,WA,53033,King,549300DNWSJUNAWUM003,,10,6,0,0.01,10,0,0,0,0,6,0,0,0,0,national
2025,WA,53033,King,549300KQHWNSVCE2MY88,,8,6,1,0.01,8,0,0,0,0,6,0,0,0,0,national
2025,WA,53033,King,549300MQEDQYDJR8CP22,,8,6,1,0.01,8,0,0,0,0,6,0,0,0,0,national
2025,WA,53033,King,549300PC4MFWQBNVKG88,"V.I.P. MORTGAGE, INC.",10,6,1,0.01,8,0,2,0,0,5,0,1,0,0,national
2025,WA,53033,King,549300QIUZLVR1OLDH55,Genisys Credit Union,6,6,0,0.01,6,0,0,0,0,6,0,0,0,0,national
2025,WA,53033,King,549300S5FVOSK5DQJN30,INTERCAP LENDING INC.,7,6,0,0.01,7,0,0,0,0,6,0,0,0,0,national
2025,WA,53033,King,549300TMY3OACQC9U777,,12,6,1,0.01,12,0,0,0,0,6,0,0,0,0,national
2025,WA,53033,King,254900JH11ROOV921P96,,11,5,2,0.01,8,2,1,0,0,3,2,0,0,0,national
2025,WA,53033,King,254900KKWIJLOTNP7667,,5,5,0,0.01,5,0,0,0,0,5,0,0,0,0,national
2025,WA,53033,King,254900OHZRY6VWYMJQ91,,8,5,0,0.01,8,0,0,0,0,5,0,0,0,0,national
2025,WA,53033,King,254900QNIR86GUIRYH95,,16,5,0,0.01,16,0,0,0,0,5,0,0,0,0,national
2025,WA,53033,King,254900T37KTTXKCK3416,,14,5,3,0.01,14,0,0,0,0,5,0,0,0,0,national
2025,WA,53033,King,254900WT4HAMDFWH3048,,12,5,0,0.01,0,12,0,0,0,0,5,0,0,0,national
2025,WA,53033,King,5493002G4JO4BZ22MC13,,6,5,0,0.01,6,0,0,0,0,5,0,0,0,0,national
2025,WA,53033,King,5493004F7BXDIUFVPV87,,8,5,2,0.01,8,0,0,0,0,5,0,0,0,0,national
2025,WA,53033,King,54930078TNN7GKZ7NU89,,5,5,0,0.01,4,1,0,0,0,4,1,0,0,0,national
2025,WA,53033,King,549300IKS3MMB5YK6T18,,7,5,0,0.01,7,0,0,0,0,5,0,0,0,0,national
2025,WA,53033,King,549300OTNSBY6RS8HU51,,5,5,0,0.01,5,0,0,0,0,5,0,0,0,0,national
2025,WA,53033,King,549300SUCQ1358EGVE89,"NEW DAY FINANCIAL, LLC",53,5,19,0.01,0,4,49,0,0,0,1,4,0,0,national
2025,WA,53033,King,549300WRDGBHKR1BXL98,,6,5,0,0.01,6,0,0,0,0,5,0,0,0,0,national
2025,WA,53033,King,549300ZS1TR1B4LHX377,,7,5,0,0.01,7,0,0,0,0,5,0,0,0,0,national
2025,WA,53033,King,984500F5665613E36549,,8,5,1,0.01,7,0,1,0,0,4,0,1,0,0,national
2025,WA,53033,King,C398JSK21YCXWM603F55,"Barrington Bank & Trust Company, National Association",11,5,0,0.01,7,0,4,0,0,3,0,2,0,0,national
2025,WA,53033,King,COINQMNIM6RBU631DD85,Arvest Bank,8,5,0,0.01,8,0,0,0,0,5,0,0,0,0,national
2025,WA,53033,King,WWB2V0FCW3A0EE3ZJN75,Manufacturers and Traders Trust Company,13,5,2,0.01,6,5,2,0,0,2,2,1,0,0,national
2025,WA,53033,King,2549004XJQQPBYQSMT39,,6,4,0,0.01,6,0,0,0,0,4,0,0,0,0,national
2025,WA,53033,King,2549008LK3474E9U2888,ONPOINT COMMUNITY CREDIT UNION,13,4,6,0.01,13,0,0,0,0,4,0,0,0,0,national
2025,WA,53033,King,254900LNRKOG7TRURB32,,5,4,1,0.01,5,0,0,0,0,4,0,0,0,0,national
2025,WA,53033,King,254900LX8DA8FRHUUD51,Potlatch No. 1 Financial Credit Union,5,4,0,0.01,5,0,0,0,0,4,0,0,0,0,national
2025,WA,53033,King,254900V6GCDMRQZ34D96,,10,4,2,0.01,10,0,0,0,0,4,0,0,0,0,national
2025,WA,53033,King,254900WEP08K7U7S3A80,,8,4,2,0.01,4,2,2,0,0,0,2,2,0,0,national
2025,WA,53033,King,54930002O9LLXKR6TF11,,10,4,0,0.01,9,1,0,0,0,3,1,0,0,0,national
2025,WA,53033,King,5493000D6RXLNBZQYA47,COLUMBIA COMMUNITY CREDIT UNION,7,4,3,0.01,7,0,0,0,0,4,0,0,0,0,national
2025,WA,53033,King,5493002TJKC8NLH1ZP82,,6,4,0,0.01,5,0,1,0,0,3,0,1,0,0,national
2025,WA,53033,King,5493003V40VGM7YDFM54,FIRST COLONY MORTGAGE CORPORATION,6,4,0,0.01,5,0,1,0,0,3,0,1,0,0,national
2025,WA,53033,King,5493003WLEYGXGNTI654,SELCO COMMUNITY,7,4,2,0.01,7,0,0,0,0,4,0,0,0,0,national
2025,WA,53033,King,5493006S869XKIESMV41,Mountain America Federal Credit Union,5,4,1,0.01,5,0,0,0,0,4,0,0,0,0,national
2025,WA,53033,King,549300748YYU6VG08N83,"Loan Simple, Inc.",5,4,0,0.01,1,4,0,0,0,0,4,0,0,0,national
2025,WA,53033,King,54930080168VA6Z8UX21,TOWER Federal Credit Union,5,4,1,0.01,5,0,0,0,0,4,0,0,0,0,national
2025,WA,53033,King,5493008JECR4UE0WVR04,"MORTGAGE EXPRESS, LLC",5,4,0,0.01,4,1,0,0,0,3,1,0,0,0,national
2025,WA,53033,King,549300AENO88GEUWCZ39,,5,4,0,0.01,4,1,0,0,0,3,1,0,0,0,national
2025,WA,53033,King,549300E4YLQ3BVQ4GW30,,11,4,0,0.01,11,0,0,0,0,4,0,0,0,0,national
2025,WA,53033,King,549300HINJH60UG3KG47,,5,4,0,0.01,5,0,0,0,0,4,0,0,0,0,national
2025,WA,53033,King,549300I1HK1BBZLKOB84,,6,4,0,0.01,6,0,0,0,0,4,0,0,0,0,national
2025,WA,53033,King,549300K6K2IS7FRS7S09,,6,4,1,0.01,4,0,2,0,0,3,0,1,0,0,national
2025,WA,53033,King,549300PRAPL43XPYR044,,10,4,0,0.01,10,0,0,0,0,4,0,0,0,0,national
2025,WA,53033,King,549300T3F9S1MKFKHC53,HOMESTEAD FUNDING CORP.,4,4,0,0.01,4,0,0,0,0,4,0,0,0,0,national
2025,WA,53033,King,549300VVH8HHFMWL8536,,7,4,2,0.01,7,0,0,0,0,4,0,0,0,0,national
2025,WA,53033,King,9845005BP6974AE5D838,,14,4,1,0.01,14,0,0,0,0,4,0,0,0,0,national
2025,WA,53033,King,IUGPUX5LWRZ3B6KIZ697,Ameris Bank,7,4,0,0.01,6,0,1,0,0,3,0,1,0,0,national
2025,WA,53033,King,2549007JZSAICH4GZJ60,POINT MORTGAGE CORPORATION,4,3,0,0.01,4,0,0,0,0,3,0,0,0,0,national
2025,WA,53033,King,2549008GIE3QVYB2FT28,,7,3,2,0.01,7,0,0,0,0,3,0,0,0,0,national
2025,WA,53033,King,254900EZRN0CBEP77K34,,5,3,1,0.01,5,0,0,0,0,3,0,0,0,0,national
2025,WA,53033,King,254900FBWEZ3YUPOBN33,,8,3,4,0.01,8,0,0,0,0,3,0,0,0,0,national
2025,WA,53033,King,254900N49YI2HHKDPS92,IQ Credit Union,7,3,2,0.01,7,0,0,0,0,3,0,0,0,0,national
2025,WA,53033,King,254900RM3T6WAVE6SA24,,4,3,0,0.01,4,0,0,0,0,3,0,0,0,0,national
2025,WA,53033,King,254900XK1QLA60R87H84,,4,3,1,0.01,4,0,0,0,0,3,0,0,0,0,national
2025,WA,53033,King,5493002QRULT2T40BH09,COMMUNITYAMERICA FEDERAL CREDIT UNION,4,3,0,0.01,4,0,0,0,0,3,0,0,0,0,national
2025,WA,53033,King,5493002WVA17MT4UFH84,,3,3,0,0.01,3,0,0,0,0,3,0,0,0,0,national
2025,WA,53033,King,5493003NV9L53LK1XI52,,7,3,0,0.01,6,1,0,0,0,2,1,0,0,0,national
2025,WA,53033,King,5493005DKMV1IHIM8E20,"Wilmington Savings Fund Society, FSB",3,3,0,0.01,3,0,0,0,0,3,0,0,0,0,national
2025,WA,53033,King,5493005ICQ3QGEIWV618,UNITED MORTGAGE CORP.,3,3,0,0.01,2,1,0,0,0,2,1,0,0,0,national
2025,WA,53033,King,5493007Z7FTUKQGFMZ98,,4,3,0,0.01,4,0,0,0,0,3,0,0,0,0,national
2025,WA,53033,King,5493008SP1FN4D81IS17,,4,3,0,0.01,4,0,0,0,0,3,0,0,0,0,national
2025,WA,53033,King,54930091CYUK2SDZ6D37,,4,3,1,0.01,3,1,0,0,0,3,0,0,0,0,national
2025,WA,53033,King,5493009QB0KBU5M6NP90,,6,3,1,0.01,6,0,0,0,0,3,0,0,0,0,national
2025,WA,53033,King,549300ALNLUNS3Y53T24,AMERICAN FINANCING CORPORATION,39,3,26,0.01,21,17,1,0,0,2,1,0,0,0,national
2025,WA,53033,King,549300AV8QD552DSI743,,3,3,0,0.01,3,0,0,0,0,3,0,0,0,0,national
2025,WA,53033,King,549300C20KZIWPASBC15,,4,3,0,0.01,4,0,0,0,0,3,0,0,0,0,national
2025,WA,53033,King,549300ESRQ6OLBB56N04,Glacier Bank,3,3,0,0.01,3,0,0,0,0,3,0,0,0,0,national
2025,WA,53033,King,549300GGB04TG4AH1377,,6,3,2,0.01,6,0,0,0,0,3,0,0,0,0,national
2025,WA,53033,King,549300GRGZDEH4ZGQS06,WATERSTONE MORTGAGE CORPORATION,3,3,0,0.01,3,0,0,0,0,3,0,0,0,0,national
2025,WA,53033,King,549300IFOE4SCP384147,University Bank,3,3,0,0.01,3,0,0,0,0,3,0,0,0,0,national
2025,WA,53033,King,549300JD1162QW84ZO34,,3,3,0,0.01,3,0,0,0,0,3,0,0,0,0,national
2025,WA,53033,King,549300JQALY53TH22D13,,3,3,0,0.01,3,0,0,0,0,3,0,0,0,0,national
2025,WA,53033,King,549300JZD4L02YZI3Z50,NJ LENDERS CORP.,3,3,0,0.01,3,0,0,0,0,3,0,0,0,0,national
2025,WA,53033,King,549300KPBZCTMM3Y0061,,4,3,1,0.01,4,0,0,0,0,3,0,0,0,0,national
2025,WA,53033,King,549300KZVCKCUN23YY80,,9,3,5,0.01,9,0,0,0,0,3,0,0,0,0,national
2025,WA,53033,King,549300NLJI4QKZ3D0G94,,3,3,0,0.01,3,0,0,0,0,3,0,0,0,0,national
2025,WA,53033,King,549300NN0PRX3I4QGG46,,5,3,0,0.01,0,0,5,0,0,0,0,3,0,0,national
2025,WA,53033,King,549300O2EZG72LO2FX38,,4,3,0,0.01,3,1,0,0,0,3,0,0,0,0,national
2025,WA,53033,King,549300Q6YL1SFVPEGV90,,18,3,1,0.01,4,14,0,0,0,0,3,0,0,0,national
2025,WA,53033,King,549300RM1IZYGQDSNL85,,12,3,0,0.01,9,2,1,0,0,3,0,0,0,0,national
2025,WA,53033,King,549300T9P3WXNMXX0I34,Ixonia Bank,7,3,0,0.01,6,1,0,0,0,3,0,0,0,0,national
2025,WA,53033,King,549300TTPRGSP8DGY569,,3,3,0,0.01,3,0,0,0,0,3,0,0,0,0,national
2025,WA,53033,King,549300ZIXM1VUXPG4D03,,4,3,0,0.01,4,0,0,0,0,3,0,0,0,0,national
2025,WA,53033,King,6PTKHDJ8HDUF78PFWH30,,3,3,0,0.01,3,0,0,0,0,3,0,0,0,0,national
2025,WA,53033,King,984500F6E6940CCB6A60,,3,3,0,0.01,3,0,0,0,0,3,0,0,0,0,national
2025,WA,53033,King,984500P059VACEAAFA22,,10,3,0,0.01,9,0,1,0,0,3,0,0,0,0,national
2025,WA,53033,King,HIDXEG9BLUJZKBGUT764,Bank-Fund Staff Federal Credit Union,4,3,0,0.01,4,0,0,0,0,3,0,0,0,0,national
2025,WA,53033,King,QFROUN1UWUYU0DVIWD51,"Eagle Home Mortgage, LLC",6,3,0,0.01,6,0,0,0,0,3,0,0,0,0,national
2025,WA,53033,King,2549001IK7UDPADKAG34,,3,2,0,0.0,3,0,0,0,0,2,0,0,0,0,national
2025,WA,53033,King,2549004CU9LAM5CYA280,,10,2,0,0.0,10,0,0,0,0,2,0,0,0,0,national
2025,WA,53033,King,2549005FUF02T1IFCA22,,4,2,1,0.0,4,0,0,0,0,2,0,0,0,0,national
2025,WA,53033,King,2549007AU24FVDMNUB40,,19,2,14,0.0,19,0,0,0,0,2,0,0,0,0,national
2025,WA,53033,King,254900DRSIZBQXDCJ875,,2,2,0,0.0,2,0,0,0,0,2,0,0,0,0,national
2025,WA,53033,King,254900TM81D0YC1B9584,,2,2,0,0.0,2,0,0,0,0,2,0,0,0,0,national
2025,WA,53033,King,254900YLQBQNWLGKOI74,,8,2,0,0.0,8,0,0,0,0,2,0,0,0,0,national
2025,WA,53033,King,5493000H6DFDDJRORG89,,22,2,2,0.0,17,5,0,0,0,2,0,0,0,0,national
2025,WA,53033,King,54930030S6J5KOL5LJ73,FAIRWINDS CREDIT UNION,2,2,0,0.0,2,0,0,0,0,2,0,0,0,0,national
2025,WA,53033,King,5493003B2LEGQHDWRN55,HANSCOM,2,2,0,0.0,2,0,0,0,0,2,0,0,0,0,national
2025,WA,53033,King,5493004T9SQFCNRQ2L76,,2,2,0,0.0,2,0,0,0,0,2,0,0,0,0,national
2025,WA,53033,King,5493005PD34O8ZT7QT17,,3,2,1,0.0,3,0,0,0,0,2,0,0,0,0,national
2025,WA,53033,King,5493006RIR31ORKYB608,,2,2,0,0.0,2,0,0,0,0,2,0,0,0,0,national
2025,WA,53033,King,5493007CLWQN2S6IZK91,,4,2,0,0.0,2,0,2,0,0,1,0,1,0,0,national
2025,WA,53033,King,5493008P6YO2KM3EO556,The Dart Bank,2,2,0,0.0,2,0,0,0,0,2,0,0,0,0,national
2025,WA,53033,King,5493008VVXQIDO1EZ460,"SUMMIT FUNDING, INC.",5,2,0,0.0,5,0,0,0,0,2,0,0,0,0,national
2025,WA,53033,King,54930095UWUUXAWASB02,"Atlantic Coast Mortgage, LLC",3,2,0,0.0,3,0,0,0,0,2,0,0,0,0,national
2025,WA,53033,King,549300CLRXFVF83ZL806,"NATIONWIDE MORTGAGE BANKERS, INC.",2,2,0,0.0,2,0,0,0,0,2,0,0,0,0,national
2025,WA,53033,King,549300D3LYUX1NJVC329,,2,2,0,0.0,2,0,0,0,0,2,0,0,0,0,national
2025,WA,53033,King,549300EKCKDF80ZM4V51,,2,2,0,0.0,1,1,0,0,0,1,1,0,0,0,national
2025,WA,53033,King,549300FWQNRPTKXB8G79,,2,2,0,0.0,2,0,0,0,0,2,0,0,0,0,national
2025,WA,53033,King,549300I43FC7P0IJMR13,,2,2,0,0.0,0,1,1,0,0,0,1,1,0,0,national
2025,WA,53033,King,549300INKSPQCTELMO58,Granite Bank,3,2,1,0.0,3,0,0,0,0,2,0,0,0,0,national
2025,WA,53033,King,549300ISCZS1R0CJMO47,,5,2,2,0.0,4,0,1,0,0,2,0,0,0,0,national
2025,WA,53033,King,549300KPHGEE40YQXO21,,6,2,4,0.0,6,0,0,0,0,2,0,0,0,0,national
2025,WA,53033,King,549300KUIZTYQRC0R888,,3,2,1,0.0,2,1,0,0,0,1,1,0,0,0,national
2025,WA,53033,King,549300KX2KT8MOAS5Q71,,2,2,0,0.0,2,0,0,0,0,2,0,0,0,0,national
2025,WA,53033,King,549300N3JBQ15RQ7AV97,,4,2,1,0.0,4,0,0,0,0,2,0,0,0,0,national
2025,WA,53033,King,549300NGCDNC9174EF79,,2,2,0,0.0,2,0,0,0,0,2,0,0,0,0,national
2025,WA,53033,King,549300NZWZUYUWEOA562,,3,2,0,0.0,3,0,0,0,0,2,0,0,0,0,national
2025,WA,53033,King,549300R0SXC1JU7ZU290,"FIRST COMMUNITY MORTGAGE, INC.",3,2,0,0.0,2,1,0,0,0,1,1,0,0,0,national
2025,WA,53033,King,549300SY0ZRUCS4CSY07,,2,2,0,0.0,2,0,0,0,0,2,0,0,0,0,national
2025,WA,53033,King,549300T5QSL6MC8M4D04,"NORWICH COMMERCIAL GROUP, INC.",6,2,1,0.0,4,1,1,0,0,2,0,0,0,0,national
2025,WA,53033,King,549300T7HRS5DVBUPQ06,,3,2,1,0.0,3,0,0,0,0,2,0,0,0,0,national
2025,WA,53033,King,549300TK6RZQSFXZHV09,,4,2,0,0.0,4,0,0,0,0,2,0,0,0,0,national
2025,WA,53033,King,549300UF3FPC7U6RFC59,The Central Trust Bank,10,2,1,0.0,10,0,0,0,0,2,0,0,0,0,national
2025,WA,53033,King,549300UG7QXKM7KGV847,,5,2,2,0.0,5,0,0,0,0,2,0,0,0,0,national
2025,WA,53033,King,549300WYBPIWKK6SQC06,Bell Bank,4,2,0,0.0,4,0,0,0,0,2,0,0,0,0,national
2025,WA,53033,King,984500FAD1FB7FEGTE82,,11,2,0,0.0,11,0,0,0,0,2,0,0,0,0,national
2025,WA,53033,King,AM9FLTUTLEC73M6N7I37,,2,2,0,0.0,2,0,0,0,0,2,0,0,0,0,national
2025,WA,53033,King,B2S31CFVSWTN3FR00Q90,,2,2,0,0.0,2,0,0,0,0,2,0,0,0,0,national
2025,WA,53033,King,C4BXATY60WC6XEOZDX54,,2,2,0,0.0,2,0,0,0,0,2,0,0,0,0,national
2025,WA,53033,King,01ERPZV3DOLNXY2MLB90,,1,1,0,0.0,1,0,0,0,0,1,0,0,0,0,national
2025,WA,53033,King,25490018IFQOT83Q7H49,,5,1,0,0.0,5,0,0,0,0,1,0,0,0,0,national
2025,WA,53033,King,2549004XDCE3LGQW7H72,,1,1,0,0.0,1,0,0,0,0,1,0,0,0,0,national
2025,WA,53033,King,2549005K0ZG1MFV3R260,Reliable Holdings Manager LLC,4,1,1,0.0,4,0,0,0,0,1,0,0,0,0,national
2025,WA,53033,King,2549007E9BI08H1N1T92,,2,1,0,0.0,2,0,0,0,0,1,0,0,0,0,national
2025,WA,53033,King,2549009BJ1OZ4H7KTG46,,2,1,0,0.0,2,0,0,0,0,1,0,0,0,0,national
2025,WA,53033,King,2549009I5SQ5XN6WFU76,,3,1,0,0.0,3,0,0,0,0,1,0,0,0,0,national
2025,WA,53033,King,254900BBEPZS8MDE1S61,,3,1,0,0.0,3,0,0,0,0,1,0,0,0,0,national
2025,WA,53033,King,254900DNPJINSUKFZ002,,1,1,0,0.0,1,0,0,0,0,1,0,0,0,0,national
2025,WA,53033,King,254900DSZI6CJXJL6Z14,,1,1,0,0.0,1,0,0,0,0,1,0,0,0,0,national
2025,WA,53033,King,254900F9ZTVTX763V835,"Advisors Mortgage Group, L.L.C.",2,1,0,0.0,0,2,0,0,0,0,1,0,0,0,national
2025,WA,53033,King,254900FFZUXK3B729T97,Deseret First Credit Union,1,1,0,0.0,1,0,0,0,0,1,0,0,0,0,national
2025,WA,53033,King,254900HIDMT4ZG09RP47,,1,1,0,0.0,0,0,1,0,0,0,0,1,0,0,national
2025,WA,53033,King,254900HO9WPE4LTLQU96,,2,1,0,0.0,0,1,1,0,0,0,1,0,0,0,national
2025,WA,53033,King,254900IRE136HFEI2562,,1,1,0,0.0,1,0,0,0,0,1,0,0,0,0,national
2025,WA,53033,King,254900MHHOS58M9D0445,,1,1,0,0.0,1,0,0,0,0,1,0,0,0,0,national
2025,WA,53033,King,254900N133DZGPB2X985,,1,1,0,0.0,1,0,0,0,0,1,0,0,0,0,national
2025,WA,53033,King,254900PFOL1KDTRYWV11,,1,1,0,0.0,1,0,0,0,0,1,0,0,0,0,national
2025,WA,53033,King,254900RFZH9I62FGU045,"AMERICAN MORTGAGE BANK, INC.",1,1,0,0.0,0,1,0,0,0,0,1,0,0,0,national
2025,WA,53033,King,254900RKKWUZX0NEH310,,1,1,0,0.0,1,0,0,0,0,1,0,0,0,0,national
2025,WA,53033,King,254900RQX8N4HXJIDK44,,1,1,0,0.0,1,0,0,0,0,1,0,0,0,0,national
2025,WA,53033,King,254900U2ZPLWQTSD3158,,1,1,0,0.0,1,0,0,0,0,1,0,0,0,0,national
2025,WA,53033,King,254900VE4XTOQUE8NZ77,,5,1,2,0.0,5,0,0,0,0,1,0,0,0,0,national
2025,WA,53033,King,254900WO60HTEULEHM24,,2,1,1,0.0,2,0,0,0,0,1,0,0,0,0,national
2025,WA,53033,King,254900YPPMV9UM5FUW09,,1,1,0,0.0,0,0,1,0,0,0,0,1,0,0,national
2025,WA,53033,King,254900ZELVKWROFNEC29,,1,1,0,0.0,1,0,0,0,0,1,0,0,0,0,national
2025,WA,53033,King,337KMNHEWWWR6B7Q7W10,MidFirst Bank,1,1,0,0.0,1,0,0,0,0,1,0,0,0,0,national
2025,WA,53033,King,5493000OIGWIS24A1547,,1,1,0,0.0,1,0,0,0,0,1,0,0,0,0,national
2025,WA,53033,King,54930016ZSB1QWXLRJ13,"MY MOVE MORTGAGE, LLC",1,1,0,0.0,1,0,0,0,0,1,0,0,0,0,national
2025,WA,53033,King,5493001K7B4W8IPMZ254,,1,1,0,0.0,1,0,0,0,0,1,0,0,0,0,national
2025,WA,53033,King,5493001P38O8QXGI6503,,2,1,1,0.0,2,0,0,0,0,1,0,0,0,0,national
2025,WA,53033,King,5493001SDQVS1NWYH012,,1,1,0,0.0,1,0,0,0,0,1,0,0,0,0,national
2025,WA,53033,King,54930022CQGV47Q8PM03,,6,1,2,0.0,4,2,0,0,0,1,0,0,0,0,national
2025,WA,53033,King,54930030Z1JWTP3SVD16,,5,1,1,0.0,2,3,0,0,0,1,0,0,0,0,national
2025,WA,53033,King,54930034MNPILHP25H80,Gateway First Bank,1,1,0,0.0,0,1,0,0,0,0,1,0,0,0,national
2025,WA,53033,King,54930039IUN6515TBG78,,3,1,1,0.0,3,0,0,0,0,1,0,0,0,0,national
2025,WA,53033,King,5493003X6Y6JGJKHPA25,,1,1,0,0.0,1,0,0,0,0,1,0,0,0,0,national
2025,WA,53033,King,5493004MWCDBCBTXE044,,1,1,0,0.0,1,0,0,0,0,1,0,0,0,0,national
2025,WA,53033,King,5493004UNRG4PWDF2K60,AFFINITY FEDERAL CREDIT UNION,5,1,1,0.0,5,0,0,0,0,1,0,0,0,0,national
2025,WA,53033,King,5493005F145IP6JL7314,,1,1,0,0.0,1,0,0,0,0,1,0,0,0,0,national
2025,WA,53033,King,5493006KXUHSYFT7SD10,,2,1,0,0.0,2,0,0,0,0,1,0,0,0,0,national
2025,WA,53033,King,5493006P5IHSK77SZ855,,1,1,0,0.0,1,0,0,0,0,1,0,0,0,0,national
2025,WA,53033,King,5493007BX4I89K17ZM64,,2,1,0,0.0,0,2,0,0,0,0,1,0,0,0,national
2025,WA,53033,King,5493007KLU19FK8PG279,,1,1,0,0.0,1,0,0,0,0,1,0,0,0,0,national
2025,WA,53033,King,5493007TLZJ73TKCO730,,1,1,0,0.0,1,0,0,0,0,1,0,0,0,0,national
2025,WA,53033,King,54930091JQKCU3Z6IP44,,69,1,6,0.0,69,0,0,0,0,1,0,0,0,0,national
2025,WA,53033,King,54930097J3TUZXBXXE75,,4,1,0,0.0,4,0,0,0,0,1,0,0,0,0,national
2025,WA,53033,King,5493009LZZ8VZRVIX755,,1,1,0,0.0,1,0,0,0,0,1,0,0,0,0,national
2025,WA,53033,King,549300AEULLVYD8L9B04,,1,1,0,0.0,1,0,0,0,0,1,0,0,0,0,national
2025,WA,53033,King,549300B0HNWBV7RX2661,,1,1,0,0.0,1,0,0,0,0,1,0,0,0,0,national
2025,WA,53033,King,549300C04BJ0G297NC13,,2,1,0,0.0,2,0,0,0,0,1,0,0,0,0,national
2025,WA,53033,King,549300C1ICNCM0V37Y02,"First State Bank of St. Charles, Missouri",1,1,0,0.0,1,0,0,0,0,1,0,0,0,0,national
2025,WA,53033,King,549300C4J510S9L1RF98,"Alerus Financial, National Association",1,1,0,0.0,1,0,0,0,0,1,0,0,0,0,national
2025,WA,53033,King,549300C4RD3C53QCM649,,1,1,0,0.0,1,0,0,0,0,1,0,0,0,0,national
2025,WA,53033,King,549300C8GOC4OYUV0Z32,,2,1,0,0.0,2,0,0,0,0,1,0,0,0,0,national
2025,WA,53033,King,549300D2OYT7VTDY6Z20,,1,1,0,0.0,1,0,0,0,0,1,0,0,0,0,national
2025,WA,53033,King,549300DLBRGR2O0VNZ96,,1,1,0,0.0,1,0,0,0,0,1,0,0,0,0,national
2025,WA,53033,King,549300DT7WZ1SOTNFJ62,,1,1,0,0.0,0,0,1,0,0,0,0,1,0,0,national
2025,WA,53033,King,549300E34W6TNRG7B624,,1,1,0,0.0,1,0,0,0,0,1,0,0,0,0,national
2025,WA,53033,King,549300EHWBP6UP4Y8J37,,1,1,0,0.0,1,0,0,0,0,1,0,0,0,0,national
2025,WA,53033,King,549300EWFHPBZH38K695,,1,1,0,0.0,1,0,0,0,0,1,0,0,0,0,national
2025,WA,53033,King,549300F1COXL6UBFCP55,,1,1,0,0.0,1,0,0,0,0,1,0,0,0,0,national
2025,WA,53033,King,549300F8C5JA44WNMI75,AMERICAN NEIGHBORHOOD MORTGAGE ACCEPTANCE COMPANY LLC,7,1,0,0.0,4,3,0,0,0,1,0,0,0,0,national
2025,WA,53033,King,549300GE8KIGZVQV1223,,1,1,0,0.0,1,0,0,0,0,1,0,0,0,0,national
2025,WA,53033,King,549300IJO7NO6VDZPD35,"THE MORTGAGE LINK, INC.",4,1,0,0.0,3,1,0,0,0,0,1,0,0,0,national
2025,WA,53033,King,549300KDR80I1ELW8D36,,7,1,3,0.0,7,0,0,0,0,1,0,0,0,0,national
2025,WA,53033,King,549300KOAKQX3BEWWT56,"CLM MORTGAGE, INC.",1,1,0,0.0,1,0,0,0,0,1,0,0,0,0,national
2025,WA,53033,King,549300KP95LHU8OP0H40,,1,1,0,0.0,1,0,0,0,0,1,0,0,0,0,national
2025,WA,53033,King,549300L44U62O7WHRR78,FIRST COMMUNITY,1,1,0,0.0,1,0,0,0,0,1,0,0,0,0,national
2025,WA,53033,King,549300LP0CV2MNC1GV68,,2,1,0,0.0,1,0,1,0,0,0,0,1,0,0,national
2025,WA,53033,King,549300NTH6N72ZZNX948,,1,1,0,0.0,1,0,0,0,0,1,0,0,0,0,national
2025,WA,53033,King,549300NWKILSNQAIG053,CHARTWAY FEDERAL CREDIT UNION,1,1,0,0.0,1,0,0,0,0,1,0,0,0,0,national
2025,WA,53033,King,549300O5WDIJU8S7OI05,"Stride Bank, National Association",1,1,0,0.0,1,0,0,0,0,1,0,0,0,0,national
2025,WA,53033,King,549300P1347BFCBHJV60,,2,1,0,0.0,2,0,0,0,0,1,0,0,0,0,national
2025,WA,53033,King,549300REENMLD2RN3W58,"Magnolia Bank, Incorporated",2,1,0,0.0,2,0,0,0,0,1,0,0,0,0,national
2025,WA,53033,King,549300RFSMIRUODUVW59,First Interstate Bank,1,1,0,0.0,1,0,0,0,0,1,0,0,0,0,national
2025,WA,53033,King,549300RU0T31BIA8UR19,,1,1,0,0.0,1,0,0,0,0,1,0,0,0,0,national
2025,WA,53033,King,549300RYWXR8TL5LIK35,,2,1,0,0.0,1,1,0,0,0,0,1,0,0,0,national
2025,WA,53033,King,549300S93XI20FLTGK89,,2,1,0,0.0,2,0,0,0,0,1,0,0,0,0,national
2025,WA,53033,King,549300SQRR7T3EUSDD87,,1,1,0,0.0,1,0,0,0,0,1,0,0,0,0,national
2025,WA,53033,King,549300T03X096VF60C57,American Bank & Trust,1,1,0,0.0,1,0,0,0,0,1,0,0,0,0,national
2025,WA,53033,King,549300T7AIY7RU1YDP31,,1,1,0,0.0,1,0,0,0,0,1,0,0,0,0,national
2025,WA,53033,King,549300U2B1ZNGX3H8U54,,1,1,0,0.0,1,0,0,0,0,1,0,0,0,0,national
2025,WA,53033,King,549300UXTDELQS5SLF91,DUPACO COMMUNITY,2,1,1,0.0,2,0,0,0,0,1,0,0,0,0,national
2025,WA,53033,King,549300V3N91EH05UWL23,,2,1,0,0.0,2,0,0,0,0,1,0,0,0,0,national
2025,WA,53033,King,549300VJ7C5JB4W87F48,"KEY MORTGAGE SERVICES, INC.",1,1,0,0.0,1,0,0,0,0,1,0,0,0,0,national
2025,WA,53033,King,549300VJQJVZKJBDWS17,"TOTAL MORTGAGE SERVICES, LLC",1,1,0,0.0,1,0,0,0,0,1,0,0,0,0,national
2025,WA,53033,King,549300W4FT4H1UWPGU95,GREENSTATE Credit Union,2,1,0,0.0,2,0,0,0,0,1,0,0,0,0,national
2025,WA,53033,King,549300WH9FMXOC63ZV77,,1,1,0,0.0,1,0,0,0,0,1,0,0,0,0,national
2025,WA,53033,King,549300WYC8C6REMY4E38,,1,1,0,0.0,1,0,0,0,0,1,0,0,0,0,national
2025,WA,53033,King,549300X08QKYUH256I80,,1,1,0,0.0,1,0,0,0,0,1,0,0,0,0,national
2025,WA,53033,King,549300XED7IBK9VVQH70,"PIKE CREEK MORTGAGE SERVICES, INC.",1,1,0,0.0,1,0,0,0,0,1,0,0,0,0,national
2025,WA,53033,King,549300YD7XJM19TH5O82,CITIZENS EQUITY FIRST CREDIT UNION,1,1,0,0.0,1,0,0,0,0,1,0,0,0,0,national
2025,WA,53033,King,549300YPBBHUEKV1YC68,,4,1,0,0.0,1,1,2,0,0,0,0,1,0,0,national
2025,WA,53033,King,549300YS7PW1Y7DQZG40,,1,1,0,0.0,1,0,0,0,0,1,0,0,0,0,national
2025,WA,53033,King,549300YW2UBCMDRMBT48,,3,1,0,0.0,3,0,0,0,0,1,0,0,0,0,national
2025,WA,53033,King,635400IW1QMK3FNFF894,MERIDIAN BANK,1,1,0,0.0,1,0,0,0,0,1,0,0,0,0,national
2025,WA,53033,King,9845007CY0EC0F59W414,,3,1,2,0.0,3,0,0,0,0,1,0,0,0,0,national
2025,WA,53033,King,B94HV8SXGDD3J5XESU08,,2,1,0,0.0,2,0,0,0,0,1,0,0,0,0,national
2025,WA,53033,King,COOWI3L2W9TPYR3WJX37,First Horizon Bank,3,1,0,0.0,3,0,0,0,0,1,0,0,0,0,national
2025,WA,53033,King,EQTWLK1G7ODGC2MGLV11,Regions Bank,2,1,0,0.0,2,0,0,0,0,1,0,0,0,0,national
2025,WA,53033,King,FDXQ75GPEQKRPWABYN63,,2,1,1,0.0,2,0,0,0,0,1,0,0,0,0,national
2025,WA,53033,King,PS6WLKTYGZOKK05G5O59,,1,1,0,0.0,1,0,0,0,0,1,0,0,0,0,national
2025,WA,53033,King,VNOO6EITDJ2YUEBMSZ83,"UMB Bank, National Association",1,1,0,0.0,1,0,0,0,0,1,0,0,0,0,national
2025,WA,53033,King,WKN6AF1FCL7BBYGTGI83,,3,1,1,0.0,3,0,0,0,0,1,0,0,0,0,national
2025,WA,53033,King,XC7Z0BA39TU7L1AKOJ12,First American Bank,3,1,1,0.0,3,0,0,0,0,1,0,0,0,0,national
2025,WA,53033,King,5493000YNV8IX4VD3X12,"VANDERBILT MORTGAGE AND FINANCE, INC.",20,0,10,0.0,20,0,0,0,0,0,0,0,0,0,national
2025,WA,53033,King,5493004RLLKTQS8K7U51,,7,0,5,0.0,7,0,0,0,0,0,0,0,0,0,national
2025,WA,53033,King,549300PWMS2701UFP528,,10,0,0,0.0,6,2,2,0,0,0,0,0,0,0,national
2025,WA,53035,Kitsap,549300HW662MN1WU8550,"United Wholesale Mortgage, LLC",677,523,41,7.18,307,70,299,1,0,252,50,220,1,0,national
2025,WA,53035,Kitsap,549300YEI60WAHWQ3110,KITSAP Credit Union,840,495,192,6.79,835,0,5,0,0,493,0,2,0,0,national
2025,WA,53035,Kitsap,549300FGXN1K3HLB1R50,"Rocket Mortgage, LLC",627,462,83,6.34,454,61,112,0,0,340,37,85,0,0,national
2025,WA,53035,Kitsap,5493003GQDUH26DNNH17,Navy Federal Credit Union,866,452,172,6.2,678,0,188,0,0,341,0,111,0,0,national
2025,WA,53035,Kitsap,549300KM40FP4MSQU941,Boeing Employees Credit Union,501,297,135,4.08,498,1,2,0,0,296,0,1,0,0,national
2025,WA,53035,Kitsap,54930060G4MDPWHISD89,EVERGREEN MONEYSOURCE MORTGAGE COMPANY,380,293,0,4.02,280,45,54,1,0,218,34,41,0,0,national
2025,WA,53035,Kitsap,549300VZVN841I2ILS84,"CROSSCOUNTRY MORTGAGE, LLC",377,256,12,3.51,224,43,109,1,0,155,25,75,1,0,national
2025,WA,53035,Kitsap,549300DD4R4SYK5RAQ92,"MOVEMENT MORTGAGE, LLC",316,250,15,3.43,210,52,54,0,0,160,41,49,0,0,national
2025,WA,53035,Kitsap,549300FNXYY540N23N64,Newrez LLC,312,185,18,2.54,170,30,112,0,0,98,16,71,0,0,national
2025,WA,53035,Kitsap,2549001SI0EMFPT39035,"Cornerstone First Mortgage, Inc",171,145,1,1.99,86,36,47,2,0,75,33,36,1,0,national
2025,WA,53035,Kitsap,549300DD5QQUHO6PCH70,"MORTGAGE RESEARCH CENTER, LLC",292,135,52,1.85,16,2,274,0,0,8,1,126,0,0,national
2025,WA,53035,Kitsap,549300E2UX99HKDBR481,"NEW AMERICAN FUNDING, LLC",204,132,16,1.81,123,42,39,0,0,80,23,29,0,0,national
2025,WA,53035,Kitsap,549300GKFNPRWNS0GF29,"AmeriHome Mortgage Company, LLC",169,123,8,1.69,115,18,30,6,0,81,12,25,5,0,national
2025,WA,53035,Kitsap,RVDPPPGHCGZ40J4VQ731,"PENNYMAC LOAN SERVICES, LLC",198,120,16,1.65,118,20,60,0,0,83,10,27,0,0,national
2025,WA,53035,Kitsap,549300LYRWPSYPK6S325,FREEDOM MORTGAGE CORPORATION,232,112,12,1.54,42,36,154,0,0,14,16,82,0,0,national
2025,WA,53035,Kitsap,549300AQ3T62GXDU7D76,GUILD MORTGAGE COMPANY LLC,166,109,4,1.5,102,25,39,0,0,63,16,30,0,0,national
2025,WA,53035,Kitsap,B4TYDEB6GKMZO031MB27,"Bank of America, National Association",238,108,66,1.48,238,0,0,0,0,108,0,0,0,0,national
2025,WA,53035,Kitsap,6BYL5QZYBDK8S7L73M02,U.S. Bank National Association,188,106,46,1.45,180,1,7,0,0,101,0,5,0,0,national
2025,WA,53035,Kitsap,549300MGPZBLQDIL7538,FAIRWAY INDEPENDENT MORTGAGE CORPORATION,146,101,5,1.39,86,37,23,0,0,61,26,14,0,0,national
2025,WA,53035,Kitsap,549300HGZNH5YBU04369,,127,89,26,1.22,127,0,0,0,0,89,0,0,0,0,national
2025,WA,53035,Kitsap,549300H3IZO24NSOO931,"LENNAR MORTGAGE, LLC",83,78,1,1.07,58,5,20,0,0,54,4,20,0,0,national
2025,WA,53035,Kitsap,5493007VW2EU20PZYU97,INSPIRE HOME LOANS INC.,95,77,2,1.06,54,11,30,0,0,43,9,25,0,0,national
2025,WA,53035,Kitsap,5493001SXWZ4OFP8Z903,"DHI MORTGAGE COMPANY, LTD.",94,75,3,1.03,36,14,44,0,0,28,9,38,0,0,national
2025,WA,53035,Kitsap,549300U3721PJGQZYY68,"GUARANTEED RATE, INC.",116,74,3,1.02,77,10,29,0,0,52,6,16,0,0,national
2025,WA,53035,Kitsap,549300AG64NHILB7ZP05,"LOANDEPOT.COM, LLC",126,71,26,0.97,95,10,21,0,0,51,6,14,0,0,national
2025,WA,53035,Kitsap,5493003T5D4N1CM46J77,1st Security Bank of Washington,88,66,5,0.91,75,5,8,0,0,55,4,7,0,0,national
2025,WA,53035,Kitsap,IFQSIUC9AGQV2NE8CN25,Columbia Bank,102,66,23,0.91,96,2,4,0,0,62,1,3,0,0,national
2025,WA,53035,Kitsap,549300LBCBNR1OT00651,NATIONSTAR MORTGAGE LLC,82,64,4,0.88,69,1,12,0,0,52,0,12,0,0,national
2025,WA,53035,Kitsap,213800XR2TCBQJSF1X93,,87,63,5,0.86,31,0,56,0,0,20,0,43,0,0,national
2025,WA,53035,Kitsap,5493009HUMWCHFRDKF12,SAMMAMISH MORTGAGE COMPANY,84,58,2,0.8,70,0,14,0,0,47,0,11,0,0,national
2025,WA,53035,Kitsap,549300CY7WNAHKHYSJ73,"CORNERSTONE CAPITAL BANK, SSB",63,57,0,0.78,55,2,6,0,0,50,1,6,0,0,national
2025,WA,53035,Kitsap,549300ZWNETGFXTBBY03,"CANOPY MORTGAGE, LLC",78,55,0,0.75,50,14,13,1,0,35,10,9,1,0,national
2025,WA,53035,Kitsap,549300PIL8LFAQ04XC20,Better Mortgage Corporation,156,54,75,0.74,156,0,0,0,0,54,0,0,0,0,national
2025,WA,53035,Kitsap,7H6GLXDRUGQFU57RNE97,"JPMorgan Chase Bank, National Association",97,54,7,0.74,92,2,3,0,0,51,1,2,0,0,national
2025,WA,53035,Kitsap,549300UB5TJ0YPVPT503,,67,52,0,0.71,41,6,20,0,0,34,4,14,0,0,national
2025,WA,53035,Kitsap,5493001HHBUTXHS7TZ96,HOMEAMERICAN MORTGAGE CORPORATION,62,51,3,0.7,34,2,26,0,0,28,2,21,0,0,national
2025,WA,53035,Kitsap,254900FDPG829O6VBB05,"EASTSIDE FUNDING, LLC",67,50,0,0.69,67,0,0,0,0,50,0,0,0,0,national
2025,WA,53035,Kitsap,549300KIOYNU323LVJ37,AMERICAN PACIFIC MORTGAGE CORPORATION,44,38,1,0.52,22,14,8,0,0,22,11,5,0,0,national
2025,WA,53035,Kitsap,549300MZ8VZJOVC63092,"KIND LENDING, LLC",52,35,15,0.48,38,10,4,0,0,26,6,3,0,0,national
2025,WA,53035,Kitsap,254900DTLHVWQ7NP7R34,"CMG Mortgage, Inc.",51,31,5,0.43,46,4,1,0,0,28,3,0,0,0,national
2025,WA,53035,Kitsap,54930021QRU8VXNS6152,Sound Credit Union,52,31,12,0.43,52,0,0,0,0,31,0,0,0,0,national
2025,WA,53035,Kitsap,254900UL88QFG0E40516,FIGURE LENDING LLC,61,30,18,0.41,61,0,0,0,0,30,0,0,0,0,national
2025,WA,53035,Kitsap,5493001B4U37VT2ML818,GESA CREDIT UNION,36,30,3,0.41,36,0,0,0,0,30,0,0,0,0,national
2025,WA,53035,Kitsap,549300G4ESSS6M0MEG51,ORIGINPOINT LLC,43,30,0,0.41,38,0,5,0,0,26,0,4,0,0,national
2025,WA,53035,Kitsap,549300121SF0K2LN2804,"PRIMELENDING, A PLAINSCAPITAL COMPANY",41,29,5,0.4,20,5,16,0,0,16,3,10,0,0,national
2025,WA,53035,Kitsap,549300NOCASXPA34X033,"LAKEVIEW LOAN SERVICING, LLC",87,29,41,0.4,50,16,21,0,0,17,5,7,0,0,national
2025,WA,53035,Kitsap,549300WJIJV987NXVC31,,54,27,1,0.37,34,9,10,1,0,18,4,5,0,0,national
2025,WA,53035,Kitsap,549300OPCWU6E72WUT29,"MUTUAL OF OMAHA MORTGAGE, INC.",42,26,6,0.36,15,17,10,0,0,9,11,6,0,0,national
2025,WA,53035,Kitsap,549300T94GSH3C4U5M59,ALLIANT CREDIT UNION,33,26,5,0.36,33,0,0,0,0,26,0,0,0,0,national
2025,WA,53035,Kitsap,KB1H1DSPRFMYMCUFXT09,"Wells Fargo Bank, National Association",48,26,6,0.36,44,2,2,0,0,24,1,1,0,0,national
2025,WA,53035,Kitsap,254900ZFWS2106HWPH46,"PARAMOUNT RESIDENTIAL MORTGAGE GROUP, INC.",34,25,0,0.34,20,3,11,0,0,14,2,9,0,0,national
2025,WA,53035,Kitsap,01KWVG908KE7RKPTNP46,HomeStreet Bank,34,23,5,0.32,32,0,2,0,0,21,0,2,0,0,national
2025,WA,53035,Kitsap,5493001WHVQBGRSWEU75,"HOMEBRIDGE FINANCIAL SERVICES, INC.",28,23,2,0.32,26,1,1,0,0,21,1,1,0,0,national
2025,WA,53035,Kitsap,549300S5YL3OH0IVCS62,FINANCE OF AMERICA REVERSE LLC,27,23,0,0.32,8,19,0,0,0,8,15,0,0,0,national
2025,WA,53035,Kitsap,549300YIQ7S7Z8PIHE53,AMERISAVE MORTGAGE CORPORATION,96,23,58,0.32,70,14,12,0,0,17,2,4,0,0,national
2025,WA,53035,Kitsap,WE0I402RW25AU38DTI13,Banner Bank,47,23,18,0.32,44,3,0,0,0,20,3,0,0,0,national
2025,WA,53035,Kitsap,5493000FWM3I2HHQY149,WASHINGTON STATE EMPLOYEES CREDIT UNION,47,22,22,0.3,47,0,0,0,0,22,0,0,0,0,national
2025,WA,53035,Kitsap,5493002QI2ILHHZH8D20,"KBHS HOME LOANS, LLC",32,22,0,0.3,19,0,13,0,0,15,0,7,0,0,national
2025,WA,53035,Kitsap,5493004WMLN60ZJ2ON46,"Paramount Residential Mortgage Group, Inc.",25,22,1,0.3,23,0,2,0,0,20,0,2,0,0,national
2025,WA,53035,Kitsap,54930049L5WINET09Q97,"CLICK N' CLOSE, INC.",28,21,2,0.29,7,19,2,0,0,4,17,0,0,0,national
2025,WA,53035,Kitsap,5493008NWHQT1R22C024,"AMERICAN FINANCIAL NETWORK, INC.",30,21,0,0.29,16,3,11,0,0,13,1,7,0,0,national
2025,WA,53035,Kitsap,549300HIVO8XPBPNVG69,NOVA FINANCIAL & INVESTMENT CORPORATION,25,21,0,0.29,14,8,3,0,0,12,7,2,0,0,national
2025,WA,53035,Kitsap,549300CB67L6KPJLHE19,"TRIAD FINANCIAL SERVICES, INC.",46,20,13,0.27,46,0,0,0,0,20,0,0,0,0,national
2025,WA,53035,Kitsap,54930054ET8KM4O1D485,"SOFI BANK, NATIONAL ASSOCIATION",55,19,6,0.26,50,2,3,0,0,17,0,2,0,0,national
2025,WA,53035,Kitsap,549300GTVXJ2PGXNLM73,T2 FINANCIAL LLC,19,19,0,0.26,7,5,7,0,0,7,5,7,0,0,national
2025,WA,53035,Kitsap,549300KJ8PAJ7E52HG32,Plains Commerce Bank,31,19,0,0.26,19,8,4,0,0,11,5,3,0,0,national
2025,WA,53035,Kitsap,549300XHPPLC0TBRV021,,28,19,4,0.26,24,2,2,0,0,16,1,2,0,0,national
2025,WA,53035,Kitsap,549300KHXD7JSQUZIJ22,"HIGHLANDS RESIDENTIAL MORTGAGE, LTD.",24,18,0,0.25,11,3,10,0,0,8,2,8,0,0,national
2025,WA,53035,Kitsap,254900MKY47WU65N1J56,,32,17,3,0.23,32,0,0,0,0,17,0,0,0,0,national
2025,WA,53035,Kitsap,5493001GCBD5XGNIC815,Coastal Community Bank,56,17,1,0.23,56,0,0,0,0,17,0,0,0,0,national
2025,WA,53035,Kitsap,549300VCMRO4ST680C11,VILLAGE CAPITAL & INVESTMENT LLC,36,17,1,0.23,0,6,30,0,0,0,4,13,0,0,national
2025,WA,53035,Kitsap,C5654JQHZUHN0772B561,USAA Federal Savings Bank,45,17,10,0.23,19,0,26,0,0,11,0,6,0,0,national
2025,WA,53035,Kitsap,HUX2X73FUCYHUVH1BK78,KeyBank National Association,38,17,16,0.23,36,2,0,0,0,17,0,0,0,0,national
2025,WA,53035,Kitsap,PAOOWF3GUFM46FBSP561,,27,16,1,0.22,9,4,14,0,0,4,2,10,0,0,national
2025,WA,53035,Kitsap,549300BX448ALT10FI43,The Federal Savings Bank,38,15,8,0.21,3,1,34,0,0,1,0,14,0,0,national
2025,WA,53035,Kitsap,25490066WMF8ZMQXQB18,"Lendage, LLC",18,13,3,0.18,18,0,0,0,0,13,0,0,0,0,national
2025,WA,53035,Kitsap,54930043BMDE130FJ617,"PROVIDENT FUNDING ASSOCIATES, L.P.",19,13,1,0.18,19,0,0,0,0,13,0,0,0,0,national
2025,WA,53035,Kitsap,549300PL8ER6H23P0Z91,BAY EQUITY LLC,27,13,0,0.18,19,3,5,0,0,9,2,2,0,0,national
2025,WA,53035,Kitsap,549300Q02LGIN9AXKP98,FIRST TECHNOLOGY FEDERAL CREDIT UNION,19,13,2,0.18,19,0,0,0,0,13,0,0,0,0,national
2025,WA,53035,Kitsap,549300R9S3MVDV4MGF56,"CARRINGTON MORTGAGE SERVICES, LLC",46,13,19,0.18,18,12,16,0,0,3,5,5,0,0,national
2025,WA,53035,Kitsap,549300XW2H531FLD3I90,,21,13,2,0.18,20,0,1,0,0,13,0,0,0,0,national
2025,WA,53035,Kitsap,5493008CPTDVOS570626,"Primary Residential Mortgage, Inc.",22,12,8,0.16,22,0,0,0,0,12,0,0,0,0,national
2025,WA,53035,Kitsap,549300DK7QID2ZON6Q55,Global Federal Credit Union,16,12,2,0.16,12,2,2,0,0,10,0,2,0,0,national
2025,WA,53035,Kitsap,549300GS0W0TEUQS8571,"Morgan Stanley Private Bank, National Association",17,12,0,0.16,17,0,0,0,0,12,0,0,0,0,national
2025,WA,53035,Kitsap,549300YN94MOAVYW0F52,"GoodLeap, LLC",22,12,1,0.16,13,4,5,0,0,7,3,2,0,0,national
2025,WA,53035,Kitsap,2549008GIE3QVYB2FT28,,16,11,0,0.15,16,0,0,0,0,11,0,0,0,0,national
2025,WA,53035,Kitsap,54930021WPEXNHYZUL09,"PLANET HOME LENDING, LLC",16,11,0,0.15,1,5,10,0,0,1,3,7,0,0,national
2025,WA,53035,Kitsap,549300370QILXLFUWD20,"ZILLOW HOME LOANS, LLC",16,11,2,0.15,11,0,5,0,0,9,0,2,0,0,national
2025,WA,53035,Kitsap,549300AG10BX85DF5S49,MLD MORTGAGE INC.,19,11,0,0.15,16,1,2,0,0,8,1,2,0,0,national
2025,WA,53035,Kitsap,549300FX7K8PTEQUU487,PENTAGON FEDERAL CREDIT UNION,23,11,8,0.15,18,0,5,0,0,7,0,4,0,0,national
2025,WA,53035,Kitsap,549300QKL5FUBZ8LSF50,"NATIONS DIRECT MORTGAGE, LLC",12,11,0,0.15,7,0,5,0,0,7,0,4,0,0,national
2025,WA,53035,Kitsap,54930028J11BWKUVGX50,,23,10,7,0.14,23,0,0,0,0,10,0,0,0,0,national
2025,WA,53035,Kitsap,549300J7I82PNDVU8H22,"OCMBC, INC.",13,10,1,0.14,13,0,0,0,0,10,0,0,0,0,national
2025,WA,53035,Kitsap,549300LROQOOQU77WS20,,23,10,0,0.14,23,0,0,0,0,10,0,0,0,0,national
2025,WA,53035,Kitsap,549300TEBV514KLDE180,,21,10,3,0.14,21,0,0,0,0,10,0,0,0,0,national
2025,WA,53035,Kitsap,AD6GFRVSDT01YPT1CS68,"PNC Bank, National Association",23,10,5,0.14,22,1,0,0,0,10,0,0,0,0,national
2025,WA,53035,Kitsap,5493009B17HXCVXTD608,"JMAC LENDING, INC.",9,9,0,0.12,9,0,0,0,0,9,0,0,0,0,national
2025,WA,53035,Kitsap,549300JYXTZDSPJEPI44,"PLAZA HOME MORTGAGE, INC.",12,9,2,0.12,4,6,2,0,0,3,5,1,0,0,national
2025,WA,53035,Kitsap,549300PL267CW8182203,,15,9,0,0.12,1,3,11,0,0,1,2,6,0,0,national
2025,WA,53035,Kitsap,549300RN01LBYR8ZVX74,"LOWER, LLC",22,9,5,0.12,7,3,12,0,0,3,0,6,0,0,national
2025,WA,53035,Kitsap,549300XQVJ1XBNFA5536,21ST MORTGAGE CORPORATION,49,9,18,0.12,49,0,0,0,0,9,0,0,0,0,national
2025,WA,53035,Kitsap,549300XY701IELCE5Q08,BETTER MORTGAGE CORPORATION,28,9,9,0.12,25,1,2,0,0,8,0,1,0,0,national
2025,WA,53035,Kitsap,5493001PXRJMPLXPG540,IDAHO CENTRAL CREDIT UNION,12,8,2,0.11,12,0,0,0,0,8,0,0,0,0,national
2025,WA,53035,Kitsap,549300EKFFG3BU8DNX74,NEXERA HOLDING LLC,12,8,1,0.11,12,0,0,0,0,8,0,0,0,0,national
2025,WA,53035,Kitsap,549300RFLICNI75BG067,Luminate Bank,13,8,2,0.11,8,3,2,0,0,5,1,2,0,0,national
2025,WA,53035,Kitsap,549300SK2GVCQXPD4S58,"SUN WEST MORTGAGE COMPANY, INC.",16,8,2,0.11,0,5,11,0,0,0,2,6,0,0,national
2025,WA,53035,Kitsap,549300UR5AOWTJJ7KZ64,,11,8,0,0.11,11,0,0,0,0,8,0,0,0,0,national
2025,WA,53035,Kitsap,549300ZBXINP1Y94CN02,,10,8,0,0.11,6,2,2,0,0,5,1,2,0,0,national
2025,WA,53035,Kitsap,2549004FXPNKCLIN8250,"Synergy One Lending, Inc.",12,7,1,0.1,9,2,0,1,0,6,1,0,0,0,national
2025,WA,53035,Kitsap,2549005SIVTHG14U2905,A&D Mortgage LLC,8,7,1,0.1,8,0,0,0,0,7,0,0,0,0,national
2025,WA,53035,Kitsap,5493004T38NMC864VL66,,8,7,1,0.1,8,0,0,0,0,7,0,0,0,0,national
2025,WA,53035,Kitsap,5493006VAGP3GQ8FJT49,"Kiavi Funding, Inc.",11,7,0,0.1,11,0,0,0,0,7,0,0,0,0,national
2025,WA,53035,Kitsap,549300Q3ROEQU3D1IW91,,16,7,5,0.1,16,0,0,0,0,7,0,0,0,0,national
2025,WA,53035,Kitsap,549300SUCQ1358EGVE89,"NEW DAY FINANCIAL, LLC",49,7,14,0.1,0,2,47,0,0,0,0,7,0,0,national
2025,WA,53035,Kitsap,D38AC76TAMYI50NBPX33,,12,7,0,0.1,12,0,0,0,0,7,0,0,0,0,national
2025,WA,53035,Kitsap,X05BVSK68TQ7YTOSNR22,Discover Bank,45,7,23,0.1,45,0,0,0,0,7,0,0,0,0,national
2025,WA,53035,Kitsap,254900QPRPHIXEAX3L37,,10,6,4,0.08,10,0,0,0,0,6,0,0,0,0,national
2025,WA,53035,Kitsap,54930007KK7ZS3IJVC25,RED CANOE CREDIT UNION,10,6,0,0.08,10,0,0,0,0,6,0,0,0,0,national
2025,WA,53035,Kitsap,549300BLL6VL7AXWYP56,CHURCHILL MORTGAGE CORPORATION,7,6,0,0.08,5,2,0,0,0,5,1,0,0,0,national
2025,WA,53035,Kitsap,549300GWD9H4FQ2VR805,,7,6,0,0.08,7,0,0,0,0,6,0,0,0,0,national
2025,WA,53035,Kitsap,549300MCIFZSDHUT8X63,"NFM, INC.",9,6,0,0.08,7,1,1,0,0,4,1,1,0,0,national
2025,WA,53035,Kitsap,549300NWBS6MQJX15N44,,15,6,1,0.08,15,0,0,0,0,6,0,0,0,0,national
2025,WA,53035,Kitsap,549300U8DCOOTG96YM89,,6,6,0,0.08,6,0,0,0,0,6,0,0,0,0,national
2025,WA,53035,Kitsap,549300VZDEK4QLTWSL15,,7,6,0,0.08,7,0,0,0,0,6,0,0,0,0,national
2025,WA,53035,Kitsap,254900HEJ9F73IMPX887,,14,5,0,0.07,12,0,2,0,0,4,0,1,0,0,national
2025,WA,53035,Kitsap,5493000NYUJT9UC6G261,LEADERONE FINANCIAL CORPORATION,7,5,0,0.07,5,0,2,0,0,4,0,1,0,0,national
2025,WA,53035,Kitsap,5493001GDRY0EL7VG372,"ARK-LA-TEX FINANCIAL SERVICES, LLC.",5,5,0,0.07,3,0,2,0,0,3,0,2,0,0,national
2025,WA,53035,Kitsap,549300B4IYL7TZT8FA34,"PREMIER MORTGAGE RESOURCES, L.L.C.",5,5,0,0.07,5,0,0,0,0,5,0,0,0,0,national
2025,WA,53035,Kitsap,549300INFJ8TYNZ1G568,,5,5,0,0.07,5,0,0,0,0,5,0,0,0,0,national
2025,WA,53035,Kitsap,549300PBTV7FCWLSMM53,"MORTGAGE SOLUTIONS OF COLORADO, LLC",11,5,0,0.07,0,3,8,0,0,0,2,3,0,0,national
2025,WA,53035,Kitsap,549300RPOGWJRH63HS39,UNION HOME MORTGAGE CORP.,6,5,0,0.07,3,0,3,0,0,3,0,2,0,0,national
2025,WA,53035,Kitsap,549300TF1E42EUFBSL45,,8,5,1,0.07,8,0,0,0,0,5,0,0,0,0,national
2025,WA,53035,Kitsap,549300UXY7OP0IC38293,Northpointe Bank,5,5,0,0.07,5,0,0,0,0,5,0,0,0,0,national
2025,WA,53035,Kitsap,549300Y5Y88FQLI7VE83,DEEPHAVEN MORTGAGE LLC,7,5,2,0.07,7,0,0,0,0,5,0,0,0,0,national
2025,WA,53035,Kitsap,549300YX5RPSSMR88K92,,6,5,1,0.07,6,0,0,0,0,5,0,0,0,0,national
2025,WA,53035,Kitsap,IUGPUX5LWRZ3B6KIZ697,Ameris Bank,7,5,0,0.07,1,0,6,0,0,1,0,4,0,0,national
2025,WA,53035,Kitsap,254900BMXWPEHXG4LF21,,5,4,1,0.05,5,0,0,0,0,4,0,0,0,0,national
2025,WA,53035,Kitsap,254900CTT87ZKAUTIJ37,,9,4,4,0.05,9,0,0,0,0,4,0,0,0,0,national
2025,WA,53035,Kitsap,254900TTZ395IC926125,,4,4,0,0.05,4,0,0,0,0,4,0,0,0,0,national
2025,WA,53035,Kitsap,3Y4U8VZURTYWI1W2K376,BMO Bank National Association,7,4,1,0.05,7,0,0,0,0,4,0,0,0,0,national
2025,WA,53035,Kitsap,5493000IIYWBLONJVJ30,,4,4,0,0.05,4,0,0,0,0,4,0,0,0,0,national
2025,WA,53035,Kitsap,5493002B2WMHY23GFK92,"AMERICAN FINANCIAL RESOURCES, INC.",8,4,1,0.05,2,5,1,0,0,1,2,1,0,0,national
2025,WA,53035,Kitsap,549300323EON4W3CCM44,"RESICENTRAL, LLC",8,4,0,0.05,2,5,1,0,0,2,2,0,0,0,national
2025,WA,53035,Kitsap,5493003Q3L1PO9NBVK64,WHATCOM EDUCATIONAL CREDIT UNION,5,4,0,0.05,5,0,0,0,0,4,0,0,0,0,national
2025,WA,53035,Kitsap,5493007L4GYNO2PUBS09,,11,4,4,0.05,0,9,2,0,0,0,3,1,0,0,national
2025,WA,53035,Kitsap,549300LZUXCJFE5ONM48,,5,4,0,0.05,0,5,0,0,0,0,4,0,0,0,national
2025,WA,53035,Kitsap,549300MHH03ICJYEPE85,,7,4,0,0.05,2,5,0,0,0,1,3,0,0,0,national
2025,WA,53035,Kitsap,549300P2GEYNMH5OQA71,WASHINGTON TRUST BANK,7,4,0,0.05,7,0,0,0,0,4,0,0,0,0,national
2025,WA,53035,Kitsap,549300PQLK8E48ILXV41,,8,4,0,0.05,6,2,0,0,0,4,0,0,0,0,national
2025,WA,53035,Kitsap,549300R77W0P105C3S50,HOMEXPRESS MORTGAGE CORP.,10,4,6,0.05,8,1,1,0,0,4,0,0,0,0,national
2025,WA,53035,Kitsap,549300SCFWZXMDMZPE93,"RESIDENTIAL MORTGAGE, LLC",4,4,0,0.05,2,1,1,0,0,2,1,1,0,0,national
2025,WA,53035,Kitsap,549300Z2B4FHRYOXTS09,,9,4,4,0.05,9,0,0,0,0,4,0,0,0,0,national
2025,WA,53035,Kitsap,984500U2F9A83N391A91,"CHAMPIONS FUNDING, LLC",12,4,4,0.05,12,0,0,0,0,4,0,0,0,0,national
2025,WA,53035,Kitsap,254900QNIR86GUIRYH95,,4,3,0,0.04,4,0,0,0,0,3,0,0,0,0,national
2025,WA,53035,Kitsap,254900WEP08K7U7S3A80,,3,3,0,0.04,2,1,0,0,0,2,1,0,0,0,national
2025,WA,53035,Kitsap,254900YA1AQXNM8QVZ06,,3,3,0,0.04,2,1,0,0,0,2,1,0,0,0,national
2025,WA,53035,Kitsap,2WHM8VNJH63UN14OL754,The Huntington National Bank,3,3,0,0.04,3,0,0,0,0,3,0,0,0,0,national
2025,WA,53035,Kitsap,54930001NSTOD85LT125,"GUARANTEED RATE AFFINITY, LLC",8,3,0,0.04,6,1,1,0,0,3,0,0,0,0,national
2025,WA,53035,Kitsap,5493000D6RXLNBZQYA47,COLUMBIA COMMUNITY CREDIT UNION,5,3,2,0.04,5,0,0,0,0,3,0,0,0,0,national
2025,WA,53035,Kitsap,54930025XJJO3T0M1A92,,5,3,1,0.04,5,0,0,0,0,3,0,0,0,0,national
2025,WA,53035,Kitsap,5493002GI63WHHUTUD85,"KEYSTONE FUNDING, INC.",3,3,0,0.04,3,0,0,0,0,3,0,0,0,0,national
2025,WA,53035,Kitsap,54930030Z1JWTP3SVD16,,6,3,0,0.04,2,4,0,0,0,1,2,0,0,0,national
2025,WA,53035,Kitsap,54930052M48FOD3CWA54,"PRIMARY RESIDENTIAL MORTGAGE, INC.",3,3,0,0.04,1,2,0,0,0,1,2,0,0,0,national
2025,WA,53035,Kitsap,5493007CLWQN2S6IZK91,,5,3,0,0.04,1,0,4,0,0,1,0,2,0,0,national
2025,WA,53035,Kitsap,54930083D8Q8RK84Y448,,3,3,0,0.04,3,0,0,0,0,3,0,0,0,0,national
2025,WA,53035,Kitsap,5493009QB0KBU5M6NP90,,4,3,0,0.04,4,0,0,0,0,3,0,0,0,0,national
2025,WA,53035,Kitsap,549300F6NSBOJBM9ED39,NuVision Federal Credit Union,5,3,0,0.04,5,0,0,0,0,3,0,0,0,0,national
2025,WA,53035,Kitsap,549300K4ZLGS7SRDTL86,Equity Prime Mortgage LLC,22,3,4,0.04,1,10,11,0,0,0,2,1,0,0,national
2025,WA,53035,Kitsap,549300KTR1JGH3K6LU06,FOURLEAF,9,3,2,0.04,9,0,0,0,0,3,0,0,0,0,national
2025,WA,53035,Kitsap,549300Q50XCC0473FG63,,7,3,3,0.04,7,0,0,0,0,3,0,0,0,0,national
2025,WA,53035,Kitsap,549300S8SHBRCI7UU819,,4,3,1,0.04,4,0,0,0,0,3,0,0,0,0,national
2025,WA,53035,Kitsap,549300VORTI31GZTJL53,"CARDINAL FINANCIAL COMPANY, LIMITED PARTNERSHIP",3,3,0,0.04,1,0,2,0,0,1,0,2,0,0,national
2025,WA,53035,Kitsap,549300VQUTI5IU7GXT57,SECURITYNATIONAL MORTGAGE COMPANY,4,3,0,0.04,2,1,1,0,0,1,1,1,0,0,national
2025,WA,53035,Kitsap,549300XHF3PMRO08N352,,3,3,0,0.04,3,0,0,0,0,3,0,0,0,0,national
2025,WA,53035,Kitsap,549300ZIQ24V0C88AC41,GTE Federal Credit Union,4,3,1,0.04,4,0,0,0,0,3,0,0,0,0,national
2025,WA,53035,Kitsap,549300ZPSJZO10ZAX556,"AMERICAN HERITAGE LENDING, LLC",4,3,0,0.04,4,0,0,0,0,3,0,0,0,0,national
2025,WA,53035,Kitsap,549300ZZME37MXI1EF14,"DAS ACQUISITION COMPANY, LLC",3,3,0,0.04,1,1,1,0,0,1,1,1,0,0,national
2025,WA,53035,Kitsap,593C3GZG957YOJPS2Z63,,4,3,0,0.04,4,0,0,0,0,3,0,0,0,0,national
2025,WA,53035,Kitsap,SS1TRMSN6BRNMOREEV51,"Flagstar Bank, National Association",8,3,4,0.04,6,0,1,1,0,2,0,1,0,0,national
2025,WA,53035,Kitsap,WWB2V0FCW3A0EE3ZJN75,Manufacturers and Traders Trust Company,6,3,0,0.04,0,0,6,0,0,0,0,3,0,0,national
2025,WA,53035,Kitsap,2549008TT6UNYR7AXF54,"Sunflower Bank, National Association",5,2,1,0.03,3,2,0,0,0,1,1,0,0,0,national
2025,WA,53035,Kitsap,254900HA4DQWAE0W3342,"AMERIHOME MORTGAGE COMPANY, LLC",2,2,0,0.03,1,1,0,0,0,1,1,0,0,0,national
2025,WA,53035,Kitsap,254900NZOY3XB2DNSZ34,,3,2,0,0.03,3,0,0,0,0,2,0,0,0,0,national
2025,WA,53035,Kitsap,254900O28OG3UMHXQY81,,7,2,0,0.03,5,0,2,0,0,1,0,1,0,0,national
2025,WA,53035,Kitsap,254900O2K17TNH5CL873,"RF RENOVO MANAGEMENT COMPANY, LLC",2,2,0,0.03,2,0,0,0,0,2,0,0,0,0,national
2025,WA,53035,Kitsap,254900RFZH9I62FGU045,"AMERICAN MORTGAGE BANK, INC.",2,2,0,0.03,1,0,1,0,0,1,0,1,0,0,national
2025,WA,53035,Kitsap,254900TG14TB8RKS3U42,,3,2,1,0.03,1,1,1,0,0,1,1,0,0,0,national
2025,WA,53035,Kitsap,254900WT4HAMDFWH3048,,5,2,1,0.03,0,5,0,0,0,0,2,0,0,0,national
2025,WA,53035,Kitsap,254900WTZC5SSKIN2M11,,2,2,0,0.03,2,0,0,0,0,2,0,0,0,0,national
2025,WA,53035,Kitsap,5493001VH4ZJNSI25781,Peoples Bank,4,2,0,0.03,4,0,0,0,0,2,0,0,0,0,national
2025,WA,53035,Kitsap,5493001XKL0FTNOJ0866,,4,2,0,0.03,3,0,1,0,0,2,0,0,0,0,national
2025,WA,53035,Kitsap,5493002TJKC8NLH1ZP82,,5,2,0,0.03,3,0,2,0,0,1,0,1,0,0,national
2025,WA,53035,Kitsap,5493005ICQ3QGEIWV618,UNITED MORTGAGE CORP.,3,2,0,0.03,0,1,2,0,0,0,0,2,0,0,national
2025,WA,53035,Kitsap,5493009Y8ROUG903AQ21,,2,2,0,0.03,2,0,0,0,0,2,0,0,0,0,national
2025,WA,53035,Kitsap,549300AENO88GEUWCZ39,,3,2,0,0.03,3,0,0,0,0,2,0,0,0,0,national
2025,WA,53035,Kitsap,549300COIWXM618UBE82,HomeTrust Bank,2,2,0,0.03,2,0,0,0,0,2,0,0,0,0,national
2025,WA,53035,Kitsap,549300J6N77Q8OHYNF23,,7,2,1,0.03,6,0,1,0,0,2,0,0,0,0,national
2025,WA,53035,Kitsap,549300KZVCKCUN23YY80,,2,2,0,0.03,2,0,0,0,0,2,0,0,0,0,national
2025,WA,53035,Kitsap,549300LP0CV2MNC1GV68,,3,2,0,0.03,1,0,2,0,0,1,0,1,0,0,national
2025,WA,53035,Kitsap,549300MUXFVZKH4XLG17,,3,2,0,0.03,1,0,2,0,0,1,0,1,0,0,national
2025,WA,53035,Kitsap,549300NFPC3Y4W3Y7R87,,6,2,0,0.03,5,1,0,0,0,1,1,0,0,0,national
2025,WA,53035,Kitsap,549300O6Z0I6KYMESL47,AMWEST FUNDING CORP.,4,2,0,0.03,4,0,0,0,0,2,0,0,0,0,national
2025,WA,53035,Kitsap,549300OYEKEORA1GI088,,2,2,0,0.03,0,0,2,0,0,0,0,2,0,0,national
2025,WA,53035,Kitsap,549300Q6YL1SFVPEGV90,,4,2,0,0.03,2,0,2,0,0,1,0,1,0,0,national
2025,WA,53035,Kitsap,549300RA3E0BUFO7YZ21,"Hometown Equity Mortgage, LLC",3,2,1,0.03,3,0,0,0,0,2,0,0,0,0,national
2025,WA,53035,Kitsap,549300TA4MQM8WN2XG31,,4,2,0,0.03,4,0,0,0,0,2,0,0,0,0,national
2025,WA,53035,Kitsap,549300TUSRLWD8ETNR90,SPOKANE TEACHERS,3,2,1,0.03,3,0,0,0,0,2,0,0,0,0,national
2025,WA,53035,Kitsap,549300UBGGLZLZEY0M18,Peak Credit Union,3,2,0,0.03,3,0,0,0,0,2,0,0,0,0,national
2025,WA,53035,Kitsap,549300UF3FPC7U6RFC59,The Central Trust Bank,3,2,0,0.03,3,0,0,0,0,2,0,0,0,0,national
2025,WA,53035,Kitsap,549300UG7QXKM7KGV847,,2,2,0,0.03,2,0,0,0,0,2,0,0,0,0,national
2025,WA,53035,Kitsap,549300W1HU6IVVIEJ389,"RANLIFE, INC.",2,2,0,0.03,1,1,0,0,0,1,1,0,0,0,national
2025,WA,53035,Kitsap,549300W45D2J6BT4LX65,,2,2,0,0.03,2,0,0,0,0,2,0,0,0,0,national
2025,WA,53035,Kitsap,549300WYBPIWKK6SQC06,Bell Bank,3,2,0,0.03,2,0,1,0,0,1,0,1,0,0,national
2025,WA,53035,Kitsap,549300X08QKYUH256I80,,2,2,0,0.03,2,0,0,0,0,2,0,0,0,0,national
2025,WA,53035,Kitsap,549300XCVBRR56D08F03,,15,2,1,0.03,14,1,0,0,0,2,0,0,0,0,national
2025,WA,53035,Kitsap,8WH0EE09O9V05QJZ3V89,"Zions Bancorporation, N.A.",2,2,0,0.03,2,0,0,0,0,2,0,0,0,0,national
2025,WA,53035,Kitsap,984500RF83EA742B5589,,3,2,1,0.03,3,0,0,0,0,2,0,0,0,0,national
2025,WA,53035,Kitsap,CKVBED0S4DMLKJJ5XH28,Stifel Bank and Trust,2,2,0,0.03,2,0,0,0,0,2,0,0,0,0,national
2025,WA,53035,Kitsap,E57ODZWZ7FF32TWEFA76,"Citibank, National Association",7,2,0,0.03,7,0,0,0,0,2,0,0,0,0,national
2025,WA,53035,Kitsap,1IE8VN30JCEQV1H4R804,,2,1,1,0.01,2,0,0,0,0,1,0,0,0,0,national
2025,WA,53035,Kitsap,2549002VH9C0PKB8K153,,2,1,0,0.01,2,0,0,0,0,1,0,0,0,0,national
2025,WA,53035,Kitsap,2549004XJQQPBYQSMT39,,1,1,0,0.01,1,0,0,0,0,1,0,0,0,0,national
2025,WA,53035,Kitsap,2549005Q4HZ55QX7YC64,,1,1,0,0.01,1,0,0,0,0,1,0,0,0,0,national
2025,WA,53035,Kitsap,2549007JZSAICH4GZJ60,POINT MORTGAGE CORPORATION,1,1,0,0.01,0,1,0,0,0,0,1,0,0,0,national
2025,WA,53035,Kitsap,254900DRSIZBQXDCJ875,,1,1,0,0.01,1,0,0,0,0,1,0,0,0,0,national
2025,WA,53035,Kitsap,254900HD4RROQDXNWI45,,2,1,1,0.01,2,0,0,0,0,1,0,0,0,0,national
2025,WA,53035,Kitsap,254900HIDMT4ZG09RP47,,1,1,0,0.01,0,0,1,0,0,0,0,1,0,0,national
2025,WA,53035,Kitsap,254900I68BOSEM149Q58,,1,1,0,0.01,0,0,1,0,0,0,0,1,0,0,national
2025,WA,53035,Kitsap,254900JH11ROOV921P96,,1,1,0,0.01,0,0,1,0,0,0,0,1,0,0,national
2025,WA,53035,Kitsap,254900JZN2V0PWFMW808,,3,1,0,0.01,1,0,2,0,0,0,0,1,0,0,national
2025,WA,53035,Kitsap,254900KKWIJLOTNP7667,,1,1,0,0.01,1,0,0,0,0,1,0,0,0,0,national
2025,WA,53035,Kitsap,254900N49YI2HHKDPS92,IQ Credit Union,3,1,1,0.01,3,0,0,0,0,1,0,0,0,0,national
2025,WA,53035,Kitsap,254900QRD0ZXHH08TX87,"NETWORK FUNDING, L.P.",1,1,0,0.01,1,0,0,0,0,1,0,0,0,0,national
2025,WA,53035,Kitsap,254900RQX8N4HXJIDK44,,1,1,0,0.01,1,0,0,0,0,1,0,0,0,0,national
2025,WA,53035,Kitsap,254900RUCO27MVGTO768,LOAN FUNDER LLC,3,1,0,0.01,3,0,0,0,0,1,0,0,0,0,national
2025,WA,53035,Kitsap,254900VELJPWWT51WN03,,1,1,0,0.01,1,0,0,0,0,1,0,0,0,0,national
2025,WA,53035,Kitsap,254900VHUBSJJKOMBF27,,1,1,0,0.01,1,0,0,0,0,1,0,0,0,0,national
2025,WA,53035,Kitsap,254900XK1QLA60R87H84,,1,1,0,0.01,1,0,0,0,0,1,0,0,0,0,national
2025,WA,53035,Kitsap,337KMNHEWWWR6B7Q7W10,MidFirst Bank,1,1,0,0.01,1,0,0,0,0,1,0,0,0,0,national
2025,WA,53035,Kitsap,4EP6JBYBTPTQ47LZOB67,,1,1,0,0.01,1,0,0,0,0,1,0,0,0,0,national
2025,WA,53035,Kitsap,54930002O9LLXKR6TF11,,1,1,0,0.01,1,0,0,0,0,1,0,0,0,0,national
2025,WA,53035,Kitsap,5493000349C5XXDRQX28,,7,1,1,0.01,6,1,0,0,0,1,0,0,0,0,national
2025,WA,53035,Kitsap,5493000H6DFDDJRORG89,,4,1,0,0.01,3,0,1,0,0,1,0,0,0,0,national
2025,WA,53035,Kitsap,5493000OOREHUZON5E13,,1,1,0,0.01,1,0,0,0,0,1,0,0,0,0,national
2025,WA,53035,Kitsap,5493000XC2Y1SLXRQP11,,1,1,0,0.01,0,1,0,0,0,0,1,0,0,0,national
2025,WA,53035,Kitsap,5493001GAASLCSP1PB64,,1,1,0,0.01,1,0,0,0,0,1,0,0,0,0,national
2025,WA,53035,Kitsap,5493001YIUWLFRXQUO81,,3,1,0,0.01,0,0,3,0,0,0,0,1,0,0,national
2025,WA,53035,Kitsap,54930022CQGV47Q8PM03,,1,1,0,0.01,0,0,1,0,0,0,0,1,0,0,national
2025,WA,53035,Kitsap,54930048P8RWCQHQM310,,1,1,0,0.01,1,0,0,0,0,1,0,0,0,0,national
2025,WA,53035,Kitsap,5493004AS1SPBQOFDR49,"Change Lending, LLC",3,1,1,0.01,3,0,0,0,0,1,0,0,0,0,national
2025,WA,53035,Kitsap,5493005PKOSG7MYX0B34,"Prosperity Home Mortgage, LLC",1,1,0,0.01,1,0,0,0,0,1,0,0,0,0,national
2025,WA,53035,Kitsap,5493006P5IHSK77SZ855,,1,1,0,0.01,1,0,0,0,0,1,0,0,0,0,national
2025,WA,53035,Kitsap,549300748YYU6VG08N83,"Loan Simple, Inc.",1,1,0,0.01,0,1,0,0,0,0,1,0,0,0,national
2025,WA,53035,Kitsap,54930078TNN7GKZ7NU89,,1,1,0,0.01,0,0,1,0,0,0,0,1,0,0,national
2025,WA,53035,Kitsap,5493008JECR4UE0WVR04,"MORTGAGE EXPRESS, LLC",3,1,0,0.01,3,0,0,0,0,1,0,0,0,0,national
2025,WA,53035,Kitsap,5493008P6YO2KM3EO556,The Dart Bank,2,1,1,0.01,1,0,1,0,0,1,0,0,0,0,national
2025,WA,53035,Kitsap,54930091JQKCU3Z6IP44,,11,1,0,0.01,11,0,0,0,0,1,0,0,0,0,national
2025,WA,53035,Kitsap,549300A68YW07V5R5G22,,2,1,0,0.01,2,0,0,0,0,1,0,0,0,0,national
2025,WA,53035,Kitsap,549300BOXNV8VLRBDT24,,2,1,0,0.01,2,0,0,0,0,1,0,0,0,0,national
2025,WA,53035,Kitsap,549300C04BJ0G297NC13,,1,1,0,0.01,1,0,0,0,0,1,0,0,0,0,national
2025,WA,53035,Kitsap,549300C8GOC4OYUV0Z32,,1,1,0,0.01,1,0,0,0,0,1,0,0,0,0,national
2025,WA,53035,Kitsap,549300CK7U1WMTIG6687,,1,1,0,0.01,0,1,0,0,0,0,1,0,0,0,national
2025,WA,53035,Kitsap,549300CM7HYHZ1MEJ624,,1,1,0,0.01,1,0,0,0,0,1,0,0,0,0,national
2025,WA,53035,Kitsap,549300CP7747DCRW6U68,,1,1,0,0.01,1,0,0,0,0,1,0,0,0,0,national
2025,WA,53035,Kitsap,549300DCGBXW5FJMV921,,1,1,0,0.01,1,0,0,0,0,1,0,0,0,0,national
2025,WA,53035,Kitsap,549300DMHEHNYZ2OLB41,First United Bank and Trust Company,1,1,0,0.01,0,0,1,0,0,0,0,1,0,0,national
2025,WA,53035,Kitsap,549300ELLMUEKP1JHB70,,1,1,0,0.01,1,0,0,0,0,1,0,0,0,0,national
2025,WA,53035,Kitsap,549300ESRQ6OLBB56N04,Glacier Bank,1,1,0,0.01,1,0,0,0,0,1,0,0,0,0,national
2025,WA,53035,Kitsap,549300F8C5JA44WNMI75,AMERICAN NEIGHBORHOOD MORTGAGE ACCEPTANCE COMPANY LLC,4,1,0,0.01,1,3,0,0,0,0,1,0,0,0,national
2025,WA,53035,Kitsap,549300FWQNRPTKXB8G79,,2,1,0,0.01,2,0,0,0,0,1,0,0,0,0,national
2025,WA,53035,Kitsap,549300GGB04TG4AH1377,,2,1,1,0.01,2,0,0,0,0,1,0,0,0,0,national
2025,WA,53035,Kitsap,549300GQDT484LGI9C04,,15,1,4,0.01,8,3,4,0,0,1,0,0,0,0,national
2025,WA,53035,Kitsap,549300GRGZDEH4ZGQS06,WATERSTONE MORTGAGE CORPORATION,1,1,0,0.01,1,0,0,0,0,1,0,0,0,0,national
2025,WA,53035,Kitsap,549300GS6ONO04ORI292,,1,1,0,0.01,1,0,0,0,0,1,0,0,0,0,national
2025,WA,53035,Kitsap,549300HCNXMTNGIMAR91,,1,1,0,0.01,1,0,0,0,0,1,0,0,0,0,national
2025,WA,53035,Kitsap,549300HRLROF7PLJ6735,CLEAREDGE LENDING LLC,3,1,2,0.01,3,0,0,0,0,1,0,0,0,0,national
2025,WA,53035,Kitsap,549300I0ICF6REKHOC74,"DIRECT MORTGAGE LOANS, LLC",1,1,0,0.01,1,0,0,0,0,1,0,0,0,0,national
2025,WA,53035,Kitsap,549300IBT3SCF2K09D58,,1,1,0,0.01,1,0,0,0,0,1,0,0,0,0,national
2025,WA,53035,Kitsap,549300IFOE4SCP384147,University Bank,1,1,0,0.01,1,0,0,0,0,1,0,0,0,0,national
2025,WA,53035,Kitsap,549300JD1162QW84ZO34,,1,1,0,0.01,1,0,0,0,0,1,0,0,0,0,national
2025,WA,53035,Kitsap,549300JOD3S8ZGZLHP53,,1,1,0,0.01,1,0,0,0,0,1,0,0,0,0,national
2025,WA,53035,Kitsap,549300KDR80I1ELW8D36,,2,1,1,0.01,2,0,0,0,0,1,0,0,0,0,national
2025,WA,53035,Kitsap,549300KP95LHU8OP0H40,,1,1,0,0.01,1,0,0,0,0,1,0,0,0,0,national
2025,WA,53035,Kitsap,549300KPHGEE40YQXO21,,1,1,0,0.01,1,0,0,0,0,1,0,0,0,0,national
2025,WA,53035,Kitsap,549300KQHWNSVCE2MY88,,1,1,0,0.01,1,0,0,0,0,1,0,0,0,0,national
2025,WA,53035,Kitsap,549300KX6E1IE2LM5E30,,2,1,0,0.01,2,0,0,0,0,1,0,0,0,0,national
2025,WA,53035,Kitsap,549300LGE7I6F2K89769,,1,1,0,0.01,1,0,0,0,0,1,0,0,0,0,national
2025,WA,53035,Kitsap,549300LLESTPOVRG3X73,,4,1,0,0.01,4,0,0,0,0,1,0,0,0,0,national
2025,WA,53035,Kitsap,549300LLKEKXL2RM1F61,CONTOUR MORTGAGE CORPORATION,1,1,0,0.01,0,0,1,0,0,0,0,1,0,0,national
2025,WA,53035,Kitsap,549300LXKO1O7CSK5J52,"FLAT BRANCH MORTGAGE, INC.",1,1,0,0.01,0,0,1,0,0,0,0,1,0,0,national
2025,WA,53035,Kitsap,549300N3JBQ15RQ7AV97,,1,1,0,0.01,1,0,0,0,0,1,0,0,0,0,national
2025,WA,53035,Kitsap,549300NN0PRX3I4QGG46,,1,1,0,0.01,0,0,1,0,0,0,0,1,0,0,national
2025,WA,53035,Kitsap,549300O5WDIJU8S7OI05,"Stride Bank, National Association",1,1,0,0.01,0,0,1,0,0,0,0,1,0,0,national
2025,WA,53035,Kitsap,549300PC4MFWQBNVKG88,"V.I.P. MORTGAGE, INC.",1,1,0,0.01,1,0,0,0,0,1,0,0,0,0,national
2025,WA,53035,Kitsap,549300PXIFIEPL7D7R86,,1,1,0,0.01,0,0,1,0,0,0,0,1,0,0,national
2025,WA,53035,Kitsap,549300QIUZLVR1OLDH55,Genisys Credit Union,2,1,0,0.01,2,0,0,0,0,1,0,0,0,0,national
2025,WA,53035,Kitsap,549300R0SXC1JU7ZU290,"FIRST COMMUNITY MORTGAGE, INC.",1,1,0,0.01,1,0,0,0,0,1,0,0,0,0,national
2025,WA,53035,Kitsap,549300R4F5COFJE0DN81,,1,1,0,0.01,1,0,0,0,0,1,0,0,0,0,national
2025,WA,53035,Kitsap,549300R7HGHP2I754087,TOWNE MORTGAGE COMPANY,1,1,0,0.01,1,0,0,0,0,1,0,0,0,0,national
2025,WA,53035,Kitsap,549300R8VPSFM828B312,TEACHERS FEDERAL CREDIT UNION,1,1,0,0.01,1,0,0,0,0,1,0,0,0,0,national
2025,WA,53035,Kitsap,549300RM1IZYGQDSNL85,,1,1,0,0.01,1,0,0,0,0,1,0,0,0,0,national
2025,WA,53035,Kitsap,549300RU0T31BIA8UR19,,1,1,0,0.01,1,0,0,0,0,1,0,0,0,0,national
2025,WA,53035,Kitsap,549300RYWXR8TL5LIK35,,3,1,1,0.01,1,1,1,0,0,0,1,0,0,0,national
2025,WA,53035,Kitsap,549300S5FVOSK5DQJN30,INTERCAP LENDING INC.,1,1,0,0.01,1,0,0,0,0,1,0,0,0,0,national
2025,WA,53035,Kitsap,549300T5QSL6MC8M4D04,"NORWICH COMMERCIAL GROUP, INC.",1,1,0,0.01,0,0,1,0,0,0,0,1,0,0,national
2025,WA,53035,Kitsap,549300T61O0X0RJMQ375,,1,1,0,0.01,0,0,1,0,0,0,0,1,0,0,national
2025,WA,53035,Kitsap,549300TDBTRK89DZRC13,Fibre Federal Credit Union,1,1,0,0.01,1,0,0,0,0,1,0,0,0,0,national
2025,WA,53035,Kitsap,549300TMY3OACQC9U777,,1,1,0,0.01,1,0,0,0,0,1,0,0,0,0,national
2025,WA,53035,Kitsap,549300UT4EN6IH579Q63,"RIGHT START MORTGAGE, INC.",1,1,0,0.01,1,0,0,0,0,1,0,0,0,0,national
2025,WA,53035,Kitsap,549300UTE20103B0T339,,1,1,0,0.01,1,0,0,0,0,1,0,0,0,0,national
2025,WA,53035,Kitsap,549300VJ7C5JB4W87F48,"KEY MORTGAGE SERVICES, INC.",1,1,0,0.01,1,0,0,0,0,1,0,0,0,0,national
2025,WA,53035,Kitsap,549300XBOKNEE2CQJL92,,1,1,0,0.01,0,0,1,0,0,0,0,1,0,0,national
2025,WA,53035,Kitsap,549300XWUSRVVOHPRY47,Academy Mortgage Corporation,5,1,0,0.01,5,0,0,0,0,1,0,0,0,0,national
2025,WA,53035,Kitsap,549300YPBBHUEKV1YC68,,1,1,0,0.01,0,0,1,0,0,0,0,1,0,0,national
2025,WA,53035,Kitsap,549300ZCR1XCLNEEI724,,1,1,0,0.01,1,0,0,0,0,1,0,0,0,0,national
2025,WA,53035,Kitsap,549300ZGCIDP1G72QO72,,1,1,0,0.01,1,0,0,0,0,1,0,0,0,0,national
2025,WA,53035,Kitsap,70WY0ID1N53Q4254VH70,,1,1,0,0.01,1,0,0,0,0,1,0,0,0,0,national
2025,WA,53035,Kitsap,9845005BP6974AE5D838,,2,1,1,0.01,2,0,0,0,0,1,0,0,0,0,national
2025,WA,53035,Kitsap,9845006DE3H5E9VA4012,,1,1,0,0.01,1,0,0,0,0,1,0,0,0,0,national
2025,WA,53035,Kitsap,C398JSK21YCXWM603F55,"Barrington Bank & Trust Company, National Association",3,1,0,0.01,2,0,1,0,0,0,0,1,0,0,national
2025,WA,53035,Kitsap,COOWI3L2W9TPYR3WJX37,First Horizon Bank,1,1,0,0.01,1,0,0,0,0,1,0,0,0,0,national
2025,WA,53035,Kitsap,DRMSV1Q0EKMEXLAU1P80,"Citizens Bank, National Association",3,1,0,0.01,3,0,0,0,0,1,0,0,0,0,national
2025,WA,53035,Kitsap,Q708HHR4LD2B7XIZNO92,First Federal Bank,4,1,1,0.01,3,0,1,0,0,1,0,0,0,0,national
2025,WA,53035,Kitsap,QFROUN1UWUYU0DVIWD51,"Eagle Home Mortgage, LLC",2,1,0,0.01,2,0,0,0,0,1,0,0,0,0,national
2025,WA,53035,Kitsap,VNOO6EITDJ2YUEBMSZ83,"UMB Bank, National Association",1,1,0,0.01,1,0,0,0,0,1,0,0,0,0,national
2025,WA,53035,Kitsap,5493000WAJ1FMTFL5D75,,5,0,4,0.0,0,0,5,0,0,0,0,0,0,0,national
2025,WA,53035,Kitsap,549300ALNLUNS3Y53T24,AMERICAN FINANCING CORPORATION,24,0,13,0.0,15,5,4,0,0,0,0,0,0,0,national
2025,WA,53037,Kittitas,549300AQ3T62GXDU7D76,GUILD MORTGAGE COMPANY LLC,107,74,5,5.4,88,18,1,0,0,62,11,1,0,0,national
2025,WA,53037,Kittitas,5493001SXWZ4OFP8Z903,"DHI MORTGAGE COMPANY, LTD.",98,71,11,5.18,56,34,8,0,0,39,26,6,0,0,national
2025,WA,53037,Kittitas,549300HW662MN1WU8550,"United Wholesale Mortgage, LLC",82,65,7,4.74,65,7,10,0,0,54,4,7,0,0,national
2025,WA,53037,Kittitas,549300KM40FP4MSQU941,Boeing Employees Credit Union,127,65,38,4.74,127,0,0,0,0,65,0,0,0,0,national
2025,WA,53037,Kittitas,549300FGXN1K3HLB1R50,"Rocket Mortgage, LLC",91,59,20,4.3,87,4,0,0,0,57,2,0,0,0,national
2025,WA,53037,Kittitas,6BYL5QZYBDK8S7L73M02,U.S. Bank National Association,96,52,24,3.79,96,0,0,0,0,52,0,0,0,0,national
2025,WA,53037,Kittitas,549300CY7WNAHKHYSJ73,"CORNERSTONE CAPITAL BANK, SSB",55,51,0,3.72,50,4,1,0,0,46,4,1,0,0,national
2025,WA,53037,Kittitas,549300AG64NHILB7ZP05,"LOANDEPOT.COM, LLC",76,47,8,3.43,62,9,5,0,0,36,6,5,0,0,national
2025,WA,53037,Kittitas,549300DD4R4SYK5RAQ92,"MOVEMENT MORTGAGE, LLC",57,46,1,3.36,48,7,2,0,0,41,3,2,0,0,national
2025,WA,53037,Kittitas,549300GKFNPRWNS0GF29,"AmeriHome Mortgage Company, LLC",57,45,2,3.28,48,5,3,1,0,37,4,3,1,0,national
2025,WA,53037,Kittitas,IFQSIUC9AGQV2NE8CN25,Columbia Bank,88,44,25,3.21,86,2,0,0,0,43,1,0,0,0,national
2025,WA,53037,Kittitas,5493000FWM3I2HHQY149,WASHINGTON STATE EMPLOYEES CREDIT UNION,74,39,32,2.84,72,2,0,0,0,38,1,0,0,0,national
2025,WA,53037,Kittitas,5493003T5D4N1CM46J77,1st Security Bank of Washington,44,39,1,2.84,42,2,0,0,0,37,2,0,0,0,national
2025,WA,53037,Kittitas,549300VZVN841I2ILS84,"CROSSCOUNTRY MORTGAGE, LLC",52,38,1,2.77,43,9,0,0,0,31,7,0,0,0,national
2025,WA,53037,Kittitas,54930060G4MDPWHISD89,EVERGREEN MONEYSOURCE MORTGAGE COMPANY,48,34,1,2.48,43,5,0,0,0,30,4,0,0,0,national
2025,WA,53037,Kittitas,5493005JXQCVNMUHBR38,,35,29,2,2.12,35,0,0,0,0,29,0,0,0,0,national
2025,WA,53037,Kittitas,549300MGPZBLQDIL7538,FAIRWAY INDEPENDENT MORTGAGE CORPORATION,32,23,4,1.68,29,2,1,0,0,21,1,1,0,0,national
2025,WA,53037,Kittitas,549300DU4JZVSGF3G964,,27,22,1,1.6,27,0,0,0,0,22,0,0,0,0,national
2025,WA,53037,Kittitas,549300ZWNETGFXTBBY03,"CANOPY MORTGAGE, LLC",18,16,0,1.17,10,5,3,0,0,9,5,2,0,0,national
2025,WA,53037,Kittitas,KB1H1DSPRFMYMCUFXT09,"Wells Fargo Bank, National Association",24,16,2,1.17,23,0,1,0,0,15,0,1,0,0,national
2025,WA,53037,Kittitas,2549004FXPNKCLIN8250,"Synergy One Lending, Inc.",20,15,0,1.09,15,4,1,0,0,11,3,1,0,0,national
2025,WA,53037,Kittitas,5493009HUMWCHFRDKF12,SAMMAMISH MORTGAGE COMPANY,17,15,1,1.09,17,0,0,0,0,15,0,0,0,0,national
2025,WA,53037,Kittitas,RVDPPPGHCGZ40J4VQ731,"PENNYMAC LOAN SERVICES, LLC",35,15,7,1.09,28,6,1,0,0,13,2,0,0,0,national
2025,WA,53037,Kittitas,WE0I402RW25AU38DTI13,Banner Bank,26,14,7,1.02,26,0,0,0,0,14,0,0,0,0,national
2025,WA,53037,Kittitas,254900LX8DA8FRHUUD51,Potlatch No. 1 Financial Credit Union,16,13,0,0.95,16,0,0,0,0,13,0,0,0,0,national
2025,WA,53037,Kittitas,5493001B4U37VT2ML818,GESA CREDIT UNION,20,13,3,0.95,20,0,0,0,0,13,0,0,0,0,national
2025,WA,53037,Kittitas,B4TYDEB6GKMZO031MB27,"Bank of America, National Association",34,13,12,0.95,34,0,0,0,0,13,0,0,0,0,national
2025,WA,53037,Kittitas,549300FNXYY540N23N64,Newrez LLC,36,12,4,0.88,29,3,4,0,0,8,3,1,0,0,national
2025,WA,53037,Kittitas,549300KIOYNU323LVJ37,AMERICAN PACIFIC MORTGAGE CORPORATION,19,11,1,0.8,17,2,0,0,0,11,0,0,0,0,national
2025,WA,53037,Kittitas,549300PIL8LFAQ04XC20,Better Mortgage Corporation,31,11,16,0.8,31,0,0,0,0,11,0,0,0,0,national
2025,WA,53037,Kittitas,549300DD5QQUHO6PCH70,"MORTGAGE RESEARCH CENTER, LLC",14,10,1,0.73,0,0,14,0,0,0,0,10,0,0,national
2025,WA,53037,Kittitas,549300E2UX99HKDBR481,"NEW AMERICAN FUNDING, LLC",21,10,1,0.73,14,7,0,0,0,8,2,0,0,0,national
2025,WA,53037,Kittitas,549300G4ESSS6M0MEG51,ORIGINPOINT LLC,13,9,0,0.66,10,1,2,0,0,7,1,1,0,0,national
2025,WA,53037,Kittitas,549300OPCWU6E72WUT29,"MUTUAL OF OMAHA MORTGAGE, INC.",11,9,1,0.66,1,7,3,0,0,1,6,2,0,0,national
2025,WA,53037,Kittitas,5493003GQDUH26DNNH17,Navy Federal Credit Union,21,8,5,0.58,14,0,7,0,0,6,0,2,0,0,national
2025,WA,53037,Kittitas,549300LBCBNR1OT00651,NATIONSTAR MORTGAGE LLC,13,8,3,0.58,10,1,2,0,0,6,1,1,0,0,national
2025,WA,53037,Kittitas,549300LYRWPSYPK6S325,FREEDOM MORTGAGE CORPORATION,17,8,1,0.58,6,6,5,0,0,2,3,3,0,0,national
2025,WA,53037,Kittitas,7H6GLXDRUGQFU57RNE97,"JPMorgan Chase Bank, National Association",14,8,1,0.58,14,0,0,0,0,8,0,0,0,0,national
2025,WA,53037,Kittitas,549300GS0W0TEUQS8571,"Morgan Stanley Private Bank, National Association",7,7,0,0.51,7,0,0,0,0,7,0,0,0,0,national
2025,WA,53037,Kittitas,549300INFJ8TYNZ1G568,,7,7,0,0.51,7,0,0,0,0,7,0,0,0,0,national
2025,WA,53037,Kittitas,549300MZ8VZJOVC63092,"KIND LENDING, LLC",10,7,2,0.51,9,1,0,0,0,6,1,0,0,0,national
2025,WA,53037,Kittitas,549300TUSRLWD8ETNR90,SPOKANE TEACHERS,10,7,1,0.51,10,0,0,0,0,7,0,0,0,0,national
2025,WA,53037,Kittitas,01KWVG908KE7RKPTNP46,HomeStreet Bank,7,6,0,0.44,7,0,0,0,0,6,0,0,0,0,national
2025,WA,53037,Kittitas,2549001SI0EMFPT39035,"Cornerstone First Mortgage, Inc",8,6,0,0.44,7,1,0,0,0,5,1,0,0,0,national
2025,WA,53037,Kittitas,254900UL88QFG0E40516,FIGURE LENDING LLC,14,6,5,0.44,14,0,0,0,0,6,0,0,0,0,national
2025,WA,53037,Kittitas,3Y4U8VZURTYWI1W2K376,BMO Bank National Association,13,6,4,0.44,13,0,0,0,0,6,0,0,0,0,national
2025,WA,53037,Kittitas,549300IJO7NO6VDZPD35,"THE MORTGAGE LINK, INC.",8,6,0,0.44,8,0,0,0,0,6,0,0,0,0,national
2025,WA,53037,Kittitas,549300MCIFZSDHUT8X63,"NFM, INC.",8,6,1,0.44,6,2,0,0,0,5,1,0,0,0,national
2025,WA,53037,Kittitas,549300T94GSH3C4U5M59,ALLIANT CREDIT UNION,9,6,2,0.44,9,0,0,0,0,6,0,0,0,0,national
2025,WA,53037,Kittitas,54930054ET8KM4O1D485,"SOFI BANK, NATIONAL ASSOCIATION",13,5,2,0.36,12,1,0,0,0,5,0,0,0,0,national
2025,WA,53037,Kittitas,549300ESRQ6OLBB56N04,Glacier Bank,9,5,3,0.36,8,1,0,0,0,4,1,0,0,0,national
2025,WA,53037,Kittitas,549300GGB04TG4AH1377,,12,5,5,0.36,12,0,0,0,0,5,0,0,0,0,national
2025,WA,53037,Kittitas,549300U3721PJGQZYY68,"GUARANTEED RATE, INC.",8,5,2,0.36,7,1,0,0,0,5,0,0,0,0,national
2025,WA,53037,Kittitas,254900DTLHVWQ7NP7R34,"CMG Mortgage, Inc.",8,4,1,0.29,7,1,0,0,0,4,0,0,0,0,national
2025,WA,53037,Kittitas,254900MKY47WU65N1J56,,4,4,0,0.29,4,0,0,0,0,4,0,0,0,0,national
2025,WA,53037,Kittitas,5493001PXRJMPLXPG540,IDAHO CENTRAL CREDIT UNION,7,4,1,0.29,7,0,0,0,0,4,0,0,0,0,national
2025,WA,53037,Kittitas,5493001WHVQBGRSWEU75,"HOMEBRIDGE FINANCIAL SERVICES, INC.",4,4,0,0.29,4,0,0,0,0,4,0,0,0,0,national
2025,WA,53037,Kittitas,54930021QRU8VXNS6152,Sound Credit Union,7,4,1,0.29,7,0,0,0,0,4,0,0,0,0,national
2025,WA,53037,Kittitas,5493008CPTDVOS570626,"Primary Residential Mortgage, Inc.",6,4,2,0.29,6,0,0,0,0,4,0,0,0,0,national
2025,WA,53037,Kittitas,549300AG10BX85DF5S49,MLD MORTGAGE INC.,5,4,0,0.29,2,0,3,0,0,1,0,3,0,0,national
2025,WA,53037,Kittitas,549300DK7QID2ZON6Q55,Global Federal Credit Union,7,4,2,0.29,7,0,0,0,0,4,0,0,0,0,national
2025,WA,53037,Kittitas,549300GWD9H4FQ2VR805,,4,4,0,0.29,4,0,0,0,0,4,0,0,0,0,national
2025,WA,53037,Kittitas,549300KHXD7JSQUZIJ22,"HIGHLANDS RESIDENTIAL MORTGAGE, LTD.",4,4,0,0.29,4,0,0,0,0,4,0,0,0,0,national
2025,WA,53037,Kittitas,549300N52O6FKUCU5G62,NUMERICA CREDIT UNION,5,4,1,0.29,5,0,0,0,0,4,0,0,0,0,national
2025,WA,53037,Kittitas,549300P2GEYNMH5OQA71,WASHINGTON TRUST BANK,4,4,0,0.29,4,0,0,0,0,4,0,0,0,0,national
2025,WA,53037,Kittitas,549300Q02LGIN9AXKP98,FIRST TECHNOLOGY FEDERAL CREDIT UNION,8,4,3,0.29,8,0,0,0,0,4,0,0,0,0,national
2025,WA,53037,Kittitas,549300323EON4W3CCM44,"RESICENTRAL, LLC",3,3,0,0.22,2,1,0,0,0,2,1,0,0,0,national
2025,WA,53037,Kittitas,549300KTR1JGH3K6LU06,FOURLEAF,3,3,0,0.22,3,0,0,0,0,3,0,0,0,0,national
2025,WA,53037,Kittitas,549300S5YL3OH0IVCS62,FINANCE OF AMERICA REVERSE LLC,5,3,1,0.22,0,5,0,0,0,0,3,0,0,0,national
2025,WA,53037,Kittitas,549300SCFWZXMDMZPE93,"RESIDENTIAL MORTGAGE, LLC",4,3,0,0.22,3,0,1,0,0,3,0,0,0,0,national
2025,WA,53037,Kittitas,549300TF1E42EUFBSL45,,3,3,0,0.22,3,0,0,0,0,3,0,0,0,0,national
2025,WA,53037,Kittitas,549300UXY7OP0IC38293,Northpointe Bank,4,3,0,0.22,4,0,0,0,0,3,0,0,0,0,national
2025,WA,53037,Kittitas,549300WJIJV987NXVC31,,3,3,0,0.22,3,0,0,0,0,3,0,0,0,0,national
2025,WA,53037,Kittitas,549300ZIQ24V0C88AC41,GTE Federal Credit Union,3,3,0,0.22,3,0,0,0,0,3,0,0,0,0,national
2025,WA,53037,Kittitas,254900O2K17TNH5CL873,"RF RENOVO MANAGEMENT COMPANY, LLC",2,2,0,0.15,2,0,0,0,0,2,0,0,0,0,national
2025,WA,53037,Kittitas,254900QPRPHIXEAX3L37,,3,2,1,0.15,3,0,0,0,0,2,0,0,0,0,national
2025,WA,53037,Kittitas,254900TG14TB8RKS3U42,,5,2,0,0.15,4,1,0,0,0,2,0,0,0,0,national
2025,WA,53037,Kittitas,5493000D6RXLNBZQYA47,COLUMBIA COMMUNITY CREDIT UNION,2,2,0,0.15,2,0,0,0,0,2,0,0,0,0,national
2025,WA,53037,Kittitas,549300121SF0K2LN2804,"PRIMELENDING, A PLAINSCAPITAL COMPANY",4,2,0,0.15,4,0,0,0,0,2,0,0,0,0,national
2025,WA,53037,Kittitas,5493002B2WMHY23GFK92,"AMERICAN FINANCIAL RESOURCES, INC.",4,2,0,0.15,1,3,0,0,0,0,2,0,0,0,national
2025,WA,53037,Kittitas,54930043BMDE130FJ617,"PROVIDENT FUNDING ASSOCIATES, L.P.",5,2,0,0.15,5,0,0,0,0,2,0,0,0,0,national
2025,WA,53037,Kittitas,54930052M48FOD3CWA54,"PRIMARY RESIDENTIAL MORTGAGE, INC.",2,2,0,0.15,2,0,0,0,0,2,0,0,0,0,national
2025,WA,53037,Kittitas,549300715JT4HMT74E48,,2,2,0,0.15,2,0,0,0,0,2,0,0,0,0,national
2025,WA,53037,Kittitas,549300HIVO8XPBPNVG69,NOVA FINANCIAL & INVESTMENT CORPORATION,2,2,0,0.15,2,0,0,0,0,2,0,0,0,0,national
2025,WA,53037,Kittitas,549300J7I82PNDVU8H22,"OCMBC, INC.",3,2,0,0.15,3,0,0,0,0,2,0,0,0,0,national
2025,WA,53037,Kittitas,549300KPHGEE40YQXO21,,3,2,0,0.15,3,0,0,0,0,2,0,0,0,0,national
2025,WA,53037,Kittitas,549300Q3ROEQU3D1IW91,,8,2,3,0.15,8,0,0,0,0,2,0,0,0,0,national
2025,WA,53037,Kittitas,549300RN01LBYR8ZVX74,"LOWER, LLC",3,2,0,0.15,1,2,0,0,0,1,1,0,0,0,national
2025,WA,53037,Kittitas,549300UR5AOWTJJ7KZ64,,5,2,0,0.15,5,0,0,0,0,2,0,0,0,0,national
2025,WA,53037,Kittitas,549300XHPPLC0TBRV021,,2,2,0,0.15,1,1,0,0,0,1,1,0,0,0,national
2025,WA,53037,Kittitas,549300XY701IELCE5Q08,BETTER MORTGAGE CORPORATION,7,2,2,0.15,7,0,0,0,0,2,0,0,0,0,national
2025,WA,53037,Kittitas,549300YIQ7S7Z8PIHE53,AMERISAVE MORTGAGE CORPORATION,14,2,8,0.15,10,3,1,0,0,2,0,0,0,0,national
2025,WA,53037,Kittitas,AD6GFRVSDT01YPT1CS68,"PNC Bank, National Association",3,2,1,0.15,3,0,0,0,0,2,0,0,0,0,national
2025,WA,53037,Kittitas,C5654JQHZUHN0772B561,USAA Federal Savings Bank,2,2,0,0.15,1,0,1,0,0,1,0,1,0,0,national
2025,WA,53037,Kittitas,D38AC76TAMYI50NBPX33,,5,2,2,0.15,5,0,0,0,0,2,0,0,0,0,national
2025,WA,53037,Kittitas,E57ODZWZ7FF32TWEFA76,"Citibank, National Association",3,2,0,0.15,3,0,0,0,0,2,0,0,0,0,national
2025,WA,53037,Kittitas,HUX2X73FUCYHUVH1BK78,KeyBank National Association,4,2,2,0.15,4,0,0,0,0,2,0,0,0,0,national
2025,WA,53037,Kittitas,254900378RFGMBEKAF12,Empeople Credit Union,1,1,0,0.07,1,0,0,0,0,1,0,0,0,0,national
2025,WA,53037,Kittitas,2549004CU9LAM5CYA280,,1,1,0,0.07,1,0,0,0,0,1,0,0,0,0,national
2025,WA,53037,Kittitas,2549005SIVTHG14U2905,A&D Mortgage LLC,1,1,0,0.07,1,0,0,0,0,1,0,0,0,0,national
2025,WA,53037,Kittitas,25490066WMF8ZMQXQB18,"Lendage, LLC",2,1,0,0.07,2,0,0,0,0,1,0,0,0,0,national
2025,WA,53037,Kittitas,2549007E9BI08H1N1T92,,1,1,0,0.07,0,0,1,0,0,0,0,1,0,0,national
2025,WA,53037,Kittitas,254900FBWEZ3YUPOBN33,,2,1,1,0.07,2,0,0,0,0,1,0,0,0,0,national
2025,WA,53037,Kittitas,254900FDPG829O6VBB05,"EASTSIDE FUNDING, LLC",4,1,1,0.07,4,0,0,0,0,1,0,0,0,0,national
2025,WA,53037,Kittitas,254900NZOY3XB2DNSZ34,,2,1,1,0.07,2,0,0,0,0,1,0,0,0,0,national
2025,WA,53037,Kittitas,254900T37KTTXKCK3416,,1,1,0,0.07,1,0,0,0,0,1,0,0,0,0,national
2025,WA,53037,Kittitas,254900V6GCDMRQZ34D96,,1,1,0,0.07,1,0,0,0,0,1,0,0,0,0,national
2025,WA,53037,Kittitas,254900WTZC5SSKIN2M11,,1,1,0,0.07,1,0,0,0,0,1,0,0,0,0,national
2025,WA,53037,Kittitas,254900ZFWS2106HWPH46,"PARAMOUNT RESIDENTIAL MORTGAGE GROUP, INC.",1,1,0,0.07,1,0,0,0,0,1,0,0,0,0,national
2025,WA,53037,Kittitas,2WHM8VNJH63UN14OL754,The Huntington National Bank,1,1,0,0.07,1,0,0,0,0,1,0,0,0,0,national
2025,WA,53037,Kittitas,54930007KK7ZS3IJVC25,RED CANOE CREDIT UNION,2,1,0,0.07,2,0,0,0,0,1,0,0,0,0,national
2025,WA,53037,Kittitas,5493000IIYWBLONJVJ30,,1,1,0,0.07,1,0,0,0,0,1,0,0,0,0,national
2025,WA,53037,Kittitas,5493000NYUJT9UC6G261,LEADERONE FINANCIAL CORPORATION,1,1,0,0.07,1,0,0,0,0,1,0,0,0,0,national
2025,WA,53037,Kittitas,5493000OM9RKJW8W5K82,,1,1,0,0.07,1,0,0,0,0,1,0,0,0,0,national
2025,WA,53037,Kittitas,5493001GDRY0EL7VG372,"ARK-LA-TEX FINANCIAL SERVICES, LLC.",2,1,0,0.07,1,1,0,0,0,1,0,0,0,0,national
2025,WA,53037,Kittitas,5493001JT9MT3Z3Y3M39,,1,1,0,0.07,1,0,0,0,0,1,0,0,0,0,national
2025,WA,53037,Kittitas,5493001X0T84TYRJ5Y59,,1,1,0,0.07,1,0,0,0,0,1,0,0,0,0,national
2025,WA,53037,Kittitas,54930025XJJO3T0M1A92,,1,1,0,0.07,1,0,0,0,0,1,0,0,0,0,national
2025,WA,53037,Kittitas,54930028J11BWKUVGX50,,1,1,0,0.07,1,0,0,0,0,1,0,0,0,0,national
2025,WA,53037,Kittitas,5493002GI63WHHUTUD85,"KEYSTONE FUNDING, INC.",1,1,0,0.07,0,1,0,0,0,0,1,0,0,0,national
2025,WA,53037,Kittitas,5493003Q3L1PO9NBVK64,WHATCOM EDUCATIONAL CREDIT UNION,1,1,0,0.07,1,0,0,0,0,1,0,0,0,0,national
2025,WA,53037,Kittitas,54930049L5WINET09Q97,"CLICK N' CLOSE, INC.",1,1,0,0.07,1,0,0,0,0,1,0,0,0,0,national
2025,WA,53037,Kittitas,5493004AS1SPBQOFDR49,"Change Lending, LLC",1,1,0,0.07,1,0,0,0,0,1,0,0,0,0,national
2025,WA,53037,Kittitas,5493006RIR31ORKYB608,,1,1,0,0.07,0,0,1,0,0,0,0,1,0,0,national
2025,WA,53037,Kittitas,54930078TNN7GKZ7NU89,,1,1,0,0.07,1,0,0,0,0,1,0,0,0,0,national
2025,WA,53037,Kittitas,5493007QERYQSQ3QNH02,,1,1,0,0.07,1,0,0,0,0,1,0,0,0,0,national
2025,WA,53037,Kittitas,54930083D8Q8RK84Y448,,1,1,0,0.07,1,0,0,0,0,1,0,0,0,0,national
2025,WA,53037,Kittitas,5493008NWHQT1R22C024,"AMERICAN FINANCIAL NETWORK, INC.",2,1,1,0.07,1,1,0,0,0,1,0,0,0,0,national
2025,WA,53037,Kittitas,5493008ZTV4S0W9DCX64,,2,1,1,0.07,1,1,0,0,0,0,1,0,0,0,national
2025,WA,53037,Kittitas,54930097J3TUZXBXXE75,,1,1,0,0.07,1,0,0,0,0,1,0,0,0,0,national
2025,WA,53037,Kittitas,5493009B17HXCVXTD608,"JMAC LENDING, INC.",1,1,0,0.07,1,0,0,0,0,1,0,0,0,0,national
2025,WA,53037,Kittitas,5493009QB0KBU5M6NP90,,1,1,0,0.07,1,0,0,0,0,1,0,0,0,0,national
2025,WA,53037,Kittitas,549300A68YW07V5R5G22,,1,1,0,0.07,1,0,0,0,0,1,0,0,0,0,national
2025,WA,53037,Kittitas,549300AENO88GEUWCZ39,,1,1,0,0.07,1,0,0,0,0,1,0,0,0,0,national
2025,WA,53037,Kittitas,549300ALNLUNS3Y53T24,AMERICAN FINANCING CORPORATION,4,1,2,0.07,2,2,0,0,0,1,0,0,0,0,national
2025,WA,53037,Kittitas,549300B4IYL7TZT8FA34,"PREMIER MORTGAGE RESOURCES, L.L.C.",1,1,0,0.07,1,0,0,0,0,1,0,0,0,0,national
2025,WA,53037,Kittitas,549300BLL6VL7AXWYP56,CHURCHILL MORTGAGE CORPORATION,1,1,0,0.07,1,0,0,0,0,1,0,0,0,0,national
2025,WA,53037,Kittitas,549300CB67L6KPJLHE19,"TRIAD FINANCIAL SERVICES, INC.",4,1,2,0.07,4,0,0,0,0,1,0,0,0,0,national
2025,WA,53037,Kittitas,549300EKFFG3BU8DNX74,NEXERA HOLDING LLC,1,1,0,0.07,1,0,0,0,0,1,0,0,0,0,national
2025,WA,53037,Kittitas,549300I1HK1BBZLKOB84,,1,1,0,0.07,1,0,0,0,0,1,0,0,0,0,national
2025,WA,53037,Kittitas,549300INKSPQCTELMO58,Granite Bank,1,1,0,0.07,1,0,0,0,0,1,0,0,0,0,national
2025,WA,53037,Kittitas,549300J6N77Q8OHYNF23,,1,1,0,0.07,0,0,1,0,0,0,0,1,0,0,national
2025,WA,53037,Kittitas,549300JYXTZDSPJEPI44,"PLAZA HOME MORTGAGE, INC.",1,1,0,0.07,0,0,1,0,0,0,0,1,0,0,national
2025,WA,53037,Kittitas,549300KJ8PAJ7E52HG32,Plains Commerce Bank,1,1,0,0.07,1,0,0,0,0,1,0,0,0,0,national
2025,WA,53037,Kittitas,549300LLQD0X2OTG0Y27,,2,1,1,0.07,0,2,0,0,0,0,1,0,0,0,national
2025,WA,53037,Kittitas,549300LROQOOQU77WS20,,3,1,1,0.07,3,0,0,0,0,1,0,0,0,0,national
2025,WA,53037,Kittitas,549300LZUXCJFE5ONM48,,1,1,0,0.07,0,1,0,0,0,0,1,0,0,0,national
2025,WA,53037,Kittitas,549300MP3KK77THHQT36,,1,1,0,0.07,1,0,0,0,0,1,0,0,0,0,national
2025,WA,53037,Kittitas,549300NFPC3Y4W3Y7R87,,1,1,0,0.07,1,0,0,0,0,1,0,0,0,0,national
2025,WA,53037,Kittitas,549300NOCASXPA34X033,"LAKEVIEW LOAN SERVICING, LLC",10,1,6,0.07,7,3,0,0,0,1,0,0,0,0,national
2025,WA,53037,Kittitas,549300NWBS6MQJX15N44,,2,1,0,0.07,2,0,0,0,0,1,0,0,0,0,national
2025,WA,53037,Kittitas,549300OPB0G5OMY0SM65,,1,1,0,0.07,1,0,0,0,0,1,0,0,0,0,national
2025,WA,53037,Kittitas,549300PC4MFWQBNVKG88,"V.I.P. MORTGAGE, INC.",1,1,0,0.07,1,0,0,0,0,1,0,0,0,0,national
2025,WA,53037,Kittitas,549300Q50XCC0473FG63,,5,1,3,0.07,5,0,0,0,0,1,0,0,0,0,national
2025,WA,53037,Kittitas,549300QKL5FUBZ8LSF50,"NATIONS DIRECT MORTGAGE, LLC",1,1,0,0.07,0,0,1,0,0,0,0,1,0,0,national
2025,WA,53037,Kittitas,549300R4F5COFJE0DN81,,1,1,0,0.07,1,0,0,0,0,1,0,0,0,0,national
2025,WA,53037,Kittitas,549300R77W0P105C3S50,HOMEXPRESS MORTGAGE CORP.,1,1,0,0.07,1,0,0,0,0,1,0,0,0,0,national
2025,WA,53037,Kittitas,549300R9S3MVDV4MGF56,"CARRINGTON MORTGAGE SERVICES, LLC",4,1,1,0.07,1,2,1,0,0,0,0,1,0,0,national
2025,WA,53037,Kittitas,549300RA3E0BUFO7YZ21,"Hometown Equity Mortgage, LLC",2,1,1,0.07,2,0,0,0,0,1,0,0,0,0,national
2025,WA,53037,Kittitas,549300RFLICNI75BG067,Luminate Bank,2,1,0,0.07,1,1,0,0,0,0,1,0,0,0,national
2025,WA,53037,Kittitas,549300RPOGWJRH63HS39,UNION HOME MORTGAGE CORP.,2,1,0,0.07,2,0,0,0,0,1,0,0,0,0,national
2025,WA,53037,Kittitas,549300SK2GVCQXPD4S58,"SUN WEST MORTGAGE COMPANY, INC.",1,1,0,0.07,0,1,0,0,0,0,1,0,0,0,national
2025,WA,53037,Kittitas,549300SUCQ1358EGVE89,"NEW DAY FINANCIAL, LLC",1,1,0,0.07,0,0,1,0,0,0,0,1,0,0,national
2025,WA,53037,Kittitas,549300TDBTRK89DZRC13,Fibre Federal Credit Union,1,1,0,0.07,1,0,0,0,0,1,0,0,0,0,national
2025,WA,53037,Kittitas,549300TQVOMKNKFOH392,GATE CITY BANK,1,1,0,0.07,1,0,0,0,0,1,0,0,0,0,national
2025,WA,53037,Kittitas,549300U8DCOOTG96YM89,,1,1,0,0.07,1,0,0,0,0,1,0,0,0,0,national
2025,WA,53037,Kittitas,549300VCMRO4ST680C11,VILLAGE CAPITAL & INVESTMENT LLC,2,1,1,0.07,0,1,1,0,0,0,1,0,0,0,national
2025,WA,53037,Kittitas,549300VQUTI5IU7GXT57,SECURITYNATIONAL MORTGAGE COMPANY,3,1,0,0.07,3,0,0,0,0,1,0,0,0,0,national
2025,WA,53037,Kittitas,549300W45D2J6BT4LX65,,1,1,0,0.07,1,0,0,0,0,1,0,0,0,0,national
2025,WA,53037,Kittitas,549300WH9FMXOC63ZV77,,1,1,0,0.07,0,1,0,0,0,0,1,0,0,0,national
2025,WA,53037,Kittitas,549300XCVBRR56D08F03,,5,1,0,0.07,4,1,0,0,0,1,0,0,0,0,national
2025,WA,53037,Kittitas,549300YN94MOAVYW0F52,"GoodLeap, LLC",1,1,0,0.07,1,0,0,0,0,1,0,0,0,0,national
2025,WA,53037,Kittitas,549300Z2B4FHRYOXTS09,,2,1,1,0.07,2,0,0,0,0,1,0,0,0,0,national
2025,WA,53037,Kittitas,549300ZBXINP1Y94CN02,,2,1,0,0.07,2,0,0,0,0,1,0,0,0,0,national
2025,WA,53037,Kittitas,549300ZS1TR1B4LHX377,,1,1,0,0.07,1,0,0,0,0,1,0,0,0,0,national
2025,WA,53037,Kittitas,98450087981AP406JG03,CONVENTUS LLC,2,1,0,0.07,2,0,0,0,0,1,0,0,0,0,national
2025,WA,53037,Kittitas,984500RF83EA742B5589,,1,1,0,0.07,1,0,0,0,0,1,0,0,0,0,national
2025,WA,53037,Kittitas,X05BVSK68TQ7YTOSNR22,Discover Bank,6,1,4,0.07,6,0,0,0,0,1,0,0,0,0,national
2025,WA,53037,Kittitas,ZXMJHJK466PBZTM5F379,,1,1,0,0.07,1,0,0,0,0,1,0,0,0,0,national
2025,WA,53037,Kittitas,5493000YNV8IX4VD3X12,"VANDERBILT MORTGAGE AND FINANCE, INC.",12,0,4,0.0,12,0,0,0,0,0,0,0,0,0,national
2025,WA,53037,Kittitas,5493001GCBD5XGNIC815,Coastal Community Bank,8,0,1,0.0,8,0,0,0,0,0,0,0,0,0,national
2025,WA,53037,Kittitas,549300KDR80I1ELW8D36,,5,0,1,0.0,5,0,0,0,0,0,0,0,0,0,national
2025,WA,53041,Lewis,549300HW662MN1WU8550,"United Wholesale Mortgage, LLC",298,215,38,9.28,139,78,80,1,0,104,54,56,1,0,national
2025,WA,53041,Lewis,549300AQ3T62GXDU7D76,GUILD MORTGAGE COMPANY LLC,284,209,11,9.02,181,77,25,1,0,130,57,21,1,0,national
2025,WA,53041,Lewis,549300FGXN1K3HLB1R50,"Rocket Mortgage, LLC",210,135,47,5.83,154,34,22,0,0,102,18,15,0,0,national
2025,WA,53041,Lewis,549300UBGGLZLZEY0M18,Peak Credit Union,256,133,75,5.74,256,0,0,0,0,133,0,0,0,0,national
2025,WA,53041,Lewis,5493000FWM3I2HHQY149,WASHINGTON STATE EMPLOYEES CREDIT UNION,250,114,116,4.92,241,6,3,0,0,109,3,2,0,0,national
2025,WA,53041,Lewis,5493008VVXQIDO1EZ460,"SUMMIT FUNDING, INC.",81,67,0,2.89,43,31,7,0,0,36,27,4,0,0,national
2025,WA,53041,Lewis,549300DD4R4SYK5RAQ92,"MOVEMENT MORTGAGE, LLC",85,64,4,2.76,66,14,5,0,0,50,12,2,0,0,national
2025,WA,53041,Lewis,54930060G4MDPWHISD89,EVERGREEN MONEYSOURCE MORTGAGE COMPANY,79,57,0,2.46,51,18,10,0,0,36,14,7,0,0,national
2025,WA,53041,Lewis,549300VZVN841I2ILS84,"CROSSCOUNTRY MORTGAGE, LLC",83,51,4,2.2,35,23,25,0,0,24,10,17,0,0,national
2025,WA,53041,Lewis,549300GKFNPRWNS0GF29,"AmeriHome Mortgage Company, LLC",59,48,1,2.07,37,10,7,5,0,28,9,7,4,0,national
2025,WA,53041,Lewis,254900DTLHVWQ7NP7R34,"CMG Mortgage, Inc.",55,41,5,1.77,47,7,0,1,0,35,6,0,0,0,national
2025,WA,53041,Lewis,549300KM40FP4MSQU941,Boeing Employees Credit Union,80,41,21,1.77,80,0,0,0,0,41,0,0,0,0,national
2025,WA,53041,Lewis,549300FNXYY540N23N64,Newrez LLC,83,39,12,1.68,46,16,21,0,0,22,8,9,0,0,national
2025,WA,53041,Lewis,549300TDBTRK89DZRC13,Fibre Federal Credit Union,53,34,15,1.47,51,2,0,0,0,34,0,0,0,0,national
2025,WA,53041,Lewis,549300DD5QQUHO6PCH70,"MORTGAGE RESEARCH CENTER, LLC",70,31,11,1.34,2,1,67,0,0,1,1,29,0,0,national
2025,WA,53041,Lewis,5493007VW2EU20PZYU97,INSPIRE HOME LOANS INC.,40,30,3,1.3,24,9,6,1,0,20,7,3,0,0,national
2025,WA,53041,Lewis,549300T7HRS5DVBUPQ06,,34,30,0,1.3,19,8,7,0,0,17,8,5,0,0,national
2025,WA,53041,Lewis,RVDPPPGHCGZ40J4VQ731,"PENNYMAC LOAN SERVICES, LLC",61,29,10,1.25,40,14,7,0,0,20,6,3,0,0,national
2025,WA,53041,Lewis,549300121SF0K2LN2804,"PRIMELENDING, A PLAINSCAPITAL COMPANY",44,28,2,1.21,33,9,2,0,0,20,6,2,0,0,national
2025,WA,53041,Lewis,254900MKY47WU65N1J56,,44,27,8,1.17,44,0,0,0,0,27,0,0,0,0,national
2025,WA,53041,Lewis,549300AG64NHILB7ZP05,"LOANDEPOT.COM, LLC",49,26,12,1.12,35,11,3,0,0,19,5,2,0,0,national
2025,WA,53041,Lewis,549300LBCBNR1OT00651,NATIONSTAR MORTGAGE LLC,42,26,5,1.12,37,5,0,0,0,23,3,0,0,0,national
2025,WA,53041,Lewis,549300LYRWPSYPK6S325,FREEDOM MORTGAGE CORPORATION,80,26,9,1.12,10,31,39,0,0,3,8,15,0,0,national
2025,WA,53041,Lewis,549300MGPZBLQDIL7538,FAIRWAY INDEPENDENT MORTGAGE CORPORATION,32,24,1,1.04,20,12,0,0,0,15,9,0,0,0,national
2025,WA,53041,Lewis,5493001B4U37VT2ML818,GESA CREDIT UNION,42,22,13,0.95,42,0,0,0,0,22,0,0,0,0,national
2025,WA,53041,Lewis,54930007KK7ZS3IJVC25,RED CANOE CREDIT UNION,36,21,8,0.91,36,0,0,0,0,21,0,0,0,0,national
2025,WA,53041,Lewis,549300E2UX99HKDBR481,"NEW AMERICAN FUNDING, LLC",36,19,4,0.82,16,19,1,0,0,9,9,1,0,0,national
2025,WA,53041,Lewis,549300U3721PJGQZYY68,"GUARANTEED RATE, INC.",29,18,0,0.78,18,7,4,0,0,10,4,4,0,0,national
2025,WA,53041,Lewis,6BYL5QZYBDK8S7L73M02,U.S. Bank National Association,35,18,11,0.78,35,0,0,0,0,18,0,0,0,0,national
2025,WA,53041,Lewis,HUX2X73FUCYHUVH1BK78,KeyBank National Association,28,17,5,0.73,28,0,0,0,0,17,0,0,0,0,national
2025,WA,53041,Lewis,IFQSIUC9AGQV2NE8CN25,Columbia Bank,29,17,7,0.73,29,0,0,0,0,17,0,0,0,0,national
2025,WA,53041,Lewis,549300KIOYNU323LVJ37,AMERICAN PACIFIC MORTGAGE CORPORATION,25,16,5,0.69,9,13,3,0,0,8,5,3,0,0,national
2025,WA,53041,Lewis,2549001SI0EMFPT39035,"Cornerstone First Mortgage, Inc",23,15,2,0.65,11,7,5,0,0,8,4,3,0,0,national
2025,WA,53041,Lewis,254900UL88QFG0E40516,FIGURE LENDING LLC,27,15,3,0.65,27,0,0,0,0,15,0,0,0,0,national
2025,WA,53041,Lewis,254900ZFWS2106HWPH46,"PARAMOUNT RESIDENTIAL MORTGAGE GROUP, INC.",25,15,3,0.65,16,6,3,0,0,10,3,2,0,0,national
2025,WA,53041,Lewis,549300AG10BX85DF5S49,MLD MORTGAGE INC.,20,15,0,0.65,7,6,7,0,0,4,4,7,0,0,national
2025,WA,53041,Lewis,5493003T5D4N1CM46J77,1st Security Bank of Washington,24,14,2,0.6,20,4,0,0,0,10,4,0,0,0,national
2025,WA,53041,Lewis,549300CB67L6KPJLHE19,"TRIAD FINANCIAL SERVICES, INC.",28,14,6,0.6,28,0,0,0,0,14,0,0,0,0,national
2025,WA,53041,Lewis,549300PIL8LFAQ04XC20,Better Mortgage Corporation,48,14,22,0.6,48,0,0,0,0,14,0,0,0,0,national
2025,WA,53041,Lewis,549300ZZME37MXI1EF14,"DAS ACQUISITION COMPANY, LLC",20,14,0,0.6,13,3,3,1,0,9,2,2,1,0,national
2025,WA,53041,Lewis,5493003GQDUH26DNNH17,Navy Federal Credit Union,28,13,9,0.56,23,0,5,0,0,9,0,4,0,0,national
2025,WA,53041,Lewis,2549008GIE3QVYB2FT28,,15,11,2,0.47,15,0,0,0,0,11,0,0,0,0,national
2025,WA,53041,Lewis,549300QKL5FUBZ8LSF50,"NATIONS DIRECT MORTGAGE, LLC",17,11,1,0.47,12,3,2,0,0,8,2,1,0,0,national
2025,WA,53041,Lewis,7H6GLXDRUGQFU57RNE97,"JPMorgan Chase Bank, National Association",23,11,0,0.47,23,0,0,0,0,11,0,0,0,0,national
2025,WA,53041,Lewis,549300MZ8VZJOVC63092,"KIND LENDING, LLC",18,10,4,0.43,14,3,1,0,0,7,2,1,0,0,national
2025,WA,53041,Lewis,549300OPCWU6E72WUT29,"MUTUAL OF OMAHA MORTGAGE, INC.",20,10,1,0.43,10,7,3,0,0,7,3,0,0,0,national
2025,WA,53041,Lewis,549300YIQ7S7Z8PIHE53,AMERISAVE MORTGAGE CORPORATION,42,10,26,0.43,29,7,6,0,0,8,0,2,0,0,national
2025,WA,53041,Lewis,WE0I402RW25AU38DTI13,Banner Bank,15,10,2,0.43,14,1,0,0,0,9,1,0,0,0,national
2025,WA,53041,Lewis,2549004FXPNKCLIN8250,"Synergy One Lending, Inc.",12,9,1,0.39,11,1,0,0,0,8,1,0,0,0,national
2025,WA,53041,Lewis,5493000D6RXLNBZQYA47,COLUMBIA COMMUNITY CREDIT UNION,15,9,5,0.39,15,0,0,0,0,9,0,0,0,0,national
2025,WA,53041,Lewis,5493009HUMWCHFRDKF12,SAMMAMISH MORTGAGE COMPANY,10,9,0,0.39,9,0,1,0,0,8,0,1,0,0,national
2025,WA,53041,Lewis,549300NOCASXPA34X033,"LAKEVIEW LOAN SERVICING, LLC",24,9,6,0.39,15,7,2,0,0,8,1,0,0,0,national
2025,WA,53041,Lewis,549300Z2B4FHRYOXTS09,,11,9,2,0.39,11,0,0,0,0,9,0,0,0,0,national
2025,WA,53041,Lewis,254900N49YI2HHKDPS92,IQ Credit Union,20,8,8,0.35,20,0,0,0,0,8,0,0,0,0,national
2025,WA,53041,Lewis,549300RFLICNI75BG067,Luminate Bank,11,8,0,0.35,5,3,3,0,0,3,2,3,0,0,national
2025,WA,53041,Lewis,549300T94GSH3C4U5M59,ALLIANT CREDIT UNION,12,8,2,0.35,11,1,0,0,0,7,1,0,0,0,national
2025,WA,53041,Lewis,549300XQVJ1XBNFA5536,21ST MORTGAGE CORPORATION,31,8,15,0.35,31,0,0,0,0,8,0,0,0,0,national
2025,WA,53041,Lewis,5493000NYUJT9UC6G261,LEADERONE FINANCIAL CORPORATION,9,7,1,0.3,6,3,0,0,0,4,3,0,0,0,national
2025,WA,53041,Lewis,5493002B2WMHY23GFK92,"AMERICAN FINANCIAL RESOURCES, INC.",11,7,1,0.3,4,4,3,0,0,3,1,3,0,0,national
2025,WA,53041,Lewis,549300B4IYL7TZT8FA34,"PREMIER MORTGAGE RESOURCES, L.L.C.",12,7,2,0.3,6,6,0,0,0,3,4,0,0,0,national
2025,WA,53041,Lewis,549300GTVXJ2PGXNLM73,T2 FINANCIAL LLC,9,7,1,0.3,3,4,2,0,0,1,4,2,0,0,national
2025,WA,53041,Lewis,549300KDR80I1ELW8D36,,22,7,6,0.3,22,0,0,0,0,7,0,0,0,0,national
2025,WA,53041,Lewis,549300KX4S1573HISS22,,9,7,1,0.3,9,0,0,0,0,7,0,0,0,0,national
2025,WA,53041,Lewis,549300ZWNETGFXTBBY03,"CANOPY MORTGAGE, LLC",8,7,0,0.3,5,1,2,0,0,5,1,1,0,0,national
2025,WA,53041,Lewis,54930021QRU8VXNS6152,Sound Credit Union,10,6,2,0.26,10,0,0,0,0,6,0,0,0,0,national
2025,WA,53041,Lewis,54930021WPEXNHYZUL09,"PLANET HOME LENDING, LLC",7,6,1,0.26,1,2,4,0,0,1,2,3,0,0,national
2025,WA,53041,Lewis,549300BLL6VL7AXWYP56,CHURCHILL MORTGAGE CORPORATION,9,6,0,0.26,6,2,1,0,0,4,1,1,0,0,national
2025,WA,53041,Lewis,549300KJ8PAJ7E52HG32,Plains Commerce Bank,7,6,0,0.26,4,3,0,0,0,3,3,0,0,0,national
2025,WA,53041,Lewis,549300KSOOZZVXCMA627,ANGEL OAK MORTGAGE SOLUTIONS LLC,8,6,1,0.26,8,0,0,0,0,6,0,0,0,0,national
2025,WA,53041,Lewis,2549008LK3474E9U2888,ONPOINT COMMUNITY CREDIT UNION,7,5,1,0.22,6,1,0,0,0,5,0,0,0,0,national
2025,WA,53041,Lewis,549300323EON4W3CCM44,"RESICENTRAL, LLC",6,5,1,0.22,6,0,0,0,0,5,0,0,0,0,national
2025,WA,53041,Lewis,5493008ZTV4S0W9DCX64,,5,5,0,0.22,3,2,0,0,0,3,2,0,0,0,national
2025,WA,53041,Lewis,549300CY7WNAHKHYSJ73,"CORNERSTONE CAPITAL BANK, SSB",6,5,0,0.22,4,2,0,0,0,4,1,0,0,0,national
2025,WA,53041,Lewis,549300JYXTZDSPJEPI44,"PLAZA HOME MORTGAGE, INC.",9,5,4,0.22,4,4,1,0,0,3,1,1,0,0,national
2025,WA,53041,Lewis,549300O2EZG72LO2FX38,,5,5,0,0.22,4,1,0,0,0,4,1,0,0,0,national
2025,WA,53041,Lewis,549300PBTV7FCWLSMM53,"MORTGAGE SOLUTIONS OF COLORADO, LLC",9,5,1,0.22,2,2,5,0,0,1,1,3,0,0,national
2025,WA,53041,Lewis,01KWVG908KE7RKPTNP46,HomeStreet Bank,4,4,0,0.17,2,1,1,0,0,2,1,1,0,0,national
2025,WA,53041,Lewis,213800XR2TCBQJSF1X93,,6,4,2,0.17,4,1,1,0,0,3,1,0,0,0,national
2025,WA,53041,Lewis,5493001GCBD5XGNIC815,Coastal Community Bank,22,4,0,0.17,22,0,0,0,0,4,0,0,0,0,national
2025,WA,53041,Lewis,54930028J11BWKUVGX50,,7,4,2,0.17,7,0,0,0,0,4,0,0,0,0,national
2025,WA,53041,Lewis,549300HIVO8XPBPNVG69,NOVA FINANCIAL & INVESTMENT CORPORATION,4,4,0,0.17,1,3,0,0,0,1,3,0,0,0,national
2025,WA,53041,Lewis,549300PC4MFWQBNVKG88,"V.I.P. MORTGAGE, INC.",5,4,0,0.17,3,1,1,0,0,2,1,1,0,0,national
2025,WA,53041,Lewis,549300PL8ER6H23P0Z91,BAY EQUITY LLC,10,4,1,0.17,5,2,3,0,0,1,2,1,0,0,national
2025,WA,53041,Lewis,549300Q50XCC0473FG63,,5,4,0,0.17,5,0,0,0,0,4,0,0,0,0,national
2025,WA,53041,Lewis,549300SUCQ1358EGVE89,"NEW DAY FINANCIAL, LLC",17,4,2,0.17,0,3,14,0,0,0,0,4,0,0,national
2025,WA,53041,Lewis,C5654JQHZUHN0772B561,USAA Federal Savings Bank,6,4,0,0.17,0,0,6,0,0,0,0,4,0,0,national
2025,WA,53041,Lewis,KB1H1DSPRFMYMCUFXT09,"Wells Fargo Bank, National Association",16,4,7,0.17,15,0,1,0,0,4,0,0,0,0,national
2025,WA,53041,Lewis,2549001IK7UDPADKAG34,,4,3,1,0.13,4,0,0,0,0,3,0,0,0,0,national
2025,WA,53041,Lewis,254900BMXWPEHXG4LF21,,5,3,1,0.13,1,4,0,0,0,1,2,0,0,0,national
2025,WA,53041,Lewis,254900E6AIE4Z8YQM970,Citadel Servicing Corporation,4,3,0,0.13,4,0,0,0,0,3,0,0,0,0,national
2025,WA,53041,Lewis,254900FDPG829O6VBB05,"EASTSIDE FUNDING, LLC",6,3,1,0.13,6,0,0,0,0,3,0,0,0,0,national
2025,WA,53041,Lewis,254900HEJ9F73IMPX887,,4,3,0,0.13,4,0,0,0,0,3,0,0,0,0,national
2025,WA,53041,Lewis,254900QPRPHIXEAX3L37,,5,3,0,0.13,5,0,0,0,0,3,0,0,0,0,national
2025,WA,53041,Lewis,254900WEP08K7U7S3A80,,3,3,0,0.13,2,1,0,0,0,2,1,0,0,0,national
2025,WA,53041,Lewis,5493001PXRJMPLXPG540,IDAHO CENTRAL CREDIT UNION,5,3,0,0.13,5,0,0,0,0,3,0,0,0,0,national
2025,WA,53041,Lewis,5493001WHVQBGRSWEU75,"HOMEBRIDGE FINANCIAL SERVICES, INC.",7,3,1,0.13,7,0,0,0,0,3,0,0,0,0,national
2025,WA,53041,Lewis,5493002Y5XYV7DV1ZV88,"GOLD STAR MORTGAGE FINANCIAL GROUP, CORPORATION",3,3,0,0.13,2,0,1,0,0,2,0,1,0,0,national
2025,WA,53041,Lewis,54930043BMDE130FJ617,"PROVIDENT FUNDING ASSOCIATES, L.P.",10,3,4,0.13,10,0,0,0,0,3,0,0,0,0,national
2025,WA,53041,Lewis,54930049L5WINET09Q97,"CLICK N' CLOSE, INC.",7,3,1,0.13,4,3,0,0,0,2,1,0,0,0,national
2025,WA,53041,Lewis,54930054ET8KM4O1D485,"SOFI BANK, NATIONAL ASSOCIATION",13,3,1,0.13,12,1,0,0,0,2,1,0,0,0,national
2025,WA,53041,Lewis,5493006VAGP3GQ8FJT49,"Kiavi Funding, Inc.",5,3,1,0.13,5,0,0,0,0,3,0,0,0,0,national
2025,WA,53041,Lewis,549300PQLK8E48ILXV41,,4,3,0,0.13,4,0,0,0,0,3,0,0,0,0,national
2025,WA,53041,Lewis,549300R77W0P105C3S50,HOMEXPRESS MORTGAGE CORP.,3,3,0,0.13,3,0,0,0,0,3,0,0,0,0,national
2025,WA,53041,Lewis,549300R9S3MVDV4MGF56,"CARRINGTON MORTGAGE SERVICES, LLC",17,3,8,0.13,8,5,4,0,0,2,1,0,0,0,national
2025,WA,53041,Lewis,549300SK2GVCQXPD4S58,"SUN WEST MORTGAGE COMPANY, INC.",4,3,0,0.13,0,2,2,0,0,0,1,2,0,0,national
2025,WA,53041,Lewis,549300VQUTI5IU7GXT57,SECURITYNATIONAL MORTGAGE COMPANY,5,3,1,0.13,2,3,0,0,0,1,2,0,0,0,national
2025,WA,53041,Lewis,549300ZPSJZO10ZAX556,"AMERICAN HERITAGE LENDING, LLC",5,3,0,0.13,5,0,0,0,0,3,0,0,0,0,national
2025,WA,53041,Lewis,B4TYDEB6GKMZO031MB27,"Bank of America, National Association",19,3,11,0.13,19,0,0,0,0,3,0,0,0,0,national
2025,WA,53041,Lewis,PAOOWF3GUFM46FBSP561,,8,3,0,0.13,4,2,2,0,0,2,0,1,0,0,national
2025,WA,53041,Lewis,Q708HHR4LD2B7XIZNO92,First Federal Bank,5,3,0,0.13,4,1,0,0,0,3,0,0,0,0,national
2025,WA,53041,Lewis,X05BVSK68TQ7YTOSNR22,Discover Bank,12,3,7,0.13,12,0,0,0,0,3,0,0,0,0,national
2025,WA,53041,Lewis,2549005SIVTHG14U2905,A&D Mortgage LLC,2,2,0,0.09,1,1,0,0,0,1,1,0,0,0,national
2025,WA,53041,Lewis,2549008TT6UNYR7AXF54,"Sunflower Bank, National Association",2,2,0,0.09,1,1,0,0,0,1,1,0,0,0,national
2025,WA,53041,Lewis,254900CTT87ZKAUTIJ37,,3,2,0,0.09,3,0,0,0,0,2,0,0,0,0,national
2025,WA,53041,Lewis,254900VHUBSJJKOMBF27,,2,2,0,0.09,2,0,0,0,0,2,0,0,0,0,national
2025,WA,53041,Lewis,254900WT4HAMDFWH3048,,3,2,1,0.09,0,3,0,0,0,0,2,0,0,0,national
2025,WA,53041,Lewis,5493000EUC3MM52PJV85,,2,2,0,0.09,1,1,0,0,0,1,1,0,0,0,national
2025,WA,53041,Lewis,5493000OM9RKJW8W5K82,,3,2,0,0.09,3,0,0,0,0,2,0,0,0,0,national
2025,WA,53041,Lewis,549300370QILXLFUWD20,"ZILLOW HOME LOANS, LLC",3,2,0,0.09,3,0,0,0,0,2,0,0,0,0,national
2025,WA,53041,Lewis,54930048P8RWCQHQM310,,3,2,1,0.09,3,0,0,0,0,2,0,0,0,0,national
2025,WA,53041,Lewis,5493007CLWQN2S6IZK91,,2,2,0,0.09,0,0,2,0,0,0,0,2,0,0,national
2025,WA,53041,Lewis,54930083D8Q8RK84Y448,,2,2,0,0.09,1,0,1,0,0,1,0,1,0,0,national
2025,WA,53041,Lewis,5493009QB0KBU5M6NP90,,5,2,1,0.09,5,0,0,0,0,2,0,0,0,0,national
2025,WA,53041,Lewis,549300BX448ALT10FI43,The Federal Savings Bank,11,2,4,0.09,2,1,8,0,0,1,0,1,0,0,national
2025,WA,53041,Lewis,549300DK7QID2ZON6Q55,Global Federal Credit Union,3,2,0,0.09,3,0,0,0,0,2,0,0,0,0,national
2025,WA,53041,Lewis,549300E34W6TNRG7B624,,2,2,0,0.09,2,0,0,0,0,2,0,0,0,0,national
2025,WA,53041,Lewis,549300HVW3AI97UKTO72,Wings Financial Credit Union,3,2,1,0.09,3,0,0,0,0,2,0,0,0,0,national
2025,WA,53041,Lewis,549300J7I82PNDVU8H22,"OCMBC, INC.",7,2,1,0.09,5,2,0,0,0,2,0,0,0,0,national
2025,WA,53041,Lewis,549300K4ZLGS7SRDTL86,Equity Prime Mortgage LLC,4,2,0,0.09,0,1,3,0,0,0,1,1,0,0,national
2025,WA,53041,Lewis,549300KZVCKCUN23YY80,,3,2,0,0.09,3,0,0,0,0,2,0,0,0,0,national
2025,WA,53041,Lewis,549300LZUXCJFE5ONM48,,2,2,0,0.09,0,2,0,0,0,0,2,0,0,0,national
2025,WA,53041,Lewis,549300MCIFZSDHUT8X63,"NFM, INC.",3,2,0,0.09,3,0,0,0,0,2,0,0,0,0,national
2025,WA,53041,Lewis,549300MHH03ICJYEPE85,,2,2,0,0.09,0,2,0,0,0,0,2,0,0,0,national
2025,WA,53041,Lewis,549300NWBS6MQJX15N44,,3,2,0,0.09,3,0,0,0,0,2,0,0,0,0,national
2025,WA,53041,Lewis,549300Q02LGIN9AXKP98,FIRST TECHNOLOGY FEDERAL CREDIT UNION,2,2,0,0.09,2,0,0,0,0,2,0,0,0,0,national
2025,WA,53041,Lewis,549300S5YL3OH0IVCS62,FINANCE OF AMERICA REVERSE LLC,6,2,0,0.09,0,6,0,0,0,0,2,0,0,0,national
2025,WA,53041,Lewis,549300UM6HPORF7X4415,,3,2,0,0.09,3,0,0,0,0,2,0,0,0,0,national
2025,WA,53041,Lewis,549300VCMRO4ST680C11,VILLAGE CAPITAL & INVESTMENT LLC,10,2,1,0.09,0,1,9,0,0,0,0,2,0,0,national
2025,WA,53041,Lewis,549300XHPPLC0TBRV021,,2,2,0,0.09,1,1,0,0,0,1,1,0,0,0,national
2025,WA,53041,Lewis,549300XW2H531FLD3I90,,2,2,0,0.09,2,0,0,0,0,2,0,0,0,0,national
2025,WA,53041,Lewis,549300XY701IELCE5Q08,BETTER MORTGAGE CORPORATION,12,2,3,0.09,12,0,0,0,0,2,0,0,0,0,national
2025,WA,53041,Lewis,549300Y5Y88FQLI7VE83,DEEPHAVEN MORTGAGE LLC,4,2,1,0.09,4,0,0,0,0,2,0,0,0,0,national
2025,WA,53041,Lewis,AD6GFRVSDT01YPT1CS68,"PNC Bank, National Association",8,2,4,0.09,8,0,0,0,0,2,0,0,0,0,national
2025,WA,53041,Lewis,C398JSK21YCXWM603F55,"Barrington Bank & Trust Company, National Association",3,2,0,0.09,0,1,2,0,0,0,0,2,0,0,national
2025,WA,53041,Lewis,2549004CU9LAM5CYA280,,2,1,0,0.04,2,0,0,0,0,1,0,0,0,0,national
2025,WA,53041,Lewis,2549004Z576VEJBK3N72,"NQM FUNDING, LLC",1,1,0,0.04,1,0,0,0,0,1,0,0,0,0,national
2025,WA,53041,Lewis,25490066WMF8ZMQXQB18,"Lendage, LLC",4,1,2,0.04,4,0,0,0,0,1,0,0,0,0,national
2025,WA,53041,Lewis,254900HD4RROQDXNWI45,,1,1,0,0.04,1,0,0,0,0,1,0,0,0,0,national
2025,WA,53041,Lewis,254900I68BOSEM149Q58,,1,1,0,0.04,0,1,0,0,0,0,1,0,0,0,national
2025,WA,53041,Lewis,254900LTD432L5CHIZ48,,1,1,0,0.04,1,0,0,0,0,1,0,0,0,0,national
2025,WA,53041,Lewis,254900N133DZGPB2X985,,1,1,0,0.04,1,0,0,0,0,1,0,0,0,0,national
2025,WA,53041,Lewis,254900O2K17TNH5CL873,"RF RENOVO MANAGEMENT COMPANY, LLC",1,1,0,0.04,1,0,0,0,0,1,0,0,0,0,national
2025,WA,53041,Lewis,254900T37KTTXKCK3416,,3,1,1,0.04,3,0,0,0,0,1,0,0,0,0,national
2025,WA,53041,Lewis,254900TTZ395IC926125,,2,1,0,0.04,1,1,0,0,0,0,1,0,0,0,national
2025,WA,53041,Lewis,2WHM8VNJH63UN14OL754,The Huntington National Bank,1,1,0,0.04,1,0,0,0,0,1,0,0,0,0,national
2025,WA,53041,Lewis,5493000IIYWBLONJVJ30,,1,1,0,0.04,1,0,0,0,0,1,0,0,0,0,national
2025,WA,53041,Lewis,5493000XC2Y1SLXRQP11,,1,1,0,0.04,1,0,0,0,0,1,0,0,0,0,national
2025,WA,53041,Lewis,5493001XKL0FTNOJ0866,,2,1,0,0.04,2,0,0,0,0,1,0,0,0,0,national
2025,WA,53041,Lewis,54930022CQGV47Q8PM03,,1,1,0,0.04,1,0,0,0,0,1,0,0,0,0,national
2025,WA,53041,Lewis,54930025XJJO3T0M1A92,,1,1,0,0.04,1,0,0,0,0,1,0,0,0,0,national
2025,WA,53041,Lewis,5493004F7BXDIUFVPV87,,1,1,0,0.04,1,0,0,0,0,1,0,0,0,0,national
2025,WA,53041,Lewis,5493005JPZ3LXXMB0S24,"Carrington Mortgage Services, LLC",1,1,0,0.04,1,0,0,0,0,1,0,0,0,0,national
2025,WA,53041,Lewis,5493005PKOSG7MYX0B34,"Prosperity Home Mortgage, LLC",2,1,0,0.04,1,1,0,0,0,1,0,0,0,0,national
2025,WA,53041,Lewis,5493006P5IHSK77SZ855,,1,1,0,0.04,1,0,0,0,0,1,0,0,0,0,national
2025,WA,53041,Lewis,549300748YYU6VG08N83,"Loan Simple, Inc.",1,1,0,0.04,0,1,0,0,0,0,1,0,0,0,national
2025,WA,53041,Lewis,5493007L4GYNO2PUBS09,,2,1,0,0.04,2,0,0,0,0,1,0,0,0,0,national
2025,WA,53041,Lewis,5493008JECR4UE0WVR04,"MORTGAGE EXPRESS, LLC",2,1,1,0.04,0,2,0,0,0,0,1,0,0,0,national
2025,WA,53041,Lewis,5493008NWHQT1R22C024,"AMERICAN FINANCIAL NETWORK, INC.",4,1,0,0.04,0,1,3,0,0,0,0,1,0,0,national
2025,WA,53041,Lewis,5493009D2COWW65B8673,,1,1,0,0.04,1,0,0,0,0,1,0,0,0,0,national
2025,WA,53041,Lewis,5493009Y8ROUG903AQ21,,1,1,0,0.04,1,0,0,0,0,1,0,0,0,0,national
2025,WA,53041,Lewis,549300AENO88GEUWCZ39,,1,1,0,0.04,0,0,1,0,0,0,0,1,0,0,national
2025,WA,53041,Lewis,549300ALNLUNS3Y53T24,AMERICAN FINANCING CORPORATION,7,1,4,0.04,3,3,1,0,0,1,0,0,0,0,national
2025,WA,53041,Lewis,549300C8GOC4OYUV0Z32,,2,1,0,0.04,2,0,0,0,0,1,0,0,0,0,national
2025,WA,53041,Lewis,549300COIWXM618UBE82,HomeTrust Bank,1,1,0,0.04,1,0,0,0,0,1,0,0,0,0,national
2025,WA,53041,Lewis,549300DT7CCDCC7O6Z60,,1,1,0,0.04,1,0,0,0,0,1,0,0,0,0,national
2025,WA,53041,Lewis,549300EFCZM6KD6B8K69,MORTGAGE ACCESS CORP.,1,1,0,0.04,0,1,0,0,0,0,1,0,0,0,national
2025,WA,53041,Lewis,549300EKFFG3BU8DNX74,NEXERA HOLDING LLC,2,1,0,0.04,2,0,0,0,0,1,0,0,0,0,national
2025,WA,53041,Lewis,549300GQDT484LGI9C04,,4,1,1,0.04,0,1,3,0,0,0,0,1,0,0,national
2025,WA,53041,Lewis,549300GS6ONO04ORI292,,1,1,0,0.04,1,0,0,0,0,1,0,0,0,0,national
2025,WA,53041,Lewis,549300HRLROF7PLJ6735,CLEAREDGE LENDING LLC,1,1,0,0.04,1,0,0,0,0,1,0,0,0,0,national
2025,WA,53041,Lewis,549300I43FC7P0IJMR13,,1,1,0,0.04,0,1,0,0,0,0,1,0,0,0,national
2025,WA,53041,Lewis,549300IEP77RKJ87Z176,OREGON COMMUNITY,1,1,0,0.04,1,0,0,0,0,1,0,0,0,0,national
2025,WA,53041,Lewis,549300IFOE4SCP384147,University Bank,1,1,0,0.04,1,0,0,0,0,1,0,0,0,0,national
2025,WA,53041,Lewis,549300IKS3MMB5YK6T18,,1,1,0,0.04,1,0,0,0,0,1,0,0,0,0,national
2025,WA,53041,Lewis,549300ISCZS1R0CJMO47,,1,1,0,0.04,1,0,0,0,0,1,0,0,0,0,national
2025,WA,53041,Lewis,549300J6N77Q8OHYNF23,,1,1,0,0.04,1,0,0,0,0,1,0,0,0,0,national
2025,WA,53041,Lewis,549300LVO8UXHRM8O957,,1,1,0,0.04,1,0,0,0,0,1,0,0,0,0,national
2025,WA,53041,Lewis,549300N2GMOJ61XHEL06,,3,1,0,0.04,3,0,0,0,0,1,0,0,0,0,national
2025,WA,53041,Lewis,549300OYEKEORA1GI088,,1,1,0,0.04,0,0,1,0,0,0,0,1,0,0,national
2025,WA,53041,Lewis,549300P2GEYNMH5OQA71,WASHINGTON TRUST BANK,1,1,0,0.04,1,0,0,0,0,1,0,0,0,0,national
2025,WA,53041,Lewis,549300PL267CW8182203,,6,1,2,0.04,0,3,3,0,0,0,0,1,0,0,national
2025,WA,53041,Lewis,549300Q3ROEQU3D1IW91,,8,1,2,0.04,8,0,0,0,0,1,0,0,0,0,national
2025,WA,53041,Lewis,549300Q6YL1SFVPEGV90,,4,1,0,0.04,0,4,0,0,0,0,1,0,0,0,national
2025,WA,53041,Lewis,549300R7HGHP2I754087,TOWNE MORTGAGE COMPANY,1,1,0,0.04,0,0,1,0,0,0,0,1,0,0,national
2025,WA,53041,Lewis,549300RPOGWJRH63HS39,UNION HOME MORTGAGE CORP.,6,1,0,0.04,2,2,2,0,0,1,0,0,0,0,national
2025,WA,53041,Lewis,549300SCFWZXMDMZPE93,"RESIDENTIAL MORTGAGE, LLC",1,1,0,0.04,1,0,0,0,0,1,0,0,0,0,national
2025,WA,53041,Lewis,549300T61O0X0RJMQ375,,1,1,0,0.04,1,0,0,0,0,1,0,0,0,0,national
2025,WA,53041,Lewis,549300U8DCOOTG96YM89,,1,1,0,0.04,1,0,0,0,0,1,0,0,0,0,national
2025,WA,53041,Lewis,549300UT4EN6IH579Q63,"RIGHT START MORTGAGE, INC.",1,1,0,0.04,1,0,0,0,0,1,0,0,0,0,national
2025,WA,53041,Lewis,549300UTE20103B0T339,,1,1,0,0.04,0,1,0,0,0,0,1,0,0,0,national
2025,WA,53041,Lewis,549300VORTI31GZTJL53,"CARDINAL FINANCIAL COMPANY, LIMITED PARTNERSHIP",2,1,0,0.04,2,0,0,0,0,1,0,0,0,0,national
2025,WA,53041,Lewis,549300VZDEK4QLTWSL15,,1,1,0,0.04,1,0,0,0,0,1,0,0,0,0,national
2025,WA,53041,Lewis,549300X08QKYUH256I80,,1,1,0,0.04,1,0,0,0,0,1,0,0,0,0,national
2025,WA,53041,Lewis,549300XCVBRR56D08F03,,6,1,0,0.04,5,1,0,0,0,1,0,0,0,0,national
2025,WA,53041,Lewis,549300XWUSRVVOHPRY47,Academy Mortgage Corporation,1,1,0,0.04,0,1,0,0,0,0,1,0,0,0,national
2025,WA,53041,Lewis,549300YEI60WAHWQ3110,KITSAP Credit Union,3,1,1,0.04,3,0,0,0,0,1,0,0,0,0,national
2025,WA,53041,Lewis,549300ZBXINP1Y94CN02,,1,1,0,0.04,1,0,0,0,0,1,0,0,0,0,national
2025,WA,53041,Lewis,549300ZIQ24V0C88AC41,GTE Federal Credit Union,2,1,1,0.04,2,0,0,0,0,1,0,0,0,0,national
2025,WA,53041,Lewis,8WH0EE09O9V05QJZ3V89,"Zions Bancorporation, N.A.",3,1,2,0.04,3,0,0,0,0,1,0,0,0,0,national
2025,WA,53041,Lewis,CKVBED0S4DMLKJJ5XH28,Stifel Bank and Trust,1,1,0,0.04,1,0,0,0,0,1,0,0,0,0,national
2025,WA,53041,Lewis,D38AC76TAMYI50NBPX33,,1,1,0,0.04,1,0,0,0,0,1,0,0,0,0,national
2025,WA,53041,Lewis,ZXMJHJK466PBZTM5F379,,1,1,0,0.04,1,0,0,0,0,1,0,0,0,0,national
2025,WA,53041,Lewis,5493000YNV8IX4VD3X12,"VANDERBILT MORTGAGE AND FINANCE, INC.",7,0,2,0.0,7,0,0,0,0,0,0,0,0,0,national
2025,WA,53041,Lewis,549300RN01LBYR8ZVX74,"LOWER, LLC",6,0,0,0.0,3,1,2,0,0,0,0,0,0,0,national
2025,WA,53045,Mason,549300AQ3T62GXDU7D76,GUILD MORTGAGE COMPANY LLC,246,175,6,8.4,165,59,22,0,0,116,44,15,0,0,national
2025,WA,53045,Mason,549300FGXN1K3HLB1R50,"Rocket Mortgage, LLC",230,166,39,7.97,171,25,34,0,0,125,19,22,0,0,national
2025,WA,53045,Mason,549300HW662MN1WU8550,"United Wholesale Mortgage, LLC",197,139,26,6.67,75,44,78,0,0,53,30,56,0,0,national
2025,WA,53045,Mason,549300DD4R4SYK5RAQ92,"MOVEMENT MORTGAGE, LLC",140,103,4,4.94,86,35,19,0,0,62,27,14,0,0,national
2025,WA,53045,Mason,549300KM40FP4MSQU941,Boeing Employees Credit Union,136,76,44,3.65,133,1,2,0,0,75,1,0,0,0,national
2025,WA,53045,Mason,549300VZVN841I2ILS84,"CROSSCOUNTRY MORTGAGE, LLC",98,71,3,3.41,33,20,44,1,0,23,13,35,0,0,national
2025,WA,53045,Mason,5493003GQDUH26DNNH17,Navy Federal Credit Union,105,58,25,2.78,80,0,25,0,0,38,0,20,0,0,national
2025,WA,53045,Mason,54930060G4MDPWHISD89,EVERGREEN MONEYSOURCE MORTGAGE COMPANY,86,58,1,2.78,59,18,9,0,0,40,14,4,0,0,national
2025,WA,53045,Mason,5493000FWM3I2HHQY149,WASHINGTON STATE EMPLOYEES CREDIT UNION,107,55,44,2.64,102,5,0,0,0,52,3,0,0,0,national
2025,WA,53045,Mason,549300YEI60WAHWQ3110,KITSAP Credit Union,87,45,33,2.16,86,0,1,0,0,44,0,1,0,0,national
2025,WA,53045,Mason,RVDPPPGHCGZ40J4VQ731,"PENNYMAC LOAN SERVICES, LLC",64,39,6,1.87,42,8,14,0,0,27,5,7,0,0,national
2025,WA,53045,Mason,549300DD5QQUHO6PCH70,"MORTGAGE RESEARCH CENTER, LLC",86,38,15,1.82,3,1,82,0,0,0,0,38,0,0,national
2025,WA,53045,Mason,549300LYRWPSYPK6S325,FREEDOM MORTGAGE CORPORATION,71,38,8,1.82,11,12,48,0,0,5,6,27,0,0,national
2025,WA,53045,Mason,549300MGPZBLQDIL7538,FAIRWAY INDEPENDENT MORTGAGE CORPORATION,52,37,2,1.78,32,15,5,0,0,20,13,4,0,0,national
2025,WA,53045,Mason,549300GKFNPRWNS0GF29,"AmeriHome Mortgage Company, LLC",51,36,1,1.73,36,7,6,2,0,26,5,3,2,0,national
2025,WA,53045,Mason,2549008GIE3QVYB2FT28,,56,35,7,1.68,56,0,0,0,0,35,0,0,0,0,national
2025,WA,53045,Mason,549300E2UX99HKDBR481,"NEW AMERICAN FUNDING, LLC",65,35,5,1.68,41,17,6,1,0,22,8,4,1,0,national
2025,WA,53045,Mason,549300FNXYY540N23N64,Newrez LLC,75,35,11,1.68,41,18,16,0,0,21,5,9,0,0,national
2025,WA,53045,Mason,2549001SI0EMFPT39035,"Cornerstone First Mortgage, Inc",37,33,1,1.58,19,12,6,0,0,17,10,6,0,0,national
2025,WA,53045,Mason,6BYL5QZYBDK8S7L73M02,U.S. Bank National Association,38,24,10,1.15,37,0,1,0,0,23,0,1,0,0,national
2025,WA,53045,Mason,254900MKY47WU65N1J56,,23,19,0,0.91,23,0,0,0,0,19,0,0,0,0,national
2025,WA,53045,Mason,549300LBCBNR1OT00651,NATIONSTAR MORTGAGE LLC,27,19,5,0.91,22,3,2,0,0,14,3,2,0,0,national
2025,WA,53045,Mason,549300KIOYNU323LVJ37,AMERICAN PACIFIC MORTGAGE CORPORATION,25,18,2,0.86,13,11,1,0,0,10,7,1,0,0,national
2025,WA,53045,Mason,HUX2X73FUCYHUVH1BK78,KeyBank National Association,43,18,15,0.86,39,1,3,0,0,17,0,1,0,0,national
2025,WA,53045,Mason,549300AG10BX85DF5S49,MLD MORTGAGE INC.,21,17,0,0.82,16,4,1,0,0,12,4,1,0,0,national
2025,WA,53045,Mason,549300AG64NHILB7ZP05,"LOANDEPOT.COM, LLC",34,17,15,0.82,27,7,0,0,0,13,4,0,0,0,national
2025,WA,53045,Mason,549300H3IZO24NSOO931,"LENNAR MORTGAGE, LLC",19,17,1,0.82,8,4,7,0,0,7,4,6,0,0,national
2025,WA,53045,Mason,549300ZWNETGFXTBBY03,"CANOPY MORTGAGE, LLC",22,16,0,0.77,15,7,0,0,0,11,5,0,0,0,national
2025,WA,53045,Mason,549300MZ8VZJOVC63092,"KIND LENDING, LLC",24,15,4,0.72,12,8,4,0,0,7,5,3,0,0,national
2025,WA,53045,Mason,549300TEBV514KLDE180,,29,15,4,0.72,29,0,0,0,0,15,0,0,0,0,national
2025,WA,53045,Mason,549300OPCWU6E72WUT29,"MUTUAL OF OMAHA MORTGAGE, INC.",29,14,7,0.67,9,13,7,0,0,4,9,1,0,0,national
2025,WA,53045,Mason,549300U3721PJGQZYY68,"GUARANTEED RATE, INC.",24,14,2,0.67,14,8,2,0,0,10,2,2,0,0,national
2025,WA,53045,Mason,5493003T5D4N1CM46J77,1st Security Bank of Washington,18,13,0,0.62,14,4,0,0,0,11,2,0,0,0,national
2025,WA,53045,Mason,549300UBGGLZLZEY0M18,Peak Credit Union,25,13,6,0.62,25,0,0,0,0,13,0,0,0,0,national
2025,WA,53045,Mason,254900ZFWS2106HWPH46,"PARAMOUNT RESIDENTIAL MORTGAGE GROUP, INC.",16,12,0,0.58,11,2,2,1,0,8,2,2,0,0,national
2025,WA,53045,Mason,B4TYDEB6GKMZO031MB27,"Bank of America, National Association",42,12,18,0.58,41,0,1,0,0,11,0,1,0,0,national
2025,WA,53045,Mason,IFQSIUC9AGQV2NE8CN25,Columbia Bank,21,11,4,0.53,19,0,1,1,0,10,0,1,0,0,national
2025,WA,53045,Mason,549300CY7WNAHKHYSJ73,"CORNERSTONE CAPITAL BANK, SSB",11,10,0,0.48,9,2,0,0,0,8,2,0,0,0,national
2025,WA,53045,Mason,7H6GLXDRUGQFU57RNE97,"JPMorgan Chase Bank, National Association",18,10,4,0.48,17,0,1,0,0,10,0,0,0,0,national
2025,WA,53045,Mason,254900DTLHVWQ7NP7R34,"CMG Mortgage, Inc.",17,9,5,0.43,16,0,1,0,0,8,0,1,0,0,national
2025,WA,53045,Mason,549300DK7QID2ZON6Q55,Global Federal Credit Union,12,9,3,0.43,12,0,0,0,0,9,0,0,0,0,national
2025,WA,53045,Mason,549300121SF0K2LN2804,"PRIMELENDING, A PLAINSCAPITAL COMPANY",10,8,0,0.38,5,2,3,0,0,4,2,2,0,0,national
2025,WA,53045,Mason,54930021QRU8VXNS6152,Sound Credit Union,20,8,2,0.38,20,0,0,0,0,8,0,0,0,0,national
2025,WA,53045,Mason,5493009HUMWCHFRDKF12,SAMMAMISH MORTGAGE COMPANY,11,8,0,0.38,10,0,1,0,0,7,0,1,0,0,national
2025,WA,53045,Mason,549300B4IYL7TZT8FA34,"PREMIER MORTGAGE RESOURCES, L.L.C.",8,8,0,0.38,4,3,1,0,0,4,3,1,0,0,national
2025,WA,53045,Mason,549300G4ESSS6M0MEG51,ORIGINPOINT LLC,10,8,0,0.38,5,0,4,1,0,4,0,4,0,0,national
2025,WA,53045,Mason,549300KJ8PAJ7E52HG32,Plains Commerce Bank,12,8,2,0.38,8,4,0,0,0,5,3,0,0,0,national
2025,WA,53045,Mason,549300R9S3MVDV4MGF56,"CARRINGTON MORTGAGE SERVICES, LLC",22,8,7,0.38,9,7,6,0,0,4,2,2,0,0,national
2025,WA,53045,Mason,549300S5YL3OH0IVCS62,FINANCE OF AMERICA REVERSE LLC,9,8,1,0.38,1,8,0,0,0,0,8,0,0,0,national
2025,WA,53045,Mason,549300UB5TJ0YPVPT503,,10,8,1,0.38,6,2,2,0,0,5,2,1,0,0,national
2025,WA,53045,Mason,25490066WMF8ZMQXQB18,"Lendage, LLC",11,7,4,0.34,11,0,0,0,0,7,0,0,0,0,national
2025,WA,53045,Mason,254900FDPG829O6VBB05,"EASTSIDE FUNDING, LLC",10,7,0,0.34,10,0,0,0,0,7,0,0,0,0,national
2025,WA,53045,Mason,5493001B4U37VT2ML818,GESA CREDIT UNION,11,7,3,0.34,11,0,0,0,0,7,0,0,0,0,national
2025,WA,53045,Mason,5493001PXRJMPLXPG540,IDAHO CENTRAL CREDIT UNION,9,7,1,0.34,9,0,0,0,0,7,0,0,0,0,national
2025,WA,53045,Mason,5493002B2WMHY23GFK92,"AMERICAN FINANCIAL RESOURCES, INC.",12,7,0,0.34,6,4,2,0,0,5,2,0,0,0,national
2025,WA,53045,Mason,54930049L5WINET09Q97,"CLICK N' CLOSE, INC.",9,7,0,0.34,2,7,0,0,0,2,5,0,0,0,national
2025,WA,53045,Mason,549300JYXTZDSPJEPI44,"PLAZA HOME MORTGAGE, INC.",9,7,1,0.34,3,5,1,0,0,2,4,1,0,0,national
2025,WA,53045,Mason,549300RPOGWJRH63HS39,UNION HOME MORTGAGE CORP.,8,7,1,0.34,3,3,2,0,0,2,3,2,0,0,national
2025,WA,53045,Mason,549300YIQ7S7Z8PIHE53,AMERISAVE MORTGAGE CORPORATION,32,7,20,0.34,19,12,1,0,0,6,1,0,0,0,national
2025,WA,53045,Mason,KB1H1DSPRFMYMCUFXT09,"Wells Fargo Bank, National Association",13,7,2,0.34,12,1,0,0,0,7,0,0,0,0,national
2025,WA,53045,Mason,254900UL88QFG0E40516,FIGURE LENDING LLC,10,6,3,0.29,10,0,0,0,0,6,0,0,0,0,national
2025,WA,53045,Mason,5493002Y5XYV7DV1ZV88,"GOLD STAR MORTGAGE FINANCIAL GROUP, CORPORATION",6,6,0,0.29,3,1,2,0,0,3,1,2,0,0,national
2025,WA,53045,Mason,5493007L4GYNO2PUBS09,,19,6,3,0.29,9,6,4,0,0,3,1,2,0,0,national
2025,WA,53045,Mason,5493008ZTV4S0W9DCX64,,10,6,1,0.29,6,4,0,0,0,3,3,0,0,0,national
2025,WA,53045,Mason,549300GTVXJ2PGXNLM73,T2 FINANCIAL LLC,14,6,3,0.29,4,8,2,0,0,3,3,0,0,0,national
2025,WA,53045,Mason,549300PIL8LFAQ04XC20,Better Mortgage Corporation,35,6,26,0.29,35,0,0,0,0,6,0,0,0,0,national
2025,WA,53045,Mason,549300SUCQ1358EGVE89,"NEW DAY FINANCIAL, LLC",14,6,5,0.29,0,0,14,0,0,0,0,6,0,0,national
2025,WA,53045,Mason,549300ZBXINP1Y94CN02,,9,6,1,0.29,8,0,1,0,0,5,0,1,0,0,national
2025,WA,53045,Mason,PAOOWF3GUFM46FBSP561,,10,6,0,0.29,1,5,4,0,0,0,3,3,0,0,national
2025,WA,53045,Mason,01KWVG908KE7RKPTNP46,HomeStreet Bank,11,5,2,0.24,8,3,0,0,0,5,0,0,0,0,national
2025,WA,53045,Mason,54930021WPEXNHYZUL09,"PLANET HOME LENDING, LLC",6,5,0,0.24,3,1,2,0,0,3,1,1,0,0,national
2025,WA,53045,Mason,5493008NWHQT1R22C024,"AMERICAN FINANCIAL NETWORK, INC.",11,5,0,0.24,5,3,3,0,0,3,0,2,0,0,national
2025,WA,53045,Mason,549300CB67L6KPJLHE19,"TRIAD FINANCIAL SERVICES, INC.",14,5,8,0.24,14,0,0,0,0,5,0,0,0,0,national
2025,WA,53045,Mason,549300MHH03ICJYEPE85,,6,5,1,0.24,3,3,0,0,0,2,3,0,0,0,national
2025,WA,53045,Mason,549300NOCASXPA34X033,"LAKEVIEW LOAN SERVICING, LLC",30,5,17,0.24,14,8,8,0,0,3,2,0,0,0,national
2025,WA,53045,Mason,549300RFLICNI75BG067,Luminate Bank,5,5,0,0.24,3,2,0,0,0,3,2,0,0,0,national
2025,WA,53045,Mason,549300SCFWZXMDMZPE93,"RESIDENTIAL MORTGAGE, LLC",5,5,0,0.24,2,3,0,0,0,2,3,0,0,0,national
2025,WA,53045,Mason,549300SK2GVCQXPD4S58,"SUN WEST MORTGAGE COMPANY, INC.",12,5,4,0.24,1,4,7,0,0,1,0,4,0,0,national
2025,WA,53045,Mason,549300VQUTI5IU7GXT57,SECURITYNATIONAL MORTGAGE COMPANY,5,5,0,0.24,4,1,0,0,0,4,1,0,0,0,national
2025,WA,53045,Mason,549300XY701IELCE5Q08,BETTER MORTGAGE CORPORATION,22,5,6,0.24,17,3,2,0,0,3,1,1,0,0,national
2025,WA,53045,Mason,98450087981AP406JG03,CONVENTUS LLC,5,5,0,0.24,5,0,0,0,0,5,0,0,0,0,national
2025,WA,53045,Mason,AD6GFRVSDT01YPT1CS68,"PNC Bank, National Association",7,5,1,0.24,7,0,0,0,0,5,0,0,0,0,national
2025,WA,53045,Mason,2549004FXPNKCLIN8250,"Synergy One Lending, Inc.",7,4,1,0.19,6,1,0,0,0,4,0,0,0,0,national
2025,WA,53045,Mason,254900WTZC5SSKIN2M11,,6,4,1,0.19,6,0,0,0,0,4,0,0,0,0,national
2025,WA,53045,Mason,5493000NYUJT9UC6G261,LEADERONE FINANCIAL CORPORATION,6,4,2,0.19,2,3,1,0,0,1,2,1,0,0,national
2025,WA,53045,Mason,549300FX7K8PTEQUU487,PENTAGON FEDERAL CREDIT UNION,10,4,1,0.19,8,0,2,0,0,4,0,0,0,0,national
2025,WA,53045,Mason,549300HIVO8XPBPNVG69,NOVA FINANCIAL & INVESTMENT CORPORATION,7,4,0,0.19,2,2,3,0,0,1,2,1,0,0,national
2025,WA,53045,Mason,549300J7I82PNDVU8H22,"OCMBC, INC.",5,4,1,0.19,4,0,1,0,0,4,0,0,0,0,national
2025,WA,53045,Mason,549300PL8ER6H23P0Z91,BAY EQUITY LLC,6,4,0,0.19,5,1,0,0,0,4,0,0,0,0,national
2025,WA,53045,Mason,549300Q3ROEQU3D1IW91,,6,4,1,0.19,6,0,0,0,0,4,0,0,0,0,national
2025,WA,53045,Mason,549300Q50XCC0473FG63,,10,4,5,0.19,10,0,0,0,0,4,0,0,0,0,national
2025,WA,53045,Mason,549300XCVBRR56D08F03,,9,4,1,0.19,6,2,1,0,0,3,1,0,0,0,national
2025,WA,53045,Mason,549300XHPPLC0TBRV021,,4,4,0,0.19,3,1,0,0,0,3,1,0,0,0,national
2025,WA,53045,Mason,213800XR2TCBQJSF1X93,,8,3,0,0.14,2,0,6,0,0,0,0,3,0,0,national
2025,WA,53045,Mason,254900E6AIE4Z8YQM970,Citadel Servicing Corporation,4,3,0,0.14,4,0,0,0,0,3,0,0,0,0,national
2025,WA,53045,Mason,5493000D6RXLNBZQYA47,COLUMBIA COMMUNITY CREDIT UNION,4,3,0,0.14,4,0,0,0,0,3,0,0,0,0,national
2025,WA,53045,Mason,5493001WHVQBGRSWEU75,"HOMEBRIDGE FINANCIAL SERVICES, INC.",5,3,1,0.14,4,0,1,0,0,3,0,0,0,0,national
2025,WA,53045,Mason,54930028J11BWKUVGX50,,4,3,1,0.14,4,0,0,0,0,3,0,0,0,0,national
2025,WA,53045,Mason,549300370QILXLFUWD20,"ZILLOW HOME LOANS, LLC",4,3,0,0.14,3,0,1,0,0,2,0,1,0,0,national
2025,WA,53045,Mason,54930054ET8KM4O1D485,"SOFI BANK, NATIONAL ASSOCIATION",17,3,2,0.14,16,1,0,0,0,3,0,0,0,0,national
2025,WA,53045,Mason,5493006VAGP3GQ8FJT49,"Kiavi Funding, Inc.",3,3,0,0.14,3,0,0,0,0,3,0,0,0,0,national
2025,WA,53045,Mason,5493009B17HXCVXTD608,"JMAC LENDING, INC.",4,3,1,0.14,2,2,0,0,0,2,1,0,0,0,national
2025,WA,53045,Mason,5493009QB0KBU5M6NP90,,3,3,0,0.14,3,0,0,0,0,3,0,0,0,0,national
2025,WA,53045,Mason,549300BX448ALT10FI43,The Federal Savings Bank,8,3,0,0.14,0,0,8,0,0,0,0,3,0,0,national
2025,WA,53045,Mason,549300EKFFG3BU8DNX74,NEXERA HOLDING LLC,4,3,0,0.14,4,0,0,0,0,3,0,0,0,0,national
2025,WA,53045,Mason,549300J6N77Q8OHYNF23,,4,3,0,0.14,3,1,0,0,0,2,1,0,0,0,national
2025,WA,53045,Mason,549300K4ZLGS7SRDTL86,Equity Prime Mortgage LLC,6,3,0,0.14,0,0,6,0,0,0,0,3,0,0,national
2025,WA,53045,Mason,549300NFPC3Y4W3Y7R87,,8,3,0,0.14,3,2,3,0,0,0,1,2,0,0,national
2025,WA,53045,Mason,549300PBTV7FCWLSMM53,"MORTGAGE SOLUTIONS OF COLORADO, LLC",4,3,0,0.14,0,3,1,0,0,0,2,1,0,0,national
2025,WA,53045,Mason,549300QKL5FUBZ8LSF50,"NATIONS DIRECT MORTGAGE, LLC",3,3,0,0.14,3,0,0,0,0,3,0,0,0,0,national
2025,WA,53045,Mason,549300T94GSH3C4U5M59,ALLIANT CREDIT UNION,9,3,5,0.14,9,0,0,0,0,3,0,0,0,0,national
2025,WA,53045,Mason,549300U8DCOOTG96YM89,,7,3,1,0.14,7,0,0,0,0,3,0,0,0,0,national
2025,WA,53045,Mason,549300VCMRO4ST680C11,VILLAGE CAPITAL & INVESTMENT LLC,10,3,1,0.14,0,4,6,0,0,0,2,1,0,0,national
2025,WA,53045,Mason,549300VZDEK4QLTWSL15,,3,3,0,0.14,3,0,0,0,0,3,0,0,0,0,national
2025,WA,53045,Mason,549300WJIJV987NXVC31,,4,3,0,0.14,2,1,1,0,0,2,1,0,0,0,national
2025,WA,53045,Mason,549300Z2B4FHRYOXTS09,,7,3,3,0.14,7,0,0,0,0,3,0,0,0,0,national
2025,WA,53045,Mason,984500U2F9A83N391A91,"CHAMPIONS FUNDING, LLC",4,3,1,0.14,4,0,0,0,0,3,0,0,0,0,national
2025,WA,53045,Mason,C5654JQHZUHN0772B561,USAA Federal Savings Bank,12,3,6,0.14,6,0,6,0,0,2,0,1,0,0,national
2025,WA,53045,Mason,WE0I402RW25AU38DTI13,Banner Bank,13,3,6,0.14,13,0,0,0,0,3,0,0,0,0,national
2025,WA,53045,Mason,WWB2V0FCW3A0EE3ZJN75,Manufacturers and Traders Trust Company,5,3,0,0.14,0,2,3,0,0,0,1,2,0,0,national
2025,WA,53045,Mason,254900BMXWPEHXG4LF21,,2,2,0,0.1,1,1,0,0,0,1,1,0,0,0,national
2025,WA,53045,Mason,254900HEJ9F73IMPX887,,2,2,0,0.1,2,0,0,0,0,2,0,0,0,0,national
2025,WA,53045,Mason,254900JH11ROOV921P96,,2,2,0,0.1,1,1,0,0,0,1,1,0,0,0,national
2025,WA,53045,Mason,54930007KK7ZS3IJVC25,RED CANOE CREDIT UNION,2,2,0,0.1,2,0,0,0,0,2,0,0,0,0,national
2025,WA,53045,Mason,5493004AS1SPBQOFDR49,"Change Lending, LLC",3,2,0,0.1,2,0,1,0,0,2,0,0,0,0,national
2025,WA,53045,Mason,5493004T38NMC864VL66,,3,2,1,0.1,3,0,0,0,0,2,0,0,0,0,national
2025,WA,53045,Mason,5493005PKOSG7MYX0B34,"Prosperity Home Mortgage, LLC",3,2,0,0.1,2,0,1,0,0,1,0,1,0,0,national
2025,WA,53045,Mason,549300E34W6TNRG7B624,,2,2,0,0.1,2,0,0,0,0,2,0,0,0,0,national
2025,WA,53045,Mason,549300MCIFZSDHUT8X63,"NFM, INC.",2,2,0,0.1,2,0,0,0,0,2,0,0,0,0,national
2025,WA,53045,Mason,549300PL267CW8182203,,3,2,0,0.1,0,1,2,0,0,0,1,1,0,0,national
2025,WA,53045,Mason,549300R77W0P105C3S50,HOMEXPRESS MORTGAGE CORP.,2,2,0,0.1,2,0,0,0,0,2,0,0,0,0,national
2025,WA,53045,Mason,549300RN01LBYR8ZVX74,"LOWER, LLC",11,2,4,0.1,4,4,3,0,0,1,1,0,0,0,national
2025,WA,53045,Mason,549300VEJ302N3NLKA88,,2,2,0,0.1,2,0,0,0,0,2,0,0,0,0,national
2025,WA,53045,Mason,549300VORTI31GZTJL53,"CARDINAL FINANCIAL COMPANY, LIMITED PARTNERSHIP",4,2,2,0.1,0,1,3,0,0,0,1,1,0,0,national
2025,WA,53045,Mason,549300XQVJ1XBNFA5536,21ST MORTGAGE CORPORATION,16,2,7,0.1,16,0,0,0,0,2,0,0,0,0,national
2025,WA,53045,Mason,549300XW2H531FLD3I90,,3,2,0,0.1,3,0,0,0,0,2,0,0,0,0,national
2025,WA,53045,Mason,549300Y5Y88FQLI7VE83,DEEPHAVEN MORTGAGE LLC,2,2,0,0.1,2,0,0,0,0,2,0,0,0,0,national
2025,WA,53045,Mason,549300YN94MOAVYW0F52,"GoodLeap, LLC",4,2,2,0.1,0,1,3,0,0,0,0,2,0,0,national
2025,WA,53045,Mason,549300ZIQ24V0C88AC41,GTE Federal Credit Union,2,2,0,0.1,2,0,0,0,0,2,0,0,0,0,national
2025,WA,53045,Mason,2549004CU9LAM5CYA280,,1,1,0,0.05,1,0,0,0,0,1,0,0,0,0,national
2025,WA,53045,Mason,2549008LK3474E9U2888,ONPOINT COMMUNITY CREDIT UNION,3,1,2,0.05,3,0,0,0,0,1,0,0,0,0,national
2025,WA,53045,Mason,2549008X67CV1MNM7747,,1,1,0,0.05,1,0,0,0,0,1,0,0,0,0,national
2025,WA,53045,Mason,254900NZOY3XB2DNSZ34,,1,1,0,0.05,1,0,0,0,0,1,0,0,0,0,national
2025,WA,53045,Mason,254900RUCO27MVGTO768,LOAN FUNDER LLC,2,1,0,0.05,2,0,0,0,0,1,0,0,0,0,national
2025,WA,53045,Mason,254900WT4HAMDFWH3048,,1,1,0,0.05,0,1,0,0,0,0,1,0,0,0,national
2025,WA,53045,Mason,2WHM8VNJH63UN14OL754,The Huntington National Bank,1,1,0,0.05,1,0,0,0,0,1,0,0,0,0,national
2025,WA,53045,Mason,5493000349C5XXDRQX28,,2,1,0,0.05,2,0,0,0,0,1,0,0,0,0,national
2025,WA,53045,Mason,5493000OM9RKJW8W5K82,,1,1,0,0.05,1,0,0,0,0,1,0,0,0,0,national
2025,WA,53045,Mason,5493001GCBD5XGNIC815,Coastal Community Bank,6,1,0,0.05,6,0,0,0,0,1,0,0,0,0,national
2025,WA,53045,Mason,5493001GDRY0EL7VG372,"ARK-LA-TEX FINANCIAL SERVICES, LLC.",1,1,0,0.05,0,0,1,0,0,0,0,1,0,0,national
2025,WA,53045,Mason,5493001X0T84TYRJ5Y59,,1,1,0,0.05,1,0,0,0,0,1,0,0,0,0,national
2025,WA,53045,Mason,5493001XKL0FTNOJ0866,,5,1,0,0.05,1,2,2,0,0,0,0,1,0,0,national
2025,WA,53045,Mason,549300249G20MDIDRR27,,2,1,0,0.05,0,1,1,0,0,0,1,0,0,0,national
2025,WA,53045,Mason,54930025XJJO3T0M1A92,,1,1,0,0.05,1,0,0,0,0,1,0,0,0,0,national
2025,WA,53045,Mason,5493002TJKC8NLH1ZP82,,1,1,0,0.05,1,0,0,0,0,1,0,0,0,0,national
2025,WA,53045,Mason,549300323EON4W3CCM44,"RESICENTRAL, LLC",1,1,0,0.05,1,0,0,0,0,1,0,0,0,0,national
2025,WA,53045,Mason,54930043BMDE130FJ617,"PROVIDENT FUNDING ASSOCIATES, L.P.",4,1,1,0.05,4,0,0,0,0,1,0,0,0,0,national
2025,WA,53045,Mason,5493004R423PBPM6A173,,1,1,0,0.05,0,1,0,0,0,0,1,0,0,0,national
2025,WA,53045,Mason,5493005ICQ3QGEIWV618,UNITED MORTGAGE CORP.,1,1,0,0.05,1,0,0,0,0,1,0,0,0,0,national
2025,WA,53045,Mason,5493006RIR31ORKYB608,,1,1,0,0.05,1,0,0,0,0,1,0,0,0,0,national
2025,WA,53045,Mason,5493006S869XKIESMV41,Mountain America Federal Credit Union,1,1,0,0.05,1,0,0,0,0,1,0,0,0,0,national
2025,WA,53045,Mason,5493007CLWQN2S6IZK91,,1,1,0,0.05,0,0,1,0,0,0,0,1,0,0,national
2025,WA,53045,Mason,5493007QERYQSQ3QNH02,,1,1,0,0.05,1,0,0,0,0,1,0,0,0,0,national
2025,WA,53045,Mason,54930083D8Q8RK84Y448,,3,1,0,0.05,2,0,1,0,0,1,0,0,0,0,national
2025,WA,53045,Mason,5493008CPTDVOS570626,"Primary Residential Mortgage, Inc.",2,1,1,0.05,2,0,0,0,0,1,0,0,0,0,national
2025,WA,53045,Mason,5493008VVXQIDO1EZ460,"SUMMIT FUNDING, INC.",1,1,0,0.05,0,1,0,0,0,0,1,0,0,0,national
2025,WA,53045,Mason,54930097J3TUZXBXXE75,,1,1,0,0.05,1,0,0,0,0,1,0,0,0,0,national
2025,WA,53045,Mason,549300ALNLUNS3Y53T24,AMERICAN FINANCING CORPORATION,7,1,5,0.05,2,3,2,0,0,1,0,0,0,0,national
2025,WA,53045,Mason,549300B2JJHSM77T5Y41,,1,1,0,0.05,0,1,0,0,0,0,1,0,0,0,national
2025,WA,53045,Mason,549300BLL6VL7AXWYP56,CHURCHILL MORTGAGE CORPORATION,2,1,0,0.05,2,0,0,0,0,1,0,0,0,0,national
2025,WA,53045,Mason,549300GS0W0TEUQS8571,"Morgan Stanley Private Bank, National Association",1,1,0,0.05,1,0,0,0,0,1,0,0,0,0,national
2025,WA,53045,Mason,549300HGZNH5YBU04369,,2,1,1,0.05,2,0,0,0,0,1,0,0,0,0,national
2025,WA,53045,Mason,549300IEP77RKJ87Z176,OREGON COMMUNITY,1,1,0,0.05,1,0,0,0,0,1,0,0,0,0,national
2025,WA,53045,Mason,549300IKS3MMB5YK6T18,,1,1,0,0.05,1,0,0,0,0,1,0,0,0,0,national
2025,WA,53045,Mason,549300KDR80I1ELW8D36,,4,1,1,0.05,4,0,0,0,0,1,0,0,0,0,national
2025,WA,53045,Mason,549300KHXD7JSQUZIJ22,"HIGHLANDS RESIDENTIAL MORTGAGE, LTD.",1,1,0,0.05,1,0,0,0,0,1,0,0,0,0,national
2025,WA,53045,Mason,549300KSOOZZVXCMA627,ANGEL OAK MORTGAGE SOLUTIONS LLC,2,1,0,0.05,2,0,0,0,0,1,0,0,0,0,national
2025,WA,53045,Mason,549300LF0MZUT1N6QL28,,1,1,0,0.05,1,0,0,0,0,1,0,0,0,0,national
2025,WA,53045,Mason,549300LROQOOQU77WS20,,3,1,1,0.05,3,0,0,0,0,1,0,0,0,0,national
2025,WA,53045,Mason,549300MUXFVZKH4XLG17,,1,1,0,0.05,0,1,0,0,0,0,1,0,0,0,national
2025,WA,53045,Mason,549300O2EZG72LO2FX38,,1,1,0,0.05,1,0,0,0,0,1,0,0,0,0,national
2025,WA,53045,Mason,549300OYEKEORA1GI088,,3,1,1,0.05,0,0,3,0,0,0,0,1,0,0,national
2025,WA,53045,Mason,549300PC4MFWQBNVKG88,"V.I.P. MORTGAGE, INC.",1,1,0,0.05,0,0,1,0,0,0,0,1,0,0,national
2025,WA,53045,Mason,549300Q6YL1SFVPEGV90,,3,1,0,0.05,0,3,0,0,0,0,1,0,0,0,national
2025,WA,53045,Mason,549300RA3E0BUFO7YZ21,"Hometown Equity Mortgage, LLC",4,1,3,0.05,4,0,0,0,0,1,0,0,0,0,national
2025,WA,53045,Mason,549300T3F9S1MKFKHC53,HOMESTEAD FUNDING CORP.,1,1,0,0.05,1,0,0,0,0,1,0,0,0,0,national
2025,WA,53045,Mason,549300TDBTRK89DZRC13,Fibre Federal Credit Union,1,1,0,0.05,1,0,0,0,0,1,0,0,0,0,national
2025,WA,53045,Mason,549300TF1E42EUFBSL45,,2,1,0,0.05,2,0,0,0,0,1,0,0,0,0,national
2025,WA,53045,Mason,549300TUSRLWD8ETNR90,SPOKANE TEACHERS,2,1,0,0.05,2,0,0,0,0,1,0,0,0,0,national
2025,WA,53045,Mason,549300UR5AOWTJJ7KZ64,,1,1,0,0.05,1,0,0,0,0,1,0,0,0,0,national
2025,WA,53045,Mason,549300UTE20103B0T339,,1,1,0,0.05,0,1,0,0,0,0,1,0,0,0,national
2025,WA,53045,Mason,549300W1HU6IVVIEJ389,"RANLIFE, INC.",2,1,0,0.05,0,2,0,0,0,0,1,0,0,0,national
2025,WA,53045,Mason,549300W45D2J6BT4LX65,,1,1,0,0.05,1,0,0,0,0,1,0,0,0,0,national
2025,WA,53045,Mason,549300XWUSRVVOHPRY47,Academy Mortgage Corporation,2,1,0,0.05,2,0,0,0,0,1,0,0,0,0,national
2025,WA,53045,Mason,549300YX5RPSSMR88K92,,1,1,0,0.05,1,0,0,0,0,1,0,0,0,0,national
2025,WA,53045,Mason,549300ZPSJZO10ZAX556,"AMERICAN HERITAGE LENDING, LLC",1,1,0,0.05,1,0,0,0,0,1,0,0,0,0,national
2025,WA,53045,Mason,549300ZZME37MXI1EF14,"DAS ACQUISITION COMPANY, LLC",1,1,0,0.05,1,0,0,0,0,1,0,0,0,0,national
2025,WA,53045,Mason,593C3GZG957YOJPS2Z63,,1,1,0,0.05,1,0,0,0,0,1,0,0,0,0,national
2025,WA,53045,Mason,984500FAD1FB7FEGTE82,,1,1,0,0.05,1,0,0,0,0,1,0,0,0,0,national
2025,WA,53045,Mason,C398JSK21YCXWM603F55,"Barrington Bank & Trust Company, National Association",1,1,0,0.05,1,0,0,0,0,1,0,0,0,0,national
2025,WA,53045,Mason,D38AC76TAMYI50NBPX33,,2,1,0,0.05,2,0,0,0,0,1,0,0,0,0,national
2025,WA,53045,Mason,E57ODZWZ7FF32TWEFA76,"Citibank, National Association",2,1,0,0.05,2,0,0,0,0,1,0,0,0,0,national
2025,WA,53045,Mason,IUGPUX5LWRZ3B6KIZ697,Ameris Bank,1,1,0,0.05,0,0,1,0,0,0,0,1,0,0,national
2025,WA,53045,Mason,Q708HHR4LD2B7XIZNO92,First Federal Bank,2,1,0,0.05,1,0,1,0,0,1,0,0,0,0,national
2025,WA,53045,Mason,X05BVSK68TQ7YTOSNR22,Discover Bank,16,1,11,0.05,16,0,0,0,0,1,0,0,0,0,national
2025,WA,53047,Okanogan,54930060G4MDPWHISD89,EVERGREEN MONEYSOURCE MORTGAGE COMPANY,112,85,1,12.94,80,23,5,4,0,61,17,3,4,0,national
2025,WA,53047,Okanogan,549300FGXN1K3HLB1R50,"Rocket Mortgage, LLC",68,44,15,6.7,53,12,3,0,0,35,7,2,0,0,national
2025,WA,53047,Okanogan,549300TUSRLWD8ETNR90,SPOKANE TEACHERS,68,32,21,4.87,67,1,0,0,0,31,1,0,0,0,national
2025,WA,53047,Okanogan,549300AQ3T62GXDU7D76,GUILD MORTGAGE COMPANY LLC,48,30,3,4.57,35,5,8,0,0,23,3,4,0,0,national
2025,WA,53047,Okanogan,549300VZVN841I2ILS84,"CROSSCOUNTRY MORTGAGE, LLC",41,29,1,4.41,24,14,3,0,0,18,10,1,0,0,national
2025,WA,53047,Okanogan,IFQSIUC9AGQV2NE8CN25,Columbia Bank,49,29,9,4.41,43,5,1,0,0,27,1,1,0,0,national
2025,WA,53047,Okanogan,549300HW662MN1WU8550,"United Wholesale Mortgage, LLC",33,27,2,4.11,10,7,16,0,0,9,6,12,0,0,national
2025,WA,53047,Okanogan,549300ESRQ6OLBB56N04,Glacier Bank,43,23,10,3.5,40,0,3,0,0,22,0,1,0,0,national
2025,WA,53047,Okanogan,549300KM40FP4MSQU941,Boeing Employees Credit Union,44,23,17,3.5,44,0,0,0,0,23,0,0,0,0,national
2025,WA,53047,Okanogan,254900LX8DA8FRHUUD51,Potlatch No. 1 Financial Credit Union,31,18,2,2.74,31,0,0,0,0,18,0,0,0,0,national
2025,WA,53047,Okanogan,549300DD4R4SYK5RAQ92,"MOVEMENT MORTGAGE, LLC",21,13,1,1.98,18,3,0,0,0,10,3,0,0,0,national
2025,WA,53047,Okanogan,6BYL5QZYBDK8S7L73M02,U.S. Bank National Association,28,12,13,1.83,28,0,0,0,0,12,0,0,0,0,national
2025,WA,53047,Okanogan,WE0I402RW25AU38DTI13,Banner Bank,15,12,0,1.83,15,0,0,0,0,12,0,0,0,0,national
2025,WA,53047,Okanogan,549300DD5QQUHO6PCH70,"MORTGAGE RESEARCH CENTER, LLC",29,11,8,1.67,3,3,23,0,0,0,1,10,0,0,national
2025,WA,53047,Okanogan,549300LYRWPSYPK6S325,FREEDOM MORTGAGE CORPORATION,28,11,2,1.67,3,6,19,0,0,0,1,10,0,0,national
2025,WA,53047,Okanogan,549300AG64NHILB7ZP05,"LOANDEPOT.COM, LLC",13,10,3,1.52,8,3,2,0,0,6,2,2,0,0,national
2025,WA,53047,Okanogan,2549001SI0EMFPT39035,"Cornerstone First Mortgage, Inc",11,9,0,1.37,9,2,0,0,0,7,2,0,0,0,national
2025,WA,53047,Okanogan,5493001VH4ZJNSI25781,Peoples Bank,18,9,4,1.37,18,0,0,0,0,9,0,0,0,0,national
2025,WA,53047,Okanogan,RVDPPPGHCGZ40J4VQ731,"PENNYMAC LOAN SERVICES, LLC",20,8,8,1.22,15,3,0,2,0,5,3,0,0,0,national
2025,WA,53047,Okanogan,549300E2UX99HKDBR481,"NEW AMERICAN FUNDING, LLC",18,7,2,1.07,10,5,2,1,0,6,0,0,1,0,national
2025,WA,53047,Okanogan,549300LBCBNR1OT00651,NATIONSTAR MORTGAGE LLC,9,7,1,1.07,8,0,1,0,0,7,0,0,0,0,national
2025,WA,53047,Okanogan,2549004FXPNKCLIN8250,"Synergy One Lending, Inc.",6,6,0,0.91,3,3,0,0,0,3,3,0,0,0,national
2025,WA,53047,Okanogan,549300121SF0K2LN2804,"PRIMELENDING, A PLAINSCAPITAL COMPANY",8,6,2,0.91,5,2,1,0,0,4,1,1,0,0,national
2025,WA,53047,Okanogan,5493003GQDUH26DNNH17,Navy Federal Credit Union,8,6,1,0.91,7,0,1,0,0,5,0,1,0,0,national
2025,WA,53047,Okanogan,549300GKFNPRWNS0GF29,"AmeriHome Mortgage Company, LLC",10,6,0,0.91,6,1,2,1,0,3,1,1,1,0,national
2025,WA,53047,Okanogan,549300YIQ7S7Z8PIHE53,AMERISAVE MORTGAGE CORPORATION,18,6,12,0.91,13,5,0,0,0,4,2,0,0,0,national
2025,WA,53047,Okanogan,7H6GLXDRUGQFU57RNE97,"JPMorgan Chase Bank, National Association",7,6,1,0.91,6,0,1,0,0,5,0,1,0,0,national
2025,WA,53047,Okanogan,549300FNXYY540N23N64,Newrez LLC,15,5,5,0.76,9,6,0,0,0,4,1,0,0,0,national
2025,WA,53047,Okanogan,549300N52O6FKUCU5G62,NUMERICA CREDIT UNION,13,5,5,0.76,12,0,0,1,0,5,0,0,0,0,national
2025,WA,53047,Okanogan,549300OPCWU6E72WUT29,"MUTUAL OF OMAHA MORTGAGE, INC.",8,5,1,0.76,2,6,0,0,0,2,3,0,0,0,national
2025,WA,53047,Okanogan,KB1H1DSPRFMYMCUFXT09,"Wells Fargo Bank, National Association",13,5,7,0.76,13,0,0,0,0,5,0,0,0,0,national
2025,WA,53047,Okanogan,2549008TT6UNYR7AXF54,"Sunflower Bank, National Association",5,4,0,0.61,3,1,1,0,0,2,1,1,0,0,national
2025,WA,53047,Okanogan,254900UL88QFG0E40516,FIGURE LENDING LLC,9,4,3,0.61,9,0,0,0,0,4,0,0,0,0,national
2025,WA,53047,Okanogan,5493000FWM3I2HHQY149,WASHINGTON STATE EMPLOYEES CREDIT UNION,11,4,6,0.61,11,0,0,0,0,4,0,0,0,0,national
2025,WA,53047,Okanogan,5493001B4U37VT2ML818,GESA CREDIT UNION,9,4,1,0.61,9,0,0,0,0,4,0,0,0,0,national
2025,WA,53047,Okanogan,5493002B2WMHY23GFK92,"AMERICAN FINANCIAL RESOURCES, INC.",4,4,0,0.61,0,2,1,1,0,0,2,1,1,0,national
2025,WA,53047,Okanogan,5493003T5D4N1CM46J77,1st Security Bank of Washington,7,4,0,0.61,5,2,0,0,0,2,2,0,0,0,national
2025,WA,53047,Okanogan,549300DU4JZVSGF3G964,,5,4,0,0.61,5,0,0,0,0,4,0,0,0,0,national
2025,WA,53047,Okanogan,549300MGPZBLQDIL7538,FAIRWAY INDEPENDENT MORTGAGE CORPORATION,4,4,0,0.61,2,2,0,0,0,2,2,0,0,0,national
2025,WA,53047,Okanogan,B4TYDEB6GKMZO031MB27,"Bank of America, National Association",12,4,4,0.61,12,0,0,0,0,4,0,0,0,0,national
2025,WA,53047,Okanogan,254900DTLHVWQ7NP7R34,"CMG Mortgage, Inc.",3,3,0,0.46,3,0,0,0,0,3,0,0,0,0,national
2025,WA,53047,Okanogan,5493001GCBD5XGNIC815,Coastal Community Bank,9,3,1,0.46,9,0,0,0,0,3,0,0,0,0,national
2025,WA,53047,Okanogan,5493009HUMWCHFRDKF12,SAMMAMISH MORTGAGE COMPANY,3,3,0,0.46,3,0,0,0,0,3,0,0,0,0,national
2025,WA,53047,Okanogan,549300CY7WNAHKHYSJ73,"CORNERSTONE CAPITAL BANK, SSB",3,3,0,0.46,0,2,1,0,0,0,2,1,0,0,national
2025,WA,53047,Okanogan,549300XY701IELCE5Q08,BETTER MORTGAGE CORPORATION,3,3,0,0.46,3,0,0,0,0,3,0,0,0,0,national
2025,WA,53047,Okanogan,549300Y5Y88FQLI7VE83,DEEPHAVEN MORTGAGE LLC,4,3,1,0.46,4,0,0,0,0,3,0,0,0,0,national
2025,WA,53047,Okanogan,01KWVG908KE7RKPTNP46,HomeStreet Bank,3,2,0,0.3,2,1,0,0,0,1,1,0,0,0,national
2025,WA,53047,Okanogan,254900QPRPHIXEAX3L37,,2,2,0,0.3,2,0,0,0,0,2,0,0,0,0,national
2025,WA,53047,Okanogan,5493001PXRJMPLXPG540,IDAHO CENTRAL CREDIT UNION,4,2,2,0.3,4,0,0,0,0,2,0,0,0,0,national
2025,WA,53047,Okanogan,54930028J11BWKUVGX50,,2,2,0,0.3,2,0,0,0,0,2,0,0,0,0,national
2025,WA,53047,Okanogan,549300715JT4HMT74E48,,3,2,1,0.3,3,0,0,0,0,2,0,0,0,0,national
2025,WA,53047,Okanogan,5493008CPTDVOS570626,"Primary Residential Mortgage, Inc.",4,2,1,0.3,4,0,0,0,0,2,0,0,0,0,national
2025,WA,53047,Okanogan,5493008ZTV4S0W9DCX64,,2,2,0,0.3,1,1,0,0,0,1,1,0,0,0,national
2025,WA,53047,Okanogan,549300B4IYL7TZT8FA34,"PREMIER MORTGAGE RESOURCES, L.L.C.",2,2,0,0.3,1,1,0,0,0,1,1,0,0,0,national
2025,WA,53047,Okanogan,549300BLL6VL7AXWYP56,CHURCHILL MORTGAGE CORPORATION,2,2,0,0.3,1,0,1,0,0,1,0,1,0,0,national
2025,WA,53047,Okanogan,549300DK7QID2ZON6Q55,Global Federal Credit Union,3,2,0,0.3,3,0,0,0,0,2,0,0,0,0,national
2025,WA,53047,Okanogan,549300J7I82PNDVU8H22,"OCMBC, INC.",2,2,0,0.3,1,1,0,0,0,1,1,0,0,0,national
2025,WA,53047,Okanogan,549300KDR80I1ELW8D36,,4,2,0,0.3,4,0,0,0,0,2,0,0,0,0,national
2025,WA,53047,Okanogan,549300KIOYNU323LVJ37,AMERICAN PACIFIC MORTGAGE CORPORATION,5,2,2,0.3,3,1,1,0,0,2,0,0,0,0,national
2025,WA,53047,Okanogan,549300MZ8VZJOVC63092,"KIND LENDING, LLC",2,2,0,0.3,2,0,0,0,0,2,0,0,0,0,national
2025,WA,53047,Okanogan,549300P2GEYNMH5OQA71,WASHINGTON TRUST BANK,4,2,1,0.3,3,1,0,0,0,2,0,0,0,0,national
2025,WA,53047,Okanogan,549300Q3ROEQU3D1IW91,,4,2,2,0.3,4,0,0,0,0,2,0,0,0,0,national
2025,WA,53047,Okanogan,549300RYTR2RVL4SFJ90,,2,2,0,0.3,2,0,0,0,0,2,0,0,0,0,national
2025,WA,53047,Okanogan,549300SK2GVCQXPD4S58,"SUN WEST MORTGAGE COMPANY, INC.",3,2,0,0.3,0,1,2,0,0,0,1,1,0,0,national
2025,WA,53047,Okanogan,549300XQVJ1XBNFA5536,21ST MORTGAGE CORPORATION,4,2,1,0.3,4,0,0,0,0,2,0,0,0,0,national
2025,WA,53047,Okanogan,C5654JQHZUHN0772B561,USAA Federal Savings Bank,3,2,0,0.3,2,0,1,0,0,1,0,1,0,0,national
2025,WA,53047,Okanogan,CKVBED0S4DMLKJJ5XH28,Stifel Bank and Trust,2,2,0,0.3,2,0,0,0,0,2,0,0,0,0,national
2025,WA,53047,Okanogan,HUX2X73FUCYHUVH1BK78,KeyBank National Association,3,2,0,0.3,3,0,0,0,0,2,0,0,0,0,national
2025,WA,53047,Okanogan,2549008LK3474E9U2888,ONPOINT COMMUNITY CREDIT UNION,3,1,0,0.15,3,0,0,0,0,1,0,0,0,0,national
2025,WA,53047,Okanogan,254900FDPG829O6VBB05,"EASTSIDE FUNDING, LLC",1,1,0,0.15,1,0,0,0,0,1,0,0,0,0,national
2025,WA,53047,Okanogan,254900HEJ9F73IMPX887,,1,1,0,0.15,1,0,0,0,0,1,0,0,0,0,national
2025,WA,53047,Okanogan,254900MKY47WU65N1J56,,2,1,0,0.15,2,0,0,0,0,1,0,0,0,0,national
2025,WA,53047,Okanogan,54930001NSTOD85LT125,"GUARANTEED RATE AFFINITY, LLC",1,1,0,0.15,1,0,0,0,0,1,0,0,0,0,national
2025,WA,53047,Okanogan,5493000BAKE4VAHVCU55,,2,1,1,0.15,2,0,0,0,0,1,0,0,0,0,national
2025,WA,53047,Okanogan,5493000NYUJT9UC6G261,LEADERONE FINANCIAL CORPORATION,1,1,0,0.15,0,1,0,0,0,0,1,0,0,0,national
2025,WA,53047,Okanogan,5493001JT9MT3Z3Y3M39,,2,1,0,0.15,2,0,0,0,0,1,0,0,0,0,national
2025,WA,53047,Okanogan,5493001WHVQBGRSWEU75,"HOMEBRIDGE FINANCIAL SERVICES, INC.",2,1,0,0.15,0,0,2,0,0,0,0,1,0,0,national
2025,WA,53047,Okanogan,54930021QRU8VXNS6152,Sound Credit Union,1,1,0,0.15,1,0,0,0,0,1,0,0,0,0,national
2025,WA,53047,Okanogan,5493002Y5XYV7DV1ZV88,"GOLD STAR MORTGAGE FINANCIAL GROUP, CORPORATION",1,1,0,0.15,1,0,0,0,0,1,0,0,0,0,national
2025,WA,53047,Okanogan,5493003Q3L1PO9NBVK64,WHATCOM EDUCATIONAL CREDIT UNION,1,1,0,0.15,1,0,0,0,0,1,0,0,0,0,national
2025,WA,53047,Okanogan,54930043BMDE130FJ617,"PROVIDENT FUNDING ASSOCIATES, L.P.",1,1,0,0.15,1,0,0,0,0,1,0,0,0,0,national
2025,WA,53047,Okanogan,549300ALNLUNS3Y53T24,AMERICAN FINANCING CORPORATION,6,1,2,0.15,2,3,1,0,0,0,1,0,0,0,national
2025,WA,53047,Okanogan,549300BOXNV8VLRBDT24,,1,1,0,0.15,1,0,0,0,0,1,0,0,0,0,national
2025,WA,53047,Okanogan,549300BX448ALT10FI43,The Federal Savings Bank,3,1,2,0.15,1,0,2,0,0,1,0,0,0,0,national
2025,WA,53047,Okanogan,549300COIWXM618UBE82,HomeTrust Bank,1,1,0,0.15,1,0,0,0,0,1,0,0,0,0,national
2025,WA,53047,Okanogan,549300CP7747DCRW6U68,,1,1,0,0.15,1,0,0,0,0,1,0,0,0,0,national
2025,WA,53047,Okanogan,549300ELLMUEKP1JHB70,,1,1,0,0.15,1,0,0,0,0,1,0,0,0,0,national
2025,WA,53047,Okanogan,549300G4ESSS6M0MEG51,ORIGINPOINT LLC,1,1,0,0.15,1,0,0,0,0,1,0,0,0,0,national
2025,WA,53047,Okanogan,549300GS0W0TEUQS8571,"Morgan Stanley Private Bank, National Association",1,1,0,0.15,1,0,0,0,0,1,0,0,0,0,national
2025,WA,53047,Okanogan,549300INFJ8TYNZ1G568,,1,1,0,0.15,1,0,0,0,0,1,0,0,0,0,national
2025,WA,53047,Okanogan,549300JD1162QW84ZO34,,1,1,0,0.15,1,0,0,0,0,1,0,0,0,0,national
2025,WA,53047,Okanogan,549300K4ZLGS7SRDTL86,Equity Prime Mortgage LLC,6,1,2,0.15,1,4,1,0,0,0,1,0,0,0,national
2025,WA,53047,Okanogan,549300KSOOZZVXCMA627,ANGEL OAK MORTGAGE SOLUTIONS LLC,2,1,0,0.15,2,0,0,0,0,1,0,0,0,0,national
2025,WA,53047,Okanogan,549300LIZH7VW4DFJK44,,3,1,1,0.15,2,1,0,0,0,1,0,0,0,0,national
2025,WA,53047,Okanogan,549300LZUXCJFE5ONM48,,1,1,0,0.15,0,1,0,0,0,0,1,0,0,0,national
2025,WA,53047,Okanogan,549300MHH03ICJYEPE85,,1,1,0,0.15,0,1,0,0,0,0,1,0,0,0,national
2025,WA,53047,Okanogan,549300MUXFVZKH4XLG17,,2,1,0,0.15,2,0,0,0,0,1,0,0,0,0,national
2025,WA,53047,Okanogan,549300N3JBQ15RQ7AV97,,1,1,0,0.15,1,0,0,0,0,1,0,0,0,0,national
2025,WA,53047,Okanogan,549300PQLK8E48ILXV41,,2,1,0,0.15,2,0,0,0,0,1,0,0,0,0,national
2025,WA,53047,Okanogan,549300R77W0P105C3S50,HOMEXPRESS MORTGAGE CORP.,1,1,0,0.15,1,0,0,0,0,1,0,0,0,0,national
2025,WA,53047,Okanogan,549300R9S3MVDV4MGF56,"CARRINGTON MORTGAGE SERVICES, LLC",3,1,2,0.15,1,2,0,0,0,0,1,0,0,0,national
2025,WA,53047,Okanogan,549300RM1IZYGQDSNL85,,1,1,0,0.15,0,0,1,0,0,0,0,1,0,0,national
2025,WA,53047,Okanogan,549300RN01LBYR8ZVX74,"LOWER, LLC",2,1,1,0.15,1,1,0,0,0,1,0,0,0,0,national
2025,WA,53047,Okanogan,549300S5YL3OH0IVCS62,FINANCE OF AMERICA REVERSE LLC,2,1,1,0.15,0,2,0,0,0,0,1,0,0,0,national
2025,WA,53047,Okanogan,549300T7HRS5DVBUPQ06,,1,1,0,0.15,1,0,0,0,0,1,0,0,0,0,national
2025,WA,53047,Okanogan,549300TA4MQM8WN2XG31,,1,1,0,0.15,1,0,0,0,0,1,0,0,0,0,national
2025,WA,53047,Okanogan,549300TF1E42EUFBSL45,,1,1,0,0.15,1,0,0,0,0,1,0,0,0,0,national
2025,WA,53047,Okanogan,549300UG7QXKM7KGV847,,2,1,1,0.15,2,0,0,0,0,1,0,0,0,0,national
2025,WA,53047,Okanogan,549300UXY7OP0IC38293,Northpointe Bank,1,1,0,0.15,1,0,0,0,0,1,0,0,0,0,national
2025,WA,53047,Okanogan,549300VQUTI5IU7GXT57,SECURITYNATIONAL MORTGAGE COMPANY,2,1,0,0.15,2,0,0,0,0,1,0,0,0,0,national
2025,WA,53047,Okanogan,549300VZDEK4QLTWSL15,,1,1,0,0.15,1,0,0,0,0,1,0,0,0,0,national
2025,WA,53047,Okanogan,549300XHF3PMRO08N352,,2,1,1,0.15,2,0,0,0,0,1,0,0,0,0,national
2025,WA,53047,Okanogan,549300XW2H531FLD3I90,,2,1,0,0.15,2,0,0,0,0,1,0,0,0,0,national
2025,WA,53047,Okanogan,549300XWUSRVVOHPRY47,Academy Mortgage Corporation,1,1,0,0.15,0,1,0,0,0,0,1,0,0,0,national
2025,WA,53047,Okanogan,549300YN94MOAVYW0F52,"GoodLeap, LLC",1,1,0,0.15,1,0,0,0,0,1,0,0,0,0,national
2025,WA,53047,Okanogan,549300ZBXINP1Y94CN02,,1,1,0,0.15,1,0,0,0,0,1,0,0,0,0,national
2025,WA,53047,Okanogan,549300ZWNETGFXTBBY03,"CANOPY MORTGAGE, LLC",1,1,0,0.15,1,0,0,0,0,1,0,0,0,0,national
2025,WA,53047,Okanogan,8WH0EE09O9V05QJZ3V89,"Zions Bancorporation, N.A.",1,1,0,0.15,1,0,0,0,0,1,0,0,0,0,national
2025,WA,53047,Okanogan,AD6GFRVSDT01YPT1CS68,"PNC Bank, National Association",3,1,1,0.15,3,0,0,0,0,1,0,0,0,0,national
2025,WA,53047,Okanogan,DRMSV1Q0EKMEXLAU1P80,"Citizens Bank, National Association",1,1,0,0.15,1,0,0,0,0,1,0,0,0,0,national
2025,WA,53047,Okanogan,IUGPUX5LWRZ3B6KIZ697,Ameris Bank,1,1,0,0.15,0,0,1,0,0,0,0,1,0,0,national
2025,WA,53047,Okanogan,PAOOWF3GUFM46FBSP561,,1,1,0,0.15,0,1,0,0,0,0,1,0,0,0,national
2025,WA,53047,Okanogan,54930054ET8KM4O1D485,"SOFI BANK, NATIONAL ASSOCIATION",5,0,1,0.0,5,0,0,0,0,0,0,0,0,0,national
2025,WA,53047,Okanogan,549300PIL8LFAQ04XC20,Better Mortgage Corporation,7,0,3,0.0,7,0,0,0,0,0,0,0,0,0,national
2025,WA,53049,Pacific,549300HW662MN1WU8550,"United Wholesale Mortgage, LLC",83,66,9,10.12,49,16,18,0,0,38,12,16,0,0,national
2025,WA,53049,Pacific,549300FGXN1K3HLB1R50,"Rocket Mortgage, LLC",84,57,16,8.74,68,8,8,0,0,47,5,5,0,0,national
2025,WA,53049,Pacific,549300AQ3T62GXDU7D76,GUILD MORTGAGE COMPANY LLC,47,31,2,4.75,36,8,1,2,0,22,6,1,2,0,national
2025,WA,53049,Pacific,549300SCFWZXMDMZPE93,"RESIDENTIAL MORTGAGE, LLC",30,23,0,3.53,26,3,1,0,0,19,3,1,0,0,national
2025,WA,53049,Pacific,549300VZVN841I2ILS84,"CROSSCOUNTRY MORTGAGE, LLC",35,21,1,3.22,13,15,7,0,0,7,10,4,0,0,national
2025,WA,53049,Pacific,54930060G4MDPWHISD89,EVERGREEN MONEYSOURCE MORTGAGE COMPANY,18,15,1,2.3,15,2,1,0,0,12,2,1,0,0,national
2025,WA,53049,Pacific,549300TDBTRK89DZRC13,Fibre Federal Credit Union,23,15,7,2.3,23,0,0,0,0,15,0,0,0,0,national
2025,WA,53049,Pacific,549300KM40FP4MSQU941,Boeing Employees Credit Union,23,14,4,2.15,23,0,0,0,0,14,0,0,0,0,national
2025,WA,53049,Pacific,549300DD5QQUHO6PCH70,"MORTGAGE RESEARCH CENTER, LLC",26,13,4,1.99,2,3,21,0,0,1,2,10,0,0,national
2025,WA,53049,Pacific,549300LYRWPSYPK6S325,FREEDOM MORTGAGE CORPORATION,23,13,2,1.99,5,7,11,0,0,2,4,7,0,0,national
2025,WA,53049,Pacific,RVDPPPGHCGZ40J4VQ731,"PENNYMAC LOAN SERVICES, LLC",20,11,3,1.69,8,9,3,0,0,7,3,1,0,0,national
2025,WA,53049,Pacific,549300AG64NHILB7ZP05,"LOANDEPOT.COM, LLC",21,10,9,1.53,14,5,2,0,0,7,3,0,0,0,national
2025,WA,53049,Pacific,549300U3721PJGQZYY68,"GUARANTEED RATE, INC.",14,10,0,1.53,13,1,0,0,0,9,1,0,0,0,national
2025,WA,53049,Pacific,6BYL5QZYBDK8S7L73M02,U.S. Bank National Association,12,9,2,1.38,12,0,0,0,0,9,0,0,0,0,national
2025,WA,53049,Pacific,B4TYDEB6GKMZO031MB27,"Bank of America, National Association",12,9,0,1.38,12,0,0,0,0,9,0,0,0,0,national
2025,WA,53049,Pacific,HUX2X73FUCYHUVH1BK78,KeyBank National Association,21,8,9,1.23,20,1,0,0,0,8,0,0,0,0,national
2025,WA,53049,Pacific,2549008LK3474E9U2888,ONPOINT COMMUNITY CREDIT UNION,11,7,3,1.07,11,0,0,0,0,7,0,0,0,0,national
2025,WA,53049,Pacific,254900DTLHVWQ7NP7R34,"CMG Mortgage, Inc.",10,7,1,1.07,8,2,0,0,0,6,1,0,0,0,national
2025,WA,53049,Pacific,549300FNXYY540N23N64,Newrez LLC,21,7,2,1.07,10,4,7,0,0,4,0,3,0,0,national
2025,WA,53049,Pacific,549300KIOYNU323LVJ37,AMERICAN PACIFIC MORTGAGE CORPORATION,9,7,0,1.07,7,1,1,0,0,5,1,1,0,0,national
2025,WA,53049,Pacific,549300OPCWU6E72WUT29,"MUTUAL OF OMAHA MORTGAGE, INC.",11,7,2,1.07,3,7,1,0,0,3,4,0,0,0,national
2025,WA,53049,Pacific,549300RFSMIRUODUVW59,First Interstate Bank,14,7,5,1.07,14,0,0,0,0,7,0,0,0,0,national
2025,WA,53049,Pacific,7H6GLXDRUGQFU57RNE97,"JPMorgan Chase Bank, National Association",8,7,0,1.07,8,0,0,0,0,7,0,0,0,0,national
2025,WA,53049,Pacific,254900UL88QFG0E40516,FIGURE LENDING LLC,10,6,2,0.92,10,0,0,0,0,6,0,0,0,0,national
2025,WA,53049,Pacific,254900VHUBSJJKOMBF27,,7,6,0,0.92,5,2,0,0,0,5,1,0,0,0,national
2025,WA,53049,Pacific,5493001B4U37VT2ML818,GESA CREDIT UNION,10,6,3,0.92,10,0,0,0,0,6,0,0,0,0,national
2025,WA,53049,Pacific,549300CY7WNAHKHYSJ73,"CORNERSTONE CAPITAL BANK, SSB",7,6,0,0.92,6,1,0,0,0,5,1,0,0,0,national
2025,WA,53049,Pacific,549300LVO8UXHRM8O957,,8,6,1,0.92,8,0,0,0,0,6,0,0,0,0,national
2025,WA,53049,Pacific,549300MGPZBLQDIL7538,FAIRWAY INDEPENDENT MORTGAGE CORPORATION,11,6,2,0.92,8,3,0,0,0,6,0,0,0,0,national
2025,WA,53049,Pacific,549300UBGGLZLZEY0M18,Peak Credit Union,19,6,8,0.92,19,0,0,0,0,6,0,0,0,0,national
2025,WA,53049,Pacific,549300XWUSRVVOHPRY47,Academy Mortgage Corporation,7,6,0,0.92,4,3,0,0,0,3,3,0,0,0,national
2025,WA,53049,Pacific,254900N49YI2HHKDPS92,IQ Credit Union,8,5,3,0.77,8,0,0,0,0,5,0,0,0,0,national
2025,WA,53049,Pacific,5493000FWM3I2HHQY149,WASHINGTON STATE EMPLOYEES CREDIT UNION,13,5,6,0.77,11,2,0,0,0,5,0,0,0,0,national
2025,WA,53049,Pacific,5493002B2WMHY23GFK92,"AMERICAN FINANCIAL RESOURCES, INC.",5,5,0,0.77,1,3,1,0,0,1,3,1,0,0,national
2025,WA,53049,Pacific,549300GKFNPRWNS0GF29,"AmeriHome Mortgage Company, LLC",9,5,0,0.77,8,1,0,0,0,5,0,0,0,0,national
2025,WA,53049,Pacific,549300ZZME37MXI1EF14,"DAS ACQUISITION COMPANY, LLC",6,5,0,0.77,1,3,2,0,0,1,3,1,0,0,national
2025,WA,53049,Pacific,PAOOWF3GUFM46FBSP561,,9,5,0,0.77,2,7,0,0,0,1,4,0,0,0,national
2025,WA,53049,Pacific,25490066WMF8ZMQXQB18,"Lendage, LLC",4,4,0,0.61,4,0,0,0,0,4,0,0,0,0,national
2025,WA,53049,Pacific,5493001GCBD5XGNIC815,Coastal Community Bank,9,4,0,0.61,9,0,0,0,0,4,0,0,0,0,national
2025,WA,53049,Pacific,5493003GQDUH26DNNH17,Navy Federal Credit Union,18,4,5,0.61,17,0,1,0,0,4,0,0,0,0,national
2025,WA,53049,Pacific,5493003T5D4N1CM46J77,1st Security Bank of Washington,5,4,1,0.61,3,2,0,0,0,2,2,0,0,0,national
2025,WA,53049,Pacific,549300BLL6VL7AXWYP56,CHURCHILL MORTGAGE CORPORATION,8,4,2,0.61,4,3,1,0,0,2,2,0,0,0,national
2025,WA,53049,Pacific,549300BX448ALT10FI43,The Federal Savings Bank,7,4,0,0.61,0,1,6,0,0,0,0,4,0,0,national
2025,WA,53049,Pacific,549300DD4R4SYK5RAQ92,"MOVEMENT MORTGAGE, LLC",4,4,0,0.61,4,0,0,0,0,4,0,0,0,0,national
2025,WA,53049,Pacific,549300E2UX99HKDBR481,"NEW AMERICAN FUNDING, LLC",9,4,2,0.61,3,6,0,0,0,2,2,0,0,0,national
2025,WA,53049,Pacific,549300KHXD7JSQUZIJ22,"HIGHLANDS RESIDENTIAL MORTGAGE, LTD.",5,4,0,0.61,3,0,2,0,0,3,0,1,0,0,national
2025,WA,53049,Pacific,549300LBCBNR1OT00651,NATIONSTAR MORTGAGE LLC,8,4,4,0.61,6,0,2,0,0,3,0,1,0,0,national
2025,WA,53049,Pacific,549300PIL8LFAQ04XC20,Better Mortgage Corporation,10,4,3,0.61,10,0,0,0,0,4,0,0,0,0,national
2025,WA,53049,Pacific,549300RPOGWJRH63HS39,UNION HOME MORTGAGE CORP.,6,4,0,0.61,5,0,1,0,0,4,0,0,0,0,national
2025,WA,53049,Pacific,549300J6N77Q8OHYNF23,,3,3,0,0.46,3,0,0,0,0,3,0,0,0,0,national
2025,WA,53049,Pacific,549300LZUXCJFE5ONM48,,4,3,0,0.46,0,4,0,0,0,0,3,0,0,0,national
2025,WA,53049,Pacific,549300MP3KK77THHQT36,,6,3,1,0.46,6,0,0,0,0,3,0,0,0,0,national
2025,WA,53049,Pacific,549300O2EZG72LO2FX38,,3,3,0,0.46,3,0,0,0,0,3,0,0,0,0,national
2025,WA,53049,Pacific,549300Q3ROEQU3D1IW91,,5,3,2,0.46,5,0,0,0,0,3,0,0,0,0,national
2025,WA,53049,Pacific,549300QKL5FUBZ8LSF50,"NATIONS DIRECT MORTGAGE, LLC",3,3,0,0.46,3,0,0,0,0,3,0,0,0,0,national
2025,WA,53049,Pacific,549300R77W0P105C3S50,HOMEXPRESS MORTGAGE CORP.,6,3,3,0.46,5,1,0,0,0,3,0,0,0,0,national
2025,WA,53049,Pacific,549300T94GSH3C4U5M59,ALLIANT CREDIT UNION,5,3,1,0.46,5,0,0,0,0,3,0,0,0,0,national
2025,WA,53049,Pacific,549300XCVBRR56D08F03,,6,3,0,0.46,6,0,0,0,0,3,0,0,0,0,national
2025,WA,53049,Pacific,549300YIQ7S7Z8PIHE53,AMERISAVE MORTGAGE CORPORATION,13,3,9,0.46,12,0,1,0,0,2,0,1,0,0,national
2025,WA,53049,Pacific,KB1H1DSPRFMYMCUFXT09,"Wells Fargo Bank, National Association",5,3,1,0.46,4,0,1,0,0,3,0,0,0,0,national
2025,WA,53049,Pacific,WE0I402RW25AU38DTI13,Banner Bank,6,3,2,0.46,6,0,0,0,0,3,0,0,0,0,national
2025,WA,53049,Pacific,25490018IFQOT83Q7H49,,2,2,0,0.31,2,0,0,0,0,2,0,0,0,0,national
2025,WA,53049,Pacific,2549001IK7UDPADKAG34,,3,2,1,0.31,3,0,0,0,0,2,0,0,0,0,national
2025,WA,53049,Pacific,2549005SIVTHG14U2905,A&D Mortgage LLC,3,2,0,0.31,2,1,0,0,0,1,1,0,0,0,national
2025,WA,53049,Pacific,254900BMXWPEHXG4LF21,,2,2,0,0.31,0,2,0,0,0,0,2,0,0,0,national
2025,WA,53049,Pacific,5493001PXRJMPLXPG540,IDAHO CENTRAL CREDIT UNION,2,2,0,0.31,2,0,0,0,0,2,0,0,0,0,national
2025,WA,53049,Pacific,549300370QILXLFUWD20,"ZILLOW HOME LOANS, LLC",3,2,0,0.31,3,0,0,0,0,2,0,0,0,0,national
2025,WA,53049,Pacific,54930043BMDE130FJ617,"PROVIDENT FUNDING ASSOCIATES, L.P.",2,2,0,0.31,2,0,0,0,0,2,0,0,0,0,national
2025,WA,53049,Pacific,54930049L5WINET09Q97,"CLICK N' CLOSE, INC.",2,2,0,0.31,0,2,0,0,0,0,2,0,0,0,national
2025,WA,53049,Pacific,5493008NWHQT1R22C024,"AMERICAN FINANCIAL NETWORK, INC.",2,2,0,0.31,2,0,0,0,0,2,0,0,0,0,national
2025,WA,53049,Pacific,5493009HUMWCHFRDKF12,SAMMAMISH MORTGAGE COMPANY,3,2,0,0.31,3,0,0,0,0,2,0,0,0,0,national
2025,WA,53049,Pacific,549300AG10BX85DF5S49,MLD MORTGAGE INC.,2,2,0,0.31,2,0,0,0,0,2,0,0,0,0,national
2025,WA,53049,Pacific,549300J7I82PNDVU8H22,"OCMBC, INC.",2,2,0,0.31,2,0,0,0,0,2,0,0,0,0,national
2025,WA,53049,Pacific,549300K4ZLGS7SRDTL86,Equity Prime Mortgage LLC,6,2,0,0.31,0,5,1,0,0,0,1,1,0,0,national
2025,WA,53049,Pacific,549300KZVCKCUN23YY80,,4,2,2,0.31,4,0,0,0,0,2,0,0,0,0,national
2025,WA,53049,Pacific,549300Q02LGIN9AXKP98,FIRST TECHNOLOGY FEDERAL CREDIT UNION,2,2,0,0.31,2,0,0,0,0,2,0,0,0,0,national
2025,WA,53049,Pacific,549300R9S3MVDV4MGF56,"CARRINGTON MORTGAGE SERVICES, LLC",7,2,3,0.31,1,6,0,0,0,0,2,0,0,0,national
2025,WA,53049,Pacific,549300SK2GVCQXPD4S58,"SUN WEST MORTGAGE COMPANY, INC.",2,2,0,0.31,0,0,2,0,0,0,0,2,0,0,national
2025,WA,53049,Pacific,549300VCMRO4ST680C11,VILLAGE CAPITAL & INVESTMENT LLC,5,2,2,0.31,0,1,4,0,0,0,0,2,0,0,national
2025,WA,53049,Pacific,549300XQVJ1XBNFA5536,21ST MORTGAGE CORPORATION,5,2,2,0.31,5,0,0,0,0,2,0,0,0,0,national
2025,WA,53049,Pacific,549300ZIQ24V0C88AC41,GTE Federal Credit Union,2,2,0,0.31,2,0,0,0,0,2,0,0,0,0,national
2025,WA,53049,Pacific,C5654JQHZUHN0772B561,USAA Federal Savings Bank,5,2,1,0.31,4,0,1,0,0,1,0,1,0,0,national
2025,WA,53049,Pacific,IFQSIUC9AGQV2NE8CN25,Columbia Bank,4,2,1,0.31,4,0,0,0,0,2,0,0,0,0,national
2025,WA,53049,Pacific,X05BVSK68TQ7YTOSNR22,Discover Bank,5,2,2,0.31,5,0,0,0,0,2,0,0,0,0,national
2025,WA,53049,Pacific,01KWVG908KE7RKPTNP46,HomeStreet Bank,1,1,0,0.15,1,0,0,0,0,1,0,0,0,0,national
2025,WA,53049,Pacific,2549001SI0EMFPT39035,"Cornerstone First Mortgage, Inc",3,1,1,0.15,2,0,1,0,0,1,0,0,0,0,national
2025,WA,53049,Pacific,2549002VH9C0PKB8K153,,1,1,0,0.15,1,0,0,0,0,1,0,0,0,0,national
2025,WA,53049,Pacific,2549008TT6UNYR7AXF54,"Sunflower Bank, National Association",1,1,0,0.15,1,0,0,0,0,1,0,0,0,0,national
2025,WA,53049,Pacific,254900E6AIE4Z8YQM970,Citadel Servicing Corporation,3,1,0,0.15,3,0,0,0,0,1,0,0,0,0,national
2025,WA,53049,Pacific,254900HA4DQWAE0W3342,"AMERIHOME MORTGAGE COMPANY, LLC",1,1,0,0.15,0,0,1,0,0,0,0,1,0,0,national
2025,WA,53049,Pacific,254900MKY47WU65N1J56,,1,1,0,0.15,1,0,0,0,0,1,0,0,0,0,national
2025,WA,53049,Pacific,254900NZOY3XB2DNSZ34,,1,1,0,0.15,1,0,0,0,0,1,0,0,0,0,national
2025,WA,53049,Pacific,254900O2K17TNH5CL873,"RF RENOVO MANAGEMENT COMPANY, LLC",1,1,0,0.15,1,0,0,0,0,1,0,0,0,0,national
2025,WA,53049,Pacific,254900WTZC5SSKIN2M11,,3,1,1,0.15,3,0,0,0,0,1,0,0,0,0,national
2025,WA,53049,Pacific,254900Z8J5L9POS71X51,Oregon State Credit Union,1,1,0,0.15,1,0,0,0,0,1,0,0,0,0,national
2025,WA,53049,Pacific,254900ZFWS2106HWPH46,"PARAMOUNT RESIDENTIAL MORTGAGE GROUP, INC.",2,1,0,0.15,1,0,0,1,0,1,0,0,0,0,national
2025,WA,53049,Pacific,3Y4U8VZURTYWI1W2K376,BMO Bank National Association,4,1,2,0.15,4,0,0,0,0,1,0,0,0,0,national
2025,WA,53049,Pacific,54930001NSTOD85LT125,"GUARANTEED RATE AFFINITY, LLC",1,1,0,0.15,0,1,0,0,0,0,1,0,0,0,national
2025,WA,53049,Pacific,54930007KK7ZS3IJVC25,RED CANOE CREDIT UNION,3,1,1,0.15,3,0,0,0,0,1,0,0,0,0,national
2025,WA,53049,Pacific,5493000NYUJT9UC6G261,LEADERONE FINANCIAL CORPORATION,1,1,0,0.15,1,0,0,0,0,1,0,0,0,0,national
2025,WA,53049,Pacific,5493000OM9RKJW8W5K82,,1,1,0,0.15,0,0,1,0,0,0,0,1,0,0,national
2025,WA,53049,Pacific,549300121SF0K2LN2804,"PRIMELENDING, A PLAINSCAPITAL COMPANY",2,1,0,0.15,2,0,0,0,0,1,0,0,0,0,national
2025,WA,53049,Pacific,5493001WHVQBGRSWEU75,"HOMEBRIDGE FINANCIAL SERVICES, INC.",1,1,0,0.15,1,0,0,0,0,1,0,0,0,0,national
2025,WA,53049,Pacific,5493002Y5XYV7DV1ZV88,"GOLD STAR MORTGAGE FINANCIAL GROUP, CORPORATION",2,1,0,0.15,2,0,0,0,0,1,0,0,0,0,national
2025,WA,53049,Pacific,549300323EON4W3CCM44,"RESICENTRAL, LLC",1,1,0,0.15,1,0,0,0,0,1,0,0,0,0,national
2025,WA,53049,Pacific,5493004AS1SPBQOFDR49,"Change Lending, LLC",1,1,0,0.15,0,0,1,0,0,0,0,1,0,0,national
2025,WA,53049,Pacific,5493004F7BXDIUFVPV87,,1,1,0,0.15,1,0,0,0,0,1,0,0,0,0,national
2025,WA,53049,Pacific,5493004T38NMC864VL66,,1,1,0,0.15,1,0,0,0,0,1,0,0,0,0,national
2025,WA,53049,Pacific,54930052M48FOD3CWA54,"PRIMARY RESIDENTIAL MORTGAGE, INC.",1,1,0,0.15,1,0,0,0,0,1,0,0,0,0,national
2025,WA,53049,Pacific,5493006KXUHSYFT7SD10,,1,1,0,0.15,1,0,0,0,0,1,0,0,0,0,national
2025,WA,53049,Pacific,5493006P5IHSK77SZ855,,1,1,0,0.15,1,0,0,0,0,1,0,0,0,0,national
2025,WA,53049,Pacific,5493006S869XKIESMV41,Mountain America Federal Credit Union,2,1,0,0.15,2,0,0,0,0,1,0,0,0,0,national
2025,WA,53049,Pacific,5493006VAGP3GQ8FJT49,"Kiavi Funding, Inc.",2,1,0,0.15,2,0,0,0,0,1,0,0,0,0,national
2025,WA,53049,Pacific,549300748YYU6VG08N83,"Loan Simple, Inc.",1,1,0,0.15,0,1,0,0,0,0,1,0,0,0,national
2025,WA,53049,Pacific,54930083D8Q8RK84Y448,,1,1,0,0.15,1,0,0,0,0,1,0,0,0,0,national
2025,WA,53049,Pacific,5493008JECR4UE0WVR04,"MORTGAGE EXPRESS, LLC",1,1,0,0.15,0,1,0,0,0,0,1,0,0,0,national
2025,WA,53049,Pacific,5493008VVXQIDO1EZ460,"SUMMIT FUNDING, INC.",1,1,0,0.15,1,0,0,0,0,1,0,0,0,0,national
2025,WA,53049,Pacific,5493008ZTV4S0W9DCX64,,1,1,0,0.15,0,1,0,0,0,0,1,0,0,0,national
2025,WA,53049,Pacific,549300ALNLUNS3Y53T24,AMERICAN FINANCING CORPORATION,5,1,2,0.15,4,1,0,0,0,1,0,0,0,0,national
2025,WA,53049,Pacific,549300B4IYL7TZT8FA34,"PREMIER MORTGAGE RESOURCES, L.L.C.",3,1,0,0.15,2,1,0,0,0,1,0,0,0,0,national
2025,WA,53049,Pacific,549300COIWXM618UBE82,HomeTrust Bank,1,1,0,0.15,1,0,0,0,0,1,0,0,0,0,national
2025,WA,53049,Pacific,549300DNWSJUNAWUM003,,1,1,0,0.15,1,0,0,0,0,1,0,0,0,0,national
2025,WA,53049,Pacific,549300F6NSBOJBM9ED39,NuVision Federal Credit Union,1,1,0,0.15,1,0,0,0,0,1,0,0,0,0,national
2025,WA,53049,Pacific,549300G4ESSS6M0MEG51,ORIGINPOINT LLC,1,1,0,0.15,1,0,0,0,0,1,0,0,0,0,national
2025,WA,53049,Pacific,549300GTVXJ2PGXNLM73,T2 FINANCIAL LLC,2,1,0,0.15,1,1,0,0,0,1,0,0,0,0,national
2025,WA,53049,Pacific,549300I43FC7P0IJMR13,,1,1,0,0.15,1,0,0,0,0,1,0,0,0,0,national
2025,WA,53049,Pacific,549300INFJ8TYNZ1G568,,1,1,0,0.15,1,0,0,0,0,1,0,0,0,0,national
2025,WA,53049,Pacific,549300JYXTZDSPJEPI44,"PLAZA HOME MORTGAGE, INC.",1,1,0,0.15,0,1,0,0,0,0,1,0,0,0,national
2025,WA,53049,Pacific,549300KJ8PAJ7E52HG32,Plains Commerce Bank,3,1,0,0.15,2,1,0,0,0,1,0,0,0,0,national
2025,WA,53049,Pacific,549300KSOOZZVXCMA627,ANGEL OAK MORTGAGE SOLUTIONS LLC,2,1,0,0.15,2,0,0,0,0,1,0,0,0,0,national
2025,WA,53049,Pacific,549300MHH03ICJYEPE85,,2,1,1,0.15,0,2,0,0,0,0,1,0,0,0,national
2025,WA,53049,Pacific,549300MZ8VZJOVC63092,"KIND LENDING, LLC",3,1,1,0.15,2,1,0,0,0,0,1,0,0,0,national
2025,WA,53049,Pacific,549300NOCASXPA34X033,"LAKEVIEW LOAN SERVICING, LLC",10,1,6,0.15,8,1,1,0,0,0,0,1,0,0,national
2025,WA,53049,Pacific,549300PQLK8E48ILXV41,,2,1,1,0.15,1,1,0,0,0,1,0,0,0,0,national
2025,WA,53049,Pacific,549300RA3E0BUFO7YZ21,"Hometown Equity Mortgage, LLC",1,1,0,0.15,1,0,0,0,0,1,0,0,0,0,national
2025,WA,53049,Pacific,549300RFLICNI75BG067,Luminate Bank,1,1,0,0.15,1,0,0,0,0,1,0,0,0,0,national
2025,WA,53049,Pacific,549300RN01LBYR8ZVX74,"LOWER, LLC",3,1,1,0.15,1,2,0,0,0,0,1,0,0,0,national
2025,WA,53049,Pacific,549300T7HRS5DVBUPQ06,,1,1,0,0.15,1,0,0,0,0,1,0,0,0,0,national
2025,WA,53049,Pacific,549300T9P3WXNMXX0I34,Ixonia Bank,1,1,0,0.15,1,0,0,0,0,1,0,0,0,0,national
2025,WA,53049,Pacific,549300TUSRLWD8ETNR90,SPOKANE TEACHERS,1,1,0,0.15,1,0,0,0,0,1,0,0,0,0,national
2025,WA,53049,Pacific,549300UB5TJ0YPVPT503,,1,1,0,0.15,1,0,0,0,0,1,0,0,0,0,national
2025,WA,53049,Pacific,549300UG7QXKM7KGV847,,1,1,0,0.15,1,0,0,0,0,1,0,0,0,0,national
2025,WA,53049,Pacific,549300UR5AOWTJJ7KZ64,,2,1,0,0.15,2,0,0,0,0,1,0,0,0,0,national
2025,WA,53049,Pacific,549300UXY7OP0IC38293,Northpointe Bank,1,1,0,0.15,1,0,0,0,0,1,0,0,0,0,national
2025,WA,53049,Pacific,549300VEJ302N3NLKA88,,1,1,0,0.15,1,0,0,0,0,1,0,0,0,0,national
2025,WA,53049,Pacific,549300WRDGBHKR1BXL98,,1,1,0,0.15,1,0,0,0,0,1,0,0,0,0,national
2025,WA,53049,Pacific,549300XY701IELCE5Q08,BETTER MORTGAGE CORPORATION,5,1,3,0.15,5,0,0,0,0,1,0,0,0,0,national
2025,WA,53049,Pacific,549300ZWNETGFXTBBY03,"CANOPY MORTGAGE, LLC",1,1,0,0.15,1,0,0,0,0,1,0,0,0,0,national
2025,WA,53049,Pacific,8WH0EE09O9V05QJZ3V89,"Zions Bancorporation, N.A.",1,1,0,0.15,0,0,1,0,0,0,0,1,0,0,national
2025,WA,53049,Pacific,984500U2F9A83N391A91,"CHAMPIONS FUNDING, LLC",1,1,0,0.15,1,0,0,0,0,1,0,0,0,0,national
2025,WA,53049,Pacific,AD6GFRVSDT01YPT1CS68,"PNC Bank, National Association",1,1,0,0.15,1,0,0,0,0,1,0,0,0,0,national
2025,WA,53049,Pacific,C398JSK21YCXWM603F55,"Barrington Bank & Trust Company, National Association",2,1,0,0.15,0,0,2,0,0,0,0,1,0,0,national
2025,WA,53049,Pacific,CKVBED0S4DMLKJJ5XH28,Stifel Bank and Trust,1,1,0,0.15,1,0,0,0,0,1,0,0,0,0,national
2025,WA,53049,Pacific,Q708HHR4LD2B7XIZNO92,First Federal Bank,2,1,0,0.15,2,0,0,0,0,1,0,0,0,0,national
2025,WA,53053,Pierce,549300KM40FP4MSQU941,Boeing Employees Credit Union,3241,2014,868,8.79,3211,14,16,0,0,1999,6,9,0,0,national
2025,WA,53053,Pierce,549300HW662MN1WU8550,"United Wholesale Mortgage, LLC",2081,1532,223,6.68,916,384,780,1,0,708,252,572,0,0,national
2025,WA,53053,Pierce,549300FGXN1K3HLB1R50,"Rocket Mortgage, LLC",1967,1459,304,6.37,1453,218,296,0,0,1099,137,223,0,0,national
2025,WA,53053,Pierce,549300DD4R4SYK5RAQ92,"MOVEMENT MORTGAGE, LLC",1551,1139,50,4.97,1061,353,136,1,0,788,252,98,1,0,national
2025,WA,53053,Pierce,549300VZVN841I2ILS84,"CROSSCOUNTRY MORTGAGE, LLC",1347,976,44,4.26,746,292,309,0,0,544,204,228,0,0,national
2025,WA,53053,Pierce,549300AQ3T62GXDU7D76,GUILD MORTGAGE COMPANY LLC,997,714,38,3.12,623,231,143,0,0,449,161,104,0,0,national
2025,WA,53053,Pierce,549300GKFNPRWNS0GF29,"AmeriHome Mortgage Company, LLC",677,485,30,2.12,401,137,97,42,0,280,100,76,29,0,national
2025,WA,53053,Pierce,549300FNXYY540N23N64,Newrez LLC,1019,481,123,2.1,602,185,232,0,0,282,73,126,0,0,national
2025,WA,53053,Pierce,RVDPPPGHCGZ40J4VQ731,"PENNYMAC LOAN SERVICES, LLC",806,455,99,1.99,527,127,152,0,0,304,62,89,0,0,national
2025,WA,53053,Pierce,549300MGPZBLQDIL7538,FAIRWAY INDEPENDENT MORTGAGE CORPORATION,588,419,37,1.83,349,170,69,0,0,253,115,51,0,0,national
2025,WA,53053,Pierce,54930021QRU8VXNS6152,Sound Credit Union,719,375,188,1.64,713,1,5,0,0,372,0,3,0,0,national
2025,WA,53053,Pierce,54930060G4MDPWHISD89,EVERGREEN MONEYSOURCE MORTGAGE COMPANY,474,360,6,1.57,377,66,31,0,0,292,49,19,0,0,national
2025,WA,53053,Pierce,5493003GQDUH26DNNH17,Navy Federal Credit Union,767,356,176,1.55,608,0,159,0,0,267,0,89,0,0,national
2025,WA,53053,Pierce,B4TYDEB6GKMZO031MB27,"Bank of America, National Association",810,355,287,1.55,810,0,0,0,0,355,0,0,0,0,national
2025,WA,53053,Pierce,6BYL5QZYBDK8S7L73M02,U.S. Bank National Association,647,327,225,1.43,626,6,15,0,0,312,4,11,0,0,national
2025,WA,53053,Pierce,549300LYRWPSYPK6S325,FREEDOM MORTGAGE CORPORATION,683,303,35,1.32,61,227,395,0,0,21,96,186,0,0,national
2025,WA,53053,Pierce,549300AG64NHILB7ZP05,"LOANDEPOT.COM, LLC",525,300,112,1.31,311,140,74,0,0,175,78,47,0,0,national
2025,WA,53053,Pierce,549300DD5QQUHO6PCH70,"MORTGAGE RESEARCH CENTER, LLC",683,298,136,1.3,30,8,645,0,0,5,4,289,0,0,national
2025,WA,53053,Pierce,5493000FWM3I2HHQY149,WASHINGTON STATE EMPLOYEES CREDIT UNION,609,253,314,1.1,589,15,5,0,0,247,4,2,0,0,national
2025,WA,53053,Pierce,549300U3721PJGQZYY68,"GUARANTEED RATE, INC.",419,248,20,1.08,249,67,103,0,0,137,37,74,0,0,national
2025,WA,53053,Pierce,2549001SI0EMFPT39035,"Cornerstone First Mortgage, Inc",293,238,2,1.04,193,77,23,0,0,160,61,17,0,0,national
2025,WA,53053,Pierce,549300H3IZO24NSOO931,"LENNAR MORTGAGE, LLC",299,227,16,0.99,168,90,41,0,0,130,65,32,0,0,national
2025,WA,53053,Pierce,IFQSIUC9AGQV2NE8CN25,Columbia Bank,384,225,108,0.98,372,4,8,0,0,217,3,5,0,0,national
2025,WA,53053,Pierce,54930028J11BWKUVGX50,,411,210,154,0.92,410,0,1,0,0,210,0,0,0,0,national
2025,WA,53053,Pierce,549300E2UX99HKDBR481,"NEW AMERICAN FUNDING, LLC",457,209,56,0.91,278,127,52,0,0,146,36,27,0,0,national
2025,WA,53053,Pierce,549300LBCBNR1OT00651,NATIONSTAR MORTGAGE LLC,316,208,53,0.91,256,31,29,0,0,168,17,23,0,0,national
2025,WA,53053,Pierce,549300MCIFZSDHUT8X63,"NFM, INC.",225,199,1,0.87,190,27,8,0,0,171,22,6,0,0,national
2025,WA,53053,Pierce,254900DTLHVWQ7NP7R34,"CMG Mortgage, Inc.",267,193,26,0.84,233,17,17,0,0,166,11,16,0,0,national
2025,WA,53053,Pierce,549300PIL8LFAQ04XC20,Better Mortgage Corporation,563,184,276,0.8,563,0,0,0,0,184,0,0,0,0,national
2025,WA,53053,Pierce,01KWVG908KE7RKPTNP46,HomeStreet Bank,241,178,22,0.78,207,24,10,0,0,153,16,9,0,0,national
2025,WA,53053,Pierce,7H6GLXDRUGQFU57RNE97,"JPMorgan Chase Bank, National Association",276,170,35,0.74,258,11,7,0,0,162,4,4,0,0,national
2025,WA,53053,Pierce,549300VZDEK4QLTWSL15,,241,167,51,0.73,239,0,2,0,0,166,0,1,0,0,national
2025,WA,53053,Pierce,254900FDPG829O6VBB05,"EASTSIDE FUNDING, LLC",232,166,2,0.72,232,0,0,0,0,166,0,0,0,0,national
2025,WA,53053,Pierce,254900ZFWS2106HWPH46,"PARAMOUNT RESIDENTIAL MORTGAGE GROUP, INC.",240,158,4,0.69,113,82,44,1,0,69,60,29,0,0,national
2025,WA,53053,Pierce,WE0I402RW25AU38DTI13,Banner Bank,311,155,100,0.68,289,19,3,0,0,144,10,1,0,0,national
2025,WA,53053,Pierce,549300KIOYNU323LVJ37,AMERICAN PACIFIC MORTGAGE CORPORATION,191,145,13,0.63,94,83,14,0,0,68,66,11,0,0,national
2025,WA,53053,Pierce,549300HIVO8XPBPNVG69,NOVA FINANCIAL & INVESTMENT CORPORATION,186,143,14,0.62,85,61,40,0,0,71,48,24,0,0,national
2025,WA,53053,Pierce,HUX2X73FUCYHUVH1BK78,KeyBank National Association,251,140,71,0.61,230,10,11,0,0,130,5,5,0,0,national
2025,WA,53053,Pierce,549300PL8ER6H23P0Z91,BAY EQUITY LLC,188,136,7,0.59,128,38,22,0,0,92,30,14,0,0,national
2025,WA,53053,Pierce,549300RFLICNI75BG067,Luminate Bank,176,133,4,0.58,109,49,18,0,0,81,37,15,0,0,national
2025,WA,53053,Pierce,5493001HHBUTXHS7TZ96,HOMEAMERICAN MORTGAGE CORPORATION,160,130,13,0.57,94,33,33,0,0,79,23,28,0,0,national
2025,WA,53053,Pierce,5493003T5D4N1CM46J77,1st Security Bank of Washington,195,126,13,0.55,134,36,25,0,0,87,22,17,0,0,national
2025,WA,53053,Pierce,549300ZWNETGFXTBBY03,"CANOPY MORTGAGE, LLC",192,126,2,0.55,131,31,30,0,0,84,23,19,0,0,national
2025,WA,53053,Pierce,254900UL88QFG0E40516,FIGURE LENDING LLC,248,117,54,0.51,248,0,0,0,0,117,0,0,0,0,national
2025,WA,53053,Pierce,549300MZ8VZJOVC63092,"KIND LENDING, LLC",185,110,47,0.48,117,43,24,1,0,74,24,11,1,0,national
2025,WA,53053,Pierce,549300CY7WNAHKHYSJ73,"CORNERSTONE CAPITAL BANK, SSB",139,104,6,0.45,106,25,8,0,0,79,20,5,0,0,national
2025,WA,53053,Pierce,549300AG10BX85DF5S49,MLD MORTGAGE INC.,126,102,1,0.45,79,22,25,0,0,61,22,19,0,0,national
2025,WA,53053,Pierce,5493002QI2ILHHZH8D20,"KBHS HOME LOANS, LLC",146,98,8,0.43,82,22,42,0,0,56,16,26,0,0,national
2025,WA,53053,Pierce,549300Z2B4FHRYOXTS09,,167,96,60,0.42,167,0,0,0,0,96,0,0,0,0,national
2025,WA,53053,Pierce,KB1H1DSPRFMYMCUFXT09,"Wells Fargo Bank, National Association",153,96,16,0.42,138,7,8,0,0,86,5,5,0,0,national
2025,WA,53053,Pierce,5493001SXWZ4OFP8Z903,"DHI MORTGAGE COMPANY, LTD.",129,95,13,0.41,89,33,7,0,0,66,25,4,0,0,national
2025,WA,53053,Pierce,549300NOCASXPA34X033,"LAKEVIEW LOAN SERVICING, LLC",327,95,160,0.41,156,108,63,0,0,44,30,21,0,0,national
2025,WA,53053,Pierce,549300OPCWU6E72WUT29,"MUTUAL OF OMAHA MORTGAGE, INC.",168,92,31,0.4,38,88,42,0,0,27,44,21,0,0,national
2025,WA,53053,Pierce,549300DK7QID2ZON6Q55,Global Federal Credit Union,157,87,34,0.38,142,11,4,0,0,78,7,2,0,0,national
2025,WA,53053,Pierce,54930083D8Q8RK84Y448,,162,85,6,0.37,154,1,7,0,0,80,1,4,0,0,national
2025,WA,53053,Pierce,549300YEI60WAHWQ3110,KITSAP Credit Union,172,83,66,0.36,171,0,1,0,0,83,0,0,0,0,national
2025,WA,53053,Pierce,254900QPRPHIXEAX3L37,,123,81,30,0.35,123,0,0,0,0,81,0,0,0,0,national
2025,WA,53053,Pierce,549300ML3H1LUVR1FP75,,125,80,28,0.35,125,0,0,0,0,80,0,0,0,0,national
2025,WA,53053,Pierce,54930054ET8KM4O1D485,"SOFI BANK, NATIONAL ASSOCIATION",234,78,22,0.34,218,8,8,0,0,74,2,2,0,0,national
2025,WA,53053,Pierce,5493009HUMWCHFRDKF12,SAMMAMISH MORTGAGE COMPANY,116,78,3,0.34,103,0,13,0,0,70,0,8,0,0,national
2025,WA,53053,Pierce,549300UB5TJ0YPVPT503,,102,77,2,0.34,65,20,17,0,0,51,13,13,0,0,national
2025,WA,53053,Pierce,549300CB67L6KPJLHE19,"TRIAD FINANCIAL SERVICES, INC.",192,76,61,0.33,192,0,0,0,0,76,0,0,0,0,national
2025,WA,53053,Pierce,54930021WPEXNHYZUL09,"PLANET HOME LENDING, LLC",101,75,12,0.33,36,33,32,0,0,25,27,23,0,0,national
2025,WA,53053,Pierce,2549004FXPNKCLIN8250,"Synergy One Lending, Inc.",97,73,8,0.32,58,28,11,0,0,44,21,8,0,0,national
2025,WA,53053,Pierce,5493001GCBD5XGNIC815,Coastal Community Bank,252,73,2,0.32,252,0,0,0,0,73,0,0,0,0,national
2025,WA,53053,Pierce,549300YIQ7S7Z8PIHE53,AMERISAVE MORTGAGE CORPORATION,243,72,150,0.31,167,44,32,0,0,56,9,7,0,0,national
2025,WA,53053,Pierce,5493001B4U37VT2ML818,GESA CREDIT UNION,119,69,27,0.3,119,0,0,0,0,69,0,0,0,0,national
2025,WA,53053,Pierce,549300T94GSH3C4U5M59,ALLIANT CREDIT UNION,99,68,24,0.3,99,0,0,0,0,68,0,0,0,0,national
2025,WA,53053,Pierce,54930007KK7ZS3IJVC25,RED CANOE CREDIT UNION,97,67,5,0.29,97,0,0,0,0,67,0,0,0,0,national
2025,WA,53053,Pierce,549300G4ESSS6M0MEG51,ORIGINPOINT LLC,110,67,4,0.29,83,17,10,0,0,50,12,5,0,0,national
2025,WA,53053,Pierce,549300GTVXJ2PGXNLM73,T2 FINANCIAL LLC,82,63,6,0.27,42,27,13,0,0,32,19,12,0,0,national
2025,WA,53053,Pierce,549300BLL6VL7AXWYP56,CHURCHILL MORTGAGE CORPORATION,83,62,6,0.27,62,19,2,0,0,46,14,2,0,0,national
2025,WA,53053,Pierce,254900MKY47WU65N1J56,,102,61,15,0.27,101,0,0,1,0,61,0,0,0,0,national
2025,WA,53053,Pierce,549300VQUTI5IU7GXT57,SECURITYNATIONAL MORTGAGE COMPANY,87,60,10,0.26,51,30,6,0,0,36,18,6,0,0,national
2025,WA,53053,Pierce,549300B4IYL7TZT8FA34,"PREMIER MORTGAGE RESOURCES, L.L.C.",93,58,2,0.25,56,27,10,0,0,35,16,7,0,0,national
2025,WA,53053,Pierce,213800XR2TCBQJSF1X93,,79,55,10,0.24,52,3,24,0,0,33,0,22,0,0,national
2025,WA,53053,Pierce,25490066WMF8ZMQXQB18,"Lendage, LLC",74,55,8,0.24,74,0,0,0,0,55,0,0,0,0,national
2025,WA,53053,Pierce,549300VCMRO4ST680C11,VILLAGE CAPITAL & INVESTMENT LLC,163,54,37,0.24,1,41,121,0,0,0,11,43,0,0,national
2025,WA,53053,Pierce,5493001WHVQBGRSWEU75,"HOMEBRIDGE FINANCIAL SERVICES, INC.",79,53,12,0.23,70,3,6,0,0,46,3,4,0,0,national
2025,WA,53053,Pierce,549300XHPPLC0TBRV021,,62,53,0,0.23,41,13,8,0,0,36,11,6,0,0,national
2025,WA,53053,Pierce,549300BX448ALT10FI43,The Federal Savings Bank,141,51,6,0.22,15,8,118,0,0,8,0,43,0,0,national
2025,WA,53053,Pierce,54930043BMDE130FJ617,"PROVIDENT FUNDING ASSOCIATES, L.P.",76,50,5,0.22,76,0,0,0,0,50,0,0,0,0,national
2025,WA,53053,Pierce,5493006VAGP3GQ8FJT49,"Kiavi Funding, Inc.",76,49,12,0.21,76,0,0,0,0,49,0,0,0,0,national
2025,WA,53053,Pierce,549300UBGGLZLZEY0M18,Peak Credit Union,80,47,22,0.21,80,0,0,0,0,47,0,0,0,0,national
2025,WA,53053,Pierce,5493002Y5XYV7DV1ZV88,"GOLD STAR MORTGAGE FINANCIAL GROUP, CORPORATION",69,46,1,0.2,45,18,6,0,0,32,11,3,0,0,national
2025,WA,53053,Pierce,549300WJIJV987NXVC31,,78,46,1,0.2,54,18,6,0,0,31,11,4,0,0,national
2025,WA,53053,Pierce,549300XY701IELCE5Q08,BETTER MORTGAGE CORPORATION,155,44,33,0.19,140,14,1,0,0,41,2,1,0,0,national
2025,WA,53053,Pierce,549300R9S3MVDV4MGF56,"CARRINGTON MORTGAGE SERVICES, LLC",178,42,75,0.18,74,51,53,0,0,19,8,15,0,0,national
2025,WA,53053,Pierce,549300YN94MOAVYW0F52,"GoodLeap, LLC",71,42,10,0.18,42,19,10,0,0,24,10,8,0,0,national
2025,WA,53053,Pierce,5493007VW2EU20PZYU97,INSPIRE HOME LOANS INC.,49,41,3,0.18,20,21,8,0,0,16,18,7,0,0,national
2025,WA,53053,Pierce,549300RPOGWJRH63HS39,UNION HOME MORTGAGE CORP.,66,41,4,0.18,36,16,14,0,0,25,7,9,0,0,national
2025,WA,53053,Pierce,C5654JQHZUHN0772B561,USAA Federal Savings Bank,104,40,23,0.17,26,0,78,0,0,8,0,32,0,0,national
2025,WA,53053,Pierce,549300NWBS6MQJX15N44,,48,39,4,0.17,47,0,1,0,0,39,0,0,0,0,national
2025,WA,53053,Pierce,549300ZBXINP1Y94CN02,,46,39,2,0.17,29,14,3,0,0,25,12,2,0,0,national
2025,WA,53053,Pierce,549300UT4EN6IH579Q63,"RIGHT START MORTGAGE, INC.",50,38,3,0.17,34,14,2,0,0,25,11,2,0,0,national
2025,WA,53053,Pierce,5493002B2WMHY23GFK92,"AMERICAN FINANCIAL RESOURCES, INC.",45,37,1,0.16,17,17,11,0,0,16,13,8,0,0,national
2025,WA,53053,Pierce,549300PBTV7FCWLSMM53,"MORTGAGE SOLUTIONS OF COLORADO, LLC",59,37,3,0.16,7,9,43,0,0,4,7,26,0,0,national
2025,WA,53053,Pierce,549300S5YL3OH0IVCS62,FINANCE OF AMERICA REVERSE LLC,52,37,7,0.16,16,36,0,0,0,10,27,0,0,0,national
2025,WA,53053,Pierce,254900YZ174H294JW398,,44,36,3,0.16,37,1,6,0,0,31,1,4,0,0,national
2025,WA,53053,Pierce,549300121SF0K2LN2804,"PRIMELENDING, A PLAINSCAPITAL COMPANY",48,36,4,0.16,27,14,7,0,0,20,11,5,0,0,national
2025,WA,53053,Pierce,549300370QILXLFUWD20,"ZILLOW HOME LOANS, LLC",52,36,5,0.16,37,7,8,0,0,27,6,3,0,0,national
2025,WA,53053,Pierce,5493008CPTDVOS570626,"Primary Residential Mortgage, Inc.",74,36,23,0.16,74,0,0,0,0,36,0,0,0,0,national
2025,WA,53053,Pierce,549300SK2GVCQXPD4S58,"SUN WEST MORTGAGE COMPANY, INC.",55,36,7,0.16,6,21,28,0,0,3,12,21,0,0,national
2025,WA,53053,Pierce,549300JYXTZDSPJEPI44,"PLAZA HOME MORTGAGE, INC.",58,35,18,0.15,33,21,4,0,0,16,16,3,0,0,national
2025,WA,53053,Pierce,549300Q50XCC0473FG63,,54,34,12,0.15,54,0,0,0,0,34,0,0,0,0,national
2025,WA,53053,Pierce,549300QKL5FUBZ8LSF50,"NATIONS DIRECT MORTGAGE, LLC",41,34,1,0.15,19,9,13,0,0,15,7,12,0,0,national
2025,WA,53053,Pierce,254900R9A6TW85BTVS20,,38,33,0,0.14,36,0,2,0,0,31,0,2,0,0,national
2025,WA,53053,Pierce,54930049L5WINET09Q97,"CLICK N' CLOSE, INC.",63,33,8,0.14,22,40,1,0,0,11,21,1,0,0,national
2025,WA,53053,Pierce,5493008NWHQT1R22C024,"AMERICAN FINANCIAL NETWORK, INC.",47,32,4,0.14,17,17,13,0,0,11,10,11,0,0,national
2025,WA,53053,Pierce,549300GS0W0TEUQS8571,"Morgan Stanley Private Bank, National Association",36,32,0,0.14,36,0,0,0,0,32,0,0,0,0,national
2025,WA,53053,Pierce,549300KJ8PAJ7E52HG32,Plains Commerce Bank,60,32,8,0.14,39,15,6,0,0,20,8,4,0,0,national
2025,WA,53053,Pierce,549300P2GEYNMH5OQA71,WASHINGTON TRUST BANK,54,32,16,0.14,48,6,0,0,0,32,0,0,0,0,national
2025,WA,53053,Pierce,549300YX5RPSSMR88K92,,34,32,1,0.14,34,0,0,0,0,32,0,0,0,0,national
2025,WA,53053,Pierce,549300323EON4W3CCM44,"RESICENTRAL, LLC",49,31,3,0.14,35,9,5,0,0,21,7,3,0,0,national
2025,WA,53053,Pierce,984500U2F9A83N391A91,"CHAMPIONS FUNDING, LLC",48,31,8,0.14,48,0,0,0,0,31,0,0,0,0,national
2025,WA,53053,Pierce,549300K4ZLGS7SRDTL86,Equity Prime Mortgage LLC,64,29,5,0.13,3,25,36,0,0,3,11,15,0,0,national
2025,WA,53053,Pierce,254900TTZ395IC926125,,46,28,2,0.12,22,18,6,0,0,11,12,5,0,0,national
2025,WA,53053,Pierce,549300RN01LBYR8ZVX74,"LOWER, LLC",71,28,6,0.12,37,22,12,0,0,16,6,6,0,0,national
2025,WA,53053,Pierce,F28JOQ8OBWCFUYM0UX93,East West Bank,43,28,6,0.12,43,0,0,0,0,28,0,0,0,0,national
2025,WA,53053,Pierce,PAOOWF3GUFM46FBSP561,,65,28,1,0.12,30,20,15,0,0,11,11,6,0,0,national
2025,WA,53053,Pierce,2549005SIVTHG14U2905,A&D Mortgage LLC,55,27,9,0.12,53,2,0,0,0,27,0,0,0,0,national
2025,WA,53053,Pierce,5493000NYUJT9UC6G261,LEADERONE FINANCIAL CORPORATION,39,27,3,0.12,25,6,8,0,0,17,3,7,0,0,national
2025,WA,53053,Pierce,549300J6N77Q8OHYNF23,,33,27,4,0.12,16,12,5,0,0,14,10,3,0,0,national
2025,WA,53053,Pierce,549300PL267CW8182203,,70,26,5,0.11,5,25,40,0,0,1,8,17,0,0,national
2025,WA,53053,Pierce,549300SUCQ1358EGVE89,"NEW DAY FINANCIAL, LLC",132,26,32,0.11,0,4,128,0,0,0,0,26,0,0,national
2025,WA,53053,Pierce,5493005PKOSG7MYX0B34,"Prosperity Home Mortgage, LLC",35,25,3,0.11,25,5,5,0,0,18,4,3,0,0,national
2025,WA,53053,Pierce,549300FX7K8PTEQUU487,PENTAGON FEDERAL CREDIT UNION,63,25,22,0.11,45,2,16,0,0,19,0,6,0,0,national
2025,WA,53053,Pierce,549300J7I82PNDVU8H22,"OCMBC, INC.",44,23,3,0.1,38,4,2,0,0,19,3,1,0,0,national
2025,WA,53053,Pierce,549300LROQOOQU77WS20,,41,23,2,0.1,39,1,1,0,0,23,0,0,0,0,national
2025,WA,53053,Pierce,549300Q02LGIN9AXKP98,FIRST TECHNOLOGY FEDERAL CREDIT UNION,37,23,4,0.1,37,0,0,0,0,23,0,0,0,0,national
2025,WA,53053,Pierce,254900WTZC5SSKIN2M11,,30,22,4,0.1,30,0,0,0,0,22,0,0,0,0,national
2025,WA,53053,Pierce,2549008TT6UNYR7AXF54,"Sunflower Bank, National Association",35,21,1,0.09,19,9,7,0,0,11,5,5,0,0,national
2025,WA,53053,Pierce,549300EKFFG3BU8DNX74,NEXERA HOLDING LLC,40,21,4,0.09,40,0,0,0,0,21,0,0,0,0,national
2025,WA,53053,Pierce,549300MHH03ICJYEPE85,,28,20,3,0.09,9,19,0,0,0,5,15,0,0,0,national
2025,WA,53053,Pierce,549300R77W0P105C3S50,HOMEXPRESS MORTGAGE CORP.,36,20,15,0.09,35,0,1,0,0,19,0,1,0,0,national
2025,WA,53053,Pierce,AD6GFRVSDT01YPT1CS68,"PNC Bank, National Association",41,20,12,0.09,40,0,1,0,0,19,0,1,0,0,national
2025,WA,53053,Pierce,549300TF1E42EUFBSL45,,31,19,4,0.08,26,5,0,0,0,18,1,0,0,0,national
2025,WA,53053,Pierce,549300Y5Y88FQLI7VE83,DEEPHAVEN MORTGAGE LLC,34,19,6,0.08,34,0,0,0,0,19,0,0,0,0,national
2025,WA,53053,Pierce,549300XHF3PMRO08N352,,29,18,8,0.08,29,0,0,0,0,18,0,0,0,0,national
2025,WA,53053,Pierce,X05BVSK68TQ7YTOSNR22,Discover Bank,183,18,119,0.08,183,0,0,0,0,18,0,0,0,0,national
2025,WA,53053,Pierce,254900VELJPWWT51WN03,,20,17,0,0.07,20,0,0,0,0,17,0,0,0,0,national
2025,WA,53053,Pierce,5493009B17HXCVXTD608,"JMAC LENDING, INC.",26,17,3,0.07,22,3,1,0,0,14,2,1,0,0,national
2025,WA,53053,Pierce,549300ALNLUNS3Y53T24,AMERICAN FINANCING CORPORATION,79,17,34,0.07,40,31,8,0,0,7,8,2,0,0,national
2025,WA,53053,Pierce,549300KOAKQX3BEWWT56,"CLM MORTGAGE, INC.",18,17,0,0.07,14,2,2,0,0,14,1,2,0,0,national
2025,WA,53053,Pierce,549300Q6YL1SFVPEGV90,,38,17,5,0.07,7,29,2,0,0,4,13,0,0,0,national
2025,WA,53053,Pierce,549300RA3E0BUFO7YZ21,"Hometown Equity Mortgage, LLC",26,17,6,0.07,25,1,0,0,0,16,1,0,0,0,national
2025,WA,53053,Pierce,549300U8DCOOTG96YM89,,36,17,14,0.07,36,0,0,0,0,17,0,0,0,0,national
2025,WA,53053,Pierce,98450087981AP406JG03,CONVENTUS LLC,18,17,0,0.07,18,0,0,0,0,17,0,0,0,0,national
2025,WA,53053,Pierce,254900E6AIE4Z8YQM970,Citadel Servicing Corporation,42,16,3,0.07,42,0,0,0,0,16,0,0,0,0,national
2025,WA,53053,Pierce,5493001PXRJMPLXPG540,IDAHO CENTRAL CREDIT UNION,36,16,6,0.07,35,1,0,0,0,16,0,0,0,0,national
2025,WA,53053,Pierce,5493001XKL0FTNOJ0866,,26,15,3,0.07,19,6,1,0,0,13,2,0,0,0,national
2025,WA,53053,Pierce,549300DCGBXW5FJMV921,,15,15,0,0.07,14,1,0,0,0,14,1,0,0,0,national
2025,WA,53053,Pierce,549300KTR1JGH3K6LU06,FOURLEAF,31,15,8,0.07,31,0,0,0,0,15,0,0,0,0,national
2025,WA,53053,Pierce,549300Q3ROEQU3D1IW91,,53,15,22,0.07,53,0,0,0,0,15,0,0,0,0,national
2025,WA,53053,Pierce,5493007CLWQN2S6IZK91,,20,14,2,0.06,3,0,17,0,0,3,0,11,0,0,national
2025,WA,53053,Pierce,549300KHXD7JSQUZIJ22,"HIGHLANDS RESIDENTIAL MORTGAGE, LTD.",14,14,0,0.06,10,2,2,0,0,10,2,2,0,0,national
2025,WA,53053,Pierce,549300RD5IG88VPO6P22,,23,14,0,0.06,23,0,0,0,0,14,0,0,0,0,national
2025,WA,53053,Pierce,WWB2V0FCW3A0EE3ZJN75,Manufacturers and Traders Trust Company,20,14,4,0.06,2,3,15,0,0,2,1,11,0,0,national
2025,WA,53053,Pierce,254900YA1AQXNM8QVZ06,,13,13,0,0.06,13,0,0,0,0,13,0,0,0,0,national
2025,WA,53053,Pierce,SS1TRMSN6BRNMOREEV51,"Flagstar Bank, National Association",26,13,4,0.06,16,2,8,0,0,6,1,6,0,0,national
2025,WA,53053,Pierce,5493003Q3L1PO9NBVK64,WHATCOM EDUCATIONAL CREDIT UNION,24,12,7,0.05,24,0,0,0,0,12,0,0,0,0,national
2025,WA,53053,Pierce,5493008ZTV4S0W9DCX64,,27,12,10,0.05,11,16,0,0,0,6,6,0,0,0,national
2025,WA,53053,Pierce,549300KSOOZZVXCMA627,ANGEL OAK MORTGAGE SOLUTIONS LLC,19,12,5,0.05,19,0,0,0,0,12,0,0,0,0,national
2025,WA,53053,Pierce,549300O6Z0I6KYMESL47,AMWEST FUNDING CORP.,24,12,2,0.05,21,1,2,0,0,12,0,0,0,0,national
2025,WA,53053,Pierce,549300UR5AOWTJJ7KZ64,,15,12,0,0.05,15,0,0,0,0,12,0,0,0,0,national
2025,WA,53053,Pierce,L9VVX1KT5TFTKS0MLF66,First-Citizens Bank & Trust Company,22,12,3,0.05,22,0,0,0,0,12,0,0,0,0,national
2025,WA,53053,Pierce,Q708HHR4LD2B7XIZNO92,First Federal Bank,20,12,4,0.05,9,2,9,0,0,4,0,8,0,0,national
2025,WA,53053,Pierce,5493004T38NMC864VL66,,14,11,3,0.05,14,0,0,0,0,11,0,0,0,0,national
2025,WA,53053,Pierce,549300F6NSBOJBM9ED39,NuVision Federal Credit Union,19,11,7,0.05,16,3,0,0,0,9,2,0,0,0,national
2025,WA,53053,Pierce,549300HGZNH5YBU04369,,19,11,7,0.05,19,0,0,0,0,11,0,0,0,0,national
2025,WA,53053,Pierce,549300XQVJ1XBNFA5536,21ST MORTGAGE CORPORATION,77,11,40,0.05,77,0,0,0,0,11,0,0,0,0,national
2025,WA,53053,Pierce,549300ZIQ24V0C88AC41,GTE Federal Credit Union,13,11,0,0.05,13,0,0,0,0,11,0,0,0,0,national
2025,WA,53053,Pierce,CKVBED0S4DMLKJJ5XH28,Stifel Bank and Trust,11,11,0,0.05,11,0,0,0,0,11,0,0,0,0,national
2025,WA,53053,Pierce,2549008GIE3QVYB2FT28,,16,10,1,0.04,16,0,0,0,0,10,0,0,0,0,national
2025,WA,53053,Pierce,3Y4U8VZURTYWI1W2K376,BMO Bank National Association,23,10,8,0.04,23,0,0,0,0,10,0,0,0,0,national
2025,WA,53053,Pierce,549300AENO88GEUWCZ39,,12,10,0,0.04,5,4,3,0,0,5,4,1,0,0,national
2025,WA,53053,Pierce,549300INFJ8TYNZ1G568,,11,10,0,0.04,11,0,0,0,0,10,0,0,0,0,national
2025,WA,53053,Pierce,549300SCFWZXMDMZPE93,"RESIDENTIAL MORTGAGE, LLC",15,10,0,0.04,9,6,0,0,0,6,4,0,0,0,national
2025,WA,53053,Pierce,549300TA4MQM8WN2XG31,,18,10,0,0.04,18,0,0,0,0,10,0,0,0,0,national
2025,WA,53053,Pierce,549300UXY7OP0IC38293,Northpointe Bank,11,10,0,0.04,11,0,0,0,0,10,0,0,0,0,national
2025,WA,53053,Pierce,254900CTT87ZKAUTIJ37,,14,9,1,0.04,14,0,0,0,0,9,0,0,0,0,national
2025,WA,53053,Pierce,254900JH11ROOV921P96,,17,9,2,0.04,10,4,3,0,0,4,3,2,0,0,national
2025,WA,53053,Pierce,549300C20KZIWPASBC15,,13,9,0,0.04,9,2,2,0,0,5,2,2,0,0,national
2025,WA,53053,Pierce,549300LZUXCJFE5ONM48,,12,9,1,0.04,0,12,0,0,0,0,9,0,0,0,national
2025,WA,53053,Pierce,549300NFPC3Y4W3Y7R87,,26,9,0,0.04,19,5,2,0,0,5,3,1,0,0,national
2025,WA,53053,Pierce,549300PQLK8E48ILXV41,,16,9,5,0.04,16,0,0,0,0,9,0,0,0,0,national
2025,WA,53053,Pierce,549300S5FVOSK5DQJN30,INTERCAP LENDING INC.,10,9,0,0.04,8,2,0,0,0,8,1,0,0,0,national
2025,WA,53053,Pierce,254900HA4DQWAE0W3342,"AMERIHOME MORTGAGE COMPANY, LLC",19,8,0,0.03,4,11,4,0,0,2,3,3,0,0,national
2025,WA,53053,Pierce,254900N49YI2HHKDPS92,IQ Credit Union,13,8,3,0.03,13,0,0,0,0,8,0,0,0,0,national
2025,WA,53053,Pierce,2WHM8VNJH63UN14OL754,The Huntington National Bank,9,8,0,0.03,9,0,0,0,0,8,0,0,0,0,national
2025,WA,53053,Pierce,5493000H6DFDDJRORG89,,21,8,1,0.03,14,6,1,0,0,5,3,0,0,0,national
2025,WA,53053,Pierce,5493000IIYWBLONJVJ30,,12,8,1,0.03,12,0,0,0,0,8,0,0,0,0,national
2025,WA,53053,Pierce,54930052M48FOD3CWA54,"PRIMARY RESIDENTIAL MORTGAGE, INC.",10,8,0,0.03,9,1,0,0,0,7,1,0,0,0,national
2025,WA,53053,Pierce,549300GRGZDEH4ZGQS06,WATERSTONE MORTGAGE CORPORATION,10,8,0,0.03,8,1,1,0,0,6,1,1,0,0,national
2025,WA,53053,Pierce,254900BMXWPEHXG4LF21,,11,7,1,0.03,6,5,0,0,0,4,3,0,0,0,national
2025,WA,53053,Pierce,254900HEJ9F73IMPX887,,21,7,2,0.03,18,2,1,0,0,7,0,0,0,0,national
2025,WA,53053,Pierce,254900LNRKOG7TRURB32,,8,7,0,0.03,8,0,0,0,0,7,0,0,0,0,national
2025,WA,53053,Pierce,254900TG14TB8RKS3U42,,21,7,2,0.03,18,3,0,0,0,6,1,0,0,0,national
2025,WA,53053,Pierce,5493000349C5XXDRQX28,,11,7,1,0.03,6,4,1,0,0,3,3,1,0,0,national
2025,WA,53053,Pierce,5493000D6RXLNBZQYA47,COLUMBIA COMMUNITY CREDIT UNION,15,7,6,0.03,15,0,0,0,0,7,0,0,0,0,national
2025,WA,53053,Pierce,54930025XJJO3T0M1A92,,10,7,1,0.03,10,0,0,0,0,7,0,0,0,0,national
2025,WA,53053,Pierce,5493009QB0KBU5M6NP90,,7,7,0,0.03,7,0,0,0,0,7,0,0,0,0,national
2025,WA,53053,Pierce,549300COIWXM618UBE82,HomeTrust Bank,10,7,2,0.03,10,0,0,0,0,7,0,0,0,0,national
2025,WA,53053,Pierce,549300GWD9H4FQ2VR805,,9,7,2,0.03,9,0,0,0,0,7,0,0,0,0,national
2025,WA,53053,Pierce,549300HRLROF7PLJ6735,CLEAREDGE LENDING LLC,14,7,4,0.03,14,0,0,0,0,7,0,0,0,0,national
2025,WA,53053,Pierce,549300MUXFVZKH4XLG17,,12,7,0,0.03,7,3,2,0,0,4,2,1,0,0,national
2025,WA,53053,Pierce,549300R4F5COFJE0DN81,,11,7,3,0.03,9,0,2,0,0,6,0,1,0,0,national
2025,WA,53053,Pierce,549300XCVBRR56D08F03,,69,7,2,0.03,53,15,1,0,0,7,0,0,0,0,national
2025,WA,53053,Pierce,549300ZS1TR1B4LHX377,,11,7,1,0.03,11,0,0,0,0,7,0,0,0,0,national
2025,WA,53053,Pierce,C398JSK21YCXWM603F55,"Barrington Bank & Trust Company, National Association",11,7,0,0.03,8,1,2,0,0,5,1,1,0,0,national
2025,WA,53053,Pierce,254900WT4HAMDFWH3048,,18,6,0,0.03,0,18,0,0,0,0,6,0,0,0,national
2025,WA,53053,Pierce,54930001NSTOD85LT125,"GUARANTEED RATE AFFINITY, LLC",16,6,0,0.03,12,2,2,0,0,4,1,1,0,0,national
2025,WA,53053,Pierce,5493001X0T84TYRJ5Y59,,9,6,2,0.03,9,0,0,0,0,6,0,0,0,0,national
2025,WA,53053,Pierce,5493003V40VGM7YDFM54,FIRST COLONY MORTGAGE CORPORATION,10,6,0,0.03,3,3,4,0,0,2,2,2,0,0,national
2025,WA,53053,Pierce,5493004AS1SPBQOFDR49,"Change Lending, LLC",11,6,1,0.03,11,0,0,0,0,6,0,0,0,0,national
2025,WA,53053,Pierce,549300GQDT484LGI9C04,,34,6,7,0.03,21,7,6,0,0,5,0,1,0,0,national
2025,WA,53053,Pierce,549300HVW3AI97UKTO72,Wings Financial Credit Union,6,6,0,0.03,6,0,0,0,0,6,0,0,0,0,national
2025,WA,53053,Pierce,549300IEP77RKJ87Z176,OREGON COMMUNITY,9,6,2,0.03,9,0,0,0,0,6,0,0,0,0,national
2025,WA,53053,Pierce,549300KX6E1IE2LM5E30,,6,6,0,0.03,6,0,0,0,0,6,0,0,0,0,national
2025,WA,53053,Pierce,549300QD23LICPXTPB55,,7,6,0,0.03,5,2,0,0,0,5,1,0,0,0,national
2025,WA,53053,Pierce,549300T7HRS5DVBUPQ06,,6,6,0,0.03,2,2,2,0,0,2,2,2,0,0,national
2025,WA,53053,Pierce,549300W45D2J6BT4LX65,,6,6,0,0.03,6,0,0,0,0,6,0,0,0,0,national
2025,WA,53053,Pierce,549300ZPSJZO10ZAX556,"AMERICAN HERITAGE LENDING, LLC",19,6,1,0.03,19,0,0,0,0,6,0,0,0,0,national
2025,WA,53053,Pierce,D38AC76TAMYI50NBPX33,,11,6,2,0.03,11,0,0,0,0,6,0,0,0,0,national
2025,WA,53053,Pierce,2549004Z576VEJBK3N72,"NQM FUNDING, LLC",6,5,0,0.02,6,0,0,0,0,5,0,0,0,0,national
2025,WA,53053,Pierce,254900FBWEZ3YUPOBN33,,7,5,1,0.02,7,0,0,0,0,5,0,0,0,0,national
2025,WA,53053,Pierce,254900NZOY3XB2DNSZ34,,10,5,3,0.02,10,0,0,0,0,5,0,0,0,0,national
2025,WA,53053,Pierce,54930002O9LLXKR6TF11,,5,5,0,0.02,3,1,1,0,0,3,1,1,0,0,national
2025,WA,53053,Pierce,5493000OIGWIS24A1547,,5,5,0,0.02,5,0,0,0,0,5,0,0,0,0,national
2025,WA,53053,Pierce,54930022CQGV47Q8PM03,,6,5,0,0.02,3,0,3,0,0,2,0,3,0,0,national
2025,WA,53053,Pierce,5493007L4GYNO2PUBS09,,22,5,9,0.02,11,10,1,0,0,4,1,0,0,0,national
2025,WA,53053,Pierce,5493007QERYQSQ3QNH02,,23,5,3,0.02,23,0,0,0,0,5,0,0,0,0,national
2025,WA,53053,Pierce,5493008JECR4UE0WVR04,"MORTGAGE EXPRESS, LLC",5,5,0,0.02,4,0,1,0,0,4,0,1,0,0,national
2025,WA,53053,Pierce,549300F570XAWYN8Z237,,6,5,0,0.02,6,0,0,0,0,5,0,0,0,0,national
2025,WA,53053,Pierce,549300OYEKEORA1GI088,,7,5,0,0.02,1,0,6,0,0,1,0,4,0,0,national
2025,WA,53053,Pierce,549300TMY3OACQC9U777,,11,5,0,0.02,11,0,0,0,0,5,0,0,0,0,national
2025,WA,53053,Pierce,549300TUSRLWD8ETNR90,SPOKANE TEACHERS,9,5,2,0.02,9,0,0,0,0,5,0,0,0,0,national
2025,WA,53053,Pierce,549300VORTI31GZTJL53,"CARDINAL FINANCIAL COMPANY, LIMITED PARTNERSHIP",8,5,0,0.02,6,1,1,0,0,4,0,1,0,0,national
2025,WA,53053,Pierce,549300XWUSRVVOHPRY47,Academy Mortgage Corporation,15,5,1,0.02,13,2,0,0,0,5,0,0,0,0,national
2025,WA,53053,Pierce,549300ZCR1XCLNEEI724,,14,5,2,0.02,14,0,0,0,0,5,0,0,0,0,national
2025,WA,53053,Pierce,549300ZZME37MXI1EF14,"DAS ACQUISITION COMPANY, LLC",5,5,0,0.02,1,1,3,0,0,1,1,3,0,0,national
2025,WA,53053,Pierce,9845005BP6974AE5D838,,9,5,0,0.02,9,0,0,0,0,5,0,0,0,0,national
2025,WA,53053,Pierce,IUGPUX5LWRZ3B6KIZ697,Ameris Bank,5,5,0,0.02,1,0,4,0,0,1,0,4,0,0,national
2025,WA,53053,Pierce,254900IEGKUDRDS23V26,,4,4,0,0.02,4,0,0,0,0,4,0,0,0,0,national
2025,WA,53053,Pierce,254900O28OG3UMHXQY81,,10,4,1,0.02,3,6,1,0,0,1,3,0,0,0,national
2025,WA,53053,Pierce,254900P7WLDQD9IUL038,Service Federal Credit Union,6,4,0,0.02,4,0,2,0,0,3,0,1,0,0,national
2025,WA,53053,Pierce,254900RUCO27MVGTO768,LOAN FUNDER LLC,22,4,3,0.02,22,0,0,0,0,4,0,0,0,0,national
2025,WA,53053,Pierce,254900WEP08K7U7S3A80,,5,4,0,0.02,1,3,1,0,0,1,2,1,0,0,national
2025,WA,53053,Pierce,5493004RLLKTQS8K7U51,,7,4,2,0.02,7,0,0,0,0,4,0,0,0,0,national
2025,WA,53053,Pierce,549300BOXNV8VLRBDT24,,9,4,2,0.02,9,0,0,0,0,4,0,0,0,0,national
2025,WA,53053,Pierce,549300FK3AFCFVAPH234,"Leader Bank, National Association",4,4,0,0.02,4,0,0,0,0,4,0,0,0,0,national
2025,WA,53053,Pierce,549300FWQNRPTKXB8G79,,7,4,0,0.02,4,3,0,0,0,2,2,0,0,0,national
2025,WA,53053,Pierce,549300INKSPQCTELMO58,Granite Bank,4,4,0,0.02,3,1,0,0,0,3,1,0,0,0,national
2025,WA,53053,Pierce,549300KX4S1573HISS22,,8,4,0,0.02,8,0,0,0,0,4,0,0,0,0,national
2025,WA,53053,Pierce,549300LLESTPOVRG3X73,,11,4,0,0.02,9,0,2,0,0,4,0,0,0,0,national
2025,WA,53053,Pierce,549300PC4MFWQBNVKG88,"V.I.P. MORTGAGE, INC.",6,4,0,0.02,4,0,2,0,0,2,0,2,0,0,national
2025,WA,53053,Pierce,549300T61O0X0RJMQ375,,8,4,0,0.02,6,2,0,0,0,3,1,0,0,0,national
2025,WA,53053,Pierce,549300XW2H531FLD3I90,,9,4,2,0.02,9,0,0,0,0,4,0,0,0,0,national
2025,WA,53053,Pierce,5Z1UQ1CWY0DQ3KJWDQ07,,4,4,0,0.02,4,0,0,0,0,4,0,0,0,0,national
2025,WA,53053,Pierce,984500CD6F0743B8F530,,4,4,0,0.02,0,0,4,0,0,0,0,4,0,0,national
2025,WA,53053,Pierce,984500RF83EA742B5589,,4,4,0,0.02,4,0,0,0,0,4,0,0,0,0,national
2025,WA,53053,Pierce,E57ODZWZ7FF32TWEFA76,"Citibank, National Association",18,4,4,0.02,18,0,0,0,0,4,0,0,0,0,national
2025,WA,53053,Pierce,2549001IK7UDPADKAG34,,3,3,0,0.01,3,0,0,0,0,3,0,0,0,0,national
2025,WA,53053,Pierce,2549002VH9C0PKB8K153,,5,3,1,0.01,5,0,0,0,0,3,0,0,0,0,national
2025,WA,53053,Pierce,2549008LK3474E9U2888,ONPOINT COMMUNITY CREDIT UNION,9,3,3,0.01,8,1,0,0,0,3,0,0,0,0,national
2025,WA,53053,Pierce,254900EZRN0CBEP77K34,,3,3,0,0.01,3,0,0,0,0,3,0,0,0,0,national
2025,WA,53053,Pierce,254900JZN2V0PWFMW808,,3,3,0,0.01,2,1,0,0,0,2,1,0,0,0,national
2025,WA,53053,Pierce,254900LTD432L5CHIZ48,,5,3,1,0.01,5,0,0,0,0,3,0,0,0,0,national
2025,WA,53053,Pierce,254900QNIR86GUIRYH95,,6,3,0,0.01,6,0,0,0,0,3,0,0,0,0,national
2025,WA,53053,Pierce,254900RFZH9I62FGU045,"AMERICAN MORTGAGE BANK, INC.",4,3,0,0.01,4,0,0,0,0,3,0,0,0,0,national
2025,WA,53053,Pierce,5493000EUC3MM52PJV85,,5,3,0,0.01,5,0,0,0,0,3,0,0,0,0,national
2025,WA,53053,Pierce,5493000OM9RKJW8W5K82,,5,3,1,0.01,3,1,1,0,0,1,1,1,0,0,national
2025,WA,53053,Pierce,5493000YNV8IX4VD3X12,"VANDERBILT MORTGAGE AND FINANCE, INC.",26,3,6,0.01,26,0,0,0,0,3,0,0,0,0,national
2025,WA,53053,Pierce,5493001GDRY0EL7VG372,"ARK-LA-TEX FINANCIAL SERVICES, LLC.",7,3,0,0.01,4,1,2,0,0,2,0,1,0,0,national
2025,WA,53053,Pierce,5493001VH4ZJNSI25781,Peoples Bank,7,3,2,0.01,7,0,0,0,0,3,0,0,0,0,national
2025,WA,53053,Pierce,54930021DZJ9CEN11D61,,7,3,0,0.01,5,2,0,0,0,3,0,0,0,0,national
2025,WA,53053,Pierce,5493003WLEYGXGNTI654,SELCO COMMUNITY,8,3,5,0.01,8,0,0,0,0,3,0,0,0,0,national
2025,WA,53053,Pierce,5493006S869XKIESMV41,Mountain America Federal Credit Union,8,3,4,0.01,7,1,0,0,0,3,0,0,0,0,national
2025,WA,53053,Pierce,549300A5HHOL2ED18C72,,14,3,1,0.01,11,2,1,0,0,2,0,1,0,0,national
2025,WA,53053,Pierce,549300ESRQ6OLBB56N04,Glacier Bank,4,3,0,0.01,3,0,1,0,0,2,0,1,0,0,national
2025,WA,53053,Pierce,549300F6Y1YO2YXN6135,,3,3,0,0.01,3,0,0,0,0,3,0,0,0,0,national
2025,WA,53053,Pierce,549300F8C5JA44WNMI75,AMERICAN NEIGHBORHOOD MORTGAGE ACCEPTANCE COMPANY LLC,7,3,0,0.01,2,4,1,0,0,1,2,0,0,0,national
2025,WA,53053,Pierce,549300IFOE4SCP384147,University Bank,3,3,0,0.01,3,0,0,0,0,3,0,0,0,0,national
2025,WA,53053,Pierce,549300IKS3MMB5YK6T18,,4,3,1,0.01,4,0,0,0,0,3,0,0,0,0,national
2025,WA,53053,Pierce,549300ISCZS1R0CJMO47,,4,3,1,0.01,3,1,0,0,0,3,0,0,0,0,national
2025,WA,53053,Pierce,549300KPHGEE40YQXO21,,3,3,0,0.01,3,0,0,0,0,3,0,0,0,0,national
2025,WA,53053,Pierce,549300LP0CV2MNC1GV68,,3,3,0,0.01,1,0,2,0,0,1,0,2,0,0,national
2025,WA,53053,Pierce,549300QIUZLVR1OLDH55,Genisys Credit Union,3,3,0,0.01,3,0,0,0,0,3,0,0,0,0,national
2025,WA,53053,Pierce,549300UG7QXKM7KGV847,,4,3,1,0.01,4,0,0,0,0,3,0,0,0,0,national
2025,WA,53053,Pierce,549300VJ7C5JB4W87F48,"KEY MORTGAGE SERVICES, INC.",4,3,0,0.01,4,0,0,0,0,3,0,0,0,0,national
2025,WA,53053,Pierce,549300W1HU6IVVIEJ389,"RANLIFE, INC.",3,3,0,0.01,1,2,0,0,0,1,2,0,0,0,national
2025,WA,53053,Pierce,549300XRF9LCZ3RX3Q39,,6,3,0,0.01,0,2,4,0,0,0,1,2,0,0,national
2025,WA,53053,Pierce,DRMSV1Q0EKMEXLAU1P80,"Citizens Bank, National Association",5,3,1,0.01,5,0,0,0,0,3,0,0,0,0,national
2025,WA,53053,Pierce,ZXMJHJK466PBZTM5F379,,3,3,0,0.01,3,0,0,0,0,3,0,0,0,0,national
2025,WA,53053,Pierce,1IE8VN30JCEQV1H4R804,,3,2,1,0.01,3,0,0,0,0,2,0,0,0,0,national
2025,WA,53053,Pierce,2549004CU9LAM5CYA280,,3,2,0,0.01,3,0,0,0,0,2,0,0,0,0,national
2025,WA,53053,Pierce,2549007IU6SKFLLNKZ07,,2,2,0,0.01,1,0,1,0,0,1,0,1,0,0,national
2025,WA,53053,Pierce,2549009X2AG1P20YAJ63,,6,2,0,0.01,6,0,0,0,0,2,0,0,0,0,national
2025,WA,53053,Pierce,254900HO9WPE4LTLQU96,,3,2,0,0.01,0,2,1,0,0,0,1,1,0,0,national
2025,WA,53053,Pierce,254900N133DZGPB2X985,,2,2,0,0.01,2,0,0,0,0,2,0,0,0,0,national
2025,WA,53053,Pierce,254900O2K17TNH5CL873,"RF RENOVO MANAGEMENT COMPANY, LLC",3,2,0,0.01,3,0,0,0,0,2,0,0,0,0,national
2025,WA,53053,Pierce,254900T37KTTXKCK3416,,3,2,1,0.01,3,0,0,0,0,2,0,0,0,0,national
2025,WA,53053,Pierce,5493000BAKE4VAHVCU55,,5,2,0,0.01,5,0,0,0,0,2,0,0,0,0,national
2025,WA,53053,Pierce,5493002TJKC8NLH1ZP82,,3,2,0,0.01,2,0,1,0,0,1,0,1,0,0,national
2025,WA,53053,Pierce,54930030Z1JWTP3SVD16,,9,2,0,0.01,1,6,2,0,0,0,1,1,0,0,national
2025,WA,53053,Pierce,5493005DKMV1IHIM8E20,"Wilmington Savings Fund Society, FSB",2,2,0,0.01,2,0,0,0,0,2,0,0,0,0,national
2025,WA,53053,Pierce,5493005ICQ3QGEIWV618,UNITED MORTGAGE CORP.,4,2,0,0.01,1,1,2,0,0,0,0,2,0,0,national
2025,WA,53053,Pierce,5493006P5IHSK77SZ855,,2,2,0,0.01,2,0,0,0,0,2,0,0,0,0,national
2025,WA,53053,Pierce,549300715JT4HMT74E48,,4,2,1,0.01,4,0,0,0,0,2,0,0,0,0,national
2025,WA,53053,Pierce,54930078TNN7GKZ7NU89,,3,2,0,0.01,2,0,1,0,0,1,0,1,0,0,national
2025,WA,53053,Pierce,5493008E4KBJCB6UKR64,,2,2,0,0.01,0,2,0,0,0,0,2,0,0,0,national
2025,WA,53053,Pierce,54930091JQKCU3Z6IP44,,57,2,4,0.01,57,0,0,0,0,2,0,0,0,0,national
2025,WA,53053,Pierce,549300AT7EB9FJAF0E61,Old National Bank,2,2,0,0.01,1,0,1,0,0,1,0,1,0,0,national
2025,WA,53053,Pierce,549300CK7U1WMTIG6687,,3,2,0,0.01,0,3,0,0,0,0,2,0,0,0,national
2025,WA,53053,Pierce,549300FVD3YHE65PKH97,,2,2,0,0.01,2,0,0,0,0,2,0,0,0,0,national
2025,WA,53053,Pierce,549300I43FC7P0IJMR13,,2,2,0,0.01,2,0,0,0,0,2,0,0,0,0,national
2025,WA,53053,Pierce,549300IBT3SCF2K09D58,,2,2,0,0.01,2,0,0,0,0,2,0,0,0,0,national
2025,WA,53053,Pierce,549300JPGMCMBEJEK584,FIRST TECHNOLOGY,7,2,2,0.01,7,0,0,0,0,2,0,0,0,0,national
2025,WA,53053,Pierce,549300K6K2IS7FRS7S09,,4,2,1,0.01,2,0,2,0,0,2,0,0,0,0,national
2025,WA,53053,Pierce,549300KZVCKCUN23YY80,,2,2,0,0.01,2,0,0,0,0,2,0,0,0,0,national
2025,WA,53053,Pierce,549300N52O6FKUCU5G62,NUMERICA CREDIT UNION,3,2,1,0.01,3,0,0,0,0,2,0,0,0,0,national
2025,WA,53053,Pierce,549300NJVKCDJA5YC939,,3,2,0,0.01,1,0,2,0,0,0,0,2,0,0,national
2025,WA,53053,Pierce,549300NN0PRX3I4QGG46,,3,2,0,0.01,0,0,3,0,0,0,0,2,0,0,national
2025,WA,53053,Pierce,549300O2EZG72LO2FX38,,2,2,0,0.01,2,0,0,0,0,2,0,0,0,0,national
2025,WA,53053,Pierce,549300REENMLD2RN3W58,"Magnolia Bank, Incorporated",3,2,0,0.01,0,1,2,0,0,0,1,1,0,0,national
2025,WA,53053,Pierce,549300S8SHBRCI7UU819,,5,2,3,0.01,5,0,0,0,0,2,0,0,0,0,national
2025,WA,53053,Pierce,549300T9P3WXNMXX0I34,Ixonia Bank,3,2,0,0.01,2,1,0,0,0,2,0,0,0,0,national
2025,WA,53053,Pierce,549300TDBTRK89DZRC13,Fibre Federal Credit Union,5,2,3,0.01,5,0,0,0,0,2,0,0,0,0,national
2025,WA,53053,Pierce,549300UF3FPC7U6RFC59,The Central Trust Bank,7,2,0,0.01,6,0,1,0,0,1,0,1,0,0,national
2025,WA,53053,Pierce,549300UV5JQXLGVWIP44,,2,2,0,0.01,2,0,0,0,0,2,0,0,0,0,national
2025,WA,53053,Pierce,549300V8CF81JGIV7038,,2,2,0,0.01,2,0,0,0,0,2,0,0,0,0,national
2025,WA,53053,Pierce,549300VJQJVZKJBDWS17,"TOTAL MORTGAGE SERVICES, LLC",4,2,1,0.01,2,2,0,0,0,1,1,0,0,0,national
2025,WA,53053,Pierce,549300WHVRE44NRBU558,,4,2,1,0.01,1,3,0,0,0,1,1,0,0,0,national
2025,WA,53053,Pierce,549300ZIXM1VUXPG4D03,,4,2,1,0.01,1,1,2,0,0,0,1,1,0,0,national
2025,WA,53053,Pierce,8WH0EE09O9V05QJZ3V89,"Zions Bancorporation, N.A.",5,2,0,0.01,5,0,0,0,0,2,0,0,0,0,national
2025,WA,53053,Pierce,984500F5665613E36549,,4,2,0,0.01,2,0,2,0,0,2,0,0,0,0,national
2025,WA,53053,Pierce,984500F6E6940CCB6A60,,2,2,0,0.01,2,0,0,0,0,2,0,0,0,0,national
2025,WA,53053,Pierce,984500FAD1FB7FEGTE82,,3,2,0,0.01,3,0,0,0,0,2,0,0,0,0,national
2025,WA,53053,Pierce,984500P059VACEAAFA22,,4,2,0,0.01,2,1,1,0,0,0,1,1,0,0,national
2025,WA,53053,Pierce,COINQMNIM6RBU631DD85,Arvest Bank,4,2,0,0.01,4,0,0,0,0,2,0,0,0,0,national
2025,WA,53053,Pierce,JJKC32MCHWDI71265Z06,Truist Bank,3,2,0,0.01,3,0,0,0,0,2,0,0,0,0,national
2025,WA,53053,Pierce,25490018IFQOT83Q7H49,,1,1,0,0.0,1,0,0,0,0,1,0,0,0,0,national
2025,WA,53053,Pierce,254900378RFGMBEKAF12,Empeople Credit Union,1,1,0,0.0,1,0,0,0,0,1,0,0,0,0,national
2025,WA,53053,Pierce,2549005Q4HZ55QX7YC64,,1,1,0,0.0,1,0,0,0,0,1,0,0,0,0,national
2025,WA,53053,Pierce,2549007AU24FVDMNUB40,,4,1,1,0.0,4,0,0,0,0,1,0,0,0,0,national
2025,WA,53053,Pierce,2549009AOX259OY87H37,,1,1,0,0.0,1,0,0,0,0,1,0,0,0,0,national
2025,WA,53053,Pierce,254900BBWJ82FQDQ6823,,1,1,0,0.0,1,0,0,0,0,1,0,0,0,0,national
2025,WA,53053,Pierce,254900DSZI6CJXJL6Z14,,1,1,0,0.0,1,0,0,0,0,1,0,0,0,0,national
2025,WA,53053,Pierce,254900HIDMT4ZG09RP47,,3,1,0,0.0,0,0,3,0,0,0,0,1,0,0,national
2025,WA,53053,Pierce,254900I68BOSEM149Q58,,1,1,0,0.0,0,0,1,0,0,0,0,1,0,0,national
2025,WA,53053,Pierce,254900IHSG9OOX0DZH92,,1,1,0,0.0,1,0,0,0,0,1,0,0,0,0,national
2025,WA,53053,Pierce,254900KKWIJLOTNP7667,,1,1,0,0.0,1,0,0,0,0,1,0,0,0,0,national
2025,WA,53053,Pierce,254900LX8DA8FRHUUD51,Potlatch No. 1 Financial Credit Union,1,1,0,0.0,1,0,0,0,0,1,0,0,0,0,national
2025,WA,53053,Pierce,254900MHHOS58M9D0445,,1,1,0,0.0,1,0,0,0,0,1,0,0,0,0,national
2025,WA,53053,Pierce,254900RNV63A0TIZNK90,,1,1,0,0.0,1,0,0,0,0,1,0,0,0,0,national
2025,WA,53053,Pierce,254900VE4XTOQUE8NZ77,,6,1,1,0.0,6,0,0,0,0,1,0,0,0,0,national
2025,WA,53053,Pierce,4EP6JBYBTPTQ47LZOB67,,1,1,0,0.0,1,0,0,0,0,1,0,0,0,0,national
2025,WA,53053,Pierce,5493000OOREHUZON5E13,,1,1,0,0.0,1,0,0,0,0,1,0,0,0,0,national
2025,WA,53053,Pierce,5493000WAJ1FMTFL5D75,,5,1,2,0.0,0,0,5,0,0,0,0,1,0,0,national
2025,WA,53053,Pierce,5493000XC2Y1SLXRQP11,,1,1,0,0.0,1,0,0,0,0,1,0,0,0,0,national
2025,WA,53053,Pierce,5493001K7B4W8IPMZ254,,1,1,0,0.0,1,0,0,0,0,1,0,0,0,0,national
2025,WA,53053,Pierce,5493001P38O8QXGI6503,,1,1,0,0.0,1,0,0,0,0,1,0,0,0,0,national
2025,WA,53053,Pierce,5493002GI63WHHUTUD85,"KEYSTONE FUNDING, INC.",2,1,1,0.0,2,0,0,0,0,1,0,0,0,0,national
2025,WA,53053,Pierce,54930030S6J5KOL5LJ73,FAIRWINDS CREDIT UNION,1,1,0,0.0,1,0,0,0,0,1,0,0,0,0,national
2025,WA,53053,Pierce,5493003B2LEGQHDWRN55,HANSCOM,1,1,0,0.0,1,0,0,0,0,1,0,0,0,0,national
2025,WA,53053,Pierce,5493003NV9L53LK1XI52,,1,1,0,0.0,1,0,0,0,0,1,0,0,0,0,national
2025,WA,53053,Pierce,54930048P8RWCQHQM310,,5,1,0,0.0,5,0,0,0,0,1,0,0,0,0,national
2025,WA,53053,Pierce,5493005DYVXTSXZPZF85,,1,1,0,0.0,1,0,0,0,0,1,0,0,0,0,national
2025,WA,53053,Pierce,5493005JPZ3LXXMB0S24,"Carrington Mortgage Services, LLC",2,1,0,0.0,2,0,0,0,0,1,0,0,0,0,national
2025,WA,53053,Pierce,5493005PD34O8ZT7QT17,,2,1,1,0.0,2,0,0,0,0,1,0,0,0,0,national
2025,WA,53053,Pierce,5493006KQF5UKZ3Y9N07,,1,1,0,0.0,0,1,0,0,0,0,1,0,0,0,national
2025,WA,53053,Pierce,5493006KXUHSYFT7SD10,,1,1,0,0.0,1,0,0,0,0,1,0,0,0,0,national
2025,WA,53053,Pierce,5493006RIR31ORKYB608,,1,1,0,0.0,1,0,0,0,0,1,0,0,0,0,national
2025,WA,53053,Pierce,5493007Z7FTUKQGFMZ98,,1,1,0,0.0,1,0,0,0,0,1,0,0,0,0,national
2025,WA,53053,Pierce,54930080168VA6Z8UX21,TOWER Federal Credit Union,2,1,1,0.0,2,0,0,0,0,1,0,0,0,0,national
2025,WA,53053,Pierce,54930091CYUK2SDZ6D37,,1,1,0,0.0,1,0,0,0,0,1,0,0,0,0,national
2025,WA,53053,Pierce,54930097J3TUZXBXXE75,,3,1,1,0.0,3,0,0,0,0,1,0,0,0,0,national
2025,WA,53053,Pierce,5493009PLGT79KQ6HO15,Access Bank,1,1,0,0.0,1,0,0,0,0,1,0,0,0,0,national
2025,WA,53053,Pierce,549300A4ZI1DF2OO1B51,,1,1,0,0.0,1,0,0,0,0,1,0,0,0,0,national
2025,WA,53053,Pierce,549300AV8QD552DSI743,,1,1,0,0.0,1,0,0,0,0,1,0,0,0,0,national
2025,WA,53053,Pierce,549300BBKMRS6J0CB539,AMERICAN PORTFOLIO MORTGAGE CORPORATION,1,1,0,0.0,0,0,1,0,0,0,0,1,0,0,national
2025,WA,53053,Pierce,549300BEFX6JRSCS5N78,Centennial Bank,1,1,0,0.0,0,0,1,0,0,0,0,1,0,0,national
2025,WA,53053,Pierce,549300BXWU32AYWT1A56,,1,1,0,0.0,1,0,0,0,0,1,0,0,0,0,national
2025,WA,53053,Pierce,549300C04BJ0G297NC13,,2,1,0,0.0,2,0,0,0,0,1,0,0,0,0,national
2025,WA,53053,Pierce,549300C1ICNCM0V37Y02,"First State Bank of St. Charles, Missouri",1,1,0,0.0,1,0,0,0,0,1,0,0,0,0,national
2025,WA,53053,Pierce,549300C232ZWY1I57C16,,1,1,0,0.0,1,0,0,0,0,1,0,0,0,0,national
2025,WA,53053,Pierce,549300C8GOC4OYUV0Z32,,3,1,0,0.0,3,0,0,0,0,1,0,0,0,0,national
2025,WA,53053,Pierce,549300CLRXFVF83ZL806,"NATIONWIDE MORTGAGE BANKERS, INC.",2,1,0,0.0,1,1,0,0,0,1,0,0,0,0,national
2025,WA,53053,Pierce,549300DH8EI64ITBY388,,1,1,0,0.0,1,0,0,0,0,1,0,0,0,0,national
2025,WA,53053,Pierce,549300DU4JZVSGF3G964,,1,1,0,0.0,1,0,0,0,0,1,0,0,0,0,national
2025,WA,53053,Pierce,549300E4YLQ3BVQ4GW30,,1,1,0,0.0,1,0,0,0,0,1,0,0,0,0,national
2025,WA,53053,Pierce,549300ELXS6PBT8OEE44,,1,1,0,0.0,1,0,0,0,0,1,0,0,0,0,national
2025,WA,53053,Pierce,549300G5DVGM0ZHRQC33,,1,1,0,0.0,0,0,1,0,0,0,0,1,0,0,national
2025,WA,53053,Pierce,549300G5ZQEXZC4Y5G44,,1,1,0,0.0,1,0,0,0,0,1,0,0,0,0,national
2025,WA,53053,Pierce,549300GGB04TG4AH1377,,2,1,1,0.0,2,0,0,0,0,1,0,0,0,0,national
2025,WA,53053,Pierce,549300HINJH60UG3KG47,,1,1,0,0.0,1,0,0,0,0,1,0,0,0,0,national
2025,WA,53053,Pierce,549300HV02VPA0FYR272,,1,1,0,0.0,0,1,0,0,0,0,1,0,0,0,national
2025,WA,53053,Pierce,549300IJO7NO6VDZPD35,"THE MORTGAGE LINK, INC.",1,1,0,0.0,0,0,1,0,0,0,0,1,0,0,national
2025,WA,53053,Pierce,549300JGMQJ4R419LR70,,2,1,0,0.0,2,0,0,0,0,1,0,0,0,0,national
2025,WA,53053,Pierce,549300JQALY53TH22D13,,1,1,0,0.0,1,0,0,0,0,1,0,0,0,0,national
2025,WA,53053,Pierce,549300KDR80I1ELW8D36,,6,1,3,0.0,6,0,0,0,0,1,0,0,0,0,national
2025,WA,53053,Pierce,549300KQHWNSVCE2MY88,,1,1,0,0.0,1,0,0,0,0,1,0,0,0,0,national
2025,WA,53053,Pierce,549300KT5OWPGQKWUN86,,1,1,0,0.0,0,0,1,0,0,0,0,1,0,0,national
2025,WA,53053,Pierce,549300LLKEKXL2RM1F61,CONTOUR MORTGAGE CORPORATION,1,1,0,0.0,1,0,0,0,0,1,0,0,0,0,national
2025,WA,53053,Pierce,549300MQEDQYDJR8CP22,,1,1,0,0.0,1,0,0,0,0,1,0,0,0,0,national
2025,WA,53053,Pierce,549300N3JBQ15RQ7AV97,,2,1,0,0.0,2,0,0,0,0,1,0,0,0,0,national
2025,WA,53053,Pierce,549300OPB0G5OMY0SM65,,3,1,1,0.0,3,0,0,0,0,1,0,0,0,0,national
2025,WA,53053,Pierce,549300OTLWFQPOOSC346,BayCoast Bank,1,1,0,0.0,1,0,0,0,0,1,0,0,0,0,national
2025,WA,53053,Pierce,549300OTNSBY6RS8HU51,,1,1,0,0.0,1,0,0,0,0,1,0,0,0,0,national
2025,WA,53053,Pierce,549300OZIFHR7THILC90,"Merchants Bank, National Association",1,1,0,0.0,1,0,0,0,0,1,0,0,0,0,national
2025,WA,53053,Pierce,549300R22XCNNGVXRO22,,1,1,0,0.0,1,0,0,0,0,1,0,0,0,0,national
2025,WA,53053,Pierce,549300RC1JITZLHVLH66,,1,1,0,0.0,1,0,0,0,0,1,0,0,0,0,national
2025,WA,53053,Pierce,549300RFPLMCMJL7BS81,,1,1,0,0.0,1,0,0,0,0,1,0,0,0,0,national
2025,WA,53053,Pierce,549300RM1IZYGQDSNL85,,11,1,1,0.0,0,6,3,2,0,0,1,0,0,0,national
2025,WA,53053,Pierce,549300RYBJHWWDENV610,Alcova Mortgage LLC,1,1,0,0.0,0,1,0,0,0,0,1,0,0,0,national
2025,WA,53053,Pierce,549300RYTR2RVL4SFJ90,,3,1,0,0.0,3,0,0,0,0,1,0,0,0,0,national
2025,WA,53053,Pierce,549300RYWXR8TL5LIK35,,2,1,1,0.0,1,1,0,0,0,0,1,0,0,0,national
2025,WA,53053,Pierce,549300SBA6BX8HZZF585,,1,1,0,0.0,1,0,0,0,0,1,0,0,0,0,national
2025,WA,53053,Pierce,549300SQKZC6HESYGO25,,2,1,0,0.0,2,0,0,0,0,1,0,0,0,0,national
2025,WA,53053,Pierce,549300T3F9S1MKFKHC53,HOMESTEAD FUNDING CORP.,2,1,0,0.0,2,0,0,0,0,1,0,0,0,0,national
2025,WA,53053,Pierce,549300T5QSL6MC8M4D04,"NORWICH COMMERCIAL GROUP, INC.",2,1,0,0.0,1,0,1,0,0,0,0,1,0,0,national
2025,WA,53053,Pierce,549300TEBV514KLDE180,,1,1,0,0.0,1,0,0,0,0,1,0,0,0,0,national
2025,WA,53053,Pierce,549300TK6RZQSFXZHV09,,1,1,0,0.0,1,0,0,0,0,1,0,0,0,0,national
2025,WA,53053,Pierce,549300V3N91EH05UWL23,,2,1,0,0.0,2,0,0,0,0,1,0,0,0,0,national
2025,WA,53053,Pierce,549300VMX06UV1F7NS76,,2,1,0,0.0,0,0,2,0,0,0,0,1,0,0,national
2025,WA,53053,Pierce,549300VVH8HHFMWL8536,,1,1,0,0.0,1,0,0,0,0,1,0,0,0,0,national
2025,WA,53053,Pierce,549300W6UP8EY0KSBG85,,1,1,0,0.0,1,0,0,0,0,1,0,0,0,0,national
2025,WA,53053,Pierce,549300WKFR15017V9850,,1,1,0,0.0,1,0,0,0,0,1,0,0,0,0,national
2025,WA,53053,Pierce,549300WPK18IMSC1OM63,,1,1,0,0.0,1,0,0,0,0,1,0,0,0,0,national
2025,WA,53053,Pierce,549300X08QKYUH256I80,,1,1,0,0.0,1,0,0,0,0,1,0,0,0,0,national
2025,WA,53053,Pierce,549300XED7IBK9VVQH70,"PIKE CREEK MORTGAGE SERVICES, INC.",1,1,0,0.0,1,0,0,0,0,1,0,0,0,0,national
2025,WA,53053,Pierce,549300XQ7B5FIVUNFE29,VAN DYK MORTGAGE CORPORATION,2,1,0,0.0,1,0,1,0,0,0,0,1,0,0,national
2025,WA,53053,Pierce,549300YPBBHUEKV1YC68,,3,1,0,0.0,0,0,3,0,0,0,0,1,0,0,national
2025,WA,53053,Pierce,549300YVM8B4UQC5DK40,,1,1,0,0.0,1,0,0,0,0,1,0,0,0,0,national
2025,WA,53053,Pierce,549300YW2UBCMDRMBT48,,1,1,0,0.0,1,0,0,0,0,1,0,0,0,0,national
2025,WA,53053,Pierce,549300ZUF2EI6H23YK94,,2,1,0,0.0,2,0,0,0,0,1,0,0,0,0,national
2025,WA,53053,Pierce,635400IW1QMK3FNFF894,MERIDIAN BANK,1,1,0,0.0,0,0,1,0,0,0,0,1,0,0,national
2025,WA,53053,Pierce,6PTKHDJ8HDUF78PFWH30,,1,1,0,0.0,1,0,0,0,0,1,0,0,0,0,national
2025,WA,53053,Pierce,7DMUJTL9FFTVIAG9H788,Commerce Bank,1,1,0,0.0,1,0,0,0,0,1,0,0,0,0,national
2025,WA,53053,Pierce,875500CPQ9Z7QEFE5G90,"LOANPEOPLE, LLC",1,1,0,0.0,1,0,0,0,0,1,0,0,0,0,national
2025,WA,53053,Pierce,89450088V2BYQUO61B62,,1,1,0,0.0,1,0,0,0,0,1,0,0,0,0,national
2025,WA,53053,Pierce,EQTWLK1G7ODGC2MGLV11,Regions Bank,2,1,1,0.0,2,0,0,0,0,1,0,0,0,0,national
2025,WA,53053,Pierce,FT6J43S06X6CLJ0R0B48,Cathay Bank,3,1,1,0.0,3,0,0,0,0,1,0,0,0,0,national
2025,WA,53053,Pierce,WKN6AF1FCL7BBYGTGI83,,3,1,2,0.0,3,0,0,0,0,1,0,0,0,0,national
2025,WA,53053,Pierce,5493008VVXQIDO1EZ460,"SUMMIT FUNDING, INC.",5,0,0,0.0,5,0,0,0,0,0,0,0,0,0,national
2025,WA,53053,Pierce,549300PWMS2701UFP528,,9,0,0,0.0,3,3,3,0,0,0,0,0,0,0,national
2025,WA,53057,Skagit,549300KM40FP4MSQU941,Boeing Employees Credit Union,418,259,102,9.23,416,1,1,0,0,258,0,1,0,0,national
2025,WA,53057,Skagit,549300HW662MN1WU8550,"United Wholesale Mortgage, LLC",251,186,22,6.63,159,55,37,0,0,122,36,28,0,0,national
2025,WA,53057,Skagit,549300FGXN1K3HLB1R50,"Rocket Mortgage, LLC",243,182,37,6.48,205,19,19,0,0,161,11,10,0,0,national
2025,WA,53057,Skagit,549300GKFNPRWNS0GF29,"AmeriHome Mortgage Company, LLC",219,157,13,5.59,167,22,24,6,0,118,13,20,6,0,national
2025,WA,53057,Skagit,WE0I402RW25AU38DTI13,Banner Bank,206,131,54,4.67,200,3,3,0,0,127,2,2,0,0,national
2025,WA,53057,Skagit,5493001VH4ZJNSI25781,Peoples Bank,189,111,39,3.95,188,1,0,0,0,111,0,0,0,0,national
2025,WA,53057,Skagit,549300AQ3T62GXDU7D76,GUILD MORTGAGE COMPANY LLC,157,105,4,3.74,129,16,11,1,0,86,10,9,0,0,national
2025,WA,53057,Skagit,54930060G4MDPWHISD89,EVERGREEN MONEYSOURCE MORTGAGE COMPANY,127,103,0,3.67,104,20,3,0,0,84,17,2,0,0,national
2025,WA,53057,Skagit,5493003Q3L1PO9NBVK64,WHATCOM EDUCATIONAL CREDIT UNION,153,95,29,3.38,153,0,0,0,0,95,0,0,0,0,national
2025,WA,53057,Skagit,549300DD4R4SYK5RAQ92,"MOVEMENT MORTGAGE, LLC",97,70,3,2.49,72,11,14,0,0,53,8,9,0,0,national
2025,WA,53057,Skagit,5493003GQDUH26DNNH17,Navy Federal Credit Union,115,69,17,2.46,93,0,22,0,0,54,0,15,0,0,national
2025,WA,53057,Skagit,RVDPPPGHCGZ40J4VQ731,"PENNYMAC LOAN SERVICES, LLC",84,50,10,1.78,60,13,11,0,0,33,8,9,0,0,national
2025,WA,53057,Skagit,549300VZVN841I2ILS84,"CROSSCOUNTRY MORTGAGE, LLC",77,49,3,1.75,49,21,7,0,0,30,14,5,0,0,national
2025,WA,53057,Skagit,549300FNXYY540N23N64,Newrez LLC,96,46,10,1.64,72,13,11,0,0,33,7,6,0,0,national
2025,WA,53057,Skagit,549300E2UX99HKDBR481,"NEW AMERICAN FUNDING, LLC",83,43,7,1.53,58,21,4,0,0,32,9,2,0,0,national
2025,WA,53057,Skagit,B4TYDEB6GKMZO031MB27,"Bank of America, National Association",111,43,37,1.53,111,0,0,0,0,43,0,0,0,0,national
2025,WA,53057,Skagit,549300MGPZBLQDIL7538,FAIRWAY INDEPENDENT MORTGAGE CORPORATION,49,41,0,1.46,35,9,5,0,0,30,6,5,0,0,national
2025,WA,53057,Skagit,549300KIOYNU323LVJ37,AMERICAN PACIFIC MORTGAGE CORPORATION,52,38,1,1.35,29,16,7,0,0,22,10,6,0,0,national
2025,WA,53057,Skagit,549300AG64NHILB7ZP05,"LOANDEPOT.COM, LLC",63,37,15,1.32,53,9,1,0,0,30,6,1,0,0,national
2025,WA,53057,Skagit,6BYL5QZYBDK8S7L73M02,U.S. Bank National Association,78,37,17,1.32,78,0,0,0,0,37,0,0,0,0,national
2025,WA,53057,Skagit,549300CY7WNAHKHYSJ73,"CORNERSTONE CAPITAL BANK, SSB",31,30,0,1.07,22,2,7,0,0,22,2,6,0,0,national
2025,WA,53057,Skagit,549300PIL8LFAQ04XC20,Better Mortgage Corporation,67,28,28,1.0,67,0,0,0,0,28,0,0,0,0,national
2025,WA,53057,Skagit,549300ZBXINP1Y94CN02,,30,28,0,1.0,20,9,1,0,0,19,8,1,0,0,national
2025,WA,53057,Skagit,549300LBCBNR1OT00651,NATIONSTAR MORTGAGE LLC,41,27,5,0.96,35,3,3,0,0,23,1,3,0,0,national
2025,WA,53057,Skagit,549300MZ8VZJOVC63092,"KIND LENDING, LLC",34,25,4,0.89,26,2,5,1,0,20,1,4,0,0,national
2025,WA,53057,Skagit,254900UL88QFG0E40516,FIGURE LENDING LLC,45,24,11,0.86,45,0,0,0,0,24,0,0,0,0,national
2025,WA,53057,Skagit,549300Z2B4FHRYOXTS09,,36,24,10,0.86,36,0,0,0,0,24,0,0,0,0,national
2025,WA,53057,Skagit,254900XK1QLA60R87H84,,28,23,2,0.82,27,0,1,0,0,22,0,1,0,0,national
2025,WA,53057,Skagit,549300LYRWPSYPK6S325,FREEDOM MORTGAGE CORPORATION,57,22,4,0.78,13,12,32,0,0,6,3,13,0,0,national
2025,WA,53057,Skagit,549300OPCWU6E72WUT29,"MUTUAL OF OMAHA MORTGAGE, INC.",31,22,4,0.78,8,21,2,0,0,6,16,0,0,0,national
2025,WA,53057,Skagit,7H6GLXDRUGQFU57RNE97,"JPMorgan Chase Bank, National Association",32,22,2,0.78,32,0,0,0,0,22,0,0,0,0,national
2025,WA,53057,Skagit,549300DD5QQUHO6PCH70,"MORTGAGE RESEARCH CENTER, LLC",56,21,9,0.75,4,1,51,0,0,0,0,21,0,0,national
2025,WA,53057,Skagit,549300CB67L6KPJLHE19,"TRIAD FINANCIAL SERVICES, INC.",54,20,17,0.71,54,0,0,0,0,20,0,0,0,0,national
2025,WA,53057,Skagit,549300J6N77Q8OHYNF23,,25,20,1,0.71,13,4,8,0,0,10,3,7,0,0,national
2025,WA,53057,Skagit,IFQSIUC9AGQV2NE8CN25,Columbia Bank,37,19,13,0.68,37,0,0,0,0,19,0,0,0,0,national
2025,WA,53057,Skagit,HUX2X73FUCYHUVH1BK78,KeyBank National Association,30,18,6,0.64,29,0,1,0,0,18,0,0,0,0,national
2025,WA,53057,Skagit,549300JE1TOUVEDSGD05,,28,17,5,0.61,28,0,0,0,0,17,0,0,0,0,national
2025,WA,53057,Skagit,549300U3721PJGQZYY68,"GUARANTEED RATE, INC.",34,16,2,0.57,30,1,3,0,0,14,0,2,0,0,national
2025,WA,53057,Skagit,254900QPRPHIXEAX3L37,,18,15,2,0.53,18,0,0,0,0,15,0,0,0,0,national
2025,WA,53057,Skagit,549300NOCASXPA34X033,"LAKEVIEW LOAN SERVICING, LLC",45,15,25,0.53,35,10,0,0,0,13,2,0,0,0,national
2025,WA,53057,Skagit,54930054ET8KM4O1D485,"SOFI BANK, NATIONAL ASSOCIATION",32,14,3,0.5,30,2,0,0,0,14,0,0,0,0,national
2025,WA,53057,Skagit,549300DK7QID2ZON6Q55,Global Federal Credit Union,26,14,8,0.5,26,0,0,0,0,14,0,0,0,0,national
2025,WA,53057,Skagit,254900DTLHVWQ7NP7R34,"CMG Mortgage, Inc.",14,13,0,0.46,12,2,0,0,0,11,2,0,0,0,national
2025,WA,53057,Skagit,254900ZFWS2106HWPH46,"PARAMOUNT RESIDENTIAL MORTGAGE GROUP, INC.",22,13,4,0.46,16,5,1,0,0,9,3,1,0,0,national
2025,WA,53057,Skagit,549300121SF0K2LN2804,"PRIMELENDING, A PLAINSCAPITAL COMPANY",18,13,0,0.46,13,2,3,0,0,10,1,2,0,0,national
2025,WA,53057,Skagit,254900FDPG829O6VBB05,"EASTSIDE FUNDING, LLC",16,12,0,0.43,16,0,0,0,0,12,0,0,0,0,national
2025,WA,53057,Skagit,5493001B4U37VT2ML818,GESA CREDIT UNION,14,11,0,0.39,14,0,0,0,0,11,0,0,0,0,national
2025,WA,53057,Skagit,54930049L5WINET09Q97,"CLICK N' CLOSE, INC.",12,11,0,0.39,4,8,0,0,0,4,7,0,0,0,national
2025,WA,53057,Skagit,549300G4ESSS6M0MEG51,ORIGINPOINT LLC,17,11,1,0.39,13,2,2,0,0,10,0,1,0,0,national
2025,WA,53057,Skagit,549300T94GSH3C4U5M59,ALLIANT CREDIT UNION,16,11,4,0.39,16,0,0,0,0,11,0,0,0,0,national
2025,WA,53057,Skagit,5493000FWM3I2HHQY149,WASHINGTON STATE EMPLOYEES CREDIT UNION,26,10,15,0.36,26,0,0,0,0,10,0,0,0,0,national
2025,WA,53057,Skagit,25490066WMF8ZMQXQB18,"Lendage, LLC",16,9,1,0.32,16,0,0,0,0,9,0,0,0,0,national
2025,WA,53057,Skagit,549300MCIFZSDHUT8X63,"NFM, INC.",11,9,1,0.32,7,3,1,0,0,6,2,1,0,0,national
2025,WA,53057,Skagit,549300MUXFVZKH4XLG17,,13,9,0,0.32,11,2,0,0,0,7,2,0,0,0,national
2025,WA,53057,Skagit,5493002B2WMHY23GFK92,"AMERICAN FINANCIAL RESOURCES, INC.",10,8,0,0.29,2,4,4,0,0,2,3,3,0,0,national
2025,WA,53057,Skagit,54930043BMDE130FJ617,"PROVIDENT FUNDING ASSOCIATES, L.P.",13,8,0,0.29,13,0,0,0,0,8,0,0,0,0,national
2025,WA,53057,Skagit,549300BX448ALT10FI43,The Federal Savings Bank,13,8,0,0.29,2,2,9,0,0,2,1,5,0,0,national
2025,WA,53057,Skagit,549300PL8ER6H23P0Z91,BAY EQUITY LLC,11,8,0,0.29,8,2,1,0,0,5,2,1,0,0,national
2025,WA,53057,Skagit,549300YIQ7S7Z8PIHE53,AMERISAVE MORTGAGE CORPORATION,29,8,18,0.29,21,5,3,0,0,8,0,0,0,0,national
2025,WA,53057,Skagit,KB1H1DSPRFMYMCUFXT09,"Wells Fargo Bank, National Association",24,8,5,0.29,23,1,0,0,0,8,0,0,0,0,national
2025,WA,53057,Skagit,5493009HUMWCHFRDKF12,SAMMAMISH MORTGAGE COMPANY,10,7,0,0.25,10,0,0,0,0,7,0,0,0,0,national
2025,WA,53057,Skagit,54930028J11BWKUVGX50,,20,6,10,0.21,19,1,0,0,0,6,0,0,0,0,national
2025,WA,53057,Skagit,549300Q02LGIN9AXKP98,FIRST TECHNOLOGY FEDERAL CREDIT UNION,8,6,0,0.21,8,0,0,0,0,6,0,0,0,0,national
2025,WA,53057,Skagit,549300ZZME37MXI1EF14,"DAS ACQUISITION COMPANY, LLC",9,6,0,0.21,7,2,0,0,0,4,2,0,0,0,national
2025,WA,53057,Skagit,5493001GCBD5XGNIC815,Coastal Community Bank,18,5,0,0.18,18,0,0,0,0,5,0,0,0,0,national
2025,WA,53057,Skagit,549300370QILXLFUWD20,"ZILLOW HOME LOANS, LLC",5,5,0,0.18,4,1,0,0,0,4,1,0,0,0,national
2025,WA,53057,Skagit,5493003T5D4N1CM46J77,1st Security Bank of Washington,9,5,1,0.18,7,1,1,0,0,4,1,0,0,0,national
2025,WA,53057,Skagit,5493008CPTDVOS570626,"Primary Residential Mortgage, Inc.",11,5,5,0.18,11,0,0,0,0,5,0,0,0,0,national
2025,WA,53057,Skagit,549300LROQOOQU77WS20,,9,5,0,0.18,9,0,0,0,0,5,0,0,0,0,national
2025,WA,53057,Skagit,549300S5YL3OH0IVCS62,FINANCE OF AMERICA REVERSE LLC,10,5,2,0.18,4,6,0,0,0,1,4,0,0,0,national
2025,WA,53057,Skagit,549300WJIJV987NXVC31,,16,5,0,0.18,15,1,0,0,0,4,1,0,0,0,national
2025,WA,53057,Skagit,549300XQVJ1XBNFA5536,21ST MORTGAGE CORPORATION,18,5,7,0.18,18,0,0,0,0,5,0,0,0,0,national
2025,WA,53057,Skagit,01KWVG908KE7RKPTNP46,HomeStreet Bank,7,4,3,0.14,6,0,1,0,0,3,0,1,0,0,national
2025,WA,53057,Skagit,254900E6AIE4Z8YQM970,Citadel Servicing Corporation,6,4,0,0.14,6,0,0,0,0,4,0,0,0,0,national
2025,WA,53057,Skagit,254900IHSG9OOX0DZH92,,9,4,2,0.14,9,0,0,0,0,4,0,0,0,0,national
2025,WA,53057,Skagit,2WHM8VNJH63UN14OL754,The Huntington National Bank,4,4,0,0.14,4,0,0,0,0,4,0,0,0,0,national
2025,WA,53057,Skagit,54930001NSTOD85LT125,"GUARANTEED RATE AFFINITY, LLC",7,4,0,0.14,5,0,2,0,0,3,0,1,0,0,national
2025,WA,53057,Skagit,5493000NYUJT9UC6G261,LEADERONE FINANCIAL CORPORATION,6,4,0,0.14,5,1,0,0,0,3,1,0,0,0,national
2025,WA,53057,Skagit,5493001WHVQBGRSWEU75,"HOMEBRIDGE FINANCIAL SERVICES, INC.",8,4,2,0.14,8,0,0,0,0,4,0,0,0,0,national
2025,WA,53057,Skagit,54930021QRU8VXNS6152,Sound Credit Union,9,4,2,0.14,9,0,0,0,0,4,0,0,0,0,national
2025,WA,53057,Skagit,549300INFJ8TYNZ1G568,,4,4,0,0.14,4,0,0,0,0,4,0,0,0,0,national
2025,WA,53057,Skagit,549300K4ZLGS7SRDTL86,Equity Prime Mortgage LLC,8,4,0,0.14,0,3,2,3,0,0,3,1,0,0,national
2025,WA,53057,Skagit,549300KJ8PAJ7E52HG32,Plains Commerce Bank,6,4,0,0.14,4,2,0,0,0,3,1,0,0,0,national
2025,WA,53057,Skagit,549300XW2H531FLD3I90,,5,4,0,0.14,4,0,1,0,0,3,0,1,0,0,national
2025,WA,53057,Skagit,549300XY701IELCE5Q08,BETTER MORTGAGE CORPORATION,9,4,3,0.14,9,0,0,0,0,4,0,0,0,0,national
2025,WA,53057,Skagit,549300ZWNETGFXTBBY03,"CANOPY MORTGAGE, LLC",6,4,0,0.14,5,1,0,0,0,3,1,0,0,0,national
2025,WA,53057,Skagit,2549001SI0EMFPT39035,"Cornerstone First Mortgage, Inc",5,3,0,0.11,3,0,2,0,0,1,0,2,0,0,national
2025,WA,53057,Skagit,2549005SIVTHG14U2905,A&D Mortgage LLC,5,3,0,0.11,5,0,0,0,0,3,0,0,0,0,national
2025,WA,53057,Skagit,549300DJT1WS6SELJS28,,4,3,0,0.11,4,0,0,0,0,3,0,0,0,0,national
2025,WA,53057,Skagit,549300J7I82PNDVU8H22,"OCMBC, INC.",5,3,0,0.11,5,0,0,0,0,3,0,0,0,0,national
2025,WA,53057,Skagit,549300JYXTZDSPJEPI44,"PLAZA HOME MORTGAGE, INC.",4,3,1,0.11,1,3,0,0,0,1,2,0,0,0,national
2025,WA,53057,Skagit,549300KHXD7JSQUZIJ22,"HIGHLANDS RESIDENTIAL MORTGAGE, LTD.",3,3,0,0.11,2,1,0,0,0,2,1,0,0,0,national
2025,WA,53057,Skagit,549300PQLK8E48ILXV41,,4,3,0,0.11,4,0,0,0,0,3,0,0,0,0,national
2025,WA,53057,Skagit,549300TF1E42EUFBSL45,,6,3,1,0.11,6,0,0,0,0,3,0,0,0,0,national
2025,WA,53057,Skagit,549300VCMRO4ST680C11,VILLAGE CAPITAL & INVESTMENT LLC,10,3,1,0.11,0,5,5,0,0,0,1,2,0,0,national
2025,WA,53057,Skagit,549300XCVBRR56D08F03,,10,3,0,0.11,7,2,1,0,0,2,1,0,0,0,national
2025,WA,53057,Skagit,549300XHPPLC0TBRV021,,3,3,0,0.11,2,1,0,0,0,2,1,0,0,0,national
2025,WA,53057,Skagit,AD6GFRVSDT01YPT1CS68,"PNC Bank, National Association",8,3,3,0.11,8,0,0,0,0,3,0,0,0,0,national
2025,WA,53057,Skagit,C5654JQHZUHN0772B561,USAA Federal Savings Bank,9,3,2,0.11,5,0,4,0,0,2,0,1,0,0,national
2025,WA,53057,Skagit,D38AC76TAMYI50NBPX33,,11,3,3,0.11,11,0,0,0,0,3,0,0,0,0,national
2025,WA,53057,Skagit,PAOOWF3GUFM46FBSP561,,6,3,0,0.11,3,2,1,0,0,1,1,1,0,0,national
2025,WA,53057,Skagit,X05BVSK68TQ7YTOSNR22,Discover Bank,13,3,8,0.11,13,0,0,0,0,3,0,0,0,0,national
2025,WA,53057,Skagit,213800XR2TCBQJSF1X93,,5,2,2,0.07,5,0,0,0,0,2,0,0,0,0,national
2025,WA,53057,Skagit,2549002VH9C0PKB8K153,,6,2,1,0.07,6,0,0,0,0,2,0,0,0,0,national
2025,WA,53057,Skagit,254900BMXWPEHXG4LF21,,2,2,0,0.07,2,0,0,0,0,2,0,0,0,0,national
2025,WA,53057,Skagit,254900WTZC5SSKIN2M11,,3,2,0,0.07,3,0,0,0,0,2,0,0,0,0,national
2025,WA,53057,Skagit,5493001HHBUTXHS7TZ96,HOMEAMERICAN MORTGAGE CORPORATION,3,2,0,0.07,2,0,1,0,0,1,0,1,0,0,national
2025,WA,53057,Skagit,5493001PXRJMPLXPG540,IDAHO CENTRAL CREDIT UNION,5,2,2,0.07,5,0,0,0,0,2,0,0,0,0,national
2025,WA,53057,Skagit,54930021WPEXNHYZUL09,"PLANET HOME LENDING, LLC",5,2,1,0.07,0,2,3,0,0,0,0,2,0,0,national
2025,WA,53057,Skagit,5493002Y5XYV7DV1ZV88,"GOLD STAR MORTGAGE FINANCIAL GROUP, CORPORATION",2,2,0,0.07,1,1,0,0,0,1,1,0,0,0,national
2025,WA,53057,Skagit,549300323EON4W3CCM44,"RESICENTRAL, LLC",4,2,0,0.07,4,0,0,0,0,2,0,0,0,0,national
2025,WA,53057,Skagit,5493004T38NMC864VL66,,3,2,1,0.07,3,0,0,0,0,2,0,0,0,0,national
2025,WA,53057,Skagit,5493007L4GYNO2PUBS09,,2,2,0,0.07,1,1,0,0,0,1,1,0,0,0,national
2025,WA,53057,Skagit,5493008NWHQT1R22C024,"AMERICAN FINANCIAL NETWORK, INC.",2,2,0,0.07,1,0,1,0,0,1,0,1,0,0,national
2025,WA,53057,Skagit,549300B4IYL7TZT8FA34,"PREMIER MORTGAGE RESOURCES, L.L.C.",2,2,0,0.07,1,1,0,0,0,1,1,0,0,0,national
2025,WA,53057,Skagit,549300ESRQ6OLBB56N04,Glacier Bank,2,2,0,0.07,2,0,0,0,0,2,0,0,0,0,national
2025,WA,53057,Skagit,549300FWQNRPTKXB8G79,,2,2,0,0.07,1,1,0,0,0,1,1,0,0,0,national
2025,WA,53057,Skagit,549300FX7K8PTEQUU487,PENTAGON FEDERAL CREDIT UNION,4,2,1,0.07,4,0,0,0,0,2,0,0,0,0,national
2025,WA,53057,Skagit,549300GTVXJ2PGXNLM73,T2 FINANCIAL LLC,2,2,0,0.07,0,2,0,0,0,0,2,0,0,0,national
2025,WA,53057,Skagit,549300HRLROF7PLJ6735,CLEAREDGE LENDING LLC,3,2,1,0.07,3,0,0,0,0,2,0,0,0,0,national
2025,WA,53057,Skagit,549300ISCZS1R0CJMO47,,2,2,0,0.07,2,0,0,0,0,2,0,0,0,0,national
2025,WA,53057,Skagit,549300KDR80I1ELW8D36,,10,2,6,0.07,10,0,0,0,0,2,0,0,0,0,national
2025,WA,53057,Skagit,549300KSOOZZVXCMA627,ANGEL OAK MORTGAGE SOLUTIONS LLC,2,2,0,0.07,2,0,0,0,0,2,0,0,0,0,national
2025,WA,53057,Skagit,549300MHH03ICJYEPE85,,3,2,0,0.07,1,2,0,0,0,0,2,0,0,0,national
2025,WA,53057,Skagit,549300PL267CW8182203,,4,2,0,0.07,1,2,1,0,0,1,1,0,0,0,national
2025,WA,53057,Skagit,549300R77W0P105C3S50,HOMEXPRESS MORTGAGE CORP.,5,2,3,0.07,5,0,0,0,0,2,0,0,0,0,national
2025,WA,53057,Skagit,549300R9S3MVDV4MGF56,"CARRINGTON MORTGAGE SERVICES, LLC",10,2,3,0.07,6,4,0,0,0,2,0,0,0,0,national
2025,WA,53057,Skagit,549300RN01LBYR8ZVX74,"LOWER, LLC",8,2,0,0.07,5,3,0,0,0,1,1,0,0,0,national
2025,WA,53057,Skagit,549300SUCQ1358EGVE89,"NEW DAY FINANCIAL, LLC",7,2,0,0.07,0,0,7,0,0,0,0,2,0,0,national
2025,WA,53057,Skagit,549300T61O0X0RJMQ375,,2,2,0,0.07,1,0,1,0,0,1,0,1,0,0,national
2025,WA,53057,Skagit,549300UB5TJ0YPVPT503,,3,2,0,0.07,3,0,0,0,0,2,0,0,0,0,national
2025,WA,53057,Skagit,549300WHVRE44NRBU558,,2,2,0,0.07,1,1,0,0,0,1,1,0,0,0,national
2025,WA,53057,Skagit,549300XHF3PMRO08N352,,2,2,0,0.07,2,0,0,0,0,2,0,0,0,0,national
2025,WA,53057,Skagit,549300Y5Y88FQLI7VE83,DEEPHAVEN MORTGAGE LLC,2,2,0,0.07,2,0,0,0,0,2,0,0,0,0,national
2025,WA,53057,Skagit,254900378RFGMBEKAF12,Empeople Credit Union,2,1,1,0.04,2,0,0,0,0,1,0,0,0,0,national
2025,WA,53057,Skagit,2549004FXPNKCLIN8250,"Synergy One Lending, Inc.",1,1,0,0.04,0,1,0,0,0,0,1,0,0,0,national
2025,WA,53057,Skagit,254900EZRN0CBEP77K34,,1,1,0,0.04,1,0,0,0,0,1,0,0,0,0,national
2025,WA,53057,Skagit,254900HEJ9F73IMPX887,,1,1,0,0.04,1,0,0,0,0,1,0,0,0,0,national
2025,WA,53057,Skagit,254900HIDMT4ZG09RP47,,1,1,0,0.04,0,0,1,0,0,0,0,1,0,0,national
2025,WA,53057,Skagit,254900IEGKUDRDS23V26,,2,1,0,0.04,2,0,0,0,0,1,0,0,0,0,national
2025,WA,53057,Skagit,254900NZOY3XB2DNSZ34,,1,1,0,0.04,1,0,0,0,0,1,0,0,0,0,national
2025,WA,53057,Skagit,254900OHZRY6VWYMJQ91,,2,1,0,0.04,2,0,0,0,0,1,0,0,0,0,national
2025,WA,53057,Skagit,254900QNIR86GUIRYH95,,1,1,0,0.04,1,0,0,0,0,1,0,0,0,0,national
2025,WA,53057,Skagit,254900V6GCDMRQZ34D96,,1,1,0,0.04,1,0,0,0,0,1,0,0,0,0,national
2025,WA,53057,Skagit,254900VELJPWWT51WN03,,1,1,0,0.04,1,0,0,0,0,1,0,0,0,0,national
2025,WA,53057,Skagit,54930007KK7ZS3IJVC25,RED CANOE CREDIT UNION,1,1,0,0.04,1,0,0,0,0,1,0,0,0,0,national
2025,WA,53057,Skagit,5493000D6RXLNBZQYA47,COLUMBIA COMMUNITY CREDIT UNION,3,1,2,0.04,3,0,0,0,0,1,0,0,0,0,national
2025,WA,53057,Skagit,5493000EUC3MM52PJV85,,1,1,0,0.04,1,0,0,0,0,1,0,0,0,0,national
2025,WA,53057,Skagit,5493000H6DFDDJRORG89,,1,1,0,0.04,1,0,0,0,0,1,0,0,0,0,national
2025,WA,53057,Skagit,5493000IIYWBLONJVJ30,,1,1,0,0.04,1,0,0,0,0,1,0,0,0,0,national
2025,WA,53057,Skagit,5493001GDRY0EL7VG372,"ARK-LA-TEX FINANCIAL SERVICES, LLC.",1,1,0,0.04,0,0,1,0,0,0,0,1,0,0,national
2025,WA,53057,Skagit,54930025XJJO3T0M1A92,,2,1,0,0.04,2,0,0,0,0,1,0,0,0,0,national
2025,WA,53057,Skagit,5493002TJKC8NLH1ZP82,,1,1,0,0.04,0,1,0,0,0,0,1,0,0,0,national
2025,WA,53057,Skagit,54930034MNPILHP25H80,Gateway First Bank,1,1,0,0.04,1,0,0,0,0,1,0,0,0,0,national
2025,WA,53057,Skagit,5493003NV9L53LK1XI52,,1,1,0,0.04,1,0,0,0,0,1,0,0,0,0,national
2025,WA,53057,Skagit,5493003V40VGM7YDFM54,FIRST COLONY MORTGAGE CORPORATION,1,1,0,0.04,0,1,0,0,0,0,1,0,0,0,national
2025,WA,53057,Skagit,5493004F7BXDIUFVPV87,,1,1,0,0.04,1,0,0,0,0,1,0,0,0,0,national
2025,WA,53057,Skagit,5493005ICQ3QGEIWV618,UNITED MORTGAGE CORP.,1,1,0,0.04,1,0,0,0,0,1,0,0,0,0,national
2025,WA,53057,Skagit,5493005JPZ3LXXMB0S24,"Carrington Mortgage Services, LLC",1,1,0,0.04,1,0,0,0,0,1,0,0,0,0,national
2025,WA,53057,Skagit,5493006VAGP3GQ8FJT49,"Kiavi Funding, Inc.",5,1,0,0.04,5,0,0,0,0,1,0,0,0,0,national
2025,WA,53057,Skagit,5493007Z7FTUKQGFMZ98,,1,1,0,0.04,1,0,0,0,0,1,0,0,0,0,national
2025,WA,53057,Skagit,5493008JECR4UE0WVR04,"MORTGAGE EXPRESS, LLC",1,1,0,0.04,1,0,0,0,0,1,0,0,0,0,national
2025,WA,53057,Skagit,5493008P6YO2KM3EO556,The Dart Bank,1,1,0,0.04,1,0,0,0,0,1,0,0,0,0,national
2025,WA,53057,Skagit,5493008SP1FN4D81IS17,,1,1,0,0.04,1,0,0,0,0,1,0,0,0,0,national
2025,WA,53057,Skagit,5493009B17HXCVXTD608,"JMAC LENDING, INC.",2,1,0,0.04,1,1,0,0,0,0,1,0,0,0,national
2025,WA,53057,Skagit,5493009QB0KBU5M6NP90,,3,1,0,0.04,3,0,0,0,0,1,0,0,0,0,national
2025,WA,53057,Skagit,549300ALNLUNS3Y53T24,AMERICAN FINANCING CORPORATION,3,1,1,0.04,1,2,0,0,0,1,0,0,0,0,national
2025,WA,53057,Skagit,549300BLL6VL7AXWYP56,CHURCHILL MORTGAGE CORPORATION,1,1,0,0.04,1,0,0,0,0,1,0,0,0,0,national
2025,WA,53057,Skagit,549300BOXNV8VLRBDT24,,1,1,0,0.04,1,0,0,0,0,1,0,0,0,0,national
2025,WA,53057,Skagit,549300CK7U1WMTIG6687,,1,1,0,0.04,1,0,0,0,0,1,0,0,0,0,national
2025,WA,53057,Skagit,549300EKFFG3BU8DNX74,NEXERA HOLDING LLC,1,1,0,0.04,1,0,0,0,0,1,0,0,0,0,national
2025,WA,53057,Skagit,549300GS0W0TEUQS8571,"Morgan Stanley Private Bank, National Association",2,1,0,0.04,2,0,0,0,0,1,0,0,0,0,national
2025,WA,53057,Skagit,549300GWD9H4FQ2VR805,,2,1,0,0.04,2,0,0,0,0,1,0,0,0,0,national
2025,WA,53057,Skagit,549300HIVO8XPBPNVG69,NOVA FINANCIAL & INVESTMENT CORPORATION,1,1,0,0.04,1,0,0,0,0,1,0,0,0,0,national
2025,WA,53057,Skagit,549300K6K2IS7FRS7S09,,1,1,0,0.04,1,0,0,0,0,1,0,0,0,0,national
2025,WA,53057,Skagit,549300KW705BBINDIZ26,,1,1,0,0.04,1,0,0,0,0,1,0,0,0,0,national
2025,WA,53057,Skagit,549300KX6E1IE2LM5E30,,1,1,0,0.04,1,0,0,0,0,1,0,0,0,0,national
2025,WA,53057,Skagit,549300LLESTPOVRG3X73,,1,1,0,0.04,1,0,0,0,0,1,0,0,0,0,national
2025,WA,53057,Skagit,549300LZUXCJFE5ONM48,,1,1,0,0.04,0,1,0,0,0,0,1,0,0,0,national
2025,WA,53057,Skagit,549300NWBS6MQJX15N44,,3,1,2,0.04,3,0,0,0,0,1,0,0,0,0,national
2025,WA,53057,Skagit,549300OYEKEORA1GI088,,1,1,0,0.04,0,0,1,0,0,0,0,1,0,0,national
2025,WA,53057,Skagit,549300P2GEYNMH5OQA71,WASHINGTON TRUST BANK,2,1,1,0.04,2,0,0,0,0,1,0,0,0,0,national
2025,WA,53057,Skagit,549300PPKM4YL2GY3713,,1,1,0,0.04,1,0,0,0,0,1,0,0,0,0,national
2025,WA,53057,Skagit,549300Q50XCC0473FG63,,6,1,5,0.04,6,0,0,0,0,1,0,0,0,0,national
2025,WA,53057,Skagit,549300Q6YL1SFVPEGV90,,3,1,0,0.04,2,1,0,0,0,0,1,0,0,0,national
2025,WA,53057,Skagit,549300QIUZLVR1OLDH55,Genisys Credit Union,2,1,0,0.04,2,0,0,0,0,1,0,0,0,0,national
2025,WA,53057,Skagit,549300QKL5FUBZ8LSF50,"NATIONS DIRECT MORTGAGE, LLC",3,1,1,0.04,0,0,3,0,0,0,0,1,0,0,national
2025,WA,53057,Skagit,549300RFLICNI75BG067,Luminate Bank,1,1,0,0.04,1,0,0,0,0,1,0,0,0,0,national
2025,WA,53057,Skagit,549300SK2GVCQXPD4S58,"SUN WEST MORTGAGE COMPANY, INC.",2,1,0,0.04,1,1,0,0,0,0,1,0,0,0,national
2025,WA,53057,Skagit,549300TDBTRK89DZRC13,Fibre Federal Credit Union,3,1,2,0.04,3,0,0,0,0,1,0,0,0,0,national
2025,WA,53057,Skagit,549300TK6RZQSFXZHV09,,1,1,0,0.04,1,0,0,0,0,1,0,0,0,0,national
2025,WA,53057,Skagit,549300U8DCOOTG96YM89,,2,1,0,0.04,2,0,0,0,0,1,0,0,0,0,national
2025,WA,53057,Skagit,549300UBGGLZLZEY0M18,Peak Credit Union,3,1,2,0.04,3,0,0,0,0,1,0,0,0,0,national
2025,WA,53057,Skagit,549300UG7QXKM7KGV847,,2,1,0,0.04,2,0,0,0,0,1,0,0,0,0,national
2025,WA,53057,Skagit,549300UR5AOWTJJ7KZ64,,1,1,0,0.04,1,0,0,0,0,1,0,0,0,0,national
2025,WA,53057,Skagit,549300UXY7OP0IC38293,Northpointe Bank,1,1,0,0.04,1,0,0,0,0,1,0,0,0,0,national
2025,WA,53057,Skagit,549300VORTI31GZTJL53,"CARDINAL FINANCIAL COMPANY, LIMITED PARTNERSHIP",1,1,0,0.04,0,1,0,0,0,0,1,0,0,0,national
2025,WA,53057,Skagit,549300W45D2J6BT4LX65,,1,1,0,0.04,1,0,0,0,0,1,0,0,0,0,national
2025,WA,53057,Skagit,549300XWUSRVVOHPRY47,Academy Mortgage Corporation,4,1,0,0.04,2,2,0,0,0,0,1,0,0,0,national
2025,WA,53057,Skagit,549300ZCR1XCLNEEI724,,1,1,0,0.04,1,0,0,0,0,1,0,0,0,0,national
2025,WA,53057,Skagit,549300ZIQ24V0C88AC41,GTE Federal Credit Union,2,1,0,0.04,2,0,0,0,0,1,0,0,0,0,national
2025,WA,53057,Skagit,549300ZS1TR1B4LHX377,,2,1,1,0.04,2,0,0,0,0,1,0,0,0,0,national
2025,WA,53057,Skagit,593C3GZG957YOJPS2Z63,,1,1,0,0.04,1,0,0,0,0,1,0,0,0,0,national
2025,WA,53057,Skagit,8WH0EE09O9V05QJZ3V89,"Zions Bancorporation, N.A.",1,1,0,0.04,1,0,0,0,0,1,0,0,0,0,national
2025,WA,53057,Skagit,984500FAD1FB7FEGTE82,,3,1,1,0.04,3,0,0,0,0,1,0,0,0,0,national
2025,WA,53057,Skagit,984500RF83EA742B5589,,1,1,0,0.04,1,0,0,0,0,1,0,0,0,0,national
2025,WA,53057,Skagit,984500U2F9A83N391A91,"CHAMPIONS FUNDING, LLC",2,1,0,0.04,2,0,0,0,0,1,0,0,0,0,national
2025,WA,53057,Skagit,E57ODZWZ7FF32TWEFA76,"Citibank, National Association",2,1,0,0.04,2,0,0,0,0,1,0,0,0,0,national
2025,WA,53057,Skagit,IUGPUX5LWRZ3B6KIZ697,Ameris Bank,3,1,0,0.04,2,0,1,0,0,1,0,0,0,0,national
2025,WA,53057,Skagit,JJKC32MCHWDI71265Z06,Truist Bank,1,1,0,0.04,1,0,0,0,0,1,0,0,0,0,national
2025,WA,53057,Skagit,SS1TRMSN6BRNMOREEV51,"Flagstar Bank, National Association",3,1,1,0.04,2,1,0,0,0,0,1,0,0,0,national
2025,WA,53057,Skagit,WKN6AF1FCL7BBYGTGI83,,1,1,0,0.04,1,0,0,0,0,1,0,0,0,0,national
2025,WA,53057,Skagit,549300GQDT484LGI9C04,,6,0,0,0.0,2,3,1,0,0,0,0,0,0,0,national
2025,WA,53057,Skagit,549300Q3ROEQU3D1IW91,,6,0,3,0.0,6,0,0,0,0,0,0,0,0,0,national
2025,WA,53061,Snohomish,549300KM40FP4MSQU941,Boeing Employees Credit Union,5076,3261,1196,16.5,5065,10,1,0,0,3257,3,1,0,0,national
2025,WA,53061,Snohomish,549300FGXN1K3HLB1R50,"Rocket Mortgage, LLC",1679,1261,244,6.38,1415,150,114,0,0,1082,89,90,0,0,national
2025,WA,53061,Snohomish,549300HW662MN1WU8550,"United Wholesale Mortgage, LLC",1485,1173,147,5.94,1095,218,171,1,0,901,140,132,0,0,national
2025,WA,53061,Snohomish,549300VZVN841I2ILS84,"CROSSCOUNTRY MORTGAGE, LLC",769,565,29,2.86,580,140,49,0,0,436,94,35,0,0,national
2025,WA,53061,Snohomish,549300GKFNPRWNS0GF29,"AmeriHome Mortgage Company, LLC",776,561,40,2.84,655,72,30,19,0,481,45,23,12,0,national
2025,WA,53061,Snohomish,549300AQ3T62GXDU7D76,GUILD MORTGAGE COMPANY LLC,806,558,14,2.82,613,117,75,1,0,429,78,51,0,0,national
2025,WA,53061,Snohomish,B4TYDEB6GKMZO031MB27,"Bank of America, National Association",1195,543,333,2.75,1193,2,0,0,0,543,0,0,0,0,national
2025,WA,53061,Snohomish,549300DD4R4SYK5RAQ92,"MOVEMENT MORTGAGE, LLC",770,538,32,2.72,635,98,37,0,0,446,64,28,0,0,national
2025,WA,53061,Snohomish,6BYL5QZYBDK8S7L73M02,U.S. Bank National Association,918,514,219,2.6,912,3,3,0,0,509,3,2,0,0,national
2025,WA,53061,Snohomish,5493001SXWZ4OFP8Z903,"DHI MORTGAGE COMPANY, LTD.",531,424,25,2.15,485,32,14,0,0,390,25,9,0,0,national
2025,WA,53061,Snohomish,RVDPPPGHCGZ40J4VQ731,"PENNYMAC LOAN SERVICES, LLC",624,367,60,1.86,500,77,47,0,0,298,39,30,0,0,national
2025,WA,53061,Snohomish,7H6GLXDRUGQFU57RNE97,"JPMorgan Chase Bank, National Association",595,362,46,1.83,587,5,3,0,0,359,2,1,0,0,national
2025,WA,53061,Snohomish,549300KIOYNU323LVJ37,AMERICAN PACIFIC MORTGAGE CORPORATION,433,344,26,1.74,327,81,24,1,0,258,65,20,1,0,national
2025,WA,53061,Snohomish,549300FNXYY540N23N64,Newrez LLC,694,320,86,1.62,536,82,76,0,0,254,30,36,0,0,national
2025,WA,53061,Snohomish,549300MGPZBLQDIL7538,FAIRWAY INDEPENDENT MORTGAGE CORPORATION,400,276,18,1.4,329,59,12,0,0,225,43,8,0,0,national
2025,WA,53061,Snohomish,5493003GQDUH26DNNH17,Navy Federal Credit Union,497,258,99,1.31,417,0,80,0,0,205,0,53,0,0,national
2025,WA,53061,Snohomish,549300AG64NHILB7ZP05,"LOANDEPOT.COM, LLC",433,258,72,1.31,374,46,13,0,0,221,26,11,0,0,national
2025,WA,53061,Snohomish,54930060G4MDPWHISD89,EVERGREEN MONEYSOURCE MORTGAGE COMPANY,322,249,5,1.26,251,51,20,0,0,190,41,18,0,0,national
2025,WA,53061,Snohomish,549300E2UX99HKDBR481,"NEW AMERICAN FUNDING, LLC",432,220,30,1.11,327,77,28,0,0,175,29,16,0,0,national
2025,WA,53061,Snohomish,549300CY7WNAHKHYSJ73,"CORNERSTONE CAPITAL BANK, SSB",237,209,2,1.06,199,26,12,0,0,173,25,11,0,0,national
2025,WA,53061,Snohomish,549300MCIFZSDHUT8X63,"NFM, INC.",213,189,2,0.96,177,29,7,0,0,162,21,6,0,0,national
2025,WA,53061,Snohomish,549300LBCBNR1OT00651,NATIONSTAR MORTGAGE LLC,264,176,43,0.89,231,24,9,0,0,160,11,5,0,0,national
2025,WA,53061,Snohomish,KB1H1DSPRFMYMCUFXT09,"Wells Fargo Bank, National Association",328,176,28,0.89,321,6,1,0,0,173,2,1,0,0,national
2025,WA,53061,Snohomish,549300PIL8LFAQ04XC20,Better Mortgage Corporation,472,165,219,0.83,472,0,0,0,0,165,0,0,0,0,national
2025,WA,53061,Snohomish,549300U3721PJGQZYY68,"GUARANTEED RATE, INC.",321,157,16,0.79,258,44,18,1,0,124,22,11,0,0,national
2025,WA,53061,Snohomish,254900DTLHVWQ7NP7R34,"CMG Mortgage, Inc.",212,156,21,0.79,197,9,5,1,0,142,8,5,1,0,national
2025,WA,53061,Snohomish,WE0I402RW25AU38DTI13,Banner Bank,244,145,63,0.73,238,5,1,0,0,144,0,1,0,0,national
2025,WA,53061,Snohomish,549300H3IZO24NSOO931,"LENNAR MORTGAGE, LLC",154,132,2,0.67,139,13,2,0,0,120,10,2,0,0,national
2025,WA,53061,Snohomish,549300DK7QID2ZON6Q55,Global Federal Credit Union,193,128,24,0.65,188,3,2,0,0,125,2,1,0,0,national
2025,WA,53061,Snohomish,5493000FWM3I2HHQY149,WASHINGTON STATE EMPLOYEES CREDIT UNION,309,127,149,0.64,306,2,1,0,0,125,1,1,0,0,national
2025,WA,53061,Snohomish,549300G4ESSS6M0MEG51,ORIGINPOINT LLC,188,126,3,0.64,166,9,12,1,0,107,8,10,1,0,national
2025,WA,53061,Snohomish,5493003T5D4N1CM46J77,1st Security Bank of Washington,167,125,7,0.63,143,16,8,0,0,106,12,7,0,0,national
2025,WA,53061,Snohomish,IFQSIUC9AGQV2NE8CN25,Columbia Bank,215,125,60,0.63,214,0,1,0,0,124,0,1,0,0,national
2025,WA,53061,Snohomish,549300Q02LGIN9AXKP98,FIRST TECHNOLOGY FEDERAL CREDIT UNION,191,122,18,0.62,191,0,0,0,0,122,0,0,0,0,national
2025,WA,53061,Snohomish,549300LYRWPSYPK6S325,FREEDOM MORTGAGE CORPORATION,296,119,19,0.6,74,95,127,0,0,30,36,53,0,0,national
2025,WA,53061,Snohomish,54930043BMDE130FJ617,"PROVIDENT FUNDING ASSOCIATES, L.P.",159,116,12,0.59,159,0,0,0,0,116,0,0,0,0,national
2025,WA,53061,Snohomish,5493009HUMWCHFRDKF12,SAMMAMISH MORTGAGE COMPANY,185,113,3,0.57,175,0,10,0,0,106,0,7,0,0,national
2025,WA,53061,Snohomish,HUX2X73FUCYHUVH1BK78,KeyBank National Association,219,105,79,0.53,214,5,0,0,0,103,2,0,0,0,national
2025,WA,53061,Snohomish,54930021QRU8VXNS6152,Sound Credit Union,223,97,56,0.49,222,1,0,0,0,97,0,0,0,0,national
2025,WA,53061,Snohomish,549300T94GSH3C4U5M59,ALLIANT CREDIT UNION,144,96,29,0.49,144,0,0,0,0,96,0,0,0,0,national
2025,WA,53061,Snohomish,549300DD5QQUHO6PCH70,"MORTGAGE RESEARCH CENTER, LLC",233,95,46,0.48,14,3,216,0,0,3,1,91,0,0,national
2025,WA,53061,Snohomish,254900UL88QFG0E40516,FIGURE LENDING LLC,192,94,45,0.48,192,0,0,0,0,94,0,0,0,0,national
2025,WA,53061,Snohomish,549300OPCWU6E72WUT29,"MUTUAL OF OMAHA MORTGAGE, INC.",133,91,20,0.46,53,66,14,0,0,40,44,7,0,0,national
2025,WA,53061,Snohomish,549300XY701IELCE5Q08,BETTER MORTGAGE CORPORATION,237,88,39,0.45,225,11,1,0,0,82,5,1,0,0,national
2025,WA,53061,Snohomish,254900QPRPHIXEAX3L37,,127,85,20,0.43,127,0,0,0,0,85,0,0,0,0,national
2025,WA,53061,Snohomish,549300121SF0K2LN2804,"PRIMELENDING, A PLAINSCAPITAL COMPANY",111,80,1,0.4,88,17,6,0,0,63,12,5,0,0,national
2025,WA,53061,Snohomish,5493001GCBD5XGNIC815,Coastal Community Bank,310,80,27,0.4,309,1,0,0,0,80,0,0,0,0,national
2025,WA,53061,Snohomish,5493002QI2ILHHZH8D20,"KBHS HOME LOANS, LLC",127,79,9,0.4,99,16,12,0,0,60,11,8,0,0,national
2025,WA,53061,Snohomish,01KWVG908KE7RKPTNP46,HomeStreet Bank,116,78,14,0.39,111,5,0,0,0,73,5,0,0,0,national
2025,WA,53061,Snohomish,254900FDPG829O6VBB05,"EASTSIDE FUNDING, LLC",94,78,2,0.39,94,0,0,0,0,78,0,0,0,0,national
2025,WA,53061,Snohomish,54930054ET8KM4O1D485,"SOFI BANK, NATIONAL ASSOCIATION",235,73,21,0.37,227,4,4,0,0,70,2,1,0,0,national
2025,WA,53061,Snohomish,5493007VW2EU20PZYU97,INSPIRE HOME LOANS INC.,83,73,3,0.37,60,17,6,0,0,53,14,6,0,0,national
2025,WA,53061,Snohomish,549300WJIJV987NXVC31,,116,73,2,0.37,98,14,4,0,0,63,7,3,0,0,national
2025,WA,53061,Snohomish,5493008CPTDVOS570626,"Primary Residential Mortgage, Inc.",136,70,53,0.35,136,0,0,0,0,70,0,0,0,0,national
2025,WA,53061,Snohomish,549300MZ8VZJOVC63092,"KIND LENDING, LLC",104,69,20,0.35,81,16,7,0,0,53,11,5,0,0,national
2025,WA,53061,Snohomish,254900VELJPWWT51WN03,,86,68,0,0.34,86,0,0,0,0,68,0,0,0,0,national
2025,WA,53061,Snohomish,5493001B4U37VT2ML818,GESA CREDIT UNION,105,65,21,0.33,105,0,0,0,0,65,0,0,0,0,national
2025,WA,53061,Snohomish,549300CB67L6KPJLHE19,"TRIAD FINANCIAL SERVICES, INC.",156,63,40,0.32,156,0,0,0,0,63,0,0,0,0,national
2025,WA,53061,Snohomish,254900ZFWS2106HWPH46,"PARAMOUNT RESIDENTIAL MORTGAGE GROUP, INC.",79,62,3,0.31,66,8,4,1,0,51,6,4,1,0,national
2025,WA,53061,Snohomish,549300PL8ER6H23P0Z91,BAY EQUITY LLC,75,58,1,0.29,60,11,4,0,0,46,9,3,0,0,national
2025,WA,53061,Snohomish,549300YIQ7S7Z8PIHE53,AMERISAVE MORTGAGE CORPORATION,203,58,125,0.29,162,34,7,0,0,53,4,1,0,0,national
2025,WA,53061,Snohomish,549300NWBS6MQJX15N44,,77,55,7,0.28,77,0,0,0,0,55,0,0,0,0,national
2025,WA,53061,Snohomish,549300370QILXLFUWD20,"ZILLOW HOME LOANS, LLC",71,53,1,0.27,63,7,1,0,0,47,5,1,0,0,national
2025,WA,53061,Snohomish,8WH0EE09O9V05QJZ3V89,"Zions Bancorporation, N.A.",91,52,5,0.26,87,4,0,0,0,49,3,0,0,0,national
2025,WA,53061,Snohomish,E57ODZWZ7FF32TWEFA76,"Citibank, National Association",145,51,8,0.26,145,0,0,0,0,51,0,0,0,0,national
2025,WA,53061,Snohomish,5493001WHVQBGRSWEU75,"HOMEBRIDGE FINANCIAL SERVICES, INC.",80,48,14,0.24,75,2,3,0,0,47,1,0,0,0,national
2025,WA,53061,Snohomish,AD6GFRVSDT01YPT1CS68,"PNC Bank, National Association",95,47,26,0.24,94,0,1,0,0,47,0,0,0,0,national
2025,WA,53061,Snohomish,549300LROQOOQU77WS20,,81,46,2,0.23,81,0,0,0,0,46,0,0,0,0,national
2025,WA,53061,Snohomish,549300NOCASXPA34X033,"LAKEVIEW LOAN SERVICING, LLC",239,45,131,0.23,154,68,17,0,0,28,15,2,0,0,national
2025,WA,53061,Snohomish,2549001SI0EMFPT39035,"Cornerstone First Mortgage, Inc",51,44,0,0.22,36,13,2,0,0,30,12,2,0,0,national
2025,WA,53061,Snohomish,549300XHPPLC0TBRV021,,49,41,4,0.21,41,5,3,0,0,35,3,3,0,0,national
2025,WA,53061,Snohomish,549300323EON4W3CCM44,"RESICENTRAL, LLC",55,40,1,0.2,43,10,2,0,0,31,8,1,0,0,national
2025,WA,53061,Snohomish,549300RN01LBYR8ZVX74,"LOWER, LLC",77,40,8,0.2,55,17,5,0,0,32,6,2,0,0,national
2025,WA,53061,Snohomish,1IE8VN30JCEQV1H4R804,,67,39,1,0.2,67,0,0,0,0,39,0,0,0,0,national
2025,WA,53061,Snohomish,549300S5YL3OH0IVCS62,FINANCE OF AMERICA REVERSE LLC,49,39,2,0.2,26,23,0,0,0,20,19,0,0,0,national
2025,WA,53061,Snohomish,549300ZBXINP1Y94CN02,,42,39,0,0.2,30,12,0,0,0,28,11,0,0,0,national
2025,WA,53061,Snohomish,213800XR2TCBQJSF1X93,,61,38,5,0.19,54,3,4,0,0,33,2,3,0,0,national
2025,WA,53061,Snohomish,5493000NYUJT9UC6G261,LEADERONE FINANCIAL CORPORATION,59,37,11,0.19,34,24,1,0,0,23,13,1,0,0,national
2025,WA,53061,Snohomish,549300J6N77Q8OHYNF23,,50,37,7,0.19,35,12,3,0,0,25,9,3,0,0,national
2025,WA,53061,Snohomish,5493004WMLN60ZJ2ON46,"Paramount Residential Mortgage Group, Inc.",44,35,4,0.18,34,4,6,0,0,26,3,6,0,0,national
2025,WA,53061,Snohomish,549300EKFFG3BU8DNX74,NEXERA HOLDING LLC,51,34,1,0.17,50,1,0,0,0,34,0,0,0,0,national
2025,WA,53061,Snohomish,5493001HHBUTXHS7TZ96,HOMEAMERICAN MORTGAGE CORPORATION,41,33,2,0.17,33,6,2,0,0,26,5,2,0,0,national
2025,WA,53061,Snohomish,549300Z2B4FHRYOXTS09,,60,33,18,0.17,60,0,0,0,0,33,0,0,0,0,national
2025,WA,53061,Snohomish,F28JOQ8OBWCFUYM0UX93,East West Bank,45,33,4,0.17,45,0,0,0,0,33,0,0,0,0,national
2025,WA,53061,Snohomish,549300R9S3MVDV4MGF56,"CARRINGTON MORTGAGE SERVICES, LLC",104,32,33,0.16,59,30,15,0,0,19,9,4,0,0,national
2025,WA,53061,Snohomish,549300ZWNETGFXTBBY03,"CANOPY MORTGAGE, LLC",50,32,0,0.16,34,11,5,0,0,18,10,4,0,0,national
2025,WA,53061,Snohomish,5493001VH4ZJNSI25781,Peoples Bank,58,31,11,0.16,58,0,0,0,0,31,0,0,0,0,national
2025,WA,53061,Snohomish,549300GS0W0TEUQS8571,"Morgan Stanley Private Bank, National Association",37,31,2,0.16,37,0,0,0,0,31,0,0,0,0,national
2025,WA,53061,Snohomish,549300KHXD7JSQUZIJ22,"HIGHLANDS RESIDENTIAL MORTGAGE, LTD.",46,31,1,0.16,42,2,2,0,0,27,2,2,0,0,national
2025,WA,53061,Snohomish,25490066WMF8ZMQXQB18,"Lendage, LLC",47,30,8,0.15,47,0,0,0,0,30,0,0,0,0,national
2025,WA,53061,Snohomish,549300KJ8PAJ7E52HG32,Plains Commerce Bank,43,29,3,0.15,36,5,2,0,0,25,3,1,0,0,national
2025,WA,53061,Snohomish,549300Q50XCC0473FG63,,50,29,14,0.15,50,0,0,0,0,29,0,0,0,0,national
2025,WA,53061,Snohomish,549300YX5RPSSMR88K92,,33,29,0,0.15,33,0,0,0,0,29,0,0,0,0,national
2025,WA,53061,Snohomish,549300B4IYL7TZT8FA34,"PREMIER MORTGAGE RESOURCES, L.L.C.",45,28,3,0.14,37,8,0,0,0,23,5,0,0,0,national
2025,WA,53061,Snohomish,254900YZ174H294JW398,,30,27,0,0.14,29,1,0,0,0,26,1,0,0,0,national
2025,WA,53061,Snohomish,549300RD5IG88VPO6P22,,38,27,1,0.14,38,0,0,0,0,27,0,0,0,0,national
2025,WA,53061,Snohomish,549300J7I82PNDVU8H22,"OCMBC, INC.",48,26,3,0.13,47,1,0,0,0,26,0,0,0,0,national
2025,WA,53061,Snohomish,549300JYXTZDSPJEPI44,"PLAZA HOME MORTGAGE, INC.",36,26,3,0.13,21,11,3,1,0,16,9,0,1,0,national
2025,WA,53061,Snohomish,549300Q3ROEQU3D1IW91,,65,26,19,0.13,65,0,0,0,0,26,0,0,0,0,national
2025,WA,53061,Snohomish,PAOOWF3GUFM46FBSP561,,70,26,4,0.13,42,22,6,0,0,14,9,3,0,0,national
2025,WA,53061,Snohomish,5493003Q3L1PO9NBVK64,WHATCOM EDUCATIONAL CREDIT UNION,52,25,14,0.13,52,0,0,0,0,25,0,0,0,0,national
2025,WA,53061,Snohomish,5493006VAGP3GQ8FJT49,"Kiavi Funding, Inc.",46,25,4,0.13,46,0,0,0,0,25,0,0,0,0,national
2025,WA,53061,Snohomish,549300MHH03ICJYEPE85,,38,25,1,0.13,19,19,0,0,0,13,12,0,0,0,national
2025,WA,53061,Snohomish,549300XHF3PMRO08N352,,50,25,12,0.13,50,0,0,0,0,25,0,0,0,0,national
2025,WA,53061,Snohomish,549300BX448ALT10FI43,The Federal Savings Bank,63,24,4,0.12,20,2,41,0,0,11,0,13,0,0,national
2025,WA,53061,Snohomish,X05BVSK68TQ7YTOSNR22,Discover Bank,153,24,82,0.12,153,0,0,0,0,24,0,0,0,0,national
2025,WA,53061,Snohomish,549300FX7K8PTEQUU487,PENTAGON FEDERAL CREDIT UNION,58,22,17,0.11,53,2,3,0,0,19,1,2,0,0,national
2025,WA,53061,Snohomish,549300O6Z0I6KYMESL47,AMWEST FUNDING CORP.,38,22,2,0.11,35,3,0,0,0,21,1,0,0,0,national
2025,WA,53061,Snohomish,549300TF1E42EUFBSL45,,33,22,2,0.11,31,1,1,0,0,22,0,0,0,0,national
2025,WA,53061,Snohomish,54930049L5WINET09Q97,"CLICK N' CLOSE, INC.",27,21,0,0.11,6,21,0,0,0,4,17,0,0,0,national
2025,WA,53061,Snohomish,549300BLL6VL7AXWYP56,CHURCHILL MORTGAGE CORPORATION,30,21,0,0.11,24,5,1,0,0,17,3,1,0,0,national
2025,WA,53061,Snohomish,549300R77W0P105C3S50,HOMEXPRESS MORTGAGE CORP.,35,21,14,0.11,29,4,2,0,0,17,2,2,0,0,national
2025,WA,53061,Snohomish,549300UXY7OP0IC38293,Northpointe Bank,31,21,2,0.11,31,0,0,0,0,21,0,0,0,0,national
2025,WA,53061,Snohomish,549300QKL5FUBZ8LSF50,"NATIONS DIRECT MORTGAGE, LLC",22,20,1,0.1,10,11,1,0,0,10,9,1,0,0,national
2025,WA,53061,Snohomish,549300Y5Y88FQLI7VE83,DEEPHAVEN MORTGAGE LLC,31,20,9,0.1,31,0,0,0,0,20,0,0,0,0,national
2025,WA,53061,Snohomish,254900HEJ9F73IMPX887,,50,19,6,0.1,49,1,0,0,0,18,1,0,0,0,national
2025,WA,53061,Snohomish,5493004T38NMC864VL66,,20,19,1,0.1,20,0,0,0,0,19,0,0,0,0,national
2025,WA,53061,Snohomish,5493008NWHQT1R22C024,"AMERICAN FINANCIAL NETWORK, INC.",28,19,2,0.1,15,12,1,0,0,8,10,1,0,0,national
2025,WA,53061,Snohomish,549300LLESTPOVRG3X73,,45,19,0,0.1,44,0,1,0,0,18,0,1,0,0,national
2025,WA,53061,Snohomish,549300RPOGWJRH63HS39,UNION HOME MORTGAGE CORP.,29,19,3,0.1,22,4,3,0,0,16,2,1,0,0,national
2025,WA,53061,Snohomish,54930021WPEXNHYZUL09,"PLANET HOME LENDING, LLC",27,18,8,0.09,11,11,5,0,0,7,8,3,0,0,national
2025,WA,53061,Snohomish,54930025XJJO3T0M1A92,,27,18,7,0.09,27,0,0,0,0,18,0,0,0,0,national
2025,WA,53061,Snohomish,549300INFJ8TYNZ1G568,,21,18,3,0.09,21,0,0,0,0,18,0,0,0,0,national
2025,WA,53061,Snohomish,549300VORTI31GZTJL53,"CARDINAL FINANCIAL COMPANY, LIMITED PARTNERSHIP",24,18,1,0.09,20,2,2,0,0,15,2,1,0,0,national
2025,WA,53061,Snohomish,C5654JQHZUHN0772B561,USAA Federal Savings Bank,38,18,11,0.09,15,0,23,0,0,5,0,13,0,0,national
2025,WA,53061,Snohomish,2549005SIVTHG14U2905,A&D Mortgage LLC,32,17,3,0.09,32,0,0,0,0,17,0,0,0,0,national
2025,WA,53061,Snohomish,254900NZOY3XB2DNSZ34,,20,17,2,0.09,20,0,0,0,0,17,0,0,0,0,national
2025,WA,53061,Snohomish,549300JPGMCMBEJEK584,FIRST TECHNOLOGY,45,17,4,0.09,45,0,0,0,0,17,0,0,0,0,national
2025,WA,53061,Snohomish,549300RFLICNI75BG067,Luminate Bank,20,17,0,0.09,11,8,1,0,0,10,6,1,0,0,national
2025,WA,53061,Snohomish,254900TTZ395IC926125,,24,16,0,0.08,17,6,0,1,0,13,3,0,0,0,national
2025,WA,53061,Snohomish,5493005PKOSG7MYX0B34,"Prosperity Home Mortgage, LLC",17,16,0,0.08,14,1,2,0,0,13,1,2,0,0,national
2025,WA,53061,Snohomish,549300U8DCOOTG96YM89,,22,16,3,0.08,22,0,0,0,0,16,0,0,0,0,national
2025,WA,53061,Snohomish,D38AC76TAMYI50NBPX33,,31,16,6,0.08,31,0,0,0,0,16,0,0,0,0,national
2025,WA,53061,Snohomish,5493001PXRJMPLXPG540,IDAHO CENTRAL CREDIT UNION,36,15,7,0.08,36,0,0,0,0,15,0,0,0,0,national
2025,WA,53061,Snohomish,549300KX6E1IE2LM5E30,,22,15,4,0.08,22,0,0,0,0,15,0,0,0,0,national
2025,WA,53061,Snohomish,254900E6AIE4Z8YQM970,Citadel Servicing Corporation,23,14,1,0.07,23,0,0,0,0,14,0,0,0,0,national
2025,WA,53061,Snohomish,54930028J11BWKUVGX50,,29,14,14,0.07,29,0,0,0,0,14,0,0,0,0,national
2025,WA,53061,Snohomish,549300COIWXM618UBE82,HomeTrust Bank,18,14,3,0.07,18,0,0,0,0,14,0,0,0,0,national
2025,WA,53061,Snohomish,549300KTR1JGH3K6LU06,FOURLEAF,41,14,15,0.07,41,0,0,0,0,14,0,0,0,0,national
2025,WA,53061,Snohomish,549300VCMRO4ST680C11,VILLAGE CAPITAL & INVESTMENT LLC,43,14,12,0.07,0,18,25,0,0,0,5,9,0,0,national
2025,WA,53061,Snohomish,549300YN94MOAVYW0F52,"GoodLeap, LLC",26,14,4,0.07,24,2,0,0,0,13,1,0,0,0,national
2025,WA,53061,Snohomish,549300ZIQ24V0C88AC41,GTE Federal Credit Union,17,14,2,0.07,17,0,0,0,0,14,0,0,0,0,national
2025,WA,53061,Snohomish,2549004FXPNKCLIN8250,"Synergy One Lending, Inc.",23,13,5,0.07,14,8,1,0,0,8,5,0,0,0,national
2025,WA,53061,Snohomish,254900IEGKUDRDS23V26,,20,13,1,0.07,20,0,0,0,0,13,0,0,0,0,national
2025,WA,53061,Snohomish,549300GWD9H4FQ2VR805,,14,13,0,0.07,14,0,0,0,0,13,0,0,0,0,national
2025,WA,53061,Snohomish,549300KSOOZZVXCMA627,ANGEL OAK MORTGAGE SOLUTIONS LLC,20,13,4,0.07,20,0,0,0,0,13,0,0,0,0,national
2025,WA,53061,Snohomish,549300UR5AOWTJJ7KZ64,,18,13,0,0.07,18,0,0,0,0,13,0,0,0,0,national
2025,WA,53061,Snohomish,593C3GZG957YOJPS2Z63,,19,13,0,0.07,19,0,0,0,0,13,0,0,0,0,national
2025,WA,53061,Snohomish,984500U2F9A83N391A91,"CHAMPIONS FUNDING, LLC",27,13,7,0.07,27,0,0,0,0,13,0,0,0,0,national
2025,WA,53061,Snohomish,5493007L4GYNO2PUBS09,,20,12,1,0.06,19,1,0,0,0,12,0,0,0,0,national
2025,WA,53061,Snohomish,5493009B17HXCVXTD608,"JMAC LENDING, INC.",23,12,1,0.06,16,7,0,0,0,9,3,0,0,0,national
2025,WA,53061,Snohomish,549300DCGBXW5FJMV921,,12,12,0,0.06,11,1,0,0,0,11,1,0,0,0,national
2025,WA,53061,Snohomish,549300GTVXJ2PGXNLM73,T2 FINANCIAL LLC,16,12,1,0.06,14,2,0,0,0,10,2,0,0,0,national
2025,WA,53061,Snohomish,549300PL267CW8182203,,25,12,0,0.06,4,16,5,0,0,4,6,2,0,0,national
2025,WA,53061,Snohomish,549300PQLK8E48ILXV41,,22,12,3,0.06,22,0,0,0,0,12,0,0,0,0,national
2025,WA,53061,Snohomish,549300UT4EN6IH579Q63,"RIGHT START MORTGAGE, INC.",17,12,0,0.06,11,5,1,0,0,9,2,1,0,0,national
2025,WA,53061,Snohomish,549300XCVBRR56D08F03,,58,12,2,0.06,47,10,1,0,0,10,1,1,0,0,national
2025,WA,53061,Snohomish,254900IHSG9OOX0DZH92,,20,11,3,0.06,20,0,0,0,0,11,0,0,0,0,national
2025,WA,53061,Snohomish,254900WTZC5SSKIN2M11,,13,11,1,0.06,13,0,0,0,0,11,0,0,0,0,national
2025,WA,53061,Snohomish,3Y4U8VZURTYWI1W2K376,BMO Bank National Association,22,11,5,0.06,22,0,0,0,0,11,0,0,0,0,national
2025,WA,53061,Snohomish,5493001XKL0FTNOJ0866,,18,11,0,0.06,15,3,0,0,0,9,2,0,0,0,national
2025,WA,53061,Snohomish,5493007QERYQSQ3QNH02,,39,11,6,0.06,39,0,0,0,0,11,0,0,0,0,national
2025,WA,53061,Snohomish,549300P2GEYNMH5OQA71,WASHINGTON TRUST BANK,21,11,6,0.06,20,0,1,0,0,10,0,1,0,0,national
2025,WA,53061,Snohomish,Q708HHR4LD2B7XIZNO92,First Federal Bank,25,11,3,0.06,20,0,5,0,0,7,0,4,0,0,national
2025,WA,53061,Snohomish,5493000349C5XXDRQX28,,16,10,2,0.05,13,3,0,0,0,8,2,0,0,0,national
2025,WA,53061,Snohomish,5493001GDRY0EL7VG372,"ARK-LA-TEX FINANCIAL SERVICES, LLC.",13,10,0,0.05,7,2,4,0,0,5,2,3,0,0,national
2025,WA,53061,Snohomish,549300K4ZLGS7SRDTL86,Equity Prime Mortgage LLC,41,10,2,0.05,3,25,12,1,0,0,7,3,0,0,national
2025,WA,53061,Snohomish,98450087981AP406JG03,CONVENTUS LLC,14,10,0,0.05,14,0,0,0,0,10,0,0,0,0,national
2025,WA,53061,Snohomish,54930001NSTOD85LT125,"GUARANTEED RATE AFFINITY, LLC",11,9,1,0.05,9,2,0,0,0,9,0,0,0,0,national
2025,WA,53061,Snohomish,5493002B2WMHY23GFK92,"AMERICAN FINANCIAL RESOURCES, INC.",14,9,4,0.05,6,6,2,0,0,4,3,2,0,0,national
2025,WA,53061,Snohomish,5493002Y5XYV7DV1ZV88,"GOLD STAR MORTGAGE FINANCIAL GROUP, CORPORATION",22,9,3,0.05,14,4,4,0,0,8,0,1,0,0,national
2025,WA,53061,Snohomish,5493009QB0KBU5M6NP90,,13,9,0,0.05,13,0,0,0,0,9,0,0,0,0,national
2025,WA,53061,Snohomish,549300SK2GVCQXPD4S58,"SUN WEST MORTGAGE COMPANY, INC.",20,9,3,0.05,6,9,5,0,0,5,2,2,0,0,national
2025,WA,53061,Snohomish,549300T61O0X0RJMQ375,,15,9,0,0.05,13,0,2,0,0,8,0,1,0,0,national
2025,WA,53061,Snohomish,FT6J43S06X6CLJ0R0B48,Cathay Bank,13,9,0,0.05,13,0,0,0,0,9,0,0,0,0,national
2025,WA,53061,Snohomish,254900114YHTRFBALC74,,8,8,0,0.04,8,0,0,0,0,8,0,0,0,0,national
2025,WA,53061,Snohomish,254900TG14TB8RKS3U42,,24,8,2,0.04,19,1,4,0,0,5,1,2,0,0,national
2025,WA,53061,Snohomish,549300BXWU32AYWT1A56,,12,8,0,0.04,12,0,0,0,0,8,0,0,0,0,national
2025,WA,53061,Snohomish,2549008TT6UNYR7AXF54,"Sunflower Bank, National Association",8,7,0,0.04,7,1,0,0,0,7,0,0,0,0,national
2025,WA,53061,Snohomish,254900BMXWPEHXG4LF21,,10,7,3,0.04,5,5,0,0,0,3,4,0,0,0,national
2025,WA,53061,Snohomish,254900CTT87ZKAUTIJ37,,11,7,2,0.04,11,0,0,0,0,7,0,0,0,0,national
2025,WA,53061,Snohomish,254900MKY47WU65N1J56,,9,7,1,0.04,9,0,0,0,0,7,0,0,0,0,national
2025,WA,53061,Snohomish,254900OHZRY6VWYMJQ91,,9,7,0,0.04,9,0,0,0,0,7,0,0,0,0,national
2025,WA,53061,Snohomish,54930007KK7ZS3IJVC25,RED CANOE CREDIT UNION,8,7,0,0.04,8,0,0,0,0,7,0,0,0,0,national
2025,WA,53061,Snohomish,5493000H6DFDDJRORG89,,12,7,0,0.04,11,0,1,0,0,6,0,1,0,0,national
2025,WA,53061,Snohomish,5493000OIGWIS24A1547,,10,7,0,0.04,10,0,0,0,0,7,0,0,0,0,national
2025,WA,53061,Snohomish,54930083D8Q8RK84Y448,,13,7,1,0.04,13,0,0,0,0,7,0,0,0,0,national
2025,WA,53061,Snohomish,5493008ZTV4S0W9DCX64,,15,7,2,0.04,5,8,2,0,0,2,4,1,0,0,national
2025,WA,53061,Snohomish,5493009BD405QQTMXO12,TOLL BROTHERS MORTGAGE COMPANY,20,7,2,0.04,20,0,0,0,0,7,0,0,0,0,national
2025,WA,53061,Snohomish,549300AG10BX85DF5S49,MLD MORTGAGE INC.,8,7,0,0.04,8,0,0,0,0,7,0,0,0,0,national
2025,WA,53061,Snohomish,549300PC4MFWQBNVKG88,"V.I.P. MORTGAGE, INC.",10,7,1,0.04,9,0,1,0,0,7,0,0,0,0,national
2025,WA,53061,Snohomish,549300SUCQ1358EGVE89,"NEW DAY FINANCIAL, LLC",35,7,11,0.04,0,1,34,0,0,0,0,7,0,0,national
2025,WA,53061,Snohomish,549300UB5TJ0YPVPT503,,7,7,0,0.04,5,1,1,0,0,5,1,1,0,0,national
2025,WA,53061,Snohomish,549300XWUSRVVOHPRY47,Academy Mortgage Corporation,23,7,4,0.04,17,5,1,0,0,6,0,1,0,0,national
2025,WA,53061,Snohomish,CKVBED0S4DMLKJJ5XH28,Stifel Bank and Trust,7,7,0,0.04,7,0,0,0,0,7,0,0,0,0,national
2025,WA,53061,Snohomish,L9VVX1KT5TFTKS0MLF66,First-Citizens Bank & Trust Company,12,7,3,0.04,12,0,0,0,0,7,0,0,0,0,national
2025,WA,53061,Snohomish,254900O28OG3UMHXQY81,,12,6,0,0.03,10,1,1,0,0,5,1,0,0,0,national
2025,WA,53061,Snohomish,2WHM8VNJH63UN14OL754,The Huntington National Bank,7,6,0,0.03,7,0,0,0,0,6,0,0,0,0,national
2025,WA,53061,Snohomish,5493000D6RXLNBZQYA47,COLUMBIA COMMUNITY CREDIT UNION,11,6,3,0.03,11,0,0,0,0,6,0,0,0,0,national
2025,WA,53061,Snohomish,5493003NV9L53LK1XI52,,9,6,0,0.03,8,1,0,0,0,5,1,0,0,0,national
2025,WA,53061,Snohomish,54930048P8RWCQHQM310,,11,6,3,0.03,11,0,0,0,0,6,0,0,0,0,national
2025,WA,53061,Snohomish,549300GQDT484LGI9C04,,40,6,6,0.03,28,10,2,0,0,6,0,0,0,0,national
2025,WA,53061,Snohomish,549300ISCZS1R0CJMO47,,6,6,0,0.03,5,0,1,0,0,5,0,1,0,0,national
2025,WA,53061,Snohomish,549300JE1TOUVEDSGD05,,6,6,0,0.03,6,0,0,0,0,6,0,0,0,0,national
2025,WA,53061,Snohomish,549300LZUXCJFE5ONM48,,9,6,1,0.03,0,9,0,0,0,0,6,0,0,0,national
2025,WA,53061,Snohomish,549300PBTV7FCWLSMM53,"MORTGAGE SOLUTIONS OF COLORADO, LLC",8,6,0,0.03,0,5,3,0,0,0,4,2,0,0,national
2025,WA,53061,Snohomish,549300Q6YL1SFVPEGV90,,18,6,1,0.03,7,10,1,0,0,2,3,1,0,0,national
2025,WA,53061,Snohomish,549300TUSRLWD8ETNR90,SPOKANE TEACHERS,11,6,3,0.03,11,0,0,0,0,6,0,0,0,0,national
2025,WA,53061,Snohomish,549300W45D2J6BT4LX65,,6,6,0,0.03,6,0,0,0,0,6,0,0,0,0,national
2025,WA,53061,Snohomish,549300XQVJ1XBNFA5536,21ST MORTGAGE CORPORATION,62,6,25,0.03,62,0,0,0,0,6,0,0,0,0,national
2025,WA,53061,Snohomish,549300ZPSJZO10ZAX556,"AMERICAN HERITAGE LENDING, LLC",11,6,0,0.03,11,0,0,0,0,6,0,0,0,0,national
2025,WA,53061,Snohomish,549300ZS1TR1B4LHX377,,11,6,2,0.03,11,0,0,0,0,6,0,0,0,0,national
2025,WA,53061,Snohomish,SS1TRMSN6BRNMOREEV51,"Flagstar Bank, National Association",17,6,7,0.03,16,0,1,0,0,6,0,0,0,0,national
2025,WA,53061,Snohomish,2549002VH9C0PKB8K153,,6,5,0,0.03,6,0,0,0,0,5,0,0,0,0,national
2025,WA,53061,Snohomish,254900P7WLDQD9IUL038,Service Federal Credit Union,13,5,1,0.03,13,0,0,0,0,5,0,0,0,0,national
2025,WA,53061,Snohomish,5493000BAKE4VAHVCU55,,16,5,0,0.03,16,0,0,0,0,5,0,0,0,0,national
2025,WA,53061,Snohomish,5493000IIYWBLONJVJ30,,12,5,1,0.03,12,0,0,0,0,5,0,0,0,0,national
2025,WA,53061,Snohomish,5493002TJKC8NLH1ZP82,,5,5,0,0.03,5,0,0,0,0,5,0,0,0,0,national
2025,WA,53061,Snohomish,5493004AS1SPBQOFDR49,"Change Lending, LLC",11,5,0,0.03,11,0,0,0,0,5,0,0,0,0,national
2025,WA,53061,Snohomish,54930052M48FOD3CWA54,"PRIMARY RESIDENTIAL MORTGAGE, INC.",6,5,0,0.03,5,0,1,0,0,4,0,1,0,0,national
2025,WA,53061,Snohomish,5493008SP1FN4D81IS17,,5,5,0,0.03,5,0,0,0,0,5,0,0,0,0,national
2025,WA,53061,Snohomish,549300A5HHOL2ED18C72,,10,5,0,0.03,10,0,0,0,0,5,0,0,0,0,national
2025,WA,53061,Snohomish,549300ALNLUNS3Y53T24,AMERICAN FINANCING CORPORATION,45,5,25,0.03,16,27,2,0,0,1,4,0,0,0,national
2025,WA,53061,Snohomish,549300HCNXMTNGIMAR91,,8,5,1,0.03,8,0,0,0,0,5,0,0,0,0,national
2025,WA,53061,Snohomish,549300JD1162QW84ZO34,,5,5,0,0.03,5,0,0,0,0,5,0,0,0,0,national
2025,WA,53061,Snohomish,549300NFPC3Y4W3Y7R87,,12,5,1,0.03,8,4,0,0,0,2,3,0,0,0,national
2025,WA,53061,Snohomish,549300S8SHBRCI7UU819,,7,5,0,0.03,7,0,0,0,0,5,0,0,0,0,national
2025,WA,53061,Snohomish,254900HA4DQWAE0W3342,"AMERIHOME MORTGAGE COMPANY, LLC",11,4,1,0.02,5,6,0,0,0,1,3,0,0,0,national
2025,WA,53061,Snohomish,254900R4U4WND1HMIZ29,,5,4,1,0.02,5,0,0,0,0,4,0,0,0,0,national
2025,WA,53061,Snohomish,254900WEP08K7U7S3A80,,4,4,0,0.02,1,3,0,0,0,1,3,0,0,0,national
2025,WA,53061,Snohomish,254900XK1QLA60R87H84,,7,4,2,0.02,7,0,0,0,0,4,0,0,0,0,national
2025,WA,53061,Snohomish,254900YA1AQXNM8QVZ06,,4,4,0,0.02,4,0,0,0,0,4,0,0,0,0,national
2025,WA,53061,Snohomish,5493001X0T84TYRJ5Y59,,7,4,1,0.02,7,0,0,0,0,4,0,0,0,0,national
2025,WA,53061,Snohomish,5493007CLWQN2S6IZK91,,5,4,0,0.02,1,1,3,0,0,1,0,3,0,0,national
2025,WA,53061,Snohomish,549300ESRQ6OLBB56N04,Glacier Bank,5,4,0,0.02,5,0,0,0,0,4,0,0,0,0,national
2025,WA,53061,Snohomish,549300F8C5JA44WNMI75,AMERICAN NEIGHBORHOOD MORTGAGE ACCEPTANCE COMPANY LLC,6,4,0,0.02,1,5,0,0,0,1,3,0,0,0,national
2025,WA,53061,Snohomish,549300HIVO8XPBPNVG69,NOVA FINANCIAL & INVESTMENT CORPORATION,7,4,2,0.02,4,2,1,0,0,1,2,1,0,0,national
2025,WA,53061,Snohomish,549300HRLROF7PLJ6735,CLEAREDGE LENDING LLC,6,4,1,0.02,6,0,0,0,0,4,0,0,0,0,national
2025,WA,53061,Snohomish,549300IBT3SCF2K09D58,,4,4,0,0.02,4,0,0,0,0,4,0,0,0,0,national
2025,WA,53061,Snohomish,549300KPHGEE40YQXO21,,4,4,0,0.02,4,0,0,0,0,4,0,0,0,0,national
2025,WA,53061,Snohomish,549300VZDEK4QLTWSL15,,5,4,1,0.02,5,0,0,0,0,4,0,0,0,0,national
2025,WA,53061,Snohomish,549300WHVRE44NRBU558,,6,4,1,0.02,4,2,0,0,0,2,2,0,0,0,national
2025,WA,53061,Snohomish,549300YEI60WAHWQ3110,KITSAP Credit Union,12,4,7,0.02,12,0,0,0,0,4,0,0,0,0,national
2025,WA,53061,Snohomish,IUGPUX5LWRZ3B6KIZ697,Ameris Bank,5,4,1,0.02,4,0,1,0,0,3,0,1,0,0,national
2025,WA,53061,Snohomish,25490018IFQOT83Q7H49,,4,3,1,0.02,3,0,1,0,0,3,0,0,0,0,national
2025,WA,53061,Snohomish,2549004CU9LAM5CYA280,,5,3,0,0.02,5,0,0,0,0,3,0,0,0,0,national
2025,WA,53061,Snohomish,2549004Z576VEJBK3N72,"NQM FUNDING, LLC",4,3,0,0.02,4,0,0,0,0,3,0,0,0,0,national
2025,WA,53061,Snohomish,254900DRSIZBQXDCJ875,,3,3,0,0.02,3,0,0,0,0,3,0,0,0,0,national
2025,WA,53061,Snohomish,254900T37KTTXKCK3416,,4,3,0,0.02,4,0,0,0,0,3,0,0,0,0,national
2025,WA,53061,Snohomish,54930030Z1JWTP3SVD16,,6,3,2,0.02,1,5,0,0,0,0,3,0,0,0,national
2025,WA,53061,Snohomish,5493004UNRG4PWDF2K60,AFFINITY FEDERAL CREDIT UNION,4,3,0,0.02,4,0,0,0,0,3,0,0,0,0,national
2025,WA,53061,Snohomish,5493007Z7FTUKQGFMZ98,,3,3,0,0.02,3,0,0,0,0,3,0,0,0,0,national
2025,WA,53061,Snohomish,549300A68YW07V5R5G22,,7,3,1,0.02,7,0,0,0,0,3,0,0,0,0,national
2025,WA,53061,Snohomish,549300AENO88GEUWCZ39,,3,3,0,0.02,3,0,0,0,0,3,0,0,0,0,national
2025,WA,53061,Snohomish,549300CLRXFVF83ZL806,"NATIONWIDE MORTGAGE BANKERS, INC.",4,3,0,0.02,2,1,1,0,0,2,0,1,0,0,national
2025,WA,53061,Snohomish,549300F570XAWYN8Z237,,9,3,1,0.02,9,0,0,0,0,3,0,0,0,0,national
2025,WA,53061,Snohomish,549300HVW3AI97UKTO72,Wings Financial Credit Union,4,3,0,0.02,4,0,0,0,0,3,0,0,0,0,national
2025,WA,53061,Snohomish,549300IEP77RKJ87Z176,OREGON COMMUNITY,8,3,0,0.02,8,0,0,0,0,3,0,0,0,0,national
2025,WA,53061,Snohomish,549300INKSPQCTELMO58,Granite Bank,3,3,0,0.02,2,1,0,0,0,2,1,0,0,0,national
2025,WA,53061,Snohomish,549300JQALY53TH22D13,,3,3,0,0.02,3,0,0,0,0,3,0,0,0,0,national
2025,WA,53061,Snohomish,549300KW705BBINDIZ26,,4,3,1,0.02,2,1,1,0,0,2,0,1,0,0,national
2025,WA,53061,Snohomish,549300OTNSBY6RS8HU51,,3,3,0,0.02,3,0,0,0,0,3,0,0,0,0,national
2025,WA,53061,Snohomish,549300RA3E0BUFO7YZ21,"Hometown Equity Mortgage, LLC",13,3,8,0.02,13,0,0,0,0,3,0,0,0,0,national
2025,WA,53061,Snohomish,549300RYWXR8TL5LIK35,,11,3,1,0.02,10,1,0,0,0,2,1,0,0,0,national
2025,WA,53061,Snohomish,549300SBA6BX8HZZF585,,4,3,0,0.02,4,0,0,0,0,3,0,0,0,0,national
2025,WA,53061,Snohomish,549300SCFWZXMDMZPE93,"RESIDENTIAL MORTGAGE, LLC",5,3,0,0.02,5,0,0,0,0,3,0,0,0,0,national
2025,WA,53061,Snohomish,549300TA4MQM8WN2XG31,,11,3,0,0.02,11,0,0,0,0,3,0,0,0,0,national
2025,WA,53061,Snohomish,549300TMY3OACQC9U777,,10,3,0,0.02,10,0,0,0,0,3,0,0,0,0,national
2025,WA,53061,Snohomish,549300UBGGLZLZEY0M18,Peak Credit Union,7,3,2,0.02,7,0,0,0,0,3,0,0,0,0,national
2025,WA,53061,Snohomish,549300UF3FPC7U6RFC59,The Central Trust Bank,4,3,0,0.02,4,0,0,0,0,3,0,0,0,0,national
2025,WA,53061,Snohomish,549300VQUTI5IU7GXT57,SECURITYNATIONAL MORTGAGE COMPANY,6,3,1,0.02,4,1,1,0,0,2,0,1,0,0,national
2025,WA,53061,Snohomish,549300XED7IBK9VVQH70,"PIKE CREEK MORTGAGE SERVICES, INC.",3,3,0,0.02,3,0,0,0,0,3,0,0,0,0,national
2025,WA,53061,Snohomish,549300XW2H531FLD3I90,,6,3,0,0.02,6,0,0,0,0,3,0,0,0,0,national
2025,WA,53061,Snohomish,549300ZCR1XCLNEEI724,,6,3,2,0.02,6,0,0,0,0,3,0,0,0,0,national
2025,WA,53061,Snohomish,9845005BP6974AE5D838,,5,3,1,0.02,5,0,0,0,0,3,0,0,0,0,national
2025,WA,53061,Snohomish,C398JSK21YCXWM603F55,"Barrington Bank & Trust Company, National Association",6,3,0,0.02,3,0,3,0,0,2,0,1,0,0,national
2025,WA,53061,Snohomish,2549005Q4HZ55QX7YC64,,4,2,1,0.01,4,0,0,0,0,2,0,0,0,0,national
2025,WA,53061,Snohomish,2549008LK3474E9U2888,ONPOINT COMMUNITY CREDIT UNION,3,2,1,0.01,3,0,0,0,0,2,0,0,0,0,national
2025,WA,53061,Snohomish,2549009X2AG1P20YAJ63,,7,2,1,0.01,7,0,0,0,0,2,0,0,0,0,national
2025,WA,53061,Snohomish,254900KKWIJLOTNP7667,,2,2,0,0.01,2,0,0,0,0,2,0,0,0,0,national
2025,WA,53061,Snohomish,254900LTD432L5CHIZ48,,5,2,1,0.01,3,0,2,0,0,2,0,0,0,0,national
2025,WA,53061,Snohomish,254900O2K17TNH5CL873,"RF RENOVO MANAGEMENT COMPANY, LLC",8,2,0,0.01,8,0,0,0,0,2,0,0,0,0,national
2025,WA,53061,Snohomish,254900QNIR86GUIRYH95,,2,2,0,0.01,1,1,0,0,0,1,1,0,0,0,national
2025,WA,53061,Snohomish,254900T8N4RLS6G3BF64,,3,2,1,0.01,3,0,0,0,0,2,0,0,0,0,national
2025,WA,53061,Snohomish,254900WT4HAMDFWH3048,,7,2,1,0.01,0,7,0,0,0,0,2,0,0,0,national
2025,WA,53061,Snohomish,5493000EUC3MM52PJV85,,3,2,0,0.01,2,1,0,0,0,2,0,0,0,0,national
2025,WA,53061,Snohomish,5493000OM9RKJW8W5K82,,5,2,0,0.01,4,1,0,0,0,1,1,0,0,0,national
2025,WA,53061,Snohomish,5493002GI63WHHUTUD85,"KEYSTONE FUNDING, INC.",4,2,0,0.01,4,0,0,0,0,2,0,0,0,0,national
2025,WA,53061,Snohomish,5493006HFDG31YJ3MM36,,3,2,0,0.01,3,0,0,0,0,2,0,0,0,0,national
2025,WA,53061,Snohomish,5493006RIR31ORKYB608,,2,2,0,0.01,2,0,0,0,0,2,0,0,0,0,national
2025,WA,53061,Snohomish,54930091JQKCU3Z6IP44,,23,2,1,0.01,23,0,0,0,0,2,0,0,0,0,national
2025,WA,53061,Snohomish,5493009Y8ROUG903AQ21,,5,2,1,0.01,5,0,0,0,0,2,0,0,0,0,national
2025,WA,53061,Snohomish,549300BOXNV8VLRBDT24,,5,2,0,0.01,5,0,0,0,0,2,0,0,0,0,national
2025,WA,53061,Snohomish,549300FK3AFCFVAPH234,"Leader Bank, National Association",5,2,2,0.01,5,0,0,0,0,2,0,0,0,0,national
2025,WA,53061,Snohomish,549300GGB04TG4AH1377,,4,2,1,0.01,4,0,0,0,0,2,0,0,0,0,national
2025,WA,53061,Snohomish,549300I0ICF6REKHOC74,"DIRECT MORTGAGE LOANS, LLC",2,2,0,0.01,2,0,0,0,0,2,0,0,0,0,national
2025,WA,53061,Snohomish,549300I1HK1BBZLKOB84,,2,2,0,0.01,2,0,0,0,0,2,0,0,0,0,national
2025,WA,53061,Snohomish,549300JGMQJ4R419LR70,,2,2,0,0.01,2,0,0,0,0,2,0,0,0,0,national
2025,WA,53061,Snohomish,549300JOD3S8ZGZLHP53,,2,2,0,0.01,2,0,0,0,0,2,0,0,0,0,national
2025,WA,53061,Snohomish,549300MUXFVZKH4XLG17,,3,2,0,0.01,3,0,0,0,0,2,0,0,0,0,national
2025,WA,53061,Snohomish,549300QIUZLVR1OLDH55,Genisys Credit Union,2,2,0,0.01,2,0,0,0,0,2,0,0,0,0,national
2025,WA,53061,Snohomish,549300R8VPSFM828B312,TEACHERS FEDERAL CREDIT UNION,3,2,0,0.01,3,0,0,0,0,2,0,0,0,0,national
2025,WA,53061,Snohomish,549300T5QSL6MC8M4D04,"NORWICH COMMERCIAL GROUP, INC.",2,2,0,0.01,0,2,0,0,0,0,2,0,0,0,national
2025,WA,53061,Snohomish,549300UG7QXKM7KGV847,,2,2,0,0.01,2,0,0,0,0,2,0,0,0,0,national
2025,WA,53061,Snohomish,549300WH9FMXOC63ZV77,,2,2,0,0.01,2,0,0,0,0,2,0,0,0,0,national
2025,WA,53061,Snohomish,549300WKFR15017V9850,,2,2,0,0.01,2,0,0,0,0,2,0,0,0,0,national
2025,WA,53061,Snohomish,549300XRXBA38J60S618,,2,2,0,0.01,1,1,0,0,0,1,1,0,0,0,national
2025,WA,53061,Snohomish,549300ZZME37MXI1EF14,"DAS ACQUISITION COMPANY, LLC",7,2,1,0.01,4,3,0,0,0,0,2,0,0,0,national
2025,WA,53061,Snohomish,984500FAD1FB7FEGTE82,,6,2,1,0.01,6,0,0,0,0,2,0,0,0,0,national
2025,WA,53061,Snohomish,DRMSV1Q0EKMEXLAU1P80,"Citizens Bank, National Association",3,2,0,0.01,3,0,0,0,0,2,0,0,0,0,national
2025,WA,53061,Snohomish,JJKC32MCHWDI71265Z06,Truist Bank,2,2,0,0.01,2,0,0,0,0,2,0,0,0,0,national
2025,WA,53061,Snohomish,KD3XUN7C6T14HNAYLU02,,3,2,0,0.01,3,0,0,0,0,2,0,0,0,0,national
2025,WA,53061,Snohomish,WWB2V0FCW3A0EE3ZJN75,Manufacturers and Traders Trust Company,3,2,0,0.01,1,0,2,0,0,1,0,1,0,0,national
2025,WA,53061,Snohomish,2549001IK7UDPADKAG34,,2,1,1,0.01,2,0,0,0,0,1,0,0,0,0,national
2025,WA,53061,Snohomish,254900EZRN0CBEP77K34,,2,1,1,0.01,2,0,0,0,0,1,0,0,0,0,national
2025,WA,53061,Snohomish,254900F9ZTVTX763V835,"Advisors Mortgage Group, L.L.C.",2,1,0,0.01,0,2,0,0,0,0,1,0,0,0,national
2025,WA,53061,Snohomish,254900FMBXF85WQYV433,,1,1,0,0.01,1,0,0,0,0,1,0,0,0,0,national
2025,WA,53061,Snohomish,254900HIDMT4ZG09RP47,,1,1,0,0.01,0,0,1,0,0,0,0,1,0,0,national
2025,WA,53061,Snohomish,254900HO9WPE4LTLQU96,,1,1,0,0.01,1,0,0,0,0,1,0,0,0,0,national
2025,WA,53061,Snohomish,254900LX8DA8FRHUUD51,Potlatch No. 1 Financial Credit Union,1,1,0,0.01,1,0,0,0,0,1,0,0,0,0,national
2025,WA,53061,Snohomish,254900N133DZGPB2X985,,1,1,0,0.01,1,0,0,0,0,1,0,0,0,0,national
2025,WA,53061,Snohomish,254900N49YI2HHKDPS92,IQ Credit Union,3,1,2,0.01,3,0,0,0,0,1,0,0,0,0,national
2025,WA,53061,Snohomish,254900QRD0ZXHH08TX87,"NETWORK FUNDING, L.P.",1,1,0,0.01,1,0,0,0,0,1,0,0,0,0,national
2025,WA,53061,Snohomish,254900RFZH9I62FGU045,"AMERICAN MORTGAGE BANK, INC.",1,1,0,0.01,1,0,0,0,0,1,0,0,0,0,national
2025,WA,53061,Snohomish,254900V6GCDMRQZ34D96,,1,1,0,0.01,1,0,0,0,0,1,0,0,0,0,national
2025,WA,53061,Snohomish,254900VE4XTOQUE8NZ77,,4,1,1,0.01,4,0,0,0,0,1,0,0,0,0,national
2025,WA,53061,Snohomish,254900VHUBSJJKOMBF27,,1,1,0,0.01,1,0,0,0,0,1,0,0,0,0,national
2025,WA,53061,Snohomish,254900VX7NAZSPBPUE16,,1,1,0,0.01,1,0,0,0,0,1,0,0,0,0,national
2025,WA,53061,Snohomish,254900XA5WVWGS9RET72,,1,1,0,0.01,1,0,0,0,0,1,0,0,0,0,national
2025,WA,53061,Snohomish,254900Z8J5L9POS71X51,Oregon State Credit Union,2,1,0,0.01,2,0,0,0,0,1,0,0,0,0,national
2025,WA,53061,Snohomish,337KMNHEWWWR6B7Q7W10,MidFirst Bank,1,1,0,0.01,1,0,0,0,0,1,0,0,0,0,national
2025,WA,53061,Snohomish,4EP6JBYBTPTQ47LZOB67,,1,1,0,0.01,1,0,0,0,0,1,0,0,0,0,national
2025,WA,53061,Snohomish,5493000JFVFQFL816N45,ENCORE BANK,1,1,0,0.01,1,0,0,0,0,1,0,0,0,0,national
2025,WA,53061,Snohomish,5493000OOREHUZON5E13,,2,1,0,0.01,2,0,0,0,0,1,0,0,0,0,national
2025,WA,53061,Snohomish,5493001JT9MT3Z3Y3M39,,2,1,0,0.01,2,0,0,0,0,1,0,0,0,0,national
2025,WA,53061,Snohomish,5493001P38O8QXGI6503,,1,1,0,0.01,1,0,0,0,0,1,0,0,0,0,national
2025,WA,53061,Snohomish,549300217ZPIHWEYT887,,1,1,0,0.01,1,0,0,0,0,1,0,0,0,0,national
2025,WA,53061,Snohomish,54930022CQGV47Q8PM03,,4,1,1,0.01,2,1,1,0,0,1,0,0,0,0,national
2025,WA,53061,Snohomish,5493002G4JO4BZ22MC13,,1,1,0,0.01,1,0,0,0,0,1,0,0,0,0,national
2025,WA,53061,Snohomish,549300337GB2P1WP7003,,1,1,0,0.01,1,0,0,0,0,1,0,0,0,0,national
2025,WA,53061,Snohomish,54930034MNPILHP25H80,Gateway First Bank,4,1,1,0.01,3,1,0,0,0,0,1,0,0,0,national
2025,WA,53061,Snohomish,5493003V40VGM7YDFM54,FIRST COLONY MORTGAGE CORPORATION,2,1,0,0.01,2,0,0,0,0,1,0,0,0,0,national
2025,WA,53061,Snohomish,5493003WLEYGXGNTI654,SELCO COMMUNITY,1,1,0,0.01,1,0,0,0,0,1,0,0,0,0,national
2025,WA,53061,Snohomish,5493004F7BXDIUFVPV87,,1,1,0,0.01,1,0,0,0,0,1,0,0,0,0,national
2025,WA,53061,Snohomish,5493004T9SQFCNRQ2L76,,2,1,0,0.01,2,0,0,0,0,1,0,0,0,0,national
2025,WA,53061,Snohomish,54930059GZZ7G4G40O53,Primis Mortgage Company,2,1,0,0.01,2,0,0,0,0,1,0,0,0,0,national
2025,WA,53061,Snohomish,5493005ICQ3QGEIWV618,UNITED MORTGAGE CORP.,2,1,0,0.01,2,0,0,0,0,1,0,0,0,0,national
2025,WA,53061,Snohomish,5493005JPZ3LXXMB0S24,"Carrington Mortgage Services, LLC",4,1,1,0.01,4,0,0,0,0,1,0,0,0,0,national
2025,WA,53061,Snohomish,5493005PD34O8ZT7QT17,,1,1,0,0.01,1,0,0,0,0,1,0,0,0,0,national
2025,WA,53061,Snohomish,5493006P5IHSK77SZ855,,1,1,0,0.01,1,0,0,0,0,1,0,0,0,0,national
2025,WA,53061,Snohomish,5493006S869XKIESMV41,Mountain America Federal Credit Union,8,1,5,0.01,8,0,0,0,0,1,0,0,0,0,national
2025,WA,53061,Snohomish,549300715JT4HMT74E48,,3,1,2,0.01,3,0,0,0,0,1,0,0,0,0,national
2025,WA,53061,Snohomish,54930072OCHTUJOZQB56,Liberty Credit Union,1,1,0,0.01,1,0,0,0,0,1,0,0,0,0,national
2025,WA,53061,Snohomish,549300748YYU6VG08N83,"Loan Simple, Inc.",1,1,0,0.01,0,1,0,0,0,0,1,0,0,0,national
2025,WA,53061,Snohomish,5493007BX4I89K17ZM64,,1,1,0,0.01,0,1,0,0,0,0,1,0,0,0,national
2025,WA,53061,Snohomish,5493007WZXR2YE227I23,,1,1,0,0.01,1,0,0,0,0,1,0,0,0,0,national
2025,WA,53061,Snohomish,54930080168VA6Z8UX21,TOWER Federal Credit Union,3,1,1,0.01,3,0,0,0,0,1,0,0,0,0,national
2025,WA,53061,Snohomish,5493008JUW0FLRMO0W64,,2,1,0,0.01,0,0,2,0,0,0,0,1,0,0,national
2025,WA,53061,Snohomish,5493008P6YO2KM3EO556,The Dart Bank,1,1,0,0.01,1,0,0,0,0,1,0,0,0,0,national
2025,WA,53061,Snohomish,5493008VVXQIDO1EZ460,"SUMMIT FUNDING, INC.",3,1,0,0.01,3,0,0,0,0,1,0,0,0,0,national
2025,WA,53061,Snohomish,54930091CYUK2SDZ6D37,,1,1,0,0.01,1,0,0,0,0,1,0,0,0,0,national
2025,WA,53061,Snohomish,54930097J3TUZXBXXE75,,3,1,2,0.01,3,0,0,0,0,1,0,0,0,0,national
2025,WA,53061,Snohomish,549300AEULLVYD8L9B04,,1,1,0,0.01,1,0,0,0,0,1,0,0,0,0,national
2025,WA,53061,Snohomish,549300AV8QD552DSI743,,1,1,0,0.01,1,0,0,0,0,1,0,0,0,0,national
2025,WA,53061,Snohomish,549300C20KZIWPASBC15,,1,1,0,0.01,0,1,0,0,0,0,1,0,0,0,national
2025,WA,53061,Snohomish,549300C8GOC4OYUV0Z32,,2,1,0,0.01,2,0,0,0,0,1,0,0,0,0,national
2025,WA,53061,Snohomish,549300CK7U1WMTIG6687,,1,1,0,0.01,0,1,0,0,0,0,1,0,0,0,national
2025,WA,53061,Snohomish,549300DH8EI64ITBY388,,1,1,0,0.01,1,0,0,0,0,1,0,0,0,0,national
2025,WA,53061,Snohomish,549300DJT1WS6SELJS28,,2,1,1,0.01,2,0,0,0,0,1,0,0,0,0,national
2025,WA,53061,Snohomish,549300DLBRGR2O0VNZ96,,1,1,0,0.01,1,0,0,0,0,1,0,0,0,0,national
2025,WA,53061,Snohomish,549300DMYENRV818D594,SWBC MORTGAGE CORPORATION,1,1,0,0.01,1,0,0,0,0,1,0,0,0,0,national
2025,WA,53061,Snohomish,549300DNWSJUNAWUM003,,2,1,0,0.01,2,0,0,0,0,1,0,0,0,0,national
2025,WA,53061,Snohomish,549300DU4JZVSGF3G964,,1,1,0,0.01,1,0,0,0,0,1,0,0,0,0,national
2025,WA,53061,Snohomish,549300E4YLQ3BVQ4GW30,,1,1,0,0.01,1,0,0,0,0,1,0,0,0,0,national
2025,WA,53061,Snohomish,549300F6NSBOJBM9ED39,NuVision Federal Credit Union,7,1,5,0.01,7,0,0,0,0,1,0,0,0,0,national
2025,WA,53061,Snohomish,549300FWQNRPTKXB8G79,,4,1,0,0.01,4,0,0,0,0,1,0,0,0,0,national
2025,WA,53061,Snohomish,549300GE8KIGZVQV1223,,1,1,0,0.01,1,0,0,0,0,1,0,0,0,0,national
2025,WA,53061,Snohomish,549300GRGZDEH4ZGQS06,WATERSTONE MORTGAGE CORPORATION,2,1,0,0.01,2,0,0,0,0,1,0,0,0,0,national
2025,WA,53061,Snohomish,549300HINJH60UG3KG47,,1,1,0,0.01,1,0,0,0,0,1,0,0,0,0,national
2025,WA,53061,Snohomish,549300I43FC7P0IJMR13,,2,1,0,0.01,1,1,0,0,0,1,0,0,0,0,national
2025,WA,53061,Snohomish,549300K6K2IS7FRS7S09,,3,1,1,0.01,2,0,1,0,0,0,0,1,0,0,national
2025,WA,53061,Snohomish,549300KDR80I1ELW8D36,,6,1,4,0.01,6,0,0,0,0,1,0,0,0,0,national
2025,WA,53061,Snohomish,549300KX4S1573HISS22,,3,1,0,0.01,3,0,0,0,0,1,0,0,0,0,national
2025,WA,53061,Snohomish,549300N3JBQ15RQ7AV97,,2,1,0,0.01,2,0,0,0,0,1,0,0,0,0,national
2025,WA,53061,Snohomish,549300N52O6FKUCU5G62,NUMERICA CREDIT UNION,3,1,2,0.01,3,0,0,0,0,1,0,0,0,0,national
2025,WA,53061,Snohomish,549300OHLAHJ10DFF198,,1,1,0,0.01,0,1,0,0,0,0,1,0,0,0,national
2025,WA,53061,Snohomish,549300OTLWFQPOOSC346,BayCoast Bank,2,1,1,0.01,2,0,0,0,0,1,0,0,0,0,national
2025,WA,53061,Snohomish,549300PRAPL43XPYR044,,1,1,0,0.01,1,0,0,0,0,1,0,0,0,0,national
2025,WA,53061,Snohomish,549300Q1YFRSB8UEGH03,,1,1,0,0.01,1,0,0,0,0,1,0,0,0,0,national
2025,WA,53061,Snohomish,549300QD23LICPXTPB55,,1,1,0,0.01,1,0,0,0,0,1,0,0,0,0,national
2025,WA,53061,Snohomish,549300R4F5COFJE0DN81,,2,1,0,0.01,2,0,0,0,0,1,0,0,0,0,national
2025,WA,53061,Snohomish,549300RM1IZYGQDSNL85,,5,1,0,0.01,4,0,1,0,0,1,0,0,0,0,national
2025,WA,53061,Snohomish,549300SQKZC6HESYGO25,,1,1,0,0.01,1,0,0,0,0,1,0,0,0,0,national
2025,WA,53061,Snohomish,549300T9P3WXNMXX0I34,Ixonia Bank,3,1,0,0.01,1,1,1,0,0,0,1,0,0,0,national
2025,WA,53061,Snohomish,549300TUQC6OYE8A0Y96,,1,1,0,0.01,1,0,0,0,0,1,0,0,0,0,national
2025,WA,53061,Snohomish,549300UDBUNBNEKR8J69,,1,1,0,0.01,1,0,0,0,0,1,0,0,0,0,national
2025,WA,53061,Snohomish,549300VVH8HHFMWL8536,,2,1,1,0.01,2,0,0,0,0,1,0,0,0,0,national
2025,WA,53061,Snohomish,549300W1HU6IVVIEJ389,"RANLIFE, INC.",1,1,0,0.01,0,1,0,0,0,0,1,0,0,0,national
2025,WA,53061,Snohomish,549300XRF9LCZ3RX3Q39,,3,1,1,0.01,0,3,0,0,0,0,1,0,0,0,national
2025,WA,53061,Snohomish,549300ZIXM1VUXPG4D03,,1,1,0,0.01,1,0,0,0,0,1,0,0,0,0,national
2025,WA,53061,Snohomish,5Z1UQ1CWY0DQ3KJWDQ07,,1,1,0,0.01,1,0,0,0,0,1,0,0,0,0,national
2025,WA,53061,Snohomish,635400IW1QMK3FNFF894,MERIDIAN BANK,1,1,0,0.01,1,0,0,0,0,1,0,0,0,0,national
2025,WA,53061,Snohomish,875500CPQ9Z7QEFE5G90,"LOANPEOPLE, LLC",2,1,0,0.01,2,0,0,0,0,1,0,0,0,0,national
2025,WA,53061,Snohomish,9845006YE04B346EC919,,1,1,0,0.01,0,0,1,0,0,0,0,1,0,0,national
2025,WA,53061,Snohomish,984500F5665613E36549,,2,1,0,0.01,2,0,0,0,0,1,0,0,0,0,national
2025,WA,53061,Snohomish,984500F6E6940CCB6A60,,3,1,0,0.01,3,0,0,0,0,1,0,0,0,0,national
2025,WA,53061,Snohomish,984500P059VACEAAFA22,,4,1,1,0.01,1,3,0,0,0,0,1,0,0,0,national
2025,WA,53061,Snohomish,EQTWLK1G7ODGC2MGLV11,Regions Bank,1,1,0,0.01,1,0,0,0,0,1,0,0,0,0,national
2025,WA,53061,Snohomish,HIDXEG9BLUJZKBGUT764,Bank-Fund Staff Federal Credit Union,1,1,0,0.01,1,0,0,0,0,1,0,0,0,0,national
2025,WA,53061,Snohomish,VNOO6EITDJ2YUEBMSZ83,"UMB Bank, National Association",1,1,0,0.01,1,0,0,0,0,1,0,0,0,0,national
2025,WA,53061,Snohomish,WKN6AF1FCL7BBYGTGI83,,1,1,0,0.01,1,0,0,0,0,1,0,0,0,0,national
2025,WA,53061,Snohomish,2549007AU24FVDMNUB40,,11,0,7,0.0,11,0,0,0,0,0,0,0,0,0,national
2025,WA,53061,Snohomish,5493000YNV8IX4VD3X12,"VANDERBILT MORTGAGE AND FINANCE, INC.",6,0,2,0.0,6,0,0,0,0,0,0,0,0,0,national
2025,WA,53063,Spokane,549300TUSRLWD8ETNR90,SPOKANE TEACHERS,2477,1456,454,10.83,2439,31,7,0,0,1439,17,0,0,0,national
2025,WA,53063,Spokane,549300FGXN1K3HLB1R50,"Rocket Mortgage, LLC",1095,844,149,6.28,871,126,98,0,0,675,91,78,0,0,national
2025,WA,53063,Spokane,549300HW662MN1WU8550,"United Wholesale Mortgage, LLC",1093,836,109,6.22,611,213,268,1,0,481,154,200,1,0,national
2025,WA,53063,Spokane,549300N52O6FKUCU5G62,NUMERICA CREDIT UNION,1159,681,377,5.06,1139,18,2,0,0,674,5,2,0,0,national
2025,WA,53063,Spokane,2549008TT6UNYR7AXF54,"Sunflower Bank, National Association",675,498,25,3.7,462,139,74,0,0,353,91,54,0,0,national
2025,WA,53063,Spokane,549300P2GEYNMH5OQA71,WASHINGTON TRUST BANK,745,479,141,3.56,701,33,11,0,0,464,10,5,0,0,national
2025,WA,53063,Spokane,549300GKFNPRWNS0GF29,"AmeriHome Mortgage Company, LLC",565,409,9,3.04,383,86,65,31,0,284,50,47,28,0,national
2025,WA,53063,Spokane,5493001PXRJMPLXPG540,IDAHO CENTRAL CREDIT UNION,587,353,85,2.62,553,22,12,0,0,331,14,8,0,0,national
2025,WA,53063,Spokane,549300KM40FP4MSQU941,Boeing Employees Credit Union,539,347,108,2.58,531,4,4,0,0,340,4,3,0,0,national
2025,WA,53063,Spokane,5493001SXWZ4OFP8Z903,"DHI MORTGAGE COMPANY, LTD.",425,317,31,2.36,267,89,68,1,0,203,63,51,0,0,national
2025,WA,53063,Spokane,549300ZWNETGFXTBBY03,"CANOPY MORTGAGE, LLC",438,308,2,2.29,241,143,54,0,0,170,102,36,0,0,national
2025,WA,53063,Spokane,549300VZVN841I2ILS84,"CROSSCOUNTRY MORTGAGE, LLC",339,239,6,1.78,206,79,54,0,0,150,51,38,0,0,national
2025,WA,53063,Spokane,549300MGPZBLQDIL7538,FAIRWAY INDEPENDENT MORTGAGE CORPORATION,315,234,14,1.74,224,56,34,1,0,174,37,22,1,0,national
2025,WA,53063,Spokane,549300U3721PJGQZYY68,"GUARANTEED RATE, INC.",386,234,9,1.74,278,69,38,1,0,169,45,20,0,0,national
2025,WA,53063,Spokane,549300KIOYNU323LVJ37,AMERICAN PACIFIC MORTGAGE CORPORATION,288,233,11,1.73,192,69,27,0,0,154,55,24,0,0,national
2025,WA,53063,Spokane,549300DD4R4SYK5RAQ92,"MOVEMENT MORTGAGE, LLC",241,195,10,1.45,170,58,13,0,0,138,48,9,0,0,national
2025,WA,53063,Spokane,549300H3IZO24NSOO931,"LENNAR MORTGAGE, LLC",232,191,10,1.42,150,44,38,0,0,126,35,30,0,0,national
2025,WA,53063,Spokane,6BYL5QZYBDK8S7L73M02,U.S. Bank National Association,401,191,124,1.42,387,2,12,0,0,182,1,8,0,0,national
2025,WA,53063,Spokane,5493001B4U37VT2ML818,GESA CREDIT UNION,296,190,59,1.41,291,4,1,0,0,190,0,0,0,0,national
2025,WA,53063,Spokane,549300AQ3T62GXDU7D76,GUILD MORTGAGE COMPANY LLC,267,190,4,1.41,182,56,28,1,0,125,42,23,0,0,national
2025,WA,53063,Spokane,5493000FWM3I2HHQY149,WASHINGTON STATE EMPLOYEES CREDIT UNION,329,188,117,1.4,309,17,3,0,0,174,11,3,0,0,national
2025,WA,53063,Spokane,WE0I402RW25AU38DTI13,Banner Bank,324,184,86,1.37,307,13,4,0,0,177,4,3,0,0,national
2025,WA,53063,Spokane,549300ESRQ6OLBB56N04,Glacier Bank,249,160,22,1.19,199,38,12,0,0,133,22,5,0,0,national
2025,WA,53063,Spokane,549300DD5QQUHO6PCH70,"MORTGAGE RESEARCH CENTER, LLC",333,152,39,1.13,20,1,312,0,0,6,0,146,0,0,national
2025,WA,53063,Spokane,RVDPPPGHCGZ40J4VQ731,"PENNYMAC LOAN SERVICES, LLC",271,152,30,1.13,173,50,48,0,0,100,23,29,0,0,national
2025,WA,53063,Spokane,549300715JT4HMT74E48,,255,132,85,0.98,249,3,3,0,0,130,1,1,0,0,national
2025,WA,53063,Spokane,549300LYRWPSYPK6S325,FREEDOM MORTGAGE CORPORATION,295,128,29,0.95,28,111,156,0,0,10,36,82,0,0,national
2025,WA,53063,Spokane,549300CY7WNAHKHYSJ73,"CORNERSTONE CAPITAL BANK, SSB",149,127,2,0.94,119,15,15,0,0,101,12,14,0,0,national
2025,WA,53063,Spokane,549300AG64NHILB7ZP05,"LOANDEPOT.COM, LLC",231,122,40,0.91,158,41,32,0,0,85,24,13,0,0,national
2025,WA,53063,Spokane,549300LBCBNR1OT00651,NATIONSTAR MORTGAGE LLC,167,122,19,0.91,148,11,8,0,0,108,7,7,0,0,national
2025,WA,53063,Spokane,7H6GLXDRUGQFU57RNE97,"JPMorgan Chase Bank, National Association",197,121,30,0.9,178,12,7,0,0,111,5,5,0,0,national
2025,WA,53063,Spokane,IFQSIUC9AGQV2NE8CN25,Columbia Bank,199,107,60,0.8,190,6,3,0,0,101,3,3,0,0,national
2025,WA,53063,Spokane,B4TYDEB6GKMZO031MB27,"Bank of America, National Association",237,99,79,0.74,237,0,0,0,0,99,0,0,0,0,national
2025,WA,53063,Spokane,549300FNXYY540N23N64,Newrez LLC,254,97,53,0.72,155,38,61,0,0,61,5,31,0,0,national
2025,WA,53063,Spokane,5493003GQDUH26DNNH17,Navy Federal Credit Union,162,95,19,0.71,113,0,49,0,0,58,0,37,0,0,national
2025,WA,53063,Spokane,549300B4IYL7TZT8FA34,"PREMIER MORTGAGE RESOURCES, L.L.C.",119,88,3,0.65,77,24,18,0,0,55,20,13,0,0,national
2025,WA,53063,Spokane,549300E2UX99HKDBR481,"NEW AMERICAN FUNDING, LLC",211,78,32,0.58,107,93,11,0,0,49,27,2,0,0,national
2025,WA,53063,Spokane,2549004FXPNKCLIN8250,"Synergy One Lending, Inc.",103,68,11,0.51,62,36,5,0,0,41,22,5,0,0,national
2025,WA,53063,Spokane,549300MZ8VZJOVC63092,"KIND LENDING, LLC",81,63,12,0.47,49,13,19,0,0,38,9,16,0,0,national
2025,WA,53063,Spokane,254900TTZ395IC926125,,77,62,4,0.46,69,8,0,0,0,58,4,0,0,0,national
2025,WA,53063,Spokane,254900UL88QFG0E40516,FIGURE LENDING LLC,114,59,29,0.44,114,0,0,0,0,59,0,0,0,0,national
2025,WA,53063,Spokane,549300PIL8LFAQ04XC20,Better Mortgage Corporation,209,58,119,0.43,209,0,0,0,0,58,0,0,0,0,national
2025,WA,53063,Spokane,549300VORTI31GZTJL53,"CARDINAL FINANCIAL COMPANY, LIMITED PARTNERSHIP",72,57,6,0.42,44,27,1,0,0,37,19,1,0,0,national
2025,WA,53063,Spokane,5493004KGZVI015KO609,,62,56,4,0.42,62,0,0,0,0,56,0,0,0,0,national
2025,WA,53063,Spokane,549300RFSMIRUODUVW59,First Interstate Bank,90,54,25,0.4,90,0,0,0,0,54,0,0,0,0,national
2025,WA,53063,Spokane,549300CB67L6KPJLHE19,"TRIAD FINANCIAL SERVICES, INC.",123,52,45,0.39,123,0,0,0,0,52,0,0,0,0,national
2025,WA,53063,Spokane,254900ZFWS2106HWPH46,"PARAMOUNT RESIDENTIAL MORTGAGE GROUP, INC.",71,51,0,0.38,45,15,10,1,0,31,13,6,1,0,national
2025,WA,53063,Spokane,54930043BMDE130FJ617,"PROVIDENT FUNDING ASSOCIATES, L.P.",75,50,2,0.37,75,0,0,0,0,50,0,0,0,0,national
2025,WA,53063,Spokane,549300J6N77Q8OHYNF23,,64,50,1,0.37,36,22,6,0,0,26,19,5,0,0,national
2025,WA,53063,Spokane,5493008VVXQIDO1EZ460,"SUMMIT FUNDING, INC.",65,48,8,0.36,37,25,3,0,0,28,17,3,0,0,national
2025,WA,53063,Spokane,549300NOCASXPA34X033,"LAKEVIEW LOAN SERVICING, LLC",146,47,65,0.35,85,40,21,0,0,24,14,9,0,0,national
2025,WA,53063,Spokane,549300S5FVOSK5DQJN30,INTERCAP LENDING INC.,59,47,1,0.35,45,7,7,0,0,34,6,7,0,0,national
2025,WA,53063,Spokane,549300YIQ7S7Z8PIHE53,AMERISAVE MORTGAGE CORPORATION,158,47,96,0.35,110,28,20,0,0,40,4,3,0,0,national
2025,WA,53063,Spokane,549300DK7QID2ZON6Q55,Global Federal Credit Union,86,46,21,0.34,71,5,10,0,0,36,3,7,0,0,national
2025,WA,53063,Spokane,54930060G4MDPWHISD89,EVERGREEN MONEYSOURCE MORTGAGE COMPANY,56,45,1,0.33,41,12,2,1,0,34,9,1,1,0,national
2025,WA,53063,Spokane,KB1H1DSPRFMYMCUFXT09,"Wells Fargo Bank, National Association",67,44,6,0.33,62,0,5,0,0,41,0,3,0,0,national
2025,WA,53063,Spokane,5493000OOREHUZON5E13,,57,43,3,0.32,57,0,0,0,0,43,0,0,0,0,national
2025,WA,53063,Spokane,549300S8TEY5RFIBTE30,,47,42,5,0.31,47,0,0,0,0,42,0,0,0,0,national
2025,WA,53063,Spokane,549300UXY7OP0IC38293,Northpointe Bank,70,41,8,0.3,45,17,8,0,0,26,12,3,0,0,national
2025,WA,53063,Spokane,5493001SDQVS1NWYH012,,40,38,0,0.28,28,7,5,0,0,26,7,5,0,0,national
2025,WA,53063,Spokane,549300OPCWU6E72WUT29,"MUTUAL OF OMAHA MORTGAGE, INC.",78,38,20,0.28,17,38,23,0,0,12,18,8,0,0,national
2025,WA,53063,Spokane,549300ZBXINP1Y94CN02,,47,37,0,0.28,33,12,2,0,0,26,9,2,0,0,national
2025,WA,53063,Spokane,254900DTLHVWQ7NP7R34,"CMG Mortgage, Inc.",48,35,2,0.26,44,4,0,0,0,31,4,0,0,0,national
2025,WA,53063,Spokane,5493006VAGP3GQ8FJT49,"Kiavi Funding, Inc.",68,35,5,0.26,68,0,0,0,0,35,0,0,0,0,national
2025,WA,53063,Spokane,5493000NYUJT9UC6G261,LEADERONE FINANCIAL CORPORATION,57,33,9,0.25,37,17,3,0,0,21,10,2,0,0,national
2025,WA,53063,Spokane,54930054ET8KM4O1D485,"SOFI BANK, NATIONAL ASSOCIATION",94,33,9,0.25,86,6,2,0,0,30,2,1,0,0,national
2025,WA,53063,Spokane,2549001SI0EMFPT39035,"Cornerstone First Mortgage, Inc",36,30,1,0.22,22,12,2,0,0,18,11,1,0,0,national
2025,WA,53063,Spokane,254900LX8DA8FRHUUD51,Potlatch No. 1 Financial Credit Union,46,29,4,0.22,46,0,0,0,0,29,0,0,0,0,national
2025,WA,53063,Spokane,549300R9S3MVDV4MGF56,"CARRINGTON MORTGAGE SERVICES, LLC",75,28,24,0.21,32,17,26,0,0,12,6,10,0,0,national
2025,WA,53063,Spokane,25490066WMF8ZMQXQB18,"Lendage, LLC",33,27,2,0.2,33,0,0,0,0,27,0,0,0,0,national
2025,WA,53063,Spokane,254900O2K17TNH5CL873,"RF RENOVO MANAGEMENT COMPANY, LLC",29,25,0,0.19,29,0,0,0,0,25,0,0,0,0,national
2025,WA,53063,Spokane,5493001GCBD5XGNIC815,Coastal Community Bank,105,25,0,0.19,105,0,0,0,0,25,0,0,0,0,national
2025,WA,53063,Spokane,5493001WHVQBGRSWEU75,"HOMEBRIDGE FINANCIAL SERVICES, INC.",32,25,4,0.19,27,1,4,0,0,22,1,2,0,0,national
2025,WA,53063,Spokane,549300YN94MOAVYW0F52,"GoodLeap, LLC",48,25,11,0.19,30,12,6,0,0,19,3,3,0,0,national
2025,WA,53063,Spokane,01KWVG908KE7RKPTNP46,HomeStreet Bank,38,24,6,0.18,33,4,1,0,0,20,3,1,0,0,national
2025,WA,53063,Spokane,549300GS6ONO04ORI292,,42,24,3,0.18,24,13,5,0,0,15,7,2,0,0,national
2025,WA,53063,Spokane,549300KJ8PAJ7E52HG32,Plains Commerce Bank,37,24,3,0.18,23,13,1,0,0,15,8,1,0,0,national
2025,WA,53063,Spokane,549300RN01LBYR8ZVX74,"LOWER, LLC",47,23,3,0.17,20,13,14,0,0,11,6,6,0,0,national
2025,WA,53063,Spokane,549300XY701IELCE5Q08,BETTER MORTGAGE CORPORATION,58,23,15,0.17,48,9,1,0,0,19,3,1,0,0,national
2025,WA,53063,Spokane,54930021WPEXNHYZUL09,"PLANET HOME LENDING, LLC",29,22,6,0.16,15,6,8,0,0,13,3,6,0,0,national
2025,WA,53063,Spokane,549300370QILXLFUWD20,"ZILLOW HOME LOANS, LLC",36,22,1,0.16,26,5,5,0,0,16,3,3,0,0,national
2025,WA,53063,Spokane,5493001XKL0FTNOJ0866,,28,21,0,0.16,18,4,6,0,0,13,3,5,0,0,national
2025,WA,53063,Spokane,549300T94GSH3C4U5M59,ALLIANT CREDIT UNION,43,21,15,0.16,42,0,1,0,0,20,0,1,0,0,national
2025,WA,53063,Spokane,549300WJIJV987NXVC31,,47,20,1,0.15,29,14,4,0,0,11,7,2,0,0,national
2025,WA,53063,Spokane,C5654JQHZUHN0772B561,USAA Federal Savings Bank,47,19,10,0.14,17,0,30,0,0,4,0,15,0,0,national
2025,WA,53063,Spokane,213800XR2TCBQJSF1X93,,29,18,2,0.13,18,0,11,0,0,9,0,9,0,0,national
2025,WA,53063,Spokane,549300BX448ALT10FI43,The Federal Savings Bank,51,18,6,0.13,15,3,33,0,0,7,1,10,0,0,national
2025,WA,53063,Spokane,549300BLL6VL7AXWYP56,CHURCHILL MORTGAGE CORPORATION,29,17,1,0.13,21,4,4,0,0,12,2,3,0,0,national
2025,WA,53063,Spokane,549300MCIFZSDHUT8X63,"NFM, INC.",27,17,2,0.13,15,11,1,0,0,9,7,1,0,0,national
2025,WA,53063,Spokane,549300R77W0P105C3S50,HOMEXPRESS MORTGAGE CORP.,35,17,18,0.13,34,0,1,0,0,17,0,0,0,0,national
2025,WA,53063,Spokane,5493009HUMWCHFRDKF12,SAMMAMISH MORTGAGE COMPANY,23,16,0,0.12,22,0,1,0,0,15,0,1,0,0,national
2025,WA,53063,Spokane,549300MHH03ICJYEPE85,,22,16,2,0.12,7,15,0,0,0,4,12,0,0,0,national
2025,WA,53063,Spokane,549300VCMRO4ST680C11,VILLAGE CAPITAL & INVESTMENT LLC,44,16,3,0.12,0,19,25,0,0,0,5,11,0,0,national
2025,WA,53063,Spokane,549300XQVJ1XBNFA5536,21ST MORTGAGE CORPORATION,78,16,29,0.12,78,0,0,0,0,16,0,0,0,0,national
2025,WA,53063,Spokane,AD6GFRVSDT01YPT1CS68,"PNC Bank, National Association",32,16,9,0.12,32,0,0,0,0,16,0,0,0,0,national
2025,WA,53063,Spokane,549300QKL5FUBZ8LSF50,"NATIONS DIRECT MORTGAGE, LLC",19,15,0,0.11,13,2,4,0,0,11,2,2,0,0,national
2025,WA,53063,Spokane,549300RPOGWJRH63HS39,UNION HOME MORTGAGE CORP.,18,15,0,0.11,14,2,2,0,0,12,2,1,0,0,national
2025,WA,53063,Spokane,549300SUCQ1358EGVE89,"NEW DAY FINANCIAL, LLC",95,15,18,0.11,0,2,93,0,0,0,0,15,0,0,national
2025,WA,53063,Spokane,5493008CPTDVOS570626,"Primary Residential Mortgage, Inc.",29,14,11,0.1,29,0,0,0,0,14,0,0,0,0,national
2025,WA,53063,Spokane,549300SK2GVCQXPD4S58,"SUN WEST MORTGAGE COMPANY, INC.",26,14,3,0.1,2,10,14,0,0,1,3,10,0,0,national
2025,WA,53063,Spokane,549300EKFFG3BU8DNX74,NEXERA HOLDING LLC,32,13,3,0.1,32,0,0,0,0,13,0,0,0,0,national
2025,WA,53063,Spokane,549300Q3ROEQU3D1IW91,,38,13,18,0.1,38,0,0,0,0,13,0,0,0,0,national
2025,WA,53063,Spokane,5493002B2WMHY23GFK92,"AMERICAN FINANCIAL RESOURCES, INC.",16,12,0,0.09,8,5,3,0,0,6,4,2,0,0,national
2025,WA,53063,Spokane,SS1TRMSN6BRNMOREEV51,"Flagstar Bank, National Association",19,12,7,0.09,15,3,1,0,0,8,3,1,0,0,national
2025,WA,53063,Spokane,254900HEJ9F73IMPX887,,17,11,1,0.08,17,0,0,0,0,11,0,0,0,0,national
2025,WA,53063,Spokane,254900N133DZGPB2X985,,11,11,0,0.08,11,0,0,0,0,11,0,0,0,0,national
2025,WA,53063,Spokane,549300121SF0K2LN2804,"PRIMELENDING, A PLAINSCAPITAL COMPANY",13,11,0,0.08,9,3,1,0,0,8,3,0,0,0,national
2025,WA,53063,Spokane,5493002Y5XYV7DV1ZV88,"GOLD STAR MORTGAGE FINANCIAL GROUP, CORPORATION",20,11,2,0.08,14,5,1,0,0,8,3,0,0,0,national
2025,WA,53063,Spokane,549300LROQOOQU77WS20,,18,11,4,0.08,17,0,1,0,0,11,0,0,0,0,national
2025,WA,53063,Spokane,549300S5YL3OH0IVCS62,FINANCE OF AMERICA REVERSE LLC,15,11,0,0.08,1,14,0,0,0,0,11,0,0,0,national
2025,WA,53063,Spokane,X05BVSK68TQ7YTOSNR22,Discover Bank,83,11,45,0.08,83,0,0,0,0,11,0,0,0,0,national
2025,WA,53063,Spokane,2549005SIVTHG14U2905,A&D Mortgage LLC,14,10,1,0.07,14,0,0,0,0,10,0,0,0,0,national
2025,WA,53063,Spokane,549300FX7K8PTEQUU487,PENTAGON FEDERAL CREDIT UNION,20,10,9,0.07,15,1,4,0,0,7,1,2,0,0,national
2025,WA,53063,Spokane,549300RFLICNI75BG067,Luminate Bank,16,10,2,0.07,11,4,1,0,0,8,1,1,0,0,national
2025,WA,53063,Spokane,549300TF1E42EUFBSL45,,14,10,1,0.07,13,1,0,0,0,9,1,0,0,0,national
2025,WA,53063,Spokane,PAOOWF3GUFM46FBSP561,,28,10,3,0.07,8,17,3,0,0,1,8,1,0,0,national
2025,WA,53063,Spokane,Q708HHR4LD2B7XIZNO92,First Federal Bank,11,10,0,0.07,4,1,6,0,0,3,1,6,0,0,national
2025,WA,53063,Spokane,254900TG14TB8RKS3U42,,16,9,1,0.07,10,3,3,0,0,6,2,1,0,0,national
2025,WA,53063,Spokane,54930049L5WINET09Q97,"CLICK N' CLOSE, INC.",17,9,5,0.07,6,10,1,0,0,3,5,1,0,0,national
2025,WA,53063,Spokane,5493006S869XKIESMV41,Mountain America Federal Credit Union,11,9,1,0.07,10,1,0,0,0,8,1,0,0,0,national
2025,WA,53063,Spokane,549300ALNLUNS3Y53T24,AMERICAN FINANCING CORPORATION,57,9,22,0.07,29,22,6,0,0,7,2,0,0,0,national
2025,WA,53063,Spokane,549300GS0W0TEUQS8571,"Morgan Stanley Private Bank, National Association",15,9,1,0.07,15,0,0,0,0,9,0,0,0,0,national
2025,WA,53063,Spokane,549300INKSPQCTELMO58,Granite Bank,17,9,1,0.07,8,4,5,0,0,4,3,2,0,0,national
2025,WA,53063,Spokane,549300O2EZG72LO2FX38,,9,9,0,0.07,6,3,0,0,0,6,3,0,0,0,national
2025,WA,53063,Spokane,549300Q50XCC0473FG63,,15,9,3,0.07,15,0,0,0,0,9,0,0,0,0,national
2025,WA,53063,Spokane,254900WT4HAMDFWH3048,,9,8,1,0.06,0,9,0,0,0,0,8,0,0,0,national
2025,WA,53063,Spokane,549300J7I82PNDVU8H22,"OCMBC, INC.",13,8,1,0.06,10,3,0,0,0,6,2,0,0,0,national
2025,WA,53063,Spokane,549300K4ZLGS7SRDTL86,Equity Prime Mortgage LLC,30,8,2,0.06,3,14,13,0,0,0,5,3,0,0,national
2025,WA,53063,Spokane,549300PL8ER6H23P0Z91,BAY EQUITY LLC,19,8,0,0.06,12,2,5,0,0,5,1,2,0,0,national
2025,WA,53063,Spokane,549300PQLK8E48ILXV41,,17,8,3,0.06,15,2,0,0,0,8,0,0,0,0,national
2025,WA,53063,Spokane,549300Q6YL1SFVPEGV90,,20,8,0,0.06,5,11,4,0,0,2,4,2,0,0,national
2025,WA,53063,Spokane,984500RF83EA742B5589,,14,8,0,0.06,14,0,0,0,0,8,0,0,0,0,national
2025,WA,53063,Spokane,5493003T5D4N1CM46J77,1st Security Bank of Washington,11,7,0,0.05,9,2,0,0,0,7,0,0,0,0,national
2025,WA,53063,Spokane,549300748YYU6VG08N83,"Loan Simple, Inc.",8,7,0,0.05,2,6,0,0,0,2,5,0,0,0,national
2025,WA,53063,Spokane,5493009B17HXCVXTD608,"JMAC LENDING, INC.",7,7,0,0.05,3,3,0,1,0,3,3,0,1,0,national
2025,WA,53063,Spokane,549300G4ESSS6M0MEG51,ORIGINPOINT LLC,7,7,0,0.05,5,1,1,0,0,5,1,1,0,0,national
2025,WA,53063,Spokane,549300INFJ8TYNZ1G568,,8,7,1,0.05,8,0,0,0,0,7,0,0,0,0,national
2025,WA,53063,Spokane,549300KHXD7JSQUZIJ22,"HIGHLANDS RESIDENTIAL MORTGAGE, LTD.",7,7,0,0.05,5,2,0,0,0,5,2,0,0,0,national
2025,WA,53063,Spokane,2WHM8VNJH63UN14OL754,The Huntington National Bank,8,6,0,0.04,7,0,1,0,0,5,0,1,0,0,national
2025,WA,53063,Spokane,3Y4U8VZURTYWI1W2K376,BMO Bank National Association,14,6,1,0.04,14,0,0,0,0,6,0,0,0,0,national
2025,WA,53063,Spokane,5493004AS1SPBQOFDR49,"Change Lending, LLC",8,6,1,0.04,7,1,0,0,0,5,1,0,0,0,national
2025,WA,53063,Spokane,5493008ZTV4S0W9DCX64,,18,6,8,0.04,10,8,0,0,0,4,2,0,0,0,national
2025,WA,53063,Spokane,5493009BD405QQTMXO12,TOLL BROTHERS MORTGAGE COMPANY,10,6,1,0.04,9,0,1,0,0,5,0,1,0,0,national
2025,WA,53063,Spokane,549300NWBS6MQJX15N44,,9,6,1,0.04,9,0,0,0,0,6,0,0,0,0,national
2025,WA,53063,Spokane,549300PL267CW8182203,,17,6,1,0.04,2,3,12,0,0,1,2,3,0,0,national
2025,WA,53063,Spokane,549300RA3E0BUFO7YZ21,"Hometown Equity Mortgage, LLC",15,6,9,0.04,15,0,0,0,0,6,0,0,0,0,national
2025,WA,53063,Spokane,549300UR5AOWTJJ7KZ64,,10,6,1,0.04,10,0,0,0,0,6,0,0,0,0,national
2025,WA,53063,Spokane,549300ZZME37MXI1EF14,"DAS ACQUISITION COMPANY, LLC",7,6,0,0.04,4,3,0,0,0,3,3,0,0,0,national
2025,WA,53063,Spokane,984500U2F9A83N391A91,"CHAMPIONS FUNDING, LLC",11,6,2,0.04,11,0,0,0,0,6,0,0,0,0,national
2025,WA,53063,Spokane,HUX2X73FUCYHUVH1BK78,KeyBank National Association,7,6,1,0.04,6,1,0,0,0,6,0,0,0,0,national
2025,WA,53063,Spokane,254900CTT87ZKAUTIJ37,,7,5,2,0.04,7,0,0,0,0,5,0,0,0,0,national
2025,WA,53063,Spokane,254900E6AIE4Z8YQM970,Citadel Servicing Corporation,7,5,0,0.04,7,0,0,0,0,5,0,0,0,0,national
2025,WA,53063,Spokane,254900HA4DQWAE0W3342,"AMERIHOME MORTGAGE COMPANY, LLC",16,5,4,0.04,2,10,4,0,0,0,4,1,0,0,national
2025,WA,53063,Spokane,5493000349C5XXDRQX28,,11,5,0,0.04,7,4,0,0,0,3,2,0,0,0,national
2025,WA,53063,Spokane,549300323EON4W3CCM44,"RESICENTRAL, LLC",7,5,1,0.04,5,1,1,0,0,4,0,1,0,0,national
2025,WA,53063,Spokane,5493003Q3L1PO9NBVK64,WHATCOM EDUCATIONAL CREDIT UNION,8,5,1,0.04,8,0,0,0,0,5,0,0,0,0,national
2025,WA,53063,Spokane,549300BOXNV8VLRBDT24,,5,5,0,0.04,5,0,0,0,0,5,0,0,0,0,national
2025,WA,53063,Spokane,549300GWD9H4FQ2VR805,,5,5,0,0.04,5,0,0,0,0,5,0,0,0,0,national
2025,WA,53063,Spokane,549300KX6E1IE2LM5E30,,5,5,0,0.04,5,0,0,0,0,5,0,0,0,0,national
2025,WA,53063,Spokane,549300Q02LGIN9AXKP98,FIRST TECHNOLOGY FEDERAL CREDIT UNION,7,5,1,0.04,7,0,0,0,0,5,0,0,0,0,national
2025,WA,53063,Spokane,549300XCVBRR56D08F03,,35,5,1,0.04,29,6,0,0,0,5,0,0,0,0,national
2025,WA,53063,Spokane,549300ZIQ24V0C88AC41,GTE Federal Credit Union,8,5,0,0.04,8,0,0,0,0,5,0,0,0,0,national
2025,WA,53063,Spokane,C398JSK21YCXWM603F55,"Barrington Bank & Trust Company, National Association",6,5,0,0.04,4,0,2,0,0,4,0,1,0,0,national
2025,WA,53063,Spokane,CKVBED0S4DMLKJJ5XH28,Stifel Bank and Trust,5,5,0,0.04,5,0,0,0,0,5,0,0,0,0,national
2025,WA,53063,Spokane,2549005Q4HZ55QX7YC64,,5,4,0,0.03,3,2,0,0,0,3,1,0,0,0,national
2025,WA,53063,Spokane,54930001NSTOD85LT125,"GUARANTEED RATE AFFINITY, LLC",4,4,0,0.03,3,0,1,0,0,3,0,1,0,0,national
2025,WA,53063,Spokane,54930007KK7ZS3IJVC25,RED CANOE CREDIT UNION,8,4,0,0.03,8,0,0,0,0,4,0,0,0,0,national
2025,WA,53063,Spokane,5493001GDRY0EL7VG372,"ARK-LA-TEX FINANCIAL SERVICES, LLC.",6,4,1,0.03,3,0,3,0,0,2,0,2,0,0,national
2025,WA,53063,Spokane,5493008NWHQT1R22C024,"AMERICAN FINANCIAL NETWORK, INC.",7,4,2,0.03,1,3,3,0,0,1,1,2,0,0,national
2025,WA,53063,Spokane,549300KTR1JGH3K6LU06,FOURLEAF,14,4,5,0.03,14,0,0,0,0,4,0,0,0,0,national
2025,WA,53063,Spokane,549300KX4S1573HISS22,,4,4,0,0.03,4,0,0,0,0,4,0,0,0,0,national
2025,WA,53063,Spokane,549300LZUXCJFE5ONM48,,6,4,1,0.03,0,6,0,0,0,0,4,0,0,0,national
2025,WA,53063,Spokane,549300NFPC3Y4W3Y7R87,,8,4,0,0.03,2,6,0,0,0,1,3,0,0,0,national
2025,WA,53063,Spokane,549300UG7QXKM7KGV847,,6,4,0,0.03,6,0,0,0,0,4,0,0,0,0,national
2025,WA,53063,Spokane,549300Y5Y88FQLI7VE83,DEEPHAVEN MORTGAGE LLC,8,4,3,0.03,8,0,0,0,0,4,0,0,0,0,national
2025,WA,53063,Spokane,8WH0EE09O9V05QJZ3V89,"Zions Bancorporation, N.A.",5,4,0,0.03,5,0,0,0,0,4,0,0,0,0,national
2025,WA,53063,Spokane,98450087981AP406JG03,CONVENTUS LLC,5,4,0,0.03,5,0,0,0,0,4,0,0,0,0,national
2025,WA,53063,Spokane,IUGPUX5LWRZ3B6KIZ697,Ameris Bank,4,4,0,0.03,2,0,2,0,0,2,0,2,0,0,national
2025,WA,53063,Spokane,254900BMXWPEHXG4LF21,,3,3,0,0.02,2,1,0,0,0,2,1,0,0,0,national
2025,WA,53063,Spokane,254900N49YI2HHKDPS92,IQ Credit Union,4,3,1,0.02,4,0,0,0,0,3,0,0,0,0,national
2025,WA,53063,Spokane,254900NZOY3XB2DNSZ34,,3,3,0,0.02,3,0,0,0,0,3,0,0,0,0,national
2025,WA,53063,Spokane,254900O28OG3UMHXQY81,,3,3,0,0.02,2,1,0,0,0,2,1,0,0,0,national
2025,WA,53063,Spokane,254900RUCO27MVGTO768,LOAN FUNDER LLC,8,3,0,0.02,8,0,0,0,0,3,0,0,0,0,national
2025,WA,53063,Spokane,5493000IIYWBLONJVJ30,,6,3,1,0.02,3,3,0,0,0,1,2,0,0,0,national
2025,WA,53063,Spokane,54930021QRU8VXNS6152,Sound Credit Union,4,3,0,0.02,4,0,0,0,0,3,0,0,0,0,national
2025,WA,53063,Spokane,5493004RLLKTQS8K7U51,,4,3,1,0.02,4,0,0,0,0,3,0,0,0,0,national
2025,WA,53063,Spokane,5493007Z7FTUKQGFMZ98,,3,3,0,0.02,3,0,0,0,0,3,0,0,0,0,national
2025,WA,53063,Spokane,5493009QB0KBU5M6NP90,,6,3,0,0.02,6,0,0,0,0,3,0,0,0,0,national
2025,WA,53063,Spokane,549300FWQNRPTKXB8G79,,3,3,0,0.02,2,1,0,0,0,2,1,0,0,0,national
2025,WA,53063,Spokane,549300GQDT484LGI9C04,,15,3,4,0.02,11,3,1,0,0,3,0,0,0,0,national
2025,WA,53063,Spokane,549300HIVO8XPBPNVG69,NOVA FINANCIAL & INVESTMENT CORPORATION,4,3,0,0.02,2,2,0,0,0,1,2,0,0,0,national
2025,WA,53063,Spokane,549300JYXTZDSPJEPI44,"PLAZA HOME MORTGAGE, INC.",4,3,0,0.02,2,2,0,0,0,2,1,0,0,0,national
2025,WA,53063,Spokane,549300MUXFVZKH4XLG17,,5,3,0,0.02,3,1,1,0,0,3,0,0,0,0,national
2025,WA,53063,Spokane,549300PC4MFWQBNVKG88,"V.I.P. MORTGAGE, INC.",3,3,0,0.02,3,0,0,0,0,3,0,0,0,0,national
2025,WA,53063,Spokane,549300QVGK8WC4HQ3C28,,3,3,0,0.02,1,2,0,0,0,1,2,0,0,0,national
2025,WA,53063,Spokane,549300T7HRS5DVBUPQ06,,4,3,0,0.02,2,2,0,0,0,2,1,0,0,0,national
2025,WA,53063,Spokane,549300TA4MQM8WN2XG31,,3,3,0,0.02,3,0,0,0,0,3,0,0,0,0,national
2025,WA,53063,Spokane,WWB2V0FCW3A0EE3ZJN75,Manufacturers and Traders Trust Company,7,3,2,0.02,4,1,2,0,0,2,0,1,0,0,national
2025,WA,53063,Spokane,254900114YHTRFBALC74,,2,2,0,0.01,2,0,0,0,0,2,0,0,0,0,national
2025,WA,53063,Spokane,2549004Z576VEJBK3N72,"NQM FUNDING, LLC",2,2,0,0.01,2,0,0,0,0,2,0,0,0,0,national
2025,WA,53063,Spokane,254900DRSIZBQXDCJ875,,2,2,0,0.01,2,0,0,0,0,2,0,0,0,0,national
2025,WA,53063,Spokane,254900FDPG829O6VBB05,"EASTSIDE FUNDING, LLC",5,2,0,0.01,5,0,0,0,0,2,0,0,0,0,national
2025,WA,53063,Spokane,254900HO9WPE4LTLQU96,,2,2,0,0.01,0,1,1,0,0,0,1,1,0,0,national
2025,WA,53063,Spokane,254900JH11ROOV921P96,,2,2,0,0.01,1,1,0,0,0,1,1,0,0,0,national
2025,WA,53063,Spokane,254900QPRPHIXEAX3L37,,5,2,1,0.01,5,0,0,0,0,2,0,0,0,0,national
2025,WA,53063,Spokane,254900RM3T6WAVE6SA24,,2,2,0,0.01,2,0,0,0,0,2,0,0,0,0,national
2025,WA,53063,Spokane,254900WTZC5SSKIN2M11,,3,2,0,0.01,3,0,0,0,0,2,0,0,0,0,national
2025,WA,53063,Spokane,54930025XJJO3T0M1A92,,5,2,1,0.01,5,0,0,0,0,2,0,0,0,0,national
2025,WA,53063,Spokane,5493002TJKC8NLH1ZP82,,4,2,0,0.01,4,0,0,0,0,2,0,0,0,0,national
2025,WA,53063,Spokane,54930030Z1JWTP3SVD16,,4,2,1,0.01,0,4,0,0,0,0,2,0,0,0,national
2025,WA,53063,Spokane,5493004R423PBPM6A173,,2,2,0,0.01,0,2,0,0,0,0,2,0,0,0,national
2025,WA,53063,Spokane,5493006RIR31ORKYB608,,5,2,1,0.01,3,0,2,0,0,0,0,2,0,0,national
2025,WA,53063,Spokane,5493007CLWQN2S6IZK91,,5,2,1,0.01,1,0,4,0,0,0,0,2,0,0,national
2025,WA,53063,Spokane,54930097J3TUZXBXXE75,,5,2,1,0.01,5,0,0,0,0,2,0,0,0,0,national
2025,WA,53063,Spokane,549300AG10BX85DF5S49,MLD MORTGAGE INC.,2,2,0,0.01,1,1,0,0,0,1,1,0,0,0,national
2025,WA,53063,Spokane,549300COIWXM618UBE82,HomeTrust Bank,2,2,0,0.01,2,0,0,0,0,2,0,0,0,0,national
2025,WA,53063,Spokane,549300DCGBXW5FJMV921,,2,2,0,0.01,1,1,0,0,0,1,1,0,0,0,national
2025,WA,53063,Spokane,549300DRA4BDXW23LD45,,3,2,0,0.01,3,0,0,0,0,2,0,0,0,0,national
2025,WA,53063,Spokane,549300GRGZDEH4ZGQS06,WATERSTONE MORTGAGE CORPORATION,2,2,0,0.01,1,0,1,0,0,1,0,1,0,0,national
2025,WA,53063,Spokane,549300GTVXJ2PGXNLM73,T2 FINANCIAL LLC,4,2,1,0.01,4,0,0,0,0,2,0,0,0,0,national
2025,WA,53063,Spokane,549300IEP77RKJ87Z176,OREGON COMMUNITY,4,2,0,0.01,4,0,0,0,0,2,0,0,0,0,national
2025,WA,53063,Spokane,549300IKS3MMB5YK6T18,,2,2,0,0.01,2,0,0,0,0,2,0,0,0,0,national
2025,WA,53063,Spokane,549300JGMQJ4R419LR70,,3,2,0,0.01,2,1,0,0,0,1,1,0,0,0,national
2025,WA,53063,Spokane,549300KDR80I1ELW8D36,,16,2,4,0.01,16,0,0,0,0,2,0,0,0,0,national
2025,WA,53063,Spokane,549300KSOOZZVXCMA627,ANGEL OAK MORTGAGE SOLUTIONS LLC,7,2,2,0.01,7,0,0,0,0,2,0,0,0,0,national
2025,WA,53063,Spokane,549300KZVCKCUN23YY80,,2,2,0,0.01,2,0,0,0,0,2,0,0,0,0,national
2025,WA,53063,Spokane,549300OPB0G5OMY0SM65,,2,2,0,0.01,2,0,0,0,0,2,0,0,0,0,national
2025,WA,53063,Spokane,549300PBTV7FCWLSMM53,"MORTGAGE SOLUTIONS OF COLORADO, LLC",5,2,0,0.01,0,1,4,0,0,0,0,2,0,0,national
2025,WA,53063,Spokane,549300R4F5COFJE0DN81,,4,2,1,0.01,3,0,1,0,0,2,0,0,0,0,national
2025,WA,53063,Spokane,549300RYTR2RVL4SFJ90,,2,2,0,0.01,2,0,0,0,0,2,0,0,0,0,national
2025,WA,53063,Spokane,549300SCFWZXMDMZPE93,"RESIDENTIAL MORTGAGE, LLC",2,2,0,0.01,1,1,0,0,0,1,1,0,0,0,national
2025,WA,53063,Spokane,549300UB5TJ0YPVPT503,,2,2,0,0.01,1,1,0,0,0,1,1,0,0,0,national
2025,WA,53063,Spokane,549300UBGGLZLZEY0M18,Peak Credit Union,4,2,2,0.01,4,0,0,0,0,2,0,0,0,0,national
2025,WA,53063,Spokane,549300VQUTI5IU7GXT57,SECURITYNATIONAL MORTGAGE COMPANY,4,2,0,0.01,2,2,0,0,0,0,2,0,0,0,national
2025,WA,53063,Spokane,549300YEI60WAHWQ3110,KITSAP Credit Union,3,2,0,0.01,3,0,0,0,0,2,0,0,0,0,national
2025,WA,53063,Spokane,549300YW2UBCMDRMBT48,,2,2,0,0.01,2,0,0,0,0,2,0,0,0,0,national
2025,WA,53063,Spokane,549300ZPSJZO10ZAX556,"AMERICAN HERITAGE LENDING, LLC",4,2,1,0.01,4,0,0,0,0,2,0,0,0,0,national
2025,WA,53063,Spokane,984500CD6F0743B8F530,,2,2,0,0.01,0,1,1,0,0,0,1,1,0,0,national
2025,WA,53063,Spokane,D38AC76TAMYI50NBPX33,,3,2,1,0.01,3,0,0,0,0,2,0,0,0,0,national
2025,WA,53063,Spokane,E57ODZWZ7FF32TWEFA76,"Citibank, National Association",14,2,7,0.01,14,0,0,0,0,2,0,0,0,0,national
2025,WA,53063,Spokane,1IE8VN30JCEQV1H4R804,,2,1,0,0.01,2,0,0,0,0,1,0,0,0,0,national
2025,WA,53063,Spokane,25490018IFQOT83Q7H49,,2,1,0,0.01,2,0,0,0,0,1,0,0,0,0,national
2025,WA,53063,Spokane,2549001IK7UDPADKAG34,,6,1,3,0.01,6,0,0,0,0,1,0,0,0,0,national
2025,WA,53063,Spokane,2549004XJQQPBYQSMT39,,1,1,0,0.01,1,0,0,0,0,1,0,0,0,0,national
2025,WA,53063,Spokane,2549007E9BI08H1N1T92,,2,1,1,0.01,0,0,2,0,0,0,0,1,0,0,national
2025,WA,53063,Spokane,2549008LK3474E9U2888,ONPOINT COMMUNITY CREDIT UNION,1,1,0,0.01,1,0,0,0,0,1,0,0,0,0,national
2025,WA,53063,Spokane,254900A1LV2U6NM10498,,1,1,0,0.01,1,0,0,0,0,1,0,0,0,0,national
2025,WA,53063,Spokane,254900HD4RROQDXNWI45,,1,1,0,0.01,1,0,0,0,0,1,0,0,0,0,national
2025,WA,53063,Spokane,254900HIDMT4ZG09RP47,,1,1,0,0.01,0,0,1,0,0,0,0,1,0,0,national
2025,WA,53063,Spokane,254900QNIR86GUIRYH95,,1,1,0,0.01,1,0,0,0,0,1,0,0,0,0,national
2025,WA,53063,Spokane,254900T37KTTXKCK3416,,1,1,0,0.01,1,0,0,0,0,1,0,0,0,0,national
2025,WA,53063,Spokane,254900V6GCDMRQZ34D96,,1,1,0,0.01,1,0,0,0,0,1,0,0,0,0,national
2025,WA,53063,Spokane,254900VHUBSJJKOMBF27,,1,1,0,0.01,1,0,0,0,0,1,0,0,0,0,national
2025,WA,53063,Spokane,54930002O9LLXKR6TF11,,1,1,0,0.01,1,0,0,0,0,1,0,0,0,0,national
2025,WA,53063,Spokane,5493000BAKE4VAHVCU55,,2,1,0,0.01,2,0,0,0,0,1,0,0,0,0,national
2025,WA,53063,Spokane,5493000H6DFDDJRORG89,,4,1,0,0.01,3,0,1,0,0,1,0,0,0,0,national
2025,WA,53063,Spokane,5493000OM9RKJW8W5K82,,2,1,0,0.01,2,0,0,0,0,1,0,0,0,0,national
2025,WA,53063,Spokane,5493000YNV8IX4VD3X12,"VANDERBILT MORTGAGE AND FINANCE, INC.",6,1,2,0.01,6,0,0,0,0,1,0,0,0,0,national
2025,WA,53063,Spokane,5493001VH4ZJNSI25781,Peoples Bank,3,1,2,0.01,3,0,0,0,0,1,0,0,0,0,national
2025,WA,53063,Spokane,5493001X0T84TYRJ5Y59,,2,1,1,0.01,2,0,0,0,0,1,0,0,0,0,national
2025,WA,53063,Spokane,5493002QRULT2T40BH09,COMMUNITYAMERICA FEDERAL CREDIT UNION,2,1,0,0.01,2,0,0,0,0,1,0,0,0,0,national
2025,WA,53063,Spokane,5493003V40VGM7YDFM54,FIRST COLONY MORTGAGE CORPORATION,1,1,0,0.01,1,0,0,0,0,1,0,0,0,0,national
2025,WA,53063,Spokane,54930048P8RWCQHQM310,,1,1,0,0.01,1,0,0,0,0,1,0,0,0,0,national
2025,WA,53063,Spokane,5493004T38NMC864VL66,,1,1,0,0.01,1,0,0,0,0,1,0,0,0,0,national
2025,WA,53063,Spokane,54930052M48FOD3CWA54,"PRIMARY RESIDENTIAL MORTGAGE, INC.",2,1,0,0.01,1,1,0,0,0,1,0,0,0,0,national
2025,WA,53063,Spokane,5493005F145IP6JL7314,,1,1,0,0.01,1,0,0,0,0,1,0,0,0,0,national
2025,WA,53063,Spokane,5493005PKOSG7MYX0B34,"Prosperity Home Mortgage, LLC",2,1,0,0.01,2,0,0,0,0,1,0,0,0,0,national
2025,WA,53063,Spokane,5493005PT09Z02WXW551,ALKAN MORTGAGE CORPORATION,1,1,0,0.01,1,0,0,0,0,1,0,0,0,0,national
2025,WA,53063,Spokane,5493006P5IHSK77SZ855,,1,1,0,0.01,1,0,0,0,0,1,0,0,0,0,national
2025,WA,53063,Spokane,54930072OCHTUJOZQB56,Liberty Credit Union,1,1,0,0.01,1,0,0,0,0,1,0,0,0,0,national
2025,WA,53063,Spokane,5493007QERYQSQ3QNH02,,4,1,0,0.01,4,0,0,0,0,1,0,0,0,0,national
2025,WA,53063,Spokane,54930080168VA6Z8UX21,TOWER Federal Credit Union,1,1,0,0.01,1,0,0,0,0,1,0,0,0,0,national
2025,WA,53063,Spokane,5493008JECR4UE0WVR04,"MORTGAGE EXPRESS, LLC",2,1,0,0.01,1,0,1,0,0,1,0,0,0,0,national
2025,WA,53063,Spokane,54930091JQKCU3Z6IP44,,28,1,1,0.01,28,0,0,0,0,1,0,0,0,0,national
2025,WA,53063,Spokane,54930095UWUUXAWASB02,"Atlantic Coast Mortgage, LLC",1,1,0,0.01,1,0,0,0,0,1,0,0,0,0,national
2025,WA,53063,Spokane,5493009Y8ROUG903AQ21,,2,1,0,0.01,2,0,0,0,0,1,0,0,0,0,national
2025,WA,53063,Spokane,549300A5HHOL2ED18C72,,2,1,0,0.01,1,1,0,0,0,0,1,0,0,0,national
2025,WA,53063,Spokane,549300AT7EB9FJAF0E61,Old National Bank,1,1,0,0.01,0,0,1,0,0,0,0,1,0,0,national
2025,WA,53063,Spokane,549300CK7U1WMTIG6687,,2,1,0,0.01,0,2,0,0,0,0,1,0,0,0,national
2025,WA,53063,Spokane,549300CLRXFVF83ZL806,"NATIONWIDE MORTGAGE BANKERS, INC.",2,1,0,0.01,1,1,0,0,0,0,1,0,0,0,national
2025,WA,53063,Spokane,549300DU4JZVSGF3G964,,1,1,0,0.01,1,0,0,0,0,1,0,0,0,0,national
2025,WA,53063,Spokane,549300EFCZM6KD6B8K69,MORTGAGE ACCESS CORP.,1,1,0,0.01,1,0,0,0,0,1,0,0,0,0,national
2025,WA,53063,Spokane,549300EHWBP6UP4Y8J37,,1,1,0,0.01,1,0,0,0,0,1,0,0,0,0,national
2025,WA,53063,Spokane,549300F6NSBOJBM9ED39,NuVision Federal Credit Union,1,1,0,0.01,1,0,0,0,0,1,0,0,0,0,national
2025,WA,53063,Spokane,549300F6Y1YO2YXN6135,,1,1,0,0.01,1,0,0,0,0,1,0,0,0,0,national
2025,WA,53063,Spokane,549300FVD3YHE65PKH97,,1,1,0,0.01,0,0,1,0,0,0,0,1,0,0,national
2025,WA,53063,Spokane,549300G5DVGM0ZHRQC33,,1,1,0,0.01,0,0,1,0,0,0,0,1,0,0,national
2025,WA,53063,Spokane,549300GGB04TG4AH1377,,4,1,2,0.01,4,0,0,0,0,1,0,0,0,0,national
2025,WA,53063,Spokane,549300HINJH60UG3KG47,,1,1,0,0.01,1,0,0,0,0,1,0,0,0,0,national
2025,WA,53063,Spokane,549300HRLROF7PLJ6735,CLEAREDGE LENDING LLC,2,1,1,0.01,2,0,0,0,0,1,0,0,0,0,national
2025,WA,53063,Spokane,549300HTMO7FGRKRLV06,"CLIFFCO, INC.",1,1,0,0.01,0,0,1,0,0,0,0,1,0,0,national
2025,WA,53063,Spokane,549300HVW3AI97UKTO72,Wings Financial Credit Union,2,1,1,0.01,2,0,0,0,0,1,0,0,0,0,national
2025,WA,53063,Spokane,549300I0ICF6REKHOC74,"DIRECT MORTGAGE LOANS, LLC",1,1,0,0.01,0,0,1,0,0,0,0,1,0,0,national
2025,WA,53063,Spokane,549300I1HK1BBZLKOB84,,1,1,0,0.01,1,0,0,0,0,1,0,0,0,0,national
2025,WA,53063,Spokane,549300ISCZS1R0CJMO47,,1,1,0,0.01,1,0,0,0,0,1,0,0,0,0,national
2025,WA,53063,Spokane,549300KPBZCTMM3Y0061,,1,1,0,0.01,1,0,0,0,0,1,0,0,0,0,national
2025,WA,53063,Spokane,549300KPHGEE40YQXO21,,3,1,2,0.01,3,0,0,0,0,1,0,0,0,0,national
2025,WA,53063,Spokane,549300KQHWNSVCE2MY88,,1,1,0,0.01,1,0,0,0,0,1,0,0,0,0,national
2025,WA,53063,Spokane,549300LLKEKXL2RM1F61,CONTOUR MORTGAGE CORPORATION,2,1,0,0.01,2,0,0,0,0,1,0,0,0,0,national
2025,WA,53063,Spokane,549300LLQD0X2OTG0Y27,,3,1,2,0.01,1,2,0,0,0,1,0,0,0,0,national
2025,WA,53063,Spokane,549300N3JBQ15RQ7AV97,,1,1,0,0.01,1,0,0,0,0,1,0,0,0,0,national
2025,WA,53063,Spokane,549300O4KTZGM04CCZ47,,2,1,0,0.01,2,0,0,0,0,1,0,0,0,0,national
2025,WA,53063,Spokane,549300OR2C7AGDZFTS24,,1,1,0,0.01,0,0,1,0,0,0,0,1,0,0,national
2025,WA,53063,Spokane,549300OSZK2W0WJYS771,,1,1,0,0.01,1,0,0,0,0,1,0,0,0,0,national
2025,WA,53063,Spokane,549300OYEKEORA1GI088,,1,1,0,0.01,0,0,1,0,0,0,0,1,0,0,national
2025,WA,53063,Spokane,549300QIUZLVR1OLDH55,Genisys Credit Union,3,1,0,0.01,3,0,0,0,0,1,0,0,0,0,national
2025,WA,53063,Spokane,549300RD5IG88VPO6P22,,1,1,0,0.01,1,0,0,0,0,1,0,0,0,0,national
2025,WA,53063,Spokane,549300RM1IZYGQDSNL85,,3,1,0,0.01,2,0,1,0,0,0,0,1,0,0,national
2025,WA,53063,Spokane,549300RYWXR8TL5LIK35,,4,1,0,0.01,1,3,0,0,0,1,0,0,0,0,national
2025,WA,53063,Spokane,549300SQKZC6HESYGO25,,3,1,0,0.01,3,0,0,0,0,1,0,0,0,0,national
2025,WA,53063,Spokane,549300T61O0X0RJMQ375,,2,1,0,0.01,2,0,0,0,0,1,0,0,0,0,national
2025,WA,53063,Spokane,549300TK6RZQSFXZHV09,,3,1,0,0.01,2,0,1,0,0,1,0,0,0,0,national
2025,WA,53063,Spokane,549300TMY3OACQC9U777,,3,1,0,0.01,3,0,0,0,0,1,0,0,0,0,national
2025,WA,53063,Spokane,549300TTK5T7CZ3UJ084,,1,1,0,0.01,1,0,0,0,0,1,0,0,0,0,national
2025,WA,53063,Spokane,549300U8DCOOTG96YM89,,2,1,0,0.01,2,0,0,0,0,1,0,0,0,0,national
2025,WA,53063,Spokane,549300UT4EN6IH579Q63,"RIGHT START MORTGAGE, INC.",1,1,0,0.01,0,1,0,0,0,0,1,0,0,0,national
2025,WA,53063,Spokane,549300UTE20103B0T339,,1,1,0,0.01,0,1,0,0,0,0,1,0,0,0,national
2025,WA,53063,Spokane,549300V1IRRYSYRSPU54,,1,1,0,0.01,1,0,0,0,0,1,0,0,0,0,national
2025,WA,53063,Spokane,549300VJQJVZKJBDWS17,"TOTAL MORTGAGE SERVICES, LLC",1,1,0,0.01,0,1,0,0,0,0,1,0,0,0,national
2025,WA,53063,Spokane,549300VMX06UV1F7NS76,,2,1,0,0.01,0,1,1,0,0,0,1,0,0,0,national
2025,WA,53063,Spokane,549300VVH8HHFMWL8536,,1,1,0,0.01,1,0,0,0,0,1,0,0,0,0,national
2025,WA,53063,Spokane,549300VZDEK4QLTWSL15,,1,1,0,0.01,1,0,0,0,0,1,0,0,0,0,national
2025,WA,53063,Spokane,549300W1HU6IVVIEJ389,"RANLIFE, INC.",2,1,0,0.01,1,1,0,0,0,0,1,0,0,0,national
2025,WA,53063,Spokane,549300WYBPIWKK6SQC06,Bell Bank,1,1,0,0.01,1,0,0,0,0,1,0,0,0,0,national
2025,WA,53063,Spokane,549300XHPPLC0TBRV021,,2,1,0,0.01,2,0,0,0,0,1,0,0,0,0,national
2025,WA,53063,Spokane,549300XRXBA38J60S618,,1,1,0,0.01,0,1,0,0,0,0,1,0,0,0,national
2025,WA,53063,Spokane,549300XWUSRVVOHPRY47,Academy Mortgage Corporation,5,1,1,0.01,5,0,0,0,0,1,0,0,0,0,national
2025,WA,53063,Spokane,549300YPBBHUEKV1YC68,,1,1,0,0.01,0,1,0,0,0,0,1,0,0,0,national
2025,WA,53063,Spokane,5Z1UQ1CWY0DQ3KJWDQ07,,1,1,0,0.01,1,0,0,0,0,1,0,0,0,0,national
2025,WA,53063,Spokane,635400IW1QMK3FNFF894,MERIDIAN BANK,1,1,0,0.01,0,0,1,0,0,0,0,1,0,0,national
2025,WA,53063,Spokane,9845005BP6974AE5D838,,1,1,0,0.01,1,0,0,0,0,1,0,0,0,0,national
2025,WA,53063,Spokane,984500F6E6940CCB6A60,,1,1,0,0.01,1,0,0,0,0,1,0,0,0,0,national
2025,WA,53063,Spokane,DRMSV1Q0EKMEXLAU1P80,"Citizens Bank, National Association",2,1,0,0.01,2,0,0,0,0,1,0,0,0,0,national
2025,WA,53063,Spokane,JJKC32MCHWDI71265Z06,Truist Bank,1,1,0,0.01,0,0,1,0,0,0,0,1,0,0,national
2025,WA,53063,Spokane,WKN6AF1FCL7BBYGTGI83,,1,1,0,0.01,1,0,0,0,0,1,0,0,0,0,national
2025,WA,53063,Spokane,ZXMJHJK466PBZTM5F379,,1,1,0,0.01,1,0,0,0,0,1,0,0,0,0,national
2025,WA,53063,Spokane,5493000WAJ1FMTFL5D75,,9,0,4,0.0,0,0,9,0,0,0,0,0,0,0,national
2025,WA,53065,Stevens,549300TUSRLWD8ETNR90,SPOKANE TEACHERS,222,119,44,11.29,222,0,0,0,0,119,0,0,0,0,national
2025,WA,53065,Stevens,549300FGXN1K3HLB1R50,"Rocket Mortgage, LLC",140,100,26,9.49,109,12,19,0,0,81,9,10,0,0,national
2025,WA,53065,Stevens,549300HW662MN1WU8550,"United Wholesale Mortgage, LLC",98,72,1,6.83,40,14,44,0,0,29,8,35,0,0,national
2025,WA,53065,Stevens,549300715JT4HMT74E48,,69,40,17,3.8,69,0,0,0,0,40,0,0,0,0,national
2025,WA,53065,Stevens,2549008TT6UNYR7AXF54,"Sunflower Bank, National Association",55,38,2,3.61,31,13,10,1,0,22,7,8,1,0,national
2025,WA,53065,Stevens,549300AQ3T62GXDU7D76,GUILD MORTGAGE COMPANY LLC,55,37,3,3.51,42,6,7,0,0,28,4,5,0,0,national
2025,WA,53065,Stevens,549300N52O6FKUCU5G62,NUMERICA CREDIT UNION,57,30,22,2.85,55,2,0,0,0,30,0,0,0,0,national
2025,WA,53065,Stevens,549300E2UX99HKDBR481,"NEW AMERICAN FUNDING, LLC",54,26,2,2.47,35,15,4,0,0,17,7,2,0,0,national
2025,WA,53065,Stevens,5493001B4U37VT2ML818,GESA CREDIT UNION,45,23,12,2.18,44,1,0,0,0,23,0,0,0,0,national
2025,WA,53065,Stevens,549300VZVN841I2ILS84,"CROSSCOUNTRY MORTGAGE, LLC",34,21,1,1.99,13,14,7,0,0,9,7,5,0,0,national
2025,WA,53065,Stevens,549300AG64NHILB7ZP05,"LOANDEPOT.COM, LLC",39,19,8,1.8,27,9,3,0,0,12,4,3,0,0,national
2025,WA,53065,Stevens,549300P2GEYNMH5OQA71,WASHINGTON TRUST BANK,36,19,9,1.8,34,2,0,0,0,18,1,0,0,0,national
2025,WA,53065,Stevens,WE0I402RW25AU38DTI13,Banner Bank,38,19,10,1.8,36,1,1,0,0,18,1,0,0,0,national
2025,WA,53065,Stevens,5493001XKL0FTNOJ0866,,20,18,0,1.71,15,4,1,0,0,13,4,1,0,0,national
2025,WA,53065,Stevens,5493001PXRJMPLXPG540,IDAHO CENTRAL CREDIT UNION,29,16,6,1.52,27,1,1,0,0,16,0,0,0,0,national
2025,WA,53065,Stevens,549300KM40FP4MSQU941,Boeing Employees Credit Union,28,16,7,1.52,27,1,0,0,0,15,1,0,0,0,national
2025,WA,53065,Stevens,7H6GLXDRUGQFU57RNE97,"JPMorgan Chase Bank, National Association",23,16,4,1.52,20,1,2,0,0,14,1,1,0,0,national
2025,WA,53065,Stevens,549300GKFNPRWNS0GF29,"AmeriHome Mortgage Company, LLC",24,15,0,1.42,18,1,5,0,0,12,1,2,0,0,national
2025,WA,53065,Stevens,549300MGPZBLQDIL7538,FAIRWAY INDEPENDENT MORTGAGE CORPORATION,17,13,2,1.23,13,4,0,0,0,10,3,0,0,0,national
2025,WA,53065,Stevens,549300ZWNETGFXTBBY03,"CANOPY MORTGAGE, LLC",19,13,0,1.23,8,8,3,0,0,6,5,2,0,0,national
2025,WA,53065,Stevens,2549004FXPNKCLIN8250,"Synergy One Lending, Inc.",20,12,4,1.14,15,4,1,0,0,9,2,1,0,0,national
2025,WA,53065,Stevens,549300DD5QQUHO6PCH70,"MORTGAGE RESEARCH CENTER, LLC",42,12,11,1.14,3,2,37,0,0,0,0,12,0,0,national
2025,WA,53065,Stevens,549300QKL5FUBZ8LSF50,"NATIONS DIRECT MORTGAGE, LLC",16,12,1,1.14,13,1,2,0,0,11,0,1,0,0,national
2025,WA,53065,Stevens,549300LBCBNR1OT00651,NATIONSTAR MORTGAGE LLC,17,11,2,1.04,14,2,1,0,0,9,1,1,0,0,national
2025,WA,53065,Stevens,549300LYRWPSYPK6S325,FREEDOM MORTGAGE CORPORATION,24,11,2,1.04,4,7,13,0,0,2,5,4,0,0,national
2025,WA,53065,Stevens,6BYL5QZYBDK8S7L73M02,U.S. Bank National Association,19,11,5,1.04,17,0,2,0,0,10,0,1,0,0,national
2025,WA,53065,Stevens,5493000FWM3I2HHQY149,WASHINGTON STATE EMPLOYEES CREDIT UNION,21,10,10,0.95,21,0,0,0,0,10,0,0,0,0,national
2025,WA,53065,Stevens,549300FNXYY540N23N64,Newrez LLC,33,10,4,0.95,13,8,12,0,0,6,1,3,0,0,national
2025,WA,53065,Stevens,549300KIOYNU323LVJ37,AMERICAN PACIFIC MORTGAGE CORPORATION,10,9,0,0.85,8,0,2,0,0,7,0,2,0,0,national
2025,WA,53065,Stevens,549300MZ8VZJOVC63092,"KIND LENDING, LLC",10,8,2,0.76,7,1,1,1,0,5,1,1,1,0,national
2025,WA,53065,Stevens,RVDPPPGHCGZ40J4VQ731,"PENNYMAC LOAN SERVICES, LLC",22,8,6,0.76,18,4,0,0,0,7,1,0,0,0,national
2025,WA,53065,Stevens,54930049L5WINET09Q97,"CLICK N' CLOSE, INC.",8,7,0,0.66,2,6,0,0,0,2,5,0,0,0,national
2025,WA,53065,Stevens,549300DD4R4SYK5RAQ92,"MOVEMENT MORTGAGE, LLC",8,7,0,0.66,8,0,0,0,0,7,0,0,0,0,national
2025,WA,53065,Stevens,549300ESRQ6OLBB56N04,Glacier Bank,16,7,1,0.66,12,2,2,0,0,5,0,2,0,0,national
2025,WA,53065,Stevens,549300PIL8LFAQ04XC20,Better Mortgage Corporation,22,7,12,0.66,22,0,0,0,0,7,0,0,0,0,national
2025,WA,53065,Stevens,549300UXY7OP0IC38293,Northpointe Bank,12,7,1,0.66,11,1,0,0,0,7,0,0,0,0,national
2025,WA,53065,Stevens,549300YIQ7S7Z8PIHE53,AMERISAVE MORTGAGE CORPORATION,32,7,24,0.66,17,10,5,0,0,4,3,0,0,0,national
2025,WA,53065,Stevens,2549001SI0EMFPT39035,"Cornerstone First Mortgage, Inc",9,6,0,0.57,6,2,1,0,0,4,1,1,0,0,national
2025,WA,53065,Stevens,5493003GQDUH26DNNH17,Navy Federal Credit Union,22,6,5,0.57,20,0,2,0,0,6,0,0,0,0,national
2025,WA,53065,Stevens,549300U3721PJGQZYY68,"GUARANTEED RATE, INC.",15,6,0,0.57,12,3,0,0,0,6,0,0,0,0,national
2025,WA,53065,Stevens,HUX2X73FUCYHUVH1BK78,KeyBank National Association,13,6,5,0.57,13,0,0,0,0,6,0,0,0,0,national
2025,WA,53065,Stevens,254900DTLHVWQ7NP7R34,"CMG Mortgage, Inc.",7,5,1,0.47,7,0,0,0,0,5,0,0,0,0,national
2025,WA,53065,Stevens,5493000OOREHUZON5E13,,5,5,0,0.47,5,0,0,0,0,5,0,0,0,0,national
2025,WA,53065,Stevens,549300OPCWU6E72WUT29,"MUTUAL OF OMAHA MORTGAGE, INC.",13,5,3,0.47,4,6,3,0,0,2,2,1,0,0,national
2025,WA,53065,Stevens,549300XQVJ1XBNFA5536,21ST MORTGAGE CORPORATION,24,5,7,0.47,24,0,0,0,0,5,0,0,0,0,national
2025,WA,53065,Stevens,B4TYDEB6GKMZO031MB27,"Bank of America, National Association",14,5,6,0.47,14,0,0,0,0,5,0,0,0,0,national
2025,WA,53065,Stevens,5493000NYUJT9UC6G261,LEADERONE FINANCIAL CORPORATION,4,4,0,0.38,3,0,1,0,0,3,0,1,0,0,national
2025,WA,53065,Stevens,5493001GCBD5XGNIC815,Coastal Community Bank,16,4,0,0.38,16,0,0,0,0,4,0,0,0,0,national
2025,WA,53065,Stevens,54930021WPEXNHYZUL09,"PLANET HOME LENDING, LLC",6,4,2,0.38,0,5,1,0,0,0,3,1,0,0,national
2025,WA,53065,Stevens,549300DK7QID2ZON6Q55,Global Federal Credit Union,8,4,1,0.38,8,0,0,0,0,4,0,0,0,0,national
2025,WA,53065,Stevens,549300J6N77Q8OHYNF23,,4,4,0,0.38,3,1,0,0,0,3,1,0,0,0,national
2025,WA,53065,Stevens,549300NOCASXPA34X033,"LAKEVIEW LOAN SERVICING, LLC",9,4,4,0.38,6,1,2,0,0,3,0,1,0,0,national
2025,WA,53065,Stevens,549300Q3ROEQU3D1IW91,,9,4,2,0.38,9,0,0,0,0,4,0,0,0,0,national
2025,WA,53065,Stevens,549300S5YL3OH0IVCS62,FINANCE OF AMERICA REVERSE LLC,7,4,2,0.38,2,5,0,0,0,1,3,0,0,0,national
2025,WA,53065,Stevens,549300S8TEY5RFIBTE30,,4,4,0,0.38,4,0,0,0,0,4,0,0,0,0,national
2025,WA,53065,Stevens,IFQSIUC9AGQV2NE8CN25,Columbia Bank,11,4,3,0.38,10,0,1,0,0,4,0,0,0,0,national
2025,WA,53065,Stevens,254900N133DZGPB2X985,,3,3,0,0.28,3,0,0,0,0,3,0,0,0,0,national
2025,WA,53065,Stevens,254900TTZ395IC926125,,4,3,0,0.28,4,0,0,0,0,3,0,0,0,0,national
2025,WA,53065,Stevens,254900UL88QFG0E40516,FIGURE LENDING LLC,11,3,7,0.28,11,0,0,0,0,3,0,0,0,0,national
2025,WA,53065,Stevens,54930043BMDE130FJ617,"PROVIDENT FUNDING ASSOCIATES, L.P.",5,3,0,0.28,5,0,0,0,0,3,0,0,0,0,national
2025,WA,53065,Stevens,5493004KGZVI015KO609,,3,3,0,0.28,3,0,0,0,0,3,0,0,0,0,national
2025,WA,53065,Stevens,54930060G4MDPWHISD89,EVERGREEN MONEYSOURCE MORTGAGE COMPANY,6,3,0,0.28,6,0,0,0,0,3,0,0,0,0,national
2025,WA,53065,Stevens,549300B4IYL7TZT8FA34,"PREMIER MORTGAGE RESOURCES, L.L.C.",3,3,0,0.28,2,1,0,0,0,2,1,0,0,0,national
2025,WA,53065,Stevens,549300BLL6VL7AXWYP56,CHURCHILL MORTGAGE CORPORATION,3,3,0,0.28,2,0,1,0,0,2,0,1,0,0,national
2025,WA,53065,Stevens,549300CB67L6KPJLHE19,"TRIAD FINANCIAL SERVICES, INC.",14,3,5,0.28,14,0,0,0,0,3,0,0,0,0,national
2025,WA,53065,Stevens,549300KDR80I1ELW8D36,,8,3,1,0.28,8,0,0,0,0,3,0,0,0,0,national
2025,WA,53065,Stevens,549300KJ8PAJ7E52HG32,Plains Commerce Bank,4,3,1,0.28,1,3,0,0,0,1,2,0,0,0,national
2025,WA,53065,Stevens,549300MHH03ICJYEPE85,,4,3,0,0.28,0,4,0,0,0,0,3,0,0,0,national
2025,WA,53065,Stevens,549300RFSMIRUODUVW59,First Interstate Bank,3,3,0,0.28,3,0,0,0,0,3,0,0,0,0,national
2025,WA,53065,Stevens,549300RN01LBYR8ZVX74,"LOWER, LLC",4,3,0,0.28,1,0,3,0,0,1,0,2,0,0,national
2025,WA,53065,Stevens,549300S5FVOSK5DQJN30,INTERCAP LENDING INC.,5,3,0,0.28,5,0,0,0,0,3,0,0,0,0,national
2025,WA,53065,Stevens,549300VORTI31GZTJL53,"CARDINAL FINANCIAL COMPANY, LIMITED PARTNERSHIP",4,3,1,0.28,1,2,1,0,0,1,1,1,0,0,national
2025,WA,53065,Stevens,C398JSK21YCXWM603F55,"Barrington Bank & Trust Company, National Association",4,3,0,0.28,3,0,1,0,0,2,0,1,0,0,national
2025,WA,53065,Stevens,KB1H1DSPRFMYMCUFXT09,"Wells Fargo Bank, National Association",8,3,1,0.28,8,0,0,0,0,3,0,0,0,0,national
2025,WA,53065,Stevens,X05BVSK68TQ7YTOSNR22,Discover Bank,11,3,5,0.28,11,0,0,0,0,3,0,0,0,0,national
2025,WA,53065,Stevens,254900ZFWS2106HWPH46,"PARAMOUNT RESIDENTIAL MORTGAGE GROUP, INC.",4,2,1,0.19,3,0,1,0,0,1,0,1,0,0,national
2025,WA,53065,Stevens,3Y4U8VZURTYWI1W2K376,BMO Bank National Association,3,2,1,0.19,3,0,0,0,0,2,0,0,0,0,national
2025,WA,53065,Stevens,5493001WHVQBGRSWEU75,"HOMEBRIDGE FINANCIAL SERVICES, INC.",3,2,0,0.19,3,0,0,0,0,2,0,0,0,0,national
2025,WA,53065,Stevens,5493002B2WMHY23GFK92,"AMERICAN FINANCIAL RESOURCES, INC.",2,2,0,0.19,2,0,0,0,0,2,0,0,0,0,national
2025,WA,53065,Stevens,549300323EON4W3CCM44,"RESICENTRAL, LLC",2,2,0,0.19,1,1,0,0,0,1,1,0,0,0,national
2025,WA,53065,Stevens,5493003T5D4N1CM46J77,1st Security Bank of Washington,6,2,1,0.19,5,1,0,0,0,1,1,0,0,0,national
2025,WA,53065,Stevens,5493008VVXQIDO1EZ460,"SUMMIT FUNDING, INC.",3,2,0,0.19,2,1,0,0,0,2,0,0,0,0,national
2025,WA,53065,Stevens,549300ALNLUNS3Y53T24,AMERICAN FINANCING CORPORATION,12,2,6,0.19,7,5,0,0,0,1,1,0,0,0,national
2025,WA,53065,Stevens,549300CY7WNAHKHYSJ73,"CORNERSTONE CAPITAL BANK, SSB",2,2,0,0.19,2,0,0,0,0,2,0,0,0,0,national
2025,WA,53065,Stevens,549300DCGBXW5FJMV921,,2,2,0,0.19,2,0,0,0,0,2,0,0,0,0,national
2025,WA,53065,Stevens,549300GS6ONO04ORI292,,3,2,1,0.19,0,3,0,0,0,0,2,0,0,0,national
2025,WA,53065,Stevens,549300K4ZLGS7SRDTL86,Equity Prime Mortgage LLC,5,2,0,0.19,2,2,1,0,0,1,1,0,0,0,national
2025,WA,53065,Stevens,549300PL267CW8182203,,2,2,0,0.19,0,0,2,0,0,0,0,2,0,0,national
2025,WA,53065,Stevens,549300R9S3MVDV4MGF56,"CARRINGTON MORTGAGE SERVICES, LLC",6,2,0,0.19,4,1,1,0,0,1,0,1,0,0,national
2025,WA,53065,Stevens,549300RFLICNI75BG067,Luminate Bank,3,2,1,0.19,2,1,0,0,0,1,1,0,0,0,national
2025,WA,53065,Stevens,549300SUCQ1358EGVE89,"NEW DAY FINANCIAL, LLC",12,2,3,0.19,0,3,9,0,0,0,0,2,0,0,national
2025,WA,53065,Stevens,549300VCMRO4ST680C11,VILLAGE CAPITAL & INVESTMENT LLC,7,2,2,0.19,0,1,6,0,0,0,0,2,0,0,national
2025,WA,53065,Stevens,C5654JQHZUHN0772B561,USAA Federal Savings Bank,3,2,0,0.19,0,0,3,0,0,0,0,2,0,0,national
2025,WA,53065,Stevens,D38AC76TAMYI50NBPX33,,4,2,0,0.19,4,0,0,0,0,2,0,0,0,0,national
2025,WA,53065,Stevens,213800XR2TCBQJSF1X93,,3,1,1,0.09,1,1,1,0,0,1,0,0,0,0,national
2025,WA,53065,Stevens,2549005SIVTHG14U2905,A&D Mortgage LLC,2,1,1,0.09,2,0,0,0,0,1,0,0,0,0,national
2025,WA,53065,Stevens,25490066WMF8ZMQXQB18,"Lendage, LLC",3,1,2,0.09,3,0,0,0,0,1,0,0,0,0,national
2025,WA,53065,Stevens,2549008LK3474E9U2888,ONPOINT COMMUNITY CREDIT UNION,3,1,2,0.09,3,0,0,0,0,1,0,0,0,0,national
2025,WA,53065,Stevens,254900IEGKUDRDS23V26,,1,1,0,0.09,1,0,0,0,0,1,0,0,0,0,national
2025,WA,53065,Stevens,254900N49YI2HHKDPS92,IQ Credit Union,1,1,0,0.09,1,0,0,0,0,1,0,0,0,0,national
2025,WA,53065,Stevens,254900QPRPHIXEAX3L37,,1,1,0,0.09,1,0,0,0,0,1,0,0,0,0,national
2025,WA,53065,Stevens,254900TG14TB8RKS3U42,,1,1,0,0.09,0,0,1,0,0,0,0,1,0,0,national
2025,WA,53065,Stevens,254900WEP08K7U7S3A80,,1,1,0,0.09,0,0,1,0,0,0,0,1,0,0,national
2025,WA,53065,Stevens,2WHM8VNJH63UN14OL754,The Huntington National Bank,1,1,0,0.09,1,0,0,0,0,1,0,0,0,0,national
2025,WA,53065,Stevens,54930007KK7ZS3IJVC25,RED CANOE CREDIT UNION,1,1,0,0.09,1,0,0,0,0,1,0,0,0,0,national
2025,WA,53065,Stevens,5493000OM9RKJW8W5K82,,1,1,0,0.09,1,0,0,0,0,1,0,0,0,0,national
2025,WA,53065,Stevens,549300121SF0K2LN2804,"PRIMELENDING, A PLAINSCAPITAL COMPANY",1,1,0,0.09,1,0,0,0,0,1,0,0,0,0,national
2025,WA,53065,Stevens,5493001SXWZ4OFP8Z903,"DHI MORTGAGE COMPANY, LTD.",1,1,0,0.09,1,0,0,0,0,1,0,0,0,0,national
2025,WA,53065,Stevens,54930022CQGV47Q8PM03,,1,1,0,0.09,0,0,1,0,0,0,0,1,0,0,national
2025,WA,53065,Stevens,54930030Z1JWTP3SVD16,,1,1,0,0.09,0,1,0,0,0,0,1,0,0,0,national
2025,WA,53065,Stevens,54930044OSTKOJMHF287,"Capital Bank, National Association",1,1,0,0.09,1,0,0,0,0,1,0,0,0,0,national
2025,WA,53065,Stevens,54930054ET8KM4O1D485,"SOFI BANK, NATIONAL ASSOCIATION",4,1,0,0.09,4,0,0,0,0,1,0,0,0,0,national
2025,WA,53065,Stevens,5493005F145IP6JL7314,,1,1,0,0.09,1,0,0,0,0,1,0,0,0,0,national
2025,WA,53065,Stevens,5493006S869XKIESMV41,Mountain America Federal Credit Union,1,1,0,0.09,1,0,0,0,0,1,0,0,0,0,national
2025,WA,53065,Stevens,5493006VAGP3GQ8FJT49,"Kiavi Funding, Inc.",1,1,0,0.09,1,0,0,0,0,1,0,0,0,0,national
2025,WA,53065,Stevens,54930097J3TUZXBXXE75,,3,1,1,0.09,3,0,0,0,0,1,0,0,0,0,national
2025,WA,53065,Stevens,549300BDHZAV4ZQHQV19,GOLDENWEST,1,1,0,0.09,1,0,0,0,0,1,0,0,0,0,national
2025,WA,53065,Stevens,549300DNWSJUNAWUM003,,1,1,0,0.09,1,0,0,0,0,1,0,0,0,0,national
2025,WA,53065,Stevens,549300DRA4BDXW23LD45,,1,1,0,0.09,1,0,0,0,0,1,0,0,0,0,national
2025,WA,53065,Stevens,549300FX7K8PTEQUU487,PENTAGON FEDERAL CREDIT UNION,4,1,3,0.09,3,0,1,0,0,1,0,0,0,0,national
2025,WA,53065,Stevens,549300HVW3AI97UKTO72,Wings Financial Credit Union,1,1,0,0.09,1,0,0,0,0,1,0,0,0,0,national
2025,WA,53065,Stevens,549300J7I82PNDVU8H22,"OCMBC, INC.",1,1,0,0.09,1,0,0,0,0,1,0,0,0,0,national
2025,WA,53065,Stevens,549300K6K2IS7FRS7S09,,1,1,0,0.09,1,0,0,0,0,1,0,0,0,0,national
2025,WA,53065,Stevens,549300LZUXCJFE5ONM48,,1,1,0,0.09,0,1,0,0,0,0,1,0,0,0,national
2025,WA,53065,Stevens,549300MCIFZSDHUT8X63,"NFM, INC.",3,1,1,0.09,2,0,1,0,0,1,0,0,0,0,national
2025,WA,53065,Stevens,549300O5WDIJU8S7OI05,"Stride Bank, National Association",1,1,0,0.09,0,0,1,0,0,0,0,1,0,0,national
2025,WA,53065,Stevens,549300PQLK8E48ILXV41,,1,1,0,0.09,1,0,0,0,0,1,0,0,0,0,national
2025,WA,53065,Stevens,549300RA3E0BUFO7YZ21,"Hometown Equity Mortgage, LLC",2,1,1,0.09,2,0,0,0,0,1,0,0,0,0,national
2025,WA,53065,Stevens,549300SK2GVCQXPD4S58,"SUN WEST MORTGAGE COMPANY, INC.",5,1,1,0.09,1,1,3,0,0,0,0,1,0,0,national
2025,WA,53065,Stevens,549300T94GSH3C4U5M59,ALLIANT CREDIT UNION,3,1,1,0.09,3,0,0,0,0,1,0,0,0,0,national
2025,WA,53065,Stevens,549300T9P3WXNMXX0I34,Ixonia Bank,1,1,0,0.09,1,0,0,0,0,1,0,0,0,0,national
2025,WA,53065,Stevens,549300UB5TJ0YPVPT503,,1,1,0,0.09,1,0,0,0,0,1,0,0,0,0,national
2025,WA,53065,Stevens,549300UG7QXKM7KGV847,,2,1,1,0.09,1,1,0,0,0,1,0,0,0,0,national
2025,WA,53065,Stevens,549300UR5AOWTJJ7KZ64,,1,1,0,0.09,1,0,0,0,0,1,0,0,0,0,national
2025,WA,53065,Stevens,549300YEI60WAHWQ3110,KITSAP Credit Union,5,1,2,0.09,5,0,0,0,0,1,0,0,0,0,national
2025,WA,53065,Stevens,549300YN94MOAVYW0F52,"GoodLeap, LLC",4,1,1,0.09,2,1,1,0,0,1,0,0,0,0,national
2025,WA,53065,Stevens,549300ZZME37MXI1EF14,"DAS ACQUISITION COMPANY, LLC",1,1,0,0.09,1,0,0,0,0,1,0,0,0,0,national
2025,WA,53065,Stevens,AD6GFRVSDT01YPT1CS68,"PNC Bank, National Association",3,1,1,0.09,3,0,0,0,0,1,0,0,0,0,national
2025,WA,53065,Stevens,549300BX448ALT10FI43,The Federal Savings Bank,7,0,2,0.0,0,0,7,0,0,0,0,0,0,0,national
2025,WA,53065,Stevens,549300XCVBRR56D08F03,,5,0,0,0.0,5,0,0,0,0,0,0,0,0,0,national
2025,WA,53065,Stevens,549300XY701IELCE5Q08,BETTER MORTGAGE CORPORATION,10,0,3,0.0,9,1,0,0,0,0,0,0,0,0,national
2025,WA,53067,Thurston,5493000FWM3I2HHQY149,WASHINGTON STATE EMPLOYEES CREDIT UNION,1187,687,395,8.84,1158,24,5,0,0,674,11,2,0,0,national
2025,WA,53067,Thurston,549300HW662MN1WU8550,"United Wholesale Mortgage, LLC",717,545,76,7.01,272,86,358,1,0,213,60,271,1,0,national
2025,WA,53067,Thurston,549300AQ3T62GXDU7D76,GUILD MORTGAGE COMPANY LLC,744,537,19,6.91,497,105,142,0,0,354,71,112,0,0,national
2025,WA,53067,Thurston,549300FGXN1K3HLB1R50,"Rocket Mortgage, LLC",710,525,106,6.76,498,59,153,0,0,380,34,111,0,0,national
2025,WA,53067,Thurston,549300VZVN841I2ILS84,"CROSSCOUNTRY MORTGAGE, LLC",400,286,8,3.68,160,65,175,0,0,111,39,136,0,0,national
2025,WA,53067,Thurston,549300UBGGLZLZEY0M18,Peak Credit Union,486,283,130,3.64,486,0,0,0,0,283,0,0,0,0,national
2025,WA,53067,Thurston,549300DD4R4SYK5RAQ92,"MOVEMENT MORTGAGE, LLC",358,276,8,3.55,276,40,42,0,0,209,30,37,0,0,national
2025,WA,53067,Thurston,549300ML3H1LUVR1FP75,,374,238,52,3.06,374,0,0,0,0,238,0,0,0,0,national
2025,WA,53067,Thurston,549300KM40FP4MSQU941,Boeing Employees Credit Union,383,224,94,2.88,380,3,0,0,0,223,1,0,0,0,national
2025,WA,53067,Thurston,549300FNXYY540N23N64,Newrez LLC,415,211,42,2.72,173,55,187,0,0,78,27,106,0,0,national
2025,WA,53067,Thurston,549300GKFNPRWNS0GF29,"AmeriHome Mortgage Company, LLC",215,151,4,1.94,120,33,54,8,0,83,21,39,8,0,national
2025,WA,53067,Thurston,5493003GQDUH26DNNH17,Navy Federal Credit Union,314,149,76,1.92,239,0,75,0,0,106,0,43,0,0,national
2025,WA,53067,Thurston,549300DD5QQUHO6PCH70,"MORTGAGE RESEARCH CENTER, LLC",315,149,47,1.92,10,1,304,0,0,4,1,144,0,0,national
2025,WA,53067,Thurston,RVDPPPGHCGZ40J4VQ731,"PENNYMAC LOAN SERVICES, LLC",248,139,21,1.79,146,25,77,0,0,85,9,45,0,0,national
2025,WA,53067,Thurston,2549008GIE3QVYB2FT28,,191,131,20,1.69,191,0,0,0,0,131,0,0,0,0,national
2025,WA,53067,Thurston,54930060G4MDPWHISD89,EVERGREEN MONEYSOURCE MORTGAGE COMPANY,162,123,2,1.58,121,26,15,0,0,93,20,10,0,0,national
2025,WA,53067,Thurston,549300LYRWPSYPK6S325,FREEDOM MORTGAGE CORPORATION,287,120,25,1.54,20,60,207,0,0,5,26,89,0,0,national
2025,WA,53067,Thurston,549300MGPZBLQDIL7538,FAIRWAY INDEPENDENT MORTGAGE CORPORATION,163,116,5,1.49,97,27,37,2,0,71,17,26,2,0,national
2025,WA,53067,Thurston,5493001SXWZ4OFP8Z903,"DHI MORTGAGE COMPANY, LTD.",130,95,12,1.22,82,10,38,0,0,61,9,25,0,0,national
2025,WA,53067,Thurston,549300U3721PJGQZYY68,"GUARANTEED RATE, INC.",129,86,5,1.11,58,14,57,0,0,36,10,40,0,0,national
2025,WA,53067,Thurston,B4TYDEB6GKMZO031MB27,"Bank of America, National Association",169,79,45,1.02,169,0,0,0,0,79,0,0,0,0,national
2025,WA,53067,Thurston,549300LBCBNR1OT00651,NATIONSTAR MORTGAGE LLC,105,74,13,0.95,83,6,16,0,0,64,1,9,0,0,national
2025,WA,53067,Thurston,254900DTLHVWQ7NP7R34,"CMG Mortgage, Inc.",107,73,11,0.94,99,5,3,0,0,66,4,3,0,0,national
2025,WA,53067,Thurston,254900ZFWS2106HWPH46,"PARAMOUNT RESIDENTIAL MORTGAGE GROUP, INC.",89,66,1,0.85,43,18,28,0,0,34,10,22,0,0,national
2025,WA,53067,Thurston,549300AG64NHILB7ZP05,"LOANDEPOT.COM, LLC",106,62,29,0.8,75,15,16,0,0,45,7,10,0,0,national
2025,WA,53067,Thurston,549300E2UX99HKDBR481,"NEW AMERICAN FUNDING, LLC",121,62,9,0.8,70,30,21,0,0,41,12,9,0,0,national
2025,WA,53067,Thurston,549300AG10BX85DF5S49,MLD MORTGAGE INC.,67,56,0,0.72,35,15,17,0,0,27,14,15,0,0,national
2025,WA,53067,Thurston,6BYL5QZYBDK8S7L73M02,U.S. Bank National Association,97,54,30,0.69,95,1,1,0,0,53,0,1,0,0,national
2025,WA,53067,Thurston,549300PIL8LFAQ04XC20,Better Mortgage Corporation,156,52,81,0.67,156,0,0,0,0,52,0,0,0,0,national
2025,WA,53067,Thurston,7H6GLXDRUGQFU57RNE97,"JPMorgan Chase Bank, National Association",75,51,3,0.66,68,3,4,0,0,47,0,4,0,0,national
2025,WA,53067,Thurston,5493003T5D4N1CM46J77,1st Security Bank of Washington,62,47,6,0.6,53,6,3,0,0,39,5,3,0,0,national
2025,WA,53067,Thurston,IFQSIUC9AGQV2NE8CN25,Columbia Bank,66,45,8,0.58,64,1,1,0,0,44,1,0,0,0,national
2025,WA,53067,Thurston,254900FDPG829O6VBB05,"EASTSIDE FUNDING, LLC",48,44,0,0.57,48,0,0,0,0,44,0,0,0,0,national
2025,WA,53067,Thurston,54930021QRU8VXNS6152,Sound Credit Union,83,43,19,0.55,81,0,2,0,0,42,0,1,0,0,national
2025,WA,53067,Thurston,54930083D8Q8RK84Y448,,67,40,2,0.51,64,0,3,0,0,39,0,1,0,0,national
2025,WA,53067,Thurston,2549001SI0EMFPT39035,"Cornerstone First Mortgage, Inc",53,39,1,0.5,28,13,12,0,0,18,10,11,0,0,national
2025,WA,53067,Thurston,549300OPCWU6E72WUT29,"MUTUAL OF OMAHA MORTGAGE, INC.",57,38,8,0.49,20,15,22,0,0,15,9,14,0,0,national
2025,WA,53067,Thurston,549300PL8ER6H23P0Z91,BAY EQUITY LLC,54,38,1,0.49,32,6,16,0,0,21,4,13,0,0,national
2025,WA,53067,Thurston,HUX2X73FUCYHUVH1BK78,KeyBank National Association,65,36,21,0.46,64,0,1,0,0,35,0,1,0,0,national
2025,WA,53067,Thurston,254900MKY47WU65N1J56,,46,35,1,0.45,46,0,0,0,0,35,0,0,0,0,national
2025,WA,53067,Thurston,254900UL88QFG0E40516,FIGURE LENDING LLC,74,35,25,0.45,74,0,0,0,0,35,0,0,0,0,national
2025,WA,53067,Thurston,54930021WPEXNHYZUL09,"PLANET HOME LENDING, LLC",44,35,3,0.45,14,10,20,0,0,11,8,16,0,0,national
2025,WA,53067,Thurston,549300CB67L6KPJLHE19,"TRIAD FINANCIAL SERVICES, INC.",70,35,22,0.45,70,0,0,0,0,35,0,0,0,0,national
2025,WA,53067,Thurston,549300RFLICNI75BG067,Luminate Bank,39,32,0,0.41,20,4,15,0,0,18,3,11,0,0,national
2025,WA,53067,Thurston,549300NOCASXPA34X033,"LAKEVIEW LOAN SERVICING, LLC",102,31,43,0.4,47,15,40,0,0,17,3,11,0,0,national
2025,WA,53067,Thurston,549300UB5TJ0YPVPT503,,33,30,2,0.39,20,7,6,0,0,17,7,6,0,0,national
2025,WA,53067,Thurston,549300Z2B4FHRYOXTS09,,50,30,17,0.39,50,0,0,0,0,30,0,0,0,0,national
2025,WA,53067,Thurston,C5654JQHZUHN0772B561,USAA Federal Savings Bank,59,29,16,0.37,15,0,44,0,0,8,0,21,0,0,national
2025,WA,53067,Thurston,KB1H1DSPRFMYMCUFXT09,"Wells Fargo Bank, National Association",44,29,3,0.37,41,2,1,0,0,27,1,1,0,0,national
2025,WA,53067,Thurston,01KWVG908KE7RKPTNP46,HomeStreet Bank,39,28,4,0.36,31,4,4,0,0,22,3,3,0,0,national
2025,WA,53067,Thurston,54930028J11BWKUVGX50,,51,28,13,0.36,51,0,0,0,0,28,0,0,0,0,national
2025,WA,53067,Thurston,549300MZ8VZJOVC63092,"KIND LENDING, LLC",48,28,14,0.36,30,5,12,1,0,16,2,9,1,0,national
2025,WA,53067,Thurston,54930054ET8KM4O1D485,"SOFI BANK, NATIONAL ASSOCIATION",76,25,5,0.32,73,1,2,0,0,24,0,1,0,0,national
2025,WA,53067,Thurston,5493001GCBD5XGNIC815,Coastal Community Bank,65,24,1,0.31,65,0,0,0,0,24,0,0,0,0,national
2025,WA,53067,Thurston,549300B4IYL7TZT8FA34,"PREMIER MORTGAGE RESOURCES, L.L.C.",33,24,0,0.31,20,9,4,0,0,15,7,2,0,0,national
2025,WA,53067,Thurston,549300UI36AJZ0WZ4U93,"TAYLOR MORRISON HOME FUNDING, INC.",29,23,1,0.3,25,0,4,0,0,20,0,3,0,0,national
2025,WA,53067,Thurston,5493007VW2EU20PZYU97,INSPIRE HOME LOANS INC.,33,22,1,0.28,15,4,14,0,0,8,3,11,0,0,national
2025,WA,53067,Thurston,549300R9S3MVDV4MGF56,"CARRINGTON MORTGAGE SERVICES, LLC",56,22,24,0.28,21,17,18,0,0,7,8,7,0,0,national
2025,WA,53067,Thurston,549300HIVO8XPBPNVG69,NOVA FINANCIAL & INVESTMENT CORPORATION,26,21,1,0.27,15,5,6,0,0,13,4,4,0,0,national
2025,WA,53067,Thurston,549300T94GSH3C4U5M59,ALLIANT CREDIT UNION,30,21,7,0.27,30,0,0,0,0,21,0,0,0,0,national
2025,WA,53067,Thurston,549300H3IZO24NSOO931,"LENNAR MORTGAGE, LLC",22,20,0,0.26,11,2,9,0,0,10,2,8,0,0,national
2025,WA,53067,Thurston,549300KIOYNU323LVJ37,AMERICAN PACIFIC MORTGAGE CORPORATION,30,20,3,0.26,14,10,4,2,0,10,8,1,1,0,national
2025,WA,53067,Thurston,549300YIQ7S7Z8PIHE53,AMERISAVE MORTGAGE CORPORATION,90,20,57,0.26,52,20,18,0,0,11,5,4,0,0,national
2025,WA,53067,Thurston,549300J6N77Q8OHYNF23,,22,19,1,0.24,16,4,2,0,0,14,3,2,0,0,national
2025,WA,53067,Thurston,25490066WMF8ZMQXQB18,"Lendage, LLC",20,18,0,0.23,20,0,0,0,0,18,0,0,0,0,national
2025,WA,53067,Thurston,54930043BMDE130FJ617,"PROVIDENT FUNDING ASSOCIATES, L.P.",22,17,0,0.22,22,0,0,0,0,17,0,0,0,0,national
2025,WA,53067,Thurston,5493009HUMWCHFRDKF12,SAMMAMISH MORTGAGE COMPANY,26,17,0,0.22,25,0,1,0,0,17,0,0,0,0,national
2025,WA,53067,Thurston,549300ZWNETGFXTBBY03,"CANOPY MORTGAGE, LLC",25,17,0,0.22,10,3,12,0,0,6,2,9,0,0,national
2025,WA,53067,Thurston,549300FX7K8PTEQUU487,PENTAGON FEDERAL CREDIT UNION,23,16,6,0.21,17,0,6,0,0,14,0,2,0,0,national
2025,WA,53067,Thurston,549300QKL5FUBZ8LSF50,"NATIONS DIRECT MORTGAGE, LLC",20,16,0,0.21,8,2,10,0,0,8,1,7,0,0,national
2025,WA,53067,Thurston,549300S5YL3OH0IVCS62,FINANCE OF AMERICA REVERSE LLC,19,16,1,0.21,2,17,0,0,0,1,15,0,0,0,national
2025,WA,53067,Thurston,549300VCMRO4ST680C11,VILLAGE CAPITAL & INVESTMENT LLC,58,16,14,0.21,0,9,49,0,0,0,3,13,0,0,national
2025,WA,53067,Thurston,213800XR2TCBQJSF1X93,,25,15,2,0.19,18,1,6,0,0,11,0,4,0,0,national
2025,WA,53067,Thurston,549300CY7WNAHKHYSJ73,"CORNERSTONE CAPITAL BANK, SSB",24,15,0,0.19,17,0,7,0,0,11,0,4,0,0,national
2025,WA,53067,Thurston,5493001B4U37VT2ML818,GESA CREDIT UNION,22,14,4,0.18,22,0,0,0,0,14,0,0,0,0,national
2025,WA,53067,Thurston,5493008CPTDVOS570626,"Primary Residential Mortgage, Inc.",24,14,6,0.18,24,0,0,0,0,14,0,0,0,0,national
2025,WA,53067,Thurston,549300GTVXJ2PGXNLM73,T2 FINANCIAL LLC,16,14,1,0.18,6,5,5,0,0,6,4,4,0,0,national
2025,WA,53067,Thurston,549300PL267CW8182203,,34,14,1,0.18,3,6,25,0,0,1,3,10,0,0,national
2025,WA,53067,Thurston,5493001WHVQBGRSWEU75,"HOMEBRIDGE FINANCIAL SERVICES, INC.",20,13,4,0.17,15,0,5,0,0,9,0,4,0,0,national
2025,WA,53067,Thurston,549300BX448ALT10FI43,The Federal Savings Bank,43,13,5,0.17,2,1,40,0,0,1,1,11,0,0,national
2025,WA,53067,Thurston,549300RPOGWJRH63HS39,UNION HOME MORTGAGE CORP.,20,13,2,0.17,8,1,11,0,0,6,0,7,0,0,national
2025,WA,53067,Thurston,549300U8DCOOTG96YM89,,21,13,6,0.17,21,0,0,0,0,13,0,0,0,0,national
2025,WA,53067,Thurston,5493000NYUJT9UC6G261,LEADERONE FINANCIAL CORPORATION,17,12,1,0.15,15,0,2,0,0,10,0,2,0,0,national
2025,WA,53067,Thurston,549300DK7QID2ZON6Q55,Global Federal Credit Union,24,12,8,0.15,18,2,4,0,0,8,1,3,0,0,national
2025,WA,53067,Thurston,549300SK2GVCQXPD4S58,"SUN WEST MORTGAGE COMPANY, INC.",23,12,7,0.15,3,4,16,0,0,1,1,10,0,0,national
2025,WA,53067,Thurston,WE0I402RW25AU38DTI13,Banner Bank,30,12,11,0.15,30,0,0,0,0,12,0,0,0,0,national
2025,WA,53067,Thurston,549300323EON4W3CCM44,"RESICENTRAL, LLC",14,11,1,0.14,12,1,1,0,0,9,1,1,0,0,national
2025,WA,53067,Thurston,549300KSOOZZVXCMA627,ANGEL OAK MORTGAGE SOLUTIONS LLC,13,11,1,0.14,13,0,0,0,0,11,0,0,0,0,national
2025,WA,53067,Thurston,PAOOWF3GUFM46FBSP561,,20,11,1,0.14,8,5,7,0,0,5,3,3,0,0,national
2025,WA,53067,Thurston,254900QPRPHIXEAX3L37,,16,10,4,0.13,16,0,0,0,0,10,0,0,0,0,national
2025,WA,53067,Thurston,549300121SF0K2LN2804,"PRIMELENDING, A PLAINSCAPITAL COMPANY",21,10,3,0.13,16,3,2,0,0,7,1,2,0,0,national
2025,WA,53067,Thurston,5493002B2WMHY23GFK92,"AMERICAN FINANCIAL RESOURCES, INC.",15,10,1,0.13,7,4,4,0,0,6,2,2,0,0,national
2025,WA,53067,Thurston,549300370QILXLFUWD20,"ZILLOW HOME LOANS, LLC",16,10,1,0.13,9,2,5,0,0,5,2,3,0,0,national
2025,WA,53067,Thurston,5493006VAGP3GQ8FJT49,"Kiavi Funding, Inc.",15,10,2,0.13,15,0,0,0,0,10,0,0,0,0,national
2025,WA,53067,Thurston,5493008VVXQIDO1EZ460,"SUMMIT FUNDING, INC.",13,10,0,0.13,8,3,2,0,0,6,2,2,0,0,national
2025,WA,53067,Thurston,549300EKFFG3BU8DNX74,NEXERA HOLDING LLC,10,10,0,0.13,10,0,0,0,0,10,0,0,0,0,national
2025,WA,53067,Thurston,549300G4ESSS6M0MEG51,ORIGINPOINT LLC,13,10,1,0.13,9,1,3,0,0,7,0,3,0,0,national
2025,WA,53067,Thurston,549300JYXTZDSPJEPI44,"PLAZA HOME MORTGAGE, INC.",22,10,11,0.13,12,10,0,0,0,5,5,0,0,0,national
2025,WA,53067,Thurston,549300KJ8PAJ7E52HG32,Plains Commerce Bank,16,10,4,0.13,11,2,3,0,0,6,1,3,0,0,national
2025,WA,53067,Thurston,549300Q3ROEQU3D1IW91,,34,10,17,0.13,34,0,0,0,0,10,0,0,0,0,national
2025,WA,53067,Thurston,549300RN01LBYR8ZVX74,"LOWER, LLC",23,10,3,0.13,10,4,9,0,0,6,0,4,0,0,national
2025,WA,53067,Thurston,AD6GFRVSDT01YPT1CS68,"PNC Bank, National Association",19,10,1,0.13,19,0,0,0,0,10,0,0,0,0,national
2025,WA,53067,Thurston,X05BVSK68TQ7YTOSNR22,Discover Bank,56,10,25,0.13,56,0,0,0,0,10,0,0,0,0,national
2025,WA,53067,Thurston,54930049L5WINET09Q97,"CLICK N' CLOSE, INC.",12,9,0,0.12,3,9,0,0,0,3,6,0,0,0,national
2025,WA,53067,Thurston,5493007CLWQN2S6IZK91,,15,9,2,0.12,1,0,14,0,0,1,0,8,0,0,national
2025,WA,53067,Thurston,5493008NWHQT1R22C024,"AMERICAN FINANCIAL NETWORK, INC.",12,9,3,0.12,2,6,4,0,0,0,5,4,0,0,national
2025,WA,53067,Thurston,549300Q50XCC0473FG63,,16,9,2,0.12,16,0,0,0,0,9,0,0,0,0,national
2025,WA,53067,Thurston,549300YN94MOAVYW0F52,"GoodLeap, LLC",25,9,4,0.12,19,4,2,0,0,6,1,2,0,0,national
2025,WA,53067,Thurston,5493002Y5XYV7DV1ZV88,"GOLD STAR MORTGAGE FINANCIAL GROUP, CORPORATION",10,8,0,0.1,7,2,1,0,0,5,2,1,0,0,national
2025,WA,53067,Thurston,549300LROQOOQU77WS20,,13,8,0,0.1,13,0,0,0,0,8,0,0,0,0,national
2025,WA,53067,Thurston,549300PBTV7FCWLSMM53,"MORTGAGE SOLUTIONS OF COLORADO, LLC",12,8,1,0.1,1,1,10,0,0,1,1,6,0,0,national
2025,WA,53067,Thurston,549300R77W0P105C3S50,HOMEXPRESS MORTGAGE CORP.,12,8,4,0.1,10,1,1,0,0,7,0,1,0,0,national
2025,WA,53067,Thurston,549300XHPPLC0TBRV021,,12,8,0,0.1,6,2,4,0,0,4,2,2,0,0,national
2025,WA,53067,Thurston,L9VVX1KT5TFTKS0MLF66,First-Citizens Bank & Trust Company,11,8,1,0.1,11,0,0,0,0,8,0,0,0,0,national
2025,WA,53067,Thurston,5493009B17HXCVXTD608,"JMAC LENDING, INC.",10,7,0,0.09,7,2,1,0,0,5,1,1,0,0,national
2025,WA,53067,Thurston,549300K4ZLGS7SRDTL86,Equity Prime Mortgage LLC,21,7,1,0.09,1,4,16,0,0,0,1,6,0,0,national
2025,WA,53067,Thurston,549300KHXD7JSQUZIJ22,"HIGHLANDS RESIDENTIAL MORTGAGE, LTD.",10,7,0,0.09,8,2,0,0,0,6,1,0,0,0,national
2025,WA,53067,Thurston,549300LZUXCJFE5ONM48,,9,7,2,0.09,0,9,0,0,0,0,7,0,0,0,national
2025,WA,53067,Thurston,549300XY701IELCE5Q08,BETTER MORTGAGE CORPORATION,38,7,12,0.09,33,4,1,0,0,5,1,1,0,0,national
2025,WA,53067,Thurston,549300YEI60WAHWQ3110,KITSAP Credit Union,12,7,4,0.09,11,0,1,0,0,6,0,1,0,0,national
2025,WA,53067,Thurston,2549004FXPNKCLIN8250,"Synergy One Lending, Inc.",9,6,0,0.08,6,0,3,0,0,3,0,3,0,0,national
2025,WA,53067,Thurston,54930007KK7ZS3IJVC25,RED CANOE CREDIT UNION,8,6,1,0.08,8,0,0,0,0,6,0,0,0,0,national
2025,WA,53067,Thurston,5493003Q3L1PO9NBVK64,WHATCOM EDUCATIONAL CREDIT UNION,14,6,5,0.08,14,0,0,0,0,6,0,0,0,0,national
2025,WA,53067,Thurston,5493009QB0KBU5M6NP90,,7,6,1,0.08,7,0,0,0,0,6,0,0,0,0,national
2025,WA,53067,Thurston,549300MCIFZSDHUT8X63,"NFM, INC.",8,6,0,0.08,7,1,0,0,0,5,1,0,0,0,national
2025,WA,53067,Thurston,549300NWBS6MQJX15N44,,11,6,2,0.08,10,0,1,0,0,5,0,1,0,0,national
2025,WA,53067,Thurston,549300SCFWZXMDMZPE93,"RESIDENTIAL MORTGAGE, LLC",8,6,0,0.08,5,1,2,0,0,3,1,2,0,0,national
2025,WA,53067,Thurston,549300SUCQ1358EGVE89,"NEW DAY FINANCIAL, LLC",43,6,10,0.08,0,0,43,0,0,0,0,6,0,0,national
2025,WA,53067,Thurston,549300VZDEK4QLTWSL15,,7,6,0,0.08,7,0,0,0,0,6,0,0,0,0,national
2025,WA,53067,Thurston,549300XQVJ1XBNFA5536,21ST MORTGAGE CORPORATION,35,6,12,0.08,35,0,0,0,0,6,0,0,0,0,national
2025,WA,53067,Thurston,WWB2V0FCW3A0EE3ZJN75,Manufacturers and Traders Trust Company,8,6,0,0.08,0,0,8,0,0,0,0,6,0,0,national
2025,WA,53067,Thurston,254900E6AIE4Z8YQM970,Citadel Servicing Corporation,5,5,0,0.06,5,0,0,0,0,5,0,0,0,0,national
2025,WA,53067,Thurston,254900HEJ9F73IMPX887,,8,5,1,0.06,8,0,0,0,0,5,0,0,0,0,national
2025,WA,53067,Thurston,5493005PKOSG7MYX0B34,"Prosperity Home Mortgage, LLC",10,5,1,0.06,2,0,8,0,0,1,0,4,0,0,national
2025,WA,53067,Thurston,549300GS0W0TEUQS8571,"Morgan Stanley Private Bank, National Association",6,5,0,0.06,6,0,0,0,0,5,0,0,0,0,national
2025,WA,53067,Thurston,549300OYEKEORA1GI088,,5,5,0,0.06,0,0,5,0,0,0,0,5,0,0,national
2025,WA,53067,Thurston,549300Q02LGIN9AXKP98,FIRST TECHNOLOGY FEDERAL CREDIT UNION,8,5,2,0.06,8,0,0,0,0,5,0,0,0,0,national
2025,WA,53067,Thurston,549300TF1E42EUFBSL45,,8,5,0,0.06,8,0,0,0,0,5,0,0,0,0,national
2025,WA,53067,Thurston,549300TUSRLWD8ETNR90,SPOKANE TEACHERS,7,5,1,0.06,7,0,0,0,0,5,0,0,0,0,national
2025,WA,53067,Thurston,549300WJIJV987NXVC31,,9,5,0,0.06,5,3,1,0,0,4,1,0,0,0,national
2025,WA,53067,Thurston,984500U2F9A83N391A91,"CHAMPIONS FUNDING, LLC",7,5,2,0.06,7,0,0,0,0,5,0,0,0,0,national
2025,WA,53067,Thurston,254900N49YI2HHKDPS92,IQ Credit Union,6,4,0,0.05,6,0,0,0,0,4,0,0,0,0,national
2025,WA,53067,Thurston,254900O28OG3UMHXQY81,,7,4,0,0.05,4,1,2,0,0,2,1,1,0,0,national
2025,WA,53067,Thurston,254900P7WLDQD9IUL038,Service Federal Credit Union,5,4,1,0.05,5,0,0,0,0,4,0,0,0,0,national
2025,WA,53067,Thurston,254900TTZ395IC926125,,6,4,0,0.05,6,0,0,0,0,4,0,0,0,0,national
2025,WA,53067,Thurston,254900WTZC5SSKIN2M11,,4,4,0,0.05,4,0,0,0,0,4,0,0,0,0,national
2025,WA,53067,Thurston,2WHM8VNJH63UN14OL754,The Huntington National Bank,5,4,0,0.05,5,0,0,0,0,4,0,0,0,0,national
2025,WA,53067,Thurston,5493004T38NMC864VL66,,4,4,0,0.05,4,0,0,0,0,4,0,0,0,0,national
2025,WA,53067,Thurston,5493008ZTV4S0W9DCX64,,16,4,5,0.05,5,5,6,0,0,2,1,1,0,0,national
2025,WA,53067,Thurston,549300A5HHOL2ED18C72,,5,4,0,0.05,3,2,0,0,0,3,1,0,0,0,national
2025,WA,53067,Thurston,549300P2GEYNMH5OQA71,WASHINGTON TRUST BANK,7,4,0,0.05,7,0,0,0,0,4,0,0,0,0,national
2025,WA,53067,Thurston,549300Q6YL1SFVPEGV90,,10,4,0,0.05,4,3,3,0,0,2,1,1,0,0,national
2025,WA,53067,Thurston,549300RA3E0BUFO7YZ21,"Hometown Equity Mortgage, LLC",8,4,4,0.05,6,2,0,0,0,3,1,0,0,0,national
2025,WA,53067,Thurston,549300T7HRS5DVBUPQ06,,5,4,0,0.05,3,1,1,0,0,2,1,1,0,0,national
2025,WA,53067,Thurston,549300VQUTI5IU7GXT57,SECURITYNATIONAL MORTGAGE COMPANY,4,4,0,0.05,2,1,1,0,0,2,1,1,0,0,national
2025,WA,53067,Thurston,549300XCVBRR56D08F03,,18,4,0,0.05,14,4,0,0,0,3,1,0,0,0,national
2025,WA,53067,Thurston,Q708HHR4LD2B7XIZNO92,First Federal Bank,7,4,0,0.05,2,0,5,0,0,0,0,4,0,0,national
2025,WA,53067,Thurston,2549005SIVTHG14U2905,A&D Mortgage LLC,9,3,2,0.04,8,0,1,0,0,3,0,0,0,0,national
2025,WA,53067,Thurston,2549008LK3474E9U2888,ONPOINT COMMUNITY CREDIT UNION,7,3,2,0.04,7,0,0,0,0,3,0,0,0,0,national
2025,WA,53067,Thurston,2549008TT6UNYR7AXF54,"Sunflower Bank, National Association",4,3,1,0.04,1,1,2,0,0,1,0,2,0,0,national
2025,WA,53067,Thurston,254900IEGKUDRDS23V26,,3,3,0,0.04,3,0,0,0,0,3,0,0,0,0,national
2025,WA,53067,Thurston,254900JH11ROOV921P96,,6,3,1,0.04,2,0,4,0,0,1,0,2,0,0,national
2025,WA,53067,Thurston,254900RQX8N4HXJIDK44,,3,3,0,0.04,3,0,0,0,0,3,0,0,0,0,national
2025,WA,53067,Thurston,254900TG14TB8RKS3U42,,5,3,0,0.04,5,0,0,0,0,3,0,0,0,0,national
2025,WA,53067,Thurston,3Y4U8VZURTYWI1W2K376,BMO Bank National Association,6,3,3,0.04,6,0,0,0,0,3,0,0,0,0,national
2025,WA,53067,Thurston,5493000349C5XXDRQX28,,7,3,0,0.04,3,4,0,0,0,1,2,0,0,0,national
2025,WA,53067,Thurston,5493000YNV8IX4VD3X12,"VANDERBILT MORTGAGE AND FINANCE, INC.",32,3,8,0.04,32,0,0,0,0,3,0,0,0,0,national
2025,WA,53067,Thurston,549300A68YW07V5R5G22,,3,3,0,0.04,3,0,0,0,0,3,0,0,0,0,national
2025,WA,53067,Thurston,549300ALNLUNS3Y53T24,AMERICAN FINANCING CORPORATION,23,3,12,0.04,13,6,4,0,0,2,1,0,0,0,national
2025,WA,53067,Thurston,549300GWD9H4FQ2VR805,,3,3,0,0.04,3,0,0,0,0,3,0,0,0,0,national
2025,WA,53067,Thurston,549300JQALY53TH22D13,,3,3,0,0.04,3,0,0,0,0,3,0,0,0,0,national
2025,WA,53067,Thurston,549300LXKO1O7CSK5J52,"FLAT BRANCH MORTGAGE, INC.",5,3,0,0.04,0,0,5,0,0,0,0,3,0,0,national
2025,WA,53067,Thurston,549300N3JBQ15RQ7AV97,,6,3,0,0.04,6,0,0,0,0,3,0,0,0,0,national
2025,WA,53067,Thurston,549300RD5IG88VPO6P22,,4,3,0,0.04,4,0,0,0,0,3,0,0,0,0,national
2025,WA,53067,Thurston,549300TDBTRK89DZRC13,Fibre Federal Credit Union,5,3,2,0.04,5,0,0,0,0,3,0,0,0,0,national
2025,WA,53067,Thurston,549300VORTI31GZTJL53,"CARDINAL FINANCIAL COMPANY, LIMITED PARTNERSHIP",10,3,3,0.04,9,1,0,0,0,2,1,0,0,0,national
2025,WA,53067,Thurston,549300Y5Y88FQLI7VE83,DEEPHAVEN MORTGAGE LLC,7,3,2,0.04,7,0,0,0,0,3,0,0,0,0,national
2025,WA,53067,Thurston,549300ZBXINP1Y94CN02,,3,3,0,0.04,3,0,0,0,0,3,0,0,0,0,national
2025,WA,53067,Thurston,E57ODZWZ7FF32TWEFA76,"Citibank, National Association",4,3,1,0.04,4,0,0,0,0,3,0,0,0,0,national
2025,WA,53067,Thurston,25490018IFQOT83Q7H49,,2,2,0,0.03,1,1,0,0,0,1,1,0,0,0,national
2025,WA,53067,Thurston,2549001IK7UDPADKAG34,,3,2,1,0.03,3,0,0,0,0,2,0,0,0,0,national
2025,WA,53067,Thurston,2549002VH9C0PKB8K153,,2,2,0,0.03,2,0,0,0,0,2,0,0,0,0,national
2025,WA,53067,Thurston,2549007E9BI08H1N1T92,,2,2,0,0.03,1,0,1,0,0,1,0,1,0,0,national
2025,WA,53067,Thurston,254900BBWJ82FQDQ6823,,3,2,1,0.03,3,0,0,0,0,2,0,0,0,0,national
2025,WA,53067,Thurston,254900CTT87ZKAUTIJ37,,3,2,0,0.03,3,0,0,0,0,2,0,0,0,0,national
2025,WA,53067,Thurston,254900N133DZGPB2X985,,2,2,0,0.03,2,0,0,0,0,2,0,0,0,0,national
2025,WA,53067,Thurston,254900O2K17TNH5CL873,"RF RENOVO MANAGEMENT COMPANY, LLC",2,2,0,0.03,2,0,0,0,0,2,0,0,0,0,national
2025,WA,53067,Thurston,254900T37KTTXKCK3416,,3,2,0,0.03,3,0,0,0,0,2,0,0,0,0,national
2025,WA,53067,Thurston,54930001NSTOD85LT125,"GUARANTEED RATE AFFINITY, LLC",4,2,0,0.03,1,2,1,0,0,0,2,0,0,0,national
2025,WA,53067,Thurston,5493000IIYWBLONJVJ30,,4,2,1,0.03,4,0,0,0,0,2,0,0,0,0,national
2025,WA,53067,Thurston,5493001PXRJMPLXPG540,IDAHO CENTRAL CREDIT UNION,4,2,1,0.03,4,0,0,0,0,2,0,0,0,0,national
2025,WA,53067,Thurston,54930025XJJO3T0M1A92,,3,2,1,0.03,3,0,0,0,0,2,0,0,0,0,national
2025,WA,53067,Thurston,54930030Z1JWTP3SVD16,,4,2,0,0.03,0,4,0,0,0,0,2,0,0,0,national
2025,WA,53067,Thurston,5493005DKMV1IHIM8E20,"Wilmington Savings Fund Society, FSB",2,2,0,0.03,2,0,0,0,0,2,0,0,0,0,national
2025,WA,53067,Thurston,5493009D2COWW65B8673,,2,2,0,0.03,2,0,0,0,0,2,0,0,0,0,national
2025,WA,53067,Thurston,549300AENO88GEUWCZ39,,2,2,0,0.03,0,1,1,0,0,0,1,1,0,0,national
2025,WA,53067,Thurston,549300BLL6VL7AXWYP56,CHURCHILL MORTGAGE CORPORATION,3,2,0,0.03,3,0,0,0,0,2,0,0,0,0,national
2025,WA,53067,Thurston,549300BOXNV8VLRBDT24,,3,2,1,0.03,3,0,0,0,0,2,0,0,0,0,national
2025,WA,53067,Thurston,549300HRLROF7PLJ6735,CLEAREDGE LENDING LLC,5,2,0,0.03,5,0,0,0,0,2,0,0,0,0,national
2025,WA,53067,Thurston,549300IFOE4SCP384147,University Bank,4,2,0,0.03,4,0,0,0,0,2,0,0,0,0,national
2025,WA,53067,Thurston,549300INKSPQCTELMO58,Granite Bank,2,2,0,0.03,2,0,0,0,0,2,0,0,0,0,national
2025,WA,53067,Thurston,549300KX4S1573HISS22,,2,2,0,0.03,2,0,0,0,0,2,0,0,0,0,national
2025,WA,53067,Thurston,549300MHH03ICJYEPE85,,4,2,0,0.03,1,3,0,0,0,1,1,0,0,0,national
2025,WA,53067,Thurston,549300MP3KK77THHQT36,,2,2,0,0.03,2,0,0,0,0,2,0,0,0,0,national
2025,WA,53067,Thurston,549300NFPC3Y4W3Y7R87,,8,2,0,0.03,6,2,0,0,0,0,2,0,0,0,national
2025,WA,53067,Thurston,549300O6Z0I6KYMESL47,AMWEST FUNDING CORP.,5,2,0,0.03,4,0,1,0,0,2,0,0,0,0,national
2025,WA,53067,Thurston,549300PQLK8E48ILXV41,,6,2,2,0.03,6,0,0,0,0,2,0,0,0,0,national
2025,WA,53067,Thurston,549300S5FVOSK5DQJN30,INTERCAP LENDING INC.,2,2,0,0.03,1,1,0,0,0,1,1,0,0,0,national
2025,WA,53067,Thurston,549300UT4EN6IH579Q63,"RIGHT START MORTGAGE, INC.",2,2,0,0.03,1,1,0,0,0,1,1,0,0,0,national
2025,WA,53067,Thurston,549300W45D2J6BT4LX65,,2,2,0,0.03,2,0,0,0,0,2,0,0,0,0,national
2025,WA,53067,Thurston,549300WKFR15017V9850,,2,2,0,0.03,2,0,0,0,0,2,0,0,0,0,national
2025,WA,53067,Thurston,549300XWUSRVVOHPRY47,Academy Mortgage Corporation,7,2,0,0.03,7,0,0,0,0,2,0,0,0,0,national
2025,WA,53067,Thurston,98450087981AP406JG03,CONVENTUS LLC,2,2,0,0.03,2,0,0,0,0,2,0,0,0,0,national
2025,WA,53067,Thurston,B94HV8SXGDD3J5XESU08,,2,2,0,0.03,2,0,0,0,0,2,0,0,0,0,national
2025,WA,53067,Thurston,FT6J43S06X6CLJ0R0B48,Cathay Bank,2,2,0,0.03,2,0,0,0,0,2,0,0,0,0,national
2025,WA,53067,Thurston,IUGPUX5LWRZ3B6KIZ697,Ameris Bank,2,2,0,0.03,0,0,2,0,0,0,0,2,0,0,national
2025,WA,53067,Thurston,SS1TRMSN6BRNMOREEV51,"Flagstar Bank, National Association",7,2,3,0.03,5,1,1,0,0,2,0,0,0,0,national
2025,WA,53067,Thurston,2549004XJQQPBYQSMT39,,1,1,0,0.01,1,0,0,0,0,1,0,0,0,0,national
2025,WA,53067,Thurston,254900BMXWPEHXG4LF21,,2,1,1,0.01,0,2,0,0,0,0,1,0,0,0,national
2025,WA,53067,Thurston,254900FBWEZ3YUPOBN33,,1,1,0,0.01,1,0,0,0,0,1,0,0,0,0,national
2025,WA,53067,Thurston,254900HA4DQWAE0W3342,"AMERIHOME MORTGAGE COMPANY, LLC",2,1,1,0.01,1,1,0,0,0,0,1,0,0,0,national
2025,WA,53067,Thurston,254900J2RKTTDJSUWD76,,1,1,0,0.01,0,1,0,0,0,0,1,0,0,0,national
2025,WA,53067,Thurston,254900LTD432L5CHIZ48,,1,1,0,0.01,1,0,0,0,0,1,0,0,0,0,national
2025,WA,53067,Thurston,254900LX8DA8FRHUUD51,Potlatch No. 1 Financial Credit Union,1,1,0,0.01,1,0,0,0,0,1,0,0,0,0,national
2025,WA,53067,Thurston,254900N6XFQR6TP1WG82,,1,1,0,0.01,1,0,0,0,0,1,0,0,0,0,national
2025,WA,53067,Thurston,254900NZOY3XB2DNSZ34,,1,1,0,0.01,1,0,0,0,0,1,0,0,0,0,national
2025,WA,53067,Thurston,254900RFZH9I62FGU045,"AMERICAN MORTGAGE BANK, INC.",1,1,0,0.01,0,0,1,0,0,0,0,1,0,0,national
2025,WA,53067,Thurston,254900T8N4RLS6G3BF64,,1,1,0,0.01,1,0,0,0,0,1,0,0,0,0,national
2025,WA,53067,Thurston,254900VELJPWWT51WN03,,3,1,0,0.01,3,0,0,0,0,1,0,0,0,0,national
2025,WA,53067,Thurston,254900VHUBSJJKOMBF27,,2,1,0,0.01,2,0,0,0,0,1,0,0,0,0,national
2025,WA,53067,Thurston,254900WEP08K7U7S3A80,,1,1,0,0.01,1,0,0,0,0,1,0,0,0,0,national
2025,WA,53067,Thurston,254900Z8J5L9POS71X51,Oregon State Credit Union,1,1,0,0.01,1,0,0,0,0,1,0,0,0,0,national
2025,WA,53067,Thurston,5493000D6RXLNBZQYA47,COLUMBIA COMMUNITY CREDIT UNION,2,1,1,0.01,2,0,0,0,0,1,0,0,0,0,national
2025,WA,53067,Thurston,5493000H6DFDDJRORG89,,14,1,0,0.01,7,3,4,0,0,0,0,1,0,0,national
2025,WA,53067,Thurston,5493001GDRY0EL7VG372,"ARK-LA-TEX FINANCIAL SERVICES, LLC.",3,1,0,0.01,0,0,3,0,0,0,0,1,0,0,national
2025,WA,53067,Thurston,5493002CAA1SKNHHUI24,,1,1,0,0.01,1,0,0,0,0,1,0,0,0,0,national
2025,WA,53067,Thurston,5493002TJKC8NLH1ZP82,,1,1,0,0.01,0,0,1,0,0,0,0,1,0,0,national
2025,WA,53067,Thurston,5493002WVA17MT4UFH84,,1,1,0,0.01,1,0,0,0,0,1,0,0,0,0,national
2025,WA,53067,Thurston,54930030S6J5KOL5LJ73,FAIRWINDS CREDIT UNION,1,1,0,0.01,1,0,0,0,0,1,0,0,0,0,national
2025,WA,53067,Thurston,5493003V40VGM7YDFM54,FIRST COLONY MORTGAGE CORPORATION,2,1,0,0.01,0,0,2,0,0,0,0,1,0,0,national
2025,WA,53067,Thurston,5493003WLEYGXGNTI654,SELCO COMMUNITY,1,1,0,0.01,1,0,0,0,0,1,0,0,0,0,national
2025,WA,53067,Thurston,5493004RLLKTQS8K7U51,,1,1,0,0.01,1,0,0,0,0,1,0,0,0,0,national
2025,WA,53067,Thurston,54930052M48FOD3CWA54,"PRIMARY RESIDENTIAL MORTGAGE, INC.",1,1,0,0.01,1,0,0,0,0,1,0,0,0,0,national
2025,WA,53067,Thurston,54930059GZZ7G4G40O53,Primis Mortgage Company,1,1,0,0.01,0,0,1,0,0,0,0,1,0,0,national
2025,WA,53067,Thurston,5493005JPZ3LXXMB0S24,"Carrington Mortgage Services, LLC",1,1,0,0.01,1,0,0,0,0,1,0,0,0,0,national
2025,WA,53067,Thurston,5493006S869XKIESMV41,Mountain America Federal Credit Union,1,1,0,0.01,1,0,0,0,0,1,0,0,0,0,national
2025,WA,53067,Thurston,54930078TNN7GKZ7NU89,,1,1,0,0.01,1,0,0,0,0,1,0,0,0,0,national
2025,WA,53067,Thurston,5493007L4GYNO2PUBS09,,3,1,0,0.01,2,0,1,0,0,1,0,0,0,0,national
2025,WA,53067,Thurston,5493008JECR4UE0WVR04,"MORTGAGE EXPRESS, LLC",1,1,0,0.01,0,0,1,0,0,0,0,1,0,0,national
2025,WA,53067,Thurston,5493008SP1FN4D81IS17,,1,1,0,0.01,1,0,0,0,0,1,0,0,0,0,national
2025,WA,53067,Thurston,549300ANF834QIIFUE57,,1,1,0,0.01,1,0,0,0,0,1,0,0,0,0,national
2025,WA,53067,Thurston,549300AT7EB9FJAF0E61,Old National Bank,1,1,0,0.01,1,0,0,0,0,1,0,0,0,0,national
2025,WA,53067,Thurston,549300AV8QD552DSI743,,1,1,0,0.01,1,0,0,0,0,1,0,0,0,0,national
2025,WA,53067,Thurston,549300CK7U1WMTIG6687,,1,1,0,0.01,1,0,0,0,0,1,0,0,0,0,national
2025,WA,53067,Thurston,549300CLRXFVF83ZL806,"NATIONWIDE MORTGAGE BANKERS, INC.",1,1,0,0.01,0,0,1,0,0,0,0,1,0,0,national
2025,WA,53067,Thurston,549300COIWXM618UBE82,HomeTrust Bank,2,1,1,0.01,2,0,0,0,0,1,0,0,0,0,national
2025,WA,53067,Thurston,549300DCGBXW5FJMV921,,1,1,0,0.01,1,0,0,0,0,1,0,0,0,0,national
2025,WA,53067,Thurston,549300DH8EI64ITBY388,,2,1,0,0.01,2,0,0,0,0,1,0,0,0,0,national
2025,WA,53067,Thurston,549300DJT1WS6SELJS28,,2,1,0,0.01,2,0,0,0,0,1,0,0,0,0,national
2025,WA,53067,Thurston,549300ESRQ6OLBB56N04,Glacier Bank,1,1,0,0.01,1,0,0,0,0,1,0,0,0,0,national
2025,WA,53067,Thurston,549300F570XAWYN8Z237,,2,1,0,0.01,2,0,0,0,0,1,0,0,0,0,national
2025,WA,53067,Thurston,549300F6Y1YO2YXN6135,,1,1,0,0.01,1,0,0,0,0,1,0,0,0,0,national
2025,WA,53067,Thurston,549300FK3AFCFVAPH234,"Leader Bank, National Association",1,1,0,0.01,1,0,0,0,0,1,0,0,0,0,national
2025,WA,53067,Thurston,549300GGB04TG4AH1377,,1,1,0,0.01,1,0,0,0,0,1,0,0,0,0,national
2025,WA,53067,Thurston,549300GQDT484LGI9C04,,11,1,1,0.01,6,2,3,0,0,0,0,1,0,0,national
2025,WA,53067,Thurston,549300GRGZDEH4ZGQS06,WATERSTONE MORTGAGE CORPORATION,2,1,0,0.01,0,0,2,0,0,0,0,1,0,0,national
2025,WA,53067,Thurston,549300HVFLWKU7133506,,1,1,0,0.01,1,0,0,0,0,1,0,0,0,0,national
2025,WA,53067,Thurston,549300I0ICF6REKHOC74,"DIRECT MORTGAGE LOANS, LLC",1,1,0,0.01,1,0,0,0,0,1,0,0,0,0,national
2025,WA,53067,Thurston,549300IBT3SCF2K09D58,,1,1,0,0.01,1,0,0,0,0,1,0,0,0,0,national
2025,WA,53067,Thurston,549300IEP77RKJ87Z176,OREGON COMMUNITY,2,1,1,0.01,2,0,0,0,0,1,0,0,0,0,national
2025,WA,53067,Thurston,549300INFJ8TYNZ1G568,,3,1,1,0.01,3,0,0,0,0,1,0,0,0,0,national
2025,WA,53067,Thurston,549300J7I82PNDVU8H22,"OCMBC, INC.",6,1,0,0.01,5,0,1,0,0,1,0,0,0,0,national
2025,WA,53067,Thurston,549300JD1162QW84ZO34,,1,1,0,0.01,1,0,0,0,0,1,0,0,0,0,national
2025,WA,53067,Thurston,549300K6K2IS7FRS7S09,,2,1,0,0.01,1,1,0,0,0,1,0,0,0,0,national
2025,WA,53067,Thurston,549300KDR80I1ELW8D36,,6,1,2,0.01,6,0,0,0,0,1,0,0,0,0,national
2025,WA,53067,Thurston,549300KTR1JGH3K6LU06,FOURLEAF,4,1,3,0.01,4,0,0,0,0,1,0,0,0,0,national
2025,WA,53067,Thurston,549300LLESTPOVRG3X73,,3,1,1,0.01,3,0,0,0,0,1,0,0,0,0,national
2025,WA,53067,Thurston,549300LLKEKXL2RM1F61,CONTOUR MORTGAGE CORPORATION,1,1,0,0.01,0,0,1,0,0,0,0,1,0,0,national
2025,WA,53067,Thurston,549300M16XETIG2Z5N24,,1,1,0,0.01,1,0,0,0,0,1,0,0,0,0,national
2025,WA,53067,Thurston,549300N52O6FKUCU5G62,NUMERICA CREDIT UNION,2,1,1,0.01,2,0,0,0,0,1,0,0,0,0,national
2025,WA,53067,Thurston,549300O2EZG72LO2FX38,,1,1,0,0.01,1,0,0,0,0,1,0,0,0,0,national
2025,WA,53067,Thurston,549300QCYEU2QLIWN517,,1,1,0,0.01,1,0,0,0,0,1,0,0,0,0,national
2025,WA,53067,Thurston,549300RM1IZYGQDSNL85,,4,1,0,0.01,1,1,2,0,0,0,0,1,0,0,national
2025,WA,53067,Thurston,549300RYWXR8TL5LIK35,,1,1,0,0.01,0,0,1,0,0,0,0,1,0,0,national
2025,WA,53067,Thurston,549300T3F9S1MKFKHC53,HOMESTEAD FUNDING CORP.,1,1,0,0.01,1,0,0,0,0,1,0,0,0,0,national
2025,WA,53067,Thurston,549300T9P3WXNMXX0I34,Ixonia Bank,1,1,0,0.01,0,0,1,0,0,0,0,1,0,0,national
2025,WA,53067,Thurston,549300TA4MQM8WN2XG31,,1,1,0,0.01,1,0,0,0,0,1,0,0,0,0,national
2025,WA,53067,Thurston,549300TEBV514KLDE180,,2,1,0,0.01,2,0,0,0,0,1,0,0,0,0,national
2025,WA,53067,Thurston,549300TMY3OACQC9U777,,2,1,0,0.01,2,0,0,0,0,1,0,0,0,0,national
2025,WA,53067,Thurston,549300UG7QXKM7KGV847,,1,1,0,0.01,1,0,0,0,0,1,0,0,0,0,national
2025,WA,53067,Thurston,549300UXTDELQS5SLF91,DUPACO COMMUNITY,1,1,0,0.01,1,0,0,0,0,1,0,0,0,0,national
2025,WA,53067,Thurston,549300UXY7OP0IC38293,Northpointe Bank,1,1,0,0.01,1,0,0,0,0,1,0,0,0,0,national
2025,WA,53067,Thurston,549300XHF3PMRO08N352,,2,1,0,0.01,2,0,0,0,0,1,0,0,0,0,national
2025,WA,53067,Thurston,549300YVM8B4UQC5DK40,,1,1,0,0.01,1,0,0,0,0,1,0,0,0,0,national
2025,WA,53067,Thurston,549300YX5RPSSMR88K92,,1,1,0,0.01,1,0,0,0,0,1,0,0,0,0,national
2025,WA,53067,Thurston,549300ZIQ24V0C88AC41,GTE Federal Credit Union,3,1,1,0.01,3,0,0,0,0,1,0,0,0,0,national
2025,WA,53067,Thurston,984500F5665613E36549,,1,1,0,0.01,0,0,1,0,0,0,0,1,0,0,national
2025,WA,53067,Thurston,C398JSK21YCXWM603F55,"Barrington Bank & Trust Company, National Association",1,1,0,0.01,0,0,1,0,0,0,0,1,0,0,national
2025,WA,53067,Thurston,CKVBED0S4DMLKJJ5XH28,Stifel Bank and Trust,2,1,0,0.01,0,0,2,0,0,0,0,1,0,0,national
2025,WA,53067,Thurston,D38AC76TAMYI50NBPX33,,2,1,0,0.01,2,0,0,0,0,1,0,0,0,0,national
2025,WA,53067,Thurston,JJKC32MCHWDI71265Z06,Truist Bank,2,1,0,0.01,2,0,0,0,0,1,0,0,0,0,national
2025,WA,53067,Thurston,MCXHCL35UUWDZK7NCQ61,,1,1,0,0.01,1,0,0,0,0,1,0,0,0,0,national
2025,WA,53067,Thurston,5493002QI2ILHHZH8D20,"KBHS HOME LOANS, LLC",5,0,0,0.0,3,1,1,0,0,0,0,0,0,0,national
2025,WA,53067,Thurston,5493007QERYQSQ3QNH02,,5,0,2,0.0,5,0,0,0,0,0,0,0,0,0,national
2025,WA,53067,Thurston,54930091JQKCU3Z6IP44,,11,0,1,0.0,11,0,0,0,0,0,0,0,0,0,national
2025,WA,53071,Walla Walla,5493001B4U37VT2ML818,GESA CREDIT UNION,182,131,29,11.12,181,0,1,0,0,131,0,0,0,0,national
2025,WA,53071,Walla Walla,549300B4IYL7TZT8FA34,"PREMIER MORTGAGE RESOURCES, L.L.C.",155,112,1,9.51,117,29,9,0,0,83,22,7,0,0,national
2025,WA,53071,Walla Walla,5493008JECR4UE0WVR04,"MORTGAGE EXPRESS, LLC",124,100,4,8.49,77,35,12,0,0,61,29,10,0,0,national
2025,WA,53071,Walla Walla,549300FGXN1K3HLB1R50,"Rocket Mortgage, LLC",112,87,15,7.39,87,14,11,0,0,70,7,10,0,0,national
2025,WA,53071,Walla Walla,WE0I402RW25AU38DTI13,Banner Bank,94,58,22,4.92,88,3,3,0,0,53,3,2,0,0,national
2025,WA,53071,Walla Walla,549300HW662MN1WU8550,"United Wholesale Mortgage, LLC",77,56,13,4.75,32,18,27,0,0,21,14,21,0,0,national
2025,WA,53071,Walla Walla,2549009AOX259OY87H37,,69,51,3,4.33,69,0,0,0,0,51,0,0,0,0,national
2025,WA,53071,Walla Walla,549300GKFNPRWNS0GF29,"AmeriHome Mortgage Company, LLC",52,42,2,3.57,33,13,3,3,0,26,11,3,2,0,national
2025,WA,53071,Walla Walla,IFQSIUC9AGQV2NE8CN25,Columbia Bank,54,39,8,3.31,48,1,5,0,0,36,1,2,0,0,national
2025,WA,53071,Walla Walla,6BYL5QZYBDK8S7L73M02,U.S. Bank National Association,46,25,16,2.12,46,0,0,0,0,25,0,0,0,0,national
2025,WA,53071,Walla Walla,7H6GLXDRUGQFU57RNE97,"JPMorgan Chase Bank, National Association",31,23,2,1.95,30,1,0,0,0,22,1,0,0,0,national
2025,WA,53071,Walla Walla,RVDPPPGHCGZ40J4VQ731,"PENNYMAC LOAN SERVICES, LLC",43,20,11,1.7,31,7,5,0,0,15,3,2,0,0,national
2025,WA,53071,Walla Walla,549300AG64NHILB7ZP05,"LOANDEPOT.COM, LLC",34,19,3,1.61,21,8,2,3,0,14,3,1,1,0,national
2025,WA,53071,Walla Walla,254900LX8DA8FRHUUD51,Potlatch No. 1 Financial Credit Union,27,16,4,1.36,27,0,0,0,0,16,0,0,0,0,national
2025,WA,53071,Walla Walla,549300DD5QQUHO6PCH70,"MORTGAGE RESEARCH CENTER, LLC",27,15,2,1.27,3,0,24,0,0,3,0,12,0,0,national
2025,WA,53071,Walla Walla,54930097J3TUZXBXXE75,,26,13,5,1.1,26,0,0,0,0,13,0,0,0,0,national
2025,WA,53071,Walla Walla,549300AQ3T62GXDU7D76,GUILD MORTGAGE COMPANY LLC,13,12,0,1.02,9,4,0,0,0,8,4,0,0,0,national
2025,WA,53071,Walla Walla,549300LBCBNR1OT00651,NATIONSTAR MORTGAGE LLC,23,12,6,1.02,20,2,1,0,0,10,1,1,0,0,national
2025,WA,53071,Walla Walla,254900DTLHVWQ7NP7R34,"CMG Mortgage, Inc.",16,11,0,0.93,15,1,0,0,0,11,0,0,0,0,national
2025,WA,53071,Walla Walla,549300VZVN841I2ILS84,"CROSSCOUNTRY MORTGAGE, LLC",15,11,0,0.93,11,3,1,0,0,8,2,1,0,0,national
2025,WA,53071,Walla Walla,5493003GQDUH26DNNH17,Navy Federal Credit Union,20,10,6,0.85,12,0,8,0,0,6,0,4,0,0,national
2025,WA,53071,Walla Walla,549300FNXYY540N23N64,Newrez LLC,27,9,4,0.76,17,5,5,0,0,5,2,2,0,0,national
2025,WA,53071,Walla Walla,549300LYRWPSYPK6S325,FREEDOM MORTGAGE CORPORATION,29,9,0,0.76,5,12,12,0,0,2,4,3,0,0,national
2025,WA,53071,Walla Walla,254900UL88QFG0E40516,FIGURE LENDING LLC,23,8,6,0.68,23,0,0,0,0,8,0,0,0,0,national
2025,WA,53071,Walla Walla,549300KM40FP4MSQU941,Boeing Employees Credit Union,20,8,9,0.68,20,0,0,0,0,8,0,0,0,0,national
2025,WA,53071,Walla Walla,549300PIL8LFAQ04XC20,Better Mortgage Corporation,26,8,14,0.68,26,0,0,0,0,8,0,0,0,0,national
2025,WA,53071,Walla Walla,549300MGPZBLQDIL7538,FAIRWAY INDEPENDENT MORTGAGE CORPORATION,7,7,0,0.59,6,1,0,0,0,6,1,0,0,0,national
2025,WA,53071,Walla Walla,549300Q02LGIN9AXKP98,FIRST TECHNOLOGY FEDERAL CREDIT UNION,11,7,2,0.59,11,0,0,0,0,7,0,0,0,0,national
2025,WA,53071,Walla Walla,549300TUSRLWD8ETNR90,SPOKANE TEACHERS,19,7,4,0.59,19,0,0,0,0,7,0,0,0,0,national
2025,WA,53071,Walla Walla,2549008TT6UNYR7AXF54,"Sunflower Bank, National Association",8,6,1,0.51,6,2,0,0,0,5,1,0,0,0,national
2025,WA,53071,Walla Walla,549300YIQ7S7Z8PIHE53,AMERISAVE MORTGAGE CORPORATION,13,6,6,0.51,9,3,1,0,0,6,0,0,0,0,national
2025,WA,53071,Walla Walla,213800XR2TCBQJSF1X93,,5,5,0,0.42,5,0,0,0,0,5,0,0,0,0,national
2025,WA,53071,Walla Walla,2549001SI0EMFPT39035,"Cornerstone First Mortgage, Inc",5,5,0,0.42,4,1,0,0,0,4,1,0,0,0,national
2025,WA,53071,Walla Walla,25490066WMF8ZMQXQB18,"Lendage, LLC",6,5,1,0.42,6,0,0,0,0,5,0,0,0,0,national
2025,WA,53071,Walla Walla,5493000FWM3I2HHQY149,WASHINGTON STATE EMPLOYEES CREDIT UNION,12,5,5,0.42,12,0,0,0,0,5,0,0,0,0,national
2025,WA,53071,Walla Walla,54930054ET8KM4O1D485,"SOFI BANK, NATIONAL ASSOCIATION",16,5,1,0.42,15,1,0,0,0,5,0,0,0,0,national
2025,WA,53071,Walla Walla,549300DD4R4SYK5RAQ92,"MOVEMENT MORTGAGE, LLC",10,5,1,0.42,8,2,0,0,0,5,0,0,0,0,national
2025,WA,53071,Walla Walla,549300E2UX99HKDBR481,"NEW AMERICAN FUNDING, LLC",16,5,1,0.42,6,7,3,0,0,1,2,2,0,0,national
2025,WA,53071,Walla Walla,549300KIOYNU323LVJ37,AMERICAN PACIFIC MORTGAGE CORPORATION,8,5,1,0.42,5,1,2,0,0,3,0,2,0,0,national
2025,WA,53071,Walla Walla,549300VCMRO4ST680C11,VILLAGE CAPITAL & INVESTMENT LLC,11,5,1,0.42,0,4,7,0,0,0,1,4,0,0,national
2025,WA,53071,Walla Walla,B4TYDEB6GKMZO031MB27,"Bank of America, National Association",22,5,7,0.42,22,0,0,0,0,5,0,0,0,0,national
2025,WA,53071,Walla Walla,254900CTT87ZKAUTIJ37,,7,4,2,0.34,7,0,0,0,0,4,0,0,0,0,national
2025,WA,53071,Walla Walla,5493003T5D4N1CM46J77,1st Security Bank of Washington,8,4,0,0.34,8,0,0,0,0,4,0,0,0,0,national
2025,WA,53071,Walla Walla,54930049L5WINET09Q97,"CLICK N' CLOSE, INC.",14,4,1,0.34,6,7,1,0,0,2,1,1,0,0,national
2025,WA,53071,Walla Walla,549300BLL6VL7AXWYP56,CHURCHILL MORTGAGE CORPORATION,8,4,0,0.34,5,3,0,0,0,3,1,0,0,0,national
2025,WA,53071,Walla Walla,549300BX448ALT10FI43,The Federal Savings Bank,7,4,0,0.34,0,0,7,0,0,0,0,4,0,0,national
2025,WA,53071,Walla Walla,549300JYXTZDSPJEPI44,"PLAZA HOME MORTGAGE, INC.",4,4,0,0.34,2,2,0,0,0,2,2,0,0,0,national
2025,WA,53071,Walla Walla,549300MZ8VZJOVC63092,"KIND LENDING, LLC",6,4,2,0.34,6,0,0,0,0,4,0,0,0,0,national
2025,WA,53071,Walla Walla,549300N52O6FKUCU5G62,NUMERICA CREDIT UNION,8,4,4,0.34,8,0,0,0,0,4,0,0,0,0,national
2025,WA,53071,Walla Walla,549300NOCASXPA34X033,"LAKEVIEW LOAN SERVICING, LLC",7,4,3,0.34,6,1,0,0,0,3,1,0,0,0,national
2025,WA,53071,Walla Walla,549300R9S3MVDV4MGF56,"CARRINGTON MORTGAGE SERVICES, LLC",10,4,5,0.34,6,4,0,0,0,3,1,0,0,0,national
2025,WA,53071,Walla Walla,549300Y5Y88FQLI7VE83,DEEPHAVEN MORTGAGE LLC,7,4,3,0.34,7,0,0,0,0,4,0,0,0,0,national
2025,WA,53071,Walla Walla,549300YN94MOAVYW0F52,"GoodLeap, LLC",5,4,1,0.34,4,1,0,0,0,3,1,0,0,0,national
2025,WA,53071,Walla Walla,KB1H1DSPRFMYMCUFXT09,"Wells Fargo Bank, National Association",10,4,1,0.34,10,0,0,0,0,4,0,0,0,0,national
2025,WA,53071,Walla Walla,254900TTZ395IC926125,,3,3,0,0.25,0,2,0,1,0,0,2,0,1,0,national
2025,WA,53071,Walla Walla,549300121SF0K2LN2804,"PRIMELENDING, A PLAINSCAPITAL COMPANY",3,3,0,0.25,2,1,0,0,0,2,1,0,0,0,national
2025,WA,53071,Walla Walla,5493001PXRJMPLXPG540,IDAHO CENTRAL CREDIT UNION,5,3,2,0.25,5,0,0,0,0,3,0,0,0,0,national
2025,WA,53071,Walla Walla,54930021WPEXNHYZUL09,"PLANET HOME LENDING, LLC",3,3,0,0.25,2,0,1,0,0,2,0,1,0,0,national
2025,WA,53071,Walla Walla,5493004AS1SPBQOFDR49,"Change Lending, LLC",4,3,0,0.25,4,0,0,0,0,3,0,0,0,0,national
2025,WA,53071,Walla Walla,54930060G4MDPWHISD89,EVERGREEN MONEYSOURCE MORTGAGE COMPANY,4,3,0,0.25,4,0,0,0,0,3,0,0,0,0,national
2025,WA,53071,Walla Walla,549300Q50XCC0473FG63,,8,3,3,0.25,8,0,0,0,0,3,0,0,0,0,national
2025,WA,53071,Walla Walla,549300RN01LBYR8ZVX74,"LOWER, LLC",4,3,0,0.25,2,1,1,0,0,2,0,1,0,0,national
2025,WA,53071,Walla Walla,549300RPOGWJRH63HS39,UNION HOME MORTGAGE CORP.,3,3,0,0.25,1,0,2,0,0,1,0,2,0,0,national
2025,WA,53071,Walla Walla,AD6GFRVSDT01YPT1CS68,"PNC Bank, National Association",6,3,1,0.25,5,1,0,0,0,3,0,0,0,0,national
2025,WA,53071,Walla Walla,2549001IK7UDPADKAG34,,2,2,0,0.17,2,0,0,0,0,2,0,0,0,0,national
2025,WA,53071,Walla Walla,2549004FXPNKCLIN8250,"Synergy One Lending, Inc.",3,2,0,0.17,2,1,0,0,0,1,1,0,0,0,national
2025,WA,53071,Walla Walla,254900FBWEZ3YUPOBN33,,3,2,1,0.17,3,0,0,0,0,2,0,0,0,0,national
2025,WA,53071,Walla Walla,254900N133DZGPB2X985,,2,2,0,0.17,2,0,0,0,0,2,0,0,0,0,national
2025,WA,53071,Walla Walla,5493008CPTDVOS570626,"Primary Residential Mortgage, Inc.",3,2,0,0.17,3,0,0,0,0,2,0,0,0,0,national
2025,WA,53071,Walla Walla,5493008NWHQT1R22C024,"AMERICAN FINANCIAL NETWORK, INC.",2,2,0,0.17,2,0,0,0,0,2,0,0,0,0,national
2025,WA,53071,Walla Walla,5493009B17HXCVXTD608,"JMAC LENDING, INC.",4,2,0,0.17,3,0,1,0,0,2,0,0,0,0,national
2025,WA,53071,Walla Walla,549300CB67L6KPJLHE19,"TRIAD FINANCIAL SERVICES, INC.",6,2,1,0.17,6,0,0,0,0,2,0,0,0,0,national
2025,WA,53071,Walla Walla,549300CY7WNAHKHYSJ73,"CORNERSTONE CAPITAL BANK, SSB",2,2,0,0.17,2,0,0,0,0,2,0,0,0,0,national
2025,WA,53071,Walla Walla,549300DK7QID2ZON6Q55,Global Federal Credit Union,3,2,1,0.17,3,0,0,0,0,2,0,0,0,0,national
2025,WA,53071,Walla Walla,549300FX7K8PTEQUU487,PENTAGON FEDERAL CREDIT UNION,4,2,2,0.17,4,0,0,0,0,2,0,0,0,0,national
2025,WA,53071,Walla Walla,549300GS0W0TEUQS8571,"Morgan Stanley Private Bank, National Association",2,2,0,0.17,2,0,0,0,0,2,0,0,0,0,national
2025,WA,53071,Walla Walla,549300K4ZLGS7SRDTL86,Equity Prime Mortgage LLC,2,2,0,0.17,0,0,2,0,0,0,0,2,0,0,national
2025,WA,53071,Walla Walla,549300KDR80I1ELW8D36,,4,2,1,0.17,4,0,0,0,0,2,0,0,0,0,national
2025,WA,53071,Walla Walla,549300L44U62O7WHRR78,FIRST COMMUNITY,2,2,0,0.17,2,0,0,0,0,2,0,0,0,0,national
2025,WA,53071,Walla Walla,549300OPCWU6E72WUT29,"MUTUAL OF OMAHA MORTGAGE, INC.",6,2,1,0.17,1,2,3,0,0,0,1,1,0,0,national
2025,WA,53071,Walla Walla,549300SUCQ1358EGVE89,"NEW DAY FINANCIAL, LLC",10,2,2,0.17,0,0,10,0,0,0,0,2,0,0,national
2025,WA,53071,Walla Walla,549300T94GSH3C4U5M59,ALLIANT CREDIT UNION,4,2,1,0.17,3,1,0,0,0,2,0,0,0,0,national
2025,WA,53071,Walla Walla,549300U3721PJGQZYY68,"GUARANTEED RATE, INC.",2,2,0,0.17,1,1,0,0,0,1,1,0,0,0,national
2025,WA,53071,Walla Walla,549300VORTI31GZTJL53,"CARDINAL FINANCIAL COMPANY, LIMITED PARTNERSHIP",2,2,0,0.17,1,1,0,0,0,1,1,0,0,0,national
2025,WA,53071,Walla Walla,X05BVSK68TQ7YTOSNR22,Discover Bank,6,2,2,0.17,6,0,0,0,0,2,0,0,0,0,national
2025,WA,53071,Walla Walla,254900378RFGMBEKAF12,Empeople Credit Union,1,1,0,0.08,1,0,0,0,0,1,0,0,0,0,national
2025,WA,53071,Walla Walla,254900HA4DQWAE0W3342,"AMERIHOME MORTGAGE COMPANY, LLC",3,1,1,0.08,0,2,1,0,0,0,1,0,0,0,national
2025,WA,53071,Walla Walla,254900IEGKUDRDS23V26,,1,1,0,0.08,1,0,0,0,0,1,0,0,0,0,national
2025,WA,53071,Walla Walla,254900Q3NKMPZB4K2E34,,2,1,0,0.08,2,0,0,0,0,1,0,0,0,0,national
2025,WA,53071,Walla Walla,254900T37KTTXKCK3416,,1,1,0,0.08,1,0,0,0,0,1,0,0,0,0,national
2025,WA,53071,Walla Walla,254900TG14TB8RKS3U42,,1,1,0,0.08,1,0,0,0,0,1,0,0,0,0,national
2025,WA,53071,Walla Walla,254900ZFWS2106HWPH46,"PARAMOUNT RESIDENTIAL MORTGAGE GROUP, INC.",1,1,0,0.08,1,0,0,0,0,1,0,0,0,0,national
2025,WA,53071,Walla Walla,2WHM8VNJH63UN14OL754,The Huntington National Bank,1,1,0,0.08,1,0,0,0,0,1,0,0,0,0,national
2025,WA,53071,Walla Walla,54930007KK7ZS3IJVC25,RED CANOE CREDIT UNION,1,1,0,0.08,1,0,0,0,0,1,0,0,0,0,national
2025,WA,53071,Walla Walla,5493000BAKE4VAHVCU55,,2,1,0,0.08,2,0,0,0,0,1,0,0,0,0,national
2025,WA,53071,Walla Walla,5493000NYUJT9UC6G261,LEADERONE FINANCIAL CORPORATION,1,1,0,0.08,0,1,0,0,0,0,1,0,0,0,national
2025,WA,53071,Walla Walla,5493001GCBD5XGNIC815,Coastal Community Bank,7,1,0,0.08,7,0,0,0,0,1,0,0,0,0,national
2025,WA,53071,Walla Walla,5493001GDRY0EL7VG372,"ARK-LA-TEX FINANCIAL SERVICES, LLC.",1,1,0,0.08,1,0,0,0,0,1,0,0,0,0,national
2025,WA,53071,Walla Walla,5493001WHVQBGRSWEU75,"HOMEBRIDGE FINANCIAL SERVICES, INC.",2,1,0,0.08,2,0,0,0,0,1,0,0,0,0,national
2025,WA,53071,Walla Walla,5493001XKL0FTNOJ0866,,1,1,0,0.08,1,0,0,0,0,1,0,0,0,0,national
2025,WA,53071,Walla Walla,54930025XJJO3T0M1A92,,1,1,0,0.08,1,0,0,0,0,1,0,0,0,0,national
2025,WA,53071,Walla Walla,54930028J11BWKUVGX50,,1,1,0,0.08,1,0,0,0,0,1,0,0,0,0,national
2025,WA,53071,Walla Walla,5493002B2WMHY23GFK92,"AMERICAN FINANCIAL RESOURCES, INC.",1,1,0,0.08,1,0,0,0,0,1,0,0,0,0,national
2025,WA,53071,Walla Walla,549300323EON4W3CCM44,"RESICENTRAL, LLC",2,1,0,0.08,2,0,0,0,0,1,0,0,0,0,national
2025,WA,53071,Walla Walla,549300370QILXLFUWD20,"ZILLOW HOME LOANS, LLC",1,1,0,0.08,1,0,0,0,0,1,0,0,0,0,national
2025,WA,53071,Walla Walla,5493004KGZVI015KO609,,1,1,0,0.08,1,0,0,0,0,1,0,0,0,0,national
2025,WA,53071,Walla Walla,54930052M48FOD3CWA54,"PRIMARY RESIDENTIAL MORTGAGE, INC.",1,1,0,0.08,0,0,1,0,0,0,0,1,0,0,national
2025,WA,53071,Walla Walla,5493005F145IP6JL7314,,2,1,0,0.08,2,0,0,0,0,1,0,0,0,0,national
2025,WA,53071,Walla Walla,5493005JXQCVNMUHBR38,,1,1,0,0.08,1,0,0,0,0,1,0,0,0,0,national
2025,WA,53071,Walla Walla,549300715JT4HMT74E48,,2,1,0,0.08,2,0,0,0,0,1,0,0,0,0,national
2025,WA,53071,Walla Walla,5493007L4GYNO2PUBS09,,1,1,0,0.08,1,0,0,0,0,1,0,0,0,0,national
2025,WA,53071,Walla Walla,5493007Z7FTUKQGFMZ98,,1,1,0,0.08,1,0,0,0,0,1,0,0,0,0,national
2025,WA,53071,Walla Walla,5493008VVXQIDO1EZ460,"SUMMIT FUNDING, INC.",2,1,1,0.08,0,2,0,0,0,0,1,0,0,0,national
2025,WA,53071,Walla Walla,5493009D2COWW65B8673,,1,1,0,0.08,1,0,0,0,0,1,0,0,0,0,national
2025,WA,53071,Walla Walla,5493009HUMWCHFRDKF12,SAMMAMISH MORTGAGE COMPANY,1,1,0,0.08,0,0,1,0,0,0,0,1,0,0,national
2025,WA,53071,Walla Walla,549300DCGBXW5FJMV921,,1,1,0,0.08,0,1,0,0,0,0,1,0,0,0,national
2025,WA,53071,Walla Walla,549300ESRQ6OLBB56N04,Glacier Bank,1,1,0,0.08,0,1,0,0,0,0,1,0,0,0,national
2025,WA,53071,Walla Walla,549300F8C5JA44WNMI75,AMERICAN NEIGHBORHOOD MORTGAGE ACCEPTANCE COMPANY LLC,1,1,0,0.08,0,1,0,0,0,0,1,0,0,0,national
2025,WA,53071,Walla Walla,549300IEP77RKJ87Z176,OREGON COMMUNITY,3,1,1,0.08,3,0,0,0,0,1,0,0,0,0,national
2025,WA,53071,Walla Walla,549300KHXD7JSQUZIJ22,"HIGHLANDS RESIDENTIAL MORTGAGE, LTD.",1,1,0,0.08,1,0,0,0,0,1,0,0,0,0,national
2025,WA,53071,Walla Walla,549300KTR1JGH3K6LU06,FOURLEAF,2,1,0,0.08,2,0,0,0,0,1,0,0,0,0,national
2025,WA,53071,Walla Walla,549300KZVCKCUN23YY80,,1,1,0,0.08,1,0,0,0,0,1,0,0,0,0,national
2025,WA,53071,Walla Walla,549300LLESTPOVRG3X73,,1,1,0,0.08,1,0,0,0,0,1,0,0,0,0,national
2025,WA,53071,Walla Walla,549300LROQOOQU77WS20,,2,1,0,0.08,2,0,0,0,0,1,0,0,0,0,national
2025,WA,53071,Walla Walla,549300MHH03ICJYEPE85,,2,1,0,0.08,0,2,0,0,0,0,1,0,0,0,national
2025,WA,53071,Walla Walla,549300PBTV7FCWLSMM53,"MORTGAGE SOLUTIONS OF COLORADO, LLC",1,1,0,0.08,0,0,1,0,0,0,0,1,0,0,national
2025,WA,53071,Walla Walla,549300PQLK8E48ILXV41,,1,1,0,0.08,1,0,0,0,0,1,0,0,0,0,national
2025,WA,53071,Walla Walla,549300Q3ROEQU3D1IW91,,12,1,3,0.08,12,0,0,0,0,1,0,0,0,0,national
2025,WA,53071,Walla Walla,549300Q6YL1SFVPEGV90,,2,1,0,0.08,2,0,0,0,0,1,0,0,0,0,national
2025,WA,53071,Walla Walla,549300R4F5COFJE0DN81,,1,1,0,0.08,1,0,0,0,0,1,0,0,0,0,national
2025,WA,53071,Walla Walla,549300R77W0P105C3S50,HOMEXPRESS MORTGAGE CORP.,2,1,1,0.08,2,0,0,0,0,1,0,0,0,0,national
2025,WA,53071,Walla Walla,549300RFLICNI75BG067,Luminate Bank,1,1,0,0.08,1,0,0,0,0,1,0,0,0,0,national
2025,WA,53071,Walla Walla,549300S5YL3OH0IVCS62,FINANCE OF AMERICA REVERSE LLC,1,1,0,0.08,0,1,0,0,0,0,1,0,0,0,national
2025,WA,53071,Walla Walla,549300TF1E42EUFBSL45,,1,1,0,0.08,1,0,0,0,0,1,0,0,0,0,national
2025,WA,53071,Walla Walla,549300UBGGLZLZEY0M18,Peak Credit Union,1,1,0,0.08,1,0,0,0,0,1,0,0,0,0,national
2025,WA,53071,Walla Walla,549300UR5AOWTJJ7KZ64,,1,1,0,0.08,1,0,0,0,0,1,0,0,0,0,national
2025,WA,53071,Walla Walla,549300UXY7OP0IC38293,Northpointe Bank,2,1,0,0.08,2,0,0,0,0,1,0,0,0,0,national
2025,WA,53071,Walla Walla,549300VQUTI5IU7GXT57,SECURITYNATIONAL MORTGAGE COMPANY,1,1,0,0.08,0,1,0,0,0,0,1,0,0,0,national
2025,WA,53071,Walla Walla,549300XHPPLC0TBRV021,,1,1,0,0.08,1,0,0,0,0,1,0,0,0,0,national
2025,WA,53071,Walla Walla,549300XQVJ1XBNFA5536,21ST MORTGAGE CORPORATION,8,1,4,0.08,8,0,0,0,0,1,0,0,0,0,national
2025,WA,53071,Walla Walla,549300XWUSRVVOHPRY47,Academy Mortgage Corporation,3,1,0,0.08,3,0,0,0,0,1,0,0,0,0,national
2025,WA,53071,Walla Walla,549300XY701IELCE5Q08,BETTER MORTGAGE CORPORATION,2,1,0,0.08,2,0,0,0,0,1,0,0,0,0,national
2025,WA,53071,Walla Walla,549300ZBXINP1Y94CN02,,2,1,0,0.08,2,0,0,0,0,1,0,0,0,0,national
2025,WA,53071,Walla Walla,549300ZCR1XCLNEEI724,,2,1,0,0.08,2,0,0,0,0,1,0,0,0,0,national
2025,WA,53071,Walla Walla,549300ZIQ24V0C88AC41,GTE Federal Credit Union,1,1,0,0.08,1,0,0,0,0,1,0,0,0,0,national
2025,WA,53071,Walla Walla,549300ZWNETGFXTBBY03,"CANOPY MORTGAGE, LLC",3,1,0,0.08,1,1,0,1,0,0,1,0,0,0,national
2025,WA,53071,Walla Walla,8WH0EE09O9V05QJZ3V89,"Zions Bancorporation, N.A.",1,1,0,0.08,1,0,0,0,0,1,0,0,0,0,national
2025,WA,53071,Walla Walla,984500U2F9A83N391A91,"CHAMPIONS FUNDING, LLC",1,1,0,0.08,1,0,0,0,0,1,0,0,0,0,national
2025,WA,53071,Walla Walla,C398JSK21YCXWM603F55,"Barrington Bank & Trust Company, National Association",2,1,1,0.08,0,0,2,0,0,0,0,1,0,0,national
2025,WA,53071,Walla Walla,E57ODZWZ7FF32TWEFA76,"Citibank, National Association",1,1,0,0.08,1,0,0,0,0,1,0,0,0,0,national
2025,WA,53071,Walla Walla,PAOOWF3GUFM46FBSP561,,3,1,1,0.08,3,0,0,0,0,1,0,0,0,0,national
2025,WA,53071,Walla Walla,549300XCVBRR56D08F03,,7,0,0,0.0,6,1,0,0,0,0,0,0,0,0,national
2025,WA,53073,Whatcom,5493003Q3L1PO9NBVK64,WHATCOM EDUCATIONAL CREDIT UNION,1287,828,219,17.34,1278,0,8,1,0,821,0,6,1,0,national
2025,WA,53073,Whatcom,54930060G4MDPWHISD89,EVERGREEN MONEYSOURCE MORTGAGE COMPANY,396,319,2,6.68,362,19,15,0,0,290,16,13,0,0,national
2025,WA,53073,Whatcom,549300DD4R4SYK5RAQ92,"MOVEMENT MORTGAGE, LLC",407,297,16,6.22,335,51,21,0,0,248,32,17,0,0,national
2025,WA,53073,Whatcom,549300HW662MN1WU8550,"United Wholesale Mortgage, LLC",381,287,45,6.01,280,39,62,0,0,211,26,50,0,0,national
2025,WA,53073,Whatcom,549300FGXN1K3HLB1R50,"Rocket Mortgage, LLC",340,247,54,5.17,282,26,32,0,0,208,15,24,0,0,national
2025,WA,53073,Whatcom,5493001VH4ZJNSI25781,Peoples Bank,331,203,69,4.25,328,0,3,0,0,201,0,2,0,0,national
2025,WA,53073,Whatcom,549300KM40FP4MSQU941,Boeing Employees Credit Union,269,172,60,3.6,267,0,2,0,0,172,0,0,0,0,national
2025,WA,53073,Whatcom,WE0I402RW25AU38DTI13,Banner Bank,271,164,54,3.43,265,4,2,0,0,159,3,2,0,0,national
2025,WA,53073,Whatcom,549300AQ3T62GXDU7D76,GUILD MORTGAGE COMPANY LLC,175,112,8,2.35,136,20,19,0,0,87,13,12,0,0,national
2025,WA,53073,Whatcom,RVDPPPGHCGZ40J4VQ731,"PENNYMAC LOAN SERVICES, LLC",145,101,15,2.12,110,24,11,0,0,78,16,7,0,0,national
2025,WA,53073,Whatcom,549300VZVN841I2ILS84,"CROSSCOUNTRY MORTGAGE, LLC",118,78,2,1.63,88,16,14,0,0,58,11,9,0,0,national
2025,WA,53073,Whatcom,6BYL5QZYBDK8S7L73M02,U.S. Bank National Association,141,77,36,1.61,140,0,1,0,0,76,0,1,0,0,national
2025,WA,53073,Whatcom,549300GKFNPRWNS0GF29,"AmeriHome Mortgage Company, LLC",121,72,4,1.51,83,22,14,2,0,46,16,9,1,0,national
2025,WA,53073,Whatcom,549300FNXYY540N23N64,Newrez LLC,182,65,21,1.36,135,24,23,0,0,47,4,14,0,0,national
2025,WA,53073,Whatcom,549300KIOYNU323LVJ37,AMERICAN PACIFIC MORTGAGE CORPORATION,77,64,3,1.34,51,18,8,0,0,43,16,5,0,0,national
2025,WA,53073,Whatcom,549300MUXFVZKH4XLG17,,98,62,3,1.3,85,10,3,0,0,54,6,2,0,0,national
2025,WA,53073,Whatcom,549300ZWNETGFXTBBY03,"CANOPY MORTGAGE, LLC",54,50,0,1.05,42,9,3,0,0,39,9,2,0,0,national
2025,WA,53073,Whatcom,549300DJT1WS6SELJS28,,87,48,8,1.01,83,0,2,2,0,45,0,2,1,0,national
2025,WA,53073,Whatcom,5493003GQDUH26DNNH17,Navy Federal Credit Union,95,46,16,0.96,73,0,22,0,0,31,0,15,0,0,national
2025,WA,53073,Whatcom,549300MGPZBLQDIL7538,FAIRWAY INDEPENDENT MORTGAGE CORPORATION,55,42,0,0.88,38,13,4,0,0,29,10,3,0,0,national
2025,WA,53073,Whatcom,7H6GLXDRUGQFU57RNE97,"JPMorgan Chase Bank, National Association",69,42,3,0.88,67,2,0,0,0,42,0,0,0,0,national
2025,WA,53073,Whatcom,54930001NSTOD85LT125,"GUARANTEED RATE AFFINITY, LLC",53,40,1,0.84,47,5,1,0,0,35,4,1,0,0,national
2025,WA,53073,Whatcom,549300LBCBNR1OT00651,NATIONSTAR MORTGAGE LLC,55,38,6,0.8,53,2,0,0,0,38,0,0,0,0,national
2025,WA,53073,Whatcom,549300LYRWPSYPK6S325,FREEDOM MORTGAGE CORPORATION,84,36,1,0.75,18,32,34,0,0,6,12,18,0,0,national
2025,WA,53073,Whatcom,IFQSIUC9AGQV2NE8CN25,Columbia Bank,66,36,20,0.75,64,0,2,0,0,36,0,0,0,0,national
2025,WA,53073,Whatcom,254900DTLHVWQ7NP7R34,"CMG Mortgage, Inc.",44,35,6,0.73,41,1,2,0,0,32,1,2,0,0,national
2025,WA,53073,Whatcom,B4TYDEB6GKMZO031MB27,"Bank of America, National Association",113,35,38,0.73,113,0,0,0,0,35,0,0,0,0,national
2025,WA,53073,Whatcom,549300MZ8VZJOVC63092,"KIND LENDING, LLC",47,33,8,0.69,39,3,5,0,0,28,3,2,0,0,national
2025,WA,53073,Whatcom,549300DD5QQUHO6PCH70,"MORTGAGE RESEARCH CENTER, LLC",75,32,10,0.67,4,0,71,0,0,1,0,31,0,0,national
2025,WA,53073,Whatcom,549300OPCWU6E72WUT29,"MUTUAL OF OMAHA MORTGAGE, INC.",42,32,7,0.67,17,20,5,0,0,13,16,3,0,0,national
2025,WA,53073,Whatcom,549300AG64NHILB7ZP05,"LOANDEPOT.COM, LLC",65,31,18,0.65,46,14,5,0,0,20,6,5,0,0,national
2025,WA,53073,Whatcom,549300J6N77Q8OHYNF23,,36,27,3,0.57,28,5,3,0,0,20,5,2,0,0,national
2025,WA,53073,Whatcom,549300PIL8LFAQ04XC20,Better Mortgage Corporation,75,27,33,0.57,75,0,0,0,0,27,0,0,0,0,national
2025,WA,53073,Whatcom,HUX2X73FUCYHUVH1BK78,KeyBank National Association,44,26,9,0.54,38,4,2,0,0,23,2,1,0,0,national
2025,WA,53073,Whatcom,549300JE1TOUVEDSGD05,,42,24,7,0.5,42,0,0,0,0,24,0,0,0,0,national
2025,WA,53073,Whatcom,5493001HHBUTXHS7TZ96,HOMEAMERICAN MORTGAGE CORPORATION,30,23,2,0.48,25,3,2,0,0,18,3,2,0,0,national
2025,WA,53073,Whatcom,549300XW2H531FLD3I90,,35,22,6,0.46,34,0,1,0,0,21,0,1,0,0,national
2025,WA,53073,Whatcom,549300E2UX99HKDBR481,"NEW AMERICAN FUNDING, LLC",51,21,5,0.44,35,11,4,1,0,18,2,1,0,0,national
2025,WA,53073,Whatcom,254900ZFWS2106HWPH46,"PARAMOUNT RESIDENTIAL MORTGAGE GROUP, INC.",24,19,1,0.4,17,5,2,0,0,14,4,1,0,0,national
2025,WA,53073,Whatcom,254900UL88QFG0E40516,FIGURE LENDING LLC,41,18,12,0.38,41,0,0,0,0,18,0,0,0,0,national
2025,WA,53073,Whatcom,549300RN01LBYR8ZVX74,"LOWER, LLC",27,17,3,0.36,22,3,2,0,0,14,2,1,0,0,national
2025,WA,53073,Whatcom,549300U3721PJGQZYY68,"GUARANTEED RATE, INC.",39,17,3,0.36,32,4,3,0,0,16,1,0,0,0,national
2025,WA,53073,Whatcom,549300G4ESSS6M0MEG51,ORIGINPOINT LLC,24,16,0,0.34,22,0,2,0,0,14,0,2,0,0,national
2025,WA,53073,Whatcom,549300S5YL3OH0IVCS62,FINANCE OF AMERICA REVERSE LLC,19,16,1,0.34,9,10,0,0,0,7,9,0,0,0,national
2025,WA,53073,Whatcom,KB1H1DSPRFMYMCUFXT09,"Wells Fargo Bank, National Association",34,16,5,0.34,32,2,0,0,0,16,0,0,0,0,national
2025,WA,53073,Whatcom,549300KJ8PAJ7E52HG32,Plains Commerce Bank,20,15,0,0.31,15,5,0,0,0,10,5,0,0,0,national
2025,WA,53073,Whatcom,549300323EON4W3CCM44,"RESICENTRAL, LLC",16,14,0,0.29,15,0,1,0,0,14,0,0,0,0,national
2025,WA,53073,Whatcom,5493008CPTDVOS570626,"Primary Residential Mortgage, Inc.",28,14,7,0.29,28,0,0,0,0,14,0,0,0,0,national
2025,WA,53073,Whatcom,549300CY7WNAHKHYSJ73,"CORNERSTONE CAPITAL BANK, SSB",15,14,0,0.29,10,4,1,0,0,9,4,1,0,0,national
2025,WA,53073,Whatcom,254900FDPG829O6VBB05,"EASTSIDE FUNDING, LLC",19,13,0,0.27,19,0,0,0,0,13,0,0,0,0,national
2025,WA,53073,Whatcom,549300CB67L6KPJLHE19,"TRIAD FINANCIAL SERVICES, INC.",39,13,11,0.27,39,0,0,0,0,13,0,0,0,0,national
2025,WA,53073,Whatcom,549300NOCASXPA34X033,"LAKEVIEW LOAN SERVICING, LLC",32,13,14,0.27,26,5,1,0,0,9,3,1,0,0,national
2025,WA,53073,Whatcom,254900XK1QLA60R87H84,,14,12,0,0.25,13,0,1,0,0,11,0,1,0,0,national
2025,WA,53073,Whatcom,5493001JT9MT3Z3Y3M39,,15,12,1,0.25,15,0,0,0,0,12,0,0,0,0,national
2025,WA,53073,Whatcom,54930043BMDE130FJ617,"PROVIDENT FUNDING ASSOCIATES, L.P.",19,12,1,0.25,19,0,0,0,0,12,0,0,0,0,national
2025,WA,53073,Whatcom,54930049L5WINET09Q97,"CLICK N' CLOSE, INC.",12,11,0,0.23,3,9,0,0,0,2,9,0,0,0,national
2025,WA,53073,Whatcom,54930054ET8KM4O1D485,"SOFI BANK, NATIONAL ASSOCIATION",47,11,8,0.23,46,1,0,0,0,10,1,0,0,0,national
2025,WA,53073,Whatcom,5493009HUMWCHFRDKF12,SAMMAMISH MORTGAGE COMPANY,20,11,0,0.23,16,0,4,0,0,9,0,2,0,0,national
2025,WA,53073,Whatcom,D38AC76TAMYI50NBPX33,,19,11,1,0.23,19,0,0,0,0,11,0,0,0,0,national
2025,WA,53073,Whatcom,54930025XJJO3T0M1A92,,11,10,0,0.21,11,0,0,0,0,10,0,0,0,0,national
2025,WA,53073,Whatcom,549300DK7QID2ZON6Q55,Global Federal Credit Union,15,10,3,0.21,15,0,0,0,0,10,0,0,0,0,national
2025,WA,53073,Whatcom,549300MCIFZSDHUT8X63,"NFM, INC.",14,10,1,0.21,12,2,0,0,0,8,2,0,0,0,national
2025,WA,53073,Whatcom,549300T94GSH3C4U5M59,ALLIANT CREDIT UNION,19,10,7,0.21,19,0,0,0,0,10,0,0,0,0,national
2025,WA,53073,Whatcom,549300Z2B4FHRYOXTS09,,13,10,3,0.21,13,0,0,0,0,10,0,0,0,0,national
2025,WA,53073,Whatcom,5493001GCBD5XGNIC815,Coastal Community Bank,41,9,1,0.19,41,0,0,0,0,9,0,0,0,0,national
2025,WA,53073,Whatcom,5493001WHVQBGRSWEU75,"HOMEBRIDGE FINANCIAL SERVICES, INC.",13,9,1,0.19,8,3,2,0,0,5,2,2,0,0,national
2025,WA,53073,Whatcom,549300LROQOOQU77WS20,,15,9,0,0.19,13,2,0,0,0,8,1,0,0,0,national
2025,WA,53073,Whatcom,549300P2GEYNMH5OQA71,WASHINGTON TRUST BANK,13,9,2,0.19,13,0,0,0,0,9,0,0,0,0,national
2025,WA,53073,Whatcom,549300PL8ER6H23P0Z91,BAY EQUITY LLC,13,9,1,0.19,11,2,0,0,0,7,2,0,0,0,national
2025,WA,53073,Whatcom,549300YIQ7S7Z8PIHE53,AMERISAVE MORTGAGE CORPORATION,39,9,24,0.19,28,10,1,0,0,7,2,0,0,0,national
2025,WA,53073,Whatcom,213800XR2TCBQJSF1X93,,19,8,0,0.17,17,0,2,0,0,6,0,2,0,0,national
2025,WA,53073,Whatcom,5493000NYUJT9UC6G261,LEADERONE FINANCIAL CORPORATION,12,8,0,0.17,7,3,2,0,0,4,2,2,0,0,national
2025,WA,53073,Whatcom,5493003T5D4N1CM46J77,1st Security Bank of Washington,13,8,1,0.17,8,3,2,0,0,5,2,1,0,0,national
2025,WA,53073,Whatcom,549300Q02LGIN9AXKP98,FIRST TECHNOLOGY FEDERAL CREDIT UNION,12,8,2,0.17,12,0,0,0,0,8,0,0,0,0,national
2025,WA,53073,Whatcom,AD6GFRVSDT01YPT1CS68,"PNC Bank, National Association",17,8,6,0.17,17,0,0,0,0,8,0,0,0,0,national
2025,WA,53073,Whatcom,254900QPRPHIXEAX3L37,,7,7,0,0.15,7,0,0,0,0,7,0,0,0,0,national
2025,WA,53073,Whatcom,254900TTZ395IC926125,,7,7,0,0.15,7,0,0,0,0,7,0,0,0,0,national
2025,WA,53073,Whatcom,5493001B4U37VT2ML818,GESA CREDIT UNION,9,7,2,0.15,9,0,0,0,0,7,0,0,0,0,national
2025,WA,53073,Whatcom,5493001PXRJMPLXPG540,IDAHO CENTRAL CREDIT UNION,11,7,2,0.15,11,0,0,0,0,7,0,0,0,0,national
2025,WA,53073,Whatcom,549300HRLROF7PLJ6735,CLEAREDGE LENDING LLC,12,7,4,0.15,12,0,0,0,0,7,0,0,0,0,national
2025,WA,53073,Whatcom,549300INFJ8TYNZ1G568,,7,7,0,0.15,7,0,0,0,0,7,0,0,0,0,national
2025,WA,53073,Whatcom,549300J7I82PNDVU8H22,"OCMBC, INC.",8,7,0,0.15,8,0,0,0,0,7,0,0,0,0,national
2025,WA,53073,Whatcom,549300Q50XCC0473FG63,,10,7,1,0.15,10,0,0,0,0,7,0,0,0,0,national
2025,WA,53073,Whatcom,549300XQVJ1XBNFA5536,21ST MORTGAGE CORPORATION,35,7,14,0.15,35,0,0,0,0,7,0,0,0,0,national
2025,WA,53073,Whatcom,549300XY701IELCE5Q08,BETTER MORTGAGE CORPORATION,40,7,13,0.15,35,4,1,0,0,5,2,0,0,0,national
2025,WA,53073,Whatcom,5493000FWM3I2HHQY149,WASHINGTON STATE EMPLOYEES CREDIT UNION,26,6,14,0.13,25,1,0,0,0,6,0,0,0,0,national
2025,WA,53073,Whatcom,5493002B2WMHY23GFK92,"AMERICAN FINANCIAL RESOURCES, INC.",8,6,0,0.13,5,2,1,0,0,4,1,1,0,0,national
2025,WA,53073,Whatcom,5493007L4GYNO2PUBS09,,7,6,0,0.13,6,1,0,0,0,5,1,0,0,0,national
2025,WA,53073,Whatcom,549300BX448ALT10FI43,The Federal Savings Bank,17,6,0,0.13,6,2,9,0,0,3,1,2,0,0,national
2025,WA,53073,Whatcom,549300FX7K8PTEQUU487,PENTAGON FEDERAL CREDIT UNION,11,6,3,0.13,10,0,1,0,0,5,0,1,0,0,national
2025,WA,53073,Whatcom,549300GS0W0TEUQS8571,"Morgan Stanley Private Bank, National Association",8,6,0,0.13,8,0,0,0,0,6,0,0,0,0,national
2025,WA,53073,Whatcom,549300JYXTZDSPJEPI44,"PLAZA HOME MORTGAGE, INC.",8,6,1,0.13,5,2,1,0,0,4,2,0,0,0,national
2025,WA,53073,Whatcom,C5654JQHZUHN0772B561,USAA Federal Savings Bank,22,6,8,0.13,10,0,12,0,0,2,0,4,0,0,national
2025,WA,53073,Whatcom,PAOOWF3GUFM46FBSP561,,11,6,0,0.13,5,1,5,0,0,3,0,3,0,0,national
2025,WA,53073,Whatcom,X05BVSK68TQ7YTOSNR22,Discover Bank,29,6,18,0.13,29,0,0,0,0,6,0,0,0,0,national
2025,WA,53073,Whatcom,01KWVG908KE7RKPTNP46,HomeStreet Bank,5,5,0,0.1,5,0,0,0,0,5,0,0,0,0,national
2025,WA,53073,Whatcom,2549001SI0EMFPT39035,"Cornerstone First Mortgage, Inc",5,5,0,0.1,4,1,0,0,0,4,1,0,0,0,national
2025,WA,53073,Whatcom,3Y4U8VZURTYWI1W2K376,BMO Bank National Association,10,5,3,0.1,10,0,0,0,0,5,0,0,0,0,national
2025,WA,53073,Whatcom,54930028J11BWKUVGX50,,8,5,2,0.1,8,0,0,0,0,5,0,0,0,0,national
2025,WA,53073,Whatcom,5493008NWHQT1R22C024,"AMERICAN FINANCIAL NETWORK, INC.",8,5,1,0.1,6,2,0,0,0,3,2,0,0,0,national
2025,WA,53073,Whatcom,549300ALNLUNS3Y53T24,AMERICAN FINANCING CORPORATION,18,5,3,0.1,10,8,0,0,0,3,2,0,0,0,national
2025,WA,53073,Whatcom,549300EFCZM6KD6B8K69,MORTGAGE ACCESS CORP.,6,5,0,0.1,6,0,0,0,0,5,0,0,0,0,national
2025,WA,53073,Whatcom,549300EKFFG3BU8DNX74,NEXERA HOLDING LLC,10,5,1,0.1,10,0,0,0,0,5,0,0,0,0,national
2025,WA,53073,Whatcom,549300R77W0P105C3S50,HOMEXPRESS MORTGAGE CORP.,14,5,7,0.1,14,0,0,0,0,5,0,0,0,0,national
2025,WA,53073,Whatcom,549300SK2GVCQXPD4S58,"SUN WEST MORTGAGE COMPANY, INC.",8,5,1,0.1,1,1,6,0,0,1,0,4,0,0,national
2025,WA,53073,Whatcom,254900E6AIE4Z8YQM970,Citadel Servicing Corporation,5,4,0,0.08,5,0,0,0,0,4,0,0,0,0,national
2025,WA,53073,Whatcom,54930021QRU8VXNS6152,Sound Credit Union,7,4,1,0.08,7,0,0,0,0,4,0,0,0,0,national
2025,WA,53073,Whatcom,54930021WPEXNHYZUL09,"PLANET HOME LENDING, LLC",4,4,0,0.08,2,2,0,0,0,2,2,0,0,0,national
2025,WA,53073,Whatcom,549300KTR1JGH3K6LU06,FOURLEAF,11,4,7,0.08,11,0,0,0,0,4,0,0,0,0,national
2025,WA,53073,Whatcom,549300MP3KK77THHQT36,,4,4,0,0.08,4,0,0,0,0,4,0,0,0,0,national
2025,WA,53073,Whatcom,549300Q3ROEQU3D1IW91,,8,4,3,0.08,8,0,0,0,0,4,0,0,0,0,national
2025,WA,53073,Whatcom,549300R9S3MVDV4MGF56,"CARRINGTON MORTGAGE SERVICES, LLC",10,4,5,0.08,8,2,0,0,0,3,1,0,0,0,national
2025,WA,53073,Whatcom,549300UR5AOWTJJ7KZ64,,5,4,0,0.08,5,0,0,0,0,4,0,0,0,0,national
2025,WA,53073,Whatcom,549300UXY7OP0IC38293,Northpointe Bank,6,4,0,0.08,6,0,0,0,0,4,0,0,0,0,national
2025,WA,53073,Whatcom,549300VCMRO4ST680C11,VILLAGE CAPITAL & INVESTMENT LLC,10,4,2,0.08,0,4,6,0,0,0,2,2,0,0,national
2025,WA,53073,Whatcom,549300WJIJV987NXVC31,,7,4,0,0.08,7,0,0,0,0,4,0,0,0,0,national
2025,WA,53073,Whatcom,2549005SIVTHG14U2905,A&D Mortgage LLC,6,3,0,0.06,6,0,0,0,0,3,0,0,0,0,national
2025,WA,53073,Whatcom,254900HEJ9F73IMPX887,,8,3,1,0.06,7,1,0,0,0,2,1,0,0,0,national
2025,WA,53073,Whatcom,5493000349C5XXDRQX28,,3,3,0,0.06,3,0,0,0,0,3,0,0,0,0,national
2025,WA,53073,Whatcom,549300121SF0K2LN2804,"PRIMELENDING, A PLAINSCAPITAL COMPANY",5,3,0,0.06,5,0,0,0,0,3,0,0,0,0,national
2025,WA,53073,Whatcom,54930030Z1JWTP3SVD16,,3,3,0,0.06,1,2,0,0,0,1,2,0,0,0,national
2025,WA,53073,Whatcom,5493004AS1SPBQOFDR49,"Change Lending, LLC",3,3,0,0.06,3,0,0,0,0,3,0,0,0,0,national
2025,WA,53073,Whatcom,5493006VAGP3GQ8FJT49,"Kiavi Funding, Inc.",5,3,0,0.06,5,0,0,0,0,3,0,0,0,0,national
2025,WA,53073,Whatcom,549300A68YW07V5R5G22,,4,3,0,0.06,4,0,0,0,0,3,0,0,0,0,national
2025,WA,53073,Whatcom,549300BLL6VL7AXWYP56,CHURCHILL MORTGAGE CORPORATION,5,3,1,0.06,5,0,0,0,0,3,0,0,0,0,national
2025,WA,53073,Whatcom,549300ISCZS1R0CJMO47,,4,3,0,0.06,4,0,0,0,0,3,0,0,0,0,national
2025,WA,53073,Whatcom,549300K4ZLGS7SRDTL86,Equity Prime Mortgage LLC,6,3,0,0.06,0,3,3,0,0,0,2,1,0,0,national
2025,WA,53073,Whatcom,549300KDR80I1ELW8D36,,11,3,3,0.06,11,0,0,0,0,3,0,0,0,0,national
2025,WA,53073,Whatcom,549300KHXD7JSQUZIJ22,"HIGHLANDS RESIDENTIAL MORTGAGE, LTD.",3,3,0,0.06,3,0,0,0,0,3,0,0,0,0,national
2025,WA,53073,Whatcom,549300KSOOZZVXCMA627,ANGEL OAK MORTGAGE SOLUTIONS LLC,3,3,0,0.06,3,0,0,0,0,3,0,0,0,0,national
2025,WA,53073,Whatcom,549300MHH03ICJYEPE85,,5,3,1,0.06,3,2,0,0,0,2,1,0,0,0,national
2025,WA,53073,Whatcom,549300NWBS6MQJX15N44,,7,3,4,0.06,6,1,0,0,0,3,0,0,0,0,national
2025,WA,53073,Whatcom,549300O6Z0I6KYMESL47,AMWEST FUNDING CORP.,8,3,0,0.06,8,0,0,0,0,3,0,0,0,0,national
2025,WA,53073,Whatcom,549300RPOGWJRH63HS39,UNION HOME MORTGAGE CORP.,3,3,0,0.06,3,0,0,0,0,3,0,0,0,0,national
2025,WA,53073,Whatcom,549300U8DCOOTG96YM89,,3,3,0,0.06,3,0,0,0,0,3,0,0,0,0,national
2025,WA,53073,Whatcom,549300XED7IBK9VVQH70,"PIKE CREEK MORTGAGE SERVICES, INC.",3,3,0,0.06,2,1,0,0,0,2,1,0,0,0,national
2025,WA,53073,Whatcom,549300Y5Y88FQLI7VE83,DEEPHAVEN MORTGAGE LLC,5,3,2,0.06,5,0,0,0,0,3,0,0,0,0,national
2025,WA,53073,Whatcom,549300ZBXINP1Y94CN02,,4,3,1,0.06,3,1,0,0,0,2,1,0,0,0,national
2025,WA,53073,Whatcom,549300ZS1TR1B4LHX377,,4,3,0,0.06,4,0,0,0,0,3,0,0,0,0,national
2025,WA,53073,Whatcom,E57ODZWZ7FF32TWEFA76,"Citibank, National Association",7,3,1,0.06,7,0,0,0,0,3,0,0,0,0,national
2025,WA,53073,Whatcom,1IE8VN30JCEQV1H4R804,,2,2,0,0.04,2,0,0,0,0,2,0,0,0,0,national
2025,WA,53073,Whatcom,2549002VH9C0PKB8K153,,2,2,0,0.04,2,0,0,0,0,2,0,0,0,0,national
2025,WA,53073,Whatcom,254900CTT87ZKAUTIJ37,,2,2,0,0.04,2,0,0,0,0,2,0,0,0,0,national
2025,WA,53073,Whatcom,254900IHSG9OOX0DZH92,,2,2,0,0.04,2,0,0,0,0,2,0,0,0,0,national
2025,WA,53073,Whatcom,254900MKY47WU65N1J56,,2,2,0,0.04,2,0,0,0,0,2,0,0,0,0,national
2025,WA,53073,Whatcom,254900NZOY3XB2DNSZ34,,2,2,0,0.04,2,0,0,0,0,2,0,0,0,0,national
2025,WA,53073,Whatcom,254900VELJPWWT51WN03,,3,2,1,0.04,3,0,0,0,0,2,0,0,0,0,national
2025,WA,53073,Whatcom,2WHM8VNJH63UN14OL754,The Huntington National Bank,2,2,0,0.04,2,0,0,0,0,2,0,0,0,0,national
2025,WA,53073,Whatcom,549300370QILXLFUWD20,"ZILLOW HOME LOANS, LLC",2,2,0,0.04,2,0,0,0,0,2,0,0,0,0,national
2025,WA,53073,Whatcom,54930048P8RWCQHQM310,,2,2,0,0.04,2,0,0,0,0,2,0,0,0,0,national
2025,WA,53073,Whatcom,5493005ICQ3QGEIWV618,UNITED MORTGAGE CORP.,2,2,0,0.04,0,1,0,1,0,0,1,0,1,0,national
2025,WA,53073,Whatcom,5493005PKOSG7MYX0B34,"Prosperity Home Mortgage, LLC",2,2,0,0.04,1,1,0,0,0,1,1,0,0,0,national
2025,WA,53073,Whatcom,5493008SP1FN4D81IS17,,2,2,0,0.04,2,0,0,0,0,2,0,0,0,0,national
2025,WA,53073,Whatcom,5493009B17HXCVXTD608,"JMAC LENDING, INC.",4,2,1,0.04,2,2,0,0,0,1,1,0,0,0,national
2025,WA,53073,Whatcom,549300B4IYL7TZT8FA34,"PREMIER MORTGAGE RESOURCES, L.L.C.",2,2,0,0.04,0,2,0,0,0,0,2,0,0,0,national
2025,WA,53073,Whatcom,549300COIWXM618UBE82,HomeTrust Bank,2,2,0,0.04,2,0,0,0,0,2,0,0,0,0,national
2025,WA,53073,Whatcom,549300ESRQ6OLBB56N04,Glacier Bank,2,2,0,0.04,2,0,0,0,0,2,0,0,0,0,national
2025,WA,53073,Whatcom,549300GTVXJ2PGXNLM73,T2 FINANCIAL LLC,2,2,0,0.04,1,1,0,0,0,1,1,0,0,0,national
2025,WA,53073,Whatcom,549300HV02VPA0FYR272,,2,2,0,0.04,0,2,0,0,0,0,2,0,0,0,national
2025,WA,53073,Whatcom,549300HVW3AI97UKTO72,Wings Financial Credit Union,2,2,0,0.04,2,0,0,0,0,2,0,0,0,0,national
2025,WA,53073,Whatcom,549300IEP77RKJ87Z176,OREGON COMMUNITY,3,2,0,0.04,3,0,0,0,0,2,0,0,0,0,national
2025,WA,53073,Whatcom,549300LLESTPOVRG3X73,,4,2,1,0.04,4,0,0,0,0,2,0,0,0,0,national
2025,WA,53073,Whatcom,549300NLJI4QKZ3D0G94,,3,2,0,0.04,3,0,0,0,0,2,0,0,0,0,national
2025,WA,53073,Whatcom,549300OYEKEORA1GI088,,2,2,0,0.04,0,0,2,0,0,0,0,2,0,0,national
2025,WA,53073,Whatcom,549300PL267CW8182203,,2,2,0,0.04,1,0,1,0,0,1,0,1,0,0,national
2025,WA,53073,Whatcom,549300RA3E0BUFO7YZ21,"Hometown Equity Mortgage, LLC",6,2,3,0.04,6,0,0,0,0,2,0,0,0,0,national
2025,WA,53073,Whatcom,549300VQUTI5IU7GXT57,SECURITYNATIONAL MORTGAGE COMPANY,2,2,0,0.04,1,1,0,0,0,1,1,0,0,0,national
2025,WA,53073,Whatcom,549300ZPSJZO10ZAX556,"AMERICAN HERITAGE LENDING, LLC",4,2,0,0.04,4,0,0,0,0,2,0,0,0,0,national
2025,WA,53073,Whatcom,CKVBED0S4DMLKJJ5XH28,Stifel Bank and Trust,3,2,0,0.04,3,0,0,0,0,2,0,0,0,0,national
2025,WA,53073,Whatcom,Q708HHR4LD2B7XIZNO92,First Federal Bank,6,2,0,0.04,6,0,0,0,0,2,0,0,0,0,national
2025,WA,53073,Whatcom,ZXMJHJK466PBZTM5F379,,2,2,0,0.04,2,0,0,0,0,2,0,0,0,0,national
2025,WA,53073,Whatcom,254900378RFGMBEKAF12,Empeople Credit Union,2,1,0,0.02,2,0,0,0,0,1,0,0,0,0,national
2025,WA,53073,Whatcom,2549005Q4HZ55QX7YC64,,1,1,0,0.02,1,0,0,0,0,1,0,0,0,0,national
2025,WA,53073,Whatcom,2549007IU6SKFLLNKZ07,,1,1,0,0.02,1,0,0,0,0,1,0,0,0,0,national
2025,WA,53073,Whatcom,2549008GIE3QVYB2FT28,,1,1,0,0.02,1,0,0,0,0,1,0,0,0,0,national
2025,WA,53073,Whatcom,2549008TT6UNYR7AXF54,"Sunflower Bank, National Association",2,1,0,0.02,2,0,0,0,0,1,0,0,0,0,national
2025,WA,53073,Whatcom,254900FMBXF85WQYV433,,1,1,0,0.02,1,0,0,0,0,1,0,0,0,0,national
2025,WA,53073,Whatcom,254900HA4DQWAE0W3342,"AMERIHOME MORTGAGE COMPANY, LLC",4,1,0,0.02,1,3,0,0,0,0,1,0,0,0,national
2025,WA,53073,Whatcom,254900KKWIJLOTNP7667,,1,1,0,0.02,1,0,0,0,0,1,0,0,0,0,national
2025,WA,53073,Whatcom,254900N49YI2HHKDPS92,IQ Credit Union,1,1,0,0.02,1,0,0,0,0,1,0,0,0,0,national
2025,WA,53073,Whatcom,254900O28OG3UMHXQY81,,1,1,0,0.02,1,0,0,0,0,1,0,0,0,0,national
2025,WA,53073,Whatcom,254900OHZRY6VWYMJQ91,,1,1,0,0.02,1,0,0,0,0,1,0,0,0,0,national
2025,WA,53073,Whatcom,254900RUCO27MVGTO768,LOAN FUNDER LLC,5,1,2,0.02,5,0,0,0,0,1,0,0,0,0,national
2025,WA,53073,Whatcom,254900SUM1U8US3D2Z03,First Federal Savings Bank of Twin Falls,1,1,0,0.02,1,0,0,0,0,1,0,0,0,0,national
2025,WA,53073,Whatcom,254900WEP08K7U7S3A80,,1,1,0,0.02,0,0,1,0,0,0,0,1,0,0,national
2025,WA,53073,Whatcom,254900WT4HAMDFWH3048,,2,1,0,0.02,0,2,0,0,0,0,1,0,0,0,national
2025,WA,53073,Whatcom,254900WTZC5SSKIN2M11,,1,1,0,0.02,1,0,0,0,0,1,0,0,0,0,national
2025,WA,53073,Whatcom,54930007KK7ZS3IJVC25,RED CANOE CREDIT UNION,2,1,0,0.02,2,0,0,0,0,1,0,0,0,0,national
2025,WA,53073,Whatcom,5493000BAKE4VAHVCU55,,1,1,0,0.02,1,0,0,0,0,1,0,0,0,0,national
2025,WA,53073,Whatcom,5493000EUC3MM52PJV85,,5,1,2,0.02,5,0,0,0,0,1,0,0,0,0,national
2025,WA,53073,Whatcom,5493000H6DFDDJRORG89,,2,1,0,0.02,2,0,0,0,0,1,0,0,0,0,national
2025,WA,53073,Whatcom,5493000IIYWBLONJVJ30,,3,1,2,0.02,3,0,0,0,0,1,0,0,0,0,national
2025,WA,53073,Whatcom,5493000OM9RKJW8W5K82,,1,1,0,0.02,1,0,0,0,0,1,0,0,0,0,national
2025,WA,53073,Whatcom,5493001GDRY0EL7VG372,"ARK-LA-TEX FINANCIAL SERVICES, LLC.",1,1,0,0.02,1,0,0,0,0,1,0,0,0,0,national
2025,WA,53073,Whatcom,54930022CQGV47Q8PM03,,2,1,0,0.02,0,0,2,0,0,0,0,1,0,0,national
2025,WA,53073,Whatcom,5493002TJKC8NLH1ZP82,,2,1,0,0.02,2,0,0,0,0,1,0,0,0,0,national
2025,WA,53073,Whatcom,5493002Y5XYV7DV1ZV88,"GOLD STAR MORTGAGE FINANCIAL GROUP, CORPORATION",3,1,1,0.02,2,1,0,0,0,1,0,0,0,0,national
2025,WA,53073,Whatcom,5493004RLLKTQS8K7U51,,1,1,0,0.02,1,0,0,0,0,1,0,0,0,0,national
2025,WA,53073,Whatcom,5493004T38NMC864VL66,,1,1,0,0.02,1,0,0,0,0,1,0,0,0,0,national
2025,WA,53073,Whatcom,5493006S869XKIESMV41,Mountain America Federal Credit Union,1,1,0,0.02,1,0,0,0,0,1,0,0,0,0,national
2025,WA,53073,Whatcom,5493007CLWQN2S6IZK91,,1,1,0,0.02,1,0,0,0,0,1,0,0,0,0,national
2025,WA,53073,Whatcom,54930083D8Q8RK84Y448,,1,1,0,0.02,1,0,0,0,0,1,0,0,0,0,national
2025,WA,53073,Whatcom,5493008JECR4UE0WVR04,"MORTGAGE EXPRESS, LLC",1,1,0,0.02,1,0,0,0,0,1,0,0,0,0,national
2025,WA,53073,Whatcom,5493009Y8ROUG903AQ21,,1,1,0,0.02,1,0,0,0,0,1,0,0,0,0,national
2025,WA,53073,Whatcom,549300AG10BX85DF5S49,MLD MORTGAGE INC.,1,1,0,0.02,0,1,0,0,0,0,1,0,0,0,national
2025,WA,53073,Whatcom,549300BEFX6JRSCS5N78,Centennial Bank,1,1,0,0.02,1,0,0,0,0,1,0,0,0,0,national
2025,WA,53073,Whatcom,549300BOXNV8VLRBDT24,,3,1,0,0.02,3,0,0,0,0,1,0,0,0,0,national
2025,WA,53073,Whatcom,549300CK7U1WMTIG6687,,1,1,0,0.02,0,1,0,0,0,0,1,0,0,0,national
2025,WA,53073,Whatcom,549300DCGBXW5FJMV921,,1,1,0,0.02,1,0,0,0,0,1,0,0,0,0,national
2025,WA,53073,Whatcom,549300DMHEHNYZ2OLB41,First United Bank and Trust Company,1,1,0,0.02,1,0,0,0,0,1,0,0,0,0,national
2025,WA,53073,Whatcom,549300DNWSJUNAWUM003,,1,1,0,0.02,1,0,0,0,0,1,0,0,0,0,national
2025,WA,53073,Whatcom,549300DRA4BDXW23LD45,,4,1,1,0.02,4,0,0,0,0,1,0,0,0,0,national
2025,WA,53073,Whatcom,549300DU4JZVSGF3G964,,1,1,0,0.02,1,0,0,0,0,1,0,0,0,0,national
2025,WA,53073,Whatcom,549300EKCKDF80ZM4V51,,1,1,0,0.02,1,0,0,0,0,1,0,0,0,0,national
2025,WA,53073,Whatcom,549300F8C5JA44WNMI75,AMERICAN NEIGHBORHOOD MORTGAGE ACCEPTANCE COMPANY LLC,2,1,0,0.02,1,1,0,0,0,0,1,0,0,0,national
2025,WA,53073,Whatcom,549300G5ZQEXZC4Y5G44,,1,1,0,0.02,1,0,0,0,0,1,0,0,0,0,national
2025,WA,53073,Whatcom,549300JQALY53TH22D13,,1,1,0,0.02,1,0,0,0,0,1,0,0,0,0,national
2025,WA,53073,Whatcom,549300K6K2IS7FRS7S09,,1,1,0,0.02,1,0,0,0,0,1,0,0,0,0,national
2025,WA,53073,Whatcom,549300KPHGEE40YQXO21,,1,1,0,0.02,1,0,0,0,0,1,0,0,0,0,national
2025,WA,53073,Whatcom,549300LZUXCJFE5ONM48,,1,1,0,0.02,0,1,0,0,0,0,1,0,0,0,national
2025,WA,53073,Whatcom,549300OLJQ30ZT21BC55,,1,1,0,0.02,1,0,0,0,0,1,0,0,0,0,national
2025,WA,53073,Whatcom,549300OSZK2W0WJYS771,,1,1,0,0.02,1,0,0,0,0,1,0,0,0,0,national
2025,WA,53073,Whatcom,549300P7J9S1WSW4VU68,,1,1,0,0.02,1,0,0,0,0,1,0,0,0,0,national
2025,WA,53073,Whatcom,549300PBTV7FCWLSMM53,"MORTGAGE SOLUTIONS OF COLORADO, LLC",1,1,0,0.02,0,0,1,0,0,0,0,1,0,0,national
2025,WA,53073,Whatcom,549300QDGMFASKEN7Z77,BLAZE CREDIT UNION,1,1,0,0.02,1,0,0,0,0,1,0,0,0,0,national
2025,WA,53073,Whatcom,549300QIUZLVR1OLDH55,Genisys Credit Union,1,1,0,0.02,1,0,0,0,0,1,0,0,0,0,national
2025,WA,53073,Whatcom,549300QKL5FUBZ8LSF50,"NATIONS DIRECT MORTGAGE, LLC",2,1,0,0.02,2,0,0,0,0,1,0,0,0,0,national
2025,WA,53073,Whatcom,549300R0SXC1JU7ZU290,"FIRST COMMUNITY MORTGAGE, INC.",1,1,0,0.02,0,0,0,1,0,0,0,0,1,0,national
2025,WA,53073,Whatcom,549300RFSMIRUODUVW59,First Interstate Bank,2,1,0,0.02,2,0,0,0,0,1,0,0,0,0,national
2025,WA,53073,Whatcom,549300S5FVOSK5DQJN30,INTERCAP LENDING INC.,1,1,0,0.02,1,0,0,0,0,1,0,0,0,0,national
2025,WA,53073,Whatcom,549300TDBTRK89DZRC13,Fibre Federal Credit Union,1,1,0,0.02,1,0,0,0,0,1,0,0,0,0,national
2025,WA,53073,Whatcom,549300TF1E42EUFBSL45,,1,1,0,0.02,0,0,1,0,0,0,0,1,0,0,national
2025,WA,53073,Whatcom,549300TMY3OACQC9U777,,1,1,0,0.02,1,0,0,0,0,1,0,0,0,0,national
2025,WA,53073,Whatcom,549300TUSRLWD8ETNR90,SPOKANE TEACHERS,2,1,0,0.02,2,0,0,0,0,1,0,0,0,0,national
2025,WA,53073,Whatcom,549300UF3FPC7U6RFC59,The Central Trust Bank,1,1,0,0.02,1,0,0,0,0,1,0,0,0,0,national
2025,WA,53073,Whatcom,549300UTE20103B0T339,,2,1,1,0.02,1,1,0,0,0,0,1,0,0,0,national
2025,WA,53073,Whatcom,549300VORTI31GZTJL53,"CARDINAL FINANCIAL COMPANY, LIMITED PARTNERSHIP",3,1,0,0.02,2,1,0,0,0,1,0,0,0,0,national
2025,WA,53073,Whatcom,549300XCVBRR56D08F03,,7,1,0,0.02,7,0,0,0,0,1,0,0,0,0,national
2025,WA,53073,Whatcom,549300YN94MOAVYW0F52,"GoodLeap, LLC",2,1,1,0.02,2,0,0,0,0,1,0,0,0,0,national
2025,WA,53073,Whatcom,549300YW2UBCMDRMBT48,,1,1,0,0.02,0,1,0,0,0,0,1,0,0,0,national
2025,WA,53073,Whatcom,549300ZZME37MXI1EF14,"DAS ACQUISITION COMPANY, LLC",1,1,0,0.02,1,0,0,0,0,1,0,0,0,0,national
2025,WA,53073,Whatcom,8WH0EE09O9V05QJZ3V89,"Zions Bancorporation, N.A.",1,1,0,0.02,1,0,0,0,0,1,0,0,0,0,national
2025,WA,53073,Whatcom,9845005BP6974AE5D838,,3,1,0,0.02,3,0,0,0,0,1,0,0,0,0,national
2025,WA,53073,Whatcom,9845007CY0EC0F59W414,,1,1,0,0.02,1,0,0,0,0,1,0,0,0,0,national
2025,WA,53073,Whatcom,98450087981AP406JG03,CONVENTUS LLC,1,1,0,0.02,1,0,0,0,0,1,0,0,0,0,national
2025,WA,53073,Whatcom,984500F03B9034CQB904,,1,1,0,0.02,1,0,0,0,0,1,0,0,0,0,national
2025,WA,53073,Whatcom,984500U2F9A83N391A91,"CHAMPIONS FUNDING, LLC",4,1,2,0.02,4,0,0,0,0,1,0,0,0,0,national
2025,WA,53073,Whatcom,C398JSK21YCXWM603F55,"Barrington Bank & Trust Company, National Association",2,1,0,0.02,1,0,1,0,0,0,0,1,0,0,national
2025,WA,53073,Whatcom,DRMSV1Q0EKMEXLAU1P80,"Citizens Bank, National Association",1,1,0,0.02,1,0,0,0,0,1,0,0,0,0,national
2025,WA,53073,Whatcom,FT6J43S06X6CLJ0R0B48,Cathay Bank,1,1,0,0.02,1,0,0,0,0,1,0,0,0,0,national
2025,WA,53073,Whatcom,HIDXEG9BLUJZKBGUT764,Bank-Fund Staff Federal Credit Union,1,1,0,0.02,1,0,0,0,0,1,0,0,0,0,national
2025,WA,53073,Whatcom,JJKC32MCHWDI71265Z06,Truist Bank,1,1,0,0.02,1,0,0,0,0,1,0,0,0,0,national
2025,WA,53073,Whatcom,QFROUN1UWUYU0DVIWD51,"Eagle Home Mortgage, LLC",3,1,0,0.02,3,0,0,0,0,1,0,0,0,0,national
2025,WA,53073,Whatcom,WKN6AF1FCL7BBYGTGI83,,1,1,0,0.02,1,0,0,0,0,1,0,0,0,0,national
2025,WA,53073,Whatcom,XC7Z0BA39TU7L1AKOJ12,First American Bank,1,1,0,0.02,1,0,0,0,0,1,0,0,0,0,national
2025,WA,53073,Whatcom,54930091JQKCU3Z6IP44,,11,0,0,0.0,11,0,0,0,0,0,0,0,0,0,national
2025,WA,53073,Whatcom,549300SUCQ1358EGVE89,"NEW DAY FINANCIAL, LLC",16,0,3,0.0,0,0,16,0,0,0,0,0,0,0,national
2025,WA,53075,Whitman,549300VZVN841I2ILS84,"CROSSCOUNTRY MORTGAGE, LLC",79,62,0,8.41,64,10,4,1,0,50,9,2,1,0,national
2025,WA,53075,Whitman,549300FGXN1K3HLB1R50,"Rocket Mortgage, LLC",74,56,11,7.6,62,9,3,0,0,47,8,1,0,0,national
2025,WA,53075,Whitman,549300AQ3T62GXDU7D76,GUILD MORTGAGE COMPANY LLC,64,50,1,6.78,50,11,3,0,0,39,8,3,0,0,national
2025,WA,53075,Whitman,5493000FWM3I2HHQY149,WASHINGTON STATE EMPLOYEES CREDIT UNION,75,46,19,6.24,73,2,0,0,0,45,1,0,0,0,national
2025,WA,53075,Whitman,254900LX8DA8FRHUUD51,Potlatch No. 1 Financial Credit Union,56,36,2,4.88,56,0,0,0,0,36,0,0,0,0,national
2025,WA,53075,Whitman,549300HW662MN1WU8550,"United Wholesale Mortgage, LLC",42,36,4,4.88,26,10,6,0,0,23,8,5,0,0,national
2025,WA,53075,Whitman,549300GKFNPRWNS0GF29,"AmeriHome Mortgage Company, LLC",54,35,2,4.75,41,9,2,2,0,27,5,2,1,0,national
2025,WA,53075,Whitman,5493001PXRJMPLXPG540,IDAHO CENTRAL CREDIT UNION,43,29,3,3.93,40,2,1,0,0,26,2,1,0,0,national
2025,WA,53075,Whitman,549300P2GEYNMH5OQA71,WASHINGTON TRUST BANK,36,26,5,3.53,35,1,0,0,0,25,1,0,0,0,national
2025,WA,53075,Whitman,WE0I402RW25AU38DTI13,Banner Bank,28,17,8,2.31,28,0,0,0,0,17,0,0,0,0,national
2025,WA,53075,Whitman,549300FNXYY540N23N64,Newrez LLC,30,15,0,2.04,17,3,10,0,0,12,0,3,0,0,national
2025,WA,53075,Whitman,IFQSIUC9AGQV2NE8CN25,Columbia Bank,24,15,4,2.04,23,1,0,0,0,14,1,0,0,0,national
2025,WA,53075,Whitman,549300LYRWPSYPK6S325,FREEDOM MORTGAGE CORPORATION,25,14,2,1.9,0,11,14,0,0,0,5,9,0,0,national
2025,WA,53075,Whitman,5493001B4U37VT2ML818,GESA CREDIT UNION,18,13,2,1.76,18,0,0,0,0,13,0,0,0,0,national
2025,WA,53075,Whitman,6BYL5QZYBDK8S7L73M02,U.S. Bank National Association,31,13,12,1.76,29,2,0,0,0,13,0,0,0,0,national
2025,WA,53075,Whitman,RVDPPPGHCGZ40J4VQ731,"PENNYMAC LOAN SERVICES, LLC",16,13,1,1.76,12,2,2,0,0,9,2,2,0,0,national
2025,WA,53075,Whitman,549300MZ8VZJOVC63092,"KIND LENDING, LLC",15,12,2,1.63,11,3,1,0,0,9,2,1,0,0,national
2025,WA,53075,Whitman,549300TUSRLWD8ETNR90,SPOKANE TEACHERS,22,11,4,1.49,22,0,0,0,0,11,0,0,0,0,national
2025,WA,53075,Whitman,549300DD5QQUHO6PCH70,"MORTGAGE RESEARCH CENTER, LLC",19,9,1,1.22,2,0,17,0,0,1,0,8,0,0,national
2025,WA,53075,Whitman,549300KIOYNU323LVJ37,AMERICAN PACIFIC MORTGAGE CORPORATION,11,9,0,1.22,10,1,0,0,0,8,1,0,0,0,national
2025,WA,53075,Whitman,5493003GQDUH26DNNH17,Navy Federal Credit Union,13,8,2,1.09,10,0,3,0,0,7,0,1,0,0,national
2025,WA,53075,Whitman,549300CB67L6KPJLHE19,"TRIAD FINANCIAL SERVICES, INC.",15,8,5,1.09,15,0,0,0,0,8,0,0,0,0,national
2025,WA,53075,Whitman,549300N52O6FKUCU5G62,NUMERICA CREDIT UNION,13,8,3,1.09,10,2,0,1,0,7,1,0,0,0,national
2025,WA,53075,Whitman,7H6GLXDRUGQFU57RNE97,"JPMorgan Chase Bank, National Association",17,7,3,0.95,17,0,0,0,0,7,0,0,0,0,national
2025,WA,53075,Whitman,8WH0EE09O9V05QJZ3V89,"Zions Bancorporation, N.A.",13,7,2,0.95,13,0,0,0,0,7,0,0,0,0,national
2025,WA,53075,Whitman,549300LBCBNR1OT00651,NATIONSTAR MORTGAGE LLC,9,6,1,0.81,9,0,0,0,0,6,0,0,0,0,national
2025,WA,53075,Whitman,549300U3721PJGQZYY68,"GUARANTEED RATE, INC.",10,6,0,0.81,9,1,0,0,0,5,1,0,0,0,national
2025,WA,53075,Whitman,254900N133DZGPB2X985,,5,5,0,0.68,5,0,0,0,0,5,0,0,0,0,national
2025,WA,53075,Whitman,254900UL88QFG0E40516,FIGURE LENDING LLC,7,5,0,0.68,7,0,0,0,0,5,0,0,0,0,national
2025,WA,53075,Whitman,54930060G4MDPWHISD89,EVERGREEN MONEYSOURCE MORTGAGE COMPANY,7,5,0,0.68,5,2,0,0,0,3,2,0,0,0,national
2025,WA,53075,Whitman,549300AG10BX85DF5S49,MLD MORTGAGE INC.,6,5,0,0.68,6,0,0,0,0,5,0,0,0,0,national
2025,WA,53075,Whitman,549300AG64NHILB7ZP05,"LOANDEPOT.COM, LLC",9,5,1,0.68,8,1,0,0,0,4,1,0,0,0,national
2025,WA,53075,Whitman,549300DD4R4SYK5RAQ92,"MOVEMENT MORTGAGE, LLC",8,5,0,0.68,5,2,1,0,0,3,1,1,0,0,national
2025,WA,53075,Whitman,549300ZWNETGFXTBBY03,"CANOPY MORTGAGE, LLC",8,5,0,0.68,3,4,1,0,0,2,2,1,0,0,national
2025,WA,53075,Whitman,25490066WMF8ZMQXQB18,"Lendage, LLC",6,4,1,0.54,6,0,0,0,0,4,0,0,0,0,national
2025,WA,53075,Whitman,5493008VVXQIDO1EZ460,"SUMMIT FUNDING, INC.",4,4,0,0.54,2,2,0,0,0,2,2,0,0,0,national
2025,WA,53075,Whitman,549300ESRQ6OLBB56N04,Glacier Bank,4,4,0,0.54,3,1,0,0,0,3,1,0,0,0,national
2025,WA,53075,Whitman,549300YIQ7S7Z8PIHE53,AMERISAVE MORTGAGE CORPORATION,11,4,5,0.54,10,1,0,0,0,4,0,0,0,0,national
2025,WA,53075,Whitman,2549008TT6UNYR7AXF54,"Sunflower Bank, National Association",4,3,0,0.41,4,0,0,0,0,3,0,0,0,0,national
2025,WA,53075,Whitman,254900N49YI2HHKDPS92,IQ Credit Union,4,3,1,0.41,4,0,0,0,0,3,0,0,0,0,national
2025,WA,53075,Whitman,5493001WHVQBGRSWEU75,"HOMEBRIDGE FINANCIAL SERVICES, INC.",3,3,0,0.41,2,1,0,0,0,2,1,0,0,0,national
2025,WA,53075,Whitman,54930021WPEXNHYZUL09,"PLANET HOME LENDING, LLC",3,3,0,0.41,0,1,2,0,0,0,1,2,0,0,national
2025,WA,53075,Whitman,5493008NWHQT1R22C024,"AMERICAN FINANCIAL NETWORK, INC.",3,3,0,0.41,1,2,0,0,0,1,2,0,0,0,national
2025,WA,53075,Whitman,5493009HUMWCHFRDKF12,SAMMAMISH MORTGAGE COMPANY,3,3,0,0.41,3,0,0,0,0,3,0,0,0,0,national
2025,WA,53075,Whitman,549300E2UX99HKDBR481,"NEW AMERICAN FUNDING, LLC",8,3,1,0.41,4,3,1,0,0,2,1,0,0,0,national
2025,WA,53075,Whitman,549300MGPZBLQDIL7538,FAIRWAY INDEPENDENT MORTGAGE CORPORATION,10,3,2,0.41,9,1,0,0,0,3,0,0,0,0,national
2025,WA,53075,Whitman,549300T94GSH3C4U5M59,ALLIANT CREDIT UNION,5,3,1,0.41,5,0,0,0,0,3,0,0,0,0,national
2025,WA,53075,Whitman,549300XY701IELCE5Q08,BETTER MORTGAGE CORPORATION,6,3,3,0.41,6,0,0,0,0,3,0,0,0,0,national
2025,WA,53075,Whitman,549300Y5Y88FQLI7VE83,DEEPHAVEN MORTGAGE LLC,3,3,0,0.41,3,0,0,0,0,3,0,0,0,0,national
2025,WA,53075,Whitman,549300ZBXINP1Y94CN02,,4,3,0,0.41,3,0,1,0,0,2,0,1,0,0,national
2025,WA,53075,Whitman,C5654JQHZUHN0772B561,USAA Federal Savings Bank,5,3,2,0.41,3,0,2,0,0,1,0,2,0,0,national
2025,WA,53075,Whitman,2549004FXPNKCLIN8250,"Synergy One Lending, Inc.",6,2,2,0.27,5,1,0,0,0,1,1,0,0,0,national
2025,WA,53075,Whitman,254900E6AIE4Z8YQM970,Citadel Servicing Corporation,3,2,0,0.27,3,0,0,0,0,2,0,0,0,0,national
2025,WA,53075,Whitman,254900ZFWS2106HWPH46,"PARAMOUNT RESIDENTIAL MORTGAGE GROUP, INC.",2,2,0,0.27,2,0,0,0,0,2,0,0,0,0,national
2025,WA,53075,Whitman,2WHM8VNJH63UN14OL754,The Huntington National Bank,2,2,0,0.27,2,0,0,0,0,2,0,0,0,0,national
2025,WA,53075,Whitman,3Y4U8VZURTYWI1W2K376,BMO Bank National Association,3,2,0,0.27,3,0,0,0,0,2,0,0,0,0,national
2025,WA,53075,Whitman,5493003NV9L53LK1XI52,,3,2,0,0.27,2,1,0,0,0,1,1,0,0,0,national
2025,WA,53075,Whitman,54930049L5WINET09Q97,"CLICK N' CLOSE, INC.",4,2,0,0.27,2,2,0,0,0,1,1,0,0,0,national
2025,WA,53075,Whitman,549300J6N77Q8OHYNF23,,2,2,0,0.27,0,2,0,0,0,0,2,0,0,0,national
2025,WA,53075,Whitman,549300KM40FP4MSQU941,Boeing Employees Credit Union,8,2,3,0.27,7,0,1,0,0,2,0,0,0,0,national
2025,WA,53075,Whitman,549300NOCASXPA34X033,"LAKEVIEW LOAN SERVICING, LLC",7,2,3,0.27,1,2,4,0,0,0,0,2,0,0,national
2025,WA,53075,Whitman,549300PIL8LFAQ04XC20,Better Mortgage Corporation,8,2,3,0.27,8,0,0,0,0,2,0,0,0,0,national
2025,WA,53075,Whitman,549300Q02LGIN9AXKP98,FIRST TECHNOLOGY FEDERAL CREDIT UNION,2,2,0,0.27,2,0,0,0,0,2,0,0,0,0,national
2025,WA,53075,Whitman,549300S5YL3OH0IVCS62,FINANCE OF AMERICA REVERSE LLC,3,2,0,0.27,2,1,0,0,0,1,1,0,0,0,national
2025,WA,53075,Whitman,C398JSK21YCXWM603F55,"Barrington Bank & Trust Company, National Association",2,2,0,0.27,2,0,0,0,0,2,0,0,0,0,national
2025,WA,53075,Whitman,2549004XDCE3LGQW7H72,,1,1,0,0.14,1,0,0,0,0,1,0,0,0,0,national
2025,WA,53075,Whitman,2549005SIVTHG14U2905,A&D Mortgage LLC,1,1,0,0.14,1,0,0,0,0,1,0,0,0,0,national
2025,WA,53075,Whitman,2549007AU24FVDMNUB40,,1,1,0,0.14,1,0,0,0,0,1,0,0,0,0,national
2025,WA,53075,Whitman,254900DTLHVWQ7NP7R34,"CMG Mortgage, Inc.",2,1,0,0.14,2,0,0,0,0,1,0,0,0,0,national
2025,WA,53075,Whitman,254900HA4DQWAE0W3342,"AMERIHOME MORTGAGE COMPANY, LLC",1,1,0,0.14,1,0,0,0,0,1,0,0,0,0,national
2025,WA,53075,Whitman,254900HEJ9F73IMPX887,,2,1,0,0.14,2,0,0,0,0,1,0,0,0,0,national
2025,WA,53075,Whitman,254900NZOY3XB2DNSZ34,,1,1,0,0.14,1,0,0,0,0,1,0,0,0,0,national
2025,WA,53075,Whitman,254900O1J92J7KPVMG08,,1,1,0,0.14,1,0,0,0,0,1,0,0,0,0,national
2025,WA,53075,Whitman,254900QPRPHIXEAX3L37,,2,1,0,0.14,2,0,0,0,0,1,0,0,0,0,national
2025,WA,53075,Whitman,254900TTZ395IC926125,,2,1,0,0.14,1,0,1,0,0,1,0,0,0,0,national
2025,WA,53075,Whitman,5493000H6DFDDJRORG89,,1,1,0,0.14,1,0,0,0,0,1,0,0,0,0,national
2025,WA,53075,Whitman,5493000OOREHUZON5E13,,1,1,0,0.14,1,0,0,0,0,1,0,0,0,0,national
2025,WA,53075,Whitman,5493001SDQVS1NWYH012,,1,1,0,0.14,1,0,0,0,0,1,0,0,0,0,national
2025,WA,53075,Whitman,54930022CQGV47Q8PM03,,1,1,0,0.14,0,0,1,0,0,0,0,1,0,0,national
2025,WA,53075,Whitman,54930028J11BWKUVGX50,,1,1,0,0.14,1,0,0,0,0,1,0,0,0,0,national
2025,WA,53075,Whitman,549300370QILXLFUWD20,"ZILLOW HOME LOANS, LLC",2,1,0,0.14,2,0,0,0,0,1,0,0,0,0,national
2025,WA,53075,Whitman,5493004F7BXDIUFVPV87,,1,1,0,0.14,1,0,0,0,0,1,0,0,0,0,national
2025,WA,53075,Whitman,5493004RLLKTQS8K7U51,,1,1,0,0.14,1,0,0,0,0,1,0,0,0,0,national
2025,WA,53075,Whitman,5493006RIR31ORKYB608,,1,1,0,0.14,0,1,0,0,0,0,1,0,0,0,national
2025,WA,53075,Whitman,5493006VAGP3GQ8FJT49,"Kiavi Funding, Inc.",1,1,0,0.14,1,0,0,0,0,1,0,0,0,0,national
2025,WA,53075,Whitman,5493007CLWQN2S6IZK91,,1,1,0,0.14,0,0,1,0,0,0,0,1,0,0,national
2025,WA,53075,Whitman,5493008SP1FN4D81IS17,,1,1,0,0.14,1,0,0,0,0,1,0,0,0,0,national
2025,WA,53075,Whitman,549300ALNLUNS3Y53T24,AMERICAN FINANCING CORPORATION,4,1,2,0.14,1,3,0,0,0,0,1,0,0,0,national
2025,WA,53075,Whitman,549300AT7EB9FJAF0E61,Old National Bank,1,1,0,0.14,1,0,0,0,0,1,0,0,0,0,national
2025,WA,53075,Whitman,549300BLL6VL7AXWYP56,CHURCHILL MORTGAGE CORPORATION,1,1,0,0.14,1,0,0,0,0,1,0,0,0,0,national
2025,WA,53075,Whitman,549300CLRXFVF83ZL806,"NATIONWIDE MORTGAGE BANKERS, INC.",1,1,0,0.14,1,0,0,0,0,1,0,0,0,0,national
2025,WA,53075,Whitman,549300DK7QID2ZON6Q55,Global Federal Credit Union,3,1,0,0.14,3,0,0,0,0,1,0,0,0,0,national
2025,WA,53075,Whitman,549300F8C5JA44WNMI75,AMERICAN NEIGHBORHOOD MORTGAGE ACCEPTANCE COMPANY LLC,1,1,0,0.14,1,0,0,0,0,1,0,0,0,0,national
2025,WA,53075,Whitman,549300FX7K8PTEQUU487,PENTAGON FEDERAL CREDIT UNION,3,1,2,0.14,1,1,1,0,0,0,0,1,0,0,national
2025,WA,53075,Whitman,549300HIVO8XPBPNVG69,NOVA FINANCIAL & INVESTMENT CORPORATION,1,1,0,0.14,0,1,0,0,0,0,1,0,0,0,national
2025,WA,53075,Whitman,549300IFOE4SCP384147,University Bank,1,1,0,0.14,1,0,0,0,0,1,0,0,0,0,national
2025,WA,53075,Whitman,549300KHXD7JSQUZIJ22,"HIGHLANDS RESIDENTIAL MORTGAGE, LTD.",1,1,0,0.14,1,0,0,0,0,1,0,0,0,0,national
2025,WA,53075,Whitman,549300KJ8PAJ7E52HG32,Plains Commerce Bank,2,1,0,0.14,2,0,0,0,0,1,0,0,0,0,national
2025,WA,53075,Whitman,549300LROQOOQU77WS20,,2,1,0,0.14,2,0,0,0,0,1,0,0,0,0,national
2025,WA,53075,Whitman,549300PBTV7FCWLSMM53,"MORTGAGE SOLUTIONS OF COLORADO, LLC",1,1,0,0.14,1,0,0,0,0,1,0,0,0,0,national
2025,WA,53075,Whitman,549300R9S3MVDV4MGF56,"CARRINGTON MORTGAGE SERVICES, LLC",2,1,1,0.14,1,0,1,0,0,0,0,1,0,0,national
2025,WA,53075,Whitman,549300RN01LBYR8ZVX74,"LOWER, LLC",1,1,0,0.14,0,1,0,0,0,0,1,0,0,0,national
2025,WA,53075,Whitman,549300RPOGWJRH63HS39,UNION HOME MORTGAGE CORP.,1,1,0,0.14,1,0,0,0,0,1,0,0,0,0,national
2025,WA,53075,Whitman,549300S8TEY5RFIBTE30,,1,1,0,0.14,1,0,0,0,0,1,0,0,0,0,national
2025,WA,53075,Whitman,549300SK2GVCQXPD4S58,"SUN WEST MORTGAGE COMPANY, INC.",2,1,0,0.14,1,0,1,0,0,0,0,1,0,0,national
2025,WA,53075,Whitman,549300TF1E42EUFBSL45,,1,1,0,0.14,1,0,0,0,0,1,0,0,0,0,national
2025,WA,53075,Whitman,549300UR5AOWTJJ7KZ64,,1,1,0,0.14,1,0,0,0,0,1,0,0,0,0,national
2025,WA,53075,Whitman,549300VQUTI5IU7GXT57,SECURITYNATIONAL MORTGAGE COMPANY,1,1,0,0.14,0,1,0,0,0,0,1,0,0,0,national
2025,WA,53075,Whitman,549300XCVBRR56D08F03,,3,1,1,0.14,1,2,0,0,0,0,1,0,0,0,national
2025,WA,53075,Whitman,549300XQVJ1XBNFA5536,21ST MORTGAGE CORPORATION,8,1,3,0.14,8,0,0,0,0,1,0,0,0,0,national
2025,WA,53075,Whitman,549300XRXBA38J60S618,,1,1,0,0.14,1,0,0,0,0,1,0,0,0,0,national
2025,WA,53075,Whitman,549300ZIQ24V0C88AC41,GTE Federal Credit Union,1,1,0,0.14,1,0,0,0,0,1,0,0,0,0,national
2025,WA,53075,Whitman,B4TYDEB6GKMZO031MB27,"Bank of America, National Association",11,1,6,0.14,11,0,0,0,0,1,0,0,0,0,national
2025,WA,53075,Whitman,HUX2X73FUCYHUVH1BK78,KeyBank National Association,2,1,0,0.14,2,0,0,0,0,1,0,0,0,0,national
2025,WA,53075,Whitman,KB1H1DSPRFMYMCUFXT09,"Wells Fargo Bank, National Association",3,1,1,0.14,3,0,0,0,0,1,0,0,0,0,national
2025,WA,53075,Whitman,LDVFX8JEECFFE8HRWA73,First National Bank of Omaha,1,1,0,0.14,1,0,0,0,0,1,0,0,0,0,national
2025,WA,53075,Whitman,X05BVSK68TQ7YTOSNR22,Discover Bank,7,1,4,0.14,7,0,0,0,0,1,0,0,0,0,national
2025,WA,53075,Whitman,54930054ET8KM4O1D485,"SOFI BANK, NATIONAL ASSOCIATION",5,0,0,0.0,5,0,0,0,0,0,0,0,0,0,national
2025,WA,53075,Whitman,549300K4ZLGS7SRDTL86,Equity Prime Mortgage LLC,5,0,0,0.0,0,1,4,0,0,0,0,0,0,0,national
2025,WA,53075,Whitman,549300SUCQ1358EGVE89,"NEW DAY FINANCIAL, LLC",6,0,2,0.0,0,0,6,0,0,0,0,0,0,0,national
2025,WA,53077,Yakima,549300GKFNPRWNS0GF29,"AmeriHome Mortgage Company, LLC",1079,858,22,20.3,453,328,39,259,0,335,271,30,222,0,national
2025,WA,53077,Yakima,549300FGXN1K3HLB1R50,"Rocket Mortgage, LLC",378,241,85,5.7,282,75,21,0,0,188,39,14,0,0,national
2025,WA,53077,Yakima,549300GGB04TG4AH1377,,447,236,141,5.58,447,0,0,0,0,236,0,0,0,0,national
2025,WA,53077,Yakima,549300E2UX99HKDBR481,"NEW AMERICAN FUNDING, LLC",308,192,12,4.54,194,101,13,0,0,120,61,11,0,0,national
2025,WA,53077,Yakima,5493001B4U37VT2ML818,GESA CREDIT UNION,320,189,83,4.47,319,1,0,0,0,189,0,0,0,0,national
2025,WA,53077,Yakima,5493005JXQCVNMUHBR38,,266,189,30,4.47,266,0,0,0,0,189,0,0,0,0,national
2025,WA,53077,Yakima,549300KIOYNU323LVJ37,AMERICAN PACIFIC MORTGAGE CORPORATION,228,175,17,4.14,121,101,6,0,0,93,78,4,0,0,national
2025,WA,53077,Yakima,2549004FXPNKCLIN8250,"Synergy One Lending, Inc.",230,164,16,3.88,137,82,11,0,0,100,58,6,0,0,national
2025,WA,53077,Yakima,549300HW662MN1WU8550,"United Wholesale Mortgage, LLC",185,122,30,2.89,68,62,55,0,0,49,33,40,0,0,national
2025,WA,53077,Yakima,549300VZVN841I2ILS84,"CROSSCOUNTRY MORTGAGE, LLC",148,96,5,2.27,96,37,15,0,0,65,20,11,0,0,national
2025,WA,53077,Yakima,549300AQ3T62GXDU7D76,GUILD MORTGAGE COMPANY LLC,123,93,5,2.2,81,33,9,0,0,64,25,4,0,0,national
2025,WA,53077,Yakima,6BYL5QZYBDK8S7L73M02,U.S. Bank National Association,194,82,82,1.94,186,6,2,0,0,78,3,1,0,0,national
2025,WA,53077,Yakima,WE0I402RW25AU38DTI13,Banner Bank,169,82,65,1.94,162,7,0,0,0,78,4,0,0,0,national
2025,WA,53077,Yakima,5493000FWM3I2HHQY149,WASHINGTON STATE EMPLOYEES CREDIT UNION,182,79,90,1.87,176,5,1,0,0,76,3,0,0,0,national
2025,WA,53077,Yakima,54930097J3TUZXBXXE75,,139,59,48,1.4,133,6,0,0,0,59,0,0,0,0,national
2025,WA,53077,Yakima,549300AG64NHILB7ZP05,"LOANDEPOT.COM, LLC",87,48,27,1.14,63,17,7,0,0,36,9,3,0,0,national
2025,WA,53077,Yakima,549300FNXYY540N23N64,Newrez LLC,137,46,22,1.09,93,27,17,0,0,39,5,2,0,0,national
2025,WA,53077,Yakima,549300LYRWPSYPK6S325,FREEDOM MORTGAGE CORPORATION,104,44,5,1.04,9,63,32,0,0,3,23,18,0,0,national
2025,WA,53077,Yakima,7H6GLXDRUGQFU57RNE97,"JPMorgan Chase Bank, National Association",63,43,8,1.02,57,4,2,0,0,38,4,1,0,0,national
2025,WA,53077,Yakima,549300DD5QQUHO6PCH70,"MORTGAGE RESEARCH CENTER, LLC",87,39,21,0.92,4,3,80,0,0,1,0,38,0,0,national
2025,WA,53077,Yakima,HUX2X73FUCYHUVH1BK78,KeyBank National Association,94,39,37,0.92,85,9,0,0,0,34,5,0,0,0,national
2025,WA,53077,Yakima,549300121SF0K2LN2804,"PRIMELENDING, A PLAINSCAPITAL COMPANY",48,38,2,0.9,27,19,1,1,0,20,16,1,1,0,national
2025,WA,53077,Yakima,5493003T5D4N1CM46J77,1st Security Bank of Washington,43,38,1,0.9,23,18,2,0,0,20,16,2,0,0,national
2025,WA,53077,Yakima,IFQSIUC9AGQV2NE8CN25,Columbia Bank,65,34,14,0.8,60,5,0,0,0,33,1,0,0,0,national
2025,WA,53077,Yakima,549300LBCBNR1OT00651,NATIONSTAR MORTGAGE LLC,52,33,5,0.78,40,12,0,0,0,28,5,0,0,0,national
2025,WA,53077,Yakima,3Y4U8VZURTYWI1W2K376,BMO Bank National Association,107,32,54,0.76,100,7,0,0,0,31,1,0,0,0,national
2025,WA,53077,Yakima,RVDPPPGHCGZ40J4VQ731,"PENNYMAC LOAN SERVICES, LLC",89,32,14,0.76,47,34,8,0,0,25,5,2,0,0,national
2025,WA,53077,Yakima,549300KM40FP4MSQU941,Boeing Employees Credit Union,50,29,10,0.69,50,0,0,0,0,29,0,0,0,0,national
2025,WA,53077,Yakima,254900UL88QFG0E40516,FIGURE LENDING LLC,44,28,8,0.66,44,0,0,0,0,28,0,0,0,0,national
2025,WA,53077,Yakima,549300CB67L6KPJLHE19,"TRIAD FINANCIAL SERVICES, INC.",130,28,48,0.66,130,0,0,0,0,28,0,0,0,0,national
2025,WA,53077,Yakima,549300CY7WNAHKHYSJ73,"CORNERSTONE CAPITAL BANK, SSB",28,23,0,0.54,21,4,3,0,0,17,4,2,0,0,national
2025,WA,53077,Yakima,549300DD4R4SYK5RAQ92,"MOVEMENT MORTGAGE, LLC",30,23,1,0.54,24,6,0,0,0,18,5,0,0,0,national
2025,WA,53077,Yakima,549300OPCWU6E72WUT29,"MUTUAL OF OMAHA MORTGAGE, INC.",41,23,4,0.54,17,20,4,0,0,12,10,1,0,0,national
2025,WA,53077,Yakima,254900DTLHVWQ7NP7R34,"CMG Mortgage, Inc.",27,21,2,0.5,25,0,2,0,0,19,0,2,0,0,national
2025,WA,53077,Yakima,549300YIQ7S7Z8PIHE53,AMERISAVE MORTGAGE CORPORATION,63,21,36,0.5,47,13,3,0,0,20,1,0,0,0,national
2025,WA,53077,Yakima,549300PIL8LFAQ04XC20,Better Mortgage Corporation,67,19,38,0.45,67,0,0,0,0,19,0,0,0,0,national
2025,WA,53077,Yakima,5493008NWHQT1R22C024,"AMERICAN FINANCIAL NETWORK, INC.",35,18,7,0.43,21,11,2,1,0,9,7,2,0,0,national
2025,WA,53077,Yakima,549300TUSRLWD8ETNR90,SPOKANE TEACHERS,29,18,7,0.43,28,1,0,0,0,17,1,0,0,0,national
2025,WA,53077,Yakima,549300ESRQ6OLBB56N04,Glacier Bank,34,17,5,0.4,26,7,0,1,0,14,3,0,0,0,national
2025,WA,53077,Yakima,5493001GCBD5XGNIC815,Coastal Community Bank,45,15,3,0.35,45,0,0,0,0,15,0,0,0,0,national
2025,WA,53077,Yakima,5493003GQDUH26DNNH17,Navy Federal Credit Union,34,14,9,0.33,24,0,10,0,0,7,0,7,0,0,national
2025,WA,53077,Yakima,549300J6N77Q8OHYNF23,,19,13,0,0.31,8,11,0,0,0,6,7,0,0,0,national
2025,WA,53077,Yakima,549300DU4JZVSGF3G964,,17,12,1,0.28,17,0,0,0,0,12,0,0,0,0,national
2025,WA,53077,Yakima,549300N52O6FKUCU5G62,NUMERICA CREDIT UNION,30,12,16,0.28,26,4,0,0,0,11,1,0,0,0,national
2025,WA,53077,Yakima,549300RPOGWJRH63HS39,UNION HOME MORTGAGE CORP.,17,12,1,0.28,10,4,3,0,0,8,3,1,0,0,national
2025,WA,53077,Yakima,549300UHEEV73TKCZY62,,12,12,0,0.28,12,0,0,0,0,12,0,0,0,0,national
2025,WA,53077,Yakima,549300YN94MOAVYW0F52,"GoodLeap, LLC",21,12,7,0.28,11,10,0,0,0,8,4,0,0,0,national
2025,WA,53077,Yakima,B4TYDEB6GKMZO031MB27,"Bank of America, National Association",49,12,25,0.28,49,0,0,0,0,12,0,0,0,0,national
2025,WA,53077,Yakima,KB1H1DSPRFMYMCUFXT09,"Wells Fargo Bank, National Association",31,12,6,0.28,30,1,0,0,0,12,0,0,0,0,national
2025,WA,53077,Yakima,549300Z2B4FHRYOXTS09,,28,11,13,0.26,28,0,0,0,0,11,0,0,0,0,national
2025,WA,53077,Yakima,5493007QERYQSQ3QNH02,,22,10,6,0.24,22,0,0,0,0,10,0,0,0,0,national
2025,WA,53077,Yakima,5493008VVXQIDO1EZ460,"SUMMIT FUNDING, INC.",13,10,0,0.24,7,5,1,0,0,5,4,1,0,0,national
2025,WA,53077,Yakima,549300AG10BX85DF5S49,MLD MORTGAGE INC.,11,10,0,0.24,8,1,2,0,0,8,1,1,0,0,national
2025,WA,53077,Yakima,549300R9S3MVDV4MGF56,"CARRINGTON MORTGAGE SERVICES, LLC",32,10,14,0.24,13,17,2,0,0,2,7,1,0,0,national
2025,WA,53077,Yakima,2549001SI0EMFPT39035,"Cornerstone First Mortgage, Inc",12,9,0,0.21,5,5,2,0,0,4,3,2,0,0,national
2025,WA,53077,Yakima,254900ZFWS2106HWPH46,"PARAMOUNT RESIDENTIAL MORTGAGE GROUP, INC.",15,9,0,0.21,9,5,1,0,0,5,3,1,0,0,national
2025,WA,53077,Yakima,5493001PXRJMPLXPG540,IDAHO CENTRAL CREDIT UNION,16,9,3,0.21,15,0,1,0,0,9,0,0,0,0,national
2025,WA,53077,Yakima,549300B4IYL7TZT8FA34,"PREMIER MORTGAGE RESOURCES, L.L.C.",14,9,0,0.21,12,2,0,0,0,7,2,0,0,0,national
2025,WA,53077,Yakima,549300BX448ALT10FI43,The Federal Savings Bank,20,9,5,0.21,2,1,17,0,0,2,0,7,0,0,national
2025,WA,53077,Yakima,549300XQVJ1XBNFA5536,21ST MORTGAGE CORPORATION,51,9,24,0.21,51,0,0,0,0,9,0,0,0,0,national
2025,WA,53077,Yakima,54930060G4MDPWHISD89,EVERGREEN MONEYSOURCE MORTGAGE COMPANY,25,8,2,0.19,23,2,0,0,0,8,0,0,0,0,national
2025,WA,53077,Yakima,549300J7I82PNDVU8H22,"OCMBC, INC.",16,8,1,0.19,14,2,0,0,0,6,2,0,0,0,national
2025,WA,53077,Yakima,549300MGPZBLQDIL7538,FAIRWAY INDEPENDENT MORTGAGE CORPORATION,12,8,0,0.19,9,2,1,0,0,6,1,1,0,0,national
2025,WA,53077,Yakima,549300MZ8VZJOVC63092,"KIND LENDING, LLC",10,8,1,0.19,5,5,0,0,0,3,5,0,0,0,national
2025,WA,53077,Yakima,549300NOCASXPA34X033,"LAKEVIEW LOAN SERVICING, LLC",50,8,33,0.19,29,17,4,0,0,5,1,2,0,0,national
2025,WA,53077,Yakima,549300SK2GVCQXPD4S58,"SUN WEST MORTGAGE COMPANY, INC.",14,8,2,0.19,0,7,7,0,0,0,2,6,0,0,national
2025,WA,53077,Yakima,549300U3721PJGQZYY68,"GUARANTEED RATE, INC.",14,8,1,0.19,7,6,1,0,0,4,4,0,0,0,national
2025,WA,53077,Yakima,984500U2F9A83N391A91,"CHAMPIONS FUNDING, LLC",12,8,2,0.19,12,0,0,0,0,8,0,0,0,0,national
2025,WA,53077,Yakima,25490066WMF8ZMQXQB18,"Lendage, LLC",11,7,4,0.17,11,0,0,0,0,7,0,0,0,0,national
2025,WA,53077,Yakima,5493001WHVQBGRSWEU75,"HOMEBRIDGE FINANCIAL SERVICES, INC.",13,7,3,0.17,10,0,3,0,0,5,0,2,0,0,national
2025,WA,53077,Yakima,54930021WPEXNHYZUL09,"PLANET HOME LENDING, LLC",9,7,2,0.17,2,3,4,0,0,0,3,4,0,0,national
2025,WA,53077,Yakima,54930054ET8KM4O1D485,"SOFI BANK, NATIONAL ASSOCIATION",24,7,0,0.17,24,0,0,0,0,7,0,0,0,0,national
2025,WA,53077,Yakima,549300R77W0P105C3S50,HOMEXPRESS MORTGAGE CORP.,17,7,10,0.17,16,1,0,0,0,7,0,0,0,0,national
2025,WA,53077,Yakima,549300ZWNETGFXTBBY03,"CANOPY MORTGAGE, LLC",10,7,0,0.17,6,4,0,0,0,5,2,0,0,0,national
2025,WA,53077,Yakima,C5654JQHZUHN0772B561,USAA Federal Savings Bank,14,7,3,0.17,7,0,7,0,0,1,0,6,0,0,national
2025,WA,53077,Yakima,5493009HUMWCHFRDKF12,SAMMAMISH MORTGAGE COMPANY,8,6,1,0.14,6,0,2,0,0,4,0,2,0,0,national
2025,WA,53077,Yakima,549300K4ZLGS7SRDTL86,Equity Prime Mortgage LLC,12,6,1,0.14,0,9,3,0,0,0,5,1,0,0,national
2025,WA,53077,Yakima,549300KDR80I1ELW8D36,,10,6,1,0.14,10,0,0,0,0,6,0,0,0,0,national
2025,WA,53077,Yakima,549300QKL5FUBZ8LSF50,"NATIONS DIRECT MORTGAGE, LLC",7,6,0,0.14,4,1,2,0,0,4,0,2,0,0,national
2025,WA,53077,Yakima,549300RN01LBYR8ZVX74,"LOWER, LLC",15,6,3,0.14,4,7,4,0,0,0,4,2,0,0,national
2025,WA,53077,Yakima,549300S5YL3OH0IVCS62,FINANCE OF AMERICA REVERSE LLC,7,6,0,0.14,0,7,0,0,0,0,6,0,0,0,national
2025,WA,53077,Yakima,254900TG14TB8RKS3U42,,5,5,0,0.12,3,1,1,0,0,3,1,1,0,0,national
2025,WA,53077,Yakima,5493008CPTDVOS570626,"Primary Residential Mortgage, Inc.",11,5,5,0.12,11,0,0,0,0,5,0,0,0,0,national
2025,WA,53077,Yakima,549300GS0W0TEUQS8571,"Morgan Stanley Private Bank, National Association",5,5,0,0.12,5,0,0,0,0,5,0,0,0,0,national
2025,WA,53077,Yakima,549300Q3ROEQU3D1IW91,,31,5,20,0.12,31,0,0,0,0,5,0,0,0,0,national
2025,WA,53077,Yakima,AD6GFRVSDT01YPT1CS68,"PNC Bank, National Association",8,5,2,0.12,8,0,0,0,0,5,0,0,0,0,national
2025,WA,53077,Yakima,2549009AOX259OY87H37,,6,4,0,0.09,6,0,0,0,0,4,0,0,0,0,national
2025,WA,53077,Yakima,254900HA4DQWAE0W3342,"AMERIHOME MORTGAGE COMPANY, LLC",9,4,1,0.09,1,8,0,0,0,1,3,0,0,0,national
2025,WA,53077,Yakima,254900QPRPHIXEAX3L37,,7,4,2,0.09,7,0,0,0,0,4,0,0,0,0,national
2025,WA,53077,Yakima,254900TTZ395IC926125,,6,4,1,0.09,3,2,1,0,0,2,1,1,0,0,national
2025,WA,53077,Yakima,254900WEP08K7U7S3A80,,5,4,0,0.09,3,2,0,0,0,3,1,0,0,0,national
2025,WA,53077,Yakima,5493002TJKC8NLH1ZP82,,6,4,0,0.09,2,3,1,0,0,1,2,1,0,0,national
2025,WA,53077,Yakima,54930049L5WINET09Q97,"CLICK N' CLOSE, INC.",7,4,0,0.09,0,6,1,0,0,0,4,0,0,0,national
2025,WA,53077,Yakima,54930091JQKCU3Z6IP44,,15,4,2,0.09,15,0,0,0,0,4,0,0,0,0,national
2025,WA,53077,Yakima,549300PL267CW8182203,,10,4,3,0.09,0,5,5,0,0,0,2,2,0,0,national
2025,WA,53077,Yakima,549300VORTI31GZTJL53,"CARDINAL FINANCIAL COMPANY, LIMITED PARTNERSHIP",5,4,0,0.09,3,2,0,0,0,2,2,0,0,0,national
2025,WA,53077,Yakima,PAOOWF3GUFM46FBSP561,,22,4,2,0.09,8,10,4,0,0,0,3,1,0,0,national
2025,WA,53077,Yakima,SS1TRMSN6BRNMOREEV51,"Flagstar Bank, National Association",14,4,9,0.09,10,4,0,0,0,3,1,0,0,0,national
2025,WA,53077,Yakima,254900CTT87ZKAUTIJ37,,3,3,0,0.07,3,0,0,0,0,3,0,0,0,0,national
2025,WA,53077,Yakima,254900E6AIE4Z8YQM970,Citadel Servicing Corporation,7,3,1,0.07,7,0,0,0,0,3,0,0,0,0,national
2025,WA,53077,Yakima,5493000NYUJT9UC6G261,LEADERONE FINANCIAL CORPORATION,3,3,0,0.07,3,0,0,0,0,3,0,0,0,0,national
2025,WA,53077,Yakima,5493001GDRY0EL7VG372,"ARK-LA-TEX FINANCIAL SERVICES, LLC.",4,3,0,0.07,3,1,0,0,0,2,1,0,0,0,national
2025,WA,53077,Yakima,54930028J11BWKUVGX50,,5,3,2,0.07,5,0,0,0,0,3,0,0,0,0,national
2025,WA,53077,Yakima,5493002Y5XYV7DV1ZV88,"GOLD STAR MORTGAGE FINANCIAL GROUP, CORPORATION",3,3,0,0.07,1,2,0,0,0,1,2,0,0,0,national
2025,WA,53077,Yakima,5493008ZTV4S0W9DCX64,,4,3,1,0.07,3,1,0,0,0,2,1,0,0,0,national
2025,WA,53077,Yakima,549300EKFFG3BU8DNX74,NEXERA HOLDING LLC,5,3,0,0.07,5,0,0,0,0,3,0,0,0,0,national
2025,WA,53077,Yakima,549300KJ8PAJ7E52HG32,Plains Commerce Bank,3,3,0,0.07,0,2,1,0,0,0,2,1,0,0,national
2025,WA,53077,Yakima,549300W45D2J6BT4LX65,,3,3,0,0.07,3,0,0,0,0,3,0,0,0,0,national
2025,WA,53077,Yakima,549300XCVBRR56D08F03,,13,3,0,0.07,11,2,0,0,0,3,0,0,0,0,national
2025,WA,53077,Yakima,549300XW2H531FLD3I90,,4,3,1,0.07,4,0,0,0,0,3,0,0,0,0,national
2025,WA,53077,Yakima,549300XY701IELCE5Q08,BETTER MORTGAGE CORPORATION,10,3,3,0.07,10,0,0,0,0,3,0,0,0,0,national
2025,WA,53077,Yakima,549300ZBXINP1Y94CN02,,5,3,0,0.07,4,1,0,0,0,3,0,0,0,0,national
2025,WA,53077,Yakima,213800XR2TCBQJSF1X93,,5,2,2,0.05,5,0,0,0,0,2,0,0,0,0,national
2025,WA,53077,Yakima,2549008TT6UNYR7AXF54,"Sunflower Bank, National Association",2,2,0,0.05,2,0,0,0,0,2,0,0,0,0,national
2025,WA,53077,Yakima,254900O28OG3UMHXQY81,,2,2,0,0.05,1,1,0,0,0,1,1,0,0,0,national
2025,WA,53077,Yakima,254900WTZC5SSKIN2M11,,6,2,1,0.05,6,0,0,0,0,2,0,0,0,0,national
2025,WA,53077,Yakima,54930007KK7ZS3IJVC25,RED CANOE CREDIT UNION,3,2,1,0.05,3,0,0,0,0,2,0,0,0,0,national
2025,WA,53077,Yakima,5493000YNV8IX4VD3X12,"VANDERBILT MORTGAGE AND FINANCE, INC.",67,2,20,0.05,67,0,0,0,0,2,0,0,0,0,national
2025,WA,53077,Yakima,5493001XKL0FTNOJ0866,,2,2,0,0.05,2,0,0,0,0,2,0,0,0,0,national
2025,WA,53077,Yakima,54930021QRU8VXNS6152,Sound Credit Union,3,2,1,0.05,3,0,0,0,0,2,0,0,0,0,national
2025,WA,53077,Yakima,5493002B2WMHY23GFK92,"AMERICAN FINANCIAL RESOURCES, INC.",2,2,0,0.05,0,2,0,0,0,0,2,0,0,0,national
2025,WA,53077,Yakima,5493002GI63WHHUTUD85,"KEYSTONE FUNDING, INC.",2,2,0,0.05,2,0,0,0,0,2,0,0,0,0,national
2025,WA,53077,Yakima,54930030Z1JWTP3SVD16,,2,2,0,0.05,1,1,0,0,0,1,1,0,0,0,national
2025,WA,53077,Yakima,549300323EON4W3CCM44,"RESICENTRAL, LLC",2,2,0,0.05,2,0,0,0,0,2,0,0,0,0,national
2025,WA,53077,Yakima,549300370QILXLFUWD20,"ZILLOW HOME LOANS, LLC",3,2,0,0.05,2,1,0,0,0,2,0,0,0,0,national
2025,WA,53077,Yakima,5493003Q3L1PO9NBVK64,WHATCOM EDUCATIONAL CREDIT UNION,4,2,1,0.05,4,0,0,0,0,2,0,0,0,0,national
2025,WA,53077,Yakima,54930043BMDE130FJ617,"PROVIDENT FUNDING ASSOCIATES, L.P.",6,2,1,0.05,6,0,0,0,0,2,0,0,0,0,national
2025,WA,53077,Yakima,54930052M48FOD3CWA54,"PRIMARY RESIDENTIAL MORTGAGE, INC.",2,2,0,0.05,1,1,0,0,0,1,1,0,0,0,national
2025,WA,53077,Yakima,549300BLL6VL7AXWYP56,CHURCHILL MORTGAGE CORPORATION,4,2,0,0.05,3,1,0,0,0,2,0,0,0,0,national
2025,WA,53077,Yakima,549300CLRXFVF83ZL806,"NATIONWIDE MORTGAGE BANKERS, INC.",2,2,0,0.05,2,0,0,0,0,2,0,0,0,0,national
2025,WA,53077,Yakima,549300KSOOZZVXCMA627,ANGEL OAK MORTGAGE SOLUTIONS LLC,7,2,3,0.05,7,0,0,0,0,2,0,0,0,0,national
2025,WA,53077,Yakima,549300P2GEYNMH5OQA71,WASHINGTON TRUST BANK,2,2,0,0.05,2,0,0,0,0,2,0,0,0,0,national
2025,WA,53077,Yakima,549300PBTV7FCWLSMM53,"MORTGAGE SOLUTIONS OF COLORADO, LLC",5,2,1,0.05,2,1,2,0,0,1,0,1,0,0,national
2025,WA,53077,Yakima,549300PQLK8E48ILXV41,,2,2,0,0.05,2,0,0,0,0,2,0,0,0,0,national
2025,WA,53077,Yakima,549300Q50XCC0473FG63,,4,2,2,0.05,4,0,0,0,0,2,0,0,0,0,national
2025,WA,53077,Yakima,549300Q6YL1SFVPEGV90,,8,2,2,0.05,0,8,0,0,0,0,2,0,0,0,national
2025,WA,53077,Yakima,549300SUCQ1358EGVE89,"NEW DAY FINANCIAL, LLC",26,2,7,0.05,0,1,25,0,0,0,0,2,0,0,national
2025,WA,53077,Yakima,549300TA4MQM8WN2XG31,,5,2,0,0.05,5,0,0,0,0,2,0,0,0,0,national
2025,WA,53077,Yakima,549300UBGGLZLZEY0M18,Peak Credit Union,3,2,1,0.05,3,0,0,0,0,2,0,0,0,0,national
2025,WA,53077,Yakima,549300UG7QXKM7KGV847,,2,2,0,0.05,2,0,0,0,0,2,0,0,0,0,national
2025,WA,53077,Yakima,549300UT4EN6IH579Q63,"RIGHT START MORTGAGE, INC.",4,2,0,0.05,3,1,0,0,0,1,1,0,0,0,national
2025,WA,53077,Yakima,549300VCMRO4ST680C11,VILLAGE CAPITAL & INVESTMENT LLC,11,2,4,0.05,0,5,6,0,0,0,1,1,0,0,national
2025,WA,53077,Yakima,549300VZDEK4QLTWSL15,,2,2,0,0.05,2,0,0,0,0,2,0,0,0,0,national
2025,WA,53077,Yakima,549300W1HU6IVVIEJ389,"RANLIFE, INC.",2,2,0,0.05,2,0,0,0,0,2,0,0,0,0,national
2025,WA,53077,Yakima,549300Y5Y88FQLI7VE83,DEEPHAVEN MORTGAGE LLC,4,2,2,0.05,4,0,0,0,0,2,0,0,0,0,national
2025,WA,53077,Yakima,549300YEI60WAHWQ3110,KITSAP Credit Union,4,2,1,0.05,4,0,0,0,0,2,0,0,0,0,national
2025,WA,53077,Yakima,WWB2V0FCW3A0EE3ZJN75,Manufacturers and Traders Trust Company,2,2,0,0.05,2,0,0,0,0,2,0,0,0,0,national
2025,WA,53077,Yakima,X05BVSK68TQ7YTOSNR22,Discover Bank,32,2,20,0.05,32,0,0,0,0,2,0,0,0,0,national
2025,WA,53077,Yakima,01KWVG908KE7RKPTNP46,HomeStreet Bank,3,1,2,0.02,2,0,1,0,0,0,0,1,0,0,national
2025,WA,53077,Yakima,2549001IK7UDPADKAG34,,1,1,0,0.02,1,0,0,0,0,1,0,0,0,0,national
2025,WA,53077,Yakima,2549005SIVTHG14U2905,A&D Mortgage LLC,1,1,0,0.02,1,0,0,0,0,1,0,0,0,0,national
2025,WA,53077,Yakima,254900BMXWPEHXG4LF21,,1,1,0,0.02,1,0,0,0,0,1,0,0,0,0,national
2025,WA,53077,Yakima,254900DRSIZBQXDCJ875,,1,1,0,0.02,1,0,0,0,0,1,0,0,0,0,national
2025,WA,53077,Yakima,254900HEJ9F73IMPX887,,2,1,0,0.02,2,0,0,0,0,1,0,0,0,0,national
2025,WA,53077,Yakima,254900HO9WPE4LTLQU96,,1,1,0,0.02,0,1,0,0,0,0,1,0,0,0,national
2025,WA,53077,Yakima,254900IEGKUDRDS23V26,,1,1,0,0.02,1,0,0,0,0,1,0,0,0,0,national
2025,WA,53077,Yakima,254900N133DZGPB2X985,,1,1,0,0.02,1,0,0,0,0,1,0,0,0,0,national
2025,WA,53077,Yakima,254900NZOY3XB2DNSZ34,,1,1,0,0.02,1,0,0,0,0,1,0,0,0,0,national
2025,WA,53077,Yakima,254900VE4XTOQUE8NZ77,,2,1,1,0.02,2,0,0,0,0,1,0,0,0,0,national
2025,WA,53077,Yakima,254900WT4HAMDFWH3048,,2,1,0,0.02,0,2,0,0,0,0,1,0,0,0,national
2025,WA,53077,Yakima,54930001NSTOD85LT125,"GUARANTEED RATE AFFINITY, LLC",2,1,0,0.02,2,0,0,0,0,1,0,0,0,0,national
2025,WA,53077,Yakima,5493000349C5XXDRQX28,,1,1,0,0.02,1,0,0,0,0,1,0,0,0,0,national
2025,WA,53077,Yakima,5493000D6RXLNBZQYA47,COLUMBIA COMMUNITY CREDIT UNION,1,1,0,0.02,1,0,0,0,0,1,0,0,0,0,national
2025,WA,53077,Yakima,5493001SDQVS1NWYH012,,1,1,0,0.02,1,0,0,0,0,1,0,0,0,0,national
2025,WA,53077,Yakima,54930021DZJ9CEN11D61,,1,1,0,0.02,0,1,0,0,0,0,1,0,0,0,national
2025,WA,53077,Yakima,5493004AS1SPBQOFDR49,"Change Lending, LLC",3,1,0,0.02,3,0,0,0,0,1,0,0,0,0,national
2025,WA,53077,Yakima,5493005PD34O8ZT7QT17,,1,1,0,0.02,1,0,0,0,0,1,0,0,0,0,national
2025,WA,53077,Yakima,5493005PKOSG7MYX0B34,"Prosperity Home Mortgage, LLC",1,1,0,0.02,0,0,1,0,0,0,0,1,0,0,national
2025,WA,53077,Yakima,5493006KXUHSYFT7SD10,,1,1,0,0.02,0,1,0,0,0,0,1,0,0,0,national
2025,WA,53077,Yakima,5493006RIR31ORKYB608,,3,1,1,0.02,0,3,0,0,0,0,1,0,0,0,national
2025,WA,53077,Yakima,549300715JT4HMT74E48,,4,1,3,0.02,4,0,0,0,0,1,0,0,0,0,national
2025,WA,53077,Yakima,54930083D8Q8RK84Y448,,1,1,0,0.02,1,0,0,0,0,1,0,0,0,0,national
2025,WA,53077,Yakima,549300ALNLUNS3Y53T24,AMERICAN FINANCING CORPORATION,14,1,8,0.02,6,8,0,0,0,1,0,0,0,0,national
2025,WA,53077,Yakima,549300AV8QD552DSI743,,1,1,0,0.02,1,0,0,0,0,1,0,0,0,0,national
2025,WA,53077,Yakima,549300DCGBXW5FJMV921,,1,1,0,0.02,0,1,0,0,0,0,1,0,0,0,national
2025,WA,53077,Yakima,549300DK7QID2ZON6Q55,Global Federal Credit Union,1,1,0,0.02,1,0,0,0,0,1,0,0,0,0,national
2025,WA,53077,Yakima,549300DT7WZ1SOTNFJ62,,1,1,0,0.02,1,0,0,0,0,1,0,0,0,0,national
2025,WA,53077,Yakima,549300EFCZM6KD6B8K69,MORTGAGE ACCESS CORP.,1,1,0,0.02,1,0,0,0,0,1,0,0,0,0,national
2025,WA,53077,Yakima,549300FX7K8PTEQUU487,PENTAGON FEDERAL CREDIT UNION,1,1,0,0.02,1,0,0,0,0,1,0,0,0,0,national
2025,WA,53077,Yakima,549300G4ESSS6M0MEG51,ORIGINPOINT LLC,1,1,0,0.02,1,0,0,0,0,1,0,0,0,0,national
2025,WA,53077,Yakima,549300GS6ONO04ORI292,,1,1,0,0.02,0,1,0,0,0,0,1,0,0,0,national
2025,WA,53077,Yakima,549300HIVO8XPBPNVG69,NOVA FINANCIAL & INVESTMENT CORPORATION,1,1,0,0.02,0,1,0,0,0,0,1,0,0,0,national
2025,WA,53077,Yakima,549300I1HK1BBZLKOB84,,1,1,0,0.02,1,0,0,0,0,1,0,0,0,0,national
2025,WA,53077,Yakima,549300IFOE4SCP384147,University Bank,1,1,0,0.02,1,0,0,0,0,1,0,0,0,0,national
2025,WA,53077,Yakima,549300IJO7NO6VDZPD35,"THE MORTGAGE LINK, INC.",2,1,0,0.02,1,1,0,0,0,0,1,0,0,0,national
2025,WA,53077,Yakima,549300INFJ8TYNZ1G568,,1,1,0,0.02,1,0,0,0,0,1,0,0,0,0,national
2025,WA,53077,Yakima,549300INKSPQCTELMO58,Granite Bank,1,1,0,0.02,1,0,0,0,0,1,0,0,0,0,national
2025,WA,53077,Yakima,549300JGMQJ4R419LR70,,1,1,0,0.02,1,0,0,0,0,1,0,0,0,0,national
2025,WA,53077,Yakima,549300JYXTZDSPJEPI44,"PLAZA HOME MORTGAGE, INC.",1,1,0,0.02,0,1,0,0,0,0,1,0,0,0,national
2025,WA,53077,Yakima,549300KHXD7JSQUZIJ22,"HIGHLANDS RESIDENTIAL MORTGAGE, LTD.",1,1,0,0.02,0,1,0,0,0,0,1,0,0,0,national
2025,WA,53077,Yakima,549300KTR1JGH3K6LU06,FOURLEAF,4,1,3,0.02,4,0,0,0,0,1,0,0,0,0,national
2025,WA,53077,Yakima,549300KUIZTYQRC0R888,,1,1,0,0.02,1,0,0,0,0,1,0,0,0,0,national
2025,WA,53077,Yakima,549300LZUXCJFE5ONM48,,2,1,1,0.02,0,2,0,0,0,0,1,0,0,0,national
2025,WA,53077,Yakima,549300MCIFZSDHUT8X63,"NFM, INC.",1,1,0,0.02,0,1,0,0,0,0,1,0,0,0,national
2025,WA,53077,Yakima,549300NFPC3Y4W3Y7R87,,2,1,0,0.02,1,1,0,0,0,0,1,0,0,0,national
2025,WA,53077,Yakima,549300O2EZG72LO2FX38,,1,1,0,0.02,1,0,0,0,0,1,0,0,0,0,national
2025,WA,53077,Yakima,549300O6Z0I6KYMESL47,AMWEST FUNDING CORP.,2,1,0,0.02,2,0,0,0,0,1,0,0,0,0,national
2025,WA,53077,Yakima,549300OR2C7AGDZFTS24,,1,1,0,0.02,1,0,0,0,0,1,0,0,0,0,national
2025,WA,53077,Yakima,549300PC4MFWQBNVKG88,"V.I.P. MORTGAGE, INC.",1,1,0,0.02,1,0,0,0,0,1,0,0,0,0,national
2025,WA,53077,Yakima,549300PL8ER6H23P0Z91,BAY EQUITY LLC,1,1,0,0.02,1,0,0,0,0,1,0,0,0,0,national
2025,WA,53077,Yakima,549300Q02LGIN9AXKP98,FIRST TECHNOLOGY FEDERAL CREDIT UNION,2,1,1,0.02,2,0,0,0,0,1,0,0,0,0,national
2025,WA,53077,Yakima,549300QWJ0FR6RCHNK90,,1,1,0,0.02,1,0,0,0,0,1,0,0,0,0,national
2025,WA,53077,Yakima,549300RA3E0BUFO7YZ21,"Hometown Equity Mortgage, LLC",3,1,2,0.02,3,0,0,0,0,1,0,0,0,0,national
2025,WA,53077,Yakima,549300SCFWZXMDMZPE93,"RESIDENTIAL MORTGAGE, LLC",1,1,0,0.02,1,0,0,0,0,1,0,0,0,0,national
2025,WA,53077,Yakima,549300TF1E42EUFBSL45,,2,1,1,0.02,1,1,0,0,0,1,0,0,0,0,national
2025,WA,53077,Yakima,549300UR5AOWTJJ7KZ64,,1,1,0,0.02,1,0,0,0,0,1,0,0,0,0,national
2025,WA,53077,Yakima,549300UXY7OP0IC38293,Northpointe Bank,1,1,0,0.02,1,0,0,0,0,1,0,0,0,0,national
2025,WA,53077,Yakima,549300V8CF81JGIV7038,,1,1,0,0.02,0,1,0,0,0,0,1,0,0,0,national
2025,WA,53077,Yakima,549300WJIJV987NXVC31,,1,1,0,0.02,1,0,0,0,0,1,0,0,0,0,national
2025,WA,53077,Yakima,549300ZIXM1VUXPG4D03,,1,1,0,0.02,1,0,0,0,0,1,0,0,0,0,national
2025,WA,53077,Yakima,98450087981AP406JG03,CONVENTUS LLC,1,1,0,0.02,1,0,0,0,0,1,0,0,0,0,national
2025,WA,53077,Yakima,984500CD6F0743B8F530,,1,1,0,0.02,0,1,0,0,0,0,1,0,0,0,national
2025,WA,53077,Yakima,C398JSK21YCXWM603F55,"Barrington Bank & Trust Company, National Association",3,1,2,0.02,2,0,1,0,0,1,0,0,0,0,national
2025,WA,53077,Yakima,E57ODZWZ7FF32TWEFA76,"Citibank, National Association",5,1,0,0.02,5,0,0,0,0,1,0,0,0,0,national
2025,WA,53077,Yakima,L9VVX1KT5TFTKS0MLF66,First-Citizens Bank & Trust Company,1,1,0,0.02,1,0,0,0,0,1,0,0,0,0,national
2025,WA,53077,Yakima,Q708HHR4LD2B7XIZNO92,First Federal Bank,1,1,0,0.02,1,0,0,0,0,1,0,0,0,0,national
2025,WA,53077,Yakima,54930022CQGV47Q8PM03,,5,0,2,0.0,4,1,0,0,0,0,0,0,0,0,national
2025,WA,53077,Yakima,549300249G20MDIDRR27,,6,0,0,0.0,4,2,0,0,0,0,0,0,0,0,national
2025,WA,53077,Yakima,549300RM1IZYGQDSNL85,,5,0,0,0.0,0,1,4,0,0,0,0,0,0,0,national
